State, OV, Alc, H2, AC1, NH3, AC2, VOC, LP, Temp, Hud, AirFlow
A, 752190, 374886, 1125557, 1024309, 364088, 152608, 528076, 136616, 40.2, 46.3, 0.00
A, 738074, 371184, 1103160, 1006948, 360389, 150123, 523944, 133992, 40.2, 46.3, 0.56
A, 728450, 368339, 1087318, 995052, 358025, 148444, 521784, 132314, 40.2, 46.3, 0.76
A, 719204, 365693, 1070774, 982976, 356264, 146469, 520771, 130663, 40.0, 46.2, 0.86
A, 714432, 364275, 1061482, 976780, 355663, 145533, 520790, 129904, 40.0, 46.2, 0.89
A, 708638, 362756, 1048519, 968735, 355304, 143930, 521547, 128959, 39.9, 46.1, 0.95
A, 706473, 362005, 1042322, 965464, 355278, 143154, 522163, 128563, 39.9, 46.1, 0.96
A, 705259, 361524, 1036924, 963288, 355626, 142383, 523128, 128269, 39.9, 46.1, 0.97
A, 704516, 361067, 1031739, 961518, 356100, 141693, 524185, 128083, 39.9, 46.1, 0.98
A, 704304, 360890, 1027460, 960627, 356542, 141087, 525186, 127926, 39.9, 46.1, 0.99
A, 704920, 360888, 1024341, 960690, 357236, 140574, 526347, 127906, 39.8, 46.1, 0.99
A, 705894, 360994, 1021213, 960732, 357966, 140088, 527676, 127830, 39.8, 46.1, 1.00
A, 706949, 361115, 1018567, 961309, 358618, 139692, 528792, 127812, 39.7, 46.0, 1.00
A, 708318, 361404, 1016963, 962592, 359435, 139429, 529922, 127933, 39.7, 46.0, 1.00
A, 709918, 361626, 1014990, 963608, 360113, 139202, 531121, 127999, 39.7, 46.0, 1.00
A, 711567, 362007, 1013881, 965151, 360952, 139005, 532235, 128103, 39.7, 46.0, 1.00
A, 713393, 362460, 1012843, 966792, 361711, 138852, 533399, 128197, 39.7, 46.0, 1.00
A, 715976, 362976, 1012141, 968865, 362689, 138695, 534749, 128196, 39.7, 46.0, 1.00
A, 717763, 363474, 1011213, 970619, 363485, 138471, 535875, 128310, 39.6, 45.9, 1.00
A, 719687, 363985, 1010732, 972735, 364223, 138457, 537013, 128472, 39.6, 45.9, 1.01
A, 722974, 364718, 1012303, 976349, 365359, 138547, 538407, 128801, 39.6, 45.9, 0.99
A, 724755, 365471, 1011463, 977586, 366061, 138345, 539529, 128717, 39.6, 45.9, 1.00
A, 726248, 365988, 1009831, 979040, 366982, 138167, 540656, 128704, 39.6, 45.9, 0.98
A, 727486, 366515, 1008802, 980250, 367528, 138088, 541451, 128674, 39.6, 45.9, 1.00
A, 729683, 367222, 1008401, 982453, 368491, 138043, 542724, 128821, 39.5, 45.9, 0.99
A, 731091, 367658, 1008113, 984161, 369034, 137948, 543470, 128913, 39.5, 45.9, 1.01
A, 733161, 368411, 1008382, 986347, 369896, 138009, 544562, 129000, 39.5, 45.9, 1.00
A, 735086, 369071, 1008373, 988334, 370614, 138042, 545638, 129160, 39.5, 45.9, 1.00
A, 737055, 369910, 1008332, 990383, 371498, 137963, 546687, 129176, 39.5, 45.9, 1.01
A, 738804, 370621, 1008099, 992078, 372268, 137903, 547711, 129214, 39.5, 45.9, 1.01
A, 740315, 371327, 1007909, 993921, 372933, 137997, 548565, 129257, 39.5, 45.9, 1.00
A, 742300, 372063, 1008243, 995912, 373721, 137934, 549522, 129395, 39.4, 45.9, 1.01
A, 743861, 372771, 1008234, 997696, 374375, 137949, 550391, 129511, 39.4, 45.9, 1.00
A, 745616, 373616, 1008724, 999817, 375152, 138013, 551440, 129555, 39.4, 45.9, 1.01
A, 747245, 374407, 1008436, 1001134, 375881, 138036, 552314, 129559, 39.4, 45.9, 1.00
A, 748583, 375069, 1008296, 1002729, 376393, 137980, 553159, 129602, 39.4, 45.9, 0.99
A, 749927, 375763, 1008355, 1004515, 377118, 138018, 554008, 129716, 39.4, 45.9, 1.00
A, 751152, 376504, 1008298, 1006059, 377753, 138057, 554737, 129756, 39.4, 45.9, 1.00
A, 752702, 377174, 1008588, 1007461, 378377, 138076, 555518, 129759, 39.4, 45.9, 0.99
A, 753977, 377919, 1008713, 1009091, 378954, 138111, 556219, 129848, 39.4, 45.9, 1.00
A, 756293, 378842, 1010205, 1011919, 379798, 138220, 557347, 130087, 39.4, 45.9, 0.99
A, 756941, 379567, 1009166, 1012413, 380314, 138079, 557944, 129979, 39.4, 45.9, 1.00
A, 757914, 380081, 1009067, 1013681, 380826, 138195, 558588, 130048, 39.4, 45.9, 1.01
A, 758820, 380861, 1008562, 1014704, 381380, 138122, 559285, 129999, 39.4, 45.9, 1.01
A, 759780, 381416, 1008384, 1015474, 381777, 138107, 559897, 129948, 39.4, 45.9, 1.00
A, 760562, 382186, 1008031, 1016791, 382422, 138168, 560604, 129986, 39.3, 45.9, 0.99
A, 761261, 382610, 1007916, 1017813, 382718, 138147, 561082, 130059, 39.3, 45.9, 1.01
A, 762413, 383163, 1008118, 1019064, 383269, 138154, 561743, 130158, 39.3, 45.9, 1.00
A, 763395, 383844, 1008068, 1020199, 383783, 138178, 562377, 130142, 39.3, 45.9, 1.00
A, 764360, 384564, 1008035, 1021305, 384287, 138211, 562973, 130175, 39.3, 45.9, 1.00
A, 764809, 385026, 1007836, 1022131, 384628, 138197, 563433, 130142, 39.3, 46.0, 1.00
A, 766247, 385718, 1008374, 1023650, 385104, 138224, 564185, 130146, 39.3, 46.0, 1.00
A, 766911, 386262, 1008332, 1024636, 385579, 138186, 564755, 130297, 39.3, 46.0, 1.01
A, 767465, 386674, 1008018, 1025449, 385987, 138245, 565200, 130231, 39.3, 46.0, 1.00
A, 768316, 387329, 1008158, 1026542, 386414, 138306, 565781, 130322, 39.3, 46.0, 1.00
A, 769249, 387960, 1008169, 1027426, 386851, 138252, 566357, 130332, 39.3, 46.0, 1.01
A, 769600, 388370, 1007668, 1027895, 387234, 138238, 566834, 130278, 39.3, 46.0, 1.00
A, 770265, 388819, 1007707, 1029058, 387602, 138310, 567250, 130361, 39.3, 46.0, 1.00
A, 771258, 389418, 1007977, 1030096, 387999, 138208, 567797, 130423, 39.3, 46.0, 0.99
A, 772156, 389936, 1008724, 1031496, 388489, 138351, 568367, 130512, 39.3, 46.0, 1.00
A, 774230, 390665, 1010844, 1034097, 389104, 138636, 569151, 130765, 39.2, 46.0, 1.00
A, 774940, 391323, 1010621, 1034450, 389567, 138544, 569670, 130583, 39.2, 46.0, 1.00
A, 774812, 391738, 1009748, 1034584, 389780, 138520, 569938, 130589, 39.2, 46.0, 1.00
A, 775009, 392159, 1009409, 1035227, 390056, 138519, 570234, 130602, 39.2, 46.0, 1.00
A, 775099, 392622, 1008366, 1035109, 390276, 138348, 570675, 130503, 39.2, 46.0, 1.00
A, 775264, 392780, 1008122, 1035439, 390439, 138399, 570854, 130456, 39.2, 46.0, 1.01
A, 776005, 393480, 1008260, 1036592, 390997, 138405, 571493, 130550, 39.2, 46.1, 1.01
A, 776377, 393706, 1008322, 1037134, 391149, 138410, 571825, 130552, 39.2, 46.1, 1.00
A, 777271, 394146, 1008818, 1038244, 391520, 138537, 572174, 130631, 39.2, 46.1, 1.00
A, 777917, 394588, 1009168, 1039175, 391868, 138597, 572631, 130635, 39.2, 46.1, 0.99
A, 778223, 394966, 1008870, 1039665, 392172, 138626, 573016, 130699, 39.2, 46.1, 1.00
A, 779217, 395506, 1009765, 1040976, 392523, 138646, 573481, 130754, 39.2, 46.1, 1.00
A, 779936, 395943, 1010133, 1041758, 392907, 138664, 573878, 130746, 39.2, 46.1, 0.99
A, 780413, 396291, 1010103, 1042430, 393179, 138687, 574230, 130742, 39.2, 46.1, 1.00
A, 780471, 396708, 1009750, 1042766, 393395, 138643, 574489, 130843, 39.2, 46.1, 1.00
A, 781291, 397044, 1010278, 1043639, 393727, 138781, 574931, 130876, 39.2, 46.1, 1.01
A, 781603, 397410, 1010407, 1044329, 393941, 138818, 575241, 130871, 39.2, 46.1, 1.00
A, 782415, 397914, 1010901, 1045137, 394319, 138852, 575677, 130910, 39.2, 46.1, 1.00
A, 782620, 398224, 1010791, 1045507, 394558, 138891, 575927, 130828, 39.2, 46.1, 1.00
A, 783125, 398566, 1011097, 1046259, 394756, 138909, 576254, 130918, 39.2, 46.1, 0.99
A, 784552, 399105, 1012740, 1048315, 395251, 139088, 576767, 131175, 39.2, 46.1, 1.00
A, 784496, 399485, 1012291, 1048334, 395457, 139096, 577082, 131110, 39.2, 46.2, 1.01
A, 784366, 399717, 1011437, 1047824, 395616, 138999, 577244, 130930, 39.2, 46.2, 1.00
A, 784306, 399871, 1011085, 1048033, 395669, 139040, 577385, 130942, 39.2, 46.2, 1.00
A, 784470, 400119, 1011016, 1048582, 395951, 138993, 577700, 130980, 39.2, 46.2, 1.00
A, 784568, 400437, 1010646, 1048565, 396106, 138971, 577892, 130907, 39.2, 46.2, 1.01
A, 784721, 400560, 1010588, 1049010, 396224, 138972, 578124, 130952, 39.2, 46.2, 1.00
A, 785010, 400954, 1010295, 1049321, 396476, 138920, 578371, 130934, 39.1, 46.2, 1.00
A, 785077, 401063, 1010290, 1049381, 396589, 138975, 578573, 130850, 39.1, 46.2, 1.00
A, 785443, 401304, 1010629, 1050247, 396777, 138997, 578813, 130927, 39.1, 46.2, 1.00
A, 785797, 401527, 1010619, 1050637, 396968, 139029, 579089, 130930, 39.1, 46.2, 1.00
A, 785908, 401761, 1010413, 1050759, 397138, 138995, 579304, 130935, 39.1, 46.2, 1.00
A, 786385, 402010, 1010772, 1051478, 397457, 139106, 579596, 131007, 39.1, 46.2, 1.01
A, 786705, 402244, 1011022, 1051899, 397553, 139021, 579787, 130973, 39.1, 46.2, 1.00
A, 786604, 402488, 1010578, 1051931, 397699, 139050, 579978, 130956, 39.1, 46.2, 1.00
A, 786879, 402627, 1010685, 1052343, 397891, 139039, 580205, 130947, 39.1, 46.2, 1.01
A, 787400, 402924, 1011090, 1053060, 398118, 139121, 580449, 131005, 39.1, 46.2, 1.00
A, 787502, 403192, 1011076, 1053408, 398253, 139185, 580651, 131051, 39.1, 46.2, 1.01
A, 788000, 403379, 1011457, 1053948, 398484, 139250, 580961, 131091, 39.1, 46.2, 0.99
A, 788378, 403684, 1011670, 1054500, 398709, 139225, 581184, 131084, 39.1, 46.2, 1.00
A, 789481, 403906, 1013031, 1055870, 398959, 139324, 581579, 131222, 39.1, 46.3, 1.00
A, 789596, 404206, 1012883, 1056158, 399222, 139293, 581773, 131173, 39.1, 46.3, 1.00
A, 789460, 404409, 1012467, 1056014, 399283, 139328, 581955, 131192, 39.1, 46.3, 1.01
A, 789774, 404610, 1012557, 1056266, 399521, 139342, 582146, 131192, 39.1, 46.3, 1.00
A, 789585, 404704, 1012172, 1056255, 399580, 139345, 582220, 131106, 39.1, 46.3, 0.99
A, 789763, 404851, 1012384, 1056551, 399667, 139365, 582380, 131054, 39.1, 46.3, 1.00
A, 789049, 404882, 1011076, 1055961, 399667, 139265, 582406, 130991, 39.1, 46.3, 1.00
A, 789022, 404943, 1010956, 1056112, 399667, 139297, 582509, 131011, 39.1, 46.3, 1.00
A, 789172, 405190, 1010813, 1056236, 399855, 139202, 582649, 130953, 39.1, 46.3, 1.01
A, 789254, 405252, 1010758, 1056226, 399879, 139217, 582764, 130978, 39.1, 46.3, 0.99
A, 789383, 405314, 1010900, 1056822, 400072, 139293, 582923, 130998, 39.1, 46.3, 1.00
A, 789623, 405484, 1011084, 1057232, 400190, 139333, 583147, 130974, 39.1, 46.3, 1.01
A, 789599, 405556, 1010858, 1057271, 400248, 139276, 583285, 131038, 39.1, 46.3, 1.01
A, 790183, 405725, 1011380, 1057880, 400507, 139359, 583552, 131030, 39.1, 46.3, 0.99
A, 790503, 405895, 1011276, 1057946, 400634, 139272, 583695, 131015, 39.1, 46.3, 0.99
A, 790518, 406075, 1011288, 1057965, 400748, 139302, 583800, 131026, 39.1, 46.3, 0.99
A, 790328, 406102, 1010903, 1058316, 400776, 139311, 583869, 130995, 39.1, 46.3, 0.98
A, 790683, 406228, 1011271, 1058720, 400955, 139360, 584148, 131054, 39.1, 46.3, 1.01
A, 790704, 406390, 1010977, 1058719, 400966, 139343, 584224, 131033, 39.1, 46.3, 1.00
A, 791273, 406584, 1011722, 1059386, 401197, 139441, 584420, 131072, 39.1, 46.4, 1.00
A, 792817, 406928, 1013969, 1061519, 401598, 139555, 584949, 131355, 39.1, 46.4, 1.00
A, 792256, 407067, 1012961, 1060818, 401616, 139564, 584962, 131183, 39.1, 46.4, 0.99
A, 791938, 407031, 1012331, 1060566, 401586, 139470, 584933, 131116, 39.1, 46.4, 1.00
A, 791411, 407083, 1011459, 1060045, 401586, 139417, 584951, 131041, 39.1, 46.4, 1.00
A, 791268, 407086, 1011228, 1060004, 401604, 139383, 584977, 131038, 39.1, 46.4, 0.99
A, 791617, 407166, 1011322, 1059962, 401749, 139407, 585209, 131000, 39.1, 46.4, 1.00
A, 791526, 407182, 1011294, 1060390, 401773, 139376, 585191, 130986, 39.1, 46.4, 0.99
A, 791431, 407407, 1011099, 1060319, 401954, 139410, 585426, 131020, 39.1, 46.4, 0.99
A, 791489, 407362, 1010894, 1060332, 401897, 139343, 585392, 130984, 39.1, 46.4, 1.01
A, 791553, 407555, 1010806, 1060431, 402078, 139464, 585634, 130959, 39.1, 46.4, 0.99
A, 791538, 407449, 1010582, 1060436, 402061, 139369, 585650, 130951, 39.1, 46.4, 1.00
A, 791933, 407618, 1011062, 1061036, 402247, 139377, 585786, 130951, 39.1, 46.4, 1.01
A, 792110, 407777, 1011180, 1061144, 402333, 139384, 585986, 130953, 39.1, 46.4, 1.00
A, 792134, 407750, 1011156, 1061519, 402421, 139488, 586066, 131028, 39.1, 46.4, 1.00
A, 792561, 407985, 1011568, 1062172, 402512, 139497, 586248, 131023, 39.1, 46.4, 0.99
A, 792739, 408012, 1011594, 1062129, 402647, 139441, 586408, 131077, 39.1, 46.4, 1.01
A, 792623, 408074, 1011286, 1062026, 402733, 139468, 586395, 130983, 39.0, 46.5, 1.00
A, 792542, 408138, 1011251, 1062237, 402795, 139490, 586526, 131019, 39.0, 46.5, 1.00
A, 792866, 408233, 1011559, 1062630, 402901, 139424, 586734, 131044, 39.1, 46.4, 0.99
A, 793042, 408291, 1011708, 1062946, 403004, 139541, 586765, 131038, 39.1, 46.4, 1.00
A, 794725, 408702, 1014172, 1065169, 403386, 139807, 587255, 131342, 39.0, 46.5, 1.00
A, 794451, 408862, 1013213, 1064277, 403390, 139684, 587274, 131188, 39.0, 46.5, 1.00
A, 793629, 408714, 1012283, 1063565, 403305, 139572, 587106, 130941, 39.0, 46.5, 1.00
A, 793498, 408699, 1012030, 1063661, 403390, 139595, 587187, 131070, 39.0, 46.5, 0.99
A, 793672, 408802, 1012156, 1064040, 403389, 139635, 587321, 131095, 39.0, 46.5, 1.00
A, 793808, 408892, 1012205, 1064048, 403475, 139671, 587450, 131168, 39.0, 46.5, 1.01
A, 794049, 409014, 1012487, 1064311, 403608, 139649, 587506, 131097, 39.0, 46.5, 1.00
A, 793735, 408990, 1012182, 1064249, 403629, 139628, 587579, 131047, 39.0, 46.5, 1.00
A, 793646, 409062, 1011831, 1063926, 403763, 139634, 587641, 130978, 39.0, 46.5, 1.00
A, 793611, 409068, 1011847, 1064293, 403699, 139702, 587730, 131040, 39.0, 46.5, 1.01
A, 793276, 409114, 1011295, 1063803, 403806, 139579, 587774, 130989, 39.0, 46.5, 1.00
A, 793478, 409057, 1011135, 1063782, 403767, 139612, 587768, 130965, 39.0, 46.5, 0.99
A, 793714, 409105, 1011693, 1064459, 403851, 139608, 587954, 130963, 39.0, 46.5, 1.00
A, 793798, 409204, 1011828, 1064595, 403952, 139575, 588010, 130942, 39.0, 46.5, 1.00
A, 793687, 409225, 1011679, 1064682, 403955, 139688, 588055, 131042, 39.0, 46.5, 1.01
A, 794192, 409373, 1012139, 1065182, 404132, 139655, 588223, 131077, 39.0, 46.5, 1.01
A, 794316, 409399, 1012165, 1065119, 404191, 139638, 588322, 131038, 39.0, 46.5, 1.00
A, 794158, 409437, 1011868, 1065048, 404199, 139615, 588339, 130990, 39.0, 46.5, 1.00
A, 794204, 409434, 1011754, 1065083, 404213, 139631, 588389, 130950, 39.0, 46.5, 1.00
A, 794424, 409550, 1012236, 1065605, 404363, 139722, 588521, 131060, 39.0, 46.5, 1.00
A, 795311, 409747, 1013598, 1066954, 404606, 139884, 588753, 131227, 39.0, 46.5, 0.99
A, 795610, 410018, 1013814, 1067180, 404766, 139887, 588921, 131274, 39.0, 46.6, 1.00
A, 795591, 410054, 1013600, 1066909, 404719, 139847, 588973, 131160, 39.0, 46.6, 1.00
A, 795154, 410068, 1013186, 1066645, 404771, 139812, 589008, 131072, 39.0, 46.6, 1.00
A, 795148, 410062, 1013250, 1066852, 404767, 139854, 589066, 131169, 39.0, 46.6, 0.99
A, 795153, 410069, 1012993, 1066716, 404748, 139845, 589094, 131099, 39.0, 46.6, 1.00
A, 795306, 410079, 1013203, 1067008, 404851, 139843, 589108, 131137, 39.0, 46.6, 1.01
A, 795097, 410170, 1012758, 1066541, 404895, 139778, 589194, 131077, 39.0, 46.6, 0.99
A, 794994, 410120, 1012600, 1066456, 404833, 139799, 589182, 131003, 39.0, 46.6, 1.00
A, 794723, 410091, 1012334, 1066411, 404929, 139827, 589231, 130987, 39.0, 46.6, 1.00
A, 794719, 410097, 1012239, 1066482, 404868, 139740, 589223, 130989, 39.0, 46.6, 0.99
A, 795037, 410158, 1012578, 1066930, 405015, 139754, 589329, 131077, 39.0, 46.6, 0.99
A, 795134, 410215, 1012574, 1066999, 405071, 139858, 589400, 131095, 39.0, 46.6, 1.00
A, 795202, 410221, 1012852, 1067101, 405128, 139816, 589524, 131053, 39.0, 46.6, 1.00
A, 795027, 410270, 1012403, 1066727, 405077, 139785, 589472, 130991, 39.0, 46.6, 1.00
A, 794935, 410215, 1012319, 1066835, 405123, 139847, 589535, 130987, 39.0, 46.6, 1.00
A, 795248, 410259, 1012744, 1067236, 405175, 139861, 589676, 130961, 39.0, 46.6, 1.00
A, 795134, 410263, 1012582, 1067273, 405221, 139864, 589695, 131009, 39.0, 46.6, 0.99
A, 795395, 410422, 1012945, 1067698, 405353, 139906, 589790, 131095, 39.0, 46.7, 1.00
A, 795550, 410493, 1013247, 1067766, 405400, 139852, 589894, 131012, 39.0, 46.7, 1.01
A, 796855, 410626, 1015004, 1069427, 405666, 140015, 590192, 131219, 39.0, 46.7, 0.99
A, 796396, 410768, 1014375, 1069043, 405692, 139987, 590266, 131218, 39.0, 46.7, 1.01
A, 795824, 410629, 1013489, 1068264, 405537, 139820, 590065, 131074, 39.0, 46.7, 1.01
A, 795523, 410584, 1013166, 1068064, 405547, 139972, 590051, 131066, 39.0, 46.7, 1.00
A, 795216, 410564, 1012713, 1067730, 405519, 139896, 590034, 131034, 39.0, 46.7, 0.99
A, 795521, 410594, 1012862, 1067881, 405579, 139925, 590108, 131006, 39.0, 46.7, 0.99
A, 795476, 410583, 1012992, 1067829, 405537, 139881, 590135, 130907, 39.0, 46.7, 0.99
A, 795310, 410500, 1012786, 1068013, 405578, 139905, 590167, 131011, 39.0, 46.7, 1.00
A, 795415, 410689, 1012694, 1067935, 405717, 139825, 590279, 130995, 39.0, 46.7, 1.01
A, 795360, 410667, 1012453, 1067649, 405778, 139843, 590203, 130918, 39.0, 46.7, 1.00
A, 795143, 410574, 1012228, 1067577, 405723, 139821, 590268, 130893, 39.0, 46.7, 1.00
A, 794886, 410545, 1012077, 1067684, 405694, 139885, 590280, 130913, 39.0, 46.7, 0.99
A, 795390, 410577, 1012613, 1068032, 405759, 139899, 590336, 130943, 39.0, 46.7, 1.00
A, 795571, 410687, 1012861, 1068324, 405859, 139918, 590495, 130986, 39.0, 46.7, 1.00
A, 795578, 410782, 1012751, 1068203, 405923, 139944, 590553, 130933, 39.0, 46.7, 1.00
A, 795507, 410736, 1012629, 1068476, 405916, 139972, 590546, 131026, 39.0, 46.7, 1.00
A, 796002, 410823, 1013271, 1068874, 406004, 139965, 590672, 130989, 39.0, 46.7, 0.99
A, 795925, 410826, 1013128, 1068789, 406011, 139978, 590694, 130983, 39.0, 46.7, 0.99
A, 795938, 410834, 1013166, 1069121, 406072, 140013, 590776, 131040, 39.0, 46.7, 0.99
A, 796051, 410920, 1013267, 1069116, 406116, 139959, 590861, 131058, 39.0, 46.7, 1.00
A, 797704, 411203, 1015530, 1070978, 406446, 140196, 591212, 131224, 39.0, 46.7, 1.00
A, 796972, 411230, 1014293, 1069958, 406414, 140142, 591153, 131136, 39.0, 46.7, 1.00
A, 796379, 411187, 1013695, 1069482, 406349, 140059, 590994, 131017, 39.0, 46.7, 1.00
A, 796294, 411122, 1013673, 1069479, 406269, 140000, 590977, 130963, 39.0, 46.7, 1.00
A, 796480, 411140, 1013912, 1069785, 406349, 140097, 591084, 131057, 39.0, 46.7, 1.00
A, 796409, 411150, 1013864, 1069807, 406393, 140084, 591094, 131029, 39.0, 46.7, 1.01
A, 796616, 411164, 1013876, 1069630, 406388, 140088, 591129, 131051, 39.0, 46.7, 1.00
A, 796297, 411141, 1013507, 1069452, 406381, 140007, 591131, 130983, 39.0, 46.8, 1.00
A, 795918, 411078, 1013178, 1069378, 406336, 140050, 591099, 130978, 39.0, 46.8, 0.99
A, 796115, 411182, 1013153, 1069109, 406450, 140044, 591188, 130879, 39.0, 46.8, 1.00
A, 795994, 411069, 1013258, 1069408, 406395, 140054, 591168, 131009, 39.0, 46.8, 1.01
A, 795877, 411173, 1013053, 1069273, 406488, 140031, 591259, 130920, 39.0, 46.8, 1.00
A, 795923, 411031, 1012848, 1068998, 406480, 140007, 591228, 130917, 39.0, 46.8, 0.99
A, 796138, 411123, 1013378, 1069604, 406480, 140068, 591346, 130963, 39.0, 46.8, 1.00
A, 796190, 411125, 1013434, 1069796, 406534, 140122, 591364, 130953, 39.0, 46.8, 1.00
A, 796218, 411149, 1013456, 1069821, 406541, 140150, 591379, 130954, 39.0, 46.8, 1.00
A, 796751, 411268, 1013945, 1070231, 406707, 140043, 591519, 131070, 39.0, 46.8, 1.00
A, 796836, 411262, 1014185, 1070374, 406731, 140145, 591557, 131001, 39.0, 46.8, 1.00
A, 796475, 411268, 1013774, 1070123, 406612, 140057, 591537, 130928, 39.0, 46.8, 0.99
A, 796534, 411273, 1013608, 1070003, 406683, 140113, 591590, 130878, 39.0, 46.8, 1.00
A, 797307, 411464, 1014905, 1071105, 406907, 140252, 591772, 131074, 39.0, 46.8, 1.01
A, 796593, 411285, 1013904, 1070420, 406740, 140146, 591691, 131013, 39.0, 46.8, 1.01
A, 796447, 411352, 1013782, 1070350, 406740, 140119, 591655, 130978, 39.0, 46.8, 1.00
A, 796256, 411289, 1013365, 1069901, 406714, 140063, 591553, 130899, 39.0, 46.8, 1.00
A, 795842, 411141, 1011663, 1067873, 406565, 139901, 591480, 130700, 39.0, 46.8, 1.00
A, 795100, 411051, 1011810, 1068790, 406562, 139949, 591407, 130763, 39.0, 46.8, 1.00
A, 794387, 410858, 1010590, 1067746, 406334, 139768, 591230, 130639, 39.0, 46.8, 0.99
A, 794993, 410825, 1011229, 1068387, 406533, 139930, 591454, 130651, 39.0, 46.8, 0.99
A, 795167, 410850, 1011510, 1068590, 406503, 139881, 591539, 130759, 38.9, 46.8, 0.99
A, 795411, 410958, 1011794, 1069033, 406644, 139956, 591615, 130775, 38.9, 46.8, 1.01
A, 795705, 411044, 1012100, 1069368, 406817, 139952, 591701, 130768, 38.9, 46.8, 0.99
A, 795835, 410975, 1012304, 1069657, 406734, 140010, 591789, 130817, 38.9, 46.8, 1.00
A, 795947, 411190, 1012382, 1069443, 406954, 140010, 591851, 130748, 38.9, 46.8, 1.01
A, 795995, 411093, 1012361, 1069616, 406884, 140013, 591847, 130797, 38.9, 46.8, 0.99
A, 796349, 411079, 1012897, 1070272, 406962, 140064, 592001, 130852, 38.9, 46.8, 0.99
A, 796556, 411181, 1013087, 1070442, 407025, 140083, 592091, 130865, 38.9, 46.8, 0.99
A, 796731, 411214, 1013317, 1070614, 407106, 140119, 592090, 130857, 38.9, 46.8, 0.99
A, 797146, 411305, 1013933, 1071258, 407186, 140134, 592237, 130981, 38.9, 46.8, 1.00
A, 797126, 411362, 1013853, 1071059, 407222, 140124, 592277, 130930, 38.9, 46.8, 1.01
A, 797117, 411400, 1013727, 1070994, 407263, 140097, 592297, 130878, 38.9, 46.9, 1.00
A, 798448, 411599, 1015821, 1072988, 407445, 140348, 592599, 131137, 38.9, 46.9, 1.00
A, 798102, 411757, 1015446, 1072569, 407510, 140263, 592583, 131103, 38.9, 46.9, 0.99
A, 797286, 411662, 1014275, 1071579, 407363, 140192, 592467, 131017, 38.9, 46.9, 1.00
A, 797260, 411562, 1014149, 1071540, 407374, 140226, 592436, 130989, 38.9, 46.9, 1.00
A, 797382, 411545, 1014469, 1071686, 407342, 140207, 592433, 130894, 38.9, 46.9, 1.00
A, 797277, 411623, 1014383, 1071602, 407367, 140186, 592500, 130928, 38.9, 46.8, 1.00
A, 797513, 411618, 1014665, 1071817, 407485, 140275, 592536, 130936, 38.9, 46.8, 1.00
A, 797346, 411569, 1014517, 1071919, 407461, 140226, 592541, 130909, 38.9, 46.9, 1.01
A, 797258, 411598, 1014618, 1071945, 407476, 140293, 592628, 130932, 38.9, 46.9, 1.01
A, 797768, 411685, 1014788, 1071958, 407520, 140231, 592641, 130947, 38.9, 46.9, 1.00
A, 797499, 411719, 1014927, 1072135, 407492, 140214, 592637, 130889, 38.9, 46.9, 1.00
A, 797208, 411739, 1014525, 1071812, 407598, 140243, 592687, 130892, 38.9, 46.9, 1.01
A, 797013, 411673, 1014425, 1071801, 407467, 140242, 592642, 130917, 38.9, 46.9, 1.00
A, 797005, 411706, 1014293, 1071505, 407487, 140233, 592608, 130851, 38.9, 46.9, 0.99
A, 796909, 411519, 1014093, 1071346, 407433, 140145, 592589, 130799, 38.9, 46.9, 1.00
A, 797162, 411655, 1014348, 1071732, 407513, 140195, 592638, 130854, 38.9, 46.9, 0.99
A, 797054, 411648, 1014318, 1071520, 407480, 140169, 592637, 130843, 38.9, 46.9, 1.00
A, 796960, 411597, 1014379, 1071659, 407528, 140245, 592647, 130847, 38.9, 46.9, 1.00
A, 797301, 411656, 1014774, 1072044, 407610, 140328, 592777, 130902, 38.9, 46.9, 1.00
A, 797429, 411677, 1014865, 1071876, 407657, 140290, 592761, 130842, 38.9, 46.9, 1.01
A, 798634, 411940, 1016707, 1073550, 407863, 140450, 593087, 131128, 38.9, 46.9, 0.99
A, 798254, 412014, 1016183, 1073240, 407959, 140414, 592999, 130989, 38.9, 46.9, 1.01
A, 797920, 411917, 1015940, 1072960, 407806, 140338, 592928, 130968, 38.9, 46.9, 0.99
A, 798086, 411969, 1016219, 1073183, 407835, 140438, 593011, 131031, 38.9, 46.9, 1.01
A, 798068, 412007, 1016139, 1073088, 407906, 140410, 593042, 131022, 38.9, 46.9, 0.99
A, 798354, 412107, 1016344, 1073114, 407950, 140414, 593116, 131000, 38.9, 46.9, 1.01
A, 797901, 412040, 1015909, 1072610, 407904, 140360, 593028, 130934, 38.9, 46.9, 1.01
A, 797884, 412037, 1016099, 1072996, 407918, 140449, 593090, 131021, 38.9, 46.9, 1.00
A, 797731, 411987, 1015957, 1072835, 407867, 140407, 593010, 130941, 38.9, 46.9, 1.01
A, 797634, 412010, 1015758, 1072659, 407847, 140353, 593033, 130982, 38.9, 46.9, 1.00
A, 797836, 412006, 1015911, 1072653, 407904, 140419, 593080, 130919, 38.9, 47.0, 1.00
A, 797593, 412006, 1015864, 1072574, 407875, 140405, 593013, 130894, 38.9, 47.0, 0.99
A, 797289, 411937, 1015201, 1072070, 407874, 140336, 593018, 130852, 38.9, 46.9, 1.00
A, 797189, 411850, 1015315, 1072143, 407783, 140413, 592957, 130777, 38.9, 46.9, 0.99
A, 796916, 411802, 1015176, 1072222, 407816, 140342, 592970, 130922, 38.9, 46.9, 1.01
A, 797297, 411880, 1015512, 1072356, 407800, 140409, 593052, 130895, 38.9, 47.0, 1.00
A, 797502, 411883, 1015835, 1072562, 407857, 140409, 593007, 130901, 38.9, 47.0, 1.01
A, 797302, 411943, 1015502, 1072175, 407834, 140356, 592983, 130860, 38.9, 46.9, 1.00
A, 797129, 411842, 1015308, 1072220, 407776, 140370, 593009, 130852, 38.9, 46.9, 1.00
A, 797272, 411826, 1015648, 1072579, 407875, 140418, 593065, 130888, 38.9, 46.9, 1.01
A, 798676, 412107, 1017622, 1074052, 408122, 140555, 593337, 131122, 38.9, 46.9, 1.00
A, 798299, 412121, 1017034, 1073551, 408165, 140530, 593307, 131055, 38.9, 47.0, 1.00
A, 797632, 412000, 1016121, 1072679, 408009, 140405, 593169, 130898, 38.9, 47.0, 1.00
A, 797097, 411864, 1015469, 1072151, 407848, 140381, 593050, 130858, 38.9, 46.9, 1.01
A, 796833, 411769, 1015121, 1071931, 407806, 140397, 593011, 130779, 38.9, 46.9, 1.00
A, 796552, 411686, 1014799, 1071626, 407736, 140317, 592904, 130770, 38.9, 46.9, 1.01
A, 796634, 411701, 1014802, 1071478, 407738, 140262, 592929, 130769, 38.9, 46.9, 1.00
A, 796689, 411644, 1014796, 1071572, 407785, 140282, 592947, 130695, 38.9, 46.9, 1.01
A, 796898, 411686, 1015149, 1072059, 407809, 140340, 593075, 130788, 38.9, 46.9, 1.00
A, 796791, 411739, 1015118, 1072071, 407841, 140378, 593082, 130834, 38.9, 46.9, 1.00
A, 796957, 411711, 1015328, 1071994, 407843, 140334, 593104, 130774, 38.9, 46.9, 1.00
A, 797170, 411729, 1015495, 1072199, 408001, 140352, 593223, 130830, 38.9, 47.0, 1.00
A, 797092, 411733, 1015441, 1072128, 407963, 140327, 593149, 130799, 38.9, 47.0, 1.00
A, 796972, 411783, 1015217, 1072061, 407982, 140344, 593206, 130771, 38.9, 47.0, 1.01
A, 797004, 411656, 1015322, 1072225, 407957, 140354, 593157, 130761, 38.9, 47.0, 1.00
A, 797187, 411749, 1015732, 1072686, 408017, 140463, 593250, 130879, 38.9, 47.0, 1.00
A, 797404, 411829, 1016017, 1072794, 408035, 140455, 593314, 130910, 38.9, 47.0, 0.99
A, 797627, 411790, 1016278, 1072868, 408115, 140471, 593392, 130842, 38.9, 47.0, 1.00
A, 797474, 411794, 1015912, 1072550, 408047, 140454, 593331, 130805, 38.9, 47.0, 0.99
A, 797304, 411807, 1015805, 1072701, 408075, 140391, 593346, 130757, 38.9, 47.0, 0.99
A, 799011, 412024, 1018116, 1074686, 408417, 140657, 593666, 131078, 38.9, 47.0, 1.01
A, 798447, 412093, 1017542, 1074017, 408348, 140516, 593585, 131039, 38.9, 47.0, 1.01
A, 798058, 412083, 1017029, 1073501, 408312, 140567, 593549, 130891, 38.9, 47.0, 1.00
A, 797669, 411944, 1016405, 1072809, 408235, 140439, 593416, 130715, 38.9, 47.0, 1.00
A, 797534, 411848, 1016249, 1072765, 408113, 140504, 593368, 130825, 38.9, 47.0, 1.00
A, 797567, 411871, 1016439, 1073133, 408175, 140528, 593462, 130870, 38.9, 47.0, 1.00
A, 797519, 411859, 1016524, 1073112, 408123, 140488, 593450, 130809, 38.9, 47.0, 1.01
A, 797782, 411937, 1016857, 1073252, 408260, 140539, 593541, 130821, 38.9, 47.0, 0.99
A, 797841, 411964, 1016898, 1073433, 408258, 140552, 593529, 130905, 38.9, 47.0, 0.99
A, 797600, 411993, 1016758, 1073030, 408196, 140506, 593519, 130838, 38.9, 47.0, 1.00
A, 797472, 411892, 1016515, 1072910, 408204, 140402, 593506, 130756, 38.9, 47.0, 1.00
A, 797487, 411881, 1016501, 1072966, 408221, 140502, 593470, 130842, 38.9, 47.0, 1.00
A, 797337, 411839, 1016518, 1072991, 408252, 140608, 593484, 130849, 38.9, 47.0, 1.00
A, 797322, 411831, 1016361, 1072938, 408117, 140516, 593439, 130826, 38.9, 47.0, 0.99
A, 797395, 411934, 1016484, 1072895, 408241, 140477, 593546, 130766, 38.9, 47.0, 1.00
A, 797250, 411821, 1016314, 1072727, 408210, 140393, 593471, 130733, 38.9, 47.0, 1.00
A, 797458, 411878, 1016534, 1072977, 408241, 140463, 593520, 130841, 38.9, 47.0, 0.99
A, 797493, 411877, 1016685, 1072972, 408233, 140481, 593575, 130803, 38.9, 47.0, 0.99
A, 797457, 411869, 1016807, 1073153, 408237, 140508, 593550, 130821, 38.9, 47.0, 1.00
A, 797771, 411866, 1017296, 1073599, 408384, 140520, 593657, 130862, 38.9, 47.0, 1.00
A, 799503, 412259, 1019801, 1075452, 408641, 140754, 594036, 131111, 38.9, 47.0, 1.00
A, 798796, 412224, 1018793, 1074641, 408611, 140668, 593878, 130942, 38.9, 47.0, 1.00
A, 798578, 412215, 1018595, 1074546, 408543, 140677, 593889, 130982, 38.9, 47.0, 1.01
A, 798405, 412145, 1018369, 1074310, 408492, 140715, 593821, 130948, 38.9, 47.0, 1.01
A, 798504, 412247, 1018525, 1074183, 408565, 140682, 593791, 130875, 38.9, 47.0, 1.00
A, 798186, 412099, 1018008, 1073799, 408482, 140655, 593748, 130909, 38.9, 47.0, 1.00
A, 797995, 412123, 1017880, 1073741, 408431, 140560, 593725, 130812, 38.9, 47.0, 1.00
A, 797592, 411994, 1017301, 1073212, 408371, 140590, 593598, 130807, 38.9, 47.1, 1.00
A, 797480, 411936, 1017294, 1073322, 408371, 140608, 593677, 130879, 38.9, 47.1, 0.99
A, 797767, 412030, 1017829, 1073597, 408416, 140650, 593736, 130897, 38.9, 47.0, 1.00
A, 797800, 411957, 1017769, 1073291, 408414, 140601, 593678, 130782, 38.9, 47.0, 1.00
A, 797483, 411945, 1017479, 1073189, 408347, 140524, 593639, 130820, 38.9, 47.0, 1.01
A, 797309, 411916, 1017226, 1073219, 408345, 140602, 593622, 130830, 38.9, 47.0, 1.00
A, 797473, 411921, 1017249, 1072962, 408367, 140538, 593713, 130851, 38.9, 47.0, 1.01
A, 797185, 411847, 1017177, 1072877, 408329, 140562, 593631, 130816, 38.9, 47.0, 1.00
A, 797147, 411953, 1017135, 1072870, 408358, 140594, 593643, 130800, 38.9, 47.0, 1.01
A, 797057, 411787, 1016843, 1072671, 408258, 140488, 593582, 130707, 38.9, 47.0, 1.00
A, 797318, 411803, 1017290, 1073144, 408335, 140593, 593662, 130850, 38.9, 47.0, 0.99
A, 797402, 411854, 1017537, 1073265, 408380, 140556, 593681, 130833, 38.9, 47.0, 1.01
A, 797222, 411794, 1017319, 1073088, 408338, 140620, 593713, 130798, 38.9, 47.0, 1.00
A, 798967, 412156, 1019855, 1075257, 408655, 140850, 594068, 131122, 38.9, 47.0, 0.99
A, 797979, 412100, 1018442, 1073909, 408583, 140647, 593918, 130862, 38.9, 47.0, 1.00
A, 797349, 411835, 1017609, 1073219, 408419, 140612, 593705, 130727, 38.9, 47.0, 1.01
A, 797285, 411832, 1017216, 1072889, 408364, 140570, 593691, 130749, 38.9, 47.0, 0.99
A, 796903, 411779, 1016856, 1072449, 408312, 140537, 593633, 130692, 38.9, 47.0, 1.00
A, 797035, 411751, 1016947, 1072480, 408339, 140518, 593624, 130756, 38.9, 47.0, 1.00
A, 796872, 411711, 1016837, 1072411, 408287, 140527, 593703, 130747, 38.9, 47.0, 1.00
A, 797251, 411731, 1017372, 1072999, 408341, 140530, 593768, 130743, 38.9, 47.0, 1.00
A, 797154, 411716, 1017405, 1073032, 408340, 140569, 593768, 130739, 38.9, 47.0, 1.00
A, 797373, 411728, 1017687, 1073335, 408442, 140613, 593800, 130845, 38.9, 47.0, 0.99
A, 797323, 411857, 1017745, 1073374, 408418, 140625, 593826, 130794, 38.9, 47.0, 1.01
A, 797443, 411827, 1017696, 1073065, 408434, 140558, 593792, 130691, 38.9, 47.0, 1.00
A, 797082, 411714, 1017324, 1072806, 408402, 140579, 593785, 130743, 38.9, 47.0, 1.01
A, 797195, 411717, 1017306, 1072893, 408393, 140512, 593764, 130735, 38.9, 47.0, 1.00
A, 797229, 411730, 1017481, 1072957, 408428, 140541, 593823, 130770, 38.9, 47.0, 0.99
A, 797073, 411673, 1017432, 1073054, 408407, 140599, 593774, 130766, 38.9, 47.0, 1.00
A, 797141, 411698, 1017171, 1072726, 408485, 140599, 593821, 130727, 38.9, 47.0, 1.01
A, 797076, 411623, 1017325, 1072746, 408371, 140581, 593794, 130715, 38.9, 47.0, 1.01
A, 797295, 411673, 1017702, 1073265, 408426, 140584, 593849, 130728, 38.9, 47.0, 1.00
A, 797424, 411702, 1017700, 1073440, 408493, 140591, 593961, 130775, 38.9, 47.0, 1.00
M, 794954, 411477, 1013255, 1068562, 408162, 140098, 593306, 129942, 38.9, 47.0, 0.08
M, 785633, 409381, 1000235, 1057712, 405636, 138838, 590268, 128380, 38.9, 47.1, 0.53
M, 776843, 406707, 987264, 1046941, 402959, 137558, 587164, 126988, 38.9, 47.1, 0.73
M, 770396, 404478, 977373, 1038777, 401019, 136537, 585111, 126061, 38.9, 47.1, 0.82
M, 765938, 402802, 969906, 1032900, 399692, 135804, 583861, 125391, 38.9, 47.1, 0.88
M, 762041, 401281, 962996, 1027968, 398552, 134995, 582811, 124752, 39.0, 47.0, 0.95
M, 759676, 400199, 957663, 1024394, 397700, 134356, 582231, 124364, 39.0, 47.0, 0.96
M, 757785, 399155, 952765, 1021379, 397043, 133813, 581768, 123984, 39.0, 46.9, 0.97
M, 756921, 398344, 948937, 1019724, 396666, 133374, 581618, 123707, 39.0, 46.9, 0.98
M, 756257, 397643, 945445, 1018254, 396412, 132946, 581557, 123536, 39.0, 46.8, 0.99
M, 756257, 397004, 942979, 1017530, 396246, 132619, 581676, 123409, 39.0, 46.8, 0.99
M, 756385, 396512, 940808, 1017247, 396177, 132386, 581781, 123268, 39.0, 46.7, 0.98
M, 756900, 396033, 938750, 1017430, 396282, 132046, 582073, 123223, 39.0, 46.7, 1.00
M, 757191, 395558, 936739, 1017328, 396289, 131838, 582257, 123135, 39.0, 46.7, 0.99
M, 757889, 395208, 935722, 1018245, 396425, 131686, 582619, 123152, 39.0, 46.7, 1.00
M, 758894, 394900, 934559, 1019016, 396652, 131516, 583125, 123148, 39.0, 46.6, 1.01
M, 759712, 394665, 934011, 1020008, 396867, 131470, 583488, 123177, 39.0, 46.6, 0.99
M, 761148, 394465, 933256, 1021358, 397257, 131327, 584103, 123188, 39.0, 46.6, 1.01
M, 761943, 394284, 932897, 1022357, 397453, 131267, 584519, 123228, 39.0, 46.6, 1.00
M, 763233, 394167, 932856, 1023942, 397831, 131273, 585074, 123347, 39.0, 46.6, 1.00
M, 765921, 394240, 934699, 1027110, 398530, 131388, 585963, 123618, 39.0, 46.6, 1.01
M, 767019, 394339, 934518, 1028227, 398878, 131378, 586448, 123617, 39.0, 46.6, 1.00
M, 767975, 394238, 934326, 1029551, 399246, 131420, 586967, 123649, 39.0, 46.5, 1.00
M, 769176, 394266, 933992, 1030658, 399643, 131288, 587560, 123622, 39.0, 46.5, 0.99
M, 770049, 394278, 933974, 1031869, 399994, 131327, 587996, 123659, 39.0, 46.5, 1.01
M, 771120, 394308, 934202, 1033568, 400382, 131398, 588560, 123790, 39.0, 46.5, 1.01
M, 772091, 394428, 934114, 1034793, 400756, 131450, 589111, 123871, 39.0, 46.5, 0.99
M, 773054, 394509, 934141, 1035746, 401089, 131439, 589608, 123908, 39.0, 46.5, 1.00
M, 774361, 394646, 934725, 1037563, 401554, 131457, 590187, 123977, 39.0, 46.5, 1.00
M, 775454, 394830, 935004, 1039009, 402035, 131557, 590752, 124030, 39.0, 46.5, 1.01
M, 776316, 394975, 934993, 1040041, 402400, 131476, 591299, 124053, 39.0, 46.5, 1.00
M, 777135, 395116, 935354, 1041465, 402705, 131591, 591789, 124106, 39.0, 46.5, 1.00
M, 777776, 395201, 935322, 1042487, 403087, 131544, 592249, 124163, 39.0, 46.5, 1.01
M, 778713, 395435, 935476, 1043560, 403445, 131632, 592732, 124254, 39.0, 46.5, 1.01
M, 780135, 395722, 936161, 1044923, 403943, 131658, 593364, 124265, 39.0, 46.5, 0.99
M, 780643, 395830, 936192, 1046137, 404243, 131660, 593727, 124315, 39.0, 46.5, 1.01
M, 781513, 396162, 936085, 1046997, 404689, 131677, 594260, 124342, 39.0, 46.5, 1.00
M, 781877, 396277, 936342, 1047835, 404852, 131782, 594577, 124402, 39.0, 46.5, 1.01
M, 782726, 396607, 936213, 1049048, 405387, 131801, 595195, 124424, 39.0, 46.4, 1.01
M, 783172, 396594, 936392, 1049701, 405512, 131797, 595421, 124474, 39.0, 46.4, 1.00
M, 785418, 397065, 938834, 1052707, 406100, 132037, 596179, 124695, 39.0, 46.4, 1.00
M, 785306, 397383, 937914, 1052581, 406359, 131951, 596466, 124619, 39.0, 46.4, 1.00
M, 785505, 397387, 937487, 1053060, 406592, 131980, 596680, 124586, 39.0, 46.4, 1.00
M, 786010, 397609, 937643, 1053889, 406782, 132022, 597079, 124613, 39.0, 46.4, 1.00
M, 786437, 397788, 937420, 1054295, 407083, 131946, 597432, 124606, 39.0, 46.4, 1.00
M, 786992, 398016, 937662, 1055216, 407392, 131973, 597792, 124632, 39.0, 46.4, 1.00
M, 787712, 398258, 937875, 1056185, 407671, 132059, 598182, 124699, 39.0, 46.4, 1.00
M, 788425, 398428, 938386, 1057217, 408012, 132104, 598551, 124780, 39.0, 46.4, 1.01
M, 789240, 398687, 939112, 1058447, 408376, 132166, 598987, 124900, 39.0, 46.4, 1.00
M, 789750, 398992, 939331, 1059329, 408620, 132271, 599394, 124941, 39.0, 46.4, 1.01
M, 790904, 399302, 940070, 1060485, 409062, 132334, 599855, 124933, 39.0, 46.4, 1.01
M, 791199, 399574, 940343, 1061279, 409299, 132294, 600168, 125010, 39.0, 46.4, 1.00
M, 791507, 399716, 940217, 1061878, 409429, 132367, 600365, 124990, 39.0, 46.4, 1.00
M, 791988, 399966, 940457, 1062661, 409653, 132395, 600720, 125027, 39.0, 46.4, 0.99
M, 792381, 400148, 940670, 1063150, 409859, 132450, 600986, 125041, 39.0, 46.4, 1.00
M, 793336, 400466, 941239, 1064311, 410272, 132510, 601446, 125107, 39.0, 46.4, 1.01
M, 793514, 400592, 941377, 1064857, 410475, 132519, 601642, 125135, 39.0, 46.4, 0.99
M, 793996, 400917, 941534, 1065472, 410766, 132522, 602045, 125162, 39.0, 46.4, 1.00
M, 793959, 400959, 941402, 1065804, 410846, 132552, 602208, 125160, 39.0, 46.4, 1.00
M, 794469, 401331, 941447, 1066443, 411241, 132542, 602530, 125169, 39.0, 46.4, 1.00
M, 795872, 401541, 943028, 1068092, 411494, 132756, 602864, 125338, 39.0, 46.4, 1.00
M, 795904, 401876, 943007, 1068554, 411754, 132785, 603167, 125356, 39.0, 46.4, 0.99
M, 795935, 401862, 942671, 1068648, 411813, 132701, 603343, 125250, 39.0, 46.4, 1.00
M, 795767, 402050, 942203, 1068709, 411862, 132655, 603399, 125312, 39.0, 46.4, 1.00
M, 796588, 402264, 942963, 1069706, 412091, 132785, 603831, 125384, 39.0, 46.4, 1.00
M, 797139, 402455, 943303, 1070364, 412408, 132896, 604097, 125384, 39.0, 46.4, 1.00
M, 797222, 402652, 943339, 1070742, 412504, 132864, 604345, 125383, 39.0, 46.4, 1.01
M, 797831, 402784, 944101, 1071629, 412769, 132928, 604597, 125431, 39.0, 46.4, 0.99
M, 798158, 403034, 944274, 1072350, 412952, 132945, 604852, 125468, 39.0, 46.4, 1.00
M, 798577, 403203, 944765, 1073156, 413191, 133062, 605140, 125539, 39.0, 46.4, 1.01
M, 798922, 403432, 944993, 1073734, 413390, 133090, 605320, 125618, 39.0, 46.4, 1.01
M, 799744, 403765, 945778, 1074465, 413669, 133115, 605632, 125653, 39.0, 46.4, 1.00
M, 799866, 403872, 945827, 1074791, 413806, 133059, 605772, 125643, 39.0, 46.4, 1.00
M, 800159, 403941, 946029, 1075366, 413940, 133126, 606010, 125621, 39.0, 46.4, 0.99
M, 800387, 404146, 946214, 1075804, 414132, 133248, 606238, 125711, 39.0, 46.4, 1.01
M, 800514, 404282, 946373, 1076242, 414243, 133261, 606367, 125743, 39.0, 46.4, 1.01
M, 801048, 404584, 946844, 1076798, 414498, 133320, 606696, 125748, 39.0, 46.4, 0.99
M, 801093, 404654, 946923, 1076920, 414592, 133321, 606743, 125761, 39.0, 46.4, 1.00
M, 801275, 404913, 946945, 1077374, 414794, 133353, 607032, 125749, 39.0, 46.4, 0.99
M, 801303, 404913, 946952, 1077733, 414781, 133380, 607118, 125781, 39.0, 46.4, 1.00
M, 803105, 405253, 949220, 1079916, 415207, 133570, 607618, 126048, 39.0, 46.4, 1.00
M, 802861, 405438, 948897, 1079653, 415352, 133497, 607681, 125903, 39.0, 46.4, 1.01
M, 802704, 405582, 948693, 1079807, 415409, 133535, 607831, 125922, 39.0, 46.4, 1.00
M, 802781, 405566, 948689, 1079944, 415576, 133583, 607951, 125877, 39.0, 46.4, 1.00
M, 802789, 405666, 948779, 1079984, 415617, 133477, 608021, 125864, 39.0, 46.4, 1.00
M, 803310, 405886, 949308, 1080851, 415787, 133600, 608250, 125971, 39.0, 46.4, 1.00
M, 803300, 405915, 949289, 1081079, 415909, 133678, 608414, 126040, 39.0, 46.4, 1.00
M, 803754, 406110, 949904, 1081709, 416058, 133702, 608568, 126065, 39.0, 46.4, 0.99
M, 804027, 406283, 950214, 1082057, 416175, 133708, 608736, 125960, 39.0, 46.4, 0.99
M, 804010, 406315, 950254, 1082198, 416308, 133703, 608938, 125997, 39.0, 46.4, 1.01
M, 804309, 406502, 950461, 1082692, 416449, 133812, 609049, 126060, 39.0, 46.4, 1.00
M, 804437, 406628, 950536, 1082932, 416513, 133827, 609201, 126039, 39.0, 46.4, 1.01
M, 804407, 406647, 950430, 1082761, 416639, 133840, 609290, 126054, 39.0, 46.4, 1.00
M, 804291, 406697, 950380, 1082818, 416710, 133795, 609401, 126002, 39.0, 46.4, 0.99
M, 804384, 406736, 950610, 1083012, 416762, 133836, 609442, 126001, 39.0, 46.4, 1.00
M, 804780, 406844, 951130, 1083799, 416897, 133872, 609684, 126119, 39.0, 46.4, 1.00
M, 804764, 406977, 951072, 1083987, 417012, 133922, 609816, 126155, 39.0, 46.4, 1.00
M, 805248, 407153, 951370, 1084296, 417154, 133927, 610069, 126115, 39.0, 46.4, 1.00
M, 805261, 407167, 951610, 1084472, 417229, 133966, 610075, 126159, 39.0, 46.4, 1.00
M, 805084, 407374, 951495, 1084657, 417374, 134037, 610235, 126162, 39.0, 46.4, 1.00
M, 806326, 407453, 953105, 1086261, 417526, 134177, 610514, 126399, 39.0, 46.4, 1.01
M, 806098, 407559, 952770, 1085964, 417624, 134129, 610590, 126265, 39.0, 46.4, 0.99
M, 805491, 407493, 952140, 1085305, 417551, 134032, 610501, 126218, 39.0, 46.4, 1.00
M, 805230, 407445, 951594, 1084843, 417576, 134016, 610558, 126177, 39.0, 46.4, 1.00
M, 804992, 407418, 951205, 1084656, 417556, 133975, 610580, 126076, 39.0, 46.4, 1.00
M, 804824, 407415, 951181, 1084865, 417561, 134005, 610621, 126020, 39.0, 46.4, 1.00
M, 804590, 407355, 951044, 1084841, 417588, 134008, 610707, 126080, 39.0, 46.4, 1.00
M, 803441, 407354, 949542, 1083772, 417551, 133951, 610675, 126006, 39.0, 46.4, 1.00
M, 804824, 407357, 951018, 1085025, 417788, 134073, 610957, 126101, 39.0, 46.4, 1.00
M, 805480, 407523, 951885, 1085790, 417983, 134096, 611208, 126189, 39.0, 46.4, 1.00
M, 805728, 407701, 952327, 1086371, 418167, 134153, 611367, 126251, 39.0, 46.4, 1.00
M, 806426, 407802, 953006, 1086878, 418308, 134175, 611590, 126197, 39.0, 46.4, 0.99
M, 806590, 407887, 953433, 1087529, 418358, 134229, 611737, 126306, 39.0, 46.4, 1.00
M, 807088, 408057, 954021, 1088203, 418547, 134322, 611941, 126444, 39.0, 46.4, 1.00
M, 807436, 408165, 954518, 1088742, 418647, 134392, 612116, 126467, 39.0, 46.4, 1.00
M, 807817, 408350, 955055, 1089062, 418852, 134400, 612249, 126458, 39.0, 46.4, 1.01
M, 807734, 408375, 955115, 1089123, 418959, 134440, 612313, 126407, 39.0, 46.4, 1.00
M, 807784, 408430, 955046, 1089318, 418952, 134431, 612396, 126498, 39.0, 46.4, 0.99
M, 807996, 408606, 955386, 1089563, 419116, 134490, 612647, 126487, 39.0, 46.4, 1.00
M, 808000, 408538, 955524, 1089844, 419134, 134507, 612640, 126513, 39.0, 46.4, 1.00
M, 809791, 408979, 957868, 1091910, 419619, 134653, 613100, 126764, 39.0, 46.4, 1.01
M, 809171, 408930, 957275, 1091192, 419531, 134643, 613039, 126572, 39.0, 46.4, 1.00
M, 808864, 409022, 956934, 1091060, 419486, 134693, 613050, 126577, 39.0, 46.4, 1.01
M, 808359, 408912, 956394, 1090620, 419467, 134658, 613020, 126502, 39.0, 46.4, 1.00
M, 808584, 408948, 956584, 1090943, 419480, 134682, 613094, 126572, 39.0, 46.4, 1.00
M, 809136, 409085, 957399, 1091477, 419669, 134792, 613311, 126667, 39.0, 46.4, 1.00
M, 809267, 409184, 957721, 1091808, 419864, 134779, 613429, 126644, 39.0, 46.4, 1.00
M, 809248, 409302, 957875, 1091936, 419813, 134758, 613485, 126686, 39.0, 46.4, 1.01
M, 809593, 409355, 958362, 1092341, 419939, 134890, 613702, 126702, 39.0, 46.4, 1.00
M, 809378, 409351, 958044, 1092163, 419951, 134836, 613631, 126662, 39.0, 46.4, 1.00
M, 809126, 409327, 957991, 1092079, 419989, 134928, 613702, 126683, 39.0, 46.4, 1.00
M, 809548, 409450, 958677, 1092700, 420126, 134933, 613810, 126731, 39.0, 46.4, 1.00
M, 809879, 409587, 959144, 1093027, 420202, 134986, 613965, 126733, 39.0, 46.4, 1.00
M, 809839, 409545, 959226, 1093076, 420194, 134906, 613972, 126745, 39.0, 46.4, 0.99
M, 809755, 409582, 959148, 1093013, 420301, 134954, 614050, 126826, 39.0, 46.4, 1.00
M, 810007, 409669, 959514, 1093302, 420349, 135059, 614172, 126788, 39.0, 46.4, 1.01
M, 810046, 409764, 959661, 1093310, 420384, 135018, 614253, 126737, 39.0, 46.4, 0.99
M, 809839, 409762, 959537, 1093217, 420461, 135001, 614219, 126708, 39.0, 46.4, 0.99
M, 809860, 409709, 959829, 1093404, 420465, 135051, 614288, 126746, 39.0, 46.4, 0.99
M, 809866, 409829, 959841, 1093415, 420561, 135078, 614419, 126741, 39.0, 46.4, 0.99
M, 811009, 409926, 961504, 1095104, 420780, 135305, 614651, 127048, 39.0, 46.4, 1.00
M, 809750, 410113, 960070, 1093521, 420727, 135053, 614561, 126772, 39.0, 46.4, 1.00
M, 809883, 409952, 960201, 1093584, 420583, 135150, 614466, 126749, 39.0, 46.4, 1.00
M, 810070, 409988, 960631, 1094148, 420745, 135150, 614569, 126801, 39.0, 46.4, 1.01
M, 810171, 409920, 960916, 1094335, 420800, 135210, 614672, 126825, 39.0, 46.4, 1.00
M, 810424, 409973, 961145, 1094475, 420769, 135197, 614690, 126879, 39.0, 46.4, 1.00
M, 810689, 410145, 961649, 1094907, 420995, 135258, 614871, 126926, 39.0, 46.4, 1.00
M, 810785, 410146, 961804, 1094929, 421032, 135266, 614967, 126879, 39.0, 46.4, 1.01
M, 810744, 410136, 961793, 1094651, 421039, 135327, 614999, 126889, 39.0, 46.4, 1.00
M, 810678, 410213, 962134, 1095138, 421051, 135316, 615043, 126947, 39.0, 46.4, 1.01
M, 810692, 410166, 962157, 1095089, 421110, 135381, 615065, 126938, 39.0, 46.4, 0.99
M, 811020, 410249, 962495, 1095323, 421187, 135343, 615194, 127001, 39.0, 46.4, 0.99
M, 811169, 410268, 962876, 1095542, 421275, 135417, 615287, 126971, 39.0, 46.4, 0.99
M, 811459, 410421, 963556, 1096096, 421322, 135470, 615434, 127006, 39.0, 46.4, 1.00
M, 811232, 410424, 963431, 1095922, 421382, 135447, 615408, 127034, 39.0, 46.4, 1.00
M, 811448, 410503, 963847, 1096275, 421436, 135518, 615468, 127081, 39.0, 46.4, 1.00
M, 811366, 410465, 963840, 1096304, 421455, 135555, 615623, 127032, 39.0, 46.4, 1.01
M, 811344, 410523, 963938, 1096351, 421455, 135644, 615564, 127079, 39.0, 46.4, 1.01
M, 811863, 410730, 964416, 1096441, 421660, 135540, 615689, 127101, 39.0, 46.4, 1.00
M, 811483, 410649, 964461, 1096602, 421621, 135632, 615695, 127045, 39.0, 46.4, 1.00
M, 812917, 410937, 966507, 1098379, 422004, 135772, 616128, 127299, 39.0, 46.4, 1.00
M, 812512, 410915, 965855, 1097670, 421864, 135720, 616034, 127207, 39.0, 46.4, 1.00
M, 811006, 410737, 964237, 1096072, 421706, 135640, 615797, 127001, 39.0, 46.4, 1.01
M, 810612, 410601, 963675, 1095524, 421514, 135607, 615647, 126915, 39.0, 46.4, 1.00
M, 810525, 410536, 963780, 1095552, 421487, 135556, 615657, 126977, 39.0, 46.4, 1.00
M, 809527, 410394, 962712, 1094425, 421434, 135515, 615571, 126739, 39.0, 46.4, 0.99
M, 809903, 410311, 963157, 1094971, 421436, 135532, 615631, 126877, 39.0, 46.4, 0.99
M, 810513, 410362, 964040, 1095813, 421577, 135611, 615804, 126955, 39.0, 46.4, 1.00
M, 810886, 410489, 964569, 1096035, 421637, 135689, 615864, 127001, 39.0, 46.4, 1.00
M, 810936, 410482, 964687, 1096037, 421725, 135610, 615893, 127027, 39.0, 46.5, 0.99
M, 811196, 410584, 965166, 1096625, 421853, 135699, 616149, 127115, 39.0, 46.5, 1.00
M, 811160, 410583, 965316, 1096770, 421894, 135707, 616179, 127105, 39.0, 46.5, 1.01
M, 811362, 410643, 965624, 1096931, 421985, 135775, 616235, 127182, 39.0, 46.5, 1.00
M, 811763, 410674, 966223, 1097283, 422080, 135788, 616346, 127186, 39.0, 46.5, 1.00
M, 812046, 410757, 966424, 1097325, 422112, 135786, 616387, 127131, 39.0, 46.5, 1.01
M, 812014, 410780, 966583, 1097308, 422070, 135839, 616426, 127143, 39.0, 46.5, 1.00
M, 811439, 410659, 966290, 1097263, 422057, 135841, 616464, 127148, 39.0, 46.5, 1.00
M, 811789, 410724, 966802, 1097732, 422203, 135832, 616540, 127157, 39.0, 46.5, 0.99
M, 811798, 410795, 966750, 1097545, 422180, 135879, 616565, 127212, 39.0, 46.5, 0.99
M, 812176, 410900, 967425, 1098020, 422356, 135933, 616739, 127232, 39.0, 46.5, 0.99
M, 813386, 411115, 969296, 1099596, 422534, 136114, 617054, 127433, 39.0, 46.5, 0.99
M, 812715, 411193, 968310, 1098448, 422597, 136037, 616946, 127250, 39.1, 46.5, 0.99
M, 812152, 410961, 967802, 1098193, 422414, 136057, 616757, 127228, 39.1, 46.5, 1.01
M, 812013, 410930, 967772, 1098118, 422402, 136033, 616796, 127284, 39.1, 46.5, 1.00
M, 812082, 410960, 968023, 1098270, 422412, 136002, 616849, 127296, 39.1, 46.5, 1.00
M, 812340, 410972, 968578, 1098497, 422452, 136008, 616896, 127223, 39.1, 46.5, 1.00
M, 812339, 410986, 968478, 1098294, 422541, 136091, 616932, 127232, 39.1, 46.5, 1.00
M, 812062, 411027, 968443, 1098301, 422510, 136034, 616830, 127197, 39.1, 46.5, 0.99
M, 812319, 411070, 968924, 1098690, 422610, 136192, 617100, 127322, 39.1, 46.5, 0.99
M, 812481, 411076, 969087, 1098834, 422584, 136105, 617063, 127331, 39.1, 46.5, 1.01
M, 812775, 411137, 969671, 1099183, 422706, 136144, 617222, 127369, 39.1, 46.5, 1.00
M, 812837, 411174, 969686, 1099114, 422734, 136156, 617305, 127389, 39.1, 46.5, 0.99
M, 812686, 411181, 969790, 1098901, 422775, 136227, 617231, 127307, 39.1, 46.5, 1.00
M, 812699, 411218, 970080, 1099346, 422775, 136225, 617337, 127417, 39.1, 46.5, 1.00
M, 812809, 411204, 970177, 1099356, 422833, 136297, 617353, 127403, 39.1, 46.5, 1.00
M, 813129, 411349, 970675, 1099722, 422921, 136372, 617421, 127421, 39.1, 46.5, 1.01
M, 813231, 411392, 970901, 1099681, 422939, 136290, 617491, 127448, 39.1, 46.5, 1.01
M, 812822, 411298, 970720, 1099573, 422941, 136331, 617452, 127413, 39.1, 46.5, 1.00
M, 813043, 411432, 971114, 1099755, 422937, 136324, 617516, 127426, 39.1, 46.5, 1.01
M, 812926, 411345, 971055, 1099551, 422953, 136338, 617528, 127435, 39.1, 46.5, 0.99
M, 814549, 411721, 973485, 1101679, 423324, 136551, 617970, 127678, 39.1, 46.5, 1.01
M, 813972, 411670, 972575, 1100530, 423231, 136425, 617809, 127467, 39.1, 46.5, 1.01
M, 813149, 411592, 971865, 1099986, 423123, 136412, 617697, 127429, 39.1, 46.5, 1.02
M, 812803, 411492, 971875, 1099842, 423045, 136483, 617650, 127444, 39.1, 46.5, 1.01
M, 813137, 411549, 972109, 1099954, 423094, 136495, 617718, 127569, 39.1, 46.5, 1.01
M, 813104, 411489, 972295, 1100149, 423156, 136467, 617727, 127513, 39.1, 46.5, 1.00
M, 813157, 411502, 972453, 1099848, 423153, 136530, 617734, 127480, 39.1, 46.5, 0.99
M, 812966, 411432, 972250, 1099690, 423099, 136515, 617712, 127468, 39.1, 46.5, 1.00
M, 812828, 411432, 972156, 1099621, 423058, 136466, 617688, 127429, 39.1, 46.5, 1.01
M, 812924, 411386, 972564, 1099833, 423170, 136479, 617784, 127450, 39.1, 46.5, 0.99
M, 812683, 411408, 972605, 1099805, 423162, 136505, 617756, 127440, 39.1, 46.5, 1.01
M, 813054, 411455, 973097, 1100236, 423197, 136568, 617847, 127567, 39.1, 46.5, 1.01
M, 813178, 411438, 973261, 1100002, 423244, 136555, 617876, 127492, 39.1, 46.5, 1.01
M, 812999, 411429, 973105, 1099864, 423190, 136514, 617882, 127472, 39.1, 46.5, 1.00
M, 812670, 411346, 973040, 1099916, 423207, 136533, 617804, 127471, 39.1, 46.5, 0.99
M, 812845, 411472, 973502, 1100196, 423255, 136598, 617994, 127481, 39.1, 46.5, 1.00
M, 812887, 411378, 973538, 1099994, 423282, 136577, 617982, 127560, 39.1, 46.5, 0.99
M, 813180, 411428, 974178, 1100471, 423372, 136654, 618009, 127541, 39.1, 46.5, 0.99
M, 813394, 411547, 974233, 1100305, 423434, 136617, 618088, 127556, 39.1, 46.5, 1.00
M, 813283, 411524, 974196, 1100218, 423410, 136658, 618129, 127581, 39.1, 46.5, 0.99
M, 813892, 411585, 975458, 1101492, 423540, 136824, 618269, 127731, 39.1, 46.5, 0.99
M, 813428, 411738, 974709, 1100529, 423505, 136709, 618267, 127570, 39.1, 46.5, 1.00
M, 812396, 411495, 973505, 1099652, 423284, 136618, 618022, 127523, 39.1, 46.5, 1.00
M, 812029, 411315, 973173, 1098923, 423222, 136575, 617983, 127403, 39.1, 46.5, 0.99
M, 811625, 411182, 972851, 1098583, 423099, 136558, 617862, 127366, 39.1, 46.5, 1.00
M, 811712, 411119, 972954, 1098676, 423140, 136554, 617895, 127377, 39.1, 46.5, 1.00
M, 811983, 411141, 973370, 1099048, 423170, 136619, 617987, 127436, 39.1, 46.5, 1.00
M, 812217, 411102, 973815, 1099402, 423277, 136733, 618064, 127517, 39.1, 46.5, 1.00
M, 812740, 411235, 974557, 1100053, 423394, 136754, 618280, 127638, 39.1, 46.5, 1.00
M, 812908, 411326, 975059, 1100238, 423485, 136776, 618352, 127621, 39.1, 46.5, 1.00
M, 813029, 411337, 975223, 1100376, 423514, 136745, 618411, 127634, 39.1, 46.5, 1.01
M, 813116, 411339, 975531, 1100806, 423571, 136792, 618442, 127722, 39.1, 46.5, 1.00
M, 813156, 411371, 975737, 1100815, 423566, 136875, 618499, 127654, 39.1, 46.5, 1.00
M, 813685, 411442, 976380, 1101226, 423711, 136890, 618567, 127728, 39.1, 46.5, 1.00
M, 813786, 411553, 976708, 1101418, 423763, 136972, 618644, 127765, 39.1, 46.5, 1.01
M, 814046, 411615, 977002, 1101597, 423831, 136948, 618710, 127794, 39.1, 46.5, 1.00
M, 813910, 411645, 977050, 1101482, 423802, 136930, 618698, 127648, 39.1, 46.5, 1.00
M, 813729, 411634, 977068, 1101550, 423813, 137036, 618735, 127754, 39.1, 46.5, 1.01
M, 814057, 411743, 977582, 1101826, 423892, 137020, 618770, 127763, 39.1, 46.5, 1.00
M, 814191, 411767, 977762, 1101705, 423921, 137006, 618821, 127729, 39.1, 46.5, 0.99
A, 823121, 412989, 990022, 1112778, 425656, 138227, 620851, 129470, 39.1, 46.5, 0.00
A, 833146, 415743, 1005136, 1126261, 428106, 139758, 623274, 131175, 39.1, 46.5, 0.63
A, 839784, 417785, 1015157, 1134724, 429739, 140784, 624822, 132152, 39.1, 46.5, 0.75
A, 844040, 419501, 1022286, 1140784, 430893, 141623, 625978, 132907, 39.1, 46.5, 0.85
A, 848203, 421188, 1029453, 1146255, 432005, 142406, 627136, 133547, 39.1, 46.5, 0.89
A, 850903, 422612, 1034615, 1149773, 432875, 143117, 627898, 133942, 39.1, 46.5, 0.94
A, 853204, 424151, 1039608, 1152845, 433664, 143760, 628565, 134204, 39.1, 46.5, 0.97
A, 854086, 425209, 1042625, 1154244, 433963, 144064, 628827, 134429, 39.1, 46.5, 0.97
A, 854460, 426332, 1045487, 1155087, 434298, 144529, 628952, 134568, 39.1, 46.5, 0.99
A, 854354, 426905, 1047264, 1155499, 434299, 144803, 628854, 134685, 39.1, 46.5, 0.99
A, 854443, 427668, 1049312, 1155857, 434380, 145166, 628842, 134788, 39.1, 46.5, 0.99
A, 854139, 428317, 1051036, 1155689, 434421, 145382, 628620, 134860, 39.1, 46.6, 0.99
A, 853559, 428923, 1052590, 1154833, 434310, 145639, 628320, 134746, 39.1, 46.6, 1.00
A, 852412, 429278, 1053081, 1153630, 433976, 145764, 627839, 134699, 39.1, 46.6, 0.99
A, 851339, 429615, 1053518, 1152469, 433746, 145891, 627312, 134712, 39.1, 46.6, 0.99
A, 850450, 429885, 1054615, 1151687, 433476, 146024, 626991, 134644, 39.1, 46.6, 1.00
A, 849328, 430032, 1054969, 1150503, 433181, 146126, 626493, 134682, 39.1, 46.6, 0.99
A, 848474, 430232, 1055858, 1149588, 432989, 146258, 626102, 134704, 39.0, 46.6, 1.00
A, 847240, 430340, 1056185, 1147870, 432532, 146292, 625562, 134458, 39.0, 46.6, 0.99
A, 845849, 430350, 1056223, 1146346, 432073, 146332, 624898, 134492, 39.0, 46.6, 1.01
A, 845820, 430579, 1058131, 1146701, 431978, 146646, 624727, 134694, 39.0, 46.6, 1.00
A, 844236, 430558, 1057772, 1144697, 431561, 146594, 624138, 134569, 39.0, 46.6, 1.00
A, 843006, 430435, 1057654, 1142996, 431181, 146540, 623549, 134469, 39.0, 46.6, 0.99
A, 841946, 430308, 1058095, 1141868, 430761, 146608, 623041, 134456, 39.0, 46.6, 0.99
A, 840546, 430191, 1057764, 1140078, 430285, 146560, 622445, 134321, 39.0, 46.6, 0.99
A, 839121, 429921, 1057515, 1138271, 429884, 146622, 621897, 134244, 39.0, 46.6, 1.01
A, 837654, 429794, 1057097, 1136700, 429439, 146516, 621309, 134168, 39.0, 46.6, 1.00
A, 836386, 429611, 1057058, 1135049, 429023, 146560, 620786, 134151, 39.0, 46.6, 1.01
A, 835437, 429314, 1056818, 1133431, 428575, 146525, 620208, 133953, 39.0, 46.6, 1.00
A, 833795, 428997, 1056339, 1131724, 428151, 146500, 619632, 133938, 39.0, 46.7, 1.01
A, 832951, 428697, 1056144, 1130607, 427774, 146412, 619244, 133903, 39.0, 46.7, 1.00
A, 832321, 428482, 1056397, 1129649, 427466, 146463, 618850, 133873, 39.0, 46.7, 0.99
A, 831531, 428210, 1056522, 1128553, 427172, 146517, 618474, 133833, 39.0, 46.7, 1.00
A, 830541, 427975, 1056454, 1127196, 426800, 146409, 618013, 133803, 39.0, 46.7, 1.00
A, 829646, 427659, 1056203, 1126227, 426516, 146453, 617565, 133782, 39.0, 46.7, 1.00
A, 829214, 427571, 1056829, 1125350, 426303, 146451, 617197, 133669, 39.0, 46.7, 0.99
A, 828345, 427293, 1056648, 1124330, 425938, 146408, 616866, 133706, 39.0, 46.7, 1.00
A, 827648, 426999, 1056775, 1123561, 425634, 146456, 616499, 133738, 39.0, 46.7, 0.99
A, 826869, 426737, 1056658, 1122481, 425379, 146384, 616102, 133690, 39.0, 46.7, 1.00
A, 826512, 426586, 1056948, 1121519, 425120, 146378, 615780, 133586, 39.0, 46.7, 0.99
A, 826982, 426433, 1058657, 1122069, 424962, 146549, 615674, 133808, 39.0, 46.7, 1.00
A, 825818, 426233, 1057802, 1120571, 424747, 146461, 615247, 133627, 39.0, 46.7, 1.00
A, 824035, 425715, 1056173, 1118265, 424202, 146249, 614667, 133484, 39.0, 46.7, 1.00
A, 822881, 425326, 1055581, 1117121, 423825, 146220, 614178, 133408, 39.0, 46.7, 1.00
A, 822209, 425022, 1055329, 1116093, 423586, 146204, 613951, 133388, 39.0, 46.7, 1.00
A, 821396, 424717, 1054760, 1114450, 423237, 146145, 613470, 133225, 39.0, 46.7, 1.00
A, 820712, 424313, 1054722, 1113721, 422938, 146010, 613125, 133211, 39.0, 46.7, 1.01
A, 820429, 424162, 1054937, 1113442, 422785, 146098, 612952, 133321, 39.0, 46.7, 1.01
A, 819699, 423903, 1054519, 1112261, 422554, 146076, 612647, 133207, 39.0, 46.7, 1.00
A, 819403, 423648, 1054749, 1111741, 422309, 146077, 612333, 133175, 39.0, 46.7, 1.00
A, 818696, 423452, 1054653, 1110932, 422122, 146036, 612100, 133144, 39.0, 46.7, 1.00
A, 818333, 423027, 1054583, 1110326, 421952, 145970, 611856, 133154, 39.0, 46.7, 1.00
A, 818340, 422914, 1055079, 1110225, 421742, 145967, 611712, 133196, 39.0, 46.7, 1.00
A, 817938, 422774, 1055182, 1109697, 421653, 145988, 611397, 133111, 39.0, 46.7, 1.00
A, 817510, 422542, 1054990, 1109028, 421414, 145959, 611206, 133155, 39.0, 46.7, 1.00
A, 817407, 422370, 1055511, 1108962, 421320, 145986, 611086, 133164, 39.0, 46.8, 1.01
A, 817121, 422200, 1055622, 1108110, 421168, 146045, 610863, 133128, 39.0, 46.8, 1.00
A, 816645, 421963, 1055334, 1107383, 421007, 145938, 610649, 133069, 39.0, 46.8, 0.98
A, 816348, 421813, 1055314, 1106980, 420831, 145881, 610414, 133048, 39.0, 46.8, 1.00
A, 815942, 421632, 1055337, 1106407, 420701, 145931, 610234, 133111, 39.0, 46.8, 1.00
A, 816897, 421605, 1057234, 1107734, 420727, 146051, 610249, 133341, 39.0, 46.8, 1.00
A, 816444, 421566, 1056956, 1106747, 420610, 146112, 610067, 133251, 39.0, 46.8, 1.00
A, 815467, 421284, 1056150, 1105431, 420285, 145898, 609713, 133084, 39.0, 46.8, 1.00
A, 814588, 420943, 1055320, 1104255, 419971, 145833, 609374, 132930, 39.0, 46.8, 1.00
A, 813950, 420688, 1054953, 1103574, 419783, 145865, 609127, 132944, 39.0, 46.8, 1.00
A, 813878, 420513, 1055284, 1103445, 419652, 145864, 609025, 132980, 39.0, 46.8, 1.01
A, 813661, 420310, 1055158, 1102637, 419575, 145792, 608791, 132905, 39.0, 46.8, 1.00
A, 813179, 420138, 1054970, 1102074, 419410, 145747, 608560, 132809, 39.0, 46.8, 0.99
A, 812834, 419928, 1054604, 1101489, 419142, 145680, 608406, 132856, 39.0, 46.8, 1.00
A, 812231, 419789, 1054387, 1100736, 419021, 145620, 608145, 132812, 39.0, 46.8, 1.01
A, 811938, 419561, 1054217, 1100448, 418847, 145651, 608010, 132768, 39.0, 46.8, 1.00
A, 811596, 419434, 1054013, 1099505, 418788, 145590, 607856, 132710, 39.0, 46.8, 0.98
A, 811311, 419196, 1053994, 1099042, 418567, 145514, 607597, 132660, 39.0, 46.8, 0.99
A, 811148, 419051, 1054292, 1099250, 418483, 145579, 607458, 132710, 39.0, 46.8, 1.01
A, 810972, 418923, 1054221, 1098761, 418395, 145584, 607354, 132761, 39.0, 46.8, 1.00
A, 810800, 418762, 1054159, 1098407, 418224, 145632, 607211, 132817, 39.0, 46.8, 1.01
A, 810932, 418791, 1054780, 1098377, 418180, 145585, 607156, 132753, 39.0, 46.8, 1.01
A, 810713, 418594, 1054740, 1097993, 418133, 145490, 606978, 132762, 39.0, 46.8, 1.00
A, 810343, 418432, 1054442, 1097395, 418012, 145473, 606804, 132627, 39.0, 46.8, 0.99
A, 810416, 418362, 1054773, 1097510, 417941, 145545, 606751, 132705, 39.0, 46.8, 0.99
A, 811549, 418434, 1056826, 1098974, 418065, 145699, 606895, 132938, 39.0, 46.8, 1.01
A, 811000, 418431, 1056214, 1098048, 417941, 145655, 606759, 132876, 39.0, 46.8, 0.98
A, 810497, 418254, 1055868, 1097467, 417739, 145679, 606475, 132764, 39.0, 46.8, 1.00
A, 810341, 418149, 1055984, 1097017, 417682, 145560, 606315, 132724, 39.0, 46.8, 1.01
A, 809868, 417962, 1055542, 1096330, 417507, 145503, 606142, 132627, 39.0, 46.9, 1.01
A, 809424, 417767, 1054994, 1095695, 417306, 145434, 605884, 132660, 39.0, 46.9, 1.01
A, 809319, 417765, 1055356, 1095525, 417298, 145484, 605850, 132592, 39.0, 46.9, 0.99
A, 808967, 417561, 1055096, 1095172, 417149, 145454, 605695, 132600, 39.0, 46.9, 1.00
A, 808911, 417521, 1055087, 1094764, 417122, 145438, 605596, 132640, 39.0, 46.9, 1.01
A, 808491, 417322, 1054919, 1094262, 416919, 145353, 605351, 132532, 39.0, 46.9, 0.99
A, 807889, 417226, 1054134, 1093491, 416817, 145307, 605174, 132497, 39.0, 46.9, 1.01
A, 807559, 416994, 1054078, 1093177, 416642, 145243, 605030, 132468, 39.0, 46.9, 0.99
A, 807191, 416898, 1053645, 1092411, 416508, 145254, 604799, 132425, 39.0, 46.9, 1.00
A, 806808, 416685, 1053194, 1091832, 416385, 145162, 604612, 132375, 39.0, 46.9, 0.99
A, 806749, 416576, 1053579, 1092003, 416284, 145222, 604608, 132397, 39.0, 46.9, 0.99
A, 806754, 416510, 1053525, 1091664, 416215, 145117, 604546, 132371, 39.0, 46.9, 1.00
A, 806621, 416299, 1053476, 1091570, 416173, 145181, 604401, 132411, 39.0, 46.9, 0.99
A, 806716, 416325, 1053889, 1091688, 416077, 145184, 604400, 132442, 39.0, 46.9, 1.01
A, 806685, 416242, 1053669, 1090955, 416034, 145147, 604296, 132352, 39.0, 46.9, 0.99
A, 806329, 416127, 1053466, 1090621, 415945, 145056, 604147, 132303, 39.0, 46.9, 1.01
A, 807376, 416178, 1055357, 1092206, 416079, 145211, 604273, 132495, 39.0, 46.9, 1.00
A, 806816, 416154, 1054749, 1091437, 416062, 145172, 604185, 132466, 39.0, 46.9, 1.00
A, 806174, 415991, 1053539, 1090186, 415747, 145063, 603866, 132296, 39.0, 46.9, 1.00
A, 805686, 415811, 1053249, 1089692, 415605, 145000, 603721, 132311, 39.0, 46.9, 1.00
A, 805093, 415631, 1052527, 1088915, 415454, 144962, 603492, 132212, 39.0, 46.9, 1.00
A, 804875, 415424, 1052338, 1088571, 415314, 144918, 603383, 132193, 39.0, 46.9, 1.01
A, 804902, 415442, 1052653, 1088741, 415380, 144868, 603345, 132244, 39.0, 46.9, 1.00
A, 804295, 415228, 1051838, 1088020, 415182, 144862, 603110, 132104, 39.0, 46.9, 0.99
A, 802726, 415128, 1049123, 1085748, 415033, 144723, 602915, 131981, 39.0, 46.9, 1.00
A, 803969, 414942, 1051204, 1086885, 414993, 144696, 602858, 132013, 39.0, 46.9, 0.99
A, 803959, 414840, 1051476, 1087081, 414895, 144743, 602854, 132053, 39.0, 46.9, 0.99
A, 804000, 414905, 1051379, 1086940, 414925, 144733, 602862, 132145, 39.0, 47.0, 0.99
A, 803873, 414735, 1051510, 1086988, 414844, 144757, 602755, 132062, 39.0, 47.0, 1.01
A, 804245, 414790, 1052232, 1087541, 414907, 144811, 602848, 132228, 39.0, 47.0, 1.01
A, 804413, 414816, 1052562, 1087595, 414901, 144828, 602813, 132207, 39.0, 47.0, 1.00
A, 804604, 414811, 1052765, 1087493, 414932, 144767, 602758, 132146, 39.0, 47.0, 1.01
A, 804459, 414743, 1052546, 1087089, 414848, 144709, 602671, 132087, 39.0, 47.0, 1.00
A, 804187, 414641, 1052466, 1087156, 414729, 144699, 602541, 132083, 39.0, 47.0, 1.01
A, 804502, 414657, 1052755, 1087325, 414737, 144751, 602580, 132243, 39.0, 47.0, 1.00
A, 804493, 414681, 1052807, 1087225, 414765, 144810, 602595, 132181, 39.0, 47.0, 0.99
A, 806176, 414917, 1055466, 1089225, 415039, 145001, 602839, 132445, 39.0, 47.0, 0.99
A, 805361, 414866, 1054406, 1088147, 414946, 144876, 602718, 132331, 39.0, 47.0, 0.99
A, 804577, 414715, 1053358, 1086947, 414691, 144776, 602432, 132201, 39.0, 47.0, 0.99
A, 804172, 414554, 1053094, 1086851, 414530, 144769, 602203, 132224, 39.0, 47.0, 1.00
A, 804341, 414490, 1053347, 1086905, 414563, 144760, 602299, 132177, 39.0, 47.0, 0.99
A, 804048, 414492, 1053140, 1086619, 414503, 144707, 602168, 132159, 39.0, 47.0, 0.99
A, 804335, 414548, 1053549, 1086831, 414507, 144736, 602211, 132270, 39.0, 47.0, 0.99
A, 804349, 414479, 1053705, 1086779, 414514, 144780, 602138, 132222, 39.0, 47.0, 1.01
A, 803999, 414416, 1053301, 1086211, 414340, 144689, 601988, 132132, 39.0, 47.0, 1.00
A, 803811, 414372, 1053068, 1085896, 414317, 144688, 601921, 132120, 39.0, 47.0, 1.00
A, 803654, 414325, 1052951, 1085709, 414266, 144619, 601848, 132087, 39.0, 47.0, 0.99
A, 803372, 414215, 1052838, 1085633, 414143, 144681, 601706, 132140, 39.0, 47.0, 1.01
A, 803332, 414159, 1052621, 1084990, 414068, 144572, 601608, 131999, 39.0, 47.0, 1.01
A, 803253, 414136, 1052658, 1085130, 414004, 144583, 601507, 132058, 39.0, 47.0, 0.99
A, 803301, 414141, 1052840, 1085233, 414039, 144648, 601549, 132137, 39.0, 47.0, 1.00
A, 803176, 414061, 1052815, 1085056, 413943, 144567, 601491, 132060, 39.0, 47.0, 1.00
A, 803198, 414034, 1052718, 1084769, 413929, 144537, 601391, 132071, 39.0, 47.0, 0.99
A, 803395, 414037, 1053273, 1085182, 413969, 144607, 601448, 132119, 39.0, 47.0, 1.00
A, 803336, 414087, 1053222, 1085056, 413894, 144568, 601364, 132079, 39.0, 47.0, 0.99
A, 803154, 413903, 1053010, 1084765, 413785, 144505, 601252, 132093, 39.0, 47.0, 1.00
A, 804318, 414069, 1054838, 1086287, 413984, 144741, 601505, 132313, 39.0, 47.0, 0.99
A, 804320, 414263, 1054863, 1086076, 414058, 144705, 601474, 132203, 39.0, 47.0, 1.00
A, 803932, 414173, 1054288, 1085227, 413909, 144629, 601344, 132143, 39.0, 47.0, 1.00
A, 803378, 414007, 1053795, 1084662, 413827, 144563, 601143, 132027, 39.0, 47.0, 0.99
A, 803228, 413905, 1053758, 1084798, 413764, 144561, 601074, 132067, 39.0, 47.0, 1.01
A, 802974, 413918, 1053378, 1084432, 413651, 144554, 600915, 132038, 39.0, 47.0, 1.00
A, 802648, 413803, 1053179, 1083934, 413499, 144500, 600896, 132025, 39.0, 47.0, 1.00
A, 802866, 413807, 1053498, 1084189, 413537, 144534, 600889, 132098, 39.0, 47.0, 0.99
A, 802066, 413636, 1052553, 1083236, 413252, 144359, 600641, 131886, 39.0, 47.0, 1.01
A, 801942, 413514, 1052276, 1082847, 413287, 144315, 600604, 131903, 39.0, 47.0, 1.00
A, 801781, 413483, 1052124, 1082780, 413215, 144326, 600474, 131862, 39.0, 47.0, 1.01
A, 801728, 413456, 1052088, 1082607, 413268, 144344, 600482, 131950, 39.0, 47.0, 0.99
A, 801490, 413383, 1051921, 1082441, 413072, 144306, 600373, 131914, 39.0, 47.0, 1.00
A, 801519, 413396, 1051777, 1082191, 413099, 144284, 600275, 131899, 39.0, 47.0, 1.00
A, 801343, 413205, 1051683, 1082049, 412985, 144202, 600214, 131860, 39.0, 47.0, 1.00
A, 801469, 413226, 1051864, 1082195, 412949, 144162, 600221, 131880, 39.0, 47.0, 1.01
A, 801461, 413135, 1051925, 1082075, 412985, 144194, 600193, 131886, 39.0, 47.0, 0.99
A, 801371, 413152, 1051988, 1082139, 412924, 144199, 600162, 131882, 39.0, 47.0, 1.01
A, 801647, 413198, 1052436, 1082425, 412961, 144267, 600192, 131921, 39.0, 47.0, 0.99
A, 801765, 413204, 1052590, 1082276, 412989, 144226, 600143, 131849, 39.0, 47.0, 0.99
A, 802974, 413316, 1054411, 1083843, 413219, 144402, 600391, 132160, 39.0, 47.0, 1.00
A, 802231, 413278, 1053494, 1083041, 413075, 144347, 600321, 132005, 39.0, 47.0, 0.99
A, 801490, 413121, 1052434, 1082104, 412864, 144283, 600006, 131868, 39.0, 47.0, 1.01
A, 800987, 412970, 1051536, 1081071, 412717, 144098, 599853, 131711, 39.0, 47.0, 1.00
A, 800297, 412752, 1050623, 1080277, 412566, 144011, 599641, 131644, 39.0, 47.0, 1.00
A, 800143, 412658, 1050603, 1080479, 412486, 144048, 599600, 131665, 39.0, 47.0, 1.01
A, 800534, 412776, 1050977, 1080652, 412458, 144006, 599644, 131739, 39.0, 47.0, 1.00
A, 800559, 412684, 1051132, 1080720, 412498, 144097, 599622, 131798, 39.0, 47.0, 1.01
A, 800818, 412773, 1051590, 1081148, 412578, 144088, 599699, 131845, 39.0, 47.0, 1.01
A, 801055, 412849, 1051732, 1080854, 412589, 144065, 599672, 131755, 39.0, 47.0, 1.00
A, 800837, 412711, 1051519, 1080832, 412554, 144099, 599642, 131785, 39.0, 47.0, 1.01
A, 800662, 412670, 1051278, 1080799, 412458, 144015, 599526, 131793, 39.0, 47.0, 1.00
A, 800769, 412690, 1051200, 1080460, 412551, 143965, 599537, 131806, 39.0, 47.0, 0.99
A, 800548, 412610, 1051307, 1080410, 412449, 144001, 599485, 131751, 39.0, 47.0, 1.01
A, 800461, 412614, 1051127, 1080314, 412420, 144028, 599466, 131772, 39.0, 47.1, 0.99
A, 800315, 412570, 1050998, 1080189, 412322, 143965, 599288, 131732, 39.0, 47.1, 1.01
A, 800646, 412579, 1051303, 1080447, 412330, 143960, 599379, 131743, 39.0, 47.1, 1.00
A, 800555, 412502, 1051380, 1080467, 412330, 143914, 599370, 131760, 39.0, 47.0, 1.00
A, 800379, 412490, 1051149, 1080270, 412257, 143966, 599328, 131800, 39.0, 47.0, 1.01
A, 800700, 412491, 1051658, 1080657, 412289, 143973, 599394, 131864, 39.0, 47.1, 1.00
A, 802366, 412829, 1054109, 1082477, 412658, 144133, 599682, 132037, 39.0, 47.1, 1.00
A, 801624, 412800, 1053065, 1081404, 412549, 144032, 599521, 131905, 39.0, 47.0, 1.00
A, 801083, 412768, 1052195, 1080867, 412388, 144017, 599328, 131797, 39.0, 47.0, 1.00
A, 800938, 412600, 1052055, 1080610, 412339, 143997, 599308, 131836, 39.0, 47.1, 1.00
A, 800915, 412659, 1052268, 1080840, 412319, 144060, 599302, 131801, 39.0, 47.1, 1.00
A, 800915, 412608, 1052110, 1080430, 412325, 143957, 599266, 131839, 39.0, 47.1, 0.99
A, 800548, 412526, 1051866, 1080197, 412189, 143932, 599127, 131674, 39.0, 47.1, 1.01
A, 800707, 412566, 1051981, 1080273, 412135, 143917, 599111, 131756, 39.0, 47.1, 0.99
A, 800381, 412449, 1051645, 1079927, 412112, 143972, 598987, 131728, 39.0, 47.1, 1.00
A, 800462, 412414, 1051907, 1080103, 412136, 143926, 599013, 131784, 39.0, 47.1, 1.00
A, 800455, 412415, 1051654, 1079723, 412070, 143869, 599006, 131799, 39.0, 47.1, 1.01
A, 800177, 412288, 1051391, 1079475, 412007, 143796, 598873, 131670, 39.0, 47.1, 1.00
A, 799808, 412273, 1050955, 1079268, 411873, 143668, 598786, 131635, 39.0, 47.1, 1.00
A, 799770, 412247, 1050942, 1079032, 411896, 143743, 598780, 131620, 39.0, 47.1, 1.01
A, 799574, 412182, 1050889, 1078965, 411837, 143743, 598685, 131605, 39.0, 47.1, 1.01
A, 799296, 412126, 1050202, 1078312, 411818, 143649, 598627, 131554, 39.0, 47.1, 1.01
A, 799336, 411975, 1050226, 1078186, 411663, 143660, 598543, 131500, 39.0, 47.1, 0.99
A, 799410, 412021, 1050502, 1078550, 411677, 143678, 598525, 131657, 39.0, 47.1, 1.00
A, 799412, 411924, 1050492, 1078631, 411716, 143685, 598502, 131600, 39.0, 47.1, 1.00
A, 799454, 412042, 1050442, 1078397, 411680, 143555, 598521, 131617, 39.0, 47.1, 1.00
A, 801159, 412278, 1053076, 1080567, 412000, 143906, 598969, 131928, 39.0, 47.1, 0.99
A, 800961, 412350, 1052841, 1080244, 412084, 143827, 598971, 131817, 39.0, 47.1, 1.01
A, 800595, 412292, 1052212, 1079669, 411935, 143780, 598746, 131778, 39.0, 47.1, 0.99
A, 800524, 412270, 1052306, 1079805, 411840, 143833, 598725, 131745, 39.0, 47.1, 1.01
A, 800314, 412247, 1052022, 1079554, 411824, 143766, 598709, 131762, 39.0, 47.1, 0.99
A, 800246, 412241, 1051889, 1079436, 411774, 143795, 598656, 131780, 39.0, 47.1, 1.00
A, 799962, 412212, 1051765, 1079271, 411713, 143773, 598577, 131765, 39.0, 47.1, 0.99
A, 800064, 412185, 1051848, 1079166, 411714, 143725, 598513, 131628, 39.0, 47.1, 1.00
A, 799682, 412074, 1051284, 1078605, 411627, 143654, 598390, 131638, 39.0, 47.1, 1.00
A, 799566, 412029, 1050968, 1078471, 411594, 143602, 598340, 131624, 39.0, 47.1, 1.00
A, 799766, 411960, 1051391, 1078629, 411613, 143686, 598385, 131643, 39.0, 47.1, 1.00
A, 799575, 411898, 1050981, 1078162, 411579, 143626, 598280, 131592, 39.0, 47.1, 1.00
A, 799174, 411941, 1050691, 1077992, 411447, 143568, 598213, 131544, 39.0, 47.1, 0.99
A, 799101, 411855, 1050627, 1078039, 411385, 143516, 598127, 131598, 39.0, 47.1, 1.01
A, 798894, 411815, 1050263, 1077594, 411411, 143472, 598116, 131548, 39.0, 47.1, 1.00
A, 798837, 411721, 1050199, 1077589, 411315, 143513, 598042, 131556, 39.0, 47.1, 1.00
A, 798527, 411772, 1049744, 1077151, 411376, 143431, 598014, 131473, 39.0, 47.1, 1.00
A, 798389, 411572, 1049617, 1076930, 411234, 143412, 597935, 131443, 39.0, 47.1, 1.01
A, 798570, 411618, 1049836, 1077316, 411203, 143365, 597916, 131500, 39.0, 47.1, 1.00
A, 798658, 411564, 1049955, 1077309, 411258, 143408, 597918, 131528, 39.0, 47.1, 1.00
A, 800025, 411850, 1051938, 1078942, 411463, 143599, 598182, 131741, 39.0, 47.1, 1.01
A, 799521, 411823, 1051260, 1078346, 411450, 143548, 598193, 131638, 39.0, 47.1, 1.00
A, 798952, 411752, 1050275, 1077328, 411299, 143350, 597998, 131465, 39.0, 47.1, 1.01
A, 798058, 411458, 1049115, 1076172, 411019, 143272, 597672, 131325, 39.0, 47.1, 1.00
A, 798091, 411351, 1049113, 1076539, 410987, 143331, 597674, 131417, 39.0, 47.1, 0.99
A, 798363, 411380, 1049655, 1076945, 411067, 143232, 597771, 131497, 39.0, 47.1, 1.00
A, 798539, 411419, 1049652, 1076841, 411081, 143321, 597771, 131522, 39.0, 47.1, 1.01
A, 798926, 411449, 1050321, 1077340, 411197, 143348, 597877, 131466, 39.0, 47.1, 0.99
A, 798988, 411513, 1050433, 1077411, 411190, 143359, 597890, 131521, 39.0, 47.1, 0.99
A, 798822, 411493, 1050217, 1077193, 411100, 143337, 597829, 131467, 39.0, 47.1, 0.99
A, 798687, 411437, 1050059, 1077299, 411144, 143356, 597835, 131556, 39.0, 47.1, 1.00
A, 798760, 411503, 1050320, 1077417, 411190, 143358, 597847, 131514, 39.0, 47.1, 1.01
A, 798737, 411467, 1050096, 1077218, 411132, 143404, 597810, 131554, 39.0, 47.1, 1.01
A, 799194, 411485, 1050545, 1077282, 411151, 143327, 597897, 131473, 39.0, 47.1, 1.01
A, 798932, 411523, 1050404, 1077411, 411161, 143303, 597774, 131509, 39.0, 47.1, 1.01
A, 798644, 411572, 1050007, 1076959, 411101, 143293, 597797, 131550, 39.0, 47.1, 0.99
A, 798640, 411449, 1049893, 1076916, 411077, 143371, 597699, 131498, 39.0, 47.1, 0.99
A, 798426, 411455, 1049621, 1076697, 411088, 143247, 597709, 131513, 39.0, 47.1, 1.00
A, 798255, 411300, 1049336, 1076409, 410940, 143184, 597575, 131421, 39.0, 47.1, 0.99
A, 798457, 411329, 1049675, 1076654, 410901, 143193, 597580, 131425, 39.0, 47.1, 1.01
A, 799905, 411577, 1051781, 1078430, 411243, 143392, 597931, 131658, 39.0, 47.1, 0.99
A, 799209, 411548, 1050852, 1077668, 411158, 143326, 597731, 131587, 39.0, 47.1, 1.00
A, 799309, 411609, 1051047, 1077806, 411168, 143305, 597752, 131632, 39.0, 47.1, 1.00
A, 799249, 411507, 1050780, 1077425, 411104, 143320, 597689, 131552, 39.0, 47.1, 1.00
A, 798915, 411498, 1050487, 1077076, 411065, 143297, 597597, 131535, 39.0, 47.1, 1.00
A, 798809, 411493, 1050394, 1077232, 410981, 143261, 597619, 131566, 39.0, 47.1, 1.00
A, 798821, 411413, 1050290, 1077062, 411006, 143255, 597601, 131582, 39.0, 47.1, 1.00
A, 798860, 411497, 1050513, 1077218, 410943, 143269, 597558, 131500, 39.0, 47.1, 1.01
A, 798818, 411451, 1050347, 1077139, 410980, 143346, 597576, 131548, 39.0, 47.1, 1.00
A, 798802, 411416, 1050314, 1076823, 410943, 143243, 597543, 131541, 39.0, 47.1, 1.01
A, 798604, 411431, 1050201, 1076592, 410916, 143194, 597485, 131517, 39.0, 47.1, 1.00
A, 798377, 411288, 1049829, 1076572, 410879, 143166, 597382, 131447, 39.0, 47.1, 0.99
A, 798469, 411379, 1050085, 1076872, 410886, 143206, 597425, 131497, 39.0, 47.1, 1.01
A, 798566, 411318, 1049922, 1076552, 410882, 143139, 597409, 131508, 39.0, 47.1, 1.00
A, 798728, 411447, 1050236, 1076671, 410929, 143214, 597475, 131476, 39.0, 47.1, 0.99
A, 798379, 411275, 1049902, 1076395, 410838, 143128, 597351, 131446, 39.0, 47.1, 1.00
A, 798101, 411318, 1049462, 1075866, 410855, 143106, 597327, 131372, 39.0, 47.1, 1.00
A, 797929, 411187, 1049349, 1076001, 410701, 143101, 597168, 131387, 39.0, 47.1, 0.99
A, 798150, 411205, 1049613, 1076218, 410708, 143110, 597228, 131462, 39.0, 47.1, 1.00
A, 798100, 411118, 1049656, 1076328, 410724, 143073, 597278, 131486, 39.0, 47.1, 0.99
A, 799939, 411487, 1052222, 1078187, 411062, 143333, 597643, 131707, 39.0, 47.1, 1.00
A, 799156, 411529, 1051028, 1077122, 411019, 143221, 597419, 131542, 39.0, 47.1, 1.00
A, 798282, 411334, 1049943, 1076415, 410796, 143094, 597261, 131482, 39.0, 47.1, 1.00
A, 798057, 411229, 1049510, 1076081, 410756, 143050, 597198, 131441, 39.0, 47.1, 1.01
A, 797607, 411139, 1048949, 1075469, 410605, 142994, 597030, 131425, 39.0, 47.1, 1.00
A, 797596, 411064, 1048869, 1075502, 410533, 143010, 597083, 131391, 39.0, 47.1, 1.00
A, 797644, 411104, 1048871, 1075340, 410543, 143038, 596981, 131339, 39.0, 47.1, 1.00
A, 797678, 410998, 1048962, 1075251, 410547, 143024, 596962, 131344, 39.0, 47.1, 1.00
A, 797246, 411039, 1048618, 1075322, 410563, 143008, 597013, 131403, 39.0, 47.1, 1.00
A, 797558, 411018, 1048798, 1075496, 410518, 142953, 596977, 131409, 39.0, 47.1, 1.00
A, 797705, 410923, 1048738, 1075356, 410580, 142978, 597062, 131444, 39.0, 47.1, 1.00
A, 797984, 411049, 1049379, 1075749, 410557, 143002, 597042, 131438, 39.0, 47.1, 1.01
A, 798065, 411071, 1049528, 1075955, 410663, 143023, 597104, 131435, 39.0, 47.1, 1.00
A, 797741, 411018, 1048970, 1075601, 410582, 142943, 597001, 131416, 39.0, 47.1, 1.01
A, 797762, 411007, 1048998, 1075653, 410454, 142904, 596942, 131346, 39.0, 47.1, 1.00
A, 797848, 411042, 1049057, 1075583, 410584, 142976, 597008, 131433, 39.0, 47.1, 1.00
A, 797818, 410983, 1048751, 1075134, 410538, 142940, 596963, 131377, 39.0, 47.1, 1.00
A, 797566, 411000, 1048577, 1075041, 410547, 142894, 596952, 131369, 39.0, 47.1, 0.99
A, 797377, 410828, 1048436, 1075155, 410443, 142841, 596888, 131329, 39.0, 47.1, 1.00
A, 797714, 410909, 1048680, 1075407, 410507, 142810, 596886, 131412, 39.0, 47.1, 1.00
A, 799237, 411131, 1050771, 1077151, 410755, 143055, 597228, 131642, 39.0, 47.1, 0.99
A, 798619, 411180, 1049971, 1076268, 410740, 142965, 597115, 131504, 39.0, 47.1, 0.98
A, 797892, 411023, 1049138, 1075632, 410538, 142909, 596901, 131430, 39.0, 47.1, 1.01
A, 797548, 410956, 1048449, 1075000, 410447, 142779, 596837, 131284, 39.0, 47.1, 0.99
A, 797479, 410773, 1048445, 1074947, 410392, 142804, 596740, 131324, 39.0, 47.1, 1.01
A, 797582, 410878, 1048671, 1075242, 410430, 142875, 596821, 131348, 39.0, 47.1, 1.00
A, 797661, 410897, 1048686, 1075352, 410411, 142841, 596829, 131394, 39.0, 47.1, 1.00
A, 797761, 410864, 1048715, 1075187, 410456, 142844, 596790, 131375, 39.0, 47.1, 1.00
A, 797699, 410841, 1048556, 1074989, 410417, 142797, 596787, 131341, 39.0, 47.1, 1.00
A, 797420, 410837, 1048508, 1075075, 410307, 142769, 596762, 131365, 39.0, 47.1, 0.99
A, 797699, 410853, 1048671, 1075262, 410397, 142799, 596768, 131343, 39.0, 47.1, 1.00
A, 797597, 410820, 1048705, 1075343, 410412, 142827, 596785, 131360, 39.0, 47.1, 1.00
A, 797949, 410912, 1049166, 1075679, 410422, 142868, 596887, 131423, 39.0, 47.1, 1.01
A, 798031, 410854, 1049009, 1075389, 410464, 142870, 596872, 131396, 39.0, 47.1, 1.00
A, 797903, 410928, 1048897, 1075101, 410330, 142760, 596805, 131329, 39.0, 47.1, 0.99
A, 797602, 410848, 1048686, 1075293, 410342, 142799, 596737, 131383, 39.0, 47.1, 1.01
A, 797435, 410872, 1048450, 1074952, 410398, 142739, 596738, 131362, 39.0, 47.1, 1.00
A, 797517, 410738, 1048299, 1074927, 410243, 142818, 596777, 131355, 39.0, 47.1, 1.01
A, 797326, 410800, 1048058, 1074663, 410308, 142734, 596672, 131266, 39.0, 47.1, 1.00
A, 797147, 410766, 1048005, 1074598, 410185, 142664, 596610, 131259, 39.0, 47.1, 1.00
A, 798824, 410972, 1050381, 1076580, 410602, 142994, 597001, 131518, 39.0, 47.1, 0.99
A, 798281, 411002, 1049623, 1075884, 410488, 142804, 596863, 131425, 39.0, 47.1, 1.01
A, 798022, 410912, 1049167, 1075675, 410429, 142833, 596819, 131408, 39.0, 47.1, 1.00
A, 798217, 410968, 1049531, 1075987, 410451, 142824, 596859, 131506, 39.0, 47.1, 1.00
A, 798221, 411010, 1049479, 1075724, 410422, 142791, 596796, 131418, 39.0, 47.1, 0.99
A, 797972, 410961, 1049194, 1075426, 410360, 142773, 596770, 131415, 39.0, 47.1, 1.00
A, 797838, 410883, 1049099, 1075571, 410309, 142787, 596699, 131401, 39.0, 47.1, 1.00
A, 797740, 410937, 1048833, 1075236, 410332, 142709, 596648, 131401, 39.0, 47.1, 1.00
A, 797761, 410805, 1048870, 1075286, 410321, 142807, 596656, 131365, 39.0, 47.1, 1.01
A, 797805, 410910, 1049076, 1075499, 410381, 142764, 596673, 131469, 38.9, 47.1, 0.98
A, 797831, 410927, 1048969, 1075273, 410343, 142740, 596674, 131438, 38.9, 47.1, 1.01
A, 797746, 410842, 1049008, 1075264, 410307, 142737, 596666, 131304, 39.0, 47.1, 0.99
A, 797614, 410800, 1048774, 1075168, 410304, 142701, 596542, 131387, 39.0, 47.1, 1.01
A, 797811, 410868, 1048984, 1075444, 410324, 142764, 596663, 131417, 39.0, 47.1, 1.00
A, 797818, 410866, 1048907, 1075080, 410326, 142678, 596582, 131366, 39.0, 47.1, 1.00
A, 797576, 410773, 1048622, 1074851, 410282, 142689, 596492, 131351, 39.0, 47.1, 1.01
A, 797280, 410717, 1048467, 1074878, 410184, 142629, 596509, 131360, 39.0, 47.1, 1.00
A, 797296, 410733, 1048263, 1074413, 410252, 142640, 596518, 131306, 39.0, 47.1, 1.01
A, 797140, 410633, 1048099, 1074558, 410132, 142653, 596421, 131356, 39.0, 47.1, 0.99
A, 796929, 410669, 1047821, 1074228, 410188, 142593, 596414, 131304, 39.0, 47.1, 1.00
A, 797994, 410743, 1049219, 1075231, 410257, 142682, 596613, 131453, 39.0, 47.1, 0.99
A, 797625, 410787, 1048884, 1075080, 410270, 142658, 596561, 131352, 39.0, 47.1, 1.00
A, 797144, 410589, 1048070, 1074497, 410110, 142577, 596370, 131283, 39.0, 47.1, 1.00
A, 796583, 410505, 1047332, 1073922, 409977, 142547, 596242, 131269, 39.0, 47.1, 1.00
A, 796674, 410508, 1047333, 1073873, 410024, 142511, 596294, 131241, 39.0, 47.1, 1.00
A, 796462, 410440, 1046951, 1073501, 409921, 142465, 596277, 131203, 39.0, 47.1, 1.00
A, 796319, 410376, 1046866, 1073395, 409946, 142416, 596181, 131134, 39.0, 47.2, 1.00
A, 796688, 410445, 1047410, 1073804, 409960, 142450, 596271, 131194, 39.0, 47.2, 1.01
A, 796647, 410439, 1047202, 1073856, 409957, 142505, 596310, 131258, 39.0, 47.2, 1.00
A, 796721, 410430, 1047262, 1073966, 409983, 142487, 596324, 131306, 39.0, 47.2, 0.99
A, 797129, 410499, 1047947, 1074427, 410053, 142517, 596408, 131346, 39.0, 47.2, 1.00
A, 797484, 410556, 1048191, 1074559, 410168, 142542, 596482, 131284, 39.0, 47.2, 0.99
A, 797254, 410550, 1047981, 1074409, 410067, 142472, 596405, 131275, 39.0, 47.2, 1.01
A, 797385, 410624, 1048221, 1074799, 410154, 142595, 596430, 131384, 39.0, 47.2, 1.00
A, 797345, 410562, 1047975, 1074629, 410061, 142422, 596423, 131331, 39.0, 47.2, 1.01
A, 797291, 410574, 1048197, 1074758, 410092, 142523, 596390, 131378, 39.0, 47.2, 1.01
A, 797640, 410640, 1048438, 1074841, 410213, 142480, 596470, 131351, 39.0, 47.2, 0.99
A, 797524, 410622, 1048385, 1074624, 410133, 142470, 596413, 131372, 39.0, 47.2, 1.00
A, 797168, 410635, 1047881, 1074342, 410110, 142476, 596350, 131230, 39.0, 47.1, 1.01
A, 797091, 410422, 1047819, 1074454, 409987, 142523, 596321, 131284, 39.0, 47.1, 1.00
A, 798676, 410784, 1050100, 1076265, 410310, 142636, 596671, 131632, 39.0, 47.1, 1.01
A, 798316, 410864, 1049439, 1075628, 410360, 142673, 596603, 131479, 39.0, 47.2, 1.00
A, 797612, 410789, 1048553, 1074761, 410115, 142490, 596444, 131338, 39.0, 47.2, 1.00
A, 796675, 410622, 1047277, 1073759, 409974, 142384, 596159, 131185, 39.0, 47.2, 1.01
A, 796587, 410425, 1047128, 1073638, 409900, 142410, 596177, 131172, 39.0, 47.2, 1.00
A, 796992, 410420, 1047698, 1074211, 409994, 142413, 596268, 131274, 39.0, 47.1, 1.00
A, 796813, 410420, 1047506, 1074143, 409953, 142412, 596260, 131328, 39.0, 47.1, 1.00
A, 797265, 410559, 1048177, 1074621, 410003, 142431, 596311, 131358, 39.0, 47.2, 1.01
A, 796759, 410476, 1047430, 1073865, 409949, 142347, 596166, 131220, 39.0, 47.2, 1.00
A, 796514, 410364, 1047122, 1073662, 409844, 142329, 596044, 131191, 39.0, 47.2, 1.00
A, 795506, 410119, 1045653, 1072551, 409610, 142181, 595854, 131087, 39.0, 47.2, 1.00
A, 796186, 410213, 1046390, 1073207, 409738, 142206, 596006, 131200, 39.0, 47.2, 1.00
A, 796250, 410201, 1046756, 1073442, 409825, 142330, 596043, 131206, 39.0, 47.2, 1.00
A, 796722, 410328, 1047251, 1073869, 409917, 142335, 596160, 131330, 39.0, 47.2, 1.00
A, 797050, 410269, 1047612, 1073985, 409868, 142301, 596207, 131224, 39.0, 47.2, 1.01
A, 796963, 410361, 1047674, 1074096, 409955, 142369, 596206, 131180, 39.0, 47.2, 1.01
A, 797112, 410426, 1047875, 1074361, 409999, 142402, 596239, 131331, 39.0, 47.2, 0.99
A, 797069, 410433, 1047413, 1074009, 409974, 142291, 596221, 131287, 39.0, 47.2, 1.01
A, 797011, 410393, 1047478, 1073968, 409954, 142326, 596175, 131222, 39.0, 47.2, 1.00
A, 796565, 410415, 1046963, 1073675, 409934, 142287, 596160, 131224, 39.0, 47.2, 1.00
M, 794290, 410054, 1042655, 1069177, 409483, 141751, 595474, 130404, 39.0, 47.2, 0.10
M, 784159, 407625, 1027658, 1056924, 406692, 140336, 592027, 128681, 39.0, 47.2, 0.54
M, 776702, 405499, 1016840, 1047955, 404512, 139187, 589471, 127554, 39.0, 47.2, 0.74
M, 769438, 403024, 1005362, 1038692, 402379, 138060, 587260, 126417, 39.0, 47.2, 0.85
M, 765527, 401460, 998926, 1033848, 401165, 137377, 586150, 125842, 39.0, 47.2, 0.89
M, 761985, 400060, 992531, 1029033, 400145, 136715, 585224, 125321, 39.0, 47.2, 0.93
M, 759074, 398652, 986499, 1025023, 399245, 136006, 584479, 124839, 39.0, 47.1, 0.95
M, 756904, 397405, 981215, 1021552, 398578, 135330, 583941, 124386, 39.0, 47.1, 0.97
M, 755259, 396351, 976733, 1019050, 398069, 134794, 583687, 124095, 39.0, 47.1, 0.97
M, 754037, 395395, 973307, 1017501, 397685, 134319, 583504, 123912, 39.0, 47.1, 0.99
M, 753997, 394658, 970896, 1016781, 397580, 133952, 583571, 123827, 39.0, 47.0, 1.00
M, 753778, 394034, 968707, 1016299, 397549, 133803, 583682, 123742, 39.0, 47.0, 0.99
M, 754288, 393519, 967190, 1016490, 397601, 133562, 583988, 123750, 39.0, 47.0, 1.00
M, 754952, 392993, 965489, 1016558, 397722, 133379, 584398, 123674, 39.0, 47.0, 1.00
M, 755356, 392495, 964123, 1016803, 397799, 133138, 584645, 123581, 39.0, 47.0, 1.00
M, 756017, 392126, 963225, 1017696, 397982, 133020, 585007, 123627, 39.0, 47.0, 1.01
M, 757079, 391929, 962650, 1018850, 398289, 132907, 585508, 123758, 39.0, 46.9, 0.99
M, 758118, 391705, 962145, 1019655, 398509, 132837, 585959, 123813, 39.0, 46.9, 0.99
M, 759388, 391521, 962167, 1021222, 398882, 132794, 586550, 123788, 39.0, 46.9, 1.01
M, 760588, 391425, 961760, 1022511, 399264, 132695, 587118, 123893, 39.0, 46.9, 1.01
M, 762951, 391542, 963353, 1025333, 399878, 132705, 587919, 124166, 39.0, 46.9, 1.01
M, 763749, 391554, 962811, 1026230, 400191, 132723, 588360, 124065, 39.0, 46.9, 1.00
M, 764054, 391443, 961279, 1026518, 400433, 132599, 588783, 123984, 39.0, 46.9, 1.01
M, 764325, 391187, 960757, 1027154, 400571, 132526, 589049, 124034, 39.0, 46.9, 1.00
M, 765274, 391227, 959892, 1028144, 401048, 132422, 589619, 124015, 39.0, 46.9, 1.01
M, 766103, 391035, 959872, 1029169, 401190, 132413, 590019, 123998, 39.0, 46.9, 1.01
M, 767530, 391270, 960353, 1030832, 401674, 132405, 590541, 124196, 39.0, 46.9, 1.00
M, 768788, 391403, 960628, 1032393, 402072, 132394, 591104, 124226, 39.0, 46.8, 1.00
M, 769912, 391543, 960973, 1033822, 402503, 132480, 591713, 124319, 39.0, 46.8, 0.99
M, 771371, 391806, 961935, 1035801, 403007, 132618, 592341, 124484, 39.0, 46.8, 1.01
M, 772785, 392033, 962207, 1037207, 403493, 132608, 592985, 124513, 39.0, 46.8, 0.99
M, 773707, 392211, 962356, 1038496, 403837, 132588, 593416, 124553, 39.0, 46.8, 1.01
M, 774428, 392374, 962455, 1039683, 404226, 132669, 593878, 124625, 39.0, 46.8, 1.00
M, 775699, 392605, 962955, 1041274, 404699, 132700, 594521, 124715, 39.0, 46.8, 0.99
M, 776833, 392922, 963213, 1042412, 405155, 132727, 594964, 124705, 39.0, 46.8, 1.00
M, 777464, 393086, 963211, 1043367, 405363, 132675, 595392, 124747, 39.1, 46.8, 1.00
M, 777966, 393278, 963134, 1044428, 405662, 132714, 595785, 124784, 39.1, 46.8, 1.01
M, 779274, 393550, 963666, 1045830, 406079, 132811, 596344, 124867, 39.1, 46.8, 1.00
M, 779927, 393829, 963858, 1046851, 406369, 132823, 596758, 124953, 39.1, 46.8, 1.00
M, 781044, 394134, 964550, 1048320, 406833, 132892, 597229, 125011, 39.1, 46.8, 0.99
M, 783533, 394686, 966908, 1051130, 407497, 133066, 598094, 125285, 39.1, 46.8, 1.00
M, 783513, 394903, 966115, 1051263, 407744, 133056, 598288, 125181, 39.1, 46.8, 1.01
M, 783625, 395010, 965755, 1051877, 407892, 133036, 598590, 125122, 39.1, 46.8, 1.01
M, 783302, 395227, 964135, 1051251, 408048, 132791, 598750, 124992, 39.1, 46.8, 1.01
M, 783764, 395267, 964334, 1052108, 408193, 132952, 598998, 125069, 39.1, 46.8, 0.99
M, 784498, 395653, 964564, 1053387, 408653, 133012, 599517, 125100, 39.1, 46.8, 1.00
M, 784990, 395730, 964801, 1053984, 408748, 132991, 599763, 125136, 39.1, 46.8, 0.99
M, 786054, 396065, 965541, 1055381, 409142, 133073, 600194, 125256, 39.1, 46.8, 1.00
M, 786794, 396293, 965990, 1056541, 409431, 133167, 600585, 125278, 39.1, 46.8, 1.01
M, 787332, 396525, 966131, 1057263, 409763, 133152, 600957, 125358, 39.1, 46.8, 0.99
M, 788306, 396959, 966956, 1058651, 410083, 133219, 601354, 125493, 39.1, 46.8, 0.99
M, 789177, 397229, 967509, 1059649, 410375, 133238, 601740, 125456, 39.1, 46.8, 1.00
M, 789469, 397416, 967444, 1060209, 410585, 133307, 602028, 125487, 39.1, 46.8, 1.00
M, 790068, 397663, 967775, 1061311, 410831, 133312, 602400, 125565, 39.1, 46.8, 1.00
M, 790726, 397942, 967978, 1061964, 411136, 133404, 602672, 125583, 39.1, 46.8, 0.99
M, 791133, 398113, 968213, 1062628, 411360, 133406, 602939, 125637, 39.1, 46.8, 1.00
M, 791868, 398437, 968780, 1063666, 411576, 133421, 603283, 125699, 39.1, 46.8, 1.00
M, 792531, 398754, 969292, 1064489, 411935, 133500, 603609, 125689, 39.1, 46.8, 1.00
M, 792576, 398879, 969038, 1065010, 412048, 133493, 603797, 125688, 39.1, 46.8, 1.00
M, 792866, 399094, 969027, 1065504, 412230, 133541, 603979, 125699, 39.1, 46.8, 1.00
M, 794845, 399536, 971550, 1068197, 412703, 133736, 604713, 126008, 39.1, 46.8, 1.00
M, 794887, 399796, 970993, 1067925, 412972, 133688, 604890, 125891, 39.1, 46.8, 1.00
M, 794907, 399988, 970659, 1068107, 413059, 133719, 605039, 125890, 39.1, 46.8, 1.00
M, 795274, 400123, 970850, 1068895, 413196, 133757, 605246, 125876, 39.1, 46.8, 1.00
M, 795327, 400431, 970587, 1068959, 413347, 133723, 605515, 125910, 39.1, 46.8, 1.00
M, 795435, 400409, 970669, 1069401, 413468, 133797, 605645, 125962, 39.1, 46.8, 1.00
M, 795670, 400745, 970314, 1069560, 413674, 133658, 605842, 125891, 39.1, 46.8, 1.00
M, 795836, 400798, 970477, 1069736, 413728, 133730, 605978, 125880, 39.1, 46.8, 0.99
M, 796170, 400927, 970933, 1070845, 413905, 133804, 606204, 125961, 39.1, 46.8, 1.00
M, 796685, 401181, 971234, 1071507, 414138, 133901, 606505, 126035, 39.1, 46.8, 1.00
M, 796948, 401317, 971136, 1071929, 414257, 133842, 606720, 126044, 39.1, 46.8, 1.00
M, 797646, 401529, 971948, 1072738, 414514, 133938, 607050, 126122, 39.1, 46.8, 1.01
M, 798003, 401792, 972135, 1073246, 414702, 133923, 607216, 126084, 39.1, 46.8, 1.00
M, 798021, 402025, 972153, 1073565, 414774, 134000, 607330, 126115, 39.1, 46.7, 1.01
M, 798228, 402055, 972154, 1073977, 414959, 133971, 607493, 126129, 39.1, 46.7, 1.00
M, 798693, 402182, 972649, 1074658, 415113, 134024, 607723, 126116, 39.1, 46.8, 1.00
M, 798824, 402401, 972728, 1075004, 415203, 133982, 607860, 126141, 39.1, 46.8, 1.00
M, 799507, 402631, 973370, 1075922, 415454, 134094, 608170, 126296, 39.1, 46.7, 1.00
M, 799955, 402800, 973833, 1076526, 415695, 134190, 608378, 126306, 39.1, 46.7, 1.00
M, 800045, 403001, 973829, 1076712, 415749, 134167, 608549, 126315, 39.1, 46.7, 1.00
M, 801550, 403215, 975539, 1078603, 416116, 134310, 608982, 126556, 39.1, 46.7, 1.00
M, 801584, 403569, 975442, 1078618, 416279, 134356, 609159, 126494, 39.1, 46.7, 0.99
M, 800983, 403533, 974730, 1078356, 416229, 134247, 609190, 126390, 39.1, 46.7, 1.00
M, 800974, 403674, 974485, 1078175, 416359, 134267, 609273, 126351, 39.1, 46.7, 0.99
M, 800650, 403614, 973982, 1078014, 416270, 134173, 609219, 126246, 39.1, 46.7, 1.00
M, 800339, 403712, 973392, 1077867, 416346, 134201, 609345, 126236, 39.1, 46.8, 1.01
M, 800434, 403706, 973528, 1078240, 416374, 134247, 609421, 126249, 39.1, 46.8, 1.01
M, 800799, 403904, 973636, 1078493, 416638, 134282, 609722, 126263, 39.1, 46.7, 0.99
M, 800910, 403823, 973818, 1078703, 416610, 134243, 609706, 126257, 39.1, 46.7, 1.01
M, 801302, 404095, 974433, 1079623, 416809, 134332, 609952, 126375, 39.1, 46.7, 1.00
M, 801654, 404133, 974720, 1080005, 416884, 134308, 610168, 126391, 39.1, 46.7, 1.01
M, 802082, 404336, 975008, 1080550, 417040, 134320, 610310, 126439, 39.1, 46.7, 1.00
M, 802510, 404464, 975676, 1081338, 417278, 134405, 610509, 126484, 39.1, 46.8, 1.01
M, 803025, 404637, 975845, 1081485, 417389, 134386, 610711, 126525, 39.1, 46.8, 1.00
M, 803009, 404673, 975780, 1081643, 417451, 134441, 610822, 126473, 39.1, 46.8, 1.00
M, 803214, 404873, 976410, 1082468, 417651, 134529, 610998, 126522, 39.1, 46.8, 1.00
M, 803467, 404993, 976557, 1082765, 417780, 134503, 611138, 126604, 39.1, 46.8, 1.00
M, 803697, 405102, 976718, 1083109, 417809, 134447, 611222, 126621, 39.1, 46.8, 1.01
M, 804025, 405223, 977285, 1083579, 418007, 134636, 611482, 126561, 39.1, 46.8, 1.00
M, 804358, 405351, 977593, 1083906, 418116, 134575, 611574, 126706, 39.1, 46.8, 0.99
M, 805615, 405649, 979415, 1085821, 418432, 134827, 611989, 126894, 39.1, 46.8, 1.01
M, 805673, 405888, 979330, 1085803, 418600, 134851, 612158, 126842, 39.1, 46.8, 1.00
M, 804999, 405779, 978440, 1085264, 418444, 134717, 611991, 126775, 39.1, 46.8, 1.01
M, 804858, 405839, 978271, 1085265, 418488, 134789, 612051, 126767, 39.1, 46.8, 1.01
M, 804764, 405884, 977948, 1084733, 418547, 134757, 612131, 126628, 39.1, 46.8, 1.00
M, 804698, 405851, 978186, 1085248, 418580, 134764, 612196, 126719, 39.1, 46.8, 1.00
M, 804606, 405960, 977954, 1085218, 418637, 134786, 612343, 126661, 39.1, 46.8, 1.00
M, 804559, 405910, 977633, 1085010, 418558, 134720, 612302, 126695, 39.1, 46.8, 0.99
M, 804648, 405980, 977788, 1085139, 418795, 134768, 612465, 126738, 39.1, 46.8, 0.99
M, 804716, 406037, 977919, 1085315, 418845, 134804, 612513, 126716, 39.1, 46.8, 1.01
M, 805159, 406124, 978535, 1085901, 418907, 134809, 612654, 126698, 39.1, 46.8, 1.00
M, 805354, 406198, 978906, 1086243, 419011, 134890, 612859, 126756, 39.1, 46.8, 1.00
M, 805558, 406335, 979058, 1086759, 419139, 134859, 612918, 126759, 39.1, 46.8, 0.99
M, 806073, 406526, 979754, 1087462, 419280, 134985, 613082, 126869, 39.1, 46.8, 1.01
M, 806284, 406599, 979886, 1087520, 419372, 134977, 613194, 126869, 39.1, 46.8, 1.00
M, 806238, 406574, 979874, 1087624, 419432, 134942, 613344, 126907, 39.1, 46.8, 1.00
M, 806103, 406602, 979984, 1087938, 419434, 134967, 613362, 126860, 39.1, 46.8, 1.01
M, 806644, 406814, 980621, 1088472, 419606, 134959, 613609, 126961, 39.1, 46.8, 1.00
M, 806783, 406876, 980754, 1088659, 419676, 135109, 613590, 127031, 39.1, 46.8, 0.99
M, 807139, 406968, 981380, 1089279, 419799, 135094, 613792, 127022, 39.1, 46.8, 1.01
M, 808865, 407409, 983476, 1091089, 420223, 135315, 614300, 127260, 39.1, 46.8, 1.01
M, 808143, 407404, 982754, 1090237, 420209, 135285, 614212, 127076, 39.1, 46.8, 1.00
M, 808110, 407411, 982890, 1090577, 420122, 135238, 614185, 127126, 39.1, 46.8, 1.01
M, 807875, 407450, 982655, 1090535, 420184, 135229, 614244, 127082, 39.1, 46.8, 1.02
M, 808072, 407537, 982842, 1090772, 420244, 135285, 614327, 127113, 39.1, 46.8, 1.00
M, 808091, 407616, 982914, 1090709, 420301, 135324, 614443, 127108, 39.1, 46.8, 0.99
M, 807887, 407602, 982763, 1090568, 420349, 135309, 614439, 127086, 39.1, 46.8, 0.99
M, 807576, 407721, 982349, 1090171, 420320, 135320, 614430, 126986, 39.1, 46.8, 1.01
M, 807563, 407551, 982505, 1090463, 420278, 135308, 614427, 127080, 39.1, 46.8, 1.00
M, 807787, 407729, 982896, 1090930, 420469, 135399, 614576, 127170, 39.1, 46.8, 1.01
M, 808005, 407740, 983184, 1091176, 420502, 135409, 614636, 127196, 39.1, 46.8, 1.00
M, 808279, 407765, 983572, 1091283, 420607, 135374, 614733, 127149, 39.1, 46.8, 1.00
M, 808086, 407816, 983406, 1091244, 420609, 135436, 614826, 127133, 39.1, 46.8, 1.01
M, 808050, 407820, 983487, 1091375, 420681, 135409, 614869, 127198, 39.1, 46.8, 0.99
M, 808332, 407869, 983823, 1091710, 420747, 135539, 614997, 127253, 39.1, 46.8, 1.00
M, 808417, 407960, 984057, 1091848, 420768, 135452, 615028, 127233, 39.1, 46.8, 1.00
M, 808761, 408052, 984611, 1092352, 420912, 135522, 615174, 127303, 39.1, 46.8, 1.01
M, 808907, 408138, 984580, 1092326, 420965, 135556, 615281, 127254, 39.1, 46.8, 1.01
M, 808776, 408153, 984830, 1092262, 420954, 135613, 615307, 127222, 39.1, 46.8, 1.00
M, 808647, 408110, 984660, 1092447, 420985, 135604, 615298, 127250, 39.1, 46.8, 0.99
M, 810317, 408379, 987162, 1094703, 421361, 135825, 615785, 127566, 39.1, 46.8, 1.00
M, 809904, 408501, 986416, 1093930, 421357, 135770, 615803, 127472, 39.1, 46.8, 1.00
M, 809649, 408537, 986320, 1093602, 421377, 135740, 615717, 127360, 39.1, 46.8, 0.99
M, 809124, 408465, 985817, 1093301, 421291, 135699, 615700, 127392, 39.1, 46.8, 1.00
M, 808525, 408508, 985127, 1092693, 421177, 135663, 615552, 127305, 39.1, 46.8, 1.00
M, 808543, 408318, 985103, 1092644, 421165, 135736, 615608, 127285, 39.1, 46.8, 1.00
M, 808356, 408318, 984856, 1092420, 421225, 135592, 615649, 127216, 39.1, 46.8, 1.01
M, 808631, 408328, 984918, 1092441, 421188, 135607, 615637, 127250, 39.1, 46.8, 1.00
M, 808356, 408434, 984954, 1092483, 421260, 135678, 615704, 127271, 39.1, 46.8, 1.00
M, 808298, 408309, 985106, 1092723, 421242, 135642, 615719, 127253, 39.1, 46.8, 1.00
M, 808645, 408337, 985502, 1093123, 421300, 135738, 615824, 127420, 39.1, 46.8, 1.00
M, 808942, 408423, 985904, 1093394, 421413, 135794, 615997, 127395, 39.1, 46.8, 1.01
M, 809214, 408422, 986180, 1093461, 421509, 135751, 616012, 127281, 39.1, 46.8, 1.00
M, 809096, 408507, 986278, 1093671, 421507, 135783, 616050, 127444, 39.1, 46.8, 1.00
M, 809668, 408652, 986984, 1094219, 421666, 135788, 616248, 127474, 39.1, 46.8, 1.01
M, 809587, 408608, 987052, 1094100, 421648, 135876, 616247, 127417, 39.1, 46.8, 1.00
M, 809706, 408685, 987410, 1094614, 421782, 135893, 616375, 127503, 39.1, 46.8, 1.00
M, 809828, 408721, 987606, 1094860, 421851, 135982, 616479, 127516, 39.1, 46.8, 1.00
M, 810099, 408850, 987735, 1094674, 421874, 135911, 616515, 127487, 39.1, 46.8, 1.00
M, 809813, 408774, 987538, 1094591, 421900, 135952, 616547, 127479, 39.1, 46.8, 1.00
M, 810972, 408943, 989539, 1096429, 422152, 136121, 616773, 127676, 39.1, 46.8, 1.00
M, 810787, 409128, 989183, 1095968, 422225, 136120, 616805, 127616, 39.1, 46.8, 1.00
M, 810256, 409037, 988562, 1095397, 422099, 136008, 616753, 127599, 39.1, 46.8, 1.00
M, 809931, 409027, 988412, 1095185, 422039, 136034, 616742, 127620, 39.1, 46.8, 1.00
M, 809806, 408959, 988008, 1094739, 421969, 136005, 616665, 127543, 39.1, 46.8, 1.01
M, 809848, 408927, 988191, 1094746, 422038, 136066, 616732, 127447, 39.1, 46.8, 1.00
M, 809975, 408981, 988649, 1095376, 422115, 136049, 616854, 127593, 39.1, 46.8, 1.00
M, 809801, 408954, 988255, 1094870, 422190, 136034, 616852, 127533, 39.1, 46.8, 1.00
M, 809720, 408922, 988386, 1095049, 422077, 136036, 616871, 127544, 39.1, 46.8, 1.00
M, 809718, 409035, 988547, 1095093, 422214, 136064, 616977, 127536, 39.1, 46.8, 0.99
M, 809674, 408939, 988539, 1095110, 422146, 136113, 616965, 127523, 39.1, 46.8, 1.00
M, 809865, 408949, 988740, 1095139, 422066, 136091, 617022, 127523, 39.1, 46.8, 1.00
M, 809986, 408992, 989057, 1095310, 422205, 136113, 617069, 127552, 39.1, 46.8, 1.00
M, 810058, 408962, 989274, 1095682, 422235, 136160, 617026, 127633, 39.1, 46.8, 1.00
M, 810498, 409164, 989909, 1096212, 422441, 136258, 617247, 127732, 39.1, 46.8, 1.00
M, 810641, 409185, 990236, 1096281, 422471, 136202, 617272, 127665, 39.1, 46.8, 1.00
M, 810584, 409217, 990198, 1096147, 422573, 136246, 617308, 127657, 39.1, 46.8, 1.00
M, 810690, 409230, 990486, 1096558, 422539, 136292, 617431, 127702, 39.1, 46.8, 0.99
M, 810772, 409276, 990619, 1096738, 422532, 136236, 617455, 127765, 39.1, 46.8, 1.00
M, 810734, 409218, 990664, 1096593, 422585, 136286, 617461, 127723, 39.1, 46.8, 1.00
M, 812498, 409525, 993229, 1098932, 422910, 136510, 617867, 127979, 39.1, 46.8, 1.00
M, 812068, 409621, 992602, 1098020, 422946, 136514, 617916, 127858, 39.1, 46.8, 1.00
M, 811593, 409596, 992238, 1097561, 422830, 136421, 617779, 127736, 39.1, 46.8, 1.00
M, 811525, 409544, 992315, 1097828, 422881, 136449, 617822, 127827, 39.1, 46.8, 1.01
M, 811375, 409574, 992207, 1097684, 422865, 136467, 617798, 127818, 39.1, 46.8, 1.00
M, 811625, 409600, 992542, 1097782, 422967, 136477, 617906, 127838, 39.1, 46.8, 0.99
M, 811576, 409687, 992593, 1097652, 422919, 136467, 617821, 127820, 39.1, 46.8, 1.00
M, 811196, 409578, 992479, 1097593, 422801, 136451, 617808, 127816, 39.1, 46.8, 1.00
M, 810956, 409626, 992150, 1096976, 422909, 136462, 617815, 127720, 39.1, 46.8, 1.01
M, 810911, 409581, 992184, 1097216, 422789, 136472, 617810, 127810, 39.1, 46.8, 0.99
M, 810746, 409585, 991886, 1096835, 422811, 136490, 617800, 127803, 39.1, 46.8, 1.00
M, 810689, 409465, 991750, 1096602, 422817, 136460, 617767, 127704, 39.1, 46.8, 0.99
M, 810791, 409523, 992345, 1097174, 422862, 136558, 617830, 127770, 39.1, 46.8, 0.99
M, 810830, 409530, 992538, 1097182, 422858, 136457, 617889, 127749, 39.1, 46.8, 1.00
M, 810660, 409494, 992411, 1097201, 422848, 136583, 617887, 127846, 39.1, 46.8, 1.00
M, 811174, 409582, 992971, 1097464, 422937, 136457, 617996, 127913, 39.1, 46.8, 1.00
M, 811203, 409550, 993126, 1097497, 423037, 136545, 618065, 127831, 39.1, 46.8, 1.00
M, 811019, 409603, 992977, 1097326, 422986, 136554, 618024, 127865, 39.1, 46.8, 1.00
M, 811268, 409620, 993391, 1097574, 423053, 136573, 618070, 127898, 39.1, 46.8, 1.00
M, 811131, 409568, 993403, 1097556, 423044, 136559, 618087, 127858, 39.1, 46.7, 0.99
M, 812358, 409797, 995236, 1099278, 423319, 136779, 618446, 128119, 39.1, 46.7, 1.02
M, 812009, 409934, 994935, 1098824, 423346, 136799, 618434, 128038, 39.1, 46.7, 1.00
M, 811639, 409812, 994386, 1098122, 423175, 136661, 618334, 127952, 39.1, 46.7, 1.00
M, 810905, 409618, 993657, 1097472, 423099, 136635, 618190, 127815, 39.1, 46.8, 1.00
M, 810346, 409519, 993085, 1096998, 423008, 136599, 618078, 127794, 39.1, 46.8, 1.00
M, 810499, 409516, 993064, 1096996, 423046, 136527, 618149, 127838, 39.1, 46.8, 1.00
M, 810555, 409565, 993339, 1097258, 423024, 136595, 618174, 127866, 39.1, 46.8, 1.00
M, 811064, 409645, 993924, 1097460, 423187, 136670, 618353, 127851, 39.1, 46.8, 0.99
M, 811158, 409637, 994155, 1097515, 423182, 136715, 618341, 127876, 39.1, 46.8, 1.00
M, 810925, 409634, 994101, 1097473, 423234, 136646, 618363, 127843, 39.1, 46.8, 1.00
M, 810940, 409567, 994143, 1097612, 423230, 136744, 618336, 127945, 39.1, 46.8, 1.00
M, 811298, 409609, 994602, 1098093, 423297, 136685, 618462, 127973, 39.1, 46.8, 1.00
M, 811462, 409715, 994871, 1098168, 423357, 136793, 618572, 128031, 39.1, 46.8, 0.99
M, 811551, 409688, 995251, 1098303, 423357, 136761, 618542, 127923, 39.1, 46.8, 0.99
M, 811399, 409743, 994941, 1098062, 423328, 136809, 618531, 127981, 39.1, 46.8, 1.00
M, 811415, 409630, 995096, 1098142, 423330, 136781, 618593, 127863, 39.1, 46.8, 0.99
M, 811755, 409825, 995776, 1098577, 423417, 136838, 618669, 127974, 39.1, 46.8, 1.01
M, 811620, 409847, 995739, 1098622, 423441, 136857, 618746, 128099, 39.1, 46.8, 0.99
M, 811887, 409803, 996285, 1099048, 423552, 136887, 618807, 128122, 39.1, 46.8, 1.01
M, 812040, 409925, 996593, 1099026, 423603, 136844, 618806, 128069, 39.1, 46.8, 1.00
M, 813314, 410077, 998499, 1100727, 423826, 137010, 619170, 128189, 39.1, 46.8, 1.01
M, 812852, 410285, 997870, 1100218, 423807, 137035, 619116, 128187, 39.1, 46.8, 1.01
M, 812343, 410117, 997165, 1099526, 423724, 136920, 619022, 128093, 39.1, 46.8, 0.99
M, 811831, 410040, 996746, 1099033, 423587, 136973, 618854, 128110, 39.1, 46.8, 1.00
M, 811713, 410010, 996618, 1098708, 423631, 136907, 618864, 128030, 39.1, 46.8, 1.00
M, 811623, 409882, 996542, 1098631, 423587, 136902, 618818, 127985, 39.1, 46.8, 1.01
M, 811862, 409983, 997120, 1098888, 423611, 137005, 618910, 128074, 39.1, 46.8, 1.00
M, 811645, 409936, 997101, 1099030, 423604, 136970, 618985, 128083, 39.1, 46.8, 1.01
M, 811799, 410010, 997162, 1098929, 423677, 136967, 619018, 128142, 39.1, 46.8, 1.00
M, 811177, 409887, 996333, 1098036, 423509, 136907, 618844, 127917, 39.1, 46.8, 1.00
M, 810789, 409794, 996049, 1097774, 423560, 136933, 618801, 127848, 39.1, 46.8, 0.99
M, 809758, 409543, 994794, 1096732, 423193, 136772, 618492, 127854, 39.1, 46.8, 1.00
M, 810394, 409611, 995700, 1097491, 423390, 136865, 618765, 127915, 39.1, 46.8, 1.00
M, 810916, 409655, 996323, 1097982, 423530, 136917, 618873, 128045, 39.1, 46.8, 1.00
M, 811093, 409677, 996645, 1098081, 423598, 136877, 618890, 128007, 39.1, 46.8, 1.00
M, 811040, 409690, 996790, 1098328, 423557, 136962, 618976, 128052, 39.1, 46.8, 1.00
M, 811823, 409774, 997822, 1099052, 423792, 136997, 619096, 128088, 39.1, 46.8, 1.01
M, 811841, 409853, 997841, 1099063, 423747, 137043, 619162, 128109, 39.1, 46.8, 1.00
M, 811772, 409811, 997899, 1099158, 423814, 137054, 619173, 128118, 39.1, 46.8, 0.99
M, 812198, 409955, 998421, 1099558, 423841, 137017, 619300, 128184, 39.1, 46.8, 1.00
