State, OV, Alc, H2, AC1, NH3, AC2, VOC, LP, Temp, Hud, AirFlow
A, 713027, 357692, 955720, 969546, 353763, 130753, 511553, 134034, 41.5, 47.8, 0.00
A, 701523, 354854, 938365, 955921, 350787, 129225, 508310, 131908, 41.4, 47.8, 0.63
A, 691370, 352082, 922101, 942709, 348026, 127648, 505595, 129956, 41.4, 47.8, 0.75
A, 683719, 349745, 909086, 933278, 346034, 126504, 503802, 128563, 41.3, 47.5, 0.82
A, 678593, 348309, 898960, 926632, 344860, 125539, 503313, 127705, 41.3, 47.5, 0.90
A, 674640, 347385, 889882, 921351, 344293, 124680, 503452, 126923, 41.1, 47.2, 0.93
A, 672531, 346869, 883248, 918423, 344161, 123942, 504025, 126500, 41.1, 47.2, 0.96
A, 671900, 346804, 877986, 916878, 344301, 123409, 504928, 126301, 41.0, 46.9, 0.96
A, 671929, 346782, 873080, 916128, 344739, 122909, 505996, 126085, 41.0, 46.9, 0.98
A, 672313, 346974, 869191, 916115, 345206, 122479, 506927, 125949, 40.9, 46.7, 0.99
A, 673200, 347183, 866007, 916574, 345624, 122158, 507963, 125996, 40.9, 46.7, 0.99
A, 674987, 347735, 863125, 917625, 346509, 121883, 509358, 125993, 40.8, 46.5, 1.01
A, 676472, 348041, 861161, 918885, 347109, 121641, 510323, 126041, 40.8, 46.5, 1.00
A, 678507, 348691, 858955, 920600, 347922, 121384, 511774, 126127, 40.7, 46.4, 1.00
A, 680259, 348967, 857807, 922158, 348478, 121260, 512648, 126235, 40.7, 46.4, 1.00
A, 682609, 349685, 857316, 924509, 349285, 121305, 513900, 126363, 40.7, 46.4, 1.00
A, 685108, 350304, 856692, 926915, 350171, 121202, 515166, 126498, 40.7, 46.2, 1.00
A, 687758, 351190, 855840, 929175, 351147, 121105, 516612, 126608, 40.7, 46.2, 1.00
A, 690170, 351898, 855219, 931397, 351926, 121085, 517817, 126704, 40.6, 46.1, 1.01
A, 692318, 352580, 854826, 933801, 352727, 121050, 518909, 126825, 40.6, 46.1, 0.99
A, 696207, 353550, 856677, 937965, 353946, 121235, 520449, 127142, 40.5, 46.0, 1.00
A, 698041, 354432, 855600, 939431, 354634, 121093, 521472, 127150, 40.5, 46.0, 0.99
A, 700128, 355262, 855176, 941435, 355453, 121141, 522664, 127191, 40.5, 46.0, 1.00
A, 702074, 356059, 854304, 943348, 356299, 121197, 523804, 127287, 40.5, 46.0, 1.00
A, 704177, 356896, 854121, 945391, 357024, 121149, 524853, 127372, 40.4, 45.8, 1.01
A, 706537, 357653, 854376, 947864, 357953, 121231, 526039, 127443, 40.4, 45.8, 1.00
A, 708602, 358585, 854209, 949889, 358684, 121240, 527099, 127559, 40.4, 45.8, 1.00
A, 710274, 359286, 853918, 951825, 359405, 121338, 528051, 127615, 40.4, 45.8, 1.00
A, 712727, 360283, 854482, 954395, 360331, 121420, 529219, 127772, 40.3, 45.7, 0.98
A, 715033, 361288, 854748, 956661, 361228, 121439, 530406, 127869, 40.3, 45.7, 1.00
A, 716797, 362172, 854626, 958487, 361965, 121462, 531369, 127894, 40.3, 45.6, 1.00
A, 718677, 363005, 854527, 960398, 362656, 121549, 532315, 128033, 40.3, 45.6, 0.99
A, 720786, 364133, 854729, 962616, 363542, 121607, 533514, 128118, 40.3, 45.6, 1.00
A, 721993, 364699, 854731, 964056, 364110, 121678, 534292, 128186, 40.3, 45.6, 1.01
A, 724317, 366032, 854754, 966299, 365054, 121703, 535537, 128210, 40.2, 45.5, 1.00
A, 725587, 366666, 854909, 967696, 365557, 121769, 536171, 128271, 40.2, 45.5, 1.00
A, 727265, 367429, 855364, 969823, 366277, 121908, 537129, 128372, 40.2, 45.5, 1.00
A, 728975, 368396, 855544, 971599, 366998, 121987, 538062, 128451, 40.2, 45.5, 0.99
A, 730371, 369197, 855612, 973023, 367600, 122045, 538862, 128500, 40.2, 45.5, 1.00
A, 732296, 370110, 856270, 975010, 368368, 122130, 539806, 128568, 40.2, 45.5, 0.99
A, 735194, 371292, 858388, 978631, 369285, 122361, 541005, 128934, 40.2, 45.5, 1.00
A, 735888, 372157, 857557, 979224, 369888, 122412, 541714, 128801, 40.1, 45.4, 1.00
A, 737182, 372973, 857708, 980744, 370440, 122450, 542397, 128879, 40.1, 45.4, 1.01
A, 738327, 373672, 857650, 982018, 371027, 122531, 543200, 128929, 40.1, 45.4, 1.00
A, 739711, 374607, 857591, 983188, 371663, 122524, 543986, 128892, 40.1, 45.4, 0.99
A, 740761, 375346, 857513, 984237, 372146, 122623, 544672, 128819, 40.1, 45.3, 0.99
A, 741680, 376013, 857740, 985818, 372640, 122655, 545383, 129020, 40.1, 45.3, 0.99
A, 742581, 376793, 857608, 986899, 373156, 122723, 546020, 128927, 40.0, 45.3, 0.99
A, 743881, 377538, 857839, 988232, 373751, 122803, 546782, 129012, 40.0, 45.3, 1.00
A, 744862, 378245, 858079, 989364, 374210, 122851, 547381, 129037, 40.0, 45.3, 1.00
A, 746004, 379045, 858223, 990709, 374758, 122975, 548126, 129089, 40.0, 45.3, 1.00
A, 746761, 379794, 857965, 991642, 375234, 123054, 548780, 129122, 40.0, 45.3, 1.01
A, 747652, 380315, 858155, 992843, 375706, 123112, 549347, 129142, 40.0, 45.3, 1.00
A, 748705, 381191, 858203, 994001, 376245, 123155, 550074, 129135, 40.0, 45.2, 0.99
A, 749224, 381621, 858211, 994809, 376578, 123179, 550503, 129231, 40.0, 45.2, 1.00
A, 750353, 382600, 858195, 995983, 377204, 123260, 551324, 129197, 39.9, 45.2, 1.00
A, 751040, 382965, 858290, 996767, 377544, 123311, 551710, 129203, 39.9, 45.2, 0.99
A, 751950, 383570, 858682, 998121, 377904, 123407, 552291, 129310, 39.9, 45.2, 1.00
A, 753160, 384336, 859268, 999583, 378521, 123476, 552967, 129395, 39.9, 45.2, 1.01
A, 754067, 384949, 859481, 1000672, 378932, 123561, 553514, 129396, 39.9, 45.2, 1.00
A, 756591, 385776, 861934, 1003544, 379652, 123823, 554417, 129772, 39.9, 45.2, 1.00
A, 757515, 386641, 862099, 1004437, 380205, 123866, 555134, 129642, 39.9, 45.2, 1.00
A, 757992, 387151, 862070, 1005113, 380525, 123941, 555506, 129646, 39.9, 45.2, 0.99
A, 758667, 387727, 862293, 1006299, 380893, 124014, 556018, 129768, 39.9, 45.2, 1.00
A, 759339, 388299, 862412, 1007244, 381239, 124071, 556458, 129722, 39.8, 45.2, 1.00
A, 760117, 388893, 862664, 1008034, 381667, 124155, 556989, 129814, 39.8, 45.2, 1.00
A, 760768, 389430, 862969, 1008912, 382083, 124203, 557432, 129828, 39.8, 45.2, 1.00
A, 761331, 390057, 863079, 1009858, 382414, 124248, 557990, 129808, 39.8, 45.2, 1.00
A, 761802, 390538, 863076, 1010465, 382705, 124315, 558327, 129770, 39.8, 45.2, 1.00
A, 762528, 391053, 863464, 1011461, 383091, 124452, 558866, 129851, 39.8, 45.2, 1.00
A, 763028, 391527, 863515, 1012132, 383419, 124462, 559250, 129906, 39.8, 45.2, 1.00
A, 763679, 392075, 863421, 1012587, 383742, 124603, 559740, 129855, 39.8, 45.2, 1.00
A, 764027, 392513, 863390, 1013001, 384003, 124591, 560007, 129788, 39.8, 45.2, 1.00
A, 764291, 392888, 863464, 1013827, 384289, 124714, 560379, 129809, 39.8, 45.2, 0.99
A, 764683, 393422, 863353, 1014380, 384692, 124685, 560880, 129849, 39.8, 45.2, 1.00
A, 765156, 393738, 863398, 1014972, 384807, 124711, 561204, 129860, 39.8, 45.2, 1.01
A, 765638, 394343, 863479, 1015653, 385229, 124835, 561699, 129812, 39.7, 45.2, 1.00
A, 765858, 394581, 863457, 1016066, 385429, 124852, 561875, 129859, 39.7, 45.2, 1.00
A, 766658, 394930, 864029, 1016965, 385766, 125025, 562347, 129815, 39.7, 45.2, 1.00
A, 767068, 395326, 864196, 1017823, 385978, 125008, 562657, 129823, 39.7, 45.2, 1.00
A, 768754, 395822, 865978, 1019936, 386526, 125232, 563294, 130093, 39.7, 45.2, 1.00
A, 768943, 396366, 865840, 1020285, 386753, 125200, 563615, 130035, 39.7, 45.2, 1.00
A, 768967, 396701, 865252, 1020123, 386958, 125193, 563895, 129943, 39.7, 45.2, 1.00
A, 768671, 396924, 864528, 1019891, 387081, 125191, 564064, 129804, 39.7, 45.2, 1.00
A, 768769, 397143, 864388, 1020377, 387304, 125287, 564376, 129913, 39.7, 45.2, 1.00
A, 769241, 397438, 864500, 1021035, 387489, 125311, 564683, 129913, 39.7, 45.2, 1.00
A, 769906, 397850, 865105, 1021827, 387835, 125411, 565084, 129913, 39.7, 45.2, 1.00
A, 770157, 398068, 865056, 1022350, 388003, 125512, 565442, 129913, 39.7, 45.2, 1.00
A, 771046, 398496, 865725, 1023178, 388386, 125575, 565874, 129990, 39.7, 45.2, 0.99
A, 771396, 398838, 865876, 1023660, 388682, 125661, 566080, 130019, 39.6, 45.2, 1.00
A, 771130, 398935, 865279, 1023689, 388657, 125634, 566225, 129923, 39.6, 45.2, 1.00
A, 770423, 399199, 864076, 1023220, 388755, 125588, 566354, 129764, 39.6, 45.3, 0.99
A, 771243, 399399, 864617, 1023964, 389013, 125697, 566689, 129853, 39.6, 45.3, 1.00
A, 772282, 399946, 865592, 1025169, 389445, 125743, 567190, 129948, 39.6, 45.2, 1.01
A, 772585, 400070, 865862, 1025892, 389650, 125811, 567512, 129936, 39.6, 45.2, 1.00
A, 773103, 400503, 865906, 1026172, 389880, 125914, 567960, 129936, 39.6, 45.2, 0.99
A, 773283, 400673, 866103, 1026959, 390068, 125996, 568031, 129978, 39.6, 45.2, 1.01
A, 773585, 401045, 866146, 1027326, 390446, 125928, 568399, 129908, 39.6, 45.2, 1.00
A, 773922, 401145, 866086, 1027484, 390478, 126043, 568595, 129953, 39.6, 45.2, 0.99
A, 774468, 401461, 866811, 1028630, 390725, 126140, 568948, 129990, 39.6, 45.2, 0.99
A, 776267, 401919, 868935, 1030925, 391210, 126421, 569558, 130285, 39.6, 45.3, 1.01
A, 775994, 402216, 868362, 1030689, 391407, 126344, 569744, 130198, 39.6, 45.3, 1.01
A, 776228, 402472, 868187, 1030842, 391507, 126401, 569939, 130179, 39.5, 45.3, 1.00
A, 776398, 402676, 868389, 1031228, 391746, 126456, 570172, 130148, 39.5, 45.3, 1.00
A, 776532, 402901, 868317, 1031450, 391848, 126472, 570366, 130037, 39.5, 45.3, 1.00
A, 776932, 403082, 868794, 1032217, 392051, 126602, 570633, 130144, 39.5, 45.3, 1.00
A, 777224, 403368, 868891, 1032663, 392230, 126633, 570884, 130097, 39.5, 45.3, 1.00
A, 777609, 403556, 869211, 1033158, 392434, 126722, 571075, 130222, 39.5, 45.3, 0.99
A, 777857, 403820, 869578, 1033743, 392644, 126820, 571379, 130193, 39.5, 45.3, 1.00
A, 778302, 404062, 869644, 1033964, 392836, 126821, 571607, 130110, 39.5, 45.3, 1.00
A, 778356, 404208, 869676, 1034187, 392946, 126871, 571860, 130123, 39.5, 45.3, 1.00
A, 778617, 404432, 869970, 1034907, 393098, 126891, 572066, 130126, 39.5, 45.3, 1.00
A, 778882, 404660, 870054, 1035168, 393304, 126955, 572218, 130192, 39.5, 45.3, 0.98
A, 778939, 404742, 870135, 1035490, 393404, 126996, 572416, 130178, 39.5, 45.3, 1.00
A, 779368, 405052, 870421, 1035973, 393646, 127070, 572681, 130158, 39.5, 45.4, 1.01
A, 779467, 405081, 870459, 1036054, 393721, 127070, 572773, 130062, 39.5, 45.4, 1.01
A, 779366, 405360, 870283, 1036310, 393924, 127174, 573022, 130132, 39.5, 45.4, 1.00
A, 779391, 405447, 870319, 1036623, 393973, 127171, 573147, 130134, 39.5, 45.4, 1.00
A, 780023, 405607, 870779, 1037200, 394169, 127329, 573445, 130187, 39.5, 45.4, 0.99
A, 780389, 405774, 871072, 1037680, 394351, 127385, 573651, 130168, 39.4, 45.4, 1.00
A, 782128, 406245, 873478, 1039985, 394838, 127682, 574197, 130461, 39.4, 45.4, 1.01
A, 781970, 406581, 873108, 1039852, 394970, 127570, 574413, 130323, 39.4, 45.4, 0.99
A, 781864, 406575, 872984, 1039794, 395020, 127645, 574413, 130259, 39.4, 45.4, 1.00
A, 782003, 406778, 873215, 1040233, 395168, 127701, 574618, 130314, 39.4, 45.4, 1.00
A, 781832, 406780, 873018, 1040244, 395157, 127780, 574688, 130308, 39.4, 45.4, 1.01
A, 782108, 406980, 873276, 1040608, 395340, 127785, 574879, 130337, 39.4, 45.4, 0.99
A, 782308, 407104, 873377, 1040734, 395492, 127777, 575025, 130262, 39.4, 45.4, 1.00
A, 782175, 407187, 873190, 1040738, 395517, 127802, 575153, 130226, 39.4, 45.4, 0.99
A, 782187, 407348, 873295, 1041172, 395649, 127936, 575310, 130221, 39.4, 45.4, 1.01
A, 782373, 407419, 873322, 1041218, 395747, 127956, 575476, 130241, 39.4, 45.4, 1.00
A, 782670, 407574, 873760, 1041792, 395910, 128002, 575634, 130258, 39.4, 45.4, 1.00
A, 782869, 407720, 873989, 1042161, 396032, 128083, 575816, 130219, 39.4, 45.4, 0.99
A, 783126, 407848, 874237, 1042196, 396118, 128104, 575924, 130113, 39.4, 45.4, 0.99
A, 783052, 407940, 874120, 1042378, 396272, 128108, 576046, 130177, 39.4, 45.5, 0.99
A, 783245, 407976, 874378, 1042878, 396381, 128221, 576252, 130250, 39.4, 45.5, 1.00
A, 783186, 408163, 874087, 1042701, 396527, 128257, 576387, 130196, 39.4, 45.5, 1.01
A, 783164, 408140, 874082, 1042731, 396511, 128219, 576471, 130083, 39.4, 45.5, 1.00
A, 782988, 408319, 873837, 1042780, 396641, 128276, 576547, 130131, 39.4, 45.5, 1.00
A, 782910, 408291, 873895, 1042931, 396622, 128279, 576603, 130110, 39.4, 45.5, 1.01
A, 783269, 408364, 874304, 1043411, 396777, 128325, 576874, 130174, 39.4, 45.5, 1.00
A, 785028, 408707, 876472, 1045556, 397171, 128597, 577325, 130371, 39.3, 45.5, 1.00
A, 784263, 408772, 875398, 1044474, 397182, 128425, 577367, 130163, 39.3, 45.5, 1.01
A, 783836, 408772, 874832, 1044179, 397155, 128498, 577295, 130206, 39.3, 45.5, 0.99
A, 784031, 408744, 875033, 1044431, 397217, 128487, 577405, 130082, 39.3, 45.5, 0.98
A, 783606, 408752, 874517, 1044164, 397171, 128573, 577436, 130037, 39.3, 45.5, 1.00
A, 783855, 408801, 874852, 1044579, 397259, 128646, 577655, 130079, 39.3, 45.5, 0.99
A, 784346, 408970, 875167, 1045087, 397485, 128677, 577800, 130097, 39.3, 45.5, 1.00
A, 784115, 408884, 874975, 1044832, 397528, 128670, 577931, 130011, 39.3, 45.5, 0.99
A, 784135, 408996, 874984, 1045074, 397584, 128690, 577944, 130069, 39.3, 45.5, 1.00
A, 784600, 409100, 875577, 1045540, 397717, 128686, 578076, 129984, 39.3, 45.5, 1.00
A, 784755, 409258, 875859, 1045880, 397882, 128811, 578322, 130054, 39.3, 45.6, 0.99
A, 784905, 409249, 875998, 1046324, 397976, 128861, 578459, 130152, 39.3, 45.6, 1.00
A, 785313, 409520, 876547, 1046970, 398175, 128976, 578736, 130158, 39.3, 45.6, 1.00
A, 785762, 409616, 876904, 1047202, 398329, 128995, 578873, 130120, 39.3, 45.6, 0.99
A, 785569, 409641, 876797, 1047176, 398349, 129091, 578912, 130091, 39.3, 45.6, 1.01
A, 785562, 409706, 876832, 1047437, 398396, 129113, 579081, 130055, 39.3, 45.6, 1.00
A, 785914, 409809, 877046, 1047588, 398594, 129112, 579178, 130117, 39.3, 45.6, 0.99
A, 785829, 409835, 877194, 1047951, 398558, 129196, 579211, 130102, 39.3, 45.6, 1.00
A, 785956, 410010, 877176, 1048050, 398776, 129189, 579465, 130123, 39.3, 45.6, 1.01
A, 786074, 409998, 877461, 1048061, 398710, 129253, 579539, 130068, 39.3, 45.6, 0.98
A, 787680, 410291, 879652, 1050475, 399214, 129494, 579990, 130336, 39.3, 45.6, 1.00
A, 787282, 410381, 878981, 1049885, 399186, 129487, 579965, 130219, 39.3, 45.6, 1.00
A, 786673, 410324, 878383, 1049372, 399100, 129435, 579934, 130147, 39.3, 45.6, 1.00
A, 787153, 410461, 878872, 1049947, 399261, 129557, 580171, 130193, 39.2, 45.6, 1.01
A, 787351, 410550, 879223, 1050176, 399354, 129551, 580228, 130164, 39.2, 45.6, 1.00
A, 787243, 410600, 879306, 1050297, 399401, 129575, 580283, 130213, 39.2, 45.7, 1.00
A, 787478, 410657, 879603, 1050473, 399494, 129623, 580441, 130136, 39.2, 45.7, 1.01
A, 787631, 410685, 879751, 1050735, 399597, 129735, 580526, 130191, 39.2, 45.7, 0.99
A, 787816, 410760, 879979, 1051069, 399679, 129754, 580678, 130250, 39.2, 45.7, 1.00
A, 787930, 410822, 880255, 1051301, 399808, 129874, 580824, 130210, 39.2, 45.7, 1.00
A, 788093, 410929, 880461, 1051559, 399848, 129772, 580866, 130147, 39.2, 45.7, 0.99
A, 788006, 410923, 880486, 1051577, 399925, 129862, 580993, 130144, 39.2, 45.7, 1.00
A, 787891, 411043, 880450, 1051627, 399909, 129860, 581030, 130157, 39.2, 45.7, 1.00
A, 788306, 411127, 880843, 1051984, 400071, 129925, 581152, 130169, 39.2, 45.7, 0.99
A, 788306, 411228, 880890, 1051994, 400065, 129960, 581257, 130102, 39.2, 45.7, 1.00
A, 788094, 411177, 880805, 1051883, 400109, 129965, 581252, 130082, 39.2, 45.8, 1.00
A, 788313, 411220, 881079, 1052046, 400154, 130050, 581394, 130047, 39.2, 45.8, 1.00
A, 788028, 411270, 880796, 1051893, 400251, 129997, 581518, 129976, 39.2, 45.7, 0.99
A, 787989, 411147, 880795, 1052036, 400267, 130097, 581509, 130066, 39.2, 45.7, 1.00
A, 788057, 411302, 880893, 1052051, 400311, 130066, 581576, 129956, 39.2, 45.8, 1.01
A, 789157, 411387, 882454, 1053585, 400520, 130257, 581886, 130160, 39.2, 45.8, 1.01
A, 789233, 411530, 882636, 1053958, 400671, 130282, 582020, 130217, 39.2, 45.8, 1.01
A, 789124, 411517, 882643, 1053781, 400692, 130332, 582070, 130161, 39.2, 45.8, 0.99
A, 789165, 411561, 882597, 1053740, 400732, 130400, 582051, 130095, 39.2, 45.8, 1.00
A, 789461, 411713, 883044, 1054193, 400852, 130472, 582244, 130122, 39.2, 45.8, 1.00
A, 789496, 411775, 883114, 1054098, 400931, 130358, 582273, 130135, 39.2, 45.8, 1.00
A, 789264, 411725, 882906, 1053829, 400887, 130449, 582305, 130026, 39.2, 45.8, 1.01
A, 789253, 411820, 883196, 1054369, 400974, 130580, 582372, 130153, 39.2, 45.8, 1.01
A, 789225, 411770, 883117, 1054337, 400999, 130573, 582436, 130096, 39.2, 45.8, 0.99
A, 789482, 411876, 883447, 1054515, 401066, 130560, 582555, 130114, 39.2, 45.8, 1.00
A, 789608, 411849, 883716, 1054634, 401135, 130619, 582650, 130128, 39.2, 45.8, 1.00
A, 789698, 411911, 883976, 1054976, 401174, 130616, 582765, 130066, 39.2, 45.8, 0.99
A, 789580, 411992, 884018, 1054952, 401190, 130683, 582843, 130090, 39.2, 45.9, 1.01
A, 789560, 411953, 883999, 1054952, 401244, 130732, 582802, 130078, 39.2, 45.9, 1.01
A, 789889, 412027, 884472, 1055490, 401301, 130844, 582955, 130074, 39.1, 45.9, 1.01
A, 789933, 412057, 884282, 1055164, 401406, 130721, 582997, 130023, 39.1, 45.9, 1.00
A, 789837, 412032, 884346, 1055028, 401433, 130839, 583100, 130057, 39.1, 45.9, 0.99
A, 789647, 411992, 884332, 1055283, 401387, 130892, 583092, 129981, 39.1, 45.9, 1.00
A, 789523, 412119, 884293, 1055262, 401538, 130835, 583198, 129959, 39.1, 45.9, 1.01
A, 789539, 412025, 884325, 1055203, 401481, 130860, 583210, 130002, 39.1, 45.9, 1.00
A, 791376, 412431, 886940, 1057528, 401956, 131168, 583687, 130285, 39.1, 45.9, 0.99
A, 790878, 412438, 886188, 1056703, 401911, 131075, 583620, 130059, 39.1, 45.9, 1.00
A, 790501, 412385, 885757, 1056471, 401842, 131094, 583610, 130051, 39.1, 45.9, 1.01
A, 789903, 412250, 885270, 1055901, 401744, 131077, 583428, 129901, 39.1, 45.9, 1.00
A, 789484, 412183, 884841, 1055595, 401681, 131045, 583442, 129884, 39.1, 45.9, 1.00
A, 789985, 412174, 885527, 1056245, 401816, 131207, 583580, 129951, 39.1, 45.9, 1.01
A, 790193, 412229, 885839, 1056344, 401908, 131204, 583691, 129931, 39.1, 45.9, 1.01
A, 789671, 412182, 885248, 1055889, 401841, 131148, 583709, 129817, 39.1, 45.9, 1.00
A, 789865, 412245, 885714, 1056474, 401932, 131230, 583821, 129925, 39.1, 45.9, 1.00
A, 790070, 412240, 885892, 1056548, 402001, 131289, 583819, 129919, 39.1, 45.9, 0.99
A, 790536, 412373, 886529, 1057121, 402072, 131304, 583988, 129992, 39.1, 45.9, 0.99
A, 790740, 412389, 886920, 1057423, 402149, 131361, 584117, 130021, 39.1, 45.9, 1.01
A, 791218, 412563, 887348, 1057655, 402284, 131400, 584243, 129997, 39.1, 45.9, 0.99
A, 791042, 412556, 887404, 1057585, 402321, 131439, 584282, 129887, 39.1, 45.9, 1.00
A, 790875, 412525, 887438, 1057799, 402295, 131464, 584299, 129959, 39.1, 45.9, 1.01
A, 790993, 412565, 887648, 1058042, 402373, 131555, 584397, 129958, 39.1, 46.0, 1.01
A, 791058, 412522, 887719, 1058034, 402419, 131527, 584465, 130026, 39.1, 46.0, 1.00
A, 791461, 412725, 888201, 1058286, 402607, 131557, 584590, 129971, 39.1, 46.0, 1.01
A, 791157, 412682, 888238, 1058434, 402582, 131662, 584612, 129992, 39.1, 46.0, 1.00
A, 791161, 412697, 888164, 1058112, 402651, 131602, 584681, 129883, 39.1, 46.0, 0.99
A, 792231, 412837, 889761, 1059788, 402811, 131861, 584895, 130155, 39.1, 46.0, 1.00
A, 791272, 412942, 888609, 1058550, 402751, 131774, 584811, 129934, 39.1, 46.0, 1.01
A, 790985, 412667, 888040, 1057972, 402595, 131631, 584722, 129831, 39.1, 46.0, 1.01
A, 791136, 412650, 888556, 1058561, 402671, 131837, 584812, 129894, 39.1, 46.0, 0.99
A, 791190, 412703, 888861, 1058631, 402723, 131778, 584830, 129861, 39.1, 46.0, 1.00
A, 791050, 412693, 888741, 1058637, 402702, 131827, 584861, 129844, 39.1, 46.0, 1.00
A, 791471, 412765, 889173, 1059061, 402891, 131851, 585000, 129909, 39.1, 46.0, 1.00
A, 791620, 412836, 889488, 1059118, 402925, 131980, 585047, 129851, 39.1, 46.0, 1.00
A, 791470, 412809, 889325, 1058874, 402933, 131935, 585023, 129885, 39.1, 46.0, 1.01
A, 791698, 412920, 889774, 1059409, 403028, 132009, 585186, 129852, 39.1, 46.0, 1.01
A, 791659, 412892, 889901, 1059360, 403056, 132023, 585243, 129832, 39.1, 46.0, 0.99
A, 791964, 412837, 890295, 1059819, 403155, 132138, 585368, 129904, 39.1, 46.0, 1.00
A, 792024, 412919, 890536, 1059939, 403228, 132095, 585407, 129945, 39.0, 46.1, 1.00
A, 792062, 412926, 890692, 1059921, 403259, 132135, 585466, 129886, 39.0, 46.1, 1.01
A, 791983, 412943, 890650, 1059848, 403241, 132111, 585479, 129843, 39.0, 46.1, 0.99
A, 791843, 412910, 890663, 1060096, 403296, 132203, 585553, 129942, 39.0, 46.1, 1.00
A, 792184, 412984, 891167, 1060377, 403372, 132219, 585615, 129951, 39.0, 46.1, 1.01
A, 792201, 413028, 891319, 1060485, 403386, 132332, 585713, 129917, 39.0, 46.1, 0.99
A, 792359, 413093, 891536, 1060512, 403552, 132294, 585788, 129902, 39.0, 46.1, 1.01
A, 792260, 413070, 891532, 1060393, 403448, 132364, 585789, 129811, 39.0, 46.1, 1.00
A, 793707, 413402, 893610, 1062322, 403742, 132540, 586127, 130089, 39.0, 46.1, 1.00
A, 793518, 413399, 893433, 1062160, 403812, 132518, 586214, 130098, 39.0, 46.1, 1.00
A, 793221, 413429, 893298, 1061940, 403787, 132553, 586145, 130090, 39.0, 46.1, 1.00
A, 793228, 413435, 893329, 1061859, 403784, 132559, 586173, 129955, 39.0, 46.1, 0.99
A, 793244, 413414, 893665, 1061953, 403810, 132614, 586220, 130003, 39.0, 46.1, 1.01
A, 793061, 413406, 893343, 1061633, 403824, 132573, 586158, 129939, 39.0, 46.1, 1.00
A, 792855, 413355, 893237, 1061623, 403756, 132649, 586258, 129897, 39.0, 46.1, 1.00
A, 793049, 413337, 893795, 1061763, 403911, 132708, 586268, 129851, 39.0, 46.1, 1.00
A, 792886, 413308, 893772, 1061966, 403827, 132783, 586253, 129886, 39.0, 46.1, 1.01
A, 793138, 413338, 894168, 1062257, 403885, 132742, 586365, 129901, 39.0, 46.2, 0.99
A, 793195, 413463, 894333, 1062224, 403857, 132757, 586403, 129926, 39.0, 46.2, 1.01
A, 793026, 413441, 894322, 1061996, 403942, 132782, 586484, 129860, 39.0, 46.2, 0.99
A, 793084, 413488, 894472, 1062268, 404028, 132841, 586476, 129916, 39.0, 46.2, 0.99
A, 793044, 413454, 894547, 1062239, 404008, 132831, 586505, 129909, 39.0, 46.2, 1.00
A, 793079, 413432, 894771, 1062216, 404018, 132888, 586503, 129909, 39.0, 46.2, 0.99
A, 793292, 413509, 895196, 1062637, 404081, 132995, 586655, 129947, 39.0, 46.2, 1.01
A, 793475, 413537, 895316, 1062688, 404130, 132950, 586732, 129945, 39.0, 46.2, 0.99
A, 793299, 413521, 895439, 1062490, 404118, 132955, 586663, 129805, 39.0, 46.2, 0.99
A, 793157, 413529, 895403, 1062631, 404125, 133015, 586655, 129849, 39.0, 46.2, 1.00
A, 793080, 413554, 895374, 1062492, 404203, 133027, 586755, 129817, 39.0, 46.2, 1.01
A, 794444, 413697, 897240, 1064011, 404425, 133162, 587010, 129971, 39.0, 46.2, 0.99
A, 793336, 413662, 896033, 1062739, 404341, 133169, 586869, 129793, 39.0, 46.2, 0.99
A, 792836, 413555, 895550, 1062432, 404196, 133021, 586742, 129785, 39.0, 46.2, 1.00
A, 792743, 413490, 895433, 1062022, 404154, 133078, 586700, 129713, 39.0, 46.2, 0.99
A, 792300, 413304, 895136, 1061762, 404101, 133069, 586734, 129700, 39.0, 46.2, 1.00
A, 792401, 413309, 895161, 1061742, 404092, 133005, 586738, 129686, 39.0, 46.2, 0.99
A, 792458, 413269, 895393, 1062036, 404126, 133065, 586777, 129712, 39.0, 46.2, 1.01
A, 793142, 413392, 896251, 1062635, 404332, 133181, 586956, 129765, 39.0, 46.2, 0.99
A, 792859, 413385, 896067, 1062428, 404281, 133208, 586957, 129687, 39.0, 46.2, 1.00
A, 793009, 413387, 896470, 1062870, 404385, 133278, 587041, 129833, 39.0, 46.2, 1.00
A, 793125, 413326, 896711, 1063029, 404436, 133274, 587105, 129790, 39.0, 46.3, 1.00
A, 793546, 413441, 897230, 1063226, 404518, 133331, 587153, 129788, 39.0, 46.3, 1.00
A, 789019, 412855, 891271, 1057590, 403732, 132787, 586213, 128941, 39.0, 46.3, 1.01
A, 785255, 411601, 886534, 1053705, 402674, 132435, 585294, 128629, 39.0, 46.3, 0.99
A, 786952, 411489, 888880, 1055541, 402964, 132567, 585658, 128827, 39.0, 46.3, 1.01
A, 788269, 411744, 890409, 1057273, 403355, 132750, 586156, 129069, 39.0, 46.3, 1.00
A, 789558, 411988, 891946, 1058671, 403660, 132848, 586453, 129268, 39.0, 46.3, 0.99
A, 790755, 412216, 893423, 1059894, 403974, 132929, 586808, 129351, 39.0, 46.3, 1.00
A, 791521, 412266, 894316, 1060794, 404098, 133000, 587037, 129394, 39.0, 46.3, 0.99
A, 792145, 412449, 895280, 1061986, 404342, 133179, 587294, 129589, 39.0, 46.3, 1.00
A, 794268, 412900, 897941, 1064134, 404805, 133412, 587740, 129797, 39.0, 46.3, 0.99
A, 794086, 412960, 897836, 1064176, 404839, 133431, 587742, 129750, 39.0, 46.3, 1.01
A, 793707, 413086, 897367, 1063599, 404808, 133417, 587750, 129608, 38.9, 46.3, 0.99
A, 792521, 412816, 895866, 1062225, 404506, 133293, 587450, 129461, 38.9, 46.3, 1.01
A, 793019, 412782, 896791, 1063163, 404668, 133415, 587630, 129591, 38.9, 46.3, 1.01
A, 793534, 412995, 897562, 1063808, 404853, 133519, 587825, 129644, 38.9, 46.3, 0.99
A, 793731, 412991, 897983, 1064150, 404876, 133525, 587893, 129686, 38.9, 46.3, 1.01
A, 794375, 413282, 898550, 1064561, 405050, 133561, 588018, 129715, 38.9, 46.3, 0.99
A, 794684, 413318, 899292, 1065168, 405181, 133643, 588187, 129715, 38.9, 46.3, 1.00
A, 794683, 413330, 899443, 1065186, 405179, 133789, 588255, 129747, 38.9, 46.4, 1.00
A, 794973, 413427, 899799, 1065442, 405236, 133743, 588243, 129739, 38.9, 46.4, 1.00
A, 795057, 413518, 900295, 1065714, 405305, 133820, 588316, 129748, 38.9, 46.3, 1.00
A, 795268, 413626, 900710, 1066147, 405404, 133915, 588430, 129820, 38.9, 46.3, 1.00
A, 795428, 413723, 901099, 1066428, 405421, 133925, 588520, 129890, 38.9, 46.4, 1.00
A, 795658, 413781, 901487, 1066596, 405541, 133962, 588554, 129777, 38.9, 46.4, 1.01
A, 795473, 413883, 901531, 1066477, 405603, 134010, 588547, 129724, 38.9, 46.4, 1.00
A, 795196, 413822, 901349, 1066360, 405520, 134026, 588570, 129752, 38.9, 46.4, 1.00
A, 795469, 413849, 901802, 1066646, 405595, 134048, 588657, 129822, 38.9, 46.4, 1.01
A, 795572, 413884, 901984, 1066512, 405619, 134029, 588655, 129715, 38.9, 46.4, 1.01
A, 795313, 413883, 901977, 1066261, 405598, 134057, 588638, 129716, 38.9, 46.4, 0.99
A, 796586, 414079, 903683, 1067996, 405772, 134321, 588878, 129958, 38.9, 46.4, 1.00
A, 795846, 414153, 902972, 1066875, 405826, 134180, 588862, 129790, 38.9, 46.4, 0.99
A, 795590, 414036, 902920, 1066907, 405644, 134310, 588754, 129817, 38.9, 46.4, 0.99
A, 795369, 414118, 902719, 1066359, 405712, 134260, 588771, 129648, 38.9, 46.4, 1.01
A, 795256, 414029, 902647, 1066295, 405622, 134186, 588651, 129647, 38.9, 46.4, 0.99
A, 795174, 413991, 902995, 1066615, 405615, 134300, 588715, 129707, 38.9, 46.4, 1.00
A, 795201, 413958, 903164, 1066590, 405621, 134299, 588759, 129691, 38.9, 46.4, 0.99
A, 795220, 413943, 903276, 1066531, 405710, 134317, 588796, 129653, 38.9, 46.4, 1.00
A, 795591, 414053, 903867, 1066992, 405797, 134387, 588831, 129744, 38.9, 46.4, 1.00
A, 795402, 414096, 904030, 1066842, 405782, 134459, 588897, 129726, 38.9, 46.4, 1.01
A, 795205, 414023, 903598, 1066427, 405676, 134343, 588767, 129649, 38.9, 46.4, 1.01
A, 795170, 414041, 904108, 1066859, 405767, 134434, 588821, 129716, 38.9, 46.4, 1.01
A, 795155, 413922, 904154, 1066843, 405802, 134469, 588873, 129690, 38.9, 46.4, 1.01
A, 795277, 414084, 904529, 1066970, 405793, 134523, 589017, 129783, 38.9, 46.4, 1.00
A, 795217, 414014, 904431, 1066783, 405804, 134484, 588912, 129666, 38.9, 46.4, 1.00
A, 795103, 413963, 904622, 1066676, 405789, 134526, 588886, 129692, 38.9, 46.4, 1.01
A, 794916, 413972, 904546, 1066477, 405778, 134488, 588891, 129653, 38.9, 46.4, 0.99
A, 794835, 413962, 904451, 1066367, 405734, 134492, 588858, 129555, 38.9, 46.4, 1.00
A, 795132, 414023, 905025, 1066792, 405788, 134600, 589012, 129631, 38.9, 46.4, 1.00
A, 794958, 413934, 904948, 1066697, 405794, 134573, 588980, 129658, 38.9, 46.4, 0.99
A, 796964, 414327, 907478, 1068879, 406277, 134836, 589450, 129977, 38.9, 46.5, 1.01
A, 796201, 414340, 906915, 1068199, 406139, 134736, 589317, 129810, 38.9, 46.5, 0.99
A, 795307, 414251, 905908, 1067005, 405940, 134707, 589139, 129624, 38.9, 46.5, 0.99
A, 794593, 414017, 905350, 1066566, 405824, 134667, 588959, 129573, 38.9, 46.5, 1.01
A, 794059, 413944, 904662, 1065710, 405777, 134632, 588936, 129526, 38.9, 46.5, 1.01
A, 793769, 413688, 904306, 1065205, 405624, 134592, 588753, 129421, 38.9, 46.5, 1.00
A, 794137, 413670, 904839, 1065733, 405640, 134597, 588885, 129512, 38.9, 46.5, 1.01
A, 794357, 413724, 905165, 1065996, 405767, 134644, 588993, 129514, 38.9, 46.5, 0.99
A, 793913, 413665, 904948, 1065735, 405637, 134644, 588926, 129468, 38.9, 46.5, 1.00
A, 794494, 413710, 905754, 1066376, 405806, 134702, 589081, 129579, 38.9, 46.5, 1.00
A, 794817, 413814, 906157, 1066363, 405867, 134725, 589091, 129459, 38.9, 46.5, 1.01
A, 794278, 413552, 905320, 1065572, 405707, 134608, 588974, 129346, 38.9, 46.5, 0.99
A, 794158, 413657, 905695, 1066050, 405719, 134728, 589048, 129267, 38.9, 46.5, 1.01
A, 793634, 413437, 905059, 1065437, 405666, 134723, 588965, 129378, 38.9, 46.5, 1.00
A, 794062, 413419, 905583, 1065645, 405772, 134752, 589053, 129436, 38.9, 46.5, 0.99
A, 794471, 413527, 906276, 1066365, 405861, 134788, 589205, 129482, 38.8, 46.5, 1.00
A, 794759, 413575, 906773, 1066605, 405937, 134919, 589263, 129473, 38.8, 46.5, 1.00
A, 794907, 413617, 906978, 1066696, 406075, 134906, 589358, 129533, 38.9, 46.6, 1.01
A, 794966, 413654, 907336, 1067116, 406029, 134957, 589339, 129515, 38.9, 46.6, 1.00
A, 795271, 413716, 907791, 1067498, 406115, 134980, 589479, 129579, 38.8, 46.6, 1.01
A, 796633, 413894, 909790, 1069321, 406421, 135147, 589821, 129845, 38.8, 46.6, 1.01
A, 796487, 414127, 909500, 1068728, 406486, 135127, 589854, 129683, 38.8, 46.6, 1.01
A, 795833, 413990, 908983, 1068090, 406365, 135079, 589745, 129584, 38.8, 46.6, 1.00
A, 795112, 413842, 908081, 1067110, 406257, 134993, 589568, 129454, 38.8, 46.6, 0.99
A, 795119, 413740, 908312, 1067290, 406168, 135080, 589496, 129515, 38.8, 46.6, 1.01
A, 795437, 413782, 908944, 1067839, 406261, 135234, 589621, 129510, 38.8, 46.6, 1.00
A, 795668, 413906, 909360, 1068088, 406380, 135222, 589717, 129633, 38.8, 46.6, 1.00
A, 795906, 413949, 909817, 1068151, 406423, 135222, 589762, 129587, 38.8, 46.6, 0.99
A, 795794, 413903, 909783, 1068092, 406357, 135229, 589719, 129569, 38.8, 46.6, 0.99
A, 795609, 413929, 909606, 1068082, 406376, 135252, 589749, 129549, 38.8, 46.6, 1.01
A, 795802, 413971, 910261, 1068543, 406486, 135312, 589855, 129608, 38.8, 46.6, 1.00
A, 795939, 414006, 910438, 1068427, 406469, 135333, 589891, 129590, 38.8, 46.6, 1.00
A, 796206, 414029, 910979, 1069018, 406584, 135384, 589967, 129645, 38.8, 46.6, 1.01
A, 796217, 414130, 911220, 1068891, 406603, 135407, 589996, 129651, 38.8, 46.6, 1.00
A, 796238, 414104, 911155, 1068738, 406590, 135443, 590033, 129629, 38.8, 46.6, 0.99
A, 796326, 414153, 911628, 1069133, 406649, 135479, 590009, 129720, 38.8, 46.6, 1.01
A, 796233, 414135, 911637, 1069057, 406637, 135509, 590101, 129724, 38.8, 46.6, 0.99
A, 796254, 414159, 911584, 1068631, 406674, 135531, 590098, 129555, 38.8, 46.6, 1.00
A, 796071, 414151, 911653, 1068537, 406608, 135513, 590010, 129541, 38.8, 46.6, 1.00
A, 795808, 414074, 911633, 1068601, 406584, 135488, 590026, 129567, 38.8, 46.6, 0.99
M, 791347, 413466, 904687, 1061077, 405787, 134708, 588798, 128343, 38.8, 46.6, 0.00
M, 781011, 410779, 891458, 1049187, 402876, 133453, 585318, 126708, 38.8, 46.6, 0.60
M, 773531, 408443, 881272, 1039994, 400661, 132459, 582870, 125583, 38.9, 46.6, 0.74
M, 767851, 406564, 873097, 1032735, 399217, 131568, 581653, 124708, 38.9, 46.6, 0.83
M, 763426, 405144, 866001, 1026869, 398150, 130823, 581003, 124017, 38.9, 46.6, 0.90
M, 760384, 404336, 860084, 1022711, 397568, 130187, 580710, 123553, 38.9, 46.6, 0.94
M, 758575, 403691, 854259, 1018836, 397169, 129491, 580796, 123059, 38.9, 46.4, 0.96
M, 757333, 403234, 850261, 1016754, 396949, 129042, 580894, 122704, 38.9, 46.4, 0.98
M, 756734, 402926, 845930, 1015005, 396839, 128594, 581162, 122367, 38.9, 46.4, 0.98
M, 756714, 402633, 843663, 1014535, 396784, 128354, 581372, 122190, 38.9, 46.4, 0.99
M, 757644, 402431, 841879, 1014784, 396905, 128089, 581717, 122218, 38.9, 46.4, 0.99
M, 758576, 402232, 840107, 1015173, 397111, 127868, 582139, 122160, 38.8, 46.3, 1.00
M, 759746, 402076, 838497, 1015940, 397340, 127656, 582580, 122054, 38.8, 46.3, 0.99
M, 760784, 401748, 836840, 1016479, 397460, 127394, 582930, 121969, 38.8, 46.3, 1.00
M, 761926, 401516, 836032, 1017856, 397689, 127414, 583387, 121979, 38.8, 46.3, 0.99
M, 763525, 401451, 835725, 1019424, 398065, 127362, 583888, 122028, 38.8, 46.3, 0.99
M, 764617, 401270, 835187, 1020778, 398321, 127267, 584399, 122092, 38.8, 46.3, 1.01
M, 766420, 401169, 835177, 1022601, 398721, 127252, 585033, 122164, 38.8, 46.2, 1.00
M, 767884, 401100, 835080, 1024209, 399134, 127238, 585600, 122220, 38.8, 46.2, 1.00
M, 768964, 400870, 834690, 1025580, 399449, 127230, 586090, 122214, 38.8, 46.2, 1.01
M, 771325, 400962, 836115, 1028501, 399935, 127389, 586883, 122460, 38.8, 46.2, 1.00
M, 772194, 401014, 835816, 1029547, 400376, 127374, 587419, 122343, 38.8, 46.2, 1.00
M, 772685, 400835, 835172, 1030388, 400648, 127318, 587770, 122411, 38.8, 46.2, 1.00
M, 773689, 400740, 835075, 1031713, 401025, 127362, 588303, 122466, 38.8, 46.2, 1.00
M, 774611, 400724, 834985, 1032913, 401383, 127289, 588847, 122445, 38.8, 46.2, 1.01
M, 774881, 400593, 834390, 1033651, 401652, 127290, 589179, 122379, 38.8, 46.2, 1.00
M, 775809, 400598, 834596, 1035077, 402095, 127326, 589833, 122566, 38.8, 46.2, 1.00
M, 777272, 400745, 835075, 1036529, 402656, 127402, 590527, 122561, 38.8, 46.2, 0.99
M, 777808, 400689, 834913, 1037458, 402936, 127441, 591005, 122599, 38.8, 46.2, 1.00
M, 778578, 400803, 834841, 1038661, 403353, 127302, 591599, 122613, 38.8, 46.2, 1.00
M, 779335, 400807, 835209, 1039810, 403700, 127459, 592031, 122672, 38.8, 46.2, 1.00
M, 780348, 400944, 835941, 1041484, 404147, 127541, 592539, 122717, 38.8, 46.2, 1.01
M, 781302, 401191, 836378, 1042707, 404598, 127619, 593104, 122806, 38.8, 46.2, 1.00
M, 782270, 401383, 836704, 1043884, 405102, 127663, 593743, 122880, 38.8, 46.2, 1.00
M, 782778, 401420, 836997, 1045050, 405403, 127714, 594178, 122993, 38.8, 46.2, 1.00
M, 784067, 401729, 838057, 1046782, 405931, 127849, 594823, 123061, 38.8, 46.2, 1.00
M, 784719, 401944, 838255, 1047813, 406295, 127839, 595377, 123078, 38.8, 46.2, 1.00
M, 785673, 402160, 838712, 1048996, 406712, 127950, 595854, 123182, 38.8, 46.2, 1.00
M, 786357, 402350, 839142, 1049978, 407068, 128006, 596334, 123198, 38.8, 46.2, 1.00
M, 787289, 402707, 839665, 1051329, 407543, 128078, 596907, 123255, 38.8, 46.2, 1.00
M, 788994, 403109, 841422, 1053609, 408111, 128244, 597599, 123507, 38.8, 46.2, 1.00
M, 789204, 403365, 841346, 1054149, 408505, 128292, 597963, 123451, 38.8, 46.2, 1.00
M, 789052, 403413, 840894, 1054338, 408597, 128242, 598211, 123351, 38.8, 46.2, 1.00
M, 789028, 403591, 840543, 1054526, 408827, 128265, 598546, 123393, 38.8, 46.2, 1.00
M, 789762, 403772, 841054, 1055599, 409182, 128368, 598945, 123407, 38.8, 46.2, 1.01
M, 790385, 404027, 841412, 1056252, 409542, 128377, 599407, 123407, 38.8, 46.2, 1.00
M, 790697, 404192, 841410, 1056908, 409755, 128429, 599742, 123443, 38.8, 46.2, 1.00
M, 791064, 404408, 841570, 1057600, 410083, 128451, 600105, 123484, 38.8, 46.2, 1.00
M, 791639, 404677, 842008, 1058440, 410435, 128502, 600592, 123482, 38.8, 46.2, 1.00
M, 791898, 404787, 842143, 1059039, 410689, 128554, 600842, 123604, 38.8, 46.2, 1.00
M, 792505, 405071, 842477, 1059783, 411042, 128593, 601329, 123460, 38.8, 46.2, 1.00
M, 792813, 405253, 842779, 1060419, 411237, 128633, 601554, 123559, 38.8, 46.2, 1.00
M, 793435, 405515, 843242, 1061472, 411514, 128712, 601937, 123642, 38.8, 46.2, 1.00
M, 793938, 405666, 843684, 1062302, 411822, 128764, 602300, 123690, 38.8, 46.2, 1.00
M, 794307, 405900, 843959, 1062777, 411965, 128799, 602663, 123697, 38.8, 46.2, 1.00
M, 795105, 406133, 844781, 1063903, 412368, 128883, 603058, 123821, 38.8, 46.2, 1.00
M, 795579, 406450, 845166, 1064662, 412686, 128952, 603470, 123788, 38.8, 46.2, 1.00
M, 795778, 406624, 845103, 1064841, 412883, 128935, 603686, 123774, 38.8, 46.2, 0.99
M, 796263, 406834, 845691, 1065935, 413188, 129060, 603985, 123867, 38.8, 46.2, 1.00
M, 796522, 406994, 846041, 1066470, 413452, 129108, 604297, 123872, 38.8, 46.3, 1.02
M, 798162, 407340, 847904, 1068623, 413869, 129352, 604851, 124163, 38.8, 46.3, 1.00
M, 798373, 407710, 847841, 1068878, 414145, 129270, 605189, 124043, 38.8, 46.3, 1.00
M, 798640, 407948, 848167, 1069205, 414378, 129282, 605378, 124050, 38.8, 46.3, 1.00
M, 798591, 408118, 848125, 1069541, 414488, 129283, 605594, 124015, 38.8, 46.3, 1.00
M, 798744, 408178, 848132, 1069825, 414632, 129401, 605824, 124042, 38.8, 46.3, 1.00
M, 799187, 408375, 848705, 1070534, 414873, 129468, 606171, 124047, 38.8, 46.3, 1.01
M, 799350, 408553, 848863, 1070970, 415076, 129471, 606349, 124093, 38.8, 46.3, 1.01
M, 799948, 408817, 849303, 1071507, 415347, 129498, 606704, 124118, 38.8, 46.3, 1.00
M, 799973, 408903, 849442, 1071934, 415405, 129562, 606799, 124089, 38.8, 46.3, 1.01
M, 799918, 409208, 849332, 1072040, 415626, 129626, 607102, 124091, 38.8, 46.3, 0.99
M, 799956, 409157, 849399, 1072359, 415720, 129594, 607190, 124115, 38.8, 46.3, 1.00
M, 800055, 409432, 849576, 1072543, 415976, 129628, 607501, 124048, 38.8, 46.3, 1.00
M, 800199, 409331, 849503, 1072618, 416047, 129616, 607566, 124030, 38.8, 46.3, 0.99
M, 800506, 409475, 849874, 1073340, 416189, 129624, 607833, 124084, 38.8, 46.3, 1.00
M, 800833, 409707, 850255, 1073801, 416416, 129694, 608095, 124137, 38.8, 46.3, 1.00
M, 800946, 409746, 850497, 1074198, 416505, 129740, 608259, 124182, 38.8, 46.3, 1.00
M, 801442, 409990, 851023, 1074963, 416717, 129868, 608568, 124245, 38.8, 46.3, 1.00
M, 801889, 410183, 851431, 1075159, 416984, 129875, 608799, 124187, 38.8, 46.3, 0.99
M, 801968, 410265, 851504, 1075559, 417064, 129905, 608998, 124220, 38.8, 46.3, 1.00
M, 802170, 410435, 851964, 1076190, 417325, 129970, 609242, 124259, 38.8, 46.3, 1.00
M, 803817, 410765, 854012, 1078419, 417718, 130173, 609717, 124474, 38.8, 46.3, 1.00
M, 803748, 410972, 853852, 1078135, 417855, 130173, 609926, 124399, 38.8, 46.3, 1.00
M, 803347, 410891, 853516, 1078018, 417913, 130144, 609961, 124391, 38.8, 46.3, 1.00
M, 802955, 410995, 853197, 1077724, 417941, 130131, 610053, 124314, 38.8, 46.3, 1.00
M, 802787, 410976, 852735, 1077400, 418001, 130033, 610050, 124260, 38.8, 46.3, 1.01
M, 802565, 410981, 852615, 1077516, 417992, 130056, 610116, 124214, 38.8, 46.3, 1.00
M, 803079, 411122, 853340, 1078230, 418222, 130173, 610377, 124351, 38.8, 46.3, 1.00
M, 803192, 411198, 853538, 1078584, 418324, 130231, 610585, 124365, 38.8, 46.3, 1.00
M, 803743, 411458, 853988, 1078993, 418534, 130256, 610909, 124353, 38.8, 46.3, 1.00
M, 803810, 411407, 854292, 1079399, 418661, 130258, 610950, 124293, 38.8, 46.3, 1.00
M, 803959, 411679, 854347, 1079604, 418887, 130286, 611201, 124395, 38.8, 46.3, 1.00
M, 804131, 411640, 854661, 1079920, 418960, 130405, 611363, 124325, 38.8, 46.3, 1.00
M, 804561, 411753, 855465, 1080823, 419154, 130425, 611598, 124445, 38.8, 46.3, 1.00
M, 805071, 411887, 855945, 1081260, 419347, 130535, 611821, 124481, 38.8, 46.4, 0.99
M, 805469, 412099, 856436, 1081603, 419520, 130555, 612037, 124491, 38.8, 46.4, 1.00
M, 805512, 412119, 856496, 1081837, 419629, 130547, 612147, 124500, 38.8, 46.4, 0.99
M, 805366, 412201, 856630, 1082184, 419667, 130553, 612253, 124512, 38.8, 46.4, 1.00
M, 805796, 412365, 857181, 1082781, 419831, 130604, 612447, 124587, 38.8, 46.4, 0.99
M, 805850, 412385, 857350, 1082746, 419943, 130677, 612578, 124538, 38.8, 46.4, 1.00
M, 806336, 412611, 857845, 1083329, 420141, 130759, 612835, 124593, 38.8, 46.4, 0.99
M, 808017, 412952, 860199, 1085570, 420552, 130906, 613346, 124840, 38.8, 46.4, 0.99
M, 807525, 413072, 859447, 1084939, 420543, 130869, 613257, 124736, 38.8, 46.4, 1.00
M, 807137, 412991, 859254, 1084795, 420563, 130888, 613363, 124638, 38.8, 46.4, 0.99
M, 806559, 413016, 858882, 1084421, 420505, 130887, 613321, 124579, 38.8, 46.4, 1.01
M, 806671, 412982, 859069, 1084650, 420563, 130893, 613404, 124595, 38.8, 46.4, 1.00
M, 807202, 413167, 859642, 1085133, 420771, 130918, 613610, 124679, 38.8, 46.4, 1.00
M, 807429, 413259, 860226, 1085631, 420880, 131049, 613747, 124689, 38.8, 46.4, 1.00
M, 807296, 413297, 860247, 1085601, 420971, 130991, 613910, 124664, 38.8, 46.4, 1.00
M, 807451, 413342, 860295, 1085544, 420987, 131057, 613967, 124608, 38.8, 46.4, 0.99
M, 807542, 413500, 860601, 1085904, 421173, 131035, 614178, 124683, 38.8, 46.4, 1.01
M, 807464, 413478, 860694, 1085834, 421204, 131064, 614136, 124672, 38.8, 46.4, 1.00
M, 807381, 413612, 860644, 1085729, 421334, 131097, 614352, 124632, 38.8, 46.4, 1.00
M, 807063, 413417, 860413, 1085732, 421210, 131105, 614215, 124532, 38.8, 46.4, 1.01
M, 807372, 413563, 860898, 1086220, 421378, 131177, 614459, 124670, 38.8, 46.4, 1.01
M, 807598, 413602, 861371, 1086681, 421526, 131196, 614651, 124708, 38.8, 46.4, 1.01
M, 807934, 413677, 861693, 1086621, 421580, 131180, 614777, 124700, 38.8, 46.4, 1.00
M, 807851, 413720, 861785, 1086738, 421702, 131192, 614864, 124644, 38.8, 46.4, 0.99
M, 807860, 413707, 862034, 1087159, 421760, 131277, 614924, 124685, 38.8, 46.4, 1.00
M, 808318, 413831, 862534, 1087632, 421929, 131259, 615121, 124718, 38.8, 46.4, 1.00
M, 808357, 413827, 862797, 1087843, 421991, 131386, 615228, 124713, 38.8, 46.4, 1.01
M, 810189, 414218, 865278, 1090218, 422398, 131567, 615692, 125021, 38.8, 46.4, 1.00
M, 809860, 414395, 864745, 1089269, 422507, 131526, 615792, 124955, 38.8, 46.4, 1.01
M, 809561, 414364, 864692, 1089187, 422437, 131524, 615766, 124833, 38.8, 46.4, 1.00
M, 809594, 414354, 864905, 1089644, 422549, 131642, 615864, 124907, 38.8, 46.4, 1.01
M, 809434, 414368, 865022, 1089657, 422527, 131581, 615854, 124858, 38.8, 46.5, 1.00
M, 809420, 414384, 865028, 1089570, 422579, 131691, 616007, 124879, 38.8, 46.5, 1.01
M, 809763, 414538, 865763, 1090016, 422697, 131679, 616220, 124950, 38.8, 46.5, 1.01
M, 809833, 414547, 865982, 1090173, 422813, 131739, 616278, 124915, 38.8, 46.5, 1.00
M, 809539, 414548, 865669, 1089797, 422751, 131634, 616203, 124854, 38.8, 46.5, 1.00
M, 809700, 414571, 866073, 1090223, 422904, 131749, 616346, 124892, 38.8, 46.5, 1.00
M, 809479, 414620, 865921, 1089910, 422944, 131763, 616452, 124868, 38.8, 46.5, 1.00
M, 809338, 414612, 866020, 1090043, 422887, 131794, 616457, 124906, 38.8, 46.5, 1.01
M, 809509, 414678, 866320, 1090205, 423045, 131795, 616582, 124836, 38.8, 46.5, 1.00
M, 809494, 414574, 866425, 1090169, 423048, 131846, 616600, 124903, 38.8, 46.5, 1.00
M, 809798, 414630, 866854, 1090664, 423160, 131839, 616705, 124897, 38.8, 46.5, 0.99
M, 809891, 414664, 867051, 1090721, 423166, 131934, 616797, 124894, 38.8, 46.5, 1.00
M, 809870, 414692, 867338, 1090991, 423265, 131938, 616868, 124949, 38.8, 46.5, 1.00
M, 810333, 414858, 868086, 1091575, 423404, 132025, 617106, 125017, 38.8, 46.5, 1.00
M, 810571, 414951, 868456, 1091572, 423598, 131970, 617191, 124898, 38.8, 46.5, 0.99
M, 810535, 414921, 868634, 1091719, 423536, 132134, 617219, 124970, 38.8, 46.5, 1.00
M, 811742, 415157, 870251, 1093498, 423840, 132310, 617571, 125151, 38.8, 46.5, 1.00
M, 811463, 415325, 870082, 1093171, 423936, 132268, 617730, 125129, 38.8, 46.5, 1.00
M, 811070, 415190, 869479, 1092260, 423846, 132193, 617558, 124950, 38.8, 46.5, 0.99
M, 810311, 415094, 868892, 1091651, 423714, 132120, 617458, 124896, 38.8, 46.5, 1.00
M, 810034, 415037, 868956, 1091632, 423714, 132105, 617423, 124894, 38.8, 46.5, 1.00
M, 809868, 414916, 868628, 1091334, 423707, 132100, 617479, 124868, 38.8, 46.5, 1.00
M, 809904, 414899, 868898, 1091595, 423716, 132158, 617522, 124938, 38.8, 46.5, 1.00
M, 810283, 414996, 869623, 1092067, 423861, 132236, 617698, 124955, 38.8, 46.5, 1.00
M, 810433, 415051, 869654, 1091753, 424025, 132128, 617832, 124882, 38.8, 46.5, 1.00
M, 810315, 414921, 869875, 1091977, 423961, 132236, 617830, 124942, 38.8, 46.5, 1.00
M, 810298, 414930, 870018, 1092245, 424069, 132282, 617920, 124972, 38.8, 46.5, 1.00
M, 810524, 415054, 870276, 1092258, 424197, 132207, 618090, 124961, 38.8, 46.6, 1.00
M, 810535, 414983, 870521, 1092399, 424131, 132276, 618038, 124934, 38.8, 46.6, 1.00
M, 810602, 415101, 870894, 1092622, 424277, 132357, 618203, 125016, 38.8, 46.6, 1.00
M, 810683, 415098, 871095, 1092710, 424311, 132341, 618284, 125030, 38.8, 46.6, 1.00
M, 811113, 415097, 871804, 1093428, 424457, 132467, 618419, 125050, 38.8, 46.6, 0.99
M, 811113, 415178, 871994, 1093576, 424518, 132441, 618509, 125026, 38.8, 46.6, 1.00
M, 811227, 415172, 872186, 1093708, 424532, 132493, 618574, 125095, 38.8, 46.6, 1.00
M, 811727, 415272, 872937, 1094317, 424663, 132648, 618779, 125222, 38.8, 46.6, 1.00
M, 812024, 415417, 873381, 1094584, 424765, 132617, 618847, 125116, 38.8, 46.6, 0.99
M, 813418, 415686, 875417, 1096374, 425093, 132808, 619231, 125356, 38.8, 46.6, 1.00
M, 813034, 415736, 875067, 1095959, 425141, 132710, 619273, 125251, 38.8, 46.6, 1.00
M, 812512, 415717, 874574, 1095289, 425083, 132785, 619174, 125217, 38.8, 46.6, 1.00
M, 812173, 415687, 874479, 1095140, 424970, 132762, 619146, 125159, 38.8, 46.6, 1.00
M, 812337, 415558, 874781, 1095372, 425039, 132769, 619183, 125215, 38.8, 46.6, 1.01
M, 812661, 415733, 875477, 1095533, 425207, 132786, 619349, 125162, 38.8, 46.6, 1.00
M, 812689, 415754, 875540, 1095673, 425154, 132873, 619423, 125219, 38.8, 46.6, 0.99
M, 812447, 415755, 875497, 1095633, 425162, 132816, 619433, 125187, 38.8, 46.6, 1.00
M, 812631, 415805, 876125, 1096035, 425265, 132927, 619531, 125225, 38.8, 46.6, 1.00
M, 812688, 415810, 876302, 1095872, 425305, 132860, 619498, 125130, 38.8, 46.6, 1.01
M, 813089, 415855, 876813, 1096355, 425482, 133020, 619743, 125295, 38.8, 46.6, 1.00
M, 812768, 415878, 876775, 1096232, 425442, 132921, 619678, 125273, 38.8, 46.6, 1.00
M, 812769, 415953, 876979, 1096103, 425513, 132974, 619801, 125162, 38.8, 46.6, 1.00
M, 812631, 415850, 877005, 1096158, 425424, 132971, 619741, 125219, 38.8, 46.6, 1.00
M, 812625, 416041, 876941, 1095842, 425531, 133036, 619826, 125185, 38.8, 46.6, 1.00
M, 812396, 415882, 876991, 1095560, 425418, 132953, 619745, 125130, 38.8, 46.6, 1.00
M, 812612, 415875, 877453, 1096243, 425445, 133043, 619822, 125200, 38.8, 46.6, 1.00
M, 812619, 415857, 877738, 1096271, 425534, 133042, 619895, 125221, 38.8, 46.6, 1.00
M, 812712, 415924, 877804, 1096274, 425598, 133078, 619934, 125286, 38.8, 46.6, 1.00
M, 813079, 416004, 878523, 1096688, 425703, 133141, 620058, 125260, 38.8, 46.6, 1.01
M, 814724, 416251, 880841, 1098827, 426081, 133395, 620467, 125538, 38.8, 46.6, 1.00
M, 813993, 416308, 880107, 1097730, 425995, 133296, 620363, 125347, 38.8, 46.6, 1.00
M, 813596, 416229, 879908, 1097469, 425926, 133301, 620330, 125311, 38.8, 46.6, 1.00
M, 813279, 416104, 879745, 1097357, 425857, 133280, 620274, 125268, 38.8, 46.6, 1.00
M, 813111, 416111, 879767, 1097211, 425929, 133324, 620330, 125338, 38.8, 46.6, 1.01
M, 813359, 416157, 880298, 1097600, 425894, 133369, 620421, 125341, 38.8, 46.6, 1.01
M, 813518, 416207, 880728, 1097540, 426031, 133349, 620497, 125282, 38.8, 46.6, 1.00
M, 813335, 416193, 880687, 1097454, 425994, 133422, 620494, 125301, 38.8, 46.6, 1.00
M, 813338, 416156, 880624, 1097418, 426042, 133338, 620485, 125328, 38.8, 46.6, 0.99
M, 813445, 416204, 881144, 1097638, 426087, 133370, 620642, 125356, 38.8, 46.6, 1.00
M, 813425, 416262, 881365, 1097746, 426120, 133476, 620669, 125406, 38.8, 46.6, 1.00
M, 813670, 416308, 881704, 1097868, 426169, 133529, 620704, 125307, 38.8, 46.6, 0.99
M, 813529, 416235, 881867, 1097849, 426227, 133490, 620721, 125359, 38.8, 46.6, 1.00
M, 813266, 416269, 881734, 1097486, 426227, 133501, 620734, 125300, 38.8, 46.7, 0.99
M, 813191, 416223, 881872, 1097664, 426182, 133538, 620797, 125318, 38.8, 46.7, 0.99
M, 813006, 416273, 881901, 1097304, 426238, 133544, 620792, 125313, 38.8, 46.7, 0.99
M, 812894, 416181, 881760, 1097067, 426138, 133502, 620759, 125248, 38.8, 46.7, 1.00
M, 813044, 416203, 882324, 1097483, 426213, 133575, 620874, 125280, 38.8, 46.7, 0.99
M, 813099, 416176, 882524, 1097668, 426232, 133569, 620863, 125311, 38.8, 46.7, 1.00
M, 813168, 416188, 882688, 1097653, 426297, 133602, 620963, 125313, 38.8, 46.7, 1.00
M, 815015, 416435, 885221, 1099998, 426654, 133810, 621338, 125573, 38.8, 46.7, 1.01
M, 814853, 416616, 884888, 1099224, 426702, 133785, 621424, 125498, 38.8, 46.7, 1.00
M, 814524, 416507, 884871, 1098908, 426628, 133805, 621296, 125393, 38.8, 46.7, 1.00
M, 814431, 416509, 885129, 1099343, 426640, 133857, 621333, 125459, 38.8, 46.7, 1.00
M, 814334, 416561, 885156, 1099222, 426655, 133863, 621338, 125450, 38.8, 46.7, 1.00
M, 814186, 416495, 885034, 1098969, 426647, 133879, 621415, 125458, 38.8, 46.7, 1.00
M, 814486, 416550, 885761, 1099249, 426743, 133983, 621464, 125481, 38.8, 46.7, 1.00
M, 814354, 416569, 885860, 1099155, 426706, 133892, 621437, 125470, 38.8, 46.7, 1.01
M, 814060, 416542, 885732, 1098833, 426720, 133923, 621416, 125409, 38.8, 46.7, 0.99
M, 813699, 416370, 885434, 1098610, 426626, 133877, 621328, 125426, 38.8, 46.7, 1.00
M, 813756, 416437, 885808, 1098756, 426674, 133892, 621441, 125416, 38.8, 46.7, 0.99
M, 813695, 416375, 885904, 1098854, 426660, 134000, 621502, 125459, 38.8, 46.7, 1.00
M, 813552, 416346, 885673, 1098137, 426747, 133956, 621426, 125290, 38.8, 46.7, 1.00
M, 813297, 416281, 885752, 1098135, 426622, 133903, 621363, 125371, 38.8, 46.7, 1.00
M, 812194, 416027, 884536, 1096838, 426480, 133811, 621220, 125190, 38.8, 46.7, 0.99
M, 812504, 415979, 884934, 1097224, 426445, 133840, 621290, 125197, 38.8, 46.7, 1.00
M, 813028, 416010, 885811, 1097816, 426590, 133928, 621408, 125315, 38.8, 46.7, 0.99
M, 813200, 416089, 886259, 1098263, 426673, 133945, 621612, 125364, 38.8, 46.7, 1.01
M, 813675, 416200, 886802, 1098462, 426799, 133972, 621729, 125435, 38.8, 46.7, 1.01
M, 813751, 416174, 886932, 1098400, 426892, 133987, 621737, 125291, 38.8, 46.7, 1.01
M, 814837, 416335, 888899, 1100366, 427128, 134233, 621969, 125593, 38.8, 46.7, 1.00
M, 814604, 416502, 888703, 1100020, 427125, 134165, 622083, 125484, 38.8, 46.7, 1.00
M, 814185, 416394, 888200, 1099333, 427059, 134159, 621944, 125498, 38.8, 46.7, 1.00
M, 814067, 416339, 888319, 1099155, 427062, 134185, 621986, 125441, 38.8, 46.7, 1.00
M, 813579, 416253, 887942, 1098671, 426974, 134125, 621890, 125429, 38.8, 46.7, 0.99
M, 813581, 416239, 888150, 1098705, 426941, 134140, 621925, 125364, 38.8, 46.7, 1.01
M, 813710, 416180, 888538, 1098975, 427020, 134159, 621941, 125375, 38.8, 46.7, 0.99
M, 814166, 416247, 889166, 1099555, 427131, 134272, 622138, 125533, 38.8, 46.7, 1.01
M, 814047, 416257, 889239, 1099480, 427121, 134217, 622064, 125476, 38.8, 46.7, 1.01
M, 814468, 416395, 889985, 1100081, 427205, 134307, 622282, 125542, 38.8, 46.7, 1.00
M, 814789, 416416, 890578, 1100262, 427381, 134378, 622359, 125518, 38.8, 46.7, 1.01
M, 814644, 416426, 890591, 1100213, 427380, 134336, 622375, 125587, 38.8, 46.8, 1.00
M, 814929, 416563, 890882, 1100429, 427377, 134322, 622438, 125549, 38.8, 46.8, 0.99
M, 814685, 416491, 890939, 1100195, 427409, 134406, 622444, 125535, 38.8, 46.8, 0.99
M, 814578, 416538, 891023, 1100300, 427399, 134408, 622452, 125551, 38.8, 46.8, 1.00
M, 814662, 416644, 891286, 1100050, 427525, 134448, 622529, 125538, 38.8, 46.8, 1.01
M, 814753, 416475, 891560, 1100352, 427459, 134434, 622528, 125520, 38.8, 46.8, 1.00
M, 814943, 416594, 891892, 1100785, 427576, 134449, 622636, 125599, 38.8, 46.8, 1.00
M, 815091, 416698, 892274, 1100926, 427601, 134500, 622694, 125597, 38.8, 46.8, 1.00
M, 815178, 416698, 892433, 1100904, 427704, 134536, 622786, 125616, 38.8, 46.8, 1.00
A, 821850, 417717, 900855, 1108928, 428920, 135401, 624269, 126831, 38.8, 46.8, 0.00
A, 832756, 420345, 915821, 1123261, 431490, 136924, 626936, 128607, 38.8, 46.8, 0.62
A, 840034, 422486, 925991, 1132603, 433227, 138015, 628523, 129678, 38.8, 46.8, 0.77
A, 845315, 424309, 934082, 1139823, 434497, 138880, 629715, 130497, 38.8, 46.8, 0.83
A, 849834, 426088, 941244, 1145778, 435626, 139721, 630783, 131127, 38.8, 46.8, 0.90
A, 852643, 427577, 946225, 1149570, 436365, 140285, 631549, 131626, 38.8, 46.8, 0.95
A, 855161, 429004, 950948, 1152897, 437031, 141059, 632124, 131966, 38.8, 46.8, 0.96
A, 856616, 430330, 954993, 1155059, 437528, 141545, 632353, 132148, 38.8, 46.8, 0.97
A, 857206, 431333, 957647, 1156130, 437720, 141921, 632341, 132293, 38.8, 46.8, 0.98
A, 857342, 432086, 959658, 1156562, 437668, 142249, 632212, 132280, 38.8, 46.8, 1.00
A, 857513, 432936, 961974, 1157308, 437836, 142545, 632153, 132395, 38.8, 46.8, 0.99
A, 857121, 433586, 963339, 1157142, 437703, 142811, 631823, 132495, 38.8, 46.8, 0.99
A, 856917, 434156, 965285, 1157230, 437634, 143107, 631600, 132626, 38.8, 46.8, 0.99
A, 856247, 434738, 966520, 1156348, 437429, 143275, 631127, 132556, 38.8, 46.8, 0.99
A, 855284, 434999, 967302, 1155367, 437117, 143482, 630595, 132534, 38.8, 46.8, 0.99
A, 854485, 435348, 968160, 1154745, 436851, 143551, 630198, 132518, 38.8, 46.8, 1.00
A, 853152, 435636, 968598, 1152990, 436415, 143718, 629504, 132419, 38.8, 46.8, 0.99
A, 852056, 435630, 968880, 1152115, 436008, 143819, 629036, 132413, 38.8, 46.8, 1.00
A, 850714, 435881, 969199, 1150219, 435550, 143901, 628360, 132305, 38.8, 46.8, 1.01
A, 849831, 435814, 969585, 1149101, 435145, 143952, 627877, 132239, 38.8, 46.8, 0.99
A, 850346, 436071, 972200, 1150231, 435107, 144233, 627671, 132581, 38.8, 46.8, 1.00
A, 849115, 436221, 972343, 1148701, 434753, 144212, 627152, 132424, 38.8, 46.8, 1.00
A, 847876, 436102, 972260, 1147165, 434284, 144274, 626497, 132395, 38.8, 46.8, 1.00
A, 847012, 436090, 972808, 1145973, 433866, 144398, 625948, 132312, 38.8, 46.8, 1.01
A, 845526, 435939, 972967, 1144484, 433369, 144391, 625312, 132292, 38.8, 46.8, 1.01
A, 844232, 435739, 972819, 1142871, 432833, 144400, 624633, 132235, 38.8, 46.8, 1.00
A, 843507, 435613, 973084, 1141733, 432476, 144413, 624164, 132224, 38.8, 46.8, 1.00
A, 842321, 435405, 973143, 1140358, 432057, 144419, 623598, 132138, 38.8, 46.8, 0.99
A, 841141, 435211, 972999, 1138657, 431577, 144308, 622990, 131980, 38.8, 46.8, 1.01
A, 839733, 434826, 972431, 1136719, 431063, 144380, 622366, 131911, 38.8, 46.8, 0.99
A, 838595, 434565, 972533, 1135825, 430649, 144375, 621816, 131840, 38.8, 46.8, 1.00
A, 837956, 434256, 973020, 1134940, 430313, 144405, 621403, 131877, 38.8, 46.8, 1.01
A, 837135, 434061, 972874, 1133710, 429909, 144301, 620955, 131846, 38.8, 46.8, 1.00
A, 836531, 433890, 973535, 1132933, 429676, 144442, 620530, 131834, 38.8, 46.9, 1.01
A, 835758, 433601, 973626, 1131783, 429231, 144410, 620070, 131808, 38.8, 46.9, 0.99
A, 834584, 433247, 973444, 1130350, 428791, 144379, 619566, 131737, 38.8, 46.9, 0.99
A, 833859, 432990, 973448, 1129395, 428483, 144376, 619126, 131640, 38.8, 46.9, 0.99
A, 832966, 432688, 973520, 1128221, 428200, 144334, 618685, 131654, 38.8, 46.9, 1.00
A, 832385, 432431, 973505, 1127572, 427844, 144416, 618341, 131658, 38.8, 46.9, 0.99
A, 830992, 432006, 972911, 1125657, 427360, 144233, 617739, 131521, 38.8, 46.9, 1.01
A, 831584, 431789, 974609, 1126428, 427215, 144452, 617595, 131707, 38.8, 46.9, 1.00
A, 830854, 431754, 974451, 1125349, 427020, 144381, 617328, 131574, 38.8, 46.9, 0.99
A, 829757, 431340, 973890, 1123949, 426581, 144259, 616837, 131502, 38.8, 46.9, 1.00
A, 828891, 430998, 973590, 1122726, 426248, 144312, 616387, 131484, 38.8, 46.9, 1.00
A, 828321, 430705, 973702, 1121961, 425961, 144292, 616021, 131424, 38.8, 46.9, 0.99
A, 828087, 430472, 973984, 1121150, 425735, 144312, 615754, 131385, 38.8, 46.9, 1.00
A, 827493, 430205, 974231, 1120481, 425425, 144296, 615448, 131373, 38.8, 46.9, 1.01
A, 827263, 429949, 974644, 1120328, 425277, 144368, 615160, 131406, 38.8, 46.9, 1.00
A, 826751, 429780, 974721, 1119716, 425066, 144379, 614937, 131389, 38.8, 46.9, 1.02
A, 826417, 429534, 974848, 1119010, 424845, 144382, 614670, 131442, 38.8, 46.9, 1.00
A, 826351, 429365, 975610, 1118756, 424721, 144388, 614388, 131398, 38.8, 46.9, 1.00
A, 825889, 429110, 975754, 1118191, 424518, 144370, 614137, 131395, 38.8, 46.9, 1.00
A, 825271, 428883, 975711, 1117421, 424232, 144339, 613758, 131352, 38.8, 46.9, 1.00
A, 824825, 428676, 975715, 1116753, 423975, 144324, 613544, 131337, 38.8, 46.9, 1.00
A, 824719, 428472, 976301, 1116468, 423842, 144357, 613286, 131381, 38.8, 46.9, 1.00
A, 824343, 428230, 976150, 1115458, 423592, 144352, 613025, 131308, 38.8, 46.9, 1.00
A, 823726, 428029, 976119, 1114606, 423355, 144293, 612713, 131224, 38.8, 46.9, 1.00
A, 823474, 427830, 976503, 1114585, 423211, 144352, 612508, 131257, 38.8, 46.9, 1.00
A, 822491, 427545, 976016, 1113363, 422937, 144310, 612170, 131224, 38.8, 46.9, 1.01
A, 822366, 427279, 975885, 1112887, 422738, 144268, 611927, 131291, 38.8, 46.9, 1.00
A, 823643, 427476, 978509, 1114348, 422932, 144497, 612124, 131394, 38.8, 46.9, 0.99
A, 822731, 427320, 977716, 1113079, 422651, 144383, 611773, 131340, 38.8, 46.9, 0.99
A, 821984, 426951, 977286, 1111966, 422297, 144350, 611377, 131172, 38.8, 46.9, 0.99
A, 821441, 426665, 977247, 1111324, 422036, 144310, 611081, 131175, 38.8, 46.9, 1.00
A, 820935, 426411, 977162, 1110913, 421924, 144286, 610829, 131184, 38.8, 46.9, 1.00
A, 820803, 426290, 977481, 1110595, 421760, 144368, 610723, 131229, 38.8, 46.9, 1.00
A, 820498, 426152, 977479, 1109903, 421629, 144259, 610507, 131136, 38.8, 46.9, 1.00
A, 819908, 425875, 977164, 1109041, 421364, 144215, 610223, 131047, 38.8, 46.9, 1.00
A, 819663, 425708, 977441, 1108954, 421292, 144236, 610035, 131131, 38.8, 46.9, 1.01
A, 819337, 425518, 977332, 1108330, 421089, 144164, 609841, 131042, 38.8, 47.0, 1.00
A, 819069, 425285, 977457, 1107921, 420951, 144230, 609595, 131103, 38.8, 47.0, 1.00
A, 819118, 425258, 978000, 1107845, 420829, 144233, 609509, 131128, 38.8, 47.0, 1.00
A, 819031, 425105, 978113, 1107297, 420697, 144205, 609348, 131039, 38.8, 47.0, 1.00
A, 818538, 424922, 978102, 1106675, 420560, 144127, 609154, 130984, 38.8, 47.0, 1.01
A, 817971, 424654, 977732, 1106285, 420363, 144220, 608871, 130974, 38.8, 47.0, 1.01
A, 817889, 424616, 978160, 1106145, 420235, 144181, 608766, 130994, 38.8, 47.0, 1.00
A, 817674, 424470, 978042, 1105471, 420031, 144194, 608608, 131058, 38.8, 47.0, 1.00
A, 817704, 424342, 978479, 1105306, 420004, 144194, 608493, 130971, 38.8, 47.0, 0.99
A, 817245, 424150, 978381, 1104930, 419802, 144186, 608298, 130892, 38.8, 47.0, 1.00
A, 816747, 423985, 978055, 1103930, 419682, 144086, 607999, 130855, 38.8, 47.0, 0.99
A, 817611, 423961, 979633, 1105225, 419732, 144279, 608105, 131136, 38.8, 47.0, 1.00
A, 817518, 424016, 979818, 1105060, 419719, 144282, 608083, 131096, 38.8, 47.0, 0.99
A, 817208, 423936, 979933, 1104695, 419585, 144266, 607859, 131056, 38.8, 47.0, 1.01
A, 817022, 423717, 979981, 1104094, 419423, 144174, 607651, 130994, 38.8, 47.0, 0.99
A, 816542, 423540, 979691, 1103502, 419312, 144171, 607506, 130892, 38.8, 47.0, 1.00
A, 815995, 423338, 979339, 1102961, 419069, 144141, 607302, 130908, 38.8, 47.0, 1.00
A, 815960, 423252, 979622, 1102733, 418988, 144051, 607159, 130941, 38.8, 47.0, 1.01
A, 815629, 423098, 979526, 1102400, 418874, 144132, 607019, 130893, 38.8, 47.0, 1.00
A, 815728, 423054, 980080, 1102380, 418778, 144216, 606959, 130959, 38.8, 47.0, 1.00
A, 815202, 422929, 979478, 1101417, 418714, 144111, 606748, 130821, 38.8, 47.0, 1.00
A, 814887, 422635, 979570, 1100873, 418500, 144021, 606536, 130769, 38.8, 47.0, 1.00
A, 814495, 422449, 979366, 1100706, 418358, 144030, 606388, 130800, 38.8, 47.0, 1.01
A, 814678, 422470, 979824, 1100769, 418340, 144097, 606346, 130843, 38.8, 47.0, 1.00
A, 814523, 422361, 979802, 1100327, 418247, 144047, 606243, 130885, 38.8, 47.0, 1.00
A, 814765, 422301, 980501, 1100594, 418297, 144079, 606179, 130887, 38.8, 47.0, 1.01
A, 814431, 422229, 980508, 1100286, 418149, 144034, 606064, 130812, 38.8, 47.0, 1.00
A, 814225, 422092, 980454, 1099964, 417971, 144005, 605930, 130813, 38.8, 47.0, 1.01
A, 814308, 422058, 980835, 1099995, 417954, 144032, 605816, 130841, 38.8, 47.0, 1.01
A, 813961, 421896, 980555, 1099259, 417907, 144051, 605728, 130744, 38.8, 47.0, 1.01
A, 813652, 421765, 980197, 1098482, 417690, 143972, 605544, 130739, 38.8, 47.0, 0.99
A, 814910, 421981, 982595, 1100402, 417954, 144196, 605796, 130980, 38.8, 47.0, 1.00
A, 814226, 421832, 981943, 1099598, 417761, 144092, 605530, 130833, 38.8, 47.0, 1.01
A, 813765, 421653, 981610, 1099015, 417626, 143983, 605372, 130846, 38.8, 47.0, 1.01
A, 813211, 421549, 981079, 1098244, 417422, 143943, 605166, 130756, 38.8, 47.0, 1.00
A, 812801, 421317, 980703, 1097494, 417335, 143950, 605006, 130677, 38.8, 47.0, 1.01
A, 812636, 421253, 980676, 1097226, 417173, 143942, 604837, 130636, 38.8, 47.0, 1.01
A, 812385, 421126, 980676, 1097049, 417143, 143952, 604773, 130682, 38.8, 47.0, 1.00
A, 812569, 421106, 981300, 1097131, 417054, 143963, 604738, 130637, 38.8, 47.0, 1.00
A, 812510, 420992, 981394, 1097154, 417075, 143977, 604637, 130732, 38.8, 47.0, 1.01
A, 812797, 421025, 981989, 1097330, 417093, 143977, 604687, 130762, 38.8, 47.0, 1.00
A, 812739, 421050, 982065, 1097005, 417057, 143960, 604573, 130763, 38.8, 47.0, 1.00
A, 812465, 420898, 981957, 1096597, 416970, 143935, 604408, 130679, 38.8, 47.0, 1.00
A, 812193, 420844, 981951, 1096552, 416786, 143956, 604376, 130741, 38.8, 47.0, 1.00
A, 812396, 420836, 982289, 1096573, 416823, 143918, 604321, 130744, 38.8, 47.0, 1.00
A, 812223, 420693, 982428, 1096519, 416786, 143983, 604195, 130750, 38.8, 47.0, 1.01
A, 812542, 420695, 982970, 1096663, 416745, 143967, 604203, 130800, 38.8, 47.0, 0.99
A, 812576, 420690, 983061, 1096402, 416684, 144013, 604124, 130736, 38.8, 47.0, 1.00
A, 812230, 420578, 983098, 1095959, 416528, 143979, 604015, 130676, 38.8, 47.0, 1.01
A, 812294, 420567, 983377, 1096340, 416550, 143985, 603959, 130742, 38.8, 47.0, 1.01
A, 811820, 420521, 982886, 1095428, 416408, 143907, 603763, 130642, 38.8, 47.1, 0.99
A, 812733, 420519, 984350, 1096685, 416524, 144104, 603986, 130942, 38.8, 47.1, 1.00
A, 811794, 420486, 983401, 1095383, 416418, 143941, 603695, 130694, 38.8, 47.1, 0.99
A, 811207, 420301, 982940, 1094768, 416143, 143886, 603486, 130624, 38.8, 47.1, 1.01
A, 811394, 420213, 983311, 1094841, 416131, 143931, 603435, 130629, 38.8, 47.1, 1.00
A, 811339, 420202, 983506, 1094720, 416091, 143898, 603380, 130665, 38.8, 47.1, 0.99
A, 811180, 420071, 983390, 1094545, 416024, 143888, 603351, 130685, 38.8, 47.1, 0.99
A, 811348, 420129, 983966, 1094862, 416026, 143930, 603385, 130734, 38.8, 47.1, 1.01
A, 811412, 420053, 984219, 1094693, 415997, 143866, 603213, 130687, 38.8, 47.1, 0.99
A, 811087, 420010, 984023, 1094428, 415869, 143883, 603175, 130641, 38.8, 47.1, 1.00
A, 810785, 419906, 983893, 1094114, 415841, 143902, 603052, 130650, 38.8, 47.1, 1.00
A, 811129, 419954, 984347, 1094203, 415844, 143832, 603040, 130672, 38.8, 47.1, 1.00
A, 810986, 419836, 984358, 1093853, 415753, 143857, 602868, 130607, 38.8, 47.1, 1.01
A, 810679, 419739, 984077, 1093404, 415597, 143829, 602846, 130567, 38.8, 47.1, 0.99
A, 810563, 419627, 984032, 1093356, 415500, 143798, 602748, 130549, 38.8, 47.1, 0.99
A, 810653, 419638, 984496, 1093341, 415490, 143811, 602626, 130611, 38.8, 47.1, 1.00
A, 810365, 419584, 984349, 1093123, 415460, 143747, 602613, 130621, 38.8, 47.1, 1.00
A, 810603, 419589, 984861, 1093495, 415573, 143906, 602669, 130688, 38.8, 47.1, 0.99
A, 810654, 419542, 984993, 1093169, 415478, 143893, 602551, 130557, 38.8, 47.1, 1.01
A, 810313, 419486, 984870, 1092972, 415385, 143781, 602471, 130529, 38.8, 47.1, 1.01
A, 810184, 419501, 984965, 1092902, 415267, 143805, 602389, 130612, 38.8, 47.1, 1.01
A, 811646, 419672, 987054, 1094283, 415579, 144035, 602659, 130815, 38.8, 47.1, 1.01
A, 811392, 419673, 986724, 1094048, 415549, 144011, 602583, 130769, 38.8, 47.1, 0.99
A, 810890, 419680, 986226, 1093294, 415452, 143864, 602414, 130654, 38.8, 47.1, 1.01
A, 810471, 419501, 986029, 1092894, 415283, 143865, 602288, 130610, 38.8, 47.1, 1.01
A, 810424, 419445, 986268, 1093069, 415193, 143894, 602223, 130634, 38.8, 47.1, 0.99
A, 810305, 419443, 986220, 1092677, 415213, 143853, 602150, 130655, 38.8, 47.1, 1.00
A, 809892, 419340, 985961, 1092424, 415109, 143878, 602042, 130653, 38.8, 47.1, 1.00
A, 810109, 419354, 986224, 1092427, 415113, 143896, 602025, 130679, 38.8, 47.1, 1.00
A, 810049, 419293, 986433, 1092240, 415029, 143839, 601918, 130603, 38.8, 47.1, 1.00
A, 809348, 419083, 985656, 1091368, 414908, 143751, 601750, 130490, 38.8, 47.1, 1.00
A, 809220, 419058, 985684, 1091123, 414785, 143759, 601651, 130454, 38.8, 47.1, 1.00
A, 809118, 418959, 985711, 1091082, 414761, 143703, 601630, 130491, 38.8, 47.1, 1.00
A, 808954, 418878, 985727, 1090972, 414691, 143719, 601538, 130561, 38.8, 47.1, 1.00
A, 809295, 418976, 986340, 1091373, 414709, 143843, 601598, 130570, 38.8, 47.1, 1.01
A, 809405, 418921, 986594, 1091323, 414705, 143775, 601513, 130502, 38.8, 47.1, 1.00
A, 809221, 418877, 986423, 1090954, 414703, 143743, 601548, 130541, 38.8, 47.1, 1.00
A, 808811, 418786, 986237, 1090820, 414586, 143667, 601423, 130526, 38.8, 47.1, 1.00
A, 809208, 418829, 986676, 1090968, 414610, 143794, 601429, 130599, 38.8, 47.1, 1.01
A, 809082, 418799, 986594, 1090565, 414582, 143726, 601356, 130516, 38.8, 47.1, 1.00
A, 808715, 418661, 986404, 1090260, 414458, 143643, 601220, 130468, 38.8, 47.1, 1.00
A, 809984, 418829, 988293, 1091745, 414620, 143880, 601447, 130689, 38.8, 47.1, 1.00
A, 809098, 418864, 987213, 1090614, 414580, 143779, 601304, 130532, 38.8, 47.1, 0.99
A, 808551, 418568, 986649, 1090056, 414327, 143670, 601100, 130476, 38.8, 47.1, 1.00
A, 807880, 418522, 985786, 1088890, 414203, 143601, 600894, 130339, 38.8, 47.1, 0.99
A, 807539, 418235, 985468, 1088532, 414040, 143513, 600746, 130331, 38.8, 47.1, 1.01
A, 807595, 418244, 985882, 1088926, 414025, 143515, 600722, 130365, 38.8, 47.1, 0.99
A, 807729, 418174, 986205, 1089075, 414073, 143526, 600768, 130378, 38.8, 47.1, 1.00
A, 807844, 418172, 986413, 1089044, 414099, 143541, 600753, 130438, 38.8, 47.1, 1.00
A, 808383, 418287, 987131, 1089692, 414094, 143596, 600813, 130545, 38.8, 47.1, 0.99
A, 808408, 418249, 987264, 1089570, 414170, 143588, 600854, 130477, 38.8, 47.1, 1.01
A, 808305, 418253, 987301, 1089327, 414096, 143588, 600816, 130476, 38.8, 47.1, 1.00
A, 808099, 418192, 987282, 1089427, 414080, 143571, 600736, 130502, 38.8, 47.1, 1.00
A, 808353, 418151, 987726, 1089630, 414125, 143653, 600810, 130490, 38.8, 47.1, 1.00
A, 808282, 418147, 987675, 1089439, 414005, 143566, 600718, 130581, 38.8, 47.1, 1.01
A, 808748, 418185, 988288, 1089802, 414113, 143650, 600820, 130609, 38.8, 47.1, 1.00
A, 808589, 418244, 988485, 1089740, 414140, 143664, 600757, 130535, 38.8, 47.1, 0.99
A, 808517, 418234, 988522, 1089636, 414077, 143659, 600705, 130512, 38.8, 47.1, 1.00
A, 808509, 418150, 988584, 1089451, 414004, 143674, 600673, 130480, 38.8, 47.1, 1.01
A, 808679, 418186, 989014, 1089891, 414062, 143675, 600681, 130535, 38.8, 47.1, 1.00
A, 808617, 418152, 989069, 1089788, 414081, 143692, 600657, 130561, 38.8, 47.1, 1.00
A, 810629, 418588, 991814, 1091783, 414406, 143901, 601024, 130848, 38.8, 47.1, 0.99
A, 809705, 418554, 990960, 1090907, 414268, 143814, 600801, 130671, 38.8, 47.1, 1.00
A, 808469, 418382, 989460, 1089482, 414061, 143688, 600524, 130488, 38.8, 47.1, 1.01
A, 807934, 418160, 988907, 1088922, 413808, 143575, 600388, 130452, 38.8, 47.1, 0.99
A, 807612, 418126, 988734, 1088504, 413779, 143584, 600255, 130439, 38.8, 47.1, 1.01
A, 807537, 418019, 988476, 1088189, 413668, 143550, 600204, 130374, 38.8, 47.1, 1.00
A, 807733, 417941, 988953, 1088508, 413662, 143558, 600254, 130462, 38.8, 47.1, 1.00
A, 807730, 417969, 989082, 1088327, 413701, 143556, 600137, 130425, 38.8, 47.1, 1.01
A, 807521, 417867, 989126, 1088466, 413629, 143553, 600133, 130437, 38.8, 47.1, 1.01
A, 807887, 417895, 989729, 1088738, 413665, 143612, 600148, 130551, 38.8, 47.1, 1.00
A, 807923, 417974, 989754, 1088362, 413696, 143523, 600121, 130457, 38.8, 47.1, 1.01
A, 807596, 417881, 989543, 1088177, 413617, 143466, 600037, 130499, 38.8, 47.1, 1.00
A, 807714, 417934, 989832, 1088413, 413586, 143600, 600057, 130457, 38.8, 47.1, 0.99
A, 807441, 417788, 989744, 1088256, 413554, 143521, 600034, 130493, 38.8, 47.1, 1.00
A, 807416, 417793, 989729, 1088005, 413465, 143520, 599911, 130451, 38.8, 47.1, 1.00
A, 807763, 417851, 990247, 1088424, 413580, 143570, 600019, 130470, 38.8, 47.1, 0.99
A, 807702, 417815, 990151, 1088072, 413526, 143440, 599935, 130428, 38.8, 47.1, 0.99
A, 807500, 417726, 990013, 1087641, 413404, 143482, 599875, 130424, 38.8, 47.1, 0.99
A, 807223, 417717, 989946, 1087753, 413402, 143452, 599770, 130380, 38.8, 47.1, 1.00
A, 807431, 417611, 990278, 1087910, 413401, 143462, 599793, 130424, 38.8, 47.1, 0.99
A, 808701, 417867, 992126, 1089424, 413638, 143635, 600078, 130767, 38.8, 47.1, 1.00
A, 808287, 417953, 991570, 1088695, 413651, 143624, 600023, 130547, 38.8, 47.2, 1.01
A, 807910, 417874, 991423, 1088398, 413444, 143517, 599878, 130473, 38.8, 47.2, 1.01
A, 807657, 417741, 991031, 1087837, 413460, 143535, 599837, 130459, 38.8, 47.2, 0.99
A, 807454, 417632, 991126, 1087908, 413383, 143580, 599757, 130510, 38.8, 47.2, 1.00
A, 807605, 417681, 991502, 1088148, 413375, 143489, 599722, 130588, 38.8, 47.2, 1.00
A, 807718, 417730, 991630, 1088231, 413352, 143580, 599758, 130524, 38.8, 47.2, 0.99
A, 807610, 417727, 991720, 1088006, 413362, 143513, 599678, 130488, 38.8, 47.2, 1.00
A, 807337, 417608, 991474, 1087527, 413242, 143489, 599610, 130437, 38.8, 47.2, 1.00
A, 807121, 417624, 991257, 1087518, 413214, 143510, 599539, 130442, 38.8, 47.2, 1.00
A, 806804, 417530, 991080, 1087145, 413126, 143472, 599445, 130396, 38.8, 47.2, 1.00
A, 806787, 417509, 991048, 1086930, 413155, 143453, 599444, 130451, 38.8, 47.2, 1.00
A, 806979, 417509, 991603, 1087326, 413156, 143500, 599485, 130428, 38.8, 47.2, 1.00
A, 806295, 417460, 990457, 1086226, 412993, 143300, 599278, 130277, 38.8, 47.2, 1.00
A, 806103, 417203, 990345, 1085863, 412859, 143336, 599239, 130222, 38.8, 47.2, 1.01
A, 804829, 416959, 988975, 1084748, 412627, 143181, 598909, 130150, 38.8, 47.2, 0.99
A, 805611, 416973, 990036, 1085572, 412774, 143273, 599098, 130298, 38.8, 47.2, 1.00
A, 805898, 417020, 990356, 1085844, 412819, 143297, 599088, 130382, 38.8, 47.2, 1.01
A, 806484, 417123, 991242, 1086368, 412948, 143378, 599202, 130390, 38.8, 47.2, 1.01
A, 806751, 417206, 991813, 1086847, 412976, 143383, 599329, 130461, 38.8, 47.2, 1.00
A, 808015, 417350, 993891, 1088529, 413252, 143583, 599584, 130693, 38.8, 47.2, 1.01
A, 807781, 417412, 993503, 1087810, 413188, 143541, 599538, 130579, 38.8, 47.2, 1.00
A, 806826, 417284, 992335, 1086807, 413032, 143371, 599271, 130378, 38.8, 47.2, 1.01
A, 806322, 417141, 991503, 1085908, 412869, 143238, 599117, 130346, 38.8, 47.2, 0.99
A, 805578, 417036, 990764, 1085169, 412711, 143212, 598893, 130217, 38.8, 47.2, 1.00
A, 805263, 416847, 990543, 1085081, 412614, 143250, 598825, 130185, 38.8, 47.2, 1.00
A, 805570, 416820, 991037, 1085345, 412651, 143270, 598847, 130330, 38.8, 47.2, 1.00
A, 805748, 416891, 991346, 1085564, 412722, 143230, 598903, 130304, 38.8, 47.2, 1.00
A, 806000, 416889, 991585, 1085542, 412731, 143305, 598893, 130279, 38.8, 47.2, 1.01
A, 805871, 416833, 991599, 1085610, 412656, 143233, 598870, 130315, 38.8, 47.2, 1.00
A, 806360, 416881, 992355, 1086079, 412743, 143228, 598932, 130326, 38.8, 47.2, 1.01
A, 806286, 416913, 992228, 1085934, 412801, 143237, 598943, 130384, 38.8, 47.2, 1.01
A, 806186, 416865, 992379, 1086061, 412757, 143315, 598966, 130376, 38.8, 47.2, 1.00
A, 806575, 416933, 992999, 1086479, 412862, 143352, 599067, 130420, 38.8, 47.2, 1.00
A, 806149, 416881, 992374, 1085540, 412694, 143235, 598943, 130350, 38.8, 47.2, 1.00
A, 806126, 416835, 992384, 1085591, 412691, 143192, 598836, 130262, 38.7, 47.2, 0.99
A, 805973, 416820, 992494, 1085827, 412616, 143259, 598835, 130294, 38.7, 47.2, 1.01
A, 806177, 416904, 992952, 1086072, 412647, 143275, 598909, 130412, 38.8, 47.2, 1.00
A, 806361, 416845, 993059, 1085938, 412645, 143232, 598865, 130367, 38.8, 47.2, 0.99
A, 806627, 416908, 993742, 1086526, 412760, 143351, 598932, 130465, 38.8, 47.2, 1.00
A, 808274, 417262, 996026, 1088273, 413113, 143460, 599334, 130683, 38.8, 47.2, 1.00
A, 807606, 417232, 995019, 1087261, 412960, 143443, 599170, 130504, 38.8, 47.2, 0.99
A, 807026, 417141, 994627, 1086896, 412817, 143393, 598991, 130440, 38.8, 47.2, 0.99
A, 806038, 416962, 993458, 1085717, 412703, 143264, 598783, 130345, 38.7, 47.2, 0.99
A, 805826, 416807, 993385, 1085645, 412560, 143169, 598726, 130408, 38.7, 47.2, 1.00
A, 805787, 416847, 993387, 1085439, 412574, 143278, 598676, 130329, 38.8, 47.2, 1.01
A, 805745, 416768, 993280, 1085192, 412529, 143194, 598551, 130203, 38.8, 47.2, 1.00
A, 805963, 416843, 993638, 1085481, 412454, 143294, 598697, 130323, 38.8, 47.2, 1.00
A, 805914, 416741, 993683, 1085332, 412536, 143265, 598623, 130285, 38.8, 47.2, 1.00
A, 805737, 416726, 993800, 1085408, 412486, 143273, 598598, 130308, 38.8, 47.2, 0.99
A, 806018, 416788, 994267, 1085753, 412473, 143267, 598700, 130383, 38.8, 47.2, 1.00
A, 806217, 416804, 994583, 1085619, 412550, 143236, 598647, 130352, 38.8, 47.2, 1.00
A, 805724, 416668, 994043, 1085243, 412420, 143146, 598515, 130281, 38.7, 47.2, 1.01
A, 805866, 416727, 994474, 1085506, 412436, 143245, 598558, 130427, 38.7, 47.2, 1.01
A, 805591, 416599, 994156, 1085302, 412387, 143183, 598465, 130351, 38.7, 47.2, 1.00
A, 805716, 416614, 994385, 1085261, 412396, 143197, 598523, 130381, 38.7, 47.2, 1.01
A, 806095, 416732, 994950, 1085643, 412455, 143221, 598591, 130380, 38.7, 47.2, 0.99
A, 806240, 416750, 995016, 1085624, 412481, 143169, 598610, 130393, 38.7, 47.2, 1.00
A, 806077, 416715, 995043, 1085463, 412420, 143165, 598523, 130314, 38.7, 47.2, 1.00
A, 805874, 416545, 994991, 1085384, 412420, 143204, 598534, 130335, 38.7, 47.2, 1.00
A, 807583, 416896, 997499, 1087568, 412770, 143424, 598877, 130630, 38.7, 47.2, 1.02
A, 807032, 416976, 996779, 1086374, 412635, 143324, 598721, 130474, 38.7, 47.2, 1.01
A, 806566, 416757, 996243, 1085939, 412522, 143270, 598553, 130393, 38.8, 47.2, 0.99
A, 806362, 416828, 996312, 1086043, 412563, 143321, 598553, 130419, 38.8, 47.2, 1.00
A, 805909, 416829, 995539, 1085096, 412406, 143225, 598419, 130372, 38.8, 47.2, 1.00
A, 805693, 416702, 995580, 1085094, 412392, 143240, 598338, 130339, 38.8, 47.2, 1.00
A, 805299, 416659, 995201, 1084649, 412329, 143204, 598345, 130320, 38.8, 47.2, 1.00
A, 805320, 416559, 995101, 1084442, 412182, 143096, 598272, 130235, 38.8, 47.2, 0.99
A, 805484, 416535, 995555, 1084869, 412191, 143189, 598250, 130327, 38.8, 47.2, 1.00
A, 805301, 416557, 995485, 1084774, 412198, 143176, 598186, 130330, 38.8, 47.2, 1.01
A, 804937, 416455, 995114, 1084301, 412139, 143155, 598170, 130319, 38.8, 47.2, 0.99
A, 805481, 416537, 995804, 1084765, 412226, 143143, 598255, 130387, 38.8, 47.2, 1.00
A, 805521, 416536, 996051, 1084755, 412245, 143196, 598226, 130375, 38.8, 47.2, 1.00
A, 805368, 416522, 995931, 1084618, 412199, 143160, 598234, 130350, 38.8, 47.2, 0.99
A, 805212, 416466, 995636, 1084429, 412031, 143175, 598111, 130253, 38.8, 47.2, 1.00
A, 805393, 416455, 996108, 1084560, 412134, 143177, 598207, 130320, 38.7, 47.2, 1.00
A, 805345, 416397, 996071, 1084559, 412172, 143119, 598227, 130388, 38.7, 47.2, 1.01
A, 805615, 416507, 996668, 1085013, 412241, 143204, 598250, 130430, 38.7, 47.2, 1.00
A, 805608, 416468, 996790, 1084856, 412192, 143144, 598237, 130417, 38.7, 47.2, 0.99
A, 805482, 416391, 996770, 1084784, 412164, 143198, 598209, 130388, 38.8, 47.2, 1.00
A, 806714, 416639, 998524, 1086439, 412304, 143364, 598434, 130662, 38.8, 47.2, 1.00
A, 806445, 416724, 998196, 1085962, 412431, 143320, 598380, 130558, 38.7, 47.2, 1.00
A, 805762, 416658, 997404, 1084976, 412222, 143222, 598213, 130366, 38.7, 47.2, 1.00
A, 805053, 416433, 996410, 1084026, 412081, 143131, 598069, 130333, 38.8, 47.2, 1.00
A, 804743, 416359, 996095, 1083795, 411956, 143077, 597967, 130258, 38.8, 47.2, 1.01
A, 803953, 416120, 995221, 1082779, 411871, 142995, 597783, 130126, 38.8, 47.2, 1.01
A, 803899, 416000, 995304, 1082963, 411715, 142994, 597655, 130197, 38.8, 47.2, 0.99
A, 804011, 416038, 995278, 1082732, 411827, 142975, 597803, 130168, 38.8, 47.2, 1.01
A, 804015, 415980, 995537, 1082818, 411746, 142969, 597728, 130188, 38.8, 47.2, 1.00
A, 804172, 416032, 995886, 1083261, 411785, 142943, 597854, 130229, 38.8, 47.2, 1.00
A, 804341, 415976, 996112, 1083461, 411868, 142960, 597845, 130243, 38.8, 47.2, 1.00
A, 804502, 416023, 996297, 1083375, 411803, 142998, 597836, 130334, 38.8, 47.2, 1.01
A, 804818, 416030, 996872, 1083654, 411959, 143076, 597911, 130369, 38.8, 47.2, 1.00
A, 804844, 416097, 997078, 1083917, 411919, 143064, 597908, 130307, 38.8, 47.2, 1.01
A, 804842, 416034, 996981, 1083689, 411948, 142945, 597858, 130286, 38.8, 47.2, 1.00
A, 805068, 416080, 997455, 1084212, 412067, 143070, 598029, 130368, 38.8, 47.2, 1.01
A, 804965, 416074, 997581, 1084194, 411946, 143023, 597987, 130308, 38.8, 47.2, 1.00
A, 804934, 416119, 997566, 1084133, 411935, 143148, 597973, 130390, 38.8, 47.2, 1.00
A, 805339, 416135, 998055, 1084477, 412013, 143076, 598037, 130412, 38.8, 47.2, 1.00
A, 805387, 416141, 998318, 1084484, 412030, 143068, 598033, 130457, 38.8, 47.2, 1.00
A, 806566, 416333, 1000158, 1086028, 412252, 143280, 598297, 130615, 38.8, 47.2, 1.00
A, 806139, 416386, 999479, 1085319, 412270, 143243, 598213, 130501, 38.8, 47.2, 1.00
A, 805527, 416247, 998907, 1084561, 412078, 143133, 598066, 130414, 38.8, 47.2, 0.99
A, 804818, 416225, 997861, 1083676, 411970, 143115, 597873, 130319, 38.8, 47.2, 1.00
A, 804631, 416061, 997713, 1083409, 411896, 142961, 597756, 130301, 38.8, 47.2, 0.99
A, 804863, 416039, 998281, 1083792, 411903, 143089, 597778, 130299, 38.8, 47.2, 1.00
A, 804340, 416022, 997738, 1083322, 411868, 142996, 597791, 130318, 38.8, 47.2, 1.00
A, 804166, 415959, 997715, 1083257, 411769, 143064, 597688, 130290, 38.8, 47.2, 1.00
A, 804190, 415979, 997667, 1083029, 411831, 142950, 597660, 130221, 38.7, 47.2, 1.00
A, 803927, 415760, 997259, 1082674, 411663, 142910, 597619, 130192, 38.7, 47.2, 0.99
A, 804198, 415799, 997716, 1083089, 411695, 142882, 597608, 130290, 38.7, 47.2, 0.99
A, 804283, 415757, 997869, 1082960, 411731, 142887, 597702, 130261, 38.8, 47.2, 1.00
A, 804152, 415755, 997979, 1083065, 411735, 142969, 597665, 130254, 38.8, 47.2, 1.00
A, 804385, 415850, 998445, 1083499, 411804, 143036, 597747, 130304, 38.8, 47.2, 1.00
A, 804683, 415874, 998527, 1083150, 411809, 142961, 597706, 130260, 38.8, 47.2, 1.00
A, 804450, 415872, 998500, 1083160, 411798, 142922, 597640, 130310, 38.8, 47.2, 0.99
A, 804317, 415763, 998398, 1083156, 411720, 142946, 597639, 130303, 38.8, 47.2, 0.99
A, 804454, 415791, 998783, 1083488, 411785, 142954, 597721, 130318, 38.8, 47.2, 0.99
A, 804463, 415790, 998881, 1083353, 411767, 142953, 597659, 130348, 38.8, 47.2, 1.01
A, 804801, 415877, 999412, 1083782, 411820, 143083, 597789, 130399, 38.8, 47.2, 1.00
A, 806294, 416151, 1001562, 1085439, 412153, 143207, 598079, 130553, 38.8, 47.2, 0.99
A, 805649, 416186, 1000521, 1084374, 411999, 142987, 597956, 130412, 38.8, 47.2, 1.00
A, 805355, 416130, 1000574, 1084519, 411937, 143098, 597913, 130471, 38.8, 47.2, 1.01
A, 805070, 416068, 1000351, 1084214, 411930, 143136, 597836, 130372, 38.8, 47.2, 1.00
A, 804943, 416010, 1000241, 1084048, 411827, 143095, 597726, 130476, 38.8, 47.2, 1.01
A, 804754, 415965, 999904, 1083461, 411794, 143016, 597613, 130354, 38.8, 47.2, 1.01
A, 804278, 415913, 999569, 1083183, 411715, 142891, 597564, 130287, 38.8, 47.2, 1.00
A, 804154, 415921, 999270, 1082861, 411743, 142856, 597564, 130287, 38.8, 47.2, 1.01
A, 804142, 415746, 999407, 1082848, 411600, 142966, 597506, 130259, 38.8, 47.2, 1.00
A, 804146, 415769, 999632, 1083130, 411716, 143001, 597530, 130321, 38.8, 47.2, 1.00
A, 803715, 415720, 999007, 1082408, 411590, 142961, 597408, 130224, 38.8, 47.2, 1.00
A, 803804, 415619, 999099, 1082222, 411482, 142895, 597363, 130175, 38.8, 47.2, 1.00
A, 803622, 415563, 999007, 1082041, 411447, 142855, 597323, 130283, 38.7, 47.2, 1.00
A, 803558, 415491, 998958, 1082326, 411456, 142815, 597345, 130265, 38.7, 47.2, 1.01
A, 803613, 415580, 999347, 1082555, 411507, 142885, 597376, 130291, 38.8, 47.2, 1.00
A, 803883, 415503, 999468, 1082477, 411537, 142911, 597444, 130339, 38.8, 47.2, 1.00
A, 804365, 415631, 1000195, 1083071, 411666, 142961, 597578, 130463, 38.8, 47.2, 0.99
A, 804374, 415724, 1000454, 1083168, 411584, 142951, 597597, 130393, 38.8, 47.2, 1.01
A, 804301, 415674, 1000348, 1083073, 411619, 142909, 597522, 130327, 38.8, 47.2, 1.00
A, 804155, 415647, 1000216, 1082987, 411637, 142898, 597466, 130348, 38.8, 47.2, 0.99
A, 805899, 415992, 1002872, 1085162, 411932, 143110, 597853, 130659, 38.8, 47.2, 1.01
A, 805402, 415977, 1001794, 1083892, 411927, 142994, 597778, 130460, 38.8, 47.2, 1.00
A, 804511, 415784, 1000961, 1083057, 411706, 142909, 597519, 130302, 38.8, 47.2, 0.99
A, 803840, 415708, 1000273, 1082551, 411508, 142884, 597394, 130285, 38.8, 47.2, 1.00
A, 803733, 415573, 1000064, 1082478, 411559, 142890, 597328, 130276, 38.7, 47.3, 0.99
A, 803328, 415494, 999592, 1081851, 411400, 142824, 597243, 130238, 38.7, 47.3, 1.01
A, 803653, 415547, 1000105, 1082190, 411467, 142825, 597275, 130203, 38.8, 47.2, 0.99
A, 803401, 415507, 999817, 1081896, 411462, 142844, 597316, 130299, 38.8, 47.2, 0.99
A, 803437, 415506, 999927, 1081751, 411419, 142845, 597266, 130195, 38.8, 47.2, 0.99
A, 803178, 415346, 999685, 1081679, 411330, 142759, 597235, 130176, 38.8, 47.2, 0.99
A, 803436, 415404, 1000182, 1082248, 411442, 142826, 597291, 130302, 38.8, 47.2, 1.01
A, 803707, 415432, 1000553, 1082453, 411432, 142832, 597316, 130340, 38.8, 47.3, 0.99
A, 804009, 415486, 1000824, 1082405, 411515, 142804, 597322, 130303, 38.8, 47.3, 1.00
A, 803867, 415520, 1000833, 1082377, 411465, 142799, 597324, 130306, 38.8, 47.2, 1.01
A, 803640, 415433, 1000647, 1082288, 411457, 142802, 597270, 130320, 38.8, 47.2, 1.01
A, 804027, 415479, 1001209, 1082762, 411492, 142789, 597321, 130363, 38.8, 47.3, 1.00
A, 804120, 415456, 1001415, 1082780, 411517, 142845, 597354, 130325, 38.8, 47.3, 0.99
A, 804271, 415471, 1001836, 1083104, 411581, 142940, 597450, 130378, 38.8, 47.3, 1.00
A, 804505, 415559, 1001846, 1082844, 411575, 142896, 597401, 130325, 38.8, 47.3, 1.00
A, 804252, 415608, 1001861, 1082723, 411538, 142905, 597408, 130333, 38.8, 47.3, 1.00
M, 801715, 415248, 997365, 1078038, 411172, 142323, 596790, 129512, 38.8, 47.3, 0.04
M, 791937, 413077, 984048, 1066913, 408625, 141074, 593682, 127991, 38.8, 47.3, 0.56
M, 783182, 410464, 971339, 1055747, 405992, 139641, 590702, 126571, 38.8, 47.3, 0.75
M, 776448, 408229, 961198, 1047199, 404139, 138597, 588860, 125599, 38.8, 47.3, 0.82
M, 771526, 406452, 953580, 1041148, 402827, 137799, 587679, 124888, 38.8, 47.3, 0.88
M, 768143, 404976, 947087, 1036238, 401800, 136889, 586859, 124308, 38.8, 47.2, 0.92
M, 765345, 403743, 941767, 1032500, 401183, 136342, 586363, 123894, 38.8, 47.2, 0.96
M, 763260, 402600, 936458, 1029038, 400682, 135729, 586134, 123512, 38.8, 47.2, 0.97
M, 762116, 401665, 932744, 1026889, 400302, 135240, 585982, 123219, 38.8, 47.2, 0.99
M, 761059, 400855, 928946, 1025136, 400058, 134708, 586038, 122983, 38.8, 47.1, 0.99
M, 760583, 400149, 926784, 1024401, 399845, 134395, 586093, 122916, 38.8, 47.1, 0.99
M, 761053, 399725, 925106, 1024435, 399970, 134163, 586425, 122878, 38.8, 47.1, 0.99
M, 761542, 399216, 923623, 1024567, 400118, 133948, 586800, 122835, 38.8, 47.1, 1.00
M, 762132, 398723, 922141, 1024803, 400318, 133781, 587232, 122772, 38.8, 47.1, 1.00
M, 762759, 398329, 920830, 1025208, 400464, 133498, 587644, 122726, 38.8, 47.1, 1.00
M, 763629, 397943, 919920, 1026090, 400701, 133380, 588115, 122819, 38.8, 47.1, 1.00
M, 764811, 397823, 919785, 1027380, 401098, 133244, 588681, 122813, 38.8, 47.0, 1.00
M, 765680, 397608, 919156, 1028422, 401401, 133203, 589190, 122917, 38.8, 47.0, 1.00
M, 767007, 397577, 919173, 1030002, 401792, 133166, 589805, 122975, 38.8, 47.0, 1.01
M, 768432, 397450, 918994, 1031302, 402350, 133125, 590458, 122998, 38.8, 47.0, 0.99
M, 770769, 397603, 920575, 1034154, 402890, 133190, 591334, 123242, 38.8, 47.0, 1.00
M, 771402, 397711, 919922, 1035027, 403312, 133158, 591818, 123239, 38.8, 47.0, 1.01
M, 772300, 397632, 919470, 1036147, 403668, 133023, 592292, 123231, 38.8, 47.0, 0.99
M, 773536, 397633, 919927, 1037608, 404093, 133117, 592926, 123327, 38.8, 47.0, 1.00
M, 774582, 397693, 919848, 1038886, 404496, 133101, 593552, 123380, 38.8, 47.0, 1.00
M, 776067, 397927, 920043, 1040396, 405038, 133101, 594261, 123472, 38.8, 47.0, 1.01
M, 776787, 397944, 919963, 1041371, 405392, 133046, 594745, 123425, 38.8, 47.0, 0.99
M, 777786, 398048, 920064, 1042930, 405816, 133085, 595229, 123491, 38.8, 47.0, 0.99
M, 778630, 398273, 919652, 1043860, 406261, 133022, 595884, 123536, 38.8, 47.0, 0.99
M, 779244, 398326, 919726, 1044750, 406515, 133080, 596236, 123630, 38.8, 47.0, 1.01
M, 780336, 398723, 919518, 1046007, 407073, 133085, 596982, 123525, 38.8, 47.0, 0.99
M, 780809, 398608, 919641, 1046968, 407250, 133028, 597334, 123596, 38.8, 47.0, 1.01
M, 782148, 398884, 920110, 1048312, 407694, 133054, 597915, 123714, 38.8, 47.0, 1.00
M, 783148, 399105, 920449, 1049767, 408198, 133108, 598496, 123802, 38.8, 47.0, 1.00
M, 783999, 399400, 920676, 1050999, 408524, 133184, 599032, 123828, 38.8, 47.0, 1.00
M, 785246, 399682, 921395, 1052611, 409025, 133239, 599648, 123952, 38.8, 47.0, 1.00
M, 786396, 400016, 921889, 1053976, 409552, 133249, 600175, 123963, 38.8, 47.0, 1.00
M, 786940, 400229, 922012, 1054893, 409934, 133296, 600591, 123931, 38.8, 47.0, 1.01
M, 787593, 400485, 921978, 1055853, 410183, 133364, 601089, 124092, 38.8, 47.0, 0.99
M, 788739, 400803, 922538, 1057208, 410668, 133268, 601577, 124137, 38.8, 47.0, 1.00
M, 791116, 401326, 924759, 1060013, 411360, 133534, 602447, 124402, 38.8, 47.0, 0.99
M, 791049, 401656, 923963, 1059974, 411615, 133544, 602687, 124248, 38.8, 47.0, 1.00
M, 791261, 401800, 923798, 1060575, 411822, 133518, 603089, 124247, 38.8, 47.0, 1.00
M, 791324, 401902, 923291, 1060894, 412015, 133480, 603304, 124195, 38.8, 47.0, 1.00
M, 791439, 402004, 922898, 1061211, 412223, 133498, 603569, 124234, 38.8, 47.0, 0.99
M, 792054, 402290, 923075, 1062199, 412548, 133463, 604007, 124249, 38.8, 47.0, 1.00
M, 793014, 402559, 923566, 1063182, 412901, 133453, 604435, 124279, 38.8, 47.0, 0.99
M, 793374, 402839, 923608, 1063922, 413092, 133548, 604822, 124249, 38.8, 47.0, 1.01
M, 794123, 403152, 924128, 1065113, 413525, 133616, 605290, 124364, 38.8, 47.0, 1.00
M, 794794, 403449, 924233, 1065622, 413882, 133573, 605713, 124354, 38.8, 47.0, 1.00
M, 795201, 403546, 924373, 1066598, 414102, 133591, 605974, 124408, 38.8, 47.0, 1.01
M, 795917, 403978, 924428, 1067406, 414501, 133503, 606452, 124432, 38.8, 47.0, 1.01
M, 796206, 404124, 924725, 1067913, 414627, 133657, 606708, 124482, 38.8, 47.0, 1.00
M, 796897, 404354, 925219, 1069079, 414924, 133724, 607034, 124546, 38.8, 47.0, 1.01
M, 797615, 404639, 925635, 1069971, 415265, 133758, 607491, 124564, 38.8, 47.0, 1.00
M, 797975, 404889, 925824, 1070690, 415510, 133808, 607783, 124635, 38.8, 47.0, 1.01
M, 798862, 405192, 926489, 1071781, 415858, 133911, 608194, 124683, 38.8, 47.0, 1.00
M, 799444, 405548, 926836, 1072549, 416177, 133878, 608551, 124665, 38.8, 47.0, 1.00
M, 799749, 405761, 927008, 1073152, 416353, 133962, 608876, 124713, 38.8, 47.0, 1.00
M, 800252, 405947, 927183, 1073643, 416514, 133960, 609072, 124694, 38.8, 47.0, 0.99
M, 802333, 406525, 929726, 1076697, 417162, 134245, 609824, 125003, 38.8, 47.0, 1.01
M, 802059, 406711, 929279, 1076479, 417349, 134175, 609984, 124973, 38.8, 47.0, 1.00
M, 802211, 406993, 929047, 1076817, 417455, 134195, 610207, 124923, 38.8, 47.0, 1.00
M, 802374, 407088, 928849, 1076963, 417558, 134112, 610339, 124813, 38.8, 47.0, 1.01
M, 802497, 407244, 928954, 1077437, 417790, 134160, 610633, 124831, 38.8, 47.0, 1.01
M, 802989, 407528, 929322, 1078108, 418042, 134254, 610897, 125008, 38.8, 47.0, 1.00
M, 803362, 407703, 929560, 1078696, 418268, 134280, 611200, 124962, 38.8, 47.0, 0.99
M, 804133, 407996, 930140, 1079452, 418562, 134289, 611471, 125027, 38.8, 47.0, 1.00
M, 803874, 408088, 929794, 1079373, 418560, 134249, 611624, 124958, 38.8, 47.0, 0.99
M, 804308, 408278, 930210, 1080163, 418785, 134319, 611857, 124975, 38.8, 47.0, 1.00
M, 804256, 408551, 929959, 1080289, 418929, 134361, 612106, 124943, 38.8, 47.0, 1.01
M, 804448, 408595, 929889, 1080705, 419032, 134339, 612225, 124996, 38.8, 47.0, 0.99
M, 804731, 408898, 930211, 1081110, 419402, 134366, 612527, 124993, 38.8, 47.0, 1.01
M, 804816, 408812, 930226, 1081332, 419373, 134357, 612666, 124953, 38.8, 47.0, 1.01
M, 805312, 409119, 930744, 1082242, 419610, 134434, 612944, 125053, 38.8, 47.0, 1.00
M, 805524, 409276, 930879, 1082621, 419757, 134431, 613214, 125059, 38.8, 47.0, 1.00
M, 805946, 409364, 931141, 1083009, 419915, 134430, 613391, 125078, 38.8, 47.0, 1.00
M, 806639, 409653, 931893, 1084016, 420162, 134503, 613617, 125194, 38.8, 47.0, 1.00
M, 806826, 409850, 931997, 1084262, 420364, 134455, 613839, 125196, 38.8, 47.0, 1.01
M, 807016, 409916, 931976, 1084445, 420460, 134543, 614023, 125108, 38.8, 47.0, 0.99
M, 808162, 410105, 933571, 1086438, 420746, 134699, 614402, 125330, 38.8, 47.0, 1.00
M, 808242, 410482, 933596, 1086450, 420949, 134690, 614588, 125294, 38.8, 47.0, 1.00
M, 808330, 410593, 933508, 1086702, 421065, 134687, 614792, 125394, 38.8, 47.0, 0.99
M, 808815, 410723, 934135, 1087343, 421263, 134773, 615097, 125360, 38.8, 47.0, 1.01
M, 808929, 410912, 934360, 1087685, 421446, 134811, 615119, 125321, 38.8, 47.0, 1.00
M, 808888, 411058, 934278, 1087699, 421565, 134795, 615266, 125360, 38.8, 47.0, 1.00
M, 809197, 411123, 934595, 1088170, 421665, 134829, 615413, 125385, 38.8, 47.0, 1.00
M, 809311, 411280, 934629, 1088498, 421773, 134847, 615631, 125335, 38.8, 47.0, 1.00
M, 809446, 411443, 934699, 1088559, 421892, 134817, 615719, 125344, 38.8, 47.0, 1.00
M, 809578, 411514, 934588, 1088615, 421954, 134852, 615919, 125356, 38.8, 47.0, 0.99
M, 809745, 411654, 935207, 1089424, 422086, 134883, 616086, 125379, 38.8, 47.0, 1.00
M, 809060, 411653, 934186, 1088708, 422121, 134815, 616102, 125328, 38.8, 47.0, 1.01
M, 809125, 411639, 934251, 1088811, 422120, 134796, 616126, 125332, 38.8, 47.0, 1.00
M, 809281, 411780, 934460, 1089103, 422327, 134821, 616351, 125306, 38.8, 47.0, 1.01
M, 809502, 411757, 934522, 1089294, 422369, 134720, 616388, 125120, 38.8, 47.0, 1.00
M, 809287, 411764, 934239, 1089255, 422377, 134810, 616492, 125254, 38.8, 47.0, 1.00
M, 808461, 411654, 933267, 1088422, 422244, 134717, 616409, 125078, 38.8, 47.0, 1.00
M, 808857, 411776, 933852, 1089129, 422519, 134768, 616669, 125224, 38.8, 47.0, 0.99
M, 809790, 411960, 934864, 1090269, 422684, 134914, 617047, 125370, 38.8, 47.0, 1.00
M, 810486, 412237, 935487, 1090854, 422924, 134900, 617281, 125422, 38.8, 47.0, 1.00
M, 811974, 412529, 937642, 1092885, 423291, 135146, 617724, 125632, 38.8, 47.0, 0.99
M, 811882, 412707, 937521, 1092961, 423473, 135114, 617902, 125625, 38.8, 47.0, 0.99
M, 811464, 412736, 937017, 1092661, 423462, 135109, 617863, 125505, 38.8, 47.0, 1.00
M, 811239, 412684, 936708, 1092392, 423418, 135087, 617827, 125516, 38.8, 47.0, 0.99
M, 811408, 412795, 936982, 1092797, 423570, 135070, 618014, 125479, 38.8, 47.0, 1.01
M, 811455, 412857, 936840, 1092635, 423631, 135036, 618123, 125462, 38.8, 47.0, 1.00
M, 811587, 412918, 937091, 1092792, 423712, 135112, 618190, 125451, 38.8, 47.0, 0.99
M, 811921, 413035, 937730, 1093637, 423912, 135146, 618416, 125582, 38.8, 47.0, 0.99
M, 812219, 413099, 938029, 1094091, 424021, 135248, 618577, 125627, 38.8, 47.0, 1.01
M, 812822, 413252, 938665, 1094623, 424222, 135260, 618834, 125689, 38.8, 47.0, 1.00
M, 813006, 413380, 938944, 1094861, 424358, 135286, 618920, 125690, 38.8, 47.0, 1.00
M, 812881, 413435, 938922, 1094987, 424354, 135329, 618979, 125658, 38.8, 47.0, 0.99
M, 812922, 413633, 939040, 1094959, 424461, 135303, 619188, 125601, 38.8, 47.0, 0.99
M, 812974, 413588, 939310, 1095372, 424508, 135359, 619254, 125714, 38.8, 47.0, 1.01
M, 812990, 413765, 939260, 1095453, 424702, 135382, 619420, 125647, 38.8, 47.0, 1.00
M, 813156, 413752, 939287, 1095322, 424669, 135268, 619381, 125604, 38.8, 47.0, 0.99
M, 813506, 413818, 939981, 1096121, 424812, 135375, 619610, 125676, 38.8, 47.0, 1.00
M, 813565, 413868, 940205, 1096396, 424891, 135419, 619714, 125678, 38.8, 47.0, 1.00
M, 813593, 413924, 940235, 1096541, 424962, 135450, 619800, 125686, 38.8, 47.0, 0.99
M, 814067, 414175, 940892, 1097100, 425108, 135481, 619984, 125816, 38.8, 47.0, 1.00
M, 815930, 414424, 943386, 1099284, 425542, 135720, 620479, 125998, 38.8, 47.0, 1.00
M, 815307, 414545, 942564, 1098509, 425525, 135674, 620432, 125917, 38.8, 47.0, 1.00
M, 814770, 414432, 942126, 1098134, 425440, 135665, 620403, 125807, 38.8, 47.0, 1.00
M, 814411, 414372, 941660, 1097585, 425439, 135614, 620350, 125720, 38.8, 47.0, 0.99
M, 814254, 414360, 941794, 1097911, 425381, 135610, 620344, 125804, 38.8, 47.0, 1.01
M, 814758, 414557, 942448, 1098494, 425623, 135698, 620602, 125885, 38.8, 47.0, 1.00
M, 814969, 414690, 942803, 1098583, 425715, 135647, 620668, 125791, 38.8, 47.0, 0.99
M, 814998, 414649, 942715, 1098561, 425733, 135725, 620768, 125823, 38.8, 47.0, 1.00
M, 815012, 414740, 943186, 1099080, 425861, 135769, 620867, 125874, 38.8, 47.0, 0.99
M, 815202, 414791, 943259, 1099219, 425889, 135737, 620918, 125883, 38.8, 47.0, 1.01
M, 815195, 414808, 943466, 1099345, 425946, 135770, 621021, 125914, 38.8, 47.0, 1.00
M, 815470, 414976, 943800, 1099480, 426091, 135853, 621206, 125901, 38.8, 47.0, 0.99
M, 815440, 414955, 943895, 1099492, 426105, 135808, 621288, 125913, 38.8, 47.0, 1.00
M, 815303, 415107, 943948, 1099516, 426168, 135823, 621332, 125922, 38.8, 47.0, 0.99
M, 815225, 415006, 944017, 1099743, 426117, 135855, 621320, 125927, 38.8, 47.0, 1.01
M, 815495, 415110, 944492, 1099984, 426259, 135831, 621463, 125964, 38.8, 47.0, 0.99
M, 815718, 415114, 944746, 1100288, 426346, 135906, 621544, 125993, 38.8, 47.0, 1.00
M, 815769, 415232, 945056, 1100351, 426392, 135954, 621580, 125954, 38.8, 47.0, 1.00
M, 815751, 415287, 945131, 1100333, 426447, 135978, 621681, 125976, 38.8, 47.0, 0.99
M, 815748, 415230, 945116, 1100479, 426438, 135936, 621743, 125985, 38.8, 47.0, 1.00
M, 817520, 415567, 947691, 1102643, 426851, 136173, 622223, 126204, 38.8, 47.0, 1.01
M, 816874, 415686, 946939, 1102106, 426877, 136168, 622215, 126203, 38.8, 47.0, 1.01
M, 817082, 415776, 947356, 1102374, 426891, 136216, 622229, 126217, 38.8, 47.0, 1.01
M, 817107, 415710, 947527, 1102291, 426927, 136181, 622233, 126080, 38.8, 47.0, 1.01
M, 816828, 415781, 947379, 1102048, 426944, 136138, 622274, 126041, 38.8, 47.0, 1.00
M, 816612, 415802, 947204, 1102023, 426901, 136154, 622276, 126099, 38.8, 47.0, 0.99
M, 816768, 415789, 947598, 1102259, 426997, 136234, 622362, 126106, 38.8, 47.0, 1.00
M, 816762, 415825, 947627, 1102217, 427046, 136197, 622446, 126098, 38.8, 47.0, 1.00
M, 816982, 416025, 948025, 1102368, 427166, 136283, 622554, 126126, 38.8, 47.0, 1.00
M, 816711, 415893, 947761, 1102161, 427084, 136241, 622539, 126086, 38.8, 47.0, 0.99
M, 816852, 416021, 948142, 1102386, 427093, 136251, 622582, 126096, 38.8, 47.0, 1.02
M, 816383, 415871, 947837, 1102071, 427063, 136263, 622556, 126083, 38.8, 47.0, 1.00
M, 816705, 415926, 948051, 1102101, 427241, 136253, 622609, 126046, 38.8, 47.0, 1.00
M, 816452, 415991, 947986, 1101932, 427111, 136212, 622587, 126033, 38.8, 47.0, 1.00
M, 815814, 415885, 947417, 1101421, 427143, 136210, 622599, 125986, 38.8, 47.0, 1.01
M, 815858, 415798, 947685, 1101725, 427110, 136236, 622606, 126012, 38.8, 47.0, 1.00
M, 816295, 415837, 948142, 1101936, 427146, 136241, 622744, 126086, 38.8, 47.0, 1.00
M, 816430, 415804, 948417, 1102060, 427269, 136273, 622839, 126055, 38.8, 47.0, 0.99
M, 816459, 415894, 948695, 1102200, 427310, 136304, 622886, 126081, 38.8, 47.0, 0.99
M, 816417, 415859, 948677, 1102022, 427299, 136245, 622917, 125962, 38.8, 47.0, 0.99
M, 817799, 416013, 950713, 1104048, 427593, 136452, 623271, 126242, 38.8, 47.0, 0.99
M, 818006, 416198, 950970, 1104244, 427754, 136470, 623355, 126261, 38.8, 47.0, 0.99
M, 817657, 416247, 950714, 1104005, 427669, 136511, 623402, 126273, 38.8, 47.0, 1.01
M, 817851, 416291, 951158, 1104271, 427794, 136500, 623442, 126338, 38.8, 47.0, 1.00
M, 817734, 416338, 951131, 1103903, 427762, 136495, 623459, 126228, 38.8, 47.0, 1.00
M, 817571, 416247, 950893, 1103662, 427720, 136531, 623469, 126205, 38.8, 47.0, 1.01
M, 817385, 416208, 950759, 1103712, 427736, 136478, 623448, 126203, 38.8, 47.0, 1.00
M, 817575, 416330, 951234, 1103872, 427806, 136520, 623445, 126178, 38.8, 47.0, 1.00
M, 817304, 416296, 951256, 1103862, 427845, 136614, 623561, 126190, 38.8, 47.0, 1.00
M, 817585, 416325, 951623, 1104185, 427915, 136613, 623602, 126299, 38.8, 47.0, 1.01
M, 817754, 416377, 951888, 1104013, 427951, 136592, 623660, 126261, 38.8, 47.0, 0.99
M, 817452, 416328, 951708, 1103903, 427889, 136583, 623625, 126235, 38.8, 47.0, 1.01
M, 817539, 416393, 951982, 1104278, 427940, 136587, 623742, 126264, 38.8, 47.0, 1.00
M, 817346, 416422, 951648, 1103617, 427978, 136567, 623746, 126201, 38.8, 47.0, 0.99
M, 817207, 416293, 951749, 1103733, 427961, 136578, 623686, 126220, 38.8, 47.0, 1.00
M, 817037, 416341, 951720, 1103508, 428033, 136559, 623760, 126176, 38.8, 47.0, 0.99
M, 817065, 416226, 951730, 1103559, 427994, 136427, 623775, 126214, 38.8, 47.0, 1.00
M, 817252, 416290, 952231, 1103916, 427986, 136613, 623826, 126248, 38.8, 47.0, 0.99
M, 817348, 416265, 952443, 1104176, 428091, 136666, 623935, 126254, 38.8, 47.0, 1.00
M, 817183, 416262, 952404, 1104030, 428084, 136652, 623888, 126258, 38.8, 47.0, 1.01
M, 818945, 416566, 954805, 1106213, 428463, 136807, 624410, 126597, 38.8, 47.0, 1.00
M, 818520, 416619, 954369, 1105538, 428503, 136784, 624326, 126357, 38.8, 47.0, 0.99
M, 817914, 416529, 953629, 1104726, 428354, 136827, 624175, 126334, 38.8, 47.0, 1.00
M, 817331, 416335, 952869, 1104201, 428183, 136758, 624119, 126294, 38.8, 47.0, 1.01
M, 817234, 416369, 953095, 1103982, 428279, 136694, 624094, 126188, 38.8, 47.0, 0.99
M, 817244, 416361, 953153, 1104056, 428267, 136706, 624105, 126242, 38.8, 47.0, 1.00
M, 817124, 416342, 953011, 1103908, 428294, 136651, 624180, 126206, 38.8, 47.0, 0.99
M, 817248, 416300, 953397, 1104189, 428270, 136779, 624236, 126266, 38.8, 47.0, 1.00
M, 817536, 416385, 953991, 1104720, 428455, 136781, 624377, 126308, 38.8, 47.0, 1.00
M, 817494, 416412, 953998, 1104632, 428411, 136789, 624365, 126370, 38.8, 47.0, 1.00
M, 817888, 416456, 954689, 1105103, 428506, 136871, 624537, 126448, 38.8, 47.0, 0.99
M, 818076, 416512, 955035, 1105216, 428576, 136822, 624535, 126334, 38.8, 47.0, 1.00
M, 817977, 416568, 955085, 1105192, 428624, 136840, 624590, 126365, 38.8, 47.0, 0.99
M, 818194, 416598, 955290, 1105429, 428600, 136926, 624646, 126356, 38.8, 47.0, 1.01
M, 817813, 416602, 954984, 1105078, 428652, 136906, 624647, 126333, 38.8, 47.0, 1.01
M, 817824, 416511, 955180, 1105137, 428614, 136933, 624603, 126407, 38.8, 47.0, 1.01
M, 817884, 416586, 955241, 1104909, 428779, 136914, 624711, 126313, 38.8, 47.0, 1.01
M, 817871, 416492, 955443, 1104985, 428619, 136907, 624696, 126309, 38.8, 47.0, 1.00
M, 817977, 416513, 955781, 1105443, 428711, 136951, 624791, 126402, 38.8, 47.0, 0.99
M, 818090, 416549, 955962, 1105620, 428772, 136997, 624871, 126462, 38.8, 47.0, 1.01
M, 819561, 416812, 957984, 1107262, 429097, 137168, 625248, 126637, 38.8, 47.0, 1.00
M, 819276, 416939, 957797, 1106920, 429135, 137076, 625193, 126530, 38.8, 47.0, 1.01
M, 818632, 416802, 957119, 1106088, 429031, 137060, 625120, 126414, 38.8, 47.0, 0.99
M, 818439, 416697, 956964, 1105841, 428900, 136910, 625065, 126455, 38.8, 47.0, 0.99
M, 818673, 416773, 957489, 1106355, 429014, 137087, 625094, 126513, 38.8, 47.0, 0.99
M, 818591, 416775, 957587, 1106377, 429062, 137105, 625107, 126458, 38.8, 47.0, 1.01
M, 818550, 416821, 957590, 1106335, 429080, 137133, 625158, 126554, 38.8, 47.0, 1.00
M, 819057, 416894, 958217, 1106813, 429180, 137099, 625279, 126533, 38.8, 47.0, 1.01
M, 819042, 416915, 958670, 1106920, 429170, 137164, 625394, 126513, 38.8, 47.0, 1.00
M, 818836, 416910, 958463, 1106757, 429201, 137133, 625328, 126478, 38.8, 47.0, 0.99
M, 819041, 416994, 958755, 1106877, 429227, 137206, 625400, 126531, 38.8, 47.0, 1.00
M, 818821, 416948, 958637, 1106638, 429276, 137212, 625403, 126472, 38.8, 47.0, 0.99
M, 818542, 416888, 958450, 1106268, 429140, 137132, 625322, 126531, 38.8, 47.0, 1.00
M, 818506, 416823, 958422, 1106082, 429192, 137083, 625328, 126476, 38.8, 47.0, 0.99
M, 818706, 416869, 958945, 1106649, 429216, 137199, 625442, 126490, 38.8, 47.0, 1.01
M, 818164, 416818, 958497, 1106052, 429219, 137196, 625380, 126443, 38.8, 47.0, 1.01
M, 818150, 416730, 958597, 1106091, 429168, 137227, 625343, 126457, 38.8, 47.0, 0.99
M, 818060, 416824, 958609, 1105862, 429265, 137232, 625344, 126392, 38.8, 47.0, 1.01
M, 818121, 416699, 958662, 1105829, 429142, 137190, 625374, 126402, 38.8, 47.0, 1.00
M, 818284, 416667, 959064, 1106278, 429179, 137100, 625382, 126424, 38.8, 47.0, 1.01
M, 819958, 416936, 961214, 1108126, 429536, 137377, 625770, 126752, 38.8, 47.0, 0.99
M, 819563, 417010, 961119, 1107848, 429511, 137381, 625786, 126688, 38.8, 47.0, 0.99
M, 819640, 417078, 961393, 1107948, 429571, 137414, 625855, 126648, 38.8, 47.0, 1.00
M, 819593, 417048, 961314, 1107638, 429574, 137415, 625876, 126607, 38.8, 47.0, 1.00
M, 819479, 417127, 961255, 1107371, 429576, 137397, 625836, 126616, 38.8, 47.0, 0.99
M, 818943, 416961, 961062, 1107350, 429482, 137379, 625800, 126560, 38.8, 47.0, 1.01
M, 819133, 417051, 961367, 1107562, 429590, 137428, 625784, 126609, 38.8, 47.0, 0.99
M, 819077, 417003, 961422, 1107180, 429529, 137467, 625767, 126548, 38.8, 47.0, 0.99
M, 819358, 417035, 961990, 1107789, 429656, 137464, 625861, 126690, 38.9, 47.0, 1.00
M, 819329, 417079, 962131, 1107600, 429661, 137472, 626000, 126605, 38.9, 47.0, 0.99
M, 819282, 417073, 961954, 1107422, 429648, 137391, 625867, 126629, 38.9, 47.0, 1.00
M, 819118, 417008, 962222, 1107529, 429679, 137493, 625914, 126643, 38.9, 47.0, 0.99
M, 819161, 417102, 962376, 1107536, 429676, 137523, 626000, 126668, 38.9, 47.0, 1.00
M, 819090, 417043, 962414, 1107471, 429689, 137550, 625957, 126638, 38.9, 47.0, 0.99
M, 819594, 417145, 963037, 1107721, 429780, 137521, 626096, 126713, 38.9, 47.0, 0.99
M, 819317, 417074, 962924, 1107668, 429751, 137472, 626012, 126591, 38.9, 47.0, 1.00
M, 819125, 417143, 962745, 1107311, 429774, 137464, 626062, 126602, 38.9, 47.0, 1.00
M, 818822, 417001, 962594, 1107134, 429658, 137520, 625972, 126579, 38.9, 47.0, 0.99
M, 818419, 416946, 962316, 1106806, 429685, 137510, 626005, 126569, 38.9, 47.0, 0.99
M, 818311, 416866, 962344, 1106603, 429553, 137440, 625977, 126531, 38.9, 47.0, 1.01
