State, OV, Alc, H2, AC1, NH3, AC2, VOC, LP, Temp, Hud, AirFlow
A, 759706, 377347, 1194982, 1037060, 366205, 154243, 533111, 140229, 41.0, 45.7, 0.00
A, 746169, 373734, 1172210, 1019925, 362678, 151906, 529155, 137779, 41.0, 45.7, 0.63
A, 736326, 370704, 1155139, 1007298, 360187, 150027, 526684, 135990, 40.9, 45.7, 0.73
A, 728966, 368349, 1141766, 997812, 358648, 148540, 525579, 134627, 40.9, 45.7, 0.82
A, 722770, 366526, 1129487, 989797, 357742, 147220, 525554, 133560, 40.8, 45.5, 0.88
A, 718374, 365223, 1119523, 983727, 357310, 146019, 525962, 132841, 40.8, 45.5, 0.94
A, 715320, 364234, 1111300, 979346, 357378, 144974, 526661, 132257, 40.7, 45.5, 0.97
A, 713119, 363472, 1103504, 975632, 357607, 143941, 527641, 131829, 40.7, 45.5, 0.98
A, 711721, 362887, 1097262, 973084, 357821, 143236, 528474, 131417, 40.7, 45.4, 0.99
A, 711139, 362637, 1092352, 971759, 358242, 142584, 529377, 131308, 40.7, 45.4, 0.99
A, 711231, 362338, 1087719, 970972, 358859, 141887, 530616, 131137, 40.6, 45.3, 0.98
A, 711554, 362345, 1084897, 970820, 359195, 141573, 531406, 131128, 40.6, 45.3, 0.99
A, 712712, 362345, 1081003, 971057, 360082, 140990, 532874, 131074, 40.5, 45.3, 1.01
A, 713542, 362258, 1079324, 971669, 360606, 140747, 533664, 131093, 40.5, 45.3, 1.00
A, 714963, 362423, 1077655, 972959, 361260, 140517, 534743, 131143, 40.5, 45.3, 1.00
A, 716682, 362696, 1076150, 974295, 362089, 140290, 535875, 131256, 40.5, 45.3, 1.00
A, 718268, 363057, 1074791, 975599, 362773, 140076, 536940, 131373, 40.5, 45.3, 1.00
A, 720321, 363409, 1074270, 977603, 363609, 139883, 538154, 131467, 40.5, 45.3, 1.00
A, 722309, 363848, 1073178, 979485, 364439, 139738, 539384, 131546, 40.5, 45.3, 1.00
A, 724027, 364237, 1072254, 981066, 365257, 139609, 540462, 131559, 40.4, 45.2, 1.01
A, 727554, 364927, 1074161, 984829, 366301, 139736, 541860, 131939, 40.4, 45.2, 1.00
A, 729586, 365598, 1073819, 986791, 367177, 139642, 543033, 132050, 40.4, 45.2, 1.00
A, 731060, 366139, 1072841, 988248, 367840, 139547, 543956, 132061, 40.4, 45.2, 1.01
A, 733019, 366766, 1072491, 990150, 368624, 139483, 545037, 132175, 40.4, 45.2, 0.99
A, 734972, 367412, 1072121, 992194, 369435, 139463, 546148, 132180, 40.4, 45.2, 1.01
A, 736443, 367945, 1071169, 993540, 370174, 139311, 547070, 132117, 40.4, 45.2, 1.00
A, 737890, 368452, 1070406, 994966, 370818, 139298, 547932, 132275, 40.4, 45.2, 1.01
A, 739642, 369081, 1070385, 996732, 371586, 139223, 548931, 132354, 40.3, 45.2, 1.00
A, 741334, 369838, 1069811, 998446, 372342, 139167, 549956, 132379, 40.3, 45.2, 1.01
A, 742663, 370468, 1069010, 999867, 372944, 139096, 550827, 132378, 40.3, 45.2, 1.01
A, 744096, 370974, 1068801, 1001475, 373626, 139064, 551675, 132362, 40.3, 45.2, 1.00
A, 745705, 371756, 1068255, 1003060, 374385, 139068, 552696, 132420, 40.3, 45.2, 1.00
A, 746722, 372117, 1067825, 1004349, 374901, 139098, 553337, 132519, 40.3, 45.2, 1.00
A, 748691, 373107, 1067623, 1006368, 375749, 138960, 554469, 132513, 40.3, 45.3, 1.00
A, 749800, 373533, 1067478, 1007433, 376224, 139011, 555131, 132537, 40.3, 45.3, 1.00
A, 751160, 374246, 1067538, 1009232, 376866, 138997, 555934, 132669, 40.3, 45.3, 1.00
A, 752664, 374887, 1067442, 1010822, 377498, 139025, 556739, 132711, 40.3, 45.3, 0.99
A, 754011, 375498, 1067527, 1012300, 378105, 138997, 557483, 132753, 40.3, 45.3, 1.00
A, 755619, 376219, 1067979, 1014228, 378776, 139131, 558361, 132905, 40.2, 45.3, 1.00
A, 757213, 377126, 1067872, 1015603, 379419, 139041, 559232, 132939, 40.2, 45.3, 0.99
A, 759872, 377863, 1070376, 1018971, 380350, 139297, 560338, 133239, 40.2, 45.3, 1.00
A, 760860, 378692, 1070188, 1020280, 380959, 139353, 561064, 133262, 40.2, 45.3, 1.01
A, 761645, 379266, 1069470, 1021194, 381362, 139297, 561609, 133217, 40.2, 45.3, 1.00
A, 762595, 379885, 1069285, 1022028, 381847, 139257, 562221, 133228, 40.2, 45.3, 1.00
A, 763502, 380477, 1069001, 1023061, 382337, 139287, 562887, 133173, 40.2, 45.3, 1.00
A, 764362, 381115, 1068623, 1024423, 382870, 139310, 563562, 133222, 40.2, 45.3, 1.00
A, 765081, 381741, 1068152, 1025158, 383313, 139224, 564108, 133257, 40.2, 45.3, 1.00
A, 765795, 382316, 1067949, 1026121, 383760, 139181, 564616, 133295, 40.2, 45.3, 0.99
A, 766724, 382851, 1067931, 1027235, 384166, 139244, 565239, 133224, 40.2, 45.3, 1.00
A, 767762, 383492, 1067487, 1028061, 384674, 139171, 565911, 133291, 40.2, 45.3, 1.01
A, 768393, 383970, 1067202, 1028722, 385134, 139183, 566398, 133264, 40.1, 45.3, 1.00
A, 768867, 384481, 1066907, 1029802, 385409, 139213, 566837, 133238, 40.1, 45.3, 1.00
A, 769657, 385135, 1066498, 1030708, 385984, 139211, 567517, 133273, 40.1, 45.3, 0.99
A, 770244, 385489, 1066315, 1031414, 386272, 139104, 567901, 133326, 40.1, 45.3, 1.00
A, 771104, 386266, 1066111, 1032476, 386867, 139253, 568559, 133308, 40.1, 45.3, 0.99
A, 771187, 386516, 1065438, 1032687, 386994, 139115, 568836, 133232, 40.1, 45.3, 1.01
A, 772262, 387012, 1065871, 1033856, 387395, 139187, 569458, 133281, 40.1, 45.3, 1.00
A, 772837, 387515, 1065615, 1034756, 387837, 139221, 569910, 133255, 40.1, 45.3, 1.01
A, 773520, 387945, 1065635, 1035757, 388168, 139241, 570389, 133391, 40.1, 45.3, 1.00
A, 774824, 388523, 1066455, 1037330, 388704, 139313, 570998, 133512, 40.1, 45.4, 1.00
A, 777915, 389609, 1070002, 1040914, 389553, 139586, 572075, 133886, 40.1, 45.4, 1.00
A, 778395, 390174, 1069607, 1041304, 389902, 139567, 572506, 133839, 40.1, 45.4, 1.00
A, 778466, 390607, 1068402, 1041386, 390253, 139541, 572854, 133645, 40.1, 45.4, 1.00
A, 778611, 390953, 1068256, 1042127, 390487, 139561, 573109, 133682, 40.1, 45.4, 1.01
A, 779366, 391366, 1068737, 1043114, 390812, 139605, 573592, 133790, 40.1, 45.4, 1.00
A, 779970, 391886, 1068872, 1043941, 391132, 139618, 573954, 133814, 40.1, 45.4, 1.00
A, 780515, 392331, 1068625, 1044412, 391486, 139602, 574427, 133790, 40.1, 45.4, 1.01
A, 780758, 392736, 1068296, 1044766, 391745, 139604, 574716, 133663, 40.1, 45.4, 0.99
A, 780971, 393005, 1068006, 1045478, 391965, 139636, 575009, 133793, 40.1, 45.4, 1.00
A, 781570, 393491, 1068208, 1046326, 392233, 139652, 575394, 133815, 40.0, 45.4, 1.00
A, 782116, 393879, 1068075, 1046676, 392481, 139636, 575779, 133812, 40.0, 45.4, 1.00
A, 782956, 394413, 1068585, 1047672, 392998, 139669, 576260, 133837, 40.0, 45.5, 0.99
A, 782949, 394665, 1068084, 1048074, 393149, 139661, 576553, 133775, 40.0, 45.5, 1.00
A, 783253, 395211, 1067741, 1048271, 393484, 139676, 576876, 133772, 40.0, 45.5, 1.00
A, 783461, 395368, 1067619, 1048776, 393566, 139679, 577042, 133798, 40.0, 45.5, 1.00
A, 783673, 395852, 1067079, 1049113, 393935, 139627, 577478, 133738, 40.0, 45.5, 1.00
A, 783897, 395959, 1066830, 1049230, 394063, 139580, 577641, 133709, 40.0, 45.5, 1.00
A, 784406, 396345, 1067289, 1050325, 394247, 139662, 577982, 133786, 40.0, 45.5, 1.00
A, 784785, 396639, 1067229, 1050814, 394565, 139683, 578315, 133807, 40.0, 45.5, 1.01
A, 785006, 396888, 1067000, 1051136, 394766, 139646, 578558, 133822, 40.0, 45.5, 1.00
A, 787669, 397515, 1070161, 1054256, 395375, 139906, 579366, 134221, 40.0, 45.5, 1.00
A, 787853, 397986, 1069866, 1054358, 395734, 139971, 579700, 134072, 40.0, 45.5, 1.00
A, 787152, 398242, 1068425, 1053841, 395741, 139907, 579733, 133946, 40.0, 45.5, 0.99
A, 786972, 398358, 1067865, 1053735, 395753, 139793, 579836, 133865, 40.0, 45.5, 1.00
A, 787391, 398678, 1068002, 1054342, 395971, 139800, 580099, 133836, 40.0, 45.5, 1.00
A, 787302, 398871, 1067600, 1054548, 396164, 139839, 580241, 133943, 40.0, 45.5, 0.99
A, 787942, 399165, 1067947, 1055274, 396424, 139930, 580637, 133855, 40.0, 45.6, 1.00
A, 788307, 399469, 1067958, 1055522, 396589, 139850, 580936, 133926, 40.0, 45.6, 1.00
A, 788255, 399694, 1067472, 1055598, 396717, 139801, 581092, 133852, 40.0, 45.6, 1.00
A, 788186, 399873, 1067062, 1055972, 396826, 139839, 581241, 133883, 40.0, 45.6, 1.00
A, 788442, 400113, 1066855, 1056025, 397088, 139790, 581455, 133840, 40.0, 45.6, 0.99
A, 788609, 400256, 1066870, 1056486, 397192, 139825, 581681, 133865, 40.0, 45.6, 0.99
A, 789060, 400506, 1066870, 1056976, 397449, 139849, 582015, 133850, 40.0, 45.6, 1.01
A, 789112, 400710, 1066648, 1056970, 397513, 139888, 582118, 133803, 40.0, 45.6, 1.01
A, 788913, 400976, 1066104, 1057122, 397706, 139819, 582343, 133763, 40.0, 45.6, 1.01
A, 789124, 400972, 1066100, 1057575, 397796, 139849, 582491, 133823, 40.0, 45.6, 1.01
A, 789718, 401333, 1066402, 1058106, 398039, 139853, 582802, 133941, 40.0, 45.6, 1.01
A, 790082, 401522, 1066490, 1058512, 398170, 139863, 583001, 133905, 40.0, 45.6, 1.00
A, 790332, 401784, 1066738, 1059024, 398378, 139876, 583270, 133818, 40.0, 45.6, 1.00
A, 790451, 401895, 1066356, 1059050, 398494, 139876, 583427, 133885, 40.0, 45.6, 1.00
A, 792260, 402276, 1068743, 1061443, 398953, 140077, 583897, 134096, 40.0, 45.6, 1.00
A, 792553, 402684, 1068832, 1061803, 399169, 140142, 584188, 134038, 40.0, 45.6, 0.99
A, 792045, 402758, 1067942, 1061611, 399229, 140073, 584253, 134047, 40.0, 45.6, 0.99
A, 792291, 403020, 1068021, 1061872, 399392, 140116, 584446, 134081, 40.0, 45.7, 0.99
A, 792474, 403159, 1067908, 1061920, 399487, 140057, 584582, 133921, 40.0, 45.7, 1.00
A, 792246, 403242, 1067412, 1061810, 399556, 139990, 584636, 133926, 39.9, 45.7, 0.99
A, 792289, 403440, 1067226, 1062174, 399671, 140072, 584826, 133999, 39.9, 45.7, 1.00
A, 792469, 403494, 1066896, 1062189, 399737, 140054, 584975, 133965, 39.9, 45.7, 1.00
A, 792329, 403607, 1066749, 1062360, 399810, 140080, 585110, 133981, 39.9, 45.7, 1.01
A, 792733, 403903, 1066901, 1062659, 400050, 140110, 585364, 133960, 39.9, 45.7, 1.00
A, 792682, 403923, 1066641, 1062673, 400142, 140062, 585456, 133878, 39.9, 45.7, 1.00
A, 792844, 404042, 1066712, 1063042, 400181, 140041, 585562, 133892, 39.9, 45.7, 1.01
A, 792739, 404132, 1066317, 1063048, 400303, 140083, 585697, 133869, 39.9, 45.7, 0.99
A, 793000, 404350, 1066063, 1063115, 400463, 140024, 585879, 133848, 39.9, 45.7, 1.01
A, 792860, 404379, 1065763, 1063054, 400481, 140023, 585949, 133827, 39.9, 45.7, 1.00
A, 792220, 404398, 1064733, 1062637, 400537, 139929, 585952, 133713, 39.9, 45.7, 1.01
A, 792178, 404339, 1064577, 1062880, 400492, 139935, 586023, 133699, 39.9, 45.7, 1.01
A, 792727, 404484, 1065092, 1063340, 400692, 139930, 586275, 133761, 39.9, 45.7, 1.00
A, 793120, 404651, 1065220, 1063824, 400844, 139988, 586473, 133854, 39.9, 45.7, 1.00
A, 793281, 404761, 1065092, 1063892, 401001, 139980, 586578, 133756, 39.9, 45.7, 1.00
A, 795143, 405172, 1067567, 1066217, 401414, 140159, 587154, 134149, 39.9, 45.7, 1.00
A, 794593, 405324, 1066886, 1065770, 401472, 140105, 587178, 133977, 39.9, 45.7, 1.00
A, 794130, 405456, 1066320, 1065658, 401529, 140136, 587222, 133894, 39.9, 45.8, 0.99
A, 794279, 405461, 1066044, 1065669, 401567, 140189, 587276, 133920, 39.9, 45.8, 1.00
A, 794756, 405559, 1066318, 1066097, 401759, 140093, 587481, 133758, 39.9, 45.8, 0.99
A, 794116, 405480, 1064937, 1065097, 401677, 140041, 587423, 133731, 39.9, 45.8, 0.99
A, 792924, 405349, 1063360, 1064045, 401429, 139885, 587250, 133619, 39.9, 45.8, 1.01
A, 793457, 405524, 1063798, 1064700, 401564, 139973, 587433, 133675, 39.9, 45.8, 0.99
A, 793686, 405603, 1063877, 1065011, 401726, 139932, 587563, 133630, 39.9, 45.8, 1.00
A, 793730, 405616, 1063909, 1065331, 401849, 140016, 587708, 133698, 39.9, 45.8, 1.00
A, 794161, 405817, 1064390, 1065943, 402007, 140010, 587916, 133757, 39.9, 45.8, 1.01
A, 794583, 405987, 1064583, 1066168, 402151, 140004, 588108, 133736, 39.9, 45.8, 1.00
A, 794433, 405935, 1064382, 1066272, 402213, 140035, 588132, 133686, 39.9, 45.8, 1.00
A, 794359, 406061, 1064136, 1066512, 402284, 139994, 588249, 133725, 39.9, 45.8, 1.00
A, 794693, 406195, 1064177, 1066520, 402414, 140043, 588457, 133688, 39.9, 45.8, 1.01
A, 794777, 406216, 1064042, 1066754, 402435, 140052, 588527, 133743, 39.9, 45.8, 0.99
A, 794977, 406439, 1063813, 1066803, 402639, 140023, 588679, 133727, 39.9, 45.8, 1.00
A, 794993, 406429, 1063892, 1066957, 402601, 140044, 588766, 133668, 39.9, 45.8, 0.99
A, 795321, 406494, 1064342, 1067615, 402783, 140113, 588918, 133756, 39.9, 45.8, 1.00
A, 795378, 406537, 1064373, 1067737, 402911, 140110, 589038, 133763, 39.9, 45.8, 0.99
A, 797176, 406966, 1066741, 1070037, 403268, 140315, 589508, 134106, 39.9, 45.8, 0.99
A, 797408, 407264, 1066837, 1070140, 403465, 140291, 589658, 134059, 39.9, 45.8, 1.00
A, 797252, 407224, 1066732, 1070154, 403459, 140364, 589686, 133970, 39.9, 45.8, 1.01
A, 796856, 407266, 1066023, 1069747, 403508, 140344, 589658, 133915, 39.9, 45.9, 1.00
A, 796845, 407373, 1065952, 1069689, 403508, 140290, 589695, 133927, 39.9, 45.9, 0.99
A, 796525, 407403, 1065301, 1069519, 403436, 140235, 589720, 133811, 39.9, 45.9, 1.00
A, 796408, 407412, 1064983, 1069336, 403514, 140233, 589741, 133800, 39.9, 45.9, 1.00
A, 796319, 407427, 1064287, 1068985, 403505, 140149, 589758, 133723, 39.9, 45.9, 1.01
A, 796071, 407356, 1064297, 1069062, 403478, 140154, 589747, 133681, 39.9, 45.9, 0.99
A, 796194, 407455, 1064475, 1069349, 403616, 140173, 589935, 133690, 39.9, 45.9, 1.00
A, 796105, 407485, 1064170, 1069383, 403620, 140241, 590017, 133740, 39.9, 45.9, 1.00
A, 796385, 407545, 1064388, 1069603, 403749, 140233, 590148, 133785, 39.9, 45.9, 1.00
A, 796455, 407596, 1064337, 1069548, 403820, 140195, 590205, 133710, 39.9, 45.9, 1.00
A, 796221, 407677, 1063797, 1069374, 403765, 140201, 590208, 133702, 39.8, 45.9, 1.00
A, 796142, 407591, 1063685, 1069389, 403833, 140155, 590246, 133686, 39.8, 45.9, 1.00
A, 796175, 407642, 1063568, 1069538, 403937, 140092, 590416, 133657, 39.8, 45.9, 0.99
A, 796146, 407627, 1063271, 1069543, 403856, 140201, 590379, 133637, 39.8, 45.9, 0.99
A, 795999, 407745, 1063069, 1069352, 403997, 140124, 590439, 133533, 39.8, 45.9, 1.00
A, 796161, 407712, 1062942, 1069388, 403962, 140086, 590450, 133571, 39.8, 45.9, 1.00
A, 796237, 407749, 1063284, 1069906, 404119, 140159, 590650, 133653, 39.8, 45.9, 1.00
A, 798326, 408095, 1066094, 1072432, 404479, 140390, 591085, 133943, 39.9, 45.9, 1.00
A, 798148, 408243, 1065759, 1072040, 404578, 140389, 591140, 133845, 39.9, 45.9, 1.01
A, 798266, 408331, 1065887, 1072343, 404651, 140395, 591258, 133901, 39.8, 45.9, 0.99
A, 798002, 408341, 1065307, 1071890, 404608, 140402, 591193, 133789, 39.8, 45.9, 1.00
A, 797823, 408324, 1064847, 1071563, 404577, 140264, 591173, 133671, 39.8, 46.0, 1.00
A, 797766, 408345, 1064858, 1071865, 404617, 140335, 591278, 133726, 39.8, 46.0, 1.00
A, 797378, 408367, 1064393, 1071585, 404668, 140365, 591270, 133646, 39.8, 46.0, 1.00
A, 797283, 408337, 1063879, 1071395, 404592, 140339, 591209, 133711, 39.8, 46.0, 0.99
A, 797599, 408442, 1064380, 1071669, 404730, 140391, 591366, 133764, 39.8, 46.0, 0.99
A, 797569, 408508, 1064401, 1071887, 404780, 140371, 591442, 133713, 39.8, 46.0, 1.01
A, 797437, 408537, 1064056, 1071643, 404739, 140304, 591408, 133658, 39.8, 46.0, 0.99
A, 797324, 408445, 1063743, 1071504, 404736, 140320, 591443, 133567, 39.8, 46.0, 0.99
A, 797532, 408569, 1064040, 1071970, 404869, 140346, 591553, 133642, 39.8, 46.0, 1.01
A, 797394, 408536, 1063830, 1071921, 404946, 140364, 591586, 133733, 39.8, 46.0, 1.01
A, 797834, 408650, 1063949, 1071977, 404990, 140314, 591667, 133638, 39.8, 46.0, 1.01
A, 797580, 408625, 1063830, 1072054, 404960, 140348, 591726, 133666, 39.8, 46.0, 1.00
A, 796951, 408571, 1062916, 1071413, 404961, 140267, 591628, 133498, 39.8, 46.0, 1.01
A, 797020, 408513, 1062853, 1071517, 404895, 140257, 591714, 133599, 39.8, 46.0, 1.01
A, 796765, 408492, 1062350, 1071174, 404993, 140254, 591685, 133454, 39.8, 46.0, 1.00
A, 796792, 408434, 1062201, 1071050, 404866, 140208, 591682, 133444, 39.8, 46.0, 0.99
A, 798831, 408791, 1065142, 1073728, 405238, 140430, 592203, 133789, 39.8, 46.0, 1.00
A, 798697, 408907, 1064854, 1073435, 405418, 140489, 592278, 133730, 39.8, 46.0, 1.01
A, 798353, 408917, 1064476, 1073268, 405457, 140414, 592275, 133690, 39.8, 46.0, 0.99
A, 798565, 409060, 1064742, 1073549, 405480, 140492, 592323, 133709, 39.8, 46.0, 1.00
A, 798442, 409021, 1064258, 1073154, 405507, 140387, 592315, 133611, 39.8, 46.0, 1.00
A, 798125, 408973, 1063787, 1072822, 405427, 140420, 592270, 133598, 39.8, 46.0, 0.99
A, 798023, 408954, 1063757, 1073141, 405469, 140391, 592341, 133617, 39.8, 46.0, 1.00
A, 797833, 408978, 1063461, 1072952, 405420, 140342, 592299, 133536, 39.8, 46.0, 1.00
A, 797766, 408948, 1063227, 1072704, 405435, 140393, 592340, 133506, 39.8, 46.0, 1.01
A, 797904, 408939, 1063314, 1072951, 405493, 140390, 592471, 133606, 39.8, 46.0, 1.01
A, 798049, 408977, 1063112, 1072843, 405500, 140362, 592495, 133574, 39.8, 46.0, 1.00
A, 797756, 408961, 1062902, 1072574, 405445, 140358, 592434, 133511, 39.8, 46.0, 1.01
A, 797807, 408945, 1063114, 1072959, 405626, 140372, 592510, 133495, 39.8, 46.0, 1.00
A, 797755, 408932, 1062876, 1072990, 405592, 140366, 592565, 133486, 39.8, 46.0, 1.00
A, 798022, 409004, 1063002, 1073135, 405619, 140360, 592641, 133567, 39.8, 46.0, 1.01
A, 797982, 409018, 1062903, 1072964, 405669, 140336, 592683, 133516, 39.8, 46.0, 0.99
A, 797806, 409018, 1062688, 1072957, 405575, 140269, 592585, 133447, 39.8, 46.0, 1.00
A, 797578, 409088, 1062174, 1072649, 405683, 140317, 592680, 133456, 39.8, 46.1, 1.01
A, 797347, 408979, 1062021, 1072679, 405555, 140338, 592655, 133374, 39.8, 46.1, 1.00
A, 797756, 408962, 1062479, 1073196, 405714, 140423, 592747, 133481, 39.8, 46.1, 1.00
A, 799756, 409302, 1065447, 1075656, 406093, 140679, 593201, 133878, 39.8, 46.1, 1.00
A, 799658, 409487, 1065043, 1075244, 406228, 140522, 593254, 133695, 39.8, 46.1, 1.01
A, 799248, 409478, 1064354, 1074690, 406092, 140532, 593153, 133577, 39.8, 46.1, 1.01
A, 798781, 409458, 1063804, 1074484, 406028, 140473, 593078, 133582, 39.8, 46.1, 1.00
A, 798743, 409429, 1063722, 1074575, 406019, 140519, 593108, 133595, 39.8, 46.1, 0.99
A, 798646, 409404, 1063447, 1074282, 406125, 140494, 593087, 133485, 39.8, 46.1, 1.00
A, 798800, 409447, 1063707, 1074535, 406136, 140544, 593149, 133533, 39.8, 46.1, 1.00
A, 798655, 409443, 1063380, 1074309, 406116, 140496, 593119, 133495, 39.8, 46.1, 1.01
A, 798517, 409361, 1063097, 1073948, 406078, 140474, 593173, 133469, 39.8, 46.1, 0.99
A, 798231, 409373, 1062710, 1073932, 406014, 140437, 593087, 133469, 39.8, 46.1, 1.00
A, 798294, 409364, 1062902, 1074135, 406145, 140437, 593206, 133492, 39.8, 46.1, 1.01
A, 798196, 409335, 1062574, 1073923, 406108, 140413, 593161, 133458, 39.8, 46.1, 1.01
A, 798354, 409374, 1062849, 1074080, 406149, 140418, 593260, 133489, 39.8, 46.1, 1.00
A, 798361, 409437, 1062783, 1074218, 406183, 140438, 593329, 133492, 39.8, 46.1, 1.00
A, 798209, 409360, 1062561, 1074148, 406219, 140463, 593333, 133492, 39.8, 46.1, 0.99
A, 798303, 409350, 1062635, 1074090, 406254, 140470, 593377, 133427, 39.8, 46.1, 0.99
A, 798033, 409467, 1062239, 1073858, 406217, 140456, 593316, 133432, 39.8, 46.1, 1.01
A, 798057, 409316, 1061900, 1073623, 406226, 140426, 593338, 133349, 39.8, 46.1, 1.00
A, 797723, 409310, 1061524, 1073433, 406153, 140331, 593342, 133346, 39.8, 46.1, 1.01
A, 797605, 409259, 1061533, 1073598, 406148, 140360, 593253, 133306, 39.8, 46.1, 1.00
A, 799498, 409465, 1064329, 1076041, 406525, 140628, 593689, 133686, 39.8, 46.1, 1.01
A, 799485, 409698, 1064095, 1075778, 406661, 140573, 593838, 133621, 39.8, 46.1, 1.00
A, 799357, 409783, 1063786, 1075475, 406591, 140625, 593750, 133491, 39.8, 46.1, 1.00
A, 798897, 409625, 1063032, 1074944, 406520, 140499, 593633, 133420, 39.8, 46.1, 1.01
A, 798559, 409505, 1062581, 1074660, 406455, 140474, 593631, 133418, 39.8, 46.1, 0.99
A, 798717, 409493, 1062725, 1074722, 406474, 140482, 593712, 133401, 39.8, 46.1, 1.01
A, 798437, 409542, 1062421, 1074692, 406378, 140478, 593622, 133419, 39.8, 46.1, 0.99
A, 798515, 409510, 1062589, 1074847, 406476, 140538, 593668, 133391, 39.8, 46.1, 1.00
A, 798664, 409552, 1062543, 1074510, 406500, 140477, 593669, 133311, 39.8, 46.1, 1.00
A, 798396, 409507, 1061995, 1074326, 406449, 140429, 593696, 133306, 39.8, 46.1, 0.99
A, 798158, 409397, 1061691, 1074390, 406440, 140435, 593685, 133300, 39.8, 46.1, 1.00
A, 798357, 409549, 1062018, 1074676, 406599, 140457, 593735, 133358, 39.8, 46.2, 0.99
A, 798323, 409501, 1061907, 1074445, 406554, 140488, 593784, 133311, 39.8, 46.2, 1.00
A, 798575, 409552, 1062245, 1075052, 406628, 140552, 593840, 133404, 39.8, 46.2, 1.01
A, 798622, 409572, 1062196, 1074759, 406691, 140444, 593846, 133367, 39.8, 46.2, 1.00
A, 798543, 409568, 1061909, 1074591, 406639, 140465, 593905, 133376, 39.8, 46.2, 0.99
A, 798173, 409524, 1061565, 1074577, 406584, 140387, 593831, 133298, 39.8, 46.2, 1.00
A, 797915, 409496, 1061014, 1074168, 406569, 140432, 593857, 133302, 39.8, 46.2, 1.01
A, 797922, 409391, 1060881, 1074258, 406551, 140472, 593838, 133274, 39.8, 46.2, 1.00
A, 797942, 409503, 1060956, 1074239, 406675, 140470, 593962, 133251, 39.8, 46.2, 1.00
A, 799264, 409550, 1062932, 1075979, 406870, 140627, 594145, 133480, 39.8, 46.2, 1.01
A, 799463, 409752, 1062973, 1075941, 406996, 140536, 594259, 133451, 39.8, 46.2, 1.00
A, 799339, 409748, 1062800, 1075754, 406915, 140615, 594261, 133466, 39.8, 46.2, 0.98
A, 799023, 409732, 1062476, 1075735, 406893, 140543, 594135, 133446, 39.8, 46.2, 1.01
A, 799321, 409768, 1062752, 1075957, 406985, 140641, 594270, 133447, 39.8, 46.2, 0.99
A, 799390, 409815, 1062740, 1075946, 406988, 140591, 594325, 133348, 39.8, 46.2, 1.00
A, 799063, 409819, 1062448, 1075687, 406920, 140564, 594244, 133369, 39.8, 46.2, 0.99
A, 798977, 409837, 1062136, 1075739, 406975, 140625, 594270, 133374, 39.8, 46.2, 1.00
A, 798748, 409747, 1062030, 1075576, 406971, 140579, 594235, 133389, 39.8, 46.2, 1.00
A, 798850, 409725, 1061829, 1075286, 406965, 140570, 594256, 133235, 39.8, 46.2, 0.99
A, 798658, 409703, 1061587, 1075131, 406924, 140526, 594251, 133269, 39.8, 46.2, 0.99
A, 798532, 409664, 1061177, 1074949, 406868, 140438, 594198, 133212, 39.8, 46.2, 0.99
A, 798504, 409696, 1061422, 1075131, 406931, 140518, 594276, 133255, 39.8, 46.2, 0.99
A, 798483, 409610, 1061323, 1075200, 406913, 140541, 594282, 133264, 39.8, 46.2, 1.00
A, 798820, 409747, 1061770, 1075642, 407032, 140643, 594345, 133257, 39.8, 46.2, 0.98
A, 798740, 409661, 1061591, 1075235, 407021, 140497, 594348, 133135, 39.8, 46.2, 0.99
A, 798693, 409685, 1061317, 1075164, 407004, 140523, 594304, 133244, 39.8, 46.2, 0.99
A, 798608, 409692, 1061108, 1075415, 406949, 140532, 594306, 133254, 39.8, 46.2, 1.00
A, 798290, 409663, 1060596, 1074742, 406990, 140449, 594311, 133176, 39.8, 46.2, 1.00
A, 798175, 409527, 1060540, 1074904, 406931, 140408, 594288, 133112, 39.8, 46.2, 1.00
A, 800476, 410057, 1063940, 1077773, 407476, 140806, 594865, 133551, 39.8, 46.2, 1.01
A, 800386, 410053, 1063526, 1077221, 407436, 140766, 594818, 133484, 39.8, 46.2, 0.99
A, 800128, 410077, 1063347, 1077269, 407487, 140734, 594804, 133449, 39.8, 46.2, 1.00
A, 799773, 410046, 1062672, 1076805, 407372, 140662, 594676, 133373, 39.8, 46.2, 1.00
A, 799461, 409997, 1062332, 1076561, 407347, 140702, 594686, 133381, 39.8, 46.2, 0.99
A, 799511, 410018, 1062423, 1076662, 407254, 140750, 594723, 133365, 39.8, 46.2, 1.01
A, 799432, 409956, 1062396, 1076431, 407325, 140676, 594693, 133268, 39.8, 46.2, 1.00
A, 799097, 409905, 1061904, 1076113, 407237, 140654, 594622, 133241, 39.8, 46.2, 1.01
A, 798961, 409851, 1061497, 1075946, 407170, 140589, 594639, 133254, 39.8, 46.2, 1.01
A, 799041, 409843, 1061768, 1076034, 407221, 140696, 594682, 133262, 39.8, 46.2, 1.01
A, 798898, 409941, 1061535, 1076010, 407181, 140605, 594624, 133272, 39.8, 46.2, 0.99
A, 799181, 409884, 1061904, 1076301, 407291, 140638, 594706, 133302, 39.8, 46.2, 0.99
A, 799183, 409966, 1061902, 1076354, 407315, 140680, 594734, 133262, 39.8, 46.2, 1.00
A, 799027, 409940, 1061614, 1076105, 407240, 140584, 594678, 133210, 39.8, 46.2, 1.00
A, 798701, 409754, 1061166, 1075913, 407189, 140623, 594627, 133198, 39.8, 46.2, 1.00
A, 798904, 409831, 1061451, 1076176, 407274, 140579, 594664, 133229, 39.8, 46.2, 1.00
A, 799014, 409929, 1061465, 1075965, 407315, 140668, 594732, 133197, 39.8, 46.2, 0.99
A, 798677, 409784, 1060962, 1075649, 407220, 140584, 594631, 133154, 39.8, 46.3, 1.01
A, 798825, 409803, 1061000, 1075822, 407368, 140551, 594703, 133217, 39.8, 46.3, 1.01
A, 798455, 409757, 1060557, 1075380, 407262, 140533, 594636, 133107, 39.8, 46.3, 0.99
A, 799786, 409840, 1062674, 1077372, 407481, 140787, 594903, 133373, 39.8, 46.3, 0.98
A, 799564, 410028, 1062032, 1076529, 407532, 140633, 594893, 133190, 39.8, 46.3, 1.01
A, 799079, 409873, 1061470, 1076140, 407387, 140628, 594783, 133148, 39.8, 46.3, 0.99
A, 799044, 409804, 1061506, 1076344, 407394, 140616, 594833, 133197, 39.8, 46.3, 1.01
A, 799073, 409860, 1061340, 1076256, 407363, 140630, 594756, 133244, 39.8, 46.3, 1.00
A, 799043, 409822, 1061163, 1076083, 407308, 140657, 594778, 133176, 39.8, 46.3, 1.01
A, 799180, 409852, 1061621, 1076423, 407430, 140679, 594900, 133227, 39.8, 46.3, 1.00
A, 798972, 409844, 1061319, 1076146, 407428, 140630, 594855, 133205, 39.8, 46.3, 0.98
A, 798869, 409777, 1060994, 1075934, 407382, 140570, 594862, 133145, 39.8, 46.2, 1.00
A, 798853, 409744, 1061054, 1076126, 407407, 140656, 594826, 133116, 39.8, 46.2, 1.00
A, 798669, 409770, 1060750, 1075976, 407314, 140643, 594810, 133079, 39.8, 46.3, 1.00
A, 798514, 409725, 1060631, 1075948, 407327, 140594, 594784, 133150, 39.8, 46.3, 1.01
A, 798981, 409801, 1061137, 1076218, 407435, 140616, 594883, 133208, 39.8, 46.3, 1.00
A, 798942, 409799, 1061177, 1076253, 407493, 140653, 594924, 133158, 39.8, 46.3, 1.00
A, 798791, 409747, 1060852, 1076025, 407433, 140658, 594859, 133074, 39.8, 46.2, 0.99
A, 798720, 409714, 1060567, 1075899, 407382, 140591, 594884, 133089, 39.8, 46.2, 1.00
A, 798563, 409689, 1060469, 1075844, 407445, 140594, 594900, 133043, 39.8, 46.3, 1.00
A, 798499, 409660, 1060540, 1075941, 407408, 140566, 594853, 133142, 39.8, 46.3, 1.00
A, 799143, 409832, 1060847, 1076159, 407515, 140646, 594950, 133137, 39.8, 46.3, 0.99
A, 798823, 409717, 1060735, 1076127, 407509, 140612, 594933, 133067, 39.8, 46.3, 1.00
A, 800691, 410021, 1063446, 1078547, 407964, 140890, 595455, 133443, 39.8, 46.3, 1.00
A, 800363, 410212, 1063125, 1078166, 407875, 140880, 595424, 133372, 39.8, 46.3, 0.99
A, 799835, 410203, 1062261, 1077434, 407871, 140769, 595315, 133268, 39.8, 46.3, 1.01
A, 799441, 410037, 1061607, 1076773, 407661, 140713, 595181, 133125, 39.8, 46.3, 1.01
A, 799328, 409948, 1061567, 1076931, 407669, 140732, 595130, 133142, 39.8, 46.3, 1.00
A, 799150, 409891, 1061249, 1076621, 407544, 140618, 595072, 133085, 39.8, 46.3, 1.01
A, 798966, 409818, 1061096, 1076540, 407573, 140705, 595082, 133090, 39.8, 46.3, 1.01
A, 799118, 409899, 1061391, 1076771, 407588, 140727, 595105, 133132, 39.8, 46.2, 1.01
A, 799262, 409884, 1061182, 1076331, 407656, 140657, 595107, 133074, 39.8, 46.2, 1.00
A, 798910, 409789, 1060831, 1076135, 407509, 140629, 595026, 133000, 39.8, 46.3, 0.99
A, 798650, 409702, 1060567, 1076127, 407554, 140635, 594994, 133062, 39.8, 46.3, 1.00
A, 798689, 409793, 1060732, 1076360, 407592, 140614, 595072, 133043, 39.8, 46.3, 1.00
A, 798713, 409744, 1060640, 1076113, 407550, 140638, 595088, 133111, 39.8, 46.3, 1.00
A, 798860, 409765, 1060844, 1076582, 407570, 140695, 595150, 133061, 39.8, 46.3, 1.00
A, 798814, 409786, 1060785, 1076297, 407586, 140651, 595120, 133109, 39.8, 46.3, 1.01
A, 798692, 409705, 1060365, 1075899, 407572, 140576, 595083, 133009, 39.7, 46.3, 0.99
A, 798469, 409669, 1060082, 1075907, 407507, 140606, 594957, 132995, 39.7, 46.3, 1.00
A, 798698, 409686, 1060510, 1076218, 407533, 140679, 595094, 133009, 39.8, 46.3, 0.99
A, 798476, 409705, 1060304, 1076077, 407547, 140669, 595099, 133088, 39.8, 46.3, 1.01
A, 798758, 409771, 1060418, 1075994, 407621, 140680, 595134, 132982, 39.7, 46.3, 1.00
A, 800282, 409911, 1062905, 1078357, 407932, 140859, 595517, 133359, 39.7, 46.3, 1.01
A, 799865, 410075, 1061929, 1077422, 407967, 140815, 595437, 133231, 39.8, 46.3, 1.01
A, 799569, 409949, 1061580, 1077000, 407802, 140770, 595370, 133076, 39.8, 46.3, 1.00
A, 798174, 409879, 1059596, 1075679, 407693, 140628, 595128, 132948, 39.8, 46.3, 1.01
A, 797993, 409621, 1059383, 1075415, 407506, 140572, 594995, 132916, 39.8, 46.3, 1.00
A, 798273, 409567, 1059785, 1075770, 407535, 140559, 595064, 132860, 39.8, 46.3, 1.00
A, 798250, 409592, 1059758, 1075768, 407564, 140593, 595076, 132994, 39.7, 46.3, 1.00
A, 798140, 409513, 1059466, 1075672, 407478, 140610, 595104, 132986, 39.7, 46.3, 1.00
A, 798491, 409662, 1060015, 1076168, 407557, 140682, 595222, 132996, 39.8, 46.3, 1.00
A, 798625, 409647, 1059905, 1075940, 407718, 140637, 595130, 132987, 39.8, 46.3, 1.01
A, 798349, 409616, 1059549, 1075676, 407657, 140618, 595090, 132910, 39.8, 46.3, 0.99
A, 798383, 409555, 1059747, 1075989, 407628, 140593, 595143, 132926, 39.8, 46.3, 1.00
A, 798558, 409624, 1059708, 1075997, 407658, 140574, 595221, 132971, 39.8, 46.3, 0.99
A, 798449, 409521, 1059713, 1076059, 407635, 140640, 595199, 133050, 39.8, 46.3, 1.00
A, 798741, 409603, 1060168, 1076427, 407746, 140663, 595281, 133063, 39.8, 46.3, 0.99
A, 798787, 409561, 1060137, 1076212, 407752, 140627, 595335, 132954, 39.8, 46.3, 1.00
A, 798674, 409652, 1059808, 1076069, 407704, 140608, 595272, 132943, 39.7, 46.3, 1.00
A, 798458, 409512, 1059535, 1076122, 407664, 140535, 595245, 132982, 39.7, 46.3, 1.00
A, 798627, 409576, 1059938, 1076502, 407769, 140610, 595294, 132958, 39.8, 46.3, 0.99
A, 798717, 409523, 1059994, 1076305, 407741, 140605, 595307, 132963, 39.8, 46.3, 1.01
A, 801203, 410018, 1063261, 1079236, 408272, 140970, 595916, 133364, 39.8, 46.3, 0.99
A, 800723, 410100, 1062657, 1078649, 408225, 140892, 595831, 133258, 39.8, 46.3, 1.00
A, 800052, 410068, 1061782, 1077944, 408164, 140845, 595678, 133102, 39.8, 46.3, 0.99
A, 798934, 409839, 1060576, 1077064, 407868, 140746, 595462, 132977, 39.8, 46.3, 1.00
A, 799039, 409822, 1060483, 1077023, 407900, 140778, 595488, 133030, 39.8, 46.3, 1.00
A, 798902, 409756, 1060468, 1076941, 407896, 140733, 595468, 132993, 39.8, 46.3, 1.00
A, 799169, 409802, 1060517, 1076816, 407879, 140738, 595448, 132961, 39.8, 46.3, 1.01
A, 798878, 409722, 1060209, 1076575, 407877, 140664, 595438, 132925, 39.8, 46.3, 1.01
A, 798732, 409663, 1059888, 1076494, 407861, 140652, 595425, 133008, 39.8, 46.3, 0.99
A, 799013, 409709, 1060194, 1076748, 407896, 140692, 595430, 132978, 39.8, 46.3, 1.00
A, 798897, 409753, 1060080, 1076683, 407780, 140663, 595425, 132981, 39.8, 46.3, 1.00
A, 799063, 409764, 1060467, 1077074, 407917, 140735, 595540, 132994, 39.8, 46.3, 0.99
A, 799102, 409749, 1060499, 1076790, 407866, 140678, 595463, 132987, 39.8, 46.3, 1.00
A, 798894, 409683, 1060247, 1076687, 407892, 140691, 595465, 132930, 39.8, 46.3, 1.01
A, 798666, 409567, 1059887, 1076578, 407824, 140689, 595418, 132911, 39.8, 46.3, 1.00
A, 798916, 409686, 1060123, 1076884, 407881, 140705, 595519, 132964, 39.8, 46.3, 0.99
A, 798925, 409715, 1059985, 1076509, 407891, 140669, 595477, 132969, 39.8, 46.3, 0.99
A, 798839, 409752, 1060096, 1076906, 407913, 140701, 595488, 132960, 39.8, 46.4, 1.01
A, 798977, 409777, 1060143, 1076802, 407881, 140658, 595531, 132977, 39.8, 46.4, 1.01
A, 798893, 409735, 1059851, 1076677, 407890, 140617, 595544, 132893, 39.8, 46.3, 1.01
M, 796807, 409566, 1056056, 1072766, 407578, 140216, 595033, 132166, 39.8, 46.3, 0.14
M, 786271, 407147, 1040475, 1060214, 404799, 138805, 591573, 130382, 39.8, 46.3, 0.59
M, 779140, 404917, 1029616, 1051035, 402575, 137700, 588993, 129181, 39.8, 46.3, 0.72
M, 771446, 402490, 1017553, 1041533, 400574, 136553, 586922, 127963, 39.8, 46.3, 0.85
M, 767630, 401230, 1010839, 1036747, 399526, 135935, 586319, 127407, 39.8, 46.3, 0.88
M, 764549, 400180, 1004272, 1032187, 398924, 135132, 586004, 126860, 39.8, 46.3, 0.93
M, 761661, 399287, 997342, 1027796, 398394, 134489, 585795, 126260, 39.8, 46.3, 0.95
M, 759101, 398442, 990256, 1023679, 397970, 133699, 585674, 125676, 39.8, 46.3, 0.98
M, 758764, 397907, 986376, 1022222, 397819, 133274, 585835, 125437, 39.8, 46.2, 0.99
M, 758910, 397466, 983474, 1021547, 397805, 132859, 586043, 125281, 39.8, 46.2, 0.99
M, 759720, 397259, 981279, 1021893, 397967, 132626, 586424, 125179, 39.8, 46.2, 0.99
M, 760466, 397020, 979189, 1022090, 398073, 132426, 586767, 125191, 39.8, 46.2, 0.99
M, 761887, 396873, 977960, 1023274, 398330, 132298, 587258, 125173, 39.8, 46.2, 1.00
M, 763336, 396632, 976616, 1024281, 398595, 132034, 587728, 125140, 39.8, 46.2, 1.00
M, 764508, 396430, 975341, 1025377, 398780, 131966, 588116, 125113, 39.8, 46.1, 1.00
M, 765486, 396234, 974237, 1026476, 398960, 131754, 588436, 125119, 39.8, 46.1, 1.00
M, 767149, 396121, 973696, 1027978, 399264, 131695, 588980, 125185, 39.8, 46.1, 1.00
M, 768387, 395944, 973209, 1029407, 399510, 131747, 589336, 125260, 39.8, 46.1, 0.99
M, 770080, 395889, 973432, 1031505, 399906, 131676, 589977, 125317, 39.8, 46.1, 1.00
M, 771670, 395811, 973170, 1033018, 400313, 131652, 590522, 125336, 39.8, 46.1, 1.00
M, 774705, 396040, 975576, 1036853, 400941, 131818, 591401, 125685, 39.8, 46.1, 0.99
M, 775591, 396111, 974833, 1037932, 401300, 131814, 591828, 125643, 39.8, 46.1, 1.01
M, 776860, 396093, 974285, 1039119, 401712, 131792, 592400, 125663, 39.8, 46.1, 0.99
M, 777235, 395977, 974076, 1040100, 401884, 131778, 592704, 125695, 39.8, 46.1, 1.00
M, 778430, 395971, 973487, 1041659, 402363, 131720, 593297, 125698, 39.8, 46.1, 0.99
M, 778935, 395904, 973332, 1042731, 402500, 131727, 593603, 125720, 39.8, 46.1, 1.00
M, 780159, 395936, 973706, 1044158, 402866, 131759, 594064, 125813, 39.8, 46.1, 1.00
M, 781012, 395964, 973706, 1045480, 403232, 131869, 594600, 125842, 39.8, 46.1, 1.00
M, 781824, 396086, 973704, 1046546, 403580, 131815, 594954, 125930, 39.8, 46.1, 0.99
M, 783042, 396179, 974210, 1048264, 403969, 131841, 595622, 126092, 39.8, 46.1, 0.99
M, 784082, 396275, 974475, 1049693, 404413, 131963, 596168, 126043, 39.8, 46.1, 1.00
M, 784714, 396402, 974418, 1050721, 404732, 131966, 596596, 126128, 39.8, 46.1, 0.99
M, 785703, 396571, 974704, 1052096, 405099, 132006, 597051, 126217, 39.8, 46.1, 1.00
M, 786485, 396661, 974803, 1053026, 405444, 132029, 597549, 126265, 39.8, 46.0, 1.00
M, 787555, 396909, 975270, 1054382, 405889, 132073, 598063, 126310, 39.8, 46.0, 0.99
M, 788033, 397017, 975155, 1055242, 406181, 132118, 598489, 126298, 39.8, 46.0, 1.00
M, 788462, 397097, 975302, 1056247, 406429, 132144, 598845, 126272, 39.8, 46.0, 1.00
M, 789278, 397343, 975666, 1057479, 406818, 132215, 599326, 126430, 39.8, 46.0, 1.00
M, 789728, 397478, 975645, 1058361, 407080, 132257, 599648, 126488, 39.8, 46.0, 0.99
M, 790726, 397716, 976298, 1059669, 407523, 132343, 600173, 126559, 39.8, 46.0, 1.00
M, 793627, 398311, 979533, 1063139, 408237, 132547, 601093, 126877, 39.8, 46.0, 1.00
M, 793748, 398574, 979232, 1063481, 408535, 132533, 601478, 126825, 39.8, 46.0, 1.00
M, 793828, 398785, 978515, 1063807, 408767, 132609, 601711, 126818, 39.8, 46.0, 1.00
M, 793903, 398833, 978320, 1064220, 408920, 132519, 601956, 126693, 39.8, 46.0, 1.00
M, 794104, 398845, 978228, 1064754, 409043, 132555, 602180, 126777, 39.8, 46.0, 1.01
M, 794593, 399239, 978078, 1065412, 409489, 132615, 602663, 126810, 39.8, 46.0, 1.00
M, 794762, 399272, 978203, 1065831, 409639, 132614, 602818, 126761, 39.8, 46.0, 1.00
M, 795199, 399437, 978428, 1066848, 409894, 132691, 603186, 126866, 39.8, 46.0, 1.00
M, 795677, 399623, 978667, 1067644, 410159, 132671, 603476, 126872, 39.8, 46.0, 1.01
M, 796126, 399744, 978656, 1068167, 410336, 132724, 603902, 126971, 39.8, 46.0, 1.00
M, 796987, 400049, 979391, 1069156, 410667, 132875, 604247, 127067, 39.8, 46.0, 1.00
M, 797484, 400272, 979826, 1070280, 410978, 132824, 604626, 127012, 39.8, 46.0, 1.00
M, 797727, 400490, 979781, 1070693, 411190, 132901, 604868, 127054, 39.8, 46.0, 0.99
M, 798242, 400721, 980062, 1071480, 411463, 132928, 605250, 127085, 39.8, 46.0, 0.99
M, 798560, 400847, 980317, 1072102, 411652, 132969, 605437, 127177, 39.8, 46.0, 1.01
M, 798955, 401059, 980124, 1072395, 411868, 132920, 605731, 127078, 39.8, 46.0, 1.00
M, 799226, 401172, 980162, 1072691, 412037, 133033, 605942, 127134, 39.8, 46.0, 1.01
M, 798973, 401202, 979953, 1073219, 412171, 132959, 606127, 127076, 39.8, 46.0, 1.00
M, 799555, 401402, 980422, 1074100, 412435, 133034, 606415, 127183, 39.8, 46.0, 1.00
M, 799853, 401578, 980543, 1074554, 412615, 133071, 606728, 127211, 39.8, 46.0, 1.00
M, 802553, 402108, 983880, 1077829, 413277, 133365, 607501, 127576, 39.8, 46.0, 1.00
M, 801952, 402459, 982877, 1077376, 413570, 133286, 607661, 127478, 39.8, 46.0, 1.00
M, 802236, 402486, 982843, 1077711, 413511, 133364, 607780, 127405, 39.8, 46.0, 1.00
M, 802061, 402601, 982634, 1077764, 413626, 133307, 607915, 127358, 39.8, 46.0, 1.00
M, 802166, 402805, 982453, 1078101, 413886, 133348, 608170, 127413, 39.8, 46.0, 1.00
M, 802061, 402804, 982178, 1078234, 413902, 133324, 608224, 127408, 39.8, 46.0, 1.00
M, 802393, 403070, 982299, 1078605, 414122, 133381, 608588, 127369, 39.8, 46.0, 1.00
M, 802433, 402993, 982276, 1078762, 414182, 133346, 608655, 127365, 39.8, 46.0, 1.01
M, 802733, 403194, 982599, 1079587, 414313, 133432, 608908, 127455, 39.8, 46.0, 0.99
M, 802998, 403332, 982726, 1080045, 414496, 133458, 609147, 127481, 39.8, 46.0, 1.00
M, 803251, 403446, 982888, 1080432, 414639, 133469, 609281, 127521, 39.8, 46.0, 1.01
M, 803921, 403643, 983543, 1081334, 414967, 133594, 609636, 127537, 39.8, 46.0, 1.00
M, 804249, 403793, 983725, 1081686, 415133, 133538, 609859, 127610, 39.8, 46.0, 1.01
M, 804498, 404010, 983867, 1081867, 415316, 133621, 610144, 127550, 39.8, 46.0, 1.00
M, 804806, 404134, 984164, 1082581, 415441, 133653, 610310, 127621, 39.8, 46.0, 0.99
M, 804650, 404108, 983974, 1082817, 415442, 133669, 610495, 127616, 39.8, 46.0, 1.01
M, 805218, 404356, 984400, 1083454, 415676, 133604, 610674, 127696, 39.8, 46.0, 1.00
M, 805543, 404537, 984956, 1083870, 415901, 133780, 610911, 127736, 39.8, 46.0, 1.01
M, 805882, 404661, 985235, 1084561, 416084, 133818, 611131, 127716, 39.8, 46.0, 1.00
M, 805822, 404790, 985045, 1084633, 416185, 133764, 611217, 127704, 39.8, 46.0, 1.01
M, 807772, 405107, 987771, 1087321, 416632, 133948, 611739, 127975, 39.8, 46.0, 1.00
M, 807715, 405358, 987555, 1087300, 416791, 134034, 611961, 128008, 39.8, 46.0, 1.00
M, 807624, 405425, 987333, 1087299, 416833, 134024, 612051, 127982, 39.8, 46.0, 1.00
M, 808153, 405652, 987737, 1087561, 417096, 134066, 612281, 128002, 39.8, 46.0, 1.00
M, 807774, 405628, 987542, 1087833, 417039, 134045, 612235, 127950, 39.8, 46.0, 1.00
M, 807661, 405865, 987162, 1087773, 417223, 134116, 612442, 127935, 39.8, 46.0, 1.01
M, 807688, 405729, 987050, 1087748, 417169, 134063, 612409, 127942, 39.8, 46.0, 0.99
M, 807615, 406017, 987013, 1087880, 417365, 134084, 612720, 127888, 39.8, 46.0, 1.01
M, 807533, 405921, 986709, 1087746, 417334, 134046, 612677, 127895, 39.8, 46.0, 1.00
M, 807958, 405999, 987366, 1088353, 417455, 134091, 612851, 127943, 39.8, 46.0, 1.00
M, 807997, 406044, 987464, 1088426, 417498, 134124, 612967, 127897, 39.8, 46.0, 1.00
M, 807673, 406099, 987153, 1088605, 417593, 134094, 613104, 127933, 39.8, 46.0, 1.00
M, 808282, 406195, 987790, 1089381, 417781, 134176, 613318, 128036, 39.8, 46.0, 1.00
M, 808685, 406378, 988123, 1089568, 417963, 134202, 613447, 128018, 39.8, 46.0, 1.00
M, 808765, 406422, 988093, 1089707, 417999, 134263, 613561, 128020, 39.8, 46.0, 1.00
M, 808540, 406492, 988184, 1090162, 418026, 134260, 613679, 128052, 39.8, 46.0, 1.00
M, 809099, 406687, 988638, 1090617, 418203, 134335, 613948, 128062, 39.8, 46.0, 1.00
M, 809203, 406695, 988832, 1090901, 418302, 134392, 614018, 128097, 39.8, 46.0, 1.00
M, 809641, 406837, 989371, 1091569, 418490, 134416, 614163, 128166, 39.8, 46.0, 1.00
M, 809831, 406967, 989496, 1091598, 418594, 134401, 614336, 128155, 39.8, 46.0, 1.00
M, 811713, 407311, 992168, 1093946, 419035, 134693, 614877, 128363, 39.8, 46.0, 1.00
M, 811582, 407570, 992248, 1094323, 419166, 134733, 615041, 128425, 39.8, 46.0, 1.00
M, 811381, 407586, 991937, 1094293, 419212, 134738, 615010, 128426, 39.8, 46.0, 1.00
M, 811631, 407681, 992121, 1094301, 419293, 134730, 615146, 128464, 39.8, 46.0, 1.01
M, 811553, 407797, 991989, 1094179, 419325, 134772, 615231, 128364, 39.8, 46.0, 1.00
M, 811243, 407799, 991750, 1094210, 419324, 134739, 615195, 128346, 39.8, 46.0, 1.00
M, 811038, 407858, 991469, 1093699, 419435, 134661, 615258, 128264, 39.8, 46.0, 1.00
M, 810800, 407754, 991298, 1093952, 419292, 134646, 615243, 128330, 39.8, 46.0, 0.99
M, 810472, 407625, 990933, 1093663, 419350, 134675, 615263, 128262, 39.8, 46.0, 1.00
M, 810773, 407736, 991246, 1094063, 419419, 134702, 615428, 128320, 39.8, 46.0, 1.00
M, 811077, 407887, 991788, 1094422, 419607, 134654, 615561, 128322, 39.8, 46.0, 1.00
M, 811132, 407917, 991780, 1094381, 419608, 134776, 615664, 128361, 39.8, 46.0, 1.00
M, 810919, 407860, 991682, 1094506, 419638, 134826, 615691, 128338, 39.8, 46.0, 1.00
M, 811415, 408097, 992161, 1095105, 419758, 134832, 615887, 128426, 39.8, 46.0, 1.00
M, 811422, 408048, 992328, 1095165, 419836, 134871, 615951, 128438, 39.8, 46.0, 1.00
M, 811702, 408224, 992798, 1095635, 419989, 134887, 616088, 128450, 39.9, 46.0, 1.00
M, 811967, 408254, 992983, 1095808, 420091, 134830, 616219, 128469, 39.9, 46.0, 1.00
M, 811605, 408273, 992575, 1095411, 420032, 134860, 616161, 128396, 39.9, 46.0, 1.00
M, 811524, 408179, 992614, 1095698, 420082, 134931, 616256, 128423, 39.9, 46.0, 1.00
M, 811868, 408268, 993074, 1096195, 420197, 134918, 616416, 128492, 39.9, 46.0, 1.00
M, 814106, 408791, 996075, 1098710, 420633, 135175, 616975, 128797, 39.9, 46.0, 1.00
M, 813791, 408842, 995709, 1098227, 420693, 135216, 616975, 128689, 39.9, 46.0, 1.00
M, 813507, 408834, 995572, 1098390, 420718, 135204, 617014, 128662, 39.9, 46.0, 1.00
M, 813258, 408854, 995360, 1098165, 420749, 135246, 616967, 128653, 39.9, 46.0, 1.00
M, 813137, 408863, 995258, 1098024, 420754, 135110, 617013, 128601, 39.9, 46.0, 1.00
M, 813152, 408916, 995289, 1097908, 420846, 135188, 617151, 128623, 39.9, 46.0, 1.00
M, 813004, 408937, 994954, 1097650, 420798, 135150, 617096, 128591, 39.9, 46.0, 1.00
M, 812584, 408946, 994732, 1097513, 420785, 135158, 617146, 128537, 39.9, 46.0, 1.00
M, 812381, 408820, 994663, 1097528, 420744, 135219, 617159, 128552, 39.9, 46.0, 1.00
M, 812686, 408874, 994979, 1097834, 420862, 135226, 617272, 128673, 39.9, 46.0, 1.00
M, 812844, 408928, 995165, 1098009, 420966, 135297, 617329, 128658, 39.9, 46.0, 1.00
M, 812878, 408934, 995465, 1098132, 421031, 135239, 617365, 128638, 39.9, 46.0, 0.99
M, 812624, 408940, 994993, 1097656, 420992, 135210, 617368, 128563, 39.9, 46.0, 0.99
M, 812515, 408918, 994970, 1097842, 420970, 135203, 617465, 128526, 39.9, 46.0, 1.00
M, 812795, 408940, 995464, 1098081, 421092, 135240, 617564, 128616, 39.8, 46.0, 0.99
M, 812675, 408981, 995439, 1098257, 421132, 135337, 617654, 128652, 39.8, 46.0, 1.00
M, 813168, 408966, 996138, 1098880, 421283, 135451, 617785, 128719, 39.9, 46.0, 1.00
M, 813334, 409131, 996282, 1098867, 421308, 135344, 617898, 128683, 39.9, 46.0, 1.00
M, 813155, 409084, 996156, 1098777, 421336, 135341, 617932, 128686, 39.9, 46.0, 1.00
M, 812955, 409089, 995989, 1098903, 421316, 135284, 617926, 128667, 39.9, 46.0, 1.01
M, 815260, 409482, 999221, 1101717, 421808, 135696, 618530, 129064, 39.9, 46.0, 1.00
M, 815208, 409660, 999205, 1101552, 421955, 135627, 618629, 128966, 39.9, 46.0, 1.00
M, 815187, 409664, 999404, 1101587, 422021, 135708, 618648, 129024, 39.9, 46.0, 1.00
M, 814945, 409697, 999087, 1101208, 421998, 135627, 618619, 128959, 39.9, 46.0, 1.00
M, 814622, 409699, 998748, 1100783, 421985, 135693, 618612, 128889, 39.9, 46.1, 1.00
M, 814549, 409651, 998920, 1101199, 421927, 135750, 618649, 128947, 39.9, 46.1, 1.00
M, 814134, 409612, 998419, 1100531, 421966, 135687, 618615, 128859, 39.9, 46.0, 1.00
M, 814025, 409486, 998237, 1100490, 421899, 135616, 618506, 128899, 39.9, 46.0, 1.00
M, 813784, 409608, 998140, 1100214, 421935, 135659, 618558, 128735, 39.9, 46.1, 0.99
M, 813688, 409516, 998042, 1100203, 421823, 135650, 618542, 128759, 39.9, 46.1, 1.00
M, 813901, 409512, 998475, 1100417, 421974, 135757, 618708, 128913, 39.9, 46.1, 1.00
M, 813607, 409590, 998227, 1100249, 421954, 135655, 618681, 128759, 39.9, 46.0, 1.01
M, 813594, 409555, 998345, 1100401, 421922, 135702, 618714, 128870, 39.9, 46.0, 1.00
M, 814105, 409587, 998956, 1100970, 422124, 135724, 618892, 128910, 39.9, 46.1, 0.99
M, 814307, 409676, 999351, 1101149, 422141, 135764, 618903, 128942, 39.9, 46.1, 1.00
M, 814202, 409617, 999345, 1100974, 422084, 135725, 618908, 128827, 39.9, 46.0, 1.00
M, 813994, 409625, 999179, 1101109, 422181, 135805, 618940, 128946, 39.9, 46.0, 1.00
M, 814365, 409684, 999694, 1101464, 422269, 135864, 619108, 128937, 39.9, 46.1, 1.00
M, 814423, 409750, 999899, 1101625, 422350, 135896, 619223, 129001, 39.9, 46.1, 1.00
M, 814733, 409808, 1000270, 1101780, 422351, 135851, 619309, 128947, 39.9, 46.1, 1.00
M, 816403, 410107, 1002737, 1103958, 422738, 136110, 619668, 129306, 39.9, 46.1, 1.00
M, 816359, 410273, 1002847, 1103833, 422856, 136086, 619769, 129181, 39.9, 46.1, 1.00
M, 815961, 410147, 1002391, 1103527, 422836, 136194, 619743, 129188, 39.9, 46.1, 1.00
M, 815812, 410171, 1002483, 1103501, 422771, 136142, 619729, 129176, 39.9, 46.1, 1.00
M, 815728, 410196, 1002222, 1103069, 422799, 136079, 619681, 129076, 39.9, 46.1, 0.99
M, 815275, 410114, 1001831, 1102679, 422743, 136017, 619616, 129030, 39.9, 46.0, 1.00
M, 814842, 410091, 1001569, 1102592, 422714, 136052, 619644, 129089, 39.9, 46.0, 1.00
M, 814764, 410043, 1001379, 1101973, 422707, 136014, 619621, 129005, 39.9, 46.1, 1.00
M, 814498, 409982, 1001246, 1102110, 422596, 135999, 619572, 129014, 39.9, 46.1, 0.99
M, 814192, 409989, 1001032, 1101781, 422695, 136036, 619618, 129020, 39.9, 46.1, 0.99
M, 814189, 409880, 1000852, 1101514, 422565, 135909, 619511, 128951, 39.9, 46.1, 1.00
M, 814393, 409939, 1001395, 1102131, 422634, 136069, 619623, 128999, 39.9, 46.1, 1.00
M, 814462, 409871, 1001608, 1102265, 422688, 136065, 619698, 128968, 39.9, 46.1, 1.00
M, 814403, 409832, 1001493, 1102259, 422656, 136135, 619752, 129045, 39.9, 46.1, 1.00
M, 814886, 409973, 1001979, 1102545, 422862, 136111, 619825, 129119, 39.9, 46.1, 1.00
M, 814842, 409875, 1002228, 1102537, 422859, 136143, 619859, 129077, 39.9, 46.1, 1.00
M, 814602, 409941, 1002114, 1102546, 422888, 136182, 619904, 129102, 39.9, 46.1, 1.01
M, 814283, 409897, 1001639, 1101981, 422778, 136091, 619837, 129008, 39.9, 46.1, 1.01
M, 814629, 409844, 1002317, 1102664, 422845, 136192, 619980, 129034, 39.9, 46.1, 1.00
M, 814676, 409871, 1002434, 1102706, 422863, 136163, 619929, 129087, 39.9, 46.1, 1.00
M, 816992, 410320, 1005630, 1105600, 423410, 136482, 620569, 129518, 39.9, 46.1, 0.99
M, 816989, 410535, 1005777, 1105331, 423463, 136444, 620636, 129435, 39.9, 46.1, 0.99
M, 816473, 410491, 1005230, 1104887, 423384, 136443, 620531, 129294, 39.9, 46.1, 1.00
M, 816253, 410490, 1005218, 1104871, 423428, 136514, 620511, 129351, 39.9, 46.1, 1.00
M, 816241, 410472, 1005054, 1104613, 423458, 136469, 620528, 129336, 39.9, 46.1, 1.00
M, 816097, 410433, 1004895, 1104300, 423393, 136396, 620510, 129246, 39.9, 46.1, 1.00
M, 815609, 410358, 1004418, 1103781, 423296, 136335, 620450, 129202, 39.9, 46.1, 1.00
M, 815581, 410304, 1004712, 1103939, 423305, 136458, 620390, 129205, 39.9, 46.1, 1.00
M, 815132, 410309, 1004052, 1103409, 423266, 136385, 620466, 129107, 39.9, 46.1, 0.99
M, 814936, 410196, 1004089, 1103354, 423187, 136409, 620408, 129171, 39.9, 46.1, 1.00
M, 814808, 410188, 1003876, 1103024, 423272, 136384, 620446, 129145, 39.9, 46.1, 1.00
M, 814684, 410085, 1003786, 1102933, 423225, 136370, 620395, 129126, 39.9, 46.1, 1.00
M, 814873, 410116, 1004227, 1103377, 423199, 136464, 620499, 129243, 39.9, 46.1, 1.00
M, 814657, 410161, 1004153, 1103272, 423275, 136426, 620527, 129204, 39.9, 46.1, 1.00
M, 814913, 410126, 1004397, 1103265, 423231, 136400, 620544, 129167, 39.9, 46.1, 1.00
M, 815359, 410179, 1004948, 1103951, 423381, 136455, 620729, 129274, 39.9, 46.1, 1.01
M, 814829, 410193, 1004402, 1103238, 423336, 136437, 620628, 129153, 39.9, 46.1, 1.00
M, 814838, 410106, 1004391, 1103053, 423334, 136374, 620603, 129204, 39.9, 46.1, 1.00
M, 814815, 410055, 1004599, 1103487, 423365, 136413, 620634, 129243, 39.9, 46.1, 1.00
M, 815133, 410171, 1005150, 1103867, 423485, 136562, 620831, 129259, 39.9, 46.1, 1.00
M, 816981, 410468, 1007824, 1106173, 423828, 136792, 621201, 129630, 39.9, 46.1, 1.00
M, 817316, 410642, 1008071, 1106278, 424043, 136784, 621338, 129610, 39.9, 46.1, 1.00
M, 816967, 410655, 1007988, 1105912, 423912, 136711, 621270, 129480, 39.9, 46.1, 1.00
M, 816588, 410570, 1007558, 1105515, 423879, 136725, 621221, 129441, 39.9, 46.1, 0.99
M, 816651, 410638, 1007709, 1105485, 423834, 136776, 621242, 129433, 39.9, 46.1, 1.00
M, 816430, 410536, 1007543, 1105495, 423887, 136797, 621180, 129397, 39.9, 46.1, 1.01
M, 816362, 410537, 1007720, 1105605, 423910, 136838, 621300, 129461, 39.9, 46.1, 1.00
M, 816420, 410615, 1007544, 1105176, 423899, 136722, 621259, 129425, 39.9, 46.1, 1.00
M, 816061, 410583, 1007539, 1105181, 423877, 136777, 621200, 129427, 39.9, 46.1, 1.00
M, 815744, 410630, 1007151, 1104709, 423855, 136784, 621208, 129381, 39.9, 46.1, 1.00
M, 815629, 410429, 1007055, 1104729, 423723, 136752, 621146, 129386, 39.9, 46.1, 1.00
M, 815404, 410460, 1006824, 1104304, 423819, 136700, 621134, 129279, 39.9, 46.1, 0.99
M, 815258, 410339, 1006697, 1104114, 423730, 136729, 621075, 129314, 39.9, 46.1, 1.00
M, 815285, 410298, 1006837, 1104323, 423747, 136677, 621132, 129349, 39.9, 46.1, 1.00
M, 815382, 410367, 1007087, 1104352, 423785, 136716, 621157, 129341, 39.9, 46.1, 1.00
M, 815359, 410305, 1007182, 1104468, 423783, 136735, 621265, 129388, 39.9, 46.1, 1.00
M, 815704, 410394, 1007822, 1104880, 423946, 136779, 621358, 129462, 39.9, 46.1, 1.00
M, 815883, 410448, 1007741, 1104630, 423904, 136762, 621330, 129358, 39.9, 46.1, 1.00
M, 815486, 410350, 1007586, 1104461, 423866, 136773, 621273, 129354, 39.9, 46.1, 1.00
M, 815373, 410330, 1007559, 1104659, 423875, 136764, 621331, 129385, 39.9, 46.1, 0.99
M, 817493, 410668, 1010793, 1107464, 424367, 137077, 621902, 129717, 39.9, 46.1, 0.99
M, 817586, 410787, 1010699, 1107053, 424399, 137055, 621921, 129628, 39.9, 46.1, 0.99
M, 817575, 410923, 1010927, 1107244, 424436, 137065, 621930, 129671, 39.9, 46.1, 1.01
M, 817237, 410854, 1010453, 1106745, 424394, 137066, 621863, 129643, 39.9, 46.1, 1.00
M, 816965, 410859, 1010197, 1106256, 424337, 137027, 621787, 129568, 39.9, 46.1, 1.00
M, 816883, 410844, 1010348, 1106436, 424346, 137060, 621733, 129558, 39.9, 46.1, 0.99
M, 816705, 410748, 1010266, 1106184, 424266, 137092, 621742, 129578, 39.9, 46.1, 1.00
M, 816712, 410785, 1010242, 1106208, 424285, 137054, 621774, 129573, 39.9, 46.1, 1.01
M, 816504, 410753, 1010054, 1105794, 424228, 137051, 621797, 129489, 39.9, 46.1, 1.00
M, 816170, 410671, 1009854, 1105650, 424167, 137037, 621693, 129492, 39.9, 46.1, 1.00
M, 815991, 410627, 1009621, 1105210, 424254, 136975, 621713, 129468, 39.9, 46.1, 1.00
M, 815837, 410528, 1009550, 1105142, 424099, 137022, 621628, 129443, 39.9, 46.1, 1.00
M, 815536, 410510, 1009317, 1104963, 424157, 136998, 621689, 129458, 39.9, 46.1, 1.00
M, 815524, 410388, 1009287, 1104651, 424049, 136984, 621679, 129414, 39.9, 46.1, 1.00
M, 815806, 410406, 1009825, 1105234, 424094, 136946, 621728, 129448, 39.9, 46.1, 1.00
M, 815890, 410455, 1010117, 1105386, 424191, 137025, 621781, 129479, 39.9, 46.1, 1.00
M, 815744, 410428, 1009939, 1105319, 424165, 137088, 621787, 129500, 39.9, 46.1, 1.01
M, 816056, 410490, 1010562, 1105725, 424258, 137152, 621898, 129500, 39.9, 46.1, 1.00
M, 815995, 410497, 1010257, 1105331, 424230, 137028, 621874, 129506, 39.9, 46.1, 1.00
M, 815880, 410526, 1010313, 1105200, 424201, 136990, 621848, 129500, 39.9, 46.1, 1.00
A, 822698, 411246, 1019517, 1113455, 425441, 137924, 623280, 130861, 39.9, 46.1, 0.00
A, 832762, 413779, 1035112, 1127374, 427944, 139513, 625982, 132675, 39.9, 46.1, 0.68
A, 841445, 416326, 1047889, 1138198, 429985, 140732, 627981, 134011, 39.9, 46.1, 0.77
A, 846720, 418208, 1056389, 1145054, 431286, 141717, 629142, 134794, 39.9, 46.1, 0.85
A, 850655, 419827, 1063257, 1150385, 432327, 142461, 630200, 135368, 39.9, 46.1, 0.90
A, 853410, 421235, 1068705, 1154089, 433059, 143011, 630903, 135784, 39.9, 46.0, 0.94
A, 855314, 422600, 1073148, 1157017, 433732, 143674, 631424, 136213, 39.9, 46.0, 0.97
A, 855872, 423574, 1075829, 1158070, 434011, 144074, 631578, 136330, 39.9, 46.0, 0.97
A, 857035, 424705, 1079527, 1159547, 434377, 144420, 631705, 136192, 39.9, 46.0, 0.99
A, 856030, 425221, 1080233, 1158615, 434190, 144682, 631424, 136394, 39.9, 46.0, 0.99
A, 856170, 425987, 1082384, 1159189, 434269, 144958, 631320, 136622, 39.9, 46.0, 0.99
A, 855581, 426791, 1084086, 1158724, 434273, 145256, 631055, 136553, 39.9, 46.0, 1.00
A, 855067, 427106, 1085333, 1158520, 434031, 145496, 630856, 136616, 39.9, 46.0, 1.00
A, 854111, 427728, 1086433, 1157169, 433882, 145721, 630358, 136653, 39.9, 46.0, 1.00
A, 853181, 427817, 1086965, 1156368, 433615, 145755, 629944, 136463, 39.9, 46.0, 0.99
A, 852523, 428099, 1088032, 1155736, 433403, 145948, 629590, 136620, 39.9, 46.0, 0.99
A, 851476, 428311, 1088709, 1154769, 433079, 146130, 629058, 136590, 39.9, 46.0, 1.01
A, 850383, 428495, 1088992, 1153368, 432729, 146081, 628649, 136518, 39.9, 46.0, 0.99
A, 849718, 428710, 1090124, 1152492, 432488, 146325, 628161, 136523, 39.9, 46.0, 1.00
A, 848441, 428802, 1090503, 1151109, 432100, 146384, 627610, 136505, 39.9, 46.0, 1.00
A, 848990, 429033, 1093292, 1151785, 432049, 146703, 627439, 136691, 39.9, 46.1, 1.00
A, 847839, 429212, 1093429, 1150474, 431801, 146686, 626956, 136627, 39.9, 46.1, 1.01
A, 846138, 429054, 1092919, 1148518, 431257, 146726, 626271, 136502, 39.9, 46.1, 0.99
A, 844617, 428894, 1092583, 1146827, 430809, 146675, 625679, 136465, 39.9, 46.1, 1.01
A, 843545, 428806, 1092786, 1145404, 430460, 146709, 625117, 136413, 39.9, 46.1, 1.00
A, 842096, 428690, 1092680, 1143716, 429929, 146727, 624479, 136236, 39.9, 46.1, 1.01
A, 840765, 428422, 1092187, 1141889, 429490, 146726, 623886, 136185, 39.9, 46.1, 0.99
A, 839731, 428212, 1092182, 1140545, 429081, 146683, 623457, 136181, 39.9, 46.1, 1.00
A, 838441, 428029, 1092030, 1138955, 428626, 146701, 622851, 136086, 39.9, 46.1, 1.01
A, 837141, 427687, 1091589, 1137193, 428177, 146607, 622257, 136010, 39.9, 46.1, 1.00
A, 835821, 427395, 1091113, 1135543, 427723, 146590, 621690, 135913, 39.9, 46.1, 0.99
A, 834985, 427161, 1091392, 1134674, 427416, 146553, 621314, 135909, 39.9, 46.1, 0.99
A, 833474, 426808, 1090526, 1132565, 426956, 146513, 620706, 135772, 39.9, 46.1, 1.00
A, 832413, 426475, 1090326, 1131622, 426626, 146551, 620215, 135795, 39.9, 46.1, 1.00
A, 831115, 426208, 1089768, 1129569, 426142, 146397, 619659, 135555, 39.9, 46.1, 1.02
A, 830349, 425852, 1089608, 1128529, 425844, 146370, 619253, 135592, 39.9, 46.1, 1.00
A, 829837, 425600, 1089892, 1128092, 425441, 146397, 618967, 135594, 39.9, 46.1, 1.00
A, 829151, 425350, 1089896, 1126972, 425263, 146368, 618542, 135552, 39.8, 46.1, 1.00
A, 828561, 425094, 1089960, 1126153, 424977, 146336, 618224, 135572, 39.8, 46.1, 1.00
A, 827976, 424819, 1090049, 1125221, 424679, 146371, 617862, 135534, 39.9, 46.1, 0.99
A, 829172, 424845, 1092939, 1126356, 424694, 146620, 617916, 135840, 39.9, 46.1, 1.00
A, 828155, 424644, 1092402, 1124967, 424475, 146508, 617499, 135570, 39.9, 46.1, 1.00
A, 826967, 424325, 1091610, 1123743, 424113, 146520, 617121, 135572, 39.9, 46.1, 1.01
A, 826011, 424000, 1091140, 1122458, 423747, 146459, 616639, 135570, 39.9, 46.1, 1.00
A, 825312, 423665, 1090878, 1121448, 423529, 146375, 616325, 135507, 39.9, 46.1, 1.01
A, 824914, 423622, 1091248, 1120800, 423330, 146398, 615953, 135440, 39.8, 46.1, 1.00
A, 824166, 423262, 1090985, 1119748, 423024, 146395, 615605, 135376, 39.8, 46.1, 0.99
A, 823449, 422938, 1090492, 1118546, 422726, 146264, 615190, 135313, 39.8, 46.1, 1.00
A, 822852, 422711, 1090577, 1118124, 422493, 146339, 615045, 135304, 39.8, 46.1, 1.01
A, 822326, 422451, 1090405, 1117202, 422236, 146277, 614624, 135280, 39.8, 46.1, 0.99
A, 821900, 422235, 1090490, 1116711, 422098, 146275, 614429, 135313, 39.8, 46.1, 1.01
A, 821265, 421927, 1090270, 1115449, 421723, 146185, 614080, 135166, 39.8, 46.1, 1.01
A, 820273, 421536, 1089637, 1114406, 421416, 146105, 613596, 135173, 39.8, 46.1, 1.00
A, 819602, 421349, 1089060, 1113294, 421231, 146080, 613344, 135105, 39.8, 46.1, 1.01
A, 819126, 421041, 1088994, 1112610, 420958, 146089, 613146, 135090, 39.8, 46.1, 0.99
A, 818207, 420804, 1088461, 1111428, 420697, 145984, 612744, 134965, 39.8, 46.1, 1.01
A, 817778, 420460, 1088150, 1110711, 420507, 145939, 612453, 134941, 39.8, 46.1, 1.00
A, 817688, 420250, 1088589, 1110555, 420344, 145955, 612329, 134884, 39.8, 46.1, 0.99
A, 817007, 419991, 1088056, 1109598, 420055, 145911, 612021, 134920, 39.8, 46.1, 1.01
A, 816592, 419719, 1087967, 1109115, 419864, 145907, 611805, 134917, 39.8, 46.1, 1.01
A, 818430, 419912, 1091056, 1111183, 420183, 146173, 612078, 135286, 39.8, 46.1, 1.00
A, 817992, 419856, 1090783, 1110204, 420069, 146072, 611897, 135089, 39.8, 46.1, 1.00
A, 817178, 419541, 1090050, 1109079, 419804, 146045, 611500, 135017, 39.8, 46.1, 0.99
A, 816382, 419294, 1089555, 1108333, 419547, 145996, 611217, 134935, 39.8, 46.1, 0.99
A, 815774, 419126, 1089029, 1107477, 419310, 145851, 610925, 134907, 39.8, 46.1, 1.02
A, 815375, 418845, 1088825, 1106850, 419116, 145893, 610704, 134849, 39.8, 46.1, 1.00
A, 815141, 418732, 1089068, 1106536, 419014, 145891, 610548, 134876, 39.8, 46.1, 0.99
A, 814771, 418481, 1088717, 1105521, 418801, 145796, 610348, 134833, 39.8, 46.1, 1.00
A, 814289, 418278, 1088474, 1104927, 418591, 145720, 610017, 134688, 39.8, 46.1, 1.00
A, 814015, 418031, 1088579, 1104815, 418546, 145788, 609909, 134788, 39.8, 46.1, 1.00
A, 813477, 417894, 1088301, 1104208, 418291, 145770, 609642, 134752, 39.8, 46.1, 1.01
A, 813533, 417733, 1088453, 1103851, 418230, 145704, 609638, 134726, 39.8, 46.1, 1.01
A, 813041, 417529, 1088012, 1103035, 418038, 145680, 609319, 134649, 39.8, 46.1, 1.01
A, 812268, 417340, 1087418, 1102195, 417759, 145616, 609097, 134591, 39.8, 46.1, 1.00
A, 811835, 417132, 1087034, 1101433, 417622, 145552, 608855, 134512, 39.8, 46.1, 1.01
A, 811521, 416873, 1086801, 1101016, 417490, 145534, 608641, 134548, 39.8, 46.1, 1.00
A, 811427, 416751, 1087064, 1101002, 417431, 145599, 608590, 134556, 39.8, 46.1, 1.00
A, 811116, 416640, 1086732, 1100530, 417278, 145520, 608436, 134612, 39.8, 46.1, 1.00
A, 811131, 416478, 1087009, 1100104, 417151, 145472, 608278, 134462, 39.8, 46.1, 0.99
A, 810806, 416359, 1086840, 1099681, 417030, 145449, 608093, 134485, 39.8, 46.1, 1.01
A, 812257, 416410, 1089270, 1101647, 417255, 145666, 608268, 134800, 39.8, 46.1, 1.00
A, 812237, 416506, 1089279, 1101288, 417279, 145577, 608272, 134792, 39.8, 46.2, 1.00
A, 811539, 416317, 1088573, 1100313, 417074, 145595, 607975, 134660, 39.8, 46.2, 0.99
A, 811424, 416214, 1088808, 1100105, 416959, 145583, 607879, 134666, 39.8, 46.1, 0.99
A, 811170, 416031, 1088585, 1099395, 416794, 145550, 607678, 134580, 39.8, 46.1, 0.99
A, 810587, 415872, 1088080, 1098763, 416647, 145493, 607460, 134450, 39.8, 46.2, 1.00
A, 809960, 415604, 1087584, 1098280, 416440, 145469, 607216, 134449, 39.8, 46.2, 1.01
A, 809925, 415621, 1087610, 1098047, 416363, 145461, 607152, 134527, 39.8, 46.2, 1.00
A, 809764, 415401, 1087511, 1097548, 416243, 145452, 607013, 134505, 39.8, 46.2, 1.00
A, 809744, 415444, 1087808, 1097569, 416270, 145478, 606934, 134531, 39.8, 46.2, 1.01
A, 809395, 415354, 1087580, 1097180, 416038, 145387, 606786, 134453, 39.8, 46.2, 1.00
A, 809263, 415110, 1087291, 1096544, 415960, 145362, 606604, 134429, 39.8, 46.2, 1.00
A, 808857, 415065, 1087020, 1096235, 415834, 145351, 606370, 134382, 39.8, 46.2, 1.00
A, 808603, 415016, 1086862, 1095678, 415771, 145265, 606266, 134347, 39.8, 46.2, 0.99
A, 808372, 414793, 1086507, 1095020, 415621, 145266, 606108, 134329, 39.8, 46.2, 1.00
A, 807767, 414682, 1086087, 1094511, 415497, 145189, 605997, 134255, 39.8, 46.2, 0.99
A, 807509, 414381, 1085962, 1094374, 415304, 145150, 605813, 134266, 39.8, 46.2, 1.01
A, 807651, 414403, 1085967, 1094315, 415352, 145185, 605739, 134291, 39.8, 46.2, 1.01
A, 807497, 414284, 1085947, 1094054, 415179, 145139, 605670, 134277, 39.8, 46.2, 1.00
A, 807373, 414188, 1085886, 1093581, 415105, 145125, 605571, 134192, 39.8, 46.2, 1.00
A, 808546, 414310, 1088094, 1095414, 415284, 145348, 605743, 134454, 39.8, 46.2, 1.00
A, 808682, 414405, 1088242, 1095057, 415337, 145300, 605749, 134391, 39.8, 46.2, 1.00
A, 808051, 414340, 1087620, 1094411, 415146, 145202, 605492, 134331, 39.8, 46.2, 1.01
A, 807523, 414068, 1087024, 1093871, 415042, 145197, 605332, 134330, 39.8, 46.2, 1.01
A, 807386, 414045, 1087002, 1093668, 414972, 145186, 605226, 134330, 39.8, 46.2, 1.00
A, 807224, 413920, 1086668, 1092977, 414830, 145093, 605070, 134171, 39.8, 46.2, 1.00
A, 806787, 413782, 1086172, 1092307, 414635, 145036, 604888, 134202, 39.8, 46.2, 1.00
A, 806256, 413657, 1085698, 1092025, 414462, 145050, 604722, 134105, 39.8, 46.2, 0.99
A, 806406, 413593, 1085898, 1092018, 414514, 144936, 604666, 134176, 39.8, 46.2, 1.00
A, 806091, 413547, 1085755, 1091663, 414394, 144926, 604533, 134145, 39.8, 46.2, 1.00
A, 806071, 413433, 1085942, 1091647, 414348, 144984, 604495, 134199, 39.8, 46.2, 1.01
A, 806061, 413318, 1085713, 1091033, 414292, 144960, 604411, 134134, 39.8, 46.2, 0.99
A, 805794, 413163, 1085539, 1090762, 414145, 144894, 604241, 133989, 39.8, 46.2, 0.99
A, 805689, 413119, 1085512, 1090859, 414155, 144876, 604180, 134086, 39.8, 46.2, 0.99
A, 805164, 413045, 1084631, 1089888, 414040, 144798, 603971, 134020, 39.8, 46.2, 1.01
A, 804963, 412853, 1084516, 1089674, 413798, 144742, 603903, 134007, 39.8, 46.2, 1.00
A, 804688, 412848, 1084188, 1089242, 413843, 144718, 603780, 133985, 39.8, 46.2, 0.99
A, 804370, 412630, 1084015, 1088975, 413640, 144630, 603586, 133845, 39.8, 46.2, 0.99
A, 804261, 412529, 1083825, 1088673, 413595, 144679, 603525, 133908, 39.8, 46.2, 0.99
A, 804312, 412423, 1083905, 1088801, 413543, 144603, 603450, 133878, 39.8, 46.2, 1.01
A, 805940, 412638, 1086483, 1090863, 413871, 144936, 603770, 134275, 39.8, 46.2, 1.00
A, 805996, 412866, 1086671, 1090796, 413913, 144925, 603871, 134197, 39.8, 46.2, 0.99
A, 805816, 412763, 1086342, 1090276, 413825, 144847, 603713, 134140, 39.8, 46.2, 1.00
A, 805260, 412579, 1085711, 1089643, 413660, 144764, 603494, 134098, 39.8, 46.2, 1.00
A, 804830, 412549, 1085178, 1089244, 413517, 144721, 603378, 134070, 39.8, 46.2, 1.01
A, 804907, 412450, 1085221, 1089080, 413473, 144705, 603272, 134054, 39.8, 46.2, 0.99
A, 804657, 412377, 1085128, 1088834, 413423, 144749, 603204, 134051, 39.8, 46.2, 1.00
A, 804550, 412337, 1085245, 1088775, 413377, 144704, 603113, 133962, 39.8, 46.2, 1.00
A, 804613, 412318, 1085090, 1088427, 413319, 144668, 603019, 133981, 39.8, 46.2, 1.00
A, 804278, 412203, 1084836, 1088136, 413179, 144614, 602905, 133856, 39.8, 46.2, 1.01
A, 804120, 412137, 1084558, 1087926, 413165, 144623, 602865, 133974, 39.8, 46.2, 1.00
A, 803834, 412014, 1084369, 1087717, 413049, 144583, 602712, 133973, 39.8, 46.2, 0.99
A, 804072, 412001, 1084544, 1087586, 413043, 144550, 602711, 133887, 39.8, 46.2, 1.00
A, 803432, 411865, 1083716, 1086821, 412861, 144514, 602517, 133815, 39.8, 46.2, 0.99
A, 803019, 411772, 1083452, 1086624, 412817, 144461, 602378, 133818, 39.8, 46.2, 0.99
A, 803101, 411696, 1083201, 1086164, 412784, 144462, 602364, 133771, 39.8, 46.2, 0.99
A, 802890, 411586, 1083051, 1086162, 412679, 144370, 602185, 133793, 39.8, 46.2, 1.01
A, 802649, 411627, 1082526, 1085561, 412694, 144349, 602154, 133752, 39.8, 46.2, 1.01
A, 802441, 411440, 1082357, 1085198, 412466, 144295, 602034, 133722, 39.8, 46.2, 1.00
A, 802445, 411385, 1082590, 1085578, 412436, 144325, 602075, 133745, 39.8, 46.2, 0.99
A, 804235, 411561, 1085289, 1087786, 412796, 144501, 602391, 134065, 39.8, 46.2, 1.01
A, 804067, 411649, 1084839, 1087182, 412822, 144483, 602302, 134023, 39.8, 46.2, 1.00
A, 804169, 411723, 1085092, 1087221, 412806, 144533, 602290, 133958, 39.8, 46.2, 1.00
A, 803705, 411660, 1084445, 1086596, 412626, 144492, 602232, 133899, 39.8, 46.2, 1.01
A, 803217, 411476, 1083970, 1086108, 412546, 144370, 601979, 133846, 39.8, 46.2, 1.00
A, 803032, 411469, 1083645, 1085777, 412474, 144310, 601913, 133764, 39.8, 46.2, 0.99
A, 802996, 411391, 1083716, 1085986, 412452, 144319, 601846, 133842, 39.8, 46.2, 1.00
A, 802758, 411349, 1083468, 1085600, 412380, 144339, 601786, 133834, 39.8, 46.2, 1.01
A, 802904, 411265, 1083723, 1085744, 412406, 144350, 601736, 133826, 39.8, 46.2, 0.99
A, 802913, 411290, 1083659, 1085544, 412390, 144304, 601686, 133809, 39.8, 46.2, 1.00
A, 802564, 411227, 1083183, 1085089, 412280, 144244, 601580, 133753, 39.8, 46.2, 1.00
A, 802495, 411174, 1083100, 1085039, 412187, 144231, 601508, 133805, 39.8, 46.2, 0.99
A, 802406, 411180, 1082942, 1084789, 412179, 144247, 601528, 133732, 39.8, 46.2, 0.99
A, 802454, 411018, 1083258, 1085061, 412179, 144306, 601476, 133776, 39.8, 46.2, 1.01
A, 802344, 411074, 1082864, 1084550, 412090, 144200, 601324, 133738, 39.8, 46.2, 0.99
A, 801982, 410924, 1082452, 1084089, 411942, 144156, 601192, 133642, 39.8, 46.2, 1.00
A, 801547, 410838, 1082057, 1083776, 411901, 144030, 601132, 133594, 39.8, 46.2, 1.01
A, 801493, 410771, 1081872, 1083697, 411812, 144099, 601058, 133654, 39.8, 46.2, 1.01
A, 801204, 410723, 1081458, 1083226, 411821, 143992, 600997, 133592, 39.8, 46.2, 1.01
A, 801121, 410589, 1081165, 1082870, 411729, 143978, 600898, 133549, 39.8, 46.2, 0.99
A, 803012, 410860, 1084181, 1085573, 412033, 144279, 601269, 133927, 39.8, 46.2, 1.00
A, 802701, 410981, 1083734, 1084980, 412049, 144194, 601295, 133769, 39.8, 46.2, 1.00
A, 802448, 410893, 1083258, 1084619, 411894, 144164, 601098, 133740, 39.8, 46.2, 0.99
A, 802473, 410908, 1083431, 1084663, 411856, 144143, 601039, 133747, 39.8, 46.2, 1.01
A, 802219, 410744, 1082709, 1083880, 411804, 143992, 600905, 133618, 39.8, 46.2, 1.01
A, 801776, 410698, 1082166, 1083265, 411635, 143963, 600799, 133585, 39.8, 46.3, 1.01
A, 801395, 410598, 1081836, 1083326, 411556, 143981, 600730, 133601, 39.8, 46.3, 1.00
A, 801474, 410604, 1081908, 1083220, 411565, 143962, 600713, 133618, 39.8, 46.2, 1.00
A, 801299, 410498, 1081591, 1082897, 411461, 143948, 600586, 133659, 39.8, 46.2, 1.00
A, 801479, 410504, 1082035, 1083062, 411551, 144005, 600604, 133642, 39.8, 46.2, 1.00
A, 801409, 410514, 1081820, 1082900, 411524, 143948, 600582, 133613, 39.8, 46.2, 1.00
A, 801068, 410432, 1081496, 1082619, 411409, 143902, 600464, 133529, 39.8, 46.3, 1.00
A, 801186, 410385, 1081685, 1082810, 411361, 143884, 600495, 133529, 39.8, 46.3, 1.01
A, 801122, 410319, 1081483, 1082651, 411408, 143921, 600428, 133548, 39.8, 46.2, 0.99
A, 801074, 410354, 1081520, 1082693, 411357, 143923, 600407, 133579, 39.8, 46.2, 1.00
A, 801192, 410375, 1081263, 1082177, 411308, 143876, 600363, 133521, 39.8, 46.3, 0.99
A, 800751, 410215, 1081072, 1082062, 411211, 143822, 600295, 133515, 39.8, 46.3, 1.00
A, 800401, 410158, 1080437, 1081674, 411201, 143775, 600207, 133496, 39.8, 46.2, 1.01
A, 799899, 410054, 1079743, 1081197, 410986, 143690, 600016, 133426, 39.8, 46.2, 1.00
A, 800305, 409931, 1080343, 1081603, 411056, 143762, 600061, 133501, 39.8, 46.2, 1.01
A, 802296, 410272, 1083309, 1084085, 411435, 144104, 600496, 133848, 39.8, 46.3, 0.99
A, 802371, 410527, 1083142, 1083720, 411479, 143907, 600492, 133748, 39.8, 46.3, 1.00
A, 801939, 410469, 1082521, 1082995, 411360, 143905, 600392, 133666, 39.8, 46.3, 0.99
A, 801468, 410270, 1082109, 1082802, 411304, 143894, 600221, 133605, 39.8, 46.3, 1.01
A, 801424, 410246, 1082047, 1082725, 411261, 143913, 600141, 133617, 39.8, 46.3, 0.99
A, 801147, 410215, 1081344, 1082178, 411137, 143810, 600071, 133605, 39.8, 46.3, 0.99
A, 801207, 410217, 1081820, 1082368, 411155, 143859, 600083, 133610, 39.8, 46.3, 1.01
A, 800977, 410168, 1081458, 1082146, 411102, 143820, 599965, 133511, 39.8, 46.3, 1.00
A, 800635, 410106, 1081137, 1081772, 411043, 143743, 599911, 133518, 39.8, 46.3, 0.99
A, 800748, 410078, 1081203, 1081835, 411041, 143773, 599885, 133500, 39.8, 46.3, 1.00
A, 800682, 410053, 1081142, 1081767, 410983, 143730, 599821, 133517, 39.8, 46.3, 1.00
A, 800822, 409989, 1080861, 1081401, 410980, 143668, 599809, 133497, 39.8, 46.3, 0.99
A, 800487, 410031, 1080516, 1080985, 410838, 143679, 599681, 133457, 39.8, 46.3, 1.00
A, 800437, 409967, 1080767, 1081418, 410865, 143665, 599730, 133469, 39.8, 46.3, 1.00
A, 800317, 409888, 1080576, 1081250, 410737, 143627, 599601, 133485, 39.8, 46.3, 0.99
A, 800467, 409854, 1080577, 1081233, 410793, 143619, 599653, 133518, 39.8, 46.3, 0.99
A, 800398, 409836, 1080532, 1080962, 410799, 143568, 599617, 133423, 39.8, 46.3, 0.99
A, 799998, 409768, 1080004, 1080587, 410677, 143563, 599489, 133408, 39.8, 46.3, 1.01
A, 799722, 409737, 1079445, 1080183, 410636, 143513, 599388, 133381, 39.8, 46.3, 1.01
A, 799521, 409665, 1079525, 1080182, 410562, 143505, 599359, 133342, 39.8, 46.3, 1.01
A, 801575, 409912, 1082377, 1082723, 410931, 143812, 599781, 133762, 39.8, 46.3, 1.00
A, 801453, 410043, 1082239, 1082415, 410980, 143785, 599805, 133682, 39.8, 46.3, 1.01
A, 801122, 410023, 1081793, 1081873, 410911, 143666, 599683, 133515, 39.8, 46.3, 0.99
A, 800747, 409890, 1081097, 1081327, 410804, 143644, 599506, 133468, 39.8, 46.3, 1.00
A, 800285, 409795, 1080672, 1081129, 410690, 143635, 599373, 133459, 39.8, 46.3, 1.00
A, 800253, 409820, 1080662, 1081055, 410657, 143549, 599419, 133451, 39.8, 46.3, 1.00
A, 800143, 409731, 1080354, 1080696, 410598, 143626, 599272, 133378, 39.8, 46.3, 0.99
A, 800228, 409765, 1080633, 1081010, 410615, 143561, 599339, 133463, 39.8, 46.3, 1.01
A, 800048, 409760, 1080197, 1080473, 410524, 143566, 599214, 133432, 39.8, 46.3, 1.01
A, 799922, 409643, 1079839, 1079966, 410478, 143487, 599154, 133372, 39.8, 46.3, 0.99
A, 799591, 409615, 1079641, 1080111, 410349, 143498, 599113, 133388, 39.8, 46.3, 0.99
A, 799753, 409580, 1079958, 1080283, 410375, 143449, 599054, 133352, 39.8, 46.3, 1.01
A, 799550, 409498, 1079557, 1079986, 410372, 143399, 599085, 133427, 39.8, 46.3, 1.00
A, 799850, 409537, 1080012, 1080234, 410424, 143468, 599094, 133429, 39.8, 46.3, 0.99
A, 799898, 409588, 1079978, 1080241, 410417, 143459, 599039, 133375, 39.8, 46.3, 0.99
A, 799499, 409460, 1079578, 1079955, 410314, 143399, 598988, 133353, 39.8, 46.3, 1.01
A, 799656, 409481, 1079762, 1079966, 410322, 143442, 598999, 133318, 39.8, 46.3, 1.00
A, 799252, 409440, 1079113, 1079466, 410277, 143341, 598897, 133274, 39.8, 46.3, 1.01
A, 799012, 409341, 1078819, 1079286, 410156, 143327, 598763, 133395, 39.8, 46.3, 1.00
A, 798871, 409291, 1078656, 1079140, 410191, 143287, 598783, 133236, 39.8, 46.3, 1.01
A, 800389, 409480, 1080865, 1080813, 410390, 143479, 598996, 133522, 39.8, 46.3, 1.00
A, 799932, 409510, 1080155, 1080383, 410380, 143473, 598975, 133452, 39.8, 46.3, 1.00
A, 799697, 409451, 1079775, 1080024, 410311, 143384, 598914, 133402, 39.8, 46.3, 1.01
A, 799598, 409349, 1079587, 1079864, 410264, 143344, 598794, 133379, 39.8, 46.3, 0.99
A, 799831, 409446, 1079941, 1080155, 410295, 143364, 598837, 133479, 39.8, 46.3, 1.01
A, 799819, 409372, 1079809, 1079940, 410199, 143286, 598821, 133386, 39.8, 46.3, 1.01
A, 799555, 409328, 1079448, 1079491, 410094, 143299, 598728, 133368, 39.8, 46.3, 0.99
A, 799508, 409316, 1079545, 1079775, 410132, 143305, 598726, 133307, 39.8, 46.3, 0.99
A, 799417, 409335, 1079428, 1079642, 410078, 143299, 598659, 133299, 39.8, 46.3, 1.01
A, 799652, 409323, 1079468, 1079501, 410125, 143295, 598682, 133319, 39.8, 46.3, 1.00
A, 799267, 409207, 1079009, 1079092, 410062, 143241, 598555, 133290, 39.8, 46.3, 0.99
A, 799162, 409199, 1079088, 1079317, 410021, 143205, 598570, 133361, 39.8, 46.3, 1.00
A, 798979, 409129, 1078770, 1079125, 410010, 143267, 598490, 133278, 39.8, 46.3, 1.00
A, 799104, 409152, 1078936, 1079191, 409933, 143229, 598416, 133326, 39.8, 46.3, 1.01
A, 799081, 409171, 1078886, 1079120, 409968, 143261, 598493, 133296, 39.8, 46.3, 0.99
A, 799089, 409112, 1078643, 1078703, 409934, 143124, 598443, 133287, 39.8, 46.3, 0.99
A, 798843, 409058, 1078345, 1078421, 409925, 143164, 598402, 133243, 39.8, 46.3, 1.01
A, 798792, 409056, 1078424, 1078739, 409864, 143176, 598412, 133275, 39.8, 46.3, 0.98
A, 798147, 409006, 1077257, 1077718, 409826, 143124, 598296, 133186, 39.8, 46.3, 0.99
A, 798105, 408830, 1077243, 1077826, 409702, 143031, 598179, 133190, 39.8, 46.3, 1.01
A, 800413, 409322, 1080725, 1080668, 410146, 143377, 598653, 133575, 39.8, 46.3, 1.01
A, 800231, 409343, 1080288, 1080135, 410181, 143278, 598658, 133438, 39.8, 46.3, 0.99
A, 799996, 409259, 1080043, 1079912, 410113, 143269, 598608, 133411, 39.8, 46.3, 0.99
A, 799279, 409159, 1079144, 1079081, 409905, 143179, 598341, 133274, 39.8, 46.3, 0.99
A, 799025, 409124, 1078768, 1078888, 409841, 143210, 598284, 133297, 39.8, 46.3, 1.00
A, 799164, 409078, 1078846, 1079018, 409855, 143222, 598339, 133310, 39.8, 46.3, 0.99
A, 799060, 409096, 1078696, 1078709, 409814, 143074, 598265, 133250, 39.8, 46.3, 1.00
A, 798751, 408966, 1078295, 1078413, 409742, 143071, 598174, 133225, 39.8, 46.3, 1.00
A, 797875, 408906, 1077189, 1077737, 409681, 143019, 598066, 133139, 39.8, 46.3, 0.99
A, 797877, 408799, 1077024, 1077566, 409540, 143023, 597934, 133170, 39.8, 46.3, 1.01
A, 797139, 408622, 1075953, 1076619, 409391, 142837, 597706, 133046, 39.8, 46.3, 0.99
A, 797528, 408560, 1076372, 1076978, 409406, 142945, 597839, 133134, 39.8, 46.3, 1.00
A, 798042, 408676, 1076862, 1077371, 409545, 142871, 597932, 133084, 39.8, 46.3, 0.99
A, 797995, 408676, 1076954, 1077361, 409493, 142946, 597927, 133049, 39.8, 46.3, 1.00
A, 798072, 408719, 1077200, 1077679, 409515, 142956, 597982, 133162, 39.8, 46.3, 1.00
A, 798171, 408623, 1077162, 1077759, 409509, 142955, 597965, 133196, 39.8, 46.3, 0.99
A, 798595, 408751, 1077510, 1077813, 409567, 142934, 597949, 133130, 39.8, 46.3, 0.99
A, 798291, 408649, 1077037, 1077570, 409509, 142872, 597894, 133180, 39.8, 46.3, 1.01
A, 798247, 408633, 1077284, 1077898, 409524, 142907, 597918, 133136, 39.8, 46.3, 1.00
A, 797996, 408641, 1076645, 1077196, 409480, 142878, 597888, 133080, 39.8, 46.3, 1.01
A, 799384, 408711, 1078862, 1079176, 409734, 143101, 598130, 133415, 39.8, 46.3, 0.99
A, 799171, 408940, 1078257, 1078483, 409756, 142971, 598150, 133239, 39.8, 46.3, 0.99
A, 798860, 408780, 1077736, 1078045, 409584, 142870, 597968, 133176, 39.8, 46.3, 1.00
A, 798832, 408815, 1077929, 1078402, 409602, 143011, 598005, 133209, 39.8, 46.3, 1.00
A, 798603, 408757, 1077627, 1078128, 409541, 142916, 597876, 133187, 39.8, 46.3, 0.99
A, 798291, 408740, 1077122, 1077874, 409464, 142919, 597810, 133196, 39.8, 46.3, 1.00
A, 798581, 408770, 1077475, 1078021, 409520, 142856, 597841, 133158, 39.8, 46.3, 0.99
A, 798560, 408740, 1077443, 1077982, 409493, 142929, 597834, 133178, 39.8, 46.3, 1.00
A, 798269, 408680, 1077110, 1077638, 409433, 142830, 597766, 133167, 39.8, 46.3, 1.00
A, 798145, 408588, 1076768, 1077456, 409370, 142850, 597708, 133171, 39.8, 46.3, 1.01
A, 798277, 408645, 1077093, 1077733, 409464, 142858, 597733, 133147, 39.8, 46.3, 1.00
A, 798169, 408602, 1076907, 1077622, 409431, 142846, 597752, 133248, 39.8, 46.3, 0.99
A, 798357, 408633, 1077180, 1077865, 409406, 142869, 597766, 133194, 39.8, 46.3, 1.00
A, 798409, 408699, 1077245, 1077700, 409444, 142824, 597725, 133112, 39.8, 46.3, 1.00
A, 798044, 408587, 1076680, 1077270, 409325, 142766, 597628, 133050, 39.8, 46.3, 1.00
A, 797988, 408589, 1076636, 1077466, 409306, 142842, 597717, 133189, 39.8, 46.3, 1.00
A, 798073, 408576, 1076524, 1077365, 409288, 142799, 597628, 133138, 39.8, 46.3, 0.99
A, 797819, 408482, 1076472, 1077289, 409278, 142789, 597565, 133151, 39.8, 46.3, 1.01
A, 798131, 408616, 1076533, 1077253, 409363, 142731, 597623, 133148, 39.8, 46.3, 1.01
A, 798012, 408462, 1076403, 1077027, 409262, 142772, 597538, 133127, 39.8, 46.3, 0.99
A, 799854, 408883, 1079208, 1079428, 409662, 143003, 598028, 133428, 39.8, 46.3, 1.01
A, 799605, 408922, 1078768, 1079119, 409672, 143044, 597956, 133394, 39.8, 46.3, 1.00
A, 798857, 408878, 1077736, 1078052, 409501, 142836, 597821, 133179, 39.8, 46.3, 1.01
A, 798608, 408707, 1077319, 1077720, 409382, 142847, 597646, 133173, 39.8, 46.3, 0.99
A, 798429, 408764, 1077153, 1077843, 409334, 142855, 597591, 133207, 39.8, 46.3, 0.99
A, 798149, 408645, 1076803, 1077529, 409291, 142822, 597579, 133118, 39.8, 46.3, 1.00
A, 798005, 408590, 1076639, 1077111, 409203, 142801, 597437, 133109, 39.8, 46.3, 1.00
A, 798157, 408629, 1076878, 1077466, 409304, 142819, 597497, 133225, 39.8, 46.3, 1.00
A, 797922, 408573, 1076519, 1077071, 409205, 142654, 597426, 133076, 39.8, 46.3, 1.01
A, 797720, 408485, 1075972, 1076615, 409122, 142648, 597344, 133104, 39.8, 46.3, 1.00
A, 797746, 408406, 1076172, 1076937, 409136, 142684, 597303, 133037, 39.8, 46.3, 0.99
A, 797430, 408391, 1075837, 1076672, 409021, 142690, 597291, 133082, 39.8, 46.3, 1.01
A, 797587, 408387, 1075960, 1076799, 409052, 142665, 597320, 133141, 39.8, 46.3, 1.01
A, 797683, 408376, 1075864, 1076669, 409097, 142618, 597332, 133132, 39.8, 46.3, 0.99
A, 797915, 408429, 1076356, 1076978, 409162, 142655, 597330, 133110, 39.8, 46.3, 1.00
A, 797676, 408441, 1075994, 1076677, 409068, 142643, 597235, 133085, 39.8, 46.3, 1.00
A, 797814, 408434, 1076154, 1076726, 409104, 142613, 597301, 133122, 39.8, 46.3, 0.99
A, 797685, 408366, 1075947, 1076794, 409062, 142621, 597302, 133061, 39.8, 46.3, 1.00
A, 797717, 408343, 1076130, 1076945, 409037, 142646, 597260, 133113, 39.8, 46.3, 1.00
A, 797534, 408273, 1075332, 1076167, 409018, 142562, 597210, 133049, 39.8, 46.3, 1.00
A, 799054, 408541, 1078054, 1078457, 409274, 142796, 597479, 133323, 39.8, 46.3, 1.01
A, 798531, 408669, 1077108, 1077679, 409289, 142701, 597508, 133191, 39.8, 46.3, 0.99
A, 798021, 408544, 1076608, 1077287, 409082, 142730, 597276, 133126, 39.8, 46.3, 1.01
A, 796970, 408401, 1074899, 1075815, 408963, 142572, 597115, 132950, 39.8, 46.3, 0.99
A, 796845, 408145, 1074670, 1075511, 408803, 142497, 596919, 132915, 39.8, 46.3, 1.00
A, 796968, 408102, 1074746, 1075724, 408802, 142422, 596961, 132953, 39.8, 46.3, 1.01
A, 796954, 408099, 1074620, 1075663, 408829, 142435, 596984, 132952, 39.8, 46.3, 1.00
A, 796829, 408076, 1074694, 1075691, 408793, 142414, 596911, 133014, 39.8, 46.3, 1.00
A, 797144, 408060, 1075055, 1076108, 408848, 142475, 597027, 133040, 39.8, 46.3, 1.00
A, 797211, 408189, 1074952, 1075622, 408906, 142479, 597014, 132959, 39.8, 46.3, 1.00
A, 797049, 408073, 1074685, 1075656, 408758, 142463, 596963, 132973, 39.8, 46.3, 0.99
A, 796752, 408016, 1074466, 1075713, 408775, 142406, 596904, 132977, 39.8, 46.3, 1.01
A, 797056, 408080, 1074799, 1075925, 408828, 142481, 597038, 132997, 39.8, 46.3, 0.99
A, 796999, 408006, 1074611, 1075661, 408765, 142469, 596917, 132961, 39.8, 46.3, 0.99
A, 797299, 408138, 1075064, 1076135, 408817, 142412, 597020, 133047, 39.8, 46.3, 1.00
A, 797286, 408137, 1074852, 1075884, 408804, 142479, 597021, 133032, 39.8, 46.3, 0.99
A, 797083, 408045, 1074482, 1075598, 408710, 142326, 596945, 133007, 39.8, 46.3, 1.00
A, 797071, 408070, 1074718, 1075953, 408836, 142376, 596954, 133025, 39.8, 46.3, 1.00
A, 796963, 408002, 1074467, 1075655, 408772, 142377, 596926, 132866, 39.8, 46.3, 0.99
A, 796916, 407991, 1074209, 1075569, 408708, 142367, 596856, 133056, 39.8, 46.3, 0.99
A, 799237, 408361, 1077708, 1078370, 409174, 142691, 597376, 133335, 39.8, 46.3, 1.02
A, 798868, 408483, 1077170, 1077926, 409138, 142614, 597313, 133242, 39.8, 46.3, 1.00
A, 798213, 408493, 1076060, 1077060, 409111, 142463, 597204, 133117, 39.8, 46.3, 1.01
A, 797858, 408326, 1075854, 1076697, 408919, 142470, 597094, 133055, 39.8, 46.3, 1.00
A, 797840, 408345, 1075848, 1076967, 408969, 142521, 597108, 133175, 39.8, 46.3, 1.00
A, 797782, 408353, 1075688, 1076708, 408960, 142500, 597039, 133089, 39.8, 46.3, 0.99
A, 797686, 408265, 1075486, 1076376, 408903, 142386, 596982, 133042, 39.8, 46.3, 1.01
A, 797357, 408226, 1074917, 1076004, 408792, 142414, 596877, 133009, 39.8, 46.3, 1.00
A, 796972, 408114, 1074572, 1075835, 408748, 142393, 596863, 133004, 39.8, 46.3, 1.00
A, 797058, 408139, 1074701, 1075952, 408739, 142430, 596853, 133039, 39.8, 46.3, 0.99
A, 797006, 408124, 1074519, 1075639, 408684, 142415, 596806, 133012, 39.8, 46.3, 1.00
A, 797184, 408081, 1074690, 1075966, 408719, 142372, 596872, 133099, 39.8, 46.3, 0.99
A, 797084, 408149, 1074526, 1075623, 408770, 142387, 596829, 133009, 39.8, 46.3, 1.00
A, 796976, 408051, 1074124, 1075326, 408645, 142261, 596769, 132920, 39.8, 46.3, 0.99
A, 796943, 408009, 1074356, 1075701, 408656, 142336, 596800, 133030, 39.8, 46.3, 1.01
A, 796752, 408029, 1074169, 1075619, 408630, 142322, 596732, 132959, 39.8, 46.3, 1.00
A, 797019, 408002, 1074336, 1075712, 408700, 142350, 596781, 133069, 39.8, 46.3, 0.99
A, 797019, 408029, 1074236, 1075614, 408638, 142204, 596720, 133039, 39.8, 46.3, 1.01
A, 797292, 408035, 1074770, 1076002, 408714, 142341, 596751, 133021, 39.8, 46.3, 0.99
A, 797011, 408107, 1074389, 1075695, 408709, 142295, 596753, 133012, 39.8, 46.3, 0.99
A, 798576, 408245, 1076754, 1077624, 408943, 142587, 597062, 133296, 39.8, 46.3, 1.01
A, 798388, 408399, 1076158, 1077098, 409017, 142519, 597047, 133172, 39.8, 46.3, 0.99
A, 797898, 408312, 1075715, 1076828, 408843, 142492, 596913, 133207, 39.8, 46.3, 1.00
A, 797583, 408336, 1074987, 1076138, 408842, 142368, 596867, 133017, 39.8, 46.3, 0.99
A, 797158, 408128, 1074560, 1075776, 408678, 142326, 596704, 132986, 39.8, 46.3, 0.99
A, 797059, 408164, 1074478, 1075905, 408615, 142352, 596667, 133004, 39.8, 46.3, 1.00
A, 796901, 408051, 1074247, 1075670, 408523, 142316, 596587, 133087, 39.8, 46.3, 0.99
A, 796774, 408045, 1074074, 1075432, 408576, 142332, 596553, 132967, 39.8, 46.3, 1.00
A, 796993, 408071, 1074389, 1075738, 408568, 142320, 596589, 133048, 39.8, 46.3, 1.00
A, 796928, 408028, 1074136, 1075485, 408573, 142260, 596574, 132971, 39.8, 46.3, 1.01
A, 796673, 407954, 1073705, 1075171, 408518, 142227, 596515, 132949, 39.8, 46.3, 0.99
A, 796536, 407945, 1073561, 1074993, 408411, 142153, 596450, 132960, 39.8, 46.3, 1.00
A, 796613, 407913, 1073865, 1075303, 408530, 142250, 596488, 133016, 39.8, 46.3, 1.01
A, 796574, 407908, 1073593, 1074757, 408469, 142180, 596451, 132801, 39.8, 46.3, 0.99
A, 796333, 407781, 1073223, 1074655, 408353, 142094, 596352, 132862, 39.8, 46.3, 1.00
A, 796243, 407743, 1073250, 1074959, 408335, 142144, 596378, 132946, 39.8, 46.3, 1.01
A, 796123, 407743, 1072994, 1074795, 408357, 142180, 596353, 132930, 39.8, 46.3, 1.00
A, 796277, 407733, 1073206, 1074793, 408409, 142143, 596387, 132918, 39.8, 46.3, 1.01
A, 796357, 407750, 1073137, 1074836, 408386, 142173, 596370, 132925, 39.8, 46.3, 1.01
A, 796417, 407729, 1072952, 1074513, 408301, 142139, 596309, 132926, 39.8, 46.3, 0.99
M, 792287, 407138, 1065876, 1067872, 407600, 141320, 595203, 131727, 39.8, 46.3, 0.00
M, 782478, 404817, 1051721, 1056599, 404814, 139988, 591850, 130099, 39.8, 46.3, 0.57
M, 775356, 402512, 1040292, 1047402, 402555, 138813, 589234, 128973, 39.9, 46.3, 0.74
M, 769645, 400547, 1031552, 1040548, 400956, 138031, 587577, 128027, 39.9, 46.3, 0.83
M, 764735, 398713, 1023230, 1034254, 399578, 137083, 586339, 127331, 39.9, 46.3, 0.88
M, 761064, 397324, 1016336, 1029292, 398639, 136412, 585495, 126754, 39.9, 46.3, 0.93
M, 758105, 395989, 1009692, 1024763, 397834, 135590, 584983, 126183, 39.9, 46.3, 0.96
M, 756188, 394877, 1004867, 1021885, 397306, 135034, 584683, 125801, 39.9, 46.3, 0.97
M, 754584, 393853, 999823, 1019308, 396926, 134432, 584440, 125463, 39.9, 46.2, 0.98
M, 753915, 393135, 997188, 1018059, 396673, 134208, 584427, 125333, 39.9, 46.2, 0.98
M, 753833, 392458, 994944, 1017793, 396689, 133878, 584634, 125291, 39.9, 46.2, 0.99
M, 753923, 391846, 992624, 1017383, 396611, 133551, 584808, 125230, 39.9, 46.2, 0.98
M, 754269, 391295, 990434, 1017139, 396619, 133342, 585016, 124999, 39.9, 46.2, 1.00
M, 754745, 390792, 988767, 1017419, 396744, 133115, 585314, 125010, 39.9, 46.2, 1.00
M, 755327, 390431, 987569, 1018088, 396934, 132856, 585721, 125068, 39.9, 46.2, 1.00
M, 756516, 390149, 986949, 1019230, 397115, 132820, 586216, 125119, 39.9, 46.2, 1.00
M, 757432, 389837, 986272, 1020047, 397394, 132724, 586609, 125164, 39.9, 46.2, 1.00
M, 758863, 389724, 986199, 1021730, 397804, 132645, 587157, 125238, 39.9, 46.2, 1.00
M, 759984, 389572, 985714, 1022936, 398134, 132521, 587739, 125246, 39.9, 46.2, 1.00
M, 760971, 389358, 985016, 1023817, 398406, 132412, 588175, 125275, 39.9, 46.2, 1.00
M, 763676, 389513, 987285, 1027381, 399024, 132605, 588989, 125626, 39.9, 46.2, 1.00
M, 764995, 389655, 987190, 1028676, 399465, 132573, 589681, 125593, 39.9, 46.1, 1.00
M, 765585, 389524, 986740, 1029593, 399764, 132513, 590090, 125682, 39.9, 46.1, 1.00
M, 767092, 389621, 986873, 1031125, 400180, 132448, 590656, 125781, 39.9, 46.1, 1.00
M, 768052, 389673, 986659, 1032376, 400570, 132553, 591195, 125703, 39.9, 46.1, 1.00
M, 768803, 389635, 986215, 1033360, 400862, 132449, 591593, 125732, 39.9, 46.1, 1.00
M, 769625, 389672, 985996, 1034176, 401056, 132475, 592001, 125754, 39.9, 46.1, 1.00
M, 770688, 389845, 985922, 1035683, 401600, 132466, 592618, 125807, 39.9, 46.1, 1.02
M, 771506, 389863, 985635, 1036631, 401876, 132432, 592979, 125880, 39.9, 46.1, 1.01
M, 772397, 390054, 985510, 1037741, 402378, 132446, 593559, 125787, 39.9, 46.1, 1.00
M, 773051, 390028, 985559, 1038825, 402513, 132462, 593929, 125870, 39.9, 46.1, 1.00
M, 774008, 390229, 985719, 1040192, 402972, 132507, 594426, 126006, 39.9, 46.1, 1.00
M, 775030, 390377, 986042, 1041499, 403322, 132486, 594965, 126069, 39.9, 46.1, 1.00
M, 776199, 390635, 986262, 1042647, 403703, 132498, 595543, 126055, 39.9, 46.1, 1.02
M, 776756, 390783, 986190, 1043671, 403967, 132570, 595899, 126088, 39.9, 46.1, 1.00
M, 778084, 391110, 986941, 1045410, 404479, 132600, 596521, 126261, 39.9, 46.1, 0.99
M, 778954, 391220, 987024, 1046461, 404845, 132587, 596941, 126327, 39.9, 46.1, 1.00
M, 779890, 391574, 987526, 1047715, 405187, 132722, 597371, 126402, 39.9, 46.1, 1.00
M, 780518, 391727, 987486, 1048626, 405438, 132672, 597812, 126393, 39.9, 46.1, 0.99
M, 781685, 392072, 987980, 1049923, 405890, 132721, 598348, 126490, 39.9, 46.1, 1.00
M, 784089, 392568, 990645, 1053087, 406534, 132977, 599101, 126762, 39.9, 46.1, 1.01
M, 784684, 392962, 990783, 1054158, 406999, 133015, 599548, 126792, 39.9, 46.1, 1.00
M, 784977, 393142, 990374, 1054646, 407128, 133027, 599801, 126775, 39.9, 46.1, 1.00
M, 785535, 393298, 990570, 1055393, 407357, 133065, 600166, 126845, 39.9, 46.1, 1.01
M, 785922, 393595, 990351, 1056163, 407647, 133085, 600483, 126793, 39.9, 46.1, 1.01
M, 786399, 393845, 990366, 1056717, 407968, 133079, 600816, 126797, 39.9, 46.1, 1.01
M, 786828, 394009, 990110, 1057344, 408155, 133028, 601061, 126812, 39.9, 46.1, 1.00
M, 787111, 394184, 990076, 1057952, 408350, 133094, 601362, 126858, 39.9, 46.1, 0.99
M, 787688, 394554, 990069, 1058692, 408656, 133109, 601737, 126879, 39.9, 46.1, 1.00
M, 787845, 394610, 990066, 1059307, 408823, 133099, 601954, 126894, 39.9, 46.1, 1.00
M, 788549, 394965, 990171, 1060128, 409183, 133119, 602389, 126835, 39.9, 46.1, 1.00
M, 788814, 395011, 990171, 1060657, 409259, 133152, 602585, 126892, 39.9, 46.1, 1.00
M, 789554, 395253, 990448, 1061515, 409570, 133154, 602904, 126979, 39.9, 46.1, 1.01
M, 790082, 395488, 990791, 1062316, 409785, 133163, 603223, 127040, 39.9, 46.1, 1.00
M, 790584, 395787, 991003, 1063184, 409972, 133220, 603561, 127066, 39.9, 46.1, 1.00
M, 791284, 396012, 991608, 1064207, 410296, 133280, 603887, 127166, 39.9, 46.1, 1.00
M, 791969, 396310, 992053, 1064903, 410581, 133299, 604185, 127129, 39.9, 46.1, 1.01
M, 792333, 396480, 992045, 1065586, 410748, 133282, 604481, 127222, 39.9, 46.1, 1.01
M, 792599, 396609, 992015, 1066190, 410946, 133327, 604722, 127184, 39.9, 46.1, 1.00
M, 792903, 396864, 992053, 1066688, 411147, 133385, 604963, 127181, 39.9, 46.1, 1.00
M, 795421, 397394, 994993, 1069689, 411733, 133624, 605701, 127528, 39.9, 46.1, 1.00
M, 795410, 397698, 994555, 1069710, 411942, 133594, 605938, 127406, 39.9, 46.1, 1.00
M, 795513, 397849, 994528, 1070164, 412095, 133708, 606082, 127521, 39.9, 46.1, 1.00
M, 795619, 398015, 994213, 1070403, 412194, 133603, 606197, 127465, 39.9, 46.1, 1.00
M, 795748, 398188, 994255, 1070852, 412309, 133637, 606418, 127472, 39.9, 46.1, 1.00
M, 795967, 398303, 994257, 1071220, 412470, 133658, 606655, 127465, 39.9, 46.1, 1.00
M, 796228, 398618, 994303, 1071334, 412653, 133681, 606819, 127432, 39.9, 46.1, 1.00
M, 796359, 398624, 994082, 1071810, 412717, 133688, 607019, 127433, 39.9, 46.1, 1.00
M, 796384, 398703, 994097, 1072146, 412902, 133694, 607194, 127342, 39.9, 46.1, 1.00
M, 796381, 398901, 993499, 1072181, 413100, 133653, 607365, 127457, 39.9, 46.1, 1.00
M, 796604, 399020, 993698, 1072524, 413118, 133722, 607551, 127499, 39.9, 46.1, 1.00
M, 796890, 399210, 993780, 1073180, 413384, 133684, 607752, 127467, 39.9, 46.1, 0.99
M, 796985, 399250, 993830, 1073379, 413341, 133656, 607884, 127474, 39.9, 46.1, 1.01
M, 797515, 399395, 994253, 1074173, 413592, 133730, 608120, 127566, 39.9, 46.1, 0.99
M, 797924, 399589, 994597, 1074755, 413743, 133727, 608286, 127559, 39.9, 46.0, 1.00
M, 798123, 399838, 994696, 1075220, 413935, 133730, 608506, 127604, 39.9, 46.0, 1.00
M, 798719, 400031, 995400, 1076132, 414220, 133873, 608861, 127675, 39.9, 46.0, 1.00
M, 799305, 400229, 995820, 1076748, 414401, 133986, 609045, 127681, 39.9, 46.0, 1.00
M, 799276, 400286, 995711, 1077014, 414439, 133893, 609225, 127694, 39.9, 46.0, 1.00
M, 799578, 400469, 995805, 1077399, 414543, 133895, 609313, 127727, 39.9, 46.0, 1.00
M, 802054, 400961, 998963, 1080514, 415157, 134196, 610095, 128140, 39.9, 46.0, 1.00
M, 802151, 401227, 998992, 1080659, 415309, 134256, 610211, 128048, 39.9, 46.0, 0.99
M, 802338, 401442, 999013, 1080895, 415468, 134227, 610412, 128017, 39.9, 46.0, 1.00
M, 802169, 401457, 998873, 1080904, 415500, 134211, 610392, 127978, 39.9, 46.0, 0.99
M, 802299, 401639, 999064, 1081366, 415644, 134271, 610553, 128002, 39.9, 46.0, 1.00
M, 802157, 401677, 998619, 1081281, 415629, 134263, 610619, 127951, 39.9, 46.0, 1.00
M, 802299, 401835, 998756, 1081686, 415836, 134319, 610731, 127998, 39.9, 46.0, 1.00
M, 802461, 401989, 998801, 1081709, 415903, 134211, 610843, 127987, 39.9, 46.0, 1.00
M, 802232, 401972, 998497, 1081603, 415926, 134295, 610947, 127970, 39.9, 46.0, 1.00
M, 802164, 401989, 998214, 1081772, 415905, 134251, 610993, 127953, 39.9, 46.0, 1.00
M, 801932, 402108, 998014, 1081538, 415974, 134218, 611053, 127922, 39.9, 46.0, 0.99
M, 802010, 402084, 998026, 1081895, 415968, 134270, 611139, 127957, 39.9, 46.0, 1.00
M, 801904, 402235, 997517, 1081704, 416119, 134175, 611279, 127942, 39.9, 46.0, 1.00
M, 802018, 402244, 997763, 1081796, 416120, 134195, 611318, 127880, 39.9, 46.0, 1.00
M, 802360, 402311, 998287, 1082658, 416275, 134338, 611569, 128005, 39.9, 46.0, 1.00
M, 802621, 402363, 998499, 1083066, 416446, 134337, 611726, 128011, 39.9, 46.0, 1.00
M, 802914, 402549, 998575, 1083329, 416536, 134284, 611898, 128117, 39.9, 46.0, 1.00
M, 803468, 402700, 999358, 1083947, 416748, 134479, 612102, 128200, 39.9, 46.0, 1.00
M, 803625, 402794, 999431, 1084254, 416798, 134399, 612121, 128141, 39.9, 46.0, 1.00
M, 803599, 402946, 999429, 1084359, 416871, 134466, 612288, 128162, 39.9, 46.0, 1.00
M, 805431, 403246, 1002104, 1086959, 417273, 134698, 612821, 128445, 39.9, 46.0, 1.00
M, 805724, 403505, 1002294, 1087287, 417496, 134714, 613003, 128457, 39.9, 46.0, 1.00
M, 805571, 403598, 1002008, 1087018, 417490, 134756, 613048, 128410, 39.9, 46.0, 1.00
M, 805646, 403703, 1002268, 1087437, 417587, 134727, 613226, 128468, 39.9, 46.0, 1.00
M, 805791, 403774, 1002354, 1087515, 417661, 134772, 613253, 128390, 39.9, 46.0, 1.00
M, 805533, 403769, 1002036, 1087305, 417677, 134777, 613267, 128327, 39.9, 46.0, 1.00
M, 805635, 403790, 1002053, 1087576, 417751, 134743, 613337, 128337, 39.9, 46.0, 1.00
M, 805568, 403811, 1002061, 1087604, 417783, 134753, 613415, 128363, 39.9, 46.0, 1.00
M, 805528, 403969, 1002101, 1087823, 417875, 134792, 613476, 128383, 39.9, 46.0, 0.99
M, 805926, 404144, 1002391, 1088038, 417978, 134818, 613609, 128398, 39.9, 46.0, 1.00
M, 805799, 404113, 1002369, 1088125, 418001, 134824, 613695, 128360, 39.9, 46.0, 1.00
M, 805605, 404185, 1002170, 1087999, 418075, 134789, 613780, 128400, 39.9, 46.0, 1.01
M, 805356, 404180, 1001905, 1087889, 418035, 134785, 613748, 128314, 39.9, 46.0, 1.02
M, 805255, 404189, 1001715, 1087854, 418156, 134791, 613834, 128318, 39.9, 46.0, 1.00
M, 805272, 404130, 1001724, 1087675, 418057, 134735, 613841, 128268, 39.9, 46.0, 0.99
M, 805319, 404187, 1001984, 1088278, 418103, 134779, 613933, 128314, 39.9, 46.0, 1.00
M, 805424, 404205, 1001922, 1088264, 418220, 134823, 613996, 128330, 39.9, 46.1, 1.00
M, 805550, 404262, 1002100, 1088523, 418266, 134841, 614067, 128391, 39.9, 46.1, 1.01
M, 806003, 404430, 1002859, 1089138, 418400, 134873, 614277, 128454, 39.9, 46.0, 1.01
M, 805938, 404369, 1002197, 1088552, 418430, 134757, 614302, 128334, 39.9, 46.0, 1.01
M, 807745, 404631, 1004954, 1091004, 418758, 135023, 614793, 128651, 39.9, 46.0, 0.99
M, 807202, 404783, 1004480, 1090897, 418833, 135026, 614802, 128591, 39.9, 46.0, 1.00
M, 807210, 404759, 1004287, 1090765, 418842, 135018, 614809, 128526, 39.9, 46.0, 0.99
M, 807344, 404870, 1004387, 1090833, 418913, 135063, 614913, 128635, 39.9, 46.0, 1.01
M, 807221, 404895, 1004418, 1090800, 418926, 135032, 614959, 128573, 39.9, 46.0, 1.00
M, 807458, 405060, 1004752, 1091145, 419015, 135053, 615097, 128593, 39.9, 46.0, 1.00
M, 807292, 405000, 1004525, 1091003, 419102, 135105, 615103, 128601, 39.9, 46.0, 0.99
M, 807478, 405039, 1004880, 1091452, 419152, 135092, 615197, 128614, 39.9, 46.0, 1.00
M, 807291, 405077, 1004696, 1091372, 419169, 135183, 615270, 128621, 39.9, 46.0, 1.00
M, 806763, 405110, 1003041, 1090225, 419155, 135109, 615198, 128548, 39.9, 46.0, 1.00
M, 807080, 405057, 1004097, 1090710, 419143, 135064, 615279, 128522, 40.0, 46.0, 0.99
M, 805946, 404781, 1002935, 1089861, 418994, 134909, 615063, 128438, 40.0, 46.0, 1.00
M, 805944, 404926, 1002832, 1089862, 419074, 134995, 615169, 128466, 40.0, 46.0, 1.00
M, 806213, 404893, 1003103, 1090242, 419027, 134997, 615247, 128498, 40.0, 46.0, 1.00
M, 806779, 404912, 1004036, 1091076, 419184, 135163, 615476, 128607, 40.0, 46.0, 1.00
M, 807209, 405080, 1004585, 1091592, 419309, 135172, 615617, 128657, 39.9, 46.0, 1.00
M, 807559, 405127, 1004919, 1091781, 419487, 135157, 615728, 128668, 39.9, 46.0, 1.00
M, 807588, 405229, 1005082, 1091822, 419524, 135154, 615804, 128639, 39.9, 46.0, 1.00
M, 807441, 405166, 1004998, 1092055, 419550, 135179, 615854, 128661, 39.9, 46.0, 1.01
M, 807902, 405245, 1005633, 1092690, 419690, 135266, 616052, 128673, 39.9, 46.0, 1.00
M, 809762, 405607, 1008135, 1094936, 420027, 135420, 616476, 129064, 39.9, 46.0, 1.00
M, 810015, 405874, 1008475, 1095005, 420245, 135522, 616672, 129027, 39.9, 46.0, 1.00
M, 809723, 405970, 1008351, 1095039, 420255, 135469, 616631, 128964, 39.9, 46.0, 1.00
M, 809342, 405916, 1007965, 1094653, 420196, 135549, 616524, 128899, 39.9, 46.0, 1.01
M, 809226, 405875, 1007741, 1094662, 420172, 135490, 616547, 128880, 39.9, 46.0, 1.00
M, 809326, 406010, 1008050, 1094746, 420240, 135510, 616657, 128895, 40.0, 46.0, 1.00
M, 809138, 405859, 1007744, 1094573, 420168, 135503, 616615, 128918, 40.0, 46.0, 1.00
M, 809300, 406063, 1008245, 1094978, 420257, 135537, 616687, 128973, 40.0, 46.0, 1.00
M, 809332, 406065, 1008286, 1094880, 420313, 135515, 616780, 128867, 40.0, 46.0, 1.00
M, 809086, 406008, 1008165, 1094656, 420282, 135561, 616768, 128841, 40.0, 46.0, 1.00
M, 809069, 406000, 1007817, 1094494, 420260, 135492, 616752, 128873, 40.0, 46.0, 1.00
M, 809002, 406075, 1008006, 1094618, 420349, 135509, 616835, 128845, 40.0, 46.0, 1.00
M, 808773, 405986, 1007673, 1094274, 420271, 135558, 616783, 128848, 40.0, 46.0, 1.00
M, 808493, 406008, 1007327, 1093861, 420336, 135430, 616759, 128791, 39.9, 46.0, 1.00
M, 808338, 405903, 1007398, 1094077, 420187, 135479, 616777, 128734, 39.9, 46.0, 1.01
M, 808576, 405996, 1007767, 1094384, 420303, 135554, 616897, 128837, 39.9, 46.0, 1.00
M, 808749, 406049, 1007994, 1094643, 420364, 135561, 617012, 128891, 39.9, 46.0, 1.00
M, 808976, 406128, 1008155, 1094623, 420474, 135500, 617086, 128844, 39.9, 46.0, 1.01
M, 808803, 406035, 1008170, 1094692, 420439, 135562, 617077, 128888, 40.0, 46.0, 0.99
M, 809275, 406195, 1008881, 1095346, 420665, 135654, 617270, 128946, 40.0, 46.0, 1.00
M, 811054, 406462, 1011581, 1097716, 421004, 135877, 617686, 129258, 40.0, 46.0, 1.00
M, 811223, 406744, 1011816, 1097720, 421176, 135919, 617839, 129182, 40.0, 46.0, 1.00
M, 810987, 406625, 1011373, 1097526, 421039, 135855, 617807, 129189, 40.0, 46.0, 1.01
M, 810918, 406743, 1011288, 1097154, 421106, 135872, 617773, 129166, 40.0, 46.0, 1.00
M, 810509, 406629, 1010829, 1096582, 420990, 135813, 617667, 129104, 40.0, 46.0, 1.00
M, 810195, 406677, 1010885, 1096863, 421003, 135912, 617641, 129104, 40.0, 46.0, 1.01
M, 810024, 406672, 1010693, 1096606, 420976, 135851, 617570, 129064, 40.0, 46.0, 1.00
M, 810185, 406674, 1010738, 1096626, 421013, 135821, 617698, 129115, 40.0, 46.0, 1.00
M, 810055, 406640, 1010810, 1096551, 420927, 135863, 617757, 129102, 40.0, 46.0, 1.01
M, 809932, 406619, 1010682, 1096408, 421009, 135864, 617692, 129074, 40.0, 46.0, 1.00
M, 809694, 406617, 1010574, 1096185, 420993, 135815, 617653, 129004, 40.0, 46.0, 0.98
M, 809688, 406507, 1010626, 1096315, 420942, 135888, 617714, 129059, 40.0, 46.0, 1.01
M, 809569, 406554, 1010453, 1096068, 421061, 135890, 617736, 129062, 40.0, 46.0, 1.00
M, 809439, 406516, 1010408, 1096123, 420965, 135910, 617786, 129049, 40.0, 46.0, 1.00
M, 809414, 406592, 1010405, 1095987, 421047, 135949, 617823, 129059, 40.0, 46.0, 1.00
M, 809278, 406512, 1010345, 1095781, 420995, 135884, 617794, 129049, 40.0, 46.0, 1.00
M, 809326, 406466, 1010512, 1096214, 421020, 135925, 617807, 129021, 40.0, 46.0, 1.00
M, 809409, 406553, 1010638, 1096221, 421041, 135884, 617873, 129092, 40.0, 46.0, 1.00
M, 809290, 406481, 1010508, 1096106, 421053, 135895, 617833, 129071, 40.0, 46.0, 1.00
M, 809627, 406596, 1010962, 1096322, 421086, 135954, 617998, 129065, 40.0, 46.0, 1.00
M, 811811, 406790, 1013944, 1098939, 421536, 136135, 618486, 129427, 40.0, 46.0, 1.00
M, 811392, 407077, 1013702, 1098439, 421608, 136126, 618477, 129288, 40.0, 46.0, 1.00
M, 811183, 407012, 1013621, 1098574, 421583, 136149, 618477, 129276, 40.0, 46.0, 0.99
M, 811049, 406982, 1013371, 1098359, 421525, 136188, 618404, 129299, 40.0, 46.0, 1.00
M, 811173, 407061, 1013415, 1098261, 421484, 136138, 618472, 129260, 40.0, 46.0, 1.00
M, 810985, 407048, 1013506, 1098172, 421585, 136222, 618517, 129278, 40.0, 46.0, 0.99
M, 810696, 406964, 1013338, 1098133, 421495, 136111, 618434, 129268, 40.0, 46.0, 1.00
M, 810477, 407006, 1012995, 1097845, 421494, 136148, 618405, 129268, 40.0, 46.0, 1.00
M, 810548, 406942, 1013306, 1097982, 421550, 136158, 618477, 129255, 40.0, 46.0, 0.99
M, 810424, 406984, 1013373, 1097908, 421548, 136249, 618455, 129305, 40.0, 46.0, 1.00
M, 810521, 407009, 1013071, 1097490, 421488, 136090, 618474, 129245, 40.0, 46.0, 1.00
M, 810283, 406960, 1012949, 1097271, 421498, 136138, 618424, 129167, 40.0, 46.0, 0.99
M, 809947, 406823, 1012806, 1097368, 421490, 136180, 618381, 129176, 40.0, 46.0, 1.00
M, 809802, 406919, 1012610, 1097125, 421507, 136181, 618506, 129203, 40.0, 46.0, 1.00
M, 809730, 406768, 1012502, 1096957, 421378, 136123, 618426, 129233, 40.0, 46.0, 1.00
M, 809661, 406820, 1012529, 1096918, 421532, 136164, 618530, 129191, 40.0, 46.0, 1.00
M, 809610, 406804, 1012455, 1096819, 421448, 136123, 618408, 129147, 40.0, 46.0, 1.01
M, 809834, 406724, 1012945, 1097259, 421570, 136189, 618516, 129158, 40.0, 46.0, 1.00
M, 809940, 406805, 1013097, 1097299, 421516, 136200, 618590, 129242, 40.0, 46.0, 1.00
M, 809786, 406818, 1013039, 1097357, 421514, 136158, 618632, 129204, 40.0, 46.0, 1.00
M, 812083, 407109, 1016203, 1100030, 422032, 136527, 619223, 129679, 40.0, 46.0, 1.00
M, 812058, 407277, 1016228, 1099784, 422071, 136431, 619220, 129489, 40.0, 46.0, 1.00
M, 811682, 407253, 1015736, 1099384, 422036, 136405, 619178, 129439, 40.0, 46.0, 1.00
M, 811539, 407259, 1015766, 1099569, 422010, 136478, 619127, 129471, 40.0, 46.0, 1.00
M, 811430, 407280, 1015443, 1099144, 421970, 136415, 619137, 129521, 40.0, 46.0, 1.00
M, 811419, 407223, 1015659, 1099308, 422025, 136486, 619162, 129449, 40.0, 46.0, 1.00
M, 811253, 407318, 1015677, 1099238, 422025, 136484, 619122, 129480, 40.0, 46.0, 1.00
M, 811531, 407318, 1016025, 1099208, 422121, 136479, 619193, 129464, 40.0, 46.0, 1.00
M, 810898, 407258, 1015481, 1098643, 421907, 136376, 619043, 129373, 40.0, 46.0, 1.00
M, 810784, 407221, 1015481, 1098834, 421985, 136505, 619078, 129400, 40.0, 46.0, 1.00
M, 810765, 407122, 1015336, 1098730, 421986, 136461, 619074, 129407, 40.0, 46.0, 1.00
M, 810800, 407241, 1015437, 1098574, 421968, 136412, 619086, 129423, 40.0, 46.0, 1.00
M, 811132, 407200, 1015880, 1098882, 422070, 136470, 619197, 129444, 40.0, 46.0, 1.00
M, 810658, 407096, 1015654, 1098719, 421973, 136543, 619095, 129379, 40.0, 46.0, 1.00
M, 810610, 407305, 1015523, 1098371, 422035, 136369, 619138, 129372, 40.0, 46.0, 1.00
M, 810503, 407066, 1015430, 1098427, 421920, 136400, 619029, 129391, 40.0, 46.0, 1.00
M, 810061, 407124, 1015012, 1097885, 421963, 136400, 619084, 129319, 40.0, 46.0, 0.99
M, 810011, 407028, 1014781, 1097622, 421768, 136371, 619015, 129283, 40.0, 46.0, 1.00
M, 810238, 407000, 1015421, 1098270, 421900, 136455, 619115, 129290, 40.0, 46.0, 1.00
M, 810241, 407059, 1015486, 1098253, 421894, 136452, 619241, 129331, 40.0, 46.0, 1.00
M, 812000, 407259, 1017937, 1100544, 422299, 136722, 619617, 129735, 40.0, 46.0, 1.00
M, 812294, 407444, 1018303, 1100577, 422394, 136676, 619611, 129686, 40.0, 46.0, 1.00
M, 812038, 407547, 1018059, 1100202, 422415, 136669, 619687, 129596, 40.0, 46.0, 1.00
M, 811606, 407440, 1017605, 1099651, 422330, 136653, 619500, 129566, 40.0, 46.0, 1.00
M, 811569, 407368, 1017711, 1099807, 422318, 136643, 619557, 129559, 40.0, 46.0, 0.99
M, 811327, 407311, 1017549, 1099637, 422203, 136661, 619532, 129427, 40.0, 46.0, 1.00
M, 811212, 407278, 1017645, 1099680, 422257, 136665, 619588, 129537, 40.0, 46.0, 1.00
M, 811194, 407376, 1017637, 1099640, 422335, 136676, 619556, 129551, 40.0, 46.0, 1.00
M, 811296, 407376, 1017644, 1099401, 422311, 136654, 619530, 129505, 40.0, 46.0, 1.00
M, 810996, 407263, 1017445, 1099123, 422247, 136650, 619516, 129476, 40.0, 46.0, 1.00
M, 810787, 407315, 1017404, 1099185, 422183, 136691, 619549, 129528, 40.0, 46.0, 1.00
M, 810804, 407271, 1017335, 1099049, 422226, 136574, 619464, 129521, 40.0, 46.0, 1.00
M, 810801, 407261, 1017465, 1099151, 422259, 136666, 619509, 129527, 40.0, 46.0, 1.00
M, 810960, 407277, 1017671, 1099149, 422349, 136701, 619611, 129507, 40.0, 46.0, 1.00
M, 810817, 407187, 1017644, 1098950, 422285, 136670, 619528, 129463, 40.0, 46.0, 0.99
M, 810565, 407173, 1017287, 1098747, 422223, 136630, 619538, 129471, 40.0, 46.0, 1.00
M, 810499, 407113, 1017414, 1098821, 422276, 136722, 619543, 129512, 40.0, 46.0, 1.00
M, 810750, 407108, 1017722, 1099053, 422295, 136617, 619602, 129571, 40.0, 46.0, 0.99
M, 810968, 407237, 1017962, 1099205, 422325, 136740, 619699, 129574, 40.0, 46.0, 0.99
M, 810840, 407308, 1018244, 1099276, 422318, 136695, 619656, 129489, 40.0, 46.0, 1.00
