State, OV, Alc, H2, AC1, NH3, AC2, VOC, LP, Temp, Hud, AirFlow
A, 582984, 313585, 933719, 800280, 309924, 157100, 461209, 134887, 33.9, 59.6, 0.00
A, 571161, 310707, 913196, 785742, 306643, 154519, 457382, 132320, 33.9, 59.6, 0.53
A, 564676, 308746, 901994, 777572, 304807, 153038, 455365, 130959, 33.9, 59.6, 0.73
A, 556163, 306236, 885835, 766280, 302910, 150752, 453737, 129068, 33.8, 59.5, 0.84
A, 552437, 305134, 877688, 761093, 302253, 149691, 453488, 128203, 33.8, 59.5, 0.89
A, 549123, 304208, 869819, 756593, 301965, 148506, 453687, 127519, 33.8, 59.5, 0.94
A, 546596, 303517, 862545, 752724, 301914, 147373, 454154, 126979, 33.8, 59.5, 0.95
A, 545294, 303092, 856936, 750353, 302047, 146567, 454707, 126567, 33.8, 59.5, 0.97
A, 544709, 302799, 852389, 748969, 302357, 145769, 455443, 126310, 33.7, 59.5, 0.99
A, 544624, 302567, 847771, 747726, 302842, 145000, 456263, 126012, 33.7, 59.5, 0.99
A, 544933, 302492, 844324, 747194, 303235, 144436, 456983, 125951, 33.7, 59.5, 0.99
A, 545500, 302461, 841371, 747558, 303757, 143924, 457842, 125894, 33.7, 59.5, 0.99
A, 546690, 302544, 839675, 748183, 304420, 143613, 458726, 125976, 33.7, 59.5, 0.99
A, 547498, 302700, 837198, 748511, 304873, 143243, 459491, 125891, 33.7, 59.5, 1.00
A, 549308, 302926, 836091, 749862, 305598, 143030, 460541, 126062, 33.6, 59.5, 0.99
A, 550878, 303233, 834382, 751125, 306335, 142704, 461578, 126050, 33.6, 59.5, 1.00
A, 552487, 303637, 833308, 752519, 307033, 142440, 462512, 126072, 33.6, 59.5, 0.99
A, 554302, 303894, 832429, 754016, 307654, 142268, 463384, 126153, 33.6, 59.5, 1.00
A, 556384, 304369, 832094, 756136, 308554, 142172, 464449, 126299, 33.6, 59.5, 0.99
A, 558329, 304825, 831599, 757849, 309181, 142022, 465442, 126467, 33.6, 59.5, 1.01
A, 562517, 305759, 833884, 762036, 310500, 142269, 467044, 126862, 33.6, 59.5, 1.00
A, 564122, 306364, 833096, 763719, 311260, 142149, 467950, 126863, 33.6, 59.5, 1.00
A, 565996, 307050, 832258, 765452, 312020, 142035, 468878, 126862, 33.6, 59.5, 0.99
A, 567542, 307381, 831858, 766932, 312574, 141963, 469726, 126943, 33.6, 59.5, 1.00
A, 569455, 307965, 831855, 768837, 313264, 141985, 470576, 127096, 33.6, 59.5, 1.00
A, 571292, 308591, 831528, 770831, 314003, 141939, 471563, 127156, 33.5, 59.5, 1.00
A, 573363, 309351, 831120, 772714, 314812, 141906, 472533, 127216, 33.5, 59.5, 1.00
A, 575149, 309938, 830745, 774399, 315507, 141829, 473378, 127203, 33.5, 59.5, 1.01
A, 576671, 310546, 830219, 776227, 316104, 141792, 474231, 127315, 33.5, 59.5, 1.00
A, 578659, 311255, 830694, 778322, 316878, 141847, 475156, 127449, 33.5, 59.6, 1.00
A, 580340, 311815, 830340, 779905, 317541, 141745, 475911, 127468, 33.5, 59.6, 1.00
A, 582368, 312590, 830783, 782084, 318191, 141846, 476889, 127619, 33.5, 59.6, 1.00
A, 584238, 313352, 830755, 784107, 318971, 141845, 477768, 127638, 33.5, 59.6, 1.00
A, 585570, 313900, 830289, 785512, 319598, 141781, 478540, 127631, 33.5, 59.6, 1.00
A, 587062, 314641, 830085, 787093, 320136, 141791, 479196, 127692, 33.5, 59.6, 1.00
A, 588773, 315414, 830405, 789210, 320817, 141771, 480066, 127811, 33.5, 59.6, 1.00
A, 590381, 315972, 830319, 790786, 321379, 141848, 480814, 127935, 33.5, 59.6, 1.01
A, 592038, 316685, 830731, 792746, 321998, 141950, 481606, 127962, 33.5, 59.7, 0.99
A, 593871, 317523, 830575, 794681, 322751, 141907, 482511, 128061, 33.5, 59.7, 1.00
A, 595117, 318151, 830640, 796062, 323225, 141914, 483177, 128048, 33.5, 59.6, 1.01
A, 597698, 318976, 832526, 799258, 324047, 142194, 484119, 128358, 33.5, 59.6, 1.01
A, 599292, 319944, 832456, 800788, 324805, 142126, 485018, 128344, 33.5, 59.7, 0.99
A, 600279, 320511, 831970, 801835, 325185, 142084, 485557, 128309, 33.5, 59.7, 1.00
A, 601348, 321265, 831248, 803065, 325782, 142079, 486181, 128340, 33.5, 59.7, 1.00
A, 602185, 321698, 831266, 804151, 326095, 142082, 486657, 128319, 33.5, 59.7, 1.00
A, 603509, 322303, 831476, 805711, 326622, 142162, 487276, 128408, 33.5, 59.7, 1.00
A, 604553, 323021, 831302, 806998, 327097, 142118, 487904, 128446, 33.4, 59.7, 1.00
A, 605951, 323659, 831252, 808369, 327638, 142152, 488556, 128396, 33.4, 59.7, 1.00
A, 606738, 324176, 830936, 809292, 327936, 142189, 488962, 128495, 33.4, 59.8, 0.99
A, 608208, 324967, 831591, 811371, 328602, 142236, 489740, 128577, 33.4, 59.8, 1.01
A, 609151, 325550, 831387, 812489, 329047, 142240, 490307, 128557, 33.4, 59.8, 1.00
A, 610187, 326078, 831397, 813546, 329465, 142214, 490846, 128606, 33.4, 59.8, 1.00
A, 611360, 326759, 831702, 815220, 329945, 142301, 491440, 128660, 33.4, 59.8, 1.00
A, 612489, 327401, 831430, 816245, 330390, 142279, 492013, 128666, 33.4, 59.8, 1.00
A, 613335, 327972, 831271, 817236, 330752, 142310, 492485, 128651, 33.4, 59.8, 1.00
A, 614075, 328523, 831239, 818462, 331130, 142332, 493015, 128650, 33.4, 59.8, 1.01
A, 615180, 329077, 831546, 819811, 331578, 142369, 493531, 128693, 33.4, 59.8, 1.00
A, 615973, 329590, 831446, 820847, 331965, 142457, 494042, 128773, 33.4, 59.8, 1.00
A, 617012, 330082, 831651, 822154, 332359, 142481, 494561, 128807, 33.4, 59.8, 1.01
A, 618312, 330768, 832222, 823600, 332857, 142515, 495151, 128860, 33.4, 59.8, 1.00
A, 620411, 331515, 834274, 826350, 333508, 142726, 495887, 129120, 33.4, 59.8, 1.00
A, 621281, 332192, 834335, 827268, 333941, 142768, 496387, 129140, 33.4, 59.8, 1.00
A, 621419, 332702, 833109, 827622, 334237, 142734, 496768, 129008, 33.4, 59.8, 1.00
A, 621842, 332959, 833128, 828372, 334377, 142698, 497028, 129023, 33.4, 59.8, 1.00
A, 622903, 333767, 833181, 829607, 334938, 142720, 497673, 129074, 33.4, 59.9, 0.99
A, 623461, 334072, 833194, 830296, 335063, 142732, 497947, 129076, 33.4, 59.9, 0.99
A, 624198, 334499, 833452, 831498, 335469, 142858, 498371, 129126, 33.4, 59.9, 1.00
A, 624933, 335049, 833563, 832474, 335875, 142885, 498774, 129136, 33.4, 59.9, 1.00
A, 625592, 335447, 833566, 833290, 336093, 142910, 499176, 129180, 33.4, 59.9, 1.00
A, 626571, 336037, 834179, 834581, 336472, 142965, 499657, 129224, 33.4, 59.9, 1.00
A, 627396, 336529, 834071, 835373, 336826, 142994, 500072, 129208, 33.4, 59.9, 1.00
A, 627837, 336949, 833999, 836027, 337089, 142938, 500400, 129180, 33.4, 59.9, 1.00
A, 628231, 337362, 833568, 836840, 337363, 143016, 500726, 129204, 33.4, 59.9, 1.00
A, 629028, 337769, 834230, 837956, 337708, 143081, 501149, 129288, 33.4, 60.0, 0.99
A, 629692, 338204, 834224, 838672, 337973, 143082, 501479, 129256, 33.4, 60.0, 1.00
A, 630204, 338637, 834271, 839425, 338245, 143112, 501830, 129299, 33.4, 60.0, 1.00
A, 630874, 339135, 834449, 840432, 338535, 143131, 502237, 129284, 33.4, 60.0, 0.99
A, 631182, 339498, 834199, 840939, 338770, 143063, 502509, 129268, 33.4, 60.0, 1.00
A, 631903, 339835, 834489, 841804, 339002, 143183, 502884, 129358, 33.4, 60.0, 1.01
A, 632391, 340185, 834508, 842633, 339340, 143183, 503230, 129336, 33.4, 60.1, 0.99
A, 634566, 340892, 836810, 845145, 339861, 143432, 503960, 129581, 33.4, 60.1, 0.99
A, 634753, 341292, 836383, 845336, 340115, 143408, 504243, 129458, 33.4, 60.1, 0.99
A, 634936, 341561, 836041, 846088, 340273, 143459, 504417, 129533, 33.4, 60.1, 1.01
A, 634925, 341952, 835461, 846087, 340545, 143387, 504680, 129419, 33.4, 60.1, 1.00
A, 635095, 342188, 835196, 846471, 340611, 143406, 504763, 129414, 33.4, 60.1, 1.00
A, 635359, 342668, 834861, 846827, 340868, 143363, 505234, 129404, 33.4, 60.1, 1.00
A, 635530, 342820, 834600, 847049, 340937, 143285, 505253, 129368, 33.4, 60.1, 1.00
A, 636022, 343014, 834781, 847756, 341158, 143381, 505564, 129378, 33.4, 60.1, 1.01
A, 636387, 343351, 834780, 848374, 341314, 143414, 505838, 129264, 33.4, 60.1, 0.99
A, 636695, 343588, 834657, 849061, 341592, 143471, 506063, 129425, 33.4, 60.1, 1.00
A, 637158, 343978, 835083, 849885, 341782, 143468, 506392, 129454, 33.4, 60.1, 1.00
A, 637812, 344328, 835215, 850448, 341975, 143439, 506650, 129395, 33.4, 60.1, 1.00
A, 638026, 344559, 835036, 850856, 342219, 143403, 506935, 129381, 33.4, 60.1, 1.01
A, 638220, 344833, 834890, 851377, 342333, 143496, 507150, 129402, 33.4, 60.1, 1.00
A, 638801, 345059, 835090, 852111, 342568, 143506, 507421, 129455, 33.4, 60.1, 0.99
A, 639147, 345299, 835147, 852521, 342770, 143586, 507671, 129439, 33.4, 60.1, 0.99
A, 639646, 345627, 835603, 853539, 342962, 143609, 507953, 129548, 33.3, 60.1, 1.00
A, 640177, 345909, 835512, 853887, 343196, 143594, 508199, 129479, 33.3, 60.1, 1.00
A, 640391, 346145, 835424, 854147, 343323, 143598, 508475, 129430, 33.3, 60.2, 1.00
A, 640494, 346314, 835224, 854780, 343432, 143669, 508628, 129433, 33.3, 60.2, 1.00
A, 642536, 346828, 837954, 857388, 343976, 143990, 509305, 129837, 33.3, 60.2, 1.00
A, 642558, 347179, 837499, 857487, 344167, 143919, 509441, 129743, 33.3, 60.2, 1.00
A, 642923, 347455, 837442, 857771, 344334, 143866, 509653, 129678, 33.3, 60.2, 1.01
A, 642658, 347619, 836883, 857960, 344407, 143912, 509773, 129595, 33.3, 60.2, 1.00
A, 642810, 347893, 836416, 857882, 344606, 143860, 509967, 129556, 33.3, 60.2, 1.00
A, 642759, 347896, 836188, 858142, 344548, 143836, 510088, 129522, 33.3, 60.2, 1.00
A, 642725, 348202, 835745, 858272, 344768, 143775, 510248, 129505, 33.3, 60.2, 1.00
A, 642871, 348253, 835499, 858319, 344808, 143775, 510287, 129393, 33.3, 60.2, 1.00
A, 643231, 348523, 835853, 859126, 344970, 143783, 510524, 129419, 33.3, 60.2, 1.00
A, 643367, 348615, 835479, 859406, 345068, 143844, 510717, 129435, 33.3, 60.2, 1.00
A, 643455, 348779, 835489, 859625, 345232, 143831, 510895, 129495, 33.3, 60.2, 1.01
A, 644035, 348968, 835796, 860343, 345338, 143902, 511061, 129519, 33.3, 60.2, 1.00
A, 644396, 349240, 836009, 860739, 345526, 143862, 511352, 129501, 33.3, 60.2, 1.00
A, 644452, 349381, 835798, 860927, 345658, 143853, 511438, 129517, 33.3, 60.2, 1.00
A, 644512, 349471, 835656, 861266, 345695, 143813, 511600, 129476, 33.3, 60.2, 1.01
A, 645012, 349748, 835997, 861992, 345957, 143883, 511829, 129500, 33.3, 60.2, 1.00
A, 645128, 349851, 835959, 862286, 346032, 143872, 511951, 129574, 33.3, 60.2, 1.00
A, 645524, 350048, 836236, 862963, 346186, 144012, 512197, 129520, 33.3, 60.2, 1.00
A, 645833, 350259, 836373, 863326, 346363, 143933, 512403, 129594, 33.3, 60.2, 1.01
A, 645977, 350380, 836044, 863432, 346449, 143972, 512581, 129424, 33.3, 60.3, 1.00
A, 647433, 350704, 838124, 865617, 346822, 144218, 512978, 129758, 33.3, 60.3, 0.99
A, 647811, 350959, 838277, 865966, 347078, 144264, 513268, 129701, 33.3, 60.3, 1.00
A, 647491, 351136, 837667, 865777, 347061, 144251, 513338, 129659, 33.3, 60.3, 1.01
A, 647764, 351341, 837655, 866062, 347236, 144228, 513525, 129629, 33.3, 60.3, 0.99
A, 647730, 351378, 837306, 866123, 347236, 144171, 513549, 129633, 33.3, 60.3, 1.00
A, 647679, 351563, 837124, 866259, 347377, 144190, 513707, 129530, 33.3, 60.3, 1.00
A, 647724, 351567, 837032, 866435, 347362, 144143, 513707, 129509, 33.3, 60.3, 1.00
A, 647975, 351742, 837008, 866847, 347474, 144230, 513962, 129525, 33.3, 60.3, 1.00
A, 648228, 351863, 836996, 867168, 347653, 144249, 514097, 129643, 33.3, 60.3, 1.00
A, 648395, 352009, 837306, 867505, 347833, 144229, 514226, 129585, 33.3, 60.3, 0.99
A, 648502, 352127, 837115, 867571, 347854, 144241, 514349, 129573, 33.3, 60.3, 1.00
A, 648515, 352192, 836782, 867864, 347947, 144294, 514417, 129472, 33.3, 60.3, 1.00
A, 648816, 352402, 837322, 868384, 348041, 144281, 514667, 129516, 33.3, 60.4, 1.00
A, 648685, 352394, 836862, 868307, 348102, 144293, 514715, 129504, 33.3, 60.4, 1.00
A, 649139, 352620, 837317, 869019, 348261, 144363, 514986, 129610, 33.3, 60.3, 0.99
A, 649220, 352685, 837006, 868956, 348345, 144225, 515036, 129504, 33.3, 60.3, 0.99
A, 649338, 352743, 837011, 869281, 348434, 144308, 515078, 129500, 33.3, 60.4, 1.00
A, 649317, 352849, 836966, 869550, 348512, 144359, 515242, 129511, 33.3, 60.4, 1.00
A, 649687, 352997, 837213, 869990, 348566, 144337, 515413, 129520, 33.3, 60.4, 1.01
A, 649836, 353070, 837143, 870111, 348677, 144303, 515485, 129426, 33.3, 60.4, 1.00
A, 651369, 353417, 839307, 872143, 349017, 144542, 516001, 129693, 33.3, 60.4, 1.00
A, 651587, 353595, 839319, 872447, 349235, 144617, 516159, 129722, 33.3, 60.4, 1.00
A, 651339, 353590, 839024, 872289, 349209, 144569, 516192, 129617, 33.3, 60.4, 1.00
A, 651441, 353827, 839043, 872577, 349305, 144605, 516323, 129674, 33.3, 60.4, 1.00
A, 651069, 353879, 838265, 872224, 349332, 144547, 516323, 129545, 33.3, 60.4, 0.99
A, 651063, 353896, 838098, 872178, 349373, 144456, 516340, 129480, 33.3, 60.4, 1.01
A, 650840, 353998, 837780, 872161, 349389, 144492, 516423, 129476, 33.3, 60.4, 1.00
A, 650806, 353942, 837649, 872350, 349462, 144506, 516483, 129476, 33.3, 60.4, 1.00
A, 651184, 354088, 837969, 872696, 349542, 144530, 516570, 129524, 33.3, 60.4, 1.00
A, 651428, 354184, 838213, 873146, 349586, 144565, 516679, 129541, 33.3, 60.4, 1.00
A, 651520, 354204, 838012, 873165, 349719, 144525, 516891, 129540, 33.3, 60.4, 0.99
A, 651480, 354368, 837830, 873206, 349759, 144487, 516957, 129451, 33.3, 60.5, 1.00
A, 651551, 354357, 837912, 873621, 349823, 144461, 516980, 129476, 33.3, 60.5, 1.01
A, 651854, 354492, 838143, 874039, 349972, 144589, 517235, 129489, 33.3, 60.5, 1.01
A, 651878, 354537, 838126, 874081, 350045, 144606, 517273, 129506, 33.3, 60.5, 1.00
A, 652251, 354659, 838444, 874647, 350158, 144628, 517415, 129573, 33.3, 60.5, 0.99
A, 652485, 354749, 838277, 874739, 350242, 144639, 517610, 129514, 33.3, 60.5, 1.00
A, 652385, 354810, 838235, 874785, 350225, 144637, 517541, 129460, 33.3, 60.5, 1.00
A, 652302, 354773, 838175, 874993, 350300, 144613, 517676, 129498, 33.3, 60.5, 1.00
A, 652749, 354941, 838509, 875355, 350426, 144612, 517822, 129434, 33.3, 60.5, 0.99
A, 654093, 355203, 840479, 877405, 350736, 144919, 518216, 129779, 33.3, 60.5, 1.00
A, 654355, 355528, 840834, 877772, 350930, 144992, 518463, 129719, 33.3, 60.5, 1.00
A, 654339, 355610, 840655, 877607, 351008, 144944, 518523, 129692, 33.3, 60.5, 1.00
A, 654199, 355549, 840286, 877493, 351040, 144875, 518409, 129621, 33.3, 60.5, 0.99
A, 653934, 355626, 839825, 877414, 350986, 144900, 518459, 129615, 33.3, 60.5, 0.99
A, 653957, 355749, 839599, 877147, 351078, 144771, 518572, 129529, 33.3, 60.5, 1.00
A, 653090, 355713, 838770, 876906, 351028, 144809, 518494, 129507, 33.3, 60.5, 1.00
A, 653401, 355760, 838723, 876913, 351007, 144826, 518612, 129500, 33.3, 60.5, 0.99
A, 653458, 355725, 838653, 877055, 351038, 144789, 518656, 129412, 33.3, 60.5, 1.00
A, 653650, 355746, 838986, 877524, 351122, 144836, 518752, 129424, 33.3, 60.5, 1.01
A, 653849, 355847, 838760, 877734, 351201, 144837, 518798, 129466, 33.3, 60.5, 1.00
A, 653831, 355866, 839007, 877786, 351247, 144833, 518858, 129480, 33.3, 60.5, 1.00
A, 654214, 355978, 839373, 878233, 351380, 144936, 519096, 129543, 33.3, 60.5, 1.00
A, 654441, 356057, 839756, 878604, 351445, 144939, 519159, 129483, 33.3, 60.5, 1.00
A, 654282, 356080, 839450, 878638, 351475, 144908, 519271, 129503, 33.3, 60.5, 1.01
A, 654368, 356192, 839346, 878558, 351496, 144968, 519296, 129483, 33.3, 60.5, 0.99
A, 654520, 356214, 839616, 878973, 351535, 144962, 519347, 129466, 33.3, 60.5, 0.99
A, 654715, 356260, 839572, 879045, 351663, 144931, 519492, 129430, 33.3, 60.5, 1.00
A, 654648, 356289, 839446, 879027, 351671, 144909, 519495, 129428, 33.3, 60.5, 1.00
A, 654561, 356281, 839440, 879229, 351721, 144942, 519557, 129436, 33.3, 60.5, 1.00
A, 656425, 356655, 841857, 881642, 352134, 145321, 520036, 129773, 33.3, 60.6, 1.00
A, 656212, 356797, 841754, 881520, 352238, 145260, 520152, 129705, 33.3, 60.6, 1.00
A, 656341, 356824, 841826, 881625, 352285, 145303, 520148, 129717, 33.3, 60.6, 1.00
A, 656277, 356885, 841539, 881392, 352297, 145149, 520203, 129558, 33.3, 60.6, 1.00
A, 655973, 356896, 841220, 881200, 352222, 145212, 520135, 129521, 33.3, 60.6, 1.00
A, 656102, 356903, 841149, 881328, 352315, 145263, 520185, 129578, 33.3, 60.6, 1.00
A, 655697, 356896, 840709, 880998, 352346, 145184, 520207, 129444, 33.3, 60.6, 0.99
A, 655465, 356926, 840474, 880904, 352211, 145193, 520221, 129473, 33.3, 60.6, 1.00
A, 655356, 357019, 840298, 880727, 352323, 145124, 520257, 129379, 33.3, 60.6, 1.00
A, 655339, 356884, 840126, 880752, 352200, 145052, 520194, 129359, 33.3, 60.6, 0.99
A, 655467, 356866, 840392, 881116, 352304, 145171, 520353, 129468, 33.3, 60.6, 1.00
A, 655597, 356987, 840504, 881316, 352387, 145216, 520375, 129457, 33.3, 60.6, 1.00
A, 655636, 356960, 840419, 881244, 352359, 145154, 520504, 129422, 33.3, 60.6, 1.00
A, 655873, 356909, 840855, 881856, 352484, 145244, 520557, 129499, 33.3, 60.6, 1.00
A, 655892, 357051, 840921, 881826, 352550, 145223, 520621, 129435, 33.3, 60.6, 1.00
A, 655843, 356958, 840710, 881767, 352566, 145216, 520713, 129341, 33.3, 60.6, 1.00
A, 655762, 357015, 840665, 881904, 352511, 145251, 520697, 129369, 33.3, 60.6, 1.01
A, 655684, 357047, 840146, 881789, 352550, 145188, 520687, 129296, 33.3, 60.6, 1.00
A, 655723, 357065, 840548, 881984, 352630, 145174, 520804, 129410, 33.3, 60.6, 1.00
A, 656161, 357167, 840949, 882196, 352740, 145230, 520934, 129374, 33.3, 60.7, 1.00
A, 657445, 357421, 842995, 884215, 353036, 145525, 521259, 129624, 33.3, 60.7, 1.00
A, 657511, 357595, 843073, 884272, 353150, 145513, 521432, 129594, 33.3, 60.6, 1.00
A, 657170, 357512, 842569, 883784, 353110, 145472, 521295, 129534, 33.3, 60.6, 1.01
A, 657282, 357608, 842682, 884023, 353199, 145506, 521416, 129609, 33.3, 60.7, 1.00
A, 656984, 357572, 842421, 883755, 353136, 145520, 521397, 129480, 33.3, 60.7, 1.00
A, 656944, 357507, 842007, 883523, 353099, 145419, 521351, 129424, 33.3, 60.6, 1.00
A, 656863, 357509, 842086, 883794, 353134, 145445, 521379, 129429, 33.3, 60.6, 1.00
A, 656446, 357516, 841590, 883226, 353087, 145408, 521382, 129380, 33.3, 60.7, 1.00
A, 656209, 357387, 841329, 883253, 353028, 145362, 521298, 129390, 33.3, 60.7, 1.00
A, 656214, 357559, 840976, 883130, 353165, 145409, 521437, 129320, 33.3, 60.7, 1.00
A, 656152, 357477, 841139, 882983, 353072, 145358, 521399, 129246, 33.3, 60.7, 1.00
A, 656326, 357447, 841268, 883410, 353141, 145409, 521439, 129339, 33.3, 60.7, 1.01
A, 656493, 357538, 841377, 883448, 353158, 145382, 521496, 129306, 33.3, 60.7, 1.00
A, 656423, 357492, 841457, 883573, 353210, 145415, 521543, 129341, 33.3, 60.7, 1.00
A, 656739, 357489, 841941, 883999, 353349, 145489, 521664, 129371, 33.3, 60.7, 1.00
A, 656841, 357611, 841990, 883867, 353363, 145454, 521680, 129271, 33.3, 60.7, 1.01
A, 656678, 357614, 841930, 884008, 353346, 145425, 521749, 129293, 33.3, 60.7, 1.01
A, 656635, 357555, 841842, 884124, 353391, 145382, 521822, 129312, 33.3, 60.7, 1.00
A, 656877, 357724, 842138, 884422, 353489, 145486, 521827, 129378, 33.3, 60.7, 1.01
A, 656956, 357625, 842285, 884368, 353539, 145530, 521972, 129368, 33.3, 60.7, 1.00
A, 658682, 357990, 844868, 886908, 353887, 145819, 522437, 129729, 33.3, 60.7, 1.01
A, 658694, 358103, 844622, 886555, 353996, 145814, 522473, 129590, 33.3, 60.7, 1.00
A, 658362, 358122, 844119, 886185, 353884, 145742, 522372, 129509, 33.3, 60.7, 1.00
A, 657941, 358089, 843723, 886025, 353893, 145748, 522367, 129473, 33.3, 60.7, 0.99
A, 657966, 358079, 843913, 886156, 353944, 145777, 522449, 129421, 33.3, 60.7, 1.00
A, 657845, 358112, 843601, 886029, 353897, 145703, 522407, 129370, 33.3, 60.7, 1.01
A, 657961, 358186, 843648, 886005, 353965, 145711, 522464, 129364, 33.3, 60.7, 1.00
A, 657660, 358046, 843339, 885831, 353888, 145723, 522402, 129320, 33.3, 60.7, 1.00
A, 657472, 358163, 842935, 885415, 353950, 145722, 522449, 129323, 33.3, 60.7, 1.00
A, 657208, 358037, 842777, 885273, 353809, 145695, 522388, 129276, 33.3, 60.7, 1.00
A, 656931, 358048, 842511, 885117, 353839, 145600, 522402, 129230, 33.3, 60.8, 1.00
A, 656939, 357926, 842368, 885054, 353816, 145609, 522379, 129220, 33.3, 60.8, 1.00
A, 657139, 357981, 842824, 885570, 353873, 145667, 522462, 129245, 33.3, 60.8, 1.00
A, 657271, 357963, 842937, 885647, 353856, 145608, 522496, 129183, 33.4, 60.7, 1.00
A, 657145, 357989, 842766, 885465, 353770, 145658, 522517, 129221, 33.4, 60.7, 1.00
A, 657349, 358008, 843151, 885897, 353939, 145710, 522587, 129265, 33.4, 60.7, 1.01
A, 657592, 358035, 843048, 885914, 354036, 145707, 522693, 129246, 33.4, 60.7, 1.00
A, 657515, 358062, 843113, 885746, 354040, 145701, 522676, 129217, 33.3, 60.8, 1.00
A, 657376, 357993, 842922, 885906, 354068, 145670, 522714, 129195, 33.3, 60.8, 1.00
A, 657702, 358079, 843266, 886113, 354134, 145734, 522819, 129292, 33.3, 60.7, 0.99
A, 659039, 358255, 845277, 888240, 354418, 145994, 523169, 129556, 33.3, 60.7, 1.00
A, 659317, 358532, 845836, 888372, 354582, 146025, 523306, 129506, 33.4, 60.8, 1.00
A, 659105, 358521, 845473, 887993, 354555, 145955, 523269, 129493, 33.4, 60.8, 1.01
A, 658810, 358497, 845149, 887752, 354445, 145902, 523210, 129352, 33.4, 60.8, 1.00
A, 658530, 358389, 844807, 887625, 354436, 145971, 523158, 129385, 33.4, 60.8, 1.00
A, 658567, 358451, 844970, 887746, 354442, 145969, 523306, 129388, 33.4, 60.8, 1.00
A, 658523, 358471, 844891, 887538, 354521, 146005, 523226, 129424, 33.4, 60.8, 1.00
A, 658572, 358546, 844925, 887551, 354607, 145967, 523299, 129378, 33.4, 60.8, 1.00
A, 658407, 358518, 844697, 887418, 354435, 145944, 523257, 129275, 33.4, 60.8, 1.00
A, 657996, 358440, 844440, 887193, 354487, 145866, 523249, 129194, 33.4, 60.8, 1.00
A, 658046, 358349, 844019, 887270, 354416, 145891, 523258, 129227, 33.4, 60.8, 1.01
A, 658132, 358486, 844551, 887494, 354485, 145930, 523316, 129314, 33.4, 60.8, 1.00
A, 658257, 358465, 844577, 887542, 354517, 145968, 523375, 129328, 33.4, 60.8, 1.00
A, 658085, 358418, 844180, 887362, 354553, 145885, 523397, 129241, 33.4, 60.8, 1.01
A, 658025, 358340, 844204, 887178, 354486, 145863, 523371, 129175, 33.4, 60.8, 1.00
A, 658033, 358411, 844207, 887381, 354487, 145914, 523390, 129179, 33.4, 60.8, 1.00
A, 658069, 358374, 844178, 887329, 354552, 145873, 523393, 129149, 33.4, 60.8, 1.00
A, 658047, 358397, 844028, 887545, 354540, 145945, 523470, 129204, 33.4, 60.8, 1.00
A, 658445, 358514, 844807, 887991, 354683, 145989, 523592, 129333, 33.4, 60.8, 1.00
A, 658616, 358504, 844991, 887935, 354783, 145956, 523643, 129274, 33.4, 60.8, 0.99
A, 660163, 358799, 847318, 890115, 355013, 146219, 524038, 129575, 33.4, 60.8, 1.00
A, 659981, 358916, 847095, 890009, 355072, 146237, 524042, 129542, 33.4, 60.8, 1.01
A, 659704, 358849, 846700, 889756, 355075, 146230, 524061, 129422, 33.4, 60.8, 1.00
A, 659726, 358911, 846828, 889707, 355083, 146188, 524024, 129340, 33.4, 60.8, 1.01
A, 659783, 358962, 846630, 889474, 355065, 146244, 524080, 129381, 33.4, 60.8, 1.00
A, 659329, 358912, 846231, 889294, 355088, 146174, 524024, 129267, 33.4, 60.8, 1.00
A, 659300, 358827, 846149, 889156, 355018, 146152, 523993, 129334, 33.4, 60.8, 1.00
A, 659089, 358825, 845743, 889153, 355021, 146185, 523979, 129287, 33.4, 60.8, 1.00
A, 659045, 358879, 845921, 889021, 355035, 146105, 524068, 129267, 33.4, 60.8, 1.00
A, 659141, 358830, 845954, 888867, 355028, 146135, 524017, 129273, 33.4, 60.8, 1.00
A, 658718, 358804, 845287, 888622, 355007, 146057, 524021, 129118, 33.4, 60.8, 1.02
A, 658629, 358782, 845438, 888728, 354949, 146052, 523956, 129178, 33.4, 60.8, 0.99
A, 658955, 358810, 845695, 888942, 354955, 146092, 524030, 129239, 33.4, 60.8, 1.00
A, 659048, 358801, 845881, 889068, 355014, 146097, 524093, 129244, 33.4, 60.8, 1.00
A, 659140, 358867, 845931, 889138, 355071, 146115, 524108, 129193, 33.4, 60.8, 1.00
A, 659001, 358831, 845743, 889016, 355087, 146148, 524152, 129163, 33.4, 60.8, 1.00
A, 659050, 358820, 845959, 889112, 355079, 146143, 524191, 129178, 33.4, 60.8, 1.00
A, 659110, 358823, 846104, 889490, 355141, 146190, 524230, 129207, 33.4, 60.8, 1.00
A, 659126, 358840, 846114, 889522, 355126, 146139, 524271, 129237, 33.4, 60.8, 1.00
A, 659516, 358992, 846489, 889797, 355215, 146256, 524364, 129260, 33.4, 60.8, 1.01
A, 661300, 359186, 849113, 892063, 355617, 146459, 524809, 129579, 33.4, 60.8, 1.01
A, 660999, 359330, 848606, 891542, 355625, 146461, 524775, 129454, 33.4, 60.8, 1.00
A, 660807, 359348, 848519, 891541, 355587, 146478, 524757, 129378, 33.4, 60.8, 0.99
A, 660562, 359366, 848212, 891197, 355529, 146434, 524746, 129403, 33.4, 60.9, 1.00
A, 660494, 359347, 848051, 891329, 355572, 146441, 524699, 129413, 33.4, 60.9, 1.01
A, 660444, 359356, 848233, 891255, 355563, 146482, 524707, 129417, 33.4, 60.9, 1.00
A, 660424, 359416, 848134, 890873, 355518, 146437, 524678, 129365, 33.4, 60.9, 1.00
A, 660073, 359261, 847862, 890827, 355518, 146353, 524644, 129276, 33.4, 60.9, 1.00
A, 659871, 359249, 847664, 890814, 355471, 146451, 524593, 129233, 33.4, 60.9, 0.99
A, 659673, 359156, 847102, 890191, 355387, 146301, 524575, 129196, 33.4, 60.8, 1.00
A, 659262, 359131, 846899, 890045, 355383, 146332, 524542, 129241, 33.4, 60.8, 0.99
A, 659216, 359105, 846799, 889884, 355424, 146266, 524522, 129108, 33.4, 60.8, 0.99
A, 659142, 359038, 846756, 889863, 355325, 146240, 524496, 129076, 33.4, 60.8, 1.02
A, 659391, 359099, 847099, 890249, 355369, 146299, 524565, 129173, 33.4, 60.8, 1.00
A, 659526, 359054, 847202, 890431, 355430, 146312, 524636, 129125, 33.4, 60.9, 1.00
A, 659534, 359092, 847294, 890482, 355457, 146421, 524688, 129196, 33.4, 60.9, 1.00
A, 659798, 359152, 847744, 890994, 355551, 146391, 524748, 129198, 33.4, 60.8, 1.00
A, 660079, 359158, 847638, 890941, 355587, 146420, 524807, 129195, 33.4, 60.8, 1.00
A, 659217, 359007, 846845, 890050, 355443, 146262, 524629, 129055, 33.4, 60.9, 1.01
A, 659379, 359031, 846873, 890225, 355391, 146308, 524719, 129131, 33.4, 60.9, 1.00
A, 661366, 359345, 849756, 892770, 355841, 146632, 525210, 129500, 33.4, 60.9, 1.00
A, 661336, 359531, 849498, 892676, 355924, 146565, 525265, 129410, 33.4, 60.9, 1.00
A, 661191, 359552, 849556, 892528, 355923, 146660, 525214, 129448, 33.4, 60.9, 1.00
A, 660752, 359477, 849002, 891983, 355801, 146484, 525137, 129258, 33.4, 60.9, 1.00
A, 660636, 359494, 848731, 891917, 355851, 146465, 525133, 129198, 33.4, 60.9, 0.99
A, 660676, 359516, 848862, 892009, 355842, 146534, 525177, 129247, 33.4, 60.9, 1.01
A, 660523, 359513, 848753, 892055, 355816, 146522, 525149, 129242, 33.4, 60.9, 1.00
A, 660929, 359508, 848778, 892117, 355937, 146561, 525279, 129245, 33.4, 60.9, 0.99
A, 660627, 359502, 848730, 891845, 355896, 146517, 525164, 129172, 33.4, 60.9, 1.00
A, 660791, 359455, 848938, 892141, 355926, 146529, 525264, 129207, 33.4, 60.9, 1.00
A, 660469, 359501, 848501, 891809, 355857, 146466, 525226, 129142, 33.4, 60.9, 1.00
A, 660437, 359497, 848245, 891944, 355846, 146538, 525206, 129120, 33.4, 60.9, 1.00
A, 660399, 359600, 848321, 891660, 355913, 146477, 525230, 129107, 33.4, 60.9, 1.00
A, 660287, 359408, 848293, 891522, 355865, 146514, 525237, 129079, 33.4, 60.9, 1.00
A, 660552, 359497, 848645, 892082, 355898, 146498, 525273, 129180, 33.4, 60.9, 1.00
A, 660603, 359549, 848839, 892237, 355925, 146449, 525332, 129149, 33.4, 60.9, 1.00
A, 660359, 359616, 848196, 891761, 355926, 146488, 525349, 129135, 33.4, 60.9, 1.01
A, 660708, 359566, 848861, 892237, 355970, 146542, 525440, 129214, 33.4, 60.9, 1.00
A, 660778, 359629, 848784, 892223, 356010, 146540, 525469, 129168, 33.4, 60.9, 1.00
A, 660461, 359569, 848479, 892043, 356023, 146452, 525420, 129161, 33.4, 60.9, 1.00
A, 662077, 359802, 850895, 894302, 356269, 146783, 525838, 129406, 33.4, 60.9, 1.00
A, 662434, 359974, 851171, 894382, 356503, 146769, 525970, 129457, 33.4, 60.9, 1.00
A, 662164, 360071, 850892, 894241, 356439, 146848, 525898, 129391, 33.4, 60.9, 0.99
A, 662316, 360122, 851110, 894498, 356435, 146864, 525948, 129414, 33.4, 60.9, 1.00
A, 662275, 360135, 850769, 894244, 356442, 146739, 525931, 129346, 33.4, 60.9, 1.00
A, 661975, 360099, 850633, 893904, 356412, 146754, 525853, 129275, 33.4, 60.9, 0.99
A, 662152, 360149, 850630, 894015, 356391, 146857, 525901, 129373, 33.4, 60.9, 1.00
A, 661967, 360094, 850648, 893947, 356397, 146779, 525849, 129272, 33.4, 60.9, 1.00
A, 662026, 360179, 850518, 894009, 356455, 146814, 525874, 129350, 33.4, 60.9, 1.00
A, 662050, 360175, 850548, 893842, 356356, 146734, 525890, 129227, 33.4, 60.9, 1.00
A, 661873, 360145, 850551, 894018, 356361, 146768, 525819, 129220, 33.4, 60.9, 1.00
A, 661741, 360167, 850325, 893666, 356374, 146703, 525925, 129237, 33.4, 60.9, 0.99
A, 661462, 360037, 850015, 893626, 356279, 146718, 525830, 129241, 33.4, 60.9, 1.00
A, 661412, 360193, 849902, 893412, 356435, 146725, 525890, 129088, 33.4, 60.9, 1.00
A, 661354, 359989, 849521, 893310, 356280, 146713, 525793, 129128, 33.4, 60.9, 1.00
A, 661484, 359988, 850208, 893713, 356338, 146711, 525876, 129115, 33.4, 60.9, 1.00
A, 661647, 360020, 850295, 893743, 356339, 146705, 525877, 129169, 33.4, 60.9, 1.00
A, 661587, 360054, 850306, 893792, 356383, 146794, 525954, 129224, 33.4, 60.9, 1.00
A, 661893, 360117, 850521, 894189, 356491, 146820, 526023, 129184, 33.4, 60.9, 1.00
A, 662126, 360130, 850809, 894058, 356443, 146787, 526066, 129207, 33.4, 60.9, 1.00
A, 663536, 360338, 853090, 895936, 356803, 147032, 526370, 129510, 33.4, 60.9, 1.00
A, 663199, 360562, 852658, 895667, 356871, 147004, 526452, 129396, 33.4, 60.9, 0.99
A, 662861, 360423, 852115, 895354, 356692, 146951, 526326, 129320, 33.4, 60.9, 1.00
A, 662881, 360487, 852254, 895319, 356745, 146990, 526291, 129351, 33.4, 60.9, 1.00
A, 662909, 360457, 852229, 895331, 356711, 147031, 526365, 129394, 33.4, 60.9, 1.00
A, 662932, 360478, 852534, 895531, 356761, 147001, 526386, 129362, 33.4, 60.9, 1.00
A, 662746, 360413, 852213, 895255, 356723, 147020, 526380, 129293, 33.4, 60.9, 1.00
A, 662758, 360463, 852418, 895476, 356756, 147035, 526354, 129227, 33.4, 60.9, 1.00
A, 662577, 360365, 852102, 895362, 356756, 146969, 526343, 129264, 33.4, 60.9, 1.00
A, 662768, 360529, 852442, 895516, 356827, 147089, 526367, 129348, 33.4, 60.9, 1.00
A, 662842, 360505, 852439, 895189, 356763, 146987, 526383, 129256, 33.4, 60.9, 1.00
A, 662616, 360446, 852204, 895221, 356767, 147059, 526376, 129230, 33.4, 60.9, 1.00
A, 662336, 360485, 851757, 894829, 356764, 146970, 526390, 129188, 33.4, 60.9, 1.00
A, 662254, 360364, 851646, 894780, 356635, 146957, 526274, 129239, 33.4, 60.9, 1.00
A, 662406, 360385, 851875, 895217, 356732, 147039, 526389, 129255, 33.4, 60.9, 1.01
A, 662545, 360435, 851974, 895292, 356720, 147016, 526439, 129257, 33.5, 60.9, 1.00
A, 662746, 360501, 852536, 895419, 356825, 147008, 526474, 129235, 33.5, 60.9, 1.00
A, 662530, 360558, 852290, 895126, 356765, 146952, 526480, 129151, 33.4, 60.9, 1.00
A, 662515, 360461, 852224, 895289, 356768, 147042, 526492, 129213, 33.4, 60.9, 1.00
A, 662762, 360547, 852615, 895677, 356818, 147066, 526601, 129222, 33.4, 60.9, 1.00
M, 660972, 360367, 848936, 891809, 356609, 146507, 526114, 128454, 33.4, 60.9, 0.05
M, 652638, 358578, 837347, 882266, 354295, 145161, 523404, 126955, 33.5, 60.9, 0.69
M, 645104, 356294, 826094, 872747, 352021, 143705, 520615, 125496, 33.5, 60.9, 0.76
M, 639469, 354411, 817207, 865297, 350231, 142607, 518777, 124409, 33.5, 60.8, 0.83
M, 634951, 352944, 809918, 859472, 348961, 141695, 517531, 123663, 33.5, 60.8, 0.90
M, 631682, 351857, 803828, 854792, 347937, 140800, 516689, 123011, 33.5, 60.7, 0.93
M, 628922, 350922, 797642, 850254, 347122, 139966, 515994, 122405, 33.5, 60.7, 0.96
M, 627019, 350185, 792882, 847051, 346507, 139315, 515562, 121926, 33.5, 60.6, 0.97
M, 626099, 349601, 789620, 845468, 346242, 138838, 515321, 121635, 33.5, 60.6, 0.98
M, 625573, 349099, 786584, 844089, 346011, 138433, 515331, 121429, 33.5, 60.4, 0.98
M, 625686, 348788, 784369, 843460, 345950, 138109, 515277, 121355, 33.5, 60.4, 0.98
M, 625849, 348337, 781837, 842746, 345821, 137690, 515343, 121083, 33.5, 60.3, 1.00
M, 626084, 347888, 780261, 842696, 345811, 137476, 515435, 121046, 33.5, 60.3, 1.00
M, 626567, 347490, 778241, 842704, 345869, 137181, 515625, 120901, 33.5, 60.3, 0.99
M, 627115, 347173, 777473, 843445, 345815, 137080, 515792, 120920, 33.5, 60.3, 1.00
M, 628229, 347068, 777105, 844436, 346056, 136969, 516134, 120980, 33.5, 60.3, 1.00
M, 629263, 346858, 776521, 845295, 346249, 136854, 516463, 120998, 33.5, 60.2, 1.00
M, 630407, 346586, 776032, 846407, 346462, 136746, 516805, 121041, 33.5, 60.2, 1.00
M, 631196, 346338, 775355, 847249, 346598, 136657, 517173, 121054, 33.5, 60.1, 0.99
M, 632040, 346145, 774963, 848328, 346870, 136600, 517512, 121124, 33.5, 60.1, 1.00
M, 634807, 346340, 777451, 851820, 347543, 136871, 518406, 121456, 33.5, 60.1, 1.00
M, 635788, 346373, 777263, 852740, 347809, 136841, 518837, 121517, 33.5, 60.1, 1.00
M, 636799, 346406, 777231, 854024, 348144, 136850, 519267, 121563, 33.5, 60.1, 1.00
M, 637791, 346379, 777067, 855031, 348462, 136819, 519754, 121592, 33.5, 60.1, 1.01
M, 638413, 346293, 776709, 855751, 348590, 136813, 520042, 121580, 33.5, 60.1, 1.00
M, 639184, 346272, 776408, 857062, 348958, 136823, 520502, 121724, 33.5, 60.1, 1.00
M, 639961, 346290, 776797, 858114, 349285, 136863, 520917, 121685, 33.5, 60.0, 1.00
M, 640992, 346415, 777027, 859288, 349604, 136963, 521396, 121859, 33.5, 60.0, 1.00
M, 641863, 346502, 777281, 860444, 349914, 136960, 521828, 121891, 33.5, 59.9, 1.01
M, 642946, 346624, 777638, 861937, 350347, 137007, 522365, 121953, 33.5, 59.9, 1.00
M, 643475, 346759, 777567, 862678, 350661, 137047, 522742, 121970, 33.5, 59.9, 1.00
M, 644382, 346919, 777890, 863856, 350949, 137117, 523220, 122117, 33.5, 59.9, 1.00
M, 645039, 347047, 777787, 864691, 351347, 137164, 523719, 122076, 33.5, 59.9, 0.99
M, 645702, 347079, 777698, 865291, 351519, 137060, 524017, 122064, 33.5, 59.9, 1.00
M, 646164, 347300, 777675, 866383, 351965, 137110, 524481, 122159, 33.5, 59.9, 1.01
M, 646592, 347242, 777453, 867073, 352058, 137144, 524713, 122092, 33.5, 59.9, 1.00
M, 647371, 347522, 777942, 868088, 352390, 137199, 525121, 122224, 33.5, 59.9, 0.99
M, 648154, 347638, 778171, 868980, 352711, 137327, 525560, 122252, 33.5, 59.9, 1.01
M, 648899, 347849, 778543, 869817, 353115, 137258, 526026, 122278, 33.5, 59.9, 0.99
M, 649314, 348005, 778617, 870724, 353261, 137350, 526312, 122339, 33.5, 59.9, 1.00
M, 652105, 348551, 781548, 874147, 354060, 137668, 527262, 122749, 33.5, 59.9, 1.00
M, 652475, 348825, 781492, 874578, 354342, 137600, 527539, 122725, 33.5, 59.8, 1.00
M, 652905, 349003, 781309, 875343, 354626, 137785, 527937, 122708, 33.5, 59.8, 1.01
M, 653271, 349207, 781437, 875840, 354750, 137761, 528206, 122795, 33.5, 59.8, 0.99
M, 653640, 349337, 781347, 876290, 355023, 137760, 528479, 122691, 33.5, 59.8, 1.00
M, 653884, 349564, 781114, 876607, 355230, 137750, 528786, 122616, 33.5, 59.8, 1.00
M, 653918, 349612, 781019, 877382, 355405, 137758, 529018, 122719, 33.5, 59.8, 1.01
M, 654649, 349959, 781355, 878203, 355679, 137809, 529370, 122766, 33.5, 59.8, 1.00
M, 655069, 350040, 781386, 878697, 355905, 137842, 529652, 122817, 33.5, 59.8, 1.00
M, 655615, 350284, 781763, 879613, 356140, 137940, 530007, 122858, 33.5, 59.8, 1.00
M, 656077, 350501, 781694, 880024, 356403, 137877, 530331, 122905, 33.5, 59.8, 1.00
M, 656287, 350685, 781665, 880424, 356568, 137948, 530589, 122890, 33.5, 59.8, 1.00
M, 656878, 350765, 781805, 881385, 356801, 137983, 530872, 122929, 33.5, 59.8, 1.00
M, 657011, 351029, 781886, 881698, 357090, 137956, 531166, 122935, 33.5, 59.8, 0.99
M, 657442, 351188, 781941, 882299, 357168, 138022, 531353, 122985, 33.5, 59.8, 0.99
M, 657889, 351401, 782113, 882836, 357451, 137992, 531727, 122956, 33.5, 59.7, 1.00
M, 658125, 351498, 782229, 883352, 357537, 138091, 531858, 123017, 33.5, 59.7, 1.00
M, 658769, 351645, 782703, 884145, 357814, 138092, 532196, 123083, 33.5, 59.7, 1.01
M, 659121, 351815, 782867, 884801, 357999, 138189, 532448, 123070, 33.5, 59.7, 0.99
M, 659464, 352035, 783083, 885494, 358234, 138243, 532703, 123139, 33.5, 59.7, 1.00
M, 661706, 352509, 785919, 888442, 358767, 138530, 533414, 123439, 33.5, 59.7, 1.00
M, 662126, 352934, 785975, 888752, 359054, 138569, 533764, 123419, 33.5, 59.7, 1.00
M, 662144, 353013, 785768, 888973, 359188, 138546, 533838, 123409, 33.5, 59.7, 0.99
M, 662069, 353133, 785514, 889157, 359220, 138550, 534024, 123337, 33.5, 59.7, 1.00
M, 662469, 353298, 785758, 889770, 359440, 138583, 534246, 123348, 33.5, 59.7, 0.99
M, 662734, 353423, 785767, 889918, 359612, 138540, 534422, 123298, 33.5, 59.7, 1.00
M, 662777, 353597, 785436, 890097, 359708, 138566, 534577, 123295, 33.5, 59.7, 0.99
M, 663007, 353712, 785666, 890617, 359887, 138611, 534783, 123445, 33.5, 59.7, 1.01
M, 663249, 353894, 785887, 891054, 360027, 138621, 535011, 123334, 33.5, 59.7, 1.00
M, 663589, 354048, 786131, 891780, 360105, 138708, 535275, 123476, 33.5, 59.7, 1.01
M, 663801, 354212, 786265, 892199, 360265, 138754, 535444, 123459, 33.5, 59.7, 1.00
M, 664397, 354449, 786717, 892690, 360541, 138776, 535696, 123518, 33.5, 59.7, 1.00
M, 664391, 354499, 786498, 892892, 360642, 138785, 535912, 123478, 33.5, 59.7, 1.00
M, 664437, 354643, 786441, 893227, 360722, 138761, 535969, 123525, 33.5, 59.7, 1.00
M, 664811, 354765, 786621, 893555, 360980, 138842, 536225, 123451, 33.5, 59.7, 0.99
M, 664836, 354833, 786714, 894059, 361041, 138873, 536320, 123500, 33.5, 59.7, 1.00
M, 664962, 355093, 786489, 894138, 361243, 138859, 536610, 123497, 33.5, 59.7, 1.00
M, 665045, 355070, 786406, 894260, 361193, 138812, 536622, 123460, 33.5, 59.7, 1.00
M, 665433, 355179, 787002, 895077, 361403, 138883, 536910, 123562, 33.5, 59.7, 1.00
M, 665597, 355254, 786763, 895419, 361502, 138935, 537058, 123525, 33.5, 59.7, 1.00
M, 666933, 355545, 788685, 897282, 361831, 139163, 537467, 123805, 33.5, 59.7, 1.00
M, 667680, 355911, 789273, 897978, 362180, 139156, 537783, 123851, 33.5, 59.7, 1.00
M, 667817, 356088, 789528, 898232, 362289, 139188, 537990, 123821, 33.5, 59.7, 1.00
M, 667855, 356113, 789403, 898421, 362346, 139239, 538136, 123797, 33.5, 59.7, 0.99
M, 667837, 356205, 789254, 898437, 362391, 139277, 538148, 123742, 33.5, 59.7, 1.00
M, 668228, 356349, 789712, 899061, 362623, 139270, 538398, 123837, 33.5, 59.7, 1.00
M, 668276, 356440, 789645, 899428, 362703, 139374, 538489, 123844, 33.5, 59.7, 1.00
M, 668714, 356614, 790107, 900113, 362818, 139404, 538741, 123948, 33.5, 59.6, 1.01
M, 668908, 356807, 790447, 900526, 362993, 139396, 538903, 123892, 33.5, 59.6, 0.99
M, 668984, 356885, 790095, 900563, 362953, 139368, 539029, 123802, 33.6, 59.6, 1.00
M, 669113, 356967, 790521, 900980, 363182, 139463, 539113, 123879, 33.6, 59.6, 1.01
M, 669291, 357040, 790558, 901206, 363240, 139439, 539308, 123886, 33.5, 59.6, 1.01
M, 669685, 357216, 790999, 901590, 363339, 139524, 539432, 123895, 33.5, 59.6, 1.00
M, 669609, 357277, 790811, 901636, 363432, 139511, 539557, 123906, 33.6, 59.6, 1.00
M, 669865, 357367, 791141, 902095, 363553, 139556, 539728, 123895, 33.6, 59.6, 1.00
M, 669726, 357420, 790697, 902000, 363687, 139509, 539848, 123872, 33.6, 59.6, 1.00
M, 669694, 357398, 790845, 902239, 363621, 139528, 539850, 123903, 33.6, 59.6, 1.00
M, 669727, 357592, 790793, 902108, 363793, 139545, 540044, 123888, 33.6, 59.6, 0.98
M, 669687, 357493, 790731, 902326, 363774, 139506, 540013, 123833, 33.6, 59.6, 1.00
M, 670087, 357647, 791227, 903048, 363898, 139561, 540218, 123934, 33.6, 59.6, 1.01
M, 671914, 357934, 793612, 905387, 364300, 139882, 540693, 124271, 33.6, 59.6, 0.99
M, 671928, 358221, 793656, 905325, 364498, 139877, 540886, 124149, 33.6, 59.6, 1.00
M, 672182, 358303, 793930, 905855, 364650, 139917, 541033, 124235, 33.6, 59.6, 1.01
M, 672047, 358318, 793765, 905768, 364617, 139899, 541121, 124143, 33.6, 59.6, 1.01
M, 672039, 358389, 793643, 905777, 364654, 139879, 541182, 124112, 33.6, 59.6, 1.01
M, 671874, 358471, 793564, 905848, 364701, 139904, 541183, 124088, 33.6, 59.6, 0.99
M, 672055, 358498, 793438, 906209, 364825, 139985, 541366, 124158, 33.6, 59.6, 1.01
M, 672138, 358572, 793682, 906283, 364843, 140009, 541468, 124143, 33.6, 59.6, 1.01
M, 672496, 358751, 794089, 906705, 365036, 140044, 541647, 124209, 33.6, 59.6, 1.00
M, 672547, 358799, 794367, 906922, 365107, 140044, 541747, 124202, 33.6, 59.6, 1.01
M, 672517, 358761, 794167, 906932, 365151, 140069, 541786, 124156, 33.6, 59.6, 1.00
M, 672795, 358912, 794585, 907345, 365253, 140175, 541906, 124216, 33.6, 59.6, 1.01
M, 672793, 359007, 794691, 907559, 365267, 140084, 542026, 124202, 33.6, 59.6, 0.99
M, 673100, 359050, 794981, 907992, 365405, 140195, 542152, 124244, 33.6, 59.6, 1.00
M, 673359, 359148, 795017, 907997, 365514, 140182, 542235, 124211, 33.6, 59.6, 1.00
M, 673006, 359153, 794904, 908073, 365529, 140184, 542282, 124223, 33.6, 59.6, 1.00
M, 672941, 359239, 794798, 908077, 365647, 140163, 542423, 124208, 33.6, 59.6, 0.99
M, 672847, 359159, 794745, 908120, 365521, 140188, 542437, 124192, 33.6, 59.6, 0.99
M, 672821, 359304, 794351, 908092, 365663, 140167, 542562, 124142, 33.6, 59.6, 1.00
M, 672934, 359243, 794625, 908095, 365665, 140179, 542573, 124119, 33.6, 59.6, 1.00
M, 674711, 359616, 797117, 910639, 366097, 140441, 543084, 124491, 33.6, 59.6, 1.01
M, 674781, 359752, 797119, 910576, 366198, 140444, 543203, 124401, 33.6, 59.6, 1.01
M, 674507, 359713, 796724, 910481, 366187, 140387, 543209, 124377, 33.6, 59.6, 1.00
M, 674674, 359748, 797158, 910756, 366253, 140533, 543362, 124409, 33.6, 59.6, 1.00
M, 674741, 359855, 797094, 910561, 366324, 140461, 543323, 124354, 33.6, 59.6, 1.00
M, 674603, 359888, 797082, 910754, 366391, 140459, 543374, 124358, 33.6, 59.6, 1.00
M, 674464, 359892, 796966, 910798, 366322, 140516, 543451, 124381, 33.6, 59.6, 1.00
M, 674701, 359944, 797349, 911291, 366492, 140544, 543608, 124427, 33.6, 59.6, 1.01
M, 674795, 359976, 797447, 911239, 366478, 140632, 543626, 124480, 33.6, 59.6, 1.00
M, 675085, 360091, 797946, 911835, 366628, 140599, 543776, 124439, 33.6, 59.6, 0.99
M, 675234, 360233, 797954, 911784, 366682, 140656, 543870, 124442, 33.6, 59.6, 1.01
M, 675132, 360211, 797752, 911698, 366640, 140620, 543823, 124379, 33.6, 59.6, 1.00
M, 675241, 360220, 798149, 912258, 366806, 140707, 543986, 124481, 33.6, 59.6, 1.01
M, 675047, 360176, 797987, 912016, 366824, 140646, 544034, 124456, 33.6, 59.5, 1.00
M, 675335, 360326, 798238, 912453, 366904, 140686, 544161, 124472, 33.6, 59.5, 1.00
M, 675492, 360380, 798497, 912402, 366920, 140689, 544282, 124448, 33.6, 59.6, 1.00
M, 675282, 360347, 798515, 912585, 366979, 140692, 544255, 124413, 33.6, 59.6, 1.00
M, 675195, 360373, 798136, 912269, 366961, 140666, 544316, 124369, 33.6, 59.6, 0.99
M, 675251, 360337, 798305, 912442, 367037, 140717, 544325, 124382, 33.6, 59.6, 1.00
M, 675564, 360439, 798757, 912976, 367119, 140775, 544449, 124502, 33.6, 59.6, 1.00
M, 677302, 360683, 801427, 915371, 367486, 141077, 544978, 124802, 33.6, 59.6, 0.99
M, 677517, 361033, 801564, 915348, 367634, 141018, 545121, 124697, 33.6, 59.6, 0.99
M, 677385, 361000, 801295, 915215, 367646, 141004, 545136, 124629, 33.6, 59.5, 1.00
M, 677095, 360914, 801057, 915184, 367660, 141086, 545075, 124666, 33.6, 59.5, 0.99
M, 677132, 361016, 801257, 915403, 367686, 141118, 545196, 124682, 33.6, 59.6, 1.00
M, 677077, 361055, 801346, 915183, 367663, 141086, 545154, 124713, 33.6, 59.6, 1.00
M, 677244, 361117, 801680, 915716, 367857, 141141, 545319, 124757, 33.6, 59.5, 1.01
M, 677258, 361169, 801641, 915604, 367822, 141122, 545428, 124686, 33.6, 59.5, 1.00
M, 677238, 361130, 801441, 915498, 367821, 141106, 545446, 124690, 33.6, 59.5, 1.00
M, 677116, 361134, 801484, 915675, 367859, 141149, 545449, 124624, 33.6, 59.5, 1.00
M, 677241, 361225, 801824, 915885, 367920, 141187, 545520, 124727, 33.6, 59.5, 1.00
M, 677218, 361241, 801880, 915910, 367875, 141194, 545580, 124733, 33.6, 59.5, 1.00
M, 677576, 361297, 802258, 916207, 368006, 141198, 545667, 124698, 33.6, 59.5, 1.00
M, 677301, 361337, 802131, 916262, 368037, 141268, 545768, 124686, 33.6, 59.5, 1.00
M, 677394, 361311, 802460, 916517, 368098, 141285, 545821, 124717, 33.6, 59.5, 1.00
M, 677501, 361387, 802452, 916238, 368095, 141323, 545876, 124702, 33.6, 59.5, 1.00
M, 677475, 361481, 802228, 916344, 368178, 141226, 545942, 124673, 33.6, 59.5, 1.00
M, 677366, 361333, 802387, 916366, 368145, 141255, 545925, 124704, 33.6, 59.5, 1.00
M, 677162, 361441, 802269, 916222, 368183, 141252, 545965, 124623, 33.6, 59.5, 1.00
M, 677187, 361349, 802348, 916427, 368156, 141216, 545961, 124574, 33.6, 59.5, 1.00
M, 678990, 361663, 804897, 918759, 368503, 141550, 546435, 124953, 33.6, 59.5, 1.00
M, 679020, 361865, 804972, 918767, 368654, 141631, 546564, 124988, 33.6, 59.5, 1.00
M, 678895, 361869, 804433, 918397, 368727, 141584, 546593, 124843, 33.6, 59.5, 1.00
M, 678653, 361886, 804132, 918049, 368617, 141484, 546565, 124808, 33.6, 59.5, 0.99
M, 678264, 361788, 804197, 917966, 368583, 141482, 546470, 124787, 33.6, 59.5, 1.00
M, 678552, 361859, 804463, 918185, 368631, 141529, 546607, 124825, 33.6, 59.5, 0.99
M, 678337, 361747, 804367, 918077, 368668, 141540, 546553, 124817, 33.6, 59.5, 1.00
M, 678597, 361884, 804602, 918544, 368757, 141606, 546771, 124883, 33.6, 59.5, 1.00
M, 678689, 361866, 804841, 918264, 368720, 141552, 546751, 124766, 33.6, 59.5, 0.99
M, 678447, 361796, 804762, 918270, 368721, 141555, 546788, 124808, 33.6, 59.5, 1.00
M, 678204, 361789, 804632, 918225, 368680, 141561, 546734, 124800, 33.6, 59.5, 1.00
M, 678413, 361869, 804999, 918522, 368746, 141594, 546841, 124847, 33.6, 59.5, 1.00
M, 678481, 361778, 805083, 918491, 368836, 141641, 546883, 124825, 33.6, 59.5, 1.00
M, 678769, 361922, 805646, 919109, 368888, 141633, 546956, 124893, 33.6, 59.5, 1.01
M, 678897, 361969, 805654, 919067, 368975, 141644, 547093, 124874, 33.6, 59.5, 1.00
M, 678784, 361932, 805639, 918970, 368948, 141637, 547048, 124814, 33.6, 59.5, 1.00
M, 678741, 361926, 805707, 919165, 368988, 141712, 547154, 124874, 33.6, 59.5, 0.99
M, 678660, 361991, 805568, 918962, 369099, 141703, 547138, 124764, 33.6, 59.5, 1.00
M, 677820, 361802, 804509, 918153, 368796, 141604, 546917, 124743, 33.6, 59.5, 1.00
M, 678097, 361893, 804766, 918414, 368999, 141643, 547133, 124736, 33.6, 59.5, 1.01
M, 679482, 362017, 806898, 920255, 369173, 141854, 547455, 124988, 33.6, 59.5, 1.00
M, 679855, 362180, 807298, 920579, 369403, 141900, 547637, 125075, 33.6, 59.5, 1.00
M, 679854, 362298, 807424, 920599, 369402, 141883, 547690, 125023, 33.7, 59.5, 1.00
M, 679457, 362238, 806725, 920266, 369381, 141894, 547657, 124979, 33.7, 59.5, 1.00
M, 678794, 362313, 806638, 920058, 369354, 141898, 547650, 124901, 33.6, 59.5, 1.00
M, 679597, 362268, 807332, 920372, 369493, 141886, 547715, 124932, 33.6, 59.5, 1.00
M, 679553, 362328, 807290, 920457, 369415, 141896, 547764, 124912, 33.6, 59.5, 1.00
M, 679425, 362293, 807319, 920538, 369415, 141917, 547765, 124946, 33.6, 59.5, 1.00
M, 679822, 362337, 807856, 920936, 369581, 142019, 547958, 125026, 33.6, 59.5, 1.00
M, 679952, 362367, 807793, 920951, 369637, 141989, 548035, 124946, 33.6, 59.5, 1.00
M, 679890, 362382, 807868, 920864, 369683, 141967, 547977, 124993, 33.7, 59.5, 1.00
M, 679799, 362346, 807848, 921009, 369577, 141933, 548034, 124941, 33.7, 59.5, 1.00
M, 680133, 362463, 808268, 921296, 369744, 142053, 548132, 124987, 33.7, 59.5, 1.00
M, 680155, 362508, 808258, 921579, 369767, 142090, 548228, 125045, 33.7, 59.5, 0.99
M, 680369, 362540, 808929, 921994, 369849, 142106, 548295, 125084, 33.7, 59.5, 1.00
M, 680630, 362608, 809145, 921808, 369903, 142037, 548414, 125030, 33.7, 59.5, 0.99
M, 680360, 362566, 808988, 921828, 369901, 142053, 548373, 124973, 33.7, 59.5, 1.00
M, 680338, 362663, 808993, 921843, 369938, 142138, 548412, 125071, 33.7, 59.5, 1.00
M, 680176, 362669, 808693, 921629, 369902, 142112, 548446, 125020, 33.7, 59.5, 1.00
M, 680068, 362626, 808789, 921623, 369849, 142111, 548444, 125051, 33.7, 59.5, 1.01
M, 682289, 363047, 811852, 924475, 370435, 142494, 549043, 125358, 33.7, 59.5, 1.00
M, 682207, 363122, 811664, 924128, 370426, 142369, 549076, 125303, 33.7, 59.5, 1.00
M, 682069, 363198, 811754, 924333, 370457, 142467, 549069, 125272, 33.7, 59.5, 1.00
M, 681846, 363135, 811539, 924077, 370423, 142385, 549045, 125232, 33.7, 59.5, 1.00
M, 681644, 363222, 811282, 923893, 370417, 142450, 549014, 125290, 33.7, 59.5, 1.00
M, 681826, 363215, 811667, 924192, 370470, 142444, 549143, 125344, 33.7, 59.5, 1.01
M, 681940, 363182, 811566, 924092, 370459, 142469, 549188, 125212, 33.7, 59.5, 1.00
M, 681781, 363318, 811747, 923923, 370428, 142458, 549145, 125220, 33.7, 59.5, 1.00
M, 681655, 363258, 811517, 923888, 370400, 142500, 549133, 125158, 33.7, 59.5, 1.00
M, 681854, 363263, 811913, 924165, 370462, 142514, 549222, 125205, 33.7, 59.5, 0.99
M, 681732, 363245, 811722, 924193, 370473, 142528, 549164, 125210, 33.7, 59.5, 1.00
M, 682020, 363368, 812490, 924502, 370614, 142556, 549332, 125298, 33.7, 59.5, 1.00
M, 682104, 363457, 812734, 924623, 370567, 142587, 549366, 125295, 33.7, 59.5, 1.00
M, 682006, 363358, 812566, 924567, 370561, 142519, 549375, 125261, 33.7, 59.5, 1.00
M, 682043, 363395, 812755, 924675, 370598, 142678, 549356, 125279, 33.7, 59.5, 0.99
M, 682011, 363358, 812764, 924690, 370663, 142554, 549403, 125208, 33.7, 59.5, 1.00
M, 682250, 363476, 812706, 924679, 370731, 142679, 549408, 125263, 33.7, 59.5, 1.00
M, 681950, 363378, 812822, 924491, 370651, 142624, 549472, 125192, 33.7, 59.5, 1.00
M, 682119, 363446, 813097, 924860, 370691, 142684, 549484, 125181, 33.7, 59.5, 1.00
M, 681759, 363439, 812844, 924418, 370701, 142620, 549510, 125213, 33.7, 59.5, 1.00
M, 682945, 363532, 814319, 926091, 370830, 142820, 549728, 125456, 33.7, 59.5, 1.00
M, 682804, 363718, 814272, 925535, 370990, 142746, 549844, 125328, 33.7, 59.5, 1.00
M, 682588, 363646, 814108, 925433, 370869, 142683, 549772, 125318, 33.7, 59.5, 1.00
M, 682651, 363651, 814322, 925635, 370915, 142803, 549789, 125356, 33.7, 59.5, 1.00
M, 682505, 363561, 814220, 925496, 370848, 142798, 549782, 125293, 33.7, 59.5, 1.00
M, 682476, 363640, 814145, 925394, 370891, 142815, 549727, 125359, 33.7, 59.5, 1.00
M, 682630, 363699, 814626, 925623, 370894, 142810, 549853, 125339, 33.7, 59.5, 1.00
M, 682549, 363692, 814572, 925502, 370929, 142827, 549888, 125327, 33.7, 59.5, 1.00
M, 682333, 363606, 814322, 925358, 370930, 142785, 549841, 125317, 33.7, 59.5, 1.00
M, 682277, 363597, 814507, 925541, 370924, 142792, 549862, 125264, 33.7, 59.5, 1.00
M, 682469, 363631, 814803, 925778, 370966, 142797, 549969, 125287, 33.7, 59.5, 1.00
M, 682329, 363558, 814730, 925661, 371013, 142841, 549960, 125293, 33.7, 59.5, 1.00
M, 682743, 363695, 815197, 925996, 371006, 142845, 550081, 125274, 33.7, 59.5, 1.00
M, 682584, 363668, 815084, 925771, 370998, 142838, 549973, 125308, 33.7, 59.5, 1.00
M, 682553, 363669, 815194, 925718, 370996, 142821, 550060, 125293, 33.7, 59.5, 0.99
M, 682739, 363672, 815399, 926094, 371049, 142909, 550116, 125333, 33.7, 59.5, 1.00
M, 682752, 363680, 815617, 926091, 371109, 142914, 550158, 125334, 33.7, 59.5, 1.00
M, 682725, 363698, 815568, 926217, 371140, 142967, 550176, 125380, 33.7, 59.5, 1.00
M, 682958, 363791, 816011, 926387, 371249, 143010, 550288, 125384, 33.7, 59.5, 1.00
M, 682904, 363796, 816286, 926460, 371241, 142990, 550249, 125348, 33.7, 59.5, 1.00
A, 691292, 365054, 828042, 936990, 372927, 144405, 552304, 127081, 33.7, 59.5, 0.00
A, 698206, 366776, 838202, 946735, 374691, 145769, 554162, 128533, 33.7, 59.5, 0.65
A, 706616, 369385, 850500, 957344, 376809, 147276, 556248, 129911, 33.7, 59.5, 0.78
A, 710494, 370683, 856106, 962260, 377694, 148047, 557236, 130552, 33.7, 59.5, 0.81
A, 713891, 372163, 862363, 967210, 378697, 148916, 558263, 131124, 33.7, 59.5, 0.89
A, 716723, 373487, 867339, 970923, 379551, 149715, 559091, 131653, 33.7, 59.5, 0.93
A, 718406, 374629, 871150, 973472, 380079, 150293, 559646, 131927, 33.7, 59.5, 0.96
A, 719919, 375689, 874756, 975808, 380655, 150942, 560173, 132239, 33.7, 59.5, 0.97
A, 720835, 376744, 877450, 976911, 381001, 151409, 560414, 132349, 33.7, 59.5, 0.98
A, 720936, 377471, 879558, 977374, 381104, 151753, 560454, 132427, 33.7, 59.5, 0.99
A, 720908, 378124, 881239, 978002, 381190, 152009, 560421, 132501, 33.7, 59.5, 1.00
A, 720638, 378674, 882616, 978049, 381204, 152339, 560271, 132536, 33.7, 59.5, 0.99
A, 720279, 379086, 883579, 977540, 381171, 152583, 560053, 132524, 33.7, 59.5, 1.00
A, 719763, 379534, 884761, 977334, 381072, 152824, 559887, 132595, 33.7, 59.6, 0.99
A, 719000, 379978, 885581, 976530, 380913, 153017, 559572, 132576, 33.7, 59.6, 1.00
A, 718052, 380193, 886102, 975657, 380691, 153096, 559228, 132465, 33.7, 59.6, 1.00
A, 717389, 380427, 887012, 975192, 380533, 153285, 558918, 132484, 33.7, 59.6, 1.00
A, 716571, 380684, 887508, 974354, 380310, 153354, 558500, 132463, 33.7, 59.6, 1.00
A, 715398, 380758, 887541, 973028, 379933, 153510, 558060, 132403, 33.7, 59.6, 1.00
A, 714745, 380893, 888326, 972066, 379698, 153529, 557712, 132375, 33.7, 59.6, 1.00
A, 715257, 381100, 890693, 973225, 379664, 153902, 557661, 132620, 33.7, 59.6, 1.00
A, 713859, 381371, 890520, 971380, 379392, 153967, 557142, 132454, 33.7, 59.6, 1.00
A, 712645, 381188, 890045, 969998, 378927, 153861, 556643, 132347, 33.7, 59.6, 1.00
A, 711780, 381127, 890316, 969222, 378670, 153933, 556277, 132376, 33.7, 59.6, 0.99
A, 710803, 381061, 890087, 967962, 378272, 153981, 555788, 132335, 33.7, 59.6, 0.99
A, 709803, 380879, 890717, 966609, 377919, 153882, 555376, 132213, 33.7, 59.6, 1.00
A, 708663, 380733, 890570, 965228, 377603, 153918, 554909, 132108, 33.7, 59.7, 1.00
A, 707574, 380608, 890274, 964211, 377258, 153944, 554422, 132076, 33.7, 59.7, 1.00
A, 706751, 380449, 890718, 963416, 376960, 153995, 554056, 132070, 33.7, 59.7, 1.00
A, 705327, 380189, 889625, 961414, 376507, 153869, 553488, 131889, 33.7, 59.7, 1.00
A, 704851, 380044, 890336, 960830, 376275, 153931, 553223, 131915, 33.7, 59.7, 0.99
A, 703991, 379765, 890489, 959913, 375974, 153921, 552839, 131879, 33.7, 59.7, 1.00
A, 703203, 379636, 890338, 958871, 375642, 153860, 552406, 131839, 33.7, 59.7, 0.99
A, 702664, 379538, 890710, 958258, 375492, 153918, 552125, 131814, 33.7, 59.7, 1.00
A, 701983, 379319, 890853, 957423, 375094, 153962, 551781, 131837, 33.8, 59.7, 1.00
A, 701549, 379163, 890954, 956360, 374892, 153908, 551468, 131778, 33.8, 59.7, 1.01
A, 700555, 378938, 890789, 955210, 374593, 153901, 551023, 131664, 33.8, 59.7, 1.00
A, 699890, 378672, 890887, 954827, 374300, 153901, 550687, 131649, 33.8, 59.7, 1.01
A, 699160, 378386, 890912, 953879, 374036, 153885, 550471, 131616, 33.8, 59.7, 0.99
A, 698784, 378244, 891181, 953229, 373814, 153874, 550124, 131720, 33.8, 59.7, 1.00
A, 699932, 378360, 893885, 954585, 374026, 154260, 550286, 131940, 33.8, 59.7, 1.00
A, 699076, 378221, 893435, 953312, 373801, 154099, 549920, 131821, 33.8, 59.7, 1.00
A, 697818, 377917, 892687, 951614, 373382, 154041, 549500, 131629, 33.8, 59.7, 1.00
A, 697072, 377653, 892527, 951045, 373158, 153963, 549102, 131653, 33.8, 59.7, 1.00
A, 696606, 377462, 892335, 950246, 372898, 154025, 548922, 131604, 33.8, 59.7, 1.00
A, 695914, 377194, 892397, 949411, 372611, 153991, 548562, 131600, 33.8, 59.8, 1.00
A, 695170, 376846, 892207, 948389, 372389, 153922, 548170, 131458, 33.8, 59.8, 1.01
A, 694163, 376572, 891418, 947110, 372097, 153764, 547793, 131383, 33.8, 59.8, 1.01
A, 693446, 376312, 891284, 946437, 371849, 153795, 547533, 131279, 33.8, 59.8, 1.00
A, 693234, 376134, 891541, 945979, 371665, 153777, 547392, 131335, 33.8, 59.8, 1.00
A, 692707, 375967, 891544, 945339, 371483, 153774, 547082, 131336, 33.8, 59.8, 1.00
A, 692714, 375718, 891933, 945071, 371323, 153812, 546973, 131393, 33.8, 59.8, 1.00
A, 692274, 375617, 891713, 944108, 371229, 153689, 546702, 131304, 33.8, 59.8, 0.99
A, 691677, 375354, 891842, 943345, 370981, 153707, 546511, 131285, 33.8, 59.8, 1.01
A, 691087, 375093, 891326, 943009, 370826, 153724, 546256, 131285, 33.8, 59.8, 1.00
A, 691018, 374997, 892032, 942808, 370656, 153723, 546103, 131257, 33.8, 59.8, 1.00
A, 690776, 374866, 891914, 942268, 370532, 153734, 545887, 131257, 33.8, 59.8, 1.01
A, 690452, 374616, 892310, 941791, 370424, 153725, 545718, 131244, 33.8, 59.8, 1.00
A, 690034, 374437, 892277, 941288, 370287, 153812, 545527, 131239, 33.8, 59.8, 1.01
A, 689603, 374257, 892079, 940566, 370093, 153612, 545321, 131141, 33.8, 59.8, 0.99
A, 690796, 374298, 894300, 942183, 370234, 153906, 545425, 131472, 33.8, 59.8, 1.00
A, 690198, 374278, 893945, 941107, 370156, 153830, 545323, 131343, 33.8, 59.8, 1.00
A, 689723, 374033, 893646, 940610, 369955, 153820, 545089, 131342, 33.8, 59.8, 1.00
A, 688904, 373915, 893149, 939450, 369682, 153715, 544743, 131132, 33.8, 59.8, 1.01
A, 688628, 373593, 892667, 939021, 369487, 153690, 544521, 131136, 33.8, 59.8, 1.00
A, 688407, 373510, 893067, 938812, 369434, 153711, 544410, 131120, 33.8, 59.8, 0.99
A, 688172, 373380, 893086, 938334, 369284, 153731, 544320, 131201, 33.8, 59.8, 1.00
A, 687765, 373216, 893044, 937936, 369186, 153667, 544126, 131135, 33.8, 59.8, 1.00
A, 687919, 373118, 893363, 937876, 369143, 153737, 544024, 131205, 33.8, 59.8, 1.00
A, 687687, 372965, 893568, 937361, 369009, 153717, 543869, 131189, 33.8, 59.8, 1.00
A, 687279, 372849, 893461, 936778, 368799, 153644, 543717, 131054, 33.8, 59.8, 1.01
A, 686901, 372630, 893204, 936374, 368678, 153679, 543585, 131087, 33.8, 59.8, 0.99
A, 686861, 372549, 893441, 936219, 368625, 153621, 543410, 131091, 33.8, 59.8, 0.99
A, 686548, 372412, 893328, 935699, 368466, 153616, 543310, 131099, 33.8, 59.8, 1.01
A, 686599, 372316, 893760, 935558, 368479, 153605, 543189, 131015, 33.8, 59.9, 1.00
A, 686121, 372208, 893530, 935111, 368338, 153595, 543047, 130976, 33.8, 59.9, 1.01
A, 685983, 372071, 893523, 934838, 368242, 153618, 542899, 131014, 33.8, 59.9, 1.01
A, 685619, 371903, 893489, 934483, 368098, 153584, 542741, 131061, 33.8, 59.9, 1.00
A, 685254, 371752, 893239, 933911, 367910, 153528, 542498, 130933, 33.8, 59.9, 0.99
A, 685146, 371679, 893237, 933378, 367830, 153430, 542371, 130890, 33.8, 59.9, 1.01
A, 686375, 371741, 895347, 934839, 367984, 153689, 542665, 131181, 33.8, 59.9, 1.01
A, 686242, 371822, 895477, 934731, 368003, 153668, 542525, 131119, 33.8, 59.9, 1.00
A, 685288, 371676, 894447, 933504, 367780, 153578, 542284, 130968, 33.8, 59.9, 1.01
A, 685096, 371441, 894297, 933109, 367694, 153551, 542076, 131010, 33.8, 59.9, 1.00
A, 684632, 371376, 894055, 932401, 367543, 153510, 541961, 130910, 33.8, 59.9, 0.99
A, 684251, 371174, 893719, 931943, 367369, 153470, 541791, 130901, 33.8, 59.9, 1.00
A, 684235, 371065, 894040, 931962, 367284, 153455, 541737, 130888, 33.8, 59.9, 1.00
A, 684134, 370992, 893983, 931763, 367223, 153427, 541578, 130845, 33.8, 59.9, 0.99
A, 683772, 370886, 893951, 931337, 367147, 153511, 541448, 130937, 33.8, 59.9, 1.00
A, 683913, 370852, 894278, 931473, 367122, 153507, 541442, 130921, 33.8, 59.9, 1.00
A, 683915, 370814, 894492, 931160, 367084, 153453, 541328, 130800, 33.8, 59.9, 1.00
A, 683692, 370654, 894076, 930786, 366969, 153428, 541178, 130804, 33.8, 59.9, 1.00
A, 683296, 370522, 894078, 930484, 366885, 153400, 541065, 130853, 33.8, 59.9, 1.00
A, 683472, 370502, 894391, 930426, 366844, 153414, 540978, 130817, 33.8, 59.9, 0.99
A, 683309, 370386, 894466, 930352, 366796, 153421, 541000, 130859, 33.8, 59.9, 1.00
A, 683403, 370348, 894587, 930484, 366770, 153485, 540961, 130943, 33.8, 59.9, 1.00
A, 683306, 370366, 894858, 929897, 366700, 153387, 540845, 130800, 33.8, 59.9, 1.01
A, 683089, 370212, 894799, 929795, 366598, 153410, 540672, 130831, 33.8, 59.9, 1.00
A, 683050, 370232, 894908, 929748, 366569, 153384, 540714, 130802, 33.8, 59.9, 1.01
A, 682899, 370115, 894927, 929543, 366501, 153416, 540576, 130814, 33.8, 59.9, 1.00
A, 684501, 370324, 897315, 931165, 366750, 153644, 540860, 131085, 33.8, 59.9, 1.00
A, 684404, 370450, 897075, 930901, 366814, 153610, 540884, 131054, 33.8, 59.9, 0.99
A, 683782, 370392, 896827, 930380, 366666, 153617, 540652, 130975, 33.8, 59.9, 0.99
A, 683258, 370228, 896227, 929449, 366450, 153542, 540522, 130920, 33.8, 59.9, 1.01
A, 682904, 370051, 895850, 929211, 366338, 153473, 540294, 130893, 33.8, 59.9, 0.99
A, 682297, 369968, 895147, 928271, 366168, 153316, 540160, 130790, 33.8, 59.9, 0.99
A, 682174, 369813, 894982, 927761, 366028, 153307, 539952, 130696, 33.8, 59.9, 1.00
A, 682070, 369756, 895007, 927985, 366045, 153351, 539904, 130703, 33.8, 59.9, 1.00
A, 681920, 369687, 895094, 927800, 365943, 153327, 539852, 130699, 33.8, 59.9, 1.00
A, 681814, 369635, 895170, 927596, 365911, 153331, 539725, 130709, 33.8, 59.9, 1.00
A, 681942, 369609, 895448, 927578, 365928, 153323, 539747, 130755, 33.8, 59.9, 0.99
A, 681851, 369554, 895549, 927336, 365799, 153312, 539722, 130719, 33.8, 59.9, 1.01
A, 681617, 369445, 895354, 926975, 365748, 153209, 539610, 130693, 33.8, 59.9, 0.99
A, 681492, 369375, 895317, 926754, 365662, 153291, 539475, 130629, 33.8, 59.9, 0.99
A, 681471, 369334, 895568, 926930, 365669, 153208, 539431, 130667, 33.8, 59.9, 1.00
A, 681369, 369267, 895479, 926766, 365577, 153192, 539419, 130679, 33.8, 59.9, 0.99
A, 681518, 369267, 895811, 926892, 365627, 153314, 539378, 130734, 33.8, 59.9, 1.00
A, 681606, 369254, 896016, 926623, 365593, 153261, 539345, 130675, 33.8, 59.9, 0.99
A, 681277, 369183, 895484, 926289, 365404, 153127, 539177, 130674, 33.8, 59.9, 1.00
A, 681305, 369085, 895917, 926375, 365436, 153236, 539166, 130710, 33.8, 59.9, 0.99
A, 682899, 369386, 898326, 928299, 365764, 153435, 539513, 131017, 33.8, 59.9, 0.99
A, 682887, 369479, 898407, 928107, 365789, 153499, 539489, 130976, 33.8, 59.9, 1.00
A, 682423, 369481, 897982, 927493, 365674, 153449, 539392, 130864, 33.8, 59.9, 0.99
A, 682157, 369385, 897680, 926973, 365567, 153384, 539258, 130811, 33.8, 59.9, 1.01
A, 681645, 369233, 896842, 926460, 365453, 153311, 539101, 130705, 33.8, 59.9, 1.01
A, 681464, 369193, 896885, 926262, 365293, 153305, 538971, 130642, 33.8, 59.9, 1.00
A, 680956, 369166, 896432, 925474, 365196, 153183, 538837, 130628, 33.8, 59.9, 0.99
A, 680719, 368904, 896106, 925154, 365084, 153136, 538653, 130579, 33.8, 59.9, 1.01
A, 680655, 368801, 896259, 925300, 365118, 153187, 538698, 130582, 33.8, 59.9, 1.00
A, 680532, 368806, 896324, 925175, 365088, 153110, 538629, 130629, 33.8, 59.9, 1.01
A, 680484, 368731, 896187, 924933, 364978, 153134, 538536, 130548, 33.8, 59.9, 1.00
A, 680744, 368741, 896708, 925247, 365015, 153122, 538579, 130591, 33.8, 59.9, 0.99
A, 680485, 368808, 896047, 924434, 364948, 152998, 538467, 130546, 33.8, 59.9, 1.00
A, 680428, 368676, 896107, 924342, 364873, 153109, 538346, 130556, 33.8, 59.9, 1.01
A, 680156, 368581, 895950, 924443, 364823, 153069, 538312, 130519, 33.8, 59.9, 1.00
A, 680388, 368562, 896530, 924539, 364799, 153048, 538341, 130584, 33.8, 59.9, 0.99
A, 680381, 368562, 896565, 924444, 364826, 153069, 538352, 130600, 33.8, 59.9, 1.00
A, 680665, 368635, 896998, 924677, 364828, 153083, 538328, 130597, 33.8, 59.9, 0.99
A, 680354, 368542, 896603, 924225, 364768, 153104, 538208, 130548, 33.8, 59.9, 1.00
A, 680304, 368514, 896589, 924036, 364700, 153024, 538218, 130523, 33.8, 59.9, 0.99
A, 681848, 368770, 899093, 926180, 364975, 153296, 538470, 130881, 33.8, 59.9, 1.00
A, 681970, 368896, 899370, 926229, 365140, 153308, 538571, 130775, 33.8, 60.0, 1.00
A, 681530, 368849, 898951, 925787, 365020, 153326, 538443, 130846, 33.8, 60.0, 1.00
A, 681625, 368927, 898774, 925370, 364993, 153150, 538406, 130683, 33.8, 59.9, 1.00
A, 681023, 368775, 898124, 924807, 364817, 153119, 538189, 130595, 33.8, 59.9, 1.00
A, 680576, 368682, 897796, 924348, 364713, 153112, 538063, 130555, 33.8, 60.0, 1.00
A, 680503, 368544, 897576, 924178, 364602, 153122, 538041, 130500, 33.8, 60.0, 1.00
A, 680572, 368577, 898057, 924407, 364628, 153160, 537978, 130575, 33.8, 60.0, 1.00
A, 680670, 368586, 898243, 924432, 364611, 153131, 538008, 130636, 33.8, 59.9, 1.00
A, 680805, 368585, 898304, 924237, 364606, 153076, 537915, 130563, 33.8, 59.9, 0.99
A, 680600, 368524, 898118, 923995, 364524, 153049, 537900, 130573, 33.8, 59.9, 1.01
A, 680323, 368391, 898022, 924043, 364479, 153077, 537787, 130545, 33.8, 59.9, 1.01
A, 680476, 368443, 898314, 924035, 364499, 153058, 537804, 130566, 33.8, 60.0, 0.99
A, 680398, 368378, 898126, 923811, 364502, 153046, 537732, 130530, 33.8, 60.0, 1.00
A, 680600, 368487, 898618, 924109, 364417, 153095, 537767, 130609, 33.8, 60.0, 1.00
A, 680417, 368413, 898565, 923794, 364452, 153008, 537722, 130562, 33.8, 60.0, 1.00
A, 680345, 368331, 898403, 923500, 364374, 153040, 537627, 130590, 33.8, 60.0, 1.00
A, 680452, 368397, 898699, 923753, 364349, 153051, 537603, 130546, 33.8, 60.0, 1.00
A, 680372, 368419, 898579, 923666, 364397, 153014, 537644, 130577, 33.8, 59.9, 1.00
A, 680440, 368366, 898900, 923851, 364390, 153098, 537667, 130645, 33.8, 59.9, 1.00
A, 681986, 368760, 901394, 925888, 364670, 153391, 538025, 130984, 33.9, 60.0, 1.00
A, 682364, 368892, 901729, 925887, 364786, 153307, 538086, 130936, 33.9, 60.0, 1.01
A, 681746, 368841, 900977, 925190, 364707, 153320, 537908, 130769, 33.9, 60.0, 0.99
A, 681549, 368791, 900902, 924973, 364637, 153316, 537861, 130792, 33.9, 60.0, 1.01
A, 681039, 368718, 900071, 924091, 364473, 153192, 537635, 130642, 33.9, 59.9, 0.99
A, 680686, 368579, 899863, 924044, 364345, 153133, 537513, 130658, 33.9, 59.9, 1.01
A, 680370, 368532, 899445, 923404, 364287, 153136, 537517, 130548, 33.9, 60.0, 1.01
A, 680244, 368426, 899449, 923197, 364143, 153088, 537329, 130533, 33.9, 60.0, 1.00
A, 680208, 368472, 899615, 923388, 364139, 153128, 537392, 130590, 33.9, 60.0, 1.01
A, 680081, 368367, 899438, 923229, 364087, 153087, 537264, 130580, 33.9, 60.0, 1.01
A, 680053, 368348, 899366, 923001, 364008, 153041, 537260, 130580, 33.9, 60.0, 1.00
A, 680294, 368432, 899794, 923120, 364109, 153042, 537272, 130555, 33.9, 60.0, 1.01
A, 679927, 368225, 899523, 922908, 364014, 153069, 537182, 130476, 33.9, 60.0, 1.00
A, 679908, 368209, 899650, 922896, 364030, 153058, 537115, 130551, 33.9, 60.0, 1.00
A, 679885, 368216, 899631, 922776, 363978, 153000, 537149, 130531, 33.9, 60.0, 1.00
A, 680140, 368315, 900043, 923014, 364010, 153041, 537152, 130571, 33.9, 60.0, 0.99
A, 680066, 368235, 899814, 922719, 364005, 152984, 537054, 130489, 33.9, 60.0, 1.01
A, 679810, 368147, 899688, 922368, 363924, 152979, 537047, 130594, 33.9, 60.0, 1.01
A, 679575, 368110, 899339, 922385, 363866, 152937, 536936, 130487, 33.9, 60.0, 1.00
A, 679761, 368186, 899966, 922607, 363870, 153014, 537007, 130550, 33.9, 60.0, 1.00
A, 681109, 368238, 901964, 924221, 364038, 153240, 537214, 130774, 33.9, 60.0, 1.00
A, 681294, 368466, 902184, 924090, 364231, 153229, 537381, 130783, 33.9, 60.0, 1.01
A, 680915, 368365, 901971, 923734, 364055, 153142, 537172, 130631, 33.9, 60.0, 1.00
A, 680492, 368293, 901425, 923157, 364021, 153066, 537021, 130628, 33.9, 60.0, 1.01
A, 680259, 368276, 901216, 922898, 363962, 153065, 536959, 130533, 33.9, 60.0, 1.00
A, 679565, 368200, 900025, 921283, 363806, 152878, 536729, 130312, 33.9, 60.0, 1.00
A, 679037, 367947, 899596, 921509, 363576, 152885, 536637, 130428, 33.9, 60.0, 1.00
A, 678951, 367953, 899525, 921288, 363605, 152863, 536628, 130369, 33.9, 60.0, 1.01
A, 678941, 367831, 899307, 921195, 363552, 152808, 536484, 130371, 33.9, 60.0, 1.01
A, 679013, 367815, 899890, 921497, 363511, 152875, 536533, 130366, 33.9, 60.0, 0.99
A, 679067, 367806, 899995, 921501, 363581, 152842, 536504, 130378, 33.9, 60.0, 1.00
A, 678998, 367753, 900098, 921466, 363558, 152810, 536495, 130447, 33.9, 60.0, 1.00
A, 679337, 367795, 900441, 921692, 363567, 152870, 536542, 130460, 33.9, 60.0, 1.00
A, 679479, 367870, 900526, 921496, 363573, 152801, 536509, 130418, 33.9, 60.0, 1.00
A, 679265, 367791, 900479, 921332, 363562, 152839, 536500, 130481, 33.9, 60.0, 1.00
A, 679112, 367798, 900169, 921444, 363450, 152806, 536469, 130444, 33.9, 60.0, 1.00
A, 679301, 367809, 900618, 921531, 363514, 152882, 536526, 130438, 33.9, 60.0, 0.99
A, 679269, 367736, 900509, 921399, 363535, 152846, 536466, 130469, 33.9, 60.0, 1.00
A, 679215, 367773, 900763, 921351, 363492, 152806, 536484, 130429, 33.9, 59.9, 1.01
A, 679281, 367773, 900967, 921485, 363532, 152838, 536475, 130402, 33.9, 59.9, 1.00
A, 680600, 367949, 903031, 923222, 363841, 153071, 536748, 130676, 33.9, 59.9, 1.00
A, 680623, 368088, 903087, 923169, 363802, 153100, 536759, 130719, 33.9, 59.9, 1.00
A, 680390, 368052, 902754, 922790, 363794, 153110, 536727, 130712, 33.9, 60.0, 0.99
A, 680462, 368058, 902627, 922526, 363757, 153023, 536648, 130599, 33.9, 60.0, 1.01
A, 679955, 368012, 902293, 922025, 363666, 152999, 536545, 130555, 33.9, 60.0, 1.00
A, 679918, 367949, 902068, 922185, 363554, 152966, 536516, 130515, 33.9, 60.0, 1.00
A, 679294, 367922, 901506, 921376, 363505, 152901, 536348, 130490, 33.9, 59.9, 0.99
A, 679234, 367797, 901351, 921134, 363395, 152859, 536308, 130455, 33.9, 59.9, 1.00
A, 678880, 367751, 901185, 920884, 363367, 152771, 536284, 130343, 33.9, 59.9, 1.00
A, 678779, 367632, 901000, 920653, 363237, 152720, 536195, 130373, 33.9, 59.9, 0.99
A, 678881, 367675, 901342, 920865, 363331, 152757, 536180, 130341, 33.9, 59.9, 1.00
A, 678984, 367696, 901340, 920788, 363295, 152732, 536159, 130484, 33.9, 59.9, 0.99
A, 678935, 367616, 901349, 920838, 363324, 152825, 536199, 130424, 33.9, 59.9, 0.99
A, 679138, 367689, 901772, 921162, 363379, 152889, 536195, 130498, 33.9, 59.9, 1.00
A, 679140, 367691, 901831, 920982, 363346, 152804, 536201, 130477, 33.9, 59.9, 1.00
A, 679030, 367622, 901491, 920773, 363310, 152775, 536185, 130434, 33.9, 59.9, 1.01
A, 678773, 367637, 901458, 920773, 363228, 152780, 536093, 130378, 33.9, 59.9, 1.00
A, 679080, 367639, 901884, 920986, 363278, 152710, 536148, 130410, 33.9, 59.9, 1.00
A, 679047, 367591, 901907, 921021, 363263, 152764, 536118, 130516, 33.9, 59.9, 1.00
A, 679220, 367684, 902075, 921147, 363324, 152806, 536161, 130516, 33.9, 59.9, 1.00
A, 681162, 367950, 905222, 923385, 363745, 153131, 536587, 130814, 33.9, 59.9, 1.01
A, 680773, 368076, 904812, 922851, 363691, 153059, 536525, 130698, 33.9, 59.9, 1.00
A, 680567, 368022, 904628, 922777, 363609, 153081, 536486, 130724, 33.9, 59.9, 1.00
A, 680072, 367878, 904040, 922271, 363465, 152976, 536272, 130633, 33.9, 59.9, 1.02
A, 680104, 367919, 903981, 922101, 363460, 153042, 536286, 130658, 33.9, 59.9, 1.00
A, 679566, 367869, 903322, 921391, 363361, 152939, 536159, 130500, 33.9, 59.9, 1.00
A, 678528, 367700, 902331, 920590, 363184, 152758, 535938, 130339, 33.9, 59.9, 1.00
A, 678736, 367620, 902355, 920216, 363115, 152721, 535880, 130313, 33.9, 59.9, 0.99
A, 678539, 367514, 902351, 920259, 363054, 152727, 535812, 130388, 33.9, 59.9, 1.00
A, 678222, 367541, 901829, 919844, 363038, 152659, 535770, 130276, 33.9, 59.9, 0.99
A, 678269, 367414, 901744, 919542, 362929, 152655, 535670, 130321, 33.9, 59.9, 1.00
A, 678306, 367381, 901856, 919946, 362963, 152700, 535719, 130354, 33.9, 59.9, 1.00
A, 678302, 367388, 901883, 919862, 362968, 152644, 535648, 130357, 33.9, 59.9, 1.00
A, 678195, 367320, 902061, 919844, 362954, 152694, 535702, 130375, 33.9, 59.9, 1.00
A, 678559, 367354, 902495, 920086, 362991, 152729, 535765, 130343, 33.9, 59.9, 1.01
A, 678541, 367387, 902554, 919850, 363027, 152669, 535720, 130312, 33.9, 59.9, 0.99
A, 678420, 367334, 902391, 919736, 362962, 152694, 535719, 130390, 33.9, 59.9, 1.00
A, 678282, 367350, 902383, 919619, 362878, 152652, 535664, 130339, 33.9, 59.9, 1.01
A, 678428, 367279, 902761, 919956, 362925, 152688, 535726, 130311, 33.9, 59.9, 1.00
A, 678319, 367317, 902820, 919962, 362914, 152718, 535675, 130393, 33.9, 59.9, 1.01
A, 680237, 367625, 905713, 922329, 363268, 153011, 536090, 130774, 33.9, 59.9, 1.00
A, 680110, 367688, 905291, 921763, 363333, 152904, 536035, 130552, 33.9, 59.9, 1.01
A, 679587, 367645, 904483, 921235, 363225, 152849, 535920, 130492, 33.9, 59.9, 1.00
A, 679459, 367638, 904717, 921224, 363215, 152804, 535932, 130567, 33.9, 59.9, 1.00
A, 679375, 367560, 904487, 920901, 363134, 152862, 535876, 130486, 33.9, 59.9, 1.00
A, 679404, 367604, 904799, 921099, 363143, 152842, 535836, 130592, 33.9, 59.9, 1.00
A, 679063, 367583, 904389, 920628, 363127, 152835, 535758, 130489, 33.9, 59.9, 1.01
A, 678877, 367496, 904128, 920250, 362998, 152741, 535740, 130428, 33.9, 59.9, 1.00
A, 678537, 367521, 903399, 919914, 362959, 152703, 535745, 130358, 33.9, 59.9, 1.01
A, 678400, 367419, 903591, 919878, 362899, 152730, 535594, 130404, 33.9, 59.9, 1.01
A, 678667, 367446, 903850, 920092, 362936, 152722, 535643, 130409, 33.9, 59.9, 1.01
A, 678677, 367465, 904014, 920098, 362995, 152763, 535658, 130480, 33.9, 59.9, 1.00
A, 678391, 367401, 903756, 919825, 362923, 152704, 535566, 130382, 33.9, 59.9, 1.00
A, 678366, 367385, 903616, 919545, 362810, 152720, 535566, 130347, 33.9, 59.9, 0.99
A, 678252, 367297, 903676, 919574, 362795, 152621, 535501, 130395, 33.9, 59.9, 1.00
A, 678546, 367371, 904135, 919873, 362806, 152652, 535522, 130391, 33.9, 59.9, 1.00
A, 678321, 367309, 903893, 919713, 362860, 152681, 535529, 130455, 33.9, 59.9, 1.00
A, 678682, 367403, 904448, 920181, 362864, 152717, 535622, 130404, 33.9, 59.9, 1.00
A, 678595, 367375, 904239, 919681, 362865, 152562, 535487, 130280, 33.9, 59.9, 0.99
A, 678225, 367282, 903400, 919401, 362773, 152620, 535433, 130360, 33.9, 59.9, 1.01
A, 679541, 367464, 905982, 921377, 363006, 152895, 535781, 130686, 33.9, 59.9, 1.00
A, 679970, 367742, 906282, 921463, 363161, 152936, 535886, 130665, 33.9, 59.9, 1.00
A, 679693, 367653, 906138, 921315, 363083, 152894, 535810, 130571, 33.9, 59.9, 1.01
A, 679751, 367628, 906003, 921351, 363118, 152869, 535831, 130666, 33.9, 59.9, 1.01
A, 679696, 367751, 906147, 921102, 363101, 152818, 535755, 130588, 33.9, 59.9, 1.00
A, 679305, 367604, 905936, 920854, 363010, 152717, 535741, 130514, 33.9, 59.9, 1.00
A, 679369, 367622, 905891, 920828, 363023, 152808, 535707, 130496, 33.9, 59.9, 1.00
A, 679108, 367630, 905445, 920242, 362886, 152731, 535582, 130426, 34.0, 59.9, 1.00
A, 678941, 367486, 905160, 920024, 362889, 152661, 535494, 130415, 34.0, 59.9, 1.00
A, 678428, 367528, 904701, 919631, 362828, 152664, 535427, 130347, 33.9, 59.9, 1.01
A, 678298, 367434, 904740, 919677, 362754, 152639, 535350, 130405, 33.9, 59.9, 1.00
A, 678603, 367448, 905115, 919900, 362787, 152667, 535450, 130465, 33.9, 59.9, 1.00
A, 678658, 367422, 905249, 920037, 362750, 152664, 535456, 130462, 34.0, 59.9, 1.00
A, 678636, 367439, 905208, 919740, 362775, 152597, 535428, 130381, 34.0, 59.9, 1.00
A, 678463, 367347, 904812, 919443, 362735, 152539, 535358, 130347, 34.0, 59.9, 1.00
A, 678309, 367367, 904922, 919517, 362645, 152550, 535252, 130315, 34.0, 59.9, 1.01
A, 678523, 367382, 904919, 919673, 362727, 152606, 535369, 130412, 34.0, 59.9, 1.00
A, 678395, 367284, 905043, 919568, 362700, 152580, 535340, 130398, 34.0, 59.9, 1.01
A, 678788, 367460, 905496, 919828, 362754, 152643, 535356, 130419, 34.0, 59.8, 1.00
A, 678690, 367395, 905508, 919722, 362721, 152573, 535423, 130438, 34.0, 59.8, 1.01
A, 680113, 367549, 907716, 921562, 363094, 152899, 535668, 130733, 34.0, 59.8, 1.00
A, 680144, 367706, 907733, 921529, 363103, 152830, 535757, 130713, 34.0, 59.8, 1.00
A, 679788, 367638, 907358, 921086, 362996, 152818, 535576, 130583, 34.0, 59.8, 0.99
A, 679665, 367691, 907290, 921162, 362949, 152826, 535561, 130650, 34.0, 59.8, 1.00
A, 679564, 367655, 907222, 921018, 362863, 152807, 535512, 130626, 34.0, 59.8, 1.00
A, 679746, 367733, 907519, 920933, 362958, 152810, 535588, 130534, 34.0, 59.8, 1.00
A, 679382, 367707, 906730, 920494, 362897, 152683, 535458, 130544, 34.0, 59.8, 0.99
A, 679250, 367685, 907042, 920675, 362864, 152750, 535463, 130556, 34.0, 59.8, 1.00
A, 678970, 367643, 906533, 919944, 362793, 152657, 535380, 130427, 34.0, 59.8, 1.00
A, 678717, 367516, 906284, 919944, 362697, 152642, 535272, 130383, 34.0, 59.8, 1.00
A, 678542, 367519, 905923, 919585, 362673, 152593, 535294, 130375, 34.0, 59.8, 1.00
A, 678487, 367465, 905936, 919348, 362596, 152493, 535135, 130330, 34.0, 59.8, 1.00
A, 678512, 367438, 905753, 919710, 362636, 152572, 535221, 130375, 34.0, 59.8, 1.00
A, 678588, 367446, 905945, 919672, 362596, 152605, 535201, 130335, 34.0, 59.8, 1.00
A, 678559, 367399, 906215, 919714, 362564, 152563, 535233, 130468, 34.0, 59.8, 1.00
A, 678912, 367431, 906663, 919919, 362703, 152627, 535274, 130467, 34.0, 59.8, 1.00
A, 678964, 367467, 906860, 919989, 362671, 152616, 535268, 130443, 34.0, 59.8, 1.01
A, 678752, 367425, 906726, 919794, 362617, 152596, 535247, 130396, 34.0, 59.8, 1.00
A, 678555, 367358, 906501, 919582, 362618, 152522, 535184, 130409, 34.0, 59.8, 1.01
A, 678837, 367405, 906897, 919984, 362622, 152564, 535182, 130397, 34.0, 59.8, 1.00
A, 680316, 367615, 909068, 921848, 362870, 152845, 535563, 130718, 34.0, 59.8, 1.00
A, 680451, 367880, 909436, 921890, 363051, 152898, 535663, 130723, 34.0, 59.8, 1.00
A, 680315, 367926, 909225, 921686, 363013, 152824, 535577, 130648, 34.0, 59.8, 1.00
A, 679914, 367797, 908394, 921215, 362912, 152798, 535453, 130645, 34.0, 59.8, 1.00
A, 679741, 367852, 908633, 921092, 362829, 152791, 535443, 130657, 34.0, 59.8, 1.00
A, 679646, 367789, 908293, 920865, 362826, 152807, 535382, 130557, 34.0, 59.8, 1.00
A, 679635, 367853, 908409, 920701, 362807, 152749, 535322, 130567, 34.0, 59.8, 1.00
A, 679122, 367695, 907985, 920338, 362711, 152735, 535265, 130501, 34.0, 59.8, 1.01
A, 679066, 367681, 907749, 920051, 362652, 152618, 535159, 130468, 34.0, 59.8, 1.00
A, 678841, 367641, 907165, 919818, 362559, 152557, 535114, 130436, 34.0, 59.8, 1.00
A, 678619, 367563, 907374, 919711, 362561, 152649, 535066, 130470, 34.0, 59.8, 1.00
A, 678531, 367546, 907208, 919384, 362569, 152529, 535094, 130355, 34.0, 59.8, 1.00
A, 678470, 367509, 907110, 919294, 362473, 152496, 534983, 130349, 34.0, 59.8, 1.00
A, 678376, 367423, 907188, 919494, 362461, 152579, 535030, 130433, 34.0, 59.8, 1.00
A, 678404, 367417, 907230, 919454, 362453, 152562, 535005, 130400, 34.0, 59.8, 1.00
A, 678443, 367355, 907252, 919313, 362469, 152585, 535013, 130427, 34.0, 59.8, 1.01
A, 678589, 367474, 907702, 919726, 362578, 152571, 534978, 130444, 34.0, 59.8, 1.01
A, 678757, 367472, 907777, 919562, 362485, 152492, 535076, 130473, 34.0, 59.8, 1.01
A, 678732, 367417, 907524, 919439, 362523, 152520, 535032, 130393, 34.0, 59.8, 1.00
A, 678373, 367307, 907237, 919277, 362438, 152465, 534944, 130400, 34.0, 59.8, 1.00
A, 680242, 367622, 910126, 921511, 362832, 152814, 535351, 130748, 34.0, 59.8, 0.99
A, 679970, 367731, 909638, 921205, 362850, 152841, 535419, 130674, 34.0, 59.8, 1.00
A, 680111, 367820, 909854, 921198, 362814, 152819, 535353, 130711, 34.0, 59.8, 1.00
A, 679912, 367793, 909722, 921052, 362754, 152749, 535285, 130659, 34.0, 59.8, 1.00
A, 679556, 367738, 909424, 920733, 362741, 152744, 535271, 130605, 34.0, 59.8, 1.00
A, 679627, 367766, 909530, 920620, 362650, 152783, 535250, 130613, 34.0, 59.8, 1.00
A, 679293, 367686, 909125, 920341, 362681, 152680, 535162, 130539, 34.0, 59.8, 0.99
A, 679234, 367678, 909038, 920046, 362613, 152635, 535098, 130532, 34.0, 59.8, 1.01
A, 678987, 367580, 908578, 919605, 362536, 152585, 535065, 130480, 34.0, 59.8, 0.99
A, 678606, 367539, 908265, 919519, 362501, 152572, 534909, 130410, 34.0, 59.8, 1.01
A, 677645, 367398, 906948, 918214, 362320, 152395, 534754, 130255, 34.0, 59.8, 1.00
A, 677379, 367239, 906661, 918163, 362181, 152361, 534676, 130207, 34.0, 59.8, 1.01
A, 676200, 366957, 904567, 916581, 361917, 152157, 534334, 130031, 34.0, 59.8, 1.00
A, 676326, 366765, 905102, 916561, 361890, 152110, 534384, 130019, 34.0, 59.8, 1.00
A, 676778, 366809, 905638, 917218, 361900, 152191, 534484, 130146, 34.0, 59.8, 1.00
A, 677219, 366869, 906201, 917609, 362017, 152185, 534603, 130209, 34.0, 59.8, 1.00
A, 677360, 366908, 906305, 918028, 362122, 152289, 534618, 130270, 34.0, 59.8, 1.00
A, 677837, 366958, 907374, 918573, 362192, 152295, 534758, 130297, 34.0, 59.8, 1.00
A, 678004, 367138, 907502, 918493, 362338, 152338, 534803, 130277, 34.0, 59.8, 1.01
A, 677933, 366946, 907240, 918388, 362262, 152288, 534749, 130321, 34.0, 59.8, 1.00
A, 679405, 367238, 909716, 920532, 362567, 152559, 535152, 130640, 34.0, 59.8, 1.00
A, 679142, 367313, 909219, 920050, 362522, 152500, 535099, 130515, 34.0, 59.8, 1.00
A, 679160, 367297, 909248, 920001, 362543, 152527, 535034, 130550, 34.0, 59.8, 1.00
A, 679449, 367451, 909676, 920410, 362577, 152543, 535091, 130568, 34.0, 59.8, 1.00
A, 679429, 367411, 909599, 920276, 362597, 152573, 535127, 130525, 34.0, 59.8, 1.00
A, 679190, 367358, 909361, 919867, 362530, 152477, 535065, 130516, 34.0, 59.8, 1.00
A, 679200, 367345, 909187, 920177, 362498, 152620, 535043, 130524, 34.0, 59.8, 0.99
A, 679037, 367310, 909452, 919971, 362488, 152558, 535025, 130505, 34.0, 59.8, 1.01
A, 679182, 367314, 909596, 920041, 362484, 152553, 535044, 130533, 34.0, 59.8, 1.01
A, 679147, 367447, 909545, 919871, 362496, 152495, 535011, 130507, 34.0, 59.8, 0.99
A, 678820, 367334, 909287, 919665, 362390, 152498, 534951, 130390, 34.0, 59.8, 1.00
A, 678685, 367366, 909046, 919281, 362396, 152461, 534926, 130449, 34.0, 59.8, 1.00
A, 678528, 367249, 909135, 919346, 362320, 152424, 534874, 130443, 34.0, 59.8, 1.00
A, 678155, 367281, 908534, 918784, 362379, 152393, 534743, 130346, 34.0, 59.8, 0.99
A, 678155, 367124, 908294, 918520, 362229, 152360, 534701, 130249, 34.0, 59.8, 1.00
A, 678212, 367159, 908739, 918994, 362261, 152355, 534799, 130326, 34.0, 59.8, 0.99
A, 678184, 367110, 908766, 918859, 362297, 152420, 534753, 130375, 34.0, 59.8, 1.02
A, 678143, 367055, 908750, 918890, 362300, 152401, 534812, 130437, 34.0, 59.8, 0.99
A, 678348, 367164, 909055, 919055, 362257, 152454, 534777, 130374, 34.0, 59.8, 1.00
A, 678543, 367224, 908836, 919041, 362291, 152394, 534804, 130369, 34.0, 59.8, 1.00
M, 676553, 367067, 905621, 915394, 362051, 151838, 534339, 129602, 34.0, 59.8, 0.10
M, 667721, 364983, 892268, 904779, 359623, 150252, 531367, 127923, 34.0, 59.8, 0.59
M, 660734, 362862, 881423, 895863, 357518, 148922, 528800, 126662, 34.1, 59.7, 0.75
M, 654890, 360978, 872845, 888743, 355722, 147778, 526852, 125657, 34.1, 59.7, 0.82
M, 650420, 359325, 865117, 882616, 354212, 146774, 525242, 124807, 34.1, 59.7, 0.88
M, 646900, 357884, 858926, 877851, 353012, 145881, 524051, 124242, 34.1, 59.7, 0.94
M, 644129, 356647, 853489, 874007, 352116, 145136, 523229, 123787, 34.1, 59.6, 0.96
M, 641845, 355506, 848510, 870300, 351316, 144356, 522460, 123256, 34.1, 59.6, 0.97
M, 640135, 354489, 844478, 867928, 350672, 143765, 522007, 122964, 34.1, 59.5, 0.98
M, 639182, 353629, 841589, 866359, 350349, 143285, 521769, 122764, 34.1, 59.5, 0.98
M, 638656, 353005, 839142, 865360, 350141, 142913, 521680, 122601, 34.1, 59.4, 0.99
M, 638406, 352396, 837202, 864548, 349956, 142599, 521656, 122562, 34.1, 59.4, 1.00
M, 638333, 351699, 835384, 864290, 349892, 142279, 521699, 122480, 34.1, 59.3, 1.00
M, 638603, 351324, 833962, 864061, 349907, 141960, 521897, 122298, 34.1, 59.3, 1.00
M, 639037, 350860, 832739, 864290, 350025, 141764, 522132, 122421, 34.1, 59.3, 1.00
M, 639530, 350520, 831976, 864765, 350159, 141643, 522382, 122409, 34.1, 59.3, 1.01
M, 640270, 350192, 831155, 865330, 350378, 141506, 522814, 122411, 34.1, 59.2, 1.00
M, 640779, 349967, 830601, 865937, 350464, 141443, 523031, 122477, 34.1, 59.2, 1.00
M, 641918, 349771, 829879, 867038, 350846, 141264, 523594, 122452, 34.1, 59.2, 1.00
M, 642266, 349476, 829529, 867379, 350955, 141126, 523821, 122477, 34.1, 59.2, 1.00
M, 645000, 349684, 831826, 870512, 351574, 141355, 524633, 122889, 34.1, 59.2, 1.00
M, 645845, 349660, 831581, 871317, 351957, 141333, 525242, 122874, 34.1, 59.2, 1.00
M, 646547, 349669, 831256, 872223, 352169, 141289, 525573, 122919, 34.1, 59.2, 1.00
M, 647574, 349673, 831615, 873414, 352558, 141322, 526055, 123000, 34.1, 59.1, 1.00
M, 648583, 349680, 831647, 874445, 352926, 141287, 526568, 123059, 34.1, 59.1, 0.99
M, 648858, 349623, 830870, 875017, 353094, 141132, 526829, 122965, 34.1, 59.1, 1.00
M, 649481, 349594, 830694, 875764, 353416, 141160, 527276, 123084, 34.1, 59.1, 1.00
M, 650623, 349698, 831025, 877140, 353769, 141236, 527767, 123222, 34.1, 59.1, 1.00
M, 651784, 349895, 831145, 878139, 354194, 141206, 528292, 123238, 34.1, 59.1, 1.00
M, 652423, 349981, 831031, 878968, 354460, 141186, 528682, 123182, 34.1, 59.1, 1.00
M, 652985, 349979, 831004, 879975, 354755, 141186, 529087, 123249, 34.1, 59.1, 0.99
M, 654043, 350164, 831339, 881140, 355097, 141221, 529556, 123303, 34.1, 59.0, 1.00
M, 654733, 350296, 831361, 882118, 355349, 141172, 529946, 123371, 34.1, 59.0, 0.99
M, 655703, 350582, 831936, 883279, 355814, 141308, 530475, 123463, 34.1, 59.0, 1.00
M, 656687, 350715, 832183, 884251, 356124, 141333, 530944, 123496, 34.1, 59.0, 0.99
M, 657335, 350882, 832181, 885192, 356429, 141285, 531311, 123524, 34.1, 59.0, 1.00
M, 658063, 351120, 832415, 886296, 356734, 141398, 531778, 123569, 34.1, 59.0, 1.00
M, 658594, 351321, 832121, 886825, 357090, 141346, 532193, 123594, 34.1, 59.0, 1.00
M, 659257, 351485, 832326, 887646, 357258, 141340, 532426, 123648, 34.1, 59.0, 1.00
M, 660053, 351740, 832398, 888729, 357676, 141421, 532955, 123725, 34.1, 59.0, 0.99
M, 661734, 351986, 834346, 890913, 358094, 141631, 533492, 123947, 34.1, 59.0, 1.00
M, 662561, 352429, 834753, 892013, 358489, 141690, 533958, 124017, 34.1, 59.0, 1.00
M, 662844, 352605, 834381, 892402, 358728, 141670, 534216, 123969, 34.1, 58.9, 1.00
M, 663229, 352686, 834452, 893138, 358961, 141665, 534529, 123975, 34.1, 58.9, 1.00
M, 664054, 353041, 834912, 894076, 359213, 141744, 534878, 124073, 34.1, 58.9, 1.00
M, 664913, 353242, 834934, 894846, 359533, 141770, 535259, 124107, 34.1, 58.9, 1.00
M, 665173, 353441, 835008, 895315, 359692, 141714, 535589, 124049, 34.1, 58.9, 1.00
M, 665586, 353670, 834992, 896004, 359968, 141789, 535856, 124053, 34.1, 58.9, 0.99
M, 666288, 353935, 835375, 896915, 360232, 141859, 536197, 124122, 34.1, 58.9, 1.00
M, 666736, 354050, 835259, 897660, 360444, 141870, 536475, 124193, 34.1, 58.9, 1.00
M, 667493, 354313, 836008, 898559, 360682, 141934, 536895, 124275, 34.1, 58.9, 1.00
M, 668185, 354674, 836335, 899352, 360894, 141911, 537138, 124251, 34.1, 58.9, 1.00
M, 668436, 354865, 836335, 899990, 361144, 141935, 537462, 124252, 34.1, 58.9, 0.99
M, 668713, 355084, 836359, 900489, 361437, 142029, 537703, 124299, 34.1, 58.9, 1.00
M, 669266, 355246, 836494, 901079, 361655, 142049, 537958, 124383, 34.1, 58.8, 1.00
M, 669962, 355540, 836741, 901893, 361927, 142055, 538322, 124346, 34.1, 58.8, 1.00
M, 670266, 355635, 836841, 902291, 362090, 142067, 538579, 124379, 34.1, 58.8, 0.99
M, 670758, 355919, 837077, 903146, 362238, 142085, 538763, 124421, 34.1, 58.8, 1.00
M, 670791, 356054, 836869, 903317, 362506, 142108, 539087, 124462, 34.1, 58.8, 1.01
M, 670997, 356193, 836597, 903834, 362569, 142099, 539212, 124447, 34.1, 58.8, 1.01
M, 673554, 356833, 839766, 906782, 363259, 142409, 540065, 124762, 34.1, 58.8, 1.00
M, 673685, 357070, 839656, 906941, 363400, 142419, 540202, 124699, 34.1, 58.8, 1.00
M, 673820, 357279, 839633, 907442, 363459, 142482, 540358, 124691, 34.1, 58.8, 1.00
M, 673883, 357350, 839565, 907726, 363660, 142435, 540518, 124711, 34.1, 58.8, 1.00
M, 674001, 357468, 839088, 907814, 363722, 142392, 540635, 124705, 34.1, 58.8, 1.00
M, 674164, 357642, 839207, 908090, 363799, 142367, 540842, 124685, 34.1, 58.8, 1.00
M, 674225, 357776, 839040, 908319, 363969, 142387, 540945, 124670, 34.1, 58.8, 1.00
M, 674091, 357851, 838457, 908191, 363935, 142281, 541059, 124623, 34.1, 58.8, 1.00
M, 674304, 357907, 838560, 908793, 364131, 142291, 541246, 124646, 34.1, 58.8, 1.00
M, 674802, 358063, 839022, 909452, 364355, 142372, 541548, 124645, 34.1, 58.8, 1.00
M, 675034, 358286, 839143, 909897, 364468, 142436, 541744, 124731, 34.1, 58.8, 1.00
M, 675691, 358554, 839617, 910687, 364723, 142506, 542006, 124813, 34.1, 58.8, 1.00
M, 676144, 358724, 839785, 911153, 364888, 142504, 542216, 124731, 34.1, 58.8, 1.00
M, 676254, 358843, 839887, 911494, 365051, 142499, 542366, 124750, 34.1, 58.8, 1.00
M, 676717, 359000, 840173, 912049, 365163, 142594, 542637, 124852, 34.1, 58.8, 1.00
M, 676920, 359130, 840481, 912568, 365317, 142546, 542787, 124878, 34.1, 58.7, 1.00
M, 677210, 359282, 840523, 912996, 365470, 142694, 542945, 124925, 34.1, 58.7, 0.99
M, 677920, 359554, 840940, 913666, 365700, 142689, 543249, 124924, 34.1, 58.7, 1.00
M, 677842, 359639, 841004, 913935, 365768, 142679, 543387, 124872, 34.1, 58.7, 1.00
M, 677555, 359802, 840331, 913654, 365826, 142544, 543395, 124844, 34.1, 58.7, 1.00
M, 678951, 359937, 842250, 915710, 366087, 142844, 543837, 125090, 34.1, 58.7, 0.99
M, 678986, 360221, 841876, 915522, 366350, 142838, 544034, 125048, 34.1, 58.7, 1.00
M, 679008, 360163, 841541, 915521, 366323, 142767, 544055, 124970, 34.1, 58.7, 1.00
M, 679101, 360373, 841978, 916132, 366363, 142785, 544204, 125002, 34.1, 58.7, 1.00
M, 679355, 360455, 841941, 916249, 366485, 142870, 544409, 124967, 34.1, 58.7, 1.00
M, 679358, 360547, 841947, 916577, 366572, 142820, 544524, 124973, 34.1, 58.7, 1.00
M, 679807, 360674, 842300, 917177, 366772, 142885, 544708, 125029, 34.1, 58.7, 1.00
M, 680142, 360839, 842427, 917296, 366886, 142848, 544873, 125066, 34.1, 58.7, 0.99
M, 680142, 360948, 842484, 917413, 366908, 142807, 544954, 124986, 34.1, 58.7, 1.01
M, 680412, 361055, 842815, 918122, 367107, 142926, 545187, 125047, 34.1, 58.7, 1.00
M, 680580, 361174, 842928, 918573, 367218, 142931, 545328, 125142, 34.1, 58.7, 1.00
M, 680835, 361261, 843012, 918695, 367334, 142989, 545413, 125162, 34.1, 58.7, 1.00
M, 681283, 361408, 843705, 919494, 367532, 143035, 545684, 125290, 34.2, 58.7, 1.01
M, 681476, 361588, 843872, 919734, 367656, 143083, 545784, 125189, 34.2, 58.7, 0.98
M, 681593, 361683, 843719, 919848, 367685, 143039, 545928, 125186, 34.2, 58.7, 1.00
M, 681655, 361716, 843873, 920173, 367814, 143107, 546066, 125158, 34.2, 58.7, 1.00
M, 681654, 361711, 843773, 920513, 367883, 143105, 546166, 125180, 34.2, 58.7, 1.00
M, 681929, 361937, 844284, 920978, 368014, 143114, 546314, 125305, 34.2, 58.7, 1.00
M, 682276, 362071, 844456, 920906, 368153, 143142, 546530, 125248, 34.2, 58.7, 1.00
M, 682363, 362113, 844498, 921346, 368174, 143161, 546581, 125273, 34.2, 58.7, 1.00
M, 684241, 362582, 847023, 923804, 368680, 143493, 547155, 125601, 34.2, 58.7, 1.00
M, 684263, 362725, 846902, 923829, 368766, 143483, 547222, 125531, 34.2, 58.7, 0.99
M, 684310, 362783, 846793, 924091, 368758, 143533, 547324, 125511, 34.2, 58.7, 0.99
M, 684291, 362925, 846891, 924307, 368847, 143573, 547419, 125573, 34.2, 58.7, 1.00
M, 684451, 362994, 847154, 924147, 368934, 143487, 547496, 125558, 34.2, 58.7, 1.00
M, 684345, 362996, 846996, 924121, 369022, 143514, 547548, 125487, 34.2, 58.7, 1.00
M, 684090, 363002, 846717, 924167, 368925, 143452, 547611, 125432, 34.2, 58.7, 1.00
M, 683932, 363138, 845937, 923715, 368969, 143436, 547656, 125386, 34.2, 58.7, 1.00
M, 683824, 363062, 846250, 924042, 369003, 143482, 547679, 125401, 34.2, 58.7, 1.01
M, 684167, 363139, 846859, 924481, 369162, 143529, 547819, 125438, 34.2, 58.7, 1.00
M, 684280, 363322, 847035, 924885, 369221, 143582, 547890, 125505, 34.2, 58.7, 1.00
M, 684375, 363299, 846906, 924822, 369255, 143507, 548006, 125448, 34.2, 58.7, 1.00
M, 684307, 363422, 846993, 925130, 369332, 143586, 548034, 125463, 34.2, 58.7, 1.00
M, 684694, 363450, 847428, 925570, 369422, 143585, 548258, 125522, 34.2, 58.7, 1.00
M, 684699, 363566, 847428, 925673, 369478, 143624, 548313, 125585, 34.2, 58.7, 1.00
M, 685099, 363681, 848090, 926269, 369641, 143710, 548498, 125559, 34.2, 58.7, 0.98
M, 685348, 363747, 848187, 926530, 369683, 143669, 548632, 125595, 34.2, 58.7, 1.01
M, 685321, 363775, 848312, 926640, 369796, 143677, 548647, 125572, 34.2, 58.7, 1.00
M, 685621, 363876, 848484, 926731, 369818, 143723, 548782, 125603, 34.2, 58.7, 1.00
M, 685483, 363917, 848404, 926753, 369836, 143653, 548867, 125570, 34.2, 58.6, 0.99
M, 686981, 364150, 850419, 928720, 370223, 143972, 549218, 125814, 34.2, 58.6, 1.00
M, 686658, 364377, 850201, 928272, 370354, 143919, 549285, 125709, 34.2, 58.7, 0.99
M, 686494, 364248, 849950, 928262, 370192, 143839, 549273, 125685, 34.2, 58.7, 1.00
M, 686518, 364329, 850022, 928483, 370288, 143941, 549353, 125733, 34.2, 58.7, 1.00
M, 686366, 364368, 850047, 928472, 370258, 143902, 549358, 125724, 34.2, 58.7, 1.00
M, 686407, 364372, 849923, 928291, 370304, 143894, 549401, 125627, 34.2, 58.7, 1.00
M, 685938, 364309, 849366, 927887, 370253, 143819, 549370, 125651, 34.2, 58.7, 1.00
M, 686335, 364352, 850047, 928628, 370350, 143947, 549506, 125662, 34.2, 58.7, 1.00
M, 686292, 364441, 849929, 928592, 370447, 143874, 549582, 125689, 34.2, 58.6, 1.00
M, 686156, 364381, 849934, 928609, 370398, 143923, 549645, 125704, 34.2, 58.6, 1.00
M, 686492, 364494, 850309, 928988, 370541, 143965, 549752, 125714, 34.2, 58.7, 1.00
M, 686687, 364511, 850320, 929015, 370618, 144023, 549819, 125712, 34.2, 58.7, 1.00
M, 686276, 364467, 849919, 928487, 370566, 143924, 549804, 125638, 34.2, 58.6, 1.00
M, 686362, 364515, 849958, 929046, 370564, 143927, 549910, 125683, 34.2, 58.6, 1.00
M, 686431, 364509, 850254, 929150, 370584, 143970, 549976, 125658, 34.2, 58.6, 1.00
M, 686754, 364609, 850686, 929486, 370737, 144058, 550150, 125790, 34.2, 58.6, 1.00
M, 686838, 364724, 851032, 929717, 370852, 144065, 550243, 125773, 34.2, 58.6, 1.00
M, 686964, 364790, 851131, 929906, 370953, 144061, 550352, 125781, 34.2, 58.6, 1.00
M, 686979, 364766, 851089, 929846, 370880, 144058, 550346, 125761, 34.2, 58.6, 1.00
M, 686975, 364768, 851270, 930056, 370989, 144045, 550441, 125755, 34.2, 58.6, 0.99
M, 688640, 365079, 853548, 932201, 371335, 144350, 550864, 126051, 34.2, 58.6, 1.00
M, 688435, 365178, 853417, 932069, 371417, 144361, 550925, 126007, 34.2, 58.6, 1.00
M, 688227, 365298, 853124, 931774, 371439, 144282, 550927, 125920, 34.2, 58.6, 1.00
M, 688027, 365181, 852561, 931599, 371316, 144227, 550826, 125842, 34.2, 58.6, 0.99
M, 688059, 365172, 853055, 931727, 371375, 144295, 550899, 125924, 34.2, 58.6, 1.00
M, 688112, 365263, 853003, 931781, 371422, 144301, 550962, 125886, 34.2, 58.6, 1.01
M, 687765, 365243, 852825, 931609, 371396, 144287, 550963, 125887, 34.2, 58.6, 1.01
M, 688147, 365346, 853062, 932077, 371461, 144329, 551042, 125965, 34.2, 58.6, 1.01
M, 688289, 365330, 853417, 932057, 371531, 144322, 551149, 125917, 34.2, 58.6, 1.00
M, 688058, 365349, 853346, 931885, 371530, 144332, 551132, 125826, 34.2, 58.6, 1.00
M, 688098, 365387, 853524, 932201, 371551, 144427, 551229, 125956, 34.2, 58.6, 1.01
M, 688157, 365372, 853592, 932231, 371592, 144368, 551221, 125959, 34.2, 58.6, 0.99
M, 688091, 365450, 853576, 932082, 371624, 144274, 551303, 125865, 34.2, 58.6, 1.00
M, 688110, 365375, 853345, 932082, 371649, 144348, 551300, 125870, 34.2, 58.6, 1.00
M, 687870, 365337, 853475, 932195, 371664, 144369, 551331, 125842, 34.2, 58.6, 1.00
M, 688262, 365412, 853865, 932472, 371726, 144372, 551478, 125918, 34.2, 58.6, 1.00
M, 688010, 365452, 853615, 932242, 371749, 144378, 551444, 125910, 34.2, 58.6, 1.00
M, 688382, 365450, 853967, 932792, 371805, 144406, 551596, 125965, 34.2, 58.6, 1.00
M, 688574, 365600, 854344, 932721, 371875, 144427, 551670, 125942, 34.2, 58.6, 1.00
M, 688441, 365524, 854367, 932658, 371867, 144394, 551726, 125918, 34.2, 58.6, 1.00
M, 689828, 365680, 856573, 934816, 372192, 144734, 552039, 126161, 34.2, 58.6, 1.00
M, 689626, 365907, 856189, 934321, 372281, 144664, 552130, 126101, 34.2, 58.6, 1.00
M, 689408, 365832, 855864, 934165, 372251, 144620, 552108, 126086, 34.2, 58.6, 1.01
M, 689061, 365978, 855665, 933881, 372254, 144578, 552138, 126014, 34.2, 58.6, 1.00
M, 688873, 365836, 855538, 933711, 372182, 144581, 552051, 126027, 34.2, 58.6, 1.00
M, 689123, 365818, 855880, 933940, 372200, 144658, 552077, 126060, 34.2, 58.6, 1.00
M, 689022, 365823, 855874, 933998, 372186, 144594, 552121, 126072, 34.2, 58.6, 1.00
M, 689038, 365813, 855914, 934046, 372244, 144652, 552245, 126035, 34.2, 58.6, 0.99
M, 689223, 365912, 856420, 934485, 372367, 144765, 552211, 126077, 34.2, 58.6, 1.00
M, 689451, 365925, 856601, 934486, 372395, 144691, 552338, 126064, 34.2, 58.6, 1.00
M, 689039, 365895, 856057, 934259, 372369, 144671, 552326, 126041, 34.2, 58.6, 1.01
M, 688981, 365863, 856242, 934230, 372300, 144690, 552384, 126077, 34.2, 58.6, 1.00
M, 689308, 365931, 856616, 934579, 372477, 144764, 552443, 126036, 34.2, 58.6, 1.00
M, 689381, 365965, 856818, 934674, 372480, 144730, 552504, 126122, 34.2, 58.6, 1.00
M, 689680, 366089, 857129, 935188, 372565, 144752, 552623, 126164, 34.2, 58.6, 0.99
M, 689637, 366022, 857340, 935076, 372595, 144779, 552622, 126168, 34.2, 58.6, 1.00
M, 689519, 366124, 857244, 935036, 372573, 144766, 552625, 126120, 34.2, 58.6, 1.00
M, 689680, 366132, 857572, 935277, 372637, 144863, 552753, 126151, 34.2, 58.6, 1.00
M, 689595, 366128, 857552, 935254, 372683, 144826, 552758, 126133, 34.2, 58.5, 1.00
M, 689880, 366118, 857854, 935283, 372703, 144809, 552832, 126132, 34.2, 58.5, 1.00
M, 691260, 366408, 859726, 937288, 373084, 145129, 553217, 126465, 34.3, 58.5, 1.01
M, 690824, 366566, 859473, 936826, 373095, 145070, 553216, 126318, 34.3, 58.5, 1.00
M, 690444, 366519, 858910, 936238, 372985, 144969, 553128, 126247, 34.3, 58.5, 1.00
M, 690185, 366306, 858814, 936158, 372928, 144953, 553130, 126205, 34.3, 58.5, 1.00
M, 689991, 366450, 858511, 935740, 372929, 144889, 553115, 126183, 34.2, 58.5, 1.00
M, 689895, 366286, 858415, 935498, 372975, 144890, 553070, 126169, 34.2, 58.5, 1.00
M, 689608, 366279, 857938, 935537, 372880, 144884, 553007, 126096, 34.2, 58.5, 0.99
M, 689598, 366333, 858213, 935519, 372855, 144901, 553102, 126178, 34.3, 58.5, 1.01
M, 689623, 366252, 858333, 935594, 372848, 144917, 553109, 126111, 34.3, 58.5, 0.99
M, 690012, 366338, 858859, 935988, 372976, 144964, 553235, 126233, 34.3, 58.5, 1.00
M, 690115, 366371, 859108, 936148, 373028, 145009, 553307, 126228, 34.3, 58.5, 1.00
M, 689940, 366434, 859155, 936107, 372981, 144992, 553301, 126190, 34.3, 58.5, 1.01
M, 689972, 366288, 859095, 935990, 373030, 144985, 553345, 126225, 34.3, 58.5, 1.00
M, 690127, 366402, 859593, 936587, 373073, 145018, 553413, 126186, 34.3, 58.5, 1.01
M, 690297, 366444, 859670, 936574, 373103, 145059, 553438, 126279, 34.3, 58.5, 1.00
M, 690592, 366604, 860198, 937016, 373224, 145111, 553577, 126323, 34.3, 58.5, 1.01
M, 690700, 366584, 860468, 937108, 373258, 145059, 553644, 126325, 34.3, 58.5, 1.00
M, 690595, 366565, 860150, 936863, 373219, 145075, 553622, 126274, 34.3, 58.5, 1.00
M, 690604, 366604, 860453, 937117, 373254, 145120, 553695, 126275, 34.3, 58.5, 1.00
M, 690651, 366640, 860453, 937072, 373286, 145110, 553708, 126311, 34.3, 58.5, 1.00
M, 691925, 366713, 862435, 938832, 373482, 145324, 553985, 126540, 34.3, 58.5, 1.00
M, 692078, 366980, 862628, 938594, 373770, 145386, 554152, 126503, 34.3, 58.5, 1.00
M, 691589, 366876, 862141, 938205, 373573, 145307, 554009, 126419, 34.3, 58.5, 0.99
M, 691237, 366890, 861604, 937976, 373551, 145228, 554000, 126386, 34.3, 58.5, 1.00
M, 690749, 366807, 861375, 937662, 373490, 145210, 553943, 126363, 34.3, 58.5, 1.00
M, 690667, 366853, 861220, 937331, 373537, 145186, 553889, 126281, 34.3, 58.5, 1.00
M, 690581, 366683, 861076, 937057, 373406, 145179, 553819, 126261, 34.3, 58.5, 1.00
M, 690608, 366708, 861441, 937426, 373517, 145252, 553871, 126330, 34.3, 58.5, 1.00
M, 690564, 366754, 861558, 937516, 373542, 145273, 553928, 126306, 34.3, 58.5, 1.00
M, 690724, 366732, 861629, 937410, 373474, 145272, 553934, 126358, 34.3, 58.5, 1.00
M, 690957, 366792, 862135, 937847, 373568, 145312, 554099, 126369, 34.3, 58.5, 1.00
M, 690985, 366811, 862091, 937685, 373554, 145224, 554127, 126279, 34.3, 58.5, 1.00
M, 690727, 366805, 861807, 937399, 373553, 145269, 554095, 126327, 34.3, 58.5, 1.00
M, 690682, 366687, 861726, 937667, 373556, 145291, 554074, 126330, 34.3, 58.5, 1.00
M, 690937, 366775, 862369, 937963, 373619, 145329, 554181, 126328, 34.3, 58.5, 1.00
M, 690819, 366691, 862175, 937811, 373642, 145302, 554217, 126360, 34.3, 58.5, 1.00
M, 691161, 366776, 862859, 938133, 373696, 145355, 554199, 126387, 34.3, 58.5, 1.00
M, 691131, 366850, 862997, 938110, 373778, 145382, 554351, 126397, 34.3, 58.5, 1.00
M, 690937, 366742, 862867, 938055, 373670, 145407, 554243, 126368, 34.3, 58.5, 1.00
M, 691305, 366841, 863279, 938405, 373773, 145423, 554398, 126439, 34.3, 58.5, 1.00
M, 692849, 367068, 865710, 940531, 374125, 145707, 554742, 126760, 34.3, 58.5, 1.00
M, 692880, 367341, 865796, 940484, 374290, 145681, 554879, 126735, 34.3, 58.5, 1.00
M, 692401, 367266, 865044, 939613, 374075, 145606, 554719, 126543, 34.3, 58.5, 1.00
M, 692019, 367185, 864564, 939458, 374009, 145573, 554705, 126501, 34.3, 58.5, 1.01
M, 691630, 367159, 864524, 939040, 374002, 145534, 554686, 126479, 34.3, 58.5, 0.99
M, 691505, 367000, 864317, 938896, 373940, 145554, 554519, 126435, 34.3, 58.5, 1.00
M, 691696, 367125, 864756, 939146, 373968, 145550, 554613, 126525, 34.3, 58.5, 1.00
M, 691673, 367073, 864809, 939247, 374006, 145538, 554657, 126504, 34.3, 58.5, 1.00
M, 691762, 367146, 864832, 938992, 373989, 145536, 554652, 126475, 34.3, 58.5, 1.00
M, 691473, 367034, 864602, 938680, 373983, 145531, 554627, 126416, 34.3, 58.5, 1.00
M, 691253, 366929, 864409, 938756, 373895, 145528, 554607, 126459, 34.3, 58.5, 1.00
M, 691366, 367004, 864971, 939002, 374025, 145544, 554686, 126454, 34.3, 58.5, 1.00
M, 691352, 366963, 864876, 938881, 373978, 145576, 554678, 126423, 34.3, 58.5, 1.00
M, 691656, 367029, 865449, 939259, 374025, 145580, 554782, 126506, 34.3, 58.5, 1.00
M, 691679, 367043, 865669, 939276, 374079, 145630, 554787, 126482, 34.3, 58.5, 1.00
M, 691473, 367068, 865425, 939090, 374047, 145659, 554741, 126484, 34.3, 58.4, 1.00
M, 691493, 367008, 865483, 939007, 374018, 145594, 554781, 126467, 34.3, 58.4, 0.99
M, 691560, 367102, 865986, 939441, 374068, 145665, 554888, 126513, 34.3, 58.4, 1.00
M, 691602, 367004, 865950, 939351, 374130, 145727, 554889, 126566, 34.3, 58.4, 1.01
M, 691458, 367138, 866116, 939468, 374199, 145739, 554964, 126566, 34.3, 58.4, 1.00
