State, OV, Alc, H2, AC1, NH3, AC2, VOC, LP, Temp, Hud, AirFlow
A, 614535, 322162, 785604, 854514, 335884, 144095, 496905, 127240, 39.8, 46.2, 0.00
A, 604352, 319481, 771021, 841116, 332984, 142274, 493457, 125499, 39.8, 46.2, 0.56
A, 595717, 316894, 758690, 829929, 330287, 140595, 490661, 123926, 39.8, 46.2, 0.72
A, 587458, 314309, 746822, 819161, 328115, 139051, 488421, 122550, 39.8, 46.2, 0.82
A, 581525, 312281, 737545, 810981, 326641, 137679, 487135, 121481, 39.6, 46.1, 0.89
A, 577071, 310589, 730715, 804994, 325734, 136767, 486539, 120757, 39.6, 46.1, 0.92
A, 572496, 308992, 723144, 798578, 324910, 135589, 485898, 120015, 39.5, 46.1, 0.95
A, 569740, 307677, 718078, 794362, 324330, 134838, 485638, 119513, 39.5, 46.1, 0.97
A, 566997, 306433, 712761, 790418, 323930, 133975, 485546, 119081, 39.5, 46.1, 0.98
A, 565699, 305668, 709955, 788536, 323751, 133452, 485502, 118876, 39.5, 46.1, 0.98
A, 564850, 304818, 707161, 786784, 323642, 132997, 485662, 118703, 39.5, 46.1, 1.00
A, 564280, 304146, 704758, 785504, 323700, 132591, 485904, 118647, 39.4, 46.1, 1.00
A, 563854, 303443, 702516, 784258, 323820, 132229, 486210, 118438, 39.4, 46.1, 1.00
A, 563615, 302954, 700886, 783637, 323883, 131844, 486519, 118374, 39.4, 46.1, 1.00
A, 563884, 302419, 699397, 783257, 324163, 131538, 487006, 118323, 39.4, 46.1, 1.00
A, 564261, 302003, 698208, 783343, 324389, 131256, 487442, 118379, 39.3, 46.1, 1.00
A, 564899, 301802, 697537, 783703, 324721, 131157, 487934, 118381, 39.3, 46.1, 1.00
A, 565490, 301557, 696652, 784045, 325089, 130998, 488435, 118433, 39.3, 46.1, 1.00
A, 566339, 301317, 695905, 784298, 325498, 130761, 489103, 118389, 39.3, 46.1, 1.00
A, 567016, 301182, 695147, 784677, 325801, 130605, 489608, 118395, 39.3, 46.1, 0.99
A, 568843, 301285, 696396, 786959, 326448, 130688, 490449, 118641, 39.3, 46.1, 1.00
A, 569960, 301333, 696083, 787662, 326975, 130618, 491163, 118749, 39.2, 46.1, 1.00
A, 570590, 301359, 695580, 788255, 327318, 130488, 491651, 118657, 39.2, 46.1, 1.00
A, 571633, 301331, 695343, 789163, 327783, 130443, 492293, 118748, 39.2, 46.1, 1.00
A, 572601, 301434, 694878, 789581, 328191, 130319, 492873, 118691, 39.2, 46.1, 1.00
A, 573305, 301555, 694276, 790204, 328587, 130257, 493436, 118720, 39.2, 46.2, 1.00
A, 574026, 301483, 694081, 791111, 328949, 130156, 493947, 118734, 39.2, 46.2, 1.00
A, 574805, 301628, 693293, 791500, 329455, 130135, 494592, 118783, 39.1, 46.2, 1.00
A, 575471, 301713, 693182, 792150, 329711, 130126, 494990, 118794, 39.1, 46.2, 1.01
A, 576392, 301995, 692626, 793047, 330318, 129992, 495727, 118778, 39.1, 46.2, 1.00
A, 577074, 302047, 692389, 793530, 330604, 129943, 496111, 118749, 39.1, 46.2, 1.00
A, 578105, 302203, 692505, 794739, 330963, 129944, 496717, 118853, 39.1, 46.2, 1.00
A, 579137, 302422, 692600, 795740, 331399, 129869, 497290, 118869, 39.1, 46.2, 1.00
A, 579935, 302642, 692370, 796467, 331819, 129915, 497770, 118929, 39.1, 46.2, 1.00
A, 581087, 303063, 692703, 797695, 332353, 129960, 498421, 119037, 39.1, 46.2, 1.00
A, 582001, 303288, 692517, 798426, 332781, 129881, 499041, 119032, 39.1, 46.2, 1.00
A, 582815, 303491, 692379, 799158, 333159, 129897, 499480, 118966, 39.1, 46.3, 1.00
A, 583656, 303786, 692348, 800056, 333556, 129922, 500089, 119089, 39.1, 46.3, 1.00
A, 584491, 304021, 692215, 800909, 333939, 129898, 500595, 119148, 39.1, 46.3, 1.00
A, 585209, 304277, 692286, 801697, 334328, 129838, 501071, 119176, 39.1, 46.3, 1.00
A, 587770, 304833, 694667, 804776, 335109, 130118, 501975, 119447, 39.0, 46.3, 1.00
A, 588586, 305261, 694382, 805252, 335575, 130027, 502540, 119426, 39.0, 46.3, 1.00
A, 588954, 305502, 693890, 805594, 335780, 129964, 502889, 119320, 39.0, 46.3, 0.99
A, 589561, 305825, 693724, 806333, 336112, 130029, 503368, 119390, 39.0, 46.3, 1.00
A, 589984, 306107, 693369, 806858, 336445, 129994, 503721, 119343, 39.0, 46.4, 1.00
A, 590877, 306475, 693319, 807432, 336821, 129966, 504297, 119379, 39.0, 46.4, 1.00
A, 590959, 306591, 692672, 807487, 337049, 129914, 504518, 119336, 39.0, 46.4, 1.00
A, 591640, 306958, 692655, 808318, 337338, 129910, 504941, 119290, 39.0, 46.4, 1.00
A, 591998, 307311, 692057, 808554, 337688, 129862, 505353, 119291, 39.0, 46.4, 1.00
A, 592403, 307420, 691933, 809084, 337948, 129790, 505628, 119299, 39.0, 46.4, 1.00
A, 593002, 307914, 691475, 809545, 338244, 129767, 506070, 119276, 39.0, 46.4, 1.02
A, 593352, 308003, 691494, 809882, 338413, 129721, 506327, 119249, 39.0, 46.4, 1.00
A, 594020, 308289, 691627, 810771, 338777, 129767, 506772, 119321, 39.0, 46.4, 1.00
A, 594602, 308519, 691508, 811374, 339038, 129759, 507153, 119311, 39.0, 46.5, 1.00
A, 594518, 308722, 690558, 811202, 339104, 129668, 507282, 119317, 39.0, 46.5, 1.01
A, 594164, 308965, 689529, 810910, 339318, 129562, 507538, 119184, 38.9, 46.5, 1.00
A, 595336, 309217, 690081, 811942, 339610, 129637, 507969, 119188, 38.9, 46.5, 1.01
A, 595992, 309615, 690212, 812613, 339901, 129629, 508394, 119294, 38.9, 46.5, 1.00
A, 597098, 309865, 690960, 813988, 340346, 129682, 508771, 119391, 38.9, 46.5, 1.00
A, 597801, 310195, 691192, 814827, 340571, 129695, 509248, 119402, 38.9, 46.5, 0.99
A, 599789, 310713, 693274, 817315, 341201, 129933, 509955, 119690, 38.9, 46.5, 1.00
A, 600550, 311254, 693599, 818056, 341630, 130035, 510417, 119731, 38.9, 46.6, 1.00
A, 601168, 311501, 693538, 818585, 341905, 129988, 510781, 119678, 38.9, 46.6, 1.00
A, 601373, 311765, 693169, 818816, 342041, 129926, 511029, 119652, 38.9, 46.6, 1.00
A, 601731, 312059, 692986, 819272, 342331, 129972, 511261, 119705, 38.9, 46.6, 1.00
A, 602295, 312437, 693153, 819920, 342583, 129956, 511608, 119708, 38.9, 46.6, 1.01
A, 602591, 312673, 693126, 820345, 342786, 130033, 511886, 119719, 38.9, 46.6, 1.00
A, 603155, 313013, 693149, 820920, 343040, 129979, 512276, 119754, 38.9, 46.6, 0.99
A, 603387, 313135, 693031, 821135, 343192, 129985, 512408, 119696, 38.9, 46.6, 1.00
A, 603673, 313568, 692695, 821336, 343430, 129939, 512747, 119663, 38.9, 46.7, 1.00
A, 603808, 313693, 692521, 821765, 343499, 129934, 512864, 119677, 38.9, 46.7, 1.01
A, 604381, 313948, 692778, 822317, 343777, 129921, 513169, 119755, 38.9, 46.7, 1.00
A, 604499, 314169, 692539, 822464, 343918, 129956, 513387, 119707, 38.8, 46.7, 1.00
A, 605004, 314417, 692520, 822967, 344118, 129912, 513666, 119674, 38.8, 46.7, 1.01
A, 604938, 314681, 691876, 822940, 344187, 129855, 513773, 119635, 38.8, 46.7, 1.00
A, 605328, 314805, 691987, 823328, 344372, 129872, 514032, 119674, 38.8, 46.7, 1.00
A, 605895, 315145, 692239, 824061, 344578, 129872, 514241, 119663, 38.8, 46.8, 0.99
A, 606005, 315288, 692195, 824388, 344822, 129949, 514597, 119756, 38.8, 46.8, 1.00
A, 606606, 315718, 692537, 825087, 345029, 129903, 514913, 119775, 38.8, 46.8, 1.00
A, 607196, 315890, 692657, 825583, 345210, 129939, 515202, 119755, 38.8, 46.8, 1.00
A, 608868, 316338, 694479, 827745, 345721, 130171, 515769, 120067, 38.8, 46.8, 0.99
A, 609175, 316644, 694370, 827976, 345964, 130135, 516021, 120035, 38.8, 46.8, 1.00
A, 609238, 316923, 693987, 828039, 346082, 130113, 516152, 119990, 38.8, 46.8, 1.00
A, 609258, 317069, 693805, 828128, 346141, 130159, 516297, 120028, 38.8, 46.8, 1.00
A, 609551, 317242, 693910, 828590, 346298, 130136, 516469, 119948, 38.8, 46.8, 1.00
A, 609871, 317586, 693828, 828773, 346410, 130082, 516702, 119884, 38.8, 46.8, 1.01
A, 609661, 317643, 693300, 828695, 346490, 130013, 516732, 119818, 38.8, 46.9, 1.00
A, 609843, 317814, 693273, 828961, 346653, 130104, 516945, 119862, 38.8, 46.9, 1.00
A, 609868, 318033, 692675, 828753, 346730, 129977, 517089, 119819, 38.8, 46.9, 0.99
A, 609885, 318086, 692548, 828834, 346852, 129966, 517176, 119801, 38.8, 46.9, 1.00
A, 609849, 318335, 692104, 828888, 346961, 129970, 517388, 119792, 38.8, 46.9, 1.00
A, 609932, 318396, 691834, 829025, 346916, 129966, 517358, 119782, 38.8, 46.9, 1.00
A, 610321, 318578, 692161, 829575, 347116, 129886, 517619, 119819, 38.8, 46.9, 1.00
A, 610576, 318702, 692191, 829832, 347232, 129910, 517803, 119800, 38.8, 46.9, 0.99
A, 610859, 318864, 691912, 829845, 347369, 129845, 517935, 119730, 38.8, 46.9, 1.00
A, 610773, 318999, 691887, 830173, 347439, 129901, 518097, 119790, 38.8, 46.9, 1.00
A, 611442, 319319, 692348, 830885, 347716, 129924, 518365, 119760, 38.8, 46.9, 1.00
A, 611444, 319374, 692059, 830972, 347788, 129947, 518464, 119772, 38.8, 47.0, 1.00
A, 611649, 319452, 691972, 831096, 347753, 129919, 518577, 119789, 38.8, 47.0, 1.00
A, 612014, 319703, 692096, 831602, 348003, 129953, 518772, 119804, 38.8, 47.0, 1.00
A, 613980, 320122, 694345, 833835, 348529, 130209, 519391, 120113, 38.8, 47.0, 1.01
A, 613659, 320394, 693888, 833547, 348564, 130145, 519493, 119980, 38.8, 47.0, 1.00
A, 613774, 320520, 693755, 833768, 348640, 130127, 519658, 119966, 38.8, 47.0, 1.00
A, 613622, 320623, 693251, 833739, 348742, 130014, 519599, 119898, 38.8, 47.0, 1.00
A, 613731, 320768, 693257, 833873, 348795, 130126, 519792, 119965, 38.8, 47.0, 1.00
A, 613665, 320841, 693012, 833946, 348897, 130045, 519865, 119900, 38.8, 47.0, 1.01
A, 613945, 320997, 692860, 833941, 349024, 130012, 520048, 119908, 38.8, 47.0, 1.00
A, 613794, 321020, 692400, 833816, 348983, 129951, 520044, 119853, 38.8, 47.1, 1.00
A, 613994, 321226, 692435, 834137, 349110, 130005, 520193, 119938, 38.8, 47.1, 1.00
A, 613723, 321315, 691848, 833761, 349075, 129895, 520165, 119755, 38.8, 47.1, 1.00
A, 613698, 321353, 691744, 833847, 349133, 129929, 520265, 119803, 38.8, 47.1, 1.00
A, 613791, 321590, 691277, 833763, 349238, 129877, 520429, 119783, 38.8, 47.1, 1.00
A, 613714, 321496, 691326, 833811, 349170, 129846, 520424, 119711, 38.8, 47.1, 1.00
A, 614025, 321682, 691438, 834362, 349328, 129934, 520602, 119792, 38.8, 47.1, 1.00
A, 614149, 321762, 691425, 834445, 349480, 129811, 520734, 119816, 38.7, 47.1, 1.00
A, 614316, 321841, 691279, 834575, 349464, 129816, 520822, 119796, 38.7, 47.1, 1.00
A, 614775, 322044, 691855, 835240, 349729, 129938, 521016, 119805, 38.7, 47.1, 1.00
A, 615067, 322204, 691966, 835554, 349799, 129854, 521229, 119821, 38.7, 47.1, 1.01
A, 614944, 322262, 691562, 835423, 349893, 129871, 521230, 119792, 38.7, 47.2, 1.01
A, 614901, 322273, 691317, 835515, 349852, 129863, 521321, 119787, 38.7, 47.2, 0.99
A, 616821, 322681, 693704, 838002, 350359, 130111, 521883, 120101, 38.7, 47.2, 0.99
A, 616784, 322915, 693339, 837833, 350457, 130085, 521965, 119989, 38.7, 47.2, 1.00
A, 616810, 323009, 693361, 838055, 350515, 130059, 522107, 120035, 38.7, 47.1, 1.00
A, 616947, 323138, 693273, 838118, 350551, 130079, 522155, 120000, 38.7, 47.1, 1.00
A, 616741, 323286, 692801, 837865, 350596, 130004, 522212, 119927, 38.7, 47.2, 1.00
A, 616633, 323198, 692415, 837718, 350572, 130002, 522205, 119873, 38.7, 47.2, 1.00
A, 616961, 323427, 692755, 838066, 350724, 130000, 522324, 119942, 38.7, 47.2, 0.98
A, 616939, 323514, 692436, 838055, 350760, 129991, 522394, 119894, 38.7, 47.2, 1.00
A, 616717, 323581, 692192, 837893, 350802, 129957, 522441, 119847, 38.7, 47.2, 1.00
A, 616941, 323660, 692226, 838234, 350836, 129987, 522560, 119861, 38.7, 47.2, 1.01
A, 616640, 323696, 691684, 837894, 350832, 129926, 522571, 119814, 38.7, 47.2, 1.01
A, 616596, 323755, 691553, 837937, 350874, 129939, 522591, 119829, 38.7, 47.2, 1.00
A, 616650, 323834, 691434, 837973, 350957, 129851, 522717, 119773, 38.7, 47.2, 1.00
A, 616780, 323846, 691365, 837935, 350922, 129901, 522697, 119772, 38.7, 47.2, 0.99
A, 616558, 323884, 691086, 838025, 350922, 129840, 522773, 119768, 38.7, 47.2, 1.00
A, 616810, 323905, 691040, 838089, 350972, 129768, 522750, 119706, 38.7, 47.2, 1.00
A, 616965, 323998, 691100, 838366, 351080, 129783, 522974, 119788, 38.7, 47.2, 1.00
A, 617238, 324146, 691487, 838860, 351216, 129875, 523115, 119823, 38.7, 47.2, 0.99
A, 617561, 324262, 691432, 838943, 351292, 129887, 523214, 119814, 38.7, 47.2, 1.00
A, 617603, 324271, 691492, 838965, 351344, 129857, 523286, 119781, 38.7, 47.3, 1.00
A, 618979, 324587, 693199, 841026, 351667, 130057, 523671, 119998, 38.7, 47.3, 1.00
A, 619170, 324883, 693292, 841258, 351861, 130119, 523870, 120067, 38.7, 47.3, 1.01
A, 619061, 324862, 692757, 840905, 351823, 130089, 523899, 120011, 38.7, 47.3, 1.00
A, 619231, 325040, 693050, 841244, 351936, 130118, 523938, 120057, 38.7, 47.3, 0.99
A, 619073, 325101, 692750, 841180, 351993, 129996, 524010, 119972, 38.7, 47.3, 1.00
A, 618842, 325101, 692343, 840929, 351916, 130003, 524039, 119826, 38.7, 47.3, 1.00
A, 618855, 325149, 692137, 840949, 351922, 129977, 524014, 119910, 38.7, 47.3, 1.00
A, 619002, 325221, 692343, 841250, 352019, 129980, 524133, 119919, 38.7, 47.3, 1.00
A, 619057, 325370, 691972, 840938, 352071, 129942, 524151, 119886, 38.7, 47.3, 1.00
A, 618874, 325341, 691757, 840800, 352024, 129887, 524157, 119851, 38.7, 47.3, 1.00
A, 618995, 325372, 691901, 841230, 352083, 129906, 524235, 119815, 38.7, 47.3, 1.00
A, 618607, 325398, 691359, 840772, 352105, 129868, 524244, 119808, 38.7, 47.3, 1.01
A, 618672, 325406, 691127, 840714, 352038, 129919, 524275, 119829, 38.7, 47.3, 1.00
A, 618559, 325528, 691105, 840840, 352123, 129843, 524369, 119768, 38.7, 47.4, 1.01
A, 618566, 325535, 690857, 840741, 352114, 129805, 524258, 119739, 38.7, 47.4, 1.00
A, 618850, 325513, 691176, 841095, 352178, 129811, 524441, 119778, 38.7, 47.4, 0.99
A, 618943, 325630, 691199, 841309, 352261, 129804, 524433, 119747, 38.7, 47.4, 1.01
A, 618961, 325638, 691007, 841384, 352246, 129826, 524576, 119790, 38.7, 47.4, 1.00
A, 619236, 325720, 691345, 841796, 352383, 129834, 524665, 119832, 38.7, 47.4, 1.01
A, 619362, 325858, 691367, 841846, 352498, 129860, 524700, 119772, 38.7, 47.4, 1.00
A, 620947, 326082, 693245, 843702, 352743, 130057, 525203, 120067, 38.7, 47.4, 1.00
A, 620758, 326235, 692981, 843724, 352938, 130076, 525224, 120046, 38.7, 47.4, 1.00
A, 620722, 326313, 692623, 843560, 352871, 130008, 525269, 120004, 38.7, 47.4, 1.00
A, 620582, 326362, 692487, 843412, 352849, 129930, 525243, 119943, 38.7, 47.4, 0.99
A, 620728, 326469, 692635, 843603, 352931, 130006, 525348, 119922, 38.7, 47.5, 0.99
A, 620592, 326403, 692253, 843390, 352929, 129997, 525318, 119864, 38.7, 47.5, 1.00
A, 620405, 326457, 692007, 843222, 352908, 129947, 525308, 119852, 38.7, 47.5, 1.00
A, 620199, 326419, 691701, 843214, 352903, 129973, 525302, 119873, 38.7, 47.5, 1.01
A, 620376, 326565, 691910, 843441, 352955, 129939, 525417, 119825, 38.7, 47.5, 0.99
A, 620342, 326599, 691581, 843302, 352950, 129890, 525418, 119882, 38.7, 47.5, 1.00
A, 620696, 326642, 691909, 843483, 353087, 129959, 525507, 119839, 38.7, 47.5, 0.99
A, 620317, 326633, 691634, 843464, 353007, 129920, 525428, 119815, 38.7, 47.5, 1.00
A, 620167, 326725, 691194, 842980, 353059, 129848, 525481, 119786, 38.7, 47.5, 1.00
A, 620045, 326675, 691057, 843179, 352971, 129817, 525494, 119748, 38.7, 47.5, 1.00
A, 619964, 326663, 690738, 843024, 353022, 129773, 525507, 119688, 38.6, 47.5, 0.99
A, 619978, 326595, 690504, 842737, 353051, 129768, 525432, 119680, 38.6, 47.5, 1.00
A, 620248, 326642, 690897, 843311, 353021, 129781, 525587, 119748, 38.6, 47.5, 1.00
A, 620177, 326718, 690940, 843364, 353017, 129801, 525616, 119741, 38.6, 47.5, 1.01
A, 620108, 326730, 690769, 843445, 353095, 129831, 525660, 119762, 38.6, 47.5, 1.01
A, 620104, 326799, 690605, 843423, 353202, 129820, 525741, 119720, 38.6, 47.5, 1.00
A, 622153, 327118, 693061, 845696, 353567, 130043, 526235, 119986, 38.6, 47.5, 1.01
A, 621653, 327172, 692389, 845184, 353579, 129919, 526241, 119938, 38.6, 47.5, 1.00
A, 621733, 327266, 692366, 845152, 353563, 129975, 526209, 119914, 38.6, 47.5, 1.00
A, 621353, 327211, 691832, 844816, 353478, 129919, 526092, 119818, 38.6, 47.5, 1.00
A, 621298, 327286, 691858, 845064, 353536, 129936, 526120, 119886, 38.6, 47.5, 0.99
A, 621241, 327276, 691627, 844924, 353502, 129888, 526144, 119891, 38.6, 47.6, 1.01
A, 621265, 327305, 691595, 844826, 353580, 129800, 526176, 119731, 38.6, 47.6, 1.01
A, 621152, 327282, 691397, 844663, 353589, 129888, 526182, 119760, 38.6, 47.6, 1.00
A, 621010, 327263, 691023, 844664, 353525, 129860, 526238, 119807, 38.6, 47.6, 0.99
A, 621227, 327328, 691284, 844944, 353567, 129872, 526289, 119776, 38.6, 47.6, 1.01
A, 621282, 327335, 691267, 844921, 353590, 129869, 526322, 119817, 38.6, 47.6, 1.01
A, 621396, 327467, 691359, 845040, 353715, 129860, 526368, 119708, 38.6, 47.6, 0.99
A, 621322, 327461, 691183, 844992, 353652, 129854, 526317, 119706, 38.6, 47.6, 1.00
A, 621083, 327422, 690802, 844810, 353653, 129750, 526427, 119688, 38.6, 47.6, 1.00
A, 620894, 327361, 690423, 844492, 353627, 129768, 526317, 119652, 38.6, 47.6, 0.99
A, 620727, 327437, 690159, 844250, 353582, 129703, 526343, 119629, 38.6, 47.6, 0.99
A, 620627, 327241, 689934, 844070, 353470, 129575, 526223, 119596, 38.6, 47.6, 1.00
A, 620817, 327378, 690178, 844610, 353607, 129719, 526391, 119629, 38.6, 47.6, 1.01
A, 620867, 327376, 690268, 844678, 353658, 129695, 526360, 119709, 38.6, 47.6, 1.01
A, 620971, 327402, 690296, 844773, 353679, 129767, 526479, 119654, 38.6, 47.6, 1.01
A, 622727, 327719, 692643, 847134, 354077, 129974, 527008, 120007, 38.6, 47.6, 0.99
A, 622665, 327804, 692190, 846730, 354115, 129893, 526993, 119812, 38.6, 47.6, 1.00
A, 622449, 327847, 691649, 846325, 354107, 129858, 526964, 119807, 38.6, 47.6, 1.01
A, 622127, 327857, 691548, 846347, 354048, 129884, 526876, 119752, 38.6, 47.6, 0.99
A, 622234, 327867, 691553, 846425, 354094, 129894, 526922, 119776, 38.6, 47.6, 1.00
A, 621996, 327818, 691146, 846221, 354026, 129818, 526853, 119737, 38.6, 47.6, 1.01
A, 622110, 327874, 691142, 846265, 354051, 129798, 526995, 119774, 38.6, 47.6, 1.00
A, 622208, 327972, 691270, 846167, 354124, 129850, 526973, 119722, 38.6, 47.6, 1.00
A, 621991, 327953, 690970, 846090, 354088, 129737, 526915, 119719, 38.6, 47.7, 0.99
A, 622091, 327969, 691148, 846290, 354111, 129778, 527019, 119674, 38.6, 47.7, 0.99
A, 621760, 327911, 690741, 846095, 354006, 129712, 526952, 119699, 38.6, 47.7, 1.01
A, 621952, 327938, 690868, 846314, 354108, 129752, 527064, 119656, 38.6, 47.7, 1.01
A, 622147, 327966, 690730, 846093, 354226, 129767, 527048, 119629, 38.6, 47.7, 0.99
A, 621895, 327933, 690636, 846134, 354080, 129738, 527000, 119691, 38.6, 47.7, 1.00
A, 621665, 327946, 690249, 845919, 354114, 129729, 527038, 119622, 38.6, 47.7, 1.01
A, 621536, 327917, 690008, 845836, 354068, 129744, 526974, 119590, 38.6, 47.7, 1.01
A, 621855, 327992, 690465, 846360, 354136, 129679, 527082, 119650, 38.6, 47.7, 1.01
A, 622013, 327965, 690537, 846345, 354179, 129646, 527122, 119672, 38.6, 47.7, 1.01
A, 622141, 328102, 690605, 846471, 354275, 129742, 527201, 119640, 38.6, 47.7, 1.01
A, 622086, 328031, 690371, 846346, 354287, 129718, 527227, 119686, 38.6, 47.7, 0.99
A, 623423, 328300, 692316, 848307, 354493, 129937, 527546, 119855, 38.6, 47.7, 1.00
A, 623658, 328506, 692343, 848503, 354686, 129913, 527689, 119888, 38.6, 47.7, 1.00
A, 623383, 328477, 692020, 848255, 354646, 129912, 527664, 119906, 38.6, 47.7, 1.00
A, 623567, 328587, 692068, 848342, 354677, 129947, 527726, 119844, 38.6, 47.7, 1.00
A, 623423, 328584, 692038, 848198, 354674, 129911, 527740, 119803, 38.6, 47.7, 1.00
A, 623104, 328491, 691725, 847927, 354600, 129825, 527632, 119731, 38.6, 47.7, 1.01
A, 623058, 328560, 691577, 847913, 354624, 129840, 527616, 119759, 38.6, 47.7, 0.99
A, 623028, 328505, 691418, 847966, 354595, 129860, 527579, 119736, 38.6, 47.7, 1.00
A, 622892, 328502, 691276, 847767, 354591, 129837, 527628, 119783, 38.6, 47.7, 1.00
A, 623002, 328572, 691390, 848088, 354652, 129855, 527653, 119753, 38.6, 47.7, 1.01
A, 623072, 328588, 691496, 848015, 354667, 129834, 527722, 119738, 38.6, 47.7, 1.00
A, 622898, 328575, 691193, 847863, 354645, 129779, 527653, 119643, 38.6, 47.7, 1.01
A, 622635, 328519, 690899, 847760, 354628, 129811, 527652, 119757, 38.6, 47.7, 1.01
A, 622470, 328549, 690323, 847097, 354585, 129742, 527590, 119626, 38.6, 47.7, 1.00
A, 622248, 328404, 690107, 847000, 354490, 129662, 527431, 119532, 38.6, 47.7, 0.99
A, 622083, 328488, 689716, 846699, 354446, 129647, 527549, 119556, 38.6, 47.8, 1.00
A, 622000, 328408, 689817, 846767, 354397, 129643, 527428, 119552, 38.6, 47.8, 1.00
A, 622212, 328439, 690116, 847195, 354498, 129718, 527550, 119600, 38.6, 47.8, 0.99
A, 622330, 328402, 690209, 847416, 354626, 129694, 527667, 119616, 38.6, 47.8, 1.00
A, 622630, 328475, 690328, 847342, 354622, 129681, 527729, 119625, 38.6, 47.8, 0.99
A, 623777, 328651, 691878, 849181, 354827, 129862, 527956, 119895, 38.6, 47.8, 1.00
A, 623799, 328852, 691982, 849146, 354979, 129866, 528096, 119790, 38.6, 47.8, 1.01
A, 623680, 328834, 691691, 848985, 354939, 129867, 528059, 119749, 38.6, 47.8, 1.01
A, 623499, 328783, 691448, 848681, 354857, 129814, 528008, 119762, 38.6, 47.8, 1.00
A, 623580, 328787, 691535, 849032, 354924, 129860, 528086, 119787, 38.6, 47.8, 1.01
A, 623412, 328882, 691253, 848567, 354908, 129870, 528069, 119739, 38.6, 47.8, 1.00
A, 623273, 328811, 690937, 848234, 354901, 129751, 527965, 119668, 38.6, 47.8, 1.00
A, 623057, 328753, 690784, 848387, 354854, 129733, 528030, 119659, 38.6, 47.8, 1.00
A, 623230, 328837, 690971, 848576, 354890, 129755, 528048, 119597, 38.6, 47.8, 0.99
A, 622962, 328775, 690709, 848386, 354834, 129722, 527930, 119698, 38.6, 47.8, 1.01
A, 623190, 328820, 690805, 848523, 354916, 129786, 528087, 119706, 38.6, 47.9, 1.00
A, 623298, 328890, 690953, 848586, 354956, 129759, 528094, 119666, 38.6, 47.9, 1.00
A, 622994, 328838, 690725, 848456, 354930, 129753, 528038, 119536, 38.6, 47.8, 1.00
A, 623280, 328901, 690933, 848637, 354942, 129776, 528135, 119684, 38.6, 47.8, 1.01
A, 623022, 328857, 690389, 848158, 354960, 129698, 528061, 119547, 38.6, 47.9, 1.01
A, 622626, 328768, 690070, 848063, 354835, 129715, 527923, 119521, 38.6, 47.9, 1.01
A, 622774, 328761, 689982, 848002, 354887, 129661, 528038, 119537, 38.6, 47.9, 1.01
A, 622637, 328748, 690035, 848070, 354835, 129598, 528018, 119530, 38.6, 47.9, 0.99
A, 622851, 328792, 690228, 848352, 354917, 129678, 528074, 119592, 38.6, 47.9, 1.00
A, 622930, 328840, 690291, 848499, 354928, 129712, 528184, 119626, 38.6, 47.9, 1.01
A, 624518, 329082, 692330, 850507, 355268, 129915, 528510, 119907, 38.6, 47.9, 1.01
A, 624699, 329267, 692357, 850492, 355384, 129859, 528588, 119894, 38.6, 47.9, 1.00
A, 624462, 329241, 692124, 850241, 355366, 129872, 528576, 119783, 38.6, 47.9, 0.99
A, 624312, 329266, 691683, 849884, 355289, 129897, 528538, 119776, 38.6, 47.9, 1.00
A, 624005, 329202, 691485, 849838, 355267, 129782, 528443, 119730, 38.6, 47.9, 1.00
A, 623977, 329235, 691425, 849766, 355261, 129861, 528518, 119695, 38.6, 47.9, 0.99
A, 623807, 329176, 691192, 849623, 355241, 129880, 528502, 119760, 38.6, 47.9, 1.01
A, 623980, 329248, 691333, 849700, 355257, 129778, 528432, 119696, 38.6, 47.9, 0.99
A, 623981, 329268, 691416, 849878, 355300, 129838, 528507, 119687, 38.6, 47.9, 1.00
A, 623763, 329224, 691110, 849643, 355273, 129814, 528494, 119687, 38.6, 47.9, 1.00
A, 623888, 329257, 691262, 849687, 355281, 129830, 528506, 119760, 38.6, 47.9, 1.00
A, 623816, 329215, 691098, 849685, 355266, 129802, 528513, 119632, 38.6, 47.9, 0.99
A, 623929, 329223, 691128, 849661, 355267, 129730, 528553, 119676, 38.6, 47.9, 0.99
A, 623874, 329217, 690831, 849410, 355277, 129748, 528536, 119663, 38.6, 47.9, 0.99
A, 623620, 329195, 690840, 849446, 355208, 129742, 528449, 119597, 38.6, 47.9, 1.00
A, 623147, 329189, 690266, 848972, 355175, 129701, 528327, 119552, 38.6, 47.9, 1.00
A, 623115, 329064, 690123, 848896, 355069, 129675, 528322, 119527, 38.6, 47.9, 1.01
A, 623057, 329127, 690012, 848860, 355147, 129668, 528399, 119466, 38.6, 47.9, 1.01
A, 623066, 329034, 689941, 848743, 355088, 129635, 528344, 119506, 38.6, 47.9, 0.99
A, 623237, 329064, 690123, 849057, 355169, 129715, 528426, 119556, 38.6, 47.9, 1.00
A, 624882, 329355, 692239, 851116, 355503, 129904, 528832, 119840, 38.6, 47.9, 0.98
A, 624706, 329463, 692125, 850932, 355577, 129910, 528836, 119760, 38.6, 47.9, 1.00
A, 624710, 329460, 692156, 851075, 355660, 129885, 528876, 119774, 38.6, 47.9, 1.00
A, 624723, 329543, 691935, 850693, 355548, 129883, 528899, 119768, 38.6, 47.9, 1.01
A, 624379, 329439, 691614, 850542, 355526, 129745, 528776, 119667, 38.6, 47.9, 1.01
A, 624104, 329448, 691252, 850338, 355441, 129838, 528750, 119638, 38.6, 47.9, 1.00
A, 624115, 329432, 691318, 850431, 355448, 129819, 528787, 119647, 38.6, 48.0, 1.00
A, 624140, 329448, 691266, 850278, 355374, 129777, 528740, 119631, 38.6, 48.0, 1.00
A, 624246, 329371, 691432, 850581, 355492, 129797, 528795, 119663, 38.6, 48.0, 1.00
A, 624360, 329469, 691247, 850358, 355473, 129776, 528803, 119660, 38.6, 48.0, 0.99
A, 624018, 329410, 690963, 850099, 355363, 129688, 528762, 119640, 38.6, 48.0, 1.00
A, 624022, 329415, 691110, 850321, 355454, 129798, 528745, 119640, 38.6, 48.0, 1.00
A, 623943, 329376, 690930, 850256, 355452, 129757, 528725, 119606, 38.6, 47.9, 1.00
A, 624143, 329484, 691008, 850128, 355431, 129725, 528814, 119567, 38.6, 47.9, 1.00
A, 623837, 329399, 690723, 849927, 355448, 129694, 528741, 119509, 38.6, 48.0, 1.00
A, 623339, 329294, 690044, 849463, 355299, 129648, 528577, 119438, 38.6, 48.0, 1.00
A, 621871, 329221, 687500, 846861, 355130, 129346, 528341, 119250, 38.5, 47.9, 1.00
A, 622024, 328941, 688470, 847974, 354886, 129439, 528234, 119312, 38.5, 47.9, 1.00
A, 622264, 328988, 688677, 848251, 355102, 129480, 528381, 119352, 38.5, 47.9, 0.99
A, 622454, 328942, 688622, 848181, 355100, 129522, 528332, 119359, 38.5, 47.9, 1.00
A, 624169, 329175, 691035, 850740, 355478, 129706, 528864, 119729, 38.5, 47.9, 1.00
A, 624272, 329435, 691011, 850651, 355548, 129641, 528961, 119625, 38.5, 48.0, 1.00
A, 624141, 329320, 690918, 850607, 355559, 129746, 528943, 119645, 38.5, 48.0, 1.00
A, 624237, 329403, 690941, 850693, 355572, 129751, 528968, 119719, 38.5, 47.9, 1.00
A, 624288, 329468, 690917, 850539, 355559, 129756, 528951, 119608, 38.5, 47.9, 1.00
A, 624112, 329425, 690682, 850379, 355563, 129641, 528942, 119587, 38.5, 48.0, 1.00
A, 624161, 329396, 690562, 850502, 355597, 129713, 528885, 119567, 38.5, 48.0, 1.00
A, 624116, 329371, 690645, 850453, 355598, 129694, 528964, 119544, 38.5, 48.0, 1.00
A, 624023, 329355, 690505, 850516, 355558, 129695, 528917, 119612, 38.5, 48.0, 1.00
A, 623978, 329415, 690539, 850545, 355569, 129679, 528966, 119588, 38.6, 48.0, 0.99
A, 624178, 329446, 690614, 850490, 355542, 129635, 528960, 119538, 38.6, 48.0, 0.99
A, 624098, 329392, 690524, 850505, 355588, 129662, 528982, 119511, 38.5, 48.0, 0.99
A, 624064, 329409, 690569, 850664, 355617, 129708, 529000, 119603, 38.5, 48.0, 1.01
A, 623977, 329458, 690503, 850642, 355621, 129662, 528995, 119619, 38.5, 48.0, 1.00
A, 624291, 329489, 690817, 850918, 355608, 129699, 529034, 119618, 38.5, 48.0, 1.01
A, 623918, 329389, 690297, 850401, 355600, 129664, 529053, 119533, 38.5, 48.0, 1.00
A, 624066, 329430, 690257, 850387, 355543, 129633, 529025, 119540, 38.5, 48.0, 1.00
A, 623833, 329458, 690062, 850292, 355622, 129560, 528989, 119500, 38.5, 48.0, 1.00
A, 623796, 329387, 690022, 850232, 355476, 129657, 528897, 119484, 38.5, 48.0, 1.01
A, 623786, 329442, 689843, 850035, 355580, 129586, 529035, 119500, 38.5, 48.0, 0.99
A, 624893, 329510, 691392, 851564, 355683, 129744, 529206, 119616, 38.5, 48.0, 0.99
A, 624855, 329671, 691454, 851780, 355849, 129820, 529304, 119600, 38.5, 48.0, 1.00
A, 624749, 329577, 691278, 851572, 355798, 129776, 529313, 119631, 38.5, 48.0, 1.01
A, 624706, 329566, 690974, 851388, 355766, 129743, 529192, 119635, 38.5, 48.0, 1.00
A, 624817, 329626, 691316, 851669, 355871, 129815, 529236, 119675, 38.5, 48.0, 1.01
A, 624712, 329663, 691011, 851290, 355853, 129663, 529267, 119598, 38.5, 48.0, 1.00
A, 624460, 329580, 690520, 850938, 355712, 129649, 529159, 119474, 38.5, 48.0, 1.00
A, 624207, 329491, 690524, 850992, 355664, 129641, 529141, 119503, 38.5, 48.0, 1.01
A, 624320, 329588, 690648, 851197, 355778, 129697, 529213, 119556, 38.5, 48.0, 0.99
A, 624152, 329518, 690450, 851062, 355677, 129645, 529155, 119549, 38.5, 48.0, 1.00
A, 624514, 329552, 690729, 851345, 355776, 129696, 529265, 119552, 38.5, 48.1, 1.00
A, 624577, 329601, 690741, 851202, 355801, 129703, 529263, 119550, 38.5, 48.1, 0.99
A, 624339, 329585, 690439, 850954, 355777, 129666, 529172, 119516, 38.5, 48.1, 1.00
A, 624329, 329584, 690500, 851096, 355764, 129726, 529271, 119559, 38.5, 48.1, 0.99
A, 624264, 329541, 690518, 851094, 355767, 129649, 529250, 119520, 38.5, 48.1, 1.01
A, 624192, 329603, 690449, 851114, 355707, 129631, 529269, 119522, 38.5, 48.1, 0.99
A, 624362, 329635, 690445, 851170, 355831, 129669, 529294, 119505, 38.5, 48.1, 1.00
A, 624311, 329597, 690454, 851066, 355796, 129580, 529225, 119463, 38.5, 48.1, 1.00
A, 624026, 329551, 690234, 850898, 355764, 129616, 529252, 119460, 38.5, 48.1, 1.00
A, 623929, 329517, 690130, 850981, 355709, 129631, 529158, 119455, 38.5, 48.1, 1.01
A, 625763, 329793, 692306, 853106, 356108, 129842, 529655, 119808, 38.5, 48.1, 1.00
A, 625666, 329947, 692149, 852984, 356087, 129832, 529705, 119713, 38.5, 48.1, 1.00
A, 625329, 329852, 691731, 852435, 356124, 129806, 529588, 119621, 38.5, 48.1, 1.00
A, 625090, 329832, 691244, 852019, 355966, 129719, 529549, 119618, 38.5, 48.1, 0.99
A, 624808, 329781, 691108, 851956, 355953, 129719, 529428, 119602, 38.5, 48.1, 0.99
A, 624921, 329857, 691165, 852079, 355939, 129709, 529487, 119553, 38.5, 48.1, 0.99
A, 624667, 329747, 691000, 851934, 355980, 129765, 529435, 119641, 38.5, 48.1, 0.99
A, 624893, 329839, 691133, 852104, 356021, 129763, 529474, 119637, 38.5, 48.1, 1.00
A, 624814, 329772, 691031, 851954, 355950, 129713, 529489, 119540, 38.5, 48.1, 1.00
A, 624621, 329723, 690786, 851641, 355876, 129699, 529399, 119544, 38.5, 48.1, 1.01
A, 624560, 329770, 690544, 851610, 355916, 129709, 529411, 119534, 38.5, 48.1, 1.01
A, 624686, 329777, 690955, 851818, 355956, 129661, 529434, 119564, 38.5, 48.1, 0.99
A, 624545, 329764, 690835, 851844, 355929, 129689, 529441, 119544, 38.5, 48.1, 1.00
A, 624712, 329735, 691009, 852014, 355961, 129724, 529467, 119582, 38.5, 48.1, 1.00
A, 624932, 329869, 691138, 852066, 355965, 129690, 529492, 119516, 38.5, 48.1, 1.01
A, 624661, 329805, 690852, 851868, 355958, 129673, 529477, 119539, 38.5, 48.1, 1.00
A, 624713, 329820, 690971, 852059, 355933, 129735, 529527, 119546, 38.5, 48.1, 1.00
A, 624430, 329716, 690581, 851524, 355953, 129654, 529405, 119494, 38.5, 48.1, 1.00
A, 624383, 329668, 690456, 851620, 355859, 129590, 529313, 119462, 38.5, 48.1, 1.00
A, 624290, 329719, 690362, 851488, 355894, 129606, 529423, 119506, 38.5, 48.1, 1.00
M, 622877, 329608, 687592, 848232, 355689, 129148, 528922, 118784, 38.5, 48.1, 0.05
M, 614110, 327786, 676556, 837750, 353302, 128001, 526108, 117387, 38.6, 48.1, 0.54
M, 608015, 326121, 668365, 829884, 351318, 127017, 523843, 116334, 38.6, 48.1, 0.73
M, 601755, 324494, 659923, 822033, 349658, 126037, 522265, 115345, 38.6, 48.0, 0.84
M, 598767, 323895, 654987, 817792, 348903, 125421, 521793, 114770, 38.6, 48.0, 0.89
M, 596366, 323659, 649901, 813937, 348379, 124894, 521644, 114306, 38.6, 48.0, 0.93
M, 594816, 323689, 644885, 810456, 347995, 124229, 521583, 113823, 38.6, 47.7, 0.96
M, 594422, 323929, 640863, 808263, 347926, 123798, 521668, 113325, 38.6, 47.7, 0.96
M, 594633, 324239, 637512, 807008, 347756, 123329, 521716, 113007, 38.6, 47.6, 0.99
M, 595352, 324514, 635064, 806698, 347806, 123084, 521903, 112877, 38.6, 47.6, 0.98
M, 596567, 324764, 633234, 807099, 347903, 122847, 522108, 112716, 38.6, 47.4, 1.00
M, 597793, 324951, 631544, 807585, 347907, 122687, 522219, 112570, 38.6, 47.4, 1.00
M, 599436, 325110, 630440, 808654, 348034, 122562, 522467, 112561, 38.6, 47.4, 0.99
M, 601151, 325219, 629273, 809639, 348149, 122366, 522624, 112439, 38.6, 47.4, 0.99
M, 602386, 325174, 628234, 810819, 348141, 122320, 522765, 112413, 38.5, 47.3, 1.01
M, 603333, 325015, 627033, 811740, 348190, 122329, 522826, 112395, 38.5, 47.3, 1.00
M, 604890, 324948, 626735, 813240, 348284, 122247, 523066, 112302, 38.5, 47.3, 1.00
M, 606161, 324866, 626255, 814513, 348438, 122247, 523281, 112374, 38.5, 47.3, 1.00
M, 607625, 324819, 626310, 816245, 348684, 122323, 523572, 112457, 38.5, 47.2, 1.00
M, 608895, 324677, 626004, 817488, 348811, 122286, 523856, 112387, 38.5, 47.2, 1.00
M, 611228, 324725, 627486, 820592, 349316, 122528, 524440, 112676, 38.5, 47.2, 1.00
M, 612186, 324809, 627328, 821817, 349586, 122502, 524807, 112693, 38.5, 47.2, 0.99
M, 612549, 324632, 626556, 822397, 349780, 122538, 524994, 112652, 38.5, 47.1, 1.00
M, 613034, 324430, 626176, 823034, 349809, 122547, 525120, 112667, 38.5, 47.1, 1.00
M, 613640, 324334, 625825, 824076, 350081, 122525, 525489, 112650, 38.5, 47.1, 1.00
M, 613890, 324131, 625646, 824696, 350214, 122553, 525622, 112624, 38.5, 47.1, 1.00
M, 614560, 324065, 625694, 825652, 350385, 122623, 525971, 112723, 38.5, 47.1, 1.00
M, 615107, 323977, 625781, 826493, 350617, 122665, 526334, 112691, 38.5, 47.1, 1.00
M, 615373, 323903, 625437, 827161, 350782, 122675, 526511, 112713, 38.5, 47.1, 1.00
M, 616072, 323844, 625826, 828238, 351014, 122750, 526890, 112750, 38.5, 47.1, 1.00
M, 616673, 323863, 625988, 829166, 351414, 122776, 527306, 112802, 38.5, 47.1, 1.01
M, 616989, 323791, 625930, 829785, 351607, 122799, 527608, 112829, 38.5, 47.1, 0.99
M, 617062, 323711, 625700, 830296, 351794, 122893, 527833, 112890, 38.5, 47.1, 1.00
M, 617754, 323770, 625908, 831101, 352037, 122892, 528251, 112923, 38.5, 47.1, 1.01
M, 618059, 323763, 626047, 831636, 352330, 122951, 528509, 112848, 38.5, 47.1, 1.00
M, 617981, 323652, 625575, 831794, 352420, 122902, 528762, 112943, 38.5, 47.1, 1.00
M, 618268, 323659, 625479, 832351, 352629, 122933, 529071, 112922, 38.5, 47.1, 0.99
M, 618667, 323729, 625930, 833118, 352911, 123026, 529425, 112947, 38.5, 47.1, 0.99
M, 618873, 323742, 625834, 833631, 353115, 123036, 529694, 113012, 38.5, 47.1, 1.01
M, 619395, 323800, 626210, 834413, 353401, 123141, 530058, 113066, 38.5, 47.1, 0.99
M, 621448, 324142, 628482, 837165, 354030, 123340, 530850, 113322, 38.5, 47.1, 1.00
M, 621500, 324293, 628198, 837263, 354320, 123404, 531188, 113274, 38.5, 47.1, 0.99
M, 621485, 324404, 627980, 837612, 354418, 123341, 531441, 113252, 38.5, 47.1, 1.01
M, 621365, 324457, 627455, 837320, 354658, 123381, 531629, 113291, 38.5, 47.1, 1.01
M, 621381, 324413, 627320, 837696, 354704, 123417, 531768, 113217, 38.5, 47.1, 0.99
M, 621359, 324518, 627053, 837852, 355049, 123412, 532100, 113242, 38.5, 47.1, 0.99
M, 621482, 324534, 626875, 837972, 355043, 123363, 532238, 113171, 38.5, 47.1, 1.01
M, 621774, 324573, 627242, 838624, 355275, 123496, 532483, 113249, 38.5, 47.1, 0.99
M, 621865, 324652, 627227, 839063, 355486, 123506, 532815, 113230, 38.5, 47.1, 1.01
M, 621972, 324718, 627247, 839308, 355598, 123541, 533011, 113284, 38.5, 47.1, 1.01
M, 622530, 324815, 627441, 839976, 355864, 123543, 533391, 113306, 38.5, 47.1, 1.00
M, 622769, 325026, 627731, 840467, 356143, 123602, 533644, 113358, 38.5, 47.1, 1.01
M, 622700, 324969, 627450, 840509, 356270, 123620, 533833, 113350, 38.5, 47.1, 1.00
M, 622819, 325117, 627299, 840799, 356348, 123617, 534035, 113329, 38.5, 47.1, 1.00
M, 623155, 325208, 627714, 841401, 356575, 123674, 534353, 113397, 38.5, 47.1, 1.01
M, 623376, 325317, 627711, 841697, 356736, 123670, 534521, 113388, 38.5, 47.1, 0.99
M, 623976, 325520, 627978, 842237, 357065, 123767, 534875, 113406, 38.5, 47.1, 0.99
M, 623955, 325522, 628075, 842653, 357113, 123696, 535053, 113381, 38.5, 47.1, 1.00
M, 624250, 325635, 628278, 843194, 357364, 123805, 535325, 113479, 38.5, 47.1, 1.00
M, 624181, 325729, 628131, 843290, 357462, 123865, 535508, 113483, 38.5, 47.1, 0.98
M, 626239, 326035, 630268, 845808, 358007, 124097, 536179, 113722, 38.5, 47.1, 1.01
M, 626308, 326368, 630255, 845846, 358289, 124045, 536462, 113674, 38.5, 47.1, 1.00
M, 626162, 326386, 629862, 845774, 358397, 124078, 536544, 113625, 38.5, 47.1, 0.99
M, 626246, 326522, 629803, 845991, 358449, 124091, 536698, 113689, 38.5, 47.1, 1.00
M, 625840, 326584, 629280, 845785, 358595, 124051, 536880, 113579, 38.5, 47.1, 0.99
M, 625750, 326491, 629125, 845879, 358548, 124058, 536886, 113620, 38.5, 47.1, 0.99
M, 625795, 326727, 628914, 845819, 358748, 124078, 537056, 113572, 38.5, 47.1, 1.01
M, 625722, 326682, 628796, 845885, 358785, 123997, 537190, 113539, 38.5, 47.1, 0.99
M, 625905, 326731, 628855, 846243, 358896, 124052, 537322, 113604, 38.5, 47.1, 1.00
M, 625969, 326846, 628890, 846638, 359083, 124112, 537517, 113595, 38.5, 47.1, 1.01
M, 626138, 326909, 628926, 846750, 359174, 124108, 537720, 113639, 38.5, 47.1, 1.00
M, 626549, 327080, 629350, 847472, 359385, 124140, 537958, 113682, 38.5, 47.1, 1.01
M, 626706, 327082, 629363, 847639, 359555, 124196, 538157, 113683, 38.5, 47.1, 1.00
M, 626779, 327203, 629208, 847713, 359589, 124191, 538306, 113628, 38.5, 47.1, 1.00
M, 626989, 327314, 629473, 848384, 359748, 124221, 538511, 113682, 38.5, 47.1, 0.99
M, 626834, 327379, 629101, 848186, 359817, 124226, 538625, 113682, 38.5, 47.1, 1.01
M, 626847, 327392, 629134, 848491, 359937, 124270, 538699, 113744, 38.5, 47.1, 1.00
M, 627419, 327545, 629513, 849006, 360142, 124297, 539015, 113734, 38.5, 47.1, 0.99
M, 627715, 327693, 629854, 849507, 360251, 124314, 539272, 113708, 38.5, 47.1, 1.00
M, 627683, 327706, 629782, 849699, 360433, 124364, 539337, 113727, 38.5, 47.1, 0.99
M, 629211, 328004, 631448, 851508, 360726, 124556, 539806, 113964, 38.5, 47.1, 1.00
M, 629425, 328260, 631565, 851906, 360999, 124546, 540056, 113941, 38.5, 47.1, 0.99
M, 629318, 328352, 631229, 851668, 361025, 124512, 540145, 113889, 38.5, 47.1, 0.99
M, 629244, 328352, 630843, 851584, 361121, 124540, 540191, 113869, 38.5, 47.1, 1.01
M, 629257, 328389, 631095, 851994, 361145, 124521, 540347, 113892, 38.5, 47.1, 1.00
M, 628874, 328507, 630465, 851556, 361247, 124468, 540399, 113828, 38.5, 47.1, 1.01
M, 628693, 328419, 630257, 851577, 361191, 124452, 540431, 113851, 38.5, 47.1, 1.00
M, 628839, 328548, 630258, 851652, 361333, 124519, 540637, 113835, 38.5, 47.1, 1.01
M, 628842, 328495, 630204, 851686, 361357, 124484, 540663, 113768, 38.5, 47.1, 0.99
M, 629022, 328616, 630297, 852149, 361431, 124484, 540861, 113846, 38.5, 47.1, 0.99
M, 629122, 328706, 630211, 852312, 361586, 124538, 540926, 113846, 38.5, 47.1, 1.00
M, 629091, 328714, 630300, 852385, 361577, 124485, 541012, 113799, 38.5, 47.1, 1.00
M, 629400, 328828, 630583, 852935, 361755, 124617, 541209, 113824, 38.5, 47.1, 1.00
M, 629697, 328896, 630724, 853037, 361925, 124570, 541345, 113892, 38.5, 47.1, 1.00
M, 629659, 328949, 630646, 853230, 361997, 124540, 541459, 113848, 38.5, 47.1, 1.00
M, 629574, 328954, 630594, 853448, 361999, 124615, 541536, 113893, 38.5, 47.1, 1.01
M, 629808, 329049, 630766, 853788, 362146, 124576, 541710, 113868, 38.5, 47.1, 1.00
M, 630063, 329130, 630795, 853880, 362208, 124671, 541855, 113914, 38.5, 47.1, 0.99
M, 630248, 329254, 631101, 854491, 362389, 124635, 541981, 113922, 38.6, 47.1, 1.01
M, 630566, 329330, 631168, 854736, 362534, 124764, 542188, 113930, 38.6, 47.1, 1.00
M, 632110, 329574, 632942, 856656, 362850, 124916, 542686, 114219, 38.6, 47.1, 1.00
M, 632249, 329785, 633092, 857033, 362996, 124923, 542898, 114137, 38.6, 47.1, 1.01
M, 632094, 329805, 632888, 856946, 363064, 124954, 542923, 114105, 38.5, 47.1, 1.00
M, 631863, 329886, 632549, 856680, 363068, 124947, 542924, 114098, 38.5, 47.1, 0.99
M, 632103, 330014, 632609, 856915, 363198, 124943, 543065, 114049, 38.5, 47.1, 1.01
M, 631846, 329900, 632385, 856853, 363200, 124895, 543133, 114005, 38.5, 47.1, 1.00
M, 631738, 330017, 632000, 856591, 363227, 124879, 543146, 113949, 38.6, 47.1, 0.98
M, 631585, 330022, 632105, 856724, 363257, 124969, 543155, 114043, 38.6, 47.1, 1.01
M, 631512, 330083, 631780, 856444, 363320, 124920, 543354, 113981, 38.5, 47.1, 0.99
M, 631406, 330067, 631591, 856441, 363263, 124887, 543238, 113962, 38.5, 47.1, 1.01
M, 631615, 330105, 631861, 856927, 363293, 124868, 543421, 113994, 38.5, 47.1, 1.00
M, 631717, 330116, 631926, 857039, 363396, 124933, 543493, 113961, 38.5, 47.1, 0.99
M, 631712, 330153, 631871, 857200, 363451, 124876, 543572, 114011, 38.5, 47.1, 1.00
M, 632010, 330239, 632204, 857720, 363611, 125040, 543774, 114088, 38.5, 47.1, 1.00
M, 632275, 330369, 632343, 857784, 363729, 125012, 543872, 114021, 38.5, 47.1, 1.01
M, 632105, 330344, 632114, 857759, 363699, 124963, 543943, 113983, 38.6, 47.2, 0.99
M, 632324, 330371, 632239, 858140, 363809, 125068, 544037, 113975, 38.6, 47.2, 1.00
M, 632339, 330396, 632172, 858130, 363849, 124998, 544079, 114067, 38.6, 47.2, 1.00
M, 632282, 330428, 632294, 858316, 363944, 125082, 544214, 114059, 38.6, 47.2, 1.00
M, 632630, 330484, 632475, 858644, 363998, 125058, 544328, 114090, 38.6, 47.1, 0.99
M, 634557, 330853, 634638, 860900, 364469, 125308, 544842, 114305, 38.6, 47.1, 1.00
M, 634235, 330979, 634210, 860620, 364507, 125226, 544935, 114241, 38.6, 47.2, 0.99
M, 634057, 331008, 634044, 860748, 364507, 125239, 545012, 114243, 38.6, 47.2, 1.01
M, 633934, 331056, 633850, 860681, 364522, 125284, 544982, 114234, 38.6, 47.2, 1.01
M, 633814, 331078, 633693, 860531, 364567, 125198, 545033, 114227, 38.6, 47.2, 1.01
M, 633793, 331046, 633537, 860355, 364635, 125226, 545097, 114125, 38.6, 47.1, 0.99
M, 633589, 331036, 633315, 860259, 364601, 125235, 545068, 114113, 38.6, 47.1, 1.00
M, 633472, 331184, 633094, 860188, 364626, 125214, 545148, 114107, 38.6, 47.1, 1.00
M, 633457, 331092, 633062, 860385, 364548, 125205, 545182, 114123, 38.6, 47.1, 0.99
M, 633486, 331137, 633264, 860610, 364719, 125256, 545257, 114211, 38.6, 47.1, 1.00
M, 633737, 331171, 633392, 860842, 364788, 125319, 545379, 114167, 38.6, 47.1, 1.00
M, 633996, 331213, 633648, 861096, 364845, 125293, 545500, 114124, 38.6, 47.1, 1.01
M, 633566, 331178, 633151, 860604, 364833, 125200, 545422, 114094, 38.6, 47.1, 1.00
M, 633606, 331133, 632996, 860794, 364840, 125263, 545496, 114125, 38.6, 47.1, 1.00
M, 634017, 331249, 633389, 861187, 364942, 125265, 545632, 114161, 38.5, 47.2, 1.00
M, 633999, 331238, 633354, 861284, 365038, 125302, 545772, 114166, 38.5, 47.2, 0.99
M, 634204, 331404, 633721, 861716, 365074, 125357, 545821, 114220, 38.6, 47.2, 1.00
M, 634464, 331371, 633816, 861817, 365159, 125316, 545921, 114174, 38.6, 47.2, 1.00
M, 634213, 331382, 633530, 861679, 365143, 125315, 545976, 114129, 38.6, 47.2, 1.00
M, 634232, 331374, 633385, 861768, 365162, 125352, 545964, 114197, 38.6, 47.2, 0.99
M, 636015, 331725, 635704, 864255, 365639, 125589, 546512, 114509, 38.5, 47.2, 1.00
M, 636075, 331920, 635612, 864174, 365775, 125611, 546628, 114359, 38.5, 47.2, 0.99
M, 636200, 331961, 635721, 864497, 365759, 125599, 546751, 114357, 38.6, 47.2, 1.00
M, 636259, 331993, 635532, 864373, 365805, 125532, 546741, 114352, 38.6, 47.2, 1.00
M, 636031, 332028, 635362, 864185, 365814, 125572, 546730, 114361, 38.6, 47.2, 1.00
M, 636038, 332066, 635491, 864418, 365904, 125659, 546855, 114373, 38.6, 47.2, 1.00
M, 635805, 332100, 635176, 863997, 365871, 125598, 546792, 114300, 38.6, 47.2, 0.99
M, 635689, 332049, 635040, 863913, 365822, 125575, 546794, 114235, 38.6, 47.2, 1.01
M, 635381, 332087, 634635, 863743, 365861, 125651, 546876, 114274, 38.6, 47.2, 1.01
M, 635241, 332031, 634605, 863692, 365790, 125575, 546747, 114238, 38.6, 47.2, 0.99
M, 635561, 332075, 634751, 863966, 365858, 125633, 546866, 114304, 38.6, 47.2, 0.99
M, 635579, 332074, 634882, 864210, 365929, 125636, 546950, 114317, 38.6, 47.2, 1.00
M, 635630, 332081, 634879, 864097, 365958, 125527, 547050, 114249, 38.6, 47.2, 0.99
M, 635525, 332039, 634727, 864105, 365986, 125588, 547023, 114201, 38.6, 47.2, 1.01
M, 635556, 332037, 634702, 864097, 366003, 125577, 546997, 114230, 38.6, 47.2, 1.00
M, 635723, 332155, 634931, 864542, 365975, 125566, 547223, 114243, 38.6, 47.2, 1.00
M, 635703, 332133, 634889, 864597, 366028, 125637, 547241, 114287, 38.6, 47.2, 0.99
M, 635926, 332146, 635201, 864985, 366149, 125620, 547357, 114383, 38.6, 47.2, 1.01
M, 636217, 332228, 635356, 865075, 366226, 125711, 547432, 114294, 38.6, 47.2, 0.99
M, 635996, 332291, 635202, 864962, 366239, 125650, 547432, 114250, 38.6, 47.2, 1.00
M, 637472, 332424, 636853, 866968, 366565, 125854, 547849, 114530, 38.6, 47.2, 1.00
M, 637588, 332657, 636898, 866959, 366668, 125806, 547960, 114520, 38.6, 47.2, 1.00
M, 637332, 332668, 636807, 866908, 366645, 125773, 547940, 114380, 38.6, 47.2, 0.99
M, 637471, 332668, 636948, 867165, 366719, 125828, 548058, 114475, 38.6, 47.2, 1.00
M, 637488, 332743, 636810, 866926, 366772, 125864, 548005, 114462, 38.6, 47.2, 0.99
M, 637202, 332711, 636525, 866778, 366681, 125784, 548035, 114408, 38.6, 47.2, 1.00
M, 637154, 332741, 636530, 866853, 366673, 125865, 548037, 114401, 38.6, 47.2, 1.00
M, 636854, 332731, 635870, 866279, 366656, 125818, 548045, 114357, 38.6, 47.2, 1.01
M, 636784, 332669, 636041, 866439, 366643, 125828, 547982, 114321, 38.6, 47.2, 1.01
M, 636566, 332657, 635786, 866237, 366682, 125832, 548078, 114359, 38.6, 47.2, 1.00
M, 636572, 332556, 635788, 866266, 366660, 125777, 548040, 114345, 38.6, 47.2, 1.00
M, 636769, 332623, 636085, 866632, 366676, 125808, 548147, 114361, 38.6, 47.2, 0.99
M, 636753, 332659, 636048, 866682, 366718, 125801, 548161, 114303, 38.6, 47.2, 1.00
M, 636830, 332681, 636081, 866816, 366750, 125897, 548249, 114360, 38.6, 47.2, 1.00
M, 637115, 332717, 636449, 867196, 366880, 125880, 548312, 114363, 38.6, 47.2, 1.00
M, 637317, 332779, 636670, 867328, 366954, 125903, 548460, 114371, 38.6, 47.2, 1.00
M, 636641, 332634, 635757, 866603, 366788, 125842, 548265, 114292, 38.6, 47.2, 1.00
M, 636779, 332636, 635842, 866712, 366797, 125844, 548255, 114312, 38.6, 47.2, 1.00
M, 636008, 332360, 634994, 865865, 366649, 125778, 548140, 114188, 38.6, 47.2, 0.99
M, 636328, 332519, 635324, 866370, 366731, 125781, 548309, 114279, 38.6, 47.2, 1.00
M, 638361, 332832, 637883, 868977, 367207, 126105, 548848, 114562, 38.6, 47.2, 1.00
M, 638545, 333051, 637981, 869135, 367357, 126047, 548988, 114499, 38.6, 47.2, 1.00
M, 638307, 333032, 637572, 868898, 367270, 125978, 548937, 114418, 38.6, 47.2, 1.00
M, 638338, 333106, 637643, 868981, 367314, 126078, 549007, 114499, 38.6, 47.2, 0.99
M, 638163, 333027, 637508, 868864, 367379, 126075, 548997, 114500, 38.6, 47.2, 1.00
M, 638469, 333134, 637751, 869017, 367391, 126113, 549090, 114494, 38.6, 47.2, 1.01
M, 638218, 333157, 637404, 868856, 367419, 126061, 549084, 114464, 38.6, 47.2, 1.00
M, 638369, 333122, 637524, 869014, 367393, 126093, 549126, 114432, 38.6, 47.2, 1.00
M, 637976, 333116, 637246, 868684, 367427, 126036, 549148, 114409, 38.6, 47.2, 0.99
M, 637927, 333161, 637141, 868759, 367410, 126113, 549126, 114459, 38.6, 47.2, 1.01
M, 637884, 333220, 636884, 868497, 367460, 126061, 549169, 114382, 38.6, 47.2, 1.01
M, 637774, 333043, 637054, 868528, 367378, 126060, 549201, 114372, 38.6, 47.2, 1.01
M, 637916, 333077, 637265, 868999, 367455, 126089, 549244, 114398, 38.6, 47.2, 1.01
M, 638062, 333163, 637390, 869056, 367497, 126115, 549230, 114453, 38.6, 47.2, 1.01
M, 638212, 333147, 637212, 869037, 367474, 126079, 549276, 114508, 38.6, 47.2, 1.00
M, 638405, 333238, 637725, 869564, 367621, 126183, 549398, 114554, 38.6, 47.3, 1.00
M, 638251, 333174, 637583, 869168, 367620, 126114, 549421, 114451, 38.6, 47.3, 1.00
M, 638246, 333220, 637471, 869298, 367576, 126071, 549389, 114412, 38.6, 47.3, 1.01
M, 638279, 333192, 637585, 869573, 367558, 126173, 549480, 114433, 38.6, 47.3, 0.99
M, 638633, 333239, 637895, 869871, 367680, 126229, 549551, 114462, 38.6, 47.3, 1.00
M, 640029, 333494, 639740, 871906, 368105, 126369, 550015, 114765, 38.6, 47.3, 1.01
M, 640198, 333661, 639884, 871928, 368191, 126374, 550122, 114734, 38.6, 47.3, 0.99
M, 640167, 333703, 639812, 871857, 368172, 126398, 550113, 114653, 38.6, 47.3, 1.01
M, 639887, 333734, 639494, 871551, 368175, 126409, 550149, 114649, 38.6, 47.3, 1.00
M, 639994, 333787, 639360, 871655, 368188, 126412, 550172, 114676, 38.6, 47.3, 0.99
M, 639789, 333763, 639433, 871581, 368101, 126446, 550128, 114680, 38.6, 47.3, 1.00
M, 639881, 333747, 639556, 871796, 368202, 126502, 550143, 114634, 38.6, 47.3, 1.00
M, 639743, 333779, 639396, 871465, 368178, 126386, 550125, 114603, 38.6, 47.3, 1.01
M, 639659, 333835, 639315, 871548, 368166, 126371, 550110, 114564, 38.6, 47.3, 1.00
M, 639418, 333762, 639054, 871202, 368127, 126401, 550216, 114560, 38.6, 47.3, 1.01
M, 639232, 333716, 638883, 871080, 368070, 126355, 550115, 114577, 38.6, 47.3, 1.00
M, 639115, 333755, 638736, 870994, 368142, 126326, 550153, 114513, 38.6, 47.3, 1.01
M, 639021, 333639, 638593, 870759, 368076, 126323, 550033, 114457, 38.6, 47.3, 1.00
M, 639234, 333644, 638765, 871135, 368075, 126354, 550186, 114533, 38.6, 47.3, 1.00
M, 639270, 333690, 638837, 871133, 368086, 126388, 550226, 114550, 38.6, 47.3, 0.99
M, 639138, 333669, 638849, 871192, 368125, 126339, 550160, 114558, 38.6, 47.3, 1.01
M, 639399, 333708, 639105, 871487, 368170, 126412, 550280, 114571, 38.6, 47.3, 0.99
M, 639593, 333816, 639040, 871331, 368236, 126352, 550347, 114531, 38.6, 47.3, 1.00
M, 639461, 333664, 639162, 871392, 368249, 126393, 550304, 114493, 38.6, 47.3, 1.01
M, 639289, 333573, 639071, 871485, 368226, 126443, 550372, 114558, 38.6, 47.3, 1.00
M, 641110, 333988, 641246, 873772, 368559, 126650, 550787, 114827, 38.6, 47.3, 1.00
M, 640970, 334090, 640905, 873438, 368645, 126584, 550840, 114811, 38.6, 47.3, 0.99
M, 641097, 334088, 641224, 873608, 368645, 126620, 550845, 114752, 38.6, 47.3, 1.01
M, 640811, 334114, 640803, 873309, 368648, 126612, 550856, 114737, 38.6, 47.3, 1.01
M, 640700, 334160, 640585, 873042, 368561, 126607, 550813, 114635, 38.6, 47.3, 0.99
M, 640379, 334120, 640402, 872935, 368544, 126591, 550735, 114651, 38.6, 47.3, 0.99
M, 640459, 334052, 640488, 873023, 368500, 126640, 550788, 114660, 38.6, 47.3, 0.98
M, 640211, 334072, 640298, 872873, 368510, 126620, 550818, 114706, 38.6, 47.3, 1.00
M, 640482, 334179, 640557, 872939, 368607, 126600, 550847, 114638, 38.6, 47.3, 1.01
M, 640246, 334058, 640441, 872946, 368652, 126624, 550866, 114607, 38.6, 47.3, 1.00
M, 640059, 334155, 640013, 872587, 368610, 126607, 550852, 114619, 38.6, 47.3, 1.01
M, 640012, 334015, 640041, 872539, 368536, 126613, 550747, 114622, 38.6, 47.3, 1.00
M, 640208, 334023, 640292, 872917, 368594, 126591, 550875, 114670, 38.6, 47.3, 1.00
M, 640249, 334062, 639988, 872587, 368629, 126647, 550859, 114623, 38.6, 47.3, 0.99
M, 640317, 334078, 640443, 872917, 368624, 126644, 550891, 114659, 38.6, 47.3, 1.00
M, 640262, 334066, 640386, 872819, 368611, 126593, 550943, 114627, 38.6, 47.3, 1.00
M, 640047, 333996, 640175, 872930, 368599, 126621, 550917, 114566, 38.6, 47.3, 0.99
M, 640185, 334081, 640481, 873170, 368588, 126630, 551023, 114701, 38.6, 47.3, 1.00
M, 640426, 334029, 640527, 873141, 368687, 126684, 551006, 114668, 38.6, 47.3, 0.99
M, 640711, 334220, 640983, 873665, 368724, 126724, 551163, 114741, 38.6, 47.3, 1.01
A, 647323, 335148, 649546, 883275, 370235, 127761, 553044, 116118, 38.6, 47.3, 0.21
A, 656544, 337166, 660532, 894490, 372697, 129037, 555677, 117465, 38.6, 47.3, 0.60
A, 662541, 338953, 668135, 902373, 374378, 129914, 557488, 118394, 38.6, 47.3, 0.76
A, 667703, 340620, 674584, 909008, 375793, 130857, 558920, 119174, 38.6, 47.3, 0.83
A, 671765, 342158, 679703, 913994, 376980, 131529, 560210, 119714, 38.6, 47.3, 0.90
A, 674052, 343370, 683410, 917400, 377765, 132077, 560902, 120106, 38.6, 47.3, 0.94
A, 675801, 344339, 686456, 920297, 378340, 132589, 561524, 120358, 38.6, 47.3, 0.96
A, 677100, 345240, 688861, 922181, 378767, 132939, 561851, 120529, 38.6, 47.3, 0.96
A, 678186, 346179, 690936, 923637, 379173, 133263, 562184, 120803, 38.6, 47.3, 0.98
A, 678611, 346968, 692624, 924546, 379377, 133589, 562262, 120814, 38.6, 47.3, 0.98
A, 678645, 347478, 693748, 924931, 379378, 133787, 562303, 120860, 38.6, 47.3, 0.99
A, 678544, 348085, 694747, 924970, 379435, 133995, 562104, 120907, 38.6, 47.3, 1.00
A, 678207, 348326, 695388, 925149, 379304, 134144, 561929, 120908, 38.6, 47.3, 1.00
A, 678206, 348840, 696365, 925324, 379339, 134353, 561787, 121023, 38.6, 47.3, 1.00
A, 677873, 349181, 697068, 925120, 379190, 134463, 561588, 121017, 38.6, 47.4, 1.00
A, 677454, 349496, 697763, 924632, 379050, 134537, 561233, 120934, 38.6, 47.4, 1.00
A, 676396, 349611, 697571, 923491, 378749, 134602, 560828, 120905, 38.6, 47.4, 1.00
A, 675627, 349796, 697869, 923048, 378485, 134709, 560499, 120944, 38.6, 47.4, 1.00
A, 675288, 349995, 698434, 922647, 378300, 134751, 560191, 120972, 38.6, 47.4, 1.00
A, 674540, 350064, 698679, 922059, 377995, 134868, 559751, 120855, 38.6, 47.4, 1.00
A, 675773, 350451, 701266, 923727, 378181, 135157, 559862, 121211, 38.6, 47.5, 1.00
A, 674832, 350679, 701084, 922265, 377922, 135114, 559456, 121070, 38.6, 47.5, 1.00
A, 673689, 350553, 700872, 920976, 377514, 135089, 558932, 120997, 38.6, 47.5, 1.00
A, 672724, 350533, 700874, 920370, 377198, 135202, 558502, 120947, 38.6, 47.5, 1.00
A, 671754, 350499, 700817, 919415, 376881, 135181, 558063, 120926, 38.6, 47.5, 1.00
A, 671143, 350437, 700784, 918526, 376588, 135164, 557691, 120927, 38.6, 47.5, 1.00
A, 670131, 350282, 700807, 917594, 376257, 135193, 557219, 120880, 38.6, 47.5, 1.01
A, 669485, 350332, 701064, 916680, 375990, 135278, 556822, 120894, 38.6, 47.5, 1.00
A, 668461, 350151, 700678, 915544, 375632, 135176, 556363, 120800, 38.6, 47.5, 1.00
A, 667827, 349989, 700897, 914990, 375374, 135196, 556045, 120733, 38.6, 47.5, 1.00
A, 666590, 349896, 700403, 913463, 374926, 135115, 555502, 120773, 38.6, 47.5, 1.00
A, 665900, 349566, 700312, 912681, 374623, 135052, 555155, 120658, 38.6, 47.5, 0.99
A, 664984, 349438, 700221, 911544, 374340, 135083, 554697, 120643, 38.6, 47.6, 1.00
A, 664232, 349256, 700220, 910871, 374019, 135064, 554305, 120558, 38.6, 47.6, 1.00
A, 663914, 349111, 700350, 910307, 373789, 135090, 554033, 120564, 38.6, 47.6, 1.00
A, 663358, 348853, 700351, 909686, 373532, 135085, 553638, 120526, 38.6, 47.6, 1.00
A, 662692, 348643, 700473, 908989, 373247, 135009, 553325, 120605, 38.6, 47.6, 0.99
A, 662380, 348573, 700934, 908699, 373032, 135070, 553124, 120573, 38.6, 47.6, 1.01
A, 661880, 348396, 700919, 907739, 372827, 135134, 552836, 120571, 38.6, 47.6, 0.99
A, 661183, 348189, 700888, 907025, 372535, 135032, 552422, 120506, 38.6, 47.6, 1.01
A, 662030, 348184, 702751, 908269, 372564, 135248, 552483, 120775, 38.6, 47.6, 1.01
A, 661493, 348211, 702689, 907643, 372485, 135271, 552223, 120765, 38.6, 47.6, 1.00
A, 660655, 347940, 702279, 906515, 372134, 135200, 551861, 120667, 38.6, 47.6, 1.00
A, 660108, 347757, 702296, 905638, 371899, 135098, 551532, 120625, 38.6, 47.6, 1.00
A, 659168, 347488, 701999, 904843, 371624, 135158, 551183, 120604, 38.6, 47.6, 1.01
A, 658821, 347287, 702026, 904213, 371399, 135121, 550893, 120511, 38.6, 47.6, 1.00
A, 657934, 347019, 701650, 903323, 371099, 135012, 550546, 120527, 38.6, 47.6, 1.00
A, 657548, 346869, 701890, 902820, 370911, 135119, 550343, 120510, 38.6, 47.6, 1.00
A, 657023, 346637, 701670, 901751, 370679, 134977, 549947, 120459, 38.6, 47.6, 1.00
A, 656276, 346351, 701424, 901012, 370398, 134929, 549646, 120398, 38.6, 47.7, 1.00
A, 655797, 346111, 701535, 900665, 370249, 134960, 549380, 120361, 38.6, 47.7, 1.00
A, 654965, 345909, 701068, 899484, 369934, 134879, 549037, 120337, 38.6, 47.7, 1.00
A, 654577, 345615, 700886, 898997, 369708, 134871, 548799, 120387, 38.6, 47.7, 1.01
A, 653787, 345478, 700761, 898060, 369535, 134805, 548466, 120334, 38.6, 47.7, 1.00
A, 653372, 345209, 700706, 897471, 369327, 134750, 548198, 120236, 38.6, 47.7, 1.00
A, 653274, 344961, 700971, 897371, 369200, 134773, 548044, 120244, 38.6, 47.7, 1.00
A, 652861, 344836, 701027, 896934, 368985, 134735, 547853, 120228, 38.6, 47.7, 1.00
A, 652337, 344552, 700846, 896217, 368815, 134778, 547645, 120249, 38.6, 47.7, 1.00
A, 652149, 344437, 701184, 896136, 368744, 134811, 547457, 120280, 38.6, 47.7, 1.00
A, 651946, 344181, 701246, 895527, 368517, 134758, 547262, 120224, 38.6, 47.7, 1.00
A, 653069, 344217, 703151, 896963, 368650, 134976, 547400, 120480, 38.6, 47.7, 1.00
A, 652702, 344262, 703182, 896508, 368698, 134992, 547290, 120392, 38.6, 47.7, 1.00
A, 652255, 344102, 702908, 895747, 368453, 134941, 547048, 120432, 38.6, 47.7, 1.01
A, 651831, 343953, 702966, 895433, 368310, 134914, 546870, 120454, 38.6, 47.7, 1.01
A, 651418, 343792, 702809, 894763, 368114, 134895, 546612, 120380, 38.6, 47.7, 1.00
A, 651116, 343596, 702955, 894251, 368010, 134872, 546392, 120354, 38.6, 47.7, 1.00
A, 650389, 343357, 702531, 893440, 367708, 134814, 546114, 120238, 38.6, 47.7, 1.00
A, 649852, 343178, 702376, 893001, 367632, 134810, 545995, 120280, 38.6, 47.7, 0.99
A, 649433, 342966, 702220, 892450, 367445, 134766, 545746, 120305, 38.6, 47.7, 1.00
A, 649391, 342780, 702409, 892260, 367371, 134752, 545585, 120250, 38.6, 47.7, 0.99
A, 648938, 342622, 702186, 891425, 367162, 134734, 545352, 120190, 38.6, 47.7, 0.99
A, 648159, 342418, 701798, 890713, 366909, 134643, 545138, 120163, 38.6, 47.7, 1.00
A, 647776, 342240, 701648, 890038, 366791, 134561, 544876, 120125, 38.6, 47.8, 1.00
A, 647486, 342026, 701614, 889703, 366586, 134607, 544740, 120149, 38.6, 47.8, 1.00
A, 646965, 341885, 701211, 888780, 366488, 134556, 544471, 120094, 38.6, 47.8, 1.01
A, 646603, 341625, 701140, 888298, 366281, 134483, 544292, 119969, 38.6, 47.8, 1.00
A, 645970, 341382, 700825, 887803, 366115, 134459, 544025, 119983, 38.6, 47.8, 1.00
A, 645840, 341191, 700958, 887528, 366011, 134394, 543901, 119979, 38.6, 47.8, 1.01
A, 645606, 340996, 700888, 887277, 365923, 134443, 543790, 120064, 38.6, 47.8, 1.00
A, 645763, 340969, 701225, 887196, 365856, 134474, 543724, 120047, 38.6, 47.8, 1.00
A, 647172, 341124, 703521, 888934, 366142, 134638, 544004, 120346, 38.6, 47.8, 1.00
A, 646682, 341068, 703097, 888206, 366050, 134635, 543903, 120301, 38.6, 47.8, 1.00
A, 646426, 340946, 703100, 888034, 365871, 134564, 543628, 120229, 38.6, 47.8, 1.00
A, 645931, 340785, 702813, 887336, 365752, 134527, 543433, 120154, 38.6, 47.8, 1.00
A, 645523, 340658, 702690, 886955, 365636, 134577, 543283, 120144, 38.6, 47.8, 1.00
A, 645257, 340544, 702529, 886535, 365494, 134521, 543252, 120206, 38.6, 47.8, 1.00
A, 645170, 340379, 702802, 886144, 365396, 134488, 543065, 120131, 38.6, 47.8, 1.00
A, 644641, 340206, 702439, 885558, 365257, 134475, 542852, 120044, 38.6, 47.8, 1.00
A, 644496, 340106, 702368, 885346, 365153, 134451, 542738, 120090, 38.6, 47.8, 1.00
A, 644181, 339963, 702229, 884837, 364995, 134423, 542529, 120053, 38.6, 47.8, 1.00
A, 644030, 339882, 702538, 884820, 364970, 134455, 542527, 120079, 38.6, 47.8, 1.00
A, 643780, 339702, 702348, 884218, 364909, 134400, 542331, 120034, 38.6, 47.8, 1.00
A, 643385, 339504, 702151, 883733, 364801, 134308, 542122, 120024, 38.6, 47.8, 1.00
A, 642946, 339391, 701870, 883159, 364622, 134332, 542004, 119964, 38.6, 47.9, 1.00
A, 642505, 339213, 701660, 882787, 364439, 134279, 541799, 119972, 38.6, 47.9, 1.00
A, 642652, 339170, 701889, 882728, 364422, 134268, 541765, 119983, 38.6, 47.9, 1.00
A, 642554, 338990, 702091, 882588, 364324, 134286, 541658, 120000, 38.6, 47.9, 1.00
A, 642407, 338921, 702084, 882359, 364276, 134233, 541587, 119970, 38.6, 47.9, 1.00
A, 642001, 338791, 701921, 881775, 364187, 134148, 541392, 119929, 38.6, 47.9, 1.00
A, 641722, 338599, 701868, 881536, 364069, 134195, 541256, 119908, 38.6, 47.9, 1.00
A, 643355, 338806, 704107, 883598, 364367, 134410, 541594, 120280, 38.6, 47.9, 1.00
A, 643058, 338856, 703848, 882994, 364374, 134324, 541521, 120195, 38.6, 47.9, 1.00
A, 642816, 338813, 703792, 882648, 364182, 134317, 541415, 120208, 38.6, 47.9, 1.00
A, 642398, 338616, 703614, 882136, 364095, 134292, 541262, 120073, 38.6, 47.9, 1.00
A, 641874, 338500, 703186, 881440, 363985, 134268, 541012, 120006, 38.6, 47.9, 1.00
A, 641480, 338266, 702857, 881001, 363841, 134271, 540917, 120033, 38.6, 47.9, 1.00
A, 641256, 338194, 702547, 880500, 363742, 134271, 540717, 120060, 38.6, 47.9, 1.00
A, 640953, 338072, 702477, 879973, 363591, 134119, 540600, 119933, 38.6, 47.9, 1.01
A, 640536, 337906, 702142, 879467, 363466, 134056, 540385, 119881, 38.6, 47.9, 1.00
A, 640450, 337742, 702322, 879442, 363418, 134051, 540278, 119877, 38.6, 47.9, 1.00
A, 640104, 337732, 702159, 879109, 363298, 134094, 540230, 119920, 38.6, 47.9, 1.00
A, 640090, 337644, 702266, 879056, 363257, 134138, 540199, 120011, 38.6, 47.9, 1.00
A, 639800, 337527, 702001, 878374, 363201, 134057, 540067, 119949, 38.6, 47.9, 1.00
A, 639696, 337416, 702048, 878126, 363035, 134000, 539896, 119878, 38.6, 47.9, 1.00
A, 639166, 337353, 701707, 877736, 363046, 133920, 539782, 119819, 38.6, 47.9, 1.00
A, 639009, 337181, 701678, 877557, 362903, 133995, 539680, 119880, 38.6, 47.9, 1.00
A, 639155, 337070, 702107, 877758, 362886, 133983, 539693, 119914, 38.6, 47.9, 1.00
A, 639176, 337053, 702193, 877546, 362879, 133995, 539623, 119921, 38.6, 47.9, 1.00
A, 639021, 336959, 701901, 877018, 362788, 133943, 539531, 119902, 38.6, 47.9, 1.00
A, 638808, 336766, 701708, 876707, 362674, 133958, 539385, 119862, 38.6, 47.9, 1.00
A, 640037, 336968, 703924, 878696, 362896, 134067, 539720, 120111, 38.6, 47.9, 1.00
A, 640053, 337020, 703932, 878505, 362994, 134089, 539715, 120074, 38.6, 47.9, 1.00
A, 639717, 336950, 703602, 877959, 362835, 134110, 539612, 120131, 38.6, 47.9, 0.99
A, 639660, 336948, 703569, 877827, 362867, 134085, 539478, 120066, 38.6, 47.9, 1.00
A, 639319, 336874, 703413, 877287, 362754, 134068, 539372, 119988, 38.6, 47.9, 1.00
A, 638839, 336767, 703069, 876646, 362598, 133964, 539168, 119953, 38.6, 47.9, 1.00
A, 638719, 336634, 703016, 876572, 362561, 133902, 539109, 119905, 38.6, 47.9, 1.01
A, 638439, 336486, 702839, 876303, 362438, 133960, 539005, 119931, 38.6, 48.0, 1.00
A, 638379, 336436, 702958, 876233, 362432, 133837, 538970, 120026, 38.6, 48.0, 1.00
A, 638102, 336376, 702940, 875972, 362361, 133970, 538921, 119934, 38.6, 48.0, 1.00
A, 638184, 336264, 702974, 875786, 362299, 133873, 538789, 119917, 38.6, 48.0, 1.00
A, 637808, 336142, 702782, 875294, 362222, 133824, 538693, 119836, 38.6, 47.9, 1.00
A, 637497, 336080, 702432, 875024, 362128, 133824, 538574, 119910, 38.6, 47.9, 0.99
A, 637456, 336023, 702567, 874751, 362122, 133771, 538473, 119849, 38.6, 47.9, 1.00
A, 637231, 335949, 702448, 874647, 362003, 133778, 538367, 119899, 38.6, 47.9, 1.00
A, 637126, 335977, 702239, 874108, 361986, 133791, 538339, 119844, 38.6, 48.0, 1.00
A, 636609, 335742, 701954, 873685, 361834, 133659, 538164, 119710, 38.6, 48.0, 1.00
A, 636747, 335647, 702270, 873968, 361809, 133724, 538126, 119817, 38.6, 48.0, 1.00
A, 636732, 335608, 702344, 873882, 361789, 133702, 538108, 119805, 38.6, 48.0, 0.99
A, 636726, 335534, 702285, 873659, 361754, 133697, 538035, 119838, 38.6, 48.0, 1.00
A, 638426, 335756, 704687, 875752, 362015, 133917, 538435, 120155, 38.6, 48.0, 1.00
A, 638194, 335811, 704558, 875456, 362116, 133856, 538425, 120096, 38.6, 48.0, 1.00
A, 637791, 335813, 704230, 874911, 362006, 133870, 538284, 120028, 38.6, 48.0, 1.00
A, 637503, 335651, 703970, 874480, 361876, 133833, 538154, 119973, 38.6, 48.0, 1.00
A, 637433, 335633, 703966, 874317, 361867, 133754, 538127, 119997, 38.6, 48.0, 1.00
A, 637173, 335543, 703595, 873746, 361807, 133797, 538014, 120015, 38.6, 48.0, 1.00
A, 636855, 335399, 703193, 873222, 361616, 133752, 537805, 119870, 38.6, 48.0, 1.00
A, 636691, 335366, 703440, 873415, 361607, 133791, 537779, 119849, 38.6, 48.0, 0.99
A, 636379, 335293, 703204, 873091, 361523, 133729, 537669, 119865, 38.6, 48.0, 1.00
A, 636252, 335167, 703024, 872698, 361411, 133716, 537560, 119903, 38.6, 48.0, 1.00
A, 636314, 335188, 703311, 872809, 361482, 133687, 537571, 119959, 38.6, 48.0, 1.00
A, 636209, 335108, 703281, 872485, 361380, 133641, 537478, 119911, 38.6, 48.0, 1.00
A, 635823, 335041, 702952, 872140, 361337, 133604, 537422, 119875, 38.6, 48.0, 1.00
A, 635656, 334920, 702764, 871905, 361244, 133591, 537288, 119835, 38.6, 48.0, 1.00
A, 635367, 334945, 702642, 871448, 361160, 133597, 537249, 119789, 38.6, 48.0, 1.00
A, 635196, 334805, 702528, 871379, 361058, 133577, 537107, 119819, 38.6, 48.0, 1.00
A, 635006, 334740, 702374, 870930, 361052, 133492, 537103, 119776, 38.6, 48.0, 1.00
A, 634929, 334570, 702286, 870776, 360943, 133414, 537008, 119757, 38.6, 48.0, 0.99
A, 634895, 334543, 702499, 870933, 360960, 133476, 536924, 119837, 38.6, 48.0, 1.00
A, 634831, 334506, 702496, 870829, 360943, 133505, 536900, 119810, 38.6, 48.0, 1.00
A, 636309, 334691, 704509, 872676, 361172, 133684, 537233, 120106, 38.6, 48.0, 1.00
A, 636442, 334830, 704715, 872588, 361296, 133663, 537284, 120072, 38.6, 48.0, 1.00
A, 636159, 334727, 704311, 872080, 361204, 133626, 537201, 119918, 38.6, 48.0, 1.00
A, 635735, 334677, 703962, 871494, 361118, 133583, 537047, 119933, 38.6, 48.0, 1.00
A, 635387, 334602, 703758, 871372, 361029, 133566, 536880, 119921, 38.6, 48.0, 1.00
A, 635451, 334576, 703793, 871310, 360998, 133536, 536906, 119962, 38.6, 48.0, 1.00
A, 635206, 334477, 703451, 870756, 360865, 133588, 536776, 119900, 38.6, 48.0, 1.00
A, 635287, 334523, 703781, 870853, 360900, 133562, 536797, 119912, 38.6, 48.0, 1.00
A, 635068, 334486, 703732, 870704, 360882, 133470, 536727, 119911, 38.6, 48.0, 1.00
A, 634744, 334356, 703488, 870453, 360736, 133458, 536628, 119881, 38.6, 48.0, 1.00
A, 634812, 334319, 703525, 870401, 360788, 133479, 536650, 119896, 38.6, 48.0, 1.00
A, 634592, 334266, 703427, 870121, 360728, 133345, 536508, 119844, 38.6, 48.0, 1.00
A, 634591, 334108, 703174, 869577, 360585, 133390, 536410, 119777, 38.6, 48.0, 1.00
A, 634303, 334123, 702937, 869253, 360486, 133356, 536275, 119771, 38.6, 48.0, 1.00
A, 633941, 334010, 702857, 869275, 360463, 133336, 536231, 119788, 38.6, 48.0, 1.00
A, 633758, 334033, 702684, 868893, 360437, 133283, 536203, 119798, 38.6, 48.0, 1.00
A, 633722, 333871, 702593, 868792, 360334, 133293, 536127, 119804, 38.6, 48.0, 1.00
A, 633001, 333761, 701776, 867883, 360268, 133108, 535903, 119676, 38.6, 48.0, 1.00
A, 632794, 333659, 701624, 867597, 360099, 133136, 535810, 119626, 38.6, 48.0, 1.00
A, 632157, 333397, 700815, 866735, 359917, 133034, 535570, 119545, 38.6, 48.0, 1.00
A, 633925, 333604, 703272, 869040, 360232, 133306, 536026, 119880, 38.6, 48.0, 0.99
A, 634131, 333716, 703519, 869156, 360384, 133339, 536145, 119864, 38.6, 48.0, 1.00
A, 634129, 333789, 703607, 869173, 360371, 133277, 536154, 119879, 38.6, 48.0, 1.01
A, 634098, 333742, 703542, 868906, 360326, 133250, 536037, 119771, 38.6, 48.0, 1.00
A, 633868, 333601, 703366, 868664, 360330, 133275, 535966, 119823, 38.6, 48.0, 1.00
A, 633607, 333604, 703155, 868497, 360255, 133252, 535931, 119839, 38.6, 48.0, 1.00
A, 633714, 333604, 703317, 868496, 360255, 133216, 535941, 119791, 38.6, 48.0, 1.00
A, 633618, 333564, 703255, 868424, 360223, 133270, 535835, 119820, 38.6, 48.0, 1.00
A, 633541, 333557, 703370, 868484, 360217, 133259, 535801, 119813, 38.6, 48.0, 0.99
A, 633521, 333512, 703202, 868005, 360186, 133205, 535815, 119802, 38.6, 48.0, 1.00
A, 633362, 333444, 703158, 867785, 360123, 133177, 535685, 119782, 38.6, 48.0, 0.99
A, 633271, 333441, 703211, 867926, 360049, 133169, 535693, 119793, 38.6, 48.0, 1.00
A, 633158, 333418, 703141, 867741, 360024, 133104, 535633, 119792, 38.6, 48.0, 1.00
A, 633170, 333389, 702888, 867583, 360008, 133195, 535595, 119826, 38.6, 48.0, 1.00
A, 633294, 333415, 703339, 867606, 360082, 133159, 535628, 119781, 38.6, 48.0, 1.00
A, 632983, 333349, 703147, 867419, 359990, 133113, 535561, 119808, 38.6, 48.0, 1.00
A, 632603, 333290, 702678, 866784, 359982, 133056, 535494, 119695, 38.6, 48.0, 1.01
A, 632533, 333207, 702500, 866792, 359745, 133023, 535359, 119719, 38.6, 48.0, 1.00
A, 632124, 333137, 702159, 866269, 359746, 132954, 535238, 119634, 38.6, 48.0, 1.00
A, 632202, 333107, 702042, 866043, 359670, 132972, 535185, 119651, 38.6, 48.0, 1.00
A, 633731, 333209, 704476, 868414, 360045, 133246, 535580, 119960, 38.6, 48.0, 0.99
A, 633621, 333329, 704243, 868050, 360071, 133208, 535577, 119876, 38.6, 48.0, 1.00
A, 633268, 333242, 703844, 867703, 359994, 133137, 535485, 119849, 38.6, 48.0, 1.00
A, 633438, 333237, 703975, 867685, 359986, 133227, 535525, 119939, 38.6, 48.0, 0.99
A, 633295, 333317, 703952, 867386, 359919, 133038, 535441, 119850, 38.6, 48.0, 0.99
A, 632974, 333141, 703548, 866904, 359838, 133100, 535313, 119840, 38.6, 48.1, 0.99
A, 632792, 333072, 703335, 866748, 359746, 133093, 535198, 119777, 38.6, 48.1, 1.00
A, 632757, 333059, 703552, 866897, 359739, 133013, 535217, 119818, 38.6, 48.0, 1.00
A, 632609, 333023, 703461, 866686, 359678, 132998, 535137, 119799, 38.6, 48.0, 1.00
A, 632626, 332991, 703526, 866683, 359788, 133007, 535211, 119810, 38.6, 48.1, 0.99
A, 632602, 333020, 703438, 866398, 359726, 132976, 535126, 119765, 38.6, 48.1, 1.00
A, 632386, 332893, 703195, 866092, 359633, 133013, 535066, 119724, 38.6, 48.1, 1.00
A, 632220, 332889, 703258, 866244, 359616, 132916, 534982, 119729, 38.6, 48.1, 1.00
A, 632270, 332808, 703218, 866122, 359567, 132963, 534995, 119747, 38.6, 48.1, 1.00
A, 632138, 332799, 703242, 866030, 359552, 132886, 534966, 119825, 38.6, 48.1, 1.00
A, 632233, 332887, 703355, 865890, 359594, 132906, 534958, 119751, 38.6, 48.1, 1.00
A, 632080, 332814, 703213, 865667, 359536, 132890, 534891, 119723, 38.6, 48.1, 1.00
A, 631828, 332702, 702942, 865380, 359458, 132862, 534809, 119703, 38.6, 48.1, 1.00
A, 631646, 332674, 702849, 865346, 359360, 132907, 534696, 119704, 38.6, 48.1, 1.00
A, 631944, 332644, 703056, 865485, 359425, 132861, 534784, 119751, 38.6, 48.1, 1.00
A, 633557, 332929, 705348, 867556, 359790, 133151, 535250, 120049, 38.6, 48.1, 1.00
A, 633353, 333033, 705285, 867333, 359837, 133057, 535173, 119988, 38.6, 48.1, 0.99
A, 633010, 332940, 704796, 866739, 359700, 133021, 535118, 119947, 38.6, 48.1, 1.00
A, 632743, 332909, 704439, 866462, 359660, 132970, 534973, 119879, 38.6, 48.1, 1.00
A, 632774, 332936, 704618, 866536, 359615, 133030, 534948, 119889, 38.6, 48.1, 0.99
A, 632329, 332773, 704145, 866056, 359518, 133018, 534868, 119847, 38.6, 48.1, 1.00
A, 632322, 332841, 704198, 866110, 359526, 133001, 534805, 119865, 38.6, 48.1, 1.00
A, 632233, 332747, 704087, 865771, 359443, 132916, 534729, 119805, 38.6, 48.1, 1.00
A, 631986, 332707, 703823, 865407, 359336, 132923, 534659, 119806, 38.6, 48.1, 1.00
A, 631776, 332663, 703889, 865493, 359380, 132908, 534661, 119846, 38.6, 48.1, 1.00
A, 631789, 332659, 703686, 865287, 359344, 132890, 534622, 119770, 38.6, 48.1, 1.00
A, 631880, 332597, 704007, 865408, 359361, 132846, 534642, 119842, 38.6, 48.1, 1.00
A, 631797, 332632, 703955, 865324, 359273, 132833, 534628, 119825, 38.6, 48.1, 1.00
A, 631862, 332581, 703893, 865033, 359245, 132829, 534496, 119805, 38.6, 48.1, 1.00
A, 631523, 332519, 703738, 864886, 359256, 132823, 534453, 119822, 38.6, 48.1, 1.00
A, 631443, 332523, 703547, 864776, 359165, 132810, 534375, 119744, 38.6, 48.1, 1.00
A, 631362, 332477, 703469, 864496, 359173, 132760, 534391, 119731, 38.6, 48.1, 1.00
A, 631200, 332383, 703251, 864251, 359073, 132699, 534305, 119666, 38.6, 48.1, 1.00
A, 630741, 332329, 702884, 863872, 359058, 132707, 534182, 119659, 38.6, 48.1, 1.00
A, 630655, 332267, 702799, 863802, 358977, 132667, 534141, 119741, 38.6, 48.1, 1.00
A, 632343, 332499, 705115, 865938, 359339, 132966, 534536, 120027, 38.6, 48.1, 1.00
A, 632255, 332597, 704981, 865710, 359334, 132858, 534579, 119912, 38.6, 48.1, 1.00
A, 631923, 332571, 704416, 864964, 359268, 132827, 534485, 119844, 38.6, 48.1, 1.00
A, 631543, 332444, 704134, 864834, 359198, 132812, 534365, 119865, 38.6, 48.1, 1.00
A, 631788, 332460, 704530, 864971, 359195, 132754, 534380, 119854, 38.6, 48.1, 1.00
A, 631509, 332427, 704240, 864642, 359123, 132818, 534281, 119837, 38.6, 48.1, 0.99
A, 631287, 332329, 703906, 864339, 359079, 132745, 534218, 119809, 38.6, 48.1, 1.01
A, 631278, 332360, 704038, 864392, 359091, 132734, 534230, 119862, 38.6, 48.1, 1.01
A, 631106, 332282, 703937, 864217, 359024, 132681, 534137, 119777, 38.6, 48.1, 1.00
A, 631322, 332363, 704015, 864160, 359051, 132675, 534192, 119763, 38.6, 48.1, 0.99
A, 631089, 332220, 703745, 863878, 358979, 132656, 534044, 119732, 38.6, 48.1, 1.00
A, 631044, 332195, 703974, 864016, 358999, 132659, 534118, 119818, 38.6, 48.1, 0.99
A, 630779, 332159, 703677, 863722, 358834, 132611, 533993, 119685, 38.6, 48.1, 1.00
A, 630763, 332091, 703830, 863899, 358934, 132635, 533998, 119768, 38.6, 48.1, 1.00
A, 630908, 332174, 703811, 863617, 358925, 132599, 533971, 119738, 38.6, 48.1, 1.00
A, 630608, 332038, 703526, 863324, 358845, 132580, 533958, 119698, 38.6, 48.1, 1.00
A, 630377, 332076, 703303, 863237, 358776, 132585, 533856, 119753, 38.6, 48.1, 1.00
A, 630053, 331911, 702887, 862539, 358698, 132455, 533735, 119604, 38.6, 48.1, 1.01
A, 629887, 331831, 702828, 862630, 358572, 132476, 533681, 119660, 38.6, 48.1, 1.00
A, 629900, 331901, 702655, 862403, 358599, 132456, 533679, 119620, 38.6, 48.1, 1.01
A, 631055, 331948, 704348, 863757, 358843, 132573, 533919, 119825, 38.6, 48.1, 0.99
A, 631210, 332049, 704453, 863952, 358921, 132572, 533976, 119887, 38.6, 48.1, 1.00
A, 631001, 332009, 704271, 863852, 358857, 132616, 533926, 119818, 38.6, 48.1, 1.00
A, 630723, 332007, 704047, 863567, 358835, 132585, 533874, 119778, 38.6, 48.1, 1.00
A, 631108, 332049, 704335, 863696, 358849, 132621, 533882, 119864, 38.6, 48.1, 1.00
A, 630849, 332017, 704227, 863373, 358812, 132560, 533816, 119760, 38.6, 48.1, 1.00
A, 630629, 331995, 703966, 863137, 358770, 132535, 533813, 119742, 38.6, 48.1, 1.00
A, 630394, 331914, 703690, 862971, 358711, 132515, 533677, 119780, 38.6, 48.1, 1.00
A, 630581, 331899, 703988, 863203, 358699, 132520, 533740, 119807, 38.6, 48.1, 1.00
A, 630440, 331907, 703815, 863078, 358741, 132561, 533730, 119798, 38.6, 48.1, 1.00
A, 630570, 331940, 704143, 863274, 358802, 132588, 533682, 119811, 38.6, 48.1, 1.00
A, 630681, 331902, 704202, 863195, 358758, 132506, 533739, 119793, 38.6, 48.1, 1.00
A, 630412, 331901, 703983, 862925, 358673, 132521, 533677, 119825, 38.6, 48.1, 1.00
A, 630331, 331870, 703855, 862908, 358651, 132508, 533650, 119753, 38.6, 48.1, 1.01
A, 630287, 331888, 703832, 862711, 358680, 132509, 533646, 119756, 38.6, 48.1, 1.00
A, 630210, 331787, 703575, 862454, 358603, 132479, 533591, 119786, 38.6, 48.1, 0.99
A, 629955, 331732, 703373, 862093, 358518, 132362, 533517, 119713, 38.6, 48.1, 1.00
A, 629919, 331735, 703216, 862046, 358470, 132413, 533435, 119672, 38.6, 48.1, 0.99
A, 629663, 331650, 703174, 861873, 358486, 132326, 533403, 119631, 38.6, 48.1, 1.00
A, 629573, 331637, 703142, 861900, 358458, 132374, 533342, 119658, 38.6, 48.1, 1.00
A, 631152, 331921, 705144, 863603, 358808, 132581, 533817, 119947, 38.6, 48.1, 1.00
A, 630969, 331951, 704876, 863316, 358826, 132535, 533697, 119940, 38.6, 48.1, 1.00
A, 630746, 331893, 704835, 863402, 358776, 132512, 533669, 119869, 38.6, 48.1, 1.01
A, 630548, 331828, 704530, 863092, 358713, 132461, 533551, 119878, 38.6, 48.1, 0.99
A, 630464, 331857, 704379, 862793, 358632, 132504, 533589, 119863, 38.6, 48.1, 1.00
A, 630445, 331834, 704507, 862881, 358602, 132436, 533521, 119852, 38.6, 48.1, 1.00
A, 630186, 331818, 704188, 862461, 358610, 132378, 533504, 119815, 38.6, 48.1, 1.00
A, 630067, 331684, 703863, 862101, 358468, 132409, 533387, 119752, 38.6, 48.1, 1.01
A, 629807, 331642, 703668, 862053, 358430, 132326, 533311, 119712, 38.6, 48.1, 1.00
A, 629896, 331714, 703928, 862161, 358504, 132381, 533345, 119769, 38.6, 48.1, 1.00
A, 629751, 331675, 703694, 861936, 358443, 132374, 533301, 119839, 38.6, 48.1, 1.01
A, 630011, 331655, 703909, 862130, 358491, 132385, 533356, 119797, 38.6, 48.1, 1.00
A, 629916, 331657, 704019, 861952, 358509, 132372, 533378, 119795, 38.6, 48.1, 1.00
A, 629653, 331539, 703752, 861649, 358363, 132300, 533269, 119667, 38.6, 48.1, 1.00
A, 629664, 331603, 703831, 861818, 358342, 132292, 533247, 119815, 38.6, 48.1, 1.00
A, 629615, 331541, 703688, 861690, 358379, 132278, 533203, 119769, 38.6, 48.1, 1.00
A, 629470, 331508, 703583, 861578, 358310, 132276, 533214, 119814, 38.6, 48.1, 1.00
A, 629713, 331493, 703705, 861435, 358331, 132291, 533261, 119752, 38.6, 48.1, 1.00
A, 629469, 331420, 703581, 861380, 358266, 132167, 533155, 119666, 38.6, 48.1, 1.00
A, 629224, 331414, 703339, 861153, 358332, 132227, 533138, 119629, 38.6, 48.1, 1.00
A, 630416, 331557, 704873, 862701, 358413, 132371, 533295, 119923, 38.6, 48.1, 1.00
A, 630598, 331722, 705072, 862745, 358572, 132386, 533485, 119879, 38.6, 48.1, 1.00
A, 630435, 331678, 704931, 862620, 358577, 132342, 533436, 119955, 38.6, 48.1, 0.99
A, 630363, 331702, 704790, 862296, 358526, 132373, 533375, 119841, 38.6, 48.1, 1.00
A, 630016, 331622, 704424, 861949, 358403, 132318, 533303, 119823, 38.6, 48.1, 1.00
A, 629762, 331550, 704166, 861803, 358383, 132269, 533159, 119802, 38.6, 48.1, 1.00
A, 629778, 331515, 704275, 861867, 358389, 132294, 533231, 119797, 38.6, 48.1, 1.00
A, 629507, 331441, 704019, 861552, 358362, 132290, 533086, 119802, 38.6, 48.1, 1.00
A, 629908, 331593, 704330, 861731, 358321, 132317, 533166, 119808, 38.6, 48.1, 1.00
A, 629773, 331574, 704430, 861753, 358378, 132252, 533154, 119774, 38.6, 48.1, 1.01
A, 629607, 331460, 704161, 861471, 358324, 132223, 533079, 119812, 38.6, 48.1, 1.00
A, 629717, 331496, 704231, 861506, 358321, 132321, 533194, 119830, 38.6, 48.1, 1.00
A, 629611, 331465, 704142, 861487, 358278, 132234, 533079, 119786, 38.6, 48.1, 1.00
A, 629559, 331547, 704195, 861323, 358329, 132185, 533091, 119749, 38.6, 48.1, 1.00
A, 629394, 331396, 703796, 860983, 358213, 132186, 533063, 119743, 38.6, 48.1, 1.00
A, 629383, 331337, 704037, 861139, 358227, 132134, 533023, 119813, 38.6, 48.1, 1.00
A, 629250, 331363, 703892, 861066, 358171, 132171, 532981, 119704, 38.6, 48.1, 1.00
A, 628695, 331268, 703354, 860641, 358118, 132136, 532843, 119744, 38.6, 48.1, 1.00
A, 629053, 331273, 703554, 860523, 358079, 132068, 532931, 119735, 38.6, 48.1, 1.00
A, 628902, 331286, 703458, 860433, 358074, 132088, 532838, 119634, 38.6, 48.1, 1.00
A, 630443, 331552, 705470, 862443, 358477, 132316, 533237, 119984, 38.6, 48.1, 1.00
A, 630320, 331560, 705305, 862178, 358499, 132343, 533226, 119952, 38.6, 48.1, 1.00
A, 630213, 331600, 705315, 862187, 358482, 132306, 533223, 119958, 38.6, 48.1, 1.00
A, 630106, 331547, 705075, 861908, 358409, 132240, 533147, 119884, 38.6, 48.1, 1.00
A, 629981, 331581, 704964, 861542, 358376, 132191, 533091, 119897, 38.6, 48.1, 1.00
A, 629631, 331439, 704615, 861277, 358293, 132155, 532985, 119847, 38.6, 48.1, 1.00
A, 629339, 331328, 704311, 861087, 358188, 132180, 532921, 119801, 38.6, 48.1, 1.00
A, 629329, 331346, 704340, 861139, 358199, 132192, 532915, 119826, 38.6, 48.1, 1.00
A, 629229, 331379, 704157, 860834, 358119, 132098, 532877, 119767, 38.6, 48.1, 1.00
A, 629395, 331331, 704417, 861076, 358131, 132181, 532911, 119824, 38.6, 48.1, 1.00
A, 629140, 331310, 704132, 860724, 358151, 132098, 532859, 119812, 38.6, 48.1, 1.00
A, 628950, 331240, 703847, 860336, 358118, 131991, 532781, 119744, 38.6, 48.1, 1.00
A, 628760, 331143, 703700, 860306, 357971, 131972, 532683, 119712, 38.6, 48.1, 1.00
A, 628787, 331188, 703895, 860427, 358038, 132014, 532717, 119684, 38.6, 48.1, 1.01
A, 628651, 331140, 703648, 860233, 357986, 132045, 532677, 119718, 38.6, 48.1, 1.00
A, 628909, 331126, 703954, 860438, 358035, 132010, 532693, 119803, 38.6, 48.1, 1.00
A, 628926, 331232, 704049, 860378, 358016, 132024, 532711, 119682, 38.6, 48.1, 1.00
A, 628705, 331115, 703746, 860179, 357980, 131978, 532669, 119725, 38.6, 48.1, 1.00
A, 628591, 331066, 703606, 859986, 357923, 131930, 532629, 119712, 38.6, 48.1, 1.00
A, 628650, 331078, 703642, 859989, 357921, 132019, 532629, 119727, 38.6, 48.1, 0.99
A, 629672, 331227, 705199, 861523, 358168, 132168, 532836, 119969, 38.6, 48.1, 1.00
A, 629534, 331380, 704886, 861100, 358248, 132082, 532934, 119882, 38.6, 48.1, 1.00
A, 629335, 331245, 704615, 860876, 358133, 132062, 532796, 119894, 38.6, 48.1, 1.00
A, 629216, 331254, 704588, 860922, 358128, 132024, 532810, 119839, 38.6, 48.1, 1.00
A, 629217, 331260, 704567, 860762, 358115, 132091, 532778, 119861, 38.6, 48.1, 1.00
A, 629083, 331220, 704441, 860570, 358073, 132045, 532721, 119856, 38.6, 48.1, 1.00
A, 629261, 331252, 704710, 860828, 358106, 132034, 532802, 119860, 38.6, 48.1, 1.01
A, 629163, 331246, 704621, 860696, 358105, 132021, 532737, 119875, 38.6, 48.1, 1.00
A, 629000, 331129, 704319, 860347, 358038, 132031, 532632, 119801, 38.6, 48.1, 0.98
A, 628986, 331187, 704386, 860464, 358051, 131966, 532689, 119825, 38.6, 48.1, 1.00
A, 628901, 331167, 704293, 860247, 357986, 131983, 532676, 119832, 38.6, 48.1, 1.00
A, 628802, 331196, 704154, 859995, 357984, 131932, 532597, 119729, 38.6, 48.1, 1.00
A, 628631, 331128, 703896, 859782, 357882, 131936, 532509, 119691, 38.6, 48.1, 1.00
A, 628471, 331093, 703771, 859834, 357897, 131936, 532497, 119719, 38.6, 48.1, 1.00
A, 628317, 331009, 703569, 859636, 357782, 131831, 532439, 119682, 38.6, 48.2, 1.00
A, 628472, 331023, 703864, 859860, 357902, 131934, 532479, 119784, 38.6, 48.2, 1.00
A, 628519, 330993, 703889, 859856, 357851, 131963, 532509, 119775, 38.6, 48.1, 1.00
A, 628224, 330950, 703469, 859374, 357816, 131844, 532418, 119728, 38.6, 48.1, 1.00
A, 628128, 330818, 703463, 859143, 357762, 131807, 532376, 119673, 38.6, 48.1, 1.00
A, 628070, 330879, 703378, 859297, 357743, 131814, 532385, 119713, 38.6, 48.1, 1.00
M, 625003, 330504, 698611, 853827, 357206, 131196, 531434, 118780, 38.6, 48.1, 0.00
M, 618856, 329122, 690916, 846888, 355465, 130302, 529420, 117849, 38.6, 48.1, 0.52
M, 610386, 326913, 679542, 835888, 352877, 129041, 526395, 116394, 38.6, 48.1, 0.76
M, 606167, 325504, 673816, 830258, 351429, 128210, 524790, 115652, 38.6, 48.1, 0.81
M, 602082, 324350, 667786, 824984, 350121, 127541, 523487, 115108, 38.6, 48.1, 0.88
M, 598568, 323308, 661895, 819372, 348945, 126789, 522346, 114430, 38.6, 48.0, 0.92
M, 595929, 322442, 657608, 816188, 348107, 126241, 521598, 114018, 38.6, 48.0, 0.96
M, 594382, 321884, 654022, 813504, 347533, 125793, 521104, 113644, 38.6, 47.8, 0.96
M, 593276, 321286, 650651, 811064, 347000, 125226, 520710, 113345, 38.6, 47.8, 0.98
M, 592562, 320842, 648004, 809576, 346676, 124870, 520423, 113075, 38.6, 47.7, 0.99
M, 592264, 320483, 646046, 808884, 346521, 124604, 520355, 112964, 38.6, 47.7, 0.98
M, 592119, 320020, 644133, 808039, 346279, 124399, 520275, 112886, 38.6, 47.6, 0.99
M, 592611, 319761, 642992, 808023, 346286, 124222, 520362, 112840, 38.6, 47.6, 0.99
M, 593089, 319447, 641940, 808208, 346267, 124068, 520444, 112762, 38.6, 47.6, 1.00
M, 593865, 319194, 641251, 808742, 346414, 123908, 520675, 112721, 38.6, 47.6, 1.00
M, 594350, 318919, 640193, 808856, 346392, 123781, 520892, 112614, 38.6, 47.5, 1.00
M, 595109, 318604, 639882, 809707, 346549, 123780, 521082, 112682, 38.6, 47.5, 1.00
M, 595518, 318466, 639059, 809885, 346666, 123599, 521270, 112606, 38.6, 47.5, 1.00
M, 596262, 318162, 638387, 810283, 346806, 123498, 521514, 112619, 38.6, 47.5, 1.00
M, 596713, 317890, 637890, 810968, 346930, 123429, 521768, 112574, 38.6, 47.5, 1.00
M, 598822, 317959, 639483, 813620, 347381, 123591, 522417, 112908, 38.6, 47.5, 1.00
M, 599457, 317928, 638861, 814035, 347767, 123590, 522846, 112903, 38.6, 47.4, 1.01
M, 599796, 317803, 638569, 814602, 347825, 123535, 523061, 112825, 38.6, 47.4, 1.00
M, 600359, 317697, 638010, 815246, 348090, 123453, 523419, 112823, 38.6, 47.4, 1.00
M, 600715, 317558, 637672, 815600, 348252, 123439, 523670, 112776, 38.6, 47.4, 1.00
M, 601499, 317491, 637881, 816660, 348464, 123509, 524000, 112831, 38.6, 47.4, 1.00
M, 601999, 317407, 637587, 817185, 348681, 123471, 524340, 112894, 38.6, 47.4, 0.99
M, 602456, 317352, 637459, 817896, 348910, 123483, 524659, 112907, 38.6, 47.4, 1.00
M, 603296, 317388, 637714, 818857, 349292, 123489, 525100, 112925, 38.6, 47.4, 1.00
M, 604130, 317482, 637799, 819701, 349594, 123515, 525529, 112955, 38.6, 47.4, 1.00
M, 604582, 317498, 637696, 820336, 349795, 123523, 525887, 112979, 38.6, 47.4, 1.00
M, 605124, 317415, 637682, 821168, 350093, 123568, 526232, 113059, 38.6, 47.4, 1.00
M, 605803, 317547, 637717, 821934, 350337, 123510, 526569, 113065, 38.6, 47.3, 1.00
M, 606219, 317558, 637752, 822628, 350636, 123560, 526980, 113113, 38.6, 47.3, 1.00
M, 607037, 317752, 638164, 823680, 350960, 123583, 527353, 113160, 38.6, 47.3, 0.99
M, 607715, 317818, 638195, 824359, 351194, 123633, 527758, 113199, 38.6, 47.3, 1.00
M, 608096, 317910, 638116, 824910, 351444, 123650, 528055, 113188, 38.6, 47.3, 1.01
M, 608638, 318031, 638281, 825797, 351768, 123698, 528452, 113199, 38.6, 47.3, 1.00
M, 609098, 318130, 638322, 826384, 352024, 123660, 528723, 113271, 38.6, 47.3, 1.00
M, 609592, 318232, 638418, 827104, 352205, 123744, 529104, 113282, 38.6, 47.3, 1.01
M, 612139, 318649, 640781, 830052, 352969, 123971, 530035, 113570, 38.6, 47.3, 1.00
M, 612459, 318922, 640629, 830298, 353265, 123931, 530331, 113550, 38.6, 47.3, 0.99
M, 612494, 319156, 640166, 830530, 353390, 123912, 530574, 113517, 38.6, 47.3, 1.00
M, 612579, 319155, 639992, 830864, 353515, 123986, 530792, 113543, 38.6, 47.3, 1.00
M, 612925, 319286, 639465, 831135, 353823, 124008, 531134, 113492, 38.6, 47.3, 1.00
M, 613000, 319344, 639436, 831262, 353873, 123910, 531203, 113423, 38.6, 47.3, 1.00
M, 613281, 319455, 639493, 831967, 354066, 123983, 531521, 113439, 38.6, 47.3, 1.00
M, 613652, 319577, 639424, 832412, 354238, 123945, 531765, 113492, 38.6, 47.3, 1.01
M, 613928, 319648, 639334, 832700, 354461, 123942, 532054, 113493, 38.6, 47.3, 1.00
M, 614445, 319871, 639661, 833423, 354721, 124043, 532348, 113553, 38.6, 47.3, 1.00
M, 614858, 320039, 639593, 833829, 354931, 123969, 532714, 113608, 38.6, 47.3, 1.01
M, 615078, 320143, 639410, 834170, 355163, 123974, 532905, 113567, 38.6, 47.3, 0.99
M, 615698, 320368, 639771, 835079, 355268, 124044, 533181, 113551, 38.6, 47.3, 1.00
M, 615880, 320461, 639727, 835450, 355498, 124011, 533410, 113617, 38.6, 47.3, 1.01
M, 616331, 320608, 639980, 836057, 355679, 124108, 533675, 113607, 38.6, 47.3, 1.01
M, 616790, 320730, 639932, 836562, 355915, 124110, 533983, 113728, 38.6, 47.3, 1.00
M, 617437, 321004, 640457, 837318, 356229, 124156, 534322, 113638, 38.6, 47.3, 1.00
M, 617552, 321112, 640192, 837569, 356368, 124193, 534493, 113652, 38.6, 47.3, 1.01
M, 617828, 321286, 640110, 838015, 356444, 124129, 534724, 113688, 38.6, 47.3, 1.00
M, 617650, 321325, 639725, 837930, 356536, 124149, 534787, 113628, 38.6, 47.3, 1.01
M, 617958, 321522, 640141, 839020, 356825, 124244, 535173, 113768, 38.6, 47.3, 1.00
M, 619082, 321781, 640630, 839757, 357107, 124204, 535552, 113794, 38.6, 47.3, 1.00
M, 619230, 321887, 640642, 839923, 357233, 124196, 535667, 113773, 38.6, 47.3, 0.99
M, 619400, 322050, 640420, 840263, 357505, 124292, 535963, 113721, 38.6, 47.3, 1.01
M, 619598, 322099, 640366, 840559, 357461, 124223, 536133, 113778, 38.6, 47.3, 0.99
M, 620026, 322273, 640771, 841270, 357685, 124304, 536371, 113848, 38.6, 47.3, 1.00
M, 620479, 322471, 640912, 841738, 357843, 124356, 536572, 113858, 38.6, 47.3, 1.00
M, 620769, 322666, 640961, 842257, 358042, 124309, 536860, 113815, 38.6, 47.3, 0.99
M, 621082, 322793, 640930, 842528, 358259, 124376, 537030, 113895, 38.6, 47.3, 0.99
M, 621239, 322949, 641040, 842974, 358307, 124346, 537203, 113863, 38.6, 47.3, 0.99
M, 621723, 323123, 641286, 843635, 358548, 124382, 537430, 113895, 38.6, 47.3, 1.00
M, 621814, 323225, 641278, 843819, 358698, 124447, 537572, 113877, 38.6, 47.3, 1.01
M, 622391, 323477, 641632, 844645, 358902, 124436, 537949, 114014, 38.6, 47.3, 0.99
M, 622855, 323599, 641717, 845058, 359101, 124558, 538188, 113964, 38.6, 47.3, 0.99
M, 622917, 323679, 641741, 845310, 359202, 124548, 538250, 113919, 38.6, 47.3, 1.00
M, 623266, 323793, 641797, 845681, 359278, 124525, 538454, 114017, 38.6, 47.3, 0.99
M, 623446, 323969, 641805, 845966, 359414, 124533, 538626, 114046, 38.6, 47.3, 1.00
M, 623858, 324189, 641973, 846543, 359656, 124578, 538874, 114062, 38.6, 47.3, 1.01
M, 623548, 324175, 641440, 846236, 359589, 124554, 538898, 113932, 38.6, 47.3, 1.01
M, 623998, 324350, 641806, 846915, 359780, 124577, 539089, 113961, 38.6, 47.3, 1.00
M, 625664, 324628, 643670, 849208, 360223, 124788, 539599, 114213, 38.6, 47.3, 1.01
M, 625938, 324974, 643734, 849416, 360422, 124845, 539861, 114245, 38.6, 47.3, 1.00
M, 625843, 325141, 643299, 849132, 360530, 124790, 539972, 114159, 38.6, 47.3, 1.00
M, 625807, 325154, 643062, 849348, 360503, 124786, 540065, 114182, 38.6, 47.3, 1.00
M, 625478, 325200, 642607, 849222, 360652, 124797, 540139, 114110, 38.6, 47.3, 1.01
M, 625650, 325185, 642491, 849309, 360600, 124724, 540247, 114094, 38.6, 47.3, 1.00
M, 625938, 325332, 642865, 849955, 360750, 124732, 540343, 114126, 38.6, 47.3, 1.01
M, 626173, 325501, 642886, 850201, 360871, 124847, 540511, 114153, 38.6, 47.3, 1.01
M, 626517, 325597, 642837, 850252, 360950, 124827, 540658, 114152, 38.6, 47.3, 1.01
M, 626324, 325672, 642485, 850223, 360982, 124763, 540775, 114156, 38.6, 47.3, 0.99
M, 626355, 325710, 642561, 850647, 361106, 124772, 540838, 114125, 38.6, 47.3, 1.01
M, 626708, 325848, 642872, 851112, 361218, 124819, 541048, 114101, 38.6, 47.3, 1.00
M, 626912, 325910, 642732, 851391, 361296, 124885, 541165, 114141, 38.6, 47.3, 1.01
M, 627243, 326071, 642996, 851755, 361473, 124913, 541409, 114235, 38.6, 47.3, 0.99
M, 627447, 326159, 643117, 852025, 361541, 124819, 541457, 114129, 38.6, 47.3, 1.01
M, 627396, 326297, 643009, 852044, 361612, 124874, 541578, 114169, 38.6, 47.3, 1.00
M, 627744, 326401, 643231, 852694, 361763, 124904, 541727, 114204, 38.6, 47.3, 0.99
M, 627881, 326422, 643248, 852923, 361867, 124934, 541899, 114191, 38.6, 47.3, 1.00
M, 628138, 326561, 643478, 853355, 361970, 125005, 542053, 114311, 38.6, 47.3, 1.01
M, 628348, 326675, 643502, 853709, 362013, 125004, 542195, 114303, 38.6, 47.3, 1.00
M, 630376, 327078, 645823, 856069, 362535, 125211, 542768, 114534, 38.6, 47.3, 1.00
M, 630223, 327276, 645447, 855901, 362615, 125193, 542873, 114431, 38.6, 47.3, 1.01
M, 630294, 327309, 645360, 856083, 362712, 125200, 542888, 114461, 38.6, 47.3, 1.00
M, 629982, 327394, 644868, 855682, 362723, 125150, 542970, 114356, 38.6, 47.3, 0.99
M, 629855, 327445, 644712, 855851, 362710, 125190, 542986, 114424, 38.6, 47.3, 1.00
M, 629852, 327589, 644386, 855743, 362820, 125163, 543089, 114375, 38.6, 47.3, 0.99
M, 629846, 327534, 644446, 855930, 362744, 125137, 543138, 114293, 38.6, 47.3, 1.01
M, 629922, 327654, 644477, 856168, 362854, 125191, 543205, 114345, 38.6, 47.3, 1.00
M, 630020, 327699, 644468, 856239, 362867, 125172, 543301, 114348, 38.6, 47.3, 1.00
M, 630097, 327733, 644313, 856358, 362984, 125184, 543391, 114380, 38.6, 47.3, 1.01
M, 630463, 327886, 644805, 856929, 363108, 125185, 543562, 114403, 38.6, 47.3, 1.00
M, 630578, 327980, 644819, 857149, 363193, 125183, 543617, 114410, 38.6, 47.3, 1.00
M, 630522, 328081, 644572, 857158, 363197, 125223, 543770, 114367, 38.6, 47.3, 1.00
M, 630843, 328086, 644810, 857557, 363317, 125190, 543837, 114371, 38.6, 47.3, 0.99
M, 630875, 328195, 644857, 857720, 363435, 125261, 543931, 114402, 38.6, 47.3, 0.99
M, 631077, 328266, 644995, 857985, 363457, 125317, 544105, 114450, 38.6, 47.3, 1.00
M, 631326, 328391, 645013, 858037, 363551, 125283, 544188, 114412, 38.6, 47.3, 0.99
M, 631129, 328274, 644832, 858198, 363515, 125239, 544208, 114334, 38.6, 47.3, 1.00
M, 631288, 328459, 645032, 858524, 363648, 125301, 544323, 114398, 38.6, 47.3, 1.00
M, 631396, 328497, 644873, 858437, 363683, 125272, 544394, 114455, 38.6, 47.3, 1.00
M, 633272, 328802, 647116, 860940, 364119, 125535, 544935, 114683, 38.6, 47.3, 1.00
M, 633282, 329092, 646831, 860767, 364230, 125510, 545032, 114594, 38.6, 47.3, 0.99
M, 632812, 329054, 646424, 860443, 364181, 125444, 545014, 114539, 38.6, 47.3, 1.01
M, 632804, 329086, 646194, 860522, 364226, 125454, 545047, 114555, 38.6, 47.3, 1.01
M, 632655, 329137, 646001, 860415, 364229, 125386, 545106, 114504, 38.6, 47.3, 1.01
M, 632585, 329165, 645835, 860449, 364222, 125464, 545119, 114512, 38.6, 47.3, 1.01
M, 632613, 329273, 645690, 860407, 364331, 125385, 545208, 114509, 38.6, 47.3, 1.00
M, 632506, 329126, 645575, 860220, 364216, 125405, 545173, 114393, 38.6, 47.3, 0.99
M, 632628, 329256, 645730, 860688, 364361, 125437, 545266, 114487, 38.6, 47.3, 1.00
M, 632748, 329290, 645600, 860769, 364411, 125435, 545373, 114453, 38.6, 47.3, 1.00
M, 632864, 329380, 645758, 860945, 364413, 125482, 545465, 114499, 38.6, 47.3, 1.01
M, 633074, 329414, 645969, 861337, 364570, 125477, 545575, 114533, 38.6, 47.3, 1.00
M, 633266, 329495, 645941, 861446, 364589, 125486, 545639, 114505, 38.6, 47.3, 1.01
M, 633268, 329534, 646022, 861565, 364586, 125472, 545705, 114523, 38.6, 47.3, 1.00
M, 633452, 329581, 646196, 861917, 364695, 125531, 545763, 114519, 38.6, 47.3, 0.99
M, 633501, 329563, 646140, 862046, 364770, 125560, 545934, 114521, 38.6, 47.3, 0.99
M, 633768, 329663, 646278, 862242, 364790, 125559, 546005, 114575, 38.6, 47.3, 0.99
M, 633886, 329742, 646526, 862577, 364918, 125527, 546080, 114539, 38.6, 47.3, 1.00
M, 633780, 329762, 646274, 862508, 364928, 125495, 546151, 114532, 38.6, 47.3, 0.99
M, 633859, 329761, 646210, 862616, 364965, 125556, 546184, 114479, 38.6, 47.3, 1.00
M, 635360, 330070, 648175, 864653, 365256, 125792, 546597, 114760, 38.6, 47.3, 1.00
M, 635224, 330177, 647772, 864419, 365349, 125748, 546682, 114721, 38.6, 47.3, 0.99
M, 635235, 330250, 647477, 864161, 365382, 125685, 546681, 114620, 38.6, 47.3, 0.98
M, 634965, 330286, 647348, 864065, 365344, 125675, 546643, 114619, 38.6, 47.3, 1.01
M, 635008, 330327, 647410, 864416, 365408, 125692, 546736, 114591, 38.6, 47.3, 1.00
M, 634530, 330356, 646823, 863784, 365355, 125735, 546742, 114587, 38.6, 47.3, 1.01
M, 634633, 330283, 646641, 863870, 365373, 125615, 546650, 114569, 38.6, 47.3, 0.99
M, 634482, 330378, 646617, 863828, 365439, 125697, 546762, 114557, 38.6, 47.3, 1.00
M, 634552, 330391, 646685, 863882, 365400, 125704, 546795, 114581, 38.6, 47.3, 0.98
M, 634813, 330357, 646972, 864340, 365488, 125676, 546927, 114585, 38.6, 47.3, 1.00
M, 634955, 330418, 646977, 864602, 365477, 125777, 547022, 114550, 38.6, 47.3, 1.00
M, 634914, 330466, 646986, 864599, 365519, 125745, 546990, 114589, 38.6, 47.3, 1.01
M, 635271, 330527, 647329, 865048, 365671, 125718, 547198, 114693, 38.6, 47.3, 1.00
M, 635518, 330642, 647489, 865219, 365786, 125710, 547342, 114624, 38.6, 47.3, 1.00
M, 635432, 330647, 647388, 865180, 365766, 125830, 547323, 114564, 38.6, 47.3, 1.01
M, 635545, 330691, 647471, 865509, 365818, 125859, 547367, 114714, 38.6, 47.3, 1.00
M, 635616, 330741, 647480, 865692, 365821, 125817, 547457, 114646, 38.6, 47.3, 1.01
M, 635935, 330816, 647777, 865915, 365917, 125762, 547552, 114732, 38.6, 47.3, 1.00
M, 635949, 330846, 647800, 866117, 365921, 125840, 547691, 114712, 38.6, 47.3, 0.99
M, 636160, 330870, 647878, 866190, 366024, 125867, 547726, 114683, 38.6, 47.3, 0.99
M, 637625, 331135, 649733, 868301, 366378, 126003, 548134, 114888, 38.6, 47.3, 1.00
M, 637590, 331359, 649669, 868247, 366496, 126117, 548230, 114906, 38.6, 47.3, 1.01
M, 637420, 331319, 649466, 868201, 366400, 126059, 548186, 114849, 38.6, 47.3, 0.99
M, 637291, 331381, 649159, 867920, 366429, 126048, 548175, 114822, 38.6, 47.3, 1.01
M, 637534, 331447, 649354, 868037, 366548, 126067, 548270, 114843, 38.6, 47.3, 0.99
M, 637050, 331373, 649022, 867869, 366458, 126022, 548236, 114786, 38.6, 47.3, 0.99
M, 636852, 331456, 648730, 867668, 366486, 125993, 548297, 114760, 38.6, 47.3, 1.00
M, 636795, 331410, 648576, 867683, 366399, 125993, 548203, 114771, 38.6, 47.3, 1.00
M, 636654, 331468, 648247, 867191, 366474, 125931, 548217, 114691, 38.6, 47.3, 1.01
M, 636431, 331317, 647978, 866970, 366333, 125951, 548184, 114668, 38.6, 47.3, 0.99
M, 636607, 331345, 648266, 867470, 366425, 125997, 548271, 114717, 38.6, 47.3, 1.00
M, 636670, 331388, 648380, 867560, 366443, 125970, 548331, 114678, 38.6, 47.3, 1.00
M, 636623, 331427, 648301, 867650, 366462, 125987, 548260, 114716, 38.6, 47.3, 1.00
M, 637049, 331505, 648660, 868082, 366550, 126015, 548443, 114760, 38.6, 47.3, 0.99
M, 637122, 331547, 648653, 868090, 366615, 126086, 548514, 114731, 38.6, 47.3, 1.00
M, 636964, 331534, 648471, 867862, 366552, 125974, 548471, 114712, 38.6, 47.3, 1.00
M, 637257, 331583, 648822, 868246, 366644, 126015, 548529, 114671, 38.6, 47.3, 1.00
M, 637234, 331615, 648900, 868518, 366621, 126026, 548677, 114731, 38.6, 47.3, 1.01
M, 637418, 331658, 649058, 868772, 366784, 126109, 548759, 114779, 38.6, 47.3, 1.00
M, 637443, 331666, 649083, 868869, 366782, 126127, 548815, 114797, 38.6, 47.3, 1.00
M, 639330, 331947, 651264, 871048, 367121, 126291, 549277, 115002, 38.6, 47.3, 1.00
M, 639086, 332145, 650918, 870645, 367200, 126265, 549307, 114921, 38.6, 47.3, 1.00
M, 638942, 332173, 650738, 870794, 367228, 126307, 549252, 114992, 38.6, 47.3, 1.00
M, 638716, 332122, 650521, 870614, 367183, 126279, 549270, 114909, 38.7, 47.3, 1.00
M, 638691, 332116, 650409, 870507, 367194, 126290, 549276, 114882, 38.7, 47.3, 0.99
M, 638690, 332210, 650340, 870417, 367184, 126271, 549317, 114885, 38.7, 47.3, 1.00
M, 638495, 332131, 650122, 870130, 367153, 126248, 549244, 114843, 38.7, 47.3, 1.00
M, 638236, 332183, 649691, 869911, 367167, 126217, 549266, 114817, 38.7, 47.3, 0.99
M, 638009, 332131, 649656, 869877, 367075, 126221, 549214, 114878, 38.7, 47.3, 1.00
M, 638230, 332117, 649637, 870003, 367102, 126212, 549283, 114851, 38.7, 47.3, 1.00
M, 638255, 332132, 649848, 870224, 367137, 126286, 549334, 114832, 38.7, 47.3, 1.00
M, 638438, 332147, 649975, 870292, 367174, 126234, 549431, 114760, 38.7, 47.3, 0.99
M, 638228, 332180, 649761, 870119, 367199, 126274, 549426, 114824, 38.7, 47.3, 1.01
M, 638225, 332172, 649789, 870150, 367191, 126197, 549384, 114839, 38.7, 47.3, 1.00
M, 638368, 332219, 650037, 870634, 367240, 126272, 549480, 114869, 38.7, 47.3, 0.99
M, 638435, 332172, 650046, 870594, 367231, 126314, 549494, 114805, 38.7, 47.3, 0.99
M, 638659, 332280, 650290, 871008, 367357, 126367, 549649, 114866, 38.7, 47.3, 1.01
M, 638838, 332292, 650454, 871055, 367437, 126298, 549641, 114880, 38.7, 47.3, 1.00
M, 638470, 332319, 649982, 870596, 367348, 126244, 549593, 114812, 38.6, 47.3, 1.01
M, 638519, 332264, 650027, 870881, 367458, 126310, 549656, 114913, 38.6, 47.3, 0.99
M, 640161, 332490, 652057, 872948, 367653, 126448, 550043, 115035, 38.7, 47.3, 1.01
M, 640261, 332735, 652050, 872864, 367835, 126535, 550180, 114991, 38.7, 47.3, 1.00
M, 639840, 332674, 651564, 872398, 367787, 126409, 550135, 114877, 38.7, 47.3, 1.00
M, 639628, 332675, 651387, 872245, 367683, 126445, 550054, 114950, 38.7, 47.3, 0.99
M, 639716, 332701, 651543, 872455, 367760, 126471, 550087, 114935, 38.7, 47.3, 0.99
M, 639466, 332734, 651227, 872186, 367694, 126439, 550049, 114875, 38.7, 47.3, 1.00
M, 639642, 332701, 651176, 872083, 367717, 126495, 550173, 114917, 38.7, 47.3, 1.01
M, 639406, 332699, 651139, 872005, 367699, 126412, 550096, 114847, 38.7, 47.3, 1.00
M, 639069, 332698, 650756, 871843, 367743, 126408, 550060, 114889, 38.7, 47.3, 1.01
M, 638923, 332606, 650558, 871612, 367613, 126427, 550046, 114830, 38.7, 47.3, 0.99
M, 639181, 332578, 650783, 871892, 367639, 126395, 550077, 114881, 38.7, 47.3, 1.00
M, 639199, 332710, 650875, 872059, 367658, 126505, 550123, 114883, 38.7, 47.3, 1.00
M, 639317, 332686, 650883, 871946, 367797, 126387, 550163, 114867, 38.7, 47.3, 1.00
M, 639142, 332608, 650649, 871831, 367659, 126456, 550155, 114810, 38.7, 47.3, 1.00
M, 639096, 332596, 650720, 872068, 367734, 126397, 550201, 114806, 38.7, 47.3, 1.00
M, 639259, 332598, 650954, 872248, 367727, 126414, 550244, 114843, 38.7, 47.3, 1.00
M, 639255, 332642, 650837, 872166, 367771, 126471, 550286, 114871, 38.7, 47.3, 1.00
M, 639567, 332664, 651142, 872498, 367819, 126467, 550425, 114925, 38.7, 47.3, 1.00
M, 639624, 332765, 651233, 872537, 367891, 126511, 550422, 114895, 38.7, 47.3, 0.99
M, 639422, 332751, 650953, 872372, 367851, 126430, 550360, 114852, 38.7, 47.3, 1.00
M, 640598, 332881, 652577, 873895, 368075, 126553, 550698, 115084, 38.7, 47.3, 1.00
M, 640834, 333027, 652728, 874268, 368246, 126665, 550846, 115062, 38.7, 47.3, 1.01
M, 640578, 333030, 652452, 874051, 368153, 126587, 550805, 115098, 38.7, 47.3, 1.00
M, 640750, 333119, 652670, 874236, 368241, 126594, 550850, 115073, 38.7, 47.3, 0.99
M, 640601, 333111, 652592, 874109, 368239, 126607, 550866, 115000, 38.7, 47.3, 1.00
M, 640368, 333046, 652276, 873881, 368134, 126647, 550828, 114936, 38.7, 47.3, 1.00
M, 640256, 333025, 652107, 873800, 368113, 126574, 550811, 115055, 38.7, 47.3, 1.01
M, 640256, 333049, 652054, 873680, 368165, 126540, 550892, 114941, 38.7, 47.3, 1.00
M, 640185, 333047, 651910, 873470, 368159, 126602, 550765, 114895, 38.7, 47.3, 1.01
M, 639905, 333067, 651505, 873138, 368144, 126628, 550863, 114944, 38.7, 47.3, 1.00
M, 639748, 332972, 651502, 873128, 368037, 126527, 550724, 114912, 38.7, 47.3, 1.00
M, 639955, 333010, 651834, 873605, 368127, 126648, 550843, 114915, 38.7, 47.3, 1.00
M, 640018, 332979, 651820, 873751, 368179, 126635, 550890, 114930, 38.7, 47.3, 1.00
M, 640218, 333046, 651894, 873500, 368283, 126657, 550948, 114916, 38.7, 47.3, 0.99
M, 639858, 332932, 651665, 873491, 368156, 126614, 550903, 114960, 38.7, 47.3, 1.01
M, 640305, 333046, 652223, 874002, 368255, 126583, 550921, 114941, 38.7, 47.3, 1.00
M, 640339, 333130, 652197, 874092, 368331, 126696, 551018, 114962, 38.7, 47.3, 0.99
M, 640602, 333078, 652335, 874255, 368316, 126693, 551070, 115016, 38.7, 47.3, 1.00
M, 640649, 333113, 652526, 874539, 368320, 126732, 551118, 115082, 38.7, 47.3, 1.01
M, 640836, 333268, 652710, 874463, 368458, 126783, 551267, 115026, 38.7, 47.3, 1.00
