State, OV, Alc, H2, AC1, NH3, AC2, VOC, LP, Temp, Hud, AirFlow
A, 573083, 296823, 759934, 792051, 322889, 134590, 477937, 127046, 40.4, 45.9, 0.00
A, 562424, 294401, 743503, 778006, 319868, 132737, 474402, 124979, 40.4, 45.9, 0.57
A, 554304, 292140, 731092, 767594, 317371, 131257, 471703, 123399, 40.3, 45.8, 0.74
A, 548021, 290366, 721050, 759492, 315455, 130070, 469737, 122188, 40.3, 45.8, 0.82
A, 541884, 288635, 710854, 751423, 313874, 128799, 468415, 120995, 40.1, 45.7, 0.91
A, 538586, 287507, 704971, 746952, 313055, 128043, 467793, 120512, 40.1, 45.7, 0.94
A, 534435, 286159, 696818, 740997, 312229, 126977, 467260, 119686, 40.0, 45.6, 0.96
A, 532643, 285388, 692864, 738419, 311861, 126406, 467078, 119349, 40.0, 45.6, 0.98
A, 531164, 284680, 688909, 736148, 311575, 125879, 467045, 119009, 40.0, 45.6, 0.98
A, 530070, 284084, 685458, 734301, 311408, 125328, 467226, 118816, 39.9, 45.5, 1.00
A, 529439, 283532, 682625, 732934, 311471, 124887, 467430, 118602, 39.9, 45.5, 1.00
A, 529359, 283145, 680498, 732492, 311560, 124482, 467795, 118547, 39.8, 45.5, 1.00
A, 529293, 282736, 678160, 731732, 311736, 124180, 468233, 118335, 39.8, 45.5, 1.00
A, 529458, 282463, 676183, 731416, 311910, 123935, 468644, 118300, 39.8, 45.4, 1.00
A, 530047, 282255, 675171, 731794, 312214, 123677, 469139, 118311, 39.8, 45.4, 1.00
A, 530702, 282088, 673912, 732213, 312519, 123539, 469680, 118313, 39.7, 45.4, 0.99
A, 531542, 282106, 673195, 732708, 312888, 123423, 470335, 118323, 39.7, 45.4, 1.00
A, 532391, 282138, 672293, 733419, 313375, 123266, 470954, 118369, 39.7, 45.4, 1.01
A, 533448, 282136, 671672, 734248, 313821, 123112, 471630, 118399, 39.7, 45.4, 1.00
A, 534375, 282101, 670957, 735029, 314240, 123011, 472278, 118389, 39.6, 45.4, 1.00
A, 536635, 282417, 672349, 737472, 314929, 123121, 473252, 118751, 39.6, 45.4, 1.00
A, 537826, 282642, 672020, 738577, 315538, 123081, 474023, 118715, 39.6, 45.4, 1.00
A, 538866, 282807, 671059, 739168, 316013, 122956, 474732, 118607, 39.6, 45.4, 0.99
A, 539776, 282989, 670299, 739975, 316494, 122924, 475361, 118647, 39.5, 45.4, 1.00
A, 540482, 283191, 669847, 740875, 316874, 122783, 475948, 118672, 39.5, 45.4, 1.00
A, 541315, 283404, 668836, 741328, 317321, 122694, 476596, 118637, 39.5, 45.4, 1.00
A, 542118, 283556, 668590, 742301, 317638, 122731, 477070, 118705, 39.5, 45.4, 1.00
A, 543636, 283989, 668176, 743570, 318388, 122673, 477947, 118673, 39.5, 45.4, 1.00
A, 544393, 284133, 667904, 744264, 318697, 122607, 478440, 118647, 39.5, 45.4, 1.00
A, 545533, 284402, 667809, 745424, 319188, 122652, 479114, 118777, 39.5, 45.4, 1.00
A, 546529, 284714, 667557, 746450, 319619, 122550, 479767, 118745, 39.4, 45.4, 1.00
A, 547601, 285051, 667491, 747485, 320087, 122588, 480375, 118806, 39.4, 45.4, 0.99
A, 548913, 285456, 667705, 748939, 320634, 122580, 481065, 118938, 39.4, 45.4, 1.00
A, 550261, 285880, 667721, 750039, 321240, 122533, 481841, 118904, 39.4, 45.4, 1.00
A, 551207, 286237, 667459, 751122, 321638, 122605, 482467, 118932, 39.4, 45.4, 1.01
A, 552135, 286567, 667493, 752312, 322148, 122603, 483074, 119017, 39.4, 45.4, 1.00
A, 553140, 286963, 667260, 753264, 322560, 122588, 483697, 119050, 39.4, 45.4, 1.00
A, 554354, 287374, 667601, 754422, 323114, 122626, 484334, 119095, 39.4, 45.4, 1.00
A, 555363, 287825, 667478, 755538, 323613, 122695, 484968, 119111, 39.4, 45.4, 1.00
A, 556673, 288216, 667601, 756691, 324054, 122689, 485638, 119190, 39.4, 45.4, 0.99
A, 558799, 288900, 669253, 759239, 324774, 122871, 486557, 119455, 39.3, 45.4, 1.00
A, 559588, 289372, 669282, 760257, 325260, 122820, 487116, 119393, 39.3, 45.4, 0.99
A, 560208, 289827, 668702, 760834, 325616, 122863, 487601, 119365, 39.3, 45.5, 1.00
A, 561091, 290173, 668464, 761642, 325989, 122851, 488134, 119474, 39.3, 45.5, 0.99
A, 561885, 290678, 668204, 762396, 326471, 122798, 488620, 119339, 39.3, 45.5, 0.98
A, 562285, 291025, 667876, 763052, 326781, 122842, 489112, 119397, 39.3, 45.5, 1.01
A, 563006, 291565, 667300, 763563, 327124, 122783, 489674, 119302, 39.3, 45.5, 1.01
A, 563447, 291693, 667267, 764168, 327377, 122780, 489974, 119385, 39.3, 45.5, 1.00
A, 564140, 292303, 666652, 764902, 327904, 122804, 490532, 119353, 39.2, 45.5, 1.01
A, 564776, 292573, 666336, 765319, 328110, 122792, 490975, 119346, 39.2, 45.5, 1.00
A, 565450, 292854, 666476, 766294, 328367, 122729, 491346, 119355, 39.2, 45.5, 1.00
A, 566156, 293326, 666382, 767108, 328776, 122733, 491801, 119369, 39.2, 45.5, 1.01
A, 566693, 293655, 666190, 767691, 329063, 122747, 492243, 119381, 39.2, 45.5, 0.99
A, 567672, 294101, 666418, 768718, 329448, 122810, 492824, 119391, 39.2, 45.6, 1.00
A, 568530, 294546, 666251, 769484, 329846, 122788, 493266, 119385, 39.2, 45.6, 1.00
A, 569069, 294925, 666072, 770197, 330148, 122832, 493725, 119439, 39.2, 45.6, 1.00
A, 569888, 295267, 666156, 771093, 330515, 122847, 494160, 119515, 39.2, 45.6, 1.00
A, 570482, 295642, 666229, 771839, 330844, 122872, 494569, 119482, 39.2, 45.6, 1.01
A, 571380, 296070, 666577, 772967, 331208, 122926, 495035, 119489, 39.2, 45.6, 1.00
A, 572208, 296531, 666820, 773918, 331581, 122943, 495547, 119590, 39.1, 45.6, 1.00
A, 574235, 297155, 668447, 776132, 332219, 123120, 496309, 119807, 39.1, 45.6, 1.00
A, 574625, 297578, 667971, 776485, 332513, 123022, 496721, 119695, 39.1, 45.7, 1.00
A, 574240, 297836, 666905, 776250, 332628, 123013, 496866, 119619, 39.1, 45.7, 1.00
A, 574828, 298236, 666855, 777009, 332854, 123058, 497210, 119672, 39.1, 45.7, 1.01
A, 575547, 298540, 666909, 777719, 333163, 122997, 497540, 119664, 39.1, 45.7, 1.00
A, 576367, 299079, 667073, 778491, 333569, 123085, 498113, 119716, 39.1, 45.7, 1.00
A, 576863, 299344, 666776, 779017, 333759, 123110, 498400, 119687, 39.1, 45.7, 1.00
A, 577370, 299876, 666769, 779721, 334177, 123110, 498819, 119693, 39.1, 45.7, 0.99
A, 577679, 300074, 666666, 780221, 334252, 123098, 499054, 119647, 39.1, 45.7, 1.00
A, 578375, 300413, 666841, 780969, 334574, 123163, 499463, 119685, 39.1, 45.7, 1.00
A, 579014, 300779, 666859, 781695, 334867, 123159, 499854, 119794, 39.1, 45.7, 1.00
A, 579625, 301233, 667017, 782384, 335190, 123186, 500286, 119743, 39.1, 45.7, 1.00
A, 579961, 301589, 666757, 782808, 335408, 123207, 500503, 119731, 39.1, 45.7, 1.00
A, 580406, 301836, 666469, 783364, 335577, 123235, 500800, 119692, 39.1, 45.7, 1.00
A, 581030, 302230, 666970, 784174, 335880, 123226, 501218, 119798, 39.1, 45.8, 0.99
A, 581424, 302547, 666816, 784664, 336076, 123321, 501506, 119800, 39.1, 45.8, 1.00
A, 582165, 302872, 667115, 785545, 336406, 123340, 501874, 119824, 39.0, 45.8, 0.99
A, 582667, 303257, 667075, 785950, 336628, 123258, 502163, 119775, 39.0, 45.8, 1.01
A, 582956, 303587, 666834, 786362, 336799, 123275, 502444, 119755, 39.0, 45.8, 1.00
A, 583140, 303817, 666652, 786834, 337009, 123322, 502672, 119805, 39.0, 45.8, 0.99
A, 585095, 304332, 668746, 789309, 337566, 123496, 503388, 120077, 39.0, 45.8, 1.00
A, 585436, 304825, 668499, 789529, 337839, 123525, 503646, 120030, 39.0, 45.8, 1.00
A, 585891, 305119, 668462, 790143, 338066, 123558, 503964, 120026, 39.0, 45.8, 1.00
A, 586143, 305441, 668094, 790426, 338250, 123545, 504188, 120000, 39.0, 45.8, 1.00
A, 586245, 305653, 667808, 790537, 338341, 123511, 504388, 119927, 39.0, 45.9, 1.01
A, 586049, 305862, 667094, 790443, 338369, 123469, 504481, 119816, 39.0, 45.9, 1.00
A, 586386, 306220, 666805, 790769, 338640, 123466, 504783, 119878, 39.0, 45.9, 1.00
A, 586601, 306388, 666549, 790966, 338697, 123479, 504934, 119899, 39.0, 45.9, 0.99
A, 586824, 306778, 666439, 791391, 338990, 123457, 505246, 119786, 39.0, 45.9, 1.01
A, 586996, 306846, 666187, 791584, 338965, 123442, 505353, 119768, 39.0, 45.9, 1.00
A, 587423, 307125, 666279, 792110, 339229, 123463, 505627, 119821, 39.0, 45.9, 1.00
A, 587819, 307362, 666370, 792542, 339353, 123494, 505896, 119800, 39.0, 46.0, 1.01
A, 588037, 307488, 666148, 793016, 339567, 123507, 506052, 119850, 39.0, 46.0, 1.00
A, 588666, 307918, 666273, 793553, 339757, 123480, 506416, 119829, 39.0, 46.0, 1.00
A, 588892, 308237, 666262, 794005, 339934, 123532, 506536, 119810, 39.0, 46.0, 0.99
A, 589246, 308381, 666302, 794534, 340133, 123533, 506826, 119815, 38.9, 46.0, 0.99
A, 589302, 308622, 665988, 794794, 340171, 123546, 506917, 119855, 38.9, 46.0, 1.01
A, 589926, 308890, 666256, 795372, 340391, 123533, 507269, 119867, 38.9, 46.0, 1.00
A, 590273, 309095, 666188, 795725, 340603, 123574, 507504, 119793, 38.9, 46.0, 1.01
A, 590435, 309306, 665930, 795745, 340764, 123534, 507662, 119744, 38.9, 46.0, 0.99
A, 591901, 309729, 667365, 797826, 341075, 123701, 508202, 120013, 38.9, 46.0, 1.00
A, 592249, 310032, 667454, 798133, 341313, 123721, 508414, 119969, 38.9, 46.1, 0.99
A, 592234, 310283, 667096, 798313, 341459, 123741, 508573, 119990, 38.9, 46.1, 1.00
A, 592472, 310500, 667090, 798752, 341596, 123742, 508823, 119985, 38.9, 46.1, 1.00
A, 592820, 310680, 666906, 798917, 341724, 123736, 509008, 119956, 38.9, 46.1, 1.00
A, 592771, 310960, 666607, 798996, 341842, 123693, 509103, 119836, 38.9, 46.1, 0.99
A, 592697, 311065, 666159, 799129, 341924, 123743, 509211, 119845, 38.9, 46.1, 1.01
A, 592989, 311298, 665949, 799272, 342080, 123759, 509454, 119864, 38.9, 46.1, 1.01
A, 592922, 311411, 665784, 799530, 342087, 123658, 509510, 119810, 38.9, 46.1, 0.99
A, 593082, 311760, 665538, 799684, 342283, 123670, 509754, 119852, 38.9, 46.1, 1.01
A, 593285, 311736, 665166, 799689, 342244, 123641, 509804, 119730, 38.9, 46.1, 1.00
A, 593630, 312007, 665455, 800217, 342402, 123714, 509898, 119791, 38.9, 46.1, 1.00
A, 593772, 312143, 665416, 800629, 342558, 123781, 510122, 119758, 38.9, 46.1, 1.01
A, 593884, 312308, 665188, 800830, 342688, 123694, 510314, 119856, 38.9, 46.1, 1.00
A, 594528, 312565, 665450, 801482, 342901, 123748, 510601, 119830, 38.8, 46.2, 1.01
A, 594824, 312803, 665560, 801877, 343001, 123763, 510763, 119779, 38.8, 46.2, 1.00
A, 594879, 312922, 665352, 802029, 343104, 123792, 510921, 119832, 38.8, 46.2, 1.00
A, 595305, 313119, 665440, 802588, 343203, 123778, 511077, 119785, 38.8, 46.2, 1.00
A, 595442, 313261, 665389, 802732, 343341, 123830, 511210, 119821, 38.8, 46.2, 1.00
A, 595725, 313496, 665351, 803174, 343541, 123816, 511494, 119821, 38.8, 46.2, 1.00
A, 597253, 313814, 666924, 804981, 343871, 123975, 511959, 120082, 38.8, 46.2, 0.99
A, 597504, 314126, 666957, 805320, 344068, 123945, 512170, 119939, 38.8, 46.2, 0.99
A, 597321, 314230, 666462, 805263, 344052, 123946, 512211, 119911, 38.8, 46.3, 1.00
A, 597230, 314377, 666118, 805249, 344090, 123935, 512275, 119956, 38.8, 46.3, 0.99
A, 597506, 314555, 666032, 805569, 344297, 123991, 512447, 119899, 38.8, 46.3, 1.01
A, 597618, 314734, 665959, 805661, 344337, 123965, 512582, 119850, 38.8, 46.3, 1.01
A, 597595, 314812, 665581, 805597, 344402, 123950, 512688, 119884, 38.8, 46.3, 0.99
A, 597579, 314893, 665240, 805745, 344446, 123916, 512699, 119824, 38.8, 46.3, 1.01
A, 597675, 315144, 665041, 805791, 344557, 123874, 512813, 119791, 38.8, 46.3, 1.00
A, 597560, 315138, 664808, 805962, 344534, 123970, 512869, 119793, 38.8, 46.3, 1.00
A, 597743, 315306, 664583, 806000, 344704, 123872, 513102, 119752, 38.8, 46.3, 1.01
A, 597870, 315446, 664538, 806255, 344752, 123812, 513109, 119706, 38.8, 46.3, 0.99
A, 598127, 315584, 664678, 806829, 344836, 123940, 513306, 119748, 38.8, 46.3, 0.99
A, 598307, 315685, 664641, 806993, 344957, 123951, 513445, 119777, 38.8, 46.4, 0.99
A, 598498, 315830, 664553, 807286, 345094, 123938, 513582, 119766, 38.8, 46.4, 1.01
A, 599034, 316036, 664959, 808000, 345180, 123917, 513820, 119830, 38.8, 46.4, 0.99
A, 599284, 316173, 664882, 808179, 345380, 123990, 513965, 119787, 38.8, 46.4, 0.99
A, 599367, 316330, 664600, 808274, 345404, 124009, 514033, 119749, 38.8, 46.4, 1.00
A, 599514, 316416, 664821, 808748, 345467, 123942, 514172, 119801, 38.8, 46.4, 1.00
A, 599748, 316566, 664739, 809013, 345559, 123999, 514319, 119768, 38.8, 46.4, 1.01
A, 601163, 316876, 666480, 810925, 345966, 124259, 514792, 120073, 38.8, 46.4, 0.99
A, 601640, 317159, 666466, 811245, 346179, 124227, 515011, 120003, 38.8, 46.4, 1.01
A, 601634, 317306, 666379, 811329, 346196, 124159, 515027, 119879, 38.8, 46.4, 1.00
A, 601390, 317402, 665838, 811151, 346230, 124149, 515111, 119863, 38.8, 46.4, 1.00
A, 601375, 317442, 665636, 811144, 346222, 124136, 515096, 119804, 38.8, 46.4, 1.01
A, 601226, 317551, 665215, 811150, 346264, 124159, 515210, 119864, 38.8, 46.5, 1.01
A, 601279, 317671, 665018, 811051, 346359, 124141, 515257, 119805, 38.8, 46.5, 1.00
A, 601326, 317804, 664625, 811065, 346372, 124104, 515330, 119757, 38.8, 46.5, 1.00
A, 601211, 317747, 664439, 811245, 346381, 124123, 515425, 119728, 38.8, 46.5, 1.01
A, 601293, 317931, 664301, 811273, 346470, 124085, 515460, 119654, 38.8, 46.5, 1.01
A, 601123, 317904, 664083, 811388, 346483, 124089, 515563, 119680, 38.8, 46.5, 0.99
A, 601397, 318138, 663864, 811495, 346586, 124093, 515713, 119610, 38.8, 46.6, 1.00
A, 601427, 318164, 663786, 811549, 346624, 124077, 515745, 119620, 38.8, 46.6, 1.01
A, 601751, 318243, 663895, 812043, 346712, 124111, 515859, 119711, 38.8, 46.6, 1.00
A, 601881, 318384, 663930, 812283, 346776, 124127, 515955, 119672, 38.7, 46.6, 1.00
A, 602064, 318500, 663922, 812567, 346841, 124183, 516034, 119715, 38.7, 46.6, 1.00
A, 602460, 318636, 664343, 813147, 347015, 124223, 516285, 119760, 38.7, 46.6, 1.00
A, 602777, 318858, 664380, 813276, 347137, 124135, 516384, 119656, 38.7, 46.6, 1.00
A, 602782, 318782, 664132, 813393, 347141, 124124, 516492, 119667, 38.7, 46.6, 1.01
A, 602840, 318912, 664237, 813781, 347196, 124220, 516503, 119690, 38.7, 46.6, 1.00
A, 604424, 319296, 666055, 815847, 347589, 124399, 517092, 119971, 38.7, 46.6, 0.99
A, 604747, 319455, 666185, 815977, 347794, 124374, 517255, 119991, 38.7, 46.6, 1.00
A, 604718, 319628, 665823, 816120, 347807, 124375, 517240, 119885, 38.7, 46.6, 1.00
A, 604543, 319617, 665451, 815919, 347848, 124357, 517282, 119854, 38.7, 46.6, 1.00
A, 604430, 319766, 665098, 815803, 347808, 124346, 517357, 119772, 38.7, 46.7, 0.99
A, 604514, 319791, 665109, 816074, 347911, 124371, 517385, 119763, 38.7, 46.7, 1.00
A, 604375, 319930, 664961, 816134, 347930, 124407, 517427, 119800, 38.7, 46.7, 1.01
A, 604440, 319930, 664628, 816091, 347927, 124391, 517461, 119743, 38.7, 46.7, 1.01
A, 604804, 320078, 664782, 816328, 348064, 124353, 517613, 119711, 38.7, 46.7, 1.00
A, 604557, 320105, 664469, 816292, 348044, 124366, 517640, 119705, 38.7, 46.7, 0.99
A, 604509, 320222, 663968, 816150, 348096, 124293, 517635, 119649, 38.7, 46.7, 1.00
A, 604501, 320241, 664130, 816215, 348051, 124295, 517748, 119670, 38.7, 46.7, 1.00
A, 604338, 320361, 663621, 816260, 348136, 124318, 517873, 119587, 38.7, 46.7, 1.01
A, 604459, 320336, 663497, 816121, 348089, 124263, 517828, 119600, 38.7, 46.7, 0.98
A, 604627, 320373, 663702, 816787, 348221, 124307, 517921, 119571, 38.7, 46.7, 1.01
A, 604778, 320468, 663670, 816845, 348203, 124348, 518050, 119591, 38.7, 46.7, 1.00
A, 604861, 320574, 663656, 817092, 348299, 124357, 518093, 119658, 38.7, 46.7, 1.01
A, 605175, 320665, 663933, 817571, 348407, 124322, 518192, 119672, 38.7, 46.7, 1.01
A, 605405, 320712, 663798, 817629, 348492, 124359, 518322, 119612, 38.7, 46.7, 1.01
A, 605365, 320842, 663595, 817594, 348553, 124361, 518399, 119631, 38.7, 46.8, 1.01
A, 606742, 320977, 665203, 819504, 348805, 124526, 518718, 119869, 38.7, 46.8, 1.00
A, 606998, 321282, 665405, 819773, 349004, 124563, 518904, 119802, 38.7, 46.8, 1.00
A, 606697, 321339, 665018, 819701, 348993, 124596, 518876, 119738, 38.7, 46.8, 1.00
A, 606876, 321396, 665045, 819818, 349052, 124567, 518999, 119710, 38.7, 46.8, 1.00
A, 606853, 321433, 664743, 819601, 349062, 124504, 519012, 119658, 38.7, 46.8, 1.01
A, 606661, 321436, 664443, 819475, 349030, 124446, 518996, 119597, 38.7, 46.8, 0.99
A, 606485, 321574, 664071, 819546, 349034, 124506, 519037, 119645, 38.7, 46.8, 1.00
A, 606604, 321587, 664247, 819840, 349161, 124484, 519158, 119638, 38.7, 46.8, 1.00
A, 606737, 321647, 664077, 819846, 349137, 124518, 519145, 119629, 38.7, 46.8, 1.00
A, 606923, 321734, 664062, 820056, 349233, 124525, 519298, 119641, 38.7, 46.8, 1.00
A, 606868, 321806, 663825, 820019, 349172, 124482, 519321, 119577, 38.7, 46.8, 1.00
A, 606820, 321871, 663710, 820072, 349293, 124498, 519381, 119577, 38.7, 46.9, 1.01
A, 606797, 321887, 663666, 820128, 349318, 124548, 519356, 119584, 38.7, 46.9, 1.00
A, 606960, 321963, 663806, 820513, 349377, 124522, 519443, 119641, 38.7, 46.9, 1.00
A, 607271, 321965, 663867, 820764, 349453, 124560, 519607, 119650, 38.7, 46.9, 1.00
A, 607372, 322108, 663962, 820920, 349496, 124553, 519669, 119578, 38.7, 46.9, 1.00
A, 607343, 322166, 663685, 820815, 349512, 124589, 519702, 119538, 38.7, 46.9, 1.00
A, 607394, 322165, 663417, 821012, 349551, 124605, 519732, 119545, 38.7, 46.9, 1.00
A, 607505, 322239, 663648, 821340, 349656, 124595, 519862, 119595, 38.7, 46.9, 1.01
A, 607633, 322306, 663591, 821472, 349691, 124615, 519915, 119565, 38.7, 46.9, 1.00
A, 609472, 322675, 665878, 823817, 350121, 124836, 520357, 119897, 38.6, 46.9, 1.00
A, 609459, 322838, 665622, 823551, 350165, 124808, 520485, 119786, 38.6, 46.9, 1.00
A, 609150, 322778, 665153, 823310, 350112, 124711, 520452, 119696, 38.6, 46.9, 1.00
A, 609090, 322904, 664962, 823450, 350088, 124715, 520445, 119723, 38.6, 46.9, 1.01
A, 608887, 322869, 664669, 823285, 350125, 124807, 520452, 119691, 38.6, 46.9, 1.00
A, 608894, 322876, 664549, 823233, 350111, 124725, 520452, 119636, 38.6, 46.9, 0.99
A, 608740, 322940, 664318, 823243, 350142, 124673, 520424, 119620, 38.6, 47.0, 1.01
A, 608912, 323007, 664270, 823379, 350195, 124694, 520566, 119625, 38.6, 47.0, 1.01
A, 608833, 323030, 664000, 823324, 350212, 124730, 520559, 119518, 38.6, 47.0, 1.00
A, 608746, 323030, 663995, 823388, 350123, 124741, 520599, 119596, 38.6, 47.0, 1.00
A, 608784, 323179, 663797, 823373, 350264, 124720, 520720, 119544, 38.6, 47.0, 0.99
A, 608816, 323072, 663706, 823267, 350248, 124682, 520650, 119502, 38.6, 47.0, 1.00
A, 608681, 323248, 663343, 823228, 350273, 124729, 520715, 119464, 38.6, 47.0, 0.99
A, 608594, 323161, 663280, 823346, 350202, 124708, 520740, 119467, 38.6, 47.0, 1.01
A, 608929, 323211, 663426, 823674, 350302, 124750, 520824, 119540, 38.6, 47.0, 1.00
A, 609049, 323286, 663561, 823780, 350385, 124673, 520875, 119489, 38.6, 47.0, 0.99
A, 609096, 323352, 663407, 823970, 350427, 124721, 520888, 119495, 38.6, 47.0, 1.00
A, 609139, 323350, 663403, 824126, 350439, 124741, 521000, 119530, 38.6, 47.0, 1.00
A, 609525, 323471, 663725, 824580, 350599, 124739, 521108, 119597, 38.6, 47.0, 0.99
A, 609529, 323519, 663723, 824654, 350603, 124770, 521189, 119530, 38.6, 47.0, 0.99
A, 610794, 323692, 665327, 826540, 350863, 124960, 521542, 119760, 38.6, 47.0, 1.01
A, 610973, 323986, 665410, 826659, 350976, 124932, 521691, 119722, 38.6, 47.0, 0.99
A, 610912, 323946, 665060, 826336, 351021, 124912, 521672, 119641, 38.6, 47.0, 1.00
A, 610531, 323963, 664464, 825959, 350985, 124838, 521643, 119579, 38.6, 47.1, 1.01
A, 610571, 323972, 664452, 826189, 350929, 124903, 521659, 119577, 38.6, 47.1, 1.01
A, 610458, 324009, 664222, 826109, 350916, 124877, 521584, 119541, 38.6, 47.1, 1.00
A, 610524, 324051, 664250, 826242, 350971, 124921, 521664, 119543, 38.6, 47.1, 0.99
A, 610495, 324056, 664215, 826347, 350946, 124897, 521726, 119548, 38.6, 47.1, 0.99
A, 610575, 324064, 664083, 826177, 351007, 124883, 521774, 119505, 38.6, 47.1, 1.00
A, 610530, 324109, 664010, 826196, 351007, 124854, 521805, 119494, 38.6, 47.1, 0.99
A, 610313, 324124, 663808, 826298, 350974, 124868, 521790, 119510, 38.6, 47.1, 1.01
A, 610378, 324212, 663461, 826128, 350999, 124862, 521822, 119492, 38.6, 47.1, 1.01
A, 610213, 324101, 663448, 826251, 350998, 124890, 521842, 119466, 38.6, 47.1, 0.99
A, 610228, 324288, 663270, 826301, 351090, 124841, 521883, 119430, 38.6, 47.1, 1.01
A, 610302, 324207, 663135, 826217, 351052, 124865, 521828, 119354, 38.6, 47.1, 0.99
A, 610516, 324216, 663422, 826580, 351145, 124857, 521915, 119452, 38.6, 47.1, 0.99
A, 610467, 324261, 663294, 826690, 351125, 124920, 521988, 119393, 38.6, 47.1, 1.00
A, 610468, 324255, 663164, 826761, 351139, 124873, 521978, 119422, 38.6, 47.1, 1.00
A, 610817, 324418, 663554, 827183, 351235, 124861, 522138, 119461, 38.6, 47.2, 1.00
A, 611037, 324431, 663680, 827326, 351306, 124999, 522236, 119383, 38.6, 47.2, 1.00
A, 612526, 324690, 665454, 829268, 351650, 125155, 522603, 119652, 38.6, 47.2, 1.00
A, 612622, 324850, 665242, 829251, 351763, 125144, 522649, 119683, 38.6, 47.2, 0.99
A, 612401, 324884, 665088, 829182, 351687, 125127, 522606, 119616, 38.6, 47.2, 1.00
A, 612399, 324902, 665004, 829304, 351788, 125155, 522705, 119652, 38.6, 47.2, 1.00
A, 612309, 324970, 664928, 829234, 351752, 125122, 522734, 119577, 38.6, 47.2, 0.99
A, 612535, 325049, 665065, 829371, 351858, 125164, 522717, 119549, 38.6, 47.2, 1.00
A, 612249, 324998, 664630, 829203, 351719, 125028, 522696, 119507, 38.6, 47.2, 1.00
A, 611966, 324965, 664295, 828969, 351706, 125049, 522680, 119488, 38.6, 47.2, 1.01
A, 612086, 324999, 664403, 829116, 351773, 125020, 522719, 119483, 38.6, 47.2, 0.99
A, 612091, 324984, 664199, 828976, 351776, 125103, 522786, 119367, 38.6, 47.2, 1.01
A, 611876, 325027, 663864, 828700, 351786, 125064, 522686, 119423, 38.6, 47.2, 1.00
A, 611906, 325027, 663738, 828985, 351717, 125103, 522755, 119419, 38.6, 47.2, 1.00
A, 611637, 325053, 663421, 828636, 351752, 124955, 522657, 119360, 38.6, 47.2, 0.99
A, 611572, 324985, 663385, 828833, 351699, 125039, 522697, 119346, 38.6, 47.2, 1.00
A, 611577, 325101, 663130, 828656, 351748, 125071, 522760, 119358, 38.6, 47.2, 1.01
A, 611547, 325023, 663135, 828502, 351703, 124983, 522723, 119257, 38.6, 47.2, 1.00
A, 611791, 325102, 663322, 828979, 351792, 125065, 522854, 119308, 38.6, 47.2, 0.99
A, 611779, 325034, 663278, 829180, 351808, 125041, 522817, 119357, 38.6, 47.2, 1.01
A, 611875, 325107, 663114, 829103, 351796, 125003, 522907, 119355, 38.6, 47.2, 1.00
A, 612108, 325119, 663586, 829547, 351960, 125043, 522995, 119379, 38.6, 47.3, 1.00
A, 613877, 325497, 665638, 831666, 352304, 125303, 523438, 119626, 38.6, 47.3, 1.00
A, 613694, 325562, 665369, 831510, 352384, 125304, 523492, 119581, 38.6, 47.3, 1.00
A, 613578, 325577, 665267, 831518, 352317, 125256, 523530, 119509, 38.6, 47.3, 1.01
A, 613388, 325574, 664835, 831241, 352289, 125210, 523482, 119458, 38.5, 47.3, 0.99
A, 613293, 325610, 664766, 831292, 352394, 125316, 523520, 119528, 38.5, 47.3, 1.00
A, 613265, 325624, 664593, 831272, 352317, 125218, 523483, 119504, 38.5, 47.3, 1.00
A, 613026, 325555, 664254, 830945, 352249, 125212, 523456, 119313, 38.5, 47.3, 1.01
A, 612924, 325608, 664084, 830849, 352212, 125196, 523377, 119320, 38.5, 47.3, 0.99
A, 612746, 325506, 663540, 830578, 352169, 125165, 523349, 119325, 38.5, 47.3, 1.00
A, 612942, 325663, 663983, 830836, 352216, 125188, 523396, 119376, 38.5, 47.3, 1.00
A, 612895, 325671, 663834, 831072, 352218, 125205, 523492, 119318, 38.5, 47.3, 1.00
A, 613165, 325739, 663908, 831143, 352315, 125244, 523600, 119357, 38.5, 47.3, 1.00
A, 612995, 325681, 663878, 831247, 352379, 125194, 523518, 119394, 38.5, 47.3, 1.00
A, 612851, 325710, 663538, 830992, 352341, 125222, 523544, 119302, 38.5, 47.3, 1.01
A, 612841, 325688, 663543, 831121, 352306, 125260, 523522, 119368, 38.5, 47.3, 1.01
A, 612825, 325808, 663354, 831081, 352394, 125202, 523615, 119325, 38.5, 47.3, 1.00
A, 612811, 325704, 663226, 830928, 352298, 125176, 523545, 119253, 38.5, 47.3, 1.00
A, 612902, 325684, 663416, 831188, 352333, 125215, 523624, 119297, 38.5, 47.3, 0.99
A, 613009, 325777, 663307, 831348, 352340, 125205, 523647, 119249, 38.5, 47.3, 1.01
A, 612822, 325751, 663024, 831227, 352322, 125184, 523627, 119238, 38.5, 47.3, 1.00
A, 614734, 326085, 665440, 833637, 352784, 125427, 524154, 119565, 38.5, 47.4, 0.99
A, 614702, 326224, 665156, 833286, 352873, 125415, 524223, 119488, 38.5, 47.4, 1.01
A, 614416, 326199, 664816, 832966, 352807, 125398, 524176, 119456, 38.5, 47.4, 1.00
A, 614392, 326125, 664862, 833298, 352839, 125370, 524192, 119460, 38.5, 47.4, 0.99
A, 614207, 326184, 664599, 833133, 352787, 125398, 524212, 119416, 38.5, 47.4, 1.01
A, 614447, 326216, 664711, 833318, 352794, 125422, 524197, 119439, 38.5, 47.4, 1.00
A, 614404, 326204, 664639, 833236, 352836, 125362, 524154, 119394, 38.5, 47.4, 1.00
A, 614424, 326320, 664753, 833362, 352844, 125443, 524249, 119473, 38.5, 47.4, 1.00
A, 614196, 326250, 664359, 833122, 352815, 125365, 524208, 119381, 38.5, 47.4, 1.00
A, 614097, 326279, 664209, 833143, 352743, 125383, 524223, 119352, 38.5, 47.4, 1.00
A, 614308, 326290, 664416, 833461, 352879, 125455, 524261, 119378, 38.5, 47.4, 0.99
A, 614175, 326259, 664272, 833356, 352835, 125409, 524230, 119416, 38.5, 47.4, 1.01
A, 614482, 326380, 664431, 833440, 352871, 125434, 524320, 119353, 38.5, 47.4, 1.01
A, 614253, 326390, 664170, 833353, 352915, 125392, 524330, 119291, 38.5, 47.4, 1.00
A, 614048, 326339, 663809, 833180, 352918, 125445, 524313, 119308, 38.5, 47.4, 1.01
A, 614113, 326290, 663650, 833202, 352858, 125386, 524243, 119304, 38.5, 47.4, 0.99
A, 613741, 326403, 663278, 832892, 352864, 125353, 524235, 119217, 38.5, 47.4, 1.00
A, 613680, 326220, 663153, 832726, 352818, 125361, 524233, 119216, 38.5, 47.4, 1.00
A, 614084, 326278, 663541, 833211, 352814, 125364, 524273, 119234, 38.5, 47.4, 1.00
A, 613980, 326241, 663509, 833247, 352885, 125368, 524312, 119270, 38.5, 47.4, 1.01
A, 615362, 326522, 665323, 835203, 353162, 125613, 524739, 119524, 38.5, 47.4, 1.00
A, 615593, 326691, 665495, 835404, 353308, 125652, 524840, 119349, 38.5, 47.4, 0.99
A, 615066, 326592, 664328, 834182, 353221, 125493, 524660, 119312, 38.5, 47.4, 0.99
A, 613864, 326405, 663042, 833051, 352914, 125385, 524389, 119098, 38.5, 47.4, 1.00
A, 613980, 326338, 663273, 833451, 352960, 125355, 524423, 119175, 38.5, 47.4, 1.00
A, 614144, 326454, 663226, 833680, 352952, 125460, 524463, 119213, 38.5, 47.5, 1.01
A, 614367, 326453, 663688, 834106, 352985, 125494, 524597, 119268, 38.5, 47.5, 1.01
A, 614538, 326454, 663691, 834232, 353056, 125433, 524616, 119282, 38.5, 47.5, 0.99
A, 614581, 326452, 663601, 834116, 353090, 125447, 524641, 119206, 38.5, 47.5, 1.00
A, 614550, 326531, 663622, 834074, 353083, 125395, 524642, 119193, 38.5, 47.5, 1.00
A, 614367, 326480, 663574, 834248, 353050, 125479, 524695, 119160, 38.5, 47.5, 0.99
A, 614714, 326556, 663854, 834628, 353175, 125529, 524739, 119274, 38.5, 47.5, 0.99
A, 614768, 326570, 663761, 834586, 353182, 125497, 524789, 119259, 38.5, 47.5, 1.01
A, 615058, 326662, 663967, 834841, 353310, 125523, 524876, 119237, 38.5, 47.5, 0.99
A, 614940, 326724, 663841, 834824, 353275, 125493, 524814, 119199, 38.5, 47.5, 0.99
A, 614872, 326710, 663701, 834789, 353324, 125535, 524875, 119219, 38.5, 47.5, 1.01
A, 614978, 326623, 663684, 834947, 353285, 125519, 524841, 119191, 38.5, 47.5, 1.00
A, 615087, 326745, 663903, 835260, 353315, 125576, 524926, 119311, 38.5, 47.5, 0.99
A, 615154, 326760, 664057, 835376, 353368, 125582, 524942, 119280, 38.5, 47.5, 1.00
A, 615409, 326776, 664201, 835481, 353409, 125585, 525083, 119294, 38.5, 47.5, 0.99
A, 616859, 327071, 666009, 837370, 353703, 125818, 525415, 119455, 38.5, 47.5, 1.01
A, 616538, 327128, 665648, 837109, 353771, 125734, 525491, 119434, 38.5, 47.5, 1.01
A, 616560, 327131, 665340, 837029, 353729, 125775, 525424, 119393, 38.5, 47.5, 1.01
A, 616348, 327162, 665273, 836870, 353730, 125748, 525391, 119378, 38.5, 47.5, 0.99
A, 616457, 327253, 665300, 836947, 353754, 125752, 525443, 119371, 38.5, 47.5, 0.99
A, 616426, 327156, 665110, 836803, 353723, 125769, 525415, 119359, 38.5, 47.5, 1.00
A, 615836, 327100, 664643, 836245, 353659, 125641, 525263, 119258, 38.5, 47.5, 1.00
A, 615890, 327107, 664549, 836475, 353661, 125694, 525322, 119272, 38.5, 47.5, 1.00
A, 615808, 327080, 664494, 836435, 353594, 125669, 525269, 119263, 38.5, 47.5, 1.01
A, 615834, 327072, 664470, 836387, 353618, 125663, 525288, 119317, 38.5, 47.5, 1.01
A, 616087, 327085, 664773, 836695, 353697, 125712, 525426, 119274, 38.5, 47.5, 0.99
A, 615950, 327190, 664743, 836836, 353732, 125721, 525468, 119274, 38.5, 47.5, 1.00
A, 615661, 327139, 664017, 836331, 353565, 125644, 525259, 119238, 38.5, 47.6, 1.01
A, 615657, 327081, 664100, 836361, 353602, 125680, 525313, 119198, 38.5, 47.6, 0.99
A, 615742, 327232, 664099, 836344, 353691, 125655, 525391, 119242, 38.5, 47.6, 1.00
A, 615732, 327112, 663927, 836168, 353628, 125673, 525341, 119093, 38.5, 47.6, 0.99
A, 615488, 327183, 663742, 836052, 353655, 125682, 525367, 119130, 38.5, 47.6, 0.99
A, 615476, 327112, 663764, 836321, 353642, 125644, 525380, 119128, 38.5, 47.6, 1.00
A, 615781, 327111, 663895, 836533, 353689, 125735, 525432, 119188, 38.5, 47.6, 1.00
A, 615876, 327125, 663934, 836638, 353674, 125723, 525439, 119188, 38.5, 47.6, 1.00
A, 617518, 327487, 666231, 838770, 354076, 125895, 525906, 119466, 38.5, 47.6, 0.99
A, 617321, 327527, 665939, 838621, 354114, 125886, 525919, 119401, 38.5, 47.6, 0.99
A, 617429, 327573, 665947, 838604, 354174, 125871, 525927, 119337, 38.5, 47.6, 1.00
A, 617098, 327531, 665586, 838418, 354094, 125863, 525870, 119352, 38.5, 47.6, 1.01
A, 616984, 327544, 665517, 838387, 354082, 125865, 525888, 119321, 38.5, 47.6, 1.00
A, 616850, 327500, 665262, 838249, 354032, 125859, 525799, 119300, 38.5, 47.6, 1.01
A, 616999, 327578, 665317, 838226, 354107, 125793, 525867, 119225, 38.5, 47.6, 0.99
A, 616735, 327524, 664972, 837904, 354000, 125860, 525800, 119186, 38.5, 47.6, 1.00
A, 616644, 327515, 664952, 838090, 353987, 125846, 525812, 119254, 38.5, 47.6, 1.01
A, 616549, 327515, 664805, 837969, 353882, 125809, 525700, 119183, 38.5, 47.6, 0.99
A, 616489, 327474, 664694, 837887, 353916, 125792, 525710, 119174, 38.5, 47.6, 1.00
A, 616711, 327521, 665028, 838114, 354016, 125832, 525799, 119218, 38.5, 47.6, 0.99
A, 616708, 327550, 664820, 838124, 354016, 125912, 525847, 119266, 38.5, 47.6, 1.01
A, 616540, 327518, 664757, 837844, 353919, 125809, 525775, 119173, 38.5, 47.6, 1.00
A, 616618, 327514, 664819, 838166, 354015, 125893, 525834, 119237, 38.5, 47.6, 1.00
A, 616252, 327485, 664347, 837650, 353925, 125868, 525793, 119191, 38.5, 47.6, 1.01
A, 616258, 327506, 664252, 837773, 353935, 125812, 525776, 119176, 38.5, 47.6, 1.01
A, 616198, 327594, 664113, 837581, 353999, 125809, 525824, 119107, 38.5, 47.6, 1.00
A, 615963, 327430, 664083, 837540, 353804, 125790, 525757, 119080, 38.5, 47.6, 1.01
A, 616258, 327462, 664285, 837917, 353941, 125818, 525824, 119123, 38.5, 47.6, 0.99
M, 614778, 327295, 661550, 834660, 353807, 125455, 525395, 118505, 38.5, 47.6, 0.06
M, 604811, 325216, 648896, 822574, 351006, 124081, 522032, 116795, 38.5, 47.6, 0.64
M, 599666, 323750, 642278, 815951, 349253, 123331, 520152, 115871, 38.5, 47.6, 0.72
M, 594642, 322127, 635720, 809728, 347724, 122566, 518440, 115155, 38.5, 47.6, 0.84
M, 590445, 321021, 629669, 804136, 346509, 121851, 517410, 114437, 38.5, 47.6, 0.89
M, 587708, 320336, 624600, 799838, 345753, 121285, 516987, 113872, 38.5, 47.6, 0.93
M, 586127, 319846, 620655, 796935, 345331, 120811, 516831, 113480, 38.5, 47.4, 0.95
M, 584915, 319716, 616606, 794333, 344984, 120226, 516611, 113057, 38.5, 47.4, 0.97
M, 584585, 319581, 613478, 792725, 344729, 119874, 516549, 112793, 38.5, 47.3, 0.98
M, 584812, 319536, 611390, 792221, 344710, 119705, 516697, 112616, 38.5, 47.3, 0.99
M, 585038, 319423, 609072, 791635, 344549, 119397, 516632, 112426, 38.5, 47.2, 0.99
M, 585861, 319383, 607709, 791893, 344621, 119194, 516717, 112343, 38.5, 47.2, 1.00
M, 586979, 319390, 606415, 792400, 344701, 119075, 517001, 112297, 38.5, 47.1, 0.99
M, 588502, 319394, 605579, 793322, 344869, 118997, 517224, 112138, 38.5, 47.1, 0.99
M, 589372, 319260, 604660, 794117, 344930, 118889, 517361, 112165, 38.5, 47.1, 1.00
M, 590386, 319145, 603651, 794947, 344997, 118794, 517498, 112133, 38.5, 47.1, 1.00
M, 591693, 319143, 603503, 796260, 345181, 118767, 517851, 112134, 38.5, 47.1, 1.00
M, 592713, 319054, 602938, 797262, 345305, 118761, 518100, 112163, 38.5, 47.1, 0.99
M, 594125, 318953, 602675, 798639, 345611, 118754, 518390, 112175, 38.5, 47.1, 1.00
M, 594944, 318869, 602409, 799702, 345676, 118675, 518570, 112113, 38.5, 47.1, 0.99
M, 597613, 318995, 603984, 802820, 346273, 118885, 519362, 112397, 38.5, 47.0, 1.00
M, 598111, 318942, 603613, 803544, 346416, 118896, 519610, 112368, 38.5, 47.0, 1.00
M, 598840, 318844, 602843, 804309, 346700, 118812, 519926, 112298, 38.5, 47.0, 1.01
M, 599017, 318633, 602139, 804522, 346653, 118841, 519954, 112201, 38.5, 47.0, 1.00
M, 599680, 318551, 602209, 805665, 346825, 118855, 520236, 112261, 38.5, 47.0, 0.99
M, 600442, 318470, 602053, 806562, 347021, 118869, 520558, 112281, 38.5, 47.0, 1.00
M, 600555, 318299, 601501, 806954, 347191, 118785, 520664, 112316, 38.5, 47.0, 1.00
M, 601538, 318382, 601915, 808287, 347511, 118906, 521102, 112327, 38.5, 47.0, 1.00
M, 602340, 318279, 601756, 809067, 347747, 118929, 521478, 112409, 38.5, 47.0, 1.01
M, 602833, 318261, 601669, 809766, 347957, 118945, 521738, 112347, 38.5, 47.0, 0.99
M, 603111, 318187, 601628, 810645, 348186, 118991, 522056, 112348, 38.5, 47.0, 1.00
M, 603862, 318179, 601886, 811626, 348370, 118998, 522397, 112462, 38.5, 47.0, 0.99
M, 604323, 318133, 601795, 812325, 348638, 119056, 522683, 112533, 38.5, 47.0, 1.00
M, 605156, 318307, 602309, 813479, 348921, 119119, 523095, 112575, 38.5, 46.9, 0.99
M, 605741, 318347, 602400, 814276, 349235, 119167, 523500, 112581, 38.5, 46.9, 0.99
M, 606149, 318357, 602328, 814890, 349468, 119208, 523816, 112571, 38.5, 46.9, 1.00
M, 606538, 318454, 602466, 815782, 349651, 119238, 524139, 112625, 38.5, 46.9, 1.00
M, 607225, 318587, 602885, 816599, 349917, 119292, 524477, 112670, 38.5, 46.9, 1.00
M, 607455, 318518, 602758, 817205, 350196, 119345, 524805, 112686, 38.5, 46.9, 0.99
M, 608214, 318754, 602970, 817891, 350411, 119373, 525094, 112681, 38.5, 46.9, 1.00
M, 609811, 319001, 604559, 820312, 350921, 119573, 525833, 112974, 38.5, 46.9, 1.00
M, 610045, 319184, 604257, 820545, 351300, 119575, 526145, 112929, 38.5, 46.9, 1.00
M, 610067, 319197, 604160, 820778, 351355, 119636, 526270, 112933, 38.5, 46.9, 1.00
M, 610381, 319284, 604392, 821595, 351546, 119643, 526549, 112979, 38.5, 46.9, 1.00
M, 610806, 319408, 604463, 822162, 351781, 119766, 526808, 112964, 38.5, 46.9, 1.00
M, 611197, 319568, 604500, 822545, 352044, 119694, 527107, 112985, 38.5, 46.9, 1.00
M, 611419, 319612, 604340, 822861, 352138, 119741, 527309, 113011, 38.5, 46.9, 1.01
M, 611415, 319613, 604239, 823414, 352359, 119788, 527506, 112969, 38.5, 46.9, 1.01
M, 611852, 319820, 604520, 824147, 352548, 119745, 527815, 113052, 38.5, 46.9, 1.00
M, 612238, 319898, 604375, 824490, 352682, 119855, 528115, 113092, 38.5, 46.9, 1.00
M, 612724, 320025, 604850, 825185, 352971, 119897, 528386, 113125, 38.5, 46.9, 0.99
M, 612907, 320122, 604885, 825768, 353193, 119887, 528678, 113102, 38.5, 46.9, 1.00
M, 613074, 320210, 604692, 825969, 353329, 119946, 528833, 113116, 38.5, 46.9, 1.00
M, 613500, 320314, 605024, 826640, 353490, 119954, 529066, 113109, 38.5, 46.9, 1.01
M, 613682, 320467, 604940, 826973, 353656, 119989, 529258, 113101, 38.5, 46.9, 0.99
M, 613936, 320600, 605238, 827746, 353835, 120034, 529617, 113183, 38.5, 46.9, 1.01
M, 614433, 320718, 605248, 828171, 354009, 120029, 529834, 113222, 38.5, 46.9, 1.00
M, 614779, 320856, 605570, 828818, 354290, 120111, 530103, 113218, 38.5, 46.9, 1.00
M, 614808, 320944, 605437, 829054, 354389, 120143, 530271, 113243, 38.5, 46.9, 1.01
M, 615090, 320930, 605293, 829244, 354493, 120151, 530452, 113273, 38.5, 46.9, 1.01
M, 617160, 321480, 607565, 832108, 355151, 120365, 531144, 113502, 38.5, 46.9, 1.00
M, 617129, 321688, 607382, 832088, 355251, 120398, 531419, 113460, 38.5, 46.9, 1.01
M, 616984, 321722, 606854, 831897, 355370, 120392, 531514, 113421, 38.5, 46.9, 1.01
M, 616688, 321749, 606547, 831997, 355376, 120319, 531509, 113394, 38.5, 46.9, 0.99
M, 616977, 321768, 606766, 832429, 355474, 120404, 531690, 113393, 38.5, 46.9, 1.00
M, 617293, 321964, 606825, 832898, 355588, 120500, 531882, 113435, 38.5, 46.9, 1.00
M, 617578, 322150, 606846, 833079, 355807, 120449, 532081, 113399, 38.5, 46.9, 1.01
M, 617453, 322117, 606695, 833276, 355874, 120454, 532140, 113444, 38.5, 46.9, 1.00
M, 617880, 322285, 607034, 833966, 356054, 120498, 532401, 113409, 38.5, 46.9, 1.01
M, 618003, 322370, 606910, 834188, 356157, 120450, 532584, 113468, 38.5, 46.9, 1.00
M, 618323, 322461, 607136, 834806, 356308, 120528, 532768, 113494, 38.5, 46.9, 1.00
M, 618466, 322652, 607203, 835094, 356431, 120611, 532908, 113536, 38.5, 46.9, 1.00
M, 618878, 322718, 607206, 835323, 356555, 120559, 533185, 113445, 38.5, 46.9, 1.00
M, 618875, 322762, 607248, 835452, 356665, 120570, 533283, 113480, 38.6, 46.9, 1.00
M, 619005, 322830, 607364, 836106, 356825, 120636, 533548, 113504, 38.6, 46.9, 0.99
M, 619111, 323003, 607357, 836384, 356872, 120618, 533557, 113570, 38.5, 46.9, 1.01
M, 619239, 323029, 607229, 836619, 356985, 120677, 533709, 113543, 38.5, 46.9, 1.00
M, 619819, 323198, 607768, 837224, 357185, 120729, 533938, 113576, 38.5, 46.9, 1.00
M, 619908, 323309, 607809, 837477, 357313, 120758, 534183, 113599, 38.5, 46.9, 1.00
M, 620002, 323407, 607646, 837613, 357423, 120773, 534262, 113573, 38.5, 46.9, 1.00
M, 621517, 323653, 609352, 839827, 357774, 120908, 534769, 113841, 38.5, 46.9, 1.00
M, 621536, 323938, 609166, 839787, 358046, 120959, 534936, 113776, 38.5, 46.9, 1.00
M, 621347, 323970, 608970, 839924, 358011, 120968, 534968, 113752, 38.5, 46.9, 1.01
M, 621466, 324079, 608864, 839912, 358088, 120960, 535114, 113680, 38.5, 46.9, 1.00
M, 621407, 324055, 608702, 839990, 358119, 120978, 535154, 113662, 38.5, 46.9, 1.00
M, 621530, 324182, 608766, 840361, 358117, 120957, 535266, 113745, 38.5, 46.9, 1.01
M, 621554, 324185, 608507, 840371, 358267, 120989, 535355, 113720, 38.5, 46.9, 1.01
M, 621508, 324224, 608511, 840460, 358264, 120987, 535498, 113719, 38.5, 46.9, 1.01
M, 621900, 324330, 608899, 841115, 358506, 121139, 535719, 113785, 38.6, 47.0, 1.00
M, 622179, 324420, 608935, 841296, 358520, 121068, 535799, 113758, 38.6, 47.0, 1.00
M, 622157, 324546, 608903, 841407, 358596, 121097, 535852, 113710, 38.5, 46.9, 1.00
M, 622121, 324596, 608884, 841648, 358707, 121143, 535943, 113787, 38.5, 46.9, 1.00
M, 622512, 324655, 609106, 842249, 358780, 121189, 536174, 113789, 38.5, 46.9, 1.00
M, 622681, 324720, 609175, 842410, 358949, 121194, 536270, 113842, 38.5, 46.9, 1.01
M, 623069, 324825, 609599, 843086, 359033, 121239, 536450, 113851, 38.5, 47.0, 1.00
M, 623167, 324981, 609661, 843332, 359150, 121237, 536584, 113877, 38.5, 47.0, 1.00
M, 623221, 324937, 609435, 843392, 359224, 121252, 536694, 113850, 38.5, 46.9, 1.00
M, 623263, 325145, 609508, 843667, 359236, 121288, 536778, 113868, 38.5, 46.9, 1.00
M, 623563, 325123, 609769, 844130, 359368, 121309, 536932, 113852, 38.5, 46.9, 1.01
M, 623666, 325238, 609809, 844283, 359461, 121351, 537034, 113930, 38.5, 46.9, 1.00
M, 625982, 325703, 612297, 846976, 360028, 121610, 537702, 114215, 38.5, 46.9, 1.00
M, 625760, 325854, 612004, 847100, 360130, 121565, 537793, 114165, 38.5, 46.9, 1.01
M, 625494, 325951, 611587, 846662, 360217, 121577, 537801, 114028, 38.5, 46.9, 1.00
M, 625282, 325852, 611150, 846460, 360072, 121564, 537722, 114049, 38.5, 46.9, 1.00
M, 624955, 325945, 610912, 846327, 360088, 121528, 537848, 113933, 38.5, 46.9, 1.00
M, 624733, 325940, 610577, 846073, 360072, 121539, 537765, 113964, 38.5, 46.9, 1.00
M, 625072, 325982, 610819, 846546, 360138, 121495, 537873, 113979, 38.5, 46.9, 1.00
M, 625086, 326010, 610799, 846730, 360207, 121547, 537973, 113984, 38.5, 46.9, 0.99
M, 625066, 326067, 610727, 846798, 360193, 121603, 538041, 114020, 38.5, 46.9, 1.00
M, 625337, 326152, 611076, 847355, 360451, 121703, 538234, 114102, 38.5, 46.9, 1.00
M, 625609, 326230, 611170, 847466, 360438, 121629, 538338, 114039, 38.5, 46.9, 1.00
M, 625598, 326232, 611065, 847559, 360509, 121679, 538360, 114013, 38.6, 46.9, 1.00
M, 625697, 326276, 611231, 848074, 360582, 121691, 538528, 114064, 38.6, 46.9, 1.00
M, 625938, 326451, 611249, 848201, 360593, 121699, 538577, 114095, 38.5, 47.0, 1.00
M, 626187, 326489, 611638, 848732, 360744, 121784, 538807, 114056, 38.5, 47.0, 1.00
M, 626323, 326474, 611677, 848942, 360806, 121748, 538833, 114055, 38.6, 46.9, 0.99
M, 626516, 326509, 611929, 849128, 360910, 121758, 538991, 114059, 38.6, 46.9, 1.00
M, 626555, 326687, 611823, 849268, 360965, 121739, 539039, 114053, 38.5, 46.9, 0.99
M, 626445, 326623, 611677, 849338, 360963, 121792, 539079, 114121, 38.5, 46.9, 0.99
M, 626674, 326734, 611939, 849658, 361042, 121851, 539224, 114052, 38.6, 47.0, 0.99
M, 628113, 326936, 613612, 851618, 361428, 122014, 539664, 114411, 38.6, 47.0, 1.00
M, 628255, 327187, 613549, 851550, 361555, 122017, 539831, 114288, 38.5, 47.0, 1.01
M, 627855, 327246, 613144, 851418, 361513, 122043, 539754, 114230, 38.5, 47.0, 1.01
M, 627589, 327285, 612737, 850979, 361472, 121916, 539678, 114172, 38.6, 47.0, 1.01
M, 627436, 327120, 612578, 851069, 361463, 122021, 539765, 114185, 38.6, 47.0, 1.00
M, 627583, 327232, 612765, 851473, 361534, 122023, 539846, 114223, 38.6, 47.0, 1.00
M, 627709, 327298, 612931, 851651, 361579, 122050, 539886, 114269, 38.6, 47.0, 1.00
M, 627951, 327341, 613092, 851824, 361661, 122070, 540031, 114235, 38.6, 47.0, 1.00
M, 627934, 327383, 612968, 851897, 361707, 122079, 540102, 114268, 38.5, 47.0, 1.00
M, 627719, 327354, 612743, 851855, 361693, 122083, 540083, 114206, 38.5, 47.0, 1.00
M, 628160, 327419, 612976, 852167, 361833, 122110, 540221, 114207, 38.6, 47.0, 0.99
M, 628150, 327435, 613094, 852416, 361817, 122095, 540317, 114303, 38.6, 47.0, 0.99
M, 628511, 327560, 613439, 852852, 361894, 122172, 540362, 114313, 38.6, 47.0, 0.99
M, 628618, 327660, 613560, 852908, 362028, 122162, 540550, 114272, 38.6, 47.0, 0.99
M, 628464, 327588, 613277, 852964, 361984, 122143, 540523, 114265, 38.6, 47.0, 1.00
M, 628483, 327681, 613334, 853111, 361997, 122187, 540589, 114282, 38.6, 47.0, 1.00
M, 628651, 327666, 613628, 853604, 362139, 122237, 540733, 114300, 38.6, 47.0, 1.00
M, 628915, 327753, 613630, 853586, 362180, 122266, 540811, 114294, 38.6, 47.0, 1.00
M, 628852, 327840, 613520, 853514, 362166, 122222, 540817, 114207, 38.6, 47.0, 0.99
M, 628663, 327754, 613486, 853694, 362142, 122243, 540809, 114316, 38.6, 47.0, 1.01
M, 630520, 328112, 615595, 856118, 362614, 122488, 541354, 114610, 38.6, 47.0, 1.00
M, 630536, 328322, 615525, 856067, 362761, 122469, 541425, 114543, 38.6, 47.0, 1.00
M, 630397, 328305, 615297, 855854, 362765, 122495, 541524, 114542, 38.6, 47.0, 1.02
M, 630305, 328326, 615070, 855640, 362733, 122483, 541417, 114489, 38.6, 47.0, 1.00
M, 629890, 328303, 614686, 855392, 362728, 122454, 541440, 114400, 38.6, 47.0, 0.99
M, 629833, 328304, 614664, 855544, 362666, 122474, 541405, 114410, 38.6, 47.0, 1.00
M, 630007, 328294, 614715, 855658, 362701, 122479, 541491, 114495, 38.6, 47.0, 0.99
M, 629669, 328200, 614360, 855412, 362686, 122524, 541406, 114409, 38.5, 47.0, 1.00
M, 629863, 328306, 614614, 855524, 362740, 122456, 541491, 114407, 38.5, 47.0, 1.00
M, 629691, 328297, 614566, 855745, 362740, 122483, 541477, 114342, 38.5, 47.0, 1.01
M, 630120, 328440, 614910, 856023, 362798, 122528, 541674, 114415, 38.5, 47.0, 0.99
M, 630108, 328399, 614955, 856214, 362815, 122543, 541733, 114400, 38.5, 47.0, 1.01
M, 630062, 328351, 614781, 856161, 362842, 122542, 541716, 114398, 38.5, 47.0, 1.00
M, 630291, 328495, 615168, 856642, 362940, 122611, 541861, 114477, 38.5, 47.0, 1.01
M, 630491, 328539, 615150, 856636, 363026, 122522, 541935, 114415, 38.5, 47.0, 1.00
M, 630323, 328548, 614980, 856550, 362968, 122532, 541952, 114408, 38.5, 47.0, 1.00
M, 629914, 328470, 614672, 856411, 362940, 122583, 541851, 114408, 38.5, 47.0, 1.00
M, 630245, 328456, 614880, 856718, 362969, 122576, 541994, 114424, 38.5, 47.0, 1.00
M, 630176, 328519, 614920, 856729, 363039, 122618, 541972, 114406, 38.5, 47.0, 1.00
M, 630586, 328608, 615283, 857288, 363170, 122719, 542128, 114464, 38.5, 47.0, 1.01
M, 632404, 328911, 617390, 859432, 363569, 122937, 542632, 114729, 38.5, 47.0, 1.01
M, 632282, 329116, 617217, 859206, 363597, 122884, 542724, 114679, 38.5, 47.0, 1.01
M, 632167, 329040, 617083, 859325, 363587, 122905, 542722, 114675, 38.5, 47.0, 1.01
M, 631745, 329092, 616480, 858694, 363544, 122891, 542674, 114553, 38.5, 47.0, 0.99
M, 631615, 329005, 616323, 858741, 363468, 122833, 542606, 114620, 38.5, 47.0, 1.00
M, 631469, 329091, 616270, 858638, 363554, 122801, 542632, 114512, 38.6, 47.0, 0.99
M, 631281, 328997, 616183, 858594, 363518, 122857, 542587, 114585, 38.6, 47.0, 1.00
M, 631589, 329045, 616346, 858858, 363530, 122840, 542663, 114559, 38.6, 47.0, 0.99
M, 631634, 329085, 616429, 859090, 363597, 122901, 542719, 114549, 38.6, 47.1, 1.00
M, 631627, 329080, 616465, 859167, 363645, 122930, 542824, 114569, 38.6, 47.1, 1.00
M, 631904, 329187, 616820, 859605, 363712, 122967, 542920, 114706, 38.6, 47.1, 1.00
M, 632088, 329231, 616940, 859632, 363780, 122925, 543001, 114578, 38.6, 47.1, 1.00
M, 631903, 329171, 616772, 859433, 363757, 122971, 542972, 114514, 38.6, 47.1, 1.00
M, 631906, 329250, 616901, 859788, 363799, 123012, 543050, 114604, 38.6, 47.1, 1.00
M, 632180, 329262, 616888, 859856, 363852, 123023, 543072, 114604, 38.6, 47.1, 1.02
M, 632091, 329225, 616965, 860031, 363757, 122988, 543128, 114662, 38.6, 47.1, 1.00
M, 632332, 329299, 617295, 860488, 363947, 123098, 543209, 114663, 38.6, 47.1, 0.99
M, 632570, 329400, 617479, 860571, 364005, 123086, 543306, 114668, 38.6, 47.1, 1.00
M, 632450, 329439, 617439, 860619, 363921, 123083, 543287, 114614, 38.6, 47.1, 1.00
M, 631998, 329310, 616912, 860212, 363916, 123103, 543244, 114607, 38.6, 47.1, 1.00
M, 633665, 329568, 619081, 862588, 364293, 123227, 543714, 114932, 38.6, 47.1, 1.01
M, 633809, 329734, 618904, 862306, 364434, 123317, 543817, 114824, 38.6, 47.1, 1.00
M, 633488, 329795, 618541, 861856, 364306, 123288, 543724, 114771, 38.6, 47.1, 0.99
M, 632675, 329604, 617723, 861126, 364086, 123179, 543487, 114662, 38.6, 47.1, 1.00
M, 631422, 329440, 616216, 859501, 363927, 122995, 543274, 114468, 38.6, 47.1, 0.99
M, 631489, 329301, 616328, 859858, 363856, 123059, 543217, 114528, 38.6, 47.1, 1.01
M, 631690, 329427, 616389, 859947, 363997, 123106, 543340, 114529, 38.6, 47.1, 0.99
M, 631842, 329365, 616660, 860012, 363922, 123078, 543364, 114553, 38.6, 47.1, 0.99
M, 632075, 329344, 616976, 860727, 364061, 123109, 543450, 114570, 38.6, 47.1, 1.00
M, 632298, 329374, 617404, 861029, 364092, 123221, 543668, 114602, 38.6, 47.1, 1.00
M, 632442, 329456, 617320, 861183, 364175, 123216, 543715, 114680, 38.6, 47.1, 0.99
M, 632939, 329608, 617881, 861737, 364358, 123218, 543838, 114705, 38.6, 47.1, 0.99
M, 632997, 329577, 618100, 861922, 364361, 123278, 543835, 114687, 38.6, 47.1, 1.00
M, 632939, 329596, 617988, 861829, 364325, 123241, 543885, 114729, 38.6, 47.1, 0.99
M, 633008, 329602, 618041, 861924, 364387, 123264, 543918, 114697, 38.6, 47.1, 0.99
M, 633333, 329656, 618408, 862448, 364362, 123313, 544013, 114739, 38.6, 47.1, 1.00
M, 633367, 329723, 618485, 862558, 364468, 123354, 544052, 114750, 38.6, 47.1, 0.99
M, 633597, 329767, 618855, 863065, 364582, 123399, 544216, 114854, 38.6, 47.1, 1.00
M, 633838, 329865, 619103, 863202, 364664, 123447, 544298, 114748, 38.6, 47.1, 1.00
M, 633707, 329852, 618986, 863168, 364608, 123420, 544316, 114727, 38.6, 47.1, 1.00
M, 635087, 330050, 620556, 865007, 364918, 123599, 544642, 115049, 38.6, 47.1, 1.00
M, 635271, 330272, 620673, 865029, 365141, 123675, 544772, 115014, 38.6, 47.1, 1.00
M, 635010, 330331, 620472, 864750, 365094, 123641, 544768, 114941, 38.6, 47.1, 1.00
M, 634763, 330274, 620109, 864358, 365003, 123615, 544673, 114888, 38.6, 47.1, 1.00
M, 634766, 330244, 620198, 864410, 364994, 123622, 544646, 114899, 38.6, 47.1, 1.00
M, 634361, 330230, 619658, 863993, 364889, 123599, 544585, 114815, 38.6, 47.1, 0.99
M, 634052, 330195, 619518, 863980, 364893, 123638, 544575, 114802, 38.6, 47.1, 1.00
M, 633752, 330179, 619106, 863579, 364838, 123510, 544510, 114766, 38.6, 47.1, 1.00
M, 633666, 330045, 618986, 863291, 364742, 123499, 544490, 114672, 38.6, 47.1, 1.01
M, 633787, 330086, 619330, 863740, 364812, 123549, 544532, 114772, 38.6, 47.1, 1.00
M, 633846, 330067, 619402, 863972, 364874, 123620, 544641, 114839, 38.6, 47.1, 1.00
M, 634032, 330126, 619457, 864017, 364868, 123628, 544644, 114867, 38.6, 47.1, 1.00
M, 634370, 330231, 619951, 864470, 364990, 123592, 544753, 114892, 38.6, 47.1, 1.00
M, 634433, 330261, 619813, 864330, 365019, 123647, 544763, 114769, 38.6, 47.1, 1.00
M, 634312, 330222, 619850, 864335, 364947, 123641, 544760, 114816, 38.6, 47.1, 1.00
M, 634471, 330282, 620108, 864744, 364995, 123679, 544842, 114831, 38.6, 47.1, 1.00
M, 634474, 330287, 620209, 864878, 365049, 123692, 544863, 114876, 38.6, 47.1, 1.01
M, 634526, 330271, 620002, 864760, 364966, 123677, 544925, 114851, 38.6, 47.1, 1.01
M, 634652, 330314, 620418, 865092, 365100, 123707, 544997, 114864, 38.6, 47.1, 1.00
M, 634807, 330328, 620596, 865236, 365183, 123738, 544983, 114907, 38.6, 47.1, 1.00
M, 636164, 330557, 622366, 867117, 365455, 123954, 545420, 115143, 38.6, 47.1, 1.01
M, 636346, 330783, 622470, 867287, 365580, 123993, 545544, 115121, 38.6, 47.1, 1.00
M, 636223, 330678, 622191, 867129, 365529, 123993, 545540, 115058, 38.6, 47.1, 1.00
M, 636039, 330720, 622145, 866983, 365561, 123969, 545469, 115094, 38.6, 47.1, 0.99
M, 636092, 330775, 621945, 866716, 365613, 123949, 545513, 114977, 38.6, 47.1, 1.00
M, 635687, 330747, 621734, 866624, 365445, 123980, 545398, 115000, 38.6, 47.1, 0.99
M, 635384, 330707, 621515, 866295, 365421, 123946, 545339, 114983, 38.6, 47.1, 1.00
M, 635327, 330744, 621291, 866292, 365357, 123928, 545287, 114935, 38.6, 47.1, 1.00
M, 634990, 330644, 621068, 865927, 365320, 123851, 545290, 114835, 38.6, 47.1, 1.01
M, 634948, 330638, 620996, 865735, 365248, 123927, 545281, 114859, 38.6, 47.1, 1.00
M, 635043, 330583, 621180, 866093, 365347, 123909, 545352, 114922, 38.6, 47.1, 1.01
M, 634809, 330548, 621062, 865779, 365285, 123919, 545273, 114893, 38.6, 47.1, 1.00
M, 634792, 330606, 621026, 865872, 365267, 123921, 545291, 114916, 38.6, 47.1, 1.00
M, 635143, 330613, 621478, 866313, 365369, 123983, 545415, 114994, 38.6, 47.1, 1.00
M, 635223, 330679, 621472, 866310, 365423, 123947, 545361, 114949, 38.6, 47.1, 1.01
M, 635138, 330594, 621429, 866166, 365377, 123960, 545463, 114917, 38.6, 47.1, 1.00
M, 635258, 330597, 621621, 866523, 365461, 123990, 545493, 114994, 38.6, 47.1, 1.00
M, 635308, 330634, 621647, 866589, 365431, 123987, 545477, 114951, 38.6, 47.1, 1.00
M, 635374, 330610, 621933, 866814, 365420, 123954, 545535, 114982, 38.6, 47.1, 1.01
M, 635479, 330698, 621982, 866939, 365501, 124083, 545595, 114951, 38.6, 47.1, 1.01
A, 642281, 331731, 630413, 876549, 367001, 125070, 547460, 116447, 38.6, 47.1, 0.52
A, 651148, 333712, 640948, 887240, 369423, 126294, 550101, 117711, 38.6, 47.1, 0.57
A, 657207, 335436, 648321, 895261, 371115, 127188, 551953, 118708, 38.6, 47.1, 0.74
A, 662204, 337148, 654709, 901872, 372535, 128032, 553434, 119436, 38.6, 47.1, 0.83
A, 665684, 338498, 659106, 906384, 373582, 128630, 554602, 120032, 38.6, 47.1, 0.89
A, 669066, 340082, 663872, 910857, 374639, 129352, 555756, 120450, 38.6, 47.1, 0.94
A, 670376, 341031, 666425, 913133, 375198, 129727, 556292, 120714, 38.6, 47.1, 0.97
A, 671940, 342134, 669043, 915198, 375794, 130142, 556796, 120943, 38.6, 47.1, 0.96
A, 672578, 342660, 670566, 916439, 376020, 130396, 556874, 121026, 38.6, 47.1, 0.98
A, 673382, 343554, 672419, 917665, 376282, 130716, 557199, 121254, 38.6, 47.1, 0.99
A, 673799, 344226, 673847, 918381, 376474, 131050, 557247, 121349, 38.6, 47.1, 0.98
A, 673890, 344867, 675087, 918785, 376574, 131198, 557194, 121326, 38.6, 47.1, 0.99
A, 673551, 345389, 675766, 918611, 376508, 131359, 557126, 121377, 38.6, 47.1, 1.00
A, 673021, 345730, 676255, 918346, 376369, 131517, 556882, 121327, 38.6, 47.1, 0.99
A, 672811, 346172, 677127, 918379, 376369, 131644, 556753, 121494, 38.5, 47.1, 1.01
A, 672343, 346394, 677619, 917941, 376240, 131748, 556402, 121449, 38.5, 47.1, 1.00
A, 672045, 346777, 678311, 917753, 376135, 131879, 556242, 121445, 38.5, 47.2, 0.99
A, 671357, 347009, 678570, 916960, 375876, 131993, 555865, 121410, 38.5, 47.2, 1.00
A, 670413, 347137, 678670, 915974, 375621, 131969, 555436, 121339, 38.5, 47.2, 1.00
A, 669646, 347266, 678774, 915313, 375365, 132102, 555111, 121327, 38.5, 47.2, 0.99
A, 670701, 347651, 681242, 916830, 375500, 132341, 555246, 121664, 38.5, 47.2, 1.00
A, 669810, 347806, 680890, 915671, 375261, 132348, 554875, 121562, 38.5, 47.2, 1.01
A, 668981, 347925, 681202, 914831, 375031, 132367, 554507, 121520, 38.5, 47.2, 1.00
A, 667855, 347927, 681059, 913692, 374727, 132376, 553965, 121434, 38.5, 47.2, 0.99
A, 666576, 347839, 680574, 912326, 374262, 132365, 553499, 121358, 38.5, 47.3, 1.00
A, 665974, 347784, 680724, 911583, 374032, 132372, 553144, 121351, 38.5, 47.3, 0.99
A, 664611, 347671, 680283, 910059, 373623, 132316, 552602, 121223, 38.5, 47.3, 1.01
A, 663358, 347469, 679393, 908322, 373108, 132262, 552061, 121091, 38.5, 47.3, 1.01
A, 662183, 347311, 679314, 907200, 372815, 132225, 551619, 121052, 38.5, 47.3, 1.00
A, 661452, 347098, 679134, 906250, 372494, 132203, 551314, 120939, 38.5, 47.3, 1.00
A, 660822, 347000, 679160, 905623, 372227, 132226, 550943, 120949, 38.5, 47.3, 0.99
A, 660249, 346895, 679374, 905009, 371982, 132228, 550687, 121056, 38.5, 47.3, 0.99
A, 659673, 346732, 679439, 904065, 371729, 132208, 550278, 120941, 38.5, 47.3, 0.99
A, 658882, 346583, 679317, 903427, 371498, 132209, 549945, 120880, 38.5, 47.3, 1.00
A, 658604, 346457, 679715, 902961, 371259, 132268, 549721, 120957, 38.5, 47.3, 0.99
A, 657931, 346279, 679734, 902107, 371030, 132233, 549390, 120876, 38.5, 47.3, 0.99
A, 657378, 346167, 679941, 901715, 370912, 132283, 549076, 120837, 38.5, 47.3, 1.01
A, 656818, 345992, 679938, 900954, 370567, 132275, 548777, 120865, 38.5, 47.4, 1.01
A, 656256, 345897, 679986, 899968, 370362, 132203, 548521, 120814, 38.5, 47.4, 1.01
A, 655518, 345642, 679761, 899132, 370079, 132143, 548183, 120768, 38.5, 47.4, 1.00
A, 656286, 345676, 681503, 900437, 370136, 132432, 548264, 121065, 38.5, 47.4, 1.00
A, 655767, 345664, 681636, 899678, 370079, 132377, 548022, 120994, 38.5, 47.4, 1.00
A, 655082, 345455, 681312, 898721, 369804, 132327, 547710, 120908, 38.5, 47.4, 1.00
A, 654599, 345278, 681462, 898278, 369636, 132300, 547499, 120965, 38.5, 47.4, 1.00
A, 653941, 345143, 681059, 897291, 369363, 132322, 547153, 120872, 38.5, 47.4, 1.01
A, 653250, 344862, 680946, 896316, 369125, 132320, 546800, 120848, 38.5, 47.4, 1.01
A, 652446, 344670, 680627, 895585, 368851, 132255, 546582, 120760, 38.5, 47.4, 1.01
A, 651628, 344451, 680402, 894541, 368587, 132217, 546207, 120745, 38.5, 47.4, 1.00
A, 651197, 344246, 680164, 893983, 368445, 132190, 545914, 120726, 38.5, 47.4, 1.00
A, 650418, 344004, 680108, 893011, 368177, 132155, 545658, 120546, 38.5, 47.4, 1.00
A, 649951, 343845, 679978, 892417, 368003, 132151, 545414, 120634, 38.5, 47.4, 1.00
A, 649771, 343655, 680236, 892085, 367838, 132161, 545280, 120661, 38.5, 47.4, 1.00
A, 649253, 343421, 680184, 891525, 367647, 132127, 544966, 120595, 38.5, 47.4, 1.01
A, 648574, 343266, 679856, 890799, 367460, 132101, 544701, 120618, 38.5, 47.4, 1.00
A, 648469, 343107, 680276, 890672, 367305, 132134, 544600, 120628, 38.5, 47.5, 1.00
A, 648152, 342953, 680353, 890172, 367202, 132020, 544389, 120600, 38.5, 47.5, 1.00
A, 647612, 342705, 680196, 889462, 367030, 131969, 544149, 120523, 38.5, 47.5, 1.00
A, 647260, 342477, 680225, 889160, 366881, 132098, 544014, 120520, 38.5, 47.5, 0.99
A, 646945, 342369, 680134, 888621, 366788, 132018, 543825, 120470, 38.5, 47.5, 1.00
A, 646519, 342173, 680077, 887760, 366623, 132047, 543611, 120456, 38.5, 47.5, 1.00
A, 647628, 342291, 681826, 889206, 366775, 132183, 543749, 120734, 38.5, 47.5, 0.98
A, 647292, 342232, 681723, 888647, 366725, 132174, 543620, 120638, 38.5, 47.5, 1.00
A, 646625, 341989, 681568, 887920, 366421, 132147, 543387, 120608, 38.5, 47.5, 1.00
A, 646039, 341844, 681366, 887286, 366287, 132141, 543150, 120580, 38.5, 47.5, 0.99
A, 645748, 341733, 681378, 886962, 366161, 132143, 543043, 120538, 38.5, 47.5, 0.98
A, 645344, 341554, 681236, 886245, 365961, 132013, 542768, 120483, 38.5, 47.5, 1.00
A, 644695, 341281, 680855, 885339, 365668, 132018, 542480, 120414, 38.5, 47.5, 1.00
A, 644282, 341186, 680933, 885040, 365694, 132008, 542335, 120411, 38.5, 47.5, 1.00
A, 643682, 340921, 680348, 883912, 365525, 132011, 542153, 120325, 38.5, 47.5, 1.00
A, 643269, 340676, 680292, 883717, 365248, 131953, 541934, 120365, 38.5, 47.5, 1.00
A, 642646, 340596, 679919, 882776, 365187, 131888, 541720, 120301, 38.5, 47.5, 1.00
A, 642418, 340369, 679782, 882238, 364981, 131860, 541496, 120288, 38.5, 47.5, 1.00
A, 642259, 340196, 680149, 882338, 364947, 131848, 541461, 120299, 38.5, 47.5, 0.99
A, 641892, 340108, 680071, 881799, 364815, 131869, 541236, 120271, 38.5, 47.6, 1.00
A, 641576, 339905, 680013, 881519, 364709, 131835, 541160, 120259, 38.5, 47.6, 1.00
A, 641788, 339872, 680246, 881473, 364672, 131860, 540987, 120322, 38.5, 47.6, 0.99
A, 641430, 339657, 680477, 881066, 364546, 131820, 540922, 120277, 38.5, 47.6, 1.01
A, 641083, 339517, 680306, 880534, 364447, 131790, 540827, 120267, 38.5, 47.6, 1.00
A, 641006, 339465, 680368, 880454, 364404, 131880, 540701, 120244, 38.5, 47.6, 1.00
A, 640715, 339258, 680425, 880040, 364263, 131849, 540532, 120217, 38.5, 47.6, 0.99
A, 641910, 339407, 682249, 881689, 364520, 132070, 540797, 120515, 38.5, 47.6, 1.00
A, 641704, 339454, 682362, 881300, 364507, 132007, 540774, 120517, 38.5, 47.6, 1.00
A, 641391, 339400, 682139, 880652, 364336, 131932, 540592, 120433, 38.5, 47.6, 0.99
A, 640778, 339171, 681765, 879905, 364147, 131950, 540354, 120291, 38.5, 47.6, 1.00
A, 640196, 338999, 681278, 879230, 363995, 131925, 540114, 120315, 38.5, 47.6, 1.00
A, 640123, 338892, 681296, 878990, 363944, 131939, 540062, 120306, 38.5, 47.6, 1.00
A, 639663, 338703, 681195, 878361, 363885, 131810, 539888, 120261, 38.5, 47.6, 1.00
A, 638928, 338609, 680596, 877407, 363634, 131798, 539650, 120201, 38.5, 47.6, 1.00
A, 638795, 338386, 680636, 877298, 363546, 131812, 539519, 120131, 38.5, 47.6, 1.00
A, 638146, 338213, 680136, 876380, 363392, 131665, 539353, 120106, 38.5, 47.6, 1.00
A, 637890, 338131, 680026, 876219, 363233, 131717, 539173, 120131, 38.5, 47.6, 0.99
A, 637529, 337884, 679917, 875438, 363112, 131681, 539015, 120121, 38.5, 47.6, 1.00
A, 637333, 337778, 679806, 875164, 363080, 131597, 538857, 120019, 38.5, 47.6, 0.99
A, 637278, 337693, 679984, 875331, 362968, 131652, 538898, 120075, 38.5, 47.6, 1.00
A, 637096, 337582, 679972, 874978, 362895, 131589, 538765, 120086, 38.5, 47.6, 0.99
A, 637028, 337468, 680077, 874639, 362828, 131658, 538694, 120051, 38.5, 47.6, 1.00
A, 637147, 337374, 680519, 874955, 362942, 131588, 538666, 120152, 38.5, 47.6, 1.00
A, 636966, 337360, 680422, 874527, 362782, 131576, 538567, 120041, 38.5, 47.6, 1.00
A, 636752, 337251, 680180, 874073, 362723, 131573, 538484, 120062, 38.5, 47.6, 1.00
A, 636634, 337099, 680410, 874158, 362690, 131622, 538373, 120081, 38.5, 47.6, 1.00
A, 637988, 337311, 682431, 875958, 362890, 131859, 538632, 120302, 38.5, 47.6, 1.00
A, 637762, 337332, 682413, 875613, 362910, 131837, 538683, 120241, 38.5, 47.6, 1.01
A, 637513, 337285, 682038, 874994, 362809, 131781, 538544, 120259, 38.5, 47.7, 1.00
A, 637140, 337122, 681952, 874562, 362723, 131762, 538385, 120214, 38.5, 47.7, 1.00
A, 636670, 337036, 681577, 873892, 362577, 131716, 538184, 120147, 38.5, 47.7, 0.98
A, 636325, 336886, 681359, 873356, 362473, 131674, 537977, 119984, 38.5, 47.7, 1.00
A, 636209, 336742, 681461, 873368, 362362, 131626, 537940, 120099, 38.5, 47.7, 1.00
A, 635872, 336656, 681167, 872738, 362330, 131671, 537811, 120067, 38.5, 47.7, 1.00
A, 635385, 336530, 680487, 871910, 362118, 131528, 537581, 119974, 38.5, 47.7, 1.00
A, 635183, 336422, 680837, 872004, 362101, 131572, 537561, 119953, 38.5, 47.7, 1.00
A, 634541, 336250, 680212, 871111, 361934, 131513, 537398, 119930, 38.5, 47.7, 1.00
A, 634370, 336101, 680183, 870979, 361845, 131534, 537305, 119923, 38.5, 47.7, 1.00
A, 634192, 336097, 680053, 870472, 361797, 131437, 537123, 119799, 38.5, 47.7, 1.00
A, 634012, 335894, 679988, 870207, 361656, 131432, 537057, 119793, 38.5, 47.7, 1.00
A, 634026, 335820, 680023, 870330, 361598, 131419, 536988, 119941, 38.5, 47.7, 1.00
A, 633965, 335732, 680098, 870091, 361626, 131422, 536874, 119839, 38.4, 47.7, 1.00
A, 633780, 335657, 680133, 869975, 361505, 131439, 536833, 119845, 38.4, 47.7, 1.00
A, 633965, 335647, 680563, 870157, 361511, 131398, 536874, 119922, 38.5, 47.7, 1.00
A, 633955, 335641, 680640, 869822, 361538, 131462, 536818, 119910, 38.5, 47.7, 1.00
A, 633734, 335514, 680497, 869533, 361491, 131399, 536720, 119876, 38.4, 47.7, 1.00
A, 634895, 335630, 682299, 871262, 361632, 131628, 537001, 120111, 38.4, 47.7, 1.00
A, 634904, 335690, 682348, 871113, 361724, 131589, 537023, 120108, 38.5, 47.7, 1.00
A, 634549, 335666, 682101, 870494, 361596, 131559, 536853, 120072, 38.5, 47.7, 1.01
A, 634530, 335650, 682224, 870577, 361655, 131594, 536854, 120109, 38.5, 47.7, 1.00
A, 634270, 335491, 682071, 870118, 361493, 131561, 536734, 120056, 38.5, 47.7, 1.01
A, 633913, 335448, 681489, 869459, 361352, 131501, 536565, 119915, 38.4, 47.7, 1.00
A, 633686, 335349, 681564, 869386, 361342, 131540, 536511, 119923, 38.4, 47.7, 1.00
A, 633343, 335304, 681401, 869018, 361213, 131489, 536347, 119945, 38.5, 47.7, 1.00
A, 633366, 335204, 681493, 868974, 361204, 131465, 536363, 119971, 38.5, 47.7, 1.00
A, 633244, 335203, 681360, 868525, 361155, 131462, 536241, 119858, 38.4, 47.8, 1.00
A, 632844, 335082, 681126, 868173, 361028, 131375, 536077, 119847, 38.4, 47.8, 1.00
A, 632554, 334939, 680762, 867555, 360920, 131337, 536007, 119825, 38.4, 47.8, 0.99
A, 632326, 334820, 680739, 867376, 360806, 131337, 535885, 119766, 38.4, 47.8, 1.00
A, 631864, 334772, 680435, 866927, 360854, 131291, 535797, 119762, 38.5, 47.8, 1.01
A, 631698, 334655, 680207, 866485, 360721, 131326, 535657, 119746, 38.5, 47.8, 1.00
A, 631747, 334594, 680479, 866768, 360663, 131212, 535625, 119737, 38.5, 47.8, 1.00
A, 631664, 334518, 680487, 866514, 360597, 131203, 535593, 119709, 38.4, 47.8, 1.00
A, 631521, 334425, 680466, 866299, 360511, 131252, 535550, 119755, 38.4, 47.8, 1.00
A, 631611, 334401, 680668, 866515, 360586, 131347, 535557, 119843, 38.4, 47.8, 1.01
A, 631634, 334373, 680838, 866241, 360565, 131268, 535517, 119724, 38.4, 47.8, 1.00
A, 632946, 334458, 682524, 867769, 360810, 131446, 535745, 120003, 38.5, 47.8, 1.00
A, 632880, 334567, 682453, 867653, 360819, 131480, 535750, 119954, 38.5, 47.8, 1.00
A, 632578, 334519, 682241, 867192, 360698, 131360, 535706, 119931, 38.4, 47.8, 1.00
A, 632224, 334408, 682022, 866941, 360665, 131346, 535552, 119893, 38.4, 47.8, 1.00
A, 632072, 334304, 682009, 866819, 360621, 131410, 535542, 119876, 38.4, 47.8, 1.00
A, 631891, 334301, 681721, 866195, 360485, 131301, 535391, 119829, 38.4, 47.8, 1.00
A, 631443, 334183, 681372, 865826, 360374, 131205, 535261, 119741, 38.4, 47.8, 0.99
A, 631082, 334035, 681128, 865477, 360242, 131259, 535142, 119717, 38.4, 47.8, 1.00
A, 630839, 334030, 680959, 865254, 360273, 131248, 535063, 119793, 38.4, 47.8, 1.01
A, 630777, 333891, 680990, 864958, 360143, 131177, 534995, 119732, 38.4, 47.8, 1.00
A, 630889, 333937, 681047, 864923, 360214, 131151, 534920, 119739, 38.4, 47.8, 1.01
A, 630601, 333793, 680801, 864635, 360125, 131146, 534845, 119760, 38.4, 47.8, 1.00
A, 630326, 333837, 680657, 864245, 360021, 131058, 534828, 119626, 38.4, 47.8, 1.00
A, 630163, 333605, 680693, 864176, 360004, 131102, 534702, 119669, 38.4, 47.8, 1.01
A, 629967, 333591, 680286, 863614, 359980, 131103, 534703, 119660, 38.4, 47.8, 1.01
A, 629887, 333543, 680215, 863443, 359818, 131006, 534547, 119573, 38.4, 47.8, 0.99
A, 629934, 333437, 680536, 863654, 359890, 131062, 534544, 119647, 38.4, 47.8, 1.00
A, 629898, 333445, 680565, 863657, 359796, 131050, 534534, 119657, 38.4, 47.8, 0.99
A, 629830, 333376, 680405, 863406, 359861, 131052, 534510, 119650, 38.4, 47.8, 1.00
A, 629998, 333378, 680875, 863632, 359875, 131123, 534480, 119727, 38.4, 47.8, 1.01
A, 631678, 333701, 683079, 865535, 360214, 131345, 534945, 119989, 38.4, 47.8, 0.99
A, 631314, 333660, 682563, 864934, 360213, 131285, 534802, 119831, 38.4, 47.9, 1.00
A, 631085, 333649, 682504, 864947, 360108, 131237, 534807, 119816, 38.4, 47.9, 1.00
A, 630677, 333542, 682119, 864397, 360023, 131181, 534653, 119815, 38.4, 47.9, 1.00
A, 630277, 333404, 681812, 863872, 359876, 131148, 534468, 119759, 38.4, 47.9, 0.99
A, 630347, 333509, 682015, 864065, 359923, 131262, 534524, 119828, 38.4, 47.9, 1.01
A, 630386, 333393, 681901, 863712, 359869, 131139, 534449, 119705, 38.4, 47.9, 1.00
A, 630038, 333350, 681700, 863412, 359764, 131111, 534315, 119701, 38.4, 47.9, 0.99
A, 629818, 333282, 681318, 863144, 359669, 131105, 534250, 119698, 38.4, 47.9, 0.99
A, 629789, 333306, 681706, 863164, 359706, 131201, 534292, 119731, 38.4, 47.9, 0.99
A, 629623, 333200, 681352, 862837, 359618, 131146, 534233, 119642, 38.4, 47.9, 1.00
A, 629658, 333203, 681601, 862774, 359660, 131117, 534159, 119669, 38.4, 47.9, 0.99
A, 629520, 333109, 681451, 862591, 359561, 130984, 534093, 119653, 38.4, 47.9, 1.01
A, 629121, 333143, 681096, 862168, 359529, 131023, 534025, 119651, 38.4, 47.9, 1.01
A, 628896, 332936, 680972, 862028, 359402, 130974, 533847, 119598, 38.4, 47.9, 1.00
A, 629132, 332961, 681258, 862112, 359456, 131056, 533905, 119597, 38.4, 47.9, 1.00
A, 629125, 332874, 681289, 862003, 359454, 130985, 533899, 119679, 38.4, 47.9, 1.00
A, 629041, 332957, 681369, 861898, 359479, 131001, 533843, 119656, 38.4, 47.9, 1.00
A, 628801, 332837, 681221, 861665, 359382, 130952, 533761, 119629, 38.4, 47.9, 1.00
A, 628723, 332804, 681038, 861599, 359305, 130928, 533695, 119613, 38.4, 47.9, 0.99
A, 630422, 333005, 683314, 863686, 359652, 131246, 534174, 119898, 38.4, 47.9, 1.00
A, 630141, 333115, 682944, 863249, 359678, 131159, 534189, 119872, 38.4, 47.9, 1.00
A, 630100, 333143, 683082, 863202, 359654, 131172, 534149, 119889, 38.4, 47.9, 0.99
A, 629922, 333028, 682928, 862880, 359595, 131159, 533979, 119806, 38.4, 47.9, 1.00
A, 628849, 332859, 681732, 861574, 359352, 131012, 533735, 119636, 38.4, 47.9, 1.00
A, 628775, 332753, 681382, 860652, 359224, 130741, 533563, 119355, 38.4, 47.9, 1.00
A, 627941, 332559, 680716, 860360, 359037, 130924, 533332, 119482, 38.4, 47.9, 1.00
A, 627989, 332527, 680767, 860523, 359060, 130893, 533359, 119534, 38.4, 47.9, 0.99
A, 628296, 332604, 681356, 860871, 359080, 130933, 533502, 119632, 38.4, 47.9, 0.99
A, 628401, 332512, 681484, 860829, 359097, 130954, 533458, 119569, 38.4, 47.9, 1.00
A, 628244, 332526, 681303, 860677, 359120, 130877, 533428, 119592, 38.4, 47.9, 1.00
A, 628278, 332496, 681476, 860809, 359067, 130966, 533420, 119651, 38.4, 47.9, 1.00
A, 628254, 332511, 681305, 860291, 359066, 130899, 533344, 119560, 38.4, 47.9, 0.99
A, 628116, 332346, 681083, 860178, 358998, 130856, 533255, 119499, 38.4, 47.9, 0.99
A, 627631, 332358, 680780, 859793, 358940, 130834, 533232, 119494, 38.4, 47.9, 0.99
A, 627637, 332224, 680610, 859732, 358853, 130803, 533113, 119502, 38.4, 47.9, 1.01
A, 627683, 332231, 681017, 859941, 358853, 130807, 533117, 119539, 38.4, 47.9, 0.99
A, 627705, 332195, 681088, 859922, 358843, 130842, 533139, 119557, 38.4, 47.9, 1.00
A, 627826, 332214, 680966, 859697, 358876, 130825, 533170, 119597, 38.4, 47.9, 1.00
A, 627456, 332137, 680984, 859664, 358834, 130839, 533101, 119536, 38.4, 47.9, 1.00
A, 629658, 332514, 683739, 862189, 359254, 131114, 533633, 119848, 38.4, 47.9, 1.01
A, 629330, 332558, 683321, 861698, 359244, 131017, 533590, 119751, 38.4, 47.9, 1.00
A, 629252, 332493, 683076, 861472, 359255, 131024, 533525, 119766, 38.4, 47.9, 1.00
A, 628975, 332434, 683033, 861177, 359169, 131050, 533389, 119768, 38.4, 47.9, 1.00
A, 628714, 332453, 682574, 860747, 359047, 130922, 533322, 119665, 38.4, 47.9, 0.99
A, 628330, 332338, 682257, 860256, 358985, 130905, 533227, 119685, 38.4, 47.9, 0.99
A, 628085, 332267, 682102, 860069, 358840, 130899, 533129, 119587, 38.4, 47.9, 1.00
A, 628032, 332232, 682199, 860147, 358862, 130875, 533049, 119657, 38.4, 47.9, 1.01
A, 627618, 332137, 681598, 859505, 358769, 130874, 532947, 119607, 38.4, 47.9, 1.00
A, 627772, 332154, 681983, 859748, 358822, 130920, 533033, 119590, 38.4, 47.9, 0.99
A, 627785, 332120, 681963, 859595, 358839, 130824, 532967, 119545, 38.4, 47.9, 1.00
A, 627559, 332122, 681768, 859279, 358744, 130843, 532902, 119550, 38.4, 47.9, 1.01
A, 627629, 332089, 681779, 859383, 358684, 130840, 532882, 119578, 38.4, 47.9, 1.01
A, 627220, 332041, 681377, 858884, 358688, 130744, 532758, 119501, 38.4, 47.9, 1.01
A, 627032, 331904, 681354, 858716, 358563, 130810, 532737, 119500, 38.4, 47.9, 1.01
A, 626978, 331895, 681119, 858456, 358599, 130715, 532664, 119436, 38.4, 47.9, 1.00
A, 626829, 331800, 681173, 858311, 358492, 130675, 532621, 119425, 38.4, 47.9, 1.01
A, 626948, 331774, 681353, 858571, 358495, 130767, 532632, 119457, 38.4, 47.9, 1.00
A, 626932, 331745, 681321, 858496, 358446, 130727, 532638, 119434, 38.4, 47.9, 1.00
A, 626976, 331837, 681275, 858435, 358530, 130731, 532562, 119513, 38.4, 47.9, 1.00
A, 628791, 332027, 683800, 860677, 358862, 131016, 533051, 119861, 38.4, 47.9, 0.99
A, 628603, 332158, 683568, 860324, 358933, 130922, 533082, 119780, 38.4, 47.9, 0.99
A, 628163, 332102, 683203, 859904, 358809, 130899, 532948, 119692, 38.4, 47.9, 1.00
A, 627910, 332059, 682873, 859630, 358701, 130826, 532839, 119634, 38.4, 47.9, 0.99
A, 627862, 332007, 682928, 859592, 358665, 130851, 532816, 119605, 38.4, 47.9, 1.00
A, 627795, 331952, 682575, 859026, 358704, 130846, 532772, 119550, 38.4, 47.9, 1.01
A, 627381, 331869, 682283, 858613, 358553, 130797, 532627, 119547, 38.4, 48.0, 1.01
A, 627041, 331834, 682014, 858544, 358454, 130802, 532531, 119533, 38.4, 48.0, 1.00
A, 626980, 331768, 682053, 858504, 358432, 130745, 532538, 119536, 38.4, 48.0, 1.00
A, 626942, 331707, 681843, 858256, 358464, 130750, 532462, 119553, 38.4, 48.0, 1.00
A, 627031, 331723, 682271, 858328, 358459, 130816, 532504, 119568, 38.4, 48.0, 1.01
A, 626930, 331797, 682111, 858149, 358393, 130736, 532499, 119506, 38.4, 48.0, 1.01
A, 626625, 331635, 681804, 857772, 358335, 130692, 532364, 119457, 38.4, 48.0, 1.00
A, 626762, 331623, 682071, 857995, 358428, 130705, 532354, 119452, 38.4, 48.0, 0.99
A, 626402, 331582, 681591, 857445, 358315, 130693, 532287, 119439, 38.4, 48.0, 0.98
A, 626211, 331534, 681459, 857401, 358186, 130684, 532189, 119484, 38.4, 48.0, 0.99
A, 626119, 331486, 681321, 857048, 358194, 130556, 532187, 119382, 38.4, 48.0, 1.01
A, 625963, 331280, 681211, 856903, 358109, 130523, 532100, 119332, 38.4, 48.0, 1.00
A, 626089, 331339, 681398, 857077, 358147, 130601, 532170, 119398, 38.4, 48.0, 1.01
A, 626134, 331384, 681403, 857146, 358164, 130530, 532190, 119416, 38.4, 48.0, 0.99
A, 627584, 331586, 683389, 858971, 358446, 130817, 532454, 119740, 38.4, 48.0, 1.00
A, 627715, 331717, 683525, 859018, 358557, 130765, 532569, 119710, 38.4, 48.0, 0.99
A, 627419, 331730, 683129, 858452, 358496, 130797, 532440, 119578, 38.4, 48.0, 0.99
A, 627150, 331633, 682812, 858056, 358410, 130721, 532388, 119498, 38.4, 48.0, 1.00
A, 626763, 331573, 682473, 857801, 358251, 130718, 532250, 119517, 38.4, 48.0, 1.00
A, 626723, 331531, 682522, 857815, 358293, 130728, 532266, 119519, 38.4, 48.0, 1.00
A, 626640, 331459, 682253, 857511, 358269, 130721, 532222, 119518, 38.4, 48.0, 1.00
A, 626777, 331492, 682598, 857608, 358211, 130654, 532199, 119531, 38.4, 48.0, 1.00
A, 626511, 331523, 682521, 857532, 358282, 130679, 532221, 119514, 38.4, 48.0, 0.99
A, 626473, 331396, 682225, 857256, 358186, 130666, 532109, 119520, 38.4, 48.0, 1.00
A, 626355, 331409, 682135, 857178, 358181, 130618, 532106, 119519, 38.4, 48.0, 0.99
A, 626396, 331411, 682410, 857328, 358225, 130723, 532090, 119490, 38.4, 48.0, 1.01
A, 626282, 331341, 681995, 856757, 358161, 130611, 532019, 119431, 38.4, 48.0, 1.00
A, 626101, 331269, 681895, 856519, 358054, 130562, 531965, 119401, 38.4, 48.0, 1.00
A, 626025, 331280, 682077, 856883, 358027, 130598, 531996, 119434, 38.4, 48.0, 1.00
A, 625512, 331230, 681512, 856104, 357999, 130532, 531881, 119357, 38.4, 48.0, 1.00
A, 625578, 331105, 681459, 856202, 357891, 130518, 531824, 119425, 38.4, 48.0, 0.99
A, 625351, 331147, 681282, 855944, 357929, 130458, 531818, 119351, 38.4, 48.0, 1.01
A, 625348, 331076, 681174, 855669, 357860, 130514, 531733, 119314, 38.4, 48.0, 1.00
A, 625590, 331031, 681534, 855899, 357878, 130511, 531793, 119355, 38.4, 48.0, 1.00
A, 627123, 331274, 683592, 858039, 358165, 130697, 532156, 119672, 38.4, 48.0, 0.99
A, 626805, 331324, 682900, 857213, 358266, 130586, 532135, 119537, 38.4, 48.0, 1.01
A, 626528, 331292, 682984, 857303, 358097, 130643, 532018, 119579, 38.4, 48.0, 1.00
A, 626506, 331245, 682794, 856955, 358091, 130602, 532005, 119490, 38.4, 48.0, 0.99
A, 626222, 331166, 682523, 856666, 358055, 130611, 531905, 119439, 38.4, 48.0, 1.00
A, 625928, 331164, 682293, 856563, 358043, 130515, 531846, 119451, 38.4, 48.0, 1.00
A, 626076, 331156, 682370, 856673, 358020, 130555, 531831, 119470, 38.4, 48.0, 1.01
A, 625904, 331116, 682355, 856509, 357990, 130553, 531828, 119476, 38.4, 48.0, 1.01
A, 625781, 331165, 682174, 856316, 357938, 130564, 531801, 119465, 38.4, 48.0, 1.00
A, 625851, 331053, 682258, 856104, 357857, 130452, 531807, 119462, 38.4, 48.0, 0.99
A, 625698, 330992, 682171, 855998, 357856, 130536, 531698, 119460, 38.4, 48.0, 0.99
A, 625278, 330950, 681799, 855671, 357802, 130451, 531604, 119349, 38.4, 48.0, 0.99
A, 625444, 330979, 682044, 855922, 357811, 130478, 531696, 119445, 38.4, 48.0, 0.99
A, 625561, 330929, 682006, 855760, 357825, 130468, 531721, 119448, 38.4, 48.0, 0.99
A, 625796, 331045, 682270, 855974, 357845, 130478, 531770, 119369, 38.4, 48.0, 0.98
A, 625484, 330895, 682145, 855813, 357837, 130381, 531661, 119405, 38.4, 48.0, 0.99
A, 625298, 330911, 681863, 855486, 357810, 130402, 531626, 119321, 38.4, 48.0, 1.00
A, 625172, 330824, 681728, 855407, 357719, 130346, 531576, 119335, 38.4, 48.0, 1.00
A, 624919, 330846, 681204, 854946, 357688, 130389, 531489, 119249, 38.4, 48.0, 1.00
A, 624802, 330822, 681104, 854651, 357660, 130326, 531427, 119238, 38.4, 48.0, 1.00
A, 626374, 330917, 683373, 856933, 358002, 130548, 531814, 119534, 38.4, 48.0, 1.00
A, 626239, 331055, 683177, 856683, 357960, 130505, 531854, 119526, 38.4, 48.1, 0.99
A, 626013, 331034, 682841, 856440, 357908, 130553, 531758, 119522, 38.4, 48.1, 1.00
A, 626158, 331097, 683009, 856501, 358003, 130526, 531829, 119558, 38.4, 48.0, 1.01
A, 625966, 331033, 682862, 856189, 357922, 130475, 531765, 119437, 38.4, 48.0, 1.01
A, 625645, 330902, 682538, 855820, 357878, 130479, 531613, 119449, 38.4, 48.0, 1.01
A, 625546, 330941, 682451, 855663, 357785, 130452, 531568, 119331, 38.4, 48.0, 1.01
A, 625603, 330883, 682594, 855828, 357833, 130374, 531588, 119414, 38.4, 48.0, 1.00
A, 625485, 330893, 682379, 855688, 357682, 130461, 531529, 119477, 38.4, 48.0, 1.01
A, 625559, 330909, 682547, 855770, 357809, 130469, 531601, 119525, 38.4, 48.0, 0.99
A, 625488, 330889, 682460, 855470, 357761, 130441, 531559, 119423, 38.4, 48.0, 1.00
A, 625250, 330814, 682144, 855054, 357688, 130366, 531424, 119292, 38.4, 48.0, 1.00
A, 625025, 330745, 681973, 855044, 357651, 130376, 531443, 119313, 38.4, 48.0, 0.99
A, 625206, 330744, 682171, 855244, 357680, 130387, 531482, 119429, 38.4, 48.1, 1.01
A, 625147, 330779, 682254, 855207, 357685, 130386, 531420, 119396, 38.4, 48.1, 1.00
A, 625293, 330792, 682296, 855184, 357723, 130374, 531455, 119393, 38.4, 48.1, 1.01
A, 625199, 330786, 682282, 854899, 357580, 130349, 531433, 119370, 38.4, 48.1, 1.00
A, 624889, 330679, 681928, 854723, 357622, 130273, 531372, 119261, 38.4, 48.1, 1.00
A, 624735, 330632, 681858, 854778, 357581, 130348, 531341, 119356, 38.4, 48.1, 1.00
A, 625053, 330637, 682021, 854937, 357613, 130404, 531372, 119393, 38.4, 48.1, 0.99
A, 626648, 330864, 684314, 857019, 357886, 130547, 531762, 119623, 38.4, 48.1, 1.00
A, 626618, 331068, 684180, 856715, 358034, 130530, 531789, 119561, 38.4, 48.1, 0.99
A, 626083, 330970, 683533, 856129, 357891, 130479, 531605, 119500, 38.4, 48.1, 1.00
A, 625823, 330914, 683300, 855850, 357820, 130422, 531526, 119489, 38.4, 48.1, 1.00
A, 625743, 330902, 683294, 855844, 357768, 130406, 531523, 119450, 38.4, 48.1, 1.00
A, 625487, 330853, 682952, 855644, 357717, 130380, 531480, 119425, 38.4, 48.1, 1.00
A, 625561, 330856, 683140, 855669, 357716, 130480, 531470, 119484, 38.4, 48.1, 1.00
A, 625595, 330823, 683105, 855487, 357712, 130437, 531465, 119399, 38.4, 48.1, 1.00
A, 625255, 330807, 682835, 855193, 357615, 130356, 531349, 119366, 38.4, 48.1, 1.00
A, 625192, 330794, 682779, 855276, 357674, 130368, 531371, 119469, 38.4, 48.1, 0.99
A, 625173, 330755, 682683, 855038, 357612, 130358, 531350, 119366, 38.4, 48.1, 1.00
A, 625127, 330684, 682749, 855092, 357600, 130338, 531316, 119346, 38.4, 48.1, 1.00
A, 625237, 330744, 682970, 855224, 357593, 130372, 531336, 119451, 38.4, 48.1, 1.00
A, 625264, 330747, 683041, 855114, 357607, 130312, 531281, 119377, 38.4, 48.1, 1.00
A, 625076, 330737, 682852, 855012, 357583, 130359, 531263, 119311, 38.4, 48.1, 1.00
A, 625034, 330658, 682755, 854925, 357560, 130349, 531280, 119378, 38.4, 48.1, 1.00
A, 624688, 330701, 682136, 854310, 357513, 130272, 531141, 119263, 38.4, 48.1, 1.00
A, 624570, 330560, 682158, 854171, 357446, 130166, 531134, 119254, 38.4, 48.1, 1.01
A, 624258, 330506, 681856, 853850, 357330, 130224, 531078, 119231, 38.4, 48.1, 1.00
A, 624158, 330459, 681790, 853827, 357392, 130135, 530962, 119204, 38.4, 48.1, 1.00
A, 625595, 330617, 683717, 855794, 357607, 130351, 531391, 119574, 38.4, 48.1, 1.00
A, 625710, 330755, 683700, 855681, 357741, 130443, 531418, 119504, 38.4, 48.1, 1.00
A, 625545, 330784, 683385, 855130, 357653, 130310, 531391, 119432, 38.4, 48.1, 1.01
A, 625188, 330684, 683123, 854992, 357584, 130338, 531289, 119390, 38.4, 48.1, 1.00
A, 625396, 330669, 683481, 855253, 357651, 130389, 531353, 119434, 38.4, 48.1, 1.00
A, 625206, 330652, 683184, 854964, 357542, 130288, 531275, 119402, 38.4, 48.1, 1.00
A, 624887, 330615, 682960, 854703, 357521, 130340, 531216, 119399, 38.4, 48.1, 1.00
A, 625145, 330711, 683003, 854872, 357575, 130300, 531195, 119422, 38.4, 48.1, 0.99
A, 624878, 330564, 682715, 854261, 357447, 130177, 531135, 119313, 38.4, 48.1, 1.00
A, 624466, 330518, 682415, 854063, 357411, 130259, 531077, 119314, 38.4, 48.1, 1.01
A, 624491, 330414, 682368, 854000, 357382, 130251, 531003, 119298, 38.4, 48.1, 0.99
A, 624584, 330543, 682654, 854155, 357388, 130248, 531018, 119360, 38.4, 48.1, 1.00
A, 624479, 330438, 682435, 854192, 357381, 130256, 531040, 119359, 38.4, 48.1, 1.00
A, 624581, 330556, 682669, 854336, 357456, 130246, 531058, 119393, 38.4, 48.1, 1.00
A, 624605, 330463, 682593, 853984, 357361, 130183, 530974, 119321, 38.4, 48.1, 1.00
A, 624364, 330423, 682350, 853771, 357346, 130167, 530992, 119232, 38.4, 48.1, 1.00
A, 624349, 330400, 682446, 853990, 357331, 130225, 531034, 119306, 38.4, 48.1, 1.01
A, 624175, 330384, 682091, 853436, 357263, 130107, 530904, 119245, 38.4, 48.1, 1.00
A, 623986, 330291, 682049, 853551, 357284, 130149, 530917, 119288, 38.4, 48.1, 1.00
A, 624057, 330413, 681864, 853320, 357307, 130154, 530908, 119245, 38.4, 48.1, 1.00
A, 625218, 330365, 683508, 854731, 357430, 130226, 531130, 119466, 38.4, 48.1, 1.00
A, 625316, 330528, 683683, 854951, 357514, 130292, 531209, 119407, 38.4, 48.1, 1.00
A, 625154, 330511, 683483, 854820, 357548, 130295, 531165, 119505, 38.4, 48.1, 1.00
A, 624969, 330484, 683286, 854572, 357461, 130246, 531131, 119451, 38.4, 48.1, 1.00
A, 625171, 330564, 683460, 854756, 357549, 130317, 531179, 119419, 38.4, 48.1, 1.00
A, 625024, 330525, 683430, 854572, 357466, 130253, 531152, 119419, 38.4, 48.1, 1.00
A, 624781, 330531, 683124, 854268, 357397, 130213, 531041, 119381, 38.4, 48.1, 1.01
A, 624647, 330441, 683033, 854042, 357375, 130161, 531004, 119318, 38.4, 48.1, 1.00
A, 624680, 330376, 683052, 854236, 357407, 130182, 531047, 119341, 38.4, 48.1, 1.00
A, 624216, 330352, 682434, 853566, 357251, 130178, 530891, 119315, 38.4, 48.1, 1.00
A, 623897, 330278, 682228, 853366, 357231, 130140, 530815, 119277, 38.4, 48.1, 1.00
A, 624197, 330277, 682519, 853537, 357266, 130109, 530876, 119260, 38.4, 48.1, 1.00
A, 624124, 330253, 682475, 853426, 357222, 130153, 530870, 119259, 38.4, 48.1, 1.00
A, 624008, 330202, 682165, 853305, 357180, 130133, 530764, 119253, 38.4, 48.1, 1.00
A, 624073, 330224, 682239, 853300, 357162, 130124, 530846, 119293, 38.4, 48.1, 1.00
A, 624291, 330248, 682559, 853524, 357268, 130053, 530896, 119289, 38.4, 48.1, 1.01
A, 624018, 330224, 682365, 853171, 357191, 130088, 530805, 119166, 38.4, 48.1, 1.00
A, 623998, 330129, 682320, 853171, 357183, 130035, 530788, 119230, 38.4, 48.1, 1.00
A, 623821, 330189, 682129, 852987, 357190, 130020, 530805, 119201, 38.4, 48.1, 1.00
A, 623824, 330160, 682137, 853091, 357155, 130007, 530743, 119280, 38.4, 48.1, 0.99
M, 619015, 329467, 675655, 846433, 356148, 129255, 529340, 118129, 38.4, 48.1, 0.66
M, 613863, 328230, 668910, 839648, 354550, 128400, 527462, 117191, 38.4, 48.1, 0.59
M, 607699, 326496, 660887, 831921, 352639, 127562, 525220, 116163, 38.4, 48.1, 0.72
M, 602460, 324895, 654020, 825084, 351009, 126644, 523362, 115413, 38.5, 48.1, 0.80
M, 598199, 323555, 648079, 819368, 349623, 125954, 521994, 114715, 38.5, 48.1, 0.88
M, 595059, 322412, 643126, 815015, 348486, 125248, 520859, 114192, 38.5, 47.9, 0.93
M, 592160, 321392, 638170, 810551, 347558, 124629, 519937, 113617, 38.5, 47.9, 0.96
M, 590153, 320578, 634415, 807453, 346845, 124126, 519235, 113268, 38.5, 47.8, 0.97
M, 588697, 319848, 631458, 805458, 346330, 123728, 518824, 112984, 38.5, 47.8, 0.97
M, 588094, 319332, 629173, 804147, 345986, 123426, 518580, 112811, 38.5, 47.7, 0.98
M, 587590, 318832, 627036, 802852, 345667, 123131, 518393, 112702, 38.5, 47.7, 0.99
M, 587757, 318420, 625698, 802521, 345574, 122881, 518365, 112594, 38.5, 47.6, 1.00
M, 587845, 317970, 624243, 802117, 345539, 122698, 518378, 112486, 38.5, 47.6, 1.01
M, 587779, 317546, 622946, 801785, 345402, 122496, 518391, 112380, 38.5, 47.6, 0.99
M, 588424, 317197, 622231, 802037, 345445, 122397, 518516, 112335, 38.5, 47.6, 1.00
M, 588804, 316906, 621489, 802430, 345502, 122216, 518632, 112342, 38.5, 47.6, 1.01
M, 589352, 316694, 621051, 802955, 345601, 122179, 518861, 112353, 38.5, 47.6, 1.00
M, 590397, 316395, 620362, 803435, 345745, 122025, 519090, 112272, 38.5, 47.5, 0.98
M, 590767, 316150, 619975, 804065, 345826, 122022, 519344, 112243, 38.5, 47.5, 1.01
M, 591290, 315903, 619339, 804566, 345976, 121883, 519615, 112228, 38.5, 47.5, 1.00
M, 593055, 315935, 620628, 806674, 346340, 122021, 520066, 112484, 38.5, 47.5, 1.00
M, 593744, 315915, 620079, 807266, 346707, 121975, 520581, 112468, 38.5, 47.5, 0.99
M, 594024, 315771, 619600, 807519, 346803, 121927, 520676, 112456, 38.5, 47.5, 1.00
M, 594806, 315648, 619665, 808504, 346957, 121980, 520970, 112485, 38.5, 47.5, 1.01
M, 595405, 315500, 619455, 809090, 347230, 121923, 521367, 112467, 38.5, 47.5, 1.00
M, 595946, 315454, 619367, 809892, 347450, 121923, 521665, 112514, 38.5, 47.5, 1.00
M, 596900, 315515, 619559, 810885, 347690, 121946, 522097, 112579, 38.5, 47.5, 1.00
M, 597655, 315441, 619468, 811550, 347976, 121942, 522414, 112542, 38.5, 47.5, 1.00
M, 598125, 315477, 619310, 812208, 348210, 121910, 522768, 112551, 38.5, 47.4, 0.99
M, 598316, 315352, 618919, 812742, 348329, 121861, 522935, 112582, 38.5, 47.4, 1.00
M, 599124, 315356, 619217, 813815, 348682, 121922, 523316, 112659, 38.5, 47.4, 0.99
M, 599818, 315487, 619304, 814591, 348882, 121877, 523708, 112655, 38.5, 47.4, 1.01
M, 600731, 315549, 619775, 815726, 349275, 122003, 524173, 112798, 38.5, 47.4, 0.99
M, 601524, 315678, 619686, 816473, 349512, 121980, 524600, 112775, 38.5, 47.4, 1.00
M, 601959, 315724, 619804, 817021, 349786, 121949, 524776, 112786, 38.5, 47.4, 1.00
M, 602635, 315819, 620045, 818135, 350011, 122065, 525232, 112780, 38.5, 47.4, 0.99
M, 603125, 315851, 620155, 818884, 350289, 122115, 525561, 112843, 38.5, 47.4, 1.00
M, 603784, 315977, 620040, 819460, 350523, 122102, 525824, 112917, 38.5, 47.4, 1.00
M, 604458, 316108, 620235, 820204, 350833, 122152, 526249, 112903, 38.5, 47.4, 0.99
M, 604772, 316143, 620226, 820824, 351019, 122097, 526494, 112921, 38.5, 47.4, 1.01
M, 606986, 316613, 622274, 823593, 351610, 122385, 527244, 113165, 38.5, 47.4, 1.00
M, 607308, 316781, 622256, 824076, 351859, 122394, 527534, 113156, 38.5, 47.4, 1.00
M, 607822, 316895, 622374, 824661, 352132, 122400, 527842, 113265, 38.5, 47.4, 0.99
M, 608156, 317083, 622386, 825321, 352283, 122416, 528098, 113265, 38.5, 47.4, 1.01
M, 608840, 317276, 622481, 825946, 352543, 122453, 528377, 113268, 38.5, 47.4, 0.99
M, 608985, 317355, 622205, 826169, 352683, 122470, 528633, 113235, 38.5, 47.4, 1.01
M, 609122, 317477, 621977, 826579, 352846, 122492, 528874, 113256, 38.5, 47.4, 1.01
M, 609583, 317628, 622203, 827281, 353033, 122513, 529132, 113350, 38.5, 47.4, 1.01
M, 610022, 317714, 622210, 827786, 353202, 122472, 529323, 113307, 38.5, 47.4, 1.00
M, 610673, 317898, 622622, 828682, 353525, 122600, 529746, 113444, 38.5, 47.4, 1.01
M, 611135, 318136, 622524, 829082, 353676, 122607, 529932, 113333, 38.5, 47.4, 0.99
M, 611383, 318244, 622506, 829444, 353853, 122564, 530163, 113363, 38.5, 47.4, 1.01
M, 611604, 318329, 622544, 829949, 354010, 122595, 530382, 113355, 38.5, 47.4, 0.99
M, 612169, 318512, 622818, 830677, 354241, 122697, 530635, 113421, 38.5, 47.4, 1.01
M, 612489, 318681, 622599, 831032, 354451, 122754, 530826, 113490, 38.5, 47.4, 1.00
M, 613097, 318866, 623018, 831680, 354620, 122666, 531148, 113444, 38.5, 47.3, 1.00
M, 613039, 318896, 622839, 832114, 354716, 122644, 531308, 113441, 38.5, 47.3, 1.01
M, 613601, 319128, 623152, 832752, 354917, 122764, 531578, 113474, 38.5, 47.3, 0.98
M, 613735, 319194, 622823, 832850, 355017, 122731, 531673, 113446, 38.5, 47.3, 1.01
M, 614138, 319375, 623017, 833454, 355280, 122763, 531986, 113488, 38.5, 47.3, 1.01
M, 615829, 319655, 624531, 835439, 355614, 122922, 532444, 113725, 38.5, 47.3, 1.01
M, 615894, 319984, 624375, 835637, 355833, 122820, 532705, 113636, 38.5, 47.3, 1.01
M, 615960, 319964, 624252, 835903, 355909, 122971, 532831, 113669, 38.5, 47.3, 0.99
M, 616184, 320118, 624301, 836361, 356030, 122992, 533044, 113703, 38.5, 47.3, 1.00
M, 616460, 320179, 624348, 836780, 356197, 122967, 533162, 113672, 38.5, 47.3, 0.99
M, 616230, 320353, 623686, 836379, 356157, 122951, 533184, 113611, 38.5, 47.3, 1.00
M, 616273, 320380, 623415, 836398, 356237, 122937, 533263, 113523, 38.5, 47.3, 1.00
M, 615673, 320281, 622417, 835936, 356148, 122867, 533233, 113493, 38.5, 47.3, 1.01
M, 616323, 320467, 623073, 836768, 356372, 122868, 533508, 113543, 38.5, 47.3, 1.00
M, 616679, 320580, 623271, 837221, 356554, 122878, 533734, 113546, 38.5, 47.3, 0.99
M, 617324, 320795, 623800, 838250, 356734, 122969, 534055, 113710, 38.5, 47.3, 1.01
M, 617815, 320902, 623947, 838604, 356910, 123027, 534220, 113644, 38.5, 47.3, 1.01
M, 618012, 321084, 623956, 839037, 357030, 123041, 534356, 113704, 38.5, 47.3, 1.00
M, 618187, 321206, 623976, 839469, 357158, 123010, 534523, 113710, 38.5, 47.3, 0.99
M, 618658, 321350, 624424, 840172, 357370, 123056, 534825, 113769, 38.5, 47.3, 1.00
M, 619045, 321460, 624505, 840567, 357485, 123102, 534966, 113821, 38.5, 47.3, 0.99
M, 619519, 321618, 624968, 841394, 357615, 123128, 535250, 113884, 38.5, 47.3, 1.01
M, 619909, 321814, 624961, 841645, 357789, 123157, 535400, 113820, 38.5, 47.3, 1.00
M, 620123, 321974, 624997, 841973, 357962, 123149, 535546, 113838, 38.5, 47.3, 0.99
M, 620420, 322136, 625304, 842618, 358040, 123215, 535701, 113867, 38.5, 47.3, 1.00
M, 622176, 322454, 627143, 844912, 358590, 123446, 536360, 114146, 38.5, 47.3, 0.99
M, 622293, 322633, 626847, 844907, 358612, 123471, 536441, 114121, 38.5, 47.3, 1.00
M, 622037, 322802, 626436, 844756, 358730, 123365, 536485, 113987, 38.5, 47.3, 1.01
M, 621929, 322721, 626343, 844742, 358677, 123376, 536450, 113974, 38.5, 47.3, 0.99
M, 622247, 322889, 626370, 845044, 358817, 123485, 536595, 113991, 38.5, 47.3, 1.01
M, 622290, 322957, 626359, 845218, 358835, 123398, 536708, 114030, 38.5, 47.3, 1.00
M, 622291, 323040, 626244, 845498, 358912, 123428, 536839, 114006, 38.5, 47.3, 1.00
M, 622727, 323237, 626678, 846074, 359102, 123458, 537020, 114046, 38.5, 47.3, 1.00
M, 623015, 323316, 626712, 846361, 359160, 123414, 537128, 114014, 38.5, 47.3, 1.00
M, 622759, 323431, 626353, 846175, 359120, 123466, 537160, 114016, 38.5, 47.3, 0.99
M, 622807, 323455, 626294, 846420, 359202, 123442, 537253, 114018, 38.5, 47.3, 1.00
M, 623150, 323572, 626608, 846979, 359313, 123479, 537410, 114044, 38.5, 47.3, 1.00
M, 623438, 323663, 626590, 847219, 359486, 123498, 537546, 114110, 38.5, 47.3, 1.00
M, 623830, 323852, 626889, 847651, 359639, 123614, 537736, 114041, 38.5, 47.3, 1.00
M, 623908, 323910, 626748, 847881, 359648, 123565, 537812, 114098, 38.5, 47.3, 1.00
M, 624131, 324014, 627160, 848393, 359761, 123555, 537985, 114114, 38.5, 47.3, 1.01
M, 624117, 324067, 626922, 848519, 359761, 123588, 538046, 114094, 38.5, 47.3, 1.01
M, 624572, 324194, 627336, 849071, 359901, 123629, 538232, 114208, 38.5, 47.3, 1.00
M, 624769, 324312, 627387, 849199, 360045, 123592, 538316, 114178, 38.5, 47.3, 1.01
M, 624734, 324397, 627226, 849297, 360058, 123649, 538410, 114163, 38.5, 47.3, 1.01
M, 626148, 324565, 628877, 851322, 360365, 123841, 538755, 114382, 38.5, 47.3, 1.01
M, 626226, 324827, 628640, 851083, 360560, 123752, 538987, 114287, 38.5, 47.3, 1.00
M, 626098, 324838, 628476, 851228, 360528, 123754, 538892, 114299, 38.5, 47.3, 0.99
M, 625907, 324964, 628131, 851066, 360621, 123819, 539054, 114283, 38.5, 47.3, 1.01
M, 625963, 324967, 627956, 850960, 360541, 123760, 539018, 114213, 38.5, 47.3, 0.99
M, 626174, 325041, 628247, 851513, 360627, 123852, 539115, 114271, 38.5, 47.3, 0.99
M, 626204, 325072, 628140, 851594, 360742, 123822, 539239, 114232, 38.5, 47.3, 1.01
M, 626153, 325124, 628068, 851735, 360687, 123857, 539300, 114313, 38.5, 47.3, 0.99
M, 626564, 325204, 628437, 852235, 360814, 123872, 539466, 114361, 38.5, 47.3, 1.00
M, 626663, 325352, 628444, 852408, 360893, 123791, 539564, 114274, 38.5, 47.3, 0.99
M, 626561, 325353, 628301, 852332, 360935, 123875, 539547, 114267, 38.5, 47.3, 1.01
M, 626624, 325422, 628169, 852468, 360946, 123882, 539568, 114304, 38.5, 47.3, 1.01
M, 626921, 325496, 628409, 852788, 361040, 123902, 539690, 114285, 38.5, 47.3, 0.99
M, 626925, 325455, 628383, 853096, 361094, 123897, 539825, 114318, 38.5, 47.3, 1.01
M, 627337, 325593, 628778, 853520, 361209, 123914, 539974, 114378, 38.5, 47.3, 1.01
M, 627555, 325650, 628952, 853799, 361311, 123952, 540060, 114345, 38.5, 47.3, 1.00
M, 627541, 325771, 628905, 853908, 361326, 123954, 540157, 114312, 38.5, 47.3, 1.00
M, 627658, 325911, 629029, 854242, 361389, 123958, 540206, 114367, 38.5, 47.3, 1.00
M, 627758, 325896, 628903, 854297, 361486, 123976, 540321, 114328, 38.5, 47.3, 0.99
M, 627963, 326103, 628933, 854438, 361535, 123988, 540392, 114367, 38.5, 47.3, 0.99
M, 629312, 326224, 630723, 856334, 361850, 124172, 540791, 114587, 38.5, 47.3, 0.99
M, 629582, 326456, 630663, 856530, 361985, 124194, 540927, 114524, 38.5, 47.3, 1.00
M, 628994, 326423, 630148, 856130, 361931, 124151, 540911, 114440, 38.5, 47.3, 1.01
M, 628939, 326447, 629982, 856077, 361832, 124112, 540802, 114462, 38.5, 47.3, 1.00
M, 628818, 326519, 629785, 855809, 361989, 124120, 540906, 114441, 38.5, 47.3, 0.99
M, 628675, 326401, 629513, 855867, 361897, 124106, 540909, 114425, 38.5, 47.3, 1.01
M, 628902, 326588, 629769, 856209, 361938, 124192, 540980, 114479, 38.5, 47.3, 0.99
M, 628843, 326534, 629694, 856324, 361917, 124153, 541030, 114486, 38.5, 47.3, 1.00
M, 628972, 326575, 629637, 856373, 361966, 124118, 541004, 114467, 38.5, 47.3, 1.01
M, 629333, 326711, 630074, 856976, 362176, 124225, 541238, 114526, 38.5, 47.3, 0.99
M, 629467, 326778, 630078, 856922, 362190, 124232, 541332, 114488, 38.5, 47.3, 0.99
M, 629451, 326804, 629922, 856957, 362198, 124217, 541390, 114512, 38.5, 47.3, 1.00
M, 629609, 326895, 630208, 857433, 362294, 124193, 541420, 114511, 38.5, 47.3, 0.99
M, 629733, 326914, 630223, 857612, 362283, 124282, 541539, 114494, 38.5, 47.3, 0.99
M, 629603, 326989, 630187, 857652, 362367, 124232, 541553, 114586, 38.5, 47.3, 1.01
M, 630181, 327043, 630513, 858151, 362480, 124336, 541698, 114638, 38.5, 47.3, 0.99
M, 630170, 327135, 630679, 858202, 362570, 124312, 541740, 114538, 38.5, 47.3, 1.00
M, 630176, 327137, 630552, 858181, 362557, 124317, 541786, 114515, 38.5, 47.3, 1.00
M, 630377, 327169, 630648, 858593, 362641, 124333, 541878, 114601, 38.5, 47.3, 1.01
M, 630496, 327252, 630848, 858740, 362614, 124323, 541987, 114569, 38.5, 47.3, 0.99
M, 631836, 327450, 632605, 860844, 362952, 124592, 542376, 114802, 38.5, 47.3, 1.01
M, 632191, 327808, 632486, 860795, 363157, 124566, 542594, 114805, 38.5, 47.3, 1.00
M, 631884, 327754, 632423, 860661, 363051, 124496, 542510, 114759, 38.5, 47.3, 1.00
M, 631557, 327853, 632002, 860355, 363100, 124556, 542482, 114690, 38.5, 47.3, 0.99
M, 631326, 327821, 631774, 860218, 363055, 124558, 542479, 114694, 38.5, 47.3, 1.01
M, 631585, 327802, 631995, 860592, 363108, 124550, 542533, 114754, 38.5, 47.3, 0.99
M, 631672, 327821, 632049, 860753, 363123, 124544, 542578, 114734, 38.5, 47.3, 0.99
M, 631721, 327894, 632038, 860724, 363159, 124552, 542649, 114719, 38.5, 47.3, 0.99
M, 631655, 327903, 631817, 860586, 363226, 124543, 542587, 114674, 38.5, 47.3, 1.01
M, 631238, 327843, 631479, 860488, 363140, 124507, 542582, 114616, 38.5, 47.3, 0.99
M, 631489, 327984, 631759, 860732, 363106, 124581, 542678, 114632, 38.5, 47.3, 1.00
M, 631453, 327936, 631731, 860762, 363189, 124553, 542679, 114699, 38.5, 47.3, 1.00
M, 631803, 328010, 631883, 861112, 363354, 124676, 542788, 114751, 38.5, 47.3, 1.00
M, 632014, 328079, 632220, 861295, 363331, 124590, 542886, 114714, 38.5, 47.3, 1.00
M, 631929, 328040, 632085, 861348, 363359, 124681, 542968, 114741, 38.5, 47.3, 1.00
M, 631926, 328018, 632025, 861371, 363334, 124624, 542971, 114716, 38.5, 47.3, 0.99
M, 632193, 328213, 632367, 861825, 363482, 124683, 543099, 114749, 38.5, 47.3, 1.00
M, 632125, 328177, 632391, 861968, 363506, 124675, 543098, 114810, 38.5, 47.3, 1.00
M, 632459, 328301, 632655, 862396, 363594, 124779, 543171, 114818, 38.5, 47.3, 1.00
M, 632599, 328285, 632842, 862513, 363597, 124687, 543215, 114760, 38.5, 47.3, 1.00
M, 634117, 328557, 634556, 864496, 363960, 124893, 543696, 115013, 38.5, 47.3, 1.00
M, 634030, 328703, 634496, 864424, 364022, 124916, 543781, 115017, 38.5, 47.3, 1.01
M, 633730, 328694, 634074, 863806, 363981, 124862, 543729, 114922, 38.5, 47.3, 0.99
M, 633447, 328688, 633644, 863515, 363879, 124763, 543619, 114841, 38.5, 47.3, 1.00
M, 632931, 328745, 633110, 863219, 363930, 124816, 543544, 114864, 38.5, 47.3, 1.00
M, 632873, 328619, 632939, 863028, 363807, 124804, 543561, 114733, 38.5, 47.3, 1.00
M, 633043, 328670, 633176, 863269, 363837, 124849, 543573, 114811, 38.5, 47.3, 1.00
M, 633091, 328699, 633264, 863520, 363843, 124824, 543675, 114872, 38.5, 47.3, 1.00
M, 633085, 328781, 633181, 863276, 363928, 124891, 543687, 114873, 38.5, 47.3, 1.00
M, 632968, 328632, 632923, 863344, 363873, 124846, 543673, 114878, 38.5, 47.3, 1.00
M, 633442, 328859, 633629, 863911, 364009, 124900, 543852, 114882, 38.5, 47.3, 1.00
M, 633266, 328832, 633470, 863881, 363962, 124875, 543837, 114839, 38.5, 47.3, 0.99
M, 633249, 328855, 633411, 863826, 363980, 124898, 543846, 114907, 38.5, 47.3, 1.00
M, 633591, 328876, 633739, 864240, 364037, 124949, 543931, 114913, 38.5, 47.3, 1.00
M, 633451, 328872, 633637, 864136, 364055, 124941, 544027, 114892, 38.5, 47.3, 1.01
M, 633418, 328895, 633379, 863928, 364047, 124932, 543992, 114871, 38.5, 47.3, 1.00
M, 633301, 328826, 633399, 864192, 364059, 124863, 543939, 114797, 38.5, 47.3, 1.00
M, 633442, 328905, 633550, 864346, 364062, 124919, 544034, 114810, 38.5, 47.3, 1.00
M, 633269, 328896, 633368, 864149, 364117, 124963, 544034, 114874, 38.5, 47.3, 1.01
M, 633670, 328923, 633757, 864651, 364150, 124959, 544119, 114928, 38.5, 47.3, 1.00
M, 635550, 329311, 635992, 867028, 364585, 125235, 544643, 115202, 38.5, 47.3, 1.01
M, 635197, 329412, 635682, 866629, 364667, 125140, 544720, 115166, 38.5, 47.3, 1.01
M, 635282, 329382, 635565, 866649, 364659, 125183, 544677, 115102, 38.5, 47.3, 1.00
M, 634897, 329413, 635127, 866103, 364600, 125177, 544648, 114999, 38.5, 47.3, 0.98
M, 634573, 329333, 634929, 866007, 364482, 125110, 544553, 115066, 38.5, 47.3, 1.00
M, 634537, 329426, 634861, 865793, 364540, 125131, 544580, 114968, 38.6, 47.3, 0.98
M, 634420, 329320, 634583, 865705, 364481, 125125, 544542, 114984, 38.6, 47.3, 0.99
M, 634576, 329396, 634769, 866034, 364533, 125169, 544608, 114984, 38.6, 47.3, 0.99
M, 634480, 329426, 634743, 865942, 364486, 125132, 544650, 114957, 38.6, 47.3, 1.00
M, 634433, 329308, 634728, 865965, 364505, 125204, 544548, 114994, 38.6, 47.3, 1.00
M, 634737, 329441, 635094, 866381, 364611, 125124, 544781, 115048, 38.6, 47.3, 1.00
M, 634736, 329446, 635096, 866349, 364584, 125134, 544756, 115000, 38.6, 47.3, 0.99
M, 634674, 329454, 634870, 866302, 364659, 125162, 544723, 115053, 38.6, 47.3, 1.01
M, 634852, 329495, 635253, 866637, 364645, 125177, 544832, 114978, 38.6, 47.3, 1.00
M, 634849, 329514, 635264, 866701, 364646, 125143, 544851, 114999, 38.6, 47.3, 1.00
M, 634785, 329487, 635175, 866744, 364696, 125226, 544876, 115066, 38.6, 47.3, 1.00
M, 635229, 329660, 635551, 867105, 364832, 125216, 545000, 115052, 38.6, 47.3, 1.01
M, 635185, 329659, 635784, 867380, 364770, 125258, 545055, 115045, 38.6, 47.3, 1.01
M, 635082, 329670, 635623, 867194, 364846, 125232, 545075, 115113, 38.6, 47.3, 1.01
M, 635292, 329718, 635701, 867262, 364818, 125261, 545083, 115067, 38.6, 47.3, 1.00
M, 636809, 329989, 637583, 869424, 365215, 125491, 545505, 115360, 38.6, 47.3, 1.00
M, 636818, 330140, 637495, 869216, 365311, 125484, 545597, 115243, 38.6, 47.3, 1.01
M, 636581, 330094, 636921, 868723, 365151, 125406, 545478, 115219, 38.6, 47.3, 1.00
M, 636421, 330029, 637034, 868852, 365155, 125375, 545413, 115136, 38.6, 47.3, 1.00
M, 635752, 329976, 636301, 867992, 365046, 125340, 545268, 115069, 38.6, 47.3, 1.00
M, 635572, 329983, 636204, 868048, 364989, 125419, 545297, 115156, 38.6, 47.3, 0.99
M, 635500, 330027, 636197, 867839, 365062, 125370, 545286, 115015, 38.6, 47.3, 0.99
M, 635385, 329986, 636003, 867741, 364940, 125337, 545217, 115049, 38.6, 47.3, 1.01
M, 635533, 329941, 636051, 867883, 365029, 125353, 545272, 115116, 38.6, 47.3, 0.99
M, 635429, 329939, 635855, 867744, 365056, 125313, 545324, 115035, 38.6, 47.3, 1.01
M, 635231, 329879, 635944, 867747, 364938, 125345, 545229, 115102, 38.6, 47.3, 1.00
M, 635609, 329998, 636309, 868240, 365064, 125423, 545391, 115138, 38.6, 47.3, 0.99
M, 635707, 330031, 636441, 868076, 365079, 125362, 545454, 115110, 38.6, 47.3, 1.00
M, 635555, 330002, 636206, 868049, 365088, 125365, 545415, 115054, 38.6, 47.3, 1.00
M, 635355, 329925, 636080, 868023, 365004, 125366, 545378, 115066, 38.6, 47.3, 1.01
M, 635562, 329999, 636285, 868293, 365110, 125448, 545446, 115093, 38.6, 47.3, 1.00
M, 635696, 330018, 636467, 868262, 365048, 125451, 545535, 115122, 38.6, 47.3, 1.00
M, 635949, 330020, 636654, 868698, 365190, 125451, 545605, 115144, 38.6, 47.3, 1.00
M, 636052, 330084, 636777, 868828, 365253, 125458, 545610, 115186, 38.6, 47.3, 1.00
M, 636051, 330049, 636617, 868717, 365218, 125458, 545671, 115164, 38.6, 47.3, 1.00
M, 637420, 330293, 638483, 870712, 365557, 125674, 546066, 115396, 38.6, 47.3, 0.99
M, 637571, 330480, 638664, 870822, 365629, 125743, 546170, 115337, 38.6, 47.3, 0.99
M, 637240, 330401, 638218, 870316, 365569, 125610, 546075, 115276, 38.6, 47.3, 0.99
M, 637267, 330512, 638297, 870402, 365543, 125676, 546064, 115277, 38.6, 47.3, 1.01
M, 636942, 330402, 637901, 870246, 365433, 125641, 545999, 115258, 38.6, 47.3, 1.01
M, 636682, 330425, 637519, 869696, 365528, 125611, 545976, 115234, 38.6, 47.3, 1.00
M, 636341, 330314, 637237, 869385, 365372, 125625, 545875, 115216, 38.6, 47.3, 1.00
M, 636148, 330373, 637059, 869208, 365361, 125558, 545889, 115146, 38.6, 47.3, 1.00
M, 636030, 330310, 636894, 869014, 365322, 125590, 545836, 115154, 38.6, 47.3, 1.01
M, 636136, 330339, 637263, 869443, 365362, 125563, 545897, 115199, 38.6, 47.3, 1.01
M, 636264, 330324, 637299, 869511, 365371, 125530, 545898, 115203, 38.6, 47.3, 1.00
M, 636219, 330221, 637316, 869566, 365398, 125631, 545938, 115219, 38.6, 47.3, 1.00
M, 636430, 330400, 637589, 869920, 365426, 125630, 546063, 115194, 38.6, 47.3, 1.00
M, 636697, 330487, 637706, 869990, 365483, 125650, 546131, 115171, 38.6, 47.3, 1.00
M, 636527, 330356, 637632, 869817, 365544, 125596, 546117, 115150, 38.6, 47.3, 1.00
M, 636668, 330395, 637708, 870076, 365565, 125640, 546148, 115327, 38.6, 47.3, 0.99
M, 636683, 330398, 637789, 870102, 365525, 125632, 546218, 115246, 38.6, 47.3, 1.00
M, 636612, 330422, 637820, 870133, 365537, 125692, 546115, 115170, 38.6, 47.3, 1.00
M, 636898, 330523, 638191, 870614, 365623, 125715, 546236, 115268, 38.6, 47.3, 0.99
M, 636983, 330490, 638248, 870430, 365635, 125700, 546315, 115215, 38.6, 47.3, 1.01
