State, OV, Alc, H2, AC1, NH3, AC2, VOC, LP, Temp, Hud, AirFlow
A, 555511, 290795, 615380, 760442, 297618, 129016, 440621, 120715, 40.5, 40.5, 0.51
A, 546399, 288634, 602844, 748398, 294934, 127459, 437724, 118906, 40.4, 40.5, 0.55
A, 538798, 286665, 592765, 738752, 292784, 126149, 435282, 117542, 40.4, 40.5, 0.74
A, 532330, 284697, 583754, 730659, 290780, 124990, 433008, 116350, 40.2, 40.3, 0.82
A, 527049, 283192, 576154, 723869, 289169, 123997, 431326, 115515, 40.2, 40.3, 0.88
A, 523148, 281931, 570006, 718670, 287748, 123125, 429796, 114885, 40.1, 40.0, 0.93
A, 520013, 280775, 564275, 714148, 286553, 122328, 428606, 114212, 40.1, 40.0, 0.96
A, 517833, 279850, 560159, 711214, 285690, 121699, 427782, 113949, 39.9, 39.8, 0.98
A, 516378, 279192, 557064, 709344, 285020, 121244, 427162, 113673, 39.9, 39.8, 0.98
A, 515328, 278563, 554155, 707722, 284520, 120801, 426713, 113501, 39.8, 39.6, 0.99
A, 514671, 278039, 551964, 706773, 284133, 120441, 426424, 113463, 39.8, 39.6, 0.99
A, 514410, 277667, 550319, 706310, 283980, 120174, 426405, 113370, 39.7, 39.4, 1.00
A, 514146, 277176, 548231, 705400, 283732, 119866, 426215, 113292, 39.7, 39.4, 1.00
A, 514151, 276814, 546802, 705308, 283710, 119609, 426245, 113189, 39.6, 39.2, 1.00
A, 514325, 276576, 545731, 705354, 283597, 119408, 426384, 113168, 39.6, 39.2, 0.99
A, 514852, 276429, 544551, 705568, 283660, 119242, 426593, 113213, 39.5, 39.0, 1.01
A, 515213, 276250, 544059, 705877, 283709, 119163, 426738, 113230, 39.5, 39.0, 0.99
A, 515718, 276196, 542943, 706328, 283919, 119001, 427054, 113265, 39.5, 38.9, 1.01
A, 516176, 276038, 542459, 706811, 283939, 118888, 427249, 113292, 39.5, 38.9, 1.00
A, 517141, 276144, 542411, 707809, 284233, 118799, 427614, 113380, 39.5, 38.9, 1.00
A, 518840, 276282, 543297, 709872, 284620, 118930, 428296, 113578, 39.4, 38.7, 1.00
A, 519357, 276441, 542617, 710071, 284900, 118781, 428678, 113569, 39.4, 38.7, 0.99
A, 520004, 276562, 542193, 710730, 285113, 118762, 429065, 113603, 39.4, 38.6, 0.99
A, 520592, 276652, 541685, 711289, 285335, 118717, 429382, 113558, 39.4, 38.6, 1.01
A, 521285, 276813, 541232, 711891, 285510, 118626, 429741, 113638, 39.3, 38.5, 1.00
A, 522175, 276926, 541186, 712852, 285879, 118673, 430220, 113671, 39.3, 38.5, 1.00
A, 523076, 277203, 541160, 713681, 286174, 118649, 430676, 113742, 39.2, 38.4, 1.00
A, 524218, 277466, 541213, 714769, 286620, 118705, 431217, 113790, 39.2, 38.4, 1.00
A, 524774, 277678, 540910, 715553, 286894, 118656, 431675, 113757, 39.2, 38.3, 1.01
A, 525643, 277948, 541090, 716485, 287223, 118624, 432121, 113907, 39.2, 38.3, 1.01
A, 526410, 278248, 540988, 717323, 287513, 118694, 432602, 113927, 39.1, 38.2, 1.00
A, 527237, 278487, 541081, 718233, 287812, 118704, 432968, 114023, 39.1, 38.2, 1.00
A, 528024, 278764, 540952, 719030, 288154, 118685, 433461, 114001, 39.1, 38.1, 0.99
A, 528909, 279135, 540948, 719907, 288557, 118659, 433986, 114072, 39.1, 38.1, 1.00
A, 529509, 279432, 540727, 720445, 288810, 118706, 434417, 114083, 39.1, 38.1, 0.99
A, 530112, 279740, 540573, 721202, 289143, 118663, 434837, 114080, 39.1, 38.1, 1.00
A, 530842, 280166, 540496, 722041, 289513, 118680, 435359, 114168, 39.0, 38.0, 1.01
A, 531382, 280365, 540436, 722684, 289678, 118690, 435720, 114228, 39.0, 38.0, 0.99
A, 531957, 280814, 539941, 723068, 290059, 118650, 436158, 114133, 39.0, 37.9, 1.00
A, 532522, 280988, 540061, 723571, 290282, 118637, 436427, 114166, 39.0, 37.9, 0.99
A, 534256, 281498, 541425, 725980, 290723, 118892, 437125, 114436, 39.0, 37.9, 1.00
A, 534622, 281869, 540977, 726192, 291118, 118860, 437551, 114312, 38.9, 37.9, 0.99
A, 535192, 282166, 540828, 726737, 291252, 118863, 437892, 114440, 38.9, 37.9, 1.01
A, 535889, 282503, 541023, 727524, 291656, 118813, 438326, 114542, 38.9, 37.8, 1.00
A, 536635, 282978, 541057, 728328, 291987, 118926, 438751, 114400, 38.9, 37.8, 1.01
A, 536997, 283315, 540858, 728836, 292249, 118875, 439064, 114434, 38.9, 37.8, 1.00
A, 537640, 283613, 540880, 729652, 292479, 118882, 439501, 114467, 38.9, 37.8, 1.00
A, 538198, 283972, 540878, 730252, 292758, 118884, 439836, 114555, 38.8, 37.7, 1.01
A, 538844, 284343, 541103, 730930, 293037, 118955, 440246, 114607, 38.8, 37.7, 1.00
A, 539381, 284705, 541104, 731617, 293328, 119006, 440647, 114580, 38.8, 37.7, 1.00
A, 540083, 285152, 541154, 732379, 293683, 119050, 441100, 114606, 38.8, 37.7, 1.00
A, 540411, 285426, 541018, 732776, 293913, 119012, 441408, 114589, 38.8, 37.7, 1.00
A, 540856, 285731, 540841, 733167, 294081, 119013, 441717, 114691, 38.8, 37.7, 1.01
A, 541453, 286118, 541039, 733941, 294331, 119122, 442052, 114695, 38.8, 37.6, 1.01
A, 541932, 286500, 540996, 734518, 294623, 119091, 442443, 114668, 38.8, 37.6, 1.00
A, 542220, 286743, 540730, 734734, 294863, 119081, 442695, 114620, 38.7, 37.6, 0.99
A, 542593, 287094, 540694, 735342, 295076, 119046, 442970, 114591, 38.7, 37.6, 1.00
A, 542812, 287463, 540434, 735570, 295229, 119075, 443332, 114579, 38.7, 37.5, 1.00
A, 543107, 287573, 540384, 736086, 295349, 119050, 443528, 114688, 38.7, 37.5, 1.01
A, 543909, 288138, 540401, 736815, 295837, 119099, 443972, 114718, 38.7, 37.5, 1.00
A, 545200, 288434, 541622, 738330, 296097, 119256, 444470, 114869, 38.7, 37.5, 1.00
A, 545577, 288849, 541759, 739089, 296426, 119329, 444826, 114884, 38.7, 37.5, 1.00
A, 546017, 289113, 541825, 739664, 296594, 119284, 445090, 114862, 38.6, 37.5, 1.00
A, 546452, 289459, 541885, 740129, 296805, 119363, 445421, 114894, 38.6, 37.5, 0.99
A, 546998, 289800, 542089, 740932, 297085, 119381, 445786, 114943, 38.6, 37.4, 1.01
A, 547477, 290187, 541961, 741131, 297297, 119461, 446093, 114853, 38.6, 37.4, 1.00
A, 547704, 290466, 541936, 741560, 297463, 119408, 446328, 114841, 38.6, 37.4, 1.00
A, 547948, 290725, 541892, 742127, 297641, 119487, 446625, 114928, 38.6, 37.4, 1.00
A, 548377, 291026, 542039, 742692, 297922, 119475, 446828, 114947, 38.6, 37.4, 0.99
A, 548722, 291252, 541938, 742913, 298070, 119520, 447108, 114982, 38.6, 37.4, 1.01
A, 549198, 291625, 542315, 743652, 298224, 119509, 447416, 115012, 38.5, 37.4, 1.00
A, 549612, 291955, 542389, 744250, 298556, 119579, 447753, 115001, 38.5, 37.4, 1.00
A, 549709, 292221, 542038, 744477, 298624, 119521, 447893, 114953, 38.5, 37.3, 1.00
A, 549982, 292509, 542057, 744872, 298782, 119590, 448165, 114987, 38.5, 37.3, 1.00
A, 550459, 292780, 542354, 745525, 299027, 119569, 448374, 115013, 38.5, 37.3, 0.99
A, 550651, 293044, 542292, 745759, 299161, 119628, 448610, 115055, 38.5, 37.3, 1.01
A, 551351, 293376, 542550, 746335, 299504, 119674, 449038, 115066, 38.5, 37.3, 0.99
A, 551434, 293588, 542434, 746689, 299522, 119690, 449201, 115037, 38.5, 37.3, 0.99
A, 551604, 293947, 542239, 746991, 299672, 119671, 449384, 114997, 38.5, 37.3, 1.00
A, 551821, 294058, 542212, 747114, 299819, 119701, 449539, 115087, 38.5, 37.3, 0.99
A, 553329, 294619, 543663, 749313, 300357, 119927, 450207, 115229, 38.5, 37.3, 0.99
A, 553059, 294672, 543119, 748867, 300342, 119710, 450259, 115109, 38.5, 37.3, 1.00
A, 553001, 294903, 542849, 748955, 300488, 119834, 450393, 115099, 38.5, 37.3, 1.00
A, 552687, 295045, 542224, 748623, 300413, 119833, 450407, 114965, 38.4, 37.3, 1.00
A, 552532, 295127, 541810, 748557, 300499, 119753, 450451, 114952, 38.4, 37.3, 1.00
A, 553033, 295390, 542138, 749307, 300682, 119808, 450792, 115027, 38.4, 37.3, 1.01
A, 553439, 295659, 542161, 749669, 300897, 119782, 450988, 115019, 38.4, 37.3, 1.00
A, 553625, 295758, 542079, 749919, 300944, 119844, 451192, 114978, 38.4, 37.3, 1.00
A, 553871, 296033, 542236, 750415, 301158, 119839, 451385, 115051, 38.4, 37.3, 1.00
A, 554155, 296315, 542275, 750766, 301295, 119892, 451629, 115083, 38.4, 37.3, 1.00
A, 554530, 296432, 542472, 751351, 301452, 119899, 451771, 115072, 38.4, 37.3, 1.01
A, 554755, 296675, 542630, 751775, 301545, 119938, 451984, 115081, 38.4, 37.3, 1.00
A, 555265, 296934, 542823, 752150, 301808, 119961, 452280, 115101, 38.4, 37.3, 0.98
A, 555288, 297096, 542682, 752291, 301883, 119945, 452444, 115047, 38.4, 37.2, 1.01
A, 555406, 297293, 542599, 752637, 301979, 119977, 452567, 115121, 38.4, 37.2, 1.00
A, 555663, 297536, 542796, 753177, 302123, 119991, 452762, 115147, 38.3, 37.2, 1.01
A, 555850, 297644, 542710, 753363, 302271, 120008, 452928, 115156, 38.3, 37.2, 0.99
A, 556193, 297896, 542875, 753757, 302415, 120113, 453158, 115075, 38.3, 37.2, 1.00
A, 555871, 298022, 542402, 753595, 302496, 120080, 453266, 115040, 38.3, 37.2, 1.00
A, 556162, 298247, 542355, 753766, 302650, 120015, 453478, 115057, 38.3, 37.2, 1.00
A, 557043, 298438, 543263, 755243, 302797, 120180, 453743, 115242, 38.3, 37.2, 1.01
A, 557102, 298672, 543159, 755235, 302980, 120175, 453914, 115248, 38.3, 37.2, 0.99
A, 556894, 298803, 542775, 755116, 302997, 120145, 453976, 115132, 38.3, 37.2, 1.00
A, 557247, 298926, 542846, 755482, 303127, 120140, 454094, 115078, 38.3, 37.2, 0.99
A, 557372, 299107, 542833, 755762, 303231, 120201, 454248, 115058, 38.3, 37.2, 1.00
A, 557335, 299182, 542751, 755990, 303296, 120271, 454422, 115107, 38.3, 37.2, 1.00
A, 557732, 299308, 542898, 756404, 303446, 120265, 454599, 115178, 38.3, 37.2, 1.00
A, 557902, 299555, 542922, 756746, 303514, 120190, 454736, 115159, 38.3, 37.2, 1.01
A, 558059, 299701, 542995, 757051, 303684, 120335, 454946, 115116, 38.2, 37.2, 0.99
A, 558290, 299927, 543146, 757300, 303781, 120230, 455077, 115155, 38.2, 37.2, 1.01
A, 558284, 299982, 542989, 757367, 303858, 120277, 455173, 115093, 38.2, 37.2, 1.00
A, 558634, 300161, 543116, 757855, 303962, 120373, 455355, 115088, 38.2, 37.2, 1.01
A, 558611, 300276, 543082, 758034, 304027, 120379, 455425, 115148, 38.2, 37.2, 1.00
A, 558651, 300396, 542804, 758073, 304172, 120295, 455599, 115026, 38.2, 37.2, 0.99
A, 558750, 300512, 542395, 757763, 304223, 120306, 455677, 115085, 38.2, 37.2, 1.00
A, 558622, 300602, 542550, 758146, 304245, 120316, 455708, 115048, 38.2, 37.2, 1.00
A, 558382, 300624, 542125, 758145, 304282, 120280, 455753, 114932, 38.2, 37.2, 1.01
A, 558471, 300736, 542032, 758331, 304344, 120302, 455922, 114959, 38.2, 37.2, 1.00
A, 558222, 300820, 541679, 758011, 304356, 120263, 455953, 114933, 38.2, 37.2, 1.00
A, 558465, 300805, 541724, 758248, 304457, 120260, 456090, 114931, 38.2, 37.2, 1.00
A, 559775, 301245, 543171, 760147, 304785, 120447, 456549, 115095, 38.2, 37.2, 1.00
A, 559701, 301374, 542973, 760073, 304843, 120442, 456610, 115085, 38.2, 37.2, 0.99
A, 559963, 301411, 543008, 760424, 304953, 120492, 456769, 115137, 38.2, 37.2, 1.00
A, 560240, 301562, 543213, 760670, 305081, 120501, 456932, 115122, 38.2, 37.2, 1.01
A, 560266, 301744, 543205, 760996, 305179, 120523, 457060, 115131, 38.2, 37.2, 1.01
A, 560278, 301846, 543040, 760905, 305200, 120472, 457140, 115046, 38.2, 37.2, 0.99
A, 560376, 301894, 542984, 761207, 305247, 120538, 457185, 115032, 38.2, 37.2, 0.99
A, 560596, 301992, 543272, 761693, 305459, 120551, 457352, 115081, 38.1, 37.2, 1.00
A, 560653, 302097, 543235, 761878, 305500, 120556, 457448, 115112, 38.1, 37.2, 0.99
A, 561057, 302306, 543562, 762349, 305654, 120601, 457632, 115176, 38.1, 37.2, 1.00
A, 561238, 302372, 543594, 762613, 305745, 120696, 457738, 115039, 38.1, 37.2, 1.00
A, 561169, 302494, 543457, 762691, 305736, 120680, 457824, 115094, 38.1, 37.2, 1.00
A, 561269, 302643, 543518, 763021, 305829, 120652, 457940, 115119, 38.1, 37.2, 1.00
A, 561367, 302713, 543514, 763231, 305989, 120678, 458027, 115075, 38.1, 37.2, 1.00
A, 561501, 302775, 543563, 763447, 305992, 120703, 458129, 115100, 38.1, 37.2, 1.00
A, 561855, 302906, 543769, 763909, 306164, 120751, 458329, 115096, 38.1, 37.2, 1.01
A, 561974, 303061, 543958, 764025, 306232, 120787, 458407, 115102, 38.1, 37.2, 1.00
A, 561922, 303129, 543829, 763959, 306270, 120759, 458538, 115085, 38.1, 37.2, 1.00
A, 561947, 303191, 543666, 764309, 306304, 120765, 458526, 115092, 38.1, 37.2, 0.99
A, 561901, 303292, 543692, 764350, 306368, 120724, 458714, 114988, 38.1, 37.2, 1.00
A, 562699, 303430, 544469, 765334, 306570, 120850, 458892, 115158, 38.1, 37.2, 1.00
A, 562140, 303556, 543692, 764779, 306576, 120796, 458888, 115059, 38.1, 37.2, 1.02
A, 561883, 303548, 543374, 764665, 306451, 120746, 458849, 114940, 38.1, 37.2, 1.00
A, 561848, 303543, 543226, 764504, 306484, 120805, 458873, 115006, 38.1, 37.2, 1.00
A, 561801, 303542, 542993, 764467, 306520, 120760, 458876, 114960, 38.0, 37.2, 0.99
A, 561594, 303551, 542677, 764332, 306581, 120712, 458997, 114877, 38.0, 37.2, 1.00
A, 561670, 303613, 542832, 764705, 306588, 120754, 459009, 114945, 38.0, 37.2, 1.00
A, 562242, 303787, 543472, 765462, 306777, 120848, 459256, 114985, 38.0, 37.2, 1.00
A, 562407, 303824, 543527, 765763, 306846, 120892, 459416, 114989, 38.0, 37.2, 1.00
A, 562654, 303929, 543697, 766159, 306951, 120899, 459474, 115091, 38.0, 37.2, 1.01
A, 562765, 304035, 543734, 766321, 307011, 120949, 459601, 115071, 38.0, 37.2, 1.00
A, 563132, 304165, 544064, 766697, 307153, 121020, 459796, 115027, 38.0, 37.2, 0.99
A, 563050, 304204, 543909, 766689, 307175, 120965, 459787, 115004, 38.0, 37.2, 1.00
A, 563252, 304339, 543999, 767056, 307282, 121031, 459872, 115025, 38.0, 37.2, 0.99
A, 563253, 304375, 544070, 767111, 307296, 121008, 459994, 115041, 38.0, 37.2, 1.01
A, 563265, 304403, 544017, 767335, 307334, 120942, 460075, 115002, 38.0, 37.2, 0.99
A, 563553, 304511, 544335, 767785, 307456, 121070, 460183, 115031, 38.0, 37.2, 0.99
A, 563732, 304579, 544453, 767877, 307556, 121071, 460314, 115000, 38.0, 37.2, 1.00
A, 563625, 304681, 544196, 767944, 307593, 121121, 460363, 114961, 38.0, 37.2, 1.00
A, 563476, 304659, 544053, 767967, 307574, 121042, 460297, 114976, 38.0, 37.2, 1.00
A, 564631, 304994, 545358, 769352, 307895, 121220, 460795, 115157, 37.9, 37.2, 1.00
A, 564288, 304953, 544934, 769166, 307850, 121173, 460709, 115034, 37.9, 37.2, 1.00
A, 563428, 304973, 543650, 767793, 307751, 121048, 460574, 114802, 37.9, 37.2, 0.99
A, 563246, 304827, 543411, 767721, 307651, 121025, 460508, 114824, 37.9, 37.2, 1.01
A, 563372, 304907, 543729, 768320, 307717, 121125, 460623, 114896, 37.9, 37.2, 1.00
A, 563532, 304926, 543853, 768553, 307772, 121072, 460692, 114839, 37.9, 37.2, 1.00
A, 563657, 304980, 543982, 768814, 307822, 121186, 460796, 114987, 37.9, 37.2, 1.00
A, 564108, 305162, 544397, 769377, 308014, 121164, 460988, 115011, 37.9, 37.2, 1.01
A, 564287, 305184, 544624, 769621, 308070, 121197, 461086, 114957, 37.9, 37.2, 1.00
A, 564297, 305241, 544570, 769698, 308147, 121199, 461121, 114952, 37.9, 37.2, 1.00
A, 564337, 305334, 544494, 769768, 308174, 121349, 461142, 114970, 37.9, 37.2, 1.00
A, 564581, 305403, 544874, 770268, 308318, 121329, 461369, 115045, 37.9, 37.2, 1.01
A, 564590, 305356, 544844, 770494, 308295, 121321, 461384, 114995, 37.9, 37.2, 1.00
A, 564882, 305577, 545106, 770876, 308414, 121403, 461584, 114994, 37.9, 37.2, 1.01
A, 565069, 305575, 545172, 771097, 308451, 121367, 461569, 115012, 37.9, 37.2, 1.00
A, 564909, 305653, 545073, 771096, 308452, 121348, 461668, 114903, 37.9, 37.2, 1.00
A, 564817, 305668, 544992, 771117, 308507, 121360, 461632, 114956, 37.9, 37.2, 1.00
A, 565200, 305726, 545257, 771469, 308567, 121444, 461677, 114969, 37.9, 37.3, 1.00
A, 565081, 305807, 545130, 771322, 308599, 121349, 461789, 114927, 37.9, 37.3, 1.00
A, 565037, 305797, 545031, 771316, 308588, 121335, 461857, 114898, 37.9, 37.3, 1.00
A, 565961, 306062, 546086, 772804, 308836, 121557, 462086, 115045, 37.9, 37.3, 1.00
A, 565533, 306075, 545526, 772159, 308873, 121518, 462108, 114993, 37.9, 37.3, 1.00
A, 565095, 305979, 545119, 771817, 308739, 121541, 461979, 114891, 37.9, 37.3, 1.00
A, 564468, 305994, 544355, 770992, 308646, 121394, 461889, 114773, 37.9, 37.3, 1.00
A, 564567, 305928, 544366, 771170, 308641, 121387, 461922, 114761, 37.9, 37.3, 1.00
A, 564743, 305914, 544644, 771633, 308686, 121369, 461959, 114755, 37.9, 37.3, 1.00
A, 564745, 305943, 544673, 771748, 308788, 121396, 462046, 114847, 37.8, 37.3, 0.99
A, 564904, 305966, 544723, 771908, 308831, 121483, 462140, 114875, 37.8, 37.3, 1.00
A, 565267, 306023, 545182, 772446, 308909, 121520, 462253, 114876, 37.8, 37.3, 1.00
A, 565339, 306155, 545234, 772547, 308989, 121565, 462345, 114820, 37.8, 37.3, 1.00
A, 565398, 306140, 545153, 772510, 308980, 121498, 462325, 114846, 37.8, 37.3, 0.99
A, 565498, 306214, 545383, 773024, 309037, 121609, 462472, 114849, 37.8, 37.3, 1.00
A, 565593, 306278, 545473, 773211, 309077, 121534, 462558, 114872, 37.8, 37.3, 1.00
A, 565519, 306255, 545422, 773248, 309176, 121595, 462536, 114851, 37.8, 37.3, 1.01
A, 565960, 306413, 545768, 773641, 309261, 121610, 462702, 114897, 37.8, 37.3, 0.99
A, 565952, 306427, 545885, 773734, 309263, 121629, 462772, 114874, 37.8, 37.3, 1.00
A, 565791, 306504, 545720, 773800, 309300, 121709, 462800, 114893, 37.8, 37.3, 1.00
A, 565794, 306503, 545660, 773780, 309306, 121717, 462828, 114889, 37.8, 37.3, 1.00
A, 566009, 306493, 546038, 774210, 309421, 121754, 462875, 114889, 37.8, 37.3, 1.00
A, 565879, 306653, 545935, 774210, 309410, 121724, 462967, 114886, 37.8, 37.3, 1.01
A, 567574, 306888, 547559, 775981, 309817, 121895, 463372, 115102, 37.8, 37.3, 1.00
A, 567350, 306954, 547280, 775843, 309844, 121897, 463394, 115049, 37.8, 37.3, 0.99
A, 566769, 306927, 546821, 775388, 309698, 121825, 463331, 114957, 37.8, 37.3, 1.01
A, 566607, 306905, 546709, 775371, 309718, 121901, 463315, 114912, 37.8, 37.3, 1.00
A, 566146, 306932, 546117, 774842, 309599, 121759, 463215, 114802, 37.8, 37.3, 1.00
A, 565890, 306772, 545809, 774438, 309521, 121780, 463120, 114757, 37.8, 37.3, 1.00
A, 566045, 306795, 545993, 774874, 309557, 121826, 463241, 114785, 37.8, 37.3, 1.00
A, 566129, 306825, 546060, 774809, 309612, 121813, 463199, 114774, 37.8, 37.3, 0.99
A, 565990, 306782, 545992, 774989, 309609, 121825, 463247, 114758, 37.8, 37.3, 1.00
A, 566324, 306866, 546437, 775461, 309723, 121868, 463355, 114793, 37.8, 37.3, 1.00
A, 566251, 306966, 546214, 775111, 309759, 121804, 463386, 114819, 37.8, 37.3, 1.01
A, 566086, 306906, 546025, 775093, 309722, 121818, 463362, 114788, 37.8, 37.3, 1.00
A, 566266, 306901, 546370, 775593, 309791, 121936, 463458, 114727, 37.8, 37.3, 1.00
A, 566236, 306918, 546393, 775710, 309801, 121905, 463555, 114800, 37.8, 37.3, 1.00
A, 566349, 306988, 546454, 775716, 309837, 121900, 463576, 114834, 37.8, 37.3, 1.00
A, 566413, 306990, 546591, 776010, 309903, 121975, 463620, 114845, 37.8, 37.3, 1.00
A, 566505, 307016, 546629, 776067, 309960, 121933, 463644, 114852, 37.8, 37.3, 1.00
A, 566486, 307049, 546570, 776026, 309950, 121965, 463709, 114741, 37.7, 37.3, 1.00
A, 566432, 307014, 546591, 776284, 309980, 121990, 463692, 114763, 37.7, 37.3, 1.00
A, 566423, 307015, 546577, 776343, 310005, 121953, 463756, 114743, 37.7, 37.3, 1.00
A, 567403, 307203, 547880, 777659, 310225, 122181, 464016, 115046, 37.7, 37.3, 1.00
A, 567280, 307361, 547606, 777323, 310294, 122128, 464087, 114833, 37.7, 37.4, 1.00
A, 566797, 307214, 547151, 776843, 310163, 122053, 463955, 114780, 37.7, 37.4, 0.99
A, 566208, 307235, 546279, 776082, 309976, 122007, 463815, 114653, 37.7, 37.3, 0.99
A, 565862, 307029, 546146, 775924, 309939, 121996, 463822, 114678, 37.7, 37.3, 1.00
A, 566256, 307099, 546506, 776324, 309992, 122036, 463868, 114682, 37.7, 37.3, 1.00
A, 566437, 307104, 546708, 776668, 310136, 122077, 463951, 114730, 37.7, 37.4, 0.99
A, 566520, 307143, 546823, 776773, 310100, 122051, 464032, 114698, 37.7, 37.4, 1.00
A, 566526, 307123, 546835, 776853, 310179, 122061, 464108, 114663, 37.7, 37.4, 1.00
A, 566486, 307179, 546883, 777046, 310163, 122085, 464054, 114708, 37.7, 37.4, 0.99
A, 566680, 307217, 547171, 777412, 310268, 122052, 464142, 114680, 37.7, 37.4, 1.00
A, 566712, 307212, 547227, 777469, 310242, 122117, 464153, 114700, 37.7, 37.4, 0.99
A, 567112, 307246, 547651, 778010, 310389, 122165, 464279, 114791, 37.7, 37.4, 1.00
A, 566891, 307325, 547396, 777762, 310370, 122202, 464243, 114685, 37.7, 37.4, 1.00
A, 566973, 307312, 547342, 777705, 310418, 122221, 464293, 114671, 37.7, 37.4, 1.00
A, 567016, 307364, 547542, 778133, 310411, 122208, 464384, 114690, 37.7, 37.4, 1.00
A, 567007, 307391, 547626, 778226, 310467, 122249, 464357, 114738, 37.7, 37.4, 1.00
A, 566952, 307427, 547578, 778242, 310472, 122259, 464427, 114708, 37.7, 37.4, 1.00
A, 567335, 307470, 547931, 778569, 310499, 122326, 464539, 114755, 37.7, 37.4, 1.00
A, 567248, 307479, 547914, 778555, 310564, 122229, 464562, 114745, 37.7, 37.4, 1.00
A, 568164, 307610, 549104, 779904, 310743, 122428, 464820, 114882, 37.7, 37.4, 1.00
A, 567725, 307658, 548646, 779296, 310676, 122429, 464670, 114861, 37.7, 37.4, 1.00
A, 566762, 307428, 547387, 778158, 310475, 122185, 464514, 114588, 37.7, 37.4, 1.00
A, 566432, 307324, 547036, 777709, 310442, 122247, 464472, 114544, 37.7, 37.4, 1.00
A, 566347, 307413, 547040, 777752, 310454, 122277, 464422, 114563, 37.7, 37.4, 1.00
A, 566353, 307306, 547073, 777953, 310403, 122260, 464461, 114536, 37.7, 37.4, 1.00
A, 566599, 307342, 547437, 778323, 310555, 122346, 464529, 114622, 37.7, 37.4, 1.00
A, 566485, 307312, 547397, 778387, 310528, 122344, 464571, 114570, 37.7, 37.4, 1.00
A, 566771, 307357, 547515, 778470, 310566, 122325, 464608, 114580, 37.7, 37.4, 1.00
A, 566717, 307336, 547596, 778644, 310572, 122310, 464635, 114654, 37.7, 37.4, 1.00
A, 567072, 307419, 548042, 779066, 310660, 122383, 464763, 114651, 37.7, 37.4, 1.00
A, 567138, 307462, 548021, 779090, 310710, 122400, 464784, 114624, 37.7, 37.4, 1.00
A, 567251, 307513, 548212, 779457, 310720, 122402, 464850, 114661, 37.7, 37.4, 1.00
A, 567213, 307571, 548366, 779568, 310736, 122525, 464829, 114616, 37.6, 37.4, 1.01
A, 567376, 307558, 548400, 779371, 310760, 122411, 464877, 114647, 37.6, 37.4, 0.99
A, 567258, 307482, 548306, 779420, 310782, 122436, 464889, 114608, 37.7, 37.4, 1.00
A, 567112, 307506, 548199, 779610, 310733, 122463, 464880, 114596, 37.7, 37.4, 1.01
A, 567225, 307536, 548516, 779835, 310848, 122508, 464880, 114668, 37.6, 37.4, 1.00
A, 567259, 307552, 548552, 779725, 310820, 122496, 465019, 114599, 37.6, 37.4, 1.00
A, 567515, 307595, 548863, 780179, 310932, 122510, 465047, 114582, 37.6, 37.5, 1.00
A, 568688, 307817, 550263, 781739, 311161, 122692, 465388, 114812, 37.6, 37.5, 1.00
A, 568196, 307912, 549609, 781005, 311175, 122637, 465312, 114685, 37.6, 37.4, 1.00
A, 568108, 307836, 549582, 781158, 311046, 122629, 465307, 114659, 37.6, 37.4, 1.00
A, 567727, 307780, 549287, 780616, 311088, 122661, 465291, 114615, 37.6, 37.4, 1.00
A, 567143, 307740, 548685, 780206, 310997, 122584, 465100, 114639, 37.6, 37.4, 0.99
A, 567191, 307675, 548720, 780211, 311018, 122617, 465156, 114522, 37.6, 37.5, 1.00
A, 566928, 307587, 548517, 779924, 310876, 122506, 465055, 114546, 37.6, 37.5, 1.00
A, 567132, 307595, 548640, 780198, 310895, 122597, 465114, 114525, 37.6, 37.5, 1.00
A, 567131, 307633, 548817, 780282, 310931, 122693, 465176, 114553, 37.6, 37.5, 1.00
A, 566877, 307627, 547954, 779514, 310900, 122577, 465112, 114496, 37.6, 37.5, 1.00
A, 566807, 307559, 548598, 780143, 310892, 122676, 465108, 114545, 37.6, 37.5, 0.99
A, 566439, 307465, 548189, 779481, 310833, 122568, 465021, 114356, 37.6, 37.5, 1.00
A, 566497, 307365, 548286, 779778, 310814, 122508, 465014, 114441, 37.6, 37.5, 1.00
A, 566794, 307438, 548646, 780206, 310902, 122655, 465105, 114430, 37.6, 37.5, 0.99
A, 566909, 307514, 548790, 780357, 310939, 122688, 465128, 114513, 37.6, 37.5, 1.00
A, 566966, 307434, 548960, 780427, 310981, 122586, 465211, 114489, 37.6, 37.5, 1.00
A, 567267, 307519, 549309, 780972, 311044, 122690, 465350, 114514, 37.6, 37.5, 1.00
A, 567365, 307601, 549423, 781034, 311027, 122744, 465382, 114530, 37.6, 37.5, 0.99
A, 567378, 307625, 549429, 780992, 311073, 122754, 465367, 114585, 37.6, 37.5, 1.00
A, 567113, 307560, 549088, 780880, 311030, 122740, 465310, 114492, 37.6, 37.5, 0.99
A, 568344, 307839, 550841, 782610, 311377, 122965, 465711, 114747, 37.6, 37.5, 1.00
A, 568075, 307804, 550258, 781800, 311334, 122868, 465623, 114568, 37.6, 37.5, 1.00
A, 567488, 307650, 549769, 781405, 311225, 122802, 465503, 114500, 37.6, 37.5, 1.00
A, 567146, 307662, 549397, 781034, 311098, 122773, 465373, 114413, 37.6, 37.5, 1.00
A, 566664, 307618, 548854, 780474, 311093, 122730, 465285, 114357, 37.6, 37.5, 1.01
A, 566462, 307517, 548749, 780326, 310928, 122741, 465264, 114378, 37.6, 37.5, 1.00
A, 566474, 307561, 548915, 780499, 311031, 122784, 465319, 114384, 37.6, 37.5, 0.99
A, 566620, 307507, 548965, 780615, 311036, 122714, 465277, 114355, 37.6, 37.5, 1.00
A, 566895, 307529, 549428, 781084, 311103, 122790, 465454, 114418, 37.6, 37.5, 1.00
A, 567072, 307556, 549464, 781354, 311131, 122772, 465450, 114434, 37.6, 37.5, 1.00
A, 567074, 307516, 549648, 781394, 311157, 122855, 465516, 114486, 37.6, 37.5, 1.00
A, 567289, 307616, 550011, 781875, 311227, 122893, 465601, 114500, 37.6, 37.5, 1.00
A, 567542, 307614, 550182, 781908, 311292, 122877, 465648, 114438, 37.6, 37.5, 1.00
A, 567314, 307639, 550081, 781794, 311255, 122886, 465604, 114433, 37.6, 37.5, 1.00
A, 567524, 307684, 550249, 782071, 311318, 122919, 465623, 114459, 37.6, 37.5, 1.00
A, 567580, 307646, 550358, 782181, 311369, 122950, 465663, 114452, 37.6, 37.5, 1.00
A, 567480, 307663, 550457, 782345, 311318, 122965, 465665, 114499, 37.6, 37.5, 1.00
A, 567774, 307749, 550820, 782681, 311464, 123054, 465847, 114520, 37.5, 37.5, 1.00
A, 567866, 307761, 550982, 782706, 311464, 123007, 465892, 114437, 37.5, 37.5, 1.00
A, 567695, 307723, 550773, 782720, 311423, 122949, 465814, 114414, 37.5, 37.5, 1.00
A, 568624, 307871, 552033, 783977, 311601, 123220, 465995, 114683, 37.5, 37.5, 1.00
A, 568374, 307872, 551753, 783652, 311678, 123196, 466063, 114639, 37.5, 37.5, 1.00
A, 567835, 307785, 550999, 782801, 311509, 123122, 465916, 114479, 37.5, 37.5, 1.00
A, 567302, 307722, 550564, 782199, 311367, 123052, 465779, 114431, 37.5, 37.5, 1.00
A, 566952, 307611, 550184, 781925, 311281, 122994, 465642, 114366, 37.5, 37.5, 1.01
A, 566736, 307613, 549988, 781631, 311271, 122936, 465658, 114368, 37.5, 37.5, 1.00
A, 566760, 307562, 550138, 781970, 311226, 123011, 465623, 114343, 37.5, 37.5, 1.00
A, 566818, 307666, 550188, 781821, 311325, 123031, 465678, 114356, 37.5, 37.5, 1.00
A, 566562, 307506, 550055, 781559, 311215, 122974, 465621, 114361, 37.5, 37.5, 1.00
A, 566874, 307513, 550389, 782166, 311299, 123048, 465713, 114299, 37.5, 37.5, 1.01
A, 566990, 307507, 550623, 782343, 311326, 123042, 465742, 114389, 37.5, 37.5, 1.00
A, 566955, 307523, 550559, 782367, 311305, 123091, 465711, 114350, 37.5, 37.5, 1.00
A, 567318, 307614, 551083, 782795, 311454, 123139, 465896, 114428, 37.5, 37.5, 1.01
A, 567426, 307654, 551193, 782884, 311438, 123139, 465899, 114410, 37.5, 37.5, 1.00
A, 567278, 307689, 551086, 782803, 311431, 123181, 465858, 114426, 37.5, 37.5, 1.00
A, 567487, 307629, 551364, 783135, 311505, 123194, 465904, 114441, 37.5, 37.5, 1.00
A, 567411, 307608, 551335, 783228, 311463, 123207, 465914, 114403, 37.5, 37.5, 1.01
A, 567353, 307615, 551387, 783117, 311535, 123232, 465987, 114409, 37.5, 37.5, 1.00
A, 567543, 307694, 551728, 783517, 311540, 123282, 466021, 114499, 37.5, 37.5, 1.00
A, 567689, 307712, 551874, 783524, 311604, 123252, 466107, 114456, 37.5, 37.5, 0.99
A, 568672, 307860, 553160, 784830, 311784, 123312, 466234, 114597, 37.5, 37.5, 1.00
A, 568343, 307846, 552679, 784485, 311744, 123326, 466277, 114532, 37.5, 37.5, 1.00
A, 567889, 307785, 552322, 783975, 311677, 123324, 466080, 114476, 37.5, 37.5, 1.00
A, 567609, 307754, 551999, 783742, 311565, 123291, 466112, 114427, 37.5, 37.5, 1.00
A, 567616, 307798, 552105, 783666, 311608, 123361, 466103, 114315, 37.5, 37.5, 1.00
A, 567595, 307778, 552175, 783835, 311579, 123311, 466074, 114354, 37.5, 37.5, 1.01
A, 567458, 307792, 552090, 783649, 311668, 123376, 466120, 114382, 37.5, 37.5, 1.01
A, 567348, 307697, 552082, 783614, 311561, 123324, 466012, 114340, 37.5, 37.5, 0.99
A, 567214, 307748, 551881, 783448, 311586, 123333, 466045, 114310, 37.5, 37.5, 1.00
A, 567085, 307641, 551858, 783310, 311515, 123342, 465982, 114277, 37.5, 37.5, 1.00
A, 567207, 307674, 552132, 783609, 311515, 123382, 466052, 114326, 37.5, 37.5, 1.00
A, 567291, 307698, 552152, 783639, 311545, 123390, 466036, 114327, 37.5, 37.5, 1.00
A, 567257, 307608, 552178, 783699, 311564, 123362, 466001, 114363, 37.5, 37.5, 1.00
A, 567437, 307637, 552517, 784120, 311605, 123419, 466062, 114381, 37.5, 37.5, 0.99
A, 567584, 307712, 552586, 783980, 311664, 123448, 466126, 114356, 37.5, 37.5, 1.01
A, 567335, 307668, 552547, 783671, 311568, 123470, 466082, 114372, 37.5, 37.5, 1.00
A, 567374, 307654, 552761, 784137, 311621, 123466, 466116, 114371, 37.5, 37.5, 1.00
A, 567409, 307707, 552740, 784172, 311685, 123477, 466179, 114335, 37.5, 37.5, 0.99
A, 567411, 307707, 552807, 784093, 311646, 123514, 466159, 114320, 37.5, 37.5, 1.00
A, 567463, 307677, 553064, 784193, 311693, 123446, 466201, 114316, 37.5, 37.5, 1.00
A, 568592, 307910, 554356, 785662, 311914, 123658, 466493, 114534, 37.5, 37.5, 1.00
A, 568428, 307923, 554129, 785262, 311853, 123618, 466454, 114570, 37.5, 37.5, 0.99
A, 568241, 307887, 554133, 785375, 311877, 123661, 466434, 114454, 37.5, 37.5, 1.00
A, 567953, 307863, 553998, 785289, 311847, 123660, 466400, 114419, 37.5, 37.5, 0.99
A, 567769, 307857, 553831, 785025, 311719, 123646, 466289, 114396, 37.5, 37.5, 1.00
A, 567869, 307841, 553830, 784784, 311782, 123610, 466330, 114407, 37.5, 37.5, 1.00
A, 567647, 307857, 553818, 784832, 311738, 123618, 466403, 114378, 37.5, 37.5, 1.00
A, 567361, 307755, 553335, 784400, 311738, 123572, 466240, 114313, 37.5, 37.5, 1.01
A, 567199, 307648, 553368, 784380, 311616, 123628, 466179, 114310, 37.5, 37.5, 1.00
A, 567345, 307773, 553652, 784710, 311695, 123676, 466187, 114426, 37.5, 37.5, 1.00
A, 567332, 307671, 553811, 784766, 311668, 123701, 466184, 114364, 37.5, 37.5, 1.00
A, 567455, 307771, 553891, 784641, 311736, 123692, 466251, 114397, 37.5, 37.5, 1.00
A, 567248, 307731, 553815, 784413, 311702, 123637, 466212, 114311, 37.4, 37.5, 1.01
A, 567103, 307637, 553723, 784528, 311619, 123645, 466184, 114278, 37.4, 37.5, 1.00
A, 567167, 307635, 553934, 784728, 311648, 123625, 466235, 114336, 37.4, 37.5, 1.00
A, 567062, 307603, 553685, 784413, 311600, 123644, 466126, 114280, 37.4, 37.5, 1.01
A, 567138, 307623, 554030, 784653, 311678, 123694, 466225, 114332, 37.4, 37.5, 1.00
A, 567247, 307660, 554208, 784785, 311664, 123748, 466205, 114338, 37.4, 37.5, 1.00
A, 563320, 307057, 549614, 779923, 310947, 123175, 465310, 113576, 37.4, 37.5, 1.00
A, 559276, 306102, 544728, 774676, 309842, 122719, 464099, 113016, 37.4, 37.5, 0.99
M, 559115, 305668, 544073, 773363, 309685, 122398, 463967, 112727, 37.4, 37.5, 0.00
M, 552093, 304071, 535972, 764774, 307738, 121431, 461456, 111531, 37.4, 37.5, 0.57
M, 546656, 302550, 529391, 757767, 306185, 120602, 459742, 110663, 37.5, 37.5, 0.72
M, 542396, 301658, 524110, 752303, 305998, 119844, 460623, 109974, 37.5, 37.5, 0.83
M, 540286, 302329, 519636, 748223, 307496, 119213, 463990, 109400, 37.5, 37.7, 0.89
M, 540019, 303721, 515992, 745767, 309425, 118749, 467591, 109014, 37.5, 37.7, 0.94
M, 541601, 305785, 513155, 745142, 311595, 118261, 470968, 108697, 37.5, 37.9, 0.97
M, 544518, 307983, 510450, 745095, 313637, 117921, 473824, 108296, 37.5, 37.9, 0.98
M, 547569, 309884, 508197, 746133, 315077, 117724, 475725, 108145, 37.5, 38.1, 0.98
M, 550843, 311536, 506588, 747760, 316137, 117577, 477054, 107965, 37.5, 38.1, 0.99
M, 555232, 313323, 504806, 750225, 317232, 117422, 478362, 107793, 37.5, 38.2, 1.00
M, 558252, 314269, 503757, 752237, 317721, 117343, 478971, 107798, 37.5, 38.2, 0.98
M, 563201, 315681, 502544, 755980, 318441, 117338, 479769, 107688, 37.5, 38.3, 1.00
M, 565954, 316107, 501885, 758259, 318741, 117263, 479960, 107624, 37.5, 38.3, 0.99
M, 569383, 316790, 501358, 761192, 319129, 117285, 480280, 107624, 37.5, 38.3, 1.00
M, 572574, 317299, 500982, 764294, 319477, 117346, 480616, 107627, 37.5, 38.3, 0.99
M, 575303, 317590, 500497, 767010, 319696, 117373, 480792, 107641, 37.5, 38.3, 1.00
M, 578083, 317886, 500370, 770053, 320062, 117492, 481051, 107691, 37.5, 38.4, 1.00
M, 580817, 318025, 500221, 773155, 320257, 117573, 481204, 107721, 37.5, 38.4, 1.00
M, 582769, 318082, 499977, 775659, 320397, 117578, 481366, 107719, 37.5, 38.4, 1.00
M, 585398, 318291, 500863, 779120, 320821, 117834, 481738, 107887, 37.5, 38.4, 1.00
M, 586924, 318357, 500633, 781023, 321056, 117888, 481899, 107875, 37.4, 38.5, 1.00
M, 587971, 318265, 500054, 782578, 321178, 117963, 481912, 107780, 37.4, 38.5, 1.00
M, 588672, 318020, 499489, 783908, 321230, 117924, 481965, 107802, 37.4, 38.5, 0.99
M, 589357, 317865, 499302, 785485, 321326, 118032, 482054, 107824, 37.4, 38.5, 1.00
M, 590521, 317768, 499723, 787519, 321513, 118163, 482318, 107872, 37.4, 38.5, 1.01
M, 590903, 317673, 499491, 788786, 321739, 118193, 482499, 107882, 37.4, 38.5, 1.00
M, 592000, 317641, 499847, 790614, 321973, 118240, 482745, 107966, 37.4, 38.5, 0.99
M, 592788, 317554, 500063, 792104, 322231, 118372, 483007, 108011, 37.4, 38.5, 1.01
M, 593208, 317457, 500054, 793178, 322428, 118501, 483235, 107987, 37.4, 38.5, 1.00
M, 593367, 317236, 500094, 794301, 322618, 118476, 483386, 108026, 37.4, 38.5, 1.00
M, 593974, 317364, 500288, 795516, 322898, 118657, 483659, 108060, 37.4, 38.6, 1.01
M, 594185, 317190, 500360, 796322, 323059, 118694, 483848, 108098, 37.4, 38.6, 1.00
M, 594387, 317270, 500387, 797451, 323396, 118808, 484207, 108103, 37.4, 38.6, 1.00
M, 594689, 317111, 500466, 798036, 323460, 118841, 484307, 108113, 37.4, 38.6, 1.00
M, 594736, 317112, 500622, 798866, 323681, 118932, 484518, 108131, 37.4, 38.6, 1.00
M, 594769, 316978, 500513, 799493, 323825, 118951, 484649, 108152, 37.4, 38.6, 1.01
M, 594949, 316910, 500685, 800244, 323990, 119021, 484860, 108161, 37.4, 38.6, 1.00
M, 595507, 317025, 501124, 801204, 324324, 119140, 485195, 108235, 37.4, 38.6, 1.00
M, 595727, 316986, 501350, 801882, 324560, 119203, 485444, 108209, 37.4, 38.6, 0.99
M, 596625, 317071, 502439, 803790, 324921, 119397, 485873, 108424, 37.4, 38.6, 1.00
M, 596608, 317165, 502359, 803956, 325115, 119472, 486131, 108408, 37.4, 38.6, 1.01
M, 596546, 317139, 502395, 804431, 325251, 119518, 486242, 108409, 37.4, 38.6, 1.00
M, 596694, 317234, 502542, 805033, 325503, 119590, 486505, 108477, 37.4, 38.6, 1.01
M, 596726, 317211, 502618, 805459, 325675, 119642, 486695, 108474, 37.4, 38.7, 1.00
M, 596888, 317276, 502779, 806135, 325875, 119713, 486904, 108518, 37.4, 38.7, 1.00
M, 596763, 317219, 502830, 806411, 326021, 119760, 487063, 108508, 37.4, 38.7, 1.00
M, 596604, 317226, 502742, 806501, 326145, 119688, 487189, 108511, 37.4, 38.7, 1.00
M, 596921, 317299, 503045, 807067, 326320, 119845, 487392, 108513, 37.4, 38.7, 1.00
M, 597017, 317400, 503190, 807468, 326519, 119918, 487626, 108498, 37.4, 38.7, 0.99
M, 596878, 317348, 503185, 807585, 326693, 119922, 487820, 108585, 37.4, 38.7, 1.00
M, 596962, 317325, 503303, 808015, 326835, 120035, 487942, 108566, 37.4, 38.7, 1.00
M, 596660, 317389, 503118, 808153, 326923, 119985, 488053, 108508, 37.4, 38.7, 1.00
M, 596801, 317339, 503241, 808335, 326987, 120031, 488180, 108564, 37.4, 38.7, 1.00
M, 596650, 317498, 503214, 808433, 327245, 120100, 488362, 108553, 37.4, 38.7, 1.00
M, 596459, 317342, 502994, 808395, 327300, 120051, 488364, 108478, 37.4, 38.7, 1.00
M, 596592, 317438, 503326, 809057, 327486, 120199, 488628, 108629, 37.4, 38.7, 1.01
M, 596742, 317458, 503473, 809429, 327608, 120256, 488784, 108600, 37.4, 38.7, 1.00
M, 596821, 317493, 503580, 809629, 327650, 120286, 488938, 108628, 37.4, 38.7, 1.01
M, 597285, 317563, 504121, 810400, 327926, 120379, 489151, 108695, 37.4, 38.7, 1.00
M, 598630, 317863, 505541, 812210, 328376, 120623, 489626, 108885, 37.4, 38.7, 1.00
M, 598259, 317929, 505075, 811720, 328461, 120599, 489676, 108788, 37.4, 38.7, 0.99
M, 597768, 317959, 504738, 811550, 328429, 120577, 489652, 108739, 37.4, 38.7, 1.00
M, 597454, 317809, 504512, 811449, 328433, 120571, 489687, 108694, 37.4, 38.7, 0.99
M, 597097, 317792, 504303, 811303, 328457, 120569, 489736, 108681, 37.4, 38.7, 1.01
M, 597304, 317901, 504330, 811548, 328612, 120670, 489891, 108757, 37.4, 38.7, 0.99
M, 597475, 317953, 504755, 811866, 328793, 120659, 490011, 108700, 37.4, 38.7, 1.00
M, 597426, 317867, 504659, 811939, 328814, 120698, 490160, 108719, 37.4, 38.7, 1.00
M, 597363, 317905, 504656, 812061, 328938, 120746, 490246, 108739, 37.4, 38.7, 1.00
M, 597670, 317841, 505090, 812716, 329044, 120758, 490463, 108774, 37.4, 38.7, 0.99
M, 597827, 318110, 505194, 812983, 329188, 120807, 490521, 108786, 37.4, 38.7, 1.00
M, 598015, 318069, 505359, 813213, 329367, 120830, 490673, 108873, 37.4, 38.7, 1.01
M, 597843, 318046, 505293, 813324, 329391, 120906, 490742, 108754, 37.4, 38.7, 1.00
M, 597793, 318095, 505309, 813376, 329540, 120929, 490910, 108804, 37.4, 38.7, 1.00
M, 597901, 318112, 505487, 813595, 329535, 120942, 490930, 108867, 37.4, 38.7, 1.00
M, 597917, 318266, 505562, 813766, 329681, 121008, 491135, 108761, 37.4, 38.7, 1.00
M, 598019, 318281, 505548, 813751, 329701, 120995, 491152, 108765, 37.4, 38.7, 1.00
M, 598326, 318267, 505888, 814442, 329819, 121060, 491342, 108880, 37.4, 38.7, 1.00
M, 598467, 318294, 506039, 814629, 329917, 121162, 491476, 108923, 37.4, 38.7, 1.00
M, 598479, 318337, 506313, 814979, 330057, 121185, 491544, 108898, 37.4, 38.7, 1.00
M, 599962, 318577, 507888, 816879, 330387, 121356, 491954, 109053, 37.4, 38.7, 0.99
M, 599725, 318758, 507423, 816148, 330527, 121351, 491987, 109004, 37.4, 38.7, 1.00
M, 599214, 318648, 506928, 815800, 330427, 121299, 491895, 108904, 37.4, 38.7, 1.00
M, 599019, 318581, 506832, 815853, 330476, 121312, 491944, 108922, 37.4, 38.7, 0.99
M, 598665, 318518, 506552, 815669, 330407, 121293, 491921, 108858, 37.4, 38.7, 0.99
M, 598722, 318527, 506663, 815708, 330476, 121289, 491960, 108905, 37.4, 38.7, 1.00
M, 599218, 318597, 507174, 816445, 330643, 121390, 492178, 108979, 37.4, 38.7, 1.00
M, 599231, 318662, 507158, 816392, 330654, 121456, 492240, 108953, 37.4, 38.7, 1.00
M, 599334, 318680, 507212, 816505, 330767, 121443, 492314, 108999, 37.4, 38.7, 1.00
M, 599186, 318708, 507233, 816624, 330780, 121462, 492373, 108889, 37.4, 38.7, 1.00
M, 599554, 318743, 507626, 817067, 330886, 121560, 492532, 108985, 37.4, 38.7, 1.00
M, 599669, 318805, 507652, 817283, 330873, 121619, 492592, 109003, 37.4, 38.7, 1.00
M, 599967, 318854, 508042, 817578, 331072, 121580, 492747, 108981, 37.4, 38.7, 1.00
M, 599881, 318863, 508030, 817681, 331104, 121622, 492761, 109005, 37.4, 38.7, 1.00
M, 599960, 318972, 507970, 817727, 331172, 121676, 492893, 109057, 37.4, 38.7, 1.00
M, 599768, 318851, 508080, 817697, 331168, 121733, 492848, 108996, 37.4, 38.7, 1.00
M, 600160, 318949, 508397, 818253, 331260, 121772, 492907, 109054, 37.4, 38.7, 0.99
M, 600385, 318937, 508665, 818640, 331370, 121764, 493070, 109102, 37.4, 38.7, 1.01
M, 600505, 319087, 508834, 818801, 331449, 121818, 493160, 109050, 37.4, 38.7, 1.00
M, 600656, 319072, 508936, 818856, 331508, 121849, 493199, 109079, 37.4, 38.7, 0.99
M, 601345, 319242, 509880, 820207, 331720, 121994, 493456, 109214, 37.4, 38.7, 1.00
M, 601330, 319365, 509797, 819988, 331818, 121995, 493524, 109148, 37.4, 38.7, 0.99
M, 600956, 319257, 509404, 819647, 331705, 122007, 493374, 109174, 37.4, 38.7, 1.00
M, 601338, 319257, 509868, 820236, 331761, 122078, 493601, 109243, 37.4, 38.7, 1.00
M, 601451, 319335, 510046, 820232, 331894, 122085, 493594, 109205, 37.4, 38.7, 1.00
M, 601471, 319344, 509967, 820267, 331932, 122152, 493586, 109195, 37.4, 38.7, 1.00
M, 601322, 319332, 509918, 820311, 331887, 122140, 493633, 109210, 37.4, 38.7, 0.99
M, 601557, 319388, 510179, 820637, 331964, 122206, 493735, 109199, 37.4, 38.7, 1.00
M, 601563, 319404, 510270, 820650, 331999, 122209, 493804, 109197, 37.4, 38.7, 1.00
M, 601948, 319471, 510589, 821087, 332088, 122289, 493789, 109257, 37.4, 38.7, 1.00
M, 601603, 319422, 510359, 820765, 332050, 122239, 493765, 109205, 37.4, 38.7, 1.00
M, 600557, 319338, 509520, 819807, 331854, 122187, 493679, 109065, 37.4, 38.7, 1.01
M, 601117, 319320, 509970, 820273, 331953, 122255, 493710, 109168, 37.4, 38.7, 0.99
M, 600915, 319319, 509784, 820123, 331975, 122252, 493745, 109111, 37.4, 38.7, 1.00
M, 601178, 319282, 510024, 820272, 332000, 122245, 493730, 109128, 37.4, 38.7, 1.00
M, 601220, 319286, 510092, 820484, 332110, 122311, 493820, 109204, 37.4, 38.7, 1.00
M, 601275, 319261, 510204, 820728, 332059, 122338, 493868, 109102, 37.4, 38.7, 1.00
M, 601593, 319419, 510554, 821026, 332146, 122394, 493999, 109207, 37.4, 38.7, 1.00
M, 601673, 319388, 510776, 821413, 332207, 122403, 494063, 109198, 37.4, 38.7, 1.00
M, 602090, 319352, 511002, 821511, 332284, 122441, 494093, 109225, 37.4, 38.7, 1.00
M, 603022, 319552, 512131, 822966, 332488, 122581, 494390, 109356, 37.4, 38.7, 1.00
M, 603358, 319785, 512520, 823396, 332670, 122697, 494513, 109344, 37.4, 38.7, 1.01
M, 603260, 319772, 512248, 823143, 332684, 122650, 494514, 109362, 37.3, 38.7, 1.00
M, 603347, 319752, 512502, 823431, 332723, 122727, 494601, 109430, 37.3, 38.7, 0.99
M, 603350, 319752, 512512, 823403, 332666, 122724, 494619, 109329, 37.3, 38.7, 1.00
M, 603445, 319729, 512560, 823164, 332719, 122711, 494542, 109334, 37.3, 38.7, 1.00
M, 603273, 319729, 512456, 823110, 332689, 122743, 494517, 109267, 37.4, 38.7, 1.00
M, 603091, 319691, 512418, 823236, 332628, 122721, 494509, 109334, 37.4, 38.7, 0.99
M, 603240, 319734, 512713, 823575, 332699, 122828, 494519, 109337, 37.3, 38.7, 0.99
M, 603161, 319685, 512603, 823243, 332601, 122728, 494507, 109335, 37.3, 38.7, 1.00
M, 603306, 319677, 512740, 823603, 332718, 122835, 494591, 109379, 37.3, 38.7, 1.00
M, 603234, 319722, 512868, 823553, 332744, 122831, 494626, 109342, 37.3, 38.7, 1.01
M, 603352, 319715, 512876, 823493, 332696, 122866, 494610, 109322, 37.3, 38.7, 0.99
M, 603502, 319648, 513037, 823888, 332784, 122876, 494655, 109347, 37.3, 38.7, 1.00
M, 603180, 319723, 512803, 823463, 332806, 122865, 494673, 109309, 37.3, 38.7, 1.01
M, 603080, 319666, 512753, 823388, 332661, 122847, 494591, 109287, 37.3, 38.7, 1.00
M, 603154, 319619, 512828, 823497, 332748, 122923, 494652, 109333, 37.3, 38.7, 1.01
M, 603093, 319588, 512795, 823342, 332652, 122857, 494566, 109263, 37.3, 38.7, 1.00
M, 603299, 319517, 513010, 823707, 332729, 122974, 494623, 109304, 37.3, 38.7, 1.01
M, 603458, 319618, 513242, 823820, 332735, 122959, 494694, 109264, 37.3, 38.7, 1.00
M, 604569, 319801, 514527, 825421, 332934, 123169, 494951, 109528, 37.3, 38.7, 1.00
M, 604549, 319863, 514461, 825297, 333024, 123114, 494988, 109451, 37.3, 38.7, 1.00
M, 604217, 319760, 514109, 824627, 332992, 123146, 494911, 109401, 37.3, 38.7, 1.00
M, 603761, 319604, 513721, 824307, 332857, 123091, 494780, 109330, 37.3, 38.7, 1.00
M, 603590, 319677, 513708, 824291, 332805, 123079, 494734, 109371, 37.3, 38.7, 1.00
M, 603481, 319614, 513538, 824103, 332798, 123078, 494700, 109331, 37.3, 38.7, 1.00
M, 603618, 319524, 513692, 824251, 332726, 123100, 494699, 109312, 37.3, 38.7, 1.00
M, 604046, 319574, 514172, 824802, 332894, 123193, 494822, 109395, 37.3, 38.7, 1.00
M, 604262, 319667, 514446, 825020, 332960, 123237, 494917, 109427, 37.3, 38.7, 1.00
M, 604277, 319615, 514445, 824992, 332945, 123164, 494875, 109376, 37.3, 38.7, 1.00
M, 604319, 319670, 514588, 825241, 332940, 123303, 494971, 109394, 37.3, 38.7, 1.00
M, 604613, 319704, 514918, 825634, 332990, 123270, 494979, 109432, 37.3, 38.7, 1.00
M, 604800, 319706, 515048, 825422, 333045, 123325, 495002, 109422, 37.3, 38.7, 1.00
M, 604521, 319710, 514779, 825278, 332935, 123292, 494982, 109410, 37.3, 38.7, 1.00
M, 604678, 319685, 515148, 825686, 333004, 123331, 495027, 109376, 37.3, 38.7, 1.00
M, 603987, 319513, 514325, 824730, 332860, 123309, 494869, 109295, 37.3, 38.7, 1.00
M, 604086, 319490, 514570, 824831, 332835, 123286, 494827, 109328, 37.3, 38.7, 1.00
M, 604151, 319543, 514721, 825051, 332934, 123342, 494923, 109318, 37.3, 38.7, 1.00
M, 604297, 319534, 514777, 825002, 332856, 123325, 494908, 109346, 37.3, 38.7, 1.00
M, 604587, 319529, 515074, 825620, 332971, 123401, 494978, 109396, 37.3, 38.7, 1.00
M, 605613, 319620, 516325, 827065, 333196, 123512, 495298, 109557, 37.3, 38.7, 0.99
M, 604697, 319543, 515361, 825798, 332975, 123413, 495027, 109397, 37.3, 38.7, 1.01
M, 604740, 319525, 515509, 825862, 333025, 123419, 494992, 109425, 37.3, 38.6, 1.00
M, 604694, 319539, 515403, 825679, 332990, 123458, 495041, 109344, 37.3, 38.6, 1.00
M, 604815, 319452, 515555, 825792, 333027, 123502, 495004, 109426, 37.3, 38.6, 1.00
M, 605143, 319457, 515817, 826163, 333049, 123505, 495037, 109433, 37.3, 38.6, 1.00
M, 605231, 319497, 516088, 826413, 333098, 123540, 495166, 109485, 37.3, 38.6, 1.00
M, 605307, 319577, 516211, 826627, 333050, 123544, 495179, 109477, 37.3, 38.6, 1.00
M, 605724, 319629, 516637, 827103, 333172, 123582, 495253, 109521, 37.3, 38.6, 1.00
M, 605964, 319659, 517004, 827229, 333221, 123635, 495325, 109551, 37.3, 38.6, 1.00
M, 605999, 319668, 517005, 827398, 333234, 123659, 495299, 109461, 37.3, 38.6, 1.00
M, 606095, 319701, 517229, 827616, 333266, 123719, 495335, 109525, 37.3, 38.6, 1.00
M, 606097, 319634, 517175, 827491, 333249, 123694, 495313, 109515, 37.3, 38.6, 0.98
M, 606306, 319715, 517545, 827809, 333254, 123779, 495338, 109583, 37.3, 38.6, 1.00
M, 606512, 319746, 517638, 827844, 333353, 123726, 495373, 109541, 37.3, 38.6, 1.00
M, 606481, 319711, 517615, 827901, 333277, 123783, 495403, 109505, 37.3, 38.6, 1.00
M, 606340, 319740, 517537, 827777, 333345, 123748, 495365, 109495, 37.3, 38.6, 1.00
M, 606062, 319656, 517521, 827648, 333221, 123857, 495318, 109486, 37.3, 38.6, 1.00
M, 606122, 319706, 517461, 827484, 333212, 123780, 495279, 109491, 37.3, 38.5, 1.00
M, 606092, 319613, 517591, 827478, 333142, 123823, 495259, 109487, 37.3, 38.5, 1.01
M, 607419, 319785, 519022, 829325, 333449, 124030, 495555, 109705, 37.3, 38.5, 1.00
M, 607119, 319864, 518626, 828859, 333373, 123934, 495518, 109593, 37.3, 38.5, 1.00
M, 607021, 319755, 518583, 828706, 333335, 123971, 495466, 109563, 37.3, 38.5, 1.00
M, 607265, 319856, 518889, 828901, 333347, 123977, 495471, 109587, 37.3, 38.5, 1.00
M, 607236, 319840, 518883, 828871, 333354, 123996, 495432, 109503, 37.3, 38.5, 1.00
M, 607022, 319808, 518825, 828716, 333357, 123994, 495447, 109490, 37.3, 38.5, 1.00
M, 607235, 319828, 519087, 829112, 333331, 124016, 495407, 109632, 37.3, 38.5, 1.00
M, 607269, 319808, 519123, 829092, 333334, 124044, 495380, 109540, 37.3, 38.5, 1.00
M, 607135, 319824, 519177, 829017, 333362, 124098, 495420, 109628, 37.3, 38.5, 1.00
M, 607340, 319877, 519492, 829305, 333399, 124178, 495486, 109645, 37.3, 38.5, 1.00
M, 607553, 319835, 519593, 829277, 333334, 124195, 495490, 109578, 37.3, 38.5, 1.00
M, 607465, 319883, 519613, 829263, 333368, 124091, 495441, 109619, 37.3, 38.5, 1.00
M, 607311, 319804, 519474, 829206, 333285, 124150, 495412, 109574, 37.3, 38.5, 1.00
M, 607415, 319800, 519642, 829188, 333347, 124174, 495435, 109618, 37.3, 38.5, 1.00
M, 607393, 319750, 519658, 829234, 333227, 124175, 495355, 109602, 37.3, 38.5, 1.00
M, 607783, 319844, 519934, 829376, 333346, 124187, 495465, 109575, 37.3, 38.5, 1.00
M, 607597, 319716, 520014, 829421, 333325, 124182, 495448, 109627, 37.3, 38.5, 1.00
M, 607431, 319822, 519889, 829239, 333339, 124208, 495423, 109570, 37.3, 38.5, 1.00
M, 607376, 319708, 519900, 829303, 333172, 124236, 495295, 109656, 37.3, 38.5, 1.00
M, 607379, 319745, 519918, 829204, 333273, 124206, 495328, 109573, 37.3, 38.5, 1.00
M, 608240, 319777, 520808, 830155, 333286, 124379, 495459, 109667, 37.3, 38.5, 1.01
M, 608256, 319896, 521113, 830480, 333405, 124406, 495571, 109692, 37.3, 38.5, 1.00
M, 608243, 319893, 521037, 830279, 333364, 124362, 495494, 109624, 37.3, 38.5, 1.00
M, 608147, 319877, 520854, 830225, 333327, 124393, 495465, 109662, 37.3, 38.5, 1.00
M, 608344, 319833, 521229, 830501, 333355, 124419, 495519, 109656, 37.3, 38.5, 1.00
M, 608370, 319830, 521186, 830080, 333352, 124418, 495492, 109622, 37.3, 38.5, 1.00
M, 608183, 319783, 521152, 830036, 333253, 124352, 495356, 109598, 37.3, 38.5, 1.00
M, 608117, 319823, 521132, 830185, 333223, 124371, 495376, 109629, 37.3, 38.5, 1.00
M, 608264, 319764, 521436, 830394, 333276, 124499, 495441, 109661, 37.3, 38.5, 0.99
M, 608208, 319750, 521356, 830182, 333214, 124483, 495400, 109636, 37.3, 38.5, 1.00
M, 608515, 319774, 521749, 830562, 333298, 124495, 495481, 109684, 37.3, 38.5, 1.00
M, 608359, 319809, 521720, 830470, 333221, 124490, 495448, 109639, 37.3, 38.5, 1.00
M, 608412, 319740, 521707, 830295, 333217, 124476, 495313, 109672, 37.3, 38.5, 1.00
M, 608346, 319676, 521764, 830446, 333209, 124516, 495377, 109586, 37.3, 38.5, 1.00
M, 608515, 319674, 522015, 830694, 333218, 124525, 495356, 109674, 37.3, 38.5, 1.00
M, 608383, 319728, 521948, 830570, 333165, 124560, 495339, 109635, 37.3, 38.5, 1.00
M, 608761, 319733, 522348, 830579, 333249, 124531, 495350, 109660, 37.3, 38.5, 0.99
M, 608398, 319644, 522083, 830440, 333111, 124539, 495258, 109606, 37.3, 38.5, 1.01
M, 608244, 319665, 521912, 830286, 333126, 124500, 495249, 109618, 37.3, 38.4, 1.01
M, 608293, 319602, 522063, 830316, 333114, 124591, 495230, 109619, 37.3, 38.4, 1.00
M, 609523, 319728, 523418, 831944, 333291, 124718, 495525, 109795, 37.3, 38.4, 1.00
M, 609161, 319789, 523091, 831403, 333267, 124682, 495407, 109739, 37.3, 38.4, 1.00
M, 608887, 319748, 522845, 830854, 333196, 124638, 495311, 109683, 37.3, 38.4, 1.01
M, 608452, 319557, 522502, 830416, 333010, 124660, 495173, 109595, 37.3, 38.4, 1.00
M, 608092, 319484, 522204, 830207, 332904, 124534, 495127, 109535, 37.3, 38.4, 0.99
M, 608395, 319504, 522543, 830536, 333003, 124645, 495201, 109556, 37.3, 38.4, 1.00
M, 608445, 319494, 522658, 830459, 332986, 124602, 495124, 109630, 37.3, 38.4, 1.00
M, 608726, 319525, 523005, 830829, 333045, 124663, 495264, 109639, 37.3, 38.4, 1.00
M, 608889, 319420, 523175, 830876, 333077, 124659, 495234, 109598, 37.3, 38.4, 0.99
M, 608712, 319548, 523213, 830943, 333052, 124718, 495188, 109646, 37.3, 38.4, 1.01
M, 608839, 319459, 523245, 831129, 332945, 124716, 495160, 109604, 37.3, 38.4, 1.01
M, 609171, 319576, 523703, 831416, 333072, 124808, 495284, 109676, 37.3, 38.4, 1.00
M, 609121, 319492, 523707, 831423, 333119, 124793, 495318, 109679, 37.3, 38.4, 1.01
M, 609531, 319549, 524110, 831750, 333105, 124942, 495308, 109751, 37.3, 38.4, 0.99
M, 609589, 319597, 524324, 831902, 333160, 124838, 495300, 109748, 37.3, 38.4, 1.00
M, 609483, 319594, 524227, 831685, 333145, 124826, 495289, 109696, 37.3, 38.4, 1.00
M, 609617, 319616, 524365, 831840, 333117, 124881, 495284, 109703, 37.3, 38.4, 1.00
M, 609039, 319520, 523857, 831178, 333040, 124796, 495158, 109633, 37.3, 38.4, 1.00
M, 608940, 319385, 523816, 830975, 332876, 124787, 495109, 109625, 37.3, 38.4, 1.00
M, 608902, 319424, 523882, 830905, 332978, 124842, 495130, 109613, 37.3, 38.4, 1.01
A, 614228, 320006, 529540, 837607, 333871, 125566, 496304, 110606, 37.3, 38.4, 0.00
A, 623641, 322182, 540099, 850356, 336391, 127038, 499124, 112073, 37.3, 38.4, 0.54
A, 629385, 323701, 546611, 857857, 337957, 127966, 500658, 112913, 37.3, 38.4, 0.74
A, 634839, 325490, 552914, 865032, 339285, 128889, 502043, 113679, 37.4, 38.4, 0.85
A, 637692, 326435, 556401, 868848, 339760, 129421, 502411, 114068, 37.4, 38.4, 0.89
A, 640523, 327483, 560012, 872649, 340279, 130067, 502669, 114500, 37.4, 38.4, 0.93
A, 642727, 328415, 563122, 875716, 340583, 130538, 502783, 114789, 37.3, 38.3, 0.94
A, 644266, 329402, 565725, 877969, 340578, 131041, 502647, 115024, 37.3, 38.3, 0.97
A, 644920, 329976, 567496, 879273, 340481, 131385, 502408, 115200, 37.3, 38.3, 0.98
A, 645272, 330512, 569048, 880214, 340247, 131631, 502098, 115223, 37.3, 38.3, 0.98
A, 645674, 331011, 570513, 881047, 340188, 131976, 501842, 115395, 37.3, 38.2, 0.98
A, 645399, 331390, 571499, 881152, 339905, 132220, 501453, 115459, 37.3, 38.2, 0.99
A, 645339, 331761, 572652, 881469, 339652, 132390, 501073, 115567, 37.3, 38.2, 1.00
A, 644791, 332069, 573569, 881078, 339274, 132595, 500602, 115551, 37.3, 38.2, 1.00
A, 643934, 332254, 573932, 880328, 338843, 132674, 500004, 115482, 37.3, 38.1, 1.00
A, 643137, 332366, 574335, 879666, 338479, 132823, 499581, 115497, 37.3, 38.1, 1.00
A, 642025, 332432, 574601, 878590, 337924, 132951, 499026, 115463, 37.3, 38.1, 1.00
A, 641194, 332424, 574970, 877877, 337559, 132996, 498513, 115481, 37.3, 38.1, 1.00
A, 640412, 332495, 575612, 877312, 337182, 133121, 498085, 115513, 37.3, 38.0, 1.00
A, 639521, 332465, 576082, 876196, 336784, 133209, 497479, 115452, 37.3, 38.0, 1.01
A, 639464, 332641, 577424, 876543, 336492, 133361, 497203, 115651, 37.3, 38.0, 1.00
A, 638381, 332637, 577461, 875301, 336152, 133421, 496743, 115518, 37.3, 38.0, 1.00
A, 636739, 332354, 577082, 873238, 335527, 133408, 496039, 115414, 37.3, 38.0, 1.00
A, 635171, 332151, 576410, 871602, 334989, 133234, 495386, 115273, 37.3, 38.0, 1.00
A, 633354, 331847, 576220, 869574, 334327, 133158, 494618, 114988, 37.3, 37.9, 1.00
A, 632143, 331488, 575603, 867977, 333750, 133175, 493996, 115069, 37.3, 37.9, 1.00
A, 631407, 331323, 576153, 867357, 333427, 133273, 493612, 115137, 37.3, 37.9, 1.00
A, 630531, 331186, 576392, 866481, 333059, 133211, 493219, 115095, 37.3, 37.9, 1.00
A, 629310, 330866, 576272, 865121, 332653, 133216, 492736, 115094, 37.3, 37.9, 1.00
A, 628974, 330753, 576821, 864581, 332331, 133236, 492306, 115124, 37.3, 37.9, 1.00
A, 628113, 330455, 577227, 863508, 331985, 133277, 491934, 115115, 37.3, 37.9, 1.00
A, 627050, 330194, 577064, 862299, 331530, 133276, 491424, 115046, 37.3, 37.8, 1.00
A, 626448, 330080, 577328, 861409, 331255, 133310, 491088, 115117, 37.3, 37.8, 1.00
A, 625559, 329786, 577549, 860518, 330973, 133318, 490681, 115102, 37.3, 37.8, 1.00
A, 624720, 329491, 577501, 859273, 330503, 133299, 490231, 114992, 37.3, 37.8, 1.00
A, 623781, 329186, 577441, 858088, 330171, 133288, 489768, 114994, 37.3, 37.8, 1.00
A, 622957, 328956, 577548, 857276, 329829, 133281, 489395, 114993, 37.3, 37.8, 1.00
A, 622359, 328735, 577825, 856632, 329574, 133328, 489128, 114978, 37.3, 37.7, 1.00
A, 621440, 328489, 577794, 855624, 329184, 133329, 488739, 114918, 37.3, 37.7, 1.00
A, 621133, 328199, 578159, 854984, 328962, 133301, 488419, 114962, 37.3, 37.7, 1.00
A, 621266, 328159, 579376, 855105, 328877, 133437, 488257, 115057, 37.3, 37.7, 1.00
A, 619965, 327825, 578769, 853438, 328498, 133358, 487800, 114946, 37.3, 37.7, 1.01
A, 618993, 327482, 578404, 852222, 328114, 133322, 487401, 114872, 37.3, 37.7, 1.00
A, 617359, 327029, 577580, 850296, 327628, 133153, 486825, 114744, 37.3, 37.7, 1.00
A, 616585, 326637, 577379, 849293, 327252, 133133, 486422, 114787, 37.3, 37.7, 1.00
A, 615283, 326339, 576915, 847494, 326901, 132973, 485982, 114590, 37.3, 37.6, 1.00
A, 614906, 325962, 577053, 847032, 326562, 133001, 485715, 114696, 37.3, 37.6, 0.99
A, 614589, 325783, 577494, 846719, 326407, 132986, 485431, 114696, 37.3, 37.6, 1.00
A, 614068, 325496, 577711, 846189, 326207, 133050, 485188, 114669, 37.3, 37.6, 0.99
A, 613646, 325335, 577870, 845353, 325963, 133094, 484913, 114708, 37.3, 37.6, 1.01
A, 613380, 325040, 578140, 844990, 325781, 133045, 484735, 114674, 37.3, 37.6, 1.00
A, 612844, 324846, 578285, 844324, 325492, 133037, 484430, 114674, 37.3, 37.6, 1.00
A, 612416, 324545, 578461, 843569, 325317, 133063, 484200, 114684, 37.3, 37.6, 1.00
A, 612057, 324424, 578747, 843250, 325200, 133078, 484020, 114653, 37.3, 37.6, 1.00
A, 611597, 324132, 578798, 842551, 324973, 133119, 483758, 114714, 37.3, 37.6, 1.00
A, 610977, 323980, 578864, 841964, 324809, 133050, 483549, 114666, 37.3, 37.6, 1.00
A, 610842, 323778, 579124, 841549, 324630, 133103, 483400, 114702, 37.3, 37.5, 1.00
A, 610407, 323533, 579301, 840868, 324399, 133076, 483106, 114730, 37.3, 37.5, 1.00
A, 609712, 323233, 579184, 840105, 324142, 133039, 482790, 114671, 37.3, 37.5, 0.99
A, 609418, 323075, 579394, 839510, 323949, 133012, 482539, 114717, 37.3, 37.5, 0.99
A, 609697, 323061, 580567, 840149, 323994, 133213, 482643, 114870, 37.3, 37.5, 1.00
A, 608891, 322795, 579915, 838650, 323747, 133054, 482291, 114645, 37.3, 37.5, 1.01
A, 607817, 322439, 579263, 837287, 323448, 132957, 481820, 114579, 37.3, 37.5, 1.00
A, 607232, 322164, 579110, 836662, 323108, 132872, 481567, 114595, 37.3, 37.5, 1.00
A, 606363, 321890, 578930, 835531, 322904, 132871, 481349, 114530, 37.3, 37.4, 1.00
A, 605945, 321629, 578883, 835126, 322686, 132914, 481083, 114590, 37.3, 37.4, 1.00
A, 605493, 321459, 578971, 834332, 322548, 132805, 480868, 114467, 37.3, 37.4, 1.00
A, 605153, 321221, 579018, 833691, 322296, 132747, 480606, 114465, 37.3, 37.4, 1.00
A, 604952, 320982, 579218, 833509, 322161, 132820, 480504, 114497, 37.3, 37.4, 1.00
A, 604695, 320792, 579344, 833071, 322098, 132788, 480350, 114448, 37.3, 37.4, 1.01
A, 604250, 320656, 579015, 832307, 321827, 132710, 480069, 114418, 37.3, 37.4, 1.00
A, 603871, 320403, 579315, 832008, 321703, 132770, 479945, 114446, 37.3, 37.4, 1.00
A, 603537, 320263, 579523, 831295, 321579, 132700, 479780, 114348, 37.3, 37.4, 1.00
A, 603092, 319973, 579360, 830769, 321384, 132702, 479563, 114421, 37.3, 37.4, 1.00
A, 598768, 319244, 574864, 825395, 320465, 132079, 478471, 113692, 37.3, 37.4, 1.00
A, 597078, 318446, 573384, 823465, 319719, 131946, 477751, 113626, 37.3, 37.3, 1.00
A, 597834, 318367, 574615, 824128, 319835, 132009, 477852, 113838, 37.3, 37.3, 1.00
A, 598854, 318336, 576000, 825340, 320043, 132156, 477975, 114026, 37.3, 37.3, 1.00
A, 599352, 318337, 577013, 825771, 320057, 132158, 478091, 114054, 37.3, 37.3, 1.00
A, 599639, 318365, 577499, 825933, 320133, 132272, 478148, 114233, 37.3, 37.3, 1.00
A, 600784, 318316, 579339, 827619, 320317, 132490, 478329, 114452, 37.3, 37.3, 1.00
A, 600719, 318401, 579596, 827297, 320282, 132516, 478255, 114380, 37.3, 37.3, 1.00
A, 600632, 318258, 579642, 827006, 320182, 132509, 478179, 114466, 37.3, 37.3, 1.00
A, 600782, 318188, 580182, 826973, 320157, 132536, 478130, 114416, 37.3, 37.2, 1.00
A, 599976, 318002, 579828, 826254, 319967, 132444, 477918, 114349, 37.3, 37.2, 1.00
A, 599810, 317957, 579775, 825712, 319930, 132497, 477762, 114348, 37.3, 37.2, 1.00
A, 599521, 317784, 579996, 825461, 319758, 132507, 477646, 114317, 37.3, 37.2, 1.00
A, 599173, 317692, 580086, 824998, 319683, 132499, 477508, 114310, 37.3, 37.2, 1.00
A, 599072, 317525, 579973, 824627, 319543, 132448, 477383, 114289, 37.3, 37.2, 1.00
A, 599088, 317401, 580401, 824751, 319507, 132434, 477307, 114345, 37.3, 37.2, 1.00
A, 598913, 317269, 580540, 824469, 319420, 132470, 477154, 114347, 37.3, 37.2, 1.00
A, 598615, 317233, 580586, 824083, 319329, 132489, 477062, 114386, 37.3, 37.2, 0.99
A, 598604, 317156, 581010, 824103, 319325, 132555, 476992, 114418, 37.3, 37.2, 0.99
A, 598474, 317085, 581044, 823763, 319195, 132457, 476895, 114313, 37.3, 37.2, 1.00
A, 598078, 316918, 580992, 823203, 319052, 132448, 476673, 114301, 37.3, 37.2, 1.00
A, 597839, 316818, 581011, 822918, 318926, 132411, 476545, 114334, 37.3, 37.2, 1.00
A, 597815, 316785, 581327, 822755, 318909, 132493, 476509, 114383, 37.3, 37.2, 1.00
A, 597486, 316597, 581396, 822570, 318702, 132476, 476354, 114357, 37.3, 37.2, 1.00
A, 597461, 316620, 581669, 822324, 318720, 132531, 476335, 114342, 37.3, 37.2, 1.00
A, 597313, 316503, 581770, 821842, 318591, 132470, 476145, 114346, 37.3, 37.2, 1.00
A, 598005, 316497, 582920, 822824, 318676, 132576, 476311, 114453, 37.3, 37.2, 1.00
A, 597525, 316470, 582645, 822288, 318671, 132555, 476132, 114424, 37.3, 37.2, 1.00
A, 597040, 316352, 582484, 821807, 318485, 132509, 475992, 114349, 37.2, 37.1, 1.00
A, 597007, 316264, 582734, 821470, 318415, 132570, 475944, 114424, 37.2, 37.1, 1.00
A, 596533, 316138, 582470, 820773, 318294, 132475, 475736, 114334, 37.3, 37.1, 1.00
A, 596110, 315950, 582317, 820324, 318137, 132432, 475567, 114265, 37.3, 37.1, 1.00
A, 595617, 315881, 582178, 819647, 318071, 132408, 475364, 114271, 37.3, 37.1, 1.00
A, 595266, 315706, 582092, 819405, 317848, 132388, 475280, 114285, 37.3, 37.1, 1.00
A, 595156, 315601, 582196, 819188, 317824, 132416, 475142, 114262, 37.3, 37.1, 1.00
A, 595051, 315544, 582337, 818949, 317720, 132418, 475062, 114353, 37.2, 37.1, 1.00
A, 594877, 315394, 582526, 818643, 317650, 132349, 474950, 114243, 37.2, 37.1, 1.00
A, 594493, 315321, 582354, 818086, 317537, 132338, 474808, 114242, 37.2, 37.1, 1.00
A, 594148, 315140, 582238, 817665, 317342, 132262, 474573, 114245, 37.2, 37.1, 0.99
A, 594191, 315050, 582462, 817586, 317339, 132272, 474590, 114243, 37.2, 37.1, 1.00
A, 593818, 315010, 582427, 817318, 317296, 132335, 474485, 114237, 37.2, 37.1, 1.00
A, 593886, 314889, 582737, 817316, 317215, 132354, 474449, 114257, 37.2, 37.1, 1.00
A, 593695, 314819, 582862, 816786, 317101, 132234, 474304, 114182, 37.2, 37.1, 1.01
A, 593451, 314699, 582808, 816530, 317037, 132264, 474186, 114122, 37.2, 37.1, 1.00
A, 593148, 314615, 582687, 816229, 316950, 132225, 474068, 114189, 37.2, 37.1, 0.99
A, 593115, 314517, 582964, 816181, 316972, 132259, 474049, 114256, 37.3, 37.1, 1.01
A, 593977, 314606, 584286, 817164, 317020, 132437, 474241, 114435, 37.3, 37.1, 1.00
A, 593595, 314637, 584022, 816748, 316983, 132354, 474147, 114363, 37.3, 37.1, 1.00
A, 592833, 314493, 583366, 815694, 316813, 132257, 473840, 114250, 37.3, 37.1, 1.00
A, 592181, 314267, 582711, 814702, 316576, 132141, 473619, 114092, 37.2, 37.0, 1.00
A, 591803, 314144, 582632, 814409, 316429, 132125, 473486, 114131, 37.2, 37.0, 1.00
A, 591500, 314045, 582498, 813719, 316347, 132016, 473364, 114106, 37.2, 37.0, 1.00
A, 591287, 313807, 582529, 813343, 316242, 132059, 473231, 114102, 37.2, 37.0, 1.00
A, 590893, 313760, 582359, 813034, 316179, 132017, 473116, 114010, 37.2, 37.0, 1.00
A, 590791, 313648, 582418, 812914, 316058, 131938, 473044, 114073, 37.2, 37.0, 1.00
A, 590821, 313570, 582667, 812943, 316030, 132035, 472983, 114135, 37.2, 37.0, 1.00
A, 590740, 313456, 582842, 812731, 316036, 132056, 472945, 114133, 37.2, 37.0, 0.99
A, 590687, 313449, 583002, 812550, 315967, 131978, 472832, 114127, 37.2, 37.0, 1.00
A, 590364, 313354, 582909, 812340, 315890, 131999, 472769, 114153, 37.2, 37.0, 1.00
A, 590710, 313357, 583468, 812533, 315904, 132015, 472778, 114197, 37.2, 37.0, 1.00
A, 590408, 313243, 583388, 812330, 315830, 132030, 472710, 114102, 37.2, 37.0, 1.00
A, 590372, 313210, 583503, 812247, 315745, 132020, 472655, 114095, 37.2, 37.0, 1.00
A, 590239, 313126, 583489, 812016, 315685, 132006, 472580, 114156, 37.2, 37.0, 1.00
A, 590143, 313047, 583622, 811665, 315625, 132002, 472459, 114130, 37.2, 37.0, 1.00
A, 589730, 312990, 583433, 811247, 315553, 131950, 472385, 114034, 37.2, 37.0, 1.00
A, 589587, 312895, 583402, 811135, 315476, 131888, 472279, 114064, 37.2, 37.0, 1.00
A, 590753, 313060, 585039, 812442, 315701, 132066, 472518, 114286, 37.2, 37.0, 1.01
A, 590109, 312963, 584492, 811720, 315609, 132103, 472416, 114237, 37.2, 37.0, 1.00
A, 589668, 312871, 584148, 811131, 315442, 132020, 472211, 114209, 37.2, 37.0, 1.00
A, 589515, 312791, 584256, 810650, 315351, 131936, 472169, 114101, 37.2, 37.0, 1.00
A, 589119, 312670, 583997, 810445, 315236, 131866, 472013, 114121, 37.2, 37.0, 0.99
A, 589051, 312620, 584138, 810464, 315246, 131899, 471971, 114099, 37.2, 37.0, 1.00
A, 588688, 312516, 583707, 809627, 315124, 131800, 471779, 114013, 37.2, 37.0, 1.00
A, 588431, 312413, 583809, 809451, 315040, 131819, 471784, 114059, 37.2, 37.0, 1.01
A, 588101, 312377, 583673, 809057, 314960, 131724, 471647, 114012, 37.2, 37.0, 1.00
A, 587836, 312144, 583591, 808793, 314857, 131720, 471523, 114002, 37.2, 37.0, 1.00
A, 588108, 312201, 583979, 809013, 314869, 131790, 471521, 114000, 37.2, 37.0, 1.00
A, 588064, 312142, 583943, 808892, 314819, 131745, 471432, 114043, 37.2, 36.9, 1.00
A, 587769, 312122, 583978, 808669, 314810, 131809, 471379, 114071, 37.2, 36.9, 1.00
A, 587928, 312066, 584349, 808713, 314797, 131804, 471453, 114077, 37.2, 36.9, 1.00
A, 587850, 312000, 584425, 808643, 314784, 131814, 471370, 114074, 37.2, 36.9, 1.00
A, 587535, 311958, 584234, 808189, 314602, 131763, 471270, 114030, 37.2, 36.9, 1.00
A, 587283, 311830, 584125, 807919, 314587, 131661, 471168, 113982, 37.2, 36.9, 1.00
A, 587391, 311796, 584444, 807953, 314597, 131727, 471131, 114029, 37.2, 36.9, 1.00
A, 586978, 311712, 584175, 807597, 314474, 131659, 471001, 114021, 37.2, 36.9, 1.01
A, 587270, 311720, 584531, 807589, 314529, 131655, 471041, 114020, 37.2, 36.9, 1.01
A, 587937, 311728, 585665, 808586, 314589, 131741, 471193, 114146, 37.2, 36.9, 1.00
A, 587388, 311733, 584969, 807816, 314531, 131701, 471083, 114046, 37.2, 36.9, 1.00
A, 586973, 311621, 584856, 807445, 314418, 131749, 470960, 114038, 37.2, 36.9, 1.00
A, 586965, 311567, 584986, 807433, 314393, 131660, 470893, 114017, 37.2, 36.9, 1.00
A, 586941, 311537, 585027, 807259, 314295, 131666, 470816, 113950, 37.2, 36.9, 1.00
A, 586654, 311562, 584970, 806773, 314282, 131651, 470773, 113985, 37.2, 36.9, 1.00
A, 586526, 311492, 584937, 806799, 314232, 131681, 470736, 114047, 37.2, 36.9, 1.00
A, 586159, 311344, 584581, 806216, 314147, 131502, 470597, 113961, 37.2, 36.9, 1.00
A, 585947, 311185, 584547, 806104, 314062, 131528, 470457, 113977, 37.2, 36.9, 0.99
A, 585749, 311200, 584426, 805607, 314050, 131520, 470453, 113954, 37.2, 36.9, 1.00
A, 585443, 311112, 584484, 805338, 313954, 131490, 470353, 113912, 37.2, 36.9, 1.00
A, 585540, 311085, 584693, 805572, 313852, 131508, 470288, 113916, 37.2, 36.9, 1.00
A, 585572, 311081, 584839, 805519, 313870, 131482, 470300, 113955, 37.2, 36.9, 1.00
A, 585465, 311030, 584870, 805350, 313843, 131500, 470270, 113990, 37.2, 36.9, 1.00
A, 585692, 310983, 585241, 805509, 313921, 131541, 470272, 113976, 37.2, 36.9, 1.00
A, 585583, 310975, 585353, 805443, 313874, 131555, 470297, 114009, 37.2, 36.9, 1.00
A, 585345, 310860, 585217, 805147, 313797, 131477, 470183, 113924, 37.2, 36.9, 1.01
A, 585226, 310811, 585258, 805100, 313773, 131465, 470095, 113958, 37.2, 36.9, 1.00
A, 585300, 310837, 585398, 805172, 313788, 131446, 470127, 113934, 37.2, 36.9, 1.00
A, 584702, 310708, 584954, 804528, 313621, 131422, 469947, 113948, 37.2, 36.9, 1.00
A, 585897, 310866, 586584, 805984, 313781, 131585, 470264, 114138, 37.2, 36.9, 1.00
A, 584978, 310703, 585551, 804651, 313583, 131419, 469957, 113938, 37.2, 36.9, 1.00
A, 584346, 310563, 584995, 803909, 313449, 131296, 469822, 113845, 37.2, 36.9, 1.00
A, 583992, 310414, 584708, 803535, 313415, 131321, 469672, 113868, 37.2, 36.9, 0.99
A, 583943, 310403, 584759, 803321, 313359, 131321, 469645, 113823, 37.2, 36.9, 1.01
A, 583547, 310339, 584413, 802797, 313256, 131239, 469502, 113826, 37.2, 36.9, 1.01
A, 583413, 310287, 584414, 802624, 313181, 131249, 469450, 113767, 37.2, 36.9, 1.00
A, 583668, 310257, 584927, 803115, 313222, 131224, 469522, 113864, 37.2, 36.9, 1.00
A, 583405, 310245, 584765, 802707, 313154, 131221, 469484, 113783, 37.2, 36.9, 1.00
A, 583365, 310104, 584828, 802656, 313111, 131230, 469457, 113830, 37.2, 36.9, 0.99
A, 583318, 310088, 584778, 802543, 313155, 131149, 469410, 113801, 37.2, 36.9, 1.00
A, 583309, 310039, 584941, 802463, 313091, 131157, 469330, 113805, 37.2, 36.9, 1.00
A, 583364, 310038, 585250, 802776, 313116, 131228, 469434, 113792, 37.2, 36.9, 1.00
A, 583384, 310000, 585322, 802736, 313065, 131160, 469294, 113792, 37.2, 36.9, 1.00
A, 583452, 310038, 585455, 802724, 313144, 131237, 469362, 113857, 37.2, 36.9, 1.00
A, 583681, 310067, 585836, 803053, 313215, 131258, 469420, 113939, 37.2, 36.9, 1.00
A, 583416, 309977, 585600, 802453, 313069, 131177, 469308, 113868, 37.2, 36.9, 1.00
A, 583273, 309898, 585587, 802132, 313074, 131181, 469226, 113778, 37.2, 36.9, 1.00
A, 583120, 309818, 585613, 802328, 312962, 131207, 469249, 113831, 37.2, 36.9, 1.00
A, 583242, 309919, 586011, 802548, 313029, 131179, 469295, 113889, 37.2, 36.8, 1.00
A, 584323, 310029, 587224, 803705, 313206, 131344, 469405, 114066, 37.2, 36.8, 1.01
A, 583752, 310070, 586870, 803024, 313170, 131295, 469371, 113961, 37.2, 36.8, 1.01
A, 583376, 309913, 586364, 802480, 313039, 131129, 469231, 113817, 37.2, 36.8, 1.00
A, 582848, 309799, 585942, 801853, 312901, 131106, 469111, 113767, 37.2, 36.8, 1.00
A, 582759, 309708, 586042, 801940, 312867, 131147, 469041, 113871, 37.2, 36.8, 1.00
A, 582780, 309733, 586204, 801962, 312852, 131203, 468992, 113832, 37.2, 36.8, 1.00
A, 582842, 309771, 586390, 802040, 312846, 131186, 469115, 113870, 37.2, 36.8, 1.00
A, 582975, 309808, 586508, 801766, 312958, 131203, 469047, 113866, 37.2, 36.8, 1.00
A, 582731, 309738, 586500, 801756, 312857, 131128, 469014, 113888, 37.2, 36.8, 1.00
A, 582533, 309664, 586320, 801449, 312820, 131131, 468982, 113843, 37.2, 36.8, 1.00
A, 582438, 309635, 586258, 801322, 312727, 131102, 468877, 113845, 37.2, 36.8, 0.99
A, 582544, 309692, 586696, 801741, 312772, 131156, 468951, 113908, 37.2, 36.8, 1.00
A, 582506, 309704, 586791, 801666, 312832, 131149, 468933, 113850, 37.2, 36.8, 1.00
A, 582565, 309672, 586881, 801467, 312780, 131146, 468935, 113913, 37.2, 36.8, 1.00
A, 581970, 309518, 586459, 800914, 312720, 131056, 468883, 113807, 37.2, 36.8, 1.00
A, 582023, 309481, 586680, 801045, 312616, 131071, 468771, 113782, 37.2, 36.8, 1.00
A, 582179, 309520, 586851, 801272, 312693, 131076, 468790, 113875, 37.2, 36.8, 1.00
A, 582198, 309528, 586946, 801118, 312640, 131114, 468782, 113933, 37.2, 36.8, 1.00
A, 582360, 309564, 587325, 801278, 312682, 131062, 468817, 113949, 37.2, 36.8, 1.00
A, 582360, 309561, 587525, 801389, 312764, 131093, 468876, 113883, 37.2, 36.8, 1.00
A, 583254, 309616, 588712, 802608, 312881, 131250, 469033, 114091, 37.2, 36.8, 1.00
A, 582686, 309627, 588183, 801893, 312843, 131145, 468929, 114014, 37.2, 36.8, 1.01
A, 582276, 309557, 587711, 801341, 312675, 131124, 468738, 113946, 37.2, 36.8, 1.00
A, 582130, 309572, 587589, 800894, 312649, 131080, 468714, 113843, 37.2, 36.8, 1.00
A, 581835, 309472, 587571, 800577, 312593, 131069, 468623, 113869, 37.2, 36.8, 1.01
A, 581655, 309393, 587511, 800648, 312521, 131071, 468512, 113857, 37.2, 36.8, 1.00
A, 581649, 309364, 587615, 800700, 312527, 130990, 468514, 113876, 37.2, 36.8, 1.00
A, 581639, 309418, 587615, 800402, 312445, 131073, 468553, 113932, 37.2, 36.8, 1.00
A, 581679, 309408, 587740, 800488, 312514, 131027, 468591, 113899, 37.2, 36.8, 1.00
A, 581428, 309270, 587689, 800291, 312471, 130983, 468497, 113873, 37.2, 36.8, 1.00
A, 581216, 309294, 587542, 799877, 312416, 130958, 468490, 113827, 37.2, 36.8, 1.00
A, 581132, 309252, 587625, 800004, 312343, 130984, 468419, 113825, 37.2, 36.8, 1.00
A, 581083, 309271, 587737, 800145, 312402, 130928, 468483, 113891, 37.2, 36.8, 1.01
A, 581159, 309302, 587944, 800086, 312422, 131031, 468437, 113922, 37.2, 36.8, 1.00
A, 580930, 309249, 587565, 799546, 312318, 130916, 468297, 113856, 37.2, 36.8, 0.99
A, 580718, 309189, 587476, 799260, 312233, 130931, 468208, 113805, 37.2, 36.8, 0.99
A, 580336, 309010, 587311, 799137, 312158, 130910, 468187, 113809, 37.2, 36.8, 1.00
A, 580566, 309042, 587687, 799302, 312262, 130880, 468290, 113816, 37.2, 36.8, 1.00
A, 580610, 308988, 587802, 799364, 312228, 130925, 468205, 113840, 37.2, 36.8, 1.00
A, 580763, 309082, 588113, 799655, 312301, 130947, 468288, 113872, 37.2, 36.8, 1.00
A, 582028, 309254, 589720, 800944, 312568, 131106, 468573, 114028, 37.2, 36.8, 1.00
A, 581687, 309279, 589367, 800337, 312454, 131064, 468523, 113969, 37.2, 36.8, 1.00
A, 581487, 309218, 589392, 800490, 312414, 131073, 468424, 113919, 37.2, 36.8, 1.00
A, 581196, 309165, 589170, 800254, 312368, 131017, 468335, 113935, 37.2, 36.8, 1.00
A, 581048, 309097, 588988, 799898, 312375, 130963, 468264, 113901, 37.2, 36.8, 1.00
A, 581013, 309191, 589252, 799866, 312339, 131034, 468291, 113945, 37.2, 36.8, 1.00
A, 580852, 309114, 589118, 799759, 312325, 130944, 468241, 113962, 37.2, 36.8, 1.00
A, 580582, 309009, 588916, 799459, 312274, 130894, 468134, 113837, 37.2, 36.8, 0.99
A, 580581, 309010, 589033, 799436, 312211, 130939, 468074, 113895, 37.2, 36.8, 1.00
A, 580209, 308987, 588769, 798992, 312123, 130897, 468091, 113819, 37.2, 36.8, 1.01
A, 580060, 308957, 588628, 798857, 312081, 130900, 468030, 113863, 37.2, 36.8, 1.00
A, 579886, 308957, 588563, 798603, 312115, 130809, 468037, 113760, 37.2, 36.8, 1.00
A, 579812, 308879, 588561, 798594, 312042, 130782, 467947, 113810, 37.2, 36.8, 1.00
A, 579855, 308846, 588746, 798530, 312045, 130895, 467927, 113827, 37.2, 36.8, 1.00
A, 579796, 308837, 588744, 798466, 312018, 130863, 467922, 113855, 37.2, 36.8, 1.00
A, 579828, 308860, 588870, 798590, 312037, 130838, 467901, 113905, 37.2, 36.8, 1.00
A, 579965, 308868, 589155, 798621, 312102, 130817, 467974, 113869, 37.2, 36.8, 1.00
A, 579806, 308820, 589022, 798415, 312012, 130766, 467945, 113842, 37.2, 36.8, 1.00
A, 579813, 308837, 589298, 798457, 312012, 130796, 467829, 113879, 37.2, 36.8, 1.00
A, 579696, 308741, 589111, 798400, 311931, 130833, 467874, 113817, 37.2, 36.8, 0.99
A, 580888, 308943, 590767, 799979, 312232, 131019, 468157, 114068, 37.2, 36.7, 1.00
A, 580231, 308919, 590103, 798966, 312169, 130894, 468113, 113887, 37.2, 36.7, 1.00
A, 579555, 308786, 589329, 798135, 312000, 130764, 467822, 113802, 37.2, 36.8, 1.00
A, 578984, 308689, 588754, 797592, 311841, 130746, 467736, 113703, 37.2, 36.8, 0.99
A, 578825, 308599, 588627, 797297, 311824, 130728, 467658, 113736, 37.2, 36.8, 1.00
A, 578739, 308508, 588717, 797365, 311697, 130712, 467588, 113762, 37.2, 36.8, 1.00
A, 578915, 308580, 589170, 797755, 311812, 130722, 467702, 113851, 37.2, 36.8, 1.00
A, 579067, 308623, 589234, 797456, 311825, 130691, 467671, 113784, 37.2, 36.8, 0.99
A, 578890, 308547, 589215, 797263, 311811, 130674, 467590, 113727, 37.2, 36.8, 1.00
A, 578984, 308543, 589418, 797635, 311771, 130685, 467594, 113771, 37.2, 36.8, 1.00
A, 578580, 308521, 589034, 797122, 311767, 130643, 467655, 113793, 37.2, 36.8, 1.00
A, 578595, 308406, 589017, 797016, 311709, 130626, 467531, 113772, 37.2, 36.8, 1.00
A, 578480, 308474, 589015, 796968, 311752, 130636, 467537, 113721, 37.2, 36.7, 1.00
A, 578372, 308362, 589023, 796777, 311640, 130615, 467506, 113731, 37.2, 36.7, 1.00
A, 578525, 308342, 589337, 797060, 311684, 130675, 467593, 113773, 37.2, 36.7, 1.00
A, 578487, 308270, 589357, 797107, 311678, 130614, 467546, 113802, 37.2, 36.7, 1.00
A, 578499, 308335, 589299, 796970, 311650, 130626, 467513, 113831, 37.2, 36.7, 1.00
A, 578710, 308391, 589776, 797386, 311721, 130661, 467526, 113815, 37.2, 36.8, 1.01
A, 578769, 308490, 589918, 797334, 311714, 130646, 467612, 113793, 37.2, 36.8, 1.00
A, 578522, 308336, 589810, 797173, 311684, 130651, 467562, 113786, 37.2, 36.8, 1.01
A, 579401, 308510, 590935, 798332, 311880, 130799, 467782, 113984, 37.2, 36.8, 1.01
A, 579203, 308503, 590507, 797738, 311898, 130763, 467657, 113865, 37.2, 36.8, 1.01
A, 578414, 308377, 589842, 797153, 311698, 130625, 467531, 113759, 37.2, 36.8, 1.00
A, 578270, 308334, 589781, 796665, 311702, 130579, 467490, 113721, 37.2, 36.7, 1.00
A, 578149, 308224, 589795, 796625, 311623, 130601, 467409, 113713, 37.2, 36.7, 0.99
A, 578057, 308261, 589843, 796601, 311616, 130534, 467381, 113730, 37.2, 36.8, 0.99
A, 577863, 308192, 589701, 796505, 311551, 130530, 467377, 113716, 37.2, 36.8, 1.00
A, 578135, 308252, 590049, 796825, 311649, 130609, 467446, 113773, 37.2, 36.8, 1.00
A, 578243, 308294, 590086, 796701, 311657, 130534, 467465, 113818, 37.2, 36.8, 0.98
A, 578059, 308197, 590105, 796569, 311581, 130527, 467417, 113740, 37.2, 36.8, 1.00
A, 577701, 308131, 589888, 796346, 311484, 130480, 467363, 113730, 37.2, 36.8, 1.00
A, 577710, 308163, 589895, 796149, 311558, 130491, 467370, 113729, 37.2, 36.7, 1.00
A, 577645, 308113, 589840, 796207, 311493, 130455, 467362, 113722, 37.2, 36.7, 1.00
A, 577538, 308105, 589826, 796034, 311565, 130467, 467320, 113696, 37.2, 36.8, 0.98
A, 577455, 308084, 589729, 795692, 311427, 130422, 467240, 113719, 37.2, 36.8, 1.00
A, 577519, 308064, 590029, 796201, 311474, 130473, 467258, 113703, 37.2, 36.8, 1.00
A, 577397, 308031, 590004, 796021, 311504, 130445, 467315, 113672, 37.2, 36.8, 1.00
A, 577370, 307997, 589955, 795828, 311436, 130419, 467200, 113672, 37.2, 36.8, 1.00
A, 577754, 308083, 590303, 796252, 311535, 130480, 467262, 113842, 37.2, 36.8, 0.99
A, 577680, 308096, 590558, 796231, 311509, 130399, 467313, 113722, 37.2, 36.8, 1.00
A, 578630, 308199, 591873, 797500, 311740, 130605, 467560, 113918, 37.2, 36.8, 1.00
A, 578292, 308263, 591537, 796995, 311709, 130571, 467553, 113801, 37.2, 36.8, 1.01
A, 578134, 308247, 591370, 796842, 311712, 130558, 467441, 113832, 37.2, 36.8, 1.01
A, 578045, 308252, 591421, 796926, 311705, 130550, 467503, 113853, 37.2, 36.8, 1.00
A, 577958, 308140, 591286, 796782, 311628, 130494, 467465, 113836, 37.2, 36.8, 1.00
A, 578224, 308216, 591599, 796981, 311702, 130556, 467492, 113860, 37.2, 36.8, 0.99
A, 577885, 308167, 591441, 796729, 311657, 130603, 467505, 113843, 37.2, 36.8, 1.00
A, 577769, 308220, 591366, 796139, 311649, 130486, 467458, 113771, 37.2, 36.8, 1.01
A, 577573, 308105, 591195, 796215, 311551, 130530, 467319, 113753, 37.2, 36.8, 1.00
A, 577073, 308123, 590797, 795794, 311505, 130393, 467319, 113654, 37.2, 36.8, 1.00
A, 577104, 307953, 590746, 795592, 311425, 130371, 467169, 113658, 37.2, 36.8, 1.00
A, 577147, 307960, 590979, 795711, 311474, 130410, 467274, 113690, 37.2, 36.8, 1.00
A, 576808, 307977, 590580, 795340, 311434, 130286, 467143, 113688, 37.2, 36.8, 1.00
A, 576693, 307839, 590512, 795289, 311402, 130308, 467186, 113704, 37.2, 36.8, 1.00
A, 576561, 307863, 590568, 794983, 311320, 130300, 467093, 113659, 37.2, 36.8, 1.00
A, 576447, 307727, 590364, 794972, 311310, 130241, 467018, 113569, 37.2, 36.8, 0.99
A, 576508, 307870, 590641, 795189, 311388, 130322, 467128, 113683, 37.2, 36.8, 1.00
A, 576643, 307799, 590794, 795223, 311328, 130303, 467152, 113641, 37.2, 36.8, 0.99
A, 576619, 307793, 590882, 795166, 311335, 130264, 467078, 113737, 37.2, 36.8, 1.00
A, 576665, 307808, 591002, 795447, 311426, 130280, 467121, 113755, 37.2, 36.8, 1.00
A, 578060, 308050, 592678, 796893, 311636, 130505, 467476, 113959, 37.2, 36.8, 1.00
A, 577550, 308069, 592086, 796124, 311600, 130410, 467358, 113770, 37.2, 36.8, 1.00
A, 577116, 307917, 591806, 795912, 311469, 130352, 467304, 113779, 37.2, 36.8, 1.00
A, 576692, 307860, 591326, 795431, 311424, 130317, 467226, 113731, 37.2, 36.8, 1.01
A, 576314, 307731, 590896, 794979, 311332, 130288, 467140, 113679, 37.2, 36.8, 1.00
A, 576344, 307783, 590973, 794876, 311331, 130265, 467089, 113676, 37.2, 36.8, 1.00
A, 576354, 307720, 591178, 794916, 311298, 130261, 467067, 113631, 37.2, 36.8, 1.00
A, 576380, 307729, 591183, 794883, 311293, 130246, 467077, 113654, 37.2, 36.8, 0.99
A, 576352, 307727, 591370, 794954, 311339, 130267, 467099, 113748, 37.2, 36.8, 1.01
A, 576334, 307710, 591361, 795016, 311351, 130298, 467098, 113682, 37.2, 36.8, 1.00
A, 576518, 307725, 591724, 795266, 311392, 130238, 467143, 113732, 37.2, 36.8, 1.00
A, 576649, 307779, 591579, 795082, 311463, 130249, 467125, 113704, 37.2, 36.8, 1.00
A, 576403, 307764, 591645, 795087, 311302, 130278, 467123, 113659, 37.2, 36.8, 1.00
A, 576151, 307740, 591450, 794827, 311342, 130243, 467106, 113678, 37.2, 36.8, 1.00
A, 576107, 307693, 591508, 794757, 311286, 130217, 467056, 113686, 37.2, 36.8, 1.00
A, 576084, 307705, 591493, 794699, 311313, 130217, 467119, 113620, 37.2, 36.8, 0.98
A, 575925, 307619, 591376, 794551, 311237, 130156, 466955, 113589, 37.2, 36.8, 1.00
A, 576099, 307653, 591575, 794716, 311275, 130197, 467071, 113608, 37.2, 36.8, 1.00
A, 576003, 307598, 591693, 794676, 311318, 130214, 467037, 113656, 37.2, 36.8, 1.00
A, 576040, 307668, 591723, 794817, 311316, 130232, 467060, 113674, 37.2, 36.8, 1.00
A, 577327, 307781, 593363, 796461, 311562, 130373, 467366, 113842, 37.2, 36.8, 1.00
A, 576906, 307852, 592806, 795632, 311492, 130280, 467313, 113780, 37.2, 36.8, 1.00
A, 576117, 307717, 591833, 794620, 311283, 130172, 467111, 113639, 37.2, 36.8, 1.00
A, 575437, 307579, 591357, 794160, 311242, 130101, 466944, 113584, 37.2, 36.8, 1.00
A, 575359, 307527, 591302, 794079, 311187, 130102, 466923, 113575, 37.2, 36.8, 1.00
A, 575491, 307479, 591480, 794143, 311201, 130186, 466989, 113648, 37.2, 36.8, 1.00
A, 575820, 307557, 591983, 794748, 311304, 130157, 467120, 113672, 37.2, 36.8, 1.01
A, 575827, 307498, 591910, 794429, 311360, 130124, 467047, 113611, 37.2, 36.8, 0.99
A, 575706, 307537, 591939, 794354, 311269, 130102, 467037, 113666, 37.2, 36.8, 1.00
A, 575924, 307586, 592329, 794853, 311369, 130192, 467113, 113665, 37.2, 36.8, 1.00
A, 575846, 307631, 592405, 794828, 311320, 130149, 467118, 113711, 37.2, 36.8, 1.00
A, 575918, 307583, 592376, 794776, 311355, 130160, 467160, 113690, 37.2, 36.8, 0.99
A, 576170, 307670, 592623, 794854, 311381, 130191, 467229, 113656, 37.2, 36.8, 1.00
A, 575766, 307548, 592424, 794691, 311331, 130166, 467125, 113624, 37.2, 36.8, 1.01
A, 575376, 307526, 591906, 794003, 311313, 130072, 467037, 113576, 37.2, 36.8, 0.98
A, 575349, 307487, 592087, 794177, 311262, 130040, 467070, 113547, 37.2, 36.8, 1.00
A, 575624, 307527, 592508, 794580, 311344, 130085, 467075, 113631, 37.2, 36.8, 1.00
A, 575768, 307584, 592573, 794746, 311382, 130054, 467061, 113709, 37.2, 36.8, 0.99
A, 575901, 307514, 592920, 794829, 311365, 130107, 467161, 113679, 37.2, 36.8, 0.99
A, 575884, 307514, 592800, 794709, 311329, 130099, 467157, 113625, 37.2, 36.8, 1.00
M, 573796, 307305, 589892, 791056, 311103, 129644, 466644, 112974, 37.2, 36.8, 0.15
M, 566207, 305853, 580850, 782032, 309118, 128497, 464203, 111776, 37.2, 36.8, 0.48
M, 559030, 303974, 571769, 772561, 307030, 127330, 461894, 110625, 37.2, 36.8, 0.75
M, 554193, 302645, 565528, 766037, 306317, 126453, 461564, 109889, 37.2, 36.9, 0.83
M, 550904, 302153, 560834, 761370, 306489, 125686, 462454, 109338, 37.2, 36.9, 0.88
M, 548596, 301812, 556404, 757370, 306953, 125071, 463712, 108825, 37.2, 37.1, 0.93
M, 547271, 301832, 552812, 754529, 307516, 124601, 464755, 108431, 37.2, 37.1, 0.96
M, 546956, 301953, 550046, 752740, 308061, 124080, 465730, 108205, 37.2, 37.3, 0.97
M, 547048, 302038, 547278, 751260, 308532, 123595, 466465, 107803, 37.2, 37.3, 0.99
M, 547430, 302081, 544905, 750537, 308838, 123304, 466987, 107658, 37.2, 37.5, 0.99
M, 548139, 302177, 543314, 750584, 309204, 123065, 467452, 107554, 37.2, 37.5, 0.99
M, 548948, 302162, 541655, 750659, 309374, 122776, 467672, 107406, 37.2, 37.6, 1.00
M, 550398, 302242, 540777, 751380, 309698, 122627, 468089, 107376, 37.2, 37.6, 0.99
M, 551897, 302250, 539610, 752329, 309890, 122430, 468292, 107288, 37.2, 37.6, 1.00
M, 552848, 302201, 538668, 753093, 310076, 122304, 468489, 107297, 37.2, 37.6, 0.99
M, 554258, 302221, 537682, 754121, 310297, 122206, 468743, 107201, 37.2, 37.7, 1.00
M, 555157, 302046, 537240, 755061, 310339, 122126, 468910, 107207, 37.2, 37.7, 1.00
M, 556726, 302001, 536465, 756313, 310692, 122033, 469217, 107189, 37.2, 37.7, 1.00
M, 557625, 301928, 536165, 757124, 310849, 121963, 469290, 107154, 37.2, 37.7, 1.00
M, 558366, 301711, 535576, 758340, 310931, 121956, 469544, 107170, 37.2, 37.7, 1.00
M, 560749, 301790, 536729, 761051, 311413, 122107, 470086, 107404, 37.2, 37.7, 1.00
M, 561812, 301871, 536472, 762075, 311655, 122000, 470464, 107402, 37.2, 37.7, 0.99
M, 562904, 301911, 536695, 763536, 312009, 122026, 470684, 107399, 37.2, 37.7, 0.99
M, 563999, 301944, 536459, 764737, 312341, 122081, 471111, 107398, 37.2, 37.7, 0.99
M, 564676, 301892, 536166, 765664, 312504, 122055, 471307, 107374, 37.2, 37.8, 1.00
M, 565443, 301882, 536124, 766837, 312717, 122041, 471625, 107434, 37.2, 37.8, 1.00
M, 566443, 301960, 536208, 768299, 313066, 122075, 472050, 107485, 37.2, 37.8, 1.00
M, 567183, 301881, 536219, 769251, 313318, 122105, 472315, 107580, 37.2, 37.8, 1.00
M, 568244, 302020, 536575, 770689, 313659, 122143, 472721, 107627, 37.2, 37.8, 1.00
M, 569217, 302187, 536729, 771944, 314047, 122204, 473052, 107634, 37.2, 37.8, 1.00
M, 569858, 302219, 536665, 772804, 314314, 122191, 473469, 107650, 37.2, 37.8, 1.00
M, 570642, 302244, 536757, 773956, 314597, 122235, 473740, 107652, 37.2, 37.8, 0.99
M, 571213, 302390, 536915, 774868, 314861, 122290, 474040, 107741, 37.2, 37.8, 0.99
M, 571805, 302533, 536930, 775786, 315102, 122297, 474405, 107724, 37.2, 37.8, 1.00
M, 572710, 302634, 537143, 776960, 315440, 122308, 474796, 107764, 37.2, 37.9, 1.00
M, 573189, 302779, 537132, 777737, 315637, 122385, 475028, 107746, 37.2, 37.9, 1.00
M, 573743, 302955, 536967, 778603, 315974, 122363, 475463, 107816, 37.2, 37.9, 1.00
M, 573974, 302927, 537035, 779188, 316195, 122390, 475627, 107774, 37.2, 37.9, 1.00
M, 574573, 303164, 536865, 780036, 316517, 122402, 476022, 107805, 37.2, 37.9, 1.00
M, 575044, 303134, 536894, 780585, 316649, 122357, 476170, 107758, 37.2, 37.9, 1.00
M, 576598, 303476, 538434, 782921, 317152, 122575, 476738, 108014, 37.2, 37.9, 1.00
M, 576790, 303673, 538079, 783067, 317335, 122598, 477011, 107985, 37.2, 37.9, 1.01
M, 576662, 303650, 537397, 783126, 317396, 122531, 477108, 107890, 37.2, 37.9, 1.01
M, 576994, 303767, 537417, 783849, 317634, 122503, 477356, 107927, 37.2, 37.9, 1.01
M, 577408, 303892, 537099, 784049, 317805, 122513, 477589, 107896, 37.2, 37.9, 1.00
M, 577803, 303985, 537313, 784685, 318117, 122485, 477843, 107892, 37.2, 38.0, 0.99
M, 578501, 304228, 537723, 785950, 318296, 122598, 478224, 107937, 37.2, 38.0, 1.00
M, 579036, 304408, 537861, 786775, 318611, 122661, 478512, 108011, 37.2, 38.0, 1.00
M, 579468, 304551, 537954, 787287, 318759, 122691, 478780, 108093, 37.2, 38.0, 1.00
M, 580178, 304747, 538521, 788284, 319152, 122808, 479130, 108136, 37.2, 38.0, 1.00
M, 580688, 304963, 538618, 789084, 319366, 122813, 479418, 108088, 37.2, 38.0, 1.00
M, 581012, 305125, 538648, 789564, 319548, 122808, 479642, 108107, 37.2, 38.0, 0.99
M, 581587, 305351, 538917, 790547, 319794, 122852, 479923, 108206, 37.2, 38.0, 1.01
M, 581959, 305491, 539067, 791156, 319980, 122852, 480165, 108110, 37.2, 38.0, 1.00
M, 582412, 305682, 539197, 791766, 320217, 122989, 480393, 108213, 37.2, 38.0, 1.00
M, 582974, 305871, 539338, 792255, 320412, 122956, 480634, 108201, 37.2, 38.0, 1.01
M, 583159, 305978, 539373, 792879, 320603, 122981, 480864, 108214, 37.2, 38.0, 1.01
M, 583326, 306162, 539229, 793312, 320808, 122993, 481103, 108221, 37.2, 38.0, 1.00
M, 583661, 306258, 539285, 793680, 320948, 123033, 481225, 108294, 37.2, 38.0, 1.00
M, 584265, 306446, 539801, 794634, 321166, 123110, 481545, 108323, 37.2, 38.0, 1.00
M, 585784, 306842, 541315, 796788, 321610, 123298, 482049, 108406, 37.2, 38.0, 1.00
M, 585454, 306998, 540382, 795939, 321657, 123189, 482078, 108328, 37.2, 38.0, 1.00
M, 584775, 306934, 539526, 795390, 321527, 123019, 481990, 108255, 37.2, 38.0, 1.00
M, 584801, 307006, 539306, 795755, 321653, 123088, 482101, 108219, 37.2, 38.0, 1.00
M, 585348, 307180, 539693, 796582, 321858, 123131, 482363, 108300, 37.2, 38.0, 1.00
M, 585755, 307266, 539784, 797120, 322018, 123095, 482529, 108339, 37.2, 38.0, 1.01
M, 586375, 307481, 540468, 798025, 322249, 123255, 482874, 108394, 37.2, 38.0, 1.00
M, 586970, 307639, 540757, 798786, 322461, 123243, 483147, 108371, 37.2, 38.0, 1.01
M, 587183, 307806, 540742, 799155, 322655, 123259, 483249, 108445, 37.2, 38.0, 1.00
M, 587474, 307946, 540926, 799609, 322757, 123355, 483415, 108452, 37.2, 38.0, 0.99
M, 588112, 308190, 541314, 800519, 323009, 123429, 483649, 108440, 37.2, 38.0, 1.01
M, 588265, 308315, 541418, 800909, 323121, 123428, 483890, 108504, 37.2, 38.0, 1.01
M, 588978, 308592, 541862, 801498, 323417, 123461, 484124, 108527, 37.2, 38.0, 1.01
M, 589064, 308680, 541740, 801862, 323456, 123428, 484188, 108513, 37.2, 38.0, 1.00
M, 589365, 308790, 542021, 802550, 323627, 123517, 484440, 108546, 37.2, 38.1, 1.01
M, 589674, 309022, 542035, 802844, 323812, 123575, 484559, 108579, 37.2, 38.1, 1.01
M, 589396, 309111, 541765, 802983, 323833, 123550, 484735, 108506, 37.2, 38.1, 1.01
M, 589897, 309241, 541949, 803258, 323944, 123552, 484859, 108475, 37.2, 38.1, 1.01
M, 589929, 309334, 541788, 803370, 324108, 123560, 484988, 108516, 37.2, 38.1, 1.01
M, 590002, 309414, 541872, 803764, 324080, 123569, 485047, 108559, 37.2, 38.1, 1.00
M, 591605, 309649, 543367, 805789, 324488, 123770, 485509, 108699, 37.2, 38.1, 1.00
M, 591489, 309860, 543145, 805628, 324608, 123746, 485661, 108700, 37.2, 38.1, 1.00
M, 591746, 310028, 543068, 805834, 324686, 123718, 485677, 108632, 37.2, 38.1, 1.00
M, 591698, 310078, 542838, 805859, 324697, 123725, 485716, 108584, 37.2, 38.1, 1.01
M, 591654, 310143, 542865, 806154, 324770, 123740, 485793, 108619, 37.2, 38.1, 1.00
M, 592025, 310242, 543105, 806643, 324896, 123746, 485964, 108617, 37.2, 38.1, 0.99
M, 592167, 310324, 543154, 806910, 324931, 123760, 486071, 108683, 37.2, 38.1, 1.00
M, 592604, 310492, 543493, 807450, 325114, 123789, 486296, 108630, 37.2, 38.1, 1.00
M, 592841, 310604, 543495, 807612, 325262, 123858, 486364, 108702, 37.2, 38.1, 1.00
M, 592903, 310684, 543475, 807729, 325289, 123821, 486527, 108654, 37.2, 38.1, 1.00
M, 592923, 310718, 543471, 808167, 325314, 123799, 486493, 108677, 37.2, 38.1, 1.00
M, 593350, 310826, 543841, 808765, 325492, 123861, 486748, 108711, 37.2, 38.1, 1.00
M, 593559, 311043, 543835, 808939, 325565, 123936, 486822, 108742, 37.2, 38.1, 0.99
M, 594030, 311206, 544283, 809525, 325754, 124006, 487024, 108768, 37.2, 38.1, 0.99
M, 594196, 311283, 544400, 810030, 325869, 123971, 487163, 108747, 37.2, 38.1, 1.00
M, 594289, 311341, 544458, 810067, 325938, 123955, 487234, 108712, 37.2, 38.1, 0.99
M, 594695, 311489, 544609, 810569, 326109, 124025, 487382, 108792, 37.2, 38.1, 1.00
M, 594625, 311581, 544499, 810558, 326135, 124004, 487508, 108755, 37.2, 38.1, 0.99
M, 594555, 311585, 544363, 810728, 326158, 124018, 487481, 108787, 37.2, 38.1, 1.00
M, 594827, 311740, 544425, 811035, 326309, 124062, 487648, 108785, 37.2, 38.1, 1.01
M, 595725, 311840, 545547, 812376, 326459, 124176, 487832, 108863, 37.2, 38.1, 1.00
M, 595346, 311934, 544941, 811898, 326448, 124032, 487859, 108771, 37.2, 38.1, 1.00
M, 595003, 311868, 544409, 811430, 326350, 124103, 487790, 108718, 37.2, 38.1, 1.00
M, 594857, 311906, 544173, 811409, 326376, 124038, 487827, 108734, 37.2, 38.1, 1.00
M, 595130, 311993, 544408, 811850, 326457, 124039, 487970, 108751, 37.2, 38.1, 0.99
M, 595211, 312129, 544332, 811825, 326499, 124030, 487999, 108684, 37.2, 38.1, 0.99
M, 595451, 312125, 544637, 812201, 326564, 124086, 488084, 108742, 37.2, 38.1, 1.00
M, 595887, 312173, 544988, 812869, 326720, 124126, 488217, 108768, 37.2, 38.1, 0.99
M, 596121, 312343, 545185, 813329, 326818, 124122, 488404, 108807, 37.2, 38.1, 1.01
M, 596533, 312432, 545373, 813557, 326937, 124209, 488486, 108811, 37.2, 38.1, 1.01
M, 596640, 312518, 545356, 813772, 327082, 124164, 488646, 108800, 37.2, 38.1, 0.99
M, 596612, 312501, 545413, 814016, 327040, 124182, 488712, 108807, 37.2, 38.1, 0.99
M, 596973, 312612, 545683, 814483, 327086, 124260, 488762, 108803, 37.2, 38.1, 1.01
M, 597269, 312735, 545816, 814798, 327225, 124270, 488890, 108806, 37.2, 38.1, 1.00
M, 597670, 312887, 546236, 815346, 327419, 124311, 489063, 108908, 37.2, 38.1, 0.99
M, 597907, 313013, 546385, 815449, 327467, 124369, 489142, 108888, 37.2, 38.1, 0.99
M, 597934, 312990, 546429, 815544, 327486, 124383, 489183, 108874, 37.2, 38.1, 1.01
M, 598099, 313042, 546529, 816135, 327522, 124394, 489287, 108941, 37.2, 38.1, 1.00
M, 597829, 313139, 546073, 815665, 327569, 124366, 489338, 108889, 37.2, 38.1, 1.01
M, 597889, 313107, 546101, 815838, 327550, 124408, 489349, 108830, 37.2, 38.1, 1.00
M, 599544, 313481, 547934, 817962, 328008, 124515, 489879, 109065, 37.2, 38.1, 1.01
M, 599302, 313544, 547585, 817643, 327986, 124503, 489806, 109011, 37.2, 38.1, 0.99
M, 599212, 313575, 547374, 817508, 327938, 124567, 489796, 108966, 37.2, 38.1, 1.00
M, 598864, 313452, 546937, 817211, 327839, 124498, 489692, 108907, 37.2, 38.1, 1.00
M, 598670, 313537, 546698, 817066, 327908, 124502, 489763, 108866, 37.2, 38.1, 0.99
M, 599088, 313619, 547114, 817631, 327945, 124515, 489868, 109009, 37.2, 38.1, 0.99
M, 599502, 313724, 547375, 818046, 328036, 124585, 490013, 108939, 37.2, 38.1, 1.01
M, 599529, 313688, 547498, 818286, 328137, 124543, 490035, 108964, 37.2, 38.2, 1.00
M, 599535, 313792, 547465, 818387, 328145, 124537, 490135, 108995, 37.2, 38.2, 1.00
M, 600022, 313877, 547854, 818946, 328281, 124589, 490300, 109017, 37.2, 38.1, 1.01
M, 600201, 313978, 547999, 818998, 328409, 124592, 490310, 108974, 37.2, 38.1, 1.00
M, 600122, 314001, 547774, 818930, 328333, 124608, 490283, 108953, 37.2, 38.2, 1.00
M, 600368, 314075, 548143, 819297, 328414, 124656, 490361, 109022, 37.2, 38.2, 1.00
M, 600452, 314172, 548183, 819491, 328457, 124663, 490448, 109001, 37.2, 38.1, 1.00
M, 600616, 314183, 548408, 819966, 328490, 124675, 490614, 109035, 37.2, 38.1, 1.01
M, 600846, 314304, 548603, 820277, 328634, 124758, 490670, 109123, 37.2, 38.2, 1.01
M, 601413, 314456, 548926, 820705, 328729, 124787, 490835, 109061, 37.2, 38.2, 1.00
M, 601302, 314444, 548898, 820697, 328701, 124761, 490803, 109069, 37.2, 38.2, 1.01
M, 601365, 314496, 549047, 821040, 328790, 124773, 490913, 109039, 37.2, 38.2, 1.01
M, 601367, 314553, 548906, 820706, 328796, 124752, 490896, 109074, 37.2, 38.2, 1.00
M, 602263, 314612, 549863, 822144, 328976, 124924, 491093, 109260, 37.2, 38.2, 1.01
M, 601729, 314766, 549226, 821372, 329023, 124882, 491106, 109077, 37.2, 38.2, 1.00
M, 601536, 314622, 548932, 820944, 328836, 124740, 491003, 109001, 37.2, 38.2, 0.99
M, 601684, 314650, 549173, 821521, 328921, 124901, 491072, 109071, 37.2, 38.2, 1.00
M, 601784, 314720, 549261, 821653, 328913, 124879, 491123, 109052, 37.2, 38.2, 1.00
M, 601866, 314725, 549251, 821794, 329007, 124886, 491125, 109030, 37.2, 38.2, 1.00
M, 602345, 314835, 549683, 822259, 329117, 124915, 491305, 109133, 37.2, 38.2, 1.00
M, 602549, 314938, 549995, 822544, 329175, 124934, 491385, 109152, 37.2, 38.2, 0.99
M, 602475, 314978, 549946, 822516, 329171, 124941, 491382, 109044, 37.2, 38.2, 1.00
M, 602452, 314963, 549928, 822519, 329162, 124928, 491412, 109130, 37.2, 38.2, 1.00
M, 602896, 314968, 550255, 823130, 329301, 124932, 491485, 109111, 37.2, 38.2, 0.99
M, 602898, 315089, 550307, 823216, 329290, 124950, 491551, 109190, 37.2, 38.2, 1.00
M, 603356, 315196, 550540, 823446, 329445, 125019, 491654, 109206, 37.2, 38.2, 1.01
M, 603100, 315132, 550483, 823662, 329428, 125013, 491663, 109126, 37.2, 38.2, 1.00
M, 603376, 315231, 550679, 823786, 329484, 125051, 491761, 109087, 37.2, 38.2, 1.00
M, 603329, 315246, 550665, 823850, 329455, 125079, 491724, 109154, 37.2, 38.2, 1.00
M, 603698, 315260, 550943, 824247, 329531, 125049, 491843, 109166, 37.2, 38.2, 1.00
M, 603796, 315432, 551058, 824195, 329589, 125074, 491914, 109183, 37.2, 38.2, 0.99
M, 603505, 315386, 550706, 823951, 329538, 125062, 491851, 109085, 37.2, 38.2, 1.01
M, 603708, 315443, 551046, 824362, 329602, 125131, 491944, 109157, 37.2, 38.2, 1.00
M, 604794, 315603, 552221, 825716, 329899, 125246, 492300, 109323, 37.2, 38.2, 0.99
M, 604706, 315700, 552135, 825626, 329890, 125244, 492243, 109275, 37.2, 38.2, 1.01
M, 604297, 315680, 551573, 825070, 329830, 125200, 492230, 109199, 37.2, 38.2, 1.01
M, 604265, 315623, 551378, 825000, 329813, 125180, 492190, 109161, 37.2, 38.2, 0.99
M, 604276, 315638, 551686, 825295, 329800, 125222, 492212, 109212, 37.2, 38.2, 1.00
M, 604380, 315701, 551769, 825466, 329817, 125178, 492300, 109172, 37.2, 38.2, 1.00
M, 604400, 315688, 551816, 825382, 329901, 125215, 492340, 109217, 37.2, 38.2, 1.00
M, 604830, 315734, 552089, 825900, 329982, 125250, 492389, 109274, 37.2, 38.2, 1.00
M, 604870, 315824, 552160, 825855, 330008, 125292, 492429, 109216, 37.2, 38.2, 1.00
M, 604945, 315831, 552034, 825766, 329988, 125286, 492408, 109201, 37.2, 38.2, 0.99
M, 604746, 315885, 551959, 825924, 329934, 125281, 492346, 109142, 37.2, 38.2, 0.99
M, 604373, 315706, 551676, 825510, 329850, 125222, 492377, 109161, 37.2, 38.2, 1.00
M, 604008, 315727, 551182, 825107, 329793, 125175, 492295, 109107, 37.2, 38.2, 1.00
M, 604402, 315739, 551478, 825314, 329862, 125199, 492361, 109163, 37.2, 38.2, 1.00
M, 604725, 315756, 551861, 825753, 329904, 125162, 492371, 109147, 37.2, 38.2, 0.99
M, 604677, 315794, 551982, 825888, 329956, 125257, 492500, 109174, 37.2, 38.2, 1.00
M, 605006, 315825, 552310, 826149, 330049, 125278, 492549, 109167, 37.2, 38.2, 0.99
M, 605158, 315856, 552404, 826554, 330053, 125306, 492600, 109202, 37.2, 38.2, 0.99
M, 605551, 315943, 552631, 826752, 330137, 125291, 492683, 109181, 37.2, 38.2, 1.01
M, 605516, 315973, 552566, 826656, 330174, 125275, 492686, 109201, 37.2, 38.2, 1.00
M, 606510, 316080, 553832, 828294, 330351, 125502, 492989, 109398, 37.2, 38.2, 1.01
M, 605957, 316163, 553146, 827461, 330378, 125429, 492927, 109228, 37.2, 38.2, 1.01
M, 605742, 316099, 552870, 827113, 330291, 125399, 492832, 109270, 37.2, 38.2, 1.00
M, 605157, 316014, 552346, 826617, 330214, 125331, 492817, 109115, 37.2, 38.2, 1.01
M, 604973, 315924, 552047, 826166, 330051, 125268, 492606, 109112, 37.2, 38.2, 0.99
M, 605039, 315899, 552030, 826262, 330103, 125241, 492698, 109148, 37.2, 38.2, 1.01
M, 605211, 315818, 552240, 826559, 330137, 125293, 492651, 109129, 37.2, 38.2, 1.00
M, 605344, 315939, 552422, 826865, 330068, 125259, 492818, 109134, 37.2, 38.2, 1.00
M, 605817, 315948, 552945, 827378, 330315, 125335, 492960, 109216, 37.2, 38.2, 1.00
M, 606136, 316103, 553220, 827677, 330349, 125372, 493056, 109187, 37.2, 38.2, 1.00
M, 606216, 316108, 553178, 827691, 330364, 125419, 493047, 109198, 37.2, 38.2, 1.00
M, 606033, 315986, 553091, 827696, 330325, 125334, 493050, 109171, 37.2, 38.2, 1.01
M, 606356, 316132, 553568, 828116, 330405, 125421, 493146, 109257, 37.2, 38.2, 1.01
M, 606571, 316115, 553720, 828363, 330472, 125437, 493281, 109274, 37.2, 38.2, 1.01
M, 607007, 316242, 554055, 828822, 330540, 125516, 493362, 109308, 37.2, 38.2, 0.99
M, 607114, 316262, 554067, 828913, 330584, 125519, 493389, 109246, 37.2, 38.2, 1.01
M, 607070, 316310, 554239, 828761, 330601, 125492, 493388, 109263, 37.2, 38.2, 0.99
M, 607265, 316341, 554387, 829347, 330691, 125585, 493402, 109246, 37.2, 38.2, 1.00
M, 607225, 316404, 554444, 829339, 330622, 125549, 493489, 109307, 37.2, 38.2, 1.01
M, 607590, 316472, 554661, 829588, 330744, 125591, 493549, 109282, 37.2, 38.2, 1.01
M, 609080, 316730, 556184, 831366, 331048, 125713, 493897, 109441, 37.2, 38.2, 1.01
M, 608497, 316750, 555760, 830738, 330946, 125761, 493826, 109366, 37.2, 38.2, 0.99
M, 607951, 316704, 554975, 829857, 330905, 125658, 493713, 109338, 37.2, 38.2, 0.99
M, 607531, 316521, 554768, 829616, 330748, 125659, 493578, 109249, 37.2, 38.2, 1.01
M, 607306, 316614, 554577, 829415, 330766, 125626, 493590, 109214, 37.2, 38.2, 1.00
M, 607465, 316547, 554542, 829365, 330743, 125597, 493536, 109251, 37.2, 38.2, 1.00
M, 607606, 316530, 554817, 829876, 330782, 125630, 493651, 109244, 37.2, 38.2, 1.00
M, 607843, 316590, 555005, 829947, 330812, 125641, 493656, 109267, 37.2, 38.2, 0.99
M, 607769, 316628, 555044, 829915, 330872, 125692, 493716, 109293, 37.2, 38.2, 1.00
M, 608152, 316672, 555449, 830492, 330964, 125784, 493802, 109327, 37.2, 38.2, 1.00
M, 608312, 316663, 555519, 830429, 330915, 125702, 493827, 109334, 37.2, 38.2, 1.01
M, 608286, 316708, 555480, 830407, 330972, 125694, 493868, 109294, 37.2, 38.2, 1.00
M, 608294, 316690, 555535, 830549, 330929, 125716, 493826, 109332, 37.2, 38.2, 1.00
M, 608451, 316807, 555772, 830691, 330951, 125750, 493904, 109292, 37.2, 38.2, 0.99
M, 608497, 316764, 555811, 830885, 330941, 125764, 493898, 109359, 37.2, 38.2, 0.99
M, 608827, 316832, 556220, 831340, 331054, 125790, 493996, 109293, 37.2, 38.2, 1.00
M, 609019, 316832, 556379, 831342, 331123, 125771, 494066, 109347, 37.2, 38.2, 1.00
M, 608951, 316946, 556273, 831270, 331095, 125824, 494037, 109344, 37.2, 38.2, 1.00
M, 608729, 316912, 556212, 831374, 331038, 125794, 494022, 109341, 37.2, 38.2, 1.00
M, 608824, 316871, 556379, 831482, 331061, 125790, 494077, 109347, 37.2, 38.2, 1.01
M, 610003, 317013, 557641, 832948, 331280, 125966, 494381, 109504, 37.2, 38.2, 1.00
M, 609728, 317138, 557266, 832286, 331405, 125942, 494372, 109474, 37.2, 38.2, 1.00
M, 609493, 317114, 556914, 831863, 331245, 125844, 494202, 109358, 37.2, 38.2, 1.01
M, 609108, 317084, 556583, 831685, 331237, 125872, 494187, 109294, 37.2, 38.2, 1.01
M, 609126, 316992, 556668, 831717, 331108, 125901, 494157, 109394, 37.2, 38.2, 1.00
M, 609336, 317023, 556922, 832123, 331137, 125882, 494218, 109399, 37.2, 38.2, 1.00
M, 609526, 317089, 557080, 832190, 331241, 125904, 494262, 109406, 37.2, 38.2, 1.00
M, 609687, 317116, 557307, 832294, 331250, 125963, 494366, 109419, 37.2, 38.2, 1.00
M, 609636, 317064, 557199, 832177, 331253, 125891, 494329, 109344, 37.2, 38.2, 1.01
M, 609534, 317035, 557141, 832282, 331249, 125939, 494271, 109330, 37.2, 38.2, 0.99
M, 609817, 317158, 557482, 832501, 331297, 125893, 494349, 109404, 37.2, 38.2, 1.00
M, 609844, 317144, 557510, 832667, 331260, 125995, 494382, 109404, 37.2, 38.2, 1.00
M, 610035, 317206, 557863, 833054, 331340, 125972, 494493, 109447, 37.2, 38.2, 1.01
M, 610291, 317228, 558093, 833020, 331400, 126021, 494547, 109414, 37.2, 38.2, 0.99
M, 610122, 317232, 557906, 832903, 331339, 125917, 494491, 109389, 37.2, 38.2, 1.00
M, 610195, 317252, 558087, 833222, 331388, 126005, 494519, 109450, 37.2, 38.2, 1.00
M, 610237, 317231, 558077, 833187, 331381, 126039, 494555, 109407, 37.2, 38.2, 1.00
M, 610446, 317194, 558340, 833447, 331371, 126024, 494564, 109400, 37.2, 38.2, 1.00
M, 610595, 317337, 558414, 833516, 331470, 126081, 494605, 109423, 37.2, 38.2, 0.98
M, 610701, 317425, 558540, 833678, 331529, 126092, 494688, 109495, 37.2, 38.2, 1.01
