State, OV, Alc, H2, AC1, NH3, AC2, VOC, LP, Temp, Hud, AirFlow
A, 566712, 300936, 499364, 775450, 318596, 131709, 466362, 121879, 41.8, 42.6, 0.00
A, 556589, 298610, 488509, 763342, 315766, 129966, 463034, 120057, 41.8, 42.6, 0.62
A, 548042, 296210, 478671, 752050, 313066, 128446, 460086, 118368, 41.8, 42.6, 0.74
A, 541414, 294143, 470893, 743517, 310577, 127234, 457152, 117156, 41.6, 42.3, 0.81
A, 536409, 292628, 464530, 737140, 308638, 126225, 454947, 116315, 41.6, 42.3, 0.89
A, 532331, 291290, 459060, 731704, 307166, 125338, 453409, 115570, 41.4, 41.8, 0.93
A, 528575, 290261, 454240, 727212, 306123, 124503, 452358, 115064, 41.4, 41.8, 0.95
A, 527217, 289371, 451131, 724738, 305416, 123938, 451738, 114644, 41.3, 41.5, 0.98
A, 525726, 288659, 447950, 722354, 304901, 123320, 451460, 114320, 41.3, 41.5, 0.99
A, 524868, 288031, 445532, 721023, 304662, 122896, 451380, 114068, 41.1, 41.3, 0.99
A, 524343, 287538, 443377, 720092, 304519, 122503, 451337, 113973, 41.1, 41.3, 0.99
A, 524410, 287117, 441957, 719970, 304525, 122267, 451480, 113931, 41.0, 41.1, 1.00
A, 524578, 286833, 440693, 719763, 304517, 121984, 451667, 113871, 41.0, 41.1, 1.00
A, 525320, 286703, 439998, 720554, 304821, 121824, 452011, 113910, 41.0, 41.0, 0.99
A, 526020, 286439, 439055, 721034, 304950, 121612, 452401, 113950, 41.0, 41.0, 1.00
A, 526689, 286313, 438373, 721629, 305183, 121424, 452753, 113939, 40.9, 40.9, 1.00
A, 527380, 286120, 437855, 722400, 305383, 121372, 453158, 114029, 40.9, 40.9, 1.00
A, 528390, 286133, 437340, 723329, 305850, 121272, 453754, 114013, 40.8, 40.7, 1.00
A, 529227, 286038, 436979, 723925, 306138, 121211, 454185, 114043, 40.8, 40.7, 1.00
A, 530132, 286097, 436527, 724902, 306565, 121086, 454818, 114104, 40.7, 40.7, 1.00
A, 531791, 286132, 437283, 727052, 307000, 121205, 455352, 114275, 40.7, 40.7, 0.99
A, 532714, 286370, 437083, 727874, 307477, 121190, 456085, 114371, 40.7, 40.7, 0.99
A, 533659, 286474, 436928, 728789, 307872, 121187, 456615, 114340, 40.6, 40.6, 0.99
A, 534643, 286600, 436726, 729931, 308306, 121145, 457227, 114388, 40.6, 40.6, 1.00
A, 535376, 286669, 436529, 730715, 308636, 121159, 457674, 114465, 40.6, 40.5, 1.00
A, 536674, 287027, 436789, 732095, 309259, 121201, 458398, 114529, 40.6, 40.5, 1.00
A, 537494, 287193, 436578, 732986, 309655, 121187, 458988, 114619, 40.5, 40.4, 1.00
A, 538271, 287471, 436235, 733886, 310093, 121210, 459616, 114593, 40.5, 40.4, 1.00
A, 539257, 287741, 436313, 735131, 310615, 121175, 460302, 114752, 40.5, 40.4, 1.00
A, 540611, 288067, 436381, 736266, 311182, 121108, 461069, 114640, 40.5, 40.4, 1.00
A, 540874, 288297, 435660, 736586, 311575, 121102, 461570, 114720, 40.4, 40.3, 1.00
A, 541881, 288667, 435764, 737872, 312005, 121228, 462185, 114726, 40.4, 40.3, 1.00
A, 542963, 289043, 435664, 738955, 312416, 121222, 462784, 114853, 40.4, 40.3, 1.00
A, 544058, 289419, 435912, 740163, 312924, 121188, 463450, 114909, 40.4, 40.3, 1.00
A, 545334, 289893, 436332, 741788, 313416, 121291, 464116, 115046, 40.3, 40.3, 1.00
A, 546577, 290265, 436466, 742917, 313961, 121359, 464721, 114965, 40.3, 40.3, 1.00
A, 547431, 290669, 436523, 743953, 314390, 121372, 465216, 115103, 40.3, 40.2, 1.00
A, 548442, 291070, 436635, 745228, 314784, 121514, 465795, 115258, 40.3, 40.2, 1.00
A, 549282, 291460, 436581, 745947, 315303, 121480, 466404, 115190, 40.2, 40.2, 1.00
A, 549467, 291660, 436183, 746220, 315472, 121497, 466632, 115134, 40.2, 40.2, 1.00
A, 552029, 292360, 437996, 749461, 316369, 121767, 467814, 115522, 40.2, 40.1, 1.00
A, 552475, 292664, 437855, 749915, 316669, 121806, 468159, 115506, 40.2, 40.1, 1.00
A, 553137, 292956, 437871, 750517, 317052, 121817, 468572, 115506, 40.2, 40.1, 1.00
A, 553649, 293349, 437786, 751229, 317449, 121854, 469015, 115524, 40.1, 40.1, 1.00
A, 554041, 293660, 437644, 751798, 317659, 121862, 469429, 115471, 40.1, 40.1, 1.00
A, 554815, 294068, 437868, 752695, 318069, 121880, 469889, 115556, 40.1, 40.1, 1.00
A, 555463, 294405, 437950, 753456, 318524, 121948, 470454, 115619, 40.1, 40.1, 1.00
A, 555919, 294770, 437895, 753945, 318806, 121928, 470771, 115618, 40.1, 40.1, 1.00
A, 556401, 295064, 437866, 754649, 319160, 122027, 471246, 115589, 40.1, 40.1, 1.00
A, 556974, 295438, 437900, 755182, 319403, 122062, 471659, 115657, 40.0, 40.0, 1.00
A, 557691, 295768, 437967, 755840, 319826, 122120, 472079, 115688, 40.0, 40.0, 1.00
A, 557865, 296079, 437880, 756244, 320110, 122148, 472471, 115690, 40.0, 40.0, 1.00
A, 558410, 296365, 438130, 756976, 320415, 122137, 472850, 115735, 40.0, 40.0, 1.00
A, 558831, 296565, 438046, 757523, 320674, 122172, 473210, 115719, 40.0, 40.0, 1.00
A, 559064, 296928, 437860, 757931, 320962, 122241, 473589, 115738, 40.0, 40.0, 1.00
A, 559584, 297243, 438146, 758743, 321257, 122260, 473946, 115842, 39.9, 40.0, 1.01
A, 560078, 297575, 438183, 759070, 321587, 122294, 474362, 115730, 39.9, 40.0, 1.01
A, 560273, 297796, 437993, 759298, 321788, 122263, 474668, 115719, 39.9, 40.0, 1.00
A, 560565, 298074, 438025, 759857, 322067, 122331, 474992, 115786, 39.9, 40.0, 1.00
A, 561240, 298502, 438275, 760648, 322523, 122346, 475456, 115811, 39.9, 40.0, 1.00
A, 562708, 298861, 439513, 762642, 322912, 122580, 476117, 116078, 39.9, 40.0, 1.00
A, 563225, 299449, 439395, 762968, 323333, 122599, 476590, 116045, 39.8, 40.0, 1.00
A, 563340, 299511, 439335, 763137, 323561, 122571, 476814, 115967, 39.8, 40.0, 1.00
A, 563809, 299818, 439602, 763999, 323788, 122666, 477099, 116136, 39.8, 40.0, 1.00
A, 564126, 300149, 439532, 764309, 324085, 122704, 477444, 116085, 39.8, 40.0, 1.00
A, 563587, 300279, 438791, 763804, 324078, 122650, 477515, 115978, 39.8, 40.0, 0.99
A, 564351, 300615, 439344, 764727, 324399, 122719, 477942, 116032, 39.8, 40.0, 1.00
A, 564775, 300966, 439400, 765226, 324721, 122735, 478301, 116068, 39.8, 40.0, 1.00
A, 564910, 301149, 439306, 765474, 324856, 122798, 478600, 116032, 39.7, 40.0, 1.00
A, 564715, 301260, 439026, 765412, 325043, 122709, 478729, 115981, 39.7, 40.0, 1.00
A, 565174, 301550, 439109, 765913, 325277, 122757, 479076, 116003, 39.7, 40.0, 1.00
A, 565669, 301825, 439451, 766723, 325504, 122838, 479397, 116132, 39.7, 40.0, 1.00
A, 565835, 302065, 439386, 766939, 325721, 122867, 479686, 116142, 39.7, 40.0, 1.00
A, 566471, 302357, 439692, 767509, 326065, 122955, 480057, 116125, 39.7, 40.0, 0.99
A, 566728, 302549, 439702, 767880, 326261, 122932, 480308, 116059, 39.7, 40.0, 1.00
A, 566978, 302838, 439731, 768435, 326450, 123019, 480606, 116179, 39.7, 40.0, 1.00
A, 567432, 303109, 440004, 769082, 326722, 123097, 480901, 116197, 39.6, 40.0, 1.01
A, 567759, 303298, 440239, 769456, 326923, 123113, 481166, 116256, 39.6, 40.0, 1.00
A, 568204, 303669, 440306, 770010, 327187, 123145, 481555, 116214, 39.6, 40.0, 1.00
A, 568429, 303919, 440390, 770319, 327386, 123204, 481717, 116269, 39.6, 40.0, 1.00
A, 570111, 304424, 441853, 772646, 327915, 123464, 482447, 116515, 39.6, 40.0, 1.00
A, 570193, 304631, 441798, 772743, 328102, 123370, 482597, 116458, 39.6, 40.0, 1.00
A, 570118, 304876, 441358, 772539, 328290, 123400, 482852, 116406, 39.6, 40.1, 1.00
A, 570042, 305015, 441191, 772516, 328367, 123386, 482891, 116328, 39.6, 40.1, 1.00
A, 570148, 305199, 441237, 772870, 328457, 123438, 483094, 116442, 39.6, 40.1, 1.01
A, 570211, 305465, 441190, 773106, 328624, 123466, 483327, 116349, 39.5, 40.1, 1.00
A, 570298, 305550, 441098, 773223, 328824, 123471, 483567, 116308, 39.5, 40.1, 0.99
A, 570667, 305734, 441283, 773699, 328966, 123513, 483784, 116403, 39.5, 40.1, 1.00
A, 570167, 305794, 440480, 772842, 329019, 123426, 483765, 116167, 39.5, 40.1, 1.00
A, 570296, 305946, 440508, 773079, 329202, 123475, 483990, 116249, 39.5, 40.1, 1.00
A, 570289, 306067, 440495, 773500, 329262, 123395, 484139, 116234, 39.5, 40.1, 1.01
A, 570525, 306253, 440451, 773717, 329410, 123489, 484242, 116221, 39.5, 40.1, 1.00
A, 570798, 306402, 440572, 773986, 329564, 123524, 484521, 116326, 39.5, 40.1, 1.00
A, 571320, 306700, 440947, 774618, 329803, 123598, 484814, 116339, 39.4, 40.1, 1.00
A, 571452, 306819, 440769, 774796, 329930, 123539, 485027, 116301, 39.4, 40.1, 1.01
A, 571235, 306931, 440651, 774734, 329999, 123625, 485144, 116258, 39.4, 40.2, 1.01
A, 571515, 307085, 440742, 775232, 330145, 123596, 485349, 116266, 39.4, 40.2, 1.00
A, 571009, 307138, 440339, 774924, 330210, 123567, 485484, 116216, 39.4, 40.2, 1.01
A, 571440, 307313, 440450, 775385, 330366, 123614, 485629, 116272, 39.4, 40.2, 1.00
A, 572129, 307540, 440857, 775823, 330661, 123634, 485964, 116315, 39.4, 40.2, 1.00
A, 573563, 307845, 442301, 778041, 331031, 123903, 486493, 116569, 39.4, 40.2, 1.01
A, 573630, 308224, 442141, 778065, 331212, 123876, 486691, 116431, 39.4, 40.2, 1.00
A, 573760, 308323, 442048, 778221, 331280, 123900, 486767, 116513, 39.4, 40.2, 1.00
A, 573981, 308434, 442239, 778638, 331509, 123934, 486948, 116550, 39.4, 40.2, 1.00
A, 574059, 308512, 442327, 778855, 331609, 123972, 487141, 116500, 39.3, 40.2, 1.00
A, 574337, 308703, 442287, 779021, 331799, 123981, 487334, 116426, 39.3, 40.2, 0.99
A, 574296, 308886, 442139, 779114, 331843, 124040, 487485, 116463, 39.3, 40.2, 1.00
A, 574339, 308964, 442187, 779391, 331950, 123964, 487537, 116465, 39.3, 40.2, 0.99
A, 574553, 309111, 442365, 779890, 332107, 124099, 487791, 116476, 39.3, 40.3, 1.01
A, 574683, 309219, 442308, 779911, 332270, 124101, 487917, 116497, 39.3, 40.3, 1.00
A, 575051, 309428, 442555, 780303, 332371, 124196, 488099, 116488, 39.3, 40.3, 1.00
A, 575203, 309582, 442701, 780705, 332514, 124249, 488331, 116553, 39.3, 40.3, 1.00
A, 575210, 309724, 442644, 780812, 332628, 124129, 488471, 116557, 39.3, 40.3, 1.00
A, 575484, 309864, 442888, 781240, 332770, 124250, 488600, 116625, 39.3, 40.3, 1.00
A, 575655, 309974, 442768, 781358, 332895, 124275, 488715, 116517, 39.2, 40.3, 1.00
A, 575493, 310101, 442374, 780937, 332929, 124179, 488814, 116489, 39.2, 40.3, 1.00
A, 575407, 310138, 442368, 781092, 332967, 124228, 488879, 116419, 39.2, 40.3, 1.00
A, 575568, 310203, 442662, 781849, 333098, 124217, 489033, 116487, 39.2, 40.3, 1.00
A, 575660, 310322, 442614, 782057, 333199, 124245, 489224, 116471, 39.2, 40.3, 1.01
A, 575898, 310510, 442678, 782188, 333333, 124355, 489334, 116517, 39.2, 40.3, 1.01
A, 577693, 310922, 444428, 784513, 333844, 124572, 490029, 116798, 39.2, 40.4, 1.00
A, 577686, 311060, 444233, 784380, 333962, 124569, 490098, 116717, 39.2, 40.4, 1.00
A, 577328, 311206, 443775, 784031, 334072, 124467, 490138, 116607, 39.2, 40.4, 1.01
A, 577169, 311105, 443717, 784070, 333996, 124512, 490120, 116573, 39.2, 40.4, 1.00
A, 577312, 311303, 443701, 784389, 334057, 124569, 490260, 116637, 39.2, 40.4, 1.00
A, 577299, 311358, 443694, 784409, 334111, 124601, 490326, 116633, 39.2, 40.4, 1.01
A, 577482, 311437, 443792, 784517, 334242, 124562, 490449, 116600, 39.2, 40.4, 1.01
A, 577392, 311494, 443526, 784406, 334177, 124470, 490536, 116511, 39.1, 40.4, 1.00
A, 577210, 311512, 443497, 784590, 334233, 124551, 490549, 116593, 39.1, 40.4, 1.01
A, 577408, 311602, 443653, 784797, 334428, 124663, 490682, 116456, 39.1, 40.4, 1.00
A, 577546, 311707, 443665, 784824, 334436, 124589, 490726, 116544, 39.1, 40.4, 0.99
A, 577774, 311867, 443957, 785361, 334596, 124656, 490977, 116548, 39.1, 40.4, 1.00
A, 577893, 311932, 443844, 785343, 334723, 124720, 491097, 116512, 39.1, 40.4, 1.00
A, 577893, 312045, 443734, 785388, 334752, 124636, 491228, 116502, 39.1, 40.5, 1.00
A, 577830, 311986, 443793, 785664, 334797, 124728, 491271, 116477, 39.1, 40.5, 0.99
A, 578092, 312207, 443969, 786151, 334937, 124848, 491468, 116560, 39.1, 40.4, 1.00
A, 578207, 312299, 444011, 786188, 335023, 124825, 491533, 116610, 39.1, 40.4, 1.00
A, 578597, 312378, 444359, 786735, 335161, 124862, 491683, 116596, 39.1, 40.5, 1.01
A, 578803, 312460, 444428, 786982, 335302, 124893, 491829, 116628, 39.1, 40.5, 1.00
A, 578688, 312547, 444364, 786898, 335266, 124893, 491889, 116596, 39.1, 40.5, 0.99
A, 579999, 312748, 445549, 788679, 335571, 125137, 492277, 116771, 39.1, 40.5, 0.99
A, 579933, 313048, 445424, 788631, 335857, 125084, 492459, 116759, 39.0, 40.5, 1.00
A, 579756, 313012, 445314, 788740, 335772, 125116, 492501, 116724, 39.0, 40.5, 1.01
A, 579706, 313136, 445184, 788543, 335908, 125056, 492574, 116647, 39.0, 40.5, 0.99
A, 579582, 313079, 445060, 788529, 335850, 125088, 492503, 116598, 39.0, 40.5, 1.00
A, 579612, 313150, 445130, 788699, 335820, 125130, 492590, 116640, 39.0, 40.5, 0.99
A, 579628, 313213, 445080, 788808, 335940, 125149, 492676, 116645, 39.0, 40.5, 1.01
A, 579687, 313244, 445140, 788884, 335995, 125140, 492750, 116656, 39.0, 40.5, 1.00
A, 579906, 313391, 445280, 789243, 336140, 125255, 492910, 116629, 39.0, 40.6, 1.00
A, 580059, 313394, 445329, 789294, 336262, 125215, 493015, 116667, 39.0, 40.6, 1.00
A, 579642, 313411, 445083, 788996, 336198, 125197, 492981, 116572, 39.0, 40.6, 1.01
A, 579902, 313434, 445229, 789421, 336232, 125190, 493085, 116533, 39.0, 40.6, 0.99
A, 580038, 313594, 445237, 789640, 336316, 125229, 493215, 116654, 39.0, 40.6, 1.00
A, 580383, 313682, 445577, 789950, 336461, 125251, 493350, 116631, 39.0, 40.6, 0.99
A, 580350, 313669, 445418, 789892, 336493, 125263, 493426, 116636, 39.0, 40.6, 1.00
A, 580155, 313613, 445446, 790186, 336495, 125291, 493420, 116569, 39.0, 40.6, 1.01
A, 580293, 313795, 445541, 790387, 336622, 125351, 493543, 116678, 38.9, 40.6, 0.99
A, 580400, 313759, 445640, 790567, 336626, 125316, 493638, 116619, 38.9, 40.6, 1.01
A, 580753, 313892, 445952, 791053, 336821, 125464, 493818, 116697, 38.9, 40.6, 1.01
A, 580943, 314005, 445988, 791033, 336884, 125433, 493931, 116650, 38.9, 40.6, 1.00
A, 582073, 314224, 447322, 792749, 337161, 125621, 494258, 116828, 38.9, 40.6, 1.00
A, 582220, 314379, 447325, 792968, 337319, 125637, 494359, 116757, 38.9, 40.6, 0.99
A, 581727, 314400, 446897, 792444, 337336, 125567, 494352, 116759, 38.9, 40.6, 1.00
A, 581688, 314388, 446712, 792442, 337230, 125607, 494320, 116732, 38.9, 40.6, 1.01
A, 580836, 314321, 445958, 791605, 337164, 125491, 494261, 116540, 38.9, 40.6, 1.01
A, 580813, 314342, 446008, 791610, 337058, 125508, 494163, 116561, 38.9, 40.6, 1.00
A, 581059, 314310, 446249, 791857, 337175, 125522, 494342, 116588, 38.9, 40.6, 1.00
A, 581175, 314394, 446344, 792060, 337291, 125541, 494394, 116571, 38.9, 40.7, 0.99
A, 581073, 314319, 446239, 792025, 337292, 125577, 494414, 116586, 38.9, 40.7, 1.00
A, 581437, 314488, 446627, 792325, 337360, 125625, 494537, 116605, 38.9, 40.7, 1.00
A, 581338, 314471, 446570, 792598, 337438, 125586, 494590, 116572, 38.9, 40.7, 1.00
A, 581254, 314533, 446494, 792636, 337428, 125641, 494612, 116558, 38.8, 40.7, 1.01
A, 581385, 314536, 446564, 792892, 337388, 125621, 494677, 116637, 38.8, 40.7, 1.00
A, 581552, 314589, 446707, 793157, 337559, 125691, 494803, 116579, 38.8, 40.7, 1.01
A, 581672, 314530, 446757, 793244, 337571, 125697, 494845, 116636, 38.8, 40.7, 1.00
A, 581902, 314746, 447087, 793689, 337768, 125788, 495013, 116659, 38.8, 40.8, 1.01
A, 582169, 314727, 447197, 793850, 337849, 125779, 495108, 116587, 38.8, 40.8, 1.00
A, 582023, 314743, 447268, 793900, 337829, 125820, 495108, 116660, 38.8, 40.8, 1.00
A, 582145, 314869, 447381, 794223, 337913, 125900, 495232, 116679, 38.8, 40.8, 1.00
A, 582080, 314886, 447411, 794476, 338005, 125811, 495237, 116632, 38.8, 40.8, 1.01
A, 583762, 315133, 448863, 796176, 338336, 126090, 495651, 116874, 38.8, 40.8, 1.00
A, 583520, 315249, 448679, 795950, 338371, 126035, 495830, 116773, 38.8, 40.8, 0.99
A, 583374, 315369, 448611, 795986, 338375, 126025, 495804, 116790, 38.8, 40.8, 1.00
A, 583046, 315263, 448177, 795316, 338398, 126030, 495724, 116676, 38.8, 40.8, 0.99
A, 582775, 315203, 448087, 795329, 338276, 126027, 495660, 116634, 38.8, 40.8, 1.00
A, 582595, 315242, 447869, 795099, 338303, 126024, 495749, 116594, 38.8, 40.8, 0.99
A, 582381, 315080, 447700, 794791, 338252, 125954, 495628, 116585, 38.8, 40.8, 1.00
A, 582208, 315043, 447775, 795032, 338277, 126031, 495721, 116619, 38.8, 40.8, 1.01
A, 582304, 315120, 447772, 795194, 338297, 126063, 495739, 116588, 38.8, 40.9, 1.00
A, 582272, 315158, 447709, 795120, 338280, 126056, 495729, 116568, 38.8, 40.9, 1.01
A, 582576, 315239, 447937, 795503, 338416, 126072, 495877, 116598, 38.8, 40.9, 1.00
A, 582631, 315223, 448048, 795473, 338469, 126104, 495943, 116585, 38.8, 40.9, 1.00
A, 582661, 315202, 448079, 795650, 338503, 126131, 495952, 116581, 38.7, 40.9, 0.99
A, 582725, 315297, 448318, 795973, 338574, 126122, 496055, 116579, 38.7, 40.9, 1.00
A, 582715, 315219, 448320, 796046, 338626, 126114, 496100, 116587, 38.7, 40.9, 1.00
A, 582775, 315245, 448373, 796248, 338636, 126207, 496115, 116602, 38.7, 40.9, 1.00
A, 583019, 315340, 448623, 796579, 338709, 126220, 496194, 116649, 38.7, 40.9, 1.00
A, 583231, 315363, 448736, 796693, 338737, 126214, 496280, 116631, 38.7, 40.9, 0.99
A, 583149, 315368, 448785, 796729, 338821, 126226, 496280, 116565, 38.7, 40.9, 1.00
A, 583025, 315355, 448765, 796789, 338742, 126296, 496412, 116634, 38.7, 40.9, 1.00
A, 584788, 315654, 450318, 798946, 339277, 126509, 496890, 116943, 38.7, 40.9, 1.00
A, 584653, 315842, 450303, 798804, 339329, 126509, 496903, 116787, 38.7, 40.9, 1.00
A, 584271, 315851, 449964, 798374, 339300, 126507, 496827, 116753, 38.7, 40.9, 0.99
A, 584154, 315764, 449801, 798187, 339243, 126440, 496835, 116660, 38.7, 40.9, 1.01
A, 583692, 315734, 449459, 797848, 339260, 126413, 496808, 116662, 38.7, 41.0, 1.01
A, 583663, 315627, 449420, 797938, 339091, 126463, 496786, 116619, 38.7, 41.0, 0.99
A, 583452, 315747, 449310, 797530, 339211, 126470, 496764, 116597, 38.7, 41.0, 1.00
A, 583324, 315627, 449244, 797555, 339143, 126394, 496762, 116610, 38.7, 41.0, 1.00
A, 583400, 315648, 449404, 797923, 339135, 126408, 496747, 116515, 38.7, 41.0, 1.00
A, 583376, 315624, 449438, 797956, 339221, 126460, 496885, 116578, 38.6, 41.0, 1.00
A, 583432, 315686, 449480, 797876, 339169, 126476, 496894, 116590, 38.6, 41.0, 0.99
A, 583405, 315708, 449497, 798047, 339280, 126460, 496940, 116556, 38.6, 41.0, 0.99
A, 583485, 315702, 449595, 798036, 339343, 126514, 496982, 116492, 38.6, 41.0, 1.00
A, 583462, 315632, 449463, 797923, 339277, 126464, 496933, 116555, 38.6, 41.0, 1.01
A, 583480, 315659, 449770, 798390, 339330, 126488, 497017, 116544, 38.6, 41.0, 1.00
A, 583648, 315599, 449801, 798506, 339339, 126540, 497103, 116531, 38.6, 41.0, 0.99
A, 583493, 315676, 449786, 798611, 339376, 126570, 497126, 116578, 38.6, 41.0, 1.01
A, 583899, 315692, 450054, 798904, 339443, 126598, 497270, 116627, 38.6, 41.0, 1.00
A, 583861, 315714, 450061, 798927, 339510, 126599, 497275, 116578, 38.6, 41.0, 1.00
A, 583741, 315692, 449989, 798846, 339488, 126569, 497213, 116492, 38.6, 41.1, 1.00
A, 584413, 315796, 450723, 799782, 339646, 126740, 497399, 116655, 38.6, 41.1, 1.01
A, 584695, 316017, 450958, 800305, 339780, 126766, 497588, 116658, 38.6, 41.1, 1.01
A, 584654, 315996, 450934, 800199, 339775, 126722, 497570, 116712, 38.6, 41.1, 1.01
A, 584866, 316055, 451064, 800298, 339950, 126777, 497709, 116632, 38.6, 41.1, 1.01
A, 584724, 316066, 451104, 800322, 339950, 126787, 497703, 116651, 38.6, 41.1, 1.01
A, 584519, 316089, 450899, 800240, 339919, 126843, 497733, 116589, 38.6, 41.1, 0.99
A, 584441, 316032, 450947, 800235, 339871, 126890, 497727, 116558, 38.6, 41.1, 1.00
A, 584781, 316077, 451262, 800598, 340007, 126863, 497765, 116692, 38.6, 41.1, 0.99
A, 584590, 316096, 451132, 800475, 339972, 126842, 497788, 116599, 38.6, 41.1, 1.00
A, 584101, 315947, 450642, 799802, 339779, 126826, 497625, 116478, 38.6, 41.1, 1.00
A, 584189, 315926, 450509, 799802, 339871, 126758, 497665, 116482, 38.6, 41.1, 1.00
A, 584055, 315947, 450718, 800109, 339783, 126812, 497714, 116527, 38.6, 41.1, 1.00
A, 584030, 315887, 450777, 800121, 339865, 126816, 497674, 116477, 38.5, 41.2, 0.99
A, 584194, 315918, 450867, 800305, 339984, 126841, 497765, 116555, 38.5, 41.2, 1.00
A, 584609, 315993, 451180, 800688, 340067, 126921, 497907, 116600, 38.5, 41.2, 1.00
A, 584770, 316026, 451355, 801000, 340135, 126983, 498000, 116570, 38.5, 41.2, 0.99
A, 584690, 316049, 451514, 801116, 340112, 126960, 498045, 116580, 38.5, 41.2, 1.01
A, 584842, 316052, 451498, 801162, 340119, 126949, 498068, 116505, 38.5, 41.2, 0.99
A, 585102, 316152, 451909, 801623, 340308, 127027, 498187, 116566, 38.5, 41.2, 1.00
A, 585043, 316136, 451813, 801641, 340268, 127025, 498221, 116646, 38.5, 41.2, 1.00
A, 586697, 316390, 453633, 803945, 340654, 127291, 498675, 116942, 38.5, 41.2, 1.00
A, 586805, 316566, 453635, 803854, 340768, 127262, 498762, 116812, 38.5, 41.2, 0.99
A, 586383, 316532, 453377, 803567, 340720, 127242, 498714, 116750, 38.5, 41.2, 1.00
A, 586139, 316533, 453139, 803387, 340692, 127311, 498673, 116775, 38.5, 41.2, 1.01
A, 586045, 316586, 453091, 803223, 340679, 127269, 498647, 116672, 38.5, 41.2, 1.01
A, 585960, 316503, 452857, 802893, 340586, 127220, 498623, 116628, 38.5, 41.2, 1.00
A, 585163, 316440, 452307, 802248, 340561, 127226, 498490, 116567, 38.5, 41.2, 1.01
A, 585077, 316328, 452323, 802188, 340464, 127231, 498438, 116524, 38.5, 41.2, 1.00
A, 584857, 316242, 452204, 802071, 340411, 127185, 498435, 116519, 38.5, 41.2, 1.01
A, 585096, 316224, 452320, 802351, 340425, 127191, 498434, 116501, 38.5, 41.3, 1.00
A, 585161, 316265, 452479, 802227, 340542, 127231, 498515, 116513, 38.5, 41.3, 1.00
A, 585124, 316249, 452466, 802437, 340602, 127206, 498563, 116532, 38.5, 41.3, 1.00
A, 585485, 316338, 452901, 803013, 340691, 127268, 498661, 116524, 38.5, 41.3, 1.00
A, 585316, 316228, 452827, 802841, 340560, 127244, 498615, 116534, 38.5, 41.3, 1.00
A, 585532, 316400, 453026, 802887, 340739, 127348, 498744, 116609, 38.5, 41.3, 0.99
A, 585626, 316405, 453203, 803230, 340717, 127302, 498753, 116616, 38.5, 41.3, 1.00
A, 585580, 316300, 453090, 803192, 340763, 127391, 498792, 116516, 38.5, 41.3, 1.01
A, 585633, 316344, 453158, 803197, 340744, 127363, 498832, 116552, 38.4, 41.4, 0.99
A, 585525, 316339, 453167, 803341, 340742, 127321, 498808, 116479, 38.4, 41.4, 0.99
A, 585761, 316395, 453484, 803697, 340774, 127400, 498902, 116540, 38.4, 41.4, 1.00
A, 587103, 316590, 454893, 805560, 341168, 127673, 499279, 116849, 38.4, 41.4, 1.01
A, 587149, 316747, 454862, 805380, 341284, 127616, 499418, 116756, 38.4, 41.4, 0.99
A, 586969, 316731, 454690, 805187, 341264, 127592, 499375, 116669, 38.4, 41.4, 1.00
A, 586666, 316661, 454558, 805052, 341168, 127587, 499264, 116636, 38.4, 41.4, 0.99
A, 586555, 316655, 454446, 804867, 341106, 127552, 499226, 116563, 38.4, 41.4, 1.00
A, 586348, 316670, 454354, 804725, 341182, 127580, 499333, 116594, 38.4, 41.4, 0.99
A, 586136, 316586, 454045, 804544, 341088, 127561, 499223, 116559, 38.4, 41.4, 1.00
A, 586007, 316534, 454184, 804395, 341156, 127560, 499288, 116534, 38.4, 41.4, 1.01
A, 586025, 316580, 454154, 804453, 341077, 127562, 499204, 116553, 38.4, 41.4, 1.00
A, 586196, 316574, 454390, 804772, 341172, 127618, 499238, 116589, 38.4, 41.4, 0.99
A, 586057, 316516, 454354, 804700, 341038, 127559, 499264, 116562, 38.4, 41.4, 1.00
A, 585951, 316494, 454173, 804460, 341096, 127625, 499259, 116611, 38.4, 41.4, 1.01
A, 586289, 316643, 454680, 805130, 341169, 127706, 499371, 116607, 38.4, 41.5, 1.00
A, 586441, 316637, 454831, 805223, 341262, 127716, 499463, 116623, 38.4, 41.5, 1.01
A, 586483, 316625, 454745, 805117, 341232, 127712, 499460, 116543, 38.4, 41.5, 0.99
A, 586529, 316636, 455015, 805617, 341299, 127718, 499531, 116585, 38.4, 41.5, 1.01
A, 586624, 316537, 455110, 805597, 341363, 127744, 499575, 116590, 38.4, 41.5, 1.00
A, 586450, 316569, 454939, 805442, 341383, 127712, 499531, 116578, 38.4, 41.5, 0.99
A, 586840, 316702, 455261, 805855, 341422, 127791, 499686, 116657, 38.4, 41.5, 1.00
A, 586851, 316714, 455453, 806092, 341502, 127794, 499720, 116561, 38.4, 41.5, 1.00
A, 588247, 316912, 456912, 807895, 341764, 128035, 500125, 116836, 38.4, 41.5, 1.00
A, 588216, 317008, 456870, 807700, 341869, 128010, 500111, 116759, 38.4, 41.5, 0.99
A, 588089, 317059, 456870, 807660, 341827, 128048, 500105, 116741, 38.4, 41.5, 0.99
A, 587848, 316971, 456646, 807413, 341836, 127974, 500092, 116713, 38.4, 41.5, 1.00
A, 587633, 316909, 456374, 807008, 341745, 127979, 499974, 116668, 38.3, 41.6, 0.99
A, 587479, 316955, 456359, 807163, 341745, 127962, 500006, 116634, 38.3, 41.6, 1.00
A, 587188, 316940, 456161, 806858, 341711, 127976, 499943, 116561, 38.3, 41.6, 1.01
A, 587049, 316867, 456118, 806765, 341639, 127957, 499901, 116614, 38.3, 41.6, 0.99
A, 586874, 316855, 455986, 806528, 341664, 127971, 499874, 116544, 38.3, 41.6, 0.99
A, 586434, 316795, 455542, 805992, 341533, 127879, 499798, 116472, 38.3, 41.6, 1.00
A, 586637, 316707, 455835, 806334, 341555, 127941, 499858, 116556, 38.3, 41.6, 1.01
A, 586608, 316623, 455758, 806225, 341551, 127900, 499794, 116442, 38.3, 41.6, 0.99
A, 586569, 316749, 456043, 806481, 341560, 127997, 499858, 116564, 38.3, 41.6, 1.00
A, 586953, 316736, 456325, 806958, 341649, 128045, 499964, 116506, 38.3, 41.6, 1.00
A, 587192, 316795, 456635, 807000, 341706, 128075, 500048, 116541, 38.3, 41.6, 1.01
A, 587129, 316758, 456600, 807067, 341744, 128040, 500074, 116517, 38.3, 41.6, 0.99
A, 587228, 316744, 456814, 807506, 341787, 128034, 500154, 116612, 38.3, 41.6, 1.00
A, 587256, 316801, 456904, 807572, 341767, 128081, 500144, 116587, 38.3, 41.6, 1.00
A, 587327, 316770, 456897, 807484, 341835, 128037, 500147, 116564, 38.3, 41.6, 1.00
A, 587617, 316857, 457341, 807982, 341955, 128152, 500279, 116616, 38.3, 41.7, 1.00
A, 589357, 317161, 458976, 810104, 342356, 128445, 500769, 116841, 38.3, 41.7, 1.00
A, 589175, 317257, 458861, 809826, 342393, 128439, 500760, 116788, 38.3, 41.7, 1.00
A, 588936, 317224, 458827, 809830, 342378, 128400, 500770, 116754, 38.3, 41.7, 1.00
A, 588702, 317160, 458632, 809715, 342274, 128410, 500727, 116715, 38.3, 41.7, 1.01
A, 588579, 317156, 458521, 809446, 342245, 128377, 500654, 116757, 38.3, 41.7, 1.00
A, 588651, 317163, 458615, 809358, 342333, 128387, 500706, 116700, 38.3, 41.7, 1.00
A, 588363, 317159, 458476, 809334, 342232, 128376, 500638, 116614, 38.3, 41.7, 1.01
A, 588080, 317146, 458217, 808900, 342233, 128355, 500669, 116588, 38.3, 41.7, 1.01
A, 587922, 317103, 458187, 808775, 342163, 128312, 500519, 116550, 38.3, 41.7, 1.00
A, 587654, 317038, 458017, 808555, 342132, 128279, 500537, 116503, 38.3, 41.7, 0.99
A, 587691, 316995, 457953, 808395, 342052, 128321, 500486, 116545, 38.3, 41.7, 1.00
A, 587829, 317032, 458288, 808813, 342108, 128358, 500550, 116511, 38.3, 41.7, 0.99
A, 587730, 317022, 458211, 808652, 342079, 128339, 500528, 116534, 38.3, 41.8, 1.00
A, 587642, 316964, 458167, 808738, 342142, 128366, 500600, 116486, 38.3, 41.8, 0.99
A, 587858, 317054, 458501, 809041, 342176, 128431, 500712, 116601, 38.2, 41.8, 0.99
A, 587980, 317017, 458559, 808965, 342228, 128477, 500634, 116566, 38.2, 41.8, 0.99
A, 587844, 316989, 458467, 808949, 342212, 128460, 500694, 116560, 38.2, 41.8, 1.00
A, 587628, 316967, 458456, 808934, 342214, 128426, 500603, 116572, 38.2, 41.8, 1.01
A, 587930, 316956, 458725, 809102, 342246, 128484, 500708, 116518, 38.2, 41.8, 1.00
A, 587889, 316953, 458780, 809161, 342253, 128468, 500691, 116553, 38.2, 41.8, 1.00
A, 589477, 317239, 460457, 811376, 342654, 128721, 501213, 116818, 38.2, 41.8, 1.00
A, 589504, 317420, 460494, 811200, 342715, 128682, 501209, 116787, 38.2, 41.8, 1.01
A, 589230, 317308, 460229, 810837, 342729, 128716, 501182, 116741, 38.2, 41.8, 1.00
A, 588939, 317205, 460046, 810729, 342628, 128694, 501072, 116748, 38.2, 41.8, 0.99
A, 588854, 317303, 460092, 810752, 342639, 128728, 501132, 116695, 38.2, 41.8, 1.01
A, 588735, 317212, 459966, 810544, 342579, 128665, 501095, 116680, 38.2, 41.8, 1.00
A, 588806, 317306, 459983, 810546, 342601, 128663, 501132, 116607, 38.2, 41.8, 0.99
A, 588690, 317226, 460045, 810432, 342584, 128651, 501026, 116619, 38.2, 41.8, 1.01
A, 588395, 317223, 459864, 810169, 342623, 128684, 501044, 116576, 38.2, 41.8, 1.01
A, 588181, 317071, 459728, 810075, 342454, 128694, 500973, 116552, 38.2, 41.8, 1.00
A, 588341, 317091, 459880, 810303, 342554, 128729, 501057, 116619, 38.2, 41.8, 1.00
A, 588160, 317021, 459799, 810130, 342545, 128737, 501014, 116555, 38.2, 41.9, 1.01
A, 588353, 317013, 460014, 810371, 342614, 128715, 501095, 116540, 38.2, 41.9, 0.99
A, 588221, 317052, 459923, 810168, 342577, 128718, 501028, 116524, 38.2, 41.9, 1.00
A, 588269, 317033, 460112, 810301, 342584, 128760, 501109, 116489, 38.2, 41.9, 1.01
A, 588532, 317080, 460396, 810544, 342688, 128741, 501143, 116487, 38.2, 41.9, 1.00
A, 588386, 317050, 460422, 810699, 342632, 128794, 501201, 116607, 38.2, 41.9, 1.01
A, 588739, 317188, 460731, 811036, 342732, 128757, 501263, 116534, 38.2, 41.9, 0.99
A, 588857, 317109, 460873, 811064, 342726, 128837, 501315, 116620, 38.2, 41.9, 0.99
A, 588739, 317083, 460866, 811161, 342735, 128850, 501281, 116566, 38.2, 41.9, 1.00
A, 589872, 317292, 462116, 812834, 342968, 129007, 501580, 116837, 38.2, 41.9, 1.01
A, 590012, 317481, 462246, 812784, 343100, 129096, 501773, 116752, 38.2, 41.9, 0.99
A, 589749, 317394, 462020, 812498, 343053, 129032, 501678, 116754, 38.2, 41.9, 1.00
A, 589709, 317357, 462140, 812644, 343063, 129068, 501699, 116773, 38.2, 41.9, 1.01
A, 589781, 317420, 462091, 812455, 343054, 129041, 501656, 116641, 38.2, 41.9, 1.00
A, 589486, 317342, 461922, 812232, 343005, 129000, 501629, 116688, 38.2, 42.0, 1.00
A, 589158, 317318, 461898, 812218, 342982, 129041, 501631, 116649, 38.2, 42.0, 1.01
A, 589293, 317374, 461835, 811953, 343046, 129024, 501624, 116620, 38.1, 42.0, 0.99
A, 589102, 317260, 461774, 811676, 342962, 128949, 501514, 116541, 38.1, 42.0, 1.00
A, 588733, 317204, 461534, 811568, 342934, 128932, 501562, 116569, 38.1, 42.0, 1.01
A, 588519, 317155, 461531, 811551, 342827, 128966, 501442, 116482, 38.1, 42.0, 0.99
A, 588828, 317126, 461705, 811601, 342875, 129007, 501492, 116538, 38.1, 42.0, 1.00
A, 588750, 317146, 461743, 811562, 342912, 129020, 501555, 116538, 38.1, 42.0, 1.00
A, 588821, 317144, 461804, 811640, 342904, 128952, 501510, 116495, 38.1, 42.0, 1.01
A, 588688, 317014, 461614, 811562, 342892, 128959, 501523, 116532, 38.1, 42.0, 0.99
A, 589110, 317133, 462208, 811998, 342987, 129049, 501639, 116556, 38.1, 42.0, 1.00
A, 588954, 317109, 462209, 812035, 343016, 129017, 501645, 116492, 38.1, 42.0, 1.01
A, 589088, 317155, 462408, 812405, 343026, 129115, 501721, 116599, 38.1, 42.0, 0.99
A, 589078, 317103, 462416, 812289, 343019, 129069, 501742, 116525, 38.1, 42.1, 1.00
A, 589116, 317164, 462545, 812291, 343081, 129090, 501769, 116527, 38.1, 42.1, 1.01
M, 585926, 316664, 458910, 806849, 342399, 128419, 500817, 115599, 38.1, 42.1, 0.00
M, 577689, 314850, 450927, 796953, 340023, 127219, 498023, 114238, 38.1, 42.1, 0.59
M, 571266, 312985, 444565, 788629, 337957, 126255, 495588, 113146, 38.2, 42.1, 0.73
M, 566282, 311730, 439595, 782425, 336862, 125435, 494753, 112421, 38.2, 42.1, 0.83
M, 562847, 311469, 435005, 777011, 336940, 124598, 495934, 111756, 38.2, 42.1, 0.89
M, 561058, 311941, 431214, 773538, 337641, 123984, 497734, 111141, 38.2, 42.1, 0.95
M, 560644, 312866, 427971, 771120, 338589, 123457, 499421, 110690, 38.2, 42.1, 0.96
M, 561648, 313968, 425259, 769663, 339531, 122998, 501013, 110330, 38.2, 42.1, 0.98
M, 563041, 314936, 422975, 769339, 340333, 122673, 502236, 110060, 38.2, 42.2, 0.98
M, 564720, 315858, 421067, 769661, 340980, 122444, 503085, 109886, 38.2, 42.2, 0.99
M, 567188, 316724, 419772, 770897, 341576, 122252, 503963, 109730, 38.2, 42.2, 0.99
M, 569564, 317419, 418615, 772132, 342108, 122113, 504577, 109598, 38.2, 42.2, 0.99
M, 572790, 318204, 417741, 774327, 342709, 121943, 505166, 109473, 38.1, 42.2, 1.00
M, 574956, 318607, 416890, 776092, 342996, 121894, 505529, 109411, 38.1, 42.2, 0.99
M, 577779, 319029, 416096, 778217, 343375, 121849, 506013, 109359, 38.1, 42.3, 1.00
M, 579402, 319115, 415557, 779859, 343495, 121783, 506218, 109326, 38.1, 42.3, 0.99
M, 582116, 319377, 414740, 782206, 343924, 121853, 506574, 109291, 38.1, 42.3, 0.99
M, 583632, 319349, 414541, 783756, 344030, 121805, 506762, 109312, 38.1, 42.3, 1.00
M, 585558, 319411, 414488, 786101, 344386, 121914, 507106, 109342, 38.1, 42.3, 0.99
M, 587329, 319373, 414433, 788124, 344672, 121946, 507419, 109349, 38.1, 42.3, 1.00
M, 590089, 319619, 415522, 791672, 345183, 122196, 508064, 109568, 38.1, 42.3, 1.00
M, 591880, 319774, 415651, 793607, 345600, 122268, 508500, 109627, 38.1, 42.3, 0.99
M, 592861, 319658, 415219, 795049, 345805, 122253, 508690, 109548, 38.1, 42.3, 0.99
M, 593826, 319561, 415016, 796399, 346030, 122351, 508994, 109608, 38.1, 42.3, 0.99
M, 594560, 319375, 414938, 797728, 346235, 122413, 509180, 109593, 38.1, 42.3, 1.01
M, 595502, 319334, 415061, 799347, 346573, 122447, 509572, 109626, 38.1, 42.4, 1.01
M, 596272, 319350, 414945, 800586, 346790, 122529, 509844, 109648, 38.1, 42.4, 0.99
M, 597195, 319280, 415176, 802057, 347159, 122617, 510194, 109728, 38.1, 42.4, 1.01
M, 598026, 319143, 415282, 803282, 347488, 122683, 510603, 109679, 38.1, 42.4, 1.00
M, 598506, 319177, 415148, 804288, 347760, 122757, 510875, 109654, 38.1, 42.4, 1.01
M, 598930, 319084, 415206, 805279, 348002, 122829, 511242, 109738, 38.1, 42.4, 1.00
M, 599519, 319069, 415273, 806224, 348321, 122885, 511594, 109784, 38.1, 42.4, 1.01
M, 599888, 319077, 415359, 807236, 348573, 122998, 511840, 109766, 38.1, 42.4, 1.00
M, 600717, 319087, 415614, 808368, 348956, 123019, 512282, 109836, 38.1, 42.4, 1.01
M, 601082, 319122, 415764, 809105, 349263, 123116, 512657, 109820, 38.1, 42.4, 1.00
M, 601309, 319111, 415608, 809905, 349631, 123158, 513058, 109868, 38.1, 42.4, 0.99
M, 601411, 319101, 415678, 810691, 349733, 123232, 513208, 109860, 38.1, 42.4, 1.01
M, 602170, 319212, 416002, 811594, 350080, 123310, 513568, 109903, 38.1, 42.4, 1.01
M, 602706, 319185, 416238, 812321, 350367, 123378, 514031, 109948, 38.1, 42.5, 1.01
M, 603001, 319223, 416336, 813327, 350728, 123397, 514355, 109944, 38.1, 42.5, 1.00
M, 604838, 319479, 417817, 815785, 351271, 123743, 515055, 110251, 38.1, 42.5, 0.99
M, 605068, 319715, 417903, 816215, 351649, 123795, 515369, 110186, 38.1, 42.5, 1.00
M, 605287, 319771, 417943, 817030, 351910, 123908, 515702, 110273, 38.1, 42.5, 1.00
M, 605253, 319781, 417823, 817351, 352111, 123900, 515949, 110277, 38.1, 42.5, 1.00
M, 605626, 319914, 418043, 817977, 352398, 123997, 516242, 110297, 38.1, 42.5, 1.00
M, 605848, 319985, 418249, 818500, 352648, 124042, 516551, 110232, 38.1, 42.5, 1.00
M, 605847, 320031, 418027, 818686, 352897, 124063, 516744, 110292, 38.1, 42.5, 1.00
M, 605951, 320113, 418048, 819029, 353057, 124172, 516917, 110281, 38.1, 42.5, 1.00
M, 606343, 320252, 418220, 819759, 353348, 124237, 517266, 110284, 38.1, 42.5, 1.00
M, 606253, 320221, 418249, 819907, 353418, 124216, 517431, 110381, 38.1, 42.5, 1.00
M, 606629, 320349, 418424, 820464, 353729, 124287, 517745, 110331, 38.1, 42.6, 0.99
M, 606867, 320446, 418660, 820859, 353988, 124368, 518044, 110389, 38.1, 42.6, 1.01
M, 606893, 320462, 418529, 821186, 354200, 124336, 518199, 110373, 38.1, 42.6, 1.01
M, 606971, 320465, 418360, 821426, 354348, 124452, 518420, 110374, 38.1, 42.6, 1.00
M, 607083, 320657, 418429, 821640, 354577, 124465, 518726, 110320, 38.1, 42.6, 1.01
M, 607289, 320694, 418647, 822085, 354785, 124510, 518894, 110367, 38.1, 42.6, 1.00
M, 607300, 320759, 418577, 822496, 354990, 124566, 519198, 110381, 38.1, 42.6, 1.01
M, 607423, 320692, 418648, 822721, 355064, 124619, 519248, 110359, 38.1, 42.6, 1.01
M, 607979, 320877, 419047, 823524, 355354, 124651, 519602, 110484, 38.1, 42.6, 0.99
M, 608241, 320964, 419232, 824050, 355610, 124714, 519873, 110532, 38.1, 42.6, 1.00
M, 610311, 321332, 420828, 826354, 356228, 124984, 520540, 110751, 38.1, 42.6, 1.00
M, 610115, 321534, 420843, 826649, 356340, 125053, 520710, 110726, 38.1, 42.7, 1.01
M, 610571, 321727, 421123, 827182, 356671, 125084, 520959, 110759, 38.1, 42.7, 1.00
M, 610584, 321742, 421023, 827259, 356746, 125097, 521174, 110746, 38.1, 42.7, 1.00
M, 610684, 321825, 421022, 827618, 356866, 125147, 521288, 110746, 38.1, 42.7, 0.99
M, 610784, 321939, 421104, 827715, 357095, 125233, 521499, 110722, 38.0, 42.7, 1.01
M, 610848, 322025, 421023, 827804, 357264, 125213, 521661, 110715, 38.0, 42.7, 1.00
M, 610714, 322061, 421014, 827976, 357403, 125271, 521804, 110705, 38.0, 42.7, 1.01
M, 610653, 322066, 420888, 827873, 357388, 125223, 521891, 110667, 38.0, 42.7, 1.01
M, 610934, 322154, 421148, 828560, 357613, 125327, 522101, 110703, 38.0, 42.7, 1.00
M, 610998, 322347, 421121, 828726, 357785, 125385, 522294, 110748, 38.0, 42.7, 1.00
M, 611447, 322389, 421450, 829362, 357936, 125453, 522508, 110815, 38.0, 42.7, 1.00
M, 611648, 322518, 421651, 829600, 358115, 125386, 522682, 110775, 38.0, 42.7, 1.01
M, 611700, 322519, 421662, 829667, 358329, 125501, 522834, 110747, 38.0, 42.7, 1.00
M, 611906, 322643, 421799, 830141, 358457, 125608, 522987, 110825, 38.0, 42.7, 1.01
M, 612024, 322731, 421790, 830201, 358584, 125585, 523154, 110736, 38.0, 42.7, 0.99
M, 612028, 322713, 421791, 830507, 358584, 125594, 523220, 110795, 38.0, 42.7, 1.00
M, 612260, 322916, 421911, 830666, 358827, 125576, 523473, 110735, 38.0, 42.7, 1.00
M, 612350, 322893, 421881, 830717, 358886, 125588, 523507, 110781, 38.0, 42.7, 0.99
M, 612641, 322942, 422143, 831410, 359064, 125683, 523747, 110815, 38.0, 42.7, 0.99
M, 614344, 323218, 423675, 833621, 359527, 125973, 524262, 111104, 38.0, 42.8, 1.01
M, 614411, 323431, 423574, 833660, 359759, 125985, 524459, 111045, 38.0, 42.8, 0.99
M, 614724, 323569, 423784, 833947, 359853, 126024, 524582, 111031, 38.0, 42.8, 1.00
M, 614759, 323653, 423822, 834192, 359929, 125965, 524628, 111044, 38.0, 42.8, 1.00
M, 614518, 323651, 423692, 834085, 359918, 126089, 524781, 110996, 38.0, 42.8, 1.01
M, 614572, 323682, 423664, 834094, 360044, 126125, 524833, 111019, 38.0, 42.8, 1.00
M, 614420, 323695, 423490, 834054, 360145, 126087, 524857, 110978, 38.0, 42.8, 1.00
M, 614503, 323755, 423612, 834257, 360228, 126124, 525009, 110946, 38.0, 42.8, 1.00
M, 614782, 323864, 423839, 834698, 360328, 126204, 525185, 111041, 38.0, 42.8, 1.00
M, 614948, 323910, 423962, 834891, 360524, 126183, 525329, 111025, 38.0, 42.8, 1.00
M, 614953, 323960, 423929, 834935, 360548, 126178, 525460, 110994, 38.0, 42.8, 1.00
M, 614832, 323967, 423658, 834661, 360645, 126245, 525434, 110983, 38.0, 42.8, 1.00
M, 614934, 323982, 423745, 834828, 360694, 126252, 525557, 110991, 38.0, 42.9, 0.99
M, 615234, 324040, 423916, 835207, 360800, 126294, 525690, 110927, 38.0, 42.9, 1.00
M, 615158, 324109, 423947, 835231, 360876, 126232, 525731, 110920, 38.0, 42.9, 0.99
M, 615253, 324103, 424010, 835518, 360962, 126316, 525899, 111009, 38.0, 42.9, 0.99
M, 615576, 324167, 424148, 835676, 361115, 126337, 526090, 111028, 38.0, 42.9, 1.00
M, 615442, 324162, 424158, 835989, 361078, 126408, 526099, 111086, 38.0, 42.9, 1.01
M, 615815, 324274, 424271, 836086, 361299, 126390, 526322, 111028, 38.0, 42.9, 0.99
M, 615805, 324296, 424258, 836244, 361349, 126389, 526319, 110973, 38.0, 42.9, 1.00
M, 617573, 324554, 425911, 838679, 361733, 126682, 526857, 111289, 38.0, 42.9, 1.00
M, 617645, 324752, 425815, 838547, 361937, 126715, 526956, 111219, 38.0, 42.9, 1.00
M, 617727, 324817, 425811, 838660, 361983, 126723, 527051, 111219, 38.0, 42.9, 0.99
M, 618012, 324836, 426097, 839116, 362123, 126772, 527128, 111229, 38.0, 42.9, 1.00
M, 618074, 324988, 425962, 838865, 362111, 126735, 527276, 111211, 38.0, 42.9, 0.99
M, 617947, 324881, 425811, 838744, 362127, 126691, 527210, 111183, 38.0, 42.9, 1.00
M, 617803, 324888, 425849, 839011, 362193, 126747, 527291, 111224, 38.0, 42.9, 1.00
M, 617709, 324922, 425770, 839017, 362177, 126810, 527307, 111161, 38.0, 42.9, 1.00
M, 617505, 324943, 425379, 838518, 362214, 126731, 527346, 111142, 38.0, 42.9, 1.00
M, 617991, 324990, 425902, 839079, 362310, 126795, 527397, 111143, 38.0, 43.0, 1.00
M, 617692, 325034, 425789, 839121, 362352, 126823, 527536, 111127, 38.0, 43.0, 1.00
M, 618010, 325062, 425878, 839308, 362460, 126813, 527591, 111209, 38.0, 43.0, 1.00
M, 618145, 325040, 426048, 839608, 362566, 126930, 527716, 111161, 38.0, 43.0, 0.99
M, 618663, 325187, 426490, 840265, 362698, 126956, 527872, 111247, 37.9, 43.0, 1.00
M, 618660, 325140, 426400, 840251, 362698, 126999, 527956, 111209, 37.9, 43.0, 1.00
M, 619116, 325303, 426641, 840372, 362884, 127040, 528108, 111211, 37.9, 43.0, 1.01
M, 619129, 325177, 426731, 840829, 362902, 127039, 528126, 111250, 37.9, 43.0, 1.01
M, 619150, 325396, 426755, 840810, 363029, 127069, 528302, 111225, 38.0, 43.0, 1.01
M, 619278, 325303, 426670, 840733, 363002, 127083, 528204, 111249, 38.0, 43.0, 0.99
M, 619406, 325439, 426799, 841047, 363111, 127075, 528374, 111192, 37.9, 43.0, 1.00
M, 620563, 325508, 427876, 842567, 363356, 127202, 528724, 111395, 37.9, 43.0, 1.00
M, 620826, 325737, 428061, 842798, 363560, 127259, 528855, 111393, 37.9, 43.0, 1.01
M, 620943, 325708, 428111, 842784, 363563, 127275, 528901, 111341, 37.9, 43.0, 0.99
M, 620910, 325707, 428103, 842976, 363629, 127334, 528980, 111385, 37.9, 43.0, 1.00
M, 621046, 325847, 428199, 843235, 363655, 127343, 529024, 111325, 37.9, 43.0, 1.01
M, 621292, 325872, 428323, 843331, 363744, 127421, 529104, 111350, 37.9, 43.0, 0.99
M, 621051, 325896, 428080, 843074, 363718, 127325, 529076, 111327, 37.9, 43.1, 1.00
M, 620626, 325773, 427917, 842794, 363654, 127358, 528991, 111304, 37.9, 43.1, 1.00
M, 620944, 325822, 427998, 843174, 363774, 127446, 529133, 111247, 37.9, 43.1, 1.00
M, 620716, 325774, 427838, 842890, 363741, 127397, 529119, 111259, 37.9, 43.1, 1.00
M, 620922, 325817, 428163, 843302, 363849, 127475, 529190, 111316, 37.9, 43.1, 1.00
M, 621465, 325867, 428297, 843523, 363907, 127434, 529383, 111349, 37.9, 43.1, 1.01
M, 621633, 325940, 428583, 843705, 363999, 127455, 529413, 111279, 37.9, 43.1, 1.00
M, 621548, 325934, 428548, 843982, 364043, 127540, 529477, 111324, 37.9, 43.1, 1.00
M, 621998, 326084, 428529, 844104, 364222, 127553, 529624, 111322, 37.9, 43.1, 1.01
M, 621798, 326052, 428637, 844082, 364054, 127537, 529579, 111336, 37.9, 43.1, 1.00
M, 622393, 326144, 429061, 844810, 364316, 127626, 529824, 111394, 37.9, 43.1, 1.00
M, 622170, 326120, 428955, 844599, 364307, 127590, 529790, 111356, 37.9, 43.1, 1.00
M, 622306, 326110, 429099, 844689, 364390, 127689, 529856, 111373, 37.9, 43.1, 1.00
M, 622441, 326127, 429144, 844995, 364375, 127654, 529895, 111334, 37.9, 43.1, 1.00
M, 624281, 326457, 430721, 847336, 364782, 127982, 530447, 111631, 37.9, 43.1, 1.00
M, 624448, 326628, 430919, 847611, 364917, 127995, 530540, 111660, 37.9, 43.1, 1.00
M, 624481, 326702, 430876, 847331, 364976, 127948, 530517, 111538, 37.9, 43.1, 1.01
M, 624409, 326636, 430787, 847198, 364966, 127945, 530528, 111549, 37.9, 43.1, 1.00
M, 624081, 326660, 430626, 847201, 364885, 127960, 530444, 111494, 37.9, 43.1, 1.01
M, 624389, 326736, 430892, 847496, 364957, 128034, 530556, 111548, 37.9, 43.2, 0.99
M, 624528, 326691, 430923, 847680, 365059, 128012, 530611, 111567, 37.9, 43.2, 1.00
M, 624793, 326888, 431256, 848105, 365147, 128107, 530749, 111576, 37.9, 43.2, 0.99
M, 625028, 326873, 431277, 848089, 365220, 128030, 530801, 111555, 37.9, 43.2, 0.99
M, 625080, 326946, 431381, 848113, 365224, 128105, 530831, 111511, 37.9, 43.2, 0.99
M, 625097, 326913, 431429, 848321, 365250, 128175, 530877, 111607, 37.9, 43.2, 1.00
M, 625473, 327011, 431634, 848770, 365385, 128258, 530964, 111618, 37.9, 43.2, 1.00
M, 625358, 327004, 431674, 848562, 365346, 128236, 530969, 111640, 37.9, 43.2, 1.00
M, 625762, 327148, 432080, 849130, 365440, 128330, 531123, 111652, 37.9, 43.2, 1.00
M, 625729, 327073, 432083, 849225, 365521, 128309, 531151, 111675, 37.9, 43.2, 1.01
M, 625805, 327155, 432052, 849147, 365436, 128307, 531090, 111567, 37.9, 43.2, 0.99
M, 625949, 327155, 432360, 849483, 365560, 128370, 531243, 111648, 37.9, 43.2, 1.00
M, 625968, 327204, 432151, 849394, 365538, 128298, 531243, 111560, 37.9, 43.2, 1.01
M, 626033, 327086, 432143, 849222, 365548, 128324, 531175, 111594, 37.9, 43.2, 1.00
M, 625852, 327153, 432176, 849217, 365575, 128368, 531256, 111531, 37.9, 43.2, 1.00
M, 627190, 327307, 433320, 851005, 365783, 128587, 531545, 111795, 37.9, 43.2, 0.99
M, 627403, 327475, 433560, 851243, 365961, 128600, 531664, 111803, 37.9, 43.2, 0.99
M, 627409, 327447, 433552, 851192, 365954, 128645, 531707, 111758, 37.9, 43.2, 1.00
M, 627424, 327522, 433481, 850973, 365938, 128607, 531697, 111659, 37.9, 43.2, 1.00
M, 627204, 327480, 433413, 850988, 365925, 128608, 531668, 111687, 37.9, 43.3, 0.99
M, 627636, 327547, 433677, 851327, 365992, 128637, 531758, 111774, 37.9, 43.3, 0.99
M, 627537, 327508, 433787, 851216, 366021, 128610, 531724, 111656, 37.9, 43.3, 1.01
M, 627679, 327606, 433903, 851651, 365981, 128656, 531779, 111736, 37.9, 43.3, 1.00
M, 627789, 327601, 433902, 851729, 366067, 128698, 531831, 111734, 37.9, 43.3, 1.01
M, 627525, 327580, 433712, 851101, 365911, 128682, 531734, 111648, 37.9, 43.3, 1.00
M, 627502, 327499, 433754, 851169, 365927, 128615, 531740, 111671, 37.9, 43.3, 1.00
M, 627549, 327611, 433838, 851491, 365951, 128722, 531775, 111697, 37.9, 43.3, 1.00
M, 627782, 327589, 434034, 851721, 366109, 128764, 531825, 111743, 37.9, 43.3, 1.00
M, 627954, 327643, 434126, 851845, 366085, 128770, 531873, 111678, 37.9, 43.3, 1.00
M, 628197, 327629, 434455, 852218, 366194, 128814, 531936, 111746, 37.9, 43.3, 0.99
M, 628376, 327736, 434463, 852125, 366195, 128809, 532026, 111741, 37.9, 43.3, 0.99
M, 628431, 327747, 434615, 852173, 366266, 128841, 532042, 111771, 37.9, 43.3, 0.99
M, 628690, 327747, 434812, 852732, 366305, 128920, 532096, 111790, 37.9, 43.3, 0.99
M, 628454, 327826, 434726, 852452, 366257, 128870, 532168, 111806, 37.9, 43.3, 1.01
M, 628614, 327754, 434842, 852690, 366295, 128926, 532146, 111822, 37.9, 43.3, 1.00
M, 630671, 328176, 436680, 855215, 366808, 129199, 532666, 112042, 37.9, 43.3, 1.01
M, 630585, 328231, 436598, 855080, 366836, 129171, 532704, 111987, 37.9, 43.3, 1.01
M, 630661, 328216, 436667, 854978, 366792, 129205, 532716, 111896, 37.9, 43.3, 0.99
M, 630595, 328289, 436621, 854790, 366721, 129219, 532641, 111990, 37.8, 43.3, 0.99
M, 630405, 328268, 436461, 854799, 366711, 129260, 532663, 111938, 37.8, 43.3, 1.00
M, 630577, 328244, 436635, 855089, 366734, 129280, 532656, 111950, 37.9, 43.3, 1.00
M, 630551, 328245, 436699, 854901, 366717, 129191, 532623, 111848, 37.9, 43.3, 0.99
M, 630334, 328258, 436575, 854727, 366715, 129219, 532587, 111910, 37.8, 43.3, 1.00
M, 630025, 328194, 436422, 854532, 366606, 129210, 532523, 111878, 37.8, 43.3, 1.00
M, 630310, 328210, 436531, 854721, 366699, 129251, 532617, 111819, 37.9, 43.3, 1.01
M, 630304, 328221, 436693, 854802, 366690, 129258, 532627, 111908, 37.9, 43.3, 1.00
M, 630623, 328272, 436931, 855170, 366775, 129347, 532665, 111902, 37.8, 43.4, 1.01
M, 630507, 328249, 436788, 854756, 366730, 129251, 532648, 111829, 37.8, 43.4, 1.00
M, 630553, 328275, 436870, 854739, 366732, 129265, 532626, 111821, 37.8, 43.4, 1.00
M, 630529, 328176, 436877, 854832, 366694, 129284, 532670, 111895, 37.8, 43.4, 0.99
M, 630770, 328286, 437153, 855371, 366803, 129380, 532767, 111928, 37.8, 43.4, 1.01
M, 630956, 328349, 437289, 855258, 366783, 129331, 532771, 111823, 37.8, 43.4, 1.00
M, 630771, 328238, 437219, 855074, 366782, 129318, 532744, 111831, 37.8, 43.4, 1.01
M, 630744, 328237, 437279, 855188, 366766, 129423, 532792, 111849, 37.8, 43.4, 1.00
M, 630801, 328278, 437195, 854982, 366817, 129367, 532746, 111820, 37.8, 43.4, 0.99
M, 631943, 328321, 438273, 856718, 367004, 129534, 532987, 112074, 37.8, 43.4, 1.01
M, 631835, 328568, 438233, 856349, 367083, 129526, 533057, 111934, 37.8, 43.4, 1.00
M, 631799, 328403, 438062, 856169, 366955, 129494, 532972, 111866, 37.8, 43.4, 0.99
M, 631611, 328426, 438159, 856377, 366990, 129537, 532983, 111946, 37.8, 43.4, 1.01
M, 631740, 328392, 438258, 856367, 366960, 129563, 533080, 111881, 37.8, 43.4, 0.99
M, 631752, 328446, 438212, 856397, 366945, 129559, 532979, 111987, 37.8, 43.4, 1.00
M, 632171, 328503, 438607, 856850, 367080, 129582, 533101, 111949, 37.8, 43.4, 1.00
M, 632259, 328481, 438701, 856815, 367086, 129615, 533162, 111963, 37.8, 43.4, 1.01
M, 632217, 328457, 438698, 856873, 367130, 129592, 533151, 111919, 37.8, 43.4, 1.00
M, 632484, 328508, 438847, 857081, 367110, 129651, 533167, 111952, 37.8, 43.4, 1.00
M, 632441, 328540, 438921, 857110, 367135, 129654, 533164, 111967, 37.8, 43.4, 1.00
M, 632372, 328530, 438871, 857195, 367091, 129685, 533201, 111918, 37.8, 43.4, 1.00
M, 632472, 328586, 439058, 857268, 367138, 129770, 533233, 111983, 37.8, 43.4, 1.00
M, 632472, 328487, 439061, 857171, 367063, 129659, 533203, 111905, 37.8, 43.4, 1.00
M, 632472, 328520, 439220, 857199, 367126, 129658, 533186, 111903, 37.8, 43.5, 1.00
M, 632485, 328503, 439203, 857368, 367112, 129744, 533227, 111973, 37.8, 43.5, 1.00
M, 632951, 328592, 439512, 857700, 367200, 129827, 533350, 111995, 37.8, 43.5, 0.99
M, 633048, 328614, 439680, 857820, 367277, 129786, 533315, 111979, 37.8, 43.5, 1.00
M, 633412, 328656, 439923, 858120, 367315, 129800, 533421, 111997, 37.8, 43.5, 1.01
M, 633478, 328691, 439949, 858058, 367342, 129846, 533485, 112000, 37.8, 43.5, 0.99
M, 635051, 328984, 441538, 860302, 367755, 130064, 533906, 112238, 37.8, 43.5, 0.99
M, 634975, 329065, 441420, 860157, 367764, 130105, 533907, 112226, 37.8, 43.5, 1.00
M, 634708, 329106, 441213, 859468, 367671, 130024, 533870, 112139, 37.8, 43.5, 0.99
M, 634452, 328995, 441054, 859370, 367567, 130009, 533691, 112085, 37.8, 43.5, 1.01
M, 634467, 329008, 441138, 859467, 367543, 130113, 533718, 112093, 37.8, 43.5, 0.99
M, 634267, 328942, 440997, 859288, 367533, 130113, 533710, 112024, 37.8, 43.5, 1.00
M, 634280, 328933, 440893, 858992, 367448, 130021, 533604, 112098, 37.8, 43.5, 1.01
M, 634401, 328948, 441131, 859383, 367535, 130116, 533695, 112079, 37.8, 43.5, 0.99
M, 634299, 328972, 441090, 859144, 367533, 130084, 533718, 112005, 37.8, 43.5, 1.00
M, 634341, 328931, 440967, 858950, 367434, 130027, 533694, 112004, 37.8, 43.5, 0.99
M, 634484, 328930, 441291, 859380, 367524, 130131, 533709, 112106, 37.8, 43.5, 0.99
M, 634475, 328922, 441338, 859492, 367529, 130091, 533709, 112023, 37.8, 43.5, 1.01
M, 634336, 328908, 441212, 859217, 367461, 130128, 533692, 112077, 37.8, 43.5, 1.00
M, 634485, 328927, 441347, 859371, 367524, 130176, 533723, 112062, 37.8, 43.5, 0.99
M, 634694, 328900, 441426, 859329, 367506, 130107, 533730, 112000, 37.8, 43.5, 1.00
M, 634685, 328909, 441542, 859560, 367483, 130120, 533751, 111991, 37.8, 43.6, 1.00
M, 634743, 328924, 441620, 859564, 367531, 130202, 533749, 112059, 37.8, 43.6, 1.00
M, 634897, 328907, 441894, 859908, 367572, 130234, 533812, 112096, 37.8, 43.6, 1.01
M, 634455, 328838, 441335, 859318, 367412, 130142, 533696, 112040, 37.8, 43.6, 1.00
M, 634965, 328886, 441817, 859633, 367559, 130174, 533816, 112024, 37.8, 43.6, 0.99
A, 640681, 329647, 446974, 866808, 368673, 131065, 535242, 113081, 37.8, 43.6, 0.00
A, 650070, 331940, 456066, 879895, 371404, 132587, 538191, 114701, 37.8, 43.6, 0.54
A, 656486, 333533, 461785, 887620, 373027, 133569, 539852, 115513, 37.8, 43.6, 0.75
A, 662276, 335400, 467461, 895239, 374537, 134581, 541255, 116326, 37.8, 43.6, 0.83
A, 665337, 336408, 470362, 899413, 375201, 135299, 541833, 116773, 37.8, 43.6, 0.90
A, 668602, 337666, 473704, 903443, 375920, 135884, 542475, 117288, 37.8, 43.6, 0.93
A, 671039, 338800, 476489, 906773, 376408, 136491, 542773, 117646, 37.8, 43.6, 0.95
A, 672876, 339919, 478973, 909444, 376741, 137009, 542972, 117862, 37.8, 43.6, 0.97
A, 673875, 340742, 480519, 910896, 376850, 137382, 542899, 118027, 37.8, 43.5, 0.98
A, 674270, 341417, 481689, 911758, 376786, 137655, 542760, 118099, 37.8, 43.5, 0.98
A, 674796, 342025, 483072, 912863, 376737, 137997, 542621, 118230, 37.8, 43.6, 0.99
A, 674890, 342457, 483842, 913227, 376602, 138192, 542415, 118355, 37.8, 43.6, 0.99
A, 675036, 343081, 485068, 913786, 376449, 138473, 542165, 118389, 37.8, 43.5, 1.00
A, 674944, 343525, 485913, 913583, 376186, 138611, 541802, 118370, 37.8, 43.5, 1.01
A, 674277, 343770, 486243, 913045, 375886, 138755, 541401, 118364, 37.8, 43.5, 0.99
A, 673622, 343985, 486642, 912641, 375471, 138898, 540998, 118395, 37.8, 43.5, 0.99
A, 673342, 344300, 487326, 912499, 375281, 139054, 540631, 118414, 37.8, 43.5, 1.01
A, 672712, 344407, 487709, 911916, 374937, 139160, 540210, 118422, 37.8, 43.5, 1.01
A, 672197, 344596, 488256, 911400, 374641, 139260, 539869, 118473, 37.8, 43.5, 0.99
A, 671477, 344757, 488520, 910397, 374148, 139354, 539345, 118346, 37.8, 43.5, 0.99
A, 672129, 345003, 490166, 911586, 374123, 139663, 539324, 118646, 37.8, 43.5, 1.00
A, 671306, 345172, 490251, 910795, 373756, 139686, 538882, 118551, 37.8, 43.5, 1.01
A, 669972, 345099, 490055, 908971, 373282, 139656, 538240, 118425, 37.8, 43.6, 1.00
A, 669046, 344959, 490017, 908128, 372815, 139684, 537813, 118404, 37.8, 43.6, 1.01
A, 667285, 344899, 489615, 906139, 372201, 139668, 537061, 118339, 37.8, 43.6, 0.98
A, 666423, 344672, 489667, 905309, 371730, 139595, 536579, 118285, 37.8, 43.6, 1.00
A, 665926, 344651, 489954, 904640, 371470, 139653, 536231, 118303, 37.8, 43.6, 1.00
A, 665038, 344551, 490121, 903776, 371032, 139668, 535854, 118266, 37.8, 43.6, 1.00
A, 664231, 344389, 490014, 902656, 370653, 139642, 535355, 118175, 37.8, 43.6, 1.00
A, 663494, 344179, 490274, 901939, 370299, 139626, 534958, 118269, 37.8, 43.6, 1.00
A, 662628, 343992, 490448, 901009, 369926, 139564, 534520, 118140, 37.8, 43.6, 1.00
A, 661914, 343757, 490612, 899966, 369517, 139619, 534054, 118134, 37.8, 43.6, 0.99
A, 661169, 343682, 490566, 899012, 369235, 139677, 533724, 118083, 37.8, 43.6, 1.00
A, 660262, 343386, 490519, 897942, 368779, 139560, 533275, 118011, 37.7, 43.6, 0.99
A, 659567, 343208, 490576, 897054, 368399, 139586, 532867, 117985, 37.7, 43.6, 1.01
A, 658801, 342954, 490620, 896100, 368020, 139502, 532472, 117925, 37.7, 43.6, 1.00
A, 658042, 342712, 490665, 895241, 367777, 139463, 532064, 117958, 37.7, 43.6, 1.00
A, 657653, 342584, 491035, 894898, 367430, 139564, 531882, 118029, 37.7, 43.6, 1.00
A, 656949, 342375, 490995, 894176, 367161, 139637, 531460, 117971, 37.7, 43.6, 1.00
A, 656620, 342190, 491478, 893798, 366912, 139643, 531248, 118069, 37.7, 43.6, 1.01
A, 657655, 342269, 493142, 894779, 366969, 139772, 531246, 118181, 37.7, 43.6, 1.00
A, 656861, 342128, 493051, 893786, 366750, 139813, 530992, 118170, 37.7, 43.6, 0.99
A, 656177, 341965, 492975, 892983, 366457, 139747, 530581, 118110, 37.7, 43.6, 1.00
A, 654932, 341655, 492495, 891372, 366004, 139662, 530135, 117959, 37.7, 43.6, 0.99
A, 654201, 341340, 492405, 890652, 365672, 139690, 529815, 117983, 37.7, 43.6, 1.00
A, 653334, 341046, 492206, 889438, 365351, 139633, 529384, 117860, 37.7, 43.7, 1.00
A, 652721, 340868, 492290, 888558, 365055, 139570, 529069, 117875, 37.7, 43.7, 1.00
A, 652376, 340601, 492486, 888371, 364836, 139604, 528870, 117876, 37.7, 43.7, 1.00
A, 651771, 340371, 492479, 887643, 364577, 139574, 528573, 117832, 37.7, 43.7, 1.01
A, 651218, 340177, 492421, 886882, 364303, 139593, 528238, 117866, 37.7, 43.7, 1.01
A, 650907, 340009, 492802, 886458, 364148, 139526, 528066, 117832, 37.7, 43.7, 1.01
A, 649886, 339750, 492557, 885426, 363818, 139464, 527746, 117783, 37.7, 43.7, 1.00
A, 649576, 339433, 492702, 884783, 363544, 139487, 527451, 117796, 37.7, 43.7, 1.00
A, 649401, 339241, 493009, 884462, 363335, 139478, 527317, 117839, 37.7, 43.7, 1.00
A, 648973, 338982, 493045, 883947, 363184, 139455, 527040, 117763, 37.7, 43.7, 1.01
A, 648381, 338791, 492953, 882960, 362885, 139338, 526772, 117749, 37.7, 43.7, 1.00
A, 647839, 338586, 492963, 882260, 362708, 139429, 526473, 117694, 37.7, 43.6, 1.00
A, 647252, 338312, 493085, 881886, 362407, 139385, 526240, 117623, 37.7, 43.6, 1.00
A, 647167, 338189, 493387, 881611, 362417, 139371, 526081, 117700, 37.7, 43.7, 1.01
A, 646726, 338010, 493348, 881090, 362166, 139433, 525890, 117692, 37.7, 43.7, 1.01
A, 648177, 338108, 495234, 882778, 362400, 139689, 526178, 118044, 37.7, 43.7, 0.99
A, 647730, 338059, 495220, 882051, 362219, 139621, 525925, 117916, 37.7, 43.7, 1.01
A, 646957, 337857, 494929, 881001, 361961, 139576, 525677, 117831, 37.7, 43.7, 0.99
A, 646640, 337648, 495114, 880653, 361774, 139577, 525446, 117865, 37.7, 43.7, 1.01
A, 645568, 337310, 494690, 879374, 361554, 139489, 525071, 117765, 37.7, 43.7, 1.01
A, 645129, 337173, 494566, 878898, 361279, 139470, 524873, 117739, 37.7, 43.7, 0.99
A, 644318, 336855, 494284, 877779, 361021, 139450, 524589, 117621, 37.7, 43.7, 1.01
A, 643753, 336586, 494076, 876904, 360715, 139326, 524275, 117563, 37.7, 43.7, 1.00
A, 643484, 336469, 494321, 876804, 360619, 139355, 524145, 117572, 37.7, 43.7, 0.99
A, 642759, 336238, 494063, 875830, 360461, 139297, 523895, 117554, 37.7, 43.7, 1.00
A, 642532, 335985, 494132, 875559, 360272, 139280, 523709, 117548, 37.7, 43.7, 1.01
A, 642590, 335876, 494571, 875441, 360164, 139267, 523599, 117586, 37.7, 43.7, 1.00
A, 642363, 335767, 494738, 875058, 360079, 139268, 523496, 117604, 37.7, 43.7, 1.01
A, 642038, 335472, 494808, 874530, 359938, 139218, 523290, 117580, 37.7, 43.7, 1.00
A, 641907, 335345, 495005, 874483, 359802, 139296, 523203, 117554, 37.7, 43.7, 0.99
A, 641598, 335213, 495074, 874161, 359622, 139216, 523007, 117566, 37.7, 43.7, 1.00
A, 641322, 335080, 495128, 873617, 359512, 139211, 522876, 117612, 37.7, 43.7, 1.00
A, 641334, 335025, 495555, 873602, 359412, 139248, 522784, 117631, 37.7, 43.7, 1.00
A, 641104, 334865, 495663, 873376, 359332, 139263, 522704, 117648, 37.7, 43.7, 0.98
A, 640616, 334645, 495614, 872760, 359206, 139218, 522554, 117517, 37.7, 43.7, 1.00
A, 641906, 334730, 497160, 874274, 359395, 139459, 522696, 117808, 37.7, 43.7, 1.00
A, 641551, 334774, 497270, 873906, 359397, 139445, 522649, 117760, 37.7, 43.8, 1.01
A, 641150, 334586, 496998, 873389, 359151, 139455, 522480, 117780, 37.7, 43.8, 1.00
A, 641008, 334549, 497167, 872683, 359077, 139423, 522334, 117708, 37.7, 43.8, 0.99
A, 640331, 334325, 497004, 872168, 358836, 139330, 522085, 117599, 37.7, 43.8, 1.00
A, 639618, 334110, 496742, 871269, 358673, 139251, 521879, 117562, 37.7, 43.7, 1.01
A, 639373, 333983, 496631, 870839, 358528, 139258, 521662, 117622, 37.7, 43.7, 1.00
A, 638743, 333786, 496432, 870051, 358347, 139214, 521484, 117497, 37.7, 43.8, 0.99
A, 638390, 333584, 496328, 869532, 358137, 139113, 521273, 117478, 37.7, 43.8, 0.99
A, 638294, 333459, 496678, 869450, 358102, 139134, 521181, 117438, 37.7, 43.8, 1.00
A, 638021, 333306, 496639, 868974, 357879, 139103, 521016, 117516, 37.7, 43.8, 0.99
A, 637723, 333145, 496695, 868784, 357836, 139112, 520905, 117530, 37.7, 43.8, 0.99
A, 637205, 333034, 496612, 868379, 357767, 139018, 520779, 117448, 37.7, 43.8, 1.00
A, 636943, 332870, 496452, 867419, 357501, 139000, 520640, 117299, 37.7, 43.8, 0.99
A, 636523, 332635, 496452, 867088, 357398, 138955, 520438, 117329, 37.7, 43.8, 1.00
A, 636234, 332525, 496466, 866817, 357299, 138950, 520307, 117352, 37.7, 43.8, 1.01
A, 636259, 332365, 496770, 866856, 357188, 139017, 520259, 117366, 37.6, 43.8, 1.00
A, 636265, 332307, 496946, 866665, 357124, 138951, 520163, 117388, 37.6, 43.8, 1.00
A, 636296, 332269, 497272, 866796, 357170, 138973, 520193, 117509, 37.7, 43.8, 1.00
A, 636229, 332189, 497385, 866399, 357056, 138986, 520034, 117414, 37.7, 43.8, 1.00
A, 637506, 332305, 498996, 867920, 357275, 139256, 520269, 117619, 37.6, 43.8, 0.99
A, 637291, 332265, 499049, 867856, 357290, 139268, 520196, 117657, 37.6, 43.8, 1.00
A, 636694, 332219, 498715, 867175, 357173, 139226, 520120, 117541, 37.6, 43.8, 1.00
A, 636523, 332162, 498751, 866864, 357036, 139193, 519979, 117589, 37.6, 43.8, 0.99
A, 636226, 331947, 498614, 866254, 356871, 139089, 519809, 117515, 37.6, 43.8, 0.99
A, 635703, 331777, 498607, 865764, 356658, 139027, 519580, 117470, 37.6, 43.8, 1.00
A, 635177, 331723, 498255, 864945, 356614, 138975, 519475, 117355, 37.6, 43.9, 1.01
A, 634934, 331477, 498049, 864901, 356486, 138981, 519342, 117416, 37.6, 43.9, 0.99
A, 634773, 331481, 498408, 864706, 356432, 139046, 519283, 117417, 37.6, 43.9, 0.99
A, 634757, 331451, 498600, 864671, 356357, 138974, 519176, 117460, 37.6, 43.9, 1.01
A, 634737, 331298, 498958, 864332, 356303, 138978, 519119, 117352, 37.6, 43.9, 0.99
A, 634391, 331148, 498706, 863996, 356197, 138961, 519035, 117414, 37.6, 43.9, 1.00
A, 634083, 331035, 498765, 863675, 356078, 138926, 518954, 117394, 37.6, 43.9, 1.00
A, 633939, 331001, 498909, 863523, 356000, 138905, 518818, 117407, 37.6, 43.9, 1.00
A, 633767, 330888, 499047, 863361, 355981, 138943, 518754, 117454, 37.6, 43.9, 0.99
A, 633706, 330835, 499255, 863283, 355903, 138896, 518642, 117465, 37.6, 43.9, 1.01
A, 633477, 330679, 499123, 862649, 355781, 138903, 518535, 117306, 37.6, 43.9, 1.00
A, 633194, 330552, 499111, 862297, 355692, 138848, 518412, 117320, 37.6, 43.9, 1.00
A, 633010, 330482, 499133, 862188, 355536, 138810, 518341, 117317, 37.6, 43.9, 1.00
A, 632963, 330426, 499346, 862181, 355566, 138884, 518238, 117375, 37.6, 43.9, 1.00
A, 634098, 330582, 500619, 863489, 355803, 139069, 518591, 117638, 37.6, 43.9, 1.00
A, 634043, 330565, 500952, 863364, 355826, 139040, 518539, 117609, 37.6, 43.9, 1.00
A, 633743, 330513, 500834, 863033, 355720, 139005, 518453, 117522, 37.6, 43.9, 1.00
A, 633137, 330410, 500576, 862437, 355536, 138962, 518278, 117402, 37.6, 43.9, 1.00
A, 633067, 330302, 500489, 862107, 355509, 138928, 518179, 117392, 37.6, 43.9, 1.00
A, 632566, 330218, 500383, 861439, 355330, 138895, 517995, 117377, 37.6, 43.9, 0.99
A, 632379, 330034, 500242, 860876, 355213, 138842, 517888, 117362, 37.6, 43.9, 1.00
A, 631774, 329971, 500038, 860398, 355145, 138790, 517734, 117285, 37.6, 43.9, 0.99
A, 631061, 329741, 499569, 859823, 354936, 138710, 517480, 117237, 37.6, 43.9, 1.00
A, 631101, 329729, 499658, 859707, 354843, 138765, 517461, 117258, 37.6, 43.9, 1.00
A, 630718, 329546, 499577, 859267, 354683, 138660, 517281, 117208, 37.6, 43.9, 1.01
A, 630829, 329454, 499894, 859136, 354652, 138666, 517216, 117198, 37.6, 43.9, 1.00
A, 630580, 329462, 499989, 859167, 354651, 138638, 517295, 117262, 37.6, 44.0, 1.00
A, 631055, 329405, 500375, 859372, 354697, 138683, 517273, 117302, 37.6, 44.0, 1.00
A, 630849, 329334, 500488, 859154, 354635, 138574, 517175, 117154, 37.6, 43.9, 0.99
A, 630879, 329239, 500774, 859323, 354601, 138719, 517177, 117373, 37.6, 43.9, 0.99
A, 630724, 329217, 500665, 859221, 354592, 138685, 517125, 117323, 37.6, 44.0, 1.01
A, 630808, 329193, 501000, 858986, 354474, 138676, 517091, 117342, 37.6, 44.0, 1.01
A, 630261, 329007, 500700, 858358, 354364, 138623, 516948, 117254, 37.6, 44.0, 0.99
A, 630069, 328973, 500804, 858402, 354309, 138599, 516785, 117235, 37.6, 44.0, 0.99
A, 631507, 329136, 502533, 860171, 354608, 138847, 517203, 117541, 37.6, 44.0, 1.01
A, 631375, 329145, 502426, 859837, 354682, 138826, 517210, 117453, 37.6, 44.0, 1.00
A, 631259, 329171, 502539, 859810, 354632, 138781, 517148, 117457, 37.6, 44.0, 1.01
A, 631065, 329113, 502350, 859280, 354566, 138802, 517047, 117439, 37.6, 44.0, 1.00
A, 630681, 329035, 502229, 858719, 354455, 138749, 516896, 117344, 37.6, 44.0, 0.99
A, 630471, 328918, 502324, 858665, 354304, 138774, 516842, 117325, 37.6, 44.0, 0.99
A, 630130, 328793, 502006, 858004, 354210, 138742, 516748, 117298, 37.6, 44.0, 0.99
A, 629847, 328750, 502019, 857883, 354115, 138693, 516630, 117342, 37.6, 44.0, 1.00
A, 629563, 328710, 501828, 857536, 354124, 138682, 516562, 117270, 37.6, 44.0, 1.01
A, 629389, 328670, 501997, 857296, 353972, 138632, 516479, 117226, 37.6, 44.0, 1.00
A, 629475, 328521, 502310, 857327, 353980, 138635, 516382, 117219, 37.6, 44.0, 0.99
A, 629392, 328526, 502399, 857244, 353956, 138650, 516376, 117226, 37.6, 44.0, 1.01
A, 629119, 328468, 502311, 857015, 353941, 138633, 516316, 117249, 37.6, 44.0, 1.00
A, 629014, 328396, 502472, 857076, 353871, 138626, 516267, 117322, 37.6, 44.0, 1.01
A, 629073, 328369, 502655, 856903, 353836, 138612, 516249, 117287, 37.6, 44.0, 1.01
A, 628794, 328317, 502616, 856577, 353763, 138539, 516161, 117231, 37.6, 44.0, 1.01
A, 628530, 328257, 502511, 856433, 353683, 138546, 516126, 117259, 37.6, 44.0, 0.99
A, 628801, 328220, 502827, 856509, 353689, 138614, 516123, 117275, 37.6, 44.0, 0.99
A, 628635, 328157, 502849, 856256, 353629, 138538, 516052, 117281, 37.6, 44.0, 1.00
A, 628829, 328177, 503173, 856628, 353708, 138576, 515996, 117299, 37.6, 44.0, 1.00
A, 630318, 328407, 504849, 858310, 353928, 138812, 516412, 117576, 37.6, 44.0, 0.99
A, 630033, 328403, 504855, 857911, 353982, 138740, 516377, 117447, 37.6, 44.1, 1.01
A, 629766, 328395, 504672, 857858, 353930, 138784, 516380, 117505, 37.6, 44.1, 1.00
A, 629426, 328347, 504558, 857457, 353848, 138737, 516253, 117465, 37.6, 44.1, 1.01
A, 629398, 328368, 504674, 857134, 353823, 138713, 516152, 117402, 37.6, 44.1, 1.00
A, 628992, 328207, 504488, 856634, 353668, 138653, 516036, 117372, 37.6, 44.1, 0.99
A, 628665, 328160, 504400, 856593, 353595, 138681, 515952, 117401, 37.6, 44.1, 1.00
A, 628284, 328122, 504147, 855727, 353534, 138634, 515828, 117297, 37.6, 44.1, 0.98
A, 628027, 327987, 504087, 855755, 353451, 138598, 515711, 117344, 37.6, 44.1, 1.01
A, 627335, 327897, 503528, 854779, 353307, 138474, 515585, 117180, 37.6, 44.1, 1.00
A, 627379, 327789, 503654, 854537, 353191, 138403, 515481, 117190, 37.6, 44.1, 1.00
A, 627343, 327652, 503916, 854899, 353221, 138464, 515521, 117239, 37.6, 44.1, 1.01
A, 627344, 327702, 504056, 854938, 353131, 138452, 515450, 117209, 37.6, 44.1, 1.01
A, 627127, 327587, 503996, 854596, 353108, 138505, 515463, 117279, 37.6, 44.1, 1.00
A, 627459, 327670, 504366, 854801, 353181, 138484, 515474, 117340, 37.6, 44.1, 1.00
A, 627435, 327625, 504443, 854828, 353103, 138414, 515434, 117242, 37.6, 44.1, 1.01
A, 627236, 327590, 504517, 854662, 353036, 138448, 515428, 117269, 37.6, 44.1, 1.00
A, 627372, 327575, 504671, 854714, 353140, 138468, 515423, 117263, 37.6, 44.1, 1.00
A, 626949, 327523, 504531, 854406, 353074, 138460, 515297, 117236, 37.6, 44.1, 1.01
A, 626964, 327372, 504558, 854329, 352946, 138394, 515217, 117273, 37.6, 44.1, 1.00
A, 628669, 327741, 506475, 856602, 353334, 138700, 515694, 117632, 37.6, 44.1, 1.00
A, 628417, 327708, 506410, 856031, 353326, 138586, 515652, 117442, 37.6, 44.1, 1.00
A, 628058, 327699, 506213, 855611, 353239, 138605, 515556, 117383, 37.6, 44.2, 1.00
A, 627747, 327601, 506026, 855347, 353073, 138540, 515386, 117379, 37.6, 44.2, 1.00
A, 627805, 327522, 506168, 855338, 353125, 138612, 515449, 117430, 37.6, 44.2, 1.01
A, 627606, 327637, 506230, 855179, 353118, 138562, 515350, 117396, 37.6, 44.2, 1.01
A, 627584, 327586, 506389, 855061, 353111, 138581, 515356, 117368, 37.6, 44.2, 1.00
A, 627343, 327479, 506178, 854561, 352962, 138532, 515242, 117285, 37.6, 44.2, 1.00
A, 626946, 327495, 506046, 854250, 352989, 138414, 515183, 117214, 37.6, 44.2, 0.98
A, 626798, 327365, 505900, 854092, 352910, 138481, 515114, 117298, 37.6, 44.2, 0.99
A, 626383, 327331, 505774, 853501, 352807, 138433, 515047, 117261, 37.5, 44.2, 1.00
A, 626281, 327234, 505811, 853428, 352708, 138355, 514960, 117253, 37.5, 44.2, 1.01
A, 626288, 327219, 505972, 853690, 352688, 138397, 514953, 117238, 37.5, 44.2, 1.00
A, 626232, 327196, 506039, 853504, 352695, 138354, 514909, 117246, 37.6, 44.2, 1.00
A, 626218, 327118, 506138, 853315, 352707, 138344, 514936, 117244, 37.6, 44.2, 1.00
A, 626359, 327176, 506477, 853795, 352728, 138403, 514929, 117288, 37.5, 44.2, 1.01
A, 626377, 327190, 506446, 853417, 352629, 138358, 514917, 117276, 37.5, 44.2, 0.99
A, 626215, 327056, 506378, 853229, 352609, 138337, 514899, 117240, 37.6, 44.2, 1.01
A, 625988, 327107, 506471, 853334, 352594, 138295, 514802, 117202, 37.6, 44.2, 1.00
A, 626153, 327038, 506655, 853468, 352574, 138368, 514883, 117338, 37.5, 44.2, 0.99
A, 627429, 327282, 508055, 855114, 352901, 138590, 515151, 117468, 37.5, 44.2, 1.00
A, 627336, 327351, 508095, 854797, 352904, 138627, 515169, 117512, 37.5, 44.2, 1.00
A, 627071, 327287, 507860, 854420, 352830, 138516, 515038, 117421, 37.5, 44.2, 1.00
A, 626515, 327242, 507589, 853902, 352706, 138393, 514844, 117279, 37.5, 44.2, 1.00
A, 626319, 327140, 507560, 853567, 352614, 138428, 514797, 117323, 37.5, 44.2, 1.00
A, 626449, 327124, 507814, 853835, 352590, 138440, 514846, 117342, 37.5, 44.2, 1.01
A, 626297, 327115, 507736, 853682, 352613, 138401, 514751, 117408, 37.5, 44.2, 0.99
A, 626406, 327154, 507752, 853428, 352631, 138357, 514828, 117364, 37.5, 44.2, 0.99
A, 626091, 327024, 507768, 853260, 352505, 138331, 514691, 117295, 37.5, 44.2, 1.00
A, 625663, 326986, 507575, 852962, 352482, 138307, 514599, 117256, 37.5, 44.2, 1.00
A, 625543, 326926, 507520, 852766, 352353, 138321, 514535, 117256, 37.5, 44.2, 1.00
A, 625843, 326905, 507939, 853104, 352396, 138380, 514620, 117282, 37.5, 44.2, 1.01
A, 625834, 326885, 508073, 853111, 352352, 138302, 514539, 117324, 37.5, 44.2, 1.01
A, 625532, 326853, 507953, 852651, 352367, 138297, 514489, 117237, 37.5, 44.2, 0.99
A, 625531, 326835, 507886, 852505, 352277, 138259, 514454, 117232, 37.5, 44.3, 0.99
A, 625234, 326715, 507913, 852484, 352237, 138241, 514373, 117213, 37.5, 44.3, 1.01
A, 625164, 326676, 507980, 852422, 352190, 138247, 514358, 117164, 37.5, 44.3, 0.99
A, 625128, 326732, 508037, 852270, 352224, 138269, 514430, 117254, 37.5, 44.3, 0.99
A, 625489, 326701, 508351, 852716, 352258, 138285, 514457, 117293, 37.5, 44.3, 0.99
A, 625571, 326772, 508658, 852759, 352260, 138244, 514448, 117268, 37.5, 44.3, 1.00
A, 626903, 326932, 510121, 854559, 352557, 138458, 514800, 117564, 37.5, 44.3, 0.99
A, 627011, 327085, 510336, 854431, 352657, 138522, 514854, 117513, 37.5, 44.3, 1.00
A, 626635, 327020, 510122, 854147, 352496, 138471, 514749, 117468, 37.5, 44.3, 0.99
A, 626294, 327010, 509902, 853649, 352485, 138406, 514655, 117388, 37.5, 44.3, 1.00
A, 625867, 326851, 509563, 853085, 352375, 138328, 514518, 117327, 37.5, 44.3, 1.00
A, 625590, 326798, 509480, 852968, 352289, 138257, 514423, 117290, 37.5, 44.3, 1.00
A, 625220, 326774, 509291, 852603, 352254, 138296, 514352, 117300, 37.5, 44.3, 0.99
A, 625073, 326744, 509305, 852478, 352154, 138280, 514291, 117312, 37.5, 44.3, 0.99
A, 625281, 326804, 509592, 852454, 352250, 138289, 514396, 117263, 37.5, 44.3, 0.99
A, 625139, 326684, 509476, 852282, 352164, 138265, 514287, 117239, 37.5, 44.3, 0.99
A, 624869, 326736, 509317, 851894, 352177, 138201, 514258, 117265, 37.5, 44.3, 0.99
A, 624710, 326580, 509377, 851880, 352019, 138209, 514198, 117277, 37.5, 44.3, 0.99
A, 624844, 326551, 509631, 852125, 352050, 138221, 514121, 117259, 37.5, 44.3, 1.00
A, 624919, 326576, 509878, 852333, 352123, 138255, 514248, 117273, 37.5, 44.3, 1.00
A, 624072, 326500, 508703, 850171, 351870, 138018, 513934, 117051, 37.5, 44.3, 1.00
A, 621963, 326076, 506716, 848032, 351451, 137733, 513381, 116840, 37.5, 44.3, 1.00
A, 622238, 325858, 507448, 849074, 351327, 137817, 513422, 116910, 37.5, 44.3, 0.99
A, 622766, 326005, 508127, 849843, 351449, 137909, 513539, 117011, 37.5, 44.3, 1.01
A, 623159, 325959, 508540, 850037, 351602, 137937, 513740, 117097, 37.5, 44.3, 0.99
A, 623472, 326064, 508943, 850571, 351704, 137979, 513799, 117179, 37.5, 44.3, 0.99
A, 625373, 326400, 511071, 852911, 352094, 138240, 514276, 117462, 37.5, 44.3, 1.00
A, 625474, 326542, 511058, 852606, 352173, 138179, 514324, 117358, 37.5, 44.3, 1.00
A, 625346, 326579, 511144, 852851, 352176, 138214, 514286, 117393, 37.5, 44.3, 1.00
A, 625260, 326559, 511084, 852778, 352149, 138191, 514279, 117395, 37.5, 44.3, 1.00
A, 624951, 326425, 510981, 852498, 352050, 138221, 514210, 117419, 37.5, 44.3, 1.00
A, 625255, 326551, 511283, 852753, 352149, 138261, 514301, 117401, 37.5, 44.3, 0.99
A, 625219, 326555, 511422, 852691, 352131, 138204, 514261, 117290, 37.5, 44.3, 1.01
A, 624816, 326439, 511254, 852369, 352031, 138231, 514190, 117351, 37.5, 44.3, 1.01
A, 624864, 326530, 511250, 852227, 351996, 138178, 514146, 117315, 37.5, 44.3, 1.00
A, 624470, 326466, 511064, 851868, 351971, 138127, 514059, 117294, 37.5, 44.3, 1.00
A, 624347, 326371, 510978, 851827, 351850, 138155, 514052, 117293, 37.5, 44.3, 1.00
A, 624412, 326440, 511224, 851659, 351963, 138150, 514136, 117258, 37.5, 44.4, 0.99
A, 624325, 326327, 511242, 851695, 351884, 138102, 513971, 117335, 37.5, 44.4, 0.99
A, 624167, 326425, 511223, 851809, 351877, 138158, 513995, 117300, 37.5, 44.4, 1.00
A, 624110, 326283, 511335, 851684, 351829, 138097, 513954, 117291, 37.5, 44.3, 1.00
A, 624239, 326302, 511509, 851619, 351872, 138193, 513900, 117260, 37.5, 44.3, 1.00
A, 624564, 326327, 511970, 852111, 351920, 138167, 514038, 117328, 37.5, 44.3, 1.00
A, 624626, 326401, 512199, 852221, 351974, 138178, 514047, 117346, 37.5, 44.3, 1.01
A, 624543, 326422, 512110, 851978, 351909, 138140, 514064, 117345, 37.5, 44.3, 0.99
A, 624380, 326351, 512164, 851998, 351887, 138194, 514007, 117291, 37.5, 44.3, 1.00
A, 626052, 326562, 514006, 854234, 352305, 138494, 514411, 117673, 37.5, 44.3, 0.99
A, 626027, 326684, 513865, 853596, 352311, 138355, 514390, 117432, 37.5, 44.3, 0.99
A, 625467, 326675, 513579, 853212, 352177, 138341, 514325, 117489, 37.5, 44.4, 1.00
A, 625061, 326542, 513300, 852921, 352075, 138299, 514174, 117395, 37.5, 44.4, 1.00
A, 625004, 326510, 513497, 853007, 352052, 138306, 514164, 117471, 37.5, 44.4, 1.00
A, 624876, 326536, 513502, 852571, 351996, 138299, 514113, 117382, 37.5, 44.4, 1.00
A, 624865, 326609, 513662, 852839, 352022, 138239, 514189, 117417, 37.5, 44.4, 0.99
A, 624759, 326489, 513599, 852482, 351939, 138226, 514106, 117381, 37.5, 44.4, 1.00
A, 624387, 326464, 513194, 851995, 351887, 138232, 513966, 117332, 37.5, 44.4, 1.01
A, 624284, 326457, 513465, 852260, 351895, 138173, 513925, 117375, 37.5, 44.4, 1.00
A, 623882, 326356, 513244, 851674, 351812, 138142, 513864, 117349, 37.5, 44.4, 1.00
A, 623772, 326367, 513124, 851554, 351742, 138187, 513850, 117284, 37.5, 44.4, 1.00
A, 623507, 326357, 513064, 851119, 351753, 138037, 513742, 117187, 37.5, 44.4, 0.99
A, 623156, 326147, 512645, 850533, 351606, 137999, 513653, 117167, 37.5, 44.4, 1.00
A, 623108, 326151, 512848, 850840, 351564, 138077, 513586, 117170, 37.5, 44.4, 1.00
A, 623136, 326155, 512994, 850818, 351542, 138048, 513600, 117227, 37.5, 44.4, 1.00
A, 623125, 326104, 513201, 850997, 351530, 138043, 513633, 117276, 37.5, 44.4, 1.00
A, 623509, 326105, 513541, 851287, 351626, 138072, 513666, 117225, 37.5, 44.4, 1.00
A, 623612, 326197, 513806, 851135, 351675, 138065, 513705, 117295, 37.5, 44.4, 1.00
A, 623526, 326113, 513849, 851209, 351660, 138057, 513672, 117348, 37.5, 44.4, 0.98
A, 624809, 326267, 515350, 853127, 351926, 138263, 514012, 117606, 37.5, 44.4, 0.99
A, 624831, 326442, 515383, 853038, 351952, 138342, 514107, 117488, 37.5, 44.4, 1.00
A, 624646, 326480, 515342, 852759, 351951, 138230, 514048, 117451, 37.5, 44.4, 1.00
A, 624808, 326495, 515605, 852977, 351973, 138233, 514096, 117543, 37.5, 44.4, 1.00
A, 624585, 326461, 515548, 852654, 352017, 138314, 514017, 117547, 37.5, 44.4, 1.00
A, 624225, 326389, 515277, 852267, 351920, 138254, 513934, 117435, 37.5, 44.4, 1.00
A, 623885, 326339, 515292, 852197, 351809, 138260, 513874, 117368, 37.5, 44.4, 1.00
A, 623979, 326285, 515475, 852218, 351784, 138239, 513923, 117447, 37.5, 44.4, 0.99
A, 623900, 326341, 515342, 851368, 351784, 138142, 513829, 117399, 37.5, 44.4, 1.01
A, 623448, 326263, 515041, 851439, 351715, 138154, 513739, 117345, 37.5, 44.4, 0.99
A, 623359, 326274, 515200, 851608, 351636, 138124, 513683, 117322, 37.5, 44.4, 1.00
A, 623008, 326152, 514910, 851007, 351630, 138009, 513626, 117298, 37.5, 44.4, 1.00
A, 623001, 326112, 514978, 850901, 351528, 138117, 513591, 117300, 37.5, 44.4, 1.00
A, 622620, 326051, 514841, 850653, 351490, 138073, 513570, 117338, 37.5, 44.4, 1.01
A, 622731, 326015, 514858, 850380, 351467, 137993, 513499, 117262, 37.5, 44.4, 1.00
A, 622762, 325880, 515180, 850926, 351502, 138086, 513587, 117258, 37.5, 44.4, 1.00
A, 622845, 325992, 515285, 850868, 351494, 138022, 513504, 117259, 37.5, 44.4, 0.98
A, 622665, 325922, 515241, 850940, 351419, 138016, 513551, 117350, 37.5, 44.4, 1.01
A, 622818, 325972, 515537, 851054, 351478, 138052, 513587, 117314, 37.5, 44.4, 0.99
A, 622952, 325997, 515765, 850963, 351561, 138044, 513606, 117355, 37.5, 44.4, 0.99
A, 624282, 326214, 517193, 852820, 351850, 138236, 513918, 117534, 37.5, 44.5, 1.01
A, 624327, 326320, 517347, 852878, 351883, 138277, 513975, 117553, 37.5, 44.5, 1.01
A, 624078, 326347, 517180, 852359, 351830, 138256, 513878, 117486, 37.5, 44.5, 1.00
A, 623808, 326266, 517149, 852456, 351800, 138257, 513877, 117502, 37.5, 44.5, 1.01
A, 623763, 326292, 517087, 852248, 351778, 138129, 513853, 117532, 37.5, 44.5, 0.99
A, 623757, 326260, 517138, 852006, 351707, 138130, 513823, 117398, 37.5, 44.5, 1.00
A, 623289, 326204, 516992, 851694, 351628, 138095, 513693, 117368, 37.5, 44.5, 1.00
A, 623020, 326207, 516869, 851669, 351623, 138113, 513615, 117436, 37.5, 44.5, 0.99
A, 623263, 326193, 517030, 851684, 351649, 138154, 513668, 117364, 37.5, 44.5, 1.00
A, 623026, 326142, 516994, 851507, 351555, 138120, 513628, 117400, 37.5, 44.5, 1.00
A, 622952, 326143, 516784, 851173, 351566, 138086, 513614, 117358, 37.5, 44.5, 0.99
A, 622802, 326113, 516884, 851061, 351527, 138052, 513518, 117339, 37.5, 44.5, 1.01
A, 622265, 326093, 516592, 850614, 351507, 137979, 513467, 117270, 37.5, 44.5, 1.00
A, 622281, 325966, 516638, 850652, 351441, 138018, 513455, 117267, 37.5, 44.5, 1.00
A, 622059, 325917, 516519, 850242, 351370, 138012, 513452, 117288, 37.5, 44.5, 1.00
A, 622163, 325914, 516557, 850219, 351282, 137902, 513356, 117269, 37.5, 44.5, 1.01
A, 622147, 325924, 516830, 850632, 351423, 137923, 513415, 117380, 37.5, 44.5, 1.00
A, 622153, 325924, 516925, 850610, 351427, 137974, 513399, 117342, 37.5, 44.5, 1.00
A, 622199, 325852, 517004, 850519, 351370, 137993, 513420, 117315, 37.5, 44.5, 1.00
A, 622421, 325886, 517497, 850842, 351442, 137998, 513489, 117409, 37.5, 44.5, 1.00
A, 624062, 326154, 519163, 852858, 351719, 138230, 513927, 117689, 37.5, 44.5, 1.00
A, 623693, 326233, 518984, 852416, 351828, 138281, 513894, 117597, 37.5, 44.5, 1.01
A, 623688, 326269, 519023, 852436, 351749, 138171, 513782, 117512, 37.5, 44.5, 1.00
A, 623429, 326213, 518877, 852085, 351624, 138178, 513782, 117488, 37.5, 44.5, 0.99
A, 622985, 326141, 518690, 851794, 351516, 138104, 513609, 117466, 37.5, 44.5, 1.01
A, 623046, 326187, 518807, 851871, 351625, 138208, 513656, 117529, 37.5, 44.5, 1.01
A, 623003, 326072, 518687, 851539, 351687, 138103, 513605, 117432, 37.5, 44.5, 1.01
A, 622566, 326082, 518520, 851132, 351502, 138058, 513526, 117322, 37.5, 44.5, 0.99
A, 622474, 326023, 518378, 851030, 351502, 138063, 513498, 117399, 37.5, 44.5, 0.99
A, 622459, 325980, 518711, 851145, 351522, 138144, 513567, 117409, 37.5, 44.5, 1.00
A, 622373, 325901, 518719, 850975, 351405, 138053, 513427, 117323, 37.5, 44.5, 1.00
A, 622381, 326024, 518772, 851051, 351515, 138094, 513568, 117366, 37.5, 44.5, 1.00
A, 622334, 325910, 518838, 851015, 351416, 138049, 513483, 117455, 37.5, 44.5, 1.00
A, 621991, 325998, 518541, 850629, 351421, 138031, 513478, 117352, 37.5, 44.5, 1.00
A, 621603, 325804, 518383, 850416, 351216, 137915, 513314, 117323, 37.5, 44.5, 1.01
A, 621920, 325863, 518808, 850607, 351343, 137992, 513370, 117364, 37.5, 44.5, 1.00
A, 622038, 325848, 518964, 850804, 351361, 137984, 513390, 117395, 37.5, 44.5, 0.99
A, 621991, 325835, 519056, 850744, 351352, 137997, 513475, 117369, 37.5, 44.5, 1.00
A, 621775, 325788, 518920, 850491, 351353, 137981, 513410, 117348, 37.5, 44.5, 1.00
A, 621779, 325723, 518956, 849986, 351306, 137941, 513265, 117316, 37.5, 44.5, 1.00
A, 623178, 326015, 520721, 852427, 351634, 138267, 513747, 117605, 37.5, 44.5, 0.99
A, 623086, 326128, 520570, 852203, 351671, 138185, 513781, 117634, 37.5, 44.5, 1.00
A, 623086, 326068, 520705, 852286, 351678, 138206, 513782, 117587, 37.5, 44.5, 0.99
A, 623048, 326077, 520817, 852029, 351702, 138209, 513715, 117561, 37.5, 44.5, 1.00
A, 622678, 326044, 520451, 851713, 351605, 138156, 513628, 117533, 37.5, 44.5, 1.00
A, 622435, 326018, 520327, 851452, 351485, 138104, 513640, 117544, 37.5, 44.5, 1.00
A, 622487, 325985, 520601, 851610, 351605, 138125, 513574, 117385, 37.5, 44.6, 1.00
A, 622333, 325955, 520533, 851514, 351506, 138157, 513554, 117484, 37.5, 44.6, 0.99
A, 622378, 326011, 520720, 851704, 351586, 138130, 513584, 117543, 37.5, 44.6, 1.01
A, 622403, 325998, 520858, 851552, 351556, 138082, 513634, 117467, 37.5, 44.6, 0.99
A, 622053, 325914, 520715, 851335, 351489, 138024, 513474, 117462, 37.5, 44.6, 1.00
A, 622080, 325952, 520867, 851437, 351428, 138148, 513452, 117490, 37.5, 44.6, 1.01
A, 621980, 325913, 520757, 850798, 351406, 138020, 513513, 117404, 37.5, 44.6, 1.01
A, 621788, 325833, 520659, 850812, 351408, 137973, 513358, 117426, 37.5, 44.6, 1.00
A, 621213, 325828, 520274, 850232, 351327, 137987, 513337, 117383, 37.5, 44.6, 1.01
A, 621207, 325732, 520234, 850155, 351262, 138002, 513267, 117370, 37.5, 44.6, 0.99
A, 621377, 325786, 520636, 850596, 351299, 138027, 513363, 117411, 37.5, 44.6, 1.00
A, 621440, 325796, 520768, 850645, 351297, 138013, 513452, 117441, 37.5, 44.6, 1.00
A, 621600, 325760, 520918, 850515, 351363, 138003, 513408, 117409, 37.5, 44.6, 1.01
A, 621504, 325768, 520743, 850262, 351327, 137904, 513401, 117298, 37.5, 44.6, 1.00
M, 619420, 325607, 518320, 846735, 351006, 137458, 512942, 116680, 37.5, 44.6, 0.10
M, 611480, 323943, 510215, 837252, 348783, 136202, 510197, 115360, 37.5, 44.6, 0.55
M, 603897, 321843, 502308, 827371, 346506, 134874, 507516, 114194, 37.5, 44.6, 0.74
M, 598347, 320234, 496341, 820168, 344937, 133802, 505924, 113290, 37.5, 44.6, 0.81
M, 594149, 319137, 491773, 814776, 344103, 133093, 505480, 112694, 37.5, 44.6, 0.90
M, 590865, 318338, 487511, 809887, 343606, 132324, 505308, 112109, 37.5, 44.6, 0.93
M, 588645, 317710, 484138, 806149, 343326, 131640, 505342, 111687, 37.5, 44.6, 0.96
M, 587218, 317202, 481457, 803665, 343251, 131132, 505531, 111296, 37.5, 44.6, 0.97
M, 586312, 316853, 478713, 801203, 343162, 130614, 505664, 111022, 37.5, 44.6, 0.97
M, 585769, 316389, 476634, 799676, 343241, 130198, 505865, 110782, 37.5, 44.7, 0.98
M, 585432, 316048, 474841, 798802, 343154, 129870, 505965, 110545, 37.5, 44.7, 0.99
M, 585222, 315823, 472984, 797891, 343250, 129476, 506077, 110372, 37.5, 44.7, 1.00
M, 586161, 315616, 472276, 798196, 343412, 129321, 506424, 110427, 37.5, 44.7, 1.00
M, 587065, 315462, 471360, 798549, 343636, 129129, 506815, 110312, 37.5, 44.7, 1.00
M, 587792, 315243, 470659, 799135, 343855, 128978, 507140, 110245, 37.5, 44.7, 1.00
M, 588843, 315115, 469967, 799657, 344181, 128852, 507518, 110205, 37.5, 44.7, 0.99
M, 589656, 314941, 469758, 800598, 344314, 128795, 507801, 110311, 37.5, 44.7, 1.01
M, 590756, 314832, 469068, 801515, 344742, 128654, 508255, 110276, 37.5, 44.7, 1.00
M, 591674, 314632, 468804, 802238, 344880, 128661, 508526, 110217, 37.5, 44.7, 1.00
M, 592742, 314603, 468953, 803776, 345278, 128613, 508973, 110263, 37.5, 44.7, 1.01
M, 595351, 314722, 470417, 806817, 345982, 128800, 509806, 110599, 37.5, 44.7, 1.00
M, 596141, 314803, 470112, 807638, 346292, 128865, 510240, 110571, 37.5, 44.7, 1.01
M, 597343, 314889, 470189, 808916, 346694, 128807, 510668, 110622, 37.5, 44.7, 1.00
M, 598293, 314810, 469965, 809839, 347068, 128785, 511125, 110582, 37.5, 44.7, 1.00
M, 598883, 314773, 469658, 810691, 347340, 128762, 511477, 110547, 37.5, 44.7, 1.00
M, 599831, 314838, 469783, 811856, 347717, 128818, 511996, 110685, 37.5, 44.7, 1.00
M, 600561, 314846, 469865, 812882, 348027, 128790, 512366, 110679, 37.5, 44.7, 1.00
M, 601346, 314842, 469827, 813898, 348412, 128839, 512750, 110675, 37.5, 44.7, 0.99
M, 602359, 315002, 470072, 815244, 348797, 128838, 513247, 110736, 37.5, 44.7, 1.00
M, 603378, 315132, 470247, 816318, 349207, 128857, 513796, 110715, 37.5, 44.7, 1.00
M, 603933, 315193, 470164, 817189, 349538, 128935, 514128, 110733, 37.5, 44.7, 1.00
M, 604578, 315264, 470179, 818147, 349858, 128907, 514567, 110815, 37.5, 44.7, 1.00
M, 605491, 315429, 470341, 819295, 350228, 128938, 515094, 110854, 37.5, 44.7, 1.01
M, 606281, 315525, 470553, 820269, 350563, 129058, 515489, 110895, 37.5, 44.7, 1.00
M, 607130, 315738, 470396, 821078, 351038, 129038, 515986, 110928, 37.5, 44.7, 0.99
M, 607537, 315784, 470515, 821948, 351273, 129057, 516338, 110885, 37.5, 44.7, 1.00
M, 608225, 316016, 470518, 822873, 351692, 129082, 516781, 110909, 37.5, 44.7, 1.01
M, 608696, 316087, 470545, 823563, 351942, 129057, 517025, 110934, 37.5, 44.7, 1.00
M, 609617, 316366, 470852, 824676, 352325, 129208, 517589, 111077, 37.5, 44.7, 1.00
M, 610516, 316497, 471151, 825786, 352784, 129221, 517984, 111120, 37.5, 44.7, 1.00
M, 613019, 317085, 473091, 828956, 353508, 129554, 518887, 111367, 37.5, 44.7, 0.99
M, 613537, 317375, 472987, 829520, 353846, 129539, 519286, 111358, 37.5, 44.7, 1.00
M, 613816, 317596, 472853, 830147, 354077, 129590, 519603, 111336, 37.5, 44.7, 1.01
M, 614432, 317738, 473072, 830927, 354440, 129618, 519936, 111268, 37.5, 44.7, 1.00
M, 614744, 317908, 472912, 831456, 354709, 129643, 520266, 111414, 37.5, 44.7, 1.00
M, 615532, 318227, 473127, 832582, 355020, 129709, 520653, 111439, 37.5, 44.7, 1.01
M, 616216, 318409, 473354, 833226, 355304, 129713, 521014, 111429, 37.5, 44.7, 0.99
M, 616595, 318613, 473360, 833871, 355561, 129721, 521274, 111424, 37.5, 44.7, 0.99
M, 616859, 318810, 473191, 834458, 355831, 129763, 521602, 111441, 37.5, 44.7, 0.99
M, 617457, 319078, 473405, 835211, 356140, 129829, 521953, 111492, 37.5, 44.7, 1.00
M, 618014, 319185, 473367, 835708, 356388, 129792, 522301, 111459, 37.5, 44.7, 1.00
M, 618374, 319448, 473244, 836195, 356560, 129783, 522481, 111428, 37.5, 44.8, 1.00
M, 618755, 319598, 473382, 836991, 356866, 129850, 522825, 111516, 37.5, 44.8, 1.00
M, 619346, 319885, 473748, 837755, 357106, 129926, 523142, 111493, 37.5, 44.8, 1.01
M, 619776, 319912, 473785, 838466, 357302, 129924, 523355, 111521, 37.5, 44.8, 1.01
M, 620465, 320230, 473940, 839246, 357660, 130017, 523771, 111535, 37.5, 44.8, 1.01
M, 620900, 320425, 474054, 839779, 357865, 130021, 524083, 111594, 37.5, 44.8, 1.01
M, 621359, 320707, 473978, 840486, 358134, 130014, 524319, 111529, 37.5, 44.8, 0.99
M, 621540, 320766, 474009, 840908, 358249, 130038, 524513, 111534, 37.5, 44.8, 0.99
M, 622331, 321037, 474444, 841706, 358552, 130129, 524838, 111656, 37.5, 44.8, 0.99
M, 624413, 321473, 476194, 844512, 359163, 130315, 525546, 111946, 37.5, 44.8, 1.00
M, 624817, 321889, 476175, 844841, 359450, 130386, 525838, 111885, 37.5, 44.8, 1.00
M, 624973, 322058, 475905, 845119, 359576, 130349, 526029, 111870, 37.5, 44.8, 1.00
M, 625229, 322205, 475929, 845619, 359812, 130352, 526238, 111861, 37.5, 44.8, 0.99
M, 625775, 322421, 476106, 846375, 360056, 130394, 526530, 111851, 37.5, 44.8, 0.99
M, 625887, 322598, 476075, 846794, 360173, 130461, 526682, 111876, 37.5, 44.8, 1.00
M, 626137, 322798, 475999, 847082, 360301, 130447, 526878, 111905, 37.5, 44.8, 1.01
M, 626781, 322976, 476172, 847624, 360592, 130474, 527170, 111874, 37.5, 44.8, 0.99
M, 627071, 323149, 476081, 848072, 360696, 130476, 527336, 111839, 37.5, 44.8, 1.00
M, 627352, 323340, 476225, 848618, 360866, 130518, 527517, 111887, 37.5, 44.8, 1.00
M, 627940, 323518, 476556, 849288, 361067, 130520, 527748, 111914, 37.5, 44.8, 1.00
M, 628275, 323658, 476705, 849941, 361259, 130612, 527967, 111959, 37.5, 44.8, 0.99
M, 628874, 323983, 476921, 850761, 361455, 130607, 528213, 112002, 37.5, 44.8, 1.01
M, 629378, 324131, 477274, 851395, 361732, 130630, 528495, 111978, 37.5, 44.8, 1.01
M, 629601, 324275, 477236, 851733, 361804, 130678, 528707, 111988, 37.5, 44.8, 0.99
M, 630025, 324515, 477392, 852483, 362030, 130755, 528809, 112011, 37.5, 44.8, 1.01
M, 630310, 324709, 477311, 852531, 362188, 130757, 529047, 111996, 37.5, 44.8, 1.01
M, 630363, 324687, 477342, 852824, 362220, 130749, 529064, 112017, 37.5, 44.8, 0.99
M, 630719, 325056, 477458, 853368, 362472, 130753, 529342, 112007, 37.5, 44.8, 0.99
M, 630992, 324976, 477541, 853755, 362535, 130803, 529464, 112032, 37.5, 44.8, 1.00
M, 632823, 325422, 479245, 856331, 362992, 131036, 529962, 112288, 37.5, 44.8, 1.00
M, 633111, 325693, 479323, 856536, 363238, 131088, 530217, 112243, 37.5, 44.8, 1.00
M, 633062, 325858, 479072, 856546, 363272, 131033, 530249, 112255, 37.5, 44.8, 0.99
M, 633123, 325906, 478896, 856677, 363288, 131060, 530411, 112206, 37.5, 44.8, 1.01
M, 633461, 326034, 479094, 857163, 363541, 131120, 530586, 112237, 37.5, 44.8, 1.01
M, 633578, 326181, 479076, 857477, 363659, 131115, 530685, 112183, 37.5, 44.8, 1.00
M, 633895, 326340, 479146, 857814, 363739, 131116, 530827, 112203, 37.5, 44.8, 1.01
M, 634212, 326389, 479364, 858147, 363801, 131213, 530932, 112219, 37.5, 44.8, 0.99
M, 634414, 326584, 479288, 858415, 363968, 131144, 531114, 112228, 37.5, 44.8, 1.00
M, 634561, 326640, 479345, 858563, 364151, 131195, 531235, 112226, 37.5, 44.8, 1.00
M, 634582, 326719, 479383, 858987, 364125, 131196, 531328, 112174, 37.5, 44.8, 1.00
M, 634928, 326889, 479589, 859423, 364274, 131183, 531474, 112234, 37.5, 44.8, 1.00
M, 634946, 326960, 479131, 859184, 364357, 131255, 531598, 112251, 37.5, 44.8, 1.00
M, 635458, 327138, 479781, 860187, 364476, 131328, 531746, 112251, 37.5, 44.8, 0.98
M, 635449, 327226, 479662, 860041, 364545, 131259, 531823, 112229, 37.5, 44.8, 1.00
M, 635562, 327301, 479642, 860342, 364637, 131276, 531943, 112223, 37.5, 44.8, 0.99
M, 636134, 327423, 480045, 861054, 364754, 131358, 532153, 112228, 37.5, 44.8, 1.00
M, 636159, 327540, 480016, 861136, 364894, 131312, 532215, 112258, 37.5, 44.8, 0.99
M, 636234, 327513, 480062, 861550, 364930, 131338, 532248, 112266, 37.5, 44.8, 1.00
M, 636642, 327770, 480185, 861683, 365138, 131326, 532499, 112224, 37.5, 44.9, 0.99
M, 637929, 327911, 481433, 863647, 365411, 131567, 532835, 112383, 37.5, 44.9, 1.01
M, 637682, 328113, 481022, 863401, 365544, 131506, 532902, 112401, 37.5, 44.9, 0.99
M, 637850, 328148, 481231, 863763, 365553, 131570, 532985, 112479, 37.5, 44.8, 1.00
M, 638222, 328266, 481403, 863964, 365640, 131581, 533082, 112375, 37.5, 44.8, 1.00
M, 638502, 328410, 481609, 864450, 365816, 131629, 533241, 112431, 37.5, 44.9, 0.99
M, 638826, 328568, 481780, 864871, 365875, 131615, 533443, 112375, 37.5, 44.9, 1.00
M, 638887, 328653, 481739, 864873, 365984, 131658, 533494, 112407, 37.5, 44.9, 1.00
M, 639151, 328696, 481999, 865496, 366059, 131716, 533604, 112452, 37.5, 44.9, 1.00
M, 639333, 328819, 482079, 865754, 366130, 131702, 533727, 112475, 37.5, 44.9, 1.00
M, 639464, 328886, 482162, 865998, 366180, 131776, 533804, 112502, 37.5, 44.9, 1.00
M, 640036, 329054, 482533, 866592, 366392, 131784, 533944, 112588, 37.5, 44.9, 1.01
M, 640286, 329194, 482734, 866971, 366568, 131858, 534167, 112524, 37.5, 44.9, 1.00
M, 640224, 329269, 482682, 867144, 366549, 131846, 534218, 112434, 37.5, 44.9, 0.99
M, 640321, 329354, 482669, 867127, 366645, 131808, 534272, 112498, 37.5, 44.9, 1.00
M, 640523, 329343, 482897, 867475, 366684, 131918, 534338, 112533, 37.5, 44.9, 0.99
M, 640694, 329464, 482857, 867570, 366755, 131836, 534461, 112461, 37.5, 44.9, 1.01
M, 640883, 329536, 482885, 867712, 366784, 131911, 534502, 112487, 37.5, 44.9, 0.99
M, 641251, 329646, 483243, 868460, 366941, 131908, 534662, 112519, 37.5, 44.9, 1.01
M, 640943, 329773, 483000, 868293, 367012, 131898, 534772, 112509, 37.5, 44.9, 1.01
M, 641055, 329775, 483001, 868502, 366999, 131920, 534775, 112544, 37.5, 44.9, 1.00
M, 643164, 330214, 484963, 871048, 367614, 132247, 535431, 112798, 37.5, 44.9, 1.00
M, 643327, 330317, 484961, 870987, 367674, 132186, 535513, 112714, 37.5, 44.9, 1.00
M, 643390, 330383, 484970, 871319, 367727, 132271, 535512, 112729, 37.5, 44.9, 1.00
M, 643360, 330496, 484938, 871300, 367720, 132213, 535558, 112723, 37.5, 44.9, 1.01
M, 643009, 330523, 484531, 870952, 367681, 132198, 535487, 112636, 37.5, 44.9, 1.01
M, 643089, 330611, 484665, 871239, 367741, 132220, 535629, 112661, 37.5, 44.9, 1.00
M, 643068, 330591, 484379, 870797, 367674, 132172, 535589, 112636, 37.5, 44.9, 0.99
M, 643147, 330642, 484486, 871091, 367789, 132168, 535657, 112655, 37.5, 44.9, 1.01
M, 643305, 330726, 484556, 871573, 367806, 132263, 535751, 112663, 37.5, 44.9, 1.00
M, 643465, 330796, 484768, 871805, 367976, 132196, 535845, 112655, 37.5, 44.9, 0.99
M, 643721, 330898, 484887, 871826, 367915, 132280, 535942, 112631, 37.5, 44.9, 1.00
M, 644199, 330938, 485284, 872638, 368124, 132278, 536149, 112683, 37.5, 44.9, 1.01
M, 644431, 331120, 485517, 872968, 368218, 132358, 536253, 112754, 37.5, 44.9, 1.00
M, 644654, 331196, 485411, 872992, 368302, 132333, 536325, 112694, 37.5, 44.9, 1.00
M, 641667, 330860, 482582, 869467, 367753, 131953, 535650, 112253, 37.5, 44.9, 1.01
M, 638104, 330032, 479318, 865252, 366820, 131551, 534691, 111747, 37.5, 44.9, 1.01
M, 635615, 329293, 476872, 862606, 366071, 131192, 534050, 111566, 37.5, 44.9, 0.99
M, 637217, 329177, 478323, 864223, 366363, 131242, 534361, 111782, 37.5, 44.9, 1.00
M, 638586, 329452, 479462, 865941, 366746, 131432, 534842, 111903, 37.5, 44.9, 0.99
M, 640408, 329826, 481088, 868106, 367312, 131666, 535474, 112185, 37.5, 44.9, 1.00
M, 641557, 329947, 482069, 869491, 367596, 131795, 535832, 112324, 37.5, 44.9, 0.99
M, 642629, 330290, 483001, 871020, 367962, 131932, 536240, 112382, 37.5, 44.9, 1.01
M, 643246, 330378, 483358, 871384, 368038, 132006, 536346, 112432, 37.5, 44.9, 1.00
M, 644120, 330553, 484112, 872651, 368295, 132076, 536590, 112509, 37.5, 44.9, 1.00
M, 644703, 330719, 484568, 873307, 368534, 132162, 536816, 112596, 37.5, 45.0, 0.99
M, 644962, 330808, 484801, 873847, 368565, 132216, 536891, 112612, 37.5, 45.0, 1.00
M, 645609, 331038, 485393, 874727, 368830, 132329, 537150, 112702, 37.5, 45.0, 1.00
M, 646296, 331222, 485872, 875263, 368985, 132370, 537362, 112693, 37.5, 45.0, 1.00
M, 646370, 331286, 485916, 875385, 369033, 132404, 537392, 112709, 37.5, 45.0, 1.01
M, 646593, 331352, 486187, 875860, 369119, 132457, 537474, 112780, 37.5, 45.0, 1.00
M, 647304, 331578, 486701, 876615, 369276, 132506, 537709, 112790, 37.5, 45.0, 0.99
M, 647481, 331697, 486924, 877123, 369385, 132580, 537715, 112809, 37.5, 45.0, 1.00
M, 648046, 331879, 487444, 877851, 369602, 132684, 537998, 112892, 37.5, 45.0, 1.00
M, 648254, 331992, 487654, 877728, 369607, 132647, 538055, 112863, 37.5, 45.0, 0.99
M, 647991, 332023, 487305, 877568, 369645, 132663, 538002, 112814, 37.5, 45.0, 1.01
M, 647951, 332044, 487336, 877815, 369612, 132710, 538027, 112806, 37.5, 45.0, 1.00
M, 648227, 332165, 487683, 878261, 369647, 132755, 538052, 112809, 37.5, 45.0, 1.01
M, 648497, 332209, 487873, 878328, 369758, 132743, 538209, 112834, 37.5, 45.0, 1.01
M, 648945, 332380, 488247, 878773, 369897, 132843, 538303, 112968, 37.5, 45.0, 1.01
M, 648901, 332401, 488332, 878900, 369899, 132837, 538323, 112882, 37.5, 45.0, 1.00
M, 650831, 332728, 490142, 881338, 370349, 133043, 538814, 113150, 37.5, 45.0, 1.00
M, 650219, 332791, 489383, 880526, 370313, 133036, 538791, 112968, 37.5, 45.0, 1.01
M, 650170, 332856, 489670, 880859, 370273, 133054, 538780, 113072, 37.5, 45.0, 0.99
M, 650360, 332984, 489947, 881100, 370332, 133105, 538814, 113088, 37.5, 45.0, 1.02
M, 650584, 333077, 490052, 881092, 370418, 133176, 538846, 113059, 37.5, 45.0, 0.99
M, 650540, 333064, 490050, 881019, 370400, 133126, 538867, 113011, 37.5, 45.0, 1.00
M, 650276, 333081, 489953, 881100, 370353, 133106, 538833, 113018, 37.5, 45.0, 1.00
M, 650400, 333162, 489960, 881103, 370313, 133143, 538842, 113030, 37.5, 45.0, 1.00
M, 650328, 333224, 490173, 881267, 370417, 133180, 538869, 113002, 37.5, 45.0, 0.99
M, 650763, 333301, 490427, 881610, 370538, 133234, 539029, 113081, 37.5, 45.0, 0.99
M, 650732, 333406, 490496, 881451, 370560, 133202, 539086, 113069, 37.5, 45.0, 0.99
M, 650832, 333390, 490562, 881712, 370513, 133226, 539117, 113034, 37.5, 45.0, 1.00
M, 650595, 333367, 490305, 881630, 370577, 133227, 539099, 113016, 37.5, 45.0, 0.99
M, 651021, 333552, 490821, 882193, 370632, 133281, 539186, 113089, 37.5, 45.0, 1.00
M, 651238, 333618, 490899, 882223, 370759, 133281, 539322, 113089, 37.5, 45.0, 0.99
M, 651649, 333736, 491408, 882990, 370854, 133376, 539464, 113150, 37.5, 45.0, 0.99
M, 651593, 333774, 491257, 882778, 370841, 133342, 539515, 113072, 37.5, 45.0, 1.01
M, 651665, 333812, 491181, 882781, 370844, 133342, 539533, 113135, 37.5, 45.0, 1.00
M, 651924, 333926, 491518, 883345, 370939, 133365, 539656, 113111, 37.5, 45.0, 0.99
M, 651906, 334058, 491382, 883272, 371040, 133404, 539764, 113125, 37.5, 45.0, 0.99
M, 653570, 334314, 492835, 884989, 371298, 133590, 540096, 113293, 37.5, 45.0, 1.01
M, 653163, 334476, 492485, 884754, 371367, 133504, 540173, 113243, 37.5, 45.0, 1.01
M, 653205, 334500, 492436, 884884, 371292, 133507, 540121, 113174, 37.5, 45.0, 0.99
M, 653391, 334547, 492507, 885077, 371351, 133579, 540263, 113255, 37.5, 45.0, 1.00
M, 653677, 334707, 492684, 885269, 371459, 133644, 540342, 113276, 37.5, 45.0, 1.00
M, 653690, 334802, 492788, 885592, 371428, 133638, 540324, 113275, 37.5, 45.0, 1.01
M, 654232, 334962, 492983, 885927, 371548, 133625, 540509, 113303, 37.5, 45.0, 1.00
M, 654059, 334948, 492883, 885884, 371511, 133621, 540398, 113238, 37.5, 45.0, 0.99
M, 654422, 335041, 493119, 886360, 371614, 133704, 540572, 113262, 37.5, 45.0, 1.01
M, 654352, 335135, 493121, 886551, 371593, 133701, 540566, 113297, 37.5, 45.0, 1.01
M, 654759, 335223, 493408, 886850, 371666, 133743, 540745, 113342, 37.5, 45.0, 0.99
M, 655089, 335325, 493561, 886870, 371745, 133716, 540748, 113320, 37.5, 45.0, 0.99
M, 655065, 335375, 493454, 887115, 371722, 133743, 540742, 113277, 37.5, 45.1, 1.01
M, 655300, 335450, 493649, 887401, 371826, 133724, 540888, 113301, 37.5, 45.1, 1.00
M, 655448, 335471, 493602, 887486, 371819, 133769, 540885, 113267, 37.5, 45.1, 1.00
M, 655506, 335566, 493759, 887819, 371806, 133793, 540904, 113283, 37.5, 45.1, 0.99
M, 656084, 335699, 494131, 888425, 371946, 133855, 541012, 113371, 37.5, 45.1, 1.01
M, 656295, 335823, 494344, 888455, 372012, 133807, 541114, 113376, 37.5, 45.1, 1.00
M, 656342, 335811, 494340, 888559, 371989, 133835, 541077, 113354, 37.5, 45.1, 1.00
M, 656582, 335794, 494565, 889167, 372081, 133934, 541223, 113461, 37.5, 45.1, 1.01
M, 658333, 336194, 496045, 891040, 372468, 134064, 541635, 113627, 37.5, 45.1, 1.01
M, 658286, 336320, 496195, 891064, 372510, 134129, 541640, 113623, 37.5, 45.1, 1.00
M, 657957, 336417, 495808, 890657, 372454, 134099, 541621, 113521, 37.5, 45.1, 1.01
M, 657809, 336334, 495546, 890438, 372294, 134016, 541411, 113393, 37.5, 45.1, 1.00
M, 657998, 336385, 495856, 890827, 372400, 134107, 541450, 113511, 37.5, 45.1, 1.00
M, 657958, 336496, 495772, 890878, 372319, 134099, 541451, 113459, 37.5, 45.1, 1.00
M, 657784, 336435, 495744, 890850, 372251, 134138, 541419, 113492, 37.5, 45.1, 1.01
M, 658004, 336478, 495898, 890936, 372358, 134144, 541476, 113467, 37.5, 45.1, 1.01
M, 658142, 336513, 496130, 891138, 372352, 134176, 541496, 113460, 37.5, 45.1, 1.01
M, 658201, 336526, 496124, 891084, 372349, 134199, 541473, 113502, 37.5, 45.1, 0.99
M, 658075, 336524, 496075, 890991, 372299, 134191, 541439, 113497, 37.5, 45.1, 1.01
M, 658249, 336581, 496338, 891208, 372349, 134198, 541499, 113462, 37.5, 45.1, 1.00
M, 657781, 336505, 495925, 890896, 372239, 134196, 541369, 113490, 37.5, 45.1, 0.99
M, 658316, 336501, 496539, 891502, 372291, 134255, 541477, 113474, 37.5, 45.1, 1.00
M, 658382, 336537, 496693, 891492, 372355, 134243, 541492, 113442, 37.5, 45.1, 1.00
M, 658102, 336467, 496389, 891139, 372195, 134225, 541311, 113449, 37.5, 45.1, 1.00
M, 657899, 336340, 496407, 891142, 372187, 134205, 541365, 113412, 37.5, 45.1, 1.00
M, 658411, 336459, 496781, 891614, 372271, 134310, 541441, 113454, 37.5, 45.1, 0.99
M, 658468, 336455, 496933, 891511, 372255, 134244, 541449, 113452, 37.5, 45.1, 1.00
M, 658417, 336445, 496845, 891471, 372240, 134260, 541467, 113456, 37.5, 45.1, 1.02
M, 659837, 336666, 498380, 893449, 372573, 134492, 541739, 113627, 37.5, 45.1, 1.00
M, 659716, 336797, 498353, 893059, 372676, 134503, 541767, 113583, 37.5, 45.1, 1.01
M, 659408, 336753, 498168, 892983, 372504, 134446, 541641, 113563, 37.5, 45.1, 1.00
M, 659206, 336742, 497910, 892307, 372538, 134373, 541574, 113449, 37.5, 45.1, 0.99
M, 658946, 336669, 497932, 892247, 372400, 134360, 541531, 113426, 37.5, 45.1, 1.01
M, 658999, 336611, 497982, 892599, 372418, 134415, 541536, 113534, 37.5, 45.1, 1.00
M, 658926, 336584, 498045, 892517, 372349, 134413, 541498, 113450, 37.5, 45.1, 1.01
M, 658934, 336585, 498074, 892336, 372361, 134460, 541537, 113503, 37.5, 45.1, 1.01
M, 659124, 336635, 498423, 892651, 372443, 134468, 541605, 113546, 37.5, 45.1, 1.00
M, 659127, 336613, 498501, 892532, 372424, 134478, 541570, 113525, 37.5, 45.1, 0.99
M, 659026, 336585, 498512, 892485, 372381, 134511, 541566, 113488, 37.5, 45.1, 1.00
M, 658852, 336614, 498413, 892531, 372444, 134545, 541545, 113517, 37.5, 45.1, 1.00
M, 658893, 336571, 498617, 892605, 372386, 134520, 541509, 113479, 37.5, 45.1, 1.00
M, 658803, 336513, 498634, 892621, 372326, 134485, 541516, 113489, 37.5, 45.1, 1.00
M, 659155, 336571, 499040, 892982, 372387, 134647, 541614, 113527, 37.5, 45.1, 1.00
M, 659399, 336530, 499349, 892999, 372482, 134572, 541631, 113499, 37.5, 45.1, 1.01
M, 659164, 336504, 499130, 892732, 372343, 134527, 541571, 113457, 37.5, 45.1, 0.99
M, 658915, 336435, 498948, 892492, 372338, 134562, 541457, 113367, 37.5, 45.1, 0.99
M, 659050, 336442, 499305, 892639, 372379, 134617, 541509, 113451, 37.5, 45.1, 0.99
M, 658888, 336438, 499234, 892692, 372290, 134582, 541504, 113448, 37.5, 45.1, 1.00
