State, OV, Alc, H2, AC1, NH3, AC2, VOC, LP, Temp, Hud, AirFlow
A, 583557, 311968, 560794, 798018, 325964, 127030, 478934, 125213, 42.4, 46.4, 0.00
A, 575303, 309986, 551237, 788492, 323660, 125900, 476291, 123728, 42.4, 46.4, 0.60
A, 567585, 307835, 541834, 778426, 321317, 124691, 473676, 122243, 42.4, 46.4, 0.73
A, 560521, 305625, 533095, 769291, 318964, 123487, 471030, 120939, 42.2, 46.3, 0.81
A, 554312, 303541, 525035, 761270, 316972, 122313, 468888, 119778, 42.2, 46.3, 0.88
A, 549861, 302108, 518880, 755364, 315708, 121456, 467823, 118957, 42.0, 45.9, 0.93
A, 546855, 301001, 514492, 751546, 314988, 120832, 467285, 118503, 42.0, 45.9, 0.96
A, 544754, 299984, 510631, 748459, 314599, 120265, 467112, 118087, 41.9, 45.7, 0.98
A, 543296, 299317, 507694, 746349, 314427, 119772, 467087, 117772, 41.9, 45.7, 0.98
A, 542589, 298728, 505443, 744995, 314392, 119422, 467280, 117630, 41.8, 45.5, 0.98
A, 542059, 298086, 503112, 743769, 314476, 119043, 467595, 117356, 41.8, 45.5, 1.00
A, 541521, 297535, 500995, 742796, 314544, 118594, 467820, 117294, 41.7, 45.4, 1.00
A, 541482, 297191, 499562, 742529, 314740, 118404, 468204, 117190, 41.7, 45.4, 1.00
A, 542077, 296899, 498644, 742879, 315161, 118264, 468771, 117230, 41.6, 45.3, 1.00
A, 542575, 296682, 497812, 743078, 315385, 118131, 469226, 117243, 41.6, 45.3, 1.00
A, 543432, 296582, 497270, 743917, 315858, 118043, 469979, 117291, 41.5, 45.3, 1.00
A, 544240, 296426, 496425, 744156, 316289, 117858, 470611, 117155, 41.5, 45.3, 1.00
A, 544923, 296380, 495758, 744910, 316694, 117694, 471250, 117224, 41.4, 45.2, 0.99
A, 545817, 296377, 495349, 745666, 317183, 117672, 471882, 117271, 41.4, 45.2, 1.00
A, 546891, 296372, 494721, 746467, 317843, 117638, 472700, 117334, 41.4, 45.2, 1.01
A, 548463, 296466, 495456, 748275, 318318, 117728, 473443, 117548, 41.4, 45.2, 0.99
A, 549365, 296734, 494441, 748860, 319046, 117529, 474323, 117361, 41.3, 45.1, 1.00
A, 549702, 296632, 493846, 749268, 319315, 117346, 474731, 117260, 41.3, 45.1, 0.99
A, 550661, 296791, 493601, 750087, 319783, 117445, 475404, 117442, 41.3, 45.1, 1.00
A, 551823, 296897, 493620, 751482, 320390, 117462, 476131, 117521, 41.2, 45.1, 1.00
A, 552844, 297135, 493434, 752462, 320824, 117476, 476809, 117552, 41.2, 45.1, 1.01
A, 554261, 297451, 493702, 753793, 321565, 117464, 477702, 117706, 41.2, 45.1, 1.00
A, 555515, 297750, 493695, 755024, 322117, 117453, 478501, 117667, 41.2, 45.1, 1.00
A, 556520, 298010, 493472, 756091, 322701, 117400, 479184, 117650, 41.1, 45.1, 0.99
A, 557592, 298346, 493562, 757266, 323273, 117540, 479929, 117771, 41.1, 45.1, 1.00
A, 558705, 298680, 493474, 758350, 323767, 117534, 480734, 117857, 41.1, 45.1, 1.00
A, 559832, 299044, 493423, 759335, 324395, 117584, 481446, 117849, 41.1, 45.1, 1.00
A, 560759, 299376, 493222, 760221, 324852, 117573, 482048, 117894, 41.0, 45.1, 0.99
A, 561874, 299698, 493474, 761441, 325402, 117542, 482809, 117946, 41.0, 45.1, 1.00
A, 562810, 300067, 493365, 762620, 325915, 117563, 483456, 117975, 41.0, 45.1, 1.01
A, 563664, 300398, 493384, 763565, 326449, 117648, 484100, 118036, 41.0, 45.1, 1.01
A, 564800, 300908, 493596, 764792, 326994, 117715, 484816, 118175, 40.9, 45.1, 1.00
A, 565995, 301347, 493662, 765830, 327578, 117692, 485549, 118129, 40.9, 45.1, 1.00
A, 566752, 301621, 493455, 766607, 328033, 117700, 486156, 118165, 40.9, 45.1, 0.99
A, 567479, 301940, 493371, 767505, 328452, 117685, 486759, 118188, 40.9, 45.1, 1.00
A, 569748, 302695, 494590, 770073, 329284, 117954, 487785, 118443, 40.9, 45.1, 1.01
A, 570013, 303024, 494165, 770229, 329667, 117897, 488160, 118321, 40.9, 45.1, 0.99
A, 570849, 303541, 493872, 771056, 330191, 117859, 488892, 118296, 40.9, 45.1, 1.00
A, 571337, 303774, 493754, 771520, 330439, 117947, 489322, 118329, 40.9, 45.1, 1.01
A, 572218, 304233, 493838, 772557, 331003, 117937, 489837, 118410, 40.9, 45.1, 0.99
A, 572826, 304613, 493812, 773384, 331328, 117960, 490399, 118358, 40.8, 45.1, 0.99
A, 573100, 304868, 493176, 773319, 331656, 117923, 490764, 118326, 40.8, 45.1, 0.99
A, 574085, 305316, 493550, 774521, 332048, 117998, 491422, 118411, 40.8, 45.1, 1.00
A, 574953, 305694, 493625, 775571, 332551, 117981, 491993, 118390, 40.8, 45.1, 1.01
A, 575683, 306144, 493611, 776237, 332989, 118068, 492509, 118430, 40.7, 45.2, 0.99
A, 576428, 306557, 493626, 777173, 333357, 118041, 493063, 118494, 40.7, 45.2, 0.99
A, 577027, 306889, 493702, 778074, 333803, 118105, 493580, 118478, 40.7, 45.2, 1.00
A, 577952, 307293, 493850, 778885, 334221, 118215, 494101, 118574, 40.7, 45.2, 0.99
A, 578662, 307744, 494012, 779849, 334566, 118272, 494626, 118539, 40.7, 45.2, 1.00
A, 579503, 308187, 494148, 780667, 335060, 118309, 495230, 118617, 40.7, 45.2, 1.01
A, 579949, 308513, 493905, 781201, 335380, 118238, 495618, 118554, 40.6, 45.2, 1.00
A, 580458, 308908, 493888, 781801, 335757, 118309, 496076, 118651, 40.6, 45.2, 1.00
A, 581407, 309344, 494184, 782836, 336161, 118409, 496641, 118683, 40.6, 45.3, 0.99
A, 582298, 309785, 494385, 783749, 336654, 118467, 497160, 118717, 40.6, 45.3, 1.00
A, 582804, 310125, 494453, 784376, 336936, 118473, 497645, 118759, 40.6, 45.3, 1.02
A, 584564, 310650, 495633, 786516, 337510, 118643, 498357, 118924, 40.6, 45.3, 1.00
A, 585153, 311267, 495569, 787146, 338013, 118689, 498942, 118867, 40.6, 45.3, 1.00
A, 585044, 311519, 495249, 787340, 338086, 118691, 499115, 118896, 40.6, 45.3, 1.00
A, 585834, 312014, 495173, 787989, 338574, 118705, 499721, 118883, 40.5, 45.3, 0.99
A, 585898, 312208, 494765, 787839, 338700, 118657, 499895, 118799, 40.5, 45.3, 0.99
A, 586468, 312432, 494955, 788819, 338959, 118727, 500317, 118864, 40.5, 45.3, 1.00
A, 587095, 312857, 495042, 789577, 339322, 118852, 500786, 118860, 40.5, 45.4, 0.99
A, 587618, 313241, 495056, 790139, 339576, 118814, 501119, 118885, 40.5, 45.4, 0.99
A, 588390, 313670, 495454, 791147, 340042, 118912, 501620, 119007, 40.5, 45.4, 1.00
A, 588907, 314041, 495326, 791481, 340311, 118911, 502012, 118982, 40.5, 45.4, 1.00
A, 589092, 314315, 495119, 791755, 340510, 118883, 502338, 118899, 40.5, 45.4, 1.00
A, 589736, 314658, 495386, 792652, 340880, 118978, 502677, 118964, 40.5, 45.4, 0.99
A, 590107, 314984, 495397, 793280, 341147, 118979, 503110, 119005, 40.4, 45.5, 1.00
A, 590677, 315295, 495380, 793740, 341349, 119087, 503371, 118996, 40.4, 45.5, 1.00
A, 591397, 315650, 495771, 794625, 341663, 119123, 503829, 119028, 40.4, 45.5, 1.00
A, 591816, 316051, 495748, 795280, 342026, 119106, 504232, 119036, 40.4, 45.5, 1.00
A, 592055, 316320, 495605, 795564, 342213, 119117, 504476, 118956, 40.4, 45.6, 1.00
A, 592506, 316664, 495538, 796029, 342464, 119230, 504859, 119043, 40.4, 45.6, 1.00
A, 593103, 316993, 495801, 796843, 342749, 119211, 505232, 119024, 40.4, 45.6, 1.01
A, 593312, 317219, 495675, 797175, 342949, 119201, 505557, 119026, 40.4, 45.6, 1.00
A, 595475, 317872, 497288, 799417, 343618, 119456, 506252, 119335, 40.3, 45.6, 1.01
A, 594916, 318079, 496524, 799081, 343714, 119353, 506492, 119160, 40.3, 45.6, 1.00
A, 594629, 318375, 495763, 798719, 343890, 119368, 506652, 119032, 40.3, 45.7, 1.02
A, 594532, 318401, 495217, 798591, 343824, 119271, 506648, 118946, 40.3, 45.7, 1.00
A, 594001, 318491, 494263, 797968, 343910, 119201, 506771, 118744, 40.3, 45.7, 1.00
A, 594276, 318644, 494266, 798249, 344025, 119216, 507000, 118807, 40.3, 45.7, 1.00
A, 594855, 318960, 494573, 799074, 344228, 119288, 507342, 118864, 40.3, 45.7, 1.00
A, 595432, 319183, 494773, 799717, 344547, 119334, 507682, 118835, 40.3, 45.8, 1.00
A, 595891, 319447, 494980, 800492, 344779, 119388, 508005, 118961, 40.3, 45.8, 0.99
A, 596603, 319736, 495357, 801427, 345089, 119469, 508379, 119043, 40.3, 45.8, 1.01
A, 597213, 320092, 495381, 801868, 345386, 119457, 508747, 118945, 40.3, 45.8, 0.99
A, 597424, 320378, 495370, 802252, 345563, 119492, 508946, 119001, 40.3, 45.8, 1.00
A, 597703, 320562, 495538, 802838, 345748, 119577, 509297, 119021, 40.3, 45.8, 1.00
A, 598171, 320831, 495636, 803389, 345994, 119633, 509557, 119039, 40.3, 45.8, 1.00
A, 598811, 321062, 495940, 804246, 346210, 119685, 509892, 119092, 40.3, 45.8, 0.99
A, 599161, 321381, 496005, 804665, 346410, 119679, 510105, 119088, 40.2, 45.9, 1.00
A, 599666, 321659, 496032, 805024, 346721, 119729, 510483, 119125, 40.2, 45.9, 1.00
A, 599937, 321841, 496046, 805367, 346881, 119744, 510698, 119104, 40.2, 45.9, 1.00
A, 600198, 322090, 496102, 805933, 347036, 119744, 510927, 119079, 40.2, 45.9, 1.00
A, 600706, 322392, 496368, 806703, 347309, 119863, 511289, 119169, 40.2, 45.9, 1.00
A, 602090, 322743, 497344, 807919, 347771, 120006, 511733, 119320, 40.2, 45.9, 1.00
A, 602066, 323071, 497051, 808123, 347882, 120019, 511982, 119160, 40.2, 46.0, 1.00
A, 601625, 323249, 496463, 807802, 347911, 119963, 512065, 119111, 40.2, 46.0, 0.99
A, 601794, 323422, 496276, 807862, 348068, 119954, 512247, 119061, 40.2, 46.0, 1.01
A, 601933, 323447, 496229, 808368, 348095, 120015, 512372, 119089, 40.2, 46.0, 0.99
A, 602442, 323692, 496556, 808990, 348325, 120013, 512671, 119134, 40.2, 46.0, 1.00
A, 602633, 323926, 496700, 809547, 348544, 120117, 512961, 119179, 40.1, 46.0, 1.00
A, 603047, 324167, 496646, 809768, 348747, 120100, 513109, 119195, 40.1, 46.0, 1.00
A, 603084, 324295, 496294, 809684, 348820, 120055, 513316, 119077, 40.1, 46.1, 1.00
A, 603140, 324386, 496260, 810213, 348920, 120138, 513490, 119114, 40.1, 46.1, 1.01
A, 603494, 324634, 496375, 810587, 349168, 120160, 513727, 119122, 40.1, 46.1, 1.00
A, 603883, 324928, 496485, 811105, 349354, 120237, 513967, 119158, 40.1, 46.1, 1.01
A, 604446, 325062, 496892, 811864, 349516, 120237, 514257, 119164, 40.1, 46.2, 0.99
A, 604890, 325356, 497027, 812201, 349746, 120233, 514513, 119198, 40.1, 46.2, 1.00
A, 605050, 325474, 496980, 812327, 349855, 120304, 514698, 119188, 40.1, 46.2, 1.01
A, 605378, 325649, 497084, 813078, 350088, 120363, 514894, 119241, 40.1, 46.2, 1.00
A, 605554, 325860, 497078, 813464, 350186, 120373, 515082, 119192, 40.1, 46.2, 1.00
A, 605746, 325973, 496935, 813558, 350271, 120403, 515218, 119179, 40.1, 46.2, 0.99
A, 606305, 326229, 497423, 814291, 350510, 120471, 515504, 119306, 40.1, 46.3, 1.00
A, 606595, 326457, 497544, 814784, 350705, 120495, 515782, 119240, 40.1, 46.3, 1.00
A, 607786, 326748, 498549, 816382, 351065, 120688, 516222, 119393, 40.0, 46.3, 1.02
A, 607915, 327012, 498399, 816357, 351160, 120677, 516384, 119332, 40.0, 46.3, 1.00
A, 607610, 327169, 497820, 816049, 351280, 120614, 516500, 119234, 40.0, 46.3, 0.99
A, 607702, 327226, 497746, 816089, 351296, 120615, 516539, 119240, 40.0, 46.3, 0.99
A, 607525, 327453, 497503, 816270, 351459, 120704, 516672, 119245, 40.0, 46.4, 0.99
A, 607586, 327452, 497449, 816443, 351452, 120604, 516757, 119146, 40.0, 46.4, 1.00
A, 607899, 327668, 497642, 816898, 351604, 120670, 516977, 119255, 40.0, 46.4, 0.99
A, 608167, 327772, 497627, 817259, 351735, 120782, 517183, 119278, 40.0, 46.4, 1.00
A, 608529, 327918, 497621, 817460, 351869, 120713, 517332, 119153, 40.0, 46.4, 1.00
A, 608400, 328048, 497617, 817735, 351957, 120762, 517407, 119218, 40.0, 46.4, 1.00
A, 609057, 328236, 497864, 818267, 352127, 120814, 517719, 119244, 40.0, 46.4, 0.99
A, 609145, 328375, 497932, 818418, 352202, 120876, 517856, 119215, 40.0, 46.5, 1.00
A, 609434, 328518, 498053, 819057, 352331, 120907, 517974, 119298, 40.0, 46.5, 1.00
A, 609380, 328655, 497854, 819041, 352455, 120871, 518115, 119198, 40.0, 46.5, 1.01
A, 609648, 328767, 497820, 819245, 352536, 120821, 518274, 119190, 40.0, 46.5, 1.01
A, 609682, 328832, 497736, 819372, 352639, 120948, 518426, 119173, 40.0, 46.5, 1.02
A, 609845, 328940, 497874, 819884, 352840, 120991, 518606, 119195, 40.0, 46.5, 0.99
A, 609995, 329092, 497928, 820220, 352901, 120996, 518755, 119164, 40.0, 46.5, 1.00
A, 610210, 329173, 497955, 820448, 353027, 121013, 518894, 119188, 40.0, 46.5, 1.01
A, 610632, 329366, 498204, 821063, 353128, 121057, 519117, 119247, 39.9, 46.6, 1.00
A, 612215, 329685, 499407, 822709, 353570, 121230, 519608, 119400, 39.9, 46.6, 1.00
A, 611697, 329853, 498904, 822135, 353583, 121197, 519577, 119289, 39.9, 46.6, 1.01
A, 611567, 329926, 498652, 822270, 353597, 121127, 519661, 119264, 39.9, 46.6, 1.00
A, 610987, 329975, 497930, 821624, 353653, 121145, 519721, 119202, 39.9, 46.7, 1.01
A, 610923, 329919, 497727, 821608, 353554, 121115, 519639, 119131, 39.9, 46.7, 1.00
A, 610888, 330010, 497547, 821626, 353660, 121112, 519864, 118986, 39.9, 46.7, 1.00
A, 610934, 330007, 497505, 821789, 353667, 121168, 519816, 119122, 39.9, 46.7, 1.00
A, 611415, 330158, 497392, 821798, 353838, 121230, 520088, 119085, 39.9, 46.7, 1.00
A, 611611, 330214, 497797, 822681, 353972, 121260, 520212, 119116, 39.9, 46.8, 1.00
A, 611880, 330320, 497933, 823126, 354092, 121218, 520407, 119141, 39.9, 46.8, 1.00
A, 612316, 330559, 498363, 823834, 354321, 121360, 520618, 119149, 39.9, 46.8, 1.00
A, 612820, 330747, 498653, 824363, 354409, 121326, 520807, 119216, 39.9, 46.8, 1.00
A, 612990, 330875, 498717, 824571, 354525, 121393, 520881, 119179, 39.9, 46.8, 1.00
A, 613289, 330993, 498900, 825190, 354660, 121432, 521144, 119265, 39.9, 46.8, 1.00
A, 613375, 331128, 498793, 825358, 354763, 121458, 521285, 119211, 39.9, 46.9, 1.00
A, 613832, 331228, 499107, 826013, 354906, 121553, 521458, 119275, 39.9, 46.9, 1.00
A, 614087, 331437, 499233, 826391, 355083, 121609, 521591, 119278, 39.8, 46.9, 1.00
A, 614328, 331558, 499379, 826593, 355166, 121526, 521778, 119232, 39.8, 46.9, 1.00
A, 614451, 331639, 499241, 826656, 355248, 121565, 521886, 119228, 39.8, 46.9, 1.00
A, 614468, 331681, 499278, 826979, 355317, 121589, 522004, 119220, 39.8, 46.9, 1.00
A, 615876, 331995, 500657, 828870, 355606, 121757, 522427, 119462, 39.8, 46.9, 1.00
A, 615694, 332189, 500155, 828367, 355666, 121737, 522524, 119295, 39.8, 46.9, 1.00
A, 615180, 332078, 499549, 827813, 355611, 121674, 522401, 119271, 39.8, 47.0, 1.00
A, 614649, 332097, 499117, 827556, 355591, 121631, 522366, 119114, 39.8, 47.0, 1.01
A, 614911, 332161, 499079, 827590, 355640, 121668, 522449, 119119, 39.8, 47.0, 1.00
A, 614680, 332148, 498929, 827730, 355693, 121722, 522490, 119187, 39.8, 47.0, 1.00
A, 614729, 332267, 498864, 827793, 355794, 121715, 522701, 119085, 39.8, 47.0, 1.02
A, 614667, 332263, 498610, 827658, 355742, 121714, 522639, 119081, 39.8, 47.0, 1.00
A, 615064, 332354, 498982, 828346, 355836, 121777, 522818, 119100, 39.8, 47.0, 1.00
A, 615335, 332373, 499133, 828729, 355941, 121799, 523000, 119017, 39.8, 47.0, 0.99
A, 615423, 332498, 499114, 828866, 355996, 121769, 523039, 119086, 39.8, 47.0, 0.99
A, 615945, 332652, 499478, 829543, 356159, 121868, 523228, 119193, 39.8, 47.1, 1.00
A, 616116, 332782, 499698, 829813, 356363, 121917, 523445, 119179, 39.8, 47.1, 1.00
A, 616243, 332831, 499621, 829929, 356404, 121914, 523511, 119143, 39.8, 47.1, 1.00
A, 616484, 332891, 499792, 830351, 356493, 121931, 523601, 119144, 39.8, 47.1, 1.00
A, 616669, 333007, 499874, 830753, 356575, 121994, 523722, 119160, 39.8, 47.1, 1.00
A, 616980, 333119, 500146, 831218, 356644, 122003, 523904, 119209, 39.8, 47.1, 1.00
A, 617123, 333213, 500198, 831482, 356784, 122078, 524073, 119216, 39.7, 47.1, 1.00
A, 617641, 333363, 500550, 832055, 356949, 122094, 524220, 119306, 39.7, 47.1, 1.00
A, 617609, 333381, 500521, 832091, 356989, 122139, 524272, 119187, 39.7, 47.2, 0.99
A, 618660, 333676, 501484, 833579, 357224, 122295, 524599, 119383, 39.7, 47.2, 1.00
A, 618482, 333826, 501189, 833311, 357330, 122278, 524759, 119261, 39.7, 47.2, 1.00
A, 617870, 333757, 500542, 832683, 357132, 122206, 524502, 119153, 39.7, 47.2, 0.99
A, 618245, 333856, 500812, 833033, 357278, 122245, 524718, 119169, 39.7, 47.2, 0.99
A, 618234, 333834, 500670, 833079, 357365, 122219, 524753, 119123, 39.7, 47.2, 1.00
A, 617902, 333939, 500459, 832969, 357369, 122248, 524818, 119095, 39.7, 47.3, 1.00
A, 617967, 333913, 500444, 833115, 357384, 122293, 524861, 119111, 39.7, 47.3, 1.00
A, 617995, 333977, 500312, 833091, 357450, 122254, 524924, 119069, 39.7, 47.3, 1.00
A, 618121, 334022, 500249, 833249, 357455, 122306, 524937, 119062, 39.7, 47.3, 1.00
A, 618358, 334098, 500547, 833761, 357533, 122330, 525116, 119111, 39.7, 47.3, 1.00
A, 618290, 334014, 500379, 833819, 357586, 122359, 525163, 119075, 39.7, 47.3, 1.00
A, 618494, 334126, 500228, 833318, 357592, 122318, 525176, 119062, 39.7, 47.3, 0.99
A, 618696, 334281, 500713, 834462, 357712, 122378, 525367, 119092, 39.7, 47.4, 1.00
A, 618824, 334337, 500561, 834414, 357823, 122459, 525474, 119093, 39.7, 47.4, 1.00
A, 618985, 334375, 500630, 834538, 357914, 122470, 525500, 119086, 39.7, 47.4, 1.00
A, 618922, 334406, 500784, 834965, 357860, 122444, 525543, 119056, 39.7, 47.4, 1.00
A, 619024, 334377, 500742, 835053, 358022, 122470, 525721, 119079, 39.7, 47.4, 1.00
A, 619181, 334436, 500852, 835296, 358051, 122536, 525745, 119180, 39.7, 47.4, 1.00
A, 619554, 334588, 501201, 835864, 358131, 122566, 525925, 119217, 39.7, 47.5, 1.00
A, 619652, 334711, 501178, 835912, 358299, 122591, 526055, 119143, 39.7, 47.5, 1.00
A, 620796, 334948, 502392, 837548, 358510, 122746, 526346, 119336, 39.6, 47.5, 1.00
A, 621037, 335038, 502488, 837757, 358686, 122791, 526531, 119276, 39.6, 47.5, 1.00
A, 620978, 335158, 502329, 837890, 358700, 122811, 526583, 119269, 39.6, 47.5, 1.00
A, 620887, 335131, 502237, 837864, 358703, 122810, 526575, 119199, 39.6, 47.5, 0.99
A, 621120, 335278, 502338, 838051, 358809, 122832, 526712, 119265, 39.6, 47.5, 1.00
A, 621095, 335248, 502317, 838092, 358811, 122867, 526729, 119241, 39.6, 47.5, 1.00
A, 620909, 335333, 502136, 837976, 358890, 122835, 526801, 119141, 39.6, 47.5, 1.00
A, 620827, 335322, 502038, 838031, 358839, 122894, 526791, 119175, 39.6, 47.5, 1.00
A, 621174, 335404, 502283, 838528, 358910, 122861, 526931, 119169, 39.6, 47.5, 1.01
A, 621183, 335435, 502200, 838438, 358935, 122919, 526920, 119219, 39.6, 47.6, 1.00
A, 621213, 335421, 502259, 838644, 358991, 122929, 527028, 119168, 39.6, 47.6, 1.00
A, 621201, 335512, 502263, 838633, 359074, 122949, 527021, 119068, 39.6, 47.6, 1.00
A, 621081, 335461, 502050, 838689, 359067, 122981, 527012, 119145, 39.6, 47.6, 1.00
A, 621429, 335489, 502401, 839203, 359103, 122973, 527177, 119170, 39.6, 47.6, 0.99
A, 621315, 335603, 502343, 839196, 359118, 122983, 527218, 119153, 39.6, 47.6, 1.00
A, 621836, 335683, 502641, 839632, 359255, 123028, 527432, 119258, 39.6, 47.6, 1.00
A, 621871, 335759, 502726, 839905, 359334, 123095, 527440, 119136, 39.6, 47.6, 1.00
A, 621857, 335774, 502695, 839938, 359374, 123070, 527530, 119125, 39.6, 47.7, 1.00
A, 622076, 335786, 502848, 840192, 359401, 123135, 527627, 119176, 39.6, 47.7, 1.00
A, 622022, 335867, 502845, 840425, 359418, 123192, 527708, 119167, 39.6, 47.7, 1.00
A, 623167, 336057, 504004, 841863, 359644, 123252, 528011, 119341, 39.6, 47.7, 1.00
A, 623046, 336258, 503723, 841592, 359795, 123277, 528040, 119268, 39.6, 47.7, 1.00
A, 622683, 336126, 503383, 841353, 359675, 123218, 527929, 119165, 39.6, 47.7, 1.01
A, 622248, 336105, 502965, 840845, 359573, 123141, 527838, 119086, 39.6, 47.7, 1.00
A, 621858, 335990, 502588, 840514, 359523, 123154, 527783, 119031, 39.6, 47.7, 1.00
A, 622179, 336112, 502754, 840670, 359657, 123234, 527935, 119067, 39.5, 47.7, 1.00
A, 622259, 336089, 502839, 840899, 359629, 123240, 527993, 119086, 39.5, 47.7, 0.99
A, 621860, 336028, 502340, 840454, 359644, 123176, 527909, 118972, 39.5, 47.8, 1.00
A, 621954, 336056, 502525, 840780, 359607, 123240, 527918, 119009, 39.5, 47.8, 1.00
A, 622329, 336115, 502920, 841348, 359763, 123322, 528142, 119095, 39.5, 47.8, 1.00
A, 622566, 336138, 503122, 841640, 359854, 123299, 528208, 119097, 39.5, 47.8, 1.00
A, 622882, 336249, 503203, 841777, 359923, 123333, 528325, 119079, 39.5, 47.8, 1.00
A, 622625, 336255, 503086, 841925, 359918, 123371, 528395, 119112, 39.5, 47.8, 1.01
A, 623223, 336429, 503672, 842659, 360079, 123444, 528537, 119111, 39.5, 47.8, 1.00
A, 623235, 336413, 503628, 842748, 360081, 123440, 528605, 119056, 39.5, 47.9, 1.00
A, 623372, 336413, 503817, 842981, 360206, 123501, 528681, 119114, 39.5, 47.9, 1.00
A, 623433, 336418, 503867, 843192, 360188, 123528, 528753, 119174, 39.5, 47.9, 1.00
A, 623575, 336543, 503854, 843155, 360338, 123567, 528786, 119140, 39.5, 47.9, 1.00
A, 622912, 336454, 503170, 842427, 360139, 123460, 528658, 118989, 39.5, 47.9, 1.00
A, 622596, 336462, 502156, 841005, 360132, 123409, 528606, 118813, 39.5, 47.9, 1.00
A, 623524, 336408, 503876, 843628, 360262, 123523, 528868, 119071, 39.5, 48.0, 1.00
A, 623559, 336594, 503824, 843600, 360391, 123596, 528945, 119093, 39.5, 48.0, 1.00
A, 623451, 336574, 503593, 843453, 360355, 123571, 528973, 119096, 39.5, 48.0, 1.00
A, 623294, 336557, 503521, 843321, 360298, 123458, 528937, 118956, 39.5, 48.0, 1.00
A, 623264, 336484, 503590, 843395, 360320, 123534, 528999, 118968, 39.5, 48.0, 1.01
A, 623631, 336607, 503845, 843903, 360461, 123561, 529130, 119024, 39.5, 48.0, 1.00
A, 623654, 336692, 503783, 843957, 360502, 123653, 529221, 119003, 39.5, 48.0, 1.00
A, 623694, 336676, 503853, 844029, 360484, 123636, 529233, 119049, 39.5, 48.0, 1.00
A, 623813, 336680, 503761, 844128, 360636, 123637, 529322, 118966, 39.5, 48.1, 1.00
A, 623903, 336695, 504025, 844412, 360605, 123671, 529274, 118998, 39.5, 48.1, 1.00
A, 624158, 336777, 504276, 844963, 360685, 123801, 529496, 118989, 39.5, 48.1, 1.00
A, 624358, 336826, 504408, 845163, 360736, 123745, 529474, 119071, 39.5, 48.1, 1.00
A, 624523, 336835, 504586, 845281, 360884, 123775, 529570, 119076, 39.5, 48.1, 1.00
A, 624963, 336976, 504974, 846073, 360968, 123946, 529719, 119184, 39.5, 48.1, 1.00
A, 625106, 337048, 505152, 846226, 361054, 123915, 529831, 119122, 39.5, 48.1, 1.00
A, 625064, 337067, 505061, 846101, 361069, 123890, 529845, 119064, 39.5, 48.1, 1.00
A, 625285, 337095, 505341, 846573, 361117, 123964, 529938, 119106, 39.5, 48.1, 1.00
A, 625378, 337158, 505340, 846736, 361154, 123893, 529982, 119105, 39.4, 48.1, 1.00
A, 625666, 337202, 505589, 846811, 361283, 124028, 530048, 119121, 39.4, 48.1, 1.00
A, 625440, 337191, 505260, 846717, 361210, 123966, 530076, 119053, 39.4, 48.2, 1.00
A, 626366, 337327, 506463, 848315, 361419, 124179, 530357, 119280, 39.4, 48.2, 0.99
A, 626084, 337438, 506211, 848005, 361445, 124159, 530345, 119183, 39.4, 48.2, 1.00
A, 625972, 337429, 505938, 847720, 361372, 124176, 530274, 119160, 39.4, 48.2, 1.00
A, 625937, 337398, 506012, 847969, 361447, 124112, 530306, 119169, 39.4, 48.2, 1.00
A, 625951, 337480, 505978, 847771, 361480, 124135, 530322, 119087, 39.4, 48.2, 1.00
A, 625841, 337471, 505888, 847680, 361395, 124124, 530357, 119072, 39.4, 48.2, 1.00
A, 625641, 337403, 505783, 847788, 361383, 124138, 530364, 119039, 39.4, 48.2, 1.00
A, 625629, 337501, 505704, 847667, 361427, 124153, 530341, 119007, 39.4, 48.2, 1.00
A, 625604, 337383, 505727, 847712, 361379, 124151, 530353, 119045, 39.4, 48.2, 0.99
A, 625559, 337475, 505701, 847729, 361492, 124207, 530462, 119022, 39.4, 48.2, 1.00
A, 625558, 337464, 505698, 847641, 361457, 124154, 530392, 118981, 39.4, 48.2, 0.99
A, 625788, 337424, 505861, 848136, 361512, 124207, 530503, 119071, 39.4, 48.2, 1.00
A, 625863, 337513, 506016, 848244, 361564, 124280, 530524, 119044, 39.4, 48.2, 1.00
A, 625950, 337455, 506143, 848498, 361623, 124340, 530604, 119113, 39.4, 48.2, 1.00
A, 626005, 337668, 506272, 848653, 361657, 124328, 530731, 119094, 39.4, 48.3, 1.00
A, 626284, 337643, 506419, 848696, 361657, 124361, 530754, 119105, 39.4, 48.3, 1.00
A, 626168, 337638, 506273, 848818, 361649, 124320, 530709, 119013, 39.4, 48.3, 1.00
A, 626312, 337656, 506574, 849172, 361780, 124397, 530832, 119072, 39.4, 48.3, 1.00
A, 626343, 337689, 506647, 849278, 361861, 124435, 530885, 119105, 39.4, 48.3, 1.00
A, 626644, 337697, 506800, 849573, 361906, 124430, 531037, 119144, 39.4, 48.3, 1.00
A, 627880, 337969, 508254, 851364, 362158, 124631, 531247, 119297, 39.4, 48.3, 1.00
A, 627728, 338089, 507955, 850976, 362226, 124625, 531312, 119270, 39.4, 48.3, 0.99
A, 627163, 338006, 507364, 850286, 362032, 124536, 531188, 119154, 39.4, 48.3, 1.00
A, 626550, 337860, 506831, 849722, 361919, 124555, 531064, 118999, 39.4, 48.3, 1.00
A, 626495, 337804, 506802, 849722, 361903, 124546, 531073, 119009, 39.4, 48.3, 1.00
A, 626238, 337750, 506602, 849427, 361832, 124504, 531004, 118996, 39.4, 48.3, 1.00
A, 626702, 337800, 506964, 849911, 362041, 124534, 531146, 118989, 39.4, 48.4, 1.00
A, 626316, 337769, 506774, 849706, 361949, 124576, 531098, 118935, 39.4, 48.4, 1.00
A, 626451, 337792, 506687, 849693, 361947, 124572, 531140, 118953, 39.4, 48.4, 1.00
A, 626269, 337730, 506559, 849510, 361902, 124544, 531102, 118923, 39.4, 48.4, 1.00
A, 626177, 337799, 506619, 849700, 361990, 124600, 531230, 118954, 39.4, 48.4, 1.00
A, 626302, 337723, 506630, 849732, 361998, 124597, 531154, 118966, 39.4, 48.4, 1.00
A, 626610, 337766, 507031, 850304, 361973, 124596, 531260, 119002, 39.4, 48.4, 1.00
A, 626698, 337780, 507208, 850564, 362050, 124629, 531295, 118923, 39.4, 48.4, 1.00
A, 626527, 337719, 506953, 850367, 362029, 124612, 531262, 118931, 39.4, 48.4, 1.00
A, 626500, 337692, 507009, 850486, 362075, 124682, 531398, 119028, 39.4, 48.4, 1.00
A, 626447, 337720, 506804, 850157, 361991, 124646, 531330, 118869, 39.4, 48.4, 0.99
A, 626628, 337714, 506991, 850311, 362035, 124632, 531395, 118859, 39.4, 48.4, 1.00
A, 626741, 337737, 507124, 850657, 362079, 124717, 531398, 118941, 39.4, 48.4, 1.00
A, 627157, 337781, 507558, 851084, 362264, 124791, 531563, 119026, 39.3, 48.5, 1.00
A, 628196, 337953, 508815, 852828, 362473, 124970, 531901, 119209, 39.3, 48.5, 0.99
A, 628232, 338149, 508674, 852726, 362554, 124898, 532019, 119177, 39.3, 48.5, 1.00
A, 628013, 338070, 508372, 852277, 362515, 124890, 531895, 119047, 39.3, 48.5, 1.00
A, 627563, 338014, 508074, 851903, 362481, 124884, 531815, 118971, 39.3, 48.5, 1.01
A, 627158, 337985, 507707, 851636, 362366, 124880, 531745, 118927, 39.3, 48.5, 1.00
A, 627530, 337952, 508146, 852140, 362459, 124962, 531812, 119064, 39.3, 48.5, 1.00
A, 627741, 338013, 508273, 852345, 362492, 124943, 531887, 119060, 39.3, 48.5, 0.99
A, 628149, 338129, 508612, 852758, 362615, 125005, 532051, 119064, 39.3, 48.6, 1.00
A, 628112, 338184, 508658, 852818, 362607, 125084, 532057, 119021, 39.3, 48.6, 1.00
A, 628028, 338198, 508636, 852898, 362643, 125002, 532119, 119056, 39.3, 48.6, 1.00
A, 627953, 338110, 508723, 852990, 362597, 125002, 532068, 119033, 39.3, 48.6, 1.00
A, 628017, 338237, 508610, 852747, 362659, 125034, 532047, 119004, 39.3, 48.6, 1.00
A, 627944, 338101, 508642, 852726, 362629, 125063, 532073, 119011, 39.3, 48.6, 0.99
A, 628058, 338174, 508880, 853228, 362679, 125091, 532153, 119056, 39.3, 48.6, 0.99
A, 628105, 338111, 508842, 853183, 362723, 125066, 532251, 119017, 39.3, 48.6, 1.00
A, 628075, 338140, 508878, 853275, 362679, 125210, 532218, 119057, 39.3, 48.6, 1.00
A, 628499, 338214, 509312, 853647, 362865, 125207, 532351, 119092, 39.3, 48.6, 1.01
A, 628402, 338290, 509317, 853854, 362805, 125156, 532294, 119034, 39.3, 48.6, 1.02
A, 628727, 338357, 509624, 854040, 362935, 125311, 532413, 119086, 39.3, 48.6, 1.00
A, 628647, 338296, 509565, 854210, 362890, 125261, 532426, 119046, 39.3, 48.6, 1.00
A, 629969, 338567, 510924, 855831, 363189, 125422, 532738, 119218, 39.3, 48.6, 1.00
A, 629291, 338576, 510470, 855242, 363112, 125440, 532695, 119161, 39.3, 48.6, 1.00
A, 629231, 338576, 510219, 855050, 363177, 125476, 532611, 119147, 39.3, 48.7, 1.00
A, 629210, 338553, 510187, 854902, 363122, 125385, 532669, 119081, 39.3, 48.7, 1.00
A, 629020, 338513, 510181, 854719, 363028, 125427, 532613, 119115, 39.3, 48.7, 1.00
A, 628840, 338462, 509663, 854175, 362998, 125371, 532563, 119027, 39.3, 48.7, 1.00
A, 628794, 338402, 510080, 854706, 363023, 125440, 532580, 119051, 39.3, 48.7, 1.00
A, 628850, 338431, 510171, 854871, 363017, 125491, 532592, 119058, 39.3, 48.7, 1.00
A, 628988, 338512, 510251, 854998, 363176, 125474, 532723, 119109, 39.3, 48.7, 1.00
A, 628984, 338490, 510317, 854982, 363074, 125408, 532651, 119035, 39.3, 48.7, 1.00
A, 628752, 338487, 510130, 854847, 363121, 125486, 532699, 118983, 39.3, 48.7, 1.00
A, 628745, 338458, 510277, 854985, 363066, 125451, 532591, 118980, 39.3, 48.7, 1.00
A, 629044, 338494, 510517, 855246, 363182, 125536, 532756, 119126, 39.3, 48.7, 1.00
A, 629258, 338542, 510671, 855534, 363225, 125554, 532856, 119065, 39.3, 48.7, 1.00
A, 629253, 338556, 510842, 855581, 363221, 125522, 532875, 119138, 39.3, 48.7, 1.00
A, 629199, 338536, 510728, 855478, 363232, 125587, 532839, 119026, 39.3, 48.7, 1.00
A, 629108, 338537, 510721, 855651, 363163, 125593, 532818, 119022, 39.3, 48.7, 1.00
A, 629278, 338523, 511056, 855998, 363272, 125657, 532918, 119052, 39.3, 48.8, 1.00
A, 629226, 338500, 511020, 855864, 363264, 125630, 532886, 119076, 39.3, 48.8, 1.00
A, 629529, 338598, 511321, 856382, 363332, 125684, 533041, 119124, 39.3, 48.7, 1.00
A, 630886, 338830, 512802, 857954, 363632, 125840, 533346, 119317, 39.3, 48.7, 1.00
A, 630652, 338936, 512522, 857667, 363661, 125839, 533402, 119225, 39.3, 48.7, 1.00
A, 630523, 338920, 512434, 857618, 363617, 125840, 533316, 119244, 39.3, 48.7, 1.00
A, 630355, 338902, 512329, 857297, 363523, 125854, 533298, 119139, 39.3, 48.8, 1.00
A, 630129, 338827, 512213, 857265, 363563, 125838, 533258, 119177, 39.3, 48.8, 1.00
A, 630300, 338903, 512391, 857504, 363558, 125921, 533282, 119227, 39.3, 48.8, 1.00
A, 630236, 338836, 512419, 857457, 363592, 125863, 533287, 119157, 39.3, 48.8, 1.00
A, 630079, 338769, 512346, 857339, 363472, 125846, 533226, 119014, 39.2, 48.8, 1.00
A, 629762, 338786, 512144, 857113, 363488, 125845, 533185, 119065, 39.2, 48.8, 1.00
A, 629637, 338815, 511854, 856555, 363454, 125823, 533150, 119091, 39.2, 48.8, 1.01
A, 629503, 338704, 511770, 856544, 363387, 125807, 533094, 119040, 39.2, 48.8, 1.00
A, 629090, 338641, 511586, 856351, 363344, 125830, 533078, 118957, 39.2, 48.8, 1.01
A, 629170, 338615, 511575, 856442, 363323, 125834, 533039, 118952, 39.2, 48.8, 1.00
A, 629419, 338684, 512048, 856863, 363364, 125926, 533110, 119020, 39.2, 48.8, 1.00
A, 629547, 338667, 512089, 856986, 363438, 125984, 533259, 119068, 39.2, 48.8, 1.00
A, 629650, 338620, 512154, 856884, 363457, 125926, 533249, 119057, 39.2, 48.8, 1.00
A, 629425, 338590, 512077, 856989, 363451, 125994, 533237, 119012, 39.2, 48.8, 1.00
A, 629876, 338724, 512675, 857497, 363534, 125996, 533369, 119080, 39.2, 48.8, 1.00
A, 629696, 338696, 512566, 857281, 363499, 126055, 533335, 119069, 39.2, 48.8, 1.00
A, 629671, 338667, 512396, 857377, 363539, 126040, 533288, 119079, 39.2, 48.8, 1.00
M, 626342, 338064, 508389, 851578, 362769, 125341, 532280, 118054, 39.2, 48.9, 0.00
M, 617422, 336205, 499656, 841053, 360340, 124217, 529296, 116624, 39.2, 48.9, 0.60
M, 610515, 334197, 492710, 832318, 358177, 123290, 526962, 115531, 39.3, 48.9, 0.73
M, 605227, 332766, 487002, 825650, 357036, 122487, 526192, 114691, 39.3, 48.9, 0.82
M, 601793, 332815, 481969, 820596, 357363, 121768, 527843, 113994, 39.3, 48.8, 0.89
M, 600750, 333797, 478192, 817389, 358366, 121211, 529992, 113538, 39.3, 48.8, 0.93
M, 601509, 335320, 475061, 815834, 359598, 120805, 532145, 113093, 39.3, 48.6, 0.95
M, 603467, 337251, 472044, 815217, 360939, 120374, 534217, 112650, 39.3, 48.6, 0.98
M, 605915, 338936, 469688, 815599, 361963, 120047, 535785, 112393, 39.3, 48.5, 0.98
M, 608943, 340511, 467751, 816946, 362944, 119938, 537045, 112212, 39.3, 48.5, 0.98
M, 612463, 342017, 466467, 819153, 363776, 119817, 538220, 112083, 39.3, 48.5, 0.98
M, 615876, 343207, 465237, 821276, 364382, 119739, 538993, 111968, 39.3, 48.5, 0.99
M, 620355, 344350, 464093, 824301, 365033, 119599, 539741, 111849, 39.3, 48.4, 1.00
M, 623412, 345059, 463428, 826976, 365542, 119686, 540259, 111786, 39.3, 48.4, 1.00
M, 626826, 345624, 462499, 829965, 365909, 119666, 540637, 111728, 39.2, 48.4, 1.00
M, 629049, 345881, 462039, 832197, 366089, 119737, 540856, 111788, 39.2, 48.4, 1.00
M, 632324, 346188, 461330, 835469, 366438, 119767, 541203, 111686, 39.2, 48.4, 1.00
M, 634007, 346129, 461012, 837237, 366525, 119853, 541347, 111680, 39.2, 48.4, 0.99
M, 636182, 346191, 460948, 839766, 366817, 119881, 541664, 111698, 39.2, 48.4, 1.00
M, 637926, 346074, 460767, 842079, 367039, 119983, 541909, 111705, 39.2, 48.4, 1.00
M, 640524, 346163, 461722, 845537, 367497, 120157, 542452, 111921, 39.2, 48.4, 1.00
M, 641657, 346101, 461431, 847230, 367823, 120316, 542768, 111874, 39.2, 48.3, 1.00
M, 642414, 345833, 460813, 848491, 368008, 120276, 543004, 111793, 39.2, 48.3, 1.00
M, 642975, 345529, 460483, 849653, 368178, 120331, 543160, 111773, 39.2, 48.3, 1.00
M, 643560, 345322, 460455, 851250, 368357, 120466, 543445, 111822, 39.2, 48.3, 1.00
M, 644641, 345219, 460691, 852946, 368696, 120539, 543835, 111887, 39.2, 48.3, 1.00
M, 645226, 345094, 460782, 854200, 369024, 120692, 544242, 111990, 39.2, 48.3, 1.00
M, 646030, 344998, 461116, 855811, 369393, 120797, 544697, 112007, 39.2, 48.3, 1.00
M, 646558, 344776, 461105, 856761, 369728, 120870, 545116, 111975, 39.2, 48.3, 1.00
M, 646773, 344668, 461197, 857645, 370060, 121046, 545491, 112029, 39.2, 48.3, 1.01
M, 647026, 344510, 461225, 858742, 370297, 121074, 545857, 112034, 39.2, 48.3, 1.00
M, 647499, 344434, 461589, 859885, 370699, 121249, 546312, 112135, 39.2, 48.3, 1.00
M, 647773, 344373, 461597, 860497, 370943, 121285, 546614, 112146, 39.2, 48.3, 1.00
M, 648192, 344402, 461887, 861610, 371432, 121385, 547083, 112136, 39.2, 48.3, 1.00
M, 648243, 344243, 461827, 862072, 371646, 121475, 547493, 112235, 39.2, 48.3, 1.00
M, 648278, 344194, 461825, 862559, 372112, 121567, 547909, 112272, 39.2, 48.3, 1.00
M, 648236, 344141, 461903, 863110, 372217, 121650, 548109, 112230, 39.2, 48.3, 1.00
M, 648670, 344177, 462246, 864095, 372577, 121743, 548592, 112378, 39.2, 48.3, 1.00
M, 648848, 344142, 462497, 864524, 372915, 121857, 548947, 112363, 39.2, 48.3, 1.00
M, 649071, 344135, 462616, 865214, 373275, 121964, 549341, 112399, 39.2, 48.3, 1.00
M, 650057, 344252, 463603, 866807, 373738, 122072, 549903, 112501, 39.2, 48.3, 1.01
M, 649502, 344211, 463195, 866547, 373914, 122097, 550136, 112487, 39.2, 48.3, 1.00
M, 649499, 344198, 463115, 866888, 374170, 122192, 550368, 112455, 39.2, 48.3, 1.01
M, 649818, 344263, 463423, 867446, 374456, 122218, 550779, 112562, 39.2, 48.3, 1.00
M, 649888, 344252, 463556, 867880, 374769, 122320, 551134, 112562, 39.2, 48.3, 1.00
M, 650261, 344322, 463887, 868300, 375123, 122476, 551531, 112582, 39.2, 48.3, 1.00
M, 650101, 344311, 463779, 868451, 375333, 122486, 551802, 112536, 39.2, 48.3, 1.00
M, 650232, 344330, 464009, 869067, 375681, 122569, 552146, 112619, 39.2, 48.3, 1.00
M, 649935, 344314, 463819, 868940, 375803, 122630, 552393, 112612, 39.2, 48.4, 1.00
M, 650200, 344330, 464044, 869413, 376076, 122666, 552631, 112676, 39.2, 48.4, 1.00
M, 650287, 344474, 464226, 869640, 376357, 122729, 552955, 112668, 39.2, 48.3, 0.99
M, 650408, 344482, 464384, 870131, 376665, 122743, 553296, 112680, 39.2, 48.3, 1.00
M, 650264, 344551, 464375, 870307, 376816, 122851, 553483, 112713, 39.2, 48.4, 0.99
M, 650425, 344515, 464455, 870450, 377012, 122918, 553760, 112700, 39.2, 48.4, 0.99
M, 650197, 344590, 464271, 870296, 377310, 122953, 554029, 112689, 39.2, 48.4, 1.00
M, 650325, 344573, 464303, 870466, 377451, 122992, 554242, 112723, 39.2, 48.4, 1.00
M, 650165, 344714, 464347, 870723, 377683, 123084, 554521, 112691, 39.2, 48.4, 1.00
M, 650197, 344569, 464450, 870945, 377825, 123104, 554725, 112671, 39.2, 48.4, 1.00
M, 650394, 344692, 464642, 871366, 378104, 123126, 554964, 112765, 39.2, 48.4, 1.00
M, 650710, 344772, 464838, 871740, 378355, 123254, 555263, 112773, 39.2, 48.4, 1.01
M, 652240, 345048, 466308, 873607, 378895, 123439, 555910, 113013, 39.2, 48.4, 1.00
M, 651731, 345053, 465885, 873205, 378939, 123410, 556012, 112894, 39.2, 48.4, 1.00
M, 651691, 345115, 465652, 873086, 379110, 123440, 556134, 112898, 39.2, 48.4, 1.00
M, 651233, 345096, 465344, 872696, 379136, 123420, 556266, 112829, 39.2, 48.4, 1.00
M, 651143, 345100, 465350, 872924, 379282, 123507, 556376, 112825, 39.2, 48.4, 1.00
M, 650881, 345092, 465165, 872797, 379417, 123475, 556573, 112788, 39.2, 48.4, 1.00
M, 651102, 345098, 465254, 872736, 379650, 123458, 556757, 112804, 39.2, 48.4, 1.00
M, 651119, 345117, 465318, 873078, 379802, 123592, 556991, 112816, 39.2, 48.4, 1.00
M, 651404, 345214, 465659, 873598, 379983, 123606, 557205, 112855, 39.2, 48.4, 0.99
M, 651478, 345195, 465695, 873848, 380144, 123705, 557441, 112895, 39.2, 48.4, 0.99
M, 651712, 345305, 465859, 874017, 380377, 123706, 557629, 112916, 39.2, 48.4, 1.00
M, 652100, 345404, 466288, 874715, 380600, 123851, 557893, 112950, 39.2, 48.4, 1.00
M, 652383, 345513, 466353, 874809, 380747, 123812, 558113, 112937, 39.2, 48.4, 1.00
M, 652429, 345539, 466389, 874926, 380987, 123918, 558355, 112951, 39.2, 48.4, 1.00
M, 652617, 345541, 466634, 875452, 381100, 123994, 558501, 113004, 39.2, 48.4, 1.00
M, 652339, 345637, 466521, 875212, 381283, 123971, 558696, 112954, 39.2, 48.5, 1.02
M, 652464, 345570, 466477, 875286, 381319, 124043, 558750, 112972, 39.2, 48.5, 1.01
M, 652642, 345726, 466615, 875618, 381629, 124034, 559049, 112985, 39.2, 48.4, 0.99
M, 652598, 345689, 466643, 875620, 381697, 124095, 559086, 112983, 39.2, 48.4, 0.99
M, 652988, 345795, 466862, 876105, 381824, 124144, 559276, 113039, 39.2, 48.4, 1.00
M, 654305, 346012, 468152, 877989, 382232, 124376, 559830, 113190, 39.2, 48.5, 1.01
M, 654154, 346199, 467982, 877551, 382352, 124332, 559913, 113196, 39.2, 48.5, 0.99
M, 653971, 346164, 467848, 877595, 382444, 124342, 560029, 113188, 39.2, 48.5, 1.00
M, 653880, 346186, 467717, 877323, 382497, 124382, 560129, 113114, 39.2, 48.5, 1.00
M, 653523, 346133, 467425, 876987, 382551, 124377, 560092, 113018, 39.2, 48.5, 1.01
M, 653566, 346081, 467406, 877134, 382599, 124418, 560223, 113058, 39.2, 48.5, 1.00
M, 654071, 346239, 467862, 877847, 382866, 124539, 560512, 113113, 39.2, 48.5, 0.99
M, 654361, 346314, 467998, 878076, 383031, 124563, 560702, 113176, 39.2, 48.5, 1.00
M, 654832, 346403, 468423, 878671, 383230, 124639, 560931, 113255, 39.2, 48.5, 1.00
M, 655069, 346520, 468623, 879028, 383363, 124685, 561097, 113221, 39.2, 48.5, 1.00
M, 655108, 346539, 468658, 878970, 383434, 124682, 561181, 113230, 39.2, 48.5, 1.01
M, 655056, 346620, 468723, 879322, 383610, 124736, 561289, 113284, 39.2, 48.5, 1.00
M, 655536, 346729, 469063, 879777, 383771, 124868, 561563, 113328, 39.2, 48.5, 1.00
M, 655742, 346786, 469129, 879857, 383870, 124853, 561682, 113304, 39.2, 48.5, 1.01
M, 655662, 346792, 469017, 879830, 383937, 124875, 561697, 113279, 39.2, 48.5, 1.00
M, 655592, 346827, 469125, 880004, 383931, 124886, 561822, 113250, 39.2, 48.5, 1.00
M, 655867, 346880, 469142, 879964, 384192, 124960, 562054, 113274, 39.1, 48.5, 1.00
M, 655774, 346916, 469311, 880253, 384184, 124957, 562056, 113298, 39.1, 48.5, 1.00
M, 655771, 347068, 469316, 880292, 384384, 125014, 562277, 113291, 39.1, 48.5, 1.00
M, 655987, 346981, 469293, 880288, 384387, 125022, 562271, 113303, 39.1, 48.5, 1.00
M, 657465, 347187, 470732, 882431, 384756, 125253, 562701, 113460, 39.1, 48.5, 1.00
M, 657209, 347275, 470460, 881972, 384833, 125156, 562812, 113417, 39.1, 48.5, 1.00
M, 656810, 347210, 470175, 881585, 384810, 125227, 562755, 113435, 39.1, 48.5, 0.99
M, 657235, 347263, 470394, 882042, 384861, 125276, 562924, 113431, 39.1, 48.5, 1.00
M, 657526, 347439, 470667, 882205, 385064, 125301, 563029, 113453, 39.1, 48.5, 1.00
M, 657318, 347379, 470528, 882147, 385084, 125333, 563151, 113421, 39.1, 48.5, 1.00
M, 657608, 347409, 470730, 882491, 385232, 125345, 563209, 113472, 39.1, 48.5, 1.00
M, 657701, 347515, 470853, 882629, 385250, 125438, 563277, 113483, 39.1, 48.6, 1.00
M, 657463, 347462, 470592, 882473, 385261, 125368, 563334, 113425, 39.1, 48.6, 1.00
M, 657664, 347486, 470852, 882758, 385356, 125404, 563416, 113440, 39.1, 48.6, 1.00
M, 658171, 347534, 471207, 883279, 385530, 125461, 563630, 113421, 39.1, 48.6, 1.00
M, 658199, 347604, 471236, 883306, 385494, 125524, 563670, 113434, 39.1, 48.6, 1.00
M, 658215, 347662, 471239, 883362, 385638, 125535, 563747, 113484, 39.1, 48.6, 1.00
M, 658579, 347763, 471552, 883823, 385772, 125624, 563933, 113508, 39.1, 48.6, 1.00
M, 658676, 347790, 471677, 884056, 385834, 125670, 563969, 113543, 39.1, 48.6, 1.00
M, 659173, 347801, 472025, 884393, 386000, 125692, 564177, 113528, 39.1, 48.6, 1.00
M, 659038, 347839, 471913, 884345, 385995, 125735, 564146, 113543, 39.1, 48.6, 1.00
M, 659059, 347908, 471917, 884354, 386082, 125771, 564278, 113519, 39.1, 48.6, 1.01
M, 659071, 347898, 471932, 884494, 386076, 125790, 564291, 113500, 39.1, 48.6, 1.00
M, 658518, 347920, 471432, 883597, 386082, 125697, 564204, 113456, 39.1, 48.6, 1.00
M, 659567, 347852, 472285, 884974, 386241, 125799, 564399, 113394, 39.1, 48.6, 1.00
M, 658729, 347782, 471642, 884094, 386057, 125790, 564339, 113433, 39.1, 48.6, 1.00
M, 658925, 347884, 471824, 884383, 386235, 125816, 564431, 113462, 39.1, 48.6, 1.00
M, 659163, 347798, 471971, 884470, 386250, 125883, 564518, 113520, 39.1, 48.6, 1.00
M, 659646, 347930, 472367, 885156, 386470, 125986, 564738, 113561, 39.1, 48.6, 1.00
M, 659957, 348041, 472616, 885391, 386555, 125963, 564837, 113544, 39.1, 48.6, 0.99
M, 659991, 348049, 472488, 885376, 386567, 125975, 564852, 113574, 39.1, 48.6, 1.01
M, 660137, 348062, 472743, 885753, 386635, 126020, 564909, 113540, 39.1, 48.6, 1.00
M, 660445, 348135, 473026, 886097, 386744, 126065, 565084, 113627, 39.1, 48.6, 1.00
M, 660417, 348168, 473106, 886216, 386797, 126081, 565188, 113707, 39.1, 48.6, 1.00
M, 660962, 348293, 473439, 886780, 386982, 126278, 565343, 113665, 39.1, 48.6, 1.01
M, 661313, 348347, 473680, 886919, 387070, 126132, 565419, 113665, 39.1, 48.6, 1.01
M, 661266, 348332, 473666, 886918, 387070, 126221, 565432, 113656, 39.1, 48.6, 1.00
M, 661161, 348269, 473188, 886391, 387048, 126226, 565435, 113609, 39.1, 48.6, 1.00
M, 661286, 348339, 473661, 887070, 387100, 126285, 565540, 113721, 39.1, 48.7, 1.00
M, 661355, 348348, 473735, 887240, 387151, 126342, 565574, 113649, 39.1, 48.7, 1.00
M, 661715, 348454, 473892, 887312, 387239, 126318, 565681, 113647, 39.1, 48.7, 1.00
M, 661646, 348399, 473956, 887486, 387279, 126345, 565655, 113685, 39.1, 48.7, 1.00
M, 661523, 348452, 473791, 887230, 387314, 126371, 565739, 113635, 39.1, 48.7, 1.01
M, 661522, 348358, 473854, 887392, 387262, 126459, 565702, 113668, 39.1, 48.7, 1.00
M, 663298, 348778, 475438, 889395, 387756, 126606, 566211, 113886, 39.1, 48.7, 1.00
M, 662957, 348718, 474979, 888791, 387678, 126560, 566132, 113770, 39.1, 48.7, 1.00
M, 662778, 348739, 474878, 888741, 387546, 126542, 566087, 113726, 39.1, 48.7, 1.01
M, 662357, 348662, 474569, 888195, 387595, 126513, 565998, 113701, 39.1, 48.7, 1.00
M, 662044, 348497, 474300, 887935, 387522, 126562, 565943, 113667, 39.1, 48.7, 1.00
M, 662198, 348496, 474454, 888084, 387486, 126567, 565977, 113619, 39.1, 48.7, 1.01
M, 662470, 348566, 474547, 888034, 387555, 126562, 566055, 113656, 39.1, 48.7, 0.99
M, 662479, 348573, 474550, 888183, 387554, 126587, 566120, 113699, 39.1, 48.7, 1.00
M, 662734, 348558, 474925, 888754, 387674, 126614, 566189, 113663, 39.1, 48.7, 1.00
M, 662826, 348581, 474971, 888917, 387794, 126706, 566251, 113707, 39.1, 48.7, 1.00
M, 663093, 348627, 475168, 889006, 387767, 126714, 566291, 113735, 39.1, 48.7, 0.98
M, 663422, 348695, 475477, 889558, 387884, 126803, 566466, 113733, 39.1, 48.7, 1.00
M, 663645, 348814, 475684, 889651, 387925, 126806, 566537, 113722, 39.1, 48.7, 1.00
M, 663776, 348818, 475574, 889642, 388001, 126772, 566556, 113792, 39.1, 48.7, 1.00
M, 663706, 348756, 475799, 889923, 387992, 126780, 566610, 113794, 39.1, 48.7, 0.99
M, 664094, 348870, 476070, 890400, 388065, 126906, 566684, 113808, 39.1, 48.7, 1.01
M, 664126, 348892, 476042, 890376, 388142, 126862, 566739, 113815, 39.1, 48.7, 1.01
M, 664644, 349004, 476373, 890731, 388240, 126947, 566846, 113799, 39.1, 48.7, 0.99
M, 664516, 348983, 476426, 890658, 388237, 126981, 566827, 113827, 39.1, 48.7, 1.01
M, 664457, 348939, 476265, 890623, 388300, 127009, 566851, 113803, 39.1, 48.7, 1.00
M, 665425, 349076, 477225, 891872, 388440, 127169, 567079, 114015, 39.1, 48.7, 1.00
M, 665550, 349193, 477219, 891850, 388495, 127105, 567168, 113965, 39.1, 48.7, 0.99
M, 665143, 349101, 476984, 891455, 388428, 127109, 567102, 113890, 39.1, 48.7, 1.00
M, 664997, 349051, 476731, 890953, 388339, 127087, 566993, 113839, 39.1, 48.7, 1.01
M, 665006, 349089, 476747, 891068, 388329, 127129, 567001, 113854, 39.1, 48.7, 1.00
M, 664970, 349055, 476826, 891313, 388366, 127124, 567067, 113839, 39.1, 48.7, 1.00
M, 665290, 349095, 477134, 891691, 388440, 127180, 567163, 113878, 39.1, 48.7, 1.00
M, 665404, 349095, 477237, 891662, 388489, 127226, 567174, 113871, 39.1, 48.7, 1.00
M, 665590, 349183, 477288, 891856, 388582, 127212, 567203, 113855, 39.1, 48.7, 1.00
M, 665825, 349182, 477596, 892183, 388592, 127267, 567283, 113917, 39.1, 48.7, 1.00
M, 665924, 349176, 477516, 892049, 388568, 127303, 567272, 113925, 39.1, 48.8, 0.99
M, 665983, 349110, 477653, 892302, 388562, 127329, 567271, 113902, 39.1, 48.8, 1.00
M, 666259, 349266, 477943, 892699, 388693, 127373, 567372, 113957, 39.1, 48.7, 1.00
M, 666261, 349348, 478030, 892847, 388647, 127404, 567436, 113947, 39.1, 48.7, 1.00
M, 666765, 349374, 478438, 893303, 388821, 127451, 567600, 114014, 39.1, 48.8, 1.00
M, 666957, 349430, 478588, 893527, 388905, 127499, 567583, 113944, 39.1, 48.8, 1.00
M, 666869, 349377, 478515, 893365, 388832, 127524, 567547, 114000, 39.1, 48.8, 1.01
M, 667090, 349428, 478690, 893566, 388872, 127538, 567621, 113980, 39.1, 48.8, 1.00
M, 667191, 349499, 478646, 893520, 388863, 127522, 567685, 113962, 39.1, 48.8, 0.99
M, 667003, 349423, 478592, 893312, 388794, 127492, 567594, 113908, 39.1, 48.8, 1.00
M, 668381, 349688, 479945, 895040, 389203, 127732, 567958, 114155, 39.1, 48.8, 1.00
M, 668000, 349684, 479605, 894674, 389089, 127690, 567854, 114080, 39.1, 48.8, 1.01
M, 668101, 349661, 479626, 894718, 389098, 127697, 567917, 114113, 39.1, 48.8, 1.00
M, 668025, 349734, 479715, 894857, 389088, 127754, 567895, 114116, 39.1, 48.8, 1.01
M, 668205, 349707, 479679, 894670, 389114, 127752, 567945, 114048, 39.1, 48.8, 1.00
M, 668071, 349675, 479593, 894631, 389033, 127764, 567899, 114075, 39.1, 48.8, 1.00
M, 668405, 349781, 479967, 895079, 389166, 127768, 567939, 114066, 39.1, 48.8, 1.00
M, 668410, 349682, 479810, 894938, 389106, 127736, 567906, 114031, 39.1, 48.8, 1.00
M, 668299, 349742, 479964, 895022, 389092, 127842, 567909, 114068, 39.1, 48.8, 1.00
M, 668662, 349820, 480257, 895266, 389148, 127892, 568026, 114129, 39.1, 48.8, 0.99
M, 668733, 349789, 480193, 895136, 389225, 127898, 568037, 114048, 39.1, 48.8, 1.00
M, 668578, 349748, 480158, 894987, 389158, 127830, 567961, 114037, 39.1, 48.8, 1.01
M, 668465, 349621, 480056, 895012, 389057, 127828, 567896, 114014, 39.1, 48.8, 0.99
M, 668560, 349718, 480272, 895226, 389111, 127880, 567952, 114031, 39.1, 48.8, 1.00
M, 668644, 349691, 480273, 895112, 389102, 127939, 567983, 114118, 39.1, 48.8, 1.00
M, 669001, 349763, 480647, 895640, 389126, 127952, 568107, 114097, 39.1, 48.8, 1.00
M, 669065, 349704, 480702, 895585, 389217, 127988, 568068, 114049, 39.1, 48.8, 1.00
M, 669003, 349742, 480544, 895497, 389114, 127939, 568006, 114037, 39.1, 48.8, 1.01
M, 668986, 349748, 480661, 895711, 389197, 128018, 568054, 114045, 39.1, 48.8, 1.00
M, 669061, 349781, 480725, 895566, 389207, 127979, 568132, 113972, 39.1, 48.8, 1.00
M, 669847, 349833, 481509, 896773, 389336, 128188, 568267, 114238, 39.1, 48.8, 1.00
M, 669869, 349989, 481446, 896508, 389378, 128132, 568296, 114102, 39.1, 48.8, 1.00
M, 669739, 349874, 481361, 896320, 389315, 128075, 568238, 114086, 39.1, 48.8, 1.00
M, 669782, 349933, 481393, 896506, 389276, 128139, 568181, 114124, 39.1, 48.8, 1.00
M, 669830, 349836, 481435, 896451, 389271, 128171, 568154, 114093, 39.1, 48.8, 1.00
M, 669882, 349825, 481577, 896611, 389341, 128145, 568221, 114137, 39.1, 48.8, 1.00
M, 670103, 349846, 481810, 896934, 389337, 128216, 568274, 114185, 39.1, 48.8, 1.00
M, 670321, 349888, 482058, 896884, 389363, 128188, 568277, 114131, 39.1, 48.8, 1.00
M, 670234, 349883, 481930, 896882, 389352, 128250, 568314, 114139, 39.1, 48.9, 1.01
M, 670410, 349949, 482151, 896997, 389385, 128285, 568368, 114157, 39.1, 48.9, 0.99
M, 670283, 349914, 481909, 896991, 389320, 128278, 568316, 114082, 39.1, 48.9, 1.00
M, 670337, 349853, 482108, 896974, 389334, 128281, 568262, 114179, 39.1, 48.9, 1.00
M, 670794, 349947, 482406, 897492, 389453, 128345, 568345, 114202, 39.1, 48.9, 1.00
M, 670701, 349992, 482453, 897485, 389404, 128379, 568432, 114222, 39.1, 48.9, 1.00
M, 670721, 349937, 482373, 897289, 389401, 128380, 568327, 114143, 39.1, 48.9, 1.00
M, 670677, 349859, 482446, 897425, 389372, 128311, 568379, 114196, 39.1, 48.9, 1.00
M, 671034, 349937, 482786, 897798, 389457, 128396, 568435, 114224, 39.1, 48.9, 0.99
M, 671279, 349952, 482853, 897698, 389436, 128417, 568441, 114150, 39.1, 48.9, 1.00
M, 670940, 349952, 482625, 897443, 389352, 128423, 568380, 114103, 39.1, 48.9, 1.00
M, 670882, 349911, 482687, 897624, 389391, 128467, 568336, 114119, 39.1, 48.9, 1.01
M, 672452, 350254, 484031, 899299, 389770, 128635, 568733, 114319, 39.1, 48.9, 1.00
M, 671736, 350085, 483502, 898406, 389561, 128557, 568549, 114218, 39.1, 48.9, 1.00
M, 670961, 350063, 482866, 897612, 389411, 128453, 568408, 114086, 39.1, 48.9, 1.00
M, 670725, 349878, 482706, 897311, 389286, 128436, 568288, 114119, 39.1, 48.9, 1.00
M, 670645, 349797, 482644, 897376, 389224, 128469, 568231, 114108, 39.1, 48.9, 1.01
M, 670756, 349735, 482709, 897377, 389242, 128429, 568239, 114063, 39.1, 48.9, 1.00
M, 670932, 349767, 482903, 897563, 389260, 128540, 568299, 114130, 39.1, 48.9, 1.01
M, 671429, 349858, 483400, 898236, 389399, 128547, 568411, 114146, 39.1, 48.9, 1.00
M, 671560, 349941, 483483, 898050, 389422, 128487, 568460, 114133, 39.1, 48.9, 1.00
M, 671524, 349887, 483430, 898105, 389381, 128546, 568402, 114168, 39.1, 48.9, 1.00
M, 671834, 349888, 483654, 898446, 389402, 128622, 568501, 114202, 39.1, 48.9, 1.00
M, 672023, 349859, 483847, 898562, 389486, 128621, 568528, 114174, 39.1, 48.9, 0.98
M, 672007, 349902, 483909, 898655, 389460, 128699, 568545, 114208, 39.1, 48.9, 1.00
M, 672277, 349978, 484208, 899019, 389480, 128703, 568600, 114232, 39.1, 48.9, 0.99
M, 672646, 349977, 484546, 899237, 389603, 128771, 568713, 114200, 39.1, 48.9, 0.99
M, 672609, 350003, 484479, 899318, 389527, 128720, 568671, 114136, 39.1, 48.9, 1.00
M, 672546, 350025, 484476, 899316, 389514, 128775, 568639, 114210, 39.1, 48.9, 1.00
M, 672842, 350045, 484850, 899665, 389622, 128792, 568727, 114237, 39.1, 48.9, 1.00
M, 673102, 350126, 484870, 899662, 389593, 128800, 568745, 114231, 39.1, 48.9, 1.00
M, 673069, 350086, 484908, 899648, 389607, 128814, 568779, 114216, 39.1, 48.9, 1.00
A, 678696, 350743, 489933, 906432, 390793, 129598, 570062, 115301, 39.1, 48.9, 0.00
A, 688668, 353124, 499764, 919833, 393556, 131112, 573071, 116846, 39.1, 48.9, 0.58
A, 694971, 354925, 505776, 927749, 395103, 132051, 574735, 117776, 39.1, 48.9, 0.75
A, 701049, 356955, 511714, 935410, 396698, 133060, 576132, 118613, 39.1, 48.9, 0.85
A, 704264, 358014, 515075, 939567, 397314, 133653, 576726, 119076, 39.1, 48.9, 0.90
A, 707544, 359391, 518583, 943997, 398037, 134321, 577305, 119633, 39.1, 48.9, 0.93
A, 709934, 360556, 521467, 947337, 398474, 134852, 577557, 119986, 39.1, 48.9, 0.96
A, 712119, 361650, 524062, 949809, 398729, 135336, 577650, 120177, 39.1, 48.9, 0.98
A, 713157, 362544, 525786, 951554, 398778, 135711, 577541, 120399, 39.1, 48.9, 0.98
A, 713679, 363170, 527302, 952655, 398690, 135994, 577292, 120530, 39.1, 48.9, 0.98
A, 714016, 363838, 528545, 953524, 398623, 136334, 577005, 120594, 39.1, 48.9, 0.99
A, 714264, 364419, 529596, 953838, 398391, 136598, 576656, 120669, 39.1, 48.9, 0.99
A, 714454, 364922, 530701, 954483, 398170, 136821, 576291, 120723, 39.1, 48.9, 1.00
A, 713829, 365302, 531141, 953732, 397705, 136952, 575699, 120740, 39.1, 48.9, 1.00
A, 713374, 365610, 531672, 953382, 397318, 137053, 575201, 120745, 39.1, 48.9, 1.01
A, 712806, 365859, 532289, 953229, 396901, 137222, 574656, 120748, 39.1, 48.9, 1.00
A, 712483, 366155, 533036, 952986, 396519, 137302, 574154, 120796, 39.1, 48.9, 0.99
A, 711804, 366238, 533281, 952369, 396047, 137397, 573665, 120826, 39.1, 48.9, 1.00
A, 711480, 366453, 533930, 952048, 395781, 137593, 573178, 120879, 39.1, 48.9, 1.00
A, 710721, 366675, 534339, 951107, 395203, 137568, 572560, 120763, 39.1, 48.9, 1.00
A, 710981, 366853, 535752, 951776, 394964, 137874, 572255, 120998, 39.1, 49.0, 1.00
A, 710289, 366934, 535914, 950855, 394586, 137918, 571784, 120931, 39.1, 49.0, 1.00
A, 708817, 366977, 535627, 949255, 393970, 137887, 570928, 120774, 39.1, 49.0, 1.00
A, 707943, 366769, 535692, 948420, 393426, 137921, 570431, 120819, 39.1, 49.0, 1.00
A, 706630, 366704, 535596, 946787, 392834, 137851, 569699, 120727, 39.1, 49.0, 1.00
A, 705844, 366518, 535589, 945868, 392297, 137801, 569096, 120593, 39.1, 49.0, 0.99
A, 705013, 366510, 535700, 945196, 391837, 137885, 568646, 120693, 39.1, 49.0, 1.00
A, 704199, 366255, 535903, 944317, 391363, 137880, 568149, 120690, 39.1, 49.0, 1.00
A, 703385, 366050, 535878, 943143, 390940, 137883, 567561, 120657, 39.1, 49.0, 1.00
A, 702828, 365909, 536369, 942727, 390533, 137934, 567154, 120721, 39.1, 49.0, 1.00
A, 702006, 365729, 536389, 941527, 390035, 137928, 566602, 120610, 39.1, 49.0, 1.00
A, 701049, 365614, 536439, 940443, 389483, 137804, 566044, 120539, 39.1, 49.0, 0.99
A, 700541, 365491, 536670, 939992, 389223, 137909, 565582, 120546, 39.1, 49.0, 1.00
A, 699723, 365102, 536652, 938983, 388752, 137906, 565156, 120519, 39.0, 49.0, 1.01
A, 698989, 364933, 536669, 937724, 388304, 137843, 564552, 120462, 39.0, 49.0, 0.99
A, 698054, 364724, 536549, 936916, 387850, 137769, 564074, 120404, 39.0, 49.0, 1.00
A, 697079, 364343, 536533, 935981, 387384, 137754, 563655, 120400, 39.0, 49.0, 1.00
A, 696564, 364163, 536843, 935352, 387082, 137784, 563239, 120419, 39.0, 49.0, 1.00
A, 696052, 363947, 536824, 934542, 386756, 137849, 562824, 120496, 39.0, 49.0, 1.00
A, 695516, 363738, 537130, 933947, 386423, 137784, 562473, 120458, 39.0, 49.0, 1.00
A, 696352, 363712, 538510, 934672, 386364, 137982, 562325, 120576, 39.0, 49.0, 1.00
A, 694875, 363501, 537943, 932999, 385950, 137888, 561852, 120477, 39.0, 49.0, 1.00
A, 693985, 363194, 537789, 932137, 385462, 137848, 561403, 120367, 39.0, 49.0, 0.99
A, 692473, 362743, 537021, 930233, 384905, 137657, 560741, 120257, 39.0, 49.1, 1.00
A, 691741, 362404, 536769, 929368, 384543, 137650, 560340, 120305, 39.0, 49.1, 1.00
A, 690510, 362040, 536520, 927785, 384040, 137534, 559775, 120123, 39.0, 49.1, 1.00
A, 690138, 361778, 536532, 927359, 383793, 137553, 559481, 120132, 39.0, 49.1, 1.00
A, 689976, 361536, 537005, 927209, 383578, 137610, 559276, 120218, 39.0, 49.1, 1.00
A, 689555, 361354, 537182, 926595, 383316, 137527, 558893, 120189, 39.0, 49.1, 1.00
A, 688893, 360994, 537055, 925895, 383013, 137576, 558631, 120187, 39.0, 49.1, 0.99
A, 688693, 360829, 537337, 925573, 382752, 137596, 558356, 120187, 39.0, 49.1, 0.99
A, 688427, 360609, 537646, 925075, 382567, 137559, 558090, 120192, 39.0, 49.1, 1.00
A, 687970, 360465, 537778, 924592, 382301, 137540, 557785, 120184, 39.0, 49.1, 1.00
A, 687651, 360199, 538102, 924313, 382058, 137492, 557518, 120149, 39.0, 49.1, 1.00
A, 687166, 360009, 538223, 923792, 381851, 137542, 557239, 120144, 39.0, 49.1, 1.00
A, 686793, 359755, 538208, 923265, 381652, 137558, 556952, 120215, 39.0, 49.1, 1.00
A, 686719, 359615, 538722, 923098, 381431, 137573, 556733, 120251, 39.0, 49.1, 1.00
A, 686456, 359387, 538820, 922464, 381210, 137548, 556515, 120175, 39.0, 49.1, 1.00
A, 685856, 359142, 538842, 921759, 380952, 137560, 556218, 120206, 39.0, 49.1, 1.00
A, 685563, 359065, 539048, 921604, 380799, 137521, 555968, 120234, 39.0, 49.1, 1.00
A, 686382, 359037, 540391, 922636, 380810, 137694, 556019, 120437, 39.0, 49.2, 1.00
A, 685688, 358894, 539916, 921325, 380591, 137623, 555705, 120251, 39.0, 49.2, 1.00
A, 684598, 358549, 539408, 920033, 380230, 137495, 555214, 120133, 39.0, 49.1, 1.00
A, 683765, 358192, 539290, 919325, 379897, 137517, 554986, 120089, 39.0, 49.1, 1.00
A, 683027, 357928, 538855, 918115, 379598, 137379, 554602, 120035, 39.0, 49.2, 0.99
A, 682474, 357680, 538749, 917679, 379351, 137367, 554289, 120028, 39.0, 49.2, 1.00
A, 681970, 357475, 538874, 916995, 379129, 137317, 553998, 120053, 39.0, 49.2, 1.00
A, 681777, 357222, 538872, 916507, 378870, 137250, 553865, 119953, 39.0, 49.2, 1.00
A, 681611, 357060, 539245, 916647, 378751, 137290, 553661, 119975, 39.0, 49.2, 1.01
A, 681280, 356785, 539332, 916202, 378462, 137337, 553435, 120055, 39.0, 49.2, 1.01
A, 680972, 356658, 539457, 915674, 378415, 137296, 553265, 120007, 39.0, 49.2, 1.01
A, 681021, 356558, 539809, 915655, 378269, 137411, 553189, 120036, 39.0, 49.2, 1.00
A, 680733, 356346, 540078, 915181, 378087, 137290, 552929, 120086, 39.0, 49.2, 1.00
A, 680279, 356185, 539934, 914556, 377906, 137256, 552648, 120022, 39.0, 49.2, 1.00
A, 679992, 356076, 540069, 914412, 377775, 137239, 552481, 120036, 39.0, 49.2, 1.00
A, 679700, 355814, 540175, 913859, 377568, 137257, 552252, 119996, 39.0, 49.2, 1.00
A, 679391, 355722, 540233, 913666, 377436, 137281, 552085, 120098, 39.0, 49.2, 1.00
A, 679253, 355551, 540409, 913286, 377336, 137302, 551948, 120048, 39.0, 49.2, 1.00
A, 678975, 355364, 540573, 913006, 377157, 137206, 551729, 120042, 39.0, 49.2, 1.00
A, 678556, 355195, 540620, 912455, 376902, 137208, 551516, 119982, 39.0, 49.2, 1.00
A, 679295, 355139, 541706, 913600, 376948, 137357, 551597, 120227, 39.0, 49.2, 1.00
A, 678913, 355150, 541541, 912820, 376925, 137391, 551418, 120168, 39.0, 49.2, 1.00
A, 678367, 354986, 541506, 912294, 376704, 137303, 551151, 120173, 39.0, 49.2, 1.00
A, 678259, 354847, 541636, 911808, 376584, 137298, 551041, 120028, 39.0, 49.2, 1.00
A, 677729, 354607, 541536, 911204, 376385, 137249, 550795, 120010, 39.0, 49.2, 1.00
A, 677129, 354400, 541284, 910511, 376172, 137153, 550559, 120036, 39.0, 49.2, 1.00
A, 676740, 354243, 541321, 910174, 376008, 137193, 550329, 120032, 39.0, 49.2, 1.00
A, 676193, 354071, 541108, 909142, 375782, 137124, 550123, 119929, 39.0, 49.2, 1.00
A, 675936, 353890, 541049, 908816, 375600, 137077, 549895, 119868, 39.0, 49.2, 1.00
A, 675665, 353661, 541366, 908855, 375521, 137073, 549794, 119952, 39.0, 49.2, 1.00
A, 675348, 353480, 541279, 908329, 375333, 137038, 549574, 119926, 39.0, 49.2, 1.00
A, 675159, 353403, 541371, 907934, 375190, 137089, 549408, 119959, 39.0, 49.2, 0.99
A, 675153, 353309, 541678, 908086, 375143, 137112, 549409, 120077, 39.0, 49.2, 1.00
A, 674682, 353108, 541475, 907331, 374994, 136991, 549155, 119905, 39.0, 49.2, 1.00
A, 674319, 352924, 541406, 906785, 374785, 137000, 548952, 119863, 39.0, 49.2, 1.00
A, 673992, 352695, 541527, 906694, 374618, 136925, 548794, 119841, 39.0, 49.2, 1.00
A, 673973, 352660, 541807, 906589, 374564, 136977, 548672, 119911, 39.0, 49.2, 1.00
A, 673759, 352533, 541922, 906334, 374441, 136986, 548514, 119957, 39.0, 49.2, 1.00
A, 673809, 352524, 542191, 906309, 374443, 137002, 548438, 119939, 39.0, 49.2, 1.00
A, 673577, 352380, 542272, 905778, 374304, 136952, 548329, 119940, 39.0, 49.2, 1.00
A, 674437, 352427, 543468, 906920, 374393, 137106, 548472, 120033, 39.0, 49.2, 1.00
A, 674332, 352392, 543656, 906735, 374379, 137141, 548345, 120138, 39.0, 49.2, 1.00
A, 673763, 352229, 543319, 906133, 374202, 137043, 548174, 119998, 39.0, 49.2, 1.00
A, 673556, 352122, 543504, 906006, 374042, 137043, 548066, 120033, 39.0, 49.2, 0.99
A, 673168, 352011, 543216, 905111, 373927, 137016, 547798, 119979, 39.0, 49.2, 1.00
A, 672569, 351700, 543073, 904634, 373712, 136971, 547591, 119942, 39.0, 49.2, 1.00
A, 672026, 351642, 542849, 903933, 373637, 136908, 547434, 119858, 39.0, 49.2, 1.00
A, 671691, 351489, 542780, 903631, 373380, 136857, 547240, 119871, 39.0, 49.2, 1.00
A, 671702, 351367, 542994, 903517, 373296, 136906, 547184, 119938, 39.0, 49.2, 1.00
A, 671309, 351190, 542988, 903179, 373220, 136871, 546921, 119894, 39.0, 49.2, 1.00
A, 671163, 351099, 543019, 902760, 373004, 136812, 546904, 119845, 39.0, 49.2, 1.01
A, 670983, 350963, 542965, 902323, 372957, 136801, 546644, 119777, 39.0, 49.2, 1.00
A, 670562, 350838, 543153, 902261, 372826, 136792, 546560, 119847, 39.0, 49.2, 1.00
A, 670708, 350787, 543454, 902236, 372797, 136775, 546552, 119893, 39.0, 49.2, 1.00
A, 670271, 350607, 543327, 901923, 372684, 136755, 546387, 119859, 39.0, 49.2, 1.00
A, 670545, 350572, 543718, 901923, 372646, 136811, 546359, 119937, 39.0, 49.2, 1.00
A, 670396, 350509, 543957, 901827, 372606, 136784, 546272, 119853, 39.0, 49.2, 1.00
A, 670030, 350297, 543754, 901317, 372466, 136803, 546103, 119907, 39.0, 49.2, 1.00
A, 669789, 350283, 543728, 900941, 372352, 136769, 546020, 119861, 39.0, 49.2, 0.99
A, 669786, 350267, 544022, 901044, 372305, 136766, 545953, 119905, 39.0, 49.2, 1.00
A, 669630, 350254, 544536, 901507, 372284, 136855, 545939, 120017, 39.0, 49.2, 1.00
A, 669599, 350172, 544471, 900915, 372239, 136799, 545783, 119926, 39.0, 49.2, 0.99
A, 668357, 349816, 543449, 899233, 371762, 136552, 545304, 119686, 39.0, 49.2, 1.00
A, 667804, 349623, 543093, 898556, 371620, 136545, 545139, 119695, 39.0, 49.2, 1.00
A, 667421, 349392, 543078, 898401, 371534, 136588, 545007, 119673, 39.0, 49.2, 1.00
A, 667439, 349307, 543156, 898022, 371469, 136434, 544956, 119744, 39.0, 49.2, 1.00
A, 667472, 349202, 543386, 897995, 371349, 136475, 544807, 119644, 39.0, 49.2, 1.00
A, 667060, 349179, 543310, 897675, 371377, 136421, 544760, 119626, 39.0, 49.2, 0.99
A, 667104, 349031, 543477, 897653, 371292, 136464, 544621, 119765, 39.0, 49.2, 0.99
A, 667259, 348965, 543952, 897947, 371227, 136508, 544658, 119794, 39.0, 49.2, 1.00
A, 667271, 348925, 544135, 897967, 371216, 136467, 544583, 119753, 39.0, 49.2, 1.00
A, 667258, 348851, 544376, 897578, 371182, 136461, 544537, 119777, 39.0, 49.2, 1.00
A, 666958, 348803, 544346, 897543, 371071, 136481, 544455, 119763, 39.0, 49.2, 0.99
A, 667230, 348780, 544834, 897763, 371070, 136485, 544457, 119812, 39.0, 49.2, 0.99
A, 666939, 348695, 544867, 897506, 371004, 136452, 544377, 119810, 39.0, 49.2, 1.00
A, 667035, 348640, 544999, 897497, 370945, 136477, 544294, 119843, 39.0, 49.2, 1.00
A, 666961, 348570, 545179, 897454, 370847, 136528, 544190, 119838, 39.0, 49.2, 1.00
A, 666763, 348516, 545217, 897141, 370887, 136472, 544151, 119849, 39.0, 49.2, 1.00
A, 666488, 348406, 545043, 896726, 370770, 136462, 543988, 119775, 39.0, 49.2, 1.00
A, 666280, 348334, 545175, 896759, 370630, 136358, 543897, 119844, 39.0, 49.2, 1.00
A, 667518, 348464, 546724, 898337, 370847, 136650, 544144, 120015, 39.0, 49.2, 1.00
A, 666871, 348434, 546299, 897428, 370784, 136593, 544030, 119938, 39.0, 49.2, 1.00
A, 666468, 348377, 546119, 896970, 370621, 136517, 543792, 119874, 39.0, 49.2, 1.00
A, 666227, 348218, 546076, 896543, 370556, 136436, 543684, 119862, 39.0, 49.2, 0.99
A, 665869, 348105, 545932, 896066, 370401, 136441, 543590, 119761, 39.0, 49.2, 1.00
A, 665849, 348011, 546075, 896151, 370351, 136495, 543528, 119788, 39.0, 49.2, 1.00
A, 665428, 347912, 545803, 895518, 370267, 136433, 543376, 119787, 39.0, 49.2, 1.00
A, 665199, 347851, 545884, 895433, 370220, 136404, 543221, 119792, 39.0, 49.2, 1.00
A, 664991, 347869, 545984, 894960, 370113, 136342, 543135, 119753, 39.0, 49.2, 0.99
A, 664675, 347715, 545838, 894773, 369915, 136282, 542996, 119730, 39.0, 49.2, 1.01
A, 664499, 347599, 545896, 894812, 369880, 136306, 542957, 119771, 39.0, 49.2, 1.01
A, 664546, 347504, 546198, 894657, 369878, 136315, 542843, 119751, 39.0, 49.2, 1.00
A, 664443, 347506, 546211, 894457, 369747, 136273, 542839, 119800, 39.0, 49.2, 1.00
A, 664574, 347426, 546555, 894700, 369802, 136327, 542843, 119846, 39.0, 49.2, 1.00
A, 664417, 347380, 546663, 894476, 369772, 136354, 542738, 119788, 39.0, 49.2, 1.00
A, 664272, 347207, 546582, 894016, 369642, 136272, 542619, 119791, 39.0, 49.2, 1.00
A, 664019, 347274, 546642, 894045, 369529, 136272, 542468, 119735, 39.0, 49.2, 1.00
A, 664213, 347153, 546984, 894216, 369564, 136249, 542567, 119837, 39.0, 49.2, 1.01
A, 663928, 347188, 546909, 893906, 369528, 136269, 542463, 119878, 39.0, 49.2, 1.00
A, 664144, 347209, 547325, 894097, 369493, 136288, 542408, 119847, 39.0, 49.2, 1.00
A, 665311, 347273, 548860, 895669, 369779, 136479, 542715, 120062, 39.0, 49.2, 1.00
A, 664418, 347324, 548213, 894614, 369588, 136400, 542466, 119887, 39.0, 49.2, 1.01
A, 664386, 347279, 548231, 894301, 369508, 136405, 542338, 119961, 39.0, 49.2, 1.00
A, 664030, 347161, 548126, 894138, 369444, 136384, 542296, 119875, 39.0, 49.2, 1.00
A, 663876, 347069, 548156, 893785, 369366, 136402, 542189, 119913, 39.0, 49.2, 1.00
A, 663463, 346945, 547805, 893118, 369196, 136234, 541992, 119829, 39.0, 49.2, 1.00
A, 663295, 346823, 548083, 893272, 369144, 136267, 541954, 119844, 39.0, 49.2, 1.00
A, 662729, 346828, 547639, 892394, 368983, 136205, 541789, 119747, 39.0, 49.2, 0.99
A, 662374, 346722, 547562, 892182, 368869, 136184, 541597, 119815, 39.0, 49.2, 1.01
A, 661790, 346532, 547110, 891228, 368759, 136068, 541444, 119609, 39.0, 49.2, 1.00
A, 661569, 346397, 547017, 890967, 368621, 136053, 541307, 119647, 39.0, 49.2, 0.99
A, 661639, 346312, 547352, 891198, 368535, 136094, 541279, 119704, 39.0, 49.2, 1.00
A, 661519, 346286, 547459, 891197, 368508, 136092, 541306, 119758, 39.0, 49.2, 1.00
A, 661510, 346138, 547550, 891148, 368525, 136121, 541208, 119749, 39.0, 49.2, 1.00
A, 661520, 346147, 547889, 891298, 368556, 136053, 541188, 119818, 39.0, 49.2, 1.02
A, 661590, 346066, 548015, 890847, 368406, 136064, 541152, 119728, 39.0, 49.2, 1.00
A, 661416, 346092, 547953, 890768, 368482, 136019, 541048, 119698, 39.0, 49.2, 0.99
A, 661342, 345989, 548296, 890963, 368382, 136142, 541072, 119789, 39.0, 49.2, 1.00
A, 661205, 346008, 548296, 890860, 368346, 136067, 540967, 119762, 39.0, 49.2, 1.00
A, 661079, 345897, 548236, 890391, 368259, 135992, 540866, 119777, 39.0, 49.2, 1.00
A, 662356, 346042, 549817, 892436, 368498, 136245, 541207, 120013, 38.9, 49.2, 1.00
A, 661846, 346089, 549379, 891281, 368425, 136111, 541052, 119888, 38.9, 49.2, 1.01
A, 661010, 345911, 548808, 890473, 368208, 136068, 540841, 119835, 39.0, 49.2, 1.00
A, 660453, 345710, 548379, 889867, 368048, 135983, 540660, 119740, 39.0, 49.2, 0.99
A, 660082, 345572, 548295, 889539, 367983, 135945, 540555, 119688, 39.0, 49.2, 1.00
A, 659700, 345494, 547958, 889076, 367773, 135870, 540342, 119688, 39.0, 49.2, 1.00
A, 660022, 345454, 548417, 889264, 367892, 135887, 540387, 119690, 39.0, 49.2, 1.00
A, 659860, 345371, 548539, 889109, 367779, 135926, 540356, 119676, 39.0, 49.2, 1.00
A, 659618, 345367, 548438, 888717, 367801, 135869, 540213, 119683, 39.0, 49.2, 1.01
A, 659429, 345183, 548526, 888662, 367612, 135920, 540174, 119669, 39.0, 49.2, 0.99
A, 659563, 345224, 548863, 888985, 367631, 135836, 540166, 119745, 39.0, 49.2, 1.00
A, 659722, 345228, 549102, 889001, 367617, 135869, 540153, 119774, 39.0, 49.1, 1.00
A, 659658, 345185, 549152, 888831, 367637, 135845, 540053, 119710, 39.0, 49.1, 1.01
A, 659470, 345157, 549231, 888656, 367567, 135869, 540074, 119728, 39.0, 49.2, 1.00
A, 659250, 344975, 549114, 888533, 367483, 135863, 539957, 119721, 39.0, 49.2, 0.99
A, 659445, 345048, 549458, 888716, 367478, 135859, 539937, 119697, 39.0, 49.2, 1.00
A, 659172, 345025, 549467, 888409, 367451, 135894, 539887, 119783, 39.0, 49.2, 1.00
A, 659443, 344892, 549858, 888878, 367486, 135913, 539945, 119799, 39.0, 49.2, 1.00
A, 659343, 345020, 549985, 888608, 367445, 135869, 539857, 119754, 39.0, 49.2, 1.00
A, 659111, 344893, 549852, 888347, 367344, 135908, 539833, 119752, 38.9, 49.1, 1.00
A, 659928, 345018, 551041, 889670, 367528, 135989, 539968, 119936, 38.9, 49.1, 1.01
A, 659745, 345089, 550859, 889191, 367473, 135931, 539957, 119901, 39.0, 49.1, 1.00
A, 659019, 344982, 550442, 888463, 367356, 135900, 539742, 119826, 39.0, 49.1, 1.00
A, 658797, 344801, 550190, 887857, 367285, 135836, 539599, 119744, 39.0, 49.1, 1.00
A, 658387, 344676, 550124, 887689, 367093, 135785, 539481, 119717, 39.0, 49.1, 1.00
A, 658332, 344664, 550325, 887704, 367086, 135765, 539407, 119764, 38.9, 49.2, 1.00
A, 658295, 344616, 550369, 887442, 367071, 135873, 539410, 119800, 38.9, 49.2, 1.00
A, 658296, 344643, 550408, 887451, 367080, 135776, 539346, 119765, 39.0, 49.1, 1.00
A, 657938, 344515, 550242, 886998, 366924, 135780, 539201, 119733, 39.0, 49.1, 1.01
A, 657708, 344534, 550238, 886623, 366923, 135744, 539151, 119697, 38.9, 49.1, 1.00
A, 657512, 344364, 550323, 886667, 366731, 135706, 539074, 119699, 38.9, 49.1, 0.99
A, 657522, 344417, 550497, 886819, 366802, 135712, 539062, 119796, 38.9, 49.1, 1.01
A, 657476, 344302, 550635, 886765, 366791, 135743, 539017, 119822, 39.0, 49.1, 1.00
A, 657566, 344226, 550691, 886453, 366699, 135713, 538968, 119731, 39.0, 49.1, 0.99
A, 657194, 344201, 550624, 886407, 366644, 135638, 538838, 119737, 38.9, 49.1, 1.01
A, 657287, 344235, 551062, 886656, 366710, 135677, 538901, 119715, 38.9, 49.1, 1.00
A, 657365, 344191, 550976, 886428, 366590, 135688, 538857, 119752, 38.9, 49.1, 1.00
A, 657024, 344146, 551057, 886296, 366575, 135674, 538812, 119728, 38.9, 49.1, 1.00
A, 657209, 344075, 551359, 886535, 366584, 135707, 538804, 119825, 38.9, 49.1, 1.00
A, 657219, 344074, 551282, 885979, 366537, 135678, 538778, 119734, 38.9, 49.1, 0.99
A, 658144, 344179, 552443, 887356, 366731, 135811, 538900, 119882, 38.9, 49.1, 1.00
A, 657397, 344134, 552094, 886763, 366597, 135681, 538764, 119809, 38.9, 49.1, 1.00
A, 656712, 344022, 551576, 885930, 366457, 135670, 538643, 119765, 38.9, 49.1, 1.00
A, 656502, 343844, 551458, 885634, 366296, 135554, 538487, 119740, 38.9, 49.1, 1.00
A, 656674, 343810, 551745, 885809, 366354, 135702, 538542, 119783, 38.9, 49.1, 1.00
A, 656479, 343935, 551773, 885559, 366321, 135602, 538443, 119771, 38.9, 49.1, 1.00
A, 656269, 343768, 551672, 885209, 366188, 135642, 538347, 119674, 38.9, 49.1, 1.00
A, 656358, 343706, 551937, 885469, 366242, 135652, 538300, 119717, 38.9, 49.1, 1.00
A, 655846, 343669, 551575, 884877, 366149, 135603, 538228, 119733, 38.9, 49.0, 1.00
A, 655655, 343671, 551640, 884818, 366014, 135533, 538138, 119688, 38.9, 49.0, 1.00
A, 655189, 343470, 551255, 884081, 365937, 135410, 537951, 119625, 38.9, 49.0, 1.00
A, 655001, 343359, 551352, 884010, 365857, 135502, 537963, 119617, 38.9, 49.0, 1.00
A, 655282, 343348, 551606, 884212, 365847, 135420, 537859, 119696, 38.9, 49.0, 1.00
A, 655219, 343330, 551772, 884214, 365849, 135454, 537896, 119659, 38.9, 49.0, 1.00
A, 655135, 343377, 551860, 884191, 365786, 135544, 537863, 119697, 38.9, 49.0, 1.00
A, 655286, 343286, 552199, 884384, 365828, 135461, 537887, 119722, 38.9, 49.0, 1.00
A, 655326, 343285, 552372, 884261, 365851, 135478, 537807, 119739, 38.9, 49.0, 1.00
A, 655150, 343210, 552400, 884206, 365808, 135498, 537801, 119688, 38.9, 49.0, 0.99
A, 655141, 343209, 552541, 884300, 365804, 135506, 537787, 119747, 38.9, 49.0, 1.00
A, 655019, 343257, 552585, 884253, 365721, 135558, 537742, 119750, 38.9, 49.0, 1.00
A, 656108, 343371, 553899, 885453, 365951, 135656, 537978, 120033, 38.9, 49.0, 1.00
A, 656135, 343473, 554121, 885570, 366035, 135639, 538035, 119952, 38.9, 49.0, 1.00
A, 655907, 343360, 553884, 885158, 365946, 135622, 537950, 119897, 38.9, 49.0, 1.00
A, 655587, 343372, 553726, 884682, 365815, 135560, 537802, 119834, 38.9, 49.0, 1.00
A, 655230, 343279, 553519, 884544, 365705, 135541, 537721, 119851, 38.9, 49.0, 0.99
A, 654448, 343183, 553045, 883800, 365620, 135474, 537498, 119746, 38.9, 49.0, 1.00
A, 654336, 343063, 552927, 883216, 365449, 135439, 537382, 119656, 38.9, 49.0, 1.01
A, 654107, 343040, 552872, 882991, 365445, 135411, 537244, 119716, 38.9, 49.0, 0.99
A, 654062, 342971, 553092, 883204, 365342, 135444, 537228, 119656, 38.9, 49.0, 1.01
A, 653715, 342865, 552722, 882555, 365349, 135376, 537184, 119667, 38.9, 49.0, 1.01
A, 653516, 342815, 552883, 882509, 365228, 135333, 537066, 119734, 38.9, 49.0, 1.00
A, 653256, 342860, 552826, 882245, 365219, 135321, 537093, 119661, 38.9, 49.0, 1.00
A, 653221, 342647, 552735, 882011, 365136, 135277, 536942, 119679, 38.9, 49.0, 1.00
A, 653317, 342626, 553123, 882504, 365112, 135313, 537010, 119676, 38.9, 49.0, 1.01
A, 653359, 342625, 553226, 882397, 365040, 135292, 536942, 119685, 38.9, 48.9, 1.00
A, 653131, 342574, 553227, 882212, 365026, 135304, 536896, 119674, 38.9, 48.9, 1.00
A, 653245, 342529, 553517, 882441, 365126, 135327, 536921, 119788, 38.9, 49.0, 1.00
A, 653415, 342521, 553726, 882371, 365109, 135327, 536936, 119714, 38.9, 49.0, 1.00
A, 652760, 342537, 553330, 881775, 364979, 135267, 536787, 119624, 38.9, 49.0, 1.00
A, 652759, 342354, 553399, 881797, 364897, 135261, 536780, 119659, 38.9, 49.0, 0.99
A, 654208, 342622, 555075, 883492, 365237, 135454, 537079, 119982, 38.9, 48.9, 1.00
A, 653597, 342626, 554570, 882824, 365100, 135353, 536950, 119816, 38.9, 48.9, 1.01
A, 653216, 342462, 554411, 882482, 365037, 135387, 536841, 119818, 38.9, 49.0, 1.00
A, 652904, 342433, 554117, 881799, 364869, 135310, 536712, 119743, 38.9, 49.0, 1.00
A, 652317, 342305, 553737, 881268, 364733, 135153, 536451, 119649, 38.9, 48.9, 1.00
A, 652141, 342149, 553726, 881239, 364746, 135203, 536497, 119656, 38.9, 48.9, 1.00
A, 652289, 342235, 554023, 881473, 364682, 135173, 536424, 119716, 38.9, 48.9, 1.00
A, 652384, 342172, 554207, 881471, 364750, 135200, 536418, 119749, 38.9, 48.9, 1.00
A, 652541, 342290, 554520, 881423, 364787, 135225, 536483, 119718, 38.9, 48.9, 1.00
A, 652325, 342207, 554455, 881411, 364717, 135211, 536447, 119740, 38.9, 48.9, 1.00
A, 652068, 342144, 554347, 881153, 364736, 135189, 536370, 119759, 38.9, 48.9, 1.00
A, 651855, 342074, 554428, 881093, 364589, 135183, 536294, 119714, 38.9, 48.9, 1.00
A, 651652, 342056, 554357, 880642, 364535, 135182, 536238, 119665, 38.9, 48.9, 1.00
A, 651639, 341925, 554147, 880330, 364483, 135102, 536127, 119633, 38.9, 48.9, 0.99
A, 651697, 341952, 554620, 880784, 364479, 135080, 536153, 119724, 38.9, 48.9, 1.00
A, 651490, 341856, 554636, 880683, 364466, 135148, 536155, 119678, 38.9, 48.9, 1.00
A, 651407, 341788, 554560, 880584, 364359, 135137, 536076, 119677, 38.9, 48.9, 1.00
A, 651601, 341866, 555057, 880694, 364421, 135163, 536124, 119713, 38.9, 48.9, 1.00
A, 651559, 341851, 555054, 880537, 364376, 135098, 536040, 119680, 38.9, 48.9, 1.00
A, 651322, 341764, 554926, 880258, 364349, 135135, 536017, 119716, 38.9, 48.9, 0.99
A, 652293, 341839, 556134, 881717, 364453, 135246, 536186, 119900, 38.9, 48.9, 1.00
A, 651988, 341850, 555981, 881290, 364478, 135175, 536176, 119802, 38.9, 48.9, 1.00
A, 651237, 341724, 555422, 880580, 364336, 135160, 535990, 119811, 38.9, 48.9, 1.00
A, 651125, 341800, 555404, 880345, 364329, 135174, 535941, 119715, 38.9, 48.9, 1.00
A, 651025, 341649, 555473, 880153, 364239, 135036, 535807, 119752, 38.9, 48.9, 0.99
A, 650813, 341580, 555385, 879928, 364103, 135081, 535742, 119643, 38.9, 48.9, 1.00
A, 650738, 341573, 555292, 879890, 364126, 135075, 535678, 119723, 38.9, 48.9, 1.00
A, 650889, 341572, 555724, 880013, 364190, 135124, 535715, 119744, 38.9, 48.9, 1.00
A, 650756, 341540, 555829, 879932, 364146, 135048, 535678, 119811, 38.9, 48.9, 1.00
A, 650707, 341540, 555890, 879874, 364161, 135104, 535722, 119774, 38.9, 48.8, 1.00
A, 650395, 341451, 555581, 879395, 363987, 135038, 535536, 119719, 38.9, 48.8, 1.00
A, 650106, 341446, 555468, 879138, 363970, 135004, 535562, 119591, 38.9, 48.8, 1.00
A, 649930, 341324, 555590, 879122, 363844, 134992, 535422, 119710, 38.9, 48.8, 1.00
A, 650201, 341344, 555862, 879211, 363908, 135038, 535471, 119773, 38.9, 48.8, 1.00
A, 650190, 341320, 556066, 879310, 363886, 134998, 535362, 119770, 38.9, 48.8, 1.00
A, 650211, 341300, 556216, 879420, 363899, 134977, 535486, 119764, 38.9, 48.8, 1.00
A, 649959, 341311, 556142, 879028, 363841, 135020, 535359, 119723, 38.9, 48.8, 1.00
A, 649921, 341208, 556155, 879062, 363806, 134986, 535284, 119673, 38.9, 48.8, 1.00
A, 649979, 341210, 556475, 879281, 363821, 135003, 535304, 119789, 38.9, 48.8, 1.01
A, 649791, 341140, 556455, 879201, 363786, 134993, 535248, 119705, 38.9, 48.8, 1.00
A, 651169, 341402, 558103, 880875, 364101, 135240, 535604, 120002, 38.9, 48.8, 1.00
A, 650735, 341377, 557678, 880125, 364032, 135082, 535558, 119867, 38.9, 48.8, 1.00
A, 650266, 341378, 557500, 879696, 363886, 135039, 535400, 119867, 38.9, 48.8, 1.00
A, 650235, 341256, 557485, 879745, 363830, 135105, 535319, 119849, 38.9, 48.8, 0.99
A, 649959, 341211, 557384, 879348, 363749, 135044, 535220, 119835, 38.9, 48.8, 1.00
A, 649779, 341163, 557344, 879220, 363728, 135031, 535154, 119838, 38.9, 48.8, 1.00
A, 649810, 341145, 557618, 879292, 363696, 135030, 535187, 119849, 38.9, 48.8, 1.00
A, 649447, 341191, 557443, 878877, 363652, 134969, 535093, 119789, 38.9, 48.8, 1.00
A, 649328, 341057, 557331, 878798, 363577, 134935, 535010, 119728, 38.9, 48.8, 0.99
A, 649319, 341058, 557492, 878758, 363573, 135008, 534967, 119717, 38.9, 48.8, 0.99
A, 648985, 341074, 557283, 878167, 363496, 134886, 534920, 119735, 38.9, 48.8, 1.00
A, 648809, 340834, 557128, 878021, 363412, 134877, 534789, 119639, 38.9, 48.8, 1.00
A, 648296, 340889, 556927, 877602, 363359, 134888, 534737, 119696, 38.9, 48.8, 1.00
A, 648294, 340740, 556974, 877531, 363308, 134815, 534610, 119646, 38.9, 48.8, 1.00
A, 648449, 340770, 557350, 877793, 363301, 134875, 534658, 119757, 38.9, 48.8, 1.00
A, 648278, 340759, 557475, 877775, 363244, 134861, 534615, 119738, 38.9, 48.8, 1.00
A, 648379, 340661, 557460, 877503, 363195, 134819, 534611, 119666, 38.9, 48.8, 1.00
A, 647933, 340571, 557361, 877495, 363089, 134862, 534509, 119687, 38.9, 48.8, 1.00
A, 648223, 340644, 557647, 877587, 363110, 134791, 534549, 119754, 38.9, 48.8, 1.00
A, 647926, 340572, 557628, 877296, 363085, 134837, 534403, 119710, 38.9, 48.8, 1.00
A, 648976, 340618, 558699, 878594, 363372, 134981, 534669, 119919, 38.9, 48.8, 1.00
A, 648668, 340675, 558529, 878132, 363308, 134928, 534583, 119855, 38.9, 48.8, 1.00
A, 647996, 340547, 558052, 877399, 363144, 134818, 534423, 119698, 38.9, 48.8, 1.00
A, 647505, 340486, 557630, 876660, 362990, 134770, 534269, 119676, 38.9, 48.8, 1.00
A, 647073, 340362, 557313, 876236, 362897, 134742, 534136, 119629, 38.9, 48.8, 1.00
A, 646904, 340172, 557354, 876319, 362808, 134769, 534087, 119617, 38.9, 48.8, 1.00
A, 646775, 340197, 557349, 876021, 362758, 134723, 534036, 119668, 38.9, 48.8, 0.99
A, 647051, 340185, 557795, 876528, 362804, 134746, 534110, 119648, 38.9, 48.7, 1.00
A, 647242, 340176, 558113, 876431, 362810, 134705, 534088, 119720, 38.9, 48.7, 1.00
A, 647104, 340243, 558082, 876338, 362837, 134694, 534077, 119680, 38.9, 48.7, 0.99
A, 647124, 340254, 558237, 876554, 362781, 134786, 534080, 119810, 38.9, 48.7, 1.00
A, 646876, 340193, 558173, 876231, 362734, 134671, 534027, 119717, 38.9, 48.7, 1.00
A, 646750, 340151, 558206, 876262, 362666, 134720, 533897, 119718, 38.9, 48.7, 1.00
A, 646758, 340112, 558191, 875952, 362796, 134752, 533939, 119666, 38.9, 48.7, 1.00
A, 646544, 339979, 558145, 875897, 362593, 134628, 533833, 119634, 38.9, 48.7, 1.00
A, 646077, 339971, 558013, 875620, 362558, 134618, 533805, 119663, 38.9, 48.7, 1.00
A, 646224, 339934, 558275, 875692, 362535, 134626, 533742, 119652, 38.9, 48.7, 1.00
A, 646213, 339904, 558134, 875396, 362549, 134614, 533643, 119654, 38.9, 48.7, 1.00
A, 646423, 339904, 558671, 875814, 362571, 134690, 533825, 119785, 38.9, 48.7, 1.00
A, 646637, 339949, 558915, 876033, 362630, 134674, 533804, 119716, 38.9, 48.7, 1.00
A, 647437, 340018, 560095, 877217, 362838, 134860, 533994, 119954, 38.9, 48.7, 1.01
A, 647225, 340175, 559817, 876936, 362793, 134774, 533986, 119883, 38.9, 48.7, 1.01
A, 646562, 339912, 559418, 876143, 362628, 134723, 533781, 119794, 38.9, 48.7, 1.00
A, 646245, 339824, 558908, 875365, 362516, 134652, 533634, 119745, 38.9, 48.7, 1.00
A, 645658, 339680, 558551, 874639, 362359, 134555, 533476, 119675, 38.9, 48.7, 1.00
A, 645430, 339683, 558501, 874839, 362264, 134533, 533404, 119690, 38.9, 48.7, 1.01
A, 645617, 339618, 558832, 874996, 362344, 134549, 533457, 119709, 38.9, 48.7, 1.00
A, 645567, 339586, 558805, 874942, 362243, 134589, 533371, 119714, 38.9, 48.7, 0.99
A, 645771, 339586, 559365, 875313, 362354, 134629, 533476, 119824, 38.9, 48.6, 1.00
A, 645612, 339628, 559200, 875012, 362288, 134609, 533452, 119646, 38.9, 48.6, 1.00
A, 645005, 339547, 558812, 874325, 362162, 134522, 533258, 119636, 38.9, 48.6, 0.99
A, 645050, 339405, 558899, 874487, 362145, 134502, 533205, 119711, 38.9, 48.6, 1.00
A, 645086, 339459, 559018, 874335, 362114, 134501, 533222, 119662, 38.9, 48.6, 1.00
A, 644852, 339354, 559109, 874411, 362061, 134582, 533184, 119672, 38.9, 48.6, 1.00
A, 644950, 339420, 558776, 873850, 362143, 134478, 533193, 119635, 38.9, 48.6, 1.00
A, 644667, 339210, 559098, 874007, 361997, 134365, 533051, 119622, 38.9, 48.6, 1.00
A, 644767, 339348, 559377, 874374, 362016, 134503, 533098, 119729, 38.9, 48.6, 1.01
A, 644735, 339266, 559433, 874253, 361966, 134485, 533030, 119659, 38.9, 48.6, 1.00
A, 644763, 339187, 559554, 874298, 361993, 134433, 533028, 119697, 38.9, 48.6, 1.00
A, 645040, 339254, 559980, 874704, 362003, 134504, 533104, 119820, 38.9, 48.6, 1.00
M, 641244, 338920, 555885, 869368, 361384, 133850, 532165, 118860, 38.9, 48.6, 0.45
M, 633870, 337151, 547820, 859637, 359269, 132684, 529585, 117461, 38.9, 48.6, 0.56
M, 626504, 335162, 540088, 850644, 357054, 131540, 527090, 116363, 38.9, 48.6, 0.73
M, 620163, 333419, 533375, 842747, 355441, 130555, 525498, 115453, 38.9, 48.6, 0.81
M, 616308, 332393, 528678, 837302, 354785, 129823, 525396, 114878, 38.9, 48.6, 0.88
M, 613715, 331891, 524660, 833129, 354685, 129175, 525754, 114273, 38.9, 48.6, 0.93
M, 611534, 331572, 520607, 829343, 354699, 128481, 526267, 113811, 38.9, 48.6, 0.95
M, 610592, 331398, 517470, 826819, 354801, 128015, 526691, 113448, 38.9, 48.5, 0.97
M, 610155, 331353, 515183, 825406, 354964, 127611, 527122, 113110, 38.9, 48.5, 0.97
M, 610464, 331412, 513350, 824653, 355231, 127258, 527654, 112926, 38.9, 48.5, 0.98
M, 611144, 331416, 511270, 823953, 355579, 126949, 528064, 112845, 38.9, 48.5, 0.99
M, 611895, 331358, 509908, 823836, 355730, 126697, 528410, 112595, 38.9, 48.5, 1.00
M, 612807, 331324, 509056, 824634, 355939, 126530, 528715, 112559, 38.9, 48.5, 0.99
M, 613706, 331222, 507691, 824993, 356258, 126292, 529073, 112488, 38.9, 48.5, 1.00
M, 614632, 331051, 507078, 825601, 356465, 126287, 529306, 112484, 38.9, 48.5, 0.99
M, 616047, 330952, 506307, 826761, 356812, 126157, 529811, 112396, 38.9, 48.4, 1.00
M, 616939, 330772, 505827, 827384, 356889, 126107, 529971, 112357, 38.9, 48.4, 0.99
M, 618162, 330634, 505800, 828768, 357158, 126122, 530390, 112416, 38.9, 48.4, 1.00
M, 619310, 330439, 505417, 830005, 357470, 125987, 530740, 112416, 38.9, 48.4, 0.99
M, 620127, 330351, 505149, 831023, 357688, 126002, 531099, 112447, 38.9, 48.4, 1.00
M, 622569, 330534, 506567, 833971, 358426, 126189, 531810, 112630, 38.9, 48.4, 1.00
M, 623655, 330469, 506268, 834941, 358759, 126165, 532350, 112708, 38.9, 48.4, 1.00
M, 624151, 330357, 505898, 835710, 359067, 126191, 532693, 112614, 38.9, 48.4, 1.00
M, 624850, 330292, 505843, 836761, 359394, 126163, 533044, 112724, 38.9, 48.4, 1.00
M, 625619, 330165, 505663, 837609, 359614, 126159, 533416, 112660, 38.9, 48.4, 0.99
M, 626152, 330066, 505556, 838525, 359923, 126194, 533792, 112694, 38.9, 48.4, 1.00
M, 627093, 330165, 505745, 839764, 360419, 126283, 534316, 112747, 38.9, 48.3, 1.01
M, 627900, 330068, 505825, 840464, 360727, 126246, 534746, 112733, 38.9, 48.3, 1.01
M, 628348, 330050, 505625, 841251, 361036, 126247, 535146, 112742, 38.9, 48.4, 0.99
M, 628795, 329955, 505664, 842137, 361355, 126259, 535513, 112803, 38.9, 48.4, 1.01
M, 629533, 330072, 505903, 843281, 361778, 126384, 535981, 112861, 38.9, 48.3, 1.00
M, 630144, 330127, 505912, 843893, 362103, 126387, 536365, 112901, 38.9, 48.3, 1.00
M, 630950, 330209, 506175, 844985, 362499, 126391, 536894, 112900, 38.9, 48.3, 1.00
M, 631313, 330229, 506184, 845718, 362799, 126445, 537299, 112963, 38.9, 48.3, 1.00
M, 631619, 330296, 505876, 845951, 363170, 126464, 537677, 112907, 38.9, 48.3, 0.99
M, 631964, 330292, 505854, 846814, 363405, 126439, 537945, 112921, 38.9, 48.3, 1.01
M, 632622, 330375, 506208, 847751, 363761, 126476, 538364, 113031, 38.9, 48.3, 1.00
M, 633263, 330565, 506510, 848653, 364124, 126603, 538863, 113075, 38.9, 48.3, 1.00
M, 633879, 330649, 506743, 849495, 364523, 126671, 539257, 113072, 38.9, 48.3, 1.00
M, 634298, 330738, 506722, 849904, 364793, 126642, 539623, 113034, 38.9, 48.3, 1.00
M, 635660, 330978, 507749, 851862, 365258, 126788, 540194, 113212, 38.9, 48.3, 1.00
M, 636054, 331212, 507624, 852251, 365641, 126872, 540676, 113246, 38.9, 48.3, 1.00
M, 635927, 331184, 507391, 852347, 365832, 126862, 540784, 113217, 38.9, 48.3, 1.00
M, 636178, 331341, 507387, 852838, 366059, 126849, 541148, 113249, 38.9, 48.3, 1.00
M, 636389, 331356, 507175, 852948, 366322, 126824, 541421, 113227, 38.9, 48.3, 1.00
M, 636598, 331505, 507201, 853531, 366609, 126857, 541663, 113198, 38.9, 48.3, 1.00
M, 637211, 331612, 507515, 854465, 366930, 126962, 542084, 113278, 38.9, 48.3, 1.00
M, 637609, 331796, 507657, 854943, 367190, 127000, 542412, 113266, 38.9, 48.3, 1.01
M, 638165, 332036, 507783, 855388, 367538, 126977, 542753, 113301, 38.9, 48.3, 1.00
M, 638310, 332073, 507696, 855715, 367740, 127014, 542909, 113303, 38.9, 48.3, 1.00
M, 638164, 332098, 507476, 855881, 367900, 127010, 543203, 113313, 38.9, 48.3, 1.00
M, 638908, 332290, 507862, 856918, 368254, 127053, 543564, 113396, 38.9, 48.3, 1.00
M, 639157, 332416, 507993, 857428, 368412, 127148, 543889, 113396, 38.9, 48.3, 1.00
M, 639830, 332537, 508378, 858058, 368789, 127201, 544242, 113458, 38.9, 48.2, 1.00
M, 640091, 332777, 508393, 858322, 368933, 127222, 544455, 113441, 38.9, 48.2, 1.00
M, 640324, 332923, 508373, 858915, 369298, 127207, 544840, 113399, 38.9, 48.2, 1.00
M, 640559, 332996, 508466, 859233, 369323, 127232, 544924, 113465, 38.9, 48.2, 1.00
M, 641180, 333172, 508784, 859938, 369624, 127336, 545292, 113553, 38.9, 48.2, 1.00
M, 641525, 333311, 508920, 860535, 369896, 127325, 545568, 113558, 38.9, 48.2, 1.00
M, 641944, 333523, 509287, 861065, 370122, 127404, 545849, 113584, 38.9, 48.2, 1.00
M, 643452, 333737, 510375, 862863, 370552, 127521, 546351, 113677, 38.9, 48.2, 1.00
M, 643067, 333927, 509997, 862626, 370714, 127549, 546474, 113643, 38.9, 48.2, 1.00
M, 643185, 334049, 509876, 862682, 370854, 127508, 546631, 113659, 38.9, 48.2, 1.00
M, 642912, 334110, 509601, 862703, 370928, 127528, 546684, 113599, 38.9, 48.2, 1.00
M, 643473, 334187, 509896, 863387, 371171, 127605, 547007, 113663, 38.9, 48.2, 1.00
M, 643914, 334443, 510059, 863784, 371351, 127580, 547254, 113694, 38.9, 48.2, 1.00
M, 643965, 334450, 510001, 863944, 371464, 127568, 547403, 113656, 38.9, 48.1, 1.00
M, 644048, 334605, 510056, 864291, 371655, 127600, 547546, 113716, 38.9, 48.1, 0.99
M, 644554, 334782, 510346, 864931, 371832, 127643, 547838, 113757, 38.9, 48.2, 1.00
M, 644908, 334898, 510485, 865397, 372050, 127683, 548002, 113737, 38.9, 48.2, 1.00
M, 645147, 334992, 510821, 866009, 372271, 127815, 548282, 113850, 38.9, 48.1, 1.00
M, 645674, 335212, 510992, 866308, 372467, 127769, 548509, 113751, 38.9, 48.1, 1.00
M, 645725, 335311, 511007, 866374, 372616, 127802, 548599, 113787, 38.9, 48.2, 1.01
M, 646063, 335481, 511181, 867097, 372781, 127810, 548831, 113837, 38.9, 48.2, 1.00
M, 646038, 335637, 510933, 867007, 372930, 127898, 548979, 113848, 38.9, 48.1, 1.00
M, 646102, 335643, 510961, 867257, 372950, 127864, 549065, 113825, 38.9, 48.1, 1.00
M, 646404, 335798, 511026, 867540, 373147, 127829, 549220, 113822, 38.9, 48.2, 1.00
M, 646510, 335895, 511120, 867777, 373200, 127865, 549395, 113785, 38.9, 48.2, 1.00
M, 646920, 335978, 511449, 868225, 373417, 127924, 549577, 113902, 38.9, 48.2, 1.00
M, 647153, 336028, 511500, 868681, 373499, 127970, 549772, 113886, 38.9, 48.1, 1.00
M, 648479, 336359, 512783, 870393, 373873, 128134, 550205, 114099, 38.9, 48.1, 1.00
M, 648514, 336565, 512720, 870480, 374059, 128106, 550360, 113991, 38.9, 48.2, 1.00
M, 648804, 336696, 512868, 870735, 374146, 128110, 550381, 114021, 38.9, 48.2, 1.00
M, 648816, 336753, 512765, 870814, 374283, 128139, 550478, 113985, 38.9, 48.1, 1.00
M, 648632, 336819, 512616, 870815, 374316, 128178, 550625, 114016, 38.9, 48.1, 0.99
M, 649109, 336980, 512890, 871254, 374456, 128261, 550812, 114043, 38.9, 48.1, 1.00
M, 649240, 337085, 512856, 871278, 374568, 128172, 550933, 114058, 38.9, 48.1, 1.00
M, 649188, 337082, 512728, 871332, 374667, 128199, 550978, 114015, 38.9, 48.1, 1.00
M, 649165, 337173, 512729, 871448, 374643, 128223, 551102, 113986, 38.9, 48.1, 1.00
M, 649553, 337280, 512981, 871964, 374814, 128301, 551195, 114044, 38.9, 48.1, 1.00
M, 649474, 337396, 512969, 872024, 374887, 128276, 551296, 114010, 38.9, 48.1, 1.00
M, 649932, 337472, 513345, 872600, 375090, 128354, 551460, 114111, 38.9, 48.1, 1.00
M, 650139, 337558, 513368, 872805, 375232, 128348, 551543, 114091, 38.9, 48.1, 1.00
M, 650169, 337620, 513351, 872722, 375187, 128300, 551728, 114050, 38.9, 48.1, 1.01
M, 650313, 337719, 513491, 873165, 375328, 128371, 551808, 114095, 38.9, 48.1, 1.00
M, 650304, 337848, 513278, 872972, 375356, 128350, 551836, 114064, 38.9, 48.1, 1.00
M, 650349, 337797, 513309, 873238, 375357, 128350, 551846, 114067, 38.9, 48.1, 1.00
M, 650471, 337938, 513286, 873360, 375498, 128354, 552077, 114033, 38.9, 48.1, 1.01
M, 650528, 337875, 513346, 873309, 375533, 128389, 551998, 114056, 38.9, 48.1, 1.01
M, 650855, 337967, 513683, 873974, 375616, 128430, 552251, 114131, 38.9, 48.1, 1.00
M, 652324, 338297, 515107, 875865, 375951, 128614, 552610, 114307, 38.9, 48.0, 1.00
M, 652012, 338363, 514599, 875381, 376055, 128572, 552607, 114294, 38.9, 48.0, 1.00
M, 651915, 338368, 514473, 875254, 376052, 128551, 552618, 114220, 38.9, 48.0, 1.00
M, 651728, 338382, 514277, 874981, 376000, 128521, 552641, 114182, 38.9, 48.0, 1.00
M, 651273, 338283, 513829, 874587, 375978, 128475, 552591, 114096, 38.9, 48.1, 1.00
M, 651173, 338321, 513596, 874292, 375957, 128437, 552580, 114074, 38.9, 48.1, 1.00
M, 651574, 338432, 513951, 875081, 376100, 128499, 552715, 114077, 38.9, 48.1, 1.00
M, 651770, 338485, 514095, 875262, 376147, 128491, 552835, 114105, 38.9, 48.1, 1.00
M, 652312, 338669, 514579, 875914, 376394, 128597, 553018, 114225, 38.9, 48.0, 1.00
M, 652765, 338705, 514910, 876318, 376461, 128623, 553156, 114202, 38.9, 48.0, 1.00
M, 652765, 338796, 514909, 876435, 376490, 128592, 553222, 114143, 38.9, 48.0, 1.00
M, 652509, 338711, 514622, 876290, 376461, 128627, 553166, 114176, 38.9, 48.0, 0.99
M, 652972, 338862, 515027, 876772, 376632, 128645, 553338, 114270, 38.9, 48.0, 1.00
M, 653241, 338965, 515145, 876943, 376729, 128716, 553414, 114184, 38.9, 48.0, 1.00
M, 653282, 338975, 515052, 876905, 376742, 128660, 553477, 114185, 38.9, 48.0, 1.00
M, 653532, 339039, 515404, 877350, 376838, 128641, 553585, 114234, 38.9, 48.0, 1.01
M, 653273, 338998, 514976, 877068, 376854, 128680, 553601, 114203, 38.9, 48.0, 1.00
M, 653331, 339106, 515112, 877324, 376859, 128756, 553654, 114196, 38.9, 48.0, 1.00
M, 653448, 339186, 515112, 877317, 376965, 128701, 553727, 114200, 38.9, 48.0, 1.00
M, 653580, 339107, 515135, 877342, 376943, 128694, 553691, 114174, 38.9, 48.0, 1.00
M, 654831, 339401, 516604, 879322, 377207, 128906, 554063, 114396, 38.9, 48.0, 1.00
M, 654629, 339487, 516300, 878961, 377297, 128862, 554084, 114318, 38.9, 48.0, 0.99
M, 654382, 339472, 515866, 878577, 377220, 128820, 554055, 114259, 38.9, 48.0, 0.99
M, 654403, 339530, 516070, 878813, 377227, 128868, 554096, 114281, 38.9, 48.0, 1.00
M, 654310, 339430, 515657, 878369, 377249, 128799, 554035, 114238, 38.9, 48.0, 1.00
M, 654380, 339510, 515745, 878350, 377195, 128781, 554083, 114271, 38.9, 48.0, 1.00
M, 654541, 339506, 515968, 878856, 377336, 128877, 554175, 114281, 38.9, 48.0, 1.00
M, 654978, 339607, 516394, 879389, 377428, 128939, 554286, 114318, 38.9, 48.0, 1.00
M, 655141, 339690, 516434, 879541, 377440, 128919, 554373, 114293, 38.9, 48.0, 1.01
M, 655579, 339790, 516867, 880141, 377605, 129022, 554512, 114473, 38.9, 48.0, 1.00
M, 655741, 339906, 517066, 880244, 377613, 128994, 554603, 114348, 38.9, 48.0, 1.00
M, 655740, 339959, 517179, 880360, 377723, 129019, 554619, 114378, 38.9, 47.9, 1.00
M, 656080, 340028, 517258, 880791, 377795, 129044, 554690, 114453, 38.9, 47.9, 1.00
M, 656140, 340003, 517446, 881107, 377820, 129104, 554742, 114505, 38.9, 47.9, 1.01
M, 656455, 340225, 517703, 881348, 377908, 129148, 554909, 114502, 38.9, 47.9, 0.99
M, 656723, 340219, 517819, 881259, 377955, 129131, 554952, 114470, 38.9, 47.9, 1.00
M, 656619, 340221, 517886, 881496, 377998, 129168, 554926, 114437, 38.9, 47.9, 1.00
M, 656367, 340282, 517531, 881224, 378046, 129160, 554991, 114445, 38.9, 47.9, 1.00
M, 656486, 340228, 517561, 881279, 377874, 129173, 554885, 114421, 38.9, 47.9, 0.99
M, 656548, 340367, 517660, 881398, 378063, 129124, 555042, 114467, 38.9, 47.9, 0.99
M, 657473, 340442, 518488, 882477, 378170, 129265, 555157, 114541, 38.9, 47.9, 1.00
M, 657376, 340521, 518431, 882356, 378181, 129274, 555161, 114543, 38.9, 47.9, 0.99
M, 656989, 340508, 518075, 881833, 378069, 129168, 555074, 114421, 38.9, 47.9, 1.00
M, 656935, 340408, 518053, 882037, 378054, 129210, 555033, 114460, 38.9, 47.9, 1.00
M, 657374, 340528, 518441, 882541, 378191, 129278, 555175, 114518, 38.9, 47.9, 1.00
M, 657240, 340628, 518302, 882211, 378199, 129263, 555195, 114479, 38.9, 47.9, 1.00
M, 657373, 340598, 518338, 882267, 378200, 129258, 555239, 114453, 38.9, 47.9, 1.00
M, 657237, 340576, 518347, 882410, 378189, 129271, 555198, 114431, 38.9, 47.9, 1.00
M, 657487, 340578, 518574, 882755, 378263, 129275, 555252, 114505, 38.9, 47.8, 1.01
M, 657709, 340715, 518675, 882860, 378249, 129334, 555314, 114541, 38.9, 47.8, 1.00
M, 658052, 340807, 519081, 883399, 378373, 129384, 555461, 114581, 38.9, 47.8, 1.00
M, 658395, 340920, 519179, 883407, 378406, 129386, 555511, 114570, 38.9, 47.8, 1.01
M, 658255, 340818, 519175, 883366, 378428, 129339, 555485, 114537, 38.9, 47.8, 1.01
M, 658176, 340864, 519256, 883568, 378354, 129335, 555494, 114531, 38.9, 47.8, 0.99
M, 658556, 340931, 519606, 884024, 378504, 129476, 555619, 114623, 38.9, 47.8, 1.01
M, 658651, 340988, 519559, 883895, 378463, 129513, 555547, 114579, 38.9, 47.8, 1.00
M, 659030, 341084, 519885, 884267, 378602, 129459, 555710, 114608, 38.9, 47.8, 0.99
M, 658857, 341045, 519845, 884307, 378552, 129513, 555713, 114603, 38.9, 47.8, 1.01
M, 658756, 341109, 519709, 883990, 378616, 129514, 555638, 114618, 38.9, 47.8, 0.99
M, 658762, 341022, 519775, 884291, 378547, 129476, 555605, 114638, 38.9, 47.8, 1.01
M, 660255, 341324, 521325, 886128, 378881, 129705, 556011, 114874, 38.9, 47.8, 1.00
M, 660296, 341514, 521299, 886087, 378871, 129709, 556013, 114720, 38.9, 47.8, 1.00
M, 660329, 341375, 521357, 886123, 378914, 129698, 555979, 114731, 38.9, 47.8, 1.00
M, 660158, 341397, 521157, 885779, 378843, 129640, 555918, 114651, 38.9, 47.8, 0.99
M, 659951, 341484, 521086, 885742, 378807, 129681, 555884, 114716, 38.9, 47.8, 1.00
M, 660109, 341512, 521287, 886030, 378803, 129767, 555936, 114747, 38.9, 47.7, 1.00
M, 660126, 341510, 521281, 885936, 378815, 129708, 555971, 114770, 38.9, 47.7, 1.01
M, 660523, 341628, 521622, 886411, 378904, 129753, 555981, 114748, 38.9, 47.7, 0.99
M, 660602, 341650, 521662, 886262, 378834, 129724, 555949, 114779, 38.9, 47.7, 1.01
M, 660467, 341592, 521672, 886166, 378854, 129768, 556033, 114762, 38.9, 47.7, 0.99
M, 660319, 341610, 521601, 886207, 378821, 129754, 555957, 114695, 38.9, 47.7, 1.00
M, 660293, 341550, 521556, 886156, 378819, 129749, 555936, 114799, 38.9, 47.7, 1.01
M, 660404, 341598, 521592, 886198, 378766, 129795, 555880, 114748, 38.9, 47.7, 0.99
M, 660534, 341686, 521697, 886300, 378810, 129779, 555988, 114723, 38.9, 47.7, 1.00
M, 660364, 341635, 521714, 886218, 378828, 129823, 555890, 114713, 38.9, 47.7, 1.00
M, 660503, 341726, 521984, 886609, 378815, 129793, 555944, 114834, 38.9, 47.7, 1.00
M, 660585, 341699, 521976, 886516, 378846, 129816, 555974, 114759, 38.9, 47.7, 0.99
M, 660749, 341746, 522181, 886651, 378850, 129825, 556066, 114722, 38.9, 47.7, 1.01
M, 660853, 341699, 522100, 886537, 378789, 129826, 555955, 114705, 38.9, 47.7, 0.99
M, 660550, 341735, 522074, 886501, 378825, 129831, 555996, 114720, 38.9, 47.7, 1.01
M, 661550, 341778, 523000, 887747, 378951, 129988, 556069, 114844, 38.9, 47.7, 1.00
M, 661364, 341842, 522830, 887470, 379000, 129873, 556077, 114832, 38.9, 47.7, 1.00
M, 660978, 341835, 522519, 887011, 378857, 129901, 555979, 114789, 38.9, 47.7, 1.00
M, 660831, 341698, 522278, 886509, 378832, 129831, 555914, 114701, 38.9, 47.7, 0.99
M, 660431, 341677, 521890, 886054, 378667, 129790, 555782, 114695, 38.9, 47.7, 1.00
M, 660183, 341593, 521715, 885924, 378575, 129747, 555677, 114627, 38.9, 47.7, 0.99
M, 660514, 341581, 522138, 886231, 378586, 129833, 555778, 114720, 38.9, 47.6, 0.99
M, 660698, 341642, 522363, 886670, 378605, 129857, 555813, 114793, 38.9, 47.6, 1.00
M, 661070, 341726, 522738, 887061, 378775, 129900, 555952, 114762, 38.9, 47.6, 1.00
M, 661333, 341794, 522897, 887086, 378868, 129904, 555969, 114761, 38.9, 47.6, 1.00
M, 661155, 341674, 522935, 886976, 378732, 129880, 555978, 114758, 38.9, 47.6, 0.99
M, 661182, 341730, 522950, 887292, 378663, 129914, 555877, 114720, 38.9, 47.6, 1.01
M, 661481, 341830, 523294, 887618, 378846, 129993, 556052, 114812, 38.9, 47.6, 0.99
M, 661660, 341838, 523376, 887553, 378806, 129966, 556007, 114869, 38.9, 47.6, 1.00
M, 662018, 341889, 523823, 888269, 378930, 130041, 556118, 114971, 38.9, 47.6, 1.00
M, 662242, 341960, 523936, 888204, 378937, 130050, 556151, 114919, 38.9, 47.6, 0.99
M, 662126, 341919, 523830, 888082, 378835, 130012, 556066, 114817, 38.9, 47.6, 1.00
M, 662338, 342000, 524173, 888559, 378950, 130103, 556098, 114925, 38.9, 47.6, 1.00
M, 662122, 341975, 523985, 888125, 378875, 130066, 556122, 114877, 38.9, 47.6, 1.01
M, 662010, 341990, 523994, 888229, 378781, 130033, 556049, 114899, 38.9, 47.6, 1.01
M, 663693, 342316, 525650, 890167, 379200, 130300, 556487, 115117, 39.0, 47.6, 1.00
M, 663253, 342284, 525297, 889563, 379166, 130230, 556322, 114949, 39.0, 47.6, 1.00
M, 662949, 342245, 524879, 888948, 378995, 130224, 556187, 114924, 39.0, 47.6, 1.00
M, 662464, 342138, 524529, 888502, 378830, 130102, 555994, 114826, 39.0, 47.6, 1.00
M, 662398, 342025, 524518, 888675, 378781, 130047, 555917, 114880, 39.0, 47.6, 1.00
M, 662514, 342094, 524781, 888860, 378865, 130150, 556079, 114942, 39.0, 47.6, 1.01
M, 662825, 342164, 525030, 889058, 378911, 130173, 556024, 114919, 39.0, 47.6, 1.01
M, 662774, 342130, 525075, 889073, 378869, 130133, 556022, 114945, 39.0, 47.5, 0.99
M, 662729, 342172, 524992, 888889, 378841, 130244, 556014, 114959, 39.0, 47.5, 1.00
M, 663025, 342191, 525279, 889308, 378873, 130211, 556049, 114924, 39.0, 47.5, 0.99
M, 662662, 342099, 525001, 888747, 378750, 130113, 556003, 114872, 39.0, 47.5, 1.00
M, 662646, 342109, 524989, 888692, 378722, 130178, 555936, 114913, 39.0, 47.5, 1.00
M, 662619, 342083, 525061, 888799, 378692, 130181, 555922, 114843, 39.0, 47.5, 1.01
M, 662932, 342111, 525339, 889074, 378777, 130247, 555967, 114933, 39.0, 47.5, 1.01
M, 662920, 342116, 525476, 889212, 378725, 130237, 555953, 114974, 39.0, 47.5, 0.99
M, 663327, 342193, 525762, 889657, 378842, 130279, 556013, 115002, 39.0, 47.5, 1.00
M, 663436, 342250, 525919, 889488, 378803, 130290, 556029, 114974, 39.0, 47.5, 1.01
M, 663284, 342287, 525949, 889472, 378852, 130284, 555946, 114945, 39.0, 47.5, 1.00
M, 663348, 342226, 526094, 889753, 378837, 130337, 555977, 114969, 39.0, 47.5, 1.01
M, 663357, 342247, 525927, 889273, 378805, 130263, 555940, 114932, 39.0, 47.5, 0.99
M, 664175, 342392, 526967, 890631, 378855, 130440, 556146, 115100, 39.0, 47.5, 1.00
M, 663289, 342329, 526126, 889516, 378757, 130298, 555937, 114853, 39.0, 47.5, 1.00
M, 663314, 342200, 526017, 889488, 378659, 130277, 555892, 114983, 39.0, 47.5, 0.99
M, 663459, 342217, 526308, 889842, 378666, 130304, 555881, 114962, 39.0, 47.5, 1.00
M, 663439, 342179, 526349, 889737, 378619, 130300, 555842, 114944, 39.0, 47.5, 1.00
M, 663441, 342226, 526463, 889824, 378651, 130330, 555896, 114979, 39.0, 47.5, 1.01
M, 663934, 342249, 526851, 890244, 378723, 130416, 555941, 115046, 39.0, 47.5, 1.00
M, 664081, 342361, 527132, 890384, 378780, 130410, 555923, 115017, 39.0, 47.5, 1.00
M, 664005, 342336, 527078, 890316, 378781, 130371, 555907, 114981, 39.0, 47.4, 1.00
M, 663982, 342237, 526992, 890164, 378682, 130416, 555897, 115044, 39.0, 47.4, 1.00
M, 664233, 342389, 527366, 890554, 378722, 130464, 555950, 115134, 39.0, 47.4, 0.99
M, 663926, 342338, 527079, 890025, 378643, 130387, 555774, 114983, 39.0, 47.4, 1.00
M, 663867, 342268, 527007, 889932, 378600, 130433, 555814, 114976, 39.0, 47.4, 1.00
M, 663735, 342168, 527177, 890127, 378499, 130405, 555779, 114995, 39.0, 47.4, 0.99
M, 663908, 342205, 527329, 890306, 378555, 130413, 555747, 114973, 39.0, 47.4, 1.00
M, 663909, 342210, 527410, 890270, 378533, 130434, 555770, 115055, 39.0, 47.4, 1.01
M, 664298, 342303, 527666, 890724, 378617, 130503, 555845, 115118, 39.0, 47.4, 1.01
M, 664497, 342371, 527935, 890652, 378640, 130508, 555803, 115031, 39.0, 47.4, 1.01
M, 664331, 342270, 527798, 890549, 378544, 130482, 555758, 115068, 39.0, 47.4, 1.00
M, 664454, 342268, 528023, 890801, 378609, 130549, 555733, 115022, 39.0, 47.4, 1.01
