State, OV, Alc, H2, AC1, NH3, AC2, VOC, LP, Temp, Hud, AirFlow
A, 641463, 323714, 632271, 869133, 328375, 154718, 477155, 125697, 39.0, 43.8, 0.00
A, 630166, 320999, 619150, 854799, 325277, 152502, 473613, 123828, 39.0, 43.8, 0.60
A, 620976, 318350, 608441, 842865, 322786, 150650, 470873, 122223, 38.9, 43.7, 0.70
A, 612148, 315695, 597903, 831312, 320491, 148752, 468763, 120752, 38.9, 43.7, 0.83
A, 605466, 313646, 589972, 822562, 319071, 147239, 467595, 119673, 38.8, 43.6, 0.90
A, 600473, 311968, 583798, 816087, 318102, 146054, 466863, 118975, 38.8, 43.6, 0.94
A, 596333, 310508, 578187, 810412, 317367, 145017, 466361, 118327, 38.6, 43.6, 0.95
A, 592964, 309240, 573283, 805472, 316836, 143920, 466218, 117790, 38.6, 43.6, 0.97
A, 590564, 308178, 569451, 801985, 316573, 143139, 466094, 117368, 38.6, 43.5, 0.98
A, 588855, 307334, 566425, 799669, 316301, 142385, 466254, 117181, 38.6, 43.5, 0.98
A, 587957, 306722, 564117, 798007, 316335, 141825, 466495, 117023, 38.5, 43.5, 1.00
A, 587306, 306011, 561956, 796580, 316434, 141372, 466876, 116876, 38.5, 43.5, 0.98
A, 587328, 305606, 560570, 796247, 316733, 141032, 467364, 116837, 38.5, 43.5, 0.99
A, 587606, 305220, 559033, 795711, 316963, 140559, 467997, 116710, 38.5, 43.5, 1.00
A, 587736, 304935, 557656, 795459, 317239, 140184, 468425, 116638, 38.4, 43.5, 1.00
A, 588402, 304719, 557033, 796048, 317595, 140038, 469032, 116734, 38.4, 43.5, 0.99
A, 588994, 304518, 555889, 796256, 317950, 139712, 469801, 116762, 38.4, 43.5, 0.98
A, 589740, 304470, 555344, 796841, 318209, 139578, 470218, 116720, 38.4, 43.5, 1.01
A, 590881, 304462, 554579, 797721, 318884, 139305, 471140, 116805, 38.3, 43.5, 1.00
A, 591461, 304381, 553997, 798169, 319116, 139100, 471640, 116767, 38.3, 43.5, 0.99
A, 594190, 304598, 555569, 801169, 319927, 139312, 472685, 117098, 38.3, 43.5, 1.01
A, 595519, 304951, 555381, 802234, 320594, 139240, 473495, 117125, 38.3, 43.5, 1.00
A, 596430, 305071, 555047, 803212, 321019, 139128, 474132, 117215, 38.3, 43.5, 1.00
A, 597813, 305309, 554872, 804615, 321626, 139104, 474861, 117272, 38.3, 43.5, 1.00
A, 599339, 305623, 554978, 805972, 322172, 139022, 475754, 117273, 38.3, 43.5, 1.00
A, 600394, 305835, 554667, 807024, 322658, 138937, 476364, 117339, 38.2, 43.5, 1.00
A, 601659, 306078, 554621, 808441, 323173, 138982, 477209, 117411, 38.2, 43.5, 1.00
A, 602897, 306445, 554575, 809707, 323682, 138926, 477893, 117529, 38.2, 43.5, 0.99
A, 604295, 306743, 554447, 810922, 324202, 138825, 478661, 117427, 38.2, 43.5, 1.00
A, 605446, 307125, 554261, 812084, 324780, 138813, 479319, 117531, 38.2, 43.5, 0.99
A, 606474, 307443, 553909, 812790, 325187, 138695, 479904, 117531, 38.2, 43.5, 1.00
A, 607594, 307785, 554183, 814333, 325633, 138683, 480592, 117507, 38.1, 43.5, 1.00
A, 608716, 308108, 554214, 815715, 326185, 138794, 481289, 117623, 38.1, 43.5, 1.00
A, 609926, 308565, 554338, 817142, 326729, 138755, 482004, 117656, 38.1, 43.5, 0.99
A, 611414, 309105, 554424, 818456, 327275, 138782, 482722, 117679, 38.1, 43.5, 1.00
A, 612354, 309465, 554314, 819599, 327645, 138724, 483355, 117742, 38.1, 43.6, 1.00
A, 613519, 309820, 554576, 821160, 328163, 138797, 483979, 117845, 38.1, 43.6, 1.00
A, 614614, 310378, 554301, 822046, 328702, 138753, 484668, 117776, 38.1, 43.6, 1.00
A, 615419, 310688, 554417, 823207, 329056, 138705, 485109, 117854, 38.1, 43.6, 1.00
A, 616634, 311272, 554439, 824563, 329630, 138770, 485937, 117864, 38.1, 43.6, 1.00
A, 618794, 311751, 555822, 826946, 330162, 138909, 486603, 118129, 38.1, 43.6, 1.00
A, 619830, 312231, 556091, 828317, 330725, 138988, 487292, 118128, 38.1, 43.6, 0.99
A, 620560, 312664, 555984, 829217, 331122, 138930, 487761, 118097, 38.0, 43.6, 1.00
A, 621347, 313017, 555864, 830072, 331459, 138983, 488222, 118205, 38.0, 43.6, 1.00
A, 622532, 313519, 556185, 831436, 331891, 139002, 488827, 118264, 38.0, 43.6, 1.00
A, 623452, 313981, 556228, 832411, 332346, 138961, 489425, 118256, 38.0, 43.6, 1.00
A, 624096, 314448, 556150, 833200, 332702, 138996, 489927, 118218, 38.0, 43.6, 1.00
A, 624700, 314748, 555966, 833983, 333011, 138974, 490393, 118245, 38.0, 43.6, 1.00
A, 625739, 315220, 556338, 835206, 333452, 138975, 490874, 118324, 38.0, 43.6, 1.00
A, 626324, 315524, 556219, 836029, 333745, 139068, 491266, 118278, 38.0, 43.6, 1.00
A, 627329, 316022, 556548, 837370, 334194, 139070, 491880, 118359, 38.0, 43.6, 1.00
A, 628292, 316601, 556800, 838322, 334560, 139028, 492431, 118337, 38.0, 43.6, 1.00
A, 628519, 316888, 556455, 838937, 334874, 139004, 492766, 118280, 37.9, 43.7, 1.00
A, 629189, 317375, 556401, 839737, 335198, 139051, 493286, 118355, 37.9, 43.7, 1.00
A, 630150, 317796, 556679, 840801, 335521, 139041, 493827, 118387, 37.9, 43.7, 0.99
A, 630940, 318209, 556697, 841696, 335913, 139008, 494253, 118325, 37.9, 43.7, 1.00
A, 631612, 318671, 556689, 842484, 336253, 139080, 494663, 118373, 37.9, 43.7, 0.99
A, 632512, 319080, 557110, 843671, 336615, 139083, 495144, 118466, 37.9, 43.7, 1.01
A, 633198, 319550, 557145, 844680, 337023, 139101, 495693, 118471, 37.9, 43.7, 1.01
A, 633672, 319859, 557258, 845399, 337241, 139179, 495979, 118519, 37.9, 43.7, 1.00
A, 636637, 320799, 559633, 848908, 338085, 139402, 497031, 118809, 37.9, 43.7, 1.00
A, 637042, 321179, 559607, 849449, 338385, 139422, 497361, 118749, 37.9, 43.7, 1.00
A, 637590, 321515, 559685, 850376, 338632, 139563, 497706, 118810, 37.9, 43.7, 1.00
A, 637924, 321993, 559534, 850927, 338892, 139473, 498015, 118732, 37.9, 43.7, 1.00
A, 638369, 322340, 559529, 851309, 339154, 139524, 498377, 118860, 37.9, 43.7, 0.99
A, 638750, 322696, 559418, 852004, 339350, 139475, 498693, 118782, 37.9, 43.8, 1.00
A, 639188, 323041, 559394, 852506, 339623, 139503, 499078, 118787, 37.9, 43.8, 0.99
A, 639578, 323406, 559265, 853009, 339865, 139492, 499389, 118782, 37.9, 43.8, 1.00
A, 640207, 323768, 559606, 854060, 340133, 139525, 499788, 118790, 37.9, 43.8, 1.01
A, 640129, 324099, 559283, 854427, 340325, 139502, 500075, 118776, 37.8, 43.8, 1.00
A, 640825, 324417, 559528, 855199, 340595, 139512, 500361, 118888, 37.8, 43.8, 1.00
A, 641732, 324778, 559812, 856026, 340923, 139568, 500770, 118946, 37.9, 43.9, 1.00
A, 642322, 325209, 559988, 856953, 341232, 139636, 501214, 118878, 37.9, 43.9, 1.01
A, 642653, 325553, 560102, 857550, 341451, 139627, 501521, 118882, 37.8, 43.9, 1.00
A, 643277, 325914, 560288, 858306, 341758, 139636, 501832, 118841, 37.8, 43.9, 1.00
A, 643552, 326241, 560307, 859026, 341914, 139663, 502134, 118935, 37.8, 43.9, 1.00
A, 644216, 326595, 560487, 859803, 342154, 139656, 502493, 118968, 37.8, 43.9, 1.00
A, 644862, 327031, 560598, 860335, 342476, 139670, 502864, 118919, 37.8, 43.9, 1.00
A, 645033, 327244, 560682, 860924, 342568, 139671, 503037, 118934, 37.8, 43.9, 1.00
A, 645244, 327697, 560553, 861432, 342857, 139651, 503383, 118986, 37.8, 43.9, 1.00
A, 646440, 327917, 561672, 863123, 343075, 139813, 503735, 119139, 37.8, 43.9, 1.00
A, 647230, 328375, 562060, 863948, 343433, 139895, 504077, 119163, 37.8, 43.9, 1.00
A, 647528, 328710, 562176, 864634, 343602, 139898, 504388, 119155, 37.8, 43.9, 1.00
A, 647670, 328998, 561895, 864719, 343830, 139860, 504616, 119159, 37.8, 43.9, 0.99
A, 647770, 329258, 561745, 864949, 343964, 139882, 504850, 119048, 37.8, 43.9, 1.00
A, 647894, 329484, 561725, 865458, 344125, 139861, 504985, 119072, 37.8, 43.9, 1.00
A, 648323, 329770, 561983, 866086, 344291, 139885, 505314, 119102, 37.8, 44.0, 1.00
A, 648455, 329999, 561889, 866448, 344403, 139897, 505587, 119102, 37.8, 44.0, 1.00
A, 649230, 330268, 562315, 867296, 344681, 139953, 505852, 119215, 37.8, 44.0, 1.00
A, 649549, 330595, 562401, 867901, 344881, 139906, 506157, 119116, 37.8, 44.0, 1.00
A, 649749, 330800, 562388, 868345, 345123, 139931, 506415, 119109, 37.8, 44.0, 1.01
A, 650041, 331120, 562369, 868518, 345186, 139929, 506533, 119076, 37.8, 44.0, 1.00
A, 650385, 331377, 562594, 869211, 345456, 140042, 506863, 119113, 37.8, 44.0, 1.00
A, 650514, 331574, 562460, 869476, 345569, 139931, 507069, 119102, 37.8, 44.0, 1.00
A, 650810, 331891, 562335, 869675, 345686, 139946, 507235, 119018, 37.8, 44.0, 0.99
A, 650858, 332034, 562408, 870357, 345836, 139940, 507484, 119099, 37.8, 44.0, 1.00
A, 651301, 332256, 562732, 871080, 346074, 139959, 507728, 119118, 37.8, 44.0, 1.00
A, 651503, 332481, 562634, 871358, 346128, 140011, 507896, 119170, 37.8, 44.0, 0.99
A, 652066, 332792, 562909, 871934, 346440, 140003, 508203, 119179, 37.8, 44.1, 1.00
A, 652293, 333020, 562845, 872392, 346492, 140033, 508317, 119112, 37.8, 44.1, 1.00
A, 654221, 333566, 564680, 874821, 347066, 140320, 509054, 119440, 37.7, 44.1, 1.00
A, 654273, 333789, 564586, 874986, 347203, 140233, 509192, 119277, 37.7, 44.1, 1.00
A, 654326, 334015, 564644, 875521, 347249, 140263, 509299, 119333, 37.7, 44.1, 0.99
A, 654557, 334146, 564642, 875903, 347426, 140296, 509555, 119420, 37.7, 44.1, 0.99
A, 654776, 334494, 564611, 875947, 347532, 140229, 509761, 119316, 37.7, 44.1, 1.00
A, 654796, 334610, 564372, 876042, 347700, 140224, 509813, 119279, 37.7, 44.1, 1.00
A, 654686, 334715, 564284, 876398, 347721, 140197, 509930, 119280, 37.7, 44.1, 1.00
A, 654910, 334980, 564381, 876942, 347822, 140119, 510063, 119285, 37.7, 44.1, 1.01
A, 655178, 335189, 564438, 877198, 347996, 140223, 510306, 119288, 37.7, 44.1, 1.00
A, 655558, 335418, 564676, 877765, 348108, 140319, 510552, 119339, 37.7, 44.1, 1.00
A, 655655, 335575, 564765, 878012, 348239, 140297, 510719, 119314, 37.7, 44.1, 1.01
A, 655866, 335733, 564624, 878159, 348389, 140292, 510847, 119318, 37.7, 44.1, 1.00
A, 655567, 335796, 564337, 878296, 348422, 140170, 510810, 119201, 37.7, 44.1, 1.00
A, 655910, 336024, 564706, 878967, 348580, 140296, 511087, 119304, 37.7, 44.2, 1.00
A, 656069, 336164, 564725, 879182, 348666, 140296, 511281, 119363, 37.7, 44.2, 1.00
A, 656575, 336425, 565047, 879910, 348874, 140344, 511555, 119387, 37.7, 44.2, 1.00
A, 656834, 336516, 565261, 880201, 349011, 140352, 511702, 119302, 37.7, 44.2, 1.00
A, 656904, 336675, 565246, 880487, 349063, 140378, 511781, 119291, 37.7, 44.2, 1.00
A, 657165, 336794, 565399, 880920, 349218, 140379, 512013, 119298, 37.7, 44.2, 1.00
A, 657147, 337015, 565285, 881059, 349309, 140300, 512136, 119321, 37.7, 44.2, 1.00
A, 658371, 337266, 566507, 882854, 349607, 140547, 512516, 119536, 37.7, 44.2, 1.00
A, 658572, 337704, 566553, 882805, 349872, 140534, 512734, 119410, 37.7, 44.2, 1.00
A, 658410, 337670, 566297, 882990, 349815, 140483, 512716, 119403, 37.7, 44.2, 0.99
A, 658514, 337788, 566486, 883432, 349904, 140503, 512905, 119420, 37.7, 44.2, 1.00
A, 658643, 337956, 566500, 883743, 350026, 140571, 513022, 119440, 37.7, 44.2, 1.00
A, 658791, 338088, 566495, 883680, 350060, 140484, 513095, 119317, 37.7, 44.2, 1.00
A, 659104, 338257, 566788, 884518, 350318, 140581, 513403, 119472, 37.7, 44.2, 1.00
A, 659147, 338550, 566800, 884694, 350410, 140595, 513485, 119479, 37.7, 44.2, 1.00
A, 659383, 338588, 566837, 884818, 350463, 140536, 513683, 119454, 37.7, 44.3, 1.00
A, 659502, 338770, 567024, 885332, 350585, 140635, 513763, 119416, 37.7, 44.3, 1.00
A, 659523, 338778, 567021, 885570, 350601, 140536, 513883, 119428, 37.7, 44.3, 1.00
A, 659318, 338944, 566699, 885183, 350669, 140544, 513954, 119367, 37.7, 44.3, 1.00
A, 659425, 339013, 566732, 885410, 350736, 140510, 514102, 119325, 37.7, 44.3, 1.00
A, 659510, 339100, 566664, 885771, 350801, 140553, 514132, 119423, 37.7, 44.3, 1.00
A, 659772, 339291, 567059, 886493, 350927, 140610, 514356, 119406, 37.7, 44.3, 1.00
A, 659922, 339412, 567124, 886466, 351023, 140548, 514397, 119414, 37.7, 44.3, 1.00
A, 660363, 339599, 567483, 887238, 351205, 140674, 514676, 119483, 37.7, 44.3, 1.00
A, 660496, 339725, 567477, 887384, 351288, 140670, 514759, 119464, 37.7, 44.3, 0.99
A, 660507, 339844, 567463, 887468, 351327, 140624, 514920, 119416, 37.7, 44.3, 1.00
A, 660709, 339874, 567784, 888100, 351458, 140678, 515051, 119435, 37.7, 44.3, 1.00
A, 662376, 340357, 569435, 890317, 351868, 140943, 515545, 119672, 37.7, 44.3, 1.00
A, 662421, 340518, 569482, 890319, 351948, 140917, 515678, 119705, 37.7, 44.3, 1.00
A, 662165, 340677, 569134, 890102, 352062, 140840, 515751, 119559, 37.7, 44.3, 1.00
A, 662060, 340712, 568902, 890060, 352036, 140874, 515725, 119484, 37.7, 44.3, 1.00
A, 662259, 340745, 569045, 890459, 352059, 140854, 515839, 119568, 37.7, 44.3, 1.00
A, 662274, 340893, 569064, 890619, 352120, 140944, 515942, 119532, 37.7, 44.3, 1.01
A, 662170, 340987, 569013, 890699, 352212, 140913, 516038, 119567, 37.7, 44.3, 1.00
A, 662411, 341129, 569294, 891165, 352309, 140960, 516161, 119623, 37.6, 44.4, 1.00
A, 662624, 341284, 569530, 891360, 352442, 140888, 516303, 119443, 37.6, 44.4, 1.00
A, 662283, 341221, 569048, 890985, 352370, 140810, 516227, 119444, 37.6, 44.4, 1.00
A, 661828, 341275, 568617, 890797, 352335, 140817, 516244, 119387, 37.6, 44.4, 1.00
A, 662002, 341318, 568811, 891258, 352458, 140843, 516359, 119422, 37.6, 44.4, 1.00
A, 662302, 341414, 569033, 891461, 352573, 140907, 516478, 119520, 37.6, 44.4, 1.00
A, 662785, 341530, 569597, 892283, 352709, 140915, 516759, 119528, 37.6, 44.4, 1.00
A, 662925, 341754, 569692, 892554, 352795, 140954, 516842, 119543, 37.6, 44.4, 1.00
A, 663045, 341855, 569678, 892763, 352871, 140968, 517032, 119497, 37.6, 44.4, 1.00
A, 662941, 341912, 569694, 892958, 352943, 140937, 517054, 119531, 37.6, 44.4, 1.00
A, 663042, 342073, 569754, 893152, 352980, 140959, 517160, 119485, 37.6, 44.4, 1.00
A, 663355, 342168, 569940, 893304, 353116, 140982, 517281, 119513, 37.6, 44.4, 1.00
A, 663375, 342225, 569936, 893603, 353199, 140912, 517278, 119485, 37.6, 44.4, 1.00
A, 664868, 342521, 571542, 895810, 353519, 141209, 517748, 119729, 37.6, 44.4, 1.00
A, 664983, 342821, 571391, 895613, 353712, 141191, 517961, 119637, 37.6, 44.4, 1.00
A, 664759, 342833, 571380, 895649, 353631, 141227, 517863, 119656, 37.6, 44.4, 1.00
A, 664562, 342952, 571244, 895716, 353719, 141190, 518024, 119607, 37.6, 44.4, 1.00
A, 664575, 342890, 571117, 895603, 353700, 141146, 518048, 119611, 37.6, 44.4, 1.00
A, 664690, 343017, 571441, 896044, 353760, 141199, 518093, 119596, 37.6, 44.4, 1.00
A, 664764, 343071, 571433, 896143, 353789, 141143, 518154, 119528, 37.6, 44.5, 0.99
A, 664645, 343186, 571324, 896286, 353871, 141232, 518231, 119621, 37.6, 44.5, 1.00
A, 664898, 343205, 571578, 896695, 353872, 141201, 518370, 119620, 37.6, 44.5, 1.02
A, 665199, 343423, 571819, 896885, 354044, 141182, 518580, 119613, 37.6, 44.5, 1.00
A, 665129, 343463, 571730, 897033, 354078, 141209, 518592, 119573, 37.6, 44.5, 1.00
A, 665397, 343586, 571941, 897354, 354223, 141288, 518721, 119573, 37.6, 44.5, 1.01
A, 665261, 343665, 571723, 897122, 354173, 141191, 518734, 119556, 37.6, 44.5, 1.01
A, 665210, 343635, 571959, 897528, 354120, 141249, 518732, 119542, 37.6, 44.5, 1.00
A, 665682, 343799, 572254, 898239, 354361, 141342, 518962, 119652, 37.6, 44.5, 1.00
A, 665874, 343893, 572586, 898423, 354458, 141348, 519076, 119637, 37.6, 44.5, 1.00
A, 665817, 343930, 572538, 898481, 354401, 141311, 519104, 119615, 37.6, 44.5, 1.00
A, 665580, 344007, 572411, 898548, 354466, 141320, 519103, 119634, 37.6, 44.5, 1.00
A, 665887, 344089, 572756, 898922, 354529, 141352, 519196, 119658, 37.6, 44.5, 1.00
A, 666099, 344210, 572849, 899010, 354618, 141340, 519314, 119607, 37.6, 44.5, 1.00
A, 667610, 344490, 574463, 901144, 354999, 141575, 519740, 119820, 37.6, 44.5, 1.00
A, 667790, 344681, 574549, 901267, 355107, 141593, 519892, 119798, 37.6, 44.5, 1.00
A, 667169, 344730, 574044, 900718, 355043, 141452, 519826, 119734, 37.6, 44.5, 1.00
A, 666852, 344646, 573914, 900639, 354967, 141459, 519707, 119652, 37.6, 44.5, 1.00
A, 666430, 344715, 573345, 900013, 355023, 141421, 519811, 119571, 37.6, 44.5, 1.00
A, 666449, 344684, 573426, 899939, 354960, 141360, 519745, 119619, 37.6, 44.5, 1.00
A, 666479, 344713, 573633, 900530, 355058, 141457, 519866, 119632, 37.6, 44.5, 1.00
A, 666565, 344739, 573628, 900661, 355063, 141474, 519949, 119643, 37.6, 44.5, 1.00
A, 666630, 344773, 573724, 900846, 355122, 141451, 519963, 119678, 37.6, 44.5, 1.00
A, 667036, 344973, 574258, 901253, 355225, 141537, 520208, 119647, 37.6, 44.6, 1.00
A, 667197, 345086, 574291, 901641, 355330, 141557, 520231, 119653, 37.6, 44.6, 1.00
A, 667001, 345115, 574218, 901551, 355398, 141505, 520325, 119701, 37.6, 44.6, 1.00
A, 667334, 345218, 574531, 902056, 355448, 141577, 520414, 119674, 37.6, 44.6, 1.01
A, 667377, 345243, 574567, 902214, 355420, 141509, 520460, 119591, 37.6, 44.6, 1.00
A, 667346, 345279, 574748, 902482, 355537, 141630, 520610, 119696, 37.6, 44.6, 1.00
A, 667745, 345474, 575069, 902905, 355682, 141637, 520796, 119779, 37.6, 44.6, 1.00
A, 668070, 345548, 575391, 903135, 355772, 141758, 520844, 119696, 37.6, 44.6, 1.00
A, 667936, 345690, 575204, 903105, 355781, 141653, 520848, 119711, 37.6, 44.6, 1.00
A, 667880, 345658, 575146, 903185, 355767, 141603, 520918, 119692, 37.6, 44.6, 1.00
A, 668221, 345747, 575567, 903694, 355885, 141692, 521044, 119696, 37.6, 44.6, 1.00
A, 669533, 346021, 577113, 905673, 356207, 141923, 521380, 119914, 37.6, 44.6, 1.00
A, 669715, 346290, 577216, 905655, 356318, 141933, 521498, 119873, 37.6, 44.6, 1.00
A, 669446, 346258, 576894, 905571, 356335, 141884, 521581, 119838, 37.6, 44.6, 1.00
A, 669021, 346399, 576509, 905184, 356304, 141850, 521520, 119795, 37.6, 44.6, 1.00
A, 668953, 346290, 576584, 905308, 356207, 141852, 521478, 119798, 37.6, 44.6, 1.00
A, 668765, 346387, 576350, 905009, 356247, 141802, 521559, 119698, 37.6, 44.6, 1.00
A, 668705, 346331, 576259, 904883, 356242, 141782, 521493, 119717, 37.6, 44.6, 1.00
A, 668717, 346393, 576480, 905282, 356257, 141814, 521531, 119729, 37.6, 44.6, 1.01
A, 668764, 346393, 576509, 905240, 356293, 141829, 521598, 119733, 37.6, 44.6, 1.01
A, 668797, 346500, 576651, 905520, 356323, 141854, 521584, 119698, 37.6, 44.6, 1.01
A, 669071, 346435, 576987, 906023, 356421, 141913, 521805, 119772, 37.6, 44.6, 1.00
A, 669230, 346610, 577025, 905863, 356502, 141906, 521833, 119717, 37.6, 44.6, 1.01
A, 669175, 346635, 577028, 905819, 356435, 141849, 521806, 119679, 37.6, 44.6, 0.99
A, 669043, 346608, 577103, 906157, 356486, 141806, 521801, 119690, 37.6, 44.6, 1.00
A, 669264, 346643, 577349, 906682, 356646, 141908, 522004, 119759, 37.6, 44.7, 1.00
A, 669396, 346723, 577393, 906649, 356631, 141924, 522094, 119744, 37.6, 44.7, 0.99
A, 669777, 346846, 577906, 907145, 356728, 142002, 522241, 119855, 37.6, 44.7, 1.00
A, 669555, 347000, 577810, 907064, 356744, 141961, 522206, 119685, 37.6, 44.7, 0.99
A, 669632, 346922, 577795, 907116, 356782, 141989, 522260, 119794, 37.6, 44.7, 1.00
A, 669656, 346996, 577866, 907397, 356833, 141968, 522303, 119765, 37.6, 44.7, 1.00
A, 671231, 347358, 579733, 909727, 357188, 142225, 522734, 120045, 37.6, 44.7, 1.00
A, 671205, 347431, 579731, 909568, 357267, 142264, 522824, 119993, 37.6, 44.7, 1.00
A, 671383, 347568, 579791, 909413, 357330, 142229, 522832, 119932, 37.5, 44.7, 1.00
A, 671037, 347473, 579652, 909441, 357278, 142206, 522819, 119877, 37.5, 44.7, 1.00
A, 670854, 347657, 579480, 909176, 357267, 142176, 522791, 119830, 37.6, 44.7, 0.99
A, 670661, 347561, 579344, 909115, 357256, 142237, 522849, 119791, 37.6, 44.7, 1.00
A, 670671, 347580, 579619, 909467, 357267, 142236, 522864, 119935, 37.6, 44.7, 1.01
A, 670811, 347673, 579729, 909605, 357336, 142301, 522918, 119900, 37.6, 44.7, 1.00
A, 670824, 347639, 579763, 909474, 357338, 142179, 522856, 119759, 37.6, 44.7, 1.00
A, 670672, 347678, 579724, 909317, 357312, 142192, 522945, 119776, 37.6, 44.7, 1.00
A, 670461, 347674, 579697, 909474, 357334, 142227, 522893, 119827, 37.6, 44.7, 1.00
A, 670623, 347748, 579958, 909866, 357397, 142284, 523051, 119836, 37.5, 44.7, 1.00
A, 670602, 347731, 579873, 909711, 357382, 142320, 523004, 119842, 37.5, 44.7, 1.00
A, 670684, 347684, 580078, 909789, 357398, 142173, 523056, 119793, 37.5, 44.7, 0.99
A, 670725, 347818, 580311, 910073, 357471, 142283, 523200, 119848, 37.5, 44.7, 1.00
A, 670663, 347770, 580289, 910031, 357462, 142318, 523172, 119749, 37.5, 44.7, 1.00
A, 670484, 347862, 580144, 910102, 357462, 142295, 523142, 119849, 37.5, 44.7, 1.00
A, 670768, 347975, 580551, 910455, 357574, 142314, 523315, 119843, 37.5, 44.8, 0.99
A, 670678, 347922, 580595, 910515, 357515, 142324, 523258, 119791, 37.5, 44.8, 1.01
A, 671129, 348044, 581063, 910984, 357733, 142456, 523476, 119940, 37.5, 44.8, 1.00
A, 673100, 348333, 583225, 913606, 358122, 142686, 524012, 120150, 37.5, 44.8, 1.00
A, 672735, 348593, 582950, 913245, 358163, 142670, 524004, 120030, 37.5, 44.8, 1.01
A, 672787, 348576, 582894, 913111, 358161, 142614, 524010, 120062, 37.5, 44.8, 0.99
A, 672159, 348574, 582491, 912534, 358184, 142555, 523974, 119955, 37.5, 44.8, 1.00
A, 671920, 348536, 582260, 912290, 358088, 142515, 523850, 119912, 37.5, 44.8, 1.00
A, 671638, 348583, 582050, 911849, 358052, 142468, 523881, 119867, 37.5, 44.8, 0.98
A, 671466, 348484, 582051, 912093, 358015, 142410, 523830, 119815, 37.5, 44.8, 1.00
A, 671629, 348583, 582189, 912439, 357992, 142575, 523944, 119870, 37.5, 44.8, 1.00
A, 671578, 348558, 582333, 912550, 358116, 142605, 523986, 119910, 37.5, 44.8, 1.00
A, 671711, 348658, 582504, 912438, 358132, 142518, 524023, 119874, 37.5, 44.8, 1.00
A, 671578, 348707, 582469, 912445, 358100, 142564, 524020, 119916, 37.5, 44.8, 1.01
A, 671938, 348737, 582872, 913041, 358171, 142589, 524192, 119944, 37.5, 44.8, 1.00
A, 671886, 348736, 582823, 912970, 358225, 142639, 524157, 119885, 37.5, 44.8, 0.99
A, 671774, 348707, 582822, 912998, 358211, 142613, 524110, 119909, 37.5, 44.8, 1.00
A, 672099, 348798, 583134, 913394, 358310, 142636, 524224, 119905, 37.5, 44.8, 1.00
A, 672155, 348901, 583112, 913223, 358358, 142631, 524318, 119872, 37.5, 44.8, 1.00
A, 672074, 348886, 583139, 913070, 358380, 142599, 524254, 119858, 37.5, 44.8, 1.00
A, 672115, 348853, 583404, 913704, 358378, 142657, 524390, 119873, 37.5, 44.8, 1.00
A, 672071, 348841, 583363, 913704, 358372, 142674, 524411, 119886, 37.5, 44.8, 1.00
A, 672018, 348862, 583290, 913568, 358337, 142639, 524379, 119902, 37.5, 44.8, 1.00
A, 673923, 349263, 585611, 916097, 358735, 142901, 524883, 120156, 37.5, 44.8, 1.00
A, 673801, 349451, 585469, 915948, 358841, 142882, 524906, 120129, 37.5, 44.8, 1.00
A, 673348, 349378, 585092, 915511, 358798, 142861, 524818, 119998, 37.5, 44.8, 1.00
A, 673354, 349364, 584951, 915310, 358746, 142800, 524831, 120009, 37.5, 44.8, 1.00
A, 672593, 349314, 584449, 914646, 358673, 142779, 524703, 119926, 37.5, 44.8, 1.00
A, 672452, 349228, 584499, 914827, 358570, 142763, 524647, 119907, 37.5, 44.8, 1.00
A, 672327, 349290, 584532, 914551, 358676, 142747, 524721, 119873, 37.5, 44.8, 1.00
A, 672335, 349235, 584511, 914618, 358592, 142786, 524659, 119839, 37.5, 44.8, 1.00
A, 672436, 349244, 584692, 914936, 358648, 142818, 524770, 119887, 37.5, 44.8, 1.00
A, 672618, 349300, 584869, 915030, 358715, 142840, 524825, 119927, 37.5, 44.8, 1.00
A, 672615, 349358, 585054, 915260, 358725, 142861, 524868, 119969, 37.5, 44.8, 1.00
A, 672624, 349428, 585317, 915431, 358755, 142877, 524945, 119949, 37.5, 44.8, 1.00
A, 672873, 349458, 585529, 915454, 358828, 142881, 524990, 119902, 37.5, 44.8, 1.00
A, 672880, 349476, 585560, 915493, 358803, 142858, 525048, 119943, 37.5, 44.8, 1.00
A, 672727, 349429, 585489, 915624, 358840, 142917, 525069, 119915, 37.5, 44.8, 1.00
A, 672896, 349480, 585832, 916052, 358970, 142925, 525135, 119952, 37.5, 44.9, 1.00
A, 673060, 349573, 585957, 916111, 359011, 142963, 525237, 119959, 37.5, 44.9, 1.00
A, 673276, 349648, 586367, 916483, 359041, 143046, 525259, 120019, 37.5, 44.8, 1.00
A, 673299, 349683, 586448, 916630, 359119, 143051, 525340, 119988, 37.5, 44.8, 1.00
A, 673318, 349735, 586393, 916566, 359096, 143033, 525346, 119942, 37.5, 44.9, 0.99
A, 674721, 349892, 588067, 918595, 359333, 143215, 525655, 120179, 37.5, 44.9, 1.00
A, 674781, 350149, 588273, 918749, 359524, 143303, 525810, 120178, 37.5, 44.9, 1.00
A, 674630, 350132, 588028, 918165, 359365, 143196, 525789, 120108, 37.5, 44.9, 1.00
A, 674285, 350161, 587805, 917922, 359448, 143161, 525737, 120091, 37.5, 44.9, 1.01
A, 674267, 350111, 587995, 918214, 359429, 143194, 525739, 120105, 37.5, 44.9, 1.01
A, 673810, 350140, 587433, 917558, 359415, 143154, 525754, 120032, 37.5, 44.9, 1.00
A, 673716, 350102, 587426, 917555, 359330, 143115, 525644, 119958, 37.5, 44.9, 1.01
A, 673472, 350115, 587367, 917461, 359413, 143148, 525748, 119924, 37.5, 44.9, 1.00
A, 673402, 350089, 587315, 917329, 359294, 143145, 525633, 119948, 37.5, 44.9, 1.00
A, 673657, 350132, 587719, 917717, 359365, 143114, 525755, 119967, 37.5, 44.9, 1.00
A, 673616, 350191, 587736, 917815, 359418, 143130, 525750, 119905, 37.5, 44.9, 1.00
A, 673564, 350189, 587671, 917881, 359373, 143105, 525840, 119974, 37.5, 44.9, 1.01
A, 673817, 350168, 588181, 918361, 359525, 143165, 525872, 120025, 37.5, 44.9, 1.00
A, 673859, 350205, 588151, 918070, 359462, 143150, 525862, 119969, 37.5, 44.9, 1.01
A, 673823, 350311, 588197, 918131, 359508, 143197, 525832, 119914, 37.5, 44.9, 1.00
A, 673530, 350279, 588134, 918173, 359443, 143128, 525871, 119931, 37.5, 44.9, 1.00
A, 674041, 350318, 588549, 918618, 359543, 143246, 525982, 120018, 37.5, 44.9, 1.00
A, 674066, 350323, 588725, 918726, 359591, 143206, 525959, 119969, 37.5, 44.9, 1.00
A, 674343, 350368, 589150, 919241, 359721, 143312, 526111, 120017, 37.5, 44.9, 1.00
A, 674607, 350460, 589412, 919360, 359751, 143329, 526216, 120060, 37.5, 44.9, 1.00
A, 676142, 350724, 591196, 921504, 360145, 143582, 526595, 120298, 37.5, 44.9, 1.00
A, 676135, 350936, 591233, 921599, 360171, 143579, 526698, 120284, 37.5, 44.9, 1.00
A, 675694, 350924, 591006, 921251, 360079, 143522, 526567, 120207, 37.5, 44.9, 1.00
A, 675730, 350993, 591189, 921184, 360128, 143616, 526612, 120193, 37.5, 44.9, 1.00
A, 675722, 350952, 591138, 921110, 360160, 143553, 526693, 120161, 37.5, 44.9, 1.00
A, 675167, 350989, 590783, 920726, 360072, 143508, 526543, 120118, 37.5, 44.9, 1.00
A, 674952, 350953, 590668, 920377, 360020, 143491, 526533, 120114, 37.5, 45.0, 0.99
A, 674822, 350784, 590636, 920412, 359961, 143470, 526531, 120103, 37.5, 45.0, 1.00
A, 674476, 350921, 590409, 920066, 360020, 143457, 526489, 120034, 37.5, 45.0, 1.00
A, 674502, 350851, 590376, 919746, 359958, 143453, 526440, 120011, 37.5, 45.0, 1.00
A, 674567, 350777, 590712, 920288, 359969, 143506, 526434, 120011, 37.5, 45.0, 1.00
A, 674493, 350804, 590774, 920278, 359966, 143468, 526486, 120046, 37.5, 45.0, 0.99
A, 674496, 350755, 590810, 920328, 359990, 143448, 526461, 119971, 37.5, 45.0, 1.00
A, 674937, 350891, 591248, 920792, 360084, 143548, 526675, 120120, 37.5, 45.0, 0.98
A, 674920, 351004, 591270, 920720, 360092, 143525, 526615, 120033, 37.5, 45.0, 1.00
A, 674688, 350895, 591284, 920612, 360020, 143595, 526661, 120032, 37.5, 45.0, 1.00
A, 674627, 350841, 591394, 920640, 360006, 143518, 526630, 120006, 37.5, 45.0, 0.99
A, 674864, 350930, 591764, 921060, 360114, 143534, 526702, 119977, 37.5, 45.0, 1.01
A, 674702, 350941, 591711, 921175, 360120, 143619, 526709, 120085, 37.5, 45.0, 1.00
A, 675016, 350947, 592167, 921437, 360137, 143585, 526800, 120131, 37.5, 45.0, 1.00
A, 676868, 351268, 594309, 923661, 360631, 143911, 527264, 120362, 37.5, 45.0, 1.01
A, 676604, 351416, 594018, 923261, 360557, 143820, 527268, 120332, 37.5, 45.0, 1.00
A, 676328, 351306, 593854, 923153, 360560, 143861, 527216, 120259, 37.5, 45.0, 1.00
A, 676122, 351382, 593698, 922815, 360511, 143832, 527182, 120240, 37.5, 45.0, 1.00
A, 676017, 351429, 593860, 922953, 360524, 143876, 527202, 120194, 37.5, 45.0, 1.00
A, 675794, 351493, 593658, 922566, 360501, 143820, 527191, 120146, 37.5, 45.0, 1.00
A, 675630, 351315, 593693, 922328, 360469, 143813, 527157, 120067, 37.5, 45.0, 1.00
A, 675165, 351319, 593396, 922041, 360478, 143753, 527072, 120079, 37.5, 45.0, 0.98
A, 674980, 351239, 593160, 922026, 360383, 143808, 527061, 120065, 37.5, 45.0, 1.00
A, 675257, 351292, 593550, 922229, 360356, 143798, 527117, 120129, 37.5, 45.0, 1.00
A, 675339, 351327, 593811, 922354, 360436, 143860, 527158, 120137, 37.5, 45.0, 1.00
A, 675062, 351321, 593771, 922259, 360387, 143792, 527107, 120061, 37.5, 45.0, 1.00
A, 674908, 351194, 593792, 922115, 360340, 143730, 527087, 120058, 37.5, 45.1, 1.00
A, 674913, 351250, 593818, 922029, 360387, 143751, 527078, 119982, 37.5, 45.1, 1.00
A, 675188, 351314, 594204, 922526, 360464, 143844, 527155, 120078, 37.5, 45.0, 1.00
A, 675166, 351274, 594192, 922532, 360510, 143843, 527169, 120119, 37.5, 45.0, 1.00
A, 675297, 351374, 594589, 922908, 360489, 143915, 527244, 120156, 37.5, 45.1, 1.00
A, 675414, 351400, 594808, 922910, 360607, 143873, 527283, 120147, 37.5, 45.1, 1.00
A, 675074, 351405, 594602, 922504, 360554, 143808, 527293, 120050, 37.5, 45.1, 0.99
A, 674666, 351250, 594206, 922231, 360405, 143846, 527194, 120011, 37.5, 45.1, 1.00
A, 676651, 351537, 596455, 924712, 360827, 144108, 527685, 120386, 37.5, 45.1, 1.01
A, 676505, 351639, 596411, 924566, 360945, 144057, 527795, 120329, 37.5, 45.1, 1.00
A, 676590, 351721, 596471, 924487, 360966, 144091, 527795, 120254, 37.5, 45.1, 1.00
A, 676329, 351667, 596400, 924281, 360866, 144073, 527730, 120161, 37.5, 45.1, 1.00
A, 676302, 351704, 596532, 924539, 360868, 144089, 527743, 120185, 37.5, 45.1, 1.00
A, 675957, 351639, 596226, 924129, 360924, 144127, 527700, 120181, 37.5, 45.1, 0.99
A, 676036, 351705, 596284, 924016, 360929, 144078, 527741, 120218, 37.5, 45.1, 1.00
A, 675726, 351670, 596222, 923567, 360785, 144054, 527624, 120131, 37.5, 45.1, 1.00
A, 675238, 351689, 595931, 923466, 360815, 144035, 527604, 120151, 37.5, 45.1, 1.00
A, 675121, 351539, 595876, 923327, 360706, 144045, 527525, 120072, 37.5, 45.1, 1.00
A, 675374, 351612, 596218, 923662, 360765, 144070, 527642, 120182, 37.5, 45.1, 1.00
A, 675553, 351590, 596437, 923837, 360758, 144021, 527634, 120159, 37.5, 45.1, 1.00
A, 675570, 351617, 596469, 923681, 360823, 144048, 527723, 120172, 37.5, 45.1, 0.99
A, 675238, 351589, 596123, 923187, 360751, 144050, 527599, 120030, 37.5, 45.1, 1.00
A, 675094, 351453, 596391, 923493, 360724, 144023, 527578, 120057, 37.5, 45.1, 1.00
A, 675311, 351509, 596691, 923745, 360851, 144043, 527726, 120146, 37.5, 45.1, 0.99
A, 675247, 351569, 596720, 923819, 360881, 144105, 527748, 120120, 37.5, 45.1, 1.00
A, 675596, 351628, 597068, 924160, 360958, 144138, 527854, 120204, 37.5, 45.1, 1.01
A, 675706, 351584, 597254, 924219, 360981, 144076, 527862, 120190, 37.5, 45.1, 1.00
A, 675544, 351623, 597295, 924171, 360940, 144060, 527824, 120101, 37.5, 45.1, 1.00
M, 673656, 351426, 594788, 920443, 360736, 143592, 527378, 119357, 37.5, 45.1, 0.09
M, 665516, 349704, 586220, 910860, 358392, 142296, 524699, 118132, 37.5, 45.1, 0.56
M, 657710, 347542, 577790, 900872, 356106, 141014, 522017, 116946, 37.5, 45.1, 0.73
M, 651956, 345851, 571138, 893175, 354642, 139951, 520561, 116034, 37.6, 45.1, 0.79
M, 647544, 344954, 565940, 887589, 354331, 138970, 521109, 115327, 37.6, 45.1, 0.88
M, 644988, 344987, 561356, 883080, 354987, 138234, 522757, 114698, 37.6, 45.3, 0.93
M, 643596, 345288, 557519, 879886, 355772, 137603, 524456, 114275, 37.6, 45.3, 0.95
M, 643981, 346257, 553961, 877619, 357013, 136993, 526465, 113794, 37.6, 45.4, 0.96
M, 644678, 346929, 551336, 876705, 357885, 136584, 527765, 113485, 37.6, 45.4, 0.98
M, 646322, 347847, 548600, 876344, 358958, 136134, 529212, 113216, 37.6, 45.5, 0.99
M, 647850, 348392, 547264, 876905, 359469, 135936, 529971, 113069, 37.6, 45.5, 0.99
M, 650089, 349115, 546164, 878347, 360182, 135748, 530939, 112958, 37.6, 45.5, 1.00
M, 652554, 349687, 544854, 879807, 360771, 135605, 531724, 112936, 37.6, 45.5, 1.00
M, 654621, 350228, 543432, 881305, 361462, 135449, 532434, 112741, 37.6, 45.5, 1.00
M, 657605, 350602, 542890, 883502, 361924, 135344, 533072, 112726, 37.6, 45.6, 1.00
M, 659844, 350870, 542147, 885722, 362375, 135388, 533610, 112723, 37.6, 45.6, 1.01
M, 662389, 351159, 542056, 888310, 362893, 135315, 534183, 112801, 37.6, 45.6, 0.98
M, 664484, 351381, 541602, 890231, 363184, 135377, 534658, 112806, 37.6, 45.6, 1.01
M, 666902, 351537, 541704, 892892, 363713, 135427, 535233, 112897, 37.6, 45.7, 1.01
M, 669011, 351659, 541515, 895352, 364078, 135394, 535659, 112897, 37.6, 45.7, 1.00
M, 672328, 351928, 542885, 899384, 364816, 135725, 536441, 113142, 37.6, 45.7, 1.00
M, 673898, 352156, 542872, 901519, 365292, 135751, 536938, 113129, 37.6, 45.7, 1.00
M, 675182, 352148, 542709, 903257, 365586, 135808, 537312, 113161, 37.6, 45.7, 1.00
M, 676269, 352148, 542491, 904836, 365831, 135833, 537571, 113167, 37.6, 45.7, 1.00
M, 677679, 352096, 542611, 906803, 366263, 135976, 538045, 113269, 37.6, 45.7, 1.00
M, 678753, 352211, 542614, 908608, 366672, 136048, 538533, 113268, 37.6, 45.7, 1.00
M, 679574, 352123, 542541, 909996, 366869, 136082, 538803, 113210, 37.6, 45.7, 0.99
M, 680553, 352064, 542672, 911531, 367254, 136159, 539252, 113294, 37.6, 45.7, 1.00
M, 681269, 352073, 542641, 912943, 367662, 136223, 539643, 113354, 37.6, 45.7, 1.01
M, 681884, 351976, 542615, 914075, 367880, 136333, 539901, 113380, 37.6, 45.7, 1.00
M, 682101, 351929, 542172, 914923, 368198, 136304, 540305, 113337, 37.6, 45.7, 1.01
M, 681879, 351782, 541757, 915442, 368283, 136289, 540457, 113275, 37.6, 45.7, 1.01
M, 682940, 351703, 542358, 917083, 368654, 136479, 540916, 113379, 37.6, 45.7, 1.00
M, 683800, 351741, 542628, 918248, 369044, 136545, 541379, 113507, 37.6, 45.8, 1.00
M, 684633, 351816, 543037, 919488, 369482, 136645, 541847, 113531, 37.6, 45.8, 1.01
M, 685042, 351855, 543196, 920530, 369711, 136722, 542204, 113575, 37.6, 45.8, 1.01
M, 685985, 351961, 543880, 922182, 370242, 136813, 542734, 113644, 37.6, 45.8, 0.99
M, 686293, 351973, 543814, 922991, 370518, 136911, 543045, 113636, 37.6, 45.8, 1.01
M, 686363, 352018, 543802, 923616, 370732, 136964, 543337, 113710, 37.6, 45.8, 1.00
M, 687293, 352127, 544490, 924988, 371164, 137108, 543775, 113808, 37.6, 45.8, 1.01
M, 689782, 352525, 546486, 928103, 371926, 137439, 544669, 114052, 37.6, 45.8, 1.00
M, 689871, 352758, 546446, 928402, 372235, 137471, 544987, 114049, 37.6, 45.8, 1.00
M, 689499, 352696, 545943, 928697, 372397, 137387, 545198, 114056, 37.6, 45.8, 1.00
M, 689776, 352745, 546214, 929488, 372642, 137517, 545455, 114049, 37.6, 45.8, 1.00
M, 690169, 352814, 546418, 930105, 372878, 137499, 545780, 114025, 37.6, 45.8, 0.99
M, 690442, 352931, 546735, 930770, 373215, 137646, 546036, 114146, 37.6, 45.8, 0.99
M, 691001, 353108, 547001, 931744, 373546, 137791, 546493, 114191, 37.6, 45.8, 0.99
M, 691078, 353165, 547007, 932060, 373818, 137796, 546747, 114162, 37.6, 45.8, 1.00
M, 691273, 353225, 547190, 932670, 373981, 137801, 547020, 114191, 37.6, 45.8, 1.00
M, 691391, 353379, 547209, 933158, 374261, 137881, 547322, 114143, 37.6, 45.8, 0.98
M, 691325, 353392, 547229, 933540, 374332, 137957, 547450, 114201, 37.6, 45.8, 1.01
M, 691743, 353509, 547510, 934145, 374744, 137945, 547855, 114127, 37.6, 45.8, 0.99
M, 691861, 353533, 547645, 934573, 374901, 138019, 548016, 114201, 37.6, 45.8, 1.00
M, 692000, 353646, 547616, 934905, 375144, 138127, 548288, 114262, 37.6, 45.8, 1.00
M, 692429, 353784, 547979, 935607, 375343, 138151, 548547, 114258, 37.6, 45.8, 1.00
M, 692647, 353841, 548284, 936309, 375534, 138221, 548792, 114317, 37.6, 45.8, 1.01
M, 693341, 354007, 548873, 937244, 375847, 138358, 549186, 114400, 37.6, 45.8, 0.99
M, 693846, 354236, 549203, 937754, 376161, 138353, 549499, 114396, 37.6, 45.8, 1.00
M, 693900, 354334, 549261, 938216, 376363, 138397, 549680, 114418, 37.6, 45.8, 1.00
M, 694022, 354478, 549278, 938675, 376515, 138454, 549944, 114377, 37.6, 45.8, 1.00
M, 696136, 354723, 551484, 941686, 377101, 138787, 550597, 114740, 37.6, 45.9, 1.00
M, 696353, 354994, 551479, 941749, 377367, 138826, 550857, 114670, 37.6, 45.9, 1.01
M, 696760, 355223, 551879, 942450, 377587, 138944, 551142, 114713, 37.6, 45.9, 1.00
M, 696761, 355327, 551976, 942758, 377810, 138957, 551317, 114749, 37.6, 45.9, 1.00
M, 696839, 355464, 551838, 942887, 377925, 138900, 551454, 114742, 37.6, 45.9, 1.00
M, 696755, 355479, 551982, 943056, 378001, 139010, 551530, 114775, 37.6, 45.9, 1.01
M, 697065, 355608, 552195, 943676, 378224, 139117, 551791, 114800, 37.6, 45.9, 1.01
M, 697234, 355729, 552298, 943733, 378426, 139103, 552035, 114762, 37.6, 45.9, 0.99
M, 697189, 355860, 552374, 943924, 378568, 139109, 552083, 114775, 37.6, 45.9, 0.99
M, 697333, 355879, 552381, 944326, 378661, 139197, 552296, 114772, 37.6, 45.9, 1.00
M, 697153, 355988, 552207, 944121, 378816, 139174, 552382, 114728, 37.6, 45.9, 1.00
M, 697245, 355925, 552328, 944391, 378854, 139220, 552540, 114771, 37.6, 45.9, 0.99
M, 697353, 356159, 552540, 944878, 379126, 139220, 552778, 114731, 37.6, 45.9, 0.99
M, 697350, 356097, 552537, 944979, 379176, 139251, 552901, 114773, 37.6, 45.9, 0.99
M, 697950, 356186, 553018, 945754, 379413, 139355, 553131, 114832, 37.6, 45.9, 1.00
M, 698188, 356413, 553278, 946195, 379530, 139307, 553217, 114816, 37.6, 45.9, 1.01
M, 698189, 356371, 553303, 946466, 379586, 139416, 553400, 114833, 37.6, 45.9, 1.00
M, 698672, 356555, 553722, 946997, 379860, 139560, 553675, 115008, 37.6, 45.9, 1.00
M, 699062, 356670, 554041, 947544, 380017, 139503, 553843, 114944, 37.6, 45.9, 1.01
M, 699201, 356738, 554131, 947739, 380084, 139555, 553957, 114881, 37.6, 45.9, 1.00
M, 700733, 356961, 555705, 949933, 380520, 139871, 554491, 115151, 37.6, 45.9, 1.00
M, 701179, 357361, 556000, 950215, 380789, 139924, 554723, 115213, 37.6, 45.9, 0.99
M, 701055, 357405, 556069, 950482, 380873, 139955, 554776, 115180, 37.6, 45.9, 1.00
M, 701325, 357436, 556282, 950861, 380934, 140014, 555003, 115220, 37.6, 45.9, 0.99
M, 701536, 357611, 556446, 950966, 381127, 139992, 555022, 115182, 37.6, 45.9, 1.00
M, 701283, 357676, 556343, 951023, 381102, 140011, 555079, 115215, 37.6, 45.9, 1.00
M, 701412, 357718, 556448, 951352, 381272, 140046, 555232, 115189, 37.6, 45.9, 1.00
M, 701389, 357744, 556502, 951441, 381310, 140072, 555300, 115208, 37.6, 45.9, 1.00
M, 701867, 357848, 556855, 951728, 381464, 140101, 555462, 115231, 37.6, 45.9, 1.00
M, 701682, 357874, 556702, 951696, 381502, 140140, 555555, 115153, 37.6, 45.9, 0.99
M, 701693, 357901, 556837, 952065, 381552, 140148, 555591, 115197, 37.6, 45.9, 0.99
M, 701613, 358032, 556729, 951976, 381711, 140145, 555716, 115220, 37.6, 45.9, 1.01
M, 701560, 357938, 556806, 952200, 381703, 140214, 555765, 115154, 37.6, 45.9, 1.01
M, 701667, 358120, 556758, 952117, 381857, 140235, 555938, 115178, 37.6, 45.9, 1.01
M, 701775, 358044, 556874, 952171, 381884, 140135, 555878, 115122, 37.6, 45.9, 0.99
M, 702033, 358059, 557206, 952233, 381946, 140210, 556073, 115113, 37.6, 45.9, 1.00
M, 702075, 358131, 557244, 952962, 382030, 140263, 556153, 115218, 37.6, 45.9, 1.01
M, 702313, 358177, 557447, 953283, 382146, 140308, 556352, 115238, 37.6, 45.9, 1.00
M, 702953, 358296, 558046, 953955, 382345, 140412, 556501, 115256, 37.6, 45.9, 1.01
M, 703108, 358387, 558280, 954335, 382475, 140449, 556689, 115279, 37.6, 45.9, 1.00
M, 704702, 358659, 559961, 956415, 382835, 140660, 557089, 115540, 37.6, 45.9, 1.00
M, 705080, 358946, 560279, 956728, 383037, 140705, 557284, 115504, 37.6, 45.9, 1.00
M, 704988, 358926, 560229, 956945, 383075, 140761, 557307, 115526, 37.6, 45.9, 1.01
M, 704814, 358945, 560220, 956949, 383133, 140786, 557398, 115569, 37.6, 45.9, 1.01
M, 705114, 359118, 560481, 957201, 383190, 140868, 557450, 115564, 37.6, 45.9, 1.00
M, 705259, 359139, 560705, 957348, 383354, 140826, 557579, 115550, 37.6, 45.9, 1.00
M, 705059, 359118, 560456, 957120, 383285, 140826, 557563, 115476, 37.6, 45.9, 0.99
M, 705197, 359129, 560563, 957413, 383353, 140889, 557625, 115517, 37.6, 45.9, 1.01
M, 705280, 359195, 560815, 957519, 383428, 140898, 557724, 115496, 37.6, 45.9, 0.99
M, 705264, 359229, 560831, 957713, 383405, 140954, 557727, 115534, 37.6, 45.9, 1.00
M, 705602, 359343, 561124, 958001, 383608, 140953, 557941, 115540, 37.6, 45.9, 0.99
M, 705668, 359337, 561293, 958141, 383602, 140995, 558015, 115528, 37.6, 45.9, 1.01
M, 705597, 359367, 561199, 958122, 383653, 140944, 558046, 115559, 37.6, 45.9, 1.01
M, 705546, 359363, 561272, 958323, 383662, 140993, 558012, 115533, 37.6, 45.9, 1.00
M, 705272, 359375, 560966, 957939, 383738, 140965, 558112, 115473, 37.6, 45.9, 1.01
M, 705398, 359372, 561032, 957915, 383742, 141019, 558047, 115455, 37.6, 45.9, 1.00
M, 705767, 359437, 561567, 958541, 383788, 141006, 558212, 115514, 37.6, 45.9, 1.00
M, 705793, 359469, 561641, 958707, 383851, 141033, 558320, 115546, 37.6, 45.9, 0.99
M, 705860, 359417, 561754, 959062, 383882, 141125, 558368, 115583, 37.6, 45.9, 1.00
M, 706335, 359491, 562166, 959442, 384043, 141152, 558475, 115571, 37.6, 45.9, 1.00
M, 708541, 359879, 564032, 961742, 384480, 141387, 559027, 115872, 37.6, 45.9, 1.00
M, 708267, 360027, 563869, 961235, 384561, 141353, 559136, 115779, 37.6, 45.9, 1.00
M, 707319, 360015, 563395, 961015, 384522, 141312, 559013, 115712, 37.6, 45.9, 0.99
M, 707538, 359890, 563475, 961015, 384477, 141435, 559017, 115676, 37.6, 45.9, 1.00
M, 707510, 359901, 563465, 960969, 384457, 141439, 559053, 115683, 37.6, 45.9, 1.00
M, 707954, 359984, 563962, 961474, 384602, 141438, 559191, 115741, 37.6, 45.9, 0.99
M, 707887, 360023, 563932, 961494, 384585, 141424, 559179, 115737, 37.6, 45.9, 0.99
M, 707833, 359980, 563968, 961434, 384666, 141436, 559229, 115733, 37.6, 45.9, 1.00
M, 708124, 360046, 564306, 962009, 384689, 141502, 559303, 115718, 37.6, 45.9, 1.00
M, 708218, 360082, 564427, 962135, 384858, 141560, 559400, 115744, 37.6, 45.9, 1.01
M, 708408, 360164, 564817, 962535, 384856, 141648, 559481, 115800, 37.6, 45.9, 0.99
M, 708753, 360250, 564909, 962441, 384944, 141604, 559619, 115708, 37.6, 45.9, 0.99
M, 708679, 360208, 565076, 962659, 384980, 141601, 559611, 115791, 37.6, 45.9, 1.00
M, 708466, 360222, 564952, 962613, 384985, 141610, 559626, 115736, 37.6, 45.9, 0.99
M, 708755, 360267, 565050, 962801, 384961, 141667, 559685, 115745, 37.6, 45.9, 1.00
M, 709123, 360320, 565600, 963456, 385122, 141732, 559861, 115894, 37.6, 45.9, 1.00
M, 709316, 360363, 565908, 963842, 385202, 141766, 559881, 115881, 37.6, 45.9, 1.00
M, 709654, 360419, 566079, 963920, 385212, 141763, 560057, 115862, 37.6, 45.9, 0.99
M, 709670, 360448, 566252, 963948, 385230, 141713, 559973, 115786, 37.6, 45.9, 1.01
M, 709592, 360492, 566364, 964223, 385330, 141856, 560014, 115875, 37.6, 45.9, 1.00
M, 711614, 360804, 568360, 966645, 385793, 142194, 560570, 116174, 37.6, 45.9, 1.00
M, 711401, 360942, 568051, 966309, 385816, 142130, 560630, 116087, 37.6, 45.9, 1.00
M, 711592, 361025, 568382, 966457, 385838, 142116, 560629, 116132, 37.6, 45.9, 0.99
M, 711539, 361039, 568475, 966676, 385863, 142172, 560632, 116050, 37.6, 45.9, 0.99
M, 711430, 361073, 568452, 966516, 385807, 142169, 560615, 116084, 37.6, 45.9, 1.01
M, 711363, 361065, 568405, 966522, 385846, 142215, 560628, 116061, 37.6, 45.9, 1.01
M, 711696, 361177, 568784, 966901, 385960, 142279, 560727, 116086, 37.6, 45.9, 0.99
M, 711565, 361176, 568707, 966857, 385923, 142235, 560720, 116093, 37.6, 45.9, 1.00
M, 711814, 361221, 569122, 967211, 385999, 142317, 560856, 116160, 37.6, 45.9, 1.01
M, 711960, 361312, 569343, 967390, 386109, 142318, 560877, 116119, 37.6, 45.9, 1.00
M, 711970, 361190, 569260, 967330, 386019, 142339, 560918, 116111, 37.6, 45.9, 0.99
M, 712140, 361285, 569354, 967382, 386102, 142384, 560947, 116124, 37.6, 45.9, 1.00
M, 711720, 361237, 569131, 966984, 386073, 142311, 560913, 116044, 37.6, 45.9, 1.00
M, 711702, 361222, 569227, 967046, 386048, 142346, 560875, 116035, 37.6, 45.9, 1.01
M, 711585, 361300, 569227, 966872, 386121, 142337, 560918, 115985, 37.6, 45.9, 0.99
M, 711728, 361230, 569505, 967224, 385989, 142290, 560897, 116043, 37.6, 45.9, 0.99
M, 712009, 361232, 569733, 967583, 386106, 142424, 560979, 116070, 37.6, 45.9, 1.01
M, 712227, 361316, 569907, 967806, 386079, 142379, 561017, 116097, 37.6, 45.9, 1.00
M, 712446, 361326, 570231, 967931, 386172, 142428, 561184, 116088, 37.6, 45.9, 1.00
M, 712462, 361418, 570253, 967843, 386169, 142462, 561130, 116119, 37.6, 45.9, 1.00
M, 713969, 361614, 572002, 970171, 386579, 142699, 561525, 116325, 37.6, 45.9, 0.99
M, 714224, 361781, 572297, 970320, 386716, 142790, 561697, 116319, 37.6, 45.9, 1.01
M, 714121, 361803, 572166, 970157, 386699, 142720, 561656, 116276, 37.6, 45.9, 1.01
M, 714284, 361860, 572447, 970458, 386690, 142744, 561688, 116359, 37.6, 45.9, 0.99
M, 714206, 361873, 572361, 970137, 386736, 142741, 561690, 116292, 37.6, 45.9, 1.00
M, 714034, 361891, 572324, 969925, 386657, 142737, 561654, 116186, 37.6, 45.9, 1.00
M, 713902, 361800, 572323, 970050, 386623, 142754, 561602, 116232, 37.6, 45.9, 1.00
M, 713988, 361866, 572489, 970289, 386708, 142813, 561613, 116229, 37.6, 45.9, 0.99
M, 714006, 361777, 572488, 970148, 386571, 142827, 561657, 116312, 37.6, 45.9, 1.00
M, 714107, 361831, 572778, 970281, 386635, 142802, 561686, 116273, 37.6, 45.9, 1.00
M, 714269, 361904, 572948, 970395, 386706, 142841, 561706, 116296, 37.6, 45.9, 1.00
M, 714158, 361815, 572847, 970284, 386633, 142853, 561718, 116207, 37.6, 45.9, 1.00
M, 714222, 361890, 573249, 970563, 386737, 142819, 561710, 116297, 37.6, 45.9, 1.01
M, 714036, 361865, 573000, 970283, 386746, 142889, 561716, 116267, 37.7, 45.9, 1.01
M, 713709, 361749, 572765, 970023, 386543, 142829, 561624, 116229, 37.7, 45.9, 1.00
M, 713800, 361820, 573045, 970109, 386637, 142830, 561763, 116229, 37.6, 45.9, 1.00
M, 713764, 361665, 573143, 970187, 386545, 142800, 561629, 116157, 37.6, 45.9, 1.00
M, 714092, 361827, 573413, 970502, 386647, 142921, 561754, 116225, 37.6, 45.9, 1.00
M, 714259, 361827, 573678, 970777, 386770, 142921, 561841, 116306, 37.6, 45.9, 1.00
M, 714457, 361792, 573875, 970914, 386762, 142958, 561898, 116295, 37.6, 45.9, 1.00
M, 716584, 362196, 576084, 973626, 387171, 143326, 562383, 116621, 37.6, 45.9, 1.00
M, 716696, 362307, 576105, 973365, 387282, 143229, 562479, 116528, 37.6, 45.9, 1.00
M, 716308, 362306, 575827, 972936, 387263, 143240, 562376, 116414, 37.7, 45.9, 1.00
M, 715969, 362216, 575745, 972871, 387206, 143281, 562278, 116425, 37.7, 45.9, 1.00
M, 715793, 362229, 575496, 972614, 387092, 143195, 562249, 116361, 37.7, 45.9, 1.00
M, 715768, 362165, 575530, 972416, 387075, 143184, 562259, 116420, 37.7, 45.9, 1.00
M, 715672, 362274, 575478, 972235, 387068, 143140, 562218, 116351, 37.6, 45.9, 0.99
M, 715518, 362225, 575530, 972367, 387045, 143183, 562174, 116353, 37.6, 45.9, 1.00
M, 715713, 362207, 575832, 972661, 387111, 143202, 562285, 116406, 37.7, 45.9, 1.00
M, 715760, 362228, 576006, 972599, 387152, 143219, 562285, 116464, 37.7, 45.9, 1.00
M, 716086, 362277, 576314, 973139, 387208, 143290, 562390, 116415, 37.7, 45.9, 0.98
M, 716261, 362293, 576441, 973031, 387253, 143290, 562478, 116490, 37.7, 45.9, 1.00
M, 716250, 362303, 576553, 972852, 387162, 143290, 562390, 116396, 37.7, 45.9, 1.00
M, 716437, 362330, 576912, 973496, 387266, 143336, 562523, 116459, 37.7, 45.9, 1.00
M, 716177, 362295, 576708, 973126, 387260, 143326, 562488, 116458, 37.7, 45.9, 0.98
M, 716294, 362241, 576783, 973191, 387190, 143299, 562421, 116406, 37.7, 45.9, 0.99
M, 716365, 362368, 576982, 973358, 387309, 143329, 562575, 116377, 37.7, 45.9, 0.99
M, 716220, 362278, 576980, 973265, 387224, 143315, 562475, 116398, 37.7, 45.9, 1.00
M, 716599, 362370, 577375, 973636, 387296, 143399, 562536, 116417, 37.7, 45.9, 0.99
M, 716687, 362361, 577612, 973753, 387332, 143382, 562552, 116468, 37.7, 45.9, 1.01
M, 718423, 362544, 579374, 975972, 387614, 143709, 563017, 116703, 37.7, 45.9, 0.99
M, 718256, 362762, 579188, 975764, 387702, 143674, 563068, 116674, 37.7, 45.9, 0.99
M, 718162, 362674, 579273, 975507, 387624, 143647, 562986, 116548, 37.7, 45.9, 1.00
M, 717900, 362686, 579165, 975394, 387628, 143614, 562989, 116588, 37.7, 45.9, 1.01
M, 717703, 362662, 579091, 975327, 387492, 143622, 562915, 116585, 37.7, 45.9, 1.01
M, 718168, 362721, 579364, 975527, 387614, 143710, 563026, 116577, 37.7, 45.9, 0.99
M, 718240, 362759, 579637, 975773, 387607, 143689, 563033, 116630, 37.7, 45.9, 1.00
M, 718420, 362777, 580091, 976133, 387704, 143818, 563149, 116695, 37.7, 45.9, 1.01
M, 718659, 362868, 580155, 976139, 387736, 143748, 563126, 116629, 37.7, 45.9, 1.00
M, 718560, 362836, 580300, 976067, 387667, 143695, 563045, 116581, 37.7, 45.9, 1.01
M, 718616, 362824, 580408, 976415, 387720, 143803, 563111, 116630, 37.7, 45.9, 1.01
M, 718667, 362849, 580610, 976515, 387758, 143799, 563151, 116639, 37.7, 45.9, 0.99
M, 719086, 362958, 581015, 976646, 387846, 143822, 563226, 116604, 37.7, 45.9, 1.00
M, 718824, 362891, 580771, 976373, 387761, 143766, 563208, 116601, 37.7, 45.9, 1.01
M, 718919, 362847, 581164, 976755, 387744, 143833, 563121, 116658, 37.7, 45.9, 0.99
M, 718606, 362886, 580899, 976213, 387750, 143878, 563183, 116620, 37.7, 45.9, 1.01
M, 718554, 362819, 580934, 976372, 387669, 143826, 563124, 116618, 37.7, 45.9, 1.00
M, 718510, 362901, 580941, 976141, 387736, 143883, 563170, 116601, 37.7, 45.9, 1.00
M, 718598, 362786, 580986, 976115, 387676, 143884, 563159, 116649, 37.7, 45.9, 1.00
M, 718794, 362879, 581512, 976814, 387729, 143929, 563237, 116705, 37.7, 45.9, 1.00
M, 720690, 363190, 583604, 979195, 388104, 144227, 563623, 116940, 37.7, 45.9, 1.01
M, 720583, 363269, 583438, 978860, 388115, 144152, 563704, 116905, 37.7, 45.9, 1.00
M, 720900, 363408, 583713, 979001, 388219, 144230, 563741, 116875, 37.7, 45.9, 0.99
M, 720739, 363343, 583635, 978805, 388168, 144185, 563658, 116866, 37.7, 45.9, 0.99
M, 716448, 362797, 579287, 973316, 387374, 143614, 562668, 116112, 37.7, 45.9, 1.00
M, 711933, 361664, 575039, 967934, 386189, 142908, 561517, 115603, 37.7, 45.9, 0.99
M, 710127, 360811, 573407, 966262, 385574, 142813, 560934, 115518, 37.7, 45.9, 1.01
M, 711800, 360898, 575151, 968444, 385895, 142931, 561360, 115809, 37.7, 45.9, 1.00
M, 713678, 361156, 577086, 970665, 386412, 143133, 561951, 116014, 37.7, 45.9, 1.01
M, 715281, 361387, 578481, 972114, 386744, 143266, 562405, 116160, 37.7, 45.9, 1.00
M, 716148, 361589, 579480, 973287, 387033, 143453, 562710, 116334, 37.7, 45.9, 0.99
M, 717067, 361675, 580284, 974476, 387193, 143589, 562927, 116427, 37.7, 45.9, 1.01
M, 718240, 361931, 581334, 975700, 387513, 143648, 563280, 116575, 37.7, 45.9, 1.01
M, 718548, 362066, 581689, 976123, 387595, 143744, 563372, 116540, 37.7, 45.9, 1.01
M, 719080, 362208, 582216, 976767, 387785, 143767, 563544, 116629, 37.7, 45.9, 1.00
M, 719620, 362378, 582812, 977258, 387888, 143901, 563700, 116611, 37.7, 45.9, 1.00
M, 720007, 362512, 583264, 977892, 388054, 144028, 563842, 116753, 37.7, 45.9, 1.01
M, 720219, 362570, 583571, 978365, 388120, 144062, 563899, 116787, 37.7, 45.9, 1.00
M, 720815, 362677, 584038, 978818, 388229, 144082, 564030, 116851, 37.7, 45.9, 1.00
M, 721262, 362800, 584527, 979359, 388325, 144183, 564161, 116883, 37.7, 45.9, 0.99
A, 729058, 364081, 592959, 990265, 390019, 145612, 566127, 118312, 37.7, 45.9, 0.07
A, 739327, 366470, 603564, 1002880, 392613, 147219, 568804, 119832, 37.7, 45.9, 0.61
A, 746233, 368499, 610929, 1011677, 394331, 148420, 570569, 120743, 37.7, 45.9, 0.74
A, 752180, 370444, 617417, 1019410, 395765, 149548, 571915, 121584, 37.7, 45.9, 0.83
A, 755914, 371936, 621951, 1024439, 396606, 150489, 572557, 122158, 37.7, 45.9, 0.91
A, 759264, 373445, 626120, 1028767, 397188, 151193, 572975, 122641, 37.7, 45.8, 0.92
A, 761654, 374799, 629742, 1032161, 397559, 151890, 573124, 122870, 37.7, 45.8, 0.95
A, 762840, 375831, 631972, 1034142, 397719, 152421, 573153, 123121, 37.7, 45.8, 0.98
A, 763432, 376627, 633832, 1035302, 397671, 152856, 572956, 123260, 37.7, 45.8, 0.98
A, 764258, 377540, 635729, 1036415, 397622, 153298, 572825, 123403, 37.7, 45.7, 0.98
A, 763998, 378123, 636921, 1036794, 397424, 153548, 572388, 123495, 37.7, 45.7, 0.98
A, 764134, 378754, 638398, 1037036, 397177, 153927, 572024, 123519, 37.7, 45.7, 1.00
A, 763607, 379275, 639287, 1036626, 396892, 154096, 571584, 123493, 37.7, 45.7, 1.00
A, 763048, 379743, 640160, 1036492, 396561, 154333, 571146, 123543, 37.6, 45.7, 1.00
A, 762133, 379913, 640726, 1035729, 396146, 154529, 570715, 123604, 37.6, 45.7, 1.00
A, 761357, 380263, 641319, 1034687, 395736, 154695, 570121, 123532, 37.6, 45.7, 1.00
A, 760392, 380459, 641746, 1033750, 395282, 154762, 569551, 123548, 37.6, 45.7, 1.00
A, 758613, 380589, 641599, 1031971, 394663, 154795, 568800, 123459, 37.6, 45.7, 1.00
A, 757858, 380569, 641960, 1031247, 394111, 154818, 568296, 123421, 37.6, 45.7, 0.99
A, 757243, 380694, 642646, 1030534, 393878, 154955, 567899, 123455, 37.6, 45.7, 1.01
A, 758176, 381031, 645019, 1031921, 393746, 155250, 567802, 123701, 37.6, 45.7, 1.00
A, 756800, 381116, 645045, 1030138, 393340, 155336, 567218, 123600, 37.6, 45.7, 1.00
A, 755550, 381081, 644423, 1028419, 392782, 155319, 566591, 123554, 37.6, 45.7, 1.00
A, 754506, 381040, 645220, 1027599, 392338, 155361, 566049, 123486, 37.6, 45.7, 1.00
A, 753103, 380810, 645216, 1026188, 391806, 155389, 565431, 123426, 37.6, 45.6, 1.00
A, 751861, 380705, 645042, 1024695, 391291, 155373, 564939, 123376, 37.6, 45.6, 1.00
A, 751127, 380614, 645315, 1023623, 390906, 155391, 564407, 123431, 37.6, 45.6, 1.00
A, 749883, 380348, 645396, 1022121, 390455, 155387, 563823, 123261, 37.6, 45.6, 1.00
A, 748655, 380190, 645258, 1020577, 389881, 155313, 563215, 123254, 37.6, 45.6, 1.00
A, 747567, 379967, 645282, 1019370, 389379, 155289, 562737, 123166, 37.6, 45.6, 1.00
A, 746826, 379773, 645739, 1018612, 389121, 155284, 562318, 123191, 37.6, 45.6, 1.00
A, 745593, 379522, 645464, 1017199, 388570, 155260, 561784, 123187, 37.6, 45.6, 1.00
A, 744903, 379343, 645760, 1016331, 388238, 155322, 561408, 123175, 37.6, 45.6, 1.00
A, 743569, 378972, 645506, 1014463, 387757, 155193, 560809, 122972, 37.6, 45.6, 1.00
A, 742698, 378781, 645556, 1013404, 387247, 155161, 560417, 122934, 37.6, 45.6, 1.00
A, 742138, 378487, 645906, 1012779, 387021, 155250, 560038, 123038, 37.6, 45.6, 1.00
A, 741144, 378181, 645879, 1011161, 386614, 155135, 559539, 122944, 37.6, 45.6, 1.01
A, 740386, 377915, 645852, 1010434, 386278, 155119, 559190, 122985, 37.6, 45.6, 0.99
A, 739317, 377729, 645791, 1009055, 385850, 155133, 558654, 122877, 37.6, 45.6, 1.00
A, 738587, 377388, 645750, 1007975, 385490, 155032, 558325, 122787, 37.6, 45.6, 1.00
A, 739452, 377411, 647798, 1009489, 385463, 155345, 558357, 123069, 37.6, 45.6, 1.00
A, 738957, 377286, 647886, 1008514, 385276, 155321, 558052, 123084, 37.6, 45.6, 1.00
A, 738086, 377053, 647767, 1007473, 384959, 155319, 557645, 123010, 37.6, 45.6, 1.00
A, 737776, 376827, 648133, 1006857, 384729, 155282, 557392, 123057, 37.6, 45.5, 1.00
A, 736951, 376598, 648227, 1005793, 384369, 155258, 557008, 122996, 37.6, 45.5, 1.00
A, 736006, 376306, 648091, 1004684, 383988, 155204, 556584, 122853, 37.6, 45.5, 1.00
A, 735522, 376018, 648253, 1003870, 383744, 155210, 556275, 122843, 37.6, 45.5, 1.01
A, 734815, 375726, 648257, 1002983, 383415, 155151, 555933, 122851, 37.6, 45.5, 0.99
A, 734016, 375505, 648136, 1001868, 383091, 155102, 555596, 122766, 37.6, 45.5, 1.00
A, 733376, 375245, 648008, 1000740, 382793, 155075, 555180, 122748, 37.6, 45.5, 1.00
A, 732630, 374980, 648094, 1000130, 382510, 155037, 554937, 122714, 37.6, 45.5, 1.00
A, 732215, 374658, 648320, 999646, 382314, 155090, 554689, 122731, 37.6, 45.5, 1.00
A, 731562, 374451, 648340, 998780, 382022, 155033, 554384, 122715, 37.6, 45.5, 1.00
A, 731417, 374318, 648668, 998347, 381903, 155036, 554165, 122783, 37.6, 45.5, 1.01
A, 730552, 374037, 648413, 997028, 381569, 154929, 553840, 122645, 37.6, 45.5, 1.01
A, 729910, 373749, 648505, 996302, 381251, 154898, 553529, 122596, 37.6, 45.5, 1.00
A, 729783, 373555, 648927, 996023, 381124, 154889, 553285, 122626, 37.6, 45.5, 1.00
A, 728919, 373308, 648708, 994910, 380830, 154888, 553046, 122583, 37.6, 45.5, 0.99
A, 728497, 373115, 648684, 994570, 380575, 154894, 552768, 122602, 37.6, 45.5, 1.01
A, 728066, 372898, 648879, 993520, 380403, 154815, 552539, 122533, 37.6, 45.5, 0.99
A, 728918, 372794, 650433, 994788, 380431, 155025, 552592, 122770, 37.6, 45.5, 1.00
A, 728579, 372762, 650644, 994407, 380373, 155032, 552455, 122711, 37.6, 45.5, 1.00
A, 727917, 372507, 650274, 993324, 380006, 154922, 552174, 122645, 37.6, 45.5, 0.99
A, 727388, 372291, 650403, 992599, 379849, 154920, 551885, 122612, 37.6, 45.5, 1.00
A, 727303, 372205, 650689, 992411, 379680, 154962, 551731, 122641, 37.6, 45.5, 1.00
A, 726653, 371949, 650697, 991593, 379467, 154881, 551499, 122623, 37.6, 45.5, 1.01
A, 726239, 371675, 650526, 990805, 379292, 154835, 551264, 122586, 37.6, 45.5, 1.00
A, 725683, 371557, 650618, 990367, 379100, 154761, 551011, 122557, 37.6, 45.5, 1.00
A, 725565, 371401, 651015, 990110, 378950, 154842, 550870, 122591, 37.6, 45.5, 0.99
A, 725175, 371216, 651040, 989500, 378797, 154859, 550688, 122595, 37.6, 45.5, 0.98
A, 725138, 371130, 651420, 989329, 378702, 154887, 550629, 122614, 37.6, 45.5, 0.99
A, 724793, 370922, 651488, 988797, 378559, 154807, 550438, 122526, 37.6, 45.5, 1.00
A, 724074, 370677, 651350, 987949, 378274, 154721, 550061, 122446, 37.6, 45.5, 0.99
A, 723939, 370535, 651484, 987544, 378155, 154750, 549964, 122450, 37.6, 45.5, 1.00
A, 723585, 370377, 651694, 987275, 378039, 154761, 549782, 122512, 37.6, 45.5, 1.00
A, 723234, 370223, 651696, 986515, 377841, 154700, 549661, 122493, 37.6, 45.5, 1.00
A, 722952, 370097, 651719, 985954, 377667, 154655, 549414, 122445, 37.6, 45.5, 0.99
A, 722667, 369928, 652059, 985877, 377511, 154641, 549238, 122401, 37.6, 45.5, 1.00
A, 721914, 369707, 651711, 984996, 377420, 154550, 549034, 122409, 37.6, 45.5, 1.01
A, 721709, 369578, 651686, 984611, 377183, 154623, 548896, 122437, 37.6, 45.5, 1.00
A, 723545, 369876, 654317, 986837, 377578, 154884, 549187, 122734, 37.6, 45.5, 1.01
A, 723203, 369861, 654128, 986042, 377412, 154830, 549069, 122624, 37.6, 45.5, 1.01
A, 722719, 369580, 653998, 985447, 377225, 154847, 548879, 122640, 37.6, 45.5, 1.00
A, 722233, 369519, 653889, 984851, 377103, 154702, 548611, 122470, 37.6, 45.5, 0.99
A, 721660, 369273, 653727, 984286, 376827, 154676, 548442, 122504, 37.6, 45.5, 1.00
A, 721496, 369182, 653950, 983982, 376777, 154722, 548315, 122586, 37.6, 45.5, 1.00
A, 721300, 369140, 653997, 983287, 376665, 154619, 548159, 122478, 37.6, 45.5, 0.99
A, 720805, 369046, 653868, 982755, 376395, 154571, 547923, 122382, 37.6, 45.5, 1.00
A, 720196, 368790, 653703, 982255, 376188, 154541, 547745, 122429, 37.6, 45.5, 1.01
A, 720076, 368709, 653879, 982002, 376143, 154576, 547639, 122486, 37.6, 45.4, 1.00
A, 719832, 368565, 653959, 981612, 376091, 154595, 547511, 122443, 37.6, 45.4, 0.99
A, 719746, 368485, 654295, 981545, 375924, 154570, 547368, 122445, 37.6, 45.5, 1.00
A, 719530, 368354, 654222, 980909, 375801, 154494, 547292, 122376, 37.6, 45.5, 1.00
A, 718738, 368060, 653739, 979868, 375529, 154372, 546975, 122266, 37.6, 45.5, 1.01
A, 718658, 368028, 654079, 980056, 375529, 154378, 546903, 122303, 37.6, 45.5, 0.99
A, 718454, 367881, 654290, 979701, 375424, 154454, 546798, 122303, 37.6, 45.5, 0.99
A, 718551, 367838, 654521, 979658, 375415, 154477, 546719, 122407, 37.6, 45.5, 1.00
A, 718383, 367826, 654610, 979082, 375291, 154367, 546571, 122316, 37.6, 45.4, 0.99
A, 717914, 367533, 654561, 978805, 375045, 154322, 546388, 122301, 37.6, 45.4, 1.00
A, 717557, 367522, 654428, 978107, 375023, 154287, 546325, 122295, 37.6, 45.5, 0.99
A, 718680, 367482, 656065, 979727, 375075, 154549, 546460, 122521, 37.6, 45.5, 1.00
A, 718092, 367490, 655782, 978866, 375044, 154440, 546295, 122359, 37.6, 45.4, 1.01
A, 717842, 367368, 655646, 978289, 374886, 154369, 546059, 122318, 37.6, 45.4, 1.00
A, 717620, 367226, 655901, 978372, 374801, 154339, 546092, 122374, 37.6, 45.4, 0.99
A, 717412, 367200, 655993, 977971, 374720, 154349, 545863, 122340, 37.6, 45.4, 1.01
A, 717004, 367088, 655829, 977471, 374571, 154306, 545737, 122326, 37.6, 45.4, 1.00
A, 716927, 366905, 656088, 977484, 374458, 154364, 545714, 122343, 37.6, 45.5, 1.00
A, 716765, 366837, 656087, 976885, 374332, 154260, 545553, 122201, 37.6, 45.5, 1.00
A, 716318, 366728, 655902, 976378, 374242, 154168, 545422, 122244, 37.6, 45.4, 1.01
A, 716055, 366615, 655881, 976067, 374125, 154139, 545223, 122259, 37.6, 45.4, 0.99
A, 716227, 366640, 656314, 976006, 374099, 154155, 545203, 122199, 37.6, 45.4, 1.00
A, 715820, 366481, 656381, 975870, 373971, 154226, 545127, 122295, 37.6, 45.4, 0.99
A, 715948, 366473, 656698, 976034, 373959, 154204, 545114, 122294, 37.6, 45.4, 1.01
A, 715744, 366390, 656762, 975388, 373889, 154171, 544960, 122199, 37.6, 45.4, 0.99
A, 715532, 366260, 656708, 975023, 373725, 154093, 544802, 122171, 37.6, 45.4, 1.00
A, 715170, 366167, 656703, 974838, 373618, 154084, 544706, 122196, 37.6, 45.4, 1.00
A, 714827, 366054, 656710, 974565, 373586, 154087, 544623, 122228, 37.6, 45.5, 1.00
A, 715062, 365996, 657156, 974724, 373562, 154141, 544584, 122264, 37.6, 45.5, 1.00
A, 714871, 365969, 657061, 974124, 373437, 154026, 544501, 122153, 37.6, 45.5, 1.01
A, 714668, 365930, 657099, 973690, 373393, 153984, 544320, 122199, 37.6, 45.5, 1.00
A, 716242, 366099, 659282, 975904, 373692, 154288, 544693, 122436, 37.6, 45.4, 1.01
A, 715920, 366102, 659231, 975516, 373581, 154248, 544611, 122384, 37.6, 45.4, 0.98
A, 715677, 366108, 659285, 975288, 373527, 154328, 544515, 122391, 37.6, 45.4, 1.00
A, 715457, 366085, 659226, 974978, 373392, 154271, 544406, 122391, 37.6, 45.4, 1.00
A, 715211, 365869, 659214, 974521, 373344, 154222, 544309, 122247, 37.6, 45.4, 0.99
A, 714670, 365711, 658835, 973780, 373192, 154070, 544115, 122224, 37.6, 45.4, 1.00
A, 714291, 365655, 658708, 973374, 373066, 154116, 543970, 122239, 37.6, 45.4, 1.00
A, 714235, 365673, 658944, 973232, 373044, 154111, 543932, 122243, 37.6, 45.4, 1.00
A, 713874, 365560, 658901, 973061, 372935, 154062, 543806, 122213, 37.6, 45.4, 1.00
A, 714080, 365518, 659232, 973089, 372949, 154105, 543820, 122310, 37.6, 45.4, 1.00
A, 713808, 365458, 659377, 972769, 372839, 153978, 543736, 122221, 37.6, 45.4, 0.99
A, 713598, 365378, 659293, 972305, 372725, 154019, 543569, 122182, 37.6, 45.4, 0.99
A, 713112, 365306, 659169, 972094, 372638, 153983, 543414, 122252, 37.6, 45.4, 1.01
A, 712836, 365197, 659062, 971706, 372507, 153958, 543397, 122155, 37.6, 45.4, 1.01
A, 713004, 365132, 659508, 971720, 372478, 153917, 543332, 122212, 37.6, 45.4, 0.99
A, 712953, 365082, 659649, 971730, 372448, 153890, 543277, 122195, 37.6, 45.4, 1.01
A, 713101, 365181, 660041, 971793, 372499, 153957, 543308, 122189, 37.6, 45.4, 1.00
A, 712881, 365075, 660032, 971289, 372359, 153863, 543181, 122096, 37.6, 45.4, 1.00
A, 712804, 364920, 660065, 971339, 372358, 153984, 543143, 122205, 37.6, 45.4, 1.00
A, 712390, 364982, 659907, 970770, 372240, 153873, 543051, 122160, 37.6, 45.4, 0.98
A, 713724, 364955, 661694, 972431, 372419, 154045, 543182, 122347, 37.6, 45.4, 1.00
A, 713041, 365153, 661269, 971669, 372438, 154016, 543165, 122216, 37.6, 45.4, 1.01
A, 712761, 364961, 661129, 971471, 372154, 153928, 542966, 122189, 37.6, 45.4, 1.00
A, 712766, 364997, 661308, 971206, 372222, 154023, 542999, 122266, 37.6, 45.4, 1.00
A, 712560, 364869, 661178, 970871, 372130, 153961, 542853, 122237, 37.6, 45.4, 1.01
A, 712051, 364818, 661083, 970389, 372032, 153867, 542738, 122162, 37.6, 45.4, 1.01
A, 711759, 364758, 660873, 970070, 371887, 153833, 542584, 122199, 37.6, 45.4, 0.99
A, 711923, 364733, 661392, 970302, 371949, 153816, 542650, 122158, 37.6, 45.4, 1.00
A, 711771, 364585, 661399, 970154, 371911, 153810, 542578, 122151, 37.6, 45.4, 1.01
A, 711373, 364484, 661128, 969594, 371717, 153737, 542434, 122139, 37.6, 45.4, 1.00
A, 711536, 364527, 661518, 969872, 371712, 153790, 542466, 122157, 37.6, 45.4, 1.01
A, 711465, 364509, 661540, 969420, 371674, 153762, 542346, 122106, 37.6, 45.4, 1.01
A, 711138, 364339, 661481, 969114, 371636, 153724, 542279, 122094, 37.6, 45.5, 1.00
A, 710803, 364342, 661237, 968867, 371483, 153679, 542138, 122033, 37.6, 45.5, 1.00
A, 710944, 364289, 661678, 968891, 371484, 153677, 542226, 122087, 37.6, 45.5, 0.99
A, 710667, 364162, 661760, 968865, 371447, 153717, 542106, 122059, 37.6, 45.5, 1.01
A, 710852, 364135, 662066, 969022, 371449, 153712, 542109, 122117, 37.6, 45.4, 1.01
A, 710957, 364289, 662290, 968776, 371366, 153641, 542104, 122106, 37.6, 45.4, 1.00
A, 710580, 364204, 662193, 968524, 371276, 153569, 542015, 122129, 37.6, 45.5, 1.00
A, 710570, 364108, 662397, 968707, 371375, 153676, 541984, 122099, 37.6, 45.5, 1.00
A, 712245, 364399, 664375, 970465, 371650, 153929, 542332, 122414, 37.6, 45.5, 1.00
A, 711854, 364417, 664290, 970201, 371611, 153848, 542200, 122317, 37.6, 45.5, 1.01
A, 711299, 364421, 663797, 969371, 371462, 153753, 542154, 122245, 37.6, 45.5, 1.01
A, 710923, 364252, 663498, 968807, 371329, 153742, 541904, 122095, 37.6, 45.5, 0.99
A, 710770, 364219, 663674, 968938, 371320, 153764, 541894, 122189, 37.6, 45.5, 1.00
A, 710501, 364077, 663598, 968580, 371210, 153669, 541800, 122175, 37.6, 45.5, 0.99
A, 710255, 364110, 663590, 968318, 371158, 153624, 541690, 122075, 37.6, 45.5, 1.01
A, 710340, 364062, 663879, 968502, 371199, 153718, 541765, 122209, 37.6, 45.5, 1.00
A, 710382, 364008, 663996, 968175, 371141, 153638, 541685, 122122, 37.6, 45.5, 1.00
A, 710185, 364016, 663897, 967996, 371085, 153570, 541662, 122020, 37.6, 45.5, 1.00
A, 709940, 363908, 663752, 967699, 370982, 153601, 541512, 122121, 37.6, 45.5, 1.00
A, 709991, 363940, 664206, 967746, 370960, 153633, 541525, 122109, 37.6, 45.5, 1.00
A, 709790, 363871, 664093, 967707, 370892, 153576, 541464, 122109, 37.6, 45.5, 0.99
A, 710003, 363915, 664438, 967821, 370903, 153569, 541529, 122170, 37.6, 45.5, 1.00
A, 709912, 363921, 664699, 967762, 370873, 153581, 541466, 122120, 37.6, 45.5, 1.01
A, 709360, 363749, 664233, 967215, 370773, 153469, 541294, 122047, 37.6, 45.5, 1.00
A, 709397, 363703, 664579, 967265, 370762, 153543, 541271, 122092, 37.6, 45.5, 0.99
A, 709210, 363654, 664595, 967135, 370661, 153473, 541218, 121986, 37.6, 45.5, 1.01
A, 709376, 363777, 664957, 967201, 370708, 153447, 541270, 122086, 37.6, 45.5, 1.01
A, 709142, 363649, 664725, 966731, 370633, 153438, 541134, 122029, 37.6, 45.5, 1.00
A, 710360, 363722, 666249, 968375, 370854, 153665, 541414, 122322, 37.6, 45.5, 1.01
A, 709941, 363867, 666182, 967860, 370914, 153578, 541406, 122174, 37.6, 45.5, 1.01
A, 709649, 363841, 665950, 967625, 370739, 153612, 541281, 122157, 37.6, 45.5, 1.00
A, 709376, 363832, 665879, 966985, 370781, 153486, 541206, 122112, 37.6, 45.5, 0.98
A, 708886, 363546, 665570, 966451, 370508, 153431, 540961, 122034, 37.6, 45.5, 1.00
A, 708939, 363536, 665696, 966660, 370524, 153415, 541009, 122060, 37.6, 45.5, 0.99
A, 708785, 363556, 665700, 966526, 370419, 153401, 540987, 122039, 37.6, 45.5, 1.01
A, 708618, 363502, 665703, 966224, 370411, 153396, 540879, 122056, 37.6, 45.5, 1.00
A, 708810, 363517, 666182, 966561, 370453, 153438, 540982, 122102, 37.6, 45.5, 0.99
A, 708674, 363482, 666210, 966283, 370413, 153416, 540888, 122055, 37.6, 45.5, 1.00
A, 708492, 363427, 666198, 965966, 370416, 153379, 540824, 122030, 37.6, 45.5, 1.00
A, 708169, 363352, 666023, 965917, 370258, 153292, 540661, 122041, 37.6, 45.5, 1.00
A, 708309, 363359, 666447, 966070, 370271, 153369, 540718, 122082, 37.6, 45.5, 1.00
A, 708046, 363293, 666283, 965802, 370243, 153340, 540653, 122062, 37.6, 45.5, 1.00
A, 708362, 363262, 666797, 966097, 370192, 153362, 540692, 122062, 37.6, 45.5, 1.00
A, 708293, 363226, 667037, 966044, 370239, 153264, 540729, 122047, 37.6, 45.5, 1.00
A, 708154, 363189, 666910, 965891, 370211, 153267, 540640, 122060, 37.6, 45.5, 1.00
A, 708219, 363295, 667160, 965846, 370205, 153291, 540613, 122116, 37.6, 45.5, 1.00
A, 708157, 363204, 667366, 965775, 370190, 153300, 540553, 122028, 37.6, 45.5, 0.98
A, 707901, 363260, 667169, 965581, 370164, 153227, 540545, 122005, 37.6, 45.5, 1.00
A, 709390, 363414, 669099, 967341, 370404, 153514, 540828, 122332, 37.6, 45.5, 1.01
A, 709409, 363446, 669265, 967318, 370448, 153441, 540910, 122251, 37.6, 45.5, 1.00
A, 708576, 363392, 668545, 966397, 370318, 153430, 540763, 122134, 37.6, 45.5, 1.01
A, 708140, 363331, 668343, 966147, 370198, 153360, 540592, 122150, 37.6, 45.5, 1.00
A, 707707, 363318, 668052, 965495, 370121, 153270, 540466, 122028, 37.6, 45.5, 1.00
A, 707493, 363098, 668023, 965096, 369950, 153200, 540332, 121956, 37.6, 45.5, 1.00
A, 707647, 363127, 668213, 965306, 369981, 153271, 540329, 122043, 37.6, 45.5, 1.00
A, 707480, 363146, 668147, 965097, 369962, 153260, 540310, 121992, 37.6, 45.5, 0.99
A, 707213, 363000, 668230, 965009, 369869, 153198, 540291, 121946, 37.6, 45.5, 0.99
A, 707282, 363096, 668626, 965219, 369912, 153302, 540346, 122035, 37.6, 45.5, 1.00
A, 707436, 363032, 668663, 964804, 369916, 153210, 540306, 121993, 37.6, 45.5, 1.01
A, 707125, 362998, 668619, 964673, 369848, 153142, 540215, 122080, 37.6, 45.5, 0.99
A, 706874, 362853, 668559, 964615, 369844, 153115, 540174, 122033, 37.6, 45.5, 1.00
A, 706953, 362988, 668871, 964810, 369846, 153134, 540192, 122046, 37.6, 45.5, 1.00
A, 706987, 362834, 668908, 964585, 369792, 153211, 540150, 122043, 37.6, 45.5, 1.01
A, 707227, 362974, 669391, 964947, 369894, 153182, 540171, 122069, 37.6, 45.5, 0.99
A, 706951, 362945, 669314, 964498, 369776, 153146, 540120, 122016, 37.6, 45.5, 1.01
A, 706853, 362809, 669158, 964364, 369772, 153097, 540136, 121965, 37.6, 45.5, 0.99
A, 706813, 362807, 669447, 964603, 369700, 153111, 540064, 122032, 37.6, 45.5, 1.01
A, 706568, 362803, 669471, 964541, 369702, 153136, 540017, 121991, 37.6, 45.5, 1.01
A, 708189, 363015, 671308, 966414, 369941, 153421, 540387, 122273, 37.6, 45.5, 1.00
A, 708277, 363213, 671498, 966125, 370127, 153347, 540432, 122192, 37.6, 45.5, 1.00
A, 707781, 363122, 671204, 965738, 369969, 153274, 540322, 122161, 37.6, 45.5, 1.00
A, 707386, 363146, 670850, 965127, 369874, 153196, 540232, 122144, 37.6, 45.5, 0.99
A, 706994, 362934, 670739, 964889, 369758, 153227, 540085, 122037, 37.6, 45.5, 1.01
A, 706167, 362873, 670121, 964092, 369708, 153096, 540035, 121987, 37.6, 45.5, 1.00
A, 706040, 362765, 670001, 963751, 369549, 153014, 539806, 121913, 37.6, 45.5, 1.00
A, 706072, 362727, 670272, 963969, 369548, 153042, 539914, 121928, 37.6, 45.5, 1.01
A, 705872, 362684, 670202, 963614, 369485, 152936, 539791, 121951, 37.6, 45.5, 1.00
A, 705757, 362626, 670116, 963580, 369459, 152959, 539690, 121974, 37.6, 45.5, 1.01
A, 705892, 362682, 670631, 963881, 369492, 153025, 539754, 122023, 37.6, 45.5, 0.99
A, 705941, 362605, 670722, 963552, 369480, 152950, 539772, 121987, 37.6, 45.5, 1.00
A, 705724, 362521, 670578, 963335, 369407, 152968, 539698, 121869, 37.6, 45.5, 1.00
A, 705243, 362473, 670385, 963122, 369308, 152845, 539598, 121865, 37.6, 45.5, 1.01
A, 705654, 362493, 670823, 963347, 369374, 152871, 539633, 121932, 37.6, 45.5, 1.00
A, 705226, 362463, 670559, 963076, 369293, 152852, 539551, 121966, 37.6, 45.5, 0.99
A, 705636, 362440, 671264, 963443, 369377, 152916, 539670, 121978, 37.6, 45.5, 0.99
A, 705673, 362468, 671379, 963234, 369426, 152949, 539635, 121924, 37.6, 45.5, 0.99
A, 705623, 362453, 671378, 963242, 369345, 152876, 539639, 121897, 37.6, 45.5, 1.00
A, 705601, 362489, 671638, 963541, 369312, 152932, 539654, 122021, 37.6, 45.5, 0.99
A, 706975, 362737, 673466, 965466, 369637, 153154, 539968, 122239, 37.6, 45.5, 1.00
A, 707099, 362830, 673706, 965309, 369719, 153169, 540009, 122238, 37.6, 45.5, 1.00
A, 706825, 362841, 673405, 964875, 369732, 153105, 539983, 122174, 37.6, 45.5, 1.01
A, 706050, 362704, 672820, 964207, 369559, 153041, 539853, 122091, 37.6, 45.5, 1.00
A, 705767, 362672, 672822, 963782, 369476, 152960, 539718, 122001, 37.6, 45.5, 1.00
A, 705624, 362572, 672707, 963790, 369369, 152953, 539670, 121968, 37.6, 45.5, 1.00
A, 705622, 362623, 672980, 963878, 369386, 152990, 539629, 122031, 37.6, 45.5, 1.00
A, 705625, 362608, 673153, 963873, 369366, 153022, 539624, 122083, 37.6, 45.5, 1.01
A, 705644, 362602, 673218, 963771, 369392, 152972, 539648, 121984, 37.6, 45.5, 1.00
A, 705450, 362476, 673069, 963383, 369382, 152896, 539543, 121919, 37.6, 45.5, 1.00
A, 705125, 362435, 673002, 963335, 369269, 152873, 539521, 121988, 37.6, 45.5, 1.01
A, 705098, 362425, 673161, 963214, 369250, 152836, 539524, 121975, 37.6, 45.5, 1.01
A, 705020, 362339, 673278, 963161, 369240, 152833, 539466, 121988, 37.6, 45.5, 1.01
A, 705183, 362400, 673593, 963422, 369283, 152893, 539521, 121975, 37.6, 45.5, 1.00
A, 705242, 362485, 673704, 963182, 369279, 152830, 539439, 121921, 37.6, 45.5, 1.00
A, 705048, 362453, 673667, 963091, 369236, 152843, 539411, 121985, 37.6, 45.5, 0.99
A, 704915, 362367, 673466, 963047, 369140, 152779, 539408, 121984, 37.6, 45.5, 1.00
A, 704933, 362461, 673946, 963270, 369194, 152894, 539471, 121998, 37.6, 45.5, 1.00
A, 705051, 362399, 674055, 963078, 369219, 152865, 539488, 121974, 37.6, 45.5, 1.00
A, 705146, 362355, 674463, 963479, 369263, 152891, 539497, 122069, 37.6, 45.5, 1.00
A, 707047, 362712, 676833, 965841, 369596, 153204, 539954, 122290, 37.6, 45.5, 1.00
A, 706737, 362766, 676441, 965210, 369637, 153099, 539904, 122197, 37.6, 45.5, 1.00
A, 706404, 362781, 676416, 965138, 369575, 153115, 539876, 122254, 37.6, 45.5, 1.00
A, 705742, 362754, 675874, 964176, 369518, 152942, 539652, 122115, 37.6, 45.5, 1.01
A, 705619, 362588, 675629, 963684, 369389, 152917, 539614, 122094, 37.6, 45.5, 0.99
A, 704590, 362490, 674899, 962803, 369226, 152869, 539362, 121971, 37.6, 45.5, 1.01
A, 703841, 362237, 674158, 962150, 368879, 152667, 539153, 121856, 37.6, 45.5, 0.99
A, 704078, 362354, 674592, 962310, 369035, 152716, 539178, 121900, 37.6, 45.5, 0.99
A, 704134, 362234, 674787, 962372, 368999, 152677, 539170, 121900, 37.6, 45.5, 1.00
A, 704022, 362273, 674690, 962106, 369035, 152656, 539206, 121884, 37.6, 45.5, 1.00
A, 703771, 362104, 674795, 962216, 368923, 152647, 539161, 121882, 37.6, 45.5, 1.01
A, 704173, 362190, 675319, 962259, 369006, 152687, 539196, 121846, 37.6, 45.5, 1.01
A, 703353, 362120, 674810, 961756, 368943, 152591, 539130, 121835, 37.6, 45.5, 1.00
A, 703456, 362094, 674795, 961668, 368875, 152580, 539046, 121864, 37.6, 45.5, 1.00
A, 703320, 362036, 674782, 961668, 368813, 152557, 538997, 121838, 37.6, 45.5, 1.00
A, 703581, 362002, 675047, 961702, 368865, 152529, 539095, 121836, 37.6, 45.5, 0.99
A, 703457, 361912, 675072, 961538, 368891, 152575, 539082, 121823, 37.6, 45.5, 1.00
A, 703166, 361985, 675149, 961643, 368817, 152523, 539066, 121806, 37.6, 45.5, 1.00
A, 703673, 362074, 675540, 961828, 368836, 152598, 539149, 121914, 37.6, 45.5, 1.01
A, 703471, 361886, 675575, 961834, 368816, 152531, 539003, 121902, 37.6, 45.5, 1.00
A, 705340, 362256, 678011, 964364, 369252, 152818, 539531, 122217, 37.6, 45.5, 1.01
A, 705478, 362419, 678010, 963858, 369318, 152821, 539605, 122098, 37.6, 45.5, 0.99
A, 705047, 362379, 677760, 963577, 369252, 152754, 539508, 122100, 37.6, 45.5, 1.01
A, 704632, 362272, 677360, 963418, 369200, 152756, 539391, 122088, 37.6, 45.5, 1.00
A, 704409, 362329, 677253, 962910, 369147, 152755, 539362, 121988, 37.6, 45.5, 1.01
A, 704193, 362249, 677249, 962763, 369068, 152706, 539267, 121987, 37.6, 45.5, 0.99
A, 704030, 362332, 677228, 962598, 369107, 152649, 539297, 121934, 37.6, 45.5, 0.99
A, 703763, 362126, 677116, 962283, 368975, 152585, 539161, 121895, 37.6, 45.5, 1.00
A, 703713, 362044, 677214, 962504, 368951, 152629, 539206, 121954, 37.6, 45.5, 1.00
A, 703692, 362104, 677336, 962391, 368987, 152609, 539179, 121903, 37.6, 45.5, 1.01
A, 703655, 362064, 677366, 962335, 368902, 152581, 539144, 121923, 37.6, 45.5, 1.00
A, 703953, 362250, 677823, 962727, 368949, 152678, 539218, 122045, 37.6, 45.5, 1.00
A, 703901, 362214, 678049, 962684, 368967, 152660, 539242, 122005, 37.6, 45.5, 1.00
A, 703705, 362172, 677932, 962395, 368966, 152645, 539200, 121951, 37.6, 45.5, 1.00
A, 703532, 362080, 677832, 962321, 368935, 152575, 539087, 121974, 37.6, 45.5, 1.00
A, 703645, 362128, 677981, 962294, 368997, 152550, 539236, 122023, 37.6, 45.5, 1.00
A, 703405, 362115, 678076, 962314, 368839, 152590, 539145, 121981, 37.6, 45.5, 1.00
A, 703750, 362105, 678511, 962614, 368997, 152638, 539211, 122010, 37.6, 45.5, 1.00
A, 703769, 362170, 678699, 962559, 368995, 152577, 539200, 121976, 37.6, 45.5, 1.00
A, 703526, 362072, 678602, 962381, 368913, 152539, 539149, 121987, 37.6, 45.5, 1.00
A, 704989, 362245, 680237, 964339, 369240, 152833, 539508, 122242, 37.6, 45.5, 1.00
A, 704759, 362411, 680281, 964073, 369241, 152777, 539503, 122200, 37.6, 45.5, 1.00
A, 704463, 362371, 680103, 963563, 369222, 152722, 539440, 122101, 37.6, 45.5, 1.00
A, 704029, 362281, 679803, 963085, 369131, 152610, 539337, 122001, 37.6, 45.5, 1.00
A, 703802, 362146, 679632, 962787, 369052, 152618, 539242, 122039, 37.6, 45.5, 0.99
A, 703138, 362163, 678928, 961837, 368861, 152541, 539092, 121910, 37.6, 45.5, 0.99
A, 702896, 362077, 679015, 961969, 368844, 152499, 539068, 121899, 37.6, 45.5, 1.00
A, 702852, 362039, 678841, 961654, 368874, 152467, 539092, 121825, 37.6, 45.5, 0.98
A, 702442, 361861, 678747, 961032, 368670, 152388, 538847, 121790, 37.6, 45.5, 1.01
A, 702670, 361823, 679095, 961602, 368737, 152419, 538939, 121881, 37.6, 45.5, 1.00
A, 702698, 361832, 679264, 961711, 368827, 152449, 538974, 121949, 37.6, 45.5, 1.00
A, 702625, 361873, 679382, 961657, 368791, 152489, 539003, 121992, 37.6, 45.5, 1.00
A, 702927, 361857, 679775, 961941, 368858, 152516, 539077, 121968, 37.6, 45.5, 1.00
A, 702975, 361928, 679964, 962000, 368863, 152483, 539058, 121908, 37.6, 45.5, 1.00
A, 702753, 361989, 679936, 961749, 368804, 152466, 538989, 121946, 37.6, 45.5, 1.00
A, 702765, 361900, 679981, 961845, 368808, 152416, 539012, 121950, 37.6, 45.5, 1.00
A, 703058, 361931, 680511, 962032, 368900, 152465, 539073, 122024, 37.6, 45.5, 1.00
A, 702856, 361897, 680470, 962107, 368861, 152518, 539119, 122012, 37.6, 45.5, 1.00
A, 703110, 362020, 680826, 962464, 368914, 152520, 539171, 122028, 37.6, 45.5, 1.00
A, 703164, 362074, 681044, 962352, 368938, 152535, 539186, 121998, 37.6, 45.5, 1.01
A, 704718, 362285, 682987, 964282, 369205, 152764, 539510, 122257, 37.6, 45.5, 1.00
A, 704609, 362461, 682940, 964169, 369270, 152764, 539605, 122148, 37.6, 45.5, 1.00
A, 704280, 362383, 682778, 963905, 369223, 152688, 539486, 122117, 37.6, 45.5, 1.00
A, 704241, 362457, 683044, 963937, 369221, 152812, 539487, 122201, 37.6, 45.5, 1.00
A, 703936, 362526, 682735, 963459, 369150, 152684, 539419, 122073, 37.6, 45.5, 1.00
A, 703746, 362318, 682663, 963148, 369066, 152618, 539309, 122044, 37.6, 45.5, 0.99
A, 703115, 362318, 682206, 962674, 369039, 152535, 539253, 122034, 37.6, 45.5, 1.00
A, 702906, 362238, 682154, 962632, 368887, 152539, 539163, 122045, 37.6, 45.5, 1.00
A, 703061, 362261, 682418, 962648, 368940, 152595, 539199, 122056, 37.6, 45.5, 1.01
A, 703092, 362203, 682610, 962612, 368993, 152573, 539237, 122102, 37.6, 45.5, 1.00
A, 703118, 362254, 682738, 962741, 369003, 152566, 539191, 122082, 37.6, 45.5, 1.00
A, 702707, 362239, 682634, 962383, 368902, 152457, 539202, 122002, 37.6, 45.6, 1.00
A, 702620, 362158, 682566, 962163, 368886, 152530, 539113, 122038, 37.6, 45.6, 1.00
A, 702625, 362078, 682722, 962333, 368921, 152511, 539160, 122019, 37.6, 45.6, 1.00
A, 702501, 362065, 682629, 962227, 368873, 152511, 539117, 122006, 37.6, 45.6, 1.00
A, 702725, 362078, 683100, 962455, 368870, 152516, 539190, 122095, 37.6, 45.6, 1.00
A, 702680, 362115, 683140, 962457, 368864, 152441, 539155, 121948, 37.6, 45.6, 1.00
A, 702494, 362067, 683073, 962195, 368870, 152456, 539153, 121959, 37.6, 45.6, 1.00
A, 702385, 362042, 683045, 962032, 368806, 152464, 539113, 122004, 37.6, 45.6, 1.00
A, 702622, 362038, 683376, 962260, 368851, 152547, 539141, 122051, 37.6, 45.5, 1.01
A, 704291, 362316, 685433, 964335, 369221, 152692, 539522, 122277, 37.6, 45.5, 1.01
A, 703669, 362344, 684839, 963537, 369188, 152608, 539484, 122135, 37.6, 45.5, 1.00
A, 703492, 362354, 684992, 963395, 369109, 152570, 539300, 122058, 37.6, 45.5, 1.00
A, 703044, 362286, 684569, 963105, 368976, 152508, 539300, 122080, 37.6, 45.6, 1.00
A, 702674, 362183, 684321, 962727, 368954, 152545, 539210, 122045, 37.6, 45.6, 1.00
A, 702655, 362239, 684322, 962378, 368939, 152441, 539225, 122005, 37.6, 45.6, 1.01
A, 702322, 362114, 684175, 962174, 368881, 152423, 539139, 121960, 37.6, 45.6, 1.01
A, 701728, 362079, 683761, 961621, 368777, 152392, 539038, 121914, 37.6, 45.6, 1.00
A, 701781, 361948, 683729, 961632, 368737, 152381, 539062, 121921, 37.6, 45.6, 0.99
A, 702027, 362091, 684140, 961853, 368778, 152338, 539091, 121990, 37.6, 45.6, 1.00
A, 702051, 362148, 684405, 961968, 368804, 152368, 539084, 121993, 37.6, 45.6, 1.00
A, 702143, 362175, 684477, 961868, 368901, 152366, 539153, 121989, 37.6, 45.6, 1.00
A, 701762, 362072, 684106, 961460, 368758, 152321, 539017, 121900, 37.6, 45.6, 1.00
A, 701514, 361891, 684146, 961540, 368692, 152261, 538998, 121907, 37.6, 45.6, 1.00
A, 701862, 361918, 684497, 961831, 368776, 152322, 539115, 121973, 37.6, 45.6, 1.00
A, 701734, 361916, 684415, 961678, 368753, 152378, 539004, 121987, 37.6, 45.6, 1.00
A, 701739, 361913, 684523, 961614, 368738, 152334, 539048, 121981, 37.6, 45.6, 1.00
A, 701832, 361927, 684698, 961665, 368770, 152297, 539079, 121928, 37.6, 45.6, 1.00
A, 701704, 361971, 684874, 961668, 368827, 152279, 539031, 121919, 37.6, 45.6, 1.00
A, 701662, 361908, 684892, 961518, 368705, 152250, 539033, 121956, 37.6, 45.6, 1.00
M, 700418, 361883, 682680, 958299, 368616, 151769, 538707, 121316, 37.6, 45.6, 0.00
M, 691046, 359796, 671964, 947002, 366088, 150198, 535611, 119760, 37.6, 45.6, 0.55
M, 683734, 357752, 663378, 937895, 363830, 148865, 533064, 118728, 37.6, 45.6, 0.73
M, 677928, 356018, 656692, 930855, 362369, 147808, 531469, 117851, 37.6, 45.6, 0.84
M, 673095, 354522, 650555, 924420, 361367, 146755, 530724, 117104, 37.7, 45.6, 0.89
M, 669958, 353637, 645800, 919496, 361051, 146038, 530792, 116543, 37.7, 45.6, 0.93
M, 667474, 352857, 641419, 915568, 360904, 145152, 531019, 116128, 37.7, 45.7, 0.96
M, 665842, 352367, 637653, 912373, 360973, 144480, 531393, 115724, 37.7, 45.7, 0.96
M, 664820, 351826, 634536, 910126, 360918, 143928, 531676, 115377, 37.6, 45.7, 0.97
M, 664436, 351472, 632262, 909142, 361081, 143502, 532019, 115162, 37.6, 45.7, 0.99
M, 664301, 351164, 629534, 907784, 361303, 142969, 532395, 114974, 37.7, 45.8, 0.99
M, 664603, 350874, 628251, 907578, 361381, 142763, 532662, 114885, 37.7, 45.8, 1.00
M, 665519, 350617, 626571, 907645, 361767, 142359, 533237, 114743, 37.7, 45.8, 0.99
M, 666011, 350417, 625461, 907818, 361835, 142204, 533418, 114670, 37.7, 45.8, 1.01
M, 667170, 350222, 624855, 908746, 362105, 142033, 533838, 114638, 37.7, 45.8, 1.00
M, 668228, 350059, 624057, 909611, 362402, 141948, 534267, 114662, 37.7, 45.8, 1.01
M, 669227, 349949, 623700, 910688, 362732, 141882, 534651, 114670, 37.7, 45.8, 1.01
M, 670590, 349720, 623359, 911938, 363065, 141735, 535113, 114736, 37.7, 45.8, 1.00
M, 672157, 349722, 623272, 913207, 363451, 141651, 535723, 114657, 37.7, 45.8, 0.99
M, 673243, 349571, 623036, 914701, 363861, 141642, 536144, 114739, 37.7, 45.8, 1.00
M, 675799, 349777, 624463, 917929, 364472, 141834, 536957, 115004, 37.7, 45.8, 1.00
M, 676888, 349855, 624385, 919139, 364897, 141793, 537439, 115005, 37.7, 45.9, 0.99
M, 677835, 349688, 624168, 919992, 365196, 141783, 537794, 114964, 37.7, 45.9, 0.99
M, 679068, 349777, 624357, 921719, 365624, 141814, 538378, 115084, 37.7, 45.9, 0.99
M, 680075, 349726, 624311, 923051, 366014, 141818, 538840, 115049, 37.7, 45.9, 1.01
M, 681012, 349783, 624188, 924134, 366384, 141779, 539337, 115128, 37.7, 45.9, 1.00
M, 681954, 349791, 624417, 925525, 366773, 141860, 539764, 115180, 37.7, 45.9, 1.00
M, 682853, 349896, 624482, 926655, 367161, 141856, 540243, 115220, 37.7, 45.9, 0.98
M, 684066, 349883, 624689, 927790, 367549, 141831, 540788, 115200, 37.7, 45.9, 1.00
M, 684612, 350021, 624602, 928942, 367956, 141893, 541173, 115242, 37.7, 45.9, 1.00
M, 685493, 350090, 624808, 930262, 368271, 141956, 541648, 115313, 37.7, 45.9, 1.00
M, 686176, 350176, 624552, 930976, 368727, 141898, 542200, 115319, 37.7, 45.9, 0.99
M, 686616, 350297, 624681, 931794, 368931, 141939, 542393, 115288, 37.7, 45.9, 1.01
M, 687307, 350355, 624557, 932964, 369407, 141923, 542966, 115367, 37.7, 45.9, 1.01
M, 687872, 350384, 624624, 933605, 369615, 141980, 543252, 115312, 37.7, 45.9, 1.01
M, 688817, 350606, 625063, 935030, 369910, 142024, 543673, 115436, 37.7, 45.9, 1.00
M, 689518, 350655, 625269, 935992, 370377, 142039, 544145, 115447, 37.7, 45.9, 0.99
M, 690172, 350798, 625406, 936951, 370646, 142057, 544521, 115533, 37.7, 45.9, 1.00
M, 691079, 351082, 625952, 938249, 371058, 142157, 545034, 115596, 37.7, 45.9, 1.00
M, 692025, 351239, 626212, 939345, 371486, 142151, 545519, 115614, 37.7, 45.9, 1.01
M, 694223, 351673, 628210, 942272, 372089, 142466, 546257, 115855, 37.7, 45.9, 1.00
M, 694924, 352023, 628340, 943223, 372534, 142550, 546700, 115872, 37.7, 45.9, 0.99
M, 695250, 352210, 628410, 943852, 372800, 142592, 546993, 115887, 37.7, 45.9, 1.00
M, 695562, 352281, 628346, 944471, 372992, 142512, 547225, 115843, 37.7, 45.9, 1.00
M, 696383, 352588, 628813, 945583, 373401, 142648, 547684, 115966, 37.7, 45.9, 1.00
M, 696938, 352791, 628969, 946271, 373701, 142685, 548094, 115926, 37.7, 45.9, 1.01
M, 697264, 352894, 628934, 946877, 373949, 142670, 548346, 115892, 37.7, 45.9, 1.00
M, 697698, 353095, 629192, 947794, 374262, 142766, 548685, 116038, 37.7, 45.9, 1.00
M, 698048, 353241, 629229, 948311, 374449, 142764, 548977, 115991, 37.7, 45.9, 0.99
M, 698798, 353476, 629417, 949092, 374792, 142800, 549359, 116011, 37.7, 45.9, 1.00
M, 698952, 353723, 629396, 949478, 375039, 142840, 549592, 115979, 37.7, 45.9, 1.01
M, 699219, 353791, 629358, 950047, 375199, 142880, 549876, 115977, 37.7, 45.9, 1.00
M, 699682, 353997, 629552, 950691, 375620, 142811, 550200, 116060, 37.7, 45.9, 0.99
M, 699744, 354051, 629355, 951120, 375633, 142876, 550410, 116015, 37.7, 45.9, 1.00
M, 700191, 354356, 629371, 951560, 376012, 142905, 550762, 116051, 37.7, 46.0, 1.01
M, 700539, 354339, 629588, 951970, 376069, 142888, 550892, 116026, 37.7, 46.0, 1.00
M, 700908, 354542, 629784, 952840, 376275, 142994, 551226, 116065, 37.7, 46.0, 0.99
M, 701385, 354714, 629946, 953634, 376578, 142957, 551496, 116103, 37.7, 46.0, 1.01
M, 701915, 354939, 630269, 954225, 376845, 143034, 551778, 116195, 37.7, 46.0, 0.99
M, 702648, 355234, 630997, 955310, 377147, 143131, 552175, 116237, 37.7, 46.0, 1.01
M, 705111, 355713, 633321, 958435, 377781, 143393, 552860, 116502, 37.7, 46.0, 1.00
M, 705064, 355960, 633100, 958455, 378004, 143389, 553077, 116456, 37.7, 46.0, 1.01
M, 705410, 356109, 633199, 959098, 378196, 143412, 553263, 116483, 37.7, 46.0, 1.00
M, 705449, 356282, 633118, 959207, 378358, 143395, 553493, 116403, 37.7, 46.0, 0.99
M, 705616, 356394, 632992, 959640, 378437, 143502, 553651, 116461, 37.7, 46.0, 1.01
M, 705868, 356595, 633087, 959997, 378632, 143536, 553823, 116503, 37.7, 46.0, 1.00
M, 706472, 356739, 633574, 960805, 378969, 143513, 554137, 116449, 37.7, 46.0, 1.00
M, 706607, 356930, 633431, 960978, 379016, 143552, 554353, 116465, 37.7, 46.0, 1.00
M, 706995, 357167, 633771, 961553, 379219, 143605, 554507, 116581, 37.7, 46.0, 0.99
M, 707161, 357252, 633869, 961910, 379374, 143619, 554773, 116550, 37.7, 46.0, 1.00
M, 707635, 357483, 634269, 962773, 379627, 143743, 554985, 116619, 37.7, 46.0, 1.00
M, 707880, 357690, 634315, 963007, 379801, 143684, 555189, 116627, 37.7, 46.0, 1.01
M, 708082, 357771, 634482, 963414, 379910, 143695, 555368, 116568, 37.7, 46.0, 1.01
M, 708043, 357868, 634155, 963452, 380085, 143706, 555532, 116556, 37.7, 46.0, 1.01
M, 708159, 357880, 634218, 963908, 380128, 143724, 555588, 116631, 37.7, 46.0, 1.00
M, 708530, 358159, 634327, 964196, 380391, 143744, 555910, 116610, 37.7, 46.0, 1.00
M, 708585, 358187, 634345, 964307, 380471, 143681, 555906, 116534, 37.7, 46.0, 1.01
M, 709034, 358326, 634813, 965202, 380586, 143788, 556130, 116656, 37.7, 46.0, 1.00
M, 709337, 358432, 635040, 965671, 380776, 143865, 556331, 116684, 37.7, 46.0, 1.00
M, 709664, 358505, 635259, 966151, 380921, 143876, 556533, 116696, 37.7, 46.0, 1.01
M, 711987, 358999, 637617, 969131, 381480, 144230, 557186, 116971, 37.7, 46.0, 1.01
M, 712181, 359237, 637521, 968884, 381679, 144188, 557359, 116834, 37.7, 46.0, 1.01
M, 712008, 359319, 637260, 968750, 381730, 144149, 557395, 116814, 37.7, 46.0, 0.99
M, 711856, 359425, 637259, 969170, 381812, 144204, 557443, 116832, 37.7, 46.0, 1.01
M, 712211, 359588, 637371, 969649, 381969, 144220, 557720, 116918, 37.7, 46.0, 0.99
M, 712337, 359652, 637420, 969700, 382064, 144254, 557762, 116910, 37.7, 46.0, 1.00
M, 712785, 359826, 637998, 970368, 382225, 144296, 557944, 116962, 37.7, 46.0, 1.00
M, 712732, 359992, 637852, 970509, 382268, 144217, 558146, 116920, 37.7, 46.0, 1.00
M, 712443, 359988, 637560, 970254, 382356, 144293, 558172, 116826, 37.7, 46.0, 0.99
M, 712663, 360062, 637839, 970746, 382449, 144308, 558210, 116867, 37.7, 46.0, 1.00
M, 712991, 360093, 637948, 971082, 382528, 144298, 558392, 116878, 37.7, 46.0, 0.99
M, 713073, 360224, 638122, 971336, 382618, 144318, 558561, 116971, 37.7, 46.0, 1.00
M, 713384, 360393, 638220, 971404, 382794, 144334, 558712, 116959, 37.7, 46.0, 1.00
M, 713295, 360324, 638197, 971691, 382886, 144328, 558772, 116942, 37.7, 46.0, 1.00
M, 713418, 360538, 638134, 971859, 382962, 144381, 558890, 116972, 37.7, 46.0, 1.01
M, 713521, 360467, 638226, 971968, 382981, 144298, 558934, 116891, 37.7, 46.0, 1.00
M, 713921, 360666, 638789, 972807, 383103, 144418, 559143, 117003, 37.7, 46.0, 0.99
M, 714327, 360752, 639104, 973333, 383287, 144497, 559327, 116993, 37.7, 46.0, 1.00
M, 714819, 360919, 639406, 973691, 383504, 144450, 559533, 116986, 37.7, 46.0, 1.00
M, 714970, 360932, 639584, 973837, 383559, 144485, 559616, 116976, 37.7, 46.0, 1.00
M, 716602, 361194, 641461, 976329, 383906, 144769, 560055, 117229, 37.7, 46.0, 1.01
M, 716832, 361542, 641590, 976633, 384163, 144867, 560315, 117281, 37.7, 46.0, 1.01
M, 716831, 361553, 641429, 976465, 384150, 144791, 560297, 117231, 37.7, 46.0, 1.01
M, 716826, 361628, 641617, 976623, 384289, 144861, 560479, 117215, 37.7, 46.0, 0.99
M, 717012, 361823, 641775, 977091, 384336, 144896, 560524, 117203, 37.7, 46.0, 1.01
M, 716889, 361874, 641652, 976897, 384394, 144855, 560576, 117244, 37.7, 46.0, 1.00
M, 717237, 362014, 641912, 977286, 384491, 144868, 560679, 117212, 37.7, 46.0, 0.99
M, 717146, 362018, 641901, 977499, 384530, 144917, 560754, 117280, 37.7, 46.0, 1.01
M, 717374, 362101, 642241, 977836, 384677, 144956, 560903, 117319, 37.7, 46.0, 1.00
M, 717696, 362218, 642355, 977729, 384713, 144946, 560999, 117187, 37.7, 46.0, 0.99
M, 717630, 362238, 642418, 978027, 384754, 144957, 561032, 117306, 37.7, 46.0, 1.00
M, 717810, 362285, 642534, 978454, 384881, 144991, 561146, 117291, 37.7, 46.0, 1.01
M, 717926, 362341, 642516, 978361, 384937, 144992, 561267, 117351, 37.7, 46.0, 1.00
M, 718012, 362506, 642769, 978633, 385062, 145000, 561378, 117324, 37.7, 46.0, 1.01
M, 717878, 362462, 642652, 978492, 385051, 145011, 561338, 117253, 37.7, 46.0, 0.99
M, 717729, 362515, 642506, 978391, 385081, 144985, 561474, 117245, 37.7, 46.0, 1.01
M, 717542, 362416, 642305, 978341, 385037, 144908, 561373, 117194, 37.7, 46.0, 0.99
M, 717885, 362485, 642662, 978949, 385116, 145026, 561505, 117265, 37.7, 46.0, 1.01
M, 718244, 362517, 643050, 979411, 385206, 145087, 561679, 117290, 37.7, 46.0, 1.01
M, 718499, 362685, 643271, 979440, 385371, 145015, 561834, 117292, 37.7, 46.0, 1.00
M, 719945, 362783, 644829, 981323, 385659, 145234, 562161, 117459, 37.7, 46.0, 0.99
M, 719947, 363058, 644966, 981576, 385839, 145286, 562353, 117503, 37.7, 46.0, 1.00
M, 720104, 363199, 645129, 981834, 385854, 145276, 562379, 117542, 37.7, 46.0, 1.01
M, 720259, 363167, 645173, 981890, 385872, 145314, 562409, 117480, 37.7, 46.0, 0.99
M, 720470, 363316, 645481, 982214, 386041, 145338, 562599, 117538, 37.8, 46.0, 1.00
M, 720531, 363358, 645446, 982121, 386052, 145412, 562576, 117448, 37.8, 46.0, 0.99
M, 720443, 363368, 645458, 981945, 386020, 145352, 562606, 117398, 37.8, 46.0, 1.01
M, 720312, 363321, 645430, 982206, 386084, 145387, 562643, 117451, 37.8, 46.0, 1.01
M, 720595, 363439, 645680, 982712, 386203, 145425, 562756, 117498, 37.8, 46.0, 1.00
M, 720680, 363463, 645723, 982649, 386204, 145440, 562826, 117512, 37.8, 46.0, 1.00
M, 720883, 363584, 646263, 982963, 386265, 145504, 562904, 117529, 37.8, 46.0, 1.01
M, 721059, 363612, 646368, 983311, 386388, 145475, 562992, 117490, 37.8, 46.0, 1.00
M, 721044, 363682, 646315, 983273, 386376, 145465, 563076, 117543, 37.8, 46.0, 1.00
M, 721264, 363767, 646712, 983716, 386507, 145494, 563156, 117535, 37.8, 46.0, 1.01
M, 721159, 363805, 646392, 983284, 386529, 145522, 563175, 117471, 37.8, 46.0, 1.01
M, 721150, 363733, 646567, 983633, 386550, 145482, 563238, 117559, 37.8, 46.0, 1.00
M, 721373, 363865, 646733, 983658, 386708, 145542, 563380, 117508, 37.8, 46.0, 0.99
M, 721298, 363772, 646802, 983875, 386610, 145516, 563344, 117463, 37.8, 46.0, 1.01
M, 721677, 363923, 647145, 984285, 386681, 145556, 563422, 117531, 37.8, 46.0, 1.00
M, 721820, 363952, 647303, 984497, 386787, 145639, 563580, 117627, 37.8, 46.0, 1.00
M, 723629, 364246, 649347, 986862, 387173, 145888, 564005, 117869, 37.8, 46.0, 1.00
M, 723891, 364522, 649678, 987100, 387357, 145928, 564174, 117835, 37.8, 46.0, 1.00
M, 723903, 364542, 649590, 986757, 387361, 145875, 564192, 117772, 37.8, 46.0, 0.99
M, 723684, 364543, 649552, 986586, 387355, 145890, 564121, 117760, 37.8, 46.0, 0.99
M, 723403, 364475, 649360, 986594, 387323, 145901, 564142, 117768, 37.8, 46.0, 0.99
M, 723534, 364513, 649511, 986980, 387359, 145917, 564207, 117741, 37.8, 46.0, 1.01
M, 723148, 364612, 649185, 986379, 387322, 145805, 564171, 117712, 37.8, 46.0, 1.00
M, 723223, 364579, 649231, 986230, 387374, 145857, 564132, 117668, 37.8, 46.0, 0.99
M, 723090, 364571, 649285, 986462, 387350, 145886, 564151, 117668, 37.8, 46.0, 1.00
M, 723471, 364635, 649630, 986871, 387466, 145955, 564300, 117773, 37.8, 46.0, 1.00
M, 723558, 364652, 649752, 986932, 387476, 145946, 564386, 117754, 37.8, 46.0, 1.01
M, 723826, 364754, 650238, 987444, 387582, 145986, 564506, 117824, 37.8, 46.0, 0.99
M, 723988, 364795, 650235, 987218, 387685, 146039, 564545, 117739, 37.8, 46.0, 1.00
M, 723689, 364751, 650066, 986161, 387583, 145900, 564462, 117671, 37.8, 46.0, 0.99
M, 723628, 364740, 650042, 987245, 387554, 145911, 564506, 117677, 37.8, 46.0, 0.99
M, 722953, 364600, 649310, 986297, 387433, 145813, 564368, 117584, 37.8, 46.0, 1.01
M, 723147, 364612, 649630, 986538, 387492, 145931, 564457, 117705, 37.8, 46.0, 1.00
M, 723356, 364768, 649854, 986894, 387663, 145966, 564627, 117692, 37.8, 46.0, 1.00
M, 723412, 364705, 650040, 986976, 387561, 145940, 564596, 117677, 37.8, 46.0, 1.00
M, 723909, 364701, 650648, 987599, 387687, 145994, 564788, 117782, 37.8, 46.0, 1.00
M, 725999, 365064, 652801, 990132, 388148, 146294, 565258, 118039, 37.8, 46.0, 0.99
M, 725957, 365283, 652776, 990149, 388236, 146315, 565336, 118026, 37.8, 46.0, 1.01
M, 726125, 365284, 653134, 990425, 388284, 146377, 565420, 118028, 37.8, 46.0, 1.01
M, 726238, 365398, 653292, 990486, 388345, 146318, 565448, 117970, 37.8, 46.0, 1.01
M, 725897, 365406, 653097, 990216, 388276, 146332, 565407, 117966, 37.8, 46.0, 1.00
M, 725745, 365391, 653007, 990075, 388234, 146370, 565351, 117984, 37.8, 46.0, 0.99
M, 726207, 365454, 653363, 990402, 388347, 146395, 565485, 117994, 37.8, 46.0, 1.01
M, 726067, 365504, 653438, 990544, 388361, 146385, 565459, 118011, 37.8, 46.0, 1.00
M, 726351, 365580, 653685, 990608, 388494, 146437, 565609, 117977, 37.8, 46.0, 1.01
M, 726168, 365527, 653591, 990402, 388407, 146374, 565553, 117928, 37.8, 46.0, 1.01
M, 726341, 365565, 653895, 990712, 388410, 146372, 565627, 117938, 37.8, 46.0, 1.00
M, 726221, 365549, 653840, 990656, 388474, 146338, 565601, 117966, 37.8, 46.0, 1.00
M, 726482, 365660, 654114, 991038, 388532, 146487, 565653, 118050, 37.8, 46.0, 1.00
M, 726541, 365724, 654199, 990827, 388495, 146430, 565697, 117893, 37.8, 46.0, 1.00
M, 726413, 365668, 654186, 990750, 388524, 146479, 565680, 117958, 37.8, 46.0, 0.98
M, 726569, 365687, 654457, 991127, 388552, 146481, 565815, 118033, 37.8, 46.0, 1.00
M, 726100, 365668, 654055, 990370, 388499, 146418, 565713, 117864, 37.8, 46.0, 1.01
M, 726194, 365597, 654161, 990737, 388469, 146408, 565718, 117983, 37.8, 46.0, 1.01
M, 725995, 365630, 653942, 990352, 388569, 146402, 565777, 117921, 37.8, 46.0, 1.00
M, 726158, 365583, 654268, 990415, 388494, 146402, 565737, 117866, 37.8, 46.0, 0.99
M, 728029, 365871, 656483, 993115, 388862, 146762, 566184, 118177, 37.8, 46.0, 0.99
M, 728030, 365990, 656483, 993041, 389020, 146685, 566259, 118171, 37.8, 46.0, 1.00
M, 727991, 366063, 656367, 992847, 388981, 146714, 566287, 118197, 37.8, 46.0, 1.00
M, 727382, 366075, 655608, 991817, 388967, 146582, 566265, 118062, 37.8, 46.0, 0.99
M, 727541, 365897, 656034, 992251, 388906, 146651, 566197, 118038, 37.8, 46.0, 1.00
M, 727359, 365917, 656036, 992175, 388869, 146592, 566199, 118048, 37.8, 46.0, 1.00
M, 727697, 366012, 656427, 992432, 388966, 146691, 566244, 118049, 37.8, 46.0, 0.99
M, 727217, 365851, 656046, 992165, 388861, 146694, 566175, 118042, 37.8, 46.0, 1.00
M, 727281, 365901, 656077, 992298, 388884, 146659, 566234, 118082, 37.8, 46.0, 0.99
M, 727702, 366025, 656771, 992831, 389036, 146696, 566396, 118119, 37.8, 46.0, 0.99
M, 728073, 366102, 657127, 993034, 389053, 146709, 566437, 118099, 37.8, 46.0, 1.00
M, 728039, 366066, 657110, 993006, 389109, 146757, 566447, 118064, 37.8, 46.0, 1.00
M, 727839, 366064, 657205, 992973, 389060, 146709, 566431, 118073, 37.8, 46.0, 0.99
M, 727981, 366112, 657204, 993057, 389091, 146743, 566466, 118186, 37.8, 46.0, 1.01
M, 728000, 366165, 657277, 993066, 389222, 146787, 566540, 118152, 37.8, 46.0, 1.00
M, 728039, 366115, 657432, 993155, 389118, 146786, 566515, 118122, 37.8, 46.0, 1.01
M, 728455, 366198, 657851, 993424, 389187, 146780, 566613, 118113, 37.8, 46.0, 1.00
M, 728023, 366221, 657612, 993082, 389194, 146746, 566604, 118117, 37.8, 46.0, 1.01
M, 728125, 366066, 657681, 993413, 389148, 146812, 566617, 118141, 37.8, 46.0, 1.00
M, 728175, 366125, 657838, 993213, 389277, 146749, 566687, 118124, 37.8, 46.0, 1.00
M, 729605, 366289, 659464, 994946, 389421, 147004, 566947, 118314, 37.8, 46.0, 1.00
M, 729484, 366479, 659435, 995169, 389578, 147009, 566983, 118255, 37.8, 46.0, 1.01
M, 729545, 366551, 659509, 995019, 389483, 146996, 567017, 118247, 37.8, 46.0, 0.99
M, 729559, 366436, 659561, 994917, 389503, 147006, 566992, 118286, 37.8, 46.0, 1.00
M, 729782, 366500, 660024, 995320, 389631, 147115, 567113, 118273, 37.8, 46.0, 1.01
M, 729847, 366555, 659965, 995238, 389611, 147011, 567142, 118303, 37.8, 46.0, 1.00
M, 729659, 366546, 659921, 995019, 389561, 147061, 567118, 118210, 37.8, 46.0, 1.01
M, 729424, 366489, 659921, 995042, 389553, 147058, 567045, 118244, 37.8, 46.0, 0.99
M, 729799, 366506, 660276, 995445, 389604, 147057, 567133, 118254, 37.8, 46.0, 1.01
M, 729813, 366574, 660306, 995290, 389592, 147100, 567160, 118297, 37.8, 46.0, 1.00
M, 730191, 366619, 660756, 995771, 389725, 147133, 567250, 118335, 37.8, 46.0, 1.00
M, 730206, 366742, 660935, 995890, 389751, 147159, 567297, 118281, 37.8, 46.0, 0.99
M, 730026, 366706, 660858, 995635, 389690, 147102, 567318, 118273, 37.8, 46.0, 1.00
M, 730150, 366691, 661101, 995739, 389753, 147233, 567337, 118384, 37.8, 46.0, 0.99
M, 730221, 366743, 661258, 995897, 389724, 147162, 567286, 118293, 37.8, 46.0, 0.99
M, 730274, 366722, 661477, 996099, 389773, 147189, 567416, 118373, 37.8, 46.0, 1.00
M, 730283, 366796, 661317, 995723, 389817, 147189, 567414, 118296, 37.8, 46.0, 0.99
M, 730122, 366785, 661441, 995788, 389749, 147206, 567328, 118278, 37.8, 46.0, 1.00
M, 729883, 366763, 661147, 995433, 389718, 147113, 567240, 118230, 37.8, 46.0, 0.99
M, 729884, 366636, 661152, 995444, 389763, 147195, 567298, 118259, 37.8, 46.0, 1.00
M, 732216, 367129, 663916, 998312, 390220, 147533, 567934, 118606, 37.8, 46.0, 0.99
M, 731980, 367187, 663628, 997871, 390228, 147515, 567866, 118528, 37.8, 46.0, 1.01
M, 731924, 367204, 663616, 997762, 390227, 147487, 567880, 118521, 37.8, 46.0, 1.00
M, 731652, 367165, 663578, 997556, 390141, 147437, 567869, 118463, 37.8, 46.0, 1.01
M, 731421, 367116, 663440, 997479, 390040, 147394, 567733, 118435, 37.8, 46.0, 1.00
M, 731555, 367181, 663648, 997618, 390120, 147508, 567827, 118457, 37.8, 45.9, 1.01
M, 731561, 367124, 663657, 997243, 390112, 147410, 567771, 118416, 37.8, 45.9, 1.00
M, 731328, 367112, 663580, 997127, 390084, 147403, 567741, 118430, 37.8, 46.0, 1.00
M, 731093, 366986, 663503, 997258, 389977, 147398, 567728, 118419, 37.8, 46.0, 1.00
M, 731375, 367138, 663853, 997411, 390085, 147495, 567780, 118387, 37.8, 46.0, 1.00
M, 731379, 367079, 663938, 997451, 390054, 147452, 567775, 118484, 37.8, 46.0, 1.00
M, 731688, 367182, 664412, 997862, 390181, 147510, 567917, 118496, 37.8, 46.0, 1.01
M, 731873, 367157, 664490, 997679, 390186, 147544, 567893, 118499, 37.8, 46.0, 1.00
M, 731583, 367212, 664439, 997446, 390150, 147480, 567931, 118403, 37.8, 46.0, 1.00
M, 731501, 367163, 664545, 997610, 390136, 147517, 567864, 118496, 37.8, 46.0, 1.01
M, 731705, 367256, 664682, 997852, 390237, 147538, 567946, 118441, 37.8, 46.0, 0.99
M, 731690, 367208, 664669, 997531, 390176, 147542, 567971, 118435, 37.8, 46.0, 0.99
M, 731830, 367194, 664912, 997624, 390147, 147455, 567919, 118471, 37.8, 46.0, 1.00
M, 731671, 367193, 664987, 997739, 390134, 147536, 567998, 118400, 37.8, 46.0, 1.00
M, 731698, 367190, 665018, 997593, 390253, 147536, 567995, 118458, 37.8, 46.0, 1.00
