State, OV, Alc, H2, AC1, NH3, AC2, VOC, LP, Temp, Hud, AirFlow
A, 708629, 344231, 983170, 966849, 335769, 170794, 488901, 133380, 39.9, 44.8, 0.00
A, 695688, 341032, 963052, 950492, 332465, 168034, 485141, 131159, 39.9, 44.8, 0.62
A, 686113, 338403, 947857, 938083, 330052, 165877, 482820, 129418, 39.8, 44.8, 0.73
A, 678449, 336244, 935304, 928355, 328416, 164031, 481519, 128163, 39.8, 44.8, 0.83
A, 672459, 334527, 925009, 920638, 327627, 162454, 481356, 127134, 39.7, 44.7, 0.90
A, 667981, 333434, 916415, 914591, 327109, 161128, 481418, 126407, 39.7, 44.7, 0.94
A, 664351, 332279, 907866, 908771, 326937, 159689, 481928, 125646, 39.6, 44.6, 0.96
A, 661877, 331492, 901933, 905425, 326840, 158683, 482342, 125188, 39.6, 44.6, 0.97
A, 660041, 330948, 895797, 902422, 327100, 157697, 483210, 124850, 39.5, 44.6, 0.98
A, 659404, 330580, 892416, 901146, 327278, 157143, 483740, 124723, 39.5, 44.6, 0.98
A, 658843, 330204, 887597, 899673, 327842, 156207, 484828, 124434, 39.4, 44.6, 1.01
A, 659024, 329989, 885224, 899313, 328047, 155729, 485400, 124400, 39.4, 44.6, 0.99
A, 659632, 329924, 883507, 899628, 328539, 155329, 486342, 124359, 39.4, 44.6, 1.00
A, 660485, 329986, 881388, 900056, 329142, 154898, 487271, 124257, 39.4, 44.5, 1.00
A, 661423, 330038, 879752, 900742, 329670, 154645, 488118, 124340, 39.4, 44.5, 1.00
A, 662858, 330266, 878579, 901951, 330369, 154378, 489213, 124457, 39.4, 44.5, 0.99
A, 664551, 330428, 877492, 903221, 331081, 154090, 490338, 124436, 39.4, 44.5, 1.00
A, 665919, 330677, 876405, 904361, 331758, 153884, 491355, 124470, 39.3, 44.5, 1.00
A, 667233, 330929, 875646, 905906, 332351, 153696, 492373, 124565, 39.3, 44.5, 1.01
A, 669232, 331381, 875329, 907657, 333120, 153651, 493422, 124667, 39.3, 44.6, 0.99
A, 672205, 331919, 877139, 911163, 334027, 153718, 494721, 124969, 39.3, 44.6, 0.99
A, 674099, 332469, 876829, 912888, 334882, 153674, 495809, 124992, 39.2, 44.6, 1.00
A, 675722, 332979, 875931, 914297, 335649, 153498, 496944, 124986, 39.2, 44.6, 0.99
A, 677082, 333459, 875291, 915584, 336327, 153362, 497800, 124985, 39.2, 44.6, 0.99
A, 678378, 333918, 874699, 917231, 336857, 153398, 498667, 125038, 39.2, 44.6, 1.01
A, 679924, 334405, 874402, 918982, 337568, 153254, 499655, 125134, 39.2, 44.6, 1.01
A, 681410, 334889, 873983, 920290, 338183, 153203, 500512, 125203, 39.2, 44.6, 1.01
A, 683390, 335512, 873947, 922355, 339060, 153181, 501688, 125165, 39.1, 44.6, 0.99
A, 684634, 336099, 873626, 923857, 339628, 153068, 502528, 125202, 39.1, 44.6, 1.00
A, 686267, 336788, 873204, 925419, 340399, 153005, 503481, 125286, 39.1, 44.6, 0.99
A, 687234, 337062, 872835, 926693, 340837, 153024, 504179, 125309, 39.1, 44.6, 1.00
A, 688793, 337717, 872935, 928519, 341531, 153090, 505045, 125465, 39.1, 44.6, 1.01
A, 690129, 338408, 872783, 930144, 342092, 153040, 505940, 125444, 39.1, 44.6, 1.00
A, 691860, 339013, 872841, 931815, 342839, 152988, 506931, 125441, 39.1, 44.6, 1.00
A, 693146, 339600, 872599, 933323, 343441, 152978, 507824, 125446, 39.1, 44.6, 1.00
A, 694240, 340225, 872436, 934894, 343959, 152979, 508473, 125527, 39.1, 44.6, 1.00
A, 695802, 340907, 872659, 936495, 344592, 153014, 509392, 125594, 39.1, 44.6, 1.00
A, 697001, 341455, 872553, 937893, 345204, 152988, 510127, 125626, 39.1, 44.6, 1.01
A, 698519, 342131, 872890, 939754, 345856, 153066, 510976, 125750, 39.0, 44.7, 1.00
A, 699834, 342793, 872852, 941097, 346472, 153025, 511796, 125760, 39.0, 44.7, 1.00
A, 702512, 343604, 875053, 944404, 347318, 153301, 512858, 125991, 39.0, 44.7, 1.00
A, 703483, 344280, 874930, 945832, 347942, 153379, 513651, 126087, 39.0, 44.7, 1.00
A, 704242, 344909, 874263, 946706, 348319, 153245, 514263, 126007, 39.0, 44.7, 1.01
A, 705341, 345511, 874309, 947859, 348925, 153299, 514959, 126025, 39.0, 44.7, 1.00
A, 706081, 346063, 874111, 948989, 349362, 153321, 515625, 126028, 39.0, 44.7, 1.01
A, 707050, 346736, 873913, 950324, 349940, 153282, 516374, 126064, 39.0, 44.7, 1.01
A, 707774, 347301, 873499, 951251, 350358, 153250, 516941, 126012, 39.0, 44.7, 1.00
A, 708524, 347898, 873301, 952310, 350751, 153205, 517526, 125996, 39.0, 44.7, 1.01
A, 709487, 348533, 872960, 953340, 351297, 153252, 518330, 126049, 38.9, 44.8, 1.01
A, 709935, 348797, 872786, 954331, 351624, 153165, 518751, 126028, 38.9, 44.8, 1.00
A, 711102, 349685, 872738, 955551, 352308, 153215, 519540, 126004, 38.9, 44.8, 1.01
A, 711641, 349952, 872494, 956440, 352523, 153166, 519940, 126095, 38.9, 44.8, 0.99
A, 712635, 350626, 872738, 957631, 353056, 153258, 520612, 126103, 38.9, 44.8, 0.99
A, 713214, 351168, 872300, 958329, 353413, 153214, 521101, 126088, 38.9, 44.8, 0.99
A, 713939, 351548, 872448, 959507, 353815, 153203, 521718, 126133, 38.9, 44.8, 0.99
A, 715106, 352241, 872463, 960708, 354396, 153207, 522420, 126163, 38.9, 44.8, 1.00
A, 715683, 352663, 872458, 961606, 354772, 153253, 522899, 126150, 38.9, 44.8, 1.00
A, 716561, 353255, 872667, 962886, 355154, 153237, 523481, 126102, 38.9, 44.8, 1.00
A, 717138, 353615, 872575, 963895, 355454, 153263, 523959, 126232, 38.9, 44.8, 1.01
A, 718310, 354335, 873213, 965454, 355973, 153343, 524679, 126328, 38.8, 44.9, 1.01
A, 721280, 355252, 876071, 968892, 356888, 153668, 525704, 126580, 38.8, 44.9, 0.99
A, 721656, 355883, 875828, 969497, 357302, 153683, 526197, 126580, 38.8, 44.9, 1.01
A, 722106, 356387, 875590, 970324, 357606, 153701, 526649, 126591, 38.8, 44.9, 1.00
A, 722195, 356719, 874881, 970556, 357840, 153666, 527035, 126544, 38.8, 44.9, 0.99
A, 722632, 357172, 874854, 971372, 358180, 153649, 527368, 126552, 38.8, 44.9, 1.00
A, 723253, 357714, 875096, 972429, 358575, 153717, 527937, 126630, 38.8, 44.9, 1.01
A, 724066, 358220, 875138, 973081, 358962, 153731, 528464, 126554, 38.8, 44.9, 1.01
A, 724424, 358648, 874983, 973773, 359294, 153736, 528837, 126551, 38.8, 44.9, 0.99
A, 724828, 359007, 874932, 974634, 359527, 153780, 529303, 126575, 38.8, 44.9, 0.99
A, 725055, 359517, 874254, 974934, 359880, 153760, 529679, 126500, 38.8, 45.0, 1.00
A, 725370, 359766, 874292, 975444, 360072, 153733, 530011, 126614, 38.8, 45.0, 0.99
A, 725751, 360364, 874011, 976391, 360480, 153730, 530545, 126500, 38.8, 45.0, 1.01
A, 726051, 360635, 874114, 976873, 360656, 153696, 530824, 126511, 38.8, 45.0, 1.00
A, 726756, 361006, 874409, 977852, 360911, 153723, 531250, 126602, 38.8, 45.0, 1.00
A, 727150, 361406, 874341, 978595, 361273, 153757, 531577, 126583, 38.8, 45.0, 1.01
A, 727529, 361709, 874224, 979144, 361576, 153842, 531950, 126609, 38.8, 45.0, 1.00
A, 728165, 362155, 874765, 980236, 361890, 153888, 532368, 126634, 38.8, 45.0, 1.00
A, 728819, 362532, 874867, 980953, 362193, 153864, 532841, 126678, 38.8, 45.0, 1.00
A, 728977, 362889, 874744, 981542, 362421, 153861, 533177, 126620, 38.8, 45.0, 1.01
A, 729259, 363182, 874454, 981921, 362636, 153882, 533521, 126622, 38.8, 45.0, 1.01
A, 731601, 363818, 877174, 984918, 363285, 154196, 534289, 126979, 38.8, 45.1, 0.99
A, 731788, 364214, 876824, 985002, 363632, 154239, 534659, 126925, 38.8, 45.1, 0.99
A, 731634, 364575, 876301, 985157, 363791, 154076, 534963, 126770, 38.7, 45.1, 1.00
A, 731854, 364797, 876280, 985624, 363957, 154144, 535170, 126749, 38.7, 45.1, 1.00
A, 731891, 365107, 875963, 986044, 364185, 154058, 535397, 126726, 38.7, 45.1, 0.99
A, 731841, 365266, 875667, 986297, 364365, 154122, 535631, 126747, 38.7, 45.1, 1.00
A, 732299, 365677, 875935, 987027, 364620, 154214, 536069, 126847, 38.7, 45.1, 0.99
A, 732594, 365916, 875807, 987200, 364810, 154161, 536321, 126784, 38.7, 45.1, 0.99
A, 732464, 366150, 875465, 987430, 364949, 154113, 536535, 126657, 38.7, 45.1, 1.01
A, 732451, 366261, 874978, 987675, 365058, 154045, 536721, 126666, 38.7, 45.1, 1.00
A, 732796, 366711, 874991, 988001, 365365, 154006, 537143, 126659, 38.7, 45.1, 0.99
A, 732773, 366781, 874770, 988308, 365457, 154044, 537298, 126659, 38.7, 45.1, 1.00
A, 732858, 367128, 874358, 988402, 365754, 154035, 537595, 126622, 38.7, 45.1, 1.00
A, 732942, 367182, 874436, 988716, 365805, 153979, 537770, 126573, 38.7, 45.1, 1.01
A, 733242, 367505, 874189, 988780, 366013, 154057, 538109, 126551, 38.7, 45.1, 1.00
A, 733278, 367685, 874205, 989693, 366158, 153969, 538325, 126613, 38.7, 45.2, 0.99
A, 733537, 367817, 874139, 990064, 366436, 154078, 538559, 126652, 38.7, 45.2, 1.01
A, 734212, 368126, 874743, 990855, 366654, 154114, 538948, 126726, 38.7, 45.3, 0.99
A, 734361, 368453, 874742, 991407, 366889, 154092, 539192, 126701, 38.7, 45.3, 0.99
A, 734525, 368640, 874682, 991846, 367133, 154145, 539413, 126670, 38.7, 45.3, 1.00
A, 736251, 368990, 876830, 994111, 367442, 154388, 539958, 126911, 38.7, 45.3, 1.00
A, 736659, 369339, 876930, 994520, 367781, 154414, 540333, 126904, 38.7, 45.3, 0.99
A, 736580, 369623, 876355, 994305, 367938, 154389, 540560, 126773, 38.7, 45.3, 0.99
A, 736271, 369766, 875767, 994156, 367993, 154260, 540687, 126797, 38.7, 45.3, 1.00
A, 736304, 369880, 875951, 994831, 368186, 154337, 540908, 126784, 38.7, 45.3, 1.00
A, 736032, 369940, 875300, 994612, 368263, 154260, 541067, 126721, 38.7, 45.3, 1.01
A, 736056, 370140, 875041, 994732, 368335, 154269, 541188, 126662, 38.7, 45.3, 1.00
A, 736425, 370365, 875344, 995296, 368532, 154295, 541491, 126731, 38.7, 45.3, 1.00
A, 736541, 370585, 875130, 995528, 368730, 154224, 541705, 126710, 38.7, 45.3, 1.01
A, 736365, 370660, 874864, 995611, 368855, 154220, 541827, 126648, 38.7, 45.3, 1.00
A, 736643, 370827, 875033, 996037, 368957, 154289, 542043, 126635, 38.7, 45.3, 1.00
A, 736418, 370921, 874541, 995901, 369153, 154186, 542259, 126637, 38.6, 45.3, 1.00
A, 736406, 371014, 874287, 996197, 369188, 154176, 542341, 126631, 38.6, 45.3, 1.00
A, 736636, 371298, 874300, 996473, 369439, 154258, 542704, 126621, 38.6, 45.4, 0.99
A, 736656, 371316, 874248, 996635, 369485, 154140, 542774, 126551, 38.6, 45.4, 1.00
A, 736853, 371461, 874266, 997139, 369695, 154234, 543018, 126602, 38.6, 45.4, 1.00
A, 736931, 371640, 874238, 997458, 369788, 154212, 543246, 126627, 38.6, 45.4, 1.00
A, 737287, 371700, 874422, 997850, 369915, 154227, 543391, 126657, 38.6, 45.4, 1.00
A, 737753, 372009, 874818, 998567, 370142, 154299, 543665, 126670, 38.6, 45.4, 1.01
A, 738034, 372113, 874838, 998742, 370331, 154384, 543906, 126621, 38.6, 45.4, 1.00
A, 739712, 372501, 877207, 1001095, 370796, 154560, 544483, 126964, 38.6, 45.4, 1.00
A, 739750, 372806, 877167, 1001551, 371008, 154606, 544734, 126933, 38.6, 45.4, 1.01
A, 739550, 372881, 876702, 1001318, 371081, 154566, 544815, 126881, 38.6, 45.5, 0.99
A, 739319, 372973, 876024, 1001077, 371120, 154571, 544900, 126809, 38.6, 45.5, 1.00
A, 739369, 373009, 876027, 1001219, 371213, 154552, 544992, 126738, 38.6, 45.5, 1.00
A, 739261, 373269, 875944, 1001508, 371315, 154503, 545185, 126731, 38.6, 45.5, 0.99
A, 738873, 373230, 875249, 1001056, 371284, 154470, 545170, 126649, 38.6, 45.5, 1.00
A, 738888, 373321, 875180, 1001179, 371424, 154485, 545349, 126608, 38.6, 45.5, 1.01
A, 739135, 373388, 875380, 1001683, 371574, 154500, 545549, 126689, 38.6, 45.5, 1.00
A, 739256, 373555, 875130, 1001587, 371721, 154434, 545735, 126654, 38.6, 45.5, 1.00
A, 739104, 373632, 874786, 1001521, 371714, 154413, 545840, 126581, 38.6, 45.5, 1.00
A, 738980, 373674, 874803, 1001907, 371827, 154480, 545982, 126578, 38.6, 45.5, 1.00
A, 738892, 373849, 874599, 1002005, 371991, 154368, 546142, 126610, 38.6, 45.5, 1.00
A, 739054, 373814, 874401, 1002113, 372030, 154433, 546178, 126625, 38.6, 45.5, 1.00
A, 739087, 374034, 874347, 1002200, 372275, 154373, 546478, 126563, 38.6, 45.5, 0.99
A, 739027, 373996, 874192, 1002299, 372202, 154453, 546510, 126548, 38.6, 45.5, 0.98
A, 739416, 374097, 874608, 1002884, 372359, 154447, 546781, 126602, 38.6, 45.5, 1.00
A, 739494, 374298, 874589, 1002989, 372531, 154433, 546869, 126568, 38.6, 45.6, 1.00
A, 739540, 374331, 874565, 1003405, 372606, 154469, 547005, 126678, 38.6, 45.6, 1.00
A, 739914, 374471, 874935, 1004066, 372775, 154562, 547290, 126695, 38.6, 45.6, 1.00
A, 742094, 374904, 877781, 1006679, 373362, 154824, 547914, 126994, 38.6, 45.6, 1.01
A, 741820, 375119, 877237, 1006370, 373458, 154801, 548009, 126814, 38.6, 45.6, 1.00
A, 741626, 375214, 877032, 1006487, 373462, 154760, 548157, 126834, 38.6, 45.6, 1.00
A, 741496, 375323, 876651, 1006355, 373512, 154774, 548214, 126798, 38.6, 45.6, 1.00
A, 741644, 375324, 876800, 1006599, 373604, 154784, 548322, 126842, 38.6, 45.6, 1.00
A, 741569, 375454, 876655, 1006632, 373653, 154761, 548411, 126796, 38.6, 45.6, 0.99
A, 741462, 375455, 876271, 1006444, 373770, 154778, 548505, 126730, 38.6, 45.6, 1.01
A, 741112, 375504, 876102, 1006262, 373779, 154713, 548567, 126695, 38.6, 45.6, 1.00
A, 740884, 375558, 875791, 1006463, 373820, 154718, 548563, 126626, 38.6, 45.6, 0.99
A, 741000, 375653, 875827, 1006702, 373882, 154725, 548787, 126657, 38.6, 45.6, 1.00
A, 741219, 375608, 875813, 1006682, 373964, 154748, 548888, 126719, 38.6, 45.6, 1.00
A, 741043, 375775, 875543, 1006563, 374092, 154713, 548927, 126585, 38.6, 45.6, 1.00
A, 740781, 375690, 875422, 1006678, 374122, 154675, 549022, 126627, 38.6, 45.6, 1.00
A, 740737, 375763, 875109, 1006389, 374174, 154655, 549179, 126581, 38.6, 45.7, 1.01
A, 740718, 375844, 875117, 1006792, 374177, 154577, 549188, 126601, 38.6, 45.7, 1.01
A, 740471, 375886, 874614, 1006492, 374348, 154607, 549337, 126532, 38.6, 45.7, 1.01
A, 740605, 375841, 874401, 1006334, 374346, 154608, 549363, 126497, 38.6, 45.7, 1.00
A, 740542, 375938, 874728, 1006892, 374352, 154624, 549474, 126524, 38.6, 45.7, 1.01
A, 740673, 375922, 874816, 1007119, 374524, 154617, 549568, 126460, 38.5, 45.7, 1.01
A, 740575, 375860, 874684, 1007229, 374532, 154649, 549737, 126559, 38.5, 45.7, 0.99
A, 742902, 376319, 877574, 1010006, 375092, 155059, 550339, 126909, 38.5, 45.7, 1.00
A, 742840, 376497, 877389, 1009747, 375177, 154958, 550487, 126751, 38.5, 45.7, 1.01
A, 742450, 376604, 876703, 1009342, 375194, 154840, 550462, 126687, 38.5, 45.7, 1.00
A, 741752, 376591, 875998, 1009044, 375218, 154822, 550461, 126642, 38.5, 45.7, 1.01
A, 741883, 376537, 875883, 1008906, 375222, 154819, 550463, 126594, 38.5, 45.7, 0.99
A, 741346, 376536, 875510, 1008776, 375133, 154813, 550540, 126584, 38.5, 45.7, 1.01
A, 741370, 376564, 875299, 1008919, 375275, 154829, 550572, 126572, 38.5, 45.7, 0.99
A, 741669, 376644, 875628, 1008954, 375354, 154768, 550774, 126555, 38.5, 45.7, 1.01
A, 741510, 376653, 875442, 1008969, 375411, 154777, 550814, 126573, 38.5, 45.7, 1.00
A, 741354, 376664, 875308, 1009193, 375484, 154834, 550910, 126540, 38.5, 45.7, 1.00
A, 741583, 376777, 875480, 1009420, 375603, 154898, 551123, 126634, 38.5, 45.7, 1.01
A, 741621, 376768, 875540, 1009622, 375584, 154761, 551146, 126634, 38.5, 45.7, 1.01
A, 741895, 376893, 875652, 1009791, 375789, 154858, 551308, 126548, 38.5, 45.7, 1.01
A, 741821, 376885, 875500, 1009689, 375738, 154825, 551366, 126546, 38.5, 45.7, 1.00
A, 741578, 377011, 875234, 1009639, 375867, 154881, 551414, 126513, 38.5, 45.8, 1.01
A, 741507, 376844, 875185, 1009814, 375855, 154818, 551483, 126549, 38.5, 45.8, 1.00
A, 741808, 376975, 875488, 1010119, 375979, 154882, 551599, 126534, 38.5, 45.8, 0.99
A, 741886, 377068, 875498, 1010287, 376110, 154896, 551696, 126635, 38.5, 45.8, 1.00
A, 742016, 377106, 875666, 1010440, 376169, 154884, 551864, 126536, 38.5, 45.8, 1.00
A, 741835, 377154, 875434, 1010456, 376222, 154825, 551913, 126542, 38.5, 45.8, 1.00
A, 743485, 377365, 877635, 1012561, 376584, 155121, 552294, 126737, 38.5, 45.8, 1.00
A, 743607, 377603, 877780, 1012738, 376781, 155081, 552555, 126689, 38.5, 45.8, 1.00
A, 743341, 377633, 877435, 1012665, 376741, 155110, 552550, 126757, 38.5, 45.8, 1.00
A, 743334, 377722, 877269, 1012680, 376820, 155126, 552625, 126695, 38.5, 45.8, 1.00
A, 743031, 377670, 876952, 1012231, 376809, 155043, 552615, 126594, 38.5, 45.8, 1.00
A, 742724, 377681, 876705, 1012116, 376784, 155108, 552663, 126580, 38.5, 45.8, 1.00
A, 742703, 377676, 876689, 1012456, 376824, 155084, 552647, 126610, 38.5, 45.8, 1.00
A, 742667, 377640, 876505, 1012239, 376856, 155046, 552757, 126519, 38.5, 45.8, 1.00
A, 742520, 377654, 876413, 1012222, 376925, 155009, 552774, 126588, 38.5, 45.8, 1.00
A, 742825, 377733, 876761, 1012696, 377013, 155103, 552905, 126593, 38.5, 45.8, 1.00
A, 742956, 377860, 876808, 1012728, 377113, 155109, 553028, 126573, 38.5, 45.8, 1.00
A, 742815, 377813, 876730, 1012584, 377038, 155085, 553056, 126503, 38.5, 45.8, 0.99
A, 742689, 377842, 876466, 1012669, 377126, 155113, 553068, 126576, 38.5, 45.8, 1.00
A, 742591, 377940, 876398, 1012503, 377233, 155036, 553170, 126524, 38.5, 45.8, 1.00
A, 742328, 377824, 876113, 1012229, 377179, 154970, 553157, 126439, 38.5, 45.8, 1.00
A, 741993, 377819, 875615, 1012108, 377207, 155044, 553209, 126386, 38.5, 45.8, 1.00
A, 742087, 377780, 875695, 1012390, 377170, 154974, 553208, 126398, 38.5, 45.8, 0.99
A, 742215, 377828, 876035, 1012506, 377246, 155019, 553326, 126485, 38.5, 45.8, 1.00
A, 742322, 377810, 876208, 1012866, 377317, 154999, 553462, 126500, 38.5, 45.8, 1.00
A, 742465, 377891, 876142, 1012861, 377427, 155024, 553634, 126433, 38.5, 45.8, 1.00
A, 743982, 378138, 878113, 1014856, 377773, 155267, 554011, 126719, 38.5, 45.9, 1.00
A, 744213, 378385, 878443, 1015108, 377952, 155285, 554164, 126688, 38.5, 45.9, 0.99
A, 743683, 378401, 878023, 1014831, 377881, 155308, 554107, 126602, 38.5, 45.9, 1.01
A, 743694, 378429, 877919, 1014939, 377960, 155314, 554179, 126641, 38.5, 45.9, 1.00
A, 743601, 378457, 877757, 1014755, 377980, 155284, 554247, 126589, 38.5, 45.9, 1.00
A, 743724, 378483, 877961, 1014869, 378076, 155340, 554338, 126625, 38.5, 45.9, 1.00
A, 743306, 378422, 877324, 1014372, 378094, 155299, 554284, 126496, 38.5, 45.9, 1.00
A, 743435, 378465, 877451, 1014599, 378082, 155249, 554316, 126608, 38.5, 45.9, 1.00
A, 743171, 378506, 877338, 1014485, 378057, 155322, 554369, 126506, 38.5, 45.9, 1.00
A, 742977, 378391, 877142, 1014531, 378077, 155299, 554340, 126560, 38.5, 45.9, 1.00
A, 743157, 378507, 877318, 1014885, 378243, 155357, 554513, 126545, 38.5, 45.9, 1.00
A, 743199, 378589, 877409, 1014719, 378190, 155241, 554596, 126508, 38.5, 45.9, 1.01
A, 743023, 378514, 877189, 1014626, 378240, 155237, 554600, 126530, 38.5, 45.9, 1.00
A, 742963, 378528, 877142, 1014771, 378303, 155262, 554612, 126470, 38.5, 45.9, 1.00
A, 742633, 378525, 876432, 1013990, 378321, 155178, 554676, 126311, 38.5, 45.9, 1.01
A, 742504, 378405, 876471, 1014265, 378235, 155132, 554611, 126370, 38.5, 45.9, 1.00
A, 742325, 378530, 876209, 1014054, 378292, 155160, 554698, 126380, 38.5, 45.9, 1.00
A, 742379, 378422, 876100, 1014132, 378284, 155202, 554729, 126356, 38.5, 45.9, 1.00
A, 742608, 378529, 876498, 1014594, 378428, 155167, 554875, 126418, 38.5, 45.9, 1.00
A, 742650, 378569, 876590, 1014794, 378454, 155231, 554939, 126404, 38.5, 45.9, 1.00
A, 744404, 378854, 878957, 1016990, 378801, 155552, 555348, 126750, 38.5, 45.9, 0.99
A, 744710, 379117, 879221, 1017245, 379032, 155613, 555595, 126721, 38.5, 46.0, 1.00
A, 744561, 379101, 879132, 1017106, 379091, 155520, 555622, 126665, 38.5, 46.0, 0.99
A, 744268, 379127, 878564, 1016821, 378966, 155490, 555595, 126604, 38.5, 46.0, 0.99
A, 743960, 379057, 878275, 1016480, 378960, 155481, 555555, 126573, 38.5, 46.0, 1.00
A, 743975, 379079, 878467, 1016806, 379004, 155469, 555603, 126532, 38.5, 46.0, 1.00
A, 743816, 379040, 878298, 1016748, 379004, 155460, 555633, 126567, 38.5, 46.0, 1.01
A, 744042, 379147, 878238, 1016592, 379071, 155427, 555745, 126527, 38.5, 46.0, 1.00
A, 743707, 379130, 878166, 1016676, 379031, 155329, 555712, 126455, 38.5, 46.0, 1.00
A, 743727, 379173, 878185, 1016617, 379125, 155419, 555757, 126484, 38.5, 46.0, 1.01
A, 743497, 379044, 877953, 1016551, 379066, 155454, 555711, 126551, 38.5, 46.0, 0.99
A, 743760, 379196, 878165, 1016752, 379185, 155525, 555824, 126519, 38.5, 46.0, 0.99
A, 743638, 379158, 878080, 1016527, 379132, 155440, 555878, 126448, 38.5, 46.0, 1.00
A, 743081, 378997, 877349, 1016043, 379120, 155363, 555749, 126406, 38.5, 46.0, 1.00
A, 743129, 378993, 877376, 1016165, 379086, 155352, 555818, 126363, 38.5, 46.0, 1.00
A, 743026, 379051, 877302, 1016055, 379269, 155392, 555942, 126348, 38.5, 46.0, 1.00
A, 742852, 378972, 877352, 1016186, 379146, 155405, 555858, 126398, 38.5, 46.0, 1.01
A, 742842, 379057, 877231, 1015886, 379266, 155302, 555980, 126280, 38.5, 46.1, 1.00
A, 742712, 378940, 877098, 1015884, 379166, 155346, 555918, 126382, 38.5, 46.1, 1.00
A, 742857, 378923, 877204, 1016303, 379287, 155381, 555990, 126375, 38.5, 46.1, 1.00
A, 744658, 379289, 879895, 1018818, 379634, 155656, 556508, 126715, 38.5, 46.1, 0.99
A, 744683, 379399, 879765, 1018323, 379785, 155634, 556593, 126551, 38.5, 46.1, 0.99
A, 744686, 379477, 879818, 1018617, 379837, 155690, 556642, 126661, 38.5, 46.1, 1.00
A, 744297, 379474, 879430, 1018172, 379789, 155663, 556676, 126574, 38.5, 46.1, 1.00
A, 743857, 379320, 878686, 1017530, 379647, 155549, 556497, 126450, 38.5, 46.1, 1.01
A, 743726, 379297, 878717, 1017742, 379702, 155576, 556564, 126438, 38.5, 46.1, 1.01
A, 743588, 379347, 878688, 1017648, 379703, 155568, 556645, 126474, 38.5, 46.1, 1.00
A, 743771, 379423, 878785, 1017821, 379787, 155621, 556679, 126517, 38.5, 46.1, 1.00
A, 743824, 379372, 878849, 1017937, 379805, 155630, 556705, 126490, 38.5, 46.1, 1.00
A, 743938, 379396, 879200, 1018088, 379889, 155645, 556748, 126464, 38.5, 46.1, 0.99
A, 743661, 379363, 878848, 1017943, 379881, 155600, 556826, 126423, 38.5, 46.1, 1.00
A, 743622, 379400, 878754, 1017741, 379887, 155667, 556830, 126409, 38.5, 46.1, 1.00
A, 743590, 379408, 878964, 1018004, 379899, 155633, 556848, 126431, 38.5, 46.1, 1.01
A, 743480, 379381, 878853, 1018022, 379957, 155662, 556919, 126414, 38.5, 46.1, 1.01
A, 743833, 379408, 878980, 1018029, 380016, 155684, 556996, 126417, 38.5, 46.1, 1.00
A, 743583, 379478, 878964, 1018004, 380039, 155605, 556976, 126393, 38.5, 46.1, 0.99
A, 743249, 379310, 878439, 1017717, 380016, 155564, 556954, 126350, 38.5, 46.1, 1.01
A, 743010, 379297, 878348, 1017592, 379947, 155574, 556922, 126345, 38.5, 46.1, 0.99
A, 742830, 379325, 878237, 1017419, 379970, 155547, 556954, 126275, 38.5, 46.1, 0.99
A, 742718, 379281, 877841, 1017146, 379997, 155515, 556911, 126231, 38.5, 46.1, 1.01
A, 744509, 379434, 880272, 1019489, 380236, 155813, 557337, 126584, 38.5, 46.1, 1.00
A, 744350, 379578, 880104, 1019201, 380345, 155755, 557386, 126438, 38.5, 46.1, 1.00
A, 744060, 379513, 879958, 1019117, 380355, 155790, 557436, 126459, 38.5, 46.1, 1.01
A, 744071, 379552, 880002, 1019181, 380358, 155813, 557425, 126489, 38.4, 46.1, 1.01
A, 744061, 379572, 879953, 1018783, 380408, 155775, 557509, 126431, 38.4, 46.1, 1.00
A, 743686, 379524, 879530, 1018672, 380318, 155679, 557477, 126342, 38.5, 46.1, 1.01
A, 743434, 379423, 879174, 1018571, 380314, 155660, 557403, 126386, 38.5, 46.1, 1.00
A, 743545, 379513, 879429, 1018773, 380374, 155683, 557511, 126356, 38.4, 46.2, 1.00
A, 743635, 379512, 879405, 1018707, 380382, 155787, 557573, 126332, 38.4, 46.2, 0.99
A, 743656, 379515, 879788, 1019040, 380498, 155736, 557621, 126392, 38.4, 46.2, 1.00
A, 743694, 379599, 879603, 1018772, 380454, 155751, 557650, 126401, 38.4, 46.2, 0.99
A, 743447, 379599, 879264, 1018439, 380479, 155710, 557635, 126350, 38.5, 46.2, 0.99
A, 743246, 379458, 879273, 1018585, 380470, 155715, 557584, 126359, 38.5, 46.2, 0.99
A, 743197, 379493, 879374, 1018810, 380500, 155713, 557652, 126348, 38.4, 46.2, 1.01
A, 743205, 379509, 879312, 1018714, 380516, 155772, 557676, 126380, 38.4, 46.2, 1.00
A, 743434, 379612, 879494, 1018692, 380641, 155727, 557780, 126382, 38.4, 46.2, 1.00
A, 743211, 379473, 879276, 1018657, 380606, 155724, 557769, 126351, 38.4, 46.2, 0.99
A, 742948, 379496, 878877, 1018225, 380615, 155667, 557802, 126282, 38.4, 46.2, 1.01
A, 742808, 379486, 878890, 1018305, 380528, 155715, 557787, 126176, 38.4, 46.2, 1.00
A, 743071, 379410, 879323, 1018717, 380660, 155767, 557883, 126351, 38.4, 46.2, 0.99
A, 744890, 379708, 881847, 1021032, 380988, 156070, 558270, 126634, 38.4, 46.2, 1.00
A, 744928, 379943, 881738, 1020757, 381115, 156042, 558351, 126495, 38.4, 46.2, 1.00
A, 744469, 379952, 881182, 1020329, 380991, 155936, 558263, 126441, 38.4, 46.2, 1.00
A, 743986, 379821, 880702, 1020070, 380992, 156007, 558243, 126436, 38.4, 46.2, 0.99
A, 743839, 379786, 880650, 1020047, 380956, 155900, 558215, 126415, 38.4, 46.2, 1.00
A, 743679, 379755, 880508, 1019597, 380971, 155923, 558300, 126380, 38.4, 46.2, 0.99
A, 743824, 379781, 880861, 1020078, 381030, 155991, 558292, 126392, 38.4, 46.2, 0.99
A, 743690, 379817, 880543, 1019705, 381011, 155922, 558306, 126358, 38.4, 46.2, 1.00
A, 743598, 379701, 880317, 1019543, 380965, 155911, 558361, 126346, 38.4, 46.2, 0.99
A, 743517, 379788, 880537, 1019853, 381062, 155986, 558349, 126409, 38.4, 46.2, 1.00
A, 743419, 379715, 880461, 1019813, 381043, 156004, 558331, 126351, 38.4, 46.2, 1.00
A, 743558, 379819, 880623, 1019871, 381068, 155987, 558408, 126418, 38.4, 46.2, 1.00
A, 743595, 379790, 880573, 1019885, 381136, 156011, 558511, 126454, 38.4, 46.2, 1.01
A, 743387, 379718, 880439, 1019757, 381029, 155983, 558468, 126280, 38.4, 46.2, 1.00
A, 742945, 379656, 880118, 1019391, 381081, 155866, 558418, 126329, 38.4, 46.2, 0.99
A, 742859, 379594, 879915, 1019102, 380980, 155891, 558353, 126240, 38.4, 46.2, 1.01
A, 742802, 379630, 879936, 1019172, 381092, 155914, 558507, 126224, 38.4, 46.2, 1.00
A, 742756, 379642, 879662, 1019011, 381030, 155800, 558402, 126236, 38.4, 46.2, 1.00
A, 742520, 379625, 879466, 1018803, 381080, 155782, 558489, 126216, 38.4, 46.2, 1.01
A, 742501, 379501, 879456, 1018925, 380999, 155868, 558421, 126161, 38.4, 46.2, 0.99
A, 744424, 379764, 882053, 1021455, 381424, 156228, 558943, 126522, 38.4, 46.2, 0.99
A, 744132, 379934, 881862, 1021200, 381487, 156094, 558965, 126488, 38.4, 46.3, 1.01
A, 744183, 379920, 881615, 1020769, 381467, 156058, 558901, 126382, 38.4, 46.3, 1.00
A, 743741, 379848, 881437, 1020587, 381411, 156033, 558894, 126441, 38.4, 46.3, 0.99
A, 743665, 379832, 881286, 1020512, 381443, 156036, 558916, 126351, 38.4, 46.3, 1.01
A, 743464, 379789, 880999, 1020279, 381411, 156068, 558879, 126306, 38.4, 46.3, 1.01
A, 743480, 379791, 881117, 1020474, 381463, 156080, 558903, 126323, 38.4, 46.3, 1.01
A, 743333, 379800, 881011, 1020376, 381455, 156037, 558868, 126306, 38.4, 46.3, 0.99
A, 743368, 379817, 880994, 1019889, 381408, 155945, 558949, 126246, 38.4, 46.3, 1.00
A, 742977, 379698, 880613, 1019770, 381383, 156052, 558878, 126201, 38.4, 46.3, 1.01
A, 742856, 379652, 880507, 1019830, 381353, 155938, 558860, 126232, 38.4, 46.3, 1.00
A, 742981, 379705, 880803, 1020140, 381461, 155936, 558958, 126265, 38.4, 46.3, 0.99
A, 743114, 379728, 880863, 1019932, 381483, 156051, 558982, 126251, 38.4, 46.3, 1.00
A, 743355, 379801, 881321, 1020501, 381548, 156059, 559102, 126309, 38.4, 46.3, 0.98
A, 743267, 379746, 881192, 1020261, 381586, 156047, 559128, 126264, 38.4, 46.3, 1.00
A, 743108, 379718, 880799, 1020001, 381531, 156012, 559094, 126226, 38.4, 46.3, 1.01
A, 742829, 379605, 880776, 1020059, 381480, 155960, 559018, 126236, 38.4, 46.3, 1.01
A, 742703, 379695, 880658, 1019918, 381607, 156006, 559119, 126194, 38.4, 46.3, 1.00
A, 742583, 379600, 880491, 1019743, 381470, 156028, 559119, 126255, 38.4, 46.3, 0.99
A, 742520, 379624, 880471, 1019723, 381584, 155940, 559104, 126184, 38.4, 46.3, 1.01
A, 743852, 379692, 882358, 1021390, 381778, 156171, 559416, 126451, 38.4, 46.3, 0.99
A, 744055, 379882, 882493, 1021536, 381953, 156251, 559520, 126401, 38.4, 46.3, 0.99
A, 743883, 379917, 882316, 1021384, 381893, 156226, 559564, 126418, 38.4, 46.3, 0.99
A, 743625, 379901, 882133, 1021260, 381848, 156159, 559476, 126362, 38.4, 46.3, 0.99
A, 743805, 379899, 882411, 1021531, 381912, 156238, 559538, 126368, 38.4, 46.3, 1.01
A, 743826, 379965, 882499, 1021270, 381973, 156187, 559577, 126311, 38.4, 46.3, 1.00
A, 743479, 379879, 882107, 1021093, 381868, 156198, 559487, 126240, 38.4, 46.3, 0.99
A, 743404, 379831, 882013, 1021197, 381888, 156221, 559538, 126301, 38.4, 46.3, 1.00
A, 743270, 379917, 882069, 1021209, 381905, 156247, 559497, 126297, 38.4, 46.3, 1.01
A, 743250, 379836, 882047, 1020972, 381889, 156179, 559543, 126283, 38.4, 46.3, 1.00
A, 743517, 379945, 882494, 1021377, 381956, 156242, 559653, 126313, 38.4, 46.3, 1.00
A, 743417, 379880, 882248, 1021199, 381974, 156182, 559650, 126259, 38.4, 46.3, 1.00
A, 743271, 379897, 882076, 1020966, 381945, 156194, 559658, 126266, 38.4, 46.3, 0.99
A, 743278, 379865, 882251, 1021159, 382010, 156256, 559663, 126245, 38.4, 46.3, 1.00
A, 743179, 379813, 882148, 1021078, 381980, 156206, 559674, 126293, 38.4, 46.3, 1.01
A, 743161, 379824, 882114, 1020776, 381942, 156173, 559652, 126188, 38.4, 46.3, 1.01
A, 742983, 379741, 881770, 1020723, 381990, 156144, 559670, 126184, 38.4, 46.3, 0.99
A, 742715, 379818, 881646, 1020749, 381912, 156166, 559636, 126193, 38.4, 46.3, 1.00
A, 742620, 379860, 881514, 1020396, 381931, 156139, 559723, 126185, 38.4, 46.3, 1.01
A, 742572, 379726, 881608, 1020488, 381933, 156122, 559650, 126174, 38.4, 46.3, 1.00
A, 744582, 380131, 884421, 1023170, 382418, 156522, 560256, 126534, 38.4, 46.3, 0.99
A, 744466, 380248, 884057, 1022643, 382426, 156472, 560194, 126458, 38.4, 46.3, 1.01
A, 744230, 380213, 884062, 1022698, 382417, 156410, 560191, 126406, 38.4, 46.3, 0.99
A, 743336, 380112, 883043, 1021827, 382345, 156296, 560116, 126314, 38.4, 46.3, 1.00
A, 743304, 379975, 882878, 1021658, 382183, 156359, 559960, 126280, 38.4, 46.3, 1.00
A, 743323, 380064, 883105, 1021794, 382236, 156372, 560078, 126369, 38.4, 46.4, 1.01
A, 743364, 380051, 883080, 1021616, 382307, 156384, 560031, 126267, 38.4, 46.4, 1.01
A, 743107, 379954, 882830, 1021300, 382228, 156312, 560036, 126226, 38.4, 46.3, 1.00
A, 743188, 379980, 882999, 1021596, 382243, 156315, 560040, 126249, 38.4, 46.3, 1.01
A, 743026, 379946, 882837, 1021363, 382255, 156313, 560029, 126256, 38.4, 46.4, 1.01
A, 742824, 379909, 882786, 1021337, 382214, 156281, 560056, 126261, 38.4, 46.4, 1.00
A, 743049, 379850, 883066, 1021619, 382262, 156284, 560105, 126252, 38.4, 46.4, 1.00
A, 743123, 379930, 883087, 1021458, 382285, 156314, 560048, 126215, 38.4, 46.4, 1.00
A, 742775, 379814, 882880, 1021200, 382289, 156199, 560083, 126166, 38.4, 46.4, 1.00
A, 742560, 379831, 882562, 1021241, 382263, 156316, 560058, 126202, 38.4, 46.4, 1.00
A, 742738, 379850, 882985, 1021473, 382314, 156309, 560114, 126271, 38.4, 46.4, 1.00
A, 742759, 379896, 882976, 1021398, 382374, 156311, 560149, 126259, 38.4, 46.4, 1.00
A, 743043, 379895, 883162, 1021443, 382387, 156335, 560215, 126201, 38.4, 46.4, 0.99
A, 742812, 379865, 882972, 1021347, 382445, 156332, 560166, 126216, 38.4, 46.4, 1.01
A, 742634, 379923, 882895, 1021178, 382436, 156284, 560193, 126210, 38.4, 46.4, 0.98
M, 740575, 379601, 879114, 1016894, 382032, 155638, 559719, 125418, 38.4, 46.4, 0.00
M, 730489, 377315, 865529, 1004704, 379371, 154008, 556424, 123787, 38.5, 46.4, 0.64
M, 723368, 375229, 855909, 995975, 377302, 152723, 554028, 122702, 38.5, 46.4, 0.76
M, 716085, 373353, 845407, 986669, 375762, 151284, 552730, 121562, 38.5, 46.4, 0.85
M, 712486, 372733, 839119, 981542, 375514, 150465, 553125, 120926, 38.5, 46.4, 0.89
M, 710280, 372793, 833511, 977546, 375768, 149610, 554233, 120396, 38.5, 46.4, 0.93
M, 709412, 373337, 828203, 974403, 376341, 148940, 555422, 119821, 38.5, 46.3, 0.95
M, 709675, 374210, 823279, 972233, 376963, 148234, 556629, 119436, 38.5, 46.3, 0.97
M, 710553, 374890, 819438, 971258, 377572, 147724, 557543, 119120, 38.5, 46.3, 0.99
M, 711991, 375547, 816596, 971461, 378003, 147416, 558242, 118902, 38.5, 46.3, 0.99
M, 714142, 376257, 814458, 972463, 378577, 147106, 559021, 118759, 38.5, 46.2, 0.99
M, 716140, 376786, 812368, 973379, 378991, 146887, 559595, 118664, 38.5, 46.2, 0.99
M, 718873, 377429, 811156, 975321, 379497, 146784, 560253, 118603, 38.5, 46.2, 0.99
M, 721507, 377824, 809738, 977357, 379968, 146643, 560895, 118494, 38.5, 46.2, 0.99
M, 723596, 378091, 808528, 979204, 380323, 146564, 561323, 118460, 38.5, 46.2, 1.00
M, 725780, 378241, 807597, 981165, 380514, 146468, 561733, 118382, 38.5, 46.2, 1.00
M, 728095, 378444, 807271, 983747, 381003, 146500, 562248, 118446, 38.5, 46.2, 1.00
M, 729892, 378613, 806547, 985648, 381274, 146542, 562689, 118503, 38.5, 46.2, 1.00
M, 732053, 378617, 806608, 988324, 381737, 146595, 563214, 118596, 38.5, 46.1, 1.00
M, 734192, 378653, 806424, 990620, 382166, 146588, 563671, 118610, 38.5, 46.1, 1.00
M, 737329, 378797, 808308, 994715, 382799, 146977, 564492, 118846, 38.5, 46.1, 1.00
M, 738570, 379012, 807917, 996398, 383190, 146995, 564998, 118932, 38.5, 46.1, 1.01
M, 739662, 378866, 807198, 997893, 383461, 146918, 565367, 118816, 38.5, 46.1, 1.00
M, 740278, 378727, 806847, 999116, 383719, 147045, 565565, 118910, 38.5, 46.1, 1.00
M, 741477, 378674, 806455, 1000851, 384110, 147072, 566191, 118891, 38.5, 46.1, 0.99
M, 742068, 378456, 806427, 1001982, 384265, 147118, 566428, 118816, 38.5, 46.1, 0.99
M, 743031, 378455, 806619, 1003788, 384625, 147266, 566872, 118943, 38.5, 46.1, 1.01
M, 743835, 378444, 806739, 1005321, 384987, 147344, 567355, 119021, 38.5, 46.1, 1.00
M, 744432, 378432, 806601, 1006364, 385317, 147415, 567765, 119065, 38.5, 46.1, 1.01
M, 745483, 378433, 807233, 1008014, 385747, 147561, 568333, 119178, 38.5, 46.1, 1.00
M, 746222, 378395, 807480, 1009676, 386132, 147622, 568814, 119206, 38.5, 46.1, 1.00
M, 746635, 378297, 807482, 1010610, 386486, 147763, 569195, 119237, 38.5, 46.1, 1.00
M, 747329, 378375, 807806, 1011843, 386794, 147841, 569642, 119310, 38.5, 46.1, 1.00
M, 747629, 378368, 807810, 1012727, 387135, 147959, 570058, 119358, 38.5, 46.1, 1.01
M, 748398, 378373, 808067, 1013737, 387500, 147991, 570569, 119425, 38.5, 46.1, 1.00
M, 748437, 378382, 807962, 1014260, 387745, 148085, 570930, 119343, 38.5, 46.1, 1.01
M, 748567, 378343, 808012, 1015213, 388048, 148149, 571243, 119392, 38.5, 46.1, 1.00
M, 749147, 378321, 808404, 1016360, 388445, 148254, 571676, 119419, 38.5, 46.1, 1.00
M, 749567, 378460, 808497, 1016978, 388675, 148348, 572051, 119527, 38.5, 46.1, 1.00
M, 750022, 378559, 808998, 1017946, 389130, 148429, 572505, 119537, 38.5, 46.1, 1.02
M, 752452, 378931, 811635, 1021247, 389817, 148853, 573399, 119831, 38.5, 46.1, 0.99
M, 752300, 379066, 811410, 1021474, 390046, 148784, 573755, 119817, 38.5, 46.1, 1.00
M, 752494, 379171, 811476, 1022087, 390388, 148873, 573959, 119876, 38.5, 46.1, 0.99
M, 752028, 379136, 810814, 1021933, 390570, 148921, 574233, 119775, 38.5, 46.1, 1.01
M, 751810, 379098, 810404, 1021996, 390708, 148931, 574424, 119780, 38.5, 46.1, 1.00
M, 751474, 379097, 809898, 1021848, 390964, 148838, 574686, 119692, 38.5, 46.1, 1.00
M, 751007, 378938, 809296, 1021623, 390912, 148802, 574813, 119540, 38.5, 46.1, 0.99
M, 751485, 378980, 809678, 1022424, 391202, 148935, 575151, 119729, 38.5, 46.1, 1.00
M, 751851, 379009, 810035, 1023050, 391544, 149033, 575507, 119761, 38.5, 46.1, 1.00
M, 752137, 379099, 810206, 1023615, 391727, 149035, 575881, 119825, 38.5, 46.1, 0.99
M, 752670, 379282, 810899, 1024559, 392126, 149166, 576289, 119849, 38.5, 46.1, 1.01
M, 753128, 379419, 811127, 1025061, 392460, 149264, 576614, 119880, 38.5, 46.1, 1.01
M, 753326, 379492, 811376, 1025480, 392711, 149300, 577004, 119909, 38.5, 46.1, 1.00
M, 753116, 379542, 811183, 1025789, 392883, 149395, 577183, 119873, 38.5, 46.1, 1.01
M, 753482, 379641, 811317, 1026409, 393110, 149446, 577533, 119970, 38.5, 46.1, 1.00
M, 753985, 379752, 811681, 1026797, 393448, 149465, 577833, 120010, 38.5, 46.1, 1.00
M, 753992, 379818, 811755, 1027109, 393614, 149526, 578102, 120031, 38.5, 46.1, 1.00
M, 754014, 379856, 811761, 1027630, 393839, 149536, 578336, 120059, 38.5, 46.1, 1.00
M, 754485, 380043, 812201, 1028340, 394067, 149671, 578654, 120083, 38.5, 46.1, 0.99
M, 754727, 380071, 812383, 1028691, 394256, 149691, 578927, 120128, 38.5, 46.1, 1.00
M, 757029, 380596, 815294, 1031790, 394968, 150072, 579727, 120428, 38.5, 46.1, 0.99
M, 757192, 380738, 815080, 1031634, 395211, 150090, 580024, 120375, 38.5, 46.1, 1.00
M, 756989, 380865, 814939, 1031601, 395345, 150104, 580146, 120342, 38.5, 46.1, 1.00
M, 756841, 380852, 814899, 1031977, 395427, 150197, 580296, 120299, 38.5, 46.1, 1.00
M, 756182, 380968, 813984, 1031287, 395553, 150097, 580377, 120244, 38.5, 46.1, 1.00
M, 756248, 380864, 813864, 1031420, 395626, 150135, 580533, 120296, 38.5, 46.1, 1.00
M, 756191, 380905, 813854, 1031578, 395856, 150162, 580796, 120235, 38.5, 46.1, 1.01
M, 756137, 380887, 813763, 1031549, 395895, 150143, 580854, 120208, 38.5, 46.1, 0.99
M, 756420, 381012, 814106, 1031910, 396069, 150226, 581101, 120234, 38.5, 46.1, 0.99
M, 756589, 381069, 814272, 1032447, 396290, 150314, 581346, 120247, 38.5, 46.1, 1.00
M, 756524, 381073, 814124, 1032573, 396419, 150310, 581495, 120350, 38.5, 46.1, 0.99
M, 756880, 381218, 814463, 1033186, 396550, 150401, 581777, 120394, 38.5, 46.1, 1.00
M, 757249, 381273, 814941, 1033449, 396812, 150421, 581983, 120363, 38.5, 46.1, 1.00
M, 757267, 381297, 814930, 1033644, 396929, 150447, 582176, 120358, 38.5, 46.1, 1.00
M, 757547, 381443, 815126, 1034149, 397141, 150584, 582432, 120399, 38.5, 46.1, 0.99
M, 757763, 381469, 815209, 1034404, 397292, 150540, 582618, 120376, 38.5, 46.1, 1.00
M, 758162, 381607, 815732, 1035028, 397459, 150562, 582866, 120487, 38.5, 46.1, 1.00
M, 758375, 381714, 815987, 1035437, 397672, 150638, 583055, 120502, 38.5, 46.1, 1.00
M, 758600, 381740, 816112, 1035527, 397851, 150701, 583306, 120460, 38.5, 46.1, 1.00
M, 758629, 381797, 816204, 1035786, 397977, 150706, 583468, 120435, 38.5, 46.1, 1.00
M, 760261, 382061, 818337, 1038225, 398398, 151069, 583980, 120749, 38.5, 46.1, 1.00
M, 760614, 382363, 818537, 1038435, 398651, 151045, 584249, 120809, 38.5, 46.1, 1.00
M, 760569, 382489, 818336, 1038253, 398773, 151062, 584294, 120686, 38.5, 46.1, 1.00
M, 760242, 382405, 817858, 1037940, 398767, 151000, 584401, 120591, 38.5, 46.1, 1.00
M, 760138, 382463, 818003, 1038376, 398890, 151066, 584551, 120703, 38.5, 46.1, 1.01
M, 759937, 382496, 817589, 1037760, 398994, 151049, 584697, 120636, 38.5, 46.1, 1.00
M, 759861, 382514, 817552, 1037992, 399023, 151046, 584684, 120666, 38.5, 46.1, 1.00
M, 759563, 382606, 817126, 1037775, 399120, 151085, 584871, 120588, 38.5, 46.1, 1.02
M, 759755, 382468, 817108, 1037668, 399209, 151073, 584906, 120597, 38.5, 46.1, 1.00
M, 759890, 382522, 817597, 1038262, 399268, 151164, 585126, 120591, 38.5, 46.1, 1.00
M, 760156, 382569, 817745, 1038671, 399424, 151162, 585304, 120654, 38.5, 46.1, 1.00
M, 760118, 382559, 817665, 1038689, 399452, 151207, 585408, 120695, 38.5, 46.1, 1.01
M, 760773, 382747, 818320, 1039356, 399738, 151282, 585617, 120738, 38.5, 46.1, 1.00
M, 760952, 382777, 818579, 1039598, 399848, 151273, 585812, 120626, 38.5, 46.1, 1.00
M, 760954, 382769, 818530, 1039756, 399971, 151279, 585992, 120708, 38.5, 46.1, 1.00
M, 761276, 382955, 818890, 1040150, 400021, 151377, 586113, 120752, 38.5, 46.1, 1.00
M, 761428, 382895, 819004, 1040396, 400191, 151453, 586316, 120757, 38.5, 46.1, 0.99
M, 761098, 382909, 818622, 1040185, 400194, 151361, 586280, 120744, 38.5, 46.1, 0.99
M, 761643, 383028, 819301, 1041008, 400424, 151511, 586549, 120833, 38.5, 46.1, 1.00
M, 762004, 383140, 819665, 1041311, 400601, 151577, 586791, 120851, 38.5, 46.1, 1.00
M, 763627, 383408, 821689, 1043483, 400984, 151797, 587193, 121030, 38.5, 46.1, 1.00
M, 763749, 383629, 821746, 1043650, 401077, 151807, 587395, 121044, 38.5, 46.1, 1.01
M, 763647, 383663, 821634, 1043560, 401194, 151906, 587448, 121037, 38.5, 46.1, 1.00
M, 763791, 383799, 821747, 1043470, 401317, 151845, 587602, 121020, 38.5, 46.1, 0.99
M, 763527, 383693, 821340, 1043291, 401352, 151846, 587515, 120957, 38.5, 46.1, 1.00
M, 763352, 383699, 821277, 1043253, 401258, 151829, 587644, 120934, 38.5, 46.1, 1.00
M, 763249, 383711, 821130, 1043190, 401439, 151822, 587713, 120939, 38.5, 46.1, 1.00
M, 763219, 383592, 821201, 1043239, 401350, 151863, 587728, 120874, 38.5, 46.1, 1.00
M, 763177, 383816, 821110, 1043033, 401518, 151842, 587884, 120815, 38.5, 46.2, 1.00
M, 763111, 383681, 820884, 1043014, 401472, 151777, 587846, 120838, 38.5, 46.2, 1.00
M, 763259, 383636, 821271, 1043482, 401590, 151887, 587971, 120867, 38.5, 46.2, 0.99
M, 763254, 383655, 821240, 1043616, 401690, 151900, 588108, 120905, 38.5, 46.2, 0.99
M, 763532, 383753, 821390, 1043685, 401722, 151961, 588168, 120929, 38.5, 46.2, 0.99
M, 763909, 383794, 821923, 1044419, 401914, 152049, 588364, 121029, 38.5, 46.2, 1.01
M, 764182, 383869, 822106, 1044426, 401956, 152033, 588511, 120957, 38.5, 46.2, 1.00
M, 764136, 383826, 822052, 1044417, 402115, 152011, 588625, 120984, 38.5, 46.1, 1.00
M, 764388, 383999, 822537, 1045014, 402077, 152125, 588767, 120952, 38.5, 46.1, 0.99
M, 764439, 384023, 822648, 1045263, 402255, 152127, 588774, 120976, 38.5, 46.2, 1.00
M, 764555, 383982, 822688, 1045366, 402299, 152181, 589037, 121032, 38.5, 46.2, 1.00
M, 764867, 384052, 822941, 1045592, 402461, 152261, 589168, 121107, 38.5, 46.2, 1.00
M, 767104, 384495, 825882, 1048418, 402969, 152578, 589689, 121393, 38.5, 46.2, 1.00
M, 766828, 384645, 825597, 1048224, 403053, 152540, 589788, 121356, 38.5, 46.2, 1.01
M, 766945, 384641, 825667, 1048231, 403057, 152578, 589846, 121307, 38.5, 46.2, 1.00
M, 766610, 384619, 825417, 1048122, 403086, 152534, 589834, 121245, 38.5, 46.2, 1.01
M, 766845, 384741, 825466, 1048250, 403229, 152647, 589919, 121333, 38.5, 46.2, 0.99
M, 766477, 384613, 824951, 1047552, 403161, 152538, 589994, 121186, 38.5, 46.2, 1.00
M, 766295, 384659, 824977, 1047647, 403128, 152528, 589897, 121194, 38.5, 46.2, 1.00
M, 765939, 384575, 824662, 1047383, 403178, 152551, 589958, 121172, 38.5, 46.2, 0.99
M, 766035, 384629, 824688, 1047519, 403074, 152572, 590034, 121112, 38.5, 46.2, 1.00
M, 765990, 384688, 824489, 1047150, 403190, 152525, 590084, 121122, 38.5, 46.2, 0.99
M, 765833, 384588, 824428, 1047130, 403147, 152539, 590050, 121052, 38.5, 46.2, 1.00
M, 765733, 384480, 824277, 1047080, 403207, 152587, 590076, 121085, 38.5, 46.2, 0.99
M, 765889, 384501, 824593, 1047293, 403218, 152630, 590241, 121187, 38.5, 46.2, 1.00
M, 766130, 384523, 824821, 1047679, 403326, 152651, 590303, 121152, 38.5, 46.2, 0.99
M, 766624, 384634, 825478, 1048269, 403564, 152721, 590555, 121268, 38.5, 46.2, 1.00
M, 766964, 384724, 825743, 1048401, 403597, 152724, 590618, 121229, 38.5, 46.2, 1.00
M, 767008, 384803, 825784, 1048538, 403589, 152735, 590689, 121272, 38.5, 46.2, 1.01
M, 767143, 384808, 826068, 1049055, 403764, 152786, 590821, 121293, 38.5, 46.2, 1.00
M, 767207, 384738, 826336, 1049200, 403786, 152864, 590948, 121275, 38.5, 46.2, 1.00
M, 767413, 384768, 826462, 1049296, 403821, 152885, 590973, 121339, 38.5, 46.2, 1.00
M, 769484, 385209, 829257, 1052132, 404355, 153145, 591556, 121682, 38.5, 46.2, 1.00
M, 769670, 385366, 829095, 1051735, 404465, 153215, 591685, 121566, 38.5, 46.2, 1.00
M, 769361, 385341, 828712, 1051367, 404356, 153197, 591525, 121512, 38.5, 46.2, 0.99
M, 768944, 385375, 828508, 1051335, 404360, 153136, 591563, 121415, 38.5, 46.2, 0.99
M, 769011, 385320, 828743, 1051544, 404348, 153178, 591628, 121449, 38.5, 46.2, 1.00
M, 769031, 385360, 828631, 1051311, 404399, 153207, 591634, 121471, 38.5, 46.2, 1.00
M, 769243, 385453, 828901, 1051539, 404516, 153197, 591716, 121475, 38.5, 46.2, 1.00
M, 768964, 385320, 828646, 1051313, 404520, 153189, 591729, 121429, 38.5, 46.2, 0.99
M, 768881, 385329, 828469, 1051002, 404555, 153165, 591737, 121350, 38.5, 46.2, 1.00
M, 768637, 385290, 828511, 1051056, 404393, 153226, 591754, 121393, 38.5, 46.2, 1.00
M, 768833, 385303, 828704, 1051368, 404524, 153260, 591806, 121412, 38.5, 46.2, 1.00
M, 768986, 385400, 828979, 1051575, 404611, 153293, 591947, 121449, 38.5, 46.2, 1.00
M, 768924, 385348, 828921, 1051393, 404630, 153228, 591918, 121393, 38.5, 46.2, 0.99
M, 768809, 385336, 828891, 1051165, 404612, 153252, 591889, 121367, 38.5, 46.2, 1.00
M, 768748, 385272, 828822, 1051352, 404620, 153320, 591966, 121451, 38.5, 46.2, 1.00
M, 769098, 385371, 829354, 1051954, 404731, 153339, 592100, 121466, 38.5, 46.2, 1.00
M, 769232, 385267, 829554, 1051885, 404752, 153382, 592092, 121429, 38.5, 46.2, 1.00
M, 769606, 385416, 830096, 1052460, 404882, 153462, 592313, 121500, 38.5, 46.2, 1.00
M, 769824, 385487, 830293, 1052542, 404996, 153473, 592387, 121545, 38.5, 46.2, 1.00
M, 769614, 385409, 830092, 1052236, 404909, 153433, 592408, 121474, 38.5, 46.2, 1.00
M, 771348, 385778, 832390, 1054645, 405280, 153707, 592807, 121770, 38.5, 46.2, 1.00
M, 771498, 385887, 832570, 1054756, 405438, 153741, 592954, 121721, 38.5, 46.2, 1.00
M, 771442, 385927, 832360, 1054418, 405403, 153744, 592901, 121750, 38.5, 46.2, 1.00
M, 771562, 385907, 832588, 1054687, 405507, 153808, 592987, 121728, 38.5, 46.2, 0.99
M, 771396, 385927, 832525, 1054595, 405484, 153755, 592912, 121737, 38.5, 46.2, 0.99
M, 770965, 385878, 832134, 1054291, 405376, 153719, 592878, 121607, 38.5, 46.2, 1.00
M, 771070, 385903, 832455, 1054265, 405551, 153852, 592955, 121648, 38.5, 46.2, 1.00
M, 770835, 385845, 832129, 1053821, 405466, 153778, 592950, 121574, 38.5, 46.2, 0.99
M, 770761, 385782, 831895, 1053653, 405454, 153758, 592950, 121554, 38.5, 46.2, 1.01
M, 770391, 385855, 831660, 1053395, 405388, 153662, 592903, 121551, 38.5, 46.2, 1.00
M, 770275, 385696, 831665, 1053457, 405348, 153707, 592825, 121516, 38.5, 46.2, 1.01
M, 770512, 385702, 831940, 1053779, 405434, 153833, 592972, 121658, 38.5, 46.2, 1.00
M, 770644, 385762, 832127, 1053902, 405436, 153814, 593080, 121626, 38.5, 46.2, 1.00
M, 770853, 385756, 832322, 1053857, 405491, 153779, 593114, 121578, 38.5, 46.2, 1.01
M, 770791, 385692, 832345, 1053908, 405477, 153764, 593039, 121620, 38.5, 46.2, 0.99
M, 771251, 385790, 833006, 1054417, 405619, 153830, 593224, 121661, 38.5, 46.2, 1.00
M, 771202, 385787, 832782, 1054314, 405674, 153825, 593295, 121671, 38.5, 46.2, 0.99
M, 771349, 385847, 833288, 1054774, 405619, 153900, 593322, 121704, 38.5, 46.2, 1.01
M, 771428, 385816, 833368, 1054770, 405671, 153930, 593340, 121633, 38.5, 46.2, 1.00
M, 771762, 385904, 833682, 1054752, 405775, 153927, 593486, 121651, 38.5, 46.2, 1.01
M, 773354, 386141, 835844, 1057034, 406032, 154157, 593799, 121939, 38.5, 46.2, 1.00
M, 773159, 386221, 835628, 1056906, 406196, 154245, 593905, 121849, 38.5, 46.2, 0.99
M, 772745, 386205, 835344, 1056567, 406106, 154196, 593817, 121775, 38.5, 46.2, 1.00
M, 772788, 386175, 835276, 1056213, 406060, 154190, 593776, 121801, 38.5, 46.2, 1.00
M, 772773, 386260, 835408, 1056466, 406118, 154199, 593824, 121767, 38.5, 46.2, 1.01
M, 772473, 386177, 835042, 1055958, 406055, 154139, 593780, 121780, 38.5, 46.2, 0.99
M, 772361, 386158, 834973, 1055725, 406055, 154144, 593774, 121718, 38.5, 46.2, 1.00
M, 772440, 386100, 835210, 1056080, 406051, 154198, 593789, 121742, 38.5, 46.2, 1.00
M, 772106, 386062, 834876, 1055660, 406093, 154232, 593828, 121728, 38.5, 46.2, 1.00
M, 772073, 386037, 834847, 1055528, 405984, 154192, 593780, 121784, 38.5, 46.2, 1.00
M, 771969, 386078, 834936, 1055495, 406107, 154162, 593801, 121687, 38.5, 46.2, 1.00
M, 771953, 385939, 834819, 1055509, 406002, 154135, 593811, 121680, 38.5, 46.2, 1.01
M, 772278, 386095, 835230, 1055746, 406151, 154231, 593870, 121745, 38.5, 46.2, 0.99
M, 772454, 385939, 835464, 1055827, 406104, 154255, 593920, 121781, 38.5, 46.2, 1.00
M, 772290, 385990, 835550, 1055967, 406134, 154311, 593971, 121732, 38.5, 46.2, 1.00
M, 772642, 386012, 836015, 1056483, 406257, 154312, 594114, 121837, 38.5, 46.2, 1.00
M, 772890, 386145, 836313, 1056527, 406272, 154342, 594158, 121765, 38.5, 46.2, 1.01
M, 772608, 386046, 836141, 1056299, 406243, 154311, 594155, 121779, 38.5, 46.2, 1.01
M, 772786, 386046, 836208, 1056528, 406252, 154321, 594168, 121788, 38.5, 46.2, 1.00
M, 772810, 386079, 836434, 1056656, 406278, 154372, 594183, 121802, 38.5, 46.2, 1.00
M, 775030, 386415, 839086, 1059054, 406746, 154622, 594775, 122087, 38.5, 46.2, 1.00
M, 774749, 386518, 838535, 1058494, 406767, 154606, 594676, 121957, 38.5, 46.2, 1.00
M, 774627, 386558, 838598, 1058458, 406762, 154677, 594691, 121993, 38.5, 46.2, 1.00
M, 774337, 386492, 838392, 1058178, 406693, 154607, 594632, 121917, 38.5, 46.2, 1.00
M, 774092, 386418, 838240, 1058118, 406666, 154657, 594604, 121975, 38.5, 46.2, 1.01
M, 774017, 386396, 838353, 1058041, 406648, 154659, 594658, 121975, 38.5, 46.2, 1.00
M, 773954, 386401, 838208, 1057701, 406669, 154548, 594673, 121899, 38.5, 46.2, 1.01
M, 773816, 386293, 838029, 1057476, 406572, 154545, 594585, 121856, 38.5, 46.2, 1.00
M, 773855, 386316, 838235, 1057805, 406636, 154608, 594619, 121874, 38.5, 46.2, 1.00
M, 773656, 386380, 837882, 1057217, 406626, 154567, 594592, 121884, 38.5, 46.2, 1.00
M, 773510, 386254, 837932, 1057318, 406609, 154631, 594512, 121883, 38.5, 46.2, 1.00
M, 773359, 386320, 837890, 1057269, 406615, 154571, 594611, 121854, 38.5, 46.2, 1.00
M, 773463, 386212, 837812, 1057023, 406555, 154582, 594543, 121853, 38.5, 46.2, 1.00
M, 773658, 386195, 838362, 1057609, 406583, 154592, 594625, 121854, 38.5, 46.2, 1.00
M, 773804, 386256, 838543, 1057730, 406615, 154602, 594706, 121833, 38.5, 46.2, 1.00
M, 773688, 386170, 838497, 1057619, 406612, 154655, 594705, 121896, 38.5, 46.2, 0.99
M, 774141, 386223, 838932, 1058000, 406707, 154665, 594782, 121928, 38.5, 46.2, 0.99
M, 774204, 386297, 839185, 1058025, 406806, 154729, 594820, 121926, 38.5, 46.2, 1.01
M, 774081, 386207, 838975, 1057810, 406755, 154675, 594795, 121902, 38.5, 46.2, 1.00
M, 774362, 386217, 839366, 1058199, 406765, 154752, 594930, 121968, 38.5, 46.2, 1.00
M, 776251, 386483, 841967, 1060579, 407184, 155051, 595344, 122220, 38.5, 46.2, 0.99
M, 776356, 386791, 842137, 1060776, 407324, 155106, 595526, 122254, 38.5, 46.2, 1.00
M, 776229, 386785, 841975, 1060556, 407275, 155088, 595470, 122155, 38.5, 46.2, 1.00
M, 776142, 386816, 842098, 1060408, 407197, 155049, 595379, 122145, 38.5, 46.2, 0.99
M, 775895, 386707, 841808, 1060129, 407230, 154997, 595317, 122090, 38.5, 46.2, 1.00
M, 775580, 386691, 841599, 1059969, 407153, 155065, 595309, 122106, 38.5, 46.2, 1.00
M, 775662, 386735, 841765, 1059950, 407196, 155036, 595320, 122108, 38.5, 46.2, 1.00
M, 775573, 386736, 841664, 1059628, 407158, 155023, 595333, 122021, 38.5, 46.2, 1.00
M, 775332, 386555, 841392, 1059290, 407069, 154949, 595244, 122006, 38.5, 46.2, 1.00
M, 775317, 386604, 841526, 1059378, 407077, 154966, 595263, 121988, 38.5, 46.2, 1.00
M, 774891, 386603, 841157, 1058907, 407092, 154957, 595236, 121903, 38.5, 46.2, 0.99
M, 774789, 386478, 841074, 1058976, 406968, 154988, 595210, 122049, 38.5, 46.2, 1.00
M, 774735, 386437, 841073, 1058478, 406999, 154914, 595226, 121915, 38.5, 46.2, 1.00
M, 774680, 386370, 840880, 1058454, 406919, 154862, 595158, 121936, 38.5, 46.2, 0.99
M, 774878, 386327, 841465, 1059046, 407000, 155044, 595266, 121967, 38.5, 46.2, 1.00
M, 775015, 386411, 841498, 1059023, 407036, 154994, 595342, 121998, 38.6, 46.2, 1.00
M, 775123, 386401, 841639, 1058918, 407040, 155034, 595369, 122014, 38.6, 46.2, 1.00
M, 775357, 386416, 842182, 1059339, 407156, 155044, 595411, 122013, 38.6, 46.2, 1.00
M, 775520, 386493, 842277, 1059517, 407167, 155059, 595481, 122029, 38.6, 46.2, 1.00
M, 775435, 386411, 842169, 1059328, 407127, 155075, 595454, 122015, 38.6, 46.2, 1.00
A, 782002, 387245, 850541, 1067565, 408348, 156189, 596878, 123217, 38.6, 46.2, 0.00
A, 792389, 389629, 864698, 1081765, 410908, 158135, 599609, 124924, 38.6, 46.2, 0.63
A, 801139, 392077, 876156, 1092403, 412995, 159677, 601650, 126160, 38.6, 46.2, 0.74
A, 806589, 393953, 883874, 1099493, 414216, 160811, 602804, 126940, 38.6, 46.2, 0.81
A, 810358, 395453, 889736, 1104936, 415125, 161810, 603592, 127546, 38.6, 46.2, 0.89
A, 813214, 396819, 894509, 1108895, 415759, 162528, 604115, 127994, 38.6, 46.2, 0.93
A, 815270, 397953, 898309, 1111585, 416210, 163281, 604431, 128353, 38.6, 46.2, 0.95
A, 817048, 399089, 902150, 1114324, 416602, 163874, 604593, 128589, 38.6, 46.2, 0.97
A, 818062, 400194, 905241, 1115999, 416774, 164432, 604555, 128740, 38.6, 46.2, 0.98
A, 818254, 400890, 906999, 1116394, 416647, 164748, 604361, 128834, 38.6, 46.2, 0.98
A, 818459, 401606, 909046, 1117252, 416687, 165238, 604232, 128949, 38.6, 46.2, 0.98
A, 817858, 402190, 910146, 1116671, 416429, 165531, 603833, 129020, 38.6, 46.2, 0.99
A, 817248, 402554, 911001, 1116419, 416162, 165701, 603384, 129051, 38.6, 46.2, 0.99
A, 816396, 403122, 912206, 1115512, 415839, 165998, 602909, 128996, 38.5, 46.2, 0.99
A, 815562, 403208, 912788, 1114867, 415464, 166085, 602429, 128922, 38.5, 46.2, 1.00
A, 814873, 403487, 913387, 1114077, 415103, 166271, 601983, 129020, 38.5, 46.2, 0.99
A, 813820, 403648, 913738, 1112901, 414640, 166311, 601383, 128983, 38.5, 46.2, 1.00
A, 812680, 403688, 914153, 1111870, 414312, 166443, 600871, 128884, 38.5, 46.2, 1.00
A, 811904, 403859, 914912, 1111015, 413926, 166599, 600408, 128947, 38.5, 46.2, 1.00
A, 810849, 403981, 915245, 1109478, 413445, 166611, 599810, 128863, 38.5, 46.2, 1.00
A, 811467, 404170, 917825, 1110590, 413367, 167012, 599595, 129096, 38.5, 46.2, 1.00
A, 810257, 404206, 917746, 1109169, 412942, 167000, 599125, 129052, 38.5, 46.2, 0.99
A, 808725, 404133, 917423, 1107611, 412420, 167023, 598431, 128989, 38.5, 46.2, 1.01
A, 807539, 404017, 917542, 1105698, 411878, 166944, 597732, 128863, 38.5, 46.2, 1.01
A, 805902, 403762, 916899, 1103727, 411268, 166827, 597039, 128782, 38.5, 46.2, 0.99
A, 804327, 403426, 916518, 1102278, 410725, 166840, 596429, 128678, 38.5, 46.2, 1.00
A, 803499, 403298, 916658, 1101055, 410346, 166893, 595924, 128662, 38.5, 46.2, 1.01
A, 802247, 403047, 916630, 1099699, 409853, 166849, 595487, 128616, 38.5, 46.2, 1.00
A, 801382, 402863, 916779, 1098557, 409482, 166904, 594900, 128557, 38.5, 46.2, 0.99
A, 800357, 402610, 916691, 1096826, 409040, 166851, 594351, 128497, 38.5, 46.2, 0.99
A, 799123, 402426, 916516, 1095483, 408557, 166763, 593786, 128375, 38.5, 46.2, 1.00
A, 798242, 402081, 916497, 1094593, 408153, 166776, 593367, 128406, 38.5, 46.2, 1.00
A, 796751, 401751, 915772, 1092524, 407651, 166639, 592721, 128297, 38.5, 46.2, 1.01
A, 795970, 401509, 915770, 1091498, 407271, 166618, 592306, 128261, 38.5, 46.2, 1.00
A, 794685, 401161, 915557, 1089981, 406789, 166524, 591728, 128202, 38.5, 46.2, 1.01
A, 793896, 400890, 915409, 1088949, 406345, 166476, 591265, 128179, 38.5, 46.2, 0.99
A, 793496, 400662, 915827, 1088371, 406165, 166488, 590978, 128201, 38.5, 46.2, 0.99
A, 792683, 400280, 915884, 1087531, 405787, 166503, 590521, 128176, 38.5, 46.2, 1.01
A, 791588, 400001, 915157, 1085968, 405340, 166396, 590073, 128098, 38.5, 46.2, 1.00
A, 791254, 399819, 915861, 1085694, 405163, 166454, 589757, 128175, 38.5, 46.2, 0.99
A, 792673, 399847, 918717, 1087128, 405190, 166762, 589885, 128417, 38.5, 46.2, 1.01
A, 791751, 399710, 918458, 1085682, 404981, 166605, 589442, 128349, 38.5, 46.2, 0.99
A, 790984, 399460, 918210, 1084973, 404592, 166660, 589131, 128266, 38.5, 46.2, 1.00
A, 790215, 399189, 917887, 1083621, 404285, 166591, 588652, 128223, 38.5, 46.3, 0.99
A, 789397, 398903, 917744, 1082790, 403953, 166574, 588257, 128198, 38.5, 46.3, 1.00
A, 788979, 398661, 918087, 1082057, 403654, 166535, 587995, 128235, 38.5, 46.3, 1.00
A, 787758, 398320, 917308, 1080340, 403257, 166383, 587487, 128062, 38.5, 46.3, 0.99
A, 786101, 397940, 916057, 1078719, 402839, 166274, 586922, 127931, 38.5, 46.3, 1.01
A, 785665, 397547, 915981, 1077879, 402596, 166231, 586590, 127892, 38.5, 46.3, 0.99
A, 785387, 397331, 916539, 1077492, 402348, 166262, 586354, 127916, 38.5, 46.3, 0.99
A, 785025, 397091, 916439, 1076427, 402038, 166074, 585982, 127834, 38.5, 46.3, 0.99
A, 784196, 396792, 916199, 1075464, 401716, 166062, 585678, 127750, 38.5, 46.3, 0.99
A, 783551, 396587, 915876, 1074801, 401512, 166028, 585423, 127883, 38.5, 46.3, 1.00
A, 782917, 396207, 915789, 1073726, 401191, 165982, 585064, 127808, 38.5, 46.3, 0.99
A, 782474, 395945, 915778, 1073293, 400962, 165949, 584770, 127773, 38.5, 46.3, 1.00
A, 781832, 395665, 915520, 1072161, 400764, 165858, 584484, 127736, 38.5, 46.3, 1.01
A, 781503, 395406, 915607, 1071535, 400487, 165825, 584238, 127676, 38.5, 46.3, 1.00
A, 781250, 395243, 915951, 1071546, 400295, 165848, 584084, 127703, 38.5, 46.3, 1.00
A, 780828, 394985, 916033, 1070982, 400136, 165770, 583765, 127748, 38.5, 46.3, 1.00
A, 780560, 394799, 916075, 1070453, 399921, 165865, 583569, 127693, 38.5, 46.3, 1.01
A, 782365, 394995, 919019, 1072509, 400198, 166181, 583804, 128095, 38.5, 46.3, 1.00
A, 781834, 394873, 918687, 1071566, 400054, 166104, 583638, 127943, 38.5, 46.3, 0.99
A, 780899, 394643, 918265, 1070552, 399756, 165987, 583257, 127837, 38.5, 46.3, 1.01
A, 780601, 394440, 918333, 1070043, 399571, 165988, 583044, 127803, 38.5, 46.3, 1.01
A, 779909, 394215, 917944, 1069260, 399360, 165840, 582741, 127802, 38.5, 46.3, 0.99
A, 779381, 394004, 917468, 1068346, 399121, 165834, 582450, 127744, 38.5, 46.3, 1.01
A, 778814, 393708, 917530, 1067857, 398861, 165859, 582245, 127741, 38.5, 46.3, 1.01
A, 778538, 393594, 917621, 1067117, 398667, 165765, 581964, 127629, 38.5, 46.3, 1.01
A, 778098, 393315, 917454, 1066446, 398457, 165669, 581699, 127610, 38.5, 46.3, 0.98
A, 777651, 393104, 917113, 1065962, 398276, 165656, 581520, 127641, 38.5, 46.3, 1.00
A, 777543, 392987, 917514, 1065590, 398178, 165687, 581399, 127665, 38.5, 46.3, 0.99
A, 777083, 392829, 917418, 1065216, 398012, 165674, 581217, 127659, 38.5, 46.3, 1.00
A, 777064, 392754, 917707, 1064838, 397895, 165589, 581046, 127533, 38.5, 46.3, 0.99
A, 776482, 392528, 917493, 1064139, 397759, 165552, 580775, 127539, 38.5, 46.3, 1.01
A, 775845, 392264, 917121, 1063417, 397483, 165420, 580546, 127524, 38.5, 46.3, 1.00
A, 775573, 392185, 916848, 1063000, 397352, 165466, 580313, 127549, 38.5, 46.3, 1.00
A, 775038, 391934, 916728, 1062023, 397222, 165336, 580074, 127377, 38.5, 46.3, 0.99
A, 774767, 391802, 916504, 1061528, 396952, 165314, 579897, 127430, 38.5, 46.3, 0.99
A, 774544, 391515, 916762, 1061671, 396829, 165341, 579814, 127443, 38.5, 46.3, 1.01
A, 774335, 391435, 916790, 1061171, 396769, 165267, 579643, 127439, 38.5, 46.3, 1.00
A, 775883, 391557, 919264, 1062977, 396949, 165525, 579830, 127751, 38.5, 46.3, 0.99
A, 775731, 391663, 919267, 1062640, 396996, 165526, 579805, 127701, 38.5, 46.3, 1.01
A, 775227, 391472, 918734, 1061551, 396671, 165469, 579540, 127623, 38.5, 46.3, 1.00
A, 774525, 391282, 918316, 1060640, 396484, 165363, 579294, 127607, 38.5, 46.3, 0.99
A, 773932, 391077, 918025, 1060311, 396254, 165290, 579048, 127517, 38.5, 46.3, 1.01
A, 773768, 390923, 917976, 1060057, 396178, 165303, 578880, 127504, 38.5, 46.3, 1.00
A, 773387, 390724, 917644, 1059343, 395986, 165294, 578652, 127478, 38.5, 46.3, 1.00
A, 773289, 390669, 918084, 1059165, 395922, 165194, 578548, 127527, 38.5, 46.3, 1.00
A, 773032, 390520, 917897, 1058728, 395794, 165208, 578416, 127490, 38.5, 46.3, 0.99
A, 772534, 390414, 917712, 1058063, 395627, 165138, 578189, 127416, 38.5, 46.3, 1.00
A, 772247, 390223, 917548, 1057778, 395438, 165061, 578066, 127390, 38.5, 46.3, 0.99
A, 772029, 390072, 917806, 1057676, 395329, 165086, 577879, 127404, 38.5, 46.3, 1.01
A, 771775, 390006, 917609, 1057359, 395280, 165046, 577831, 127413, 38.5, 46.3, 1.00
A, 772055, 389996, 917928, 1056882, 395202, 165080, 577703, 127428, 38.5, 46.3, 1.00
A, 771258, 389761, 917471, 1056359, 395010, 164941, 577424, 127308, 38.5, 46.3, 1.00
A, 770878, 389631, 917192, 1055705, 394959, 164889, 577314, 127254, 38.5, 46.3, 0.99
A, 770673, 389501, 916970, 1055499, 394769, 164927, 577192, 127337, 38.5, 46.3, 1.00
A, 770131, 389338, 916864, 1054789, 394618, 164801, 577038, 127268, 38.5, 46.3, 1.00
A, 769894, 389110, 916390, 1054233, 394489, 164729, 576792, 127200, 38.5, 46.3, 1.00
A, 769941, 389035, 916926, 1054349, 394363, 164737, 576754, 127246, 38.5, 46.3, 1.00
A, 771586, 389251, 919521, 1056392, 394655, 165033, 577035, 127500, 38.5, 46.3, 1.01
A, 771293, 389310, 919230, 1055907, 394677, 165022, 576963, 127478, 38.5, 46.3, 1.00
A, 771226, 389242, 919255, 1055812, 394608, 164997, 576893, 127521, 38.5, 46.4, 1.00
A, 770736, 389152, 918968, 1055043, 394439, 164830, 576660, 127381, 38.5, 46.4, 0.99
A, 770306, 388984, 918563, 1054421, 394228, 164820, 576469, 127357, 38.5, 46.4, 1.00
A, 769839, 388872, 918303, 1054073, 394107, 164771, 576295, 127349, 38.5, 46.4, 1.00
A, 769763, 388741, 918242, 1053750, 393908, 164764, 576195, 127300, 38.5, 46.4, 0.99
A, 769422, 388636, 918156, 1053492, 393925, 164691, 575996, 127330, 38.5, 46.4, 1.00
A, 769471, 388629, 918414, 1053393, 393786, 164705, 576032, 127342, 38.5, 46.4, 0.99
A, 769351, 388546, 918228, 1052851, 393737, 164709, 575886, 127289, 38.5, 46.4, 1.00
A, 768937, 388444, 918154, 1052374, 393645, 164557, 575812, 127249, 38.5, 46.4, 1.00
A, 768529, 388281, 917910, 1052310, 393489, 164537, 575585, 127213, 38.5, 46.4, 1.01
A, 768677, 388265, 918185, 1052344, 393514, 164597, 575589, 127302, 38.5, 46.4, 0.99
A, 768555, 388233, 918091, 1051883, 393435, 164535, 575482, 127280, 38.5, 46.4, 0.99
A, 768494, 388149, 918332, 1051942, 393382, 164518, 575437, 127269, 38.5, 46.4, 1.00
A, 768150, 388061, 918159, 1051662, 393262, 164477, 575279, 127200, 38.5, 46.4, 1.00
A, 767789, 387929, 917870, 1050846, 393190, 164415, 575157, 127172, 38.5, 46.4, 1.01
A, 767529, 387844, 917783, 1050861, 393057, 164495, 574969, 127163, 38.5, 46.4, 1.01
A, 767547, 387724, 917822, 1050847, 392974, 164341, 574904, 127270, 38.5, 46.4, 1.01
A, 767540, 387658, 917925, 1050646, 392920, 164437, 574895, 127215, 38.5, 46.4, 0.99
A, 769420, 387898, 920882, 1052929, 393236, 164700, 575245, 127507, 38.5, 46.4, 1.01
A, 768924, 388000, 920303, 1052104, 393214, 164571, 575135, 127368, 38.5, 46.4, 1.00
A, 768263, 387808, 919695, 1051659, 393022, 164603, 574909, 127296, 38.5, 46.4, 1.00
A, 768158, 387775, 919489, 1051160, 392863, 164542, 574794, 127322, 38.5, 46.4, 1.01
A, 767748, 387637, 919342, 1050742, 392777, 164510, 574627, 127297, 38.5, 46.4, 0.99
A, 767788, 387634, 919587, 1050718, 392779, 164434, 574578, 127291, 38.5, 46.4, 1.00
A, 767299, 387569, 919034, 1049987, 392617, 164347, 574441, 127271, 38.5, 46.4, 1.00
A, 766957, 387443, 918874, 1049503, 392499, 164351, 574269, 127177, 38.5, 46.4, 1.01
A, 766482, 387261, 918560, 1049249, 392370, 164380, 574149, 127122, 38.5, 46.4, 1.00
A, 766495, 387294, 918679, 1049196, 392387, 164306, 574130, 127211, 38.5, 46.4, 1.00
A, 766360, 387174, 918390, 1048632, 392279, 164203, 574020, 127126, 38.5, 46.4, 0.99
A, 765944, 387068, 918028, 1048126, 392132, 164116, 573781, 127074, 38.5, 46.4, 1.01
A, 765514, 386959, 917769, 1047977, 391965, 164016, 573724, 127054, 38.5, 46.4, 1.01
A, 765584, 386875, 917973, 1047791, 391973, 164044, 573735, 127061, 38.5, 46.4, 0.99
A, 765418, 386770, 917883, 1047561, 391909, 164058, 573576, 127121, 38.5, 46.4, 1.00
A, 765271, 386732, 917879, 1047417, 391886, 164044, 573561, 127095, 38.5, 46.4, 1.01
A, 765188, 386698, 917664, 1047009, 391743, 164022, 573403, 127084, 38.5, 46.4, 1.00
A, 764863, 386679, 917569, 1046831, 391763, 163874, 573378, 127037, 38.5, 46.4, 1.00
A, 764646, 386483, 917570, 1046790, 391604, 163911, 573275, 127045, 38.5, 46.4, 1.01
A, 764814, 386454, 917829, 1046984, 391562, 163930, 573210, 127085, 38.5, 46.4, 1.00
A, 766453, 386670, 920274, 1048873, 391803, 164206, 573564, 127358, 38.5, 46.4, 1.00
A, 766271, 386764, 920122, 1048402, 391899, 164095, 573489, 127262, 38.5, 46.4, 1.00
A, 765807, 386673, 919415, 1047638, 391774, 164047, 573326, 127170, 38.5, 46.4, 1.00
A, 765349, 386538, 919060, 1047377, 391667, 163971, 573204, 127125, 38.5, 46.4, 1.00
A, 765391, 386556, 919276, 1047238, 391643, 163951, 573172, 127136, 38.5, 46.4, 1.00
A, 764992, 386520, 919142, 1047104, 391506, 163936, 573069, 127112, 38.5, 46.4, 1.00
A, 765212, 386541, 919403, 1047173, 391533, 163978, 573065, 127204, 38.5, 46.4, 1.00
A, 765045, 386382, 919295, 1046804, 391429, 163813, 572889, 127121, 38.5, 46.4, 1.01
A, 764661, 386381, 918935, 1046373, 391387, 163765, 572833, 127041, 38.5, 46.4, 1.00
A, 764592, 386361, 918962, 1046483, 391346, 163852, 572863, 127112, 38.5, 46.4, 0.99
A, 764497, 386301, 918873, 1046215, 391245, 163805, 572723, 127092, 38.5, 46.4, 1.00
A, 764268, 386216, 918864, 1046117, 391224, 163823, 572627, 127125, 38.5, 46.4, 1.01
A, 764032, 386130, 918591, 1045758, 391091, 163729, 572533, 127066, 38.5, 46.4, 1.01
A, 764300, 386118, 918943, 1045657, 391198, 163758, 572525, 127044, 38.5, 46.4, 1.01
A, 763844, 386021, 918624, 1045188, 391071, 163665, 572450, 127024, 38.5, 46.4, 1.01
A, 763746, 386006, 918778, 1045481, 391023, 163745, 572415, 127022, 38.5, 46.4, 1.01
A, 763396, 385952, 918244, 1044787, 390930, 163622, 572305, 126993, 38.5, 46.4, 0.98
A, 763368, 385827, 918228, 1044766, 390793, 163569, 572197, 127041, 38.5, 46.4, 0.99
A, 763159, 385798, 918182, 1044454, 390838, 163601, 572159, 126980, 38.5, 46.4, 0.99
A, 762925, 385768, 918174, 1044456, 390724, 163524, 572059, 127012, 38.5, 46.4, 1.01
A, 764894, 385993, 920891, 1046662, 391012, 163839, 572477, 127288, 38.5, 46.4, 1.01
A, 764626, 386111, 920577, 1046186, 390995, 163765, 572351, 127192, 38.5, 46.4, 1.00
A, 764136, 385942, 920334, 1045934, 390937, 163743, 572320, 127192, 38.5, 46.4, 1.00
A, 764328, 386026, 920364, 1045740, 390937, 163694, 572222, 127170, 38.5, 46.4, 1.01
A, 763854, 385888, 920115, 1045461, 390787, 163622, 572143, 127083, 38.5, 46.4, 1.01
A, 763726, 385859, 920185, 1045367, 390774, 163676, 572053, 127096, 38.5, 46.4, 1.01
A, 762999, 385731, 919359, 1044741, 390603, 163565, 571828, 126983, 38.5, 46.4, 1.00
A, 763304, 385726, 919735, 1044724, 390605, 163584, 571854, 127062, 38.5, 46.4, 1.00
A, 763143, 385670, 919590, 1044238, 390538, 163559, 571800, 127002, 38.5, 46.4, 1.00
A, 762730, 385520, 919244, 1043918, 390413, 163440, 571627, 126971, 38.5, 46.4, 1.01
A, 762592, 385475, 919164, 1043761, 390324, 163448, 571589, 126979, 38.5, 46.4, 1.00
A, 762606, 385509, 919483, 1043897, 390438, 163450, 571590, 126987, 38.5, 46.4, 1.00
A, 762317, 385390, 919228, 1043619, 390300, 163379, 571406, 127011, 38.5, 46.4, 1.00
A, 762490, 385363, 919523, 1043842, 390334, 163436, 571533, 127020, 38.5, 46.4, 0.99
A, 762425, 385360, 919602, 1043624, 390274, 163362, 571458, 126959, 38.5, 46.4, 1.01
A, 762117, 385320, 919215, 1043157, 390232, 163349, 571352, 126964, 38.5, 46.4, 1.00
A, 761913, 385245, 919058, 1043193, 390140, 163359, 571319, 126955, 38.5, 46.4, 1.00
A, 761524, 385172, 918557, 1042337, 390080, 163256, 571202, 126857, 38.5, 46.4, 1.01
A, 761378, 385131, 918463, 1042351, 389929, 163226, 571050, 126866, 38.5, 46.4, 0.99
A, 761099, 385149, 918374, 1041994, 389931, 163144, 571089, 126843, 38.5, 46.4, 1.01
A, 762561, 385128, 920196, 1043634, 390103, 163391, 571277, 127092, 38.5, 46.4, 0.99
A, 762563, 385344, 920489, 1043938, 390224, 163379, 571348, 127069, 38.5, 46.4, 1.00
A, 762307, 385177, 920272, 1043618, 390120, 163354, 571248, 127042, 38.5, 46.4, 1.00
A, 761911, 385183, 919880, 1043135, 390009, 163327, 571181, 127014, 38.5, 46.4, 1.00
A, 762078, 385203, 920031, 1043215, 390042, 163287, 571070, 127083, 38.5, 46.4, 1.00
A, 761900, 385062, 920122, 1042980, 389998, 163216, 571018, 127016, 38.5, 46.4, 1.01
A, 761248, 385015, 919261, 1042234, 389851, 163184, 570893, 126946, 38.5, 46.4, 1.00
A, 761068, 384857, 919188, 1041846, 389746, 163098, 570776, 126882, 38.5, 46.4, 0.99
A, 761068, 384890, 919407, 1041993, 389724, 163131, 570793, 126905, 38.5, 46.4, 1.00
A, 760954, 384819, 919246, 1041894, 389722, 163079, 570683, 126905, 38.5, 46.4, 1.00
A, 761296, 384805, 919504, 1041826, 389738, 163098, 570729, 126911, 38.5, 46.4, 1.00
A, 760864, 384751, 919494, 1041842, 389621, 162950, 570691, 126853, 38.5, 46.4, 0.99
A, 760742, 384795, 919533, 1041771, 389594, 163088, 570629, 126875, 38.5, 46.4, 1.00
A, 760587, 384642, 919341, 1041590, 389576, 163006, 570645, 126912, 38.5, 46.4, 1.00
A, 760800, 384695, 919704, 1041813, 389620, 163078, 570607, 126920, 38.5, 46.4, 1.00
A, 760835, 384709, 919721, 1041596, 389647, 163045, 570564, 126926, 38.5, 46.4, 1.01
A, 760502, 384686, 919447, 1041252, 389568, 162944, 570473, 126882, 38.5, 46.4, 0.99
A, 760305, 384512, 919337, 1041175, 389498, 162933, 570423, 126911, 38.5, 46.4, 1.01
A, 760155, 384552, 919154, 1040896, 389473, 162861, 570421, 126811, 38.5, 46.4, 0.98
A, 759850, 384463, 918938, 1040761, 389357, 162858, 570321, 126861, 38.5, 46.4, 1.01
A, 762032, 384867, 922093, 1043273, 389844, 163145, 570755, 127135, 38.5, 46.4, 1.00
A, 761825, 384884, 921719, 1042846, 389838, 163077, 570734, 127076, 38.5, 46.4, 1.00
A, 761432, 384827, 921410, 1042821, 389687, 163159, 570709, 127102, 38.5, 46.4, 1.00
A, 761061, 384792, 921082, 1042365, 389615, 163074, 570527, 127045, 38.5, 46.4, 1.00
A, 760770, 384693, 920827, 1041714, 389527, 162987, 570455, 127012, 38.5, 46.4, 1.00
A, 760912, 384738, 921022, 1041962, 389580, 163021, 570427, 127005, 38.5, 46.4, 1.00
A, 760604, 384646, 920724, 1041475, 389411, 162925, 570350, 126962, 38.5, 46.4, 1.00
A, 760319, 384567, 920282, 1041004, 389373, 162895, 570212, 126910, 38.5, 46.4, 1.00
A, 759858, 384477, 919991, 1040760, 389232, 162825, 570078, 126868, 38.5, 46.4, 1.00
A, 759780, 384476, 920201, 1040808, 389257, 162857, 570132, 126877, 38.5, 46.4, 1.00
A, 759676, 384410, 919999, 1040571, 389166, 162832, 570066, 126886, 38.5, 46.4, 1.00
A, 759926, 384443, 920348, 1040868, 389216, 162839, 570084, 126980, 38.5, 46.4, 1.00
A, 759693, 384372, 920233, 1040510, 389191, 162810, 570035, 126889, 38.5, 46.4, 1.00
A, 759346, 384407, 919950, 1040340, 389072, 162715, 569909, 126866, 38.5, 46.5, 0.99
A, 759427, 384322, 919979, 1040099, 389052, 162754, 569913, 126875, 38.5, 46.5, 1.00
A, 759212, 384317, 919933, 1040176, 389104, 162670, 569870, 126874, 38.5, 46.5, 1.02
A, 759158, 384271, 919755, 1039790, 388996, 162644, 569823, 126834, 38.5, 46.5, 1.01
A, 758973, 384160, 919482, 1039454, 388970, 162691, 569790, 126782, 38.5, 46.4, 0.99
A, 758867, 384163, 919647, 1039573, 388937, 162593, 569733, 126784, 38.5, 46.4, 0.99
A, 758401, 384104, 919197, 1039080, 388872, 162540, 569671, 126782, 38.5, 46.4, 1.00
A, 759723, 384165, 921123, 1040764, 389017, 162776, 569886, 127033, 38.5, 46.4, 0.99
A, 759437, 384413, 920838, 1040247, 389176, 162727, 569876, 126877, 38.5, 46.4, 1.00
A, 759203, 384124, 920452, 1039882, 389021, 162657, 569755, 126850, 38.5, 46.4, 1.00
A, 759154, 384182, 920451, 1039857, 389004, 162684, 569808, 126888, 38.5, 46.4, 1.00
A, 758972, 384103, 920413, 1039743, 388894, 162625, 569691, 126883, 38.5, 46.5, 1.01
A, 758735, 384064, 920278, 1039616, 388875, 162576, 569616, 126947, 38.5, 46.5, 1.00
A, 758886, 384053, 920709, 1039900, 388920, 162632, 569687, 126981, 38.5, 46.5, 1.00
A, 758995, 384170, 920774, 1039551, 388839, 162586, 569610, 126845, 38.5, 46.5, 1.00
A, 758600, 384103, 920453, 1039380, 388857, 162560, 569524, 126858, 38.5, 46.5, 1.01
A, 757925, 383966, 919672, 1038840, 388688, 162450, 569444, 126747, 38.5, 46.5, 1.00
A, 758250, 383922, 920220, 1039230, 388732, 162553, 569417, 126827, 38.5, 46.5, 1.01
A, 758224, 383991, 920211, 1039015, 388699, 162494, 569414, 126857, 38.5, 46.5, 1.01
A, 758224, 383918, 920330, 1039071, 388689, 162426, 569434, 126881, 38.5, 46.5, 1.00
A, 758256, 383910, 920244, 1038895, 388544, 162425, 569376, 126827, 38.5, 46.5, 1.00
A, 758000, 383878, 919622, 1037881, 388631, 162315, 569263, 126769, 38.5, 46.5, 1.00
A, 757800, 383755, 919914, 1038562, 388598, 162420, 569294, 126763, 38.5, 46.5, 1.00
A, 757845, 383815, 920139, 1038620, 388562, 162360, 569360, 126783, 38.5, 46.4, 0.99
A, 758124, 383785, 920369, 1038566, 388639, 162437, 569319, 126757, 38.5, 46.4, 1.00
A, 757864, 383775, 920243, 1038429, 388574, 162303, 569307, 126837, 38.5, 46.5, 0.99
A, 757620, 383639, 919991, 1038400, 388480, 162344, 569181, 126774, 38.5, 46.5, 0.99
A, 759552, 384066, 922618, 1040529, 388900, 162668, 569670, 127092, 38.5, 46.5, 0.99
A, 759201, 384060, 922480, 1040293, 388844, 162580, 569578, 127037, 38.5, 46.5, 0.99
A, 758570, 384129, 921620, 1039631, 388865, 162530, 569468, 126951, 38.5, 46.5, 1.01
A, 758181, 383920, 921262, 1039065, 388623, 162451, 569370, 126898, 38.5, 46.5, 1.00
A, 758266, 383966, 921534, 1039224, 388638, 162377, 569405, 126909, 38.5, 46.5, 1.00
A, 758064, 383892, 920555, 1038315, 388547, 162315, 569203, 126785, 38.5, 46.5, 1.00
A, 757075, 383713, 920019, 1038050, 388394, 162276, 569103, 126795, 38.5, 46.5, 0.99
A, 757338, 383800, 920555, 1038261, 388390, 162322, 569101, 126876, 38.5, 46.5, 1.00
A, 757364, 383643, 920525, 1038142, 388457, 162301, 569098, 126830, 38.5, 46.5, 1.01
A, 757120, 383610, 920351, 1037859, 388369, 162272, 569013, 126803, 38.5, 46.5, 1.00
A, 757048, 383591, 920148, 1037786, 388297, 162160, 568957, 126756, 38.5, 46.5, 1.01
A, 757268, 383609, 920599, 1037902, 388349, 162190, 569026, 126777, 38.5, 46.5, 0.99
A, 756977, 383564, 920524, 1037948, 388331, 162196, 569025, 126786, 38.5, 46.5, 1.01
A, 757269, 383571, 920809, 1038142, 388389, 162242, 569096, 126874, 38.5, 46.5, 1.00
A, 757303, 383672, 920845, 1038030, 388437, 162176, 569009, 126771, 38.5, 46.5, 1.00
A, 757113, 383520, 920638, 1037863, 388268, 162167, 568954, 126839, 38.5, 46.5, 1.00
A, 757090, 383599, 920640, 1037934, 388352, 162157, 568944, 126848, 38.5, 46.5, 1.01
A, 756969, 383528, 920525, 1037797, 388272, 162108, 568965, 126776, 38.5, 46.5, 0.99
A, 757143, 383562, 920922, 1037992, 388284, 162139, 568984, 126834, 38.5, 46.5, 1.00
A, 756998, 383539, 920728, 1037580, 388326, 162038, 568871, 126746, 38.5, 46.5, 0.99
A, 758580, 383771, 922996, 1039736, 388535, 162371, 569289, 127097, 38.5, 46.5, 1.01
A, 758106, 383919, 922506, 1039225, 388654, 162362, 569230, 126969, 38.5, 46.5, 1.00
A, 757720, 383805, 922095, 1038898, 388474, 162310, 569128, 126903, 38.5, 46.5, 1.00
A, 757721, 383829, 922145, 1038819, 388434, 162282, 569086, 126998, 38.5, 46.5, 1.00
A, 757646, 383814, 922007, 1038677, 388387, 162250, 569022, 126951, 38.5, 46.5, 1.00
A, 757394, 383751, 922120, 1038508, 388409, 162206, 568994, 126862, 38.5, 46.5, 1.01
A, 757189, 383617, 921734, 1038079, 388368, 162145, 568928, 126902, 38.5, 46.5, 1.00
A, 756955, 383609, 921436, 1038030, 388255, 162119, 568861, 126778, 38.5, 46.5, 1.01
A, 757061, 383692, 921756, 1038054, 388281, 162170, 568934, 126888, 38.5, 46.5, 1.01
A, 756591, 383534, 921316, 1037834, 388182, 162080, 568816, 126803, 38.5, 46.5, 1.01
A, 756840, 383628, 921604, 1037904, 388266, 162057, 568835, 126837, 38.5, 46.5, 0.99
A, 756892, 383571, 921712, 1037823, 388271, 162034, 568771, 126779, 38.5, 46.5, 1.01
A, 756567, 383508, 921294, 1037449, 388146, 161931, 568757, 126729, 38.5, 46.5, 1.00
A, 755991, 383377, 920624, 1036999, 388024, 161990, 568633, 126701, 38.5, 46.5, 1.00
A, 756166, 383477, 921043, 1037295, 388079, 161905, 568643, 126798, 38.5, 46.5, 1.00
A, 756139, 383401, 920943, 1036945, 388023, 161913, 568596, 126721, 38.5, 46.5, 1.00
A, 755971, 383330, 920622, 1036726, 387976, 161898, 568538, 126726, 38.5, 46.5, 1.00
A, 756053, 383354, 920891, 1036888, 388005, 161917, 568540, 126726, 38.5, 46.5, 0.99
A, 755974, 383353, 920965, 1036836, 388027, 161871, 568577, 126788, 38.5, 46.5, 1.01
A, 756104, 383354, 921298, 1037158, 387995, 161906, 568577, 126874, 38.5, 46.5, 0.99
A, 757950, 383670, 923885, 1039457, 388424, 162205, 569071, 127122, 38.5, 46.5, 1.00
A, 757704, 383741, 923437, 1038822, 388405, 162134, 568977, 126926, 38.5, 46.5, 1.00
A, 756806, 383663, 922495, 1038053, 388308, 162080, 568835, 126948, 38.5, 46.5, 1.00
A, 756465, 383540, 922096, 1037726, 388176, 162015, 568667, 126880, 38.5, 46.5, 0.99
A, 756531, 383495, 922224, 1037640, 388125, 162043, 568612, 126888, 38.5, 46.5, 1.00
A, 756404, 383537, 922263, 1037485, 388127, 162054, 568578, 126856, 38.5, 46.5, 1.00
A, 756227, 383441, 922094, 1037357, 388078, 161925, 568603, 126800, 38.5, 46.5, 1.00
A, 755551, 383357, 921245, 1036658, 387895, 161807, 568415, 126720, 38.5, 46.5, 1.00
A, 755165, 383154, 920977, 1036365, 387822, 161749, 568309, 126720, 38.5, 46.5, 1.00
A, 754969, 383055, 920624, 1036086, 387748, 161696, 568263, 126665, 38.5, 46.5, 1.00
A, 754870, 383062, 920582, 1035986, 387762, 161736, 568229, 126738, 38.5, 46.5, 1.01
A, 755067, 383062, 921008, 1036364, 387874, 161751, 568225, 126739, 38.5, 46.5, 1.00
A, 754812, 383039, 920542, 1035620, 387684, 161649, 568173, 126629, 38.5, 46.5, 1.01
A, 754617, 382858, 920416, 1035501, 387681, 161661, 568135, 126627, 38.5, 46.5, 1.00
A, 754884, 382985, 920729, 1035883, 387677, 161656, 568173, 126702, 38.5, 46.5, 1.01
A, 754841, 383022, 920689, 1035682, 387753, 161631, 568181, 126714, 38.5, 46.5, 1.00
A, 754999, 383008, 921126, 1036173, 387758, 161719, 568285, 126787, 38.5, 46.5, 1.00
A, 755135, 382946, 921371, 1036290, 387732, 161717, 568323, 126807, 38.5, 46.5, 1.00
A, 755501, 383018, 921852, 1036504, 387882, 161730, 568370, 126787, 38.5, 46.5, 0.99
A, 755273, 383046, 921796, 1036437, 387864, 161655, 568315, 126769, 38.5, 46.5, 1.01
A, 756781, 383190, 923892, 1038562, 388114, 161978, 568610, 127106, 38.5, 46.5, 1.01
A, 756672, 383434, 923628, 1038013, 388270, 161949, 568719, 126977, 38.5, 46.5, 1.01
A, 756370, 383356, 923398, 1037823, 388108, 161874, 568618, 126956, 38.5, 46.5, 1.00
A, 755783, 383404, 922889, 1037332, 388104, 161876, 568559, 126859, 38.5, 46.5, 0.99
A, 755709, 383276, 922609, 1036959, 387945, 161818, 568408, 126862, 38.5, 46.5, 1.00
A, 755630, 383190, 922849, 1037208, 387947, 161789, 568422, 126900, 38.5, 46.5, 1.01
A, 755206, 383209, 922239, 1036559, 387915, 161709, 568257, 126825, 38.5, 46.5, 1.01
A, 754848, 383078, 922041, 1036345, 387779, 161763, 568262, 126792, 38.5, 46.5, 1.00
A, 755202, 383128, 922518, 1036633, 387866, 161772, 568283, 126832, 38.5, 46.5, 0.99
A, 755212, 383103, 922631, 1036622, 387818, 161680, 568216, 126797, 38.5, 46.5, 1.00
A, 755072, 383087, 922460, 1036465, 387751, 161691, 568165, 126777, 38.5, 46.5, 1.00
A, 754838, 383027, 922177, 1036114, 387714, 161685, 568153, 126764, 38.5, 46.5, 1.00
A, 755096, 383055, 922580, 1036489, 387846, 161699, 568243, 126857, 38.5, 46.5, 1.00
A, 755000, 383139, 922352, 1036188, 387739, 161619, 568197, 126807, 38.5, 46.5, 1.00
A, 754645, 383091, 922144, 1035906, 387759, 161581, 568159, 126738, 38.5, 46.5, 1.00
A, 754532, 382980, 922152, 1036000, 387724, 161593, 568088, 126723, 38.5, 46.5, 1.01
A, 754692, 382985, 922400, 1036161, 387773, 161614, 568050, 126797, 38.5, 46.5, 0.99
A, 754460, 382999, 922120, 1035926, 387687, 161639, 568078, 126821, 38.5, 46.5, 1.01
A, 754806, 383002, 922518, 1036191, 387724, 161659, 568224, 126856, 38.5, 46.5, 0.99
A, 754636, 383019, 922436, 1035976, 387740, 161537, 568159, 126819, 38.5, 46.5, 1.01
A, 756124, 383201, 924661, 1037935, 388035, 161817, 568467, 127113, 38.5, 46.5, 1.00
A, 756085, 383369, 924496, 1037670, 388106, 161885, 568490, 127026, 38.5, 46.5, 1.00
A, 755425, 383360, 923750, 1036966, 388011, 161738, 568365, 126938, 38.5, 46.5, 1.01
A, 755040, 383197, 923484, 1036702, 387876, 161690, 568254, 126943, 38.5, 46.5, 1.00
A, 754603, 383204, 922830, 1035919, 387805, 161636, 568138, 126851, 38.5, 46.5, 1.01
A, 754405, 383051, 922639, 1035814, 387622, 161477, 568050, 126755, 38.5, 46.5, 1.00
A, 754287, 383023, 922730, 1035986, 387676, 161536, 568001, 126785, 38.5, 46.5, 1.01
A, 754204, 382994, 922483, 1035906, 387584, 161531, 568015, 126824, 38.5, 46.5, 1.01
A, 754103, 382938, 922526, 1035536, 387541, 161513, 567963, 126778, 38.5, 46.5, 1.00
A, 753886, 382943, 922233, 1035310, 387571, 161448, 567934, 126717, 38.5, 46.5, 1.00
A, 753932, 382858, 922488, 1035428, 387554, 161451, 567933, 126703, 38.5, 46.5, 1.00
A, 753904, 382813, 922287, 1035226, 387474, 161426, 567899, 126756, 38.5, 46.5, 1.00
A, 753684, 382816, 922169, 1035253, 387448, 161369, 567863, 126744, 38.5, 46.5, 1.00
A, 753893, 382839, 922533, 1035392, 387527, 161427, 567909, 126784, 38.5, 46.5, 1.01
A, 753724, 382755, 922396, 1035456, 387488, 161462, 567860, 126786, 38.5, 46.5, 0.99
A, 754175, 382868, 922852, 1035656, 387579, 161472, 567968, 126861, 38.5, 46.5, 1.01
A, 754065, 382889, 922958, 1035569, 387563, 161470, 567961, 126791, 38.5, 46.5, 1.00
A, 753917, 382837, 922828, 1035603, 387580, 161403, 567883, 126768, 38.5, 46.5, 0.99
A, 754140, 382873, 922917, 1035628, 387571, 161446, 567920, 126863, 38.5, 46.5, 1.00
A, 753944, 382820, 923050, 1035537, 387553, 161450, 567942, 126796, 38.5, 46.5, 1.01
A, 755844, 383107, 925553, 1037842, 387921, 161680, 568323, 127072, 38.5, 46.5, 1.00
A, 755455, 383194, 925041, 1037200, 387927, 161605, 568277, 126951, 38.5, 46.5, 0.99
A, 755218, 383209, 924813, 1036460, 387815, 161552, 568216, 126859, 38.5, 46.5, 1.00
A, 753837, 382969, 923166, 1035515, 387573, 161402, 567967, 126802, 38.5, 46.5, 0.99
A, 753600, 382823, 922816, 1035351, 387570, 161408, 567849, 126815, 38.5, 46.5, 1.00
A, 753348, 382849, 922633, 1034929, 387430, 161311, 567812, 126714, 38.5, 46.5, 1.01
A, 753113, 382758, 922428, 1034651, 387372, 161295, 567684, 126685, 38.5, 46.5, 1.00
A, 753154, 382720, 922413, 1034758, 387350, 161254, 567719, 126741, 38.5, 46.5, 1.00
A, 753075, 382681, 922369, 1034701, 387363, 161298, 567672, 126770, 38.5, 46.5, 1.00
A, 752935, 382664, 922374, 1034539, 387352, 161222, 567713, 126735, 38.5, 46.5, 0.99
A, 753119, 382715, 922646, 1034845, 387398, 161337, 567653, 126776, 38.5, 46.5, 0.99
A, 753249, 382634, 922723, 1034593, 387362, 161226, 567681, 126775, 38.5, 46.5, 1.01
A, 753221, 382636, 922728, 1034607, 387401, 161172, 567718, 126700, 38.5, 46.5, 0.99
A, 752903, 382582, 922564, 1034717, 387347, 161237, 567683, 126780, 38.5, 46.5, 1.01
A, 753088, 382631, 922798, 1034866, 387387, 161260, 567786, 126788, 38.5, 46.5, 0.99
A, 753144, 382583, 922894, 1034758, 387417, 161248, 567758, 126809, 38.5, 46.5, 1.00
A, 753463, 382671, 923320, 1035191, 387479, 161360, 567855, 126908, 38.5, 46.5, 1.00
A, 753364, 382673, 923339, 1035179, 387478, 161259, 567803, 126793, 38.5, 46.5, 0.99
A, 753219, 382665, 923197, 1034929, 387437, 161266, 567763, 126815, 38.5, 46.5, 1.00
A, 753073, 382592, 923113, 1034931, 387393, 161189, 567670, 126803, 38.5, 46.5, 1.01
M, 749359, 382216, 916850, 1028398, 386745, 160278, 566710, 125743, 38.5, 46.5, 0.00
M, 740112, 379933, 904287, 1017255, 384091, 158627, 563545, 124241, 38.5, 46.5, 0.56
M, 732896, 377792, 894200, 1008216, 381877, 157287, 560985, 123135, 38.6, 46.5, 0.74
M, 726921, 375901, 885745, 1000979, 380371, 156149, 559356, 122299, 38.6, 46.5, 0.84
M, 722437, 374667, 878449, 994824, 379315, 155073, 558666, 121581, 38.6, 46.5, 0.90
M, 719153, 373638, 872428, 990000, 378747, 154189, 558441, 120986, 38.6, 46.5, 0.91
M, 716453, 372845, 866067, 985419, 378369, 153244, 558332, 120402, 38.6, 46.4, 0.95
M, 714975, 372247, 861693, 982589, 378092, 152594, 558246, 120069, 38.6, 46.4, 0.97
M, 713927, 371793, 857293, 980321, 377993, 151901, 558424, 119733, 38.6, 46.4, 0.98
M, 713637, 371380, 854935, 979451, 377946, 151590, 558539, 119644, 38.6, 46.4, 0.99
M, 714001, 371104, 852702, 979023, 378049, 151232, 558781, 119481, 38.6, 46.4, 0.99
M, 714636, 370937, 850778, 978953, 378234, 150896, 559173, 119354, 38.6, 46.3, 1.00
M, 715653, 370620, 849229, 979366, 378444, 150568, 559512, 119284, 38.6, 46.3, 1.00
M, 716465, 370375, 847782, 979874, 378635, 150428, 559887, 119244, 38.6, 46.3, 1.00
M, 717367, 370239, 846604, 980512, 378798, 150245, 560254, 119207, 38.6, 46.3, 1.00
M, 718462, 369972, 845878, 981468, 379096, 150118, 560667, 119184, 38.6, 46.3, 1.00
M, 719478, 369803, 845224, 982636, 379284, 149974, 561056, 119221, 38.6, 46.3, 0.99
M, 720956, 369687, 845048, 984170, 379723, 149894, 561570, 119313, 38.6, 46.3, 1.00
M, 722443, 369657, 844817, 985533, 380144, 149792, 562119, 119261, 38.6, 46.3, 1.01
M, 723386, 369509, 844233, 986576, 380469, 149736, 562544, 119318, 38.6, 46.3, 1.00
M, 725866, 369645, 845867, 989899, 381088, 150000, 563364, 119612, 38.6, 46.3, 1.00
M, 727049, 369759, 845594, 991024, 381493, 149935, 563978, 119544, 38.6, 46.3, 1.00
M, 727915, 369706, 845385, 992102, 381833, 149892, 564401, 119630, 38.6, 46.3, 1.00
M, 729136, 369770, 845636, 993625, 382229, 150002, 564985, 119676, 38.6, 46.3, 1.00
M, 730224, 369748, 845395, 994861, 382691, 149994, 565493, 119666, 38.6, 46.3, 0.99
M, 730837, 369700, 845110, 995677, 383044, 149938, 565913, 119708, 38.6, 46.2, 1.00
M, 731674, 369771, 845129, 997168, 383336, 149971, 566390, 119702, 38.6, 46.2, 1.01
M, 732358, 369797, 844648, 997933, 383695, 149940, 566944, 119740, 38.6, 46.2, 1.02
M, 733106, 369799, 844529, 998776, 384029, 149934, 567250, 119737, 38.6, 46.2, 1.01
M, 733737, 369796, 844239, 999755, 384483, 149929, 567827, 119707, 38.6, 46.2, 0.99
M, 734068, 369784, 843960, 1000600, 384593, 149952, 568152, 119759, 38.6, 46.2, 1.00
M, 735177, 369916, 844458, 1001726, 385081, 150005, 568681, 119868, 38.6, 46.2, 0.99
M, 735990, 370045, 844658, 1003025, 385494, 150076, 569117, 119893, 38.6, 46.2, 1.00
M, 736757, 370159, 844759, 1004155, 385932, 150105, 569720, 119919, 38.6, 46.2, 1.00
M, 737349, 370245, 844815, 1004900, 386183, 150104, 570076, 119958, 38.6, 46.2, 0.99
M, 738534, 370450, 845547, 1006580, 386714, 150163, 570661, 120053, 38.6, 46.2, 1.00
M, 739178, 370663, 845610, 1007568, 387060, 150227, 571137, 120047, 38.6, 46.2, 1.00
M, 739706, 370787, 845693, 1008495, 387376, 150316, 571539, 120139, 38.6, 46.2, 1.00
M, 740312, 370916, 845793, 1009336, 387721, 150346, 572031, 120204, 38.6, 46.2, 1.00
M, 741317, 371206, 846209, 1010438, 388109, 150357, 572489, 120178, 38.6, 46.2, 1.00
M, 743549, 371491, 848521, 1013362, 388763, 150658, 573291, 120484, 38.6, 46.2, 1.00
M, 744154, 371850, 848652, 1014111, 389173, 150773, 573723, 120472, 38.6, 46.2, 1.00
M, 744262, 372030, 848319, 1014449, 389400, 150657, 574028, 120425, 38.6, 46.2, 1.01
M, 744625, 372231, 848401, 1015249, 389692, 150764, 574368, 120466, 38.6, 46.2, 1.00
M, 744944, 372285, 848295, 1015819, 389944, 150801, 574725, 120430, 38.6, 46.2, 0.99
M, 745602, 372616, 848499, 1016566, 390314, 150767, 575117, 120472, 38.6, 46.2, 1.00
M, 745826, 372695, 848287, 1016959, 390611, 150787, 575364, 120454, 38.6, 46.2, 1.00
M, 746210, 372857, 848320, 1017800, 390765, 150843, 575719, 120481, 38.6, 46.2, 0.99
M, 746486, 373114, 848070, 1017853, 391118, 150850, 576082, 120487, 38.6, 46.2, 1.00
M, 746659, 373165, 848079, 1018598, 391253, 150835, 576300, 120477, 38.6, 46.2, 1.00
M, 747063, 373445, 848062, 1019281, 391613, 150899, 576737, 120510, 38.6, 46.2, 1.00
M, 747335, 373428, 847896, 1019451, 391659, 150885, 576876, 120561, 38.6, 46.2, 0.99
M, 747838, 373566, 848419, 1020444, 391911, 150861, 577233, 120565, 38.6, 46.2, 1.00
M, 748319, 373853, 848553, 1021227, 392260, 150953, 577620, 120610, 38.6, 46.2, 1.00
M, 748639, 374007, 848632, 1021773, 392542, 151016, 577925, 120645, 38.6, 46.2, 1.00
M, 749578, 374228, 849246, 1022765, 392818, 151112, 578339, 120733, 38.6, 46.2, 1.01
M, 750014, 374493, 849595, 1023493, 393137, 151119, 578698, 120715, 38.6, 46.2, 1.00
M, 750307, 374634, 849527, 1023960, 393327, 151139, 579011, 120746, 38.6, 46.2, 1.00
M, 750611, 374799, 849564, 1024465, 393541, 151181, 579207, 120769, 38.6, 46.2, 1.00
M, 751273, 375014, 850147, 1025320, 393877, 151280, 579515, 120832, 38.6, 46.2, 1.00
M, 753592, 375527, 852717, 1028347, 394534, 151587, 580361, 121113, 38.6, 46.2, 1.00
M, 753683, 375826, 852362, 1028277, 394717, 151511, 580527, 121066, 38.6, 46.2, 1.00
M, 753901, 376028, 852580, 1028970, 394927, 151569, 580772, 121051, 38.6, 46.2, 0.99
M, 753882, 376131, 852413, 1029211, 395072, 151589, 580928, 121033, 38.6, 46.2, 1.00
M, 754141, 376275, 852439, 1029684, 395231, 151676, 581234, 121047, 38.6, 46.2, 1.00
M, 754498, 376472, 852428, 1029972, 395415, 151695, 581425, 121058, 38.6, 46.2, 1.00
M, 754600, 376587, 852456, 1030135, 395572, 151674, 581685, 121031, 38.6, 46.2, 1.00
M, 754224, 376588, 851813, 1029907, 395624, 151577, 581671, 120970, 38.6, 46.2, 1.00
M, 754695, 376745, 852036, 1030560, 395811, 151664, 581972, 120983, 38.6, 46.2, 1.00
M, 754528, 376849, 851572, 1030508, 395973, 151627, 582183, 120896, 38.6, 46.2, 0.99
M, 754663, 376970, 851683, 1030844, 396084, 151625, 582310, 121032, 38.6, 46.2, 1.00
M, 755017, 377209, 851828, 1031170, 396341, 151639, 582679, 121007, 38.6, 46.2, 1.00
M, 755232, 377250, 851911, 1031622, 396440, 151661, 582719, 120984, 38.6, 46.2, 1.01
M, 755658, 377354, 852170, 1032367, 396636, 151756, 583043, 121078, 38.6, 46.2, 1.01
M, 756008, 377516, 852371, 1032894, 396807, 151824, 583200, 121079, 38.6, 46.2, 1.00
M, 756349, 377676, 852566, 1033153, 396991, 151806, 583475, 121160, 38.6, 46.2, 1.00
M, 757042, 377837, 853224, 1034125, 397264, 151896, 583721, 121174, 38.6, 46.2, 1.00
M, 757220, 377985, 853399, 1034552, 397454, 151870, 583952, 121209, 38.6, 46.2, 1.01
M, 757490, 378159, 853357, 1034722, 397590, 151919, 584152, 121208, 38.6, 46.2, 1.00
M, 757794, 378211, 853765, 1035511, 397817, 152002, 584337, 121251, 38.6, 46.2, 1.00
M, 759890, 378678, 856271, 1038156, 398276, 152387, 584943, 121510, 38.6, 46.2, 0.99
M, 760022, 378914, 856330, 1038561, 398495, 152370, 585225, 121564, 38.6, 46.2, 1.00
M, 760186, 379043, 856205, 1038502, 398564, 152323, 585333, 121492, 38.6, 46.2, 1.00
M, 760576, 379287, 856680, 1039071, 398758, 152402, 585501, 121503, 38.6, 46.2, 1.00
M, 760192, 379323, 855966, 1038820, 398815, 152329, 585573, 121394, 38.6, 46.2, 1.00
M, 760396, 379397, 856186, 1039019, 398896, 152373, 585702, 121452, 38.6, 46.2, 1.00
M, 760372, 379455, 856079, 1039271, 398955, 152380, 585799, 121445, 38.6, 46.2, 1.01
M, 760687, 379630, 856229, 1039509, 399183, 152398, 586037, 121448, 38.6, 46.2, 1.01
M, 760662, 379672, 856011, 1039339, 399232, 152392, 586095, 121403, 38.6, 46.2, 1.00
M, 760743, 379788, 856200, 1039818, 399337, 152419, 586244, 121406, 38.6, 46.2, 1.01
M, 760533, 379860, 855598, 1039599, 399449, 152416, 586338, 121411, 38.6, 46.2, 1.00
M, 760444, 379897, 855755, 1039887, 399415, 152397, 586390, 121468, 38.6, 46.2, 1.01
M, 760368, 379958, 855429, 1039707, 399543, 152302, 586576, 121379, 38.6, 46.2, 1.00
M, 760501, 379913, 855403, 1039795, 399585, 152383, 586665, 121292, 38.6, 46.2, 1.00
M, 760929, 380004, 855746, 1040415, 399755, 152471, 586837, 121439, 38.6, 46.2, 1.00
M, 761224, 380144, 855984, 1040736, 399881, 152439, 586985, 121447, 38.6, 46.2, 1.00
M, 761344, 380264, 856181, 1041250, 400021, 152516, 587131, 121527, 38.6, 46.2, 1.00
M, 761945, 380356, 856816, 1041907, 400215, 152631, 587453, 121544, 38.6, 46.2, 1.00
M, 762317, 380508, 856977, 1042061, 400377, 152616, 587625, 121517, 38.6, 46.2, 1.00
M, 762373, 380605, 856953, 1042281, 400453, 152592, 587705, 121566, 38.6, 46.2, 1.00
M, 764051, 380770, 859226, 1044848, 400745, 152848, 588198, 121790, 38.6, 46.2, 1.00
M, 764340, 381134, 859433, 1045149, 401000, 152912, 588371, 121764, 38.6, 46.2, 1.00
M, 764291, 381196, 859277, 1044876, 401075, 152927, 588459, 121739, 38.6, 46.2, 1.01
M, 764488, 381328, 859547, 1045429, 401178, 152941, 588639, 121783, 38.6, 46.2, 0.99
M, 764452, 381387, 859389, 1045340, 401295, 152899, 588662, 121763, 38.6, 46.2, 1.01
M, 764350, 381428, 859082, 1045179, 401254, 152952, 588757, 121726, 38.6, 46.2, 1.01
M, 764477, 381496, 859390, 1045566, 401390, 152998, 588834, 121721, 38.6, 46.2, 1.00
M, 764471, 381491, 859334, 1045669, 401442, 153023, 588924, 121752, 38.6, 46.2, 1.00
M, 764470, 381584, 859146, 1045677, 401422, 152949, 588965, 121722, 38.6, 46.2, 1.00
M, 765028, 381781, 859701, 1046058, 401625, 153057, 589169, 121737, 38.6, 46.2, 1.00
M, 764867, 381709, 859614, 1046154, 401636, 153023, 589224, 121718, 38.6, 46.2, 1.01
M, 764814, 381773, 859212, 1046013, 401784, 152993, 589357, 121716, 38.6, 46.2, 1.00
M, 764803, 381776, 859373, 1046161, 401750, 153039, 589373, 121744, 38.6, 46.2, 1.00
M, 764723, 381865, 859099, 1046153, 401890, 153008, 589460, 121715, 38.6, 46.2, 1.00
M, 764804, 381890, 859186, 1046180, 401829, 152986, 589486, 121687, 38.6, 46.2, 0.99
M, 765057, 381996, 859738, 1046735, 401938, 153027, 589639, 121726, 38.6, 46.2, 1.00
M, 765217, 381929, 859677, 1046890, 402043, 153037, 589719, 121699, 38.6, 46.2, 0.99
M, 765214, 382056, 859729, 1047062, 402074, 153089, 589820, 121731, 38.6, 46.2, 1.00
M, 765337, 381995, 859924, 1047376, 402134, 153118, 589924, 121762, 38.6, 46.2, 1.00
M, 765740, 382057, 860158, 1047425, 402303, 153079, 590103, 121728, 38.6, 46.2, 1.00
M, 767500, 382410, 862388, 1049762, 402664, 153296, 590526, 122014, 38.6, 46.2, 0.99
M, 767601, 382667, 862634, 1050120, 402804, 153375, 590706, 122033, 38.6, 46.2, 1.01
M, 767537, 382629, 862371, 1049865, 402867, 153392, 590745, 121995, 38.6, 46.2, 1.00
M, 767415, 382738, 862226, 1049889, 402929, 153470, 590757, 121958, 38.6, 46.2, 0.99
M, 767587, 382783, 862495, 1050118, 402996, 153487, 590855, 121989, 38.6, 46.2, 1.00
M, 767618, 382879, 862471, 1049906, 403065, 153449, 590979, 121972, 38.6, 46.2, 0.99
M, 767427, 382806, 862280, 1049858, 403051, 153432, 590983, 121892, 38.6, 46.2, 1.00
M, 767217, 382810, 861902, 1049840, 403040, 153436, 591003, 121906, 38.6, 46.2, 0.99
M, 767262, 382838, 862088, 1050061, 403124, 153515, 591014, 121941, 38.6, 46.2, 0.98
M, 767736, 382910, 862613, 1050330, 403187, 153540, 591183, 122025, 38.6, 46.2, 0.99
M, 767715, 382997, 862474, 1050356, 403259, 153507, 591309, 121972, 38.6, 46.2, 1.00
M, 767727, 382984, 862485, 1050279, 403306, 153497, 591350, 121941, 38.6, 46.2, 1.00
M, 767660, 383152, 862396, 1050450, 403407, 153458, 591457, 121960, 38.6, 46.2, 1.00
M, 767640, 383009, 862368, 1050526, 403371, 153509, 591445, 121939, 38.6, 46.2, 1.00
M, 767865, 383020, 862825, 1051189, 403480, 153606, 591572, 122035, 38.6, 46.2, 1.01
M, 768160, 383188, 863146, 1051439, 403571, 153656, 591727, 122082, 38.6, 46.2, 1.00
M, 768436, 383211, 863289, 1051555, 403670, 153616, 591858, 121999, 38.6, 46.2, 0.99
M, 768428, 383264, 863193, 1051446, 403610, 153600, 591866, 121983, 38.6, 46.2, 0.99
M, 768456, 383259, 863320, 1051711, 403727, 153618, 591900, 122021, 38.6, 46.2, 1.00
M, 768929, 383388, 863682, 1052181, 403820, 153655, 592056, 122063, 38.6, 46.2, 1.00
M, 770650, 383688, 866116, 1054544, 404262, 154000, 592518, 122310, 38.6, 46.2, 1.01
M, 770827, 383888, 866373, 1054701, 404436, 154100, 592664, 122294, 38.6, 46.2, 1.00
M, 770829, 383962, 866223, 1054291, 404418, 153999, 592666, 122253, 38.6, 46.2, 1.00
M, 770565, 383953, 865972, 1054151, 404410, 153964, 592697, 122213, 38.6, 46.2, 1.00
M, 770538, 384060, 865939, 1054425, 404429, 154041, 592724, 122216, 38.6, 46.2, 1.01
M, 770381, 383995, 865874, 1054328, 404436, 153967, 592683, 122240, 38.6, 46.2, 1.00
M, 770529, 384059, 866007, 1054386, 404502, 154090, 592829, 122299, 38.6, 46.2, 0.99
M, 770576, 384088, 866081, 1054488, 404562, 154029, 592866, 122302, 38.6, 46.2, 1.00
M, 770834, 384225, 866383, 1054765, 404629, 154112, 593041, 122280, 38.6, 46.2, 1.00
M, 770778, 384126, 866184, 1054513, 404591, 154087, 592952, 122245, 38.6, 46.2, 1.01
M, 770564, 384132, 866184, 1054686, 404599, 154091, 593007, 122263, 38.6, 46.2, 1.00
M, 770580, 384280, 866102, 1054610, 404648, 154076, 593076, 122229, 38.6, 46.2, 0.99
M, 770403, 384132, 865880, 1054385, 404597, 154046, 593041, 122227, 38.6, 46.2, 1.00
M, 770388, 384308, 865982, 1054424, 404689, 154056, 593103, 122169, 38.7, 46.2, 1.00
M, 770390, 384171, 866001, 1054511, 404632, 154066, 593073, 122157, 38.7, 46.2, 1.00
M, 770488, 384196, 866021, 1054597, 404681, 154124, 593207, 122251, 38.7, 46.2, 1.00
M, 770579, 384153, 866243, 1054634, 404722, 154154, 593271, 122272, 38.6, 46.2, 1.00
M, 770747, 384206, 866367, 1054933, 404805, 154137, 593277, 122254, 38.6, 46.2, 0.99
M, 771257, 384322, 867058, 1055542, 404912, 154185, 593438, 122290, 38.7, 46.2, 1.00
M, 771529, 384352, 867448, 1055763, 404983, 154193, 593556, 122305, 38.7, 46.2, 0.99
M, 773184, 384693, 869647, 1058000, 405375, 154509, 593943, 122580, 38.7, 46.2, 1.00
M, 773165, 384862, 869787, 1057964, 405514, 154556, 594110, 122565, 38.7, 46.2, 1.00
M, 772929, 384869, 869458, 1057785, 405426, 154505, 594024, 122509, 38.7, 46.2, 0.99
M, 772934, 384891, 869422, 1057519, 405446, 154534, 594071, 122439, 38.7, 46.2, 1.00
M, 772574, 384811, 869013, 1057125, 405383, 154443, 593949, 122438, 38.7, 46.2, 1.00
M, 772469, 384869, 868995, 1057119, 405368, 154527, 593960, 122424, 38.7, 46.2, 1.00
M, 772269, 384867, 868742, 1056881, 405290, 154447, 593957, 122344, 38.7, 46.2, 1.00
M, 772412, 384782, 869028, 1057160, 405464, 154479, 594008, 122465, 38.7, 46.2, 1.00
M, 771993, 384736, 868593, 1056775, 405407, 154473, 593991, 122354, 38.7, 46.2, 1.00
M, 772191, 384772, 868880, 1056781, 405433, 154465, 594003, 122382, 38.7, 46.2, 0.99
M, 771502, 384600, 868113, 1056163, 405280, 154324, 593933, 122248, 38.7, 46.2, 1.00
M, 771795, 384639, 868273, 1056501, 405321, 154374, 593928, 122338, 38.7, 46.2, 0.99
M, 771484, 384558, 867814, 1055841, 405331, 154332, 593996, 122313, 38.7, 46.2, 1.00
M, 771457, 384538, 868009, 1056080, 405311, 154403, 593938, 122304, 38.7, 46.2, 1.01
M, 771522, 384593, 868095, 1056247, 405438, 154466, 594054, 122297, 38.7, 46.2, 0.99
M, 771640, 384562, 868260, 1056255, 405363, 154410, 594029, 122286, 38.7, 46.2, 1.01
M, 771916, 384620, 868647, 1056728, 405535, 154434, 594186, 122368, 38.7, 46.2, 1.00
M, 771922, 384626, 868759, 1056778, 405473, 154538, 594242, 122356, 38.7, 46.2, 1.01
M, 772038, 384590, 868919, 1056918, 405477, 154483, 594258, 122370, 38.7, 46.2, 1.01
M, 772545, 384651, 869371, 1057361, 405618, 154563, 594402, 122436, 38.7, 46.2, 1.00
M, 774754, 385099, 872370, 1060162, 406092, 154874, 594987, 122738, 38.7, 46.2, 1.00
M, 774368, 385175, 871935, 1059687, 406143, 154796, 594972, 122649, 38.7, 46.2, 1.00
M, 774508, 385205, 871887, 1059643, 406193, 154883, 594946, 122633, 38.7, 46.2, 1.00
M, 774283, 385185, 871792, 1059410, 406099, 154817, 594909, 122595, 38.7, 46.2, 1.00
M, 774377, 385286, 871787, 1059462, 406124, 154902, 594978, 122568, 38.7, 46.2, 1.00
M, 774024, 385270, 871500, 1058963, 406025, 154794, 594910, 122522, 38.7, 46.2, 1.00
M, 774145, 385196, 871820, 1059348, 406099, 154798, 594939, 122552, 38.7, 46.2, 1.01
M, 773620, 385170, 871165, 1058802, 405984, 154737, 594877, 122443, 38.7, 46.2, 0.99
M, 773652, 385192, 871367, 1059009, 406094, 154854, 594959, 122524, 38.7, 46.2, 1.01
M, 773693, 385201, 871406, 1059026, 406093, 154839, 594957, 122542, 38.7, 46.2, 1.00
M, 774075, 385267, 871912, 1059225, 406221, 154785, 595061, 122527, 38.7, 46.2, 1.01
M, 773883, 385165, 871693, 1058922, 406140, 154805, 595047, 122534, 38.7, 46.2, 1.00
M, 773873, 385275, 871602, 1058981, 406166, 154855, 595066, 122586, 38.7, 46.2, 1.00
M, 773852, 385264, 871605, 1058880, 406274, 154831, 595134, 122491, 38.7, 46.2, 1.00
M, 773513, 385155, 871448, 1058812, 406159, 154828, 595061, 122509, 38.7, 46.2, 1.00
M, 773692, 385270, 871317, 1058594, 406236, 154790, 595120, 122466, 38.7, 46.2, 0.99
M, 773544, 385110, 871412, 1058598, 406077, 154846, 595004, 122455, 38.7, 46.2, 1.00
M, 773759, 385147, 871855, 1059042, 406235, 154852, 595191, 122512, 38.7, 46.2, 1.00
M, 773771, 385181, 871725, 1059025, 406213, 154881, 595210, 122519, 38.7, 46.2, 1.00
M, 773898, 385241, 871855, 1059004, 406229, 154893, 595252, 122568, 38.7, 46.2, 1.00
M, 776140, 385515, 874992, 1061849, 406720, 155192, 595770, 122909, 38.7, 46.2, 1.00
M, 776034, 385750, 874753, 1061728, 406836, 155237, 595852, 122799, 38.7, 46.2, 1.00
M, 775659, 385703, 874326, 1061201, 406705, 155162, 595766, 122742, 38.7, 46.1, 1.00
M, 775474, 385601, 874150, 1061164, 406706, 155125, 595681, 122714, 38.7, 46.1, 1.00
M, 775407, 385534, 874197, 1061094, 406662, 155160, 595704, 122663, 38.7, 46.2, 1.01
M, 775196, 385615, 873989, 1060968, 406641, 155190, 595660, 122689, 38.7, 46.2, 1.00
M, 775448, 385671, 874346, 1061144, 406669, 155215, 595780, 122696, 38.7, 46.2, 1.00
M, 775561, 385752, 874525, 1061084, 406776, 155184, 595758, 122713, 38.7, 46.2, 0.99
M, 775300, 385651, 874098, 1060916, 406682, 155220, 595718, 122654, 38.7, 46.2, 1.00
M, 775512, 385659, 874367, 1060830, 406692, 155224, 595814, 122686, 38.7, 46.2, 1.00
M, 775318, 385658, 874404, 1060777, 406673, 155144, 595799, 122683, 38.7, 46.1, 1.00
M, 775475, 385730, 874486, 1060905, 406739, 155190, 595891, 122673, 38.7, 46.1, 1.00
M, 775118, 385603, 873985, 1060471, 406659, 155138, 595696, 122664, 38.7, 46.2, 1.00
M, 775293, 385599, 874431, 1060876, 406717, 155174, 595751, 122670, 38.7, 46.2, 1.00
M, 774930, 385551, 873952, 1060311, 406623, 155118, 595766, 122610, 38.7, 46.2, 1.00
M, 774777, 385538, 873928, 1060406, 406589, 155107, 595757, 122641, 38.7, 46.2, 1.00
M, 774857, 385580, 873851, 1060125, 406634, 155121, 595797, 122548, 38.7, 46.2, 1.00
M, 774746, 385422, 873854, 1060033, 406597, 155127, 595745, 122584, 38.7, 46.2, 1.00
M, 775062, 385516, 874247, 1060462, 406651, 155187, 595865, 122641, 38.7, 46.2, 1.00
M, 775097, 385500, 874310, 1060520, 406655, 155158, 595827, 122632, 38.7, 46.1, 1.00
M, 776905, 385755, 876859, 1062915, 406974, 155453, 596342, 122962, 38.7, 46.1, 1.00
M, 777130, 385883, 877131, 1063115, 407251, 155531, 596440, 122900, 38.7, 46.2, 1.00
M, 777031, 385927, 876783, 1062589, 407205, 155492, 596445, 122856, 38.7, 46.2, 1.00
M, 776715, 385914, 876661, 1062352, 407153, 155458, 596347, 122838, 38.7, 46.1, 0.99
M, 776465, 385850, 876341, 1062277, 407096, 155407, 596307, 122771, 38.7, 46.1, 1.00
M, 776527, 385867, 876430, 1062302, 407121, 155430, 596330, 122788, 38.7, 46.1, 1.00
M, 776490, 385846, 876462, 1062079, 407052, 155453, 596366, 122791, 38.7, 46.1, 1.01
M, 776707, 385925, 876818, 1062447, 407136, 155460, 596397, 122810, 38.7, 46.1, 1.01
M, 776582, 385902, 876766, 1062376, 407144, 155484, 596381, 122761, 38.7, 46.1, 1.00
M, 776433, 385839, 876592, 1062064, 407093, 155482, 596410, 122753, 38.7, 46.1, 1.00
M, 776590, 385937, 876873, 1062434, 407115, 155454, 596394, 122796, 38.7, 46.1, 1.00
M, 776543, 385937, 876858, 1062416, 407103, 155482, 596437, 122750, 38.7, 46.1, 1.01
M, 776586, 386035, 877055, 1062553, 407152, 155482, 596501, 122845, 38.7, 46.1, 1.00
M, 776687, 385994, 877074, 1062193, 407163, 155440, 596477, 122729, 38.7, 46.1, 1.01
M, 776491, 385834, 876885, 1062069, 407140, 155498, 596407, 122782, 38.7, 46.1, 1.00
M, 776147, 385855, 876484, 1061758, 407142, 155388, 596423, 122736, 38.7, 46.1, 1.00
M, 776229, 385744, 876467, 1061831, 407081, 155395, 596430, 122751, 38.7, 46.1, 0.99
M, 776311, 385778, 876889, 1062058, 407099, 155464, 596474, 122802, 38.7, 46.1, 1.00
M, 776420, 385865, 877047, 1062272, 407182, 155464, 596528, 122809, 38.7, 46.1, 1.00
M, 776823, 385846, 877441, 1062344, 407251, 155494, 596634, 122827, 38.7, 46.1, 1.00
