State, OV, Alc, H2, AC1, NH3, AC2, VOC, LP, Temp, Hud, AirFlow
A, 710872, 348777, 915263, 969646, 340091, 171272, 493562, 132655, 39.6, 45.4, 0.00
A, 698692, 345855, 898540, 955109, 336873, 168829, 489986, 130567, 39.6, 45.4, 0.68
A, 689496, 343186, 885077, 943356, 334491, 166762, 487626, 128971, 39.6, 45.4, 0.74
A, 681289, 340702, 872845, 932761, 332740, 164902, 486166, 127574, 39.4, 45.3, 0.81
A, 674328, 338742, 861531, 923182, 331596, 163008, 485627, 126364, 39.4, 45.3, 0.88
A, 669278, 337268, 852782, 916454, 330916, 161518, 485548, 125465, 39.3, 45.2, 0.93
A, 665475, 336069, 845672, 911435, 330572, 160345, 485759, 124909, 39.3, 45.2, 0.96
A, 662937, 335268, 840038, 907624, 330544, 159362, 486176, 124516, 39.2, 45.2, 0.96
A, 661206, 334534, 835426, 904791, 330614, 158469, 486708, 124196, 39.2, 45.2, 0.97
A, 660042, 333794, 830875, 902462, 330895, 157597, 487446, 123870, 39.1, 45.2, 0.98
A, 659205, 333334, 827381, 900928, 331070, 156895, 488042, 123646, 39.1, 45.2, 0.98
A, 658840, 332896, 823861, 899858, 331462, 156159, 488894, 123505, 39.1, 45.1, 1.01
A, 658961, 332657, 821995, 899640, 331723, 155822, 489415, 123457, 39.1, 45.1, 1.01
A, 659618, 332575, 820457, 899871, 332191, 155452, 490268, 123491, 39.1, 45.1, 0.99
A, 660654, 332502, 819026, 900335, 332709, 155111, 491198, 123497, 39.0, 45.1, 0.99
A, 661727, 332536, 817695, 901030, 333346, 154757, 492136, 123438, 39.0, 45.1, 1.00
A, 662683, 332441, 816323, 901658, 333894, 154446, 493006, 123445, 39.0, 45.2, 1.00
A, 663728, 332574, 815253, 902544, 334423, 154272, 493846, 123525, 39.0, 45.2, 1.00
A, 665285, 332778, 814840, 903982, 335062, 154049, 494851, 123582, 39.0, 45.2, 1.00
A, 666369, 332918, 814147, 905128, 335710, 153843, 495691, 123604, 39.0, 45.2, 1.01
A, 669739, 333435, 816163, 908686, 336648, 154027, 497039, 123999, 38.9, 45.2, 1.00
A, 671229, 333912, 815470, 909878, 337472, 153839, 498144, 123911, 38.9, 45.2, 1.00
A, 672371, 334190, 814654, 910976, 338013, 153740, 498964, 123884, 38.9, 45.2, 1.00
A, 673331, 334460, 813718, 912036, 338546, 153559, 499714, 123932, 38.9, 45.2, 0.99
A, 674827, 334910, 813598, 913509, 339236, 153541, 500609, 123939, 38.8, 45.2, 1.00
A, 676097, 335213, 813201, 914705, 339810, 153416, 501473, 124080, 38.8, 45.2, 0.99
A, 677477, 335717, 812383, 915916, 340546, 153348, 502427, 123974, 38.8, 45.2, 1.00
A, 678529, 336118, 811960, 917125, 341107, 153181, 503153, 123978, 38.8, 45.2, 1.00
A, 680104, 336519, 811954, 918779, 341689, 153173, 504076, 124083, 38.8, 45.2, 1.01
A, 681168, 336881, 811663, 920038, 342231, 153169, 504848, 124118, 38.8, 45.2, 1.00
A, 682614, 337499, 811232, 921493, 342930, 153070, 505817, 124146, 38.8, 45.3, 1.01
A, 683952, 337932, 811155, 922689, 343488, 152955, 506573, 124106, 38.8, 45.3, 1.00
A, 685055, 338464, 810599, 924022, 344136, 152945, 507515, 124169, 38.8, 45.3, 1.00
A, 685881, 338838, 810394, 925160, 344566, 152943, 508059, 124211, 38.8, 45.3, 1.00
A, 687450, 339358, 810650, 926692, 345110, 152922, 508824, 124269, 38.8, 45.3, 1.00
A, 688719, 339870, 810762, 928222, 345721, 152909, 509656, 124300, 38.7, 45.3, 1.01
A, 690101, 340436, 810599, 929642, 346401, 152883, 510546, 124333, 38.7, 45.3, 0.99
A, 690860, 340887, 810424, 930680, 346776, 152915, 511144, 124385, 38.7, 45.3, 1.00
A, 692544, 341546, 811085, 932645, 347544, 152895, 512015, 124381, 38.7, 45.3, 1.00
A, 693573, 342026, 810851, 933922, 348022, 152878, 512757, 124448, 38.7, 45.3, 1.00
A, 696070, 342794, 812678, 936967, 348739, 153177, 513780, 124785, 38.7, 45.3, 1.00
A, 697120, 343466, 812841, 938188, 349444, 153171, 514483, 124775, 38.7, 45.3, 0.99
A, 698097, 344030, 812328, 938972, 349887, 153111, 515122, 124742, 38.7, 45.3, 0.99
A, 698609, 344462, 811830, 939777, 350292, 153058, 515711, 124672, 38.7, 45.4, 1.01
A, 699289, 344941, 811477, 940700, 350677, 153005, 516226, 124720, 38.7, 45.4, 0.99
A, 700241, 345469, 811545, 941819, 351176, 153046, 516885, 124736, 38.6, 45.4, 1.00
A, 700825, 345933, 811398, 942732, 351620, 153045, 517482, 124745, 38.6, 45.4, 1.01
A, 701716, 346457, 811484, 943950, 352039, 153076, 518110, 124766, 38.6, 45.4, 1.00
A, 702743, 347053, 811333, 944690, 352547, 152906, 518706, 124737, 38.6, 45.4, 0.99
A, 703225, 347439, 810921, 945515, 352926, 152922, 519215, 124663, 38.6, 45.5, 1.00
A, 703692, 347852, 810517, 946428, 353250, 152920, 519749, 124704, 38.6, 45.5, 1.00
A, 704276, 348381, 810158, 947009, 353751, 152840, 520373, 124673, 38.6, 45.5, 0.99
A, 704880, 348686, 810190, 947826, 353962, 152881, 520684, 124689, 38.6, 45.5, 1.01
A, 705739, 349354, 810020, 949091, 354490, 152844, 521490, 124695, 38.6, 45.5, 1.01
A, 706270, 349713, 810045, 949681, 354785, 152870, 521877, 124693, 38.6, 45.5, 0.99
A, 707202, 350152, 810407, 951025, 355228, 152907, 522384, 124776, 38.6, 45.5, 1.01
A, 708105, 350671, 810525, 952065, 355687, 152892, 522937, 124793, 38.6, 45.5, 1.00
A, 708531, 351014, 810508, 952908, 356017, 152915, 523400, 124821, 38.6, 45.5, 1.01
A, 709793, 351567, 811226, 954396, 356412, 152887, 524059, 124914, 38.5, 45.5, 1.00
A, 710879, 352330, 811687, 955719, 356996, 153007, 524726, 124923, 38.5, 45.5, 0.99
A, 713052, 352890, 813933, 958648, 357703, 153310, 525543, 125238, 38.5, 45.5, 1.00
A, 713756, 353497, 813734, 959385, 358061, 153362, 526094, 125236, 38.5, 45.5, 1.01
A, 714064, 353889, 813520, 959809, 358390, 153332, 526421, 125243, 38.5, 45.6, 1.00
A, 714482, 354474, 813279, 960435, 358747, 153316, 526866, 125150, 38.5, 45.6, 1.00
A, 714701, 354805, 812972, 960902, 358981, 153281, 527268, 125159, 38.5, 45.6, 0.99
A, 715109, 355118, 813002, 961589, 359293, 153252, 527599, 125131, 38.5, 45.6, 1.00
A, 715270, 355442, 812622, 962141, 359482, 153222, 528012, 125142, 38.5, 45.6, 1.01
A, 714887, 355715, 811710, 961982, 359689, 153147, 528228, 125028, 38.5, 45.6, 1.01
A, 715892, 356139, 812317, 963168, 359999, 153187, 528704, 125165, 38.5, 45.6, 0.99
A, 716645, 356633, 812510, 963914, 360425, 153170, 529131, 125047, 38.5, 45.6, 1.00
A, 716905, 356973, 812415, 964458, 360672, 153235, 529544, 125082, 38.5, 45.6, 1.01
A, 717500, 357345, 812444, 965275, 360976, 153312, 529957, 125141, 38.5, 45.6, 1.00
A, 717685, 357752, 812099, 965585, 361255, 153193, 530310, 125051, 38.5, 45.7, 1.00
A, 717878, 358008, 812157, 966236, 361434, 153238, 530560, 125113, 38.5, 45.7, 1.00
A, 718522, 358534, 812110, 966825, 361829, 153205, 531101, 125120, 38.5, 45.7, 1.01
A, 718721, 358663, 812148, 967322, 361949, 153150, 531305, 125066, 38.5, 45.7, 1.01
A, 719222, 358942, 812342, 968196, 362308, 153223, 531688, 125129, 38.5, 45.7, 1.00
A, 719737, 359406, 812424, 968967, 362550, 153242, 532042, 125197, 38.5, 45.7, 1.01
A, 720158, 359724, 812495, 969437, 362770, 153236, 532436, 125181, 38.5, 45.7, 1.00
A, 720891, 360107, 813014, 970470, 363108, 153352, 532872, 125260, 38.4, 45.7, 1.01
A, 723118, 360812, 815628, 973514, 363790, 153661, 533659, 125563, 38.4, 45.7, 1.01
A, 723181, 361156, 815227, 973483, 364027, 153552, 533968, 125479, 38.4, 45.8, 1.00
A, 723425, 361470, 815185, 974058, 364250, 153611, 534198, 125482, 38.4, 45.8, 1.00
A, 723390, 361743, 814839, 974301, 364409, 153639, 534470, 125447, 38.4, 45.8, 1.00
A, 723463, 361899, 814519, 974493, 364545, 153568, 534677, 125462, 38.4, 45.8, 1.00
A, 723821, 362198, 814709, 975107, 364770, 153612, 535014, 125431, 38.4, 45.8, 0.99
A, 723690, 362546, 814215, 975014, 364973, 153493, 535225, 125315, 38.4, 45.8, 0.99
A, 723653, 362721, 813748, 975181, 365096, 153468, 535325, 125291, 38.4, 45.8, 1.00
A, 723823, 362975, 813579, 975335, 365196, 153446, 535618, 125285, 38.4, 45.8, 1.00
A, 724174, 363235, 813945, 975934, 365448, 153540, 535960, 125261, 38.4, 45.8, 0.99
A, 724308, 363425, 813737, 976320, 365635, 153475, 536206, 125310, 38.4, 45.8, 0.99
A, 724366, 363618, 813338, 976355, 365738, 153432, 536423, 125271, 38.4, 45.8, 1.00
A, 724563, 363837, 813621, 977087, 365931, 153432, 536636, 125313, 38.4, 45.8, 1.00
A, 724317, 364023, 812823, 976822, 366131, 153336, 536841, 125174, 38.4, 45.8, 1.00
A, 724436, 364136, 812854, 977178, 366183, 153367, 536976, 125261, 38.4, 45.8, 1.00
A, 724704, 364491, 812762, 977472, 366482, 153303, 537397, 125166, 38.4, 45.9, 1.00
A, 724749, 364606, 812657, 977718, 366641, 153355, 537507, 125199, 38.4, 45.9, 0.99
A, 725040, 364822, 812839, 978366, 366743, 153340, 537786, 125252, 38.4, 45.9, 1.01
A, 725478, 365029, 812910, 978853, 366982, 153407, 538052, 125222, 38.4, 45.9, 0.99
A, 725626, 365212, 812947, 979209, 367029, 153340, 538265, 125257, 38.4, 45.9, 1.00
A, 727856, 365740, 815687, 982158, 367695, 153739, 538960, 125650, 38.4, 45.9, 0.99
A, 727909, 366159, 815489, 982081, 368001, 153659, 539272, 125528, 38.4, 45.9, 1.01
A, 727808, 366218, 815006, 982046, 368041, 153634, 539431, 125464, 38.4, 45.9, 1.00
A, 727527, 366331, 814659, 982208, 368046, 153620, 539471, 125348, 38.4, 45.9, 0.99
A, 727725, 366578, 814611, 982632, 368309, 153631, 539724, 125434, 38.4, 45.9, 1.01
A, 727778, 366688, 814379, 982631, 368396, 153641, 539924, 125423, 38.4, 45.9, 0.99
A, 728154, 366991, 814847, 983350, 368595, 153708, 540180, 125461, 38.4, 45.9, 1.01
A, 728038, 367141, 814514, 983364, 368703, 153584, 540279, 125394, 38.4, 45.9, 1.01
A, 728148, 367268, 814306, 983383, 368865, 153594, 540450, 125341, 38.4, 46.0, 1.00
A, 728097, 367352, 814205, 983651, 368911, 153548, 540592, 125330, 38.4, 46.0, 1.00
A, 728232, 367620, 814280, 984064, 369087, 153626, 540895, 125360, 38.4, 46.0, 1.01
A, 728321, 367638, 814004, 983883, 369235, 153562, 540980, 125311, 38.4, 46.0, 1.00
A, 728144, 367699, 813684, 983795, 369249, 153501, 541157, 125204, 38.3, 46.0, 0.99
A, 728330, 367895, 813901, 984563, 369469, 153559, 541307, 125260, 38.3, 46.0, 1.00
A, 728067, 367995, 813272, 984228, 369521, 153487, 541481, 125235, 38.3, 46.0, 0.99
A, 728133, 368079, 813260, 984470, 369543, 153480, 541573, 125205, 38.3, 46.0, 1.01
A, 728115, 368244, 812899, 984518, 369790, 153505, 541817, 125156, 38.3, 46.0, 1.00
A, 728060, 368329, 813028, 984746, 369775, 153422, 541869, 125174, 38.3, 46.0, 1.00
A, 728564, 368465, 813451, 985391, 369941, 153517, 542119, 125221, 38.3, 46.0, 1.01
A, 728700, 368579, 813597, 985800, 370074, 153468, 542287, 125263, 38.3, 46.1, 1.00
A, 730427, 368846, 815610, 988101, 370502, 153834, 542824, 125522, 38.3, 46.1, 1.00
A, 730698, 369231, 815949, 988554, 370803, 153793, 543084, 125475, 38.3, 46.1, 0.99
A, 730626, 369360, 815647, 988257, 370868, 153721, 543248, 125452, 38.3, 46.1, 1.00
A, 730328, 369369, 815137, 988039, 370839, 153689, 543286, 125362, 38.3, 46.1, 1.00
A, 730363, 369479, 815139, 988372, 370975, 153781, 543371, 125406, 38.3, 46.1, 1.00
A, 730238, 369588, 814823, 988330, 371058, 153693, 543528, 125331, 38.3, 46.1, 1.00
A, 730185, 369663, 814840, 988489, 371150, 153715, 543581, 125370, 38.3, 46.1, 1.00
A, 730359, 369806, 815087, 988870, 371212, 153693, 543804, 125391, 38.3, 46.1, 1.00
A, 730467, 369864, 815072, 988857, 371373, 153724, 543937, 125352, 38.3, 46.1, 1.01
A, 730365, 369953, 814840, 988882, 371428, 153689, 544020, 125353, 38.3, 46.1, 1.00
A, 730155, 369975, 814506, 989008, 371509, 153671, 544119, 125245, 38.3, 46.1, 1.00
A, 730314, 370185, 814817, 989573, 371607, 153688, 544352, 125315, 38.3, 46.1, 1.01
A, 730545, 370205, 814801, 989536, 371700, 153673, 544498, 125313, 38.3, 46.1, 0.99
A, 730937, 370410, 815133, 989952, 371948, 153714, 544754, 125349, 38.3, 46.1, 0.99
A, 730657, 370509, 814939, 990024, 371957, 153703, 544796, 125267, 38.3, 46.1, 1.00
A, 730674, 370577, 814574, 989883, 372105, 153650, 544888, 125218, 38.3, 46.2, 0.99
A, 730488, 370576, 814498, 990075, 372084, 153680, 545011, 125226, 38.3, 46.2, 1.01
A, 730302, 370740, 814085, 989853, 372216, 153602, 545078, 125181, 38.3, 46.2, 1.01
A, 730321, 370665, 813987, 989758, 372244, 153575, 545103, 125135, 38.3, 46.2, 1.01
A, 730420, 370792, 814289, 990335, 372314, 153610, 545298, 125236, 38.3, 46.2, 0.99
A, 732207, 371062, 816715, 992747, 372709, 153936, 545799, 125491, 38.3, 46.2, 1.01
A, 732105, 371239, 816283, 992572, 372881, 153943, 545960, 125462, 38.3, 46.2, 1.01
A, 731999, 371345, 816058, 992447, 372927, 153839, 546024, 125439, 38.3, 46.2, 1.00
A, 731875, 371383, 815727, 992301, 373006, 153837, 546092, 125296, 38.3, 46.2, 0.99
A, 729937, 371104, 813193, 990036, 372574, 153535, 545721, 125029, 38.3, 46.2, 1.01
A, 729729, 370958, 813281, 990198, 372601, 153526, 545723, 125013, 38.3, 46.2, 1.02
A, 730232, 371076, 813919, 990899, 372747, 153577, 545909, 125040, 38.3, 46.2, 0.99
A, 730091, 371067, 813494, 990918, 372825, 153571, 546043, 125106, 38.3, 46.2, 0.99
A, 730683, 371266, 814247, 991688, 373029, 153641, 546282, 125225, 38.3, 46.2, 1.00
A, 731084, 371421, 814692, 992030, 373214, 153682, 546503, 125174, 38.3, 46.2, 1.00
A, 730912, 371444, 814398, 991937, 373264, 153649, 546608, 125200, 38.3, 46.3, 1.00
A, 730939, 371508, 814395, 992180, 373292, 153605, 546676, 125157, 38.3, 46.3, 0.99
A, 731355, 371597, 814706, 992755, 373476, 153651, 546878, 125180, 38.3, 46.3, 1.01
A, 731371, 371701, 814922, 992996, 373553, 153705, 546987, 125231, 38.3, 46.3, 1.01
A, 731670, 371899, 815101, 993348, 373793, 153760, 547241, 125180, 38.3, 46.3, 1.01
A, 731697, 371865, 815202, 993301, 373785, 153682, 547204, 125214, 38.3, 46.3, 1.01
A, 731495, 371971, 814815, 993365, 373814, 153650, 547387, 125192, 38.3, 46.3, 1.01
A, 731383, 371943, 814737, 993465, 373835, 153688, 547379, 125178, 38.3, 46.3, 1.00
A, 731805, 372045, 815180, 993852, 374016, 153717, 547578, 125257, 38.3, 46.3, 1.01
A, 731826, 372114, 815298, 994026, 374126, 153778, 547650, 125226, 38.3, 46.3, 1.00
A, 733913, 372471, 817889, 996758, 374591, 154065, 548269, 125615, 38.3, 46.3, 1.00
A, 733627, 372674, 817498, 996393, 374680, 153972, 548317, 125400, 38.2, 46.3, 1.00
A, 733187, 372784, 816985, 995949, 374570, 153986, 548286, 125337, 38.2, 46.3, 0.99
A, 733307, 372708, 817010, 996248, 374649, 153981, 548335, 125397, 38.2, 46.3, 0.98
A, 732980, 372786, 816732, 996075, 374690, 153978, 548432, 125389, 38.2, 46.3, 1.00
A, 732996, 372787, 816925, 996296, 374768, 154004, 548572, 125277, 38.2, 46.3, 1.00
A, 733088, 372895, 816955, 996261, 374833, 153902, 548615, 125313, 38.2, 46.3, 1.01
A, 732876, 372976, 816715, 996082, 374870, 153886, 548609, 125252, 38.2, 46.3, 1.00
A, 732651, 372923, 816447, 996011, 374865, 153959, 548716, 125286, 38.2, 46.3, 1.01
A, 732861, 373016, 816629, 996296, 374994, 154000, 548828, 125298, 38.2, 46.4, 1.00
A, 732772, 373003, 816584, 996312, 375039, 153977, 548874, 125295, 38.2, 46.4, 1.01
A, 732988, 373106, 816787, 996586, 375121, 153963, 549003, 125267, 38.2, 46.4, 1.00
A, 732682, 373057, 816508, 996322, 375082, 153870, 549027, 125194, 38.2, 46.4, 1.00
A, 732758, 373168, 816682, 996685, 375210, 153922, 549122, 125227, 38.2, 46.4, 1.01
A, 732628, 373133, 816381, 996601, 375172, 153958, 549112, 125197, 38.2, 46.4, 0.99
A, 732765, 373292, 816458, 996469, 375293, 153935, 549298, 125219, 38.2, 46.4, 1.01
A, 732511, 373194, 816256, 996327, 375372, 153903, 549237, 125168, 38.2, 46.4, 1.00
A, 732067, 373274, 815778, 996218, 375323, 153879, 549275, 125169, 38.2, 46.4, 1.01
A, 732003, 373207, 815765, 996172, 375258, 153834, 549294, 125127, 38.2, 46.4, 1.00
A, 732291, 373170, 816150, 996624, 375373, 153846, 549396, 125194, 38.2, 46.4, 1.01
A, 734224, 373573, 818685, 999115, 375834, 154221, 549908, 125467, 38.2, 46.4, 1.00
A, 734000, 373695, 818214, 998621, 375917, 154101, 549985, 125336, 38.2, 46.4, 1.00
A, 733579, 373633, 817591, 998039, 375845, 154071, 549967, 125285, 38.2, 46.4, 0.99
A, 733111, 373656, 817336, 997992, 375768, 153975, 549932, 125245, 38.2, 46.4, 0.99
A, 732957, 373589, 817177, 997892, 375826, 154012, 549968, 125194, 38.2, 46.4, 1.00
A, 732852, 373606, 817058, 997849, 375794, 154013, 549980, 125246, 38.2, 46.4, 1.00
A, 733141, 373694, 817290, 998072, 375979, 154049, 550118, 125251, 38.2, 46.4, 0.99
A, 733073, 373715, 817282, 998070, 375996, 153995, 550208, 125205, 38.2, 46.4, 1.00
A, 732782, 373678, 816938, 997851, 376006, 153938, 550167, 125077, 38.2, 46.4, 0.99
A, 732713, 373669, 816911, 997841, 376033, 153932, 550168, 125168, 38.2, 46.4, 1.00
A, 732830, 373708, 817230, 998240, 376084, 153922, 550286, 125119, 38.2, 46.5, 1.01
A, 732666, 373711, 816893, 998109, 376032, 153971, 550363, 125183, 38.2, 46.5, 1.00
A, 732932, 373785, 817324, 998514, 376066, 153988, 550470, 125135, 38.2, 46.5, 1.01
A, 733043, 373793, 817450, 998547, 376236, 154044, 550520, 125137, 38.2, 46.5, 1.00
A, 732808, 373839, 817309, 998447, 376269, 153970, 550627, 125139, 38.2, 46.5, 1.01
A, 732521, 373787, 817029, 998324, 376243, 153991, 550581, 125171, 38.2, 46.5, 1.00
A, 732675, 373833, 817126, 998312, 376351, 153959, 550714, 125083, 38.2, 46.5, 1.00
A, 732540, 373800, 817031, 998392, 376301, 153933, 550652, 125045, 38.2, 46.5, 1.00
A, 732617, 373868, 816923, 998233, 376407, 153963, 550753, 125067, 38.2, 46.5, 1.01
A, 732541, 373838, 816972, 998225, 376348, 153948, 550772, 125057, 38.2, 46.5, 1.00
A, 734183, 374073, 819419, 1000852, 376757, 154228, 551270, 125366, 38.2, 46.5, 1.01
A, 734120, 374229, 819171, 1000622, 376867, 154214, 551383, 125299, 38.2, 46.5, 0.99
A, 733925, 374235, 818800, 1000271, 376832, 154214, 551304, 125263, 38.2, 46.5, 0.99
A, 733895, 374258, 818935, 1000476, 376873, 154223, 551402, 125315, 38.2, 46.5, 1.00
A, 733846, 374396, 818904, 1000393, 376935, 154224, 551474, 125200, 38.2, 46.5, 0.99
A, 733506, 374308, 818621, 1000220, 376917, 154125, 551486, 125160, 38.2, 46.6, 0.99
A, 733307, 374282, 818345, 999866, 376914, 154123, 551462, 125141, 38.2, 46.6, 0.99
A, 733076, 374207, 818237, 999935, 376940, 154137, 551453, 125166, 38.2, 46.6, 1.01
A, 733091, 374246, 817919, 999633, 376943, 154074, 551510, 125131, 38.2, 46.6, 1.01
A, 732955, 374241, 817677, 999369, 376862, 153995, 551483, 125082, 38.2, 46.6, 0.99
A, 732774, 374245, 817768, 999557, 376965, 154049, 551548, 125164, 38.2, 46.6, 1.01
A, 732945, 374276, 818080, 999915, 376960, 154046, 551670, 125167, 38.2, 46.6, 1.00
A, 732895, 374180, 817870, 999771, 376993, 154085, 551669, 125089, 38.2, 46.6, 0.99
A, 733085, 374311, 818228, 1000133, 377112, 154151, 551834, 125122, 38.2, 46.6, 1.01
A, 733135, 374332, 818308, 1000186, 377159, 154026, 551858, 125060, 38.2, 46.6, 1.00
A, 732972, 374350, 818281, 1000036, 377169, 154120, 551847, 125140, 38.2, 46.6, 0.99
A, 733107, 374323, 818570, 1000389, 377229, 154136, 551930, 125106, 38.2, 46.6, 1.00
A, 732792, 374377, 818010, 1000048, 377247, 154039, 551936, 124973, 38.2, 46.6, 1.00
A, 732637, 374259, 817888, 1000031, 377161, 154012, 551899, 125067, 38.2, 46.6, 1.00
A, 732541, 374334, 817790, 999868, 377284, 153971, 551969, 124960, 38.2, 46.6, 1.00
A, 733769, 374429, 819535, 1001463, 377437, 154213, 552292, 125239, 38.2, 46.6, 1.00
A, 733791, 374623, 819622, 1001757, 377625, 154226, 552394, 125193, 38.2, 46.6, 1.00
A, 733582, 374582, 819454, 1001507, 377597, 154180, 552427, 125206, 38.2, 46.6, 1.01
A, 733540, 374573, 819323, 1001309, 377578, 154180, 552401, 125104, 38.2, 46.6, 1.00
A, 733751, 374618, 819693, 1001709, 377687, 154234, 552469, 125182, 38.2, 46.6, 1.00
A, 733598, 374674, 819405, 1001342, 377669, 154227, 552507, 125105, 38.2, 46.6, 1.00
A, 733406, 374590, 819348, 1001233, 377665, 154156, 552526, 125054, 38.2, 46.6, 1.00
A, 733025, 374581, 819169, 1001229, 377671, 154189, 552451, 125077, 38.2, 46.6, 1.00
A, 733230, 374591, 819266, 1001448, 377689, 154178, 552556, 125098, 38.2, 46.6, 1.00
A, 733222, 374594, 819142, 1001268, 377707, 154183, 552556, 125100, 38.2, 46.6, 1.01
A, 733462, 374649, 819662, 1001609, 377851, 154218, 552707, 125191, 38.2, 46.6, 1.00
A, 733359, 374712, 819605, 1001727, 377866, 154206, 552715, 125080, 38.2, 46.6, 0.99
A, 733078, 374641, 819410, 1001509, 377816, 154209, 552721, 125045, 38.2, 46.6, 0.99
A, 733156, 374684, 819510, 1001653, 377880, 154175, 552769, 125124, 38.2, 46.6, 1.00
A, 732979, 374550, 819312, 1001571, 377814, 154178, 552833, 125102, 38.2, 46.7, 1.01
A, 733251, 374619, 819372, 1001419, 377901, 154161, 552853, 124976, 38.2, 46.7, 1.00
A, 732671, 374474, 818913, 1000867, 377814, 154142, 552788, 124931, 38.2, 46.7, 1.01
A, 732528, 374540, 819020, 1001129, 377833, 154105, 552777, 124986, 38.2, 46.7, 0.99
A, 732358, 374570, 818837, 1000982, 377919, 154091, 552841, 124974, 38.2, 46.7, 1.00
A, 732434, 374493, 818694, 1000979, 377865, 154110, 552819, 124981, 38.2, 46.7, 1.00
A, 734405, 374938, 821656, 1003627, 378385, 154459, 553420, 125282, 38.2, 46.7, 1.01
A, 734300, 374993, 821271, 1003226, 378398, 154432, 553384, 125218, 38.2, 46.7, 1.00
A, 734120, 374968, 821286, 1003194, 378423, 154454, 553432, 125242, 38.2, 46.7, 1.01
A, 733775, 374913, 821030, 1002838, 378418, 154397, 553315, 125127, 38.2, 46.7, 1.01
A, 733384, 374907, 820693, 1002675, 378310, 154367, 553272, 125185, 38.2, 46.7, 1.01
A, 733466, 374917, 820728, 1002808, 378335, 154307, 553331, 125131, 38.2, 46.7, 0.98
A, 733332, 374843, 820580, 1002353, 378296, 154282, 553405, 125056, 38.2, 46.7, 1.00
A, 733043, 374813, 820304, 1002083, 378310, 154238, 553281, 125001, 38.2, 46.7, 1.00
A, 732654, 374695, 820071, 1002143, 378271, 154261, 553355, 124968, 38.2, 46.7, 1.00
A, 732877, 374726, 820301, 1002201, 378333, 154289, 553363, 125006, 38.2, 46.7, 1.01
A, 732803, 374786, 820343, 1002239, 378290, 154324, 553410, 125080, 38.2, 46.7, 1.01
A, 732816, 374839, 820429, 1002321, 378378, 154307, 553471, 125036, 38.2, 46.7, 1.00
A, 732967, 374789, 820394, 1002128, 378420, 154320, 553516, 125013, 38.2, 46.7, 1.00
A, 732732, 374767, 820342, 1001943, 378461, 154204, 553512, 124966, 38.2, 46.7, 1.00
A, 732468, 374717, 820164, 1002100, 378359, 154252, 553499, 124979, 38.2, 46.7, 0.99
A, 732562, 374689, 820369, 1002353, 378481, 154319, 553571, 124980, 38.2, 46.7, 1.01
A, 732645, 374806, 820284, 1002178, 378477, 154259, 553556, 125035, 38.2, 46.7, 0.99
A, 732925, 374864, 820758, 1002475, 378554, 154225, 553735, 125022, 38.2, 46.7, 0.99
A, 732600, 374784, 820492, 1002470, 378587, 154249, 553741, 125009, 38.2, 46.7, 1.00
A, 732347, 374797, 820247, 1002009, 378607, 154256, 553723, 125001, 38.2, 46.7, 1.01
A, 733623, 374905, 822035, 1003895, 378768, 154498, 553962, 125236, 38.2, 46.7, 0.99
A, 733101, 375068, 821428, 1003145, 378824, 154341, 554025, 125051, 38.2, 46.7, 1.01
A, 732795, 374967, 820805, 1002396, 378672, 154364, 553814, 124967, 38.2, 46.7, 0.99
A, 732757, 374823, 821117, 1002816, 378764, 154354, 553930, 125018, 38.2, 46.7, 1.00
A, 732565, 374805, 820912, 1002676, 378695, 154340, 553889, 124940, 38.2, 46.8, 1.00
A, 732235, 374707, 820696, 1002578, 378661, 154239, 553855, 124971, 38.2, 46.8, 0.99
A, 732638, 374764, 821050, 1002774, 378789, 154323, 553986, 125012, 38.2, 46.7, 1.01
A, 732276, 374720, 820590, 1002197, 378676, 154261, 553901, 124920, 38.2, 46.7, 1.01
A, 732006, 374657, 820255, 1001929, 378669, 154210, 553882, 124890, 38.2, 46.8, 0.99
A, 731953, 374593, 820268, 1001960, 378661, 154178, 553899, 124915, 38.2, 46.8, 0.99
A, 732153, 374707, 820713, 1002408, 378745, 154225, 553994, 124915, 38.2, 46.8, 1.01
A, 732098, 374635, 820581, 1002366, 378739, 154238, 554002, 124942, 38.2, 46.8, 1.00
A, 732307, 374759, 821084, 1002932, 378834, 154271, 554104, 124963, 38.2, 46.8, 1.01
A, 732622, 374795, 821329, 1002895, 378951, 154333, 554219, 124973, 38.2, 46.8, 1.00
A, 732389, 374813, 821150, 1002701, 378955, 154255, 554209, 124909, 38.2, 46.8, 1.00
A, 732353, 374782, 821287, 1003029, 378963, 154302, 554278, 124958, 38.2, 46.8, 0.99
A, 732437, 374818, 821235, 1002928, 378972, 154354, 554308, 124977, 38.2, 46.8, 0.99
A, 732533, 374890, 821543, 1003239, 379028, 154310, 554351, 125002, 38.2, 46.8, 0.99
A, 732326, 374798, 821205, 1002908, 379048, 154330, 554399, 124918, 38.2, 46.8, 0.99
A, 732309, 374810, 821309, 1002780, 379022, 154338, 554340, 124888, 38.2, 46.8, 1.01
A, 734023, 375145, 823554, 1005135, 379423, 154564, 554813, 125142, 38.2, 46.8, 0.99
A, 733793, 375176, 823466, 1005020, 379457, 154631, 554868, 125179, 38.2, 46.8, 1.01
A, 733805, 375214, 823367, 1004903, 379428, 154589, 554869, 125161, 38.2, 46.8, 1.00
A, 733691, 375242, 823329, 1004867, 379485, 154651, 554872, 125128, 38.2, 46.8, 1.00
A, 733538, 375224, 823383, 1004655, 379503, 154571, 554878, 125070, 38.2, 46.8, 1.01
A, 733219, 375184, 822867, 1004267, 379376, 154536, 554807, 124973, 38.2, 46.8, 0.99
A, 732940, 375117, 822678, 1004048, 379412, 154485, 554756, 124992, 38.2, 46.8, 0.99
A, 732868, 375069, 822808, 1004031, 379416, 154527, 554810, 124966, 38.2, 46.8, 1.00
A, 732587, 375070, 822514, 1003917, 379362, 154518, 554756, 124977, 38.2, 46.8, 0.99
A, 732812, 375038, 822735, 1004130, 379416, 154518, 554796, 125020, 38.2, 46.8, 0.99
A, 732715, 375113, 822817, 1004007, 379410, 154447, 554836, 124949, 38.2, 46.8, 1.01
A, 732481, 374989, 822599, 1003747, 379363, 154477, 554789, 124948, 38.2, 46.8, 1.00
A, 732479, 375082, 822762, 1004020, 379445, 154537, 554859, 124971, 38.2, 46.8, 1.00
A, 732452, 375056, 822611, 1003852, 379397, 154510, 554842, 124946, 38.2, 46.8, 1.01
A, 732556, 375051, 822969, 1004098, 379492, 154526, 554956, 125007, 38.2, 46.8, 1.00
A, 732642, 375105, 822777, 1003891, 379511, 154486, 554968, 124936, 38.2, 46.8, 1.00
A, 732357, 374994, 822626, 1003722, 379458, 154420, 554977, 124924, 38.2, 46.8, 1.00
A, 732405, 374992, 822908, 1003876, 379487, 154447, 554947, 124933, 38.2, 46.8, 1.01
A, 732125, 374968, 822665, 1003828, 379438, 154462, 555001, 124942, 38.2, 46.8, 1.00
A, 732342, 375022, 822700, 1003680, 379518, 154449, 555019, 124917, 38.2, 46.8, 0.99
A, 733644, 375163, 824677, 1005638, 379749, 154642, 555317, 125148, 38.2, 46.8, 1.01
A, 733084, 375219, 824046, 1004929, 379879, 154591, 555341, 125040, 38.2, 46.8, 1.00
A, 732726, 375180, 823678, 1004752, 379682, 154587, 555217, 124988, 38.2, 46.8, 1.00
A, 732758, 375185, 823803, 1004603, 379737, 154528, 555262, 124989, 38.2, 46.8, 1.00
A, 732557, 375161, 823654, 1004508, 379718, 154581, 555198, 124973, 38.2, 46.8, 1.01
A, 732391, 375110, 823433, 1004232, 379672, 154482, 555155, 124957, 38.2, 46.8, 1.00
A, 732134, 375040, 823073, 1003782, 379639, 154428, 555150, 124840, 38.2, 46.8, 1.00
A, 731650, 374922, 822769, 1003584, 379528, 154355, 555079, 124790, 38.2, 46.8, 1.01
A, 731572, 374922, 822687, 1003566, 379560, 154386, 555089, 124743, 38.2, 46.9, 1.00
A, 731074, 374737, 822082, 1003081, 379423, 154388, 555015, 124764, 38.2, 46.9, 1.00
A, 731557, 374874, 822595, 1003421, 379457, 154378, 555091, 124826, 38.2, 46.9, 1.00
A, 731634, 374820, 822818, 1003490, 379617, 154341, 555154, 124811, 38.2, 46.9, 0.99
A, 731711, 374898, 822749, 1003536, 379674, 154388, 555262, 124810, 38.2, 46.9, 1.01
A, 731653, 374881, 822759, 1003619, 379618, 154394, 555222, 124902, 38.2, 46.9, 1.01
A, 731871, 374876, 823227, 1003944, 379716, 154398, 555383, 124877, 38.2, 46.9, 1.00
A, 731765, 374867, 823188, 1004038, 379728, 154415, 555359, 124848, 38.2, 46.9, 1.00
A, 732082, 374913, 823548, 1004390, 379867, 154488, 555464, 124894, 38.2, 46.9, 0.99
A, 732192, 375031, 823790, 1004371, 379903, 154456, 555543, 124929, 38.2, 46.9, 1.00
A, 732053, 374970, 823626, 1004219, 379936, 154495, 555528, 124869, 38.2, 46.9, 0.99
A, 732116, 375010, 823795, 1004589, 379909, 154536, 555564, 124914, 38.2, 46.9, 0.99
A, 733935, 375274, 826175, 1006448, 380345, 154774, 556042, 125202, 38.2, 46.9, 0.99
A, 733697, 375336, 825855, 1006382, 380333, 154719, 556000, 125058, 38.2, 46.9, 0.99
A, 732912, 375412, 825108, 1005667, 380243, 154669, 555928, 125065, 38.2, 46.9, 1.01
A, 732883, 375342, 824896, 1005403, 380091, 154647, 555835, 124949, 38.2, 46.9, 0.99
A, 732529, 375202, 824666, 1005288, 380080, 154599, 555769, 124979, 38.2, 46.9, 1.01
A, 732446, 375238, 824605, 1005071, 380108, 154644, 555769, 124940, 38.2, 46.9, 1.00
A, 732171, 375130, 824432, 1004984, 380065, 154622, 555785, 124921, 38.2, 46.9, 0.99
A, 732553, 375233, 824795, 1005220, 380181, 154644, 555848, 124978, 38.2, 46.9, 0.99
A, 732146, 375152, 824550, 1004774, 380078, 154622, 555778, 124914, 38.2, 46.9, 1.00
A, 731899, 375137, 824325, 1004710, 380118, 154536, 555771, 124815, 38.2, 46.9, 1.00
A, 731984, 375099, 824302, 1004616, 380056, 154632, 555793, 124906, 38.2, 46.9, 0.99
A, 732065, 375064, 824745, 1004903, 380135, 154544, 555849, 124856, 38.2, 46.9, 1.01
A, 731958, 375036, 824619, 1004936, 380132, 154624, 555806, 124921, 38.2, 46.9, 1.01
A, 732012, 375053, 824539, 1004666, 380031, 154563, 555817, 124852, 38.2, 46.9, 1.01
A, 731894, 375055, 824558, 1004745, 380126, 154572, 555870, 124804, 38.2, 46.9, 1.00
A, 731944, 375040, 824830, 1004932, 380195, 154549, 555876, 124869, 38.2, 46.9, 1.01
A, 731790, 375063, 824628, 1004925, 380152, 154576, 555897, 124881, 38.2, 46.9, 1.00
A, 732008, 375084, 824982, 1005186, 380208, 154602, 555974, 124862, 38.2, 46.9, 1.01
A, 732022, 375019, 824930, 1004816, 380181, 154593, 556001, 124896, 38.2, 46.9, 1.00
A, 731735, 375026, 824652, 1004659, 380166, 154549, 555915, 124816, 38.2, 46.9, 1.01
A, 733405, 375230, 826875, 1006752, 380475, 154847, 556352, 125093, 38.2, 46.9, 1.00
A, 732940, 375412, 826422, 1006226, 380547, 154748, 556334, 124969, 38.2, 46.9, 0.99
A, 732628, 375263, 826132, 1006023, 380421, 154718, 556205, 124964, 38.2, 46.9, 1.00
A, 732135, 375257, 825684, 1005300, 380418, 154671, 556186, 124846, 38.2, 46.9, 1.01
A, 731954, 375162, 825530, 1005234, 380306, 154582, 556072, 124793, 38.2, 46.9, 1.01
A, 731985, 375076, 825556, 1005434, 380346, 154674, 556152, 124894, 38.2, 46.9, 1.01
A, 731931, 375123, 825489, 1005315, 380328, 154584, 556128, 124868, 38.2, 46.9, 1.00
A, 731798, 375021, 825449, 1005020, 380336, 154626, 556101, 124845, 38.2, 46.9, 1.00
A, 732030, 375134, 825864, 1005292, 380423, 154701, 556196, 124990, 38.2, 46.9, 1.00
A, 731765, 375120, 825719, 1005180, 380336, 154603, 556166, 124877, 38.2, 46.9, 1.00
A, 731566, 375085, 825526, 1004923, 380385, 154620, 556165, 124828, 38.2, 46.9, 1.00
A, 731463, 374998, 825474, 1004949, 380260, 154590, 556105, 124833, 38.2, 46.9, 0.99
A, 731625, 375040, 825844, 1005270, 380404, 154694, 556232, 124888, 38.2, 46.9, 1.00
A, 731518, 375013, 825575, 1005062, 380348, 154677, 556196, 124870, 38.2, 46.9, 0.99
A, 731815, 375090, 826045, 1005388, 380456, 154725, 556322, 124830, 38.2, 46.9, 1.00
A, 731850, 375065, 826251, 1005458, 380473, 154646, 556301, 124857, 38.2, 46.9, 1.00
A, 731655, 375048, 826025, 1005304, 380485, 154713, 556334, 124782, 38.2, 46.9, 1.00
A, 731877, 375038, 826270, 1005448, 380497, 154728, 556392, 124793, 38.2, 46.9, 0.99
A, 731648, 375053, 826230, 1005407, 380532, 154659, 556332, 124848, 38.2, 46.9, 1.01
A, 731747, 375085, 826448, 1005648, 380540, 154627, 556422, 124821, 38.2, 46.9, 1.01
M, 728564, 374633, 821347, 999815, 379918, 153895, 555546, 123849, 38.2, 46.9, 0.00
M, 720339, 372764, 810840, 990168, 377676, 152512, 552769, 122599, 38.2, 46.9, 0.61
M, 711467, 370331, 799097, 979087, 375092, 150980, 549738, 121250, 38.2, 46.9, 0.76
M, 706675, 368679, 792628, 973011, 373565, 150063, 548148, 120508, 38.2, 46.9, 0.82
M, 700540, 366961, 783307, 964539, 372334, 148655, 547471, 119522, 38.2, 46.9, 0.90
M, 698161, 366461, 778551, 960715, 372071, 147987, 547806, 118986, 38.2, 46.9, 0.94
M, 696723, 366584, 773779, 957634, 372276, 147258, 548674, 118616, 38.2, 46.9, 0.95
M, 696330, 366913, 769576, 955318, 372685, 146636, 549592, 118156, 38.2, 46.9, 0.97
M, 696775, 367456, 766280, 954204, 373091, 146183, 550351, 117886, 38.2, 46.9, 0.99
M, 698269, 368015, 763817, 954310, 373683, 145803, 551187, 117693, 38.2, 46.8, 0.99
M, 700233, 368740, 761263, 954394, 374201, 145483, 551941, 117445, 38.2, 46.8, 1.00
M, 702067, 369195, 759295, 955314, 374636, 145193, 552515, 117336, 38.3, 46.8, 1.00
M, 703907, 369615, 757685, 956595, 374995, 145031, 552970, 117214, 38.3, 46.8, 1.00
M, 706218, 370036, 756740, 958475, 375452, 144907, 553455, 117188, 38.3, 46.7, 1.00
M, 708275, 370225, 755786, 959985, 375769, 144820, 553863, 117182, 38.3, 46.7, 0.99
M, 710611, 370438, 755376, 962341, 376207, 144801, 554263, 117216, 38.3, 46.7, 0.99
M, 712903, 370622, 754601, 964289, 376471, 144761, 554676, 117189, 38.3, 46.7, 0.99
M, 714699, 370658, 753907, 966103, 376757, 144715, 555017, 117134, 38.3, 46.6, 1.00
M, 716389, 370793, 753885, 968399, 377104, 144718, 555363, 117213, 38.3, 46.6, 0.99
M, 717999, 370706, 753589, 970328, 377414, 144833, 555710, 117275, 38.3, 46.6, 0.99
M, 721024, 370855, 755344, 974151, 377920, 145113, 556413, 117565, 38.3, 46.6, 0.99
M, 722784, 371090, 755293, 976033, 378417, 145103, 556847, 117505, 38.3, 46.6, 1.00
M, 723531, 370946, 754828, 977321, 378591, 145153, 557081, 117493, 38.3, 46.6, 0.99
M, 724367, 370804, 754151, 978722, 378915, 145202, 557409, 117533, 38.3, 46.6, 1.02
M, 725084, 370674, 754179, 979850, 379050, 145222, 557628, 117524, 38.3, 46.6, 0.99
M, 726021, 370587, 754363, 981648, 379395, 145339, 558034, 117675, 38.3, 46.6, 1.00
M, 726987, 370508, 754598, 983157, 379677, 145438, 558403, 117735, 38.3, 46.6, 1.00
M, 727874, 370399, 754631, 984519, 380014, 145483, 558796, 117693, 38.3, 46.6, 1.00
M, 728095, 370280, 754144, 985202, 380228, 145476, 558989, 117685, 38.3, 46.5, 0.99
M, 728564, 370138, 754167, 986430, 380499, 145537, 559356, 117672, 38.3, 46.5, 0.99
M, 729363, 370133, 754603, 987985, 380870, 145588, 559775, 117832, 38.3, 46.5, 1.00
M, 730025, 370170, 754825, 988882, 381231, 145782, 560165, 117867, 38.3, 46.5, 1.00
M, 730759, 370123, 755389, 990335, 381576, 145840, 560579, 117988, 38.3, 46.5, 1.00
M, 731280, 370142, 755553, 991355, 381915, 145954, 561008, 117971, 38.3, 46.5, 1.01
M, 731675, 370089, 755553, 992170, 382204, 145997, 561325, 118015, 38.3, 46.5, 1.01
M, 732336, 370139, 755940, 993379, 382529, 146120, 561703, 118113, 38.3, 46.5, 0.99
M, 732662, 370099, 756185, 994365, 382796, 146267, 561995, 118134, 38.3, 46.5, 1.00
M, 733255, 370222, 756535, 995310, 383103, 146295, 562426, 118238, 38.3, 46.5, 1.00
M, 733694, 370257, 756719, 996161, 383494, 146377, 562779, 118260, 38.3, 46.5, 1.01
M, 734435, 370420, 757480, 997532, 383864, 146492, 563262, 118364, 38.3, 46.5, 1.00
M, 736254, 370655, 759569, 1000325, 384443, 146819, 563940, 118610, 38.3, 46.4, 1.00
M, 736615, 370888, 759703, 1000667, 384831, 146887, 564298, 118616, 38.3, 46.4, 1.00
M, 736417, 370930, 759348, 1000758, 385007, 146921, 564534, 118589, 38.4, 46.4, 0.99
M, 736237, 370928, 759092, 1000925, 385100, 146889, 564705, 118578, 38.4, 46.4, 1.00
M, 736199, 370879, 758782, 1001170, 385444, 146970, 564939, 118483, 38.4, 46.4, 1.01
M, 736203, 370841, 758860, 1001678, 385471, 146927, 565127, 118553, 38.4, 46.4, 1.00
M, 736542, 370902, 759007, 1002310, 385818, 147084, 565371, 118648, 38.4, 46.4, 1.00
M, 736753, 370988, 759234, 1002831, 386041, 147086, 565695, 118686, 38.4, 46.4, 1.01
M, 737112, 371102, 759409, 1003273, 386280, 147201, 565943, 118619, 38.4, 46.4, 1.01
M, 737100, 371176, 759191, 1003395, 386433, 147226, 566129, 118590, 38.4, 46.4, 0.99
M, 737112, 371072, 759367, 1003969, 386669, 147204, 566410, 118655, 38.4, 46.4, 1.00
M, 737511, 371237, 759620, 1004633, 386921, 147310, 566696, 118677, 38.4, 46.4, 1.01
M, 737617, 371267, 759765, 1005034, 387098, 147342, 566925, 118718, 38.4, 46.4, 0.99
M, 738190, 371453, 760382, 1005943, 387407, 147450, 567269, 118801, 38.4, 46.4, 0.99
M, 738520, 371585, 760500, 1006250, 387664, 147471, 567527, 118861, 38.4, 46.4, 1.00
M, 738629, 371651, 760634, 1006629, 387864, 147522, 567802, 118863, 38.4, 46.4, 1.00
M, 738603, 371628, 760571, 1006945, 387964, 147520, 567985, 118813, 38.4, 46.4, 1.01
M, 738977, 371752, 760905, 1007618, 388259, 147595, 568259, 118904, 38.4, 46.4, 1.00
M, 739199, 371818, 761127, 1007932, 388396, 147685, 568443, 118941, 38.4, 46.4, 1.00
M, 739665, 371927, 761670, 1008811, 388683, 147788, 568767, 119043, 38.4, 46.4, 1.01
M, 741854, 372384, 764313, 1011651, 389320, 148176, 569482, 119354, 38.4, 46.4, 1.01
M, 741837, 372547, 764017, 1011461, 389551, 148154, 569592, 119257, 38.4, 46.4, 0.99
M, 741790, 372663, 764105, 1011936, 389636, 148200, 569771, 119293, 38.4, 46.4, 1.00
M, 741359, 372706, 763411, 1011506, 389764, 148144, 569889, 119202, 38.4, 46.4, 1.01
M, 741366, 372672, 763423, 1011560, 389788, 148189, 569988, 119245, 38.4, 46.4, 1.00
M, 741249, 372820, 763274, 1011623, 389982, 148179, 570170, 119138, 38.4, 46.4, 1.01
M, 741247, 372751, 763237, 1011743, 390026, 148233, 570275, 119144, 38.4, 46.4, 1.00
M, 741531, 372788, 763427, 1012155, 390118, 148236, 570391, 119192, 38.4, 46.4, 1.00
M, 741688, 372882, 763656, 1012573, 390389, 148317, 570645, 119225, 38.4, 46.4, 1.00
M, 741833, 372999, 763746, 1012933, 390510, 148332, 570766, 119265, 38.4, 46.4, 0.99
M, 742267, 373129, 764375, 1013539, 390807, 148483, 571053, 119367, 38.4, 46.4, 0.99
M, 742606, 373252, 764720, 1013964, 390943, 148391, 571215, 119284, 38.4, 46.4, 1.00
M, 742753, 373283, 764727, 1014261, 391066, 148424, 571442, 119333, 38.4, 46.4, 0.99
M, 742719, 373327, 764592, 1014456, 391132, 148511, 571530, 119366, 38.4, 46.4, 0.99
M, 743077, 373442, 765168, 1015205, 391397, 148612, 571810, 119466, 38.4, 46.4, 1.00
M, 743313, 373529, 765252, 1015225, 391519, 148645, 571967, 119387, 38.4, 46.4, 1.00
M, 743285, 373566, 765260, 1015392, 391663, 148642, 572110, 119425, 38.4, 46.4, 1.01
M, 743446, 373615, 765610, 1015987, 391759, 148698, 572264, 119437, 38.4, 46.4, 1.00
M, 743657, 373641, 765610, 1016057, 391945, 148727, 572468, 119479, 38.4, 46.4, 0.99
M, 743997, 373839, 766070, 1016721, 392031, 148767, 572642, 119504, 38.4, 46.4, 1.00
M, 745858, 374113, 768458, 1019248, 392555, 149134, 573121, 119814, 38.4, 46.4, 0.99
M, 746364, 374512, 768761, 1019379, 392827, 149159, 573350, 119745, 38.4, 46.4, 1.00
M, 746014, 374470, 768330, 1019238, 392832, 149086, 573362, 119707, 38.4, 46.4, 1.01
M, 745920, 374504, 768257, 1019556, 392917, 149218, 573526, 119754, 38.4, 46.4, 1.01
M, 745588, 374450, 767788, 1018849, 392955, 149164, 573561, 119714, 38.4, 46.3, 1.01
M, 745490, 374364, 767860, 1018858, 392972, 149170, 573545, 119637, 38.4, 46.3, 1.00
M, 745433, 374531, 767763, 1019153, 393174, 149152, 573770, 119692, 38.4, 46.4, 1.00
M, 745381, 374536, 767697, 1018981, 393078, 149121, 573723, 119653, 38.4, 46.4, 1.00
M, 745472, 374496, 767744, 1019262, 393168, 149184, 573861, 119666, 38.4, 46.4, 1.00
M, 745670, 374564, 768021, 1019643, 393261, 149189, 573949, 119665, 38.4, 46.4, 1.00
M, 745745, 374628, 768051, 1019857, 393408, 149282, 574065, 119744, 38.4, 46.4, 1.00
M, 746280, 374709, 768798, 1020608, 393630, 149367, 574337, 119840, 38.4, 46.3, 1.00
M, 746715, 374844, 769168, 1020892, 393754, 149417, 574531, 119810, 38.4, 46.3, 1.00
M, 746696, 374925, 769143, 1020934, 393862, 149394, 574604, 119754, 38.4, 46.3, 0.99
M, 746737, 374942, 769119, 1021171, 393893, 149495, 574684, 119841, 38.4, 46.3, 1.01
M, 747175, 375043, 769663, 1021687, 394089, 149472, 574860, 119902, 38.4, 46.3, 1.00
M, 747116, 375102, 769824, 1021994, 394171, 149571, 574948, 119929, 38.4, 46.3, 1.00
M, 747684, 375149, 770346, 1022570, 394325, 149647, 575154, 120008, 38.4, 46.3, 1.00
M, 747937, 375226, 770688, 1022737, 394454, 149590, 575309, 119899, 38.4, 46.3, 0.99
M, 748013, 375251, 770697, 1023087, 394540, 149685, 575375, 119941, 38.4, 46.3, 1.00
M, 749526, 375485, 772573, 1025156, 394855, 149992, 575822, 120225, 38.4, 46.3, 1.01
M, 749853, 375757, 772987, 1025423, 395094, 150051, 575960, 120190, 38.4, 46.3, 0.99
M, 749711, 375772, 772835, 1025186, 395113, 149982, 576021, 120163, 38.4, 46.3, 1.00
M, 749633, 375823, 772558, 1025034, 395124, 150006, 576029, 120127, 38.4, 46.3, 1.00
M, 749430, 375855, 772577, 1025105, 395170, 150064, 576069, 120126, 38.4, 46.3, 1.00
M, 749201, 375834, 772311, 1024749, 395228, 149978, 576064, 120116, 38.4, 46.3, 1.00
M, 748907, 375809, 772210, 1024712, 395169, 149941, 576079, 120056, 38.4, 46.3, 1.00
M, 749025, 375891, 772107, 1024575, 395271, 149988, 576209, 120086, 38.4, 46.3, 1.00
M, 749013, 375828, 772217, 1024558, 395220, 150030, 576192, 120030, 38.4, 46.3, 1.00
M, 749158, 375833, 772535, 1025142, 395383, 150115, 576293, 120077, 38.4, 46.3, 1.01
M, 749281, 375801, 772653, 1025347, 395460, 150106, 576404, 120118, 38.4, 46.3, 1.00
M, 749336, 375859, 772724, 1025261, 395448, 150096, 576537, 120162, 38.4, 46.3, 1.00
M, 749850, 375947, 773326, 1025959, 395657, 150136, 576664, 120223, 38.4, 46.3, 1.00
M, 749965, 376046, 773484, 1026179, 395743, 150178, 576726, 120177, 38.4, 46.3, 1.00
M, 749901, 376015, 773399, 1025989, 395769, 150206, 576789, 120184, 38.4, 46.3, 1.00
M, 749984, 375963, 773618, 1026389, 395792, 150206, 576819, 120222, 38.4, 46.3, 1.00
M, 750269, 376048, 773954, 1026837, 395896, 150304, 576980, 120234, 38.4, 46.3, 1.00
M, 750206, 376131, 773911, 1026909, 395983, 150345, 577063, 120327, 38.4, 46.3, 1.00
M, 750528, 376161, 774418, 1027270, 396098, 150394, 577177, 120319, 38.4, 46.3, 1.00
M, 750641, 376190, 774595, 1027303, 396127, 150380, 577306, 120240, 38.4, 46.3, 1.00
M, 752431, 376468, 776664, 1029421, 396522, 150715, 577736, 120515, 38.4, 46.3, 1.01
M, 752545, 376689, 776753, 1029556, 396676, 150698, 577816, 120510, 38.4, 46.3, 1.00
M, 752220, 376616, 776479, 1029162, 396655, 150633, 577859, 120459, 38.4, 46.3, 1.00
M, 752295, 376675, 776538, 1029503, 396660, 150716, 577880, 120507, 38.4, 46.3, 1.00
M, 752208, 376708, 776484, 1029211, 396713, 150655, 577912, 120450, 38.4, 46.3, 0.99
M, 752144, 376720, 776545, 1029296, 396666, 150690, 577865, 120405, 38.4, 46.3, 1.00
M, 751910, 376713, 776235, 1029059, 396775, 150734, 577930, 120404, 38.4, 46.3, 1.00
M, 751806, 376727, 776261, 1029198, 396750, 150723, 577891, 120475, 38.4, 46.3, 1.00
M, 752229, 376754, 776563, 1029413, 396911, 150752, 578042, 120532, 38.4, 46.3, 1.00
M, 752366, 376810, 776894, 1029631, 396934, 150823, 578147, 120470, 38.4, 46.3, 1.00
M, 752377, 376909, 777058, 1029886, 396961, 150785, 578213, 120492, 38.4, 46.3, 1.00
M, 752358, 376743, 776982, 1029757, 396904, 150753, 578222, 120501, 38.4, 46.3, 1.00
M, 752432, 376793, 777067, 1029861, 397023, 150797, 578282, 120522, 38.4, 46.3, 1.00
M, 752729, 376876, 777517, 1030400, 397122, 150900, 578450, 120564, 38.4, 46.3, 1.00
M, 752771, 376926, 777492, 1030641, 397164, 150926, 578535, 120584, 38.4, 46.3, 1.00
M, 753198, 377033, 777970, 1031016, 397303, 150950, 578704, 120649, 38.4, 46.3, 1.00
M, 753487, 377157, 778383, 1031241, 397358, 151007, 578801, 120584, 38.4, 46.3, 1.00
M, 753443, 377097, 778219, 1031237, 397351, 150938, 578796, 120565, 38.5, 46.3, 1.00
M, 753813, 377203, 778530, 1031593, 397496, 151112, 578915, 120678, 38.5, 46.3, 1.00
M, 753855, 377217, 778593, 1031612, 397523, 151097, 579008, 120664, 38.5, 46.3, 1.00
M, 755516, 377486, 780912, 1034052, 397896, 151358, 579422, 120951, 38.5, 46.3, 1.00
M, 755841, 377769, 781095, 1034110, 398065, 151376, 579591, 120855, 38.5, 46.3, 1.00
M, 755575, 377782, 780870, 1033900, 398114, 151332, 579511, 120844, 38.5, 46.3, 1.01
M, 755555, 377785, 780858, 1033991, 398076, 151387, 579524, 120853, 38.5, 46.3, 1.00
M, 755256, 377862, 780620, 1033867, 398034, 151379, 579525, 120860, 38.5, 46.3, 1.00
M, 755500, 377847, 780567, 1033635, 398074, 151371, 579644, 120814, 38.5, 46.3, 1.00
M, 755077, 377732, 780262, 1033204, 398002, 151312, 579482, 120745, 38.5, 46.3, 1.00
M, 754638, 377770, 779924, 1033052, 398005, 151254, 579476, 120711, 38.5, 46.3, 1.01
M, 754571, 377656, 779729, 1032888, 397976, 151269, 579441, 120716, 38.5, 46.3, 1.00
M, 754828, 377712, 780083, 1033291, 398008, 151364, 579528, 120802, 38.5, 46.3, 1.00
M, 755056, 377692, 780464, 1033592, 398028, 151302, 579631, 120787, 38.5, 46.3, 1.00
M, 755378, 377776, 780586, 1033613, 398155, 151298, 579698, 120809, 38.5, 46.3, 1.00
M, 755349, 377790, 780506, 1033522, 398189, 151344, 579756, 120774, 38.5, 46.3, 1.00
M, 755419, 377783, 780742, 1034012, 398219, 151380, 579778, 120791, 38.5, 46.3, 1.00
M, 755720, 377822, 781174, 1034395, 398340, 151473, 579914, 120808, 38.5, 46.3, 1.00
M, 755804, 377839, 781108, 1034424, 398329, 151493, 579969, 120812, 38.5, 46.3, 1.01
M, 756351, 377949, 781655, 1034958, 398412, 151505, 580154, 120940, 38.5, 46.3, 1.00
M, 756486, 378083, 781843, 1035158, 398563, 151522, 580203, 120909, 38.5, 46.3, 1.00
M, 756264, 378049, 781756, 1035071, 398545, 151540, 580168, 120890, 38.5, 46.3, 1.00
M, 756358, 377997, 781867, 1035068, 398497, 151464, 580203, 120861, 38.5, 46.3, 1.01
M, 758570, 378407, 784534, 1038063, 398997, 151896, 580777, 121164, 38.5, 46.3, 1.00
M, 758518, 378528, 784187, 1037771, 399068, 151874, 580852, 121129, 38.5, 46.3, 1.00
M, 758536, 378687, 784553, 1037989, 399122, 151936, 580905, 121243, 38.5, 46.3, 1.00
M, 758629, 378631, 784590, 1037934, 399128, 151866, 580893, 121081, 38.5, 46.3, 1.00
M, 758480, 378656, 784352, 1037708, 399101, 151868, 580905, 121120, 38.5, 46.3, 1.00
M, 758511, 378769, 784398, 1037829, 399098, 151927, 580876, 121199, 38.5, 46.3, 0.99
M, 758230, 378751, 784098, 1037501, 399154, 151909, 580902, 121068, 38.5, 46.3, 1.00
M, 758058, 378622, 783902, 1037385, 398989, 151895, 580823, 121075, 38.5, 46.3, 1.00
M, 758046, 378776, 783907, 1037180, 399119, 151896, 580882, 121082, 38.5, 46.3, 1.02
M, 758123, 378572, 784117, 1037394, 399063, 151888, 580877, 121039, 38.5, 46.3, 1.00
M, 758456, 378704, 784440, 1037879, 399166, 151925, 580941, 121100, 38.5, 46.3, 1.00
M, 758482, 378646, 784589, 1037957, 399230, 152010, 581033, 121167, 38.5, 46.3, 1.00
M, 758677, 378740, 784668, 1037983, 399207, 152047, 581078, 121191, 38.5, 46.3, 1.00
M, 759084, 378908, 785354, 1038575, 399344, 152056, 581222, 121150, 38.5, 46.3, 1.00
M, 759274, 378917, 785503, 1038934, 399371, 152091, 581356, 121178, 38.5, 46.3, 1.00
M, 759132, 378892, 785519, 1038788, 399341, 152052, 581258, 121214, 38.5, 46.3, 1.00
M, 759226, 378945, 785607, 1038856, 399391, 152066, 581307, 121182, 38.5, 46.3, 1.00
M, 759257, 379025, 785733, 1039039, 399484, 152128, 581300, 121148, 38.5, 46.3, 1.00
M, 759586, 379027, 785812, 1038916, 399445, 152123, 581371, 121228, 38.5, 46.3, 0.99
M, 759514, 379001, 785775, 1038739, 399494, 152185, 581366, 121200, 38.5, 46.3, 0.99
M, 761047, 379238, 788036, 1041260, 399755, 152414, 581777, 121454, 38.5, 46.3, 0.99
M, 761286, 379438, 788167, 1041399, 399928, 152451, 581885, 121460, 38.5, 46.3, 1.00
M, 761015, 379428, 787795, 1041028, 399875, 152431, 581806, 121414, 38.5, 46.3, 1.00
M, 761286, 379549, 788205, 1041235, 399958, 152530, 581961, 121399, 38.5, 46.3, 1.00
M, 761142, 379485, 788159, 1041180, 399944, 152480, 581876, 121427, 38.5, 46.3, 1.00
M, 760882, 379451, 787894, 1040841, 399910, 152415, 581823, 121360, 38.5, 46.3, 0.99
M, 761085, 379515, 788093, 1041142, 399899, 152445, 581903, 121341, 38.5, 46.3, 1.00
M, 760691, 379486, 787706, 1040628, 399973, 152403, 581840, 121304, 38.5, 46.3, 1.00
M, 760249, 379462, 786955, 1040087, 399793, 152362, 581666, 121281, 38.5, 46.3, 1.00
M, 760264, 379466, 787277, 1040093, 399786, 152343, 581747, 121287, 38.5, 46.3, 1.00
M, 759588, 379208, 786654, 1039417, 399545, 152270, 581530, 121091, 38.5, 46.3, 1.00
M, 759903, 379209, 787094, 1039974, 399667, 152392, 581667, 121242, 38.5, 46.3, 0.99
M, 760236, 379225, 787368, 1040204, 399663, 152357, 581766, 121296, 38.5, 46.3, 1.00
M, 760498, 379196, 787739, 1040553, 399770, 152379, 581800, 121327, 38.5, 46.3, 1.00
M, 761068, 379369, 788459, 1041154, 399904, 152543, 581984, 121389, 38.5, 46.3, 1.00
M, 761411, 379424, 788723, 1041336, 399977, 152499, 582085, 121398, 38.5, 46.3, 1.00
M, 761412, 379452, 789068, 1041419, 399943, 152517, 582089, 121361, 38.5, 46.3, 1.01
M, 761354, 379481, 788979, 1041716, 400028, 152590, 582136, 121401, 38.5, 46.3, 1.00
M, 761739, 379475, 789392, 1042087, 400105, 152668, 582195, 121426, 38.5, 46.3, 1.00
M, 761942, 379612, 789591, 1042154, 400228, 152725, 582245, 121520, 38.5, 46.3, 1.00
M, 764174, 379912, 792566, 1045008, 400639, 153070, 582755, 121783, 38.5, 46.3, 1.01
M, 764048, 380173, 792520, 1045060, 400693, 153018, 582848, 121718, 38.5, 46.3, 1.00
M, 763763, 380075, 792186, 1044464, 400591, 152958, 582762, 121658, 38.5, 46.3, 1.00
M, 763488, 380071, 791996, 1044282, 400555, 152967, 582659, 121635, 38.5, 46.3, 1.00
M, 763564, 380159, 792137, 1044229, 400550, 153008, 582658, 121641, 38.5, 46.3, 0.99
M, 763361, 380156, 791840, 1043763, 400538, 152982, 582658, 121615, 38.5, 46.3, 1.00
M, 762883, 380049, 791543, 1043357, 400389, 152883, 582495, 121538, 38.5, 46.3, 1.02
M, 763009, 380015, 791801, 1043708, 400447, 152977, 582618, 121547, 38.5, 46.3, 1.00
M, 762526, 379980, 791223, 1042982, 400390, 152935, 582503, 121483, 38.5, 46.3, 1.00
M, 762212, 379860, 790834, 1042651, 400208, 152845, 582373, 121518, 38.5, 46.3, 1.00
M, 762163, 379865, 790995, 1042594, 400309, 152835, 582425, 121444, 38.5, 46.3, 0.99
M, 762102, 379818, 791039, 1042724, 400238, 152830, 582363, 121465, 38.5, 46.3, 1.01
M, 762492, 379781, 791585, 1043054, 400325, 152907, 582467, 121513, 38.5, 46.3, 1.00
M, 762661, 379860, 791782, 1043228, 400342, 152918, 582527, 121511, 38.5, 46.3, 1.00
M, 762334, 379792, 791516, 1043127, 400311, 152934, 582517, 121536, 38.5, 46.3, 1.00
M, 762762, 379845, 792019, 1043652, 400377, 152973, 582591, 121624, 38.5, 46.3, 1.00
M, 763121, 379926, 792438, 1043708, 400465, 153015, 582718, 121609, 38.5, 46.3, 1.01
M, 763013, 379856, 792443, 1043587, 400478, 152935, 582700, 121527, 38.5, 46.3, 1.00
M, 762892, 379877, 792311, 1043575, 400409, 152960, 582640, 121550, 38.5, 46.3, 1.00
M, 763250, 379915, 792706, 1043917, 400469, 152977, 582708, 121577, 38.5, 46.3, 0.99
M, 765080, 380158, 795085, 1046296, 400819, 153316, 583176, 121885, 38.5, 46.3, 1.00
M, 765115, 380391, 795258, 1046273, 400961, 153396, 583272, 121915, 38.5, 46.3, 1.00
M, 765150, 380351, 795231, 1045930, 400929, 153286, 583203, 121821, 38.5, 46.3, 1.01
M, 764781, 380368, 795035, 1045656, 400866, 153305, 583153, 121757, 38.5, 46.3, 1.00
M, 764733, 380333, 795073, 1045859, 400857, 153326, 583153, 121803, 38.5, 46.3, 1.00
M, 764538, 380295, 794880, 1045690, 400872, 153329, 583134, 121762, 38.5, 46.3, 0.99
M, 764845, 380346, 795270, 1045897, 400858, 153362, 583208, 121814, 38.5, 46.3, 1.01
M, 764707, 380414, 795198, 1045697, 400858, 153310, 583122, 121782, 38.5, 46.3, 1.00
M, 764438, 380299, 795036, 1045504, 400741, 153292, 583116, 121729, 38.5, 46.3, 1.00
M, 764340, 380343, 794969, 1045119, 400886, 153319, 583080, 121731, 38.5, 46.3, 1.00
M, 764267, 380275, 795042, 1045421, 400772, 153342, 583042, 121727, 38.5, 46.3, 1.00
M, 764129, 380268, 794842, 1045026, 400817, 153331, 583065, 121720, 38.5, 46.2, 1.00
M, 764136, 380210, 794821, 1044744, 400682, 153269, 583035, 121670, 38.5, 46.2, 1.00
M, 764260, 380239, 795293, 1045343, 400740, 153318, 583081, 121709, 38.5, 46.2, 1.00
M, 764081, 380201, 795167, 1045203, 400713, 153319, 583049, 121676, 38.5, 46.3, 1.00
M, 764157, 380174, 795211, 1045189, 400721, 153406, 583046, 121736, 38.5, 46.3, 1.00
M, 764660, 380260, 795752, 1045753, 400895, 153440, 583234, 121807, 38.5, 46.3, 1.00
M, 764759, 380255, 795905, 1045734, 400938, 153440, 583276, 121735, 38.5, 46.3, 1.00
M, 764656, 380280, 796057, 1045696, 400896, 153390, 583232, 121806, 38.5, 46.3, 1.00
M, 764704, 380266, 796228, 1045684, 400892, 153431, 583230, 121723, 38.5, 46.3, 1.00
A, 774066, 381694, 807645, 1057520, 402762, 155013, 585459, 123456, 38.5, 46.3, 0.00
A, 784562, 384339, 821356, 1071276, 405433, 156897, 588186, 125109, 38.5, 46.3, 0.61
A, 791535, 386342, 830645, 1080339, 407166, 158274, 590003, 126130, 38.5, 46.3, 0.75
A, 796379, 388070, 837308, 1086962, 408327, 159301, 591238, 126851, 38.5, 46.3, 0.84
A, 800428, 389724, 843151, 1092323, 409354, 160272, 592259, 127511, 38.5, 46.2, 0.89
A, 803108, 391055, 847410, 1095762, 410020, 160989, 592950, 127917, 38.5, 46.2, 0.94
A, 805453, 392406, 851715, 1099034, 410698, 161773, 593523, 128217, 38.5, 46.2, 0.95
A, 806741, 393588, 854821, 1101046, 410931, 162348, 593806, 128513, 38.5, 46.2, 0.99
A, 807422, 394529, 856947, 1102112, 411165, 162778, 593853, 128604, 38.4, 46.2, 0.98
A, 807810, 395250, 859068, 1103070, 411216, 163178, 593934, 128744, 38.4, 46.2, 0.99
A, 807669, 395953, 860599, 1103290, 411183, 163569, 593758, 128796, 38.4, 46.2, 1.00
A, 807443, 396589, 861654, 1103217, 410996, 163753, 593512, 128913, 38.4, 46.2, 0.99
A, 807275, 397228, 863173, 1102742, 410936, 164085, 593287, 128841, 38.4, 46.3, 0.99
A, 806315, 397561, 863751, 1102105, 410618, 164211, 592888, 128825, 38.4, 46.3, 1.00
A, 804994, 397954, 864042, 1100796, 410252, 164321, 592401, 128790, 38.4, 46.3, 1.00
A, 804321, 398077, 864362, 1100031, 409886, 164473, 592026, 128845, 38.4, 46.3, 1.00
A, 802793, 398395, 864536, 1098357, 409360, 164490, 591459, 128740, 38.4, 46.3, 1.01
A, 801859, 398420, 864665, 1097219, 409022, 164522, 590991, 128653, 38.4, 46.3, 1.00
A, 801120, 398534, 865330, 1096498, 408742, 164706, 590649, 128599, 38.4, 46.3, 0.99
A, 800058, 398552, 865392, 1095154, 408302, 164666, 590114, 128608, 38.4, 46.3, 1.00
A, 800626, 398755, 867695, 1096269, 408242, 165029, 590059, 128859, 38.4, 46.3, 1.00
A, 799616, 398996, 867992, 1095091, 407981, 165033, 589684, 128811, 38.4, 46.3, 0.99
A, 798332, 399022, 867693, 1093017, 407504, 164967, 589118, 128657, 38.4, 46.3, 0.99
A, 796785, 398883, 867226, 1091292, 406956, 164982, 588492, 128613, 38.4, 46.3, 1.00
A, 795649, 398736, 867222, 1090123, 406518, 164938, 588065, 128561, 38.4, 46.3, 1.00
A, 794285, 398553, 866730, 1088265, 406065, 164898, 587422, 128368, 38.4, 46.3, 1.00
A, 793260, 398378, 866706, 1087186, 405636, 164979, 587049, 128432, 38.4, 46.3, 1.01
A, 792455, 398260, 867038, 1086155, 405324, 164947, 586600, 128407, 38.4, 46.3, 1.00
A, 791515, 398085, 867113, 1084601, 404866, 164885, 586213, 128298, 38.4, 46.3, 1.00
A, 789985, 397774, 866403, 1082897, 404352, 164742, 585586, 128191, 38.4, 46.3, 1.00
A, 789149, 397540, 866470, 1082097, 404050, 164835, 585267, 128175, 38.4, 46.3, 0.99
A, 788271, 397395, 866484, 1081000, 403733, 164744, 584856, 128191, 38.4, 46.3, 0.99
A, 787845, 397282, 866787, 1080076, 403389, 164746, 584486, 128228, 38.4, 46.3, 0.99
A, 786793, 396936, 866743, 1078753, 403016, 164699, 584141, 128134, 38.3, 46.3, 1.01
A, 785887, 396748, 866620, 1077694, 402637, 164671, 583676, 128075, 38.3, 46.3, 1.01
A, 784874, 396480, 866346, 1076238, 402274, 164681, 583289, 127940, 38.3, 46.3, 1.01
A, 784181, 396196, 866270, 1075550, 401917, 164638, 582923, 127943, 38.3, 46.3, 1.00
A, 783533, 395953, 866386, 1074772, 401675, 164503, 582598, 128018, 38.3, 46.3, 0.99
A, 782875, 395764, 866535, 1073976, 401454, 164610, 582341, 127962, 38.3, 46.3, 1.01
A, 782403, 395568, 866879, 1073032, 401191, 164522, 581944, 127977, 38.3, 46.3, 1.00
A, 783562, 395609, 869116, 1074359, 401237, 164815, 582038, 128200, 38.3, 46.4, 1.00
A, 782664, 395471, 868847, 1073142, 400992, 164747, 581809, 128148, 38.3, 46.4, 0.99
A, 781968, 395249, 868712, 1072209, 400637, 164775, 581456, 128042, 38.3, 46.4, 1.00
A, 781042, 395008, 868325, 1071121, 400398, 164636, 581092, 127998, 38.3, 46.4, 0.99
A, 780488, 394785, 868526, 1070391, 400167, 164736, 580820, 127997, 38.3, 46.4, 1.00
A, 779706, 394486, 868278, 1068893, 399794, 164595, 580420, 127870, 38.3, 46.4, 1.00
A, 778749, 394232, 867924, 1067912, 399431, 164441, 580096, 127796, 38.3, 46.4, 1.00
A, 777948, 393888, 867600, 1066921, 399186, 164545, 579774, 127767, 38.3, 46.4, 1.00
A, 777504, 393730, 867627, 1066321, 398988, 164417, 579528, 127773, 38.3, 46.4, 1.00
A, 776925, 393433, 867538, 1065335, 398712, 164456, 579234, 127741, 38.3, 46.4, 0.99
A, 776601, 393264, 867947, 1065055, 398563, 164377, 579040, 127758, 38.3, 46.4, 1.01
A, 775950, 393073, 867823, 1064268, 398248, 164339, 578785, 127710, 38.3, 46.4, 1.01
A, 775399, 392782, 867586, 1063245, 398072, 164244, 578535, 127645, 38.3, 46.4, 0.99
A, 774847, 392529, 867464, 1062588, 397765, 164272, 578205, 127620, 38.3, 46.4, 1.00
A, 774202, 392330, 867232, 1061635, 397539, 164158, 577926, 127541, 38.3, 46.4, 1.01
A, 773635, 392086, 867004, 1060557, 397318, 164093, 577651, 127528, 38.3, 46.4, 1.00
A, 772727, 391808, 866717, 1059619, 397099, 164091, 577370, 127454, 38.3, 46.4, 1.00
A, 772339, 391528, 866728, 1059233, 396806, 164010, 577220, 127443, 38.3, 46.4, 0.99
A, 772357, 391458, 866829, 1058863, 396769, 164060, 577017, 127447, 38.3, 46.4, 1.00
A, 772002, 391223, 867051, 1058272, 396567, 163957, 576878, 127442, 38.3, 46.5, 1.00
A, 773560, 391345, 869579, 1060144, 396827, 164315, 577145, 127741, 38.3, 46.5, 0.99
A, 772842, 391265, 869296, 1059370, 396682, 164313, 576935, 127706, 38.3, 46.5, 1.00
A, 772585, 391097, 869380, 1058805, 396436, 164192, 576706, 127596, 38.3, 46.5, 1.01
A, 771896, 390898, 869109, 1057955, 396243, 164114, 576456, 127520, 38.3, 46.5, 1.00
A, 771283, 390643, 868706, 1057100, 396050, 164107, 576232, 127521, 38.3, 46.5, 1.00
A, 770842, 390555, 868655, 1056627, 395811, 164099, 575997, 127594, 38.3, 46.5, 1.00
A, 770491, 390255, 868563, 1055644, 395669, 163976, 575805, 127433, 38.3, 46.5, 1.00
A, 769678, 390074, 868009, 1054791, 395443, 163918, 575502, 127387, 38.3, 46.5, 1.00
A, 769394, 389896, 868173, 1054476, 395284, 163939, 575423, 127398, 38.3, 46.5, 0.99
A, 768953, 389716, 867878, 1053790, 395078, 163880, 575127, 127318, 38.3, 46.5, 1.00
A, 768766, 389571, 868119, 1053540, 394996, 163814, 575028, 127344, 38.3, 46.5, 0.99
A, 768357, 389359, 868137, 1053025, 394865, 163820, 574863, 127282, 38.3, 46.5, 0.99
A, 768352, 389314, 868580, 1052622, 394765, 163800, 574779, 127316, 38.3, 46.5, 1.01
A, 767824, 389106, 868187, 1051932, 394556, 163736, 574534, 127274, 38.3, 46.6, 1.00
A, 767379, 388947, 868052, 1051618, 394341, 163721, 574360, 127273, 38.3, 46.6, 1.01
A, 766792, 388742, 867505, 1050555, 394171, 163625, 574118, 127246, 38.3, 46.6, 1.01
A, 766548, 388519, 867492, 1050115, 394024, 163617, 573888, 127164, 38.3, 46.6, 0.99
A, 765906, 388416, 867239, 1049469, 393842, 163491, 573732, 127139, 38.3, 46.6, 1.01
A, 765585, 388174, 867243, 1049148, 393726, 163463, 573595, 127090, 38.3, 46.6, 1.00
A, 765604, 388073, 867489, 1049056, 393633, 163525, 573455, 127121, 38.3, 46.6, 0.99
A, 767301, 388239, 869977, 1050983, 393873, 163789, 573736, 127441, 38.3, 46.6, 1.01
A, 766822, 388237, 869621, 1050319, 393848, 163713, 573731, 127416, 38.3, 46.6, 1.01
A, 766628, 388101, 869822, 1050197, 393747, 163753, 573559, 127455, 38.3, 46.6, 1.01
A, 766201, 387997, 868885, 1048753, 393539, 163491, 573244, 127243, 38.3, 46.6, 1.01
A, 765008, 387771, 868415, 1047925, 393270, 163497, 573018, 127092, 38.3, 46.6, 1.00
A, 764650, 387588, 868212, 1047428, 393087, 163487, 572854, 127150, 38.3, 46.6, 1.00
A, 764662, 387444, 868506, 1047143, 393002, 163463, 572733, 127145, 38.3, 46.6, 1.01
A, 764081, 387277, 868048, 1046373, 392799, 163291, 572489, 127087, 38.3, 46.6, 1.00
A, 763598, 387099, 867722, 1045811, 392629, 163272, 572358, 127032, 38.3, 46.6, 0.99
A, 763260, 386996, 867557, 1045245, 392537, 163234, 572170, 126924, 38.3, 46.6, 1.00
A, 763010, 386801, 867719, 1045169, 392444, 163124, 572075, 126911, 38.3, 46.6, 1.00
A, 763009, 386700, 867832, 1045108, 392357, 163245, 572034, 127049, 38.3, 46.6, 1.00
A, 762720, 386616, 867725, 1044775, 392260, 163183, 571929, 126973, 38.3, 46.6, 1.01
A, 762926, 386524, 868237, 1044624, 392273, 163152, 571930, 126939, 38.3, 46.6, 1.01
A, 762395, 386370, 867800, 1043872, 392134, 163051, 571694, 126916, 38.3, 46.6, 1.00
A, 762188, 386319, 867803, 1043736, 391933, 163064, 571571, 126982, 38.3, 46.6, 0.99
A, 761979, 386241, 867313, 1042535, 391877, 162956, 571371, 126825, 38.3, 46.6, 0.99
A, 761291, 386010, 867127, 1042607, 391620, 162939, 571255, 126873, 38.3, 46.6, 1.00
A, 761068, 385957, 866931, 1041967, 391604, 162916, 571199, 126830, 38.3, 46.6, 1.01
A, 760969, 385745, 867249, 1041748, 391569, 162926, 571085, 126821, 38.3, 46.6, 1.00
A, 762741, 385923, 869829, 1044258, 391837, 163227, 571422, 127151, 38.3, 46.6, 1.00
A, 762374, 385959, 869547, 1043697, 391825, 163159, 571380, 127035, 38.3, 46.6, 1.00
A, 762106, 385904, 869178, 1043194, 391676, 163110, 571131, 127048, 38.3, 46.6, 1.00
A, 762010, 385901, 869377, 1042986, 391614, 163179, 571170, 127070, 38.3, 46.6, 1.00
A, 761639, 385738, 869171, 1042523, 391492, 163000, 571002, 126960, 38.3, 46.6, 1.01
A, 761136, 385612, 868885, 1041990, 391367, 162962, 570842, 126918, 38.3, 46.7, 1.00
A, 760956, 385527, 868716, 1041561, 391133, 162933, 570666, 126873, 38.3, 46.7, 1.00
A, 760901, 385406, 868960, 1041646, 391228, 162910, 570656, 126910, 38.3, 46.7, 1.00
A, 760457, 385313, 868673, 1041223, 391084, 162954, 570560, 126920, 38.3, 46.7, 1.01
A, 760582, 385345, 869111, 1041279, 391050, 162949, 570515, 126895, 38.3, 46.7, 1.00
A, 760400, 385267, 869045, 1040774, 390934, 162858, 570365, 126838, 38.3, 46.7, 0.99
A, 759990, 385057, 868806, 1040311, 390868, 162752, 570226, 126805, 38.3, 46.7, 1.00
A, 760004, 385075, 868893, 1040246, 390722, 162783, 570159, 126798, 38.3, 46.7, 1.01
A, 759759, 384907, 868742, 1039958, 390648, 162686, 570099, 126787, 38.3, 46.7, 1.01
A, 759809, 384970, 869100, 1040082, 390608, 162732, 570045, 126866, 38.3, 46.7, 1.00
A, 759675, 384857, 869030, 1039665, 390650, 162711, 569913, 126851, 38.3, 46.7, 1.00
A, 759272, 384789, 868892, 1039154, 390482, 162666, 569817, 126689, 38.3, 46.7, 1.00
A, 758774, 384698, 868512, 1038611, 390396, 162613, 569728, 126690, 38.3, 46.7, 0.99
A, 758596, 384542, 868344, 1038512, 390244, 162646, 569592, 126709, 38.3, 46.7, 1.01
A, 758271, 384457, 868179, 1037861, 390172, 162491, 569479, 126642, 38.3, 46.7, 1.01
A, 759538, 384581, 869837, 1039171, 390327, 162664, 569589, 126788, 38.3, 46.7, 1.00
A, 759230, 384569, 869950, 1039288, 390317, 162682, 569656, 126813, 38.3, 46.7, 1.01
A, 759026, 384499, 869755, 1038814, 390221, 162599, 569551, 126822, 38.3, 46.7, 1.00
A, 758687, 384417, 869598, 1038320, 390100, 162562, 569383, 126732, 38.3, 46.7, 0.99
A, 758840, 384384, 869818, 1038468, 390162, 162625, 569400, 126757, 38.3, 46.7, 0.99
A, 758504, 384360, 869322, 1037717, 390057, 162535, 569226, 126704, 38.3, 46.7, 1.00
A, 758135, 384187, 869070, 1037161, 389912, 162423, 569140, 126641, 38.3, 46.7, 1.00
A, 757670, 384078, 868944, 1037087, 389825, 162408, 569014, 126688, 38.3, 46.7, 1.00
A, 757747, 384043, 869199, 1037122, 389716, 162425, 569013, 126626, 38.3, 46.8, 0.99
A, 757606, 383988, 868967, 1036767, 389692, 162352, 568888, 126661, 38.3, 46.8, 1.01
A, 757708, 383994, 869350, 1036712, 389722, 162342, 568860, 126614, 38.3, 46.8, 1.00
A, 757194, 383939, 868818, 1036320, 389552, 162330, 568795, 126522, 38.3, 46.8, 1.00
A, 756900, 383779, 868698, 1035840, 389495, 162285, 568706, 126572, 38.3, 46.8, 0.99
A, 757136, 383788, 869069, 1036122, 389518, 162248, 568684, 126607, 38.3, 46.8, 0.99
A, 756881, 383745, 869026, 1035981, 389440, 162259, 568567, 126610, 38.3, 46.8, 1.01
A, 756850, 383649, 869085, 1035949, 389461, 162296, 568561, 126674, 38.3, 46.8, 1.01
A, 756710, 383598, 868854, 1035338, 389306, 162192, 568503, 126554, 38.3, 46.8, 1.01
A, 756356, 383480, 868804, 1035135, 389206, 162110, 568318, 126501, 38.3, 46.8, 1.00
A, 756015, 383463, 868567, 1034789, 389205, 162095, 568352, 126479, 38.3, 46.8, 0.99
A, 756102, 383316, 868526, 1034760, 389047, 162076, 568237, 126501, 38.3, 46.8, 1.01
A, 757950, 383622, 871321, 1037253, 389469, 162445, 568592, 126855, 38.3, 46.8, 1.00
A, 757815, 383773, 871270, 1036895, 389487, 162382, 568627, 126798, 38.3, 46.8, 1.00
A, 757573, 383751, 870920, 1036253, 389423, 162350, 568553, 126718, 38.3, 46.8, 1.00
A, 757058, 383562, 870464, 1035630, 389251, 162273, 568372, 126617, 38.2, 46.8, 1.01
A, 756651, 383534, 870220, 1035452, 389130, 162217, 568197, 126648, 38.2, 46.8, 1.00
A, 756651, 383415, 870236, 1035316, 389049, 162175, 568251, 126564, 38.3, 46.8, 0.99
A, 756400, 383429, 870025, 1035084, 389043, 162185, 568132, 126618, 38.3, 46.8, 1.01
A, 756534, 383388, 870403, 1035097, 389026, 162141, 568121, 126618, 38.3, 46.8, 1.00
A, 756331, 383337, 870240, 1034841, 389002, 162180, 568026, 126622, 38.3, 46.8, 1.00
A, 755906, 383301, 870100, 1034501, 388887, 162076, 567971, 126541, 38.3, 46.8, 1.01
A, 755735, 383163, 869974, 1034283, 388763, 162068, 567826, 126469, 38.3, 46.8, 1.01
A, 755577, 383139, 869767, 1034133, 388736, 161997, 567760, 126473, 38.3, 46.8, 1.00
A, 755526, 383132, 869884, 1034083, 388689, 162002, 567787, 126511, 38.3, 46.8, 0.99
A, 755368, 383122, 869911, 1033928, 388607, 162007, 567720, 126527, 38.2, 46.8, 1.01
A, 755691, 383132, 870446, 1034095, 388727, 161957, 567747, 126470, 38.2, 46.8, 1.00
A, 755314, 383006, 870093, 1033749, 388597, 161913, 567585, 126438, 38.3, 46.8, 1.00
A, 755124, 382881, 869885, 1033433, 388484, 161935, 567518, 126429, 38.3, 46.8, 1.00
A, 754966, 382937, 869826, 1033206, 388527, 161837, 567473, 126450, 38.2, 46.8, 1.01
A, 754773, 382863, 869513, 1032860, 388400, 161788, 567314, 126380, 38.2, 46.8, 1.01
A, 754311, 382779, 869122, 1032277, 388358, 161732, 567280, 126320, 38.2, 46.8, 1.01
A, 755533, 382813, 871123, 1034015, 388466, 161980, 567469, 126536, 38.2, 46.8, 1.00
A, 755629, 382900, 871390, 1034066, 388548, 162008, 567526, 126567, 38.2, 46.8, 1.01
A, 755364, 382934, 871096, 1033789, 388437, 161999, 567404, 126553, 38.2, 46.8, 1.01
A, 755166, 382872, 870869, 1033402, 388387, 161870, 567374, 126530, 38.2, 46.8, 1.01
A, 755293, 382940, 870997, 1033261, 388350, 161849, 567283, 126448, 38.2, 46.8, 0.99
A, 754775, 382827, 870765, 1033098, 388290, 161901, 567158, 126505, 38.2, 46.8, 1.00
A, 754616, 382716, 870802, 1032902, 388250, 161847, 567132, 126464, 38.2, 46.8, 1.01
A, 754359, 382670, 870492, 1032511, 388151, 161783, 567083, 126349, 38.2, 46.8, 1.00
A, 754379, 382665, 870698, 1032535, 388154, 161716, 567061, 126440, 38.2, 46.8, 1.00
A, 754333, 382579, 870524, 1032029, 388116, 161691, 566994, 126384, 38.2, 46.8, 1.00
A, 753939, 382478, 870305, 1031575, 388005, 161633, 566853, 126342, 38.2, 46.8, 1.00
A, 753809, 382404, 870405, 1032038, 387945, 161642, 566846, 126327, 38.2, 46.8, 1.00
A, 753623, 382358, 870178, 1031640, 387933, 161635, 566750, 126308, 38.2, 46.8, 1.00
A, 753754, 382365, 870319, 1031624, 387899, 161643, 566744, 126376, 38.2, 46.8, 1.00
A, 753631, 382312, 870514, 1031457, 387860, 161629, 566772, 126333, 38.2, 46.8, 1.01
A, 753759, 382307, 870800, 1031671, 387924, 161603, 566724, 126418, 38.2, 46.8, 1.00
A, 753304, 382219, 870402, 1031181, 387805, 161517, 566642, 126331, 38.2, 46.8, 1.00
A, 753374, 382206, 870675, 1031463, 387768, 161478, 566554, 126313, 38.2, 46.8, 1.01
A, 752901, 382086, 870158, 1030714, 387762, 161466, 566549, 126297, 38.2, 46.8, 1.01
A, 752801, 382071, 870047, 1030699, 387621, 161518, 566462, 126292, 38.2, 46.8, 1.00
A, 754931, 382431, 873014, 1033237, 388168, 161792, 566962, 126627, 38.2, 46.8, 0.99
A, 754511, 382480, 872646, 1032648, 388042, 161697, 566863, 126453, 38.2, 46.8, 1.00
A, 754223, 382469, 872395, 1032496, 388013, 161716, 566821, 126488, 38.2, 46.8, 1.01
A, 753987, 382401, 872152, 1032058, 387910, 161640, 566676, 126442, 38.2, 46.9, 1.00
A, 753741, 382347, 871941, 1031775, 387801, 161655, 566542, 126409, 38.2, 46.9, 1.00
A, 753719, 382376, 872126, 1031871, 387844, 161654, 566655, 126402, 38.2, 46.9, 1.00
A, 753700, 382327, 871941, 1031415, 387783, 161579, 566531, 126340, 38.2, 46.9, 1.00
A, 753090, 382236, 871547, 1030935, 387683, 161507, 566352, 126319, 38.2, 46.9, 1.01
A, 752790, 382116, 871231, 1030789, 387556, 161461, 566366, 126265, 38.2, 46.9, 1.01
A, 752740, 382137, 871164, 1030665, 387557, 161367, 566271, 126182, 38.2, 46.9, 0.99
A, 752235, 381947, 870549, 1029902, 387314, 161374, 566117, 126165, 38.2, 46.9, 1.00
A, 751892, 381884, 870251, 1029411, 387333, 161264, 566004, 126202, 38.2, 46.9, 1.00
A, 751601, 381748, 870186, 1029414, 387258, 161142, 565990, 126179, 38.2, 46.9, 0.99
A, 751803, 381778, 870453, 1029362, 387269, 161184, 566028, 126091, 38.2, 46.9, 1.00
A, 751478, 381650, 870112, 1029110, 387204, 161172, 565890, 126116, 38.2, 46.9, 1.00
A, 751649, 381645, 870431, 1029353, 387165, 161256, 565978, 126179, 38.2, 46.9, 0.99
A, 751649, 381589, 870292, 1028978, 387219, 161147, 565911, 126115, 38.2, 46.9, 1.00
A, 751486, 381592, 870341, 1028865, 387110, 161167, 565824, 126087, 38.2, 46.9, 0.99
A, 751346, 381550, 870253, 1028950, 387035, 161059, 565790, 126176, 38.2, 46.9, 1.00
A, 750864, 381484, 869751, 1028337, 386998, 160950, 565683, 126119, 38.2, 46.9, 1.01
A, 752221, 381509, 871638, 1030045, 387174, 161341, 565942, 126409, 38.2, 46.9, 1.01
A, 752058, 381762, 871521, 1029739, 387308, 161193, 566027, 126236, 38.2, 46.9, 0.99
A, 751848, 381640, 871310, 1029406, 387126, 161128, 565852, 126260, 38.2, 46.9, 1.00
A, 751904, 381551, 871512, 1029390, 387208, 161192, 565893, 126225, 38.2, 46.9, 1.00
A, 751801, 381599, 871418, 1029449, 387195, 161192, 565875, 126221, 38.2, 46.9, 1.00
A, 751423, 381484, 871320, 1029205, 387127, 161144, 565771, 126200, 38.2, 46.9, 0.99
A, 751730, 381530, 871648, 1029534, 387149, 161229, 565814, 126248, 38.2, 46.9, 1.00
A, 751633, 381470, 871618, 1029271, 387107, 161088, 565769, 126164, 38.2, 46.9, 1.00
A, 751169, 381463, 871285, 1028719, 386928, 161104, 565641, 126142, 38.2, 46.9, 1.01
A, 750974, 381455, 871120, 1028650, 386900, 161006, 565564, 126095, 38.2, 46.9, 1.01
A, 750923, 381306, 870939, 1028495, 386946, 160986, 565514, 126103, 38.2, 46.9, 1.00
A, 750844, 381297, 871049, 1028497, 386936, 160975, 565564, 126183, 38.2, 46.9, 1.01
A, 751105, 381422, 871578, 1028909, 386977, 161018, 565645, 126190, 38.2, 46.9, 1.01
A, 751223, 381332, 871677, 1028622, 386945, 160990, 565591, 126181, 38.2, 46.9, 0.99
A, 751046, 381275, 871567, 1028490, 386942, 160971, 565590, 126149, 38.2, 46.9, 1.00
A, 750972, 381346, 871654, 1028725, 386877, 160979, 565547, 126158, 38.2, 46.9, 1.00
A, 750784, 381249, 871465, 1028486, 386907, 161009, 565504, 126141, 38.2, 46.9, 1.00
A, 751010, 381381, 871879, 1028542, 386976, 161000, 565614, 126186, 38.2, 46.9, 0.99
A, 751027, 381354, 871862, 1028446, 386947, 160966, 565516, 126177, 38.2, 46.9, 0.99
A, 750602, 381296, 871602, 1028303, 386769, 160910, 565513, 126134, 38.2, 46.9, 1.01
A, 752467, 381520, 874243, 1030434, 387270, 161278, 565928, 126402, 38.2, 46.9, 1.01
A, 752164, 381706, 873936, 1030273, 387123, 161168, 565857, 126348, 38.2, 46.9, 1.00
A, 751494, 381584, 873100, 1029250, 387100, 161010, 565657, 126248, 38.2, 46.9, 0.99
A, 751139, 381476, 872630, 1028636, 386880, 160937, 565564, 126191, 38.2, 46.9, 0.99
A, 750902, 381423, 872782, 1028941, 386847, 160972, 565438, 126200, 38.2, 46.9, 1.01
A, 750658, 381352, 872536, 1028552, 386847, 160944, 565430, 126126, 38.2, 46.9, 1.00
A, 750400, 381391, 872292, 1028203, 386713, 160888, 565384, 126164, 38.2, 46.9, 1.00
A, 750655, 381391, 872599, 1028371, 386802, 160941, 565390, 126194, 38.2, 46.9, 1.01
A, 750500, 381256, 872526, 1028123, 386780, 160850, 565328, 126111, 38.2, 46.9, 1.01
A, 749919, 381176, 871862, 1027514, 386605, 160783, 565261, 126106, 38.2, 46.9, 1.00
A, 749681, 381035, 871786, 1027232, 386521, 160747, 565146, 126011, 38.2, 46.9, 0.99
A, 749943, 381143, 872170, 1027556, 386573, 160743, 565216, 126121, 38.2, 46.9, 0.99
A, 749737, 381071, 871914, 1027530, 386582, 160792, 565140, 126060, 38.2, 46.9, 1.00
A, 749963, 381070, 872372, 1027886, 386648, 160766, 565231, 126182, 38.2, 46.9, 0.99
A, 750066, 381063, 872566, 1027701, 386627, 160754, 565239, 126094, 38.2, 46.9, 0.99
A, 749766, 381182, 872399, 1027430, 386581, 160791, 565189, 126086, 38.2, 46.9, 1.01
A, 749810, 381091, 872480, 1027654, 386544, 160769, 565167, 126141, 38.2, 46.9, 1.00
A, 749725, 381024, 872411, 1027384, 386545, 160764, 565124, 126090, 38.2, 46.9, 0.99
A, 749938, 381094, 872819, 1027729, 386569, 160791, 565137, 126153, 38.2, 46.9, 1.00
A, 749718, 381025, 872597, 1027486, 386568, 160747, 565152, 126078, 38.2, 46.9, 1.01
A, 751232, 381220, 874774, 1029218, 386802, 160943, 565437, 126345, 38.2, 46.9, 0.99
A, 750606, 381386, 874086, 1028587, 386836, 160882, 565399, 126191, 38.2, 46.9, 1.00
A, 750338, 381273, 873850, 1028367, 386684, 160861, 565267, 126224, 38.2, 46.9, 0.99
A, 749793, 381195, 873234, 1027596, 386611, 160692, 565117, 126031, 38.2, 46.9, 0.99
A, 749599, 381069, 872902, 1027126, 386514, 160683, 565007, 126077, 38.2, 46.9, 1.00
A, 749452, 381058, 872909, 1027378, 386408, 160707, 565000, 126074, 38.2, 46.9, 1.00
A, 749275, 380961, 872867, 1027086, 386434, 160632, 564983, 126105, 38.2, 46.9, 1.00
A, 749147, 380983, 872669, 1026832, 386330, 160602, 564907, 126075, 38.2, 46.9, 1.00
A, 749285, 380973, 873089, 1027138, 386411, 160658, 564947, 126081, 38.2, 46.9, 1.00
A, 749185, 380940, 872875, 1026767, 386389, 160657, 564940, 126019, 38.2, 46.9, 0.99
A, 749067, 380901, 872667, 1026466, 386326, 160495, 564891, 126021, 38.2, 46.9, 1.01
A, 748757, 380778, 872712, 1026593, 386304, 160547, 564822, 126044, 38.2, 46.9, 1.01
A, 748969, 380754, 872995, 1026751, 386302, 160545, 564859, 126074, 38.2, 46.9, 0.99
A, 748710, 380781, 872656, 1026504, 386273, 160550, 564782, 126000, 38.2, 46.9, 1.00
A, 749051, 380843, 873201, 1026801, 386261, 160541, 564887, 126086, 38.2, 46.9, 0.99
A, 748947, 380867, 873068, 1026703, 386317, 160497, 564879, 126000, 38.2, 46.9, 1.01
A, 748707, 380815, 872967, 1026486, 386261, 160442, 564826, 125998, 38.2, 46.9, 1.00
A, 748830, 380794, 873318, 1026682, 386244, 160470, 564797, 126025, 38.2, 46.9, 1.00
A, 748724, 380765, 873191, 1026589, 386237, 160485, 564793, 125990, 38.2, 46.9, 0.99
A, 748772, 380784, 873239, 1026760, 386341, 160489, 564850, 126048, 38.2, 46.9, 0.99
A, 750881, 381249, 875931, 1028885, 386638, 160810, 565288, 126395, 38.2, 46.9, 1.00
A, 750436, 381234, 875658, 1028620, 386707, 160805, 565184, 126282, 38.2, 46.9, 1.01
A, 749754, 381204, 874899, 1027850, 386583, 160612, 565087, 126167, 38.2, 46.9, 0.99
A, 749490, 381078, 874465, 1027535, 386475, 160703, 564904, 126152, 38.2, 46.9, 1.01
A, 749424, 381027, 874724, 1027567, 386374, 160613, 564913, 126170, 38.2, 46.9, 1.01
A, 749192, 380910, 874606, 1027458, 386346, 160631, 564887, 126119, 38.2, 46.9, 1.00
A, 749050, 381008, 874318, 1027018, 386326, 160552, 564847, 126080, 38.2, 46.9, 1.00
A, 748765, 380883, 873973, 1026503, 386236, 160530, 564743, 126046, 38.2, 46.9, 1.01
A, 748472, 380793, 873874, 1026529, 386124, 160450, 564722, 126022, 38.2, 46.9, 1.01
A, 748508, 380862, 874014, 1026603, 386124, 160504, 564639, 126004, 38.2, 46.9, 1.01
A, 748120, 380781, 873591, 1025994, 386148, 160450, 564661, 125994, 38.2, 46.9, 1.00
A, 748317, 380761, 873881, 1026093, 386157, 160400, 564667, 126063, 38.2, 46.9, 1.01
A, 748205, 380742, 873850, 1026147, 386176, 160413, 564623, 125977, 38.2, 46.9, 1.00
A, 747932, 380725, 873767, 1025902, 386033, 160327, 564541, 125973, 38.2, 46.9, 0.99
A, 748152, 380644, 874013, 1026011, 386056, 160385, 564561, 126044, 38.2, 46.9, 1.00
A, 747975, 380583, 874085, 1026063, 386028, 160422, 564569, 125982, 38.2, 46.9, 1.00
A, 747926, 380659, 873890, 1025928, 386030, 160375, 564538, 126030, 38.2, 46.9, 1.00
A, 748150, 380697, 874354, 1026410, 386091, 160387, 564592, 126101, 38.2, 46.9, 1.00
A, 748254, 380683, 874524, 1026223, 386097, 160388, 564602, 126032, 38.2, 46.9, 0.99
A, 747941, 380665, 874339, 1026027, 386081, 160324, 564557, 126002, 38.2, 46.9, 0.99
A, 749360, 380805, 876336, 1027954, 386311, 160634, 564847, 126292, 38.2, 46.9, 0.99
A, 749346, 381016, 876274, 1027529, 386456, 160615, 564917, 126247, 38.2, 46.9, 1.00
A, 748699, 380892, 875562, 1026902, 386238, 160486, 564722, 126141, 38.2, 46.9, 1.00
A, 748105, 380856, 874788, 1026065, 386171, 160383, 564556, 126022, 38.2, 46.9, 1.00
A, 747791, 380647, 874715, 1025884, 385961, 160242, 564368, 125939, 38.2, 46.9, 1.00
A, 747787, 380624, 874795, 1026055, 386053, 160377, 564489, 126069, 38.2, 46.9, 0.99
A, 747692, 380598, 874765, 1025954, 385975, 160402, 564442, 125990, 38.2, 46.9, 1.01
A, 747697, 380546, 874740, 1025565, 385892, 160318, 564398, 125944, 38.2, 46.9, 1.00
A, 747384, 380524, 874497, 1025447, 385905, 160302, 564360, 125971, 38.2, 46.9, 1.00
A, 747658, 380551, 874996, 1025748, 386031, 160283, 564457, 126022, 38.2, 46.9, 0.99
A, 747330, 380497, 874783, 1025648, 385875, 160245, 564325, 126014, 38.2, 46.9, 1.00
A, 747119, 380397, 874561, 1025152, 385826, 160213, 564278, 125959, 38.2, 46.9, 1.00
A, 747208, 380449, 874917, 1025618, 385910, 160190, 564303, 126019, 38.2, 46.9, 1.00
A, 747232, 380404, 874744, 1025229, 385842, 160202, 564298, 125987, 38.2, 46.9, 1.00
A, 747058, 380404, 874428, 1024881, 385798, 160204, 564239, 125940, 38.2, 46.9, 0.99
A, 746999, 380386, 874781, 1025262, 385832, 160141, 564222, 125998, 38.2, 46.9, 0.99
A, 746911, 380380, 874683, 1025005, 385802, 160141, 564259, 125942, 38.2, 46.9, 1.01
A, 746917, 380329, 874756, 1025155, 385777, 160141, 564233, 126036, 38.2, 46.9, 1.01
A, 746988, 380377, 874813, 1025108, 385818, 160177, 564241, 125968, 38.2, 47.0, 0.99
A, 746953, 380327, 874832, 1024929, 385779, 160084, 564214, 125972, 38.2, 47.0, 0.99
A, 748442, 380518, 877063, 1027002, 386095, 160400, 564569, 126175, 38.2, 46.9, 0.99
A, 748449, 380671, 877118, 1026878, 386141, 160370, 564650, 126167, 38.2, 46.9, 1.01
A, 747761, 380646, 876327, 1026155, 386061, 160301, 564546, 126088, 38.2, 46.9, 1.00
A, 747434, 380508, 876024, 1025948, 385918, 160319, 564363, 126091, 38.2, 46.9, 1.01
A, 747167, 380546, 875674, 1025352, 385992, 160196, 564340, 125987, 38.2, 47.0, 0.99
A, 746843, 380388, 875607, 1025200, 385783, 160142, 564207, 125961, 38.2, 47.0, 1.00
A, 746716, 380401, 875400, 1025318, 385778, 160159, 564215, 125996, 38.2, 47.0, 0.99
A, 746605, 380324, 875265, 1025145, 385742, 160133, 564149, 125946, 38.2, 47.0, 1.01
A, 746570, 380333, 875329, 1024828, 385712, 160093, 564142, 125926, 38.2, 47.0, 1.00
A, 746731, 380314, 875598, 1025055, 385761, 160124, 564226, 126030, 38.2, 47.0, 0.99
A, 746616, 380275, 875545, 1024846, 385739, 160023, 564097, 125952, 38.2, 47.0, 0.99
A, 746440, 380250, 875327, 1024647, 385648, 160063, 564126, 125944, 38.2, 47.0, 1.00
A, 746114, 380151, 875212, 1024607, 385619, 160030, 564047, 125875, 38.2, 47.0, 1.01
A, 746249, 380127, 875425, 1024694, 385683, 160031, 564097, 125938, 38.2, 46.9, 1.01
A, 746282, 380138, 875326, 1024628, 385605, 160064, 564077, 125964, 38.2, 46.9, 1.00
A, 746403, 380170, 875756, 1024909, 385701, 160031, 564170, 126031, 38.2, 47.0, 0.99
A, 746495, 380151, 875854, 1025061, 385741, 160054, 564122, 126001, 38.2, 47.0, 1.00
A, 746289, 380217, 875655, 1024829, 385590, 159990, 564086, 125932, 38.2, 47.0, 1.01
A, 746188, 380101, 875655, 1024591, 385666, 159996, 564102, 125939, 38.2, 47.0, 1.00
A, 746212, 380137, 875848, 1024786, 385687, 160017, 564066, 125975, 38.3, 47.0, 1.02
A, 748209, 380446, 878408, 1026885, 386025, 160250, 564479, 126254, 38.3, 47.0, 0.99
A, 747895, 380528, 877883, 1026298, 386043, 160227, 564482, 126146, 38.3, 47.0, 0.99
A, 747591, 380525, 877870, 1026354, 385991, 160233, 564411, 126092, 38.3, 47.0, 0.99
A, 746390, 380401, 876490, 1025036, 385767, 160046, 564162, 126011, 38.3, 46.9, 1.01
A, 746245, 380250, 876250, 1024789, 385633, 160057, 564073, 126021, 38.3, 46.9, 1.00
A, 745715, 380221, 875808, 1024236, 385637, 159875, 564017, 125894, 38.2, 47.0, 1.01
A, 745463, 380077, 875459, 1023807, 385476, 159824, 563846, 125830, 38.2, 47.0, 1.00
A, 745464, 380060, 875556, 1023919, 385423, 159844, 563880, 125846, 38.2, 47.0, 1.01
A, 745455, 379962, 875626, 1023756, 385415, 159884, 563878, 125848, 38.3, 47.0, 0.99
A, 745292, 380010, 875603, 1023887, 385377, 159871, 563832, 125895, 38.3, 47.0, 1.01
A, 745483, 380011, 875945, 1024194, 385526, 159939, 563905, 125891, 38.3, 47.0, 1.00
A, 745351, 379968, 875625, 1023590, 385426, 159841, 563774, 125830, 38.3, 47.0, 1.00
A, 745148, 379897, 875500, 1023474, 385442, 159766, 563782, 125822, 38.3, 47.0, 1.00
A, 744954, 379859, 875337, 1023459, 385359, 159796, 563773, 125836, 38.3, 47.0, 1.00
A, 745020, 379862, 875571, 1023637, 385415, 159778, 563790, 125866, 38.3, 47.0, 1.00
A, 745188, 379858, 875660, 1023468, 385392, 159771, 563796, 125846, 38.3, 47.0, 0.99
A, 745263, 379938, 875891, 1023829, 385457, 159803, 563792, 125921, 38.3, 47.0, 0.99
A, 745371, 379941, 875876, 1023701, 385421, 159810, 563849, 125872, 38.3, 47.0, 1.00
A, 745255, 379824, 875923, 1023586, 385407, 159762, 563876, 125858, 38.3, 46.9, 1.00
A, 745229, 379825, 876101, 1023857, 385506, 159792, 563903, 125850, 38.3, 46.9, 1.01
A, 746772, 380076, 878277, 1025940, 385781, 160075, 564243, 126265, 38.3, 47.0, 1.01
A, 746953, 380336, 878244, 1025832, 385886, 160076, 564321, 126203, 38.3, 47.0, 1.00
A, 746650, 380225, 878065, 1025283, 385823, 160002, 564211, 126106, 38.3, 47.0, 0.99
A, 746146, 380101, 877535, 1024957, 385667, 159870, 564062, 125996, 38.3, 47.0, 1.00
A, 745176, 380087, 876259, 1023612, 385518, 159730, 563907, 125867, 38.3, 46.9, 1.01
A, 744996, 379885, 876273, 1023678, 385423, 159775, 563859, 125863, 38.3, 46.9, 1.00
A, 744597, 379864, 875832, 1023203, 385438, 159694, 563740, 125839, 38.3, 47.0, 0.99
A, 744637, 379783, 875697, 1022878, 385326, 159665, 563619, 125824, 38.3, 47.0, 1.00
A, 744671, 379850, 876176, 1023432, 385350, 159668, 563683, 125921, 38.3, 47.0, 1.00
A, 744622, 379792, 876168, 1023429, 385355, 159696, 563732, 125870, 38.3, 47.0, 1.00
A, 744519, 379791, 876057, 1023365, 385326, 159718, 563732, 125873, 38.3, 47.0, 1.00
A, 744832, 379800, 876471, 1023581, 385393, 159745, 563847, 125938, 38.3, 47.0, 0.99
A, 744862, 379887, 876619, 1023468, 385433, 159681, 563835, 125886, 38.3, 47.0, 1.01
A, 744696, 379758, 876357, 1023214, 385366, 159675, 563773, 125855, 38.3, 47.0, 0.99
A, 744549, 379659, 876407, 1023165, 385396, 159596, 563748, 125824, 38.3, 47.0, 1.00
A, 744783, 379688, 876759, 1023534, 385364, 159669, 563828, 125879, 38.3, 47.0, 1.00
A, 744684, 379716, 876615, 1023486, 385435, 159688, 563793, 125892, 38.3, 47.0, 1.00
A, 744892, 379679, 876869, 1023735, 385453, 159629, 563852, 125854, 38.3, 47.0, 1.00
A, 744917, 379838, 877033, 1023616, 385462, 159635, 563789, 125890, 38.3, 47.0, 1.00
A, 744735, 379681, 876855, 1023432, 385448, 159659, 563780, 125840, 38.3, 47.0, 1.00
M, 742663, 379587, 873315, 1019478, 385152, 159034, 563316, 125186, 38.3, 47.0, 0.10
M, 734092, 377691, 861737, 1009148, 382712, 157567, 560406, 123791, 38.3, 47.0, 0.60
M, 725598, 375360, 850394, 998433, 380292, 156010, 557485, 122405, 38.3, 47.0, 0.73
M, 719255, 373254, 841402, 990291, 378382, 154739, 555400, 121456, 38.3, 47.0, 0.82
M, 714294, 371578, 834271, 983901, 376999, 153709, 554037, 120791, 38.3, 47.0, 0.89
M, 710065, 370204, 827104, 977799, 375909, 152546, 553213, 120097, 38.3, 46.9, 0.93
M, 707820, 369279, 823077, 974782, 375376, 151996, 552746, 119684, 38.3, 46.9, 0.94
M, 705636, 368398, 817405, 970629, 374936, 151044, 552530, 119149, 38.3, 46.8, 0.98
M, 704784, 367775, 814662, 969082, 374732, 150647, 552398, 118990, 38.3, 46.8, 0.98
M, 704555, 367379, 812209, 968230, 374609, 150178, 552420, 118823, 38.3, 46.8, 0.99
M, 704502, 366931, 809866, 967372, 374620, 149801, 552566, 118680, 38.4, 46.8, 0.99
M, 704913, 366571, 808111, 967022, 374621, 149519, 552776, 118575, 38.4, 46.8, 1.00
M, 705689, 366291, 806894, 967516, 374832, 149227, 553018, 118460, 38.4, 46.8, 1.00
M, 706498, 366010, 805485, 967917, 375002, 148946, 553256, 118476, 38.4, 46.8, 1.00
M, 707192, 365742, 804156, 968232, 375176, 148817, 553453, 118413, 38.4, 46.8, 1.00
M, 708006, 365446, 803397, 968888, 375295, 148638, 553694, 118360, 38.4, 46.8, 1.00
M, 709182, 365301, 802992, 970236, 375598, 148609, 554152, 118457, 38.4, 46.7, 0.99
M, 710103, 365103, 802315, 971090, 375805, 148421, 554464, 118429, 38.4, 46.7, 1.00
M, 711514, 364973, 802332, 972432, 376175, 148455, 554828, 118474, 38.4, 46.7, 1.00
M, 712763, 364796, 802176, 973934, 376526, 148383, 555301, 118487, 38.4, 46.7, 1.00
M, 715368, 365011, 803988, 977155, 377120, 148574, 556088, 118749, 38.4, 46.7, 1.00
M, 716385, 365016, 803792, 978022, 377499, 148612, 556550, 118801, 38.4, 46.7, 0.99
M, 717157, 364887, 803528, 979109, 377750, 148507, 556831, 118815, 38.4, 46.7, 1.00
M, 717967, 364840, 803031, 980102, 378127, 148460, 557262, 118835, 38.4, 46.7, 1.00
M, 718690, 364729, 802574, 980972, 378336, 148416, 557626, 118765, 38.4, 46.7, 1.00
M, 719323, 364648, 802549, 981986, 378579, 148417, 557946, 118841, 38.4, 46.7, 1.00
M, 720169, 364625, 802199, 983040, 379023, 148412, 558466, 118815, 38.4, 46.6, 1.00
M, 720630, 364595, 802234, 983908, 379185, 148406, 558675, 118857, 38.4, 46.6, 1.00
M, 721747, 364606, 802111, 985169, 379653, 148428, 559321, 118889, 38.4, 46.6, 1.00
M, 722325, 364649, 802149, 985973, 379870, 148407, 559525, 118927, 38.4, 46.6, 1.00
M, 723240, 364690, 802418, 987180, 380285, 148532, 559982, 118995, 38.4, 46.6, 1.00
M, 723840, 364767, 802255, 988020, 380533, 148489, 560378, 118919, 38.4, 46.6, 1.00
M, 724210, 364730, 802147, 988866, 380841, 148467, 560777, 119045, 38.4, 46.6, 1.00
M, 725395, 364917, 802833, 990392, 381257, 148554, 561241, 119093, 38.4, 46.6, 1.01
M, 726476, 365057, 803216, 991439, 381701, 148621, 561771, 119163, 38.4, 46.6, 1.00
M, 727060, 365159, 803304, 992444, 382029, 148623, 562144, 119147, 38.4, 46.6, 1.01
M, 727665, 365232, 803387, 993580, 382331, 148643, 562475, 119165, 38.4, 46.6, 1.00
M, 728560, 365444, 803983, 994899, 382730, 148684, 562945, 119297, 38.4, 46.6, 1.01
M, 729378, 365612, 804259, 995710, 383019, 148835, 563350, 119363, 38.4, 46.6, 1.01
M, 730328, 365819, 804686, 996978, 383446, 148906, 563802, 119500, 38.4, 46.6, 0.99
M, 732819, 366347, 807454, 1000400, 384191, 149288, 564663, 119765, 38.4, 46.6, 1.00
M, 733305, 366650, 807169, 1000813, 384488, 149299, 565014, 119710, 38.4, 46.6, 1.00
M, 733690, 366843, 807262, 1001662, 384793, 149281, 565322, 119685, 38.4, 46.6, 1.00
M, 733869, 366898, 807148, 1002088, 385016, 149361, 565538, 119686, 38.4, 46.5, 0.99
M, 734401, 367093, 807254, 1002976, 385236, 149374, 565892, 119785, 38.4, 46.5, 1.00
M, 735013, 367355, 807320, 1003429, 385588, 149332, 566223, 119758, 38.5, 46.5, 1.00
M, 735168, 367385, 807192, 1003905, 385733, 149349, 566422, 119745, 38.5, 46.5, 0.99
M, 735434, 367570, 806915, 1004390, 386064, 149397, 566763, 119726, 38.5, 46.5, 1.01
M, 735665, 367690, 807029, 1004820, 386189, 149404, 566872, 119806, 38.5, 46.5, 1.00
M, 736009, 367947, 806792, 1005422, 386413, 149333, 567254, 119702, 38.5, 46.5, 1.00
M, 736231, 367961, 806835, 1005820, 386607, 149381, 567427, 119768, 38.5, 46.5, 1.00
M, 736862, 368210, 807382, 1006856, 386871, 149494, 567742, 119841, 38.5, 46.5, 1.01
M, 737282, 368302, 807427, 1007419, 387073, 149497, 567994, 119846, 38.5, 46.5, 1.00
M, 737579, 368437, 807439, 1008060, 387332, 149555, 568304, 119916, 38.5, 46.5, 1.00
M, 738233, 368650, 808137, 1009096, 387617, 149587, 568585, 119958, 38.5, 46.5, 1.01
M, 738992, 368884, 808289, 1009645, 387890, 149685, 568942, 119921, 38.5, 46.5, 1.00
M, 739174, 369035, 808250, 1010049, 388064, 149720, 569210, 119956, 38.5, 46.5, 1.00
M, 739450, 369145, 808339, 1010669, 388231, 149652, 569356, 119959, 38.5, 46.5, 1.00
M, 740207, 369375, 808892, 1011621, 388565, 149813, 569694, 120076, 38.5, 46.5, 1.00
M, 740485, 369506, 809066, 1012149, 388618, 149804, 569928, 120046, 38.5, 46.5, 1.01
M, 742942, 369919, 812001, 1015387, 389339, 150200, 570670, 120425, 38.5, 46.5, 1.01
M, 743148, 370352, 811807, 1015347, 389642, 150152, 570925, 120300, 38.5, 46.5, 0.99
M, 743117, 370431, 811535, 1015617, 389733, 150170, 571048, 120410, 38.5, 46.4, 1.00
M, 743166, 370529, 811482, 1016057, 389854, 150164, 571162, 120325, 38.5, 46.4, 1.00
M, 743234, 370639, 811387, 1016339, 390010, 150152, 571325, 120359, 38.5, 46.4, 1.00
M, 743457, 370767, 811412, 1016450, 390103, 150162, 571480, 120375, 38.5, 46.4, 1.00
M, 743923, 370931, 811515, 1017041, 390362, 150234, 571782, 120367, 38.5, 46.4, 1.00
M, 743925, 371011, 811487, 1017281, 390401, 150237, 571864, 120385, 38.5, 46.4, 1.00
M, 744037, 371228, 811494, 1017573, 390675, 150160, 572076, 120308, 38.5, 46.4, 1.00
M, 744130, 371244, 811357, 1017909, 390667, 150240, 572098, 120332, 38.5, 46.4, 1.00
M, 743417, 371244, 810441, 1017306, 390610, 150130, 572111, 120310, 38.5, 46.4, 1.01
M, 743475, 371197, 810328, 1017461, 390662, 150128, 572242, 120283, 38.5, 46.4, 1.00
M, 743672, 371280, 810291, 1017603, 390853, 150069, 572367, 120183, 38.5, 46.4, 1.00
M, 744125, 371354, 810583, 1018154, 391074, 150206, 572616, 120342, 38.5, 46.4, 0.99
M, 744484, 371554, 810727, 1018670, 391227, 150194, 572797, 120294, 38.5, 46.4, 1.00
M, 745182, 371712, 811331, 1019634, 391407, 150245, 573091, 120368, 38.5, 46.4, 1.01
M, 745599, 371865, 811768, 1020299, 391580, 150370, 573357, 120489, 38.5, 46.4, 1.00
M, 746371, 372085, 812525, 1021358, 391879, 150420, 573636, 120570, 38.5, 46.4, 1.00
M, 746923, 372303, 813069, 1021872, 392167, 150458, 573895, 120563, 38.5, 46.4, 1.00
M, 747155, 372402, 813184, 1022395, 392285, 150526, 574018, 120571, 38.5, 46.4, 1.00
M, 749062, 372710, 815410, 1024963, 392728, 150826, 574567, 120876, 38.5, 46.4, 1.00
M, 749426, 373105, 815887, 1025588, 392993, 150836, 574819, 120873, 38.5, 46.4, 1.00
M, 749624, 373279, 815664, 1025517, 393142, 150876, 575004, 120833, 38.5, 46.4, 1.00
M, 749190, 373226, 815070, 1025126, 393134, 150824, 574957, 120767, 38.5, 46.4, 1.00
M, 749384, 373425, 815371, 1025768, 393212, 150858, 575126, 120849, 38.5, 46.4, 1.00
M, 749504, 373416, 815305, 1025886, 393284, 150873, 575179, 120784, 38.5, 46.4, 1.00
M, 749865, 373565, 815703, 1026334, 393506, 151005, 575359, 120866, 38.5, 46.4, 1.00
M, 749921, 373714, 815596, 1026536, 393549, 150921, 575561, 120831, 38.5, 46.4, 1.00
M, 750021, 373792, 815709, 1026533, 393670, 150908, 575561, 120758, 38.5, 46.4, 1.00
M, 749775, 373831, 815381, 1026634, 393696, 150961, 575698, 120805, 38.5, 46.4, 1.00
M, 749878, 373843, 815497, 1026916, 393741, 150993, 575738, 120858, 38.5, 46.4, 1.00
M, 749935, 373950, 815374, 1027039, 393837, 150973, 575856, 120855, 38.5, 46.4, 1.01
M, 750452, 374002, 815927, 1027568, 393989, 151037, 576062, 120894, 38.5, 46.4, 1.00
M, 750815, 374212, 816158, 1028083, 394179, 151025, 576242, 120903, 38.5, 46.4, 1.00
M, 751004, 374277, 816279, 1028218, 394319, 151047, 576357, 120943, 38.5, 46.4, 1.00
M, 751137, 374378, 816406, 1028488, 394341, 151068, 576451, 120915, 38.5, 46.4, 1.00
M, 751552, 374484, 816960, 1029279, 394539, 151156, 576585, 120941, 38.5, 46.4, 1.00
M, 751632, 374560, 816996, 1029447, 394632, 151206, 576710, 120988, 38.5, 46.4, 1.00
M, 752189, 374666, 817572, 1030221, 394751, 151248, 576935, 121091, 38.5, 46.3, 1.00
M, 752438, 374818, 817924, 1030521, 394960, 151284, 577056, 121083, 38.5, 46.3, 1.00
M, 754204, 375123, 820084, 1032824, 395338, 151618, 577569, 121280, 38.5, 46.3, 1.01
M, 754199, 375378, 819954, 1032911, 395481, 151555, 577693, 121262, 38.5, 46.3, 1.00
M, 754302, 375424, 819831, 1032846, 395505, 151581, 577764, 121281, 38.5, 46.3, 1.00
M, 753983, 375480, 819677, 1032797, 395566, 151594, 577744, 121255, 38.5, 46.3, 1.00
M, 754224, 375629, 819986, 1033316, 395648, 151636, 577925, 121256, 38.5, 46.3, 0.99
M, 754493, 375679, 820086, 1033194, 395696, 151632, 577999, 121267, 38.5, 46.3, 1.00
M, 754306, 375648, 819924, 1033281, 395778, 151592, 577984, 121268, 38.5, 46.3, 1.00
M, 754168, 375678, 819717, 1033208, 395722, 151614, 577983, 121161, 38.5, 46.3, 1.00
M, 754465, 375853, 819784, 1033393, 395940, 151637, 578176, 121211, 38.5, 46.3, 1.00
M, 754384, 375923, 819776, 1033331, 395902, 151593, 578193, 121201, 38.5, 46.3, 1.00
M, 754087, 375962, 819493, 1033280, 395951, 151586, 578242, 121207, 38.5, 46.3, 1.00
M, 754215, 375869, 819619, 1033474, 395921, 151631, 578249, 121163, 38.5, 46.3, 1.00
M, 754624, 375893, 820182, 1034068, 396096, 151712, 578472, 121278, 38.5, 46.3, 1.01
M, 754808, 376064, 820229, 1034219, 396135, 151727, 578503, 121294, 38.5, 46.3, 1.00
M, 754910, 376110, 820241, 1034320, 396210, 151741, 578625, 121248, 38.5, 46.3, 1.00
M, 754856, 376189, 820231, 1034562, 396277, 151730, 578661, 121336, 38.5, 46.3, 1.00
M, 755583, 376329, 821140, 1035307, 396499, 151796, 578848, 121362, 38.5, 46.3, 1.00
M, 755454, 376307, 820996, 1035305, 396541, 151870, 578963, 121356, 38.5, 46.3, 1.00
M, 755783, 376389, 821324, 1035827, 396592, 151881, 579106, 121457, 38.5, 46.3, 1.00
M, 756003, 376508, 821396, 1035910, 396662, 151909, 579157, 121410, 38.5, 46.3, 1.01
M, 758049, 376867, 824159, 1038475, 397195, 152210, 579709, 121670, 38.5, 46.3, 1.00
M, 757768, 377012, 823615, 1038026, 397238, 152118, 579756, 121652, 38.5, 46.3, 0.99
M, 757867, 377079, 823833, 1038189, 397238, 152155, 579720, 121561, 38.5, 46.3, 1.01
M, 757631, 377113, 823572, 1038149, 397242, 152155, 579718, 121545, 38.5, 46.3, 1.00
M, 757710, 377124, 823674, 1038264, 397274, 152154, 579774, 121598, 38.5, 46.3, 0.99
M, 757584, 377166, 823534, 1038341, 397315, 152186, 579756, 121600, 38.5, 46.3, 1.00
M, 757665, 377154, 823545, 1038088, 397406, 152202, 579823, 121585, 38.5, 46.3, 1.01
M, 757440, 377164, 823274, 1037958, 397389, 152172, 579859, 121526, 38.5, 46.3, 1.00
M, 757523, 377170, 823532, 1038296, 397416, 152230, 579864, 121565, 38.5, 46.3, 1.00
M, 757362, 377282, 823285, 1037828, 397386, 152162, 579957, 121511, 38.5, 46.3, 1.00
M, 757295, 377270, 823316, 1038129, 397401, 152157, 579939, 121556, 38.5, 46.3, 1.00
M, 757366, 377328, 823210, 1037997, 397471, 152163, 580074, 121571, 38.5, 46.3, 1.00
M, 757358, 377193, 823267, 1037861, 397438, 152225, 580029, 121511, 38.5, 46.3, 1.00
M, 757597, 377254, 823737, 1038516, 397534, 152253, 580123, 121580, 38.5, 46.3, 1.00
M, 757576, 377263, 823667, 1038482, 397499, 152247, 580196, 121557, 38.5, 46.3, 0.99
M, 757471, 377260, 823553, 1038536, 397533, 152234, 580216, 121589, 38.5, 46.3, 1.00
M, 758127, 377363, 824228, 1039175, 397676, 152330, 580374, 121652, 38.6, 46.3, 1.00
M, 758387, 377402, 824514, 1039408, 397754, 152319, 580408, 121631, 38.6, 46.3, 1.00
M, 758255, 377396, 824501, 1039372, 397771, 152345, 580525, 121639, 38.5, 46.3, 1.00
M, 758576, 377527, 824933, 1039777, 397912, 152376, 580599, 121662, 38.5, 46.3, 1.00
M, 760491, 377819, 827444, 1042400, 398345, 152616, 581099, 121953, 38.6, 46.3, 1.00
M, 760612, 378000, 827529, 1042451, 398465, 152720, 581207, 121932, 38.6, 46.3, 1.00
M, 760431, 378113, 827442, 1042342, 398451, 152732, 581228, 121881, 38.6, 46.3, 1.00
M, 760482, 378157, 827430, 1042196, 398486, 152699, 581215, 121887, 38.6, 46.3, 1.00
M, 760252, 378114, 827301, 1041967, 398476, 152683, 581221, 121853, 38.6, 46.3, 0.99
M, 759704, 378014, 826697, 1041538, 398349, 152733, 581179, 121869, 38.6, 46.3, 1.00
M, 760071, 378105, 827063, 1041923, 398423, 152737, 581176, 121838, 38.6, 46.3, 1.00
M, 759947, 378115, 827040, 1041809, 398490, 152737, 581245, 121888, 38.6, 46.3, 1.00
M, 760241, 378167, 827266, 1042060, 398529, 152747, 581357, 121849, 38.6, 46.2, 1.00
M, 759823, 378163, 826932, 1041544, 398409, 152660, 581254, 121781, 38.6, 46.2, 1.01
M, 759622, 378099, 826789, 1041430, 398516, 152698, 581298, 121793, 38.6, 46.3, 1.00
M, 759554, 378054, 826625, 1041379, 398431, 152670, 581233, 121774, 38.6, 46.3, 1.00
M, 759454, 378032, 826589, 1041143, 398505, 152679, 581298, 121767, 38.6, 46.3, 1.00
M, 759482, 378072, 826602, 1041107, 398458, 152617, 581274, 121801, 38.6, 46.3, 1.00
M, 759597, 378060, 827017, 1041806, 398501, 152701, 581374, 121822, 38.6, 46.3, 1.00
M, 759780, 378114, 827156, 1041844, 398567, 152718, 581421, 121807, 38.6, 46.2, 1.00
M, 759973, 378030, 827400, 1042038, 398657, 152742, 581518, 121846, 38.6, 46.2, 1.00
M, 760402, 378171, 827905, 1042582, 398777, 152839, 581667, 121921, 38.6, 46.2, 1.01
M, 760641, 378203, 827942, 1042563, 398850, 152813, 581652, 121929, 38.6, 46.2, 1.00
M, 760515, 378231, 827872, 1042328, 398818, 152822, 581713, 121890, 38.6, 46.2, 1.00
M, 762128, 378499, 830248, 1044864, 399174, 153080, 582126, 122195, 38.6, 46.2, 1.00
M, 762261, 378609, 830498, 1045058, 399335, 153204, 582291, 122147, 38.6, 46.2, 1.00
M, 762133, 378684, 830093, 1044634, 399261, 153096, 582173, 122157, 38.6, 46.2, 1.00
M, 762228, 378742, 830299, 1044738, 399377, 153163, 582325, 122148, 38.6, 46.2, 1.00
M, 762119, 378809, 830182, 1044623, 399308, 153132, 582253, 122048, 38.6, 46.2, 1.00
M, 761806, 378729, 829964, 1044397, 399257, 153084, 582229, 122086, 38.6, 46.2, 1.01
M, 762027, 378760, 830269, 1044636, 399299, 153103, 582266, 122044, 38.6, 46.2, 1.00
M, 761788, 378687, 830164, 1044598, 399286, 153049, 582224, 122046, 38.6, 46.2, 1.01
M, 761815, 378754, 830035, 1044559, 399349, 153127, 582273, 122111, 38.6, 46.2, 1.00
M, 762102, 378839, 830304, 1044580, 399393, 153090, 582387, 122068, 38.6, 46.2, 1.00
M, 761960, 378833, 830407, 1044630, 399379, 153141, 582400, 122082, 38.6, 46.2, 1.00
M, 761726, 378894, 830219, 1044454, 399355, 153088, 582330, 122010, 38.6, 46.2, 1.00
M, 761774, 378843, 830224, 1044436, 399340, 153138, 582345, 122036, 38.6, 46.2, 1.00
M, 762136, 378814, 830726, 1044961, 399467, 153205, 582483, 122114, 38.6, 46.2, 1.00
M, 762269, 378799, 830886, 1045140, 399464, 153202, 582510, 122138, 38.6, 46.2, 1.01
M, 762431, 378944, 831116, 1045093, 399547, 153217, 582557, 122064, 38.6, 46.2, 1.00
M, 762428, 378935, 831087, 1044948, 399587, 153162, 582523, 122059, 38.6, 46.2, 1.00
M, 762300, 378905, 831053, 1045199, 399582, 153256, 582526, 122127, 38.6, 46.2, 1.00
M, 762571, 378946, 831560, 1045568, 399649, 153296, 582707, 122146, 38.6, 46.2, 1.00
M, 762531, 378984, 831493, 1045416, 399644, 153328, 582715, 122173, 38.6, 46.2, 0.99
M, 764765, 379336, 834330, 1048242, 400098, 153648, 583235, 122469, 38.6, 46.2, 0.99
M, 764655, 379492, 834206, 1047959, 400230, 153637, 583298, 122434, 38.6, 46.2, 1.00
M, 764174, 379400, 833830, 1047618, 400094, 153561, 583200, 122352, 38.6, 46.2, 1.00
M, 764226, 379449, 833846, 1047483, 400085, 153593, 583206, 122316, 38.6, 46.2, 1.00
M, 764039, 379409, 833722, 1047419, 400024, 153572, 583173, 122324, 38.6, 46.2, 1.00
M, 764019, 379434, 833546, 1047087, 400073, 153573, 583205, 122370, 38.6, 46.2, 1.00
M, 763800, 379445, 833271, 1046707, 400042, 153565, 583125, 122270, 38.6, 46.2, 1.00
M, 763769, 379431, 833556, 1046999, 399988, 153549, 583160, 122326, 38.6, 46.2, 0.99
M, 763532, 379387, 833433, 1046841, 400026, 153564, 583124, 122257, 38.6, 46.2, 1.00
M, 763831, 379392, 833623, 1046966, 400082, 153606, 583145, 122321, 38.6, 46.2, 0.99
M, 763737, 379478, 833586, 1046845, 400069, 153585, 583148, 122283, 38.6, 46.2, 1.00
M, 763564, 379350, 833418, 1046644, 399996, 153511, 583093, 122282, 38.6, 46.2, 1.00
M, 763312, 379359, 833161, 1046345, 400019, 153557, 583133, 122291, 38.6, 46.2, 1.00
M, 763307, 379255, 833364, 1046459, 399964, 153499, 583089, 122276, 38.6, 46.2, 1.00
M, 763610, 379326, 833787, 1047005, 400031, 153691, 583197, 122324, 38.6, 46.2, 1.00
M, 763816, 379394, 834100, 1047156, 400087, 153634, 583320, 122347, 38.6, 46.2, 1.00
M, 764025, 379446, 834268, 1047168, 400081, 153616, 583341, 122317, 38.6, 46.2, 1.00
M, 763956, 379444, 834090, 1047104, 400085, 153572, 583285, 122313, 38.6, 46.2, 1.00
M, 763781, 379415, 833941, 1047155, 400145, 153612, 583331, 122335, 38.6, 46.2, 0.99
M, 763971, 379429, 834452, 1047504, 400124, 153642, 583397, 122363, 38.6, 46.2, 1.00
M, 765779, 379669, 836728, 1049401, 400509, 154020, 583790, 122599, 38.6, 46.2, 1.00
M, 765946, 379886, 837030, 1049827, 400625, 153915, 583947, 122621, 38.6, 46.2, 1.00
M, 765765, 379912, 836797, 1049386, 400629, 153971, 583890, 122548, 38.6, 46.2, 1.00
M, 765561, 379898, 836415, 1048941, 400569, 153912, 583791, 122467, 38.6, 46.2, 1.00
M, 765496, 379829, 836678, 1049298, 400562, 153942, 583778, 122538, 38.6, 46.2, 1.01
M, 765239, 379819, 836452, 1049094, 400557, 153910, 583803, 122454, 38.6, 46.2, 1.00
M, 765165, 379864, 836312, 1048875, 400472, 153880, 583739, 122495, 38.6, 46.2, 1.00
M, 765445, 379799, 836563, 1049059, 400575, 153910, 583850, 122499, 38.6, 46.2, 1.01
M, 765383, 379926, 836770, 1049033, 400582, 153916, 583818, 122464, 38.6, 46.2, 1.00
M, 765117, 379825, 836592, 1048811, 400517, 153876, 583747, 122428, 38.6, 46.2, 1.00
M, 765145, 379772, 836510, 1048630, 400534, 153880, 583776, 122474, 38.6, 46.2, 0.99
M, 765079, 379832, 836449, 1048506, 400559, 153885, 583834, 122424, 38.6, 46.2, 0.99
M, 764576, 379702, 835968, 1048199, 400423, 153869, 583665, 122453, 38.6, 46.2, 1.00
M, 764719, 379764, 836139, 1048200, 400453, 153855, 583755, 122397, 38.6, 46.2, 1.00
M, 764668, 379633, 836185, 1048192, 400405, 153839, 583723, 122350, 38.6, 46.2, 1.00
M, 764821, 379694, 836542, 1048536, 400515, 153936, 583754, 122446, 38.6, 46.2, 1.01
M, 765011, 379703, 836761, 1048688, 400489, 153862, 583793, 122472, 38.6, 46.2, 1.00
M, 765157, 379716, 836937, 1048834, 400552, 153980, 583890, 122482, 38.6, 46.2, 1.01
M, 765576, 379829, 837438, 1049355, 400685, 154028, 584037, 122567, 38.6, 46.2, 1.00
M, 765743, 379851, 837604, 1049310, 400668, 154049, 584059, 122514, 38.6, 46.2, 1.00
M, 767109, 379998, 839394, 1051001, 401003, 154245, 584396, 122727, 38.6, 46.2, 1.00
M, 767175, 380206, 839592, 1051272, 401052, 154182, 584490, 122795, 38.6, 46.2, 1.00
M, 766984, 380197, 839494, 1050961, 401007, 154231, 584371, 122730, 38.6, 46.2, 1.00
M, 767138, 380186, 839609, 1050930, 401063, 154296, 584365, 122664, 38.6, 46.2, 1.00
M, 766786, 380226, 839211, 1050539, 400992, 154215, 584340, 122646, 38.6, 46.2, 1.00
M, 766646, 380179, 839236, 1050587, 400984, 154260, 584356, 122662, 38.6, 46.2, 1.01
M, 766398, 380147, 839210, 1050578, 400905, 154190, 584318, 122687, 38.6, 46.2, 1.00
M, 766699, 380155, 839527, 1050613, 400948, 154241, 584349, 122637, 38.6, 46.2, 1.00
M, 766707, 380244, 839555, 1050654, 400991, 154250, 584399, 122746, 38.6, 46.2, 1.00
M, 766722, 380189, 839493, 1050379, 400952, 154260, 584403, 122689, 38.6, 46.2, 1.00
M, 766511, 380181, 839423, 1050156, 400893, 154171, 584267, 122661, 38.6, 46.2, 1.00
M, 766542, 380089, 839713, 1050577, 400921, 154244, 584339, 122645, 38.6, 46.2, 1.00
M, 766266, 380158, 839279, 1050110, 400957, 154201, 584261, 122596, 38.6, 46.2, 1.01
M, 766212, 380061, 839219, 1050030, 400851, 154213, 584228, 122624, 38.6, 46.2, 1.00
M, 766190, 380223, 839271, 1049957, 400917, 154219, 584314, 122582, 38.6, 46.2, 1.00
M, 766014, 380011, 839113, 1049733, 400818, 154135, 584214, 122575, 38.6, 46.2, 1.01
M, 766371, 380141, 839558, 1050058, 400885, 154207, 584303, 122676, 38.6, 46.2, 1.00
M, 766390, 380042, 839720, 1050115, 400875, 154261, 584363, 122666, 38.6, 46.2, 1.00
M, 766367, 380070, 839824, 1050326, 400948, 154266, 584354, 122668, 38.6, 46.2, 1.00
M, 766774, 380101, 840433, 1050849, 401057, 154359, 584487, 122693, 38.6, 46.2, 1.00
