State, OV, Alc, H2, AC1, NH3, AC2, VOC, LP, Temp, Hud, AirFlow
A, 703573, 338472, 998962, 955236, 326920, 161250, 478725, 134172, 41.1, 43.7, 0.00
A, 692401, 336029, 981031, 941015, 324184, 159078, 475601, 132164, 41.1, 43.7, 0.61
A, 681028, 333226, 962725, 926904, 321556, 156780, 472955, 130098, 41.0, 43.6, 0.74
A, 674082, 331175, 950424, 917710, 319967, 155145, 471652, 128845, 41.0, 43.6, 0.83
A, 667383, 329503, 937759, 908999, 318940, 153394, 471375, 127558, 40.9, 43.5, 0.89
A, 663949, 328609, 930653, 904643, 318637, 152411, 471589, 127011, 40.9, 43.5, 0.94
A, 661189, 327948, 923537, 900722, 318547, 151471, 472100, 126525, 40.9, 43.5, 0.96
A, 659091, 327449, 917219, 897723, 318618, 150500, 472828, 126054, 40.7, 43.4, 0.96
A, 657795, 327144, 911082, 895038, 318823, 149464, 473672, 125622, 40.7, 43.4, 0.99
A, 657211, 326922, 907275, 894082, 319127, 148940, 474391, 125474, 40.6, 43.3, 0.98
A, 657723, 326968, 903809, 894094, 319758, 148427, 475597, 125450, 40.6, 43.3, 1.00
A, 657805, 327042, 900074, 893446, 320200, 147902, 476509, 125291, 40.6, 43.3, 0.99
A, 658479, 327071, 897604, 893942, 320675, 147469, 477419, 125341, 40.6, 43.3, 1.00
A, 660034, 327309, 896117, 895331, 321420, 147174, 478533, 125337, 40.5, 43.2, 1.00
A, 661724, 327647, 894297, 896299, 322134, 146826, 479736, 125322, 40.5, 43.2, 1.00
A, 663149, 328004, 892675, 897567, 322802, 146500, 480851, 125317, 40.4, 43.2, 1.00
A, 664819, 328397, 891914, 899504, 323471, 146403, 481895, 125410, 40.4, 43.2, 0.99
A, 666714, 328829, 890987, 901328, 324283, 146230, 483002, 125515, 40.4, 43.2, 1.00
A, 668502, 329234, 890394, 903037, 324984, 146117, 484165, 125601, 40.4, 43.2, 1.01
A, 670696, 329897, 890316, 905522, 325839, 146129, 485340, 125717, 40.3, 43.1, 1.00
A, 674688, 330831, 892400, 909952, 327053, 146298, 487002, 126139, 40.3, 43.1, 1.01
A, 676424, 331566, 891440, 911343, 327794, 146133, 488065, 126113, 40.3, 43.1, 1.01
A, 678160, 332168, 891194, 913395, 328595, 146077, 489158, 126158, 40.3, 43.1, 1.01
A, 679770, 332787, 889792, 914916, 329400, 145997, 490300, 126166, 40.3, 43.1, 1.00
A, 681056, 333247, 889449, 916451, 329891, 146004, 491113, 126184, 40.3, 43.1, 1.00
A, 683367, 334182, 888819, 918782, 330946, 145917, 492454, 126188, 40.2, 43.1, 1.00
A, 684600, 334623, 888667, 920120, 331392, 145855, 493264, 126214, 40.2, 43.1, 0.99
A, 686526, 335270, 888494, 922155, 332119, 145819, 494252, 126325, 40.2, 43.1, 1.00
A, 688212, 336015, 888251, 924105, 332911, 145854, 495291, 126365, 40.2, 43.1, 0.99
A, 689697, 336619, 888242, 926024, 333569, 145888, 496262, 126456, 40.2, 43.1, 1.01
A, 691554, 337376, 888434, 928213, 334430, 145981, 497308, 126629, 40.2, 43.1, 1.01
A, 693604, 338297, 888402, 930088, 335168, 145911, 498379, 126626, 40.2, 43.1, 1.00
A, 695135, 338972, 888263, 932006, 335826, 145934, 499415, 126682, 40.1, 43.1, 0.99
A, 696353, 339668, 887923, 933757, 336507, 145972, 500244, 126751, 40.1, 43.1, 0.99
A, 697988, 340528, 888135, 935763, 337202, 145985, 501222, 126759, 40.1, 43.1, 1.00
A, 699329, 341121, 887840, 937123, 337769, 145980, 502086, 126838, 40.1, 43.1, 1.01
A, 700913, 341923, 887979, 939024, 338520, 146038, 503013, 126850, 40.1, 43.1, 1.00
A, 702440, 342708, 887877, 940847, 339211, 146015, 503965, 126893, 40.1, 43.1, 1.00
A, 703870, 343472, 887777, 942587, 339909, 146064, 504896, 126938, 40.0, 43.2, 1.00
A, 705266, 344194, 888061, 944431, 340547, 146176, 505742, 127016, 40.0, 43.2, 1.01
A, 708161, 345180, 890522, 948156, 341471, 146490, 506889, 127391, 40.0, 43.2, 1.01
A, 709845, 346144, 890387, 949525, 342255, 146450, 507977, 127323, 40.0, 43.2, 1.00
A, 710519, 346834, 889723, 950731, 342724, 146460, 508629, 127255, 40.0, 43.2, 0.99
A, 711470, 347480, 889588, 952108, 343256, 146477, 509260, 127301, 40.0, 43.2, 1.00
A, 712282, 348211, 888501, 952888, 343779, 146398, 510100, 127296, 40.0, 43.2, 1.01
A, 712887, 348686, 888401, 953929, 344177, 146442, 510664, 127242, 40.0, 43.2, 0.99
A, 714090, 349609, 887979, 955605, 344877, 146399, 511641, 127289, 39.9, 43.2, 1.01
A, 714940, 350037, 887938, 956486, 345222, 146483, 512091, 127287, 39.9, 43.2, 1.01
A, 716067, 350728, 888323, 958359, 345800, 146562, 512885, 127350, 39.9, 43.2, 1.00
A, 717099, 351395, 888339, 959636, 346342, 146617, 513621, 127392, 39.9, 43.2, 0.99
A, 717840, 351949, 888116, 960788, 346791, 146590, 514201, 127416, 39.9, 43.2, 1.00
A, 719010, 352737, 888498, 962376, 347389, 146648, 514952, 127474, 39.9, 43.2, 0.99
A, 720171, 353428, 888561, 963640, 347890, 146644, 515722, 127404, 39.9, 43.2, 1.00
A, 720846, 354000, 888381, 964534, 348394, 146741, 516344, 127454, 39.9, 43.2, 1.00
A, 721604, 354543, 888173, 965785, 348820, 146798, 516937, 127517, 39.9, 43.2, 1.00
A, 722552, 355240, 888446, 967067, 349277, 146781, 517674, 127536, 39.9, 43.3, 1.00
A, 723391, 355752, 888540, 968342, 349748, 146895, 518256, 127580, 39.9, 43.3, 0.99
A, 724667, 356440, 889015, 969829, 350249, 146969, 518963, 127652, 39.8, 43.3, 0.99
A, 725544, 357085, 889121, 971078, 350811, 146959, 519634, 127663, 39.8, 43.3, 1.00
A, 726344, 357675, 889301, 972322, 351244, 146981, 520205, 127717, 39.8, 43.3, 1.00
A, 728517, 358431, 891449, 975545, 351932, 147379, 521110, 128016, 39.8, 43.3, 1.00
A, 729638, 359192, 891971, 976834, 352579, 147382, 521881, 128049, 39.8, 43.3, 0.99
A, 730206, 359690, 891865, 977609, 352815, 147442, 522387, 128004, 39.8, 43.3, 1.00
A, 731007, 360454, 891873, 978728, 353365, 147477, 523013, 128028, 39.8, 43.3, 1.00
A, 731263, 360883, 891586, 979331, 353700, 147465, 523392, 127973, 39.8, 43.3, 1.00
A, 731694, 361554, 891217, 980028, 354167, 147479, 524013, 127907, 39.8, 43.4, 1.00
A, 731995, 361809, 891143, 980891, 354382, 147578, 524337, 127967, 39.8, 43.4, 1.00
A, 732616, 362466, 890741, 981572, 354891, 147584, 525082, 127952, 39.8, 43.4, 1.00
A, 733001, 362800, 890703, 982107, 355166, 147601, 525372, 127869, 39.8, 43.4, 0.99
A, 733599, 363257, 891002, 983363, 355525, 147685, 525904, 127985, 39.8, 43.4, 1.00
A, 734088, 363688, 890991, 984101, 355876, 147669, 526393, 127968, 39.7, 43.4, 0.99
A, 734522, 364124, 890840, 984804, 356159, 147673, 526797, 127993, 39.7, 43.4, 1.01
A, 735006, 364593, 890995, 985604, 356549, 147763, 527307, 128003, 39.7, 43.4, 0.99
A, 735556, 365040, 890790, 986396, 356860, 147765, 527727, 127906, 39.7, 43.4, 0.99
A, 735900, 365462, 890705, 987087, 357212, 147763, 528242, 127972, 39.7, 43.4, 1.01
A, 736570, 365930, 891215, 988276, 357575, 147826, 528754, 127985, 39.7, 43.4, 1.01
A, 737038, 366345, 891238, 989056, 357907, 147938, 529149, 128040, 39.7, 43.5, 1.01
A, 737525, 366727, 891305, 989983, 358247, 147955, 529620, 128053, 39.7, 43.5, 1.01
A, 738045, 367110, 891456, 990781, 358582, 148022, 530120, 128119, 39.7, 43.5, 1.00
A, 738577, 367628, 891536, 991403, 358986, 148011, 530540, 128008, 39.7, 43.5, 1.01
A, 740558, 368164, 893604, 994024, 359479, 148281, 531262, 128305, 39.7, 43.5, 0.99
A, 740905, 368681, 893694, 994790, 359892, 148379, 531714, 128289, 39.7, 43.5, 1.00
A, 741135, 369039, 893505, 995143, 360105, 148307, 532074, 128212, 39.7, 43.6, 1.00
A, 741476, 369406, 893583, 995943, 360372, 148440, 532467, 128306, 39.7, 43.6, 0.99
A, 741554, 369796, 893041, 996212, 360686, 148409, 532865, 128223, 39.7, 43.6, 1.01
A, 741680, 370093, 892834, 996528, 360858, 148396, 533167, 128098, 39.7, 43.6, 1.00
A, 741484, 370395, 892194, 996766, 361136, 148353, 533507, 128138, 39.6, 43.6, 1.01
A, 741668, 370602, 891934, 997160, 361260, 148416, 533722, 128109, 39.6, 43.6, 1.01
A, 742277, 370940, 892421, 997873, 361559, 148420, 534157, 128214, 39.6, 43.6, 1.00
A, 742497, 371216, 892351, 998403, 361832, 148457, 534451, 128192, 39.6, 43.6, 0.99
A, 742835, 371544, 892316, 999157, 362191, 148506, 534913, 128152, 39.6, 43.6, 0.99
A, 742990, 371886, 892212, 999579, 362320, 148507, 535227, 128113, 39.6, 43.6, 1.01
A, 743246, 372065, 892176, 1000067, 362553, 148562, 535526, 128119, 39.6, 43.6, 1.01
A, 743787, 372366, 892573, 1000907, 362847, 148623, 535886, 128141, 39.6, 43.7, 0.99
A, 743942, 372694, 892227, 1001338, 363078, 148618, 536213, 128184, 39.6, 43.7, 1.01
A, 744377, 372956, 892640, 1002188, 363356, 148682, 536590, 128208, 39.6, 43.7, 1.00
A, 744915, 373331, 892874, 1002787, 363717, 148749, 536972, 128213, 39.6, 43.7, 1.01
A, 744941, 373521, 892595, 1003128, 363848, 148743, 537267, 128163, 39.6, 43.7, 1.01
A, 745444, 373837, 892742, 1003755, 364100, 148793, 537629, 128249, 39.6, 43.7, 0.99
A, 745595, 374034, 892787, 1004196, 364323, 148758, 537894, 128206, 39.6, 43.7, 1.00
A, 747295, 374446, 895014, 1006850, 364871, 149142, 538522, 128502, 39.6, 43.7, 1.00
A, 747794, 374974, 895243, 1007326, 365195, 149148, 538949, 128501, 39.5, 43.7, 0.99
A, 747927, 375255, 895113, 1007563, 365362, 149159, 539249, 128424, 39.5, 43.7, 0.99
A, 747660, 375453, 894529, 1007662, 365490, 149187, 539437, 128390, 39.5, 43.7, 1.01
A, 747724, 375597, 894341, 1008087, 365744, 149229, 539687, 128337, 39.5, 43.7, 1.00
A, 747789, 375916, 893869, 1007806, 365903, 149170, 539973, 128305, 39.5, 43.8, 0.99
A, 747572, 375945, 893528, 1007921, 365964, 149200, 540151, 128204, 39.5, 43.8, 0.99
A, 747441, 376240, 893066, 1008235, 366200, 149153, 540416, 128171, 39.5, 43.8, 0.99
A, 747526, 376297, 892983, 1008377, 366245, 149143, 540545, 128218, 39.5, 43.8, 1.00
A, 748008, 376526, 893381, 1009189, 366528, 149203, 540835, 128234, 39.5, 43.8, 1.01
A, 748165, 376691, 893407, 1009632, 366743, 149278, 541154, 128251, 39.5, 43.8, 1.01
A, 748422, 376922, 893090, 1009667, 366970, 149256, 541439, 128267, 39.5, 43.8, 0.99
A, 748101, 376937, 892791, 1010022, 367022, 149253, 541614, 128185, 39.5, 43.8, 0.99
A, 748865, 377285, 893410, 1010866, 367356, 149313, 542004, 128228, 39.5, 43.8, 0.99
A, 748932, 377400, 893398, 1011185, 367508, 149329, 542222, 128245, 39.5, 43.8, 1.00
A, 749114, 377591, 893157, 1011507, 367657, 149428, 542389, 128250, 39.5, 43.8, 1.00
A, 749528, 377797, 893678, 1012151, 367900, 149420, 542768, 128299, 39.5, 43.9, 1.01
A, 749676, 377999, 893245, 1012242, 368039, 149421, 542989, 128151, 39.5, 43.9, 1.00
A, 749647, 378136, 893315, 1012762, 368216, 149453, 543235, 128228, 39.5, 43.9, 1.01
A, 749987, 378386, 893675, 1013337, 368438, 149563, 543518, 128203, 39.5, 43.9, 1.00
A, 751895, 378690, 895953, 1015873, 368881, 149776, 544084, 128492, 39.5, 44.0, 1.00
A, 751946, 379092, 895903, 1016148, 369149, 149843, 544378, 128498, 39.5, 44.0, 1.00
A, 751794, 379192, 895552, 1016249, 369275, 149892, 544537, 128446, 39.5, 44.0, 1.01
A, 752137, 379411, 895703, 1016417, 369449, 149871, 544785, 128421, 39.5, 44.0, 1.00
A, 751811, 379478, 895264, 1016325, 369552, 149790, 544962, 128295, 39.4, 44.0, 0.99
A, 751611, 379564, 894822, 1016369, 369586, 149849, 545062, 128257, 39.4, 44.0, 0.99
A, 751670, 379750, 894737, 1016480, 369851, 149811, 545334, 128317, 39.4, 44.0, 0.99
A, 751451, 379730, 894419, 1016582, 369836, 149871, 545340, 128240, 39.4, 44.0, 0.99
A, 751601, 379973, 894165, 1016588, 370169, 149880, 545633, 128171, 39.4, 44.1, 0.99
A, 751501, 379930, 894194, 1016878, 370089, 149792, 545766, 128210, 39.4, 44.1, 1.01
A, 751702, 380092, 894394, 1017451, 370255, 149931, 545973, 128238, 39.4, 44.1, 1.01
A, 751797, 380163, 894416, 1017734, 370471, 149964, 546250, 128276, 39.4, 44.1, 0.99
A, 751785, 380279, 894050, 1017624, 370526, 149965, 546357, 128188, 39.4, 44.1, 1.00
A, 752128, 380381, 894482, 1018250, 370700, 149973, 546607, 128202, 39.4, 44.1, 0.99
A, 752265, 380512, 894496, 1018613, 370846, 149973, 546828, 128203, 39.4, 44.1, 1.00
A, 752235, 380668, 894451, 1018901, 371026, 150028, 547021, 128150, 39.4, 44.1, 1.00
A, 752458, 380781, 894514, 1019279, 371160, 150093, 547216, 128190, 39.4, 44.1, 1.01
A, 752915, 380965, 894935, 1019916, 371375, 150094, 547450, 128203, 39.4, 44.1, 1.01
A, 752744, 381015, 894806, 1020191, 371478, 150189, 547662, 128333, 39.4, 44.1, 1.01
A, 753312, 381209, 895352, 1020716, 371686, 150238, 547921, 128325, 39.4, 44.1, 1.00
A, 755398, 381702, 898196, 1023611, 372320, 150548, 548600, 128570, 39.4, 44.1, 1.01
A, 755231, 381929, 897756, 1023324, 372430, 150522, 548794, 128480, 39.4, 44.2, 1.00
A, 755157, 382026, 897571, 1023383, 372503, 150625, 548923, 128500, 39.4, 44.2, 1.00
A, 754969, 382070, 897385, 1023297, 372589, 150574, 549018, 128448, 39.4, 44.2, 0.99
A, 755073, 382213, 897119, 1023441, 372749, 150617, 549222, 128412, 39.4, 44.2, 0.99
A, 754676, 382195, 896629, 1023133, 372726, 150501, 549282, 128371, 39.4, 44.2, 0.99
A, 754631, 382231, 896712, 1023496, 372858, 150605, 549372, 128319, 39.4, 44.2, 0.99
A, 754159, 382262, 896081, 1022937, 372849, 150566, 549540, 128259, 39.4, 44.2, 0.99
A, 753961, 382296, 895700, 1022951, 372932, 150560, 549474, 128208, 39.4, 44.2, 1.00
A, 753677, 382385, 895309, 1022726, 373077, 150454, 549696, 128091, 39.4, 44.2, 0.99
A, 753624, 382326, 895148, 1022805, 373056, 150441, 549664, 128102, 39.4, 44.2, 1.01
A, 753848, 382380, 895346, 1023190, 373169, 150519, 549871, 128179, 39.4, 44.2, 1.00
A, 754055, 382476, 895465, 1023423, 373296, 150592, 550105, 128211, 39.4, 44.2, 1.00
A, 754018, 382485, 895541, 1023819, 373440, 150620, 550262, 128203, 39.4, 44.2, 1.01
A, 754475, 382720, 896104, 1024429, 373648, 150708, 550509, 128268, 39.4, 44.3, 0.99
A, 754699, 382834, 896058, 1024420, 373741, 150673, 550685, 128236, 39.4, 44.3, 1.00
A, 754613, 382875, 895927, 1024606, 373840, 150687, 550852, 128153, 39.4, 44.3, 1.01
A, 754488, 382837, 895857, 1024728, 373875, 150729, 550904, 128197, 39.4, 44.3, 1.00
A, 754832, 382926, 896123, 1025407, 374111, 150761, 551147, 128229, 39.4, 44.3, 1.00
A, 754967, 382919, 896263, 1025466, 374210, 150840, 551293, 128218, 39.4, 44.3, 1.01
A, 757097, 383347, 899295, 1028345, 374667, 151191, 551875, 128565, 39.3, 44.3, 1.00
A, 757025, 383649, 899036, 1028265, 374895, 151161, 552122, 128434, 39.3, 44.3, 1.00
A, 756744, 383625, 898470, 1027924, 374857, 151152, 552115, 128380, 39.3, 44.3, 0.99
A, 756380, 383690, 898158, 1027874, 374963, 151117, 552191, 128341, 39.3, 44.3, 0.99
A, 756374, 383757, 898143, 1027999, 375015, 151101, 552290, 128319, 39.3, 44.3, 1.01
A, 756363, 383777, 897802, 1027630, 375092, 151158, 552397, 128243, 39.3, 44.3, 0.99
A, 756041, 383804, 897512, 1027448, 375109, 151059, 552473, 128209, 39.3, 44.4, 1.00
A, 755741, 383770, 897326, 1027665, 375121, 151076, 552554, 128217, 39.3, 44.4, 1.01
A, 755510, 383808, 896758, 1027301, 375148, 151059, 552626, 128114, 39.3, 44.4, 1.01
A, 754936, 383794, 896319, 1027073, 375245, 151091, 552672, 128116, 39.3, 44.4, 1.00
A, 755185, 383795, 896413, 1027269, 375401, 151054, 552838, 128087, 39.3, 44.4, 1.00
A, 755137, 383852, 896254, 1027348, 375384, 151075, 552863, 128114, 39.3, 44.4, 1.01
A, 755441, 383921, 896694, 1027733, 375460, 151102, 553028, 128090, 39.3, 44.4, 0.99
A, 755597, 383959, 896791, 1028046, 375571, 151099, 553161, 128083, 39.3, 44.4, 1.00
A, 755548, 383986, 896759, 1028167, 375699, 151182, 553367, 128158, 39.3, 44.4, 0.99
A, 755801, 384004, 897068, 1028779, 375844, 151276, 553553, 128175, 39.3, 44.4, 1.01
A, 755831, 384094, 896876, 1028483, 375907, 151245, 553625, 128068, 39.3, 44.4, 1.00
A, 755551, 384052, 896469, 1028314, 375894, 151180, 553667, 127911, 39.3, 44.5, 1.00
A, 755088, 383993, 895879, 1028080, 375890, 151214, 553609, 128015, 39.3, 44.5, 1.00
A, 755683, 384109, 896414, 1028554, 376029, 151214, 553901, 128006, 39.3, 44.5, 0.99
A, 757307, 384366, 898859, 1030991, 376518, 151553, 554388, 128374, 39.3, 44.5, 1.00
A, 757543, 384588, 899062, 1031383, 376744, 151578, 554613, 128296, 39.3, 44.5, 1.00
A, 757545, 384717, 898956, 1031041, 376819, 151562, 554737, 128276, 39.3, 44.5, 1.00
A, 756615, 384640, 898032, 1030526, 376765, 151474, 554663, 128144, 39.3, 44.5, 1.00
A, 757071, 384673, 898435, 1031094, 376888, 151566, 554853, 128219, 39.3, 44.5, 1.01
A, 756903, 384683, 898137, 1030980, 376861, 151595, 554925, 128134, 39.3, 44.5, 0.99
A, 756941, 384746, 898304, 1030996, 377005, 151595, 555010, 128177, 39.3, 44.5, 1.00
A, 757209, 384902, 898541, 1031405, 377152, 151663, 555199, 128170, 39.3, 44.5, 1.00
A, 757038, 384822, 898393, 1031481, 377197, 151690, 555297, 128135, 39.3, 44.5, 1.01
A, 756885, 384964, 898091, 1031182, 377275, 151665, 555438, 128055, 39.3, 44.6, 1.01
A, 756910, 384868, 898221, 1031494, 377276, 151654, 555404, 128041, 39.3, 44.6, 1.00
A, 757061, 384992, 898329, 1031916, 377439, 151735, 555620, 128167, 39.3, 44.6, 1.00
A, 757121, 385016, 898552, 1032156, 377504, 151694, 555690, 128194, 39.3, 44.6, 0.99
A, 757050, 385013, 898483, 1031959, 377575, 151732, 555810, 128056, 39.3, 44.6, 1.01
A, 757070, 385011, 898413, 1031919, 377610, 151754, 555861, 128044, 39.3, 44.6, 1.01
A, 756821, 385019, 898143, 1032079, 377606, 151773, 555903, 127974, 39.3, 44.6, 1.00
A, 757340, 385091, 898612, 1032455, 377742, 151800, 556163, 128134, 39.3, 44.6, 1.01
A, 757374, 385204, 898671, 1032679, 377894, 151846, 556201, 128114, 39.3, 44.6, 0.99
A, 757705, 385271, 899281, 1033284, 378001, 151892, 556446, 128126, 39.2, 44.6, 1.00
A, 757980, 385342, 899377, 1033263, 378119, 151890, 556591, 128203, 39.2, 44.6, 1.00
A, 759308, 385596, 901485, 1035293, 378474, 152131, 556959, 128354, 39.2, 44.6, 0.99
A, 759261, 385766, 901419, 1035492, 378644, 152202, 557176, 128337, 39.2, 44.6, 1.00
A, 758986, 385738, 901001, 1035229, 378574, 152218, 557129, 128290, 39.2, 44.7, 0.99
A, 758957, 385884, 900958, 1035123, 378741, 152206, 557209, 128282, 39.2, 44.7, 0.99
A, 758887, 385876, 901004, 1035189, 378722, 152282, 557295, 128247, 39.2, 44.7, 0.99
A, 758669, 385951, 900861, 1035138, 378795, 152229, 557392, 128201, 39.2, 44.7, 1.00
A, 758397, 385913, 900346, 1034749, 378718, 152137, 557330, 128130, 39.2, 44.7, 0.99
A, 758280, 385894, 900412, 1035010, 378784, 152258, 557438, 128118, 39.2, 44.7, 1.00
A, 757891, 385855, 899778, 1034440, 378876, 152228, 557443, 128112, 39.2, 44.7, 0.99
A, 757639, 385756, 899252, 1033813, 378794, 152149, 557454, 127944, 39.2, 44.7, 1.00
A, 757372, 385695, 899112, 1033972, 378827, 152108, 557557, 127975, 39.2, 44.7, 1.00
A, 757197, 385624, 899091, 1034059, 378784, 152086, 557516, 127921, 39.2, 44.7, 1.01
A, 757728, 385729, 899555, 1034521, 378949, 152197, 557700, 128063, 39.2, 44.7, 1.00
A, 757796, 385806, 899695, 1034705, 379047, 152207, 557840, 128050, 39.2, 44.7, 1.00
A, 757878, 385773, 899800, 1034727, 379111, 152270, 557934, 127995, 39.2, 44.7, 1.01
A, 757765, 385781, 899672, 1034849, 379176, 152250, 557933, 127991, 39.2, 44.7, 1.00
A, 758374, 385936, 900394, 1035339, 379341, 152338, 558184, 128052, 39.2, 44.7, 0.99
A, 758224, 385954, 900366, 1035453, 379399, 152298, 558248, 127988, 39.2, 44.7, 1.00
A, 757977, 385893, 900084, 1035463, 379397, 152378, 558338, 128030, 39.2, 44.7, 1.01
A, 758345, 385999, 900453, 1035892, 379581, 152392, 558470, 128010, 39.2, 44.8, 0.99
A, 760393, 386364, 903303, 1038367, 379990, 152684, 558963, 128369, 39.2, 44.8, 1.01
A, 760136, 386506, 902839, 1037904, 380092, 152682, 559108, 128248, 39.2, 44.8, 0.99
A, 759785, 386555, 902803, 1038145, 380082, 152778, 559110, 128269, 39.2, 44.8, 1.00
A, 759660, 386530, 902399, 1037791, 380099, 152733, 559054, 128181, 39.2, 44.8, 1.01
A, 759383, 386456, 902227, 1037600, 380067, 152711, 559024, 128180, 39.2, 44.8, 1.00
A, 759501, 386500, 902514, 1037916, 380158, 152798, 559248, 128166, 39.2, 44.8, 1.00
A, 759484, 386570, 902304, 1037596, 380172, 152769, 559327, 128149, 39.2, 44.8, 1.01
A, 759060, 386480, 902065, 1037257, 380205, 152686, 559244, 128056, 39.2, 44.8, 1.00
A, 758704, 386367, 901657, 1037244, 380184, 152669, 559288, 127999, 39.2, 44.8, 1.00
A, 758780, 386461, 901490, 1037057, 380250, 152718, 559339, 128021, 39.2, 44.8, 1.00
A, 758544, 386413, 901418, 1037002, 380265, 152697, 559333, 128004, 39.2, 44.8, 1.00
A, 758430, 386427, 901347, 1037029, 380312, 152651, 559413, 127944, 39.2, 44.8, 1.00
A, 758325, 386310, 901278, 1037073, 380267, 152615, 559474, 127958, 39.2, 44.8, 1.00
A, 758573, 386375, 901615, 1037338, 380368, 152781, 559567, 127915, 39.2, 44.8, 1.00
A, 758608, 386412, 901706, 1037414, 380432, 152760, 559636, 127919, 39.2, 44.9, 1.00
A, 758485, 386305, 901565, 1037445, 380432, 152820, 559678, 128005, 39.2, 44.9, 1.00
A, 758785, 386467, 901939, 1037961, 380572, 152816, 559869, 128033, 39.2, 44.9, 1.00
A, 759039, 386536, 902431, 1038125, 380667, 152819, 559991, 128002, 39.2, 44.9, 1.00
A, 758869, 386543, 902254, 1038028, 380674, 152888, 560061, 127941, 39.2, 44.9, 1.00
A, 758735, 386525, 902116, 1038162, 380716, 152913, 560074, 127959, 39.2, 44.9, 1.00
A, 760864, 386881, 905008, 1040661, 381247, 153273, 560676, 128296, 39.2, 44.9, 1.00
A, 760744, 387020, 904863, 1040541, 381254, 153193, 560700, 128249, 39.2, 44.9, 1.00
A, 760668, 387064, 904482, 1040233, 381394, 153284, 560807, 128272, 39.2, 44.9, 1.01
A, 760170, 386987, 904239, 1039827, 381226, 153205, 560689, 128117, 39.2, 44.9, 1.00
A, 760099, 386965, 904213, 1040064, 381289, 153209, 560757, 128077, 39.2, 44.9, 1.00
A, 759752, 386949, 903833, 1039727, 381279, 153247, 560697, 128089, 39.2, 44.9, 1.00
A, 759868, 387080, 903943, 1039887, 381337, 153301, 560855, 128106, 39.2, 45.0, 1.00
A, 759813, 387000, 903927, 1039609, 381331, 153238, 560867, 128008, 39.2, 45.0, 1.01
A, 759371, 386896, 903566, 1039392, 381323, 153171, 560853, 127979, 39.2, 45.0, 1.00
A, 758964, 386817, 903164, 1039280, 381336, 153224, 560834, 127909, 39.2, 45.0, 1.00
A, 759082, 386914, 903129, 1038995, 381369, 153196, 560892, 127873, 39.2, 45.0, 0.99
A, 758930, 386831, 903078, 1039126, 381288, 153279, 560884, 127973, 39.2, 45.0, 1.01
A, 758751, 386793, 902710, 1038726, 381362, 153139, 560940, 127833, 39.2, 45.0, 0.99
A, 758285, 386676, 902315, 1038243, 381278, 153114, 560885, 127810, 39.2, 45.0, 1.01
A, 758543, 386721, 902747, 1038848, 381331, 153202, 561019, 127863, 39.2, 45.0, 1.00
A, 758590, 386768, 902787, 1038928, 381474, 153242, 561087, 127869, 39.2, 45.0, 0.99
A, 758706, 386757, 902840, 1039062, 381460, 153241, 561163, 127941, 39.2, 45.0, 1.00
A, 759128, 386873, 903465, 1039568, 381671, 153384, 561317, 128007, 39.1, 45.0, 1.01
A, 759190, 386823, 903684, 1039768, 381779, 153376, 561406, 127927, 39.1, 45.0, 0.99
A, 759099, 386835, 903649, 1039826, 381837, 153367, 561494, 127940, 39.2, 45.0, 1.01
A, 760748, 387120, 905907, 1041919, 382137, 153688, 561935, 128202, 39.2, 45.0, 1.00
A, 760916, 387354, 906049, 1042042, 382297, 153691, 562048, 128143, 39.1, 45.0, 1.00
A, 760624, 387261, 905638, 1041804, 382229, 153598, 562048, 128088, 39.1, 45.0, 0.99
A, 760685, 387337, 906027, 1042005, 382325, 153734, 562122, 128157, 39.1, 45.0, 1.00
A, 760649, 387369, 905970, 1041890, 382349, 153711, 562175, 128062, 39.1, 45.0, 1.00
A, 760147, 387356, 905513, 1041516, 382306, 153642, 562064, 128021, 39.1, 45.1, 1.00
A, 760040, 387233, 905124, 1041268, 382299, 153635, 562143, 128022, 39.1, 45.1, 1.00
A, 760065, 387288, 905314, 1041391, 382370, 153691, 562189, 128028, 39.1, 45.1, 1.01
A, 759842, 387227, 905212, 1041062, 382385, 153635, 562126, 127871, 39.1, 45.1, 1.01
A, 759542, 387195, 904701, 1040833, 382378, 153658, 562162, 127905, 39.1, 45.1, 1.00
A, 759483, 387104, 904811, 1040719, 382278, 153599, 562139, 127862, 39.1, 45.1, 1.00
A, 759316, 387221, 904699, 1040860, 382464, 153644, 562291, 127880, 39.1, 45.1, 1.00
A, 759298, 387081, 904651, 1040827, 382384, 153670, 562282, 127921, 39.1, 45.1, 1.00
A, 759216, 387152, 904538, 1040601, 382456, 153671, 562372, 127824, 39.1, 45.1, 1.00
A, 759181, 387104, 904534, 1040491, 382425, 153640, 562310, 127846, 39.1, 45.1, 1.00
A, 759262, 387142, 904736, 1041029, 382515, 153706, 562447, 127917, 39.1, 45.1, 1.00
A, 759241, 387108, 904833, 1041144, 382548, 153720, 562509, 127934, 39.1, 45.1, 1.00
A, 759379, 387044, 904882, 1041097, 382590, 153752, 562519, 127891, 39.1, 45.1, 1.00
A, 759666, 387249, 905397, 1041589, 382676, 153794, 562705, 127923, 39.1, 45.1, 1.00
A, 759841, 387239, 905437, 1041489, 382702, 153802, 562730, 127894, 39.1, 45.1, 1.01
A, 761485, 387384, 907896, 1043670, 383106, 154083, 563153, 128204, 39.1, 45.1, 1.00
A, 761164, 387579, 907615, 1043571, 383153, 154083, 563272, 128121, 39.1, 45.1, 1.00
A, 760882, 387593, 907351, 1043262, 383187, 154137, 563214, 128083, 39.1, 45.1, 1.01
A, 760977, 387638, 907330, 1043306, 383233, 154121, 563293, 128125, 39.1, 45.1, 1.01
A, 760773, 387655, 907248, 1043064, 383201, 154152, 563304, 128056, 39.1, 45.2, 1.00
A, 760809, 387587, 907390, 1043321, 383281, 154124, 563373, 128009, 39.1, 45.2, 1.00
A, 760509, 387606, 907093, 1043017, 383209, 154104, 563366, 127974, 39.1, 45.2, 0.99
A, 760556, 387533, 907228, 1043043, 383246, 154136, 563354, 127959, 39.1, 45.2, 1.00
A, 760382, 387539, 907119, 1042962, 383243, 154122, 563413, 127956, 39.1, 45.2, 1.00
A, 760324, 387616, 906763, 1042554, 383307, 154051, 563374, 127898, 39.1, 45.2, 1.00
A, 760009, 387486, 906450, 1042242, 383296, 154067, 563363, 127870, 39.1, 45.2, 1.00
A, 759709, 387402, 906448, 1042394, 383206, 154125, 563392, 127847, 39.1, 45.2, 1.01
A, 759521, 387503, 906224, 1042187, 383247, 154107, 563483, 127876, 39.1, 45.2, 1.00
A, 759531, 387475, 906149, 1042138, 383217, 154146, 563429, 127859, 39.1, 45.2, 1.00
A, 759312, 387488, 906006, 1041959, 383300, 154078, 563520, 127752, 39.1, 45.2, 1.00
A, 759227, 387343, 905815, 1041782, 383240, 154051, 563465, 127770, 39.1, 45.2, 1.00
A, 759356, 387323, 906018, 1041991, 383281, 154076, 563556, 127769, 39.1, 45.2, 1.00
A, 759392, 387357, 906244, 1042125, 383314, 154084, 563681, 127806, 39.1, 45.2, 0.99
A, 759397, 387311, 906315, 1042340, 383388, 154139, 563771, 127848, 39.1, 45.2, 1.00
A, 759751, 387331, 906826, 1042821, 383468, 154192, 563805, 127841, 39.1, 45.3, 1.01
A, 761796, 387698, 909483, 1045170, 383906, 154445, 564274, 128167, 39.1, 45.3, 1.00
A, 761475, 387872, 909105, 1044739, 384005, 154433, 564302, 128045, 39.1, 45.3, 1.00
A, 761125, 387846, 908772, 1044656, 383982, 154483, 564311, 128004, 39.1, 45.3, 1.00
A, 760934, 387779, 908533, 1044296, 383898, 154427, 564240, 127909, 39.1, 45.3, 0.99
A, 760958, 387779, 908726, 1044472, 383952, 154491, 564295, 127959, 39.1, 45.3, 1.00
A, 760821, 387799, 908562, 1044374, 383917, 154463, 564351, 127957, 39.1, 45.3, 1.00
A, 761045, 387835, 908766, 1044310, 383996, 154538, 564419, 127970, 39.1, 45.3, 1.00
A, 760633, 387805, 908513, 1043923, 383954, 154426, 564421, 127902, 39.1, 45.3, 1.00
A, 760274, 387717, 908257, 1043941, 383949, 154458, 564348, 127819, 39.1, 45.3, 1.00
A, 760486, 387731, 908479, 1044135, 384054, 154534, 564410, 127918, 39.1, 45.3, 1.00
A, 760425, 387753, 908320, 1044014, 383998, 154503, 564448, 127882, 39.1, 45.3, 1.00
A, 760602, 387777, 908593, 1044105, 384155, 154567, 564493, 127852, 39.1, 45.3, 1.00
A, 760201, 387734, 908342, 1043865, 384008, 154453, 564514, 127783, 39.1, 45.3, 1.00
A, 759694, 387625, 907554, 1043026, 384055, 154443, 564393, 127715, 39.1, 45.3, 0.99
A, 759557, 387530, 907575, 1043266, 383935, 154476, 564427, 127679, 39.1, 45.3, 1.00
A, 759814, 387589, 907985, 1043638, 384006, 154516, 564512, 127808, 39.1, 45.3, 1.01
A, 760004, 387621, 908282, 1043871, 384143, 154611, 564640, 127841, 39.1, 45.3, 1.00
A, 760146, 387643, 908546, 1043909, 384156, 154528, 564689, 127798, 39.1, 45.3, 1.00
A, 759957, 387558, 908238, 1043693, 384131, 154503, 564627, 127686, 39.1, 45.3, 1.00
A, 759543, 387456, 907720, 1043446, 384042, 154502, 564678, 127762, 39.1, 45.3, 0.99
A, 761608, 387811, 910869, 1046252, 384534, 154891, 565206, 128097, 39.1, 45.4, 1.00
A, 761515, 387919, 910713, 1045915, 384643, 154889, 565206, 128000, 39.1, 45.4, 1.01
A, 761655, 387980, 910905, 1046088, 384670, 154895, 565367, 128019, 39.1, 45.4, 1.00
A, 761459, 388026, 910552, 1045674, 384682, 154892, 565315, 127995, 39.1, 45.4, 1.01
A, 761069, 387990, 910298, 1045209, 384610, 154802, 565257, 127914, 39.1, 45.4, 1.00
A, 761082, 387969, 910367, 1045462, 384635, 154863, 565300, 127888, 39.1, 45.4, 0.99
A, 760921, 387919, 910248, 1045292, 384681, 154882, 565310, 127859, 39.1, 45.4, 0.99
A, 761010, 387909, 910315, 1045435, 384734, 155016, 565388, 127918, 39.1, 45.4, 1.00
A, 760998, 387948, 910371, 1045228, 384729, 154869, 565358, 127854, 39.1, 45.4, 0.99
A, 760583, 387899, 909945, 1045103, 384661, 154893, 565380, 127823, 39.1, 45.4, 1.00
A, 760720, 387949, 910238, 1045271, 384744, 154934, 565394, 127837, 39.1, 45.4, 1.00
A, 760499, 387834, 910126, 1045094, 384720, 154959, 565341, 127801, 39.1, 45.4, 1.00
A, 760421, 387894, 910183, 1044958, 384798, 154922, 565413, 127840, 39.1, 45.4, 1.00
A, 760331, 387867, 909789, 1044619, 384710, 154911, 565378, 127745, 39.1, 45.4, 1.00
A, 759891, 387825, 909585, 1044431, 384673, 154908, 565435, 127700, 39.1, 45.4, 1.00
A, 759892, 387620, 909595, 1044512, 384650, 154852, 565349, 127733, 39.1, 45.4, 1.01
A, 759875, 387721, 909767, 1044787, 384681, 154866, 565420, 127770, 39.1, 45.4, 1.01
A, 760120, 387720, 910067, 1044763, 384733, 154938, 565538, 127814, 39.1, 45.4, 1.00
A, 760068, 387763, 910097, 1044780, 384780, 154913, 565507, 127697, 39.1, 45.4, 1.00
A, 759996, 387712, 909908, 1044594, 384768, 154965, 565555, 127702, 39.1, 45.5, 1.01
A, 760493, 387869, 911107, 1045869, 384961, 155026, 565773, 127905, 39.1, 45.5, 1.01
A, 761159, 388030, 911669, 1046129, 385107, 155093, 565889, 127843, 39.1, 45.5, 1.00
A, 760852, 387930, 911458, 1046038, 385091, 155218, 565893, 127853, 39.1, 45.5, 1.01
A, 761003, 387959, 911776, 1046284, 385185, 155232, 565954, 127927, 39.1, 45.5, 1.00
A, 760977, 387913, 911687, 1045877, 385211, 155171, 565893, 127762, 39.1, 45.5, 1.00
A, 760314, 387842, 910910, 1045270, 385097, 155046, 565792, 127731, 39.1, 45.5, 1.00
A, 760246, 387804, 910856, 1045431, 385060, 155143, 565875, 127763, 39.1, 45.5, 1.01
A, 760168, 387753, 911018, 1045462, 385109, 155095, 565862, 127738, 39.1, 45.5, 1.00
A, 760473, 387793, 911443, 1045683, 385087, 155179, 565913, 127759, 39.1, 45.5, 1.00
A, 760221, 387737, 911371, 1045612, 385085, 155183, 565956, 127789, 39.1, 45.5, 1.01
A, 760295, 387671, 911259, 1045371, 385128, 155109, 565949, 127729, 39.1, 45.5, 1.00
A, 760176, 387667, 911242, 1045183, 385129, 155162, 566012, 127727, 39.1, 45.5, 1.00
A, 760011, 387697, 911316, 1045348, 385163, 155133, 566030, 127720, 39.1, 45.5, 1.00
A, 759943, 387673, 911202, 1045159, 385166, 155128, 566039, 127667, 39.1, 45.5, 0.99
A, 759619, 387603, 910855, 1044902, 385115, 155154, 565938, 127688, 39.1, 45.5, 1.00
A, 759599, 387649, 911059, 1044926, 385205, 155164, 566055, 127663, 39.1, 45.5, 1.00
A, 759563, 387588, 911067, 1044955, 385151, 155195, 565997, 127687, 39.1, 45.5, 1.00
A, 759808, 387446, 911439, 1045151, 385219, 155243, 566130, 127703, 39.1, 45.5, 0.99
A, 759857, 387525, 911507, 1045085, 385249, 155272, 566166, 127658, 39.1, 45.5, 1.00
A, 759778, 387538, 911613, 1045391, 385245, 155276, 566210, 127691, 39.1, 45.5, 1.00
M, 757937, 387313, 908313, 1041513, 385109, 154733, 565757, 126958, 39.1, 45.5, 0.11
M, 748156, 385219, 895109, 1029650, 382442, 153166, 562609, 125332, 39.1, 45.5, 0.59
M, 740554, 382853, 884477, 1019874, 380173, 151799, 559837, 124111, 39.1, 45.5, 0.73
M, 734410, 381011, 875795, 1012292, 378401, 150657, 558071, 123231, 39.1, 45.5, 0.83
M, 730189, 379983, 868505, 1006309, 377919, 149676, 558420, 122494, 39.1, 45.5, 0.89
M, 727806, 380276, 862242, 1002180, 378379, 148868, 559974, 121907, 39.1, 45.5, 0.94
M, 727467, 381457, 856984, 999711, 379428, 148147, 562129, 121403, 39.1, 45.5, 0.95
M, 728924, 383058, 852061, 998089, 380773, 147498, 564327, 120866, 39.1, 45.5, 0.98
M, 731049, 384698, 848103, 998112, 381804, 147042, 566033, 120602, 39.1, 45.5, 0.98
M, 733823, 386208, 845326, 999225, 382848, 146693, 567424, 120434, 39.1, 45.5, 0.98
M, 737109, 387734, 842642, 1000857, 383748, 146405, 568560, 120223, 39.2, 45.4, 0.99
M, 740783, 388997, 841103, 1003036, 384461, 146299, 569457, 120131, 39.2, 45.4, 0.98
M, 744466, 390125, 839436, 1005758, 385041, 146175, 570146, 119986, 39.2, 45.4, 1.00
M, 748107, 391107, 837802, 1008597, 385668, 146103, 570819, 119944, 39.2, 45.4, 1.00
M, 751297, 391645, 836441, 1011203, 385991, 146018, 571248, 119894, 39.2, 45.4, 1.00
M, 754276, 392074, 835913, 1014320, 386398, 146072, 571609, 119889, 39.2, 45.4, 1.01
M, 757341, 392433, 834748, 1017260, 386750, 146041, 572014, 119876, 39.2, 45.4, 1.00
M, 759286, 392499, 834322, 1019501, 387004, 146156, 572276, 119931, 39.2, 45.4, 1.00
M, 762323, 392627, 833962, 1023132, 387380, 146200, 572752, 119885, 39.2, 45.4, 1.00
M, 763859, 392550, 833777, 1025225, 387501, 146289, 572938, 119936, 39.2, 45.4, 1.01
M, 767559, 392806, 836029, 1030037, 388151, 146644, 573693, 120312, 39.2, 45.4, 1.00
M, 769116, 392940, 835878, 1032149, 388599, 146723, 574022, 120318, 39.2, 45.3, 1.00
M, 770073, 392766, 835658, 1034067, 388785, 146846, 574324, 120347, 39.2, 45.3, 1.00
M, 771443, 392544, 835886, 1036265, 389111, 147027, 574591, 120447, 39.2, 45.3, 1.00
M, 772530, 392394, 835966, 1038213, 389387, 147091, 574949, 120408, 39.2, 45.3, 1.00
M, 773084, 392208, 835675, 1039602, 389524, 147242, 575136, 120408, 39.2, 45.3, 1.00
M, 773492, 391922, 835438, 1040938, 389742, 147288, 575431, 120490, 39.2, 45.3, 1.01
M, 774112, 391746, 835790, 1042621, 390049, 147401, 575676, 120562, 39.2, 45.3, 1.00
M, 774677, 391531, 835796, 1043670, 390286, 147556, 576020, 120520, 39.2, 45.3, 1.00
M, 774614, 391153, 835575, 1044516, 390499, 147620, 576327, 120518, 39.2, 45.3, 1.00
M, 775269, 391069, 835876, 1045882, 390769, 147758, 576594, 120596, 39.2, 45.3, 1.00
M, 775376, 390854, 836068, 1046841, 391100, 147883, 576928, 120638, 39.2, 45.3, 1.01
M, 775522, 390692, 836116, 1047639, 391287, 147974, 577286, 120690, 39.2, 45.3, 1.00
M, 775864, 390615, 836731, 1048916, 391587, 148132, 577624, 120794, 39.2, 45.3, 1.00
M, 776330, 390499, 837061, 1049660, 391965, 148212, 577991, 120797, 39.2, 45.3, 0.99
M, 775781, 390194, 836472, 1049808, 392109, 148215, 578202, 120770, 39.2, 45.3, 0.98
M, 775560, 389968, 836488, 1050474, 392329, 148269, 578450, 120812, 39.2, 45.3, 1.00
M, 775809, 389913, 836766, 1051045, 392637, 148509, 578884, 120884, 39.2, 45.3, 1.00
M, 775791, 389754, 837002, 1051644, 392881, 148614, 579073, 120918, 39.2, 45.3, 1.01
M, 775921, 389707, 837278, 1052504, 393255, 148689, 579594, 120966, 39.2, 45.3, 0.99
M, 777374, 389818, 839341, 1054683, 393650, 148993, 580118, 121202, 39.2, 45.3, 1.00
M, 777560, 389834, 839744, 1055386, 394046, 149108, 580471, 121191, 39.2, 45.3, 1.00
M, 777472, 389827, 839866, 1055754, 394261, 149162, 580755, 121217, 39.2, 45.3, 1.00
M, 777202, 389760, 839824, 1056110, 394432, 149306, 581001, 121240, 39.2, 45.3, 1.00
M, 777470, 389737, 840460, 1056769, 394727, 149332, 581359, 121363, 39.2, 45.3, 1.00
M, 777561, 389736, 840726, 1057031, 394996, 149440, 581661, 121377, 39.2, 45.3, 1.00
M, 777220, 389586, 840652, 1057172, 395157, 149454, 581930, 121329, 39.2, 45.3, 1.00
M, 777380, 389588, 840928, 1057650, 395433, 149655, 582173, 121384, 39.2, 45.3, 1.00
M, 777392, 389646, 841110, 1057833, 395613, 149667, 582421, 121413, 39.2, 45.3, 1.00
M, 777493, 389629, 841573, 1058558, 395878, 149858, 582696, 121559, 39.2, 45.3, 1.01
M, 777414, 389651, 841652, 1058627, 396096, 149880, 582978, 121467, 39.2, 45.3, 1.01
M, 777381, 389607, 841871, 1058927, 396305, 149905, 583193, 121440, 39.2, 45.3, 1.00
M, 777491, 389628, 842221, 1059402, 396597, 150067, 583479, 121548, 39.2, 45.3, 1.00
M, 777310, 389601, 842075, 1059495, 396707, 150117, 583667, 121576, 39.2, 45.3, 1.00
M, 777558, 389630, 842803, 1060167, 396931, 150183, 583973, 121645, 39.2, 45.3, 1.00
M, 777721, 389654, 843013, 1060177, 397139, 150310, 584232, 121608, 39.2, 45.3, 1.00
M, 777491, 389606, 843045, 1060357, 397320, 150325, 584388, 121616, 39.2, 45.3, 1.00
M, 777075, 389545, 842532, 1060007, 397442, 150352, 584478, 121642, 39.2, 45.3, 1.00
M, 776946, 389494, 842653, 1060141, 397621, 150339, 584769, 121669, 39.2, 45.3, 1.00
M, 776505, 389288, 842293, 1059924, 397664, 150383, 584795, 121575, 39.2, 45.3, 1.00
M, 779038, 389874, 845618, 1063012, 398456, 150784, 585679, 122021, 39.2, 45.3, 1.01
M, 779068, 389898, 845723, 1063103, 398600, 150811, 585863, 121960, 39.2, 45.3, 0.99
M, 778999, 389869, 845892, 1063370, 398729, 150919, 586038, 121970, 39.2, 45.3, 1.00
M, 778659, 389942, 845698, 1063285, 398807, 150919, 586175, 121966, 39.2, 45.3, 1.00
M, 778588, 389896, 845507, 1063152, 398995, 150999, 586287, 121968, 39.2, 45.3, 1.00
M, 778812, 389999, 846114, 1063641, 399158, 151016, 586560, 122019, 39.2, 45.3, 1.01
M, 778706, 390083, 846106, 1063690, 399364, 151105, 586796, 121980, 39.2, 45.3, 1.00
M, 778595, 389950, 846036, 1063575, 399459, 151090, 586852, 122001, 39.2, 45.3, 0.99
M, 778793, 390065, 846545, 1064122, 399580, 151249, 587010, 122027, 39.2, 45.3, 1.00
M, 778828, 390046, 846583, 1064318, 399680, 151264, 587211, 122017, 39.2, 45.3, 1.00
M, 778885, 390129, 846966, 1064645, 399870, 151362, 587448, 122135, 39.2, 45.3, 1.00
M, 779094, 390179, 847222, 1064853, 399997, 151392, 587637, 122137, 39.3, 45.3, 1.01
M, 779540, 390265, 847984, 1065494, 400340, 151493, 587927, 122186, 39.3, 45.3, 1.00
M, 779427, 390274, 847930, 1065485, 400429, 151537, 588030, 122177, 39.2, 45.3, 1.00
M, 779049, 390158, 847501, 1065120, 400370, 151572, 588099, 122186, 39.2, 45.3, 1.01
M, 779400, 390234, 848140, 1065579, 400638, 151605, 588328, 122258, 39.2, 45.3, 1.00
M, 779516, 390331, 848140, 1065684, 400736, 151630, 588499, 122236, 39.2, 45.3, 1.00
M, 779350, 390237, 847979, 1065588, 400796, 151606, 588544, 122152, 39.3, 45.3, 1.00
M, 779306, 390243, 848357, 1065854, 400923, 151685, 588682, 122176, 39.3, 45.3, 1.00
M, 779255, 390259, 848291, 1065777, 401040, 151737, 588824, 122179, 39.3, 45.3, 1.00
M, 780575, 390429, 850155, 1067833, 401322, 152031, 589256, 122468, 39.3, 45.3, 1.00
M, 780672, 390698, 850307, 1067569, 401730, 152010, 589479, 122371, 39.3, 45.3, 0.99
M, 780398, 390630, 850065, 1067446, 401654, 152044, 589518, 122329, 39.3, 45.3, 1.00
M, 780551, 390648, 850328, 1067855, 401757, 152098, 589683, 122438, 39.3, 45.3, 1.00
M, 780607, 390585, 850474, 1067862, 401818, 152157, 589734, 122470, 39.3, 45.3, 1.00
M, 780432, 390646, 850471, 1067865, 401926, 152164, 589847, 122409, 39.3, 45.3, 1.00
M, 780817, 390661, 851059, 1068391, 402137, 152270, 590040, 122527, 39.3, 45.3, 1.00
M, 781066, 390743, 851149, 1068355, 402266, 152286, 590138, 122509, 39.3, 45.3, 1.01
M, 780912, 390638, 851305, 1068367, 402319, 152362, 590218, 122437, 39.3, 45.3, 1.00
M, 781054, 390735, 851675, 1068859, 402405, 152400, 590368, 122528, 39.3, 45.3, 1.00
M, 781118, 390797, 851684, 1068968, 402502, 152453, 590491, 122517, 39.3, 45.3, 0.99
M, 781425, 390768, 852233, 1069229, 402669, 152584, 590676, 122585, 39.3, 45.3, 1.00
M, 781462, 390830, 852381, 1069414, 402697, 152547, 590787, 122571, 39.3, 45.3, 1.00
M, 781629, 390876, 852633, 1069785, 402922, 152651, 590966, 122562, 39.3, 45.3, 1.00
M, 781578, 390858, 852594, 1069585, 402900, 152636, 591043, 122562, 39.3, 45.3, 1.00
M, 781821, 390908, 853075, 1070117, 403057, 152694, 591172, 122667, 39.3, 45.3, 1.00
M, 781702, 390825, 853047, 1070071, 403114, 152760, 591302, 122688, 39.3, 45.3, 1.00
M, 781680, 390895, 853117, 1070287, 403205, 152826, 591411, 122696, 39.3, 45.3, 1.00
M, 782314, 391014, 853824, 1070487, 403436, 152853, 591606, 122691, 39.3, 45.3, 1.00
M, 782053, 390974, 853801, 1070634, 403450, 152905, 591622, 122712, 39.3, 45.3, 1.01
M, 784213, 391454, 856425, 1073064, 403962, 153156, 592232, 123045, 39.3, 45.3, 1.00
M, 784044, 391479, 856336, 1072907, 404027, 153250, 592287, 123002, 39.3, 45.3, 1.00
M, 783632, 391501, 855947, 1072474, 404039, 153158, 592319, 122878, 39.3, 45.3, 0.98
M, 782928, 391347, 855190, 1071705, 403856, 153120, 592153, 122789, 39.3, 45.3, 1.00
M, 783121, 391321, 855687, 1072113, 403972, 153175, 592287, 122747, 39.3, 45.3, 1.01
M, 782978, 391270, 855557, 1072068, 403987, 153238, 592321, 122775, 39.3, 45.3, 1.00
M, 782842, 391298, 855469, 1071874, 403978, 153240, 592320, 122827, 39.3, 45.3, 1.00
M, 783218, 391271, 855872, 1072292, 404147, 153275, 592530, 122880, 39.3, 45.3, 0.99
M, 783274, 391325, 856040, 1072143, 404203, 153281, 592574, 122884, 39.3, 45.3, 1.01
M, 783068, 391212, 855965, 1071981, 404278, 153297, 592611, 122884, 39.3, 45.3, 1.00
M, 783243, 391274, 856331, 1072470, 404348, 153397, 592781, 122916, 39.3, 45.3, 1.00
M, 783282, 391274, 856332, 1072456, 404359, 153433, 592815, 122932, 39.3, 45.3, 1.00
M, 783477, 391271, 856938, 1072876, 404477, 153430, 592890, 122910, 39.3, 45.3, 1.01
M, 783392, 391228, 856939, 1072828, 404473, 153436, 592934, 122962, 39.3, 45.3, 1.01
M, 784082, 391412, 857536, 1073084, 404666, 153478, 593171, 122990, 39.3, 45.3, 1.00
M, 783956, 391385, 857567, 1073210, 404657, 153502, 593199, 122931, 39.3, 45.3, 1.00
M, 783662, 391292, 857392, 1073259, 404763, 153596, 593272, 123022, 39.3, 45.3, 1.01
M, 784020, 391392, 857763, 1073614, 404839, 153661, 593404, 123083, 39.3, 45.3, 1.00
M, 784057, 391396, 857996, 1073440, 404836, 153626, 593463, 123050, 39.3, 45.3, 1.00
M, 784354, 391483, 858406, 1073822, 405028, 153731, 593626, 123055, 39.3, 45.3, 1.00
M, 786032, 391673, 860589, 1075987, 405289, 154062, 594010, 123307, 39.3, 45.3, 0.99
M, 785719, 391771, 860219, 1075520, 405433, 153964, 594044, 123204, 39.3, 45.3, 1.00
M, 785425, 391777, 860180, 1075405, 405320, 154048, 594001, 123255, 39.3, 45.3, 1.00
M, 785493, 391753, 860262, 1075545, 405429, 154077, 594064, 123245, 39.3, 45.3, 1.00
M, 785526, 391741, 860469, 1075708, 405426, 154111, 594140, 123235, 39.3, 45.4, 1.00
M, 785559, 391817, 860587, 1075496, 405487, 154143, 594136, 123165, 39.3, 45.4, 1.00
M, 785425, 391630, 860481, 1075288, 405453, 154083, 594170, 123150, 39.3, 45.4, 1.00
M, 785146, 391644, 860307, 1075379, 405471, 154081, 594176, 123200, 39.3, 45.4, 1.00
M, 785461, 391613, 860628, 1075463, 405551, 154127, 594302, 123223, 39.3, 45.3, 1.00
M, 785425, 391705, 860748, 1075510, 405624, 154140, 594341, 123221, 39.3, 45.3, 0.99
M, 785670, 391661, 861268, 1075931, 405704, 154234, 594453, 123262, 39.3, 45.3, 1.00
M, 785824, 391710, 861504, 1075781, 405787, 154285, 594524, 123215, 39.3, 45.3, 1.00
M, 785686, 391659, 861426, 1075737, 405778, 154219, 594528, 123240, 39.3, 45.4, 1.00
M, 785741, 391653, 861712, 1076041, 405821, 154375, 594585, 123249, 39.3, 45.4, 1.01
M, 785531, 391662, 861342, 1075771, 405879, 154338, 594599, 123250, 39.3, 45.3, 0.99
M, 785617, 391617, 861593, 1075664, 405868, 154292, 594614, 123239, 39.3, 45.3, 1.00
M, 786099, 391752, 862164, 1076207, 406019, 154369, 594806, 123296, 39.3, 45.4, 1.00
M, 785714, 391655, 862056, 1076251, 405954, 154406, 594804, 123303, 39.3, 45.4, 1.00
M, 786132, 391641, 862394, 1076412, 406046, 154460, 594915, 123342, 39.3, 45.3, 1.00
M, 786090, 391642, 862593, 1076480, 406070, 154487, 594979, 123318, 39.3, 45.3, 1.01
M, 787921, 392027, 864821, 1078647, 406575, 154756, 595467, 123634, 39.3, 45.4, 1.00
M, 787844, 392084, 864826, 1078093, 406502, 154692, 595482, 123503, 39.3, 45.4, 1.00
M, 787212, 392060, 864206, 1077754, 406493, 154678, 595378, 123403, 39.3, 45.4, 1.00
M, 786883, 391920, 864129, 1077657, 406421, 154698, 595255, 123408, 39.3, 45.4, 1.01
M, 787150, 391872, 864232, 1077572, 406385, 154809, 595356, 123427, 39.3, 45.4, 1.00
M, 787086, 391795, 864245, 1077527, 406426, 154793, 595366, 123497, 39.3, 45.4, 1.00
M, 787010, 391797, 864358, 1077381, 406444, 154730, 595381, 123400, 39.3, 45.4, 1.00
M, 786742, 391814, 864107, 1077210, 406484, 154776, 595319, 123362, 39.3, 45.4, 1.01
M, 786698, 391705, 864295, 1077203, 406467, 154751, 595353, 123371, 39.3, 45.4, 1.01
M, 786983, 391759, 864688, 1077552, 406525, 154817, 595497, 123398, 39.3, 45.4, 1.00
M, 786913, 391745, 864714, 1077535, 406547, 154829, 595520, 123449, 39.3, 45.4, 1.00
M, 787233, 391795, 864984, 1077938, 406668, 154907, 595621, 123560, 39.3, 45.4, 1.00
M, 787315, 391771, 865303, 1077850, 406692, 154855, 595731, 123472, 39.3, 45.4, 1.00
M, 787209, 391749, 865299, 1077716, 406737, 154921, 595670, 123531, 39.3, 45.4, 1.00
M, 787169, 391796, 865401, 1077972, 406741, 154866, 595732, 123534, 39.3, 45.4, 1.00
M, 787301, 391777, 865527, 1077933, 406731, 154972, 595732, 123507, 39.3, 45.4, 1.01
M, 787625, 391797, 866029, 1078272, 406898, 155059, 595965, 123609, 39.3, 45.4, 1.00
M, 787570, 391824, 866145, 1078371, 406863, 155049, 595931, 123616, 39.3, 45.4, 1.00
M, 787825, 391708, 866369, 1078245, 407019, 155072, 595959, 123585, 39.3, 45.4, 1.00
M, 787731, 391705, 866431, 1078208, 406971, 155067, 595969, 123465, 39.3, 45.4, 1.01
M, 789313, 391941, 868608, 1080589, 407277, 155393, 596420, 123833, 39.3, 45.4, 1.00
M, 789353, 392192, 868485, 1080102, 407427, 155384, 596505, 123741, 39.3, 45.4, 0.98
M, 789113, 392154, 868450, 1079997, 407313, 155380, 596436, 123757, 39.3, 45.4, 1.00
M, 788780, 392073, 868208, 1079745, 407370, 155323, 596452, 123766, 39.3, 45.4, 1.00
M, 788666, 392046, 868141, 1079740, 407249, 155417, 596378, 123684, 39.3, 45.4, 0.99
M, 788855, 392024, 868472, 1079793, 407321, 155402, 596380, 123641, 39.3, 45.4, 1.00
M, 788891, 392045, 868552, 1079872, 407321, 155424, 596462, 123677, 39.3, 45.4, 1.01
M, 788725, 391972, 868498, 1079698, 407319, 155422, 596499, 123695, 39.3, 45.4, 1.00
M, 789016, 392050, 868974, 1080156, 407402, 155517, 596549, 123761, 39.3, 45.4, 1.00
M, 789204, 392054, 869364, 1080147, 407391, 155518, 596664, 123714, 39.3, 45.4, 1.00
M, 788912, 392003, 869150, 1079939, 407385, 155497, 596648, 123719, 39.3, 45.4, 1.01
M, 788502, 391920, 868537, 1079371, 407278, 155433, 596462, 123591, 39.3, 45.4, 1.00
M, 787982, 391776, 867817, 1078524, 407136, 155360, 596344, 123641, 39.3, 45.4, 1.01
M, 788400, 391733, 868573, 1079073, 407228, 155431, 596500, 123624, 39.3, 45.4, 1.00
M, 788379, 391713, 868466, 1079090, 407308, 155413, 596533, 123612, 39.3, 45.4, 1.00
M, 788679, 391702, 869165, 1079412, 407296, 155478, 596588, 123672, 39.3, 45.4, 0.99
M, 788742, 391826, 869297, 1079623, 407385, 155515, 596687, 123665, 39.3, 45.3, 1.00
M, 788717, 391817, 869375, 1079776, 407389, 155564, 596717, 123702, 39.3, 45.3, 1.00
M, 789073, 391887, 869878, 1080132, 407505, 155621, 596767, 123757, 39.3, 45.4, 0.99
M, 789461, 391848, 870255, 1080133, 407524, 155572, 596906, 123719, 39.3, 45.4, 0.99
M, 791161, 392041, 872630, 1082490, 407927, 155928, 597320, 124051, 39.3, 45.4, 1.00
M, 790727, 392211, 872200, 1082059, 407927, 155878, 597311, 123965, 39.3, 45.4, 1.00
M, 790165, 392149, 871327, 1081058, 407935, 155787, 597203, 123850, 39.3, 45.4, 1.00
M, 789110, 391911, 870285, 1080011, 407554, 155677, 596889, 123720, 39.3, 45.4, 1.00
M, 789140, 391850, 870291, 1079883, 407576, 155706, 596985, 123746, 39.3, 45.4, 1.01
M, 789114, 391803, 870515, 1079723, 407556, 155687, 596974, 123724, 39.3, 45.4, 1.00
M, 789429, 391813, 870948, 1080410, 407642, 155793, 597058, 123839, 39.3, 45.4, 0.99
M, 789440, 391848, 871264, 1080594, 407691, 155769, 597100, 123792, 39.3, 45.4, 1.01
M, 789665, 391854, 871253, 1080654, 407722, 155870, 597182, 123862, 39.3, 45.4, 1.00
M, 790089, 391888, 871926, 1081007, 407885, 155945, 597332, 123933, 39.3, 45.4, 1.00
M, 790306, 391937, 872320, 1081257, 407932, 155929, 597339, 123934, 39.3, 45.4, 1.00
M, 790112, 391863, 872274, 1081213, 407933, 155927, 597430, 123847, 39.3, 45.4, 0.99
M, 790485, 391832, 872677, 1081382, 407957, 156000, 597483, 123862, 39.3, 45.4, 1.00
M, 790342, 391978, 872669, 1081465, 407967, 156000, 597518, 123900, 39.3, 45.4, 1.00
M, 790264, 391869, 872647, 1081341, 408011, 156024, 597491, 123926, 39.3, 45.4, 1.00
M, 790409, 391835, 872924, 1081659, 408072, 156042, 597448, 123977, 39.3, 45.4, 1.01
M, 790727, 391862, 873355, 1081824, 408053, 156087, 597544, 123876, 39.3, 45.4, 1.00
M, 790634, 391855, 873399, 1081801, 408044, 156026, 597543, 123969, 39.3, 45.4, 1.00
M, 790617, 391815, 873253, 1081596, 408069, 156087, 597528, 123937, 39.3, 45.4, 1.00
M, 790922, 391964, 873796, 1081967, 408113, 156191, 597650, 123993, 39.3, 45.4, 1.00
M, 793046, 392192, 876565, 1084481, 408495, 156442, 598127, 124262, 39.3, 45.4, 1.00
M, 792607, 392423, 876134, 1083894, 408595, 156422, 598117, 124204, 39.3, 45.4, 1.00
M, 792421, 392399, 876027, 1083715, 408504, 156376, 598056, 124110, 39.3, 45.4, 0.99
M, 791811, 392250, 875420, 1083063, 408448, 156318, 597959, 124060, 39.3, 45.4, 1.00
M, 791546, 392164, 875214, 1082900, 408374, 156313, 597857, 124067, 39.3, 45.4, 1.00
M, 791441, 392229, 875182, 1082505, 408401, 156275, 597935, 123967, 39.3, 45.4, 0.98
M, 791293, 392074, 875065, 1082329, 408252, 156304, 597799, 123927, 39.3, 45.4, 1.00
M, 791310, 392086, 875259, 1082697, 408281, 156335, 597869, 124066, 39.3, 45.4, 1.00
M, 791234, 392075, 875351, 1082566, 408301, 156268, 597859, 124015, 39.3, 45.4, 1.00
M, 791446, 392052, 875466, 1082499, 408291, 156391, 597886, 123980, 39.3, 45.4, 1.00
M, 791773, 392092, 876009, 1082954, 408356, 156433, 597983, 124070, 39.3, 45.4, 1.00
M, 791814, 392063, 875966, 1082718, 408376, 156369, 597984, 124027, 39.3, 45.4, 1.00
M, 791625, 392043, 875991, 1082546, 408343, 156369, 597959, 123995, 39.3, 45.4, 1.00
M, 791432, 392023, 875862, 1082558, 408395, 156384, 597922, 124006, 39.3, 45.4, 0.99
M, 791688, 392063, 876350, 1082929, 408416, 156436, 598066, 124031, 39.3, 45.4, 1.00
M, 791717, 392025, 876254, 1082795, 408479, 156503, 598116, 124086, 39.3, 45.4, 1.00
M, 792150, 392119, 876890, 1083205, 408542, 156562, 598220, 124116, 39.3, 45.4, 1.00
M, 792173, 392176, 876972, 1083316, 408555, 156558, 598200, 124133, 39.3, 45.4, 1.00
M, 791998, 392077, 877051, 1083301, 408505, 156552, 598192, 124132, 39.3, 45.4, 0.99
M, 791994, 392028, 877167, 1083138, 408465, 156510, 598159, 124083, 39.3, 45.4, 1.00
M, 794197, 392398, 880020, 1085857, 408874, 156899, 598651, 124457, 39.3, 45.4, 1.00
M, 794025, 392562, 879570, 1085142, 408995, 156861, 598683, 124327, 39.3, 45.4, 1.00
M, 793612, 392494, 879249, 1084604, 408905, 156801, 598595, 124283, 39.3, 45.4, 0.99
M, 793261, 392365, 879039, 1084581, 408829, 156814, 598556, 124249, 39.3, 45.4, 1.00
M, 792761, 392393, 878649, 1084012, 408800, 156801, 598454, 124199, 39.3, 45.4, 1.00
M, 792654, 392224, 878461, 1083902, 408654, 156762, 598343, 124199, 39.3, 45.4, 1.00
M, 792311, 392336, 878360, 1083454, 408685, 156716, 598359, 124146, 39.3, 45.4, 1.00
M, 792281, 392161, 878105, 1083271, 408573, 156678, 598290, 124170, 39.3, 45.4, 0.99
M, 792481, 392128, 878644, 1083531, 408634, 156735, 598330, 124143, 39.3, 45.4, 1.01
M, 792445, 392127, 878771, 1083467, 408611, 156750, 598376, 124164, 39.3, 45.4, 1.01
M, 792451, 392147, 878853, 1083680, 408646, 156749, 598392, 124183, 39.3, 45.4, 1.00
M, 792765, 392142, 879270, 1084034, 408697, 156831, 598441, 124199, 39.3, 45.4, 0.99
M, 792856, 392162, 879361, 1083765, 408708, 156744, 598434, 124175, 39.3, 45.4, 1.00
M, 792740, 392134, 879313, 1083709, 408752, 156782, 598455, 124152, 39.3, 45.4, 1.00
M, 792803, 392126, 879616, 1084040, 408749, 156878, 598485, 124226, 39.3, 45.4, 1.00
M, 792876, 392162, 879683, 1084010, 408720, 156799, 598508, 124237, 39.3, 45.4, 1.00
M, 793171, 392168, 880209, 1084397, 408772, 156839, 598615, 124317, 39.3, 45.4, 1.00
M, 793163, 392091, 880331, 1084330, 408814, 156963, 598576, 124260, 39.3, 45.4, 1.01
M, 793369, 392171, 880392, 1084293, 408906, 156960, 598624, 124271, 39.3, 45.4, 1.00
M, 793337, 392128, 880545, 1084059, 408863, 156900, 598645, 124263, 39.3, 45.4, 0.99
A, 799856, 392935, 888905, 1092489, 409971, 158153, 600103, 125482, 39.3, 45.4, 0.00
A, 809842, 395332, 903076, 1106420, 412488, 159873, 602815, 127179, 39.3, 45.4, 0.64
A, 818752, 397833, 914847, 1117053, 414683, 161449, 605017, 128506, 39.3, 45.4, 0.75
A, 824106, 399652, 922607, 1124114, 415848, 162655, 606205, 129282, 39.3, 45.4, 0.83
A, 827986, 401179, 928715, 1129643, 416751, 163583, 607088, 129863, 39.3, 45.4, 0.89
A, 831045, 402808, 934098, 1133382, 417508, 164463, 607807, 130297, 39.3, 45.4, 0.92
A, 832476, 403679, 937132, 1135714, 417849, 165005, 607945, 130599, 39.3, 45.4, 0.96
A, 833704, 405063, 940834, 1137864, 418191, 165716, 608170, 130854, 39.3, 45.3, 0.97
A, 834337, 405676, 942818, 1138512, 418265, 166157, 608070, 130964, 39.3, 45.3, 0.98
A, 834541, 406331, 944934, 1139425, 418170, 166482, 607928, 131039, 39.3, 45.3, 0.99
A, 834575, 407049, 946904, 1139916, 418191, 166913, 607771, 131181, 39.2, 45.3, 0.99
A, 834152, 407606, 948228, 1139800, 417965, 167166, 607522, 131274, 39.2, 45.3, 0.99
A, 834130, 408165, 949914, 1139802, 417874, 167521, 607236, 131368, 39.2, 45.4, 1.00
A, 833260, 408612, 951026, 1138950, 417592, 167656, 606877, 131329, 39.2, 45.4, 0.99
A, 832245, 408869, 951397, 1137645, 417177, 167788, 606329, 131259, 39.2, 45.4, 0.99
A, 831145, 409021, 951783, 1136550, 416814, 167970, 605785, 131292, 39.2, 45.4, 1.00
A, 830141, 409266, 952605, 1135748, 416463, 167990, 605370, 131157, 39.2, 45.4, 1.01
A, 828940, 409289, 952862, 1134556, 416026, 168226, 604833, 131192, 39.2, 45.4, 1.00
A, 828260, 409447, 953550, 1133681, 415670, 168326, 604396, 131215, 39.2, 45.4, 1.00
A, 827261, 409560, 954283, 1132406, 415306, 168387, 603807, 131158, 39.2, 45.4, 1.00
A, 827885, 409761, 956854, 1133282, 415190, 168737, 603710, 131389, 39.2, 45.4, 1.00
A, 826629, 409897, 956975, 1131998, 414825, 168777, 603248, 131360, 39.2, 45.4, 1.01
A, 825196, 409853, 956566, 1130125, 414321, 168770, 602661, 131308, 39.2, 45.4, 1.01
A, 823696, 409727, 956384, 1128043, 413795, 168749, 601994, 131151, 39.2, 45.4, 1.00
A, 821861, 409432, 955673, 1125926, 413204, 168618, 601232, 130948, 39.2, 45.4, 1.00
A, 820560, 409169, 955386, 1124323, 412650, 168616, 600732, 130881, 39.2, 45.4, 1.00
A, 819145, 409002, 955330, 1122610, 412231, 168577, 600119, 130845, 39.2, 45.4, 0.99
A, 818012, 408717, 955121, 1121420, 411753, 168559, 599628, 130825, 39.2, 45.4, 1.00
A, 816636, 408502, 955024, 1119269, 411251, 168453, 599023, 130672, 39.2, 45.5, 0.99
A, 815768, 408222, 954847, 1118251, 410903, 168351, 598567, 130615, 39.2, 45.5, 0.99
A, 815000, 407981, 955223, 1117567, 410599, 168425, 598233, 130723, 39.2, 45.5, 0.99
A, 814001, 407769, 955006, 1116106, 410174, 168335, 597747, 130636, 39.2, 45.4, 0.99
A, 813145, 407516, 955174, 1114937, 409758, 168413, 597282, 130608, 39.2, 45.4, 0.99
A, 812567, 407295, 955577, 1114256, 409538, 168436, 596971, 130634, 39.2, 45.5, 0.99
A, 811600, 407017, 955434, 1112759, 409084, 168343, 596507, 130467, 39.2, 45.5, 1.00
A, 810699, 406725, 955308, 1111418, 408735, 168313, 596062, 130523, 39.1, 45.5, 1.00
A, 810021, 406468, 955659, 1110912, 408441, 168309, 595737, 130526, 39.1, 45.5, 1.00
A, 809155, 406248, 955528, 1109703, 408103, 168258, 595331, 130425, 39.1, 45.5, 1.01
A, 808613, 406022, 955810, 1109079, 407874, 168345, 595054, 130499, 39.1, 45.5, 1.00
A, 807958, 405772, 955805, 1107946, 407533, 168279, 594722, 130480, 39.1, 45.5, 1.00
A, 809330, 405806, 958810, 1109450, 407618, 168559, 594679, 130767, 39.1, 45.5, 1.01
A, 808183, 405665, 958086, 1107950, 407351, 168489, 594367, 130601, 39.1, 45.5, 1.00
A, 807358, 405467, 958073, 1106911, 406965, 168429, 594010, 130617, 39.1, 45.5, 1.01
A, 806395, 405181, 957692, 1105661, 406621, 168341, 593519, 130489, 39.1, 45.5, 1.00
A, 805418, 404815, 957323, 1104465, 406345, 168330, 593179, 130469, 39.1, 45.5, 1.00
A, 804674, 404547, 957102, 1103120, 405984, 168289, 592774, 130366, 39.1, 45.5, 1.01
A, 803520, 404181, 956463, 1101701, 405588, 168134, 592302, 130263, 39.1, 45.5, 1.01
A, 802074, 403813, 955436, 1099959, 405196, 168022, 591898, 130105, 39.1, 45.5, 1.01
A, 801501, 403423, 955371, 1099265, 404881, 167986, 591493, 130095, 39.1, 45.5, 0.99
A, 801316, 403230, 955827, 1098856, 404715, 167985, 591303, 130152, 39.1, 45.5, 1.00
A, 800849, 403111, 955981, 1098154, 404526, 167912, 591053, 130170, 39.1, 45.5, 1.01
A, 800319, 402821, 956026, 1097236, 404233, 167902, 590728, 130061, 39.1, 45.5, 1.02
A, 799751, 402470, 955693, 1096205, 403903, 167817, 590448, 130001, 39.1, 45.6, 0.99
A, 799010, 402179, 955554, 1095530, 403713, 167806, 590172, 130045, 39.1, 45.6, 0.99
A, 798831, 401948, 955982, 1095211, 403639, 167763, 589981, 130020, 39.1, 45.6, 1.01
A, 798222, 401841, 955804, 1094589, 403382, 167773, 589777, 130109, 39.1, 45.6, 1.01
A, 798233, 401646, 956160, 1094130, 403266, 167798, 589614, 130059, 39.1, 45.6, 1.00
A, 797733, 401402, 956334, 1093432, 403061, 167738, 589375, 129970, 39.1, 45.6, 1.00
A, 797026, 401165, 955238, 1091600, 402722, 167543, 589035, 129879, 39.1, 45.6, 0.99
A, 796453, 400913, 955590, 1091537, 402526, 167514, 588806, 129904, 39.1, 45.6, 1.00
A, 797297, 400828, 957383, 1092789, 402549, 167753, 588812, 130120, 39.1, 45.6, 1.00
A, 797053, 400853, 957444, 1092026, 402511, 167746, 588671, 130056, 39.1, 45.6, 0.99
A, 796385, 400605, 956955, 1090844, 402190, 167674, 588348, 129997, 39.1, 45.6, 0.99
A, 795741, 400304, 956823, 1090358, 402027, 167549, 588079, 129927, 39.1, 45.6, 1.00
A, 795201, 400104, 956768, 1089845, 401817, 167534, 587835, 129928, 39.1, 45.6, 1.01
A, 794731, 399850, 956551, 1089070, 401663, 167544, 587643, 129908, 39.1, 45.6, 0.99
A, 794438, 399748, 956692, 1088225, 401457, 167436, 587496, 129812, 39.1, 45.6, 1.00
A, 793881, 399430, 956351, 1087618, 401235, 167389, 587193, 129830, 39.1, 45.6, 1.00
A, 792775, 399204, 955289, 1086112, 400899, 167281, 586867, 129639, 39.1, 45.6, 1.00
A, 792593, 398948, 955420, 1085809, 400799, 167267, 586636, 129653, 39.1, 45.6, 1.00
A, 792482, 398845, 955837, 1085817, 400667, 167240, 586533, 129751, 39.1, 45.6, 1.00
A, 792059, 398648, 955849, 1085328, 400562, 167235, 586354, 129733, 39.1, 45.6, 1.01
A, 791941, 398497, 955800, 1084590, 400431, 167128, 586203, 129683, 39.1, 45.6, 1.01
A, 791573, 398314, 955520, 1083812, 400184, 167083, 586016, 129614, 39.1, 45.7, 1.01
A, 790995, 398099, 955418, 1083598, 400084, 167024, 585813, 129628, 39.1, 45.7, 1.00
A, 790746, 397840, 955329, 1083158, 399863, 167034, 585657, 129602, 39.1, 45.7, 1.01
A, 790531, 397771, 955394, 1082654, 399832, 166999, 585510, 129582, 39.1, 45.7, 1.00
A, 790609, 397675, 955923, 1082812, 399708, 167001, 585390, 129592, 39.1, 45.7, 1.01
A, 790425, 397559, 955923, 1082368, 399548, 166979, 585261, 129553, 39.1, 45.7, 1.00
A, 789958, 397306, 955465, 1081454, 399379, 166881, 585062, 129493, 39.1, 45.6, 1.00
A, 791357, 397427, 957964, 1083393, 399675, 167128, 585229, 129807, 39.1, 45.6, 1.00
A, 791131, 397445, 958072, 1083064, 399627, 167173, 585172, 129747, 39.1, 45.7, 1.01
A, 790476, 397265, 957566, 1082370, 399408, 167067, 584957, 129749, 39.1, 45.7, 1.00
A, 790403, 397203, 957612, 1081866, 399280, 167127, 584862, 129691, 39.1, 45.7, 1.00
A, 789986, 397073, 957454, 1081333, 399190, 166984, 584645, 129596, 39.1, 45.7, 1.00
A, 789348, 396826, 957026, 1080454, 398883, 166841, 584421, 129532, 39.1, 45.7, 1.01
A, 789087, 396687, 956975, 1080101, 398818, 166871, 584273, 129542, 39.1, 45.7, 1.01
A, 788405, 396549, 956264, 1079027, 398621, 166784, 584054, 129501, 39.1, 45.7, 0.99
A, 787969, 396392, 956183, 1078733, 398395, 166727, 583825, 129453, 39.1, 45.7, 1.00
A, 787669, 396263, 956079, 1078033, 398403, 166665, 583788, 129438, 39.1, 45.7, 1.00
A, 787357, 396095, 955976, 1077884, 398180, 166624, 583488, 129415, 39.1, 45.7, 1.00
A, 787205, 395977, 956027, 1077681, 398085, 166608, 583368, 129382, 39.1, 45.7, 1.00
A, 787083, 395886, 955994, 1077434, 397999, 166574, 583343, 129392, 39.1, 45.7, 1.00
A, 786971, 395718, 956066, 1076939, 397867, 166569, 583169, 129387, 39.1, 45.7, 1.00
A, 786961, 395688, 956454, 1077082, 397883, 166540, 583133, 129370, 39.1, 45.7, 1.01
A, 786800, 395543, 956463, 1076843, 397792, 166451, 583000, 129338, 39.1, 45.7, 1.00
A, 786558, 395514, 956217, 1076262, 397615, 166460, 582835, 129359, 39.1, 45.7, 1.01
A, 786451, 395383, 956470, 1076252, 397572, 166462, 582775, 129313, 39.1, 45.7, 1.00
A, 786266, 395355, 956543, 1076014, 397536, 166423, 582641, 129342, 39.1, 45.7, 1.01
A, 786164, 395172, 956424, 1075298, 397378, 166331, 582519, 129255, 39.1, 45.7, 1.01
A, 787526, 395332, 958706, 1077224, 397593, 166644, 582812, 129537, 39.1, 45.7, 1.00
A, 787132, 395339, 958641, 1076961, 397576, 166571, 582655, 129467, 39.1, 45.7, 1.01
A, 786581, 395222, 957953, 1076189, 397383, 166518, 582530, 129403, 39.1, 45.7, 1.00
A, 786180, 395174, 957659, 1075336, 397246, 166464, 582318, 129444, 39.1, 45.7, 1.01
A, 786088, 395117, 957745, 1075308, 397169, 166490, 582262, 129372, 39.1, 45.7, 0.99
A, 785447, 394911, 957263, 1074590, 397063, 166325, 582056, 129263, 39.1, 45.7, 1.00
A, 784978, 394733, 956527, 1073626, 396829, 166233, 581822, 129212, 39.1, 45.7, 0.99
A, 784829, 394656, 956796, 1073735, 396726, 166241, 581776, 129188, 39.1, 45.7, 1.01
A, 784128, 394451, 955962, 1072814, 396648, 166129, 581618, 129135, 39.1, 45.8, 1.01
A, 783833, 394320, 955932, 1072595, 396411, 166116, 581434, 129186, 39.1, 45.8, 0.99
A, 783616, 394278, 955846, 1071990, 396399, 166037, 581319, 129043, 39.1, 45.8, 0.99
A, 783331, 394016, 955655, 1071664, 396233, 165991, 581166, 129073, 39.1, 45.8, 1.01
A, 783410, 394025, 955844, 1071690, 396265, 166034, 581110, 129127, 39.1, 45.8, 1.01
A, 783139, 393909, 955646, 1071111, 396112, 165953, 580991, 129062, 39.1, 45.8, 1.00
A, 782926, 393756, 955758, 1071188, 396046, 165923, 580888, 129095, 39.1, 45.8, 1.00
A, 783049, 393826, 956005, 1071179, 396032, 165993, 580898, 129148, 39.1, 45.8, 1.00
A, 783125, 393700, 956279, 1070971, 395949, 165915, 580824, 129095, 39.1, 45.8, 1.00
A, 782779, 393536, 956153, 1070787, 395879, 165844, 580696, 129062, 39.0, 45.8, 1.00
A, 782460, 393501, 955990, 1070581, 395775, 165860, 580650, 129038, 39.0, 45.8, 1.01
A, 782490, 393478, 956138, 1070548, 395775, 165747, 580544, 129047, 39.0, 45.8, 1.00
A, 784155, 393647, 958565, 1072415, 396056, 166106, 580885, 129393, 39.0, 45.8, 1.00
A, 784286, 393800, 958831, 1072432, 396068, 166131, 580934, 129341, 39.0, 45.8, 0.99
A, 783829, 393710, 958476, 1071938, 395964, 166043, 580774, 129291, 39.0, 45.8, 1.01
A, 783444, 393630, 958077, 1071224, 395834, 165982, 580561, 129184, 39.0, 45.8, 1.00
A, 782971, 393412, 957652, 1070626, 395747, 165928, 580441, 129134, 39.0, 45.8, 0.99
A, 782688, 393399, 957722, 1070693, 395636, 165931, 580327, 129183, 39.0, 45.8, 1.01
A, 782501, 393353, 957434, 1069891, 395567, 165799, 580254, 129090, 39.0, 45.8, 1.00
A, 782136, 393203, 957046, 1069349, 395430, 165695, 580057, 129014, 39.0, 45.8, 0.99
A, 781710, 393080, 956766, 1069185, 395283, 165738, 579975, 128962, 39.0, 45.8, 1.00
A, 781132, 392980, 956014, 1068202, 395150, 165617, 579771, 128907, 39.0, 45.8, 1.01
A, 780897, 392784, 956050, 1068004, 395093, 165581, 579673, 128899, 39.0, 45.8, 0.99
A, 780357, 392752, 955502, 1067528, 394981, 165480, 579548, 128898, 39.0, 45.8, 1.01
A, 780385, 392599, 955530, 1067097, 394827, 165433, 579436, 128855, 39.0, 45.8, 1.00
A, 780418, 392475, 955951, 1067586, 394816, 165430, 579412, 128881, 39.0, 45.8, 1.00
A, 780325, 392397, 955919, 1067360, 394772, 165338, 579349, 128886, 39.0, 45.8, 1.00
A, 779881, 392329, 955342, 1066790, 394677, 165317, 579215, 128840, 39.0, 45.8, 1.00
A, 780038, 392312, 955919, 1067199, 394697, 165448, 579280, 128878, 39.0, 45.8, 1.01
A, 780143, 392363, 956017, 1066806, 394640, 165346, 579182, 128863, 39.0, 45.8, 1.00
A, 779792, 392191, 955837, 1066560, 394567, 165247, 579109, 128832, 39.0, 45.8, 1.01
A, 780026, 392221, 956089, 1066748, 394563, 165321, 579095, 128880, 39.0, 45.8, 1.00
A, 781715, 392434, 958698, 1068790, 394848, 165606, 579493, 129180, 39.0, 45.8, 0.99
A, 781739, 392641, 958812, 1068863, 394939, 165584, 579502, 129159, 39.0, 45.8, 1.00
A, 781256, 392559, 958468, 1068429, 394834, 165542, 579344, 129010, 39.0, 45.8, 1.00
A, 781228, 392529, 958509, 1067979, 394778, 165452, 579296, 128928, 39.0, 45.8, 0.99
A, 780791, 392469, 958011, 1067627, 394672, 165398, 579098, 128940, 39.0, 45.8, 1.00
A, 780341, 392381, 957525, 1067294, 394558, 165367, 579023, 128933, 39.0, 45.8, 1.00
A, 780356, 392303, 957822, 1067241, 394477, 165411, 578970, 128938, 39.0, 45.8, 1.00
A, 780186, 392231, 957688, 1066841, 394464, 165357, 578910, 128907, 39.0, 45.8, 1.00
A, 780150, 392247, 957741, 1066681, 394404, 165323, 578836, 128872, 39.0, 45.8, 1.00
A, 779816, 392164, 957489, 1066250, 394310, 165312, 578750, 128858, 39.0, 45.8, 1.01
A, 779382, 392087, 957089, 1065829, 394269, 165091, 578578, 128823, 39.0, 45.9, 1.00
A, 779138, 391920, 957044, 1065655, 394180, 165136, 578526, 128792, 39.0, 45.9, 1.00
A, 778714, 391795, 956470, 1064913, 394082, 165083, 578367, 128782, 39.0, 45.9, 1.01
A, 778573, 391733, 956337, 1064577, 393946, 164967, 578284, 128708, 39.0, 45.9, 1.01
A, 778357, 391683, 956500, 1064788, 393894, 165060, 578243, 128692, 39.0, 45.9, 0.99
A, 778399, 391628, 956455, 1064646, 393895, 165017, 578175, 128683, 39.0, 45.9, 1.00
A, 778310, 391549, 956279, 1064450, 393779, 164999, 578167, 128755, 39.0, 45.9, 1.01
A, 778476, 391588, 956819, 1064581, 393846, 165025, 578159, 128796, 39.0, 45.9, 0.99
A, 778403, 391532, 956627, 1064399, 393797, 164896, 578141, 128729, 39.0, 45.9, 0.99
A, 777804, 391486, 955976, 1063782, 393665, 164844, 577960, 128659, 39.0, 45.9, 1.00
A, 779380, 391577, 958548, 1065900, 393894, 165117, 578236, 128898, 39.0, 45.9, 0.99
A, 779374, 391698, 958646, 1065879, 393965, 165071, 578230, 128924, 39.0, 45.9, 1.00
A, 778929, 391678, 958079, 1065431, 393918, 165099, 578155, 128887, 39.0, 45.9, 1.00
A, 779023, 391638, 958459, 1065458, 393858, 165052, 578118, 128875, 39.0, 45.9, 1.01
A, 778825, 391596, 958287, 1064982, 393831, 164993, 578039, 128814, 39.0, 45.9, 0.99
A, 778327, 391537, 957673, 1064356, 393704, 164857, 577910, 128780, 39.0, 45.9, 0.99
A, 777892, 391374, 957093, 1063879, 393553, 164896, 577739, 128743, 39.0, 45.9, 0.99
A, 777898, 391394, 957485, 1063832, 393539, 164837, 577683, 128697, 39.0, 45.9, 0.99
A, 777622, 391332, 957325, 1063834, 393509, 164844, 577678, 128700, 39.0, 45.9, 1.01
A, 777736, 391387, 957435, 1063756, 393570, 164843, 577699, 128726, 39.0, 45.9, 1.00
A, 777613, 391225, 957429, 1063510, 393443, 164804, 577557, 128715, 39.0, 45.9, 0.99
A, 777108, 391206, 957036, 1063018, 393416, 164697, 577440, 128596, 39.0, 45.9, 0.99
A, 776994, 391086, 956840, 1062988, 393296, 164713, 577392, 128664, 39.0, 45.9, 1.01
A, 777143, 390991, 957322, 1063000, 393321, 164729, 577407, 128696, 39.0, 45.9, 1.00
A, 777220, 391061, 957433, 1063108, 393281, 164733, 577412, 128697, 39.0, 45.9, 0.99
A, 777087, 391023, 957491, 1063049, 393281, 164720, 577349, 128699, 39.0, 45.9, 0.99
A, 776976, 391017, 957261, 1062793, 393235, 164665, 577273, 128646, 39.0, 45.9, 1.01
A, 776730, 390884, 957192, 1062595, 393152, 164575, 577195, 128601, 39.0, 45.9, 0.99
A, 776790, 390830, 957307, 1062617, 393118, 164645, 577183, 128664, 39.0, 46.0, 0.99
A, 776428, 390798, 956966, 1062331, 393050, 164588, 577063, 128599, 39.0, 46.0, 1.00
A, 778446, 391086, 959969, 1064899, 393464, 164863, 577520, 128985, 39.0, 45.9, 1.00
A, 778118, 391225, 959676, 1064295, 393406, 164752, 577521, 128886, 39.0, 45.9, 1.00
A, 777523, 391149, 958949, 1063496, 393279, 164704, 577349, 128738, 39.0, 45.9, 1.00
A, 777256, 390996, 958536, 1063032, 393211, 164740, 577209, 128711, 39.0, 45.9, 1.00
A, 777169, 391068, 958711, 1062987, 393172, 164657, 577220, 128718, 39.0, 46.0, 1.01
A, 776857, 391033, 958494, 1062838, 393142, 164657, 577145, 128715, 39.0, 46.0, 1.00
A, 776899, 390933, 958807, 1062992, 393105, 164727, 577137, 128791, 39.0, 46.0, 1.00
A, 776830, 390976, 958760, 1062747, 393078, 164589, 577044, 128584, 39.0, 46.0, 1.00
A, 776367, 390826, 958234, 1062227, 392981, 164582, 576934, 128659, 39.0, 46.0, 1.00
A, 776091, 390770, 957961, 1062036, 392885, 164489, 576867, 128684, 39.0, 46.0, 1.01
A, 775931, 390734, 957670, 1061435, 392863, 164439, 576848, 128577, 39.0, 46.0, 0.99
A, 775694, 390621, 957478, 1061195, 392785, 164355, 576710, 128523, 39.0, 46.0, 1.00
A, 775088, 390556, 956979, 1060822, 392757, 164311, 576604, 128447, 39.0, 46.0, 1.00
A, 775012, 390391, 956773, 1060474, 392572, 164235, 576469, 128507, 39.0, 46.0, 0.99
A, 775156, 390440, 957314, 1060881, 392634, 164356, 576522, 128572, 39.0, 46.0, 1.00
A, 774904, 390377, 956948, 1060535, 392592, 164246, 576492, 128489, 39.0, 46.0, 0.99
A, 774899, 390322, 956806, 1060153, 392496, 164217, 576423, 128476, 39.0, 46.0, 1.00
A, 774805, 390258, 956743, 1059930, 392452, 164134, 576360, 128439, 39.0, 46.0, 1.00
A, 774607, 390193, 956839, 1060052, 392403, 164175, 576295, 128449, 39.0, 46.0, 1.00
A, 774724, 390121, 957051, 1060252, 392452, 164165, 576323, 128431, 39.0, 46.0, 0.99
A, 776441, 390431, 959429, 1062432, 392771, 164444, 576713, 128811, 39.0, 46.0, 1.00
A, 776494, 390618, 959646, 1062250, 392857, 164484, 576818, 128764, 39.0, 46.0, 1.01
A, 776012, 390601, 958947, 1061597, 392752, 164343, 576626, 128613, 39.0, 46.0, 1.01
A, 775319, 390403, 958302, 1060981, 392604, 164231, 576482, 128551, 39.0, 46.0, 1.00
A, 775105, 390329, 958119, 1060718, 392527, 164260, 576389, 128509, 39.0, 46.0, 1.00
A, 775080, 390335, 958350, 1060910, 392551, 164246, 576404, 128604, 39.0, 46.0, 1.00
A, 774865, 390310, 957845, 1060550, 392452, 164158, 576339, 128565, 39.0, 46.0, 1.00
A, 774817, 390309, 958080, 1060653, 392448, 164118, 576315, 128609, 39.0, 46.0, 1.01
A, 774897, 390252, 958190, 1060380, 392383, 164154, 576279, 128492, 39.0, 46.0, 1.01
A, 774353, 390237, 957607, 1059850, 392330, 164054, 576151, 128466, 39.0, 46.0, 1.01
A, 774219, 390098, 957391, 1059728, 392220, 164092, 576126, 128513, 39.0, 46.0, 1.01
A, 774206, 390035, 957440, 1059536, 392295, 163929, 576091, 128429, 39.0, 46.0, 1.00
A, 773940, 389944, 957232, 1059423, 392164, 164013, 575983, 128424, 39.0, 46.0, 1.01
A, 773680, 389992, 957028, 1058921, 392228, 163927, 575933, 128380, 39.0, 46.0, 1.01
A, 773587, 389821, 957004, 1058909, 392086, 163853, 575893, 128310, 39.0, 46.0, 0.99
A, 773645, 389807, 957230, 1059173, 392126, 163859, 575837, 128386, 39.0, 46.0, 1.00
A, 773602, 389790, 957237, 1059123, 392064, 163857, 575886, 128391, 39.0, 46.0, 0.99
A, 773681, 389829, 957202, 1058931, 392050, 163864, 575895, 128391, 39.0, 46.0, 0.99
A, 773882, 389790, 957769, 1059292, 392092, 163905, 575925, 128469, 39.0, 46.0, 1.01
A, 773759, 389742, 957656, 1059352, 392080, 163857, 575919, 128435, 39.0, 46.0, 1.01
A, 775425, 389992, 960164, 1061393, 392403, 164128, 576278, 128675, 39.0, 46.0, 1.00
A, 775453, 390181, 960188, 1061322, 392461, 164148, 576329, 128685, 39.0, 46.0, 1.00
A, 775146, 390175, 959842, 1060915, 392374, 164122, 576179, 128629, 39.0, 46.0, 1.01
A, 775045, 390127, 959570, 1060371, 392358, 164090, 576113, 128520, 39.0, 46.0, 0.99
A, 774543, 390036, 959250, 1059912, 392227, 163905, 575941, 128514, 39.0, 46.0, 1.00
A, 774116, 389991, 958964, 1059819, 392160, 163948, 575961, 128495, 39.0, 46.0, 1.00
A, 774179, 389900, 959086, 1059889, 392146, 163943, 575958, 128510, 39.0, 46.0, 1.00
A, 773933, 389931, 958738, 1059499, 392074, 163957, 575903, 128540, 39.0, 46.0, 1.01
A, 773990, 389945, 959136, 1059537, 392204, 163895, 575886, 128495, 39.0, 46.0, 0.99
A, 773679, 389862, 958623, 1059232, 392090, 163805, 575860, 128473, 39.0, 46.0, 1.01
A, 773565, 389821, 958509, 1058981, 391991, 163779, 575783, 128410, 39.0, 46.0, 1.00
A, 773316, 389742, 958381, 1058935, 391904, 163750, 575713, 128389, 39.0, 46.0, 1.00
A, 772980, 389724, 958008, 1058360, 391900, 163691, 575614, 128340, 39.0, 46.1, 0.99
A, 772715, 389679, 957817, 1058345, 391786, 163680, 575573, 128414, 39.0, 46.1, 1.00
A, 772639, 389658, 957767, 1058007, 391838, 163573, 575538, 128312, 39.0, 46.0, 1.00
A, 772463, 389681, 957632, 1057817, 391744, 163559, 575482, 128270, 39.0, 46.0, 0.99
A, 772611, 389513, 957771, 1058167, 391759, 163695, 575488, 128360, 39.0, 46.0, 1.00
A, 772654, 389532, 957824, 1058061, 391696, 163601, 575498, 128343, 39.0, 46.1, 1.01
A, 772579, 389511, 957953, 1058054, 391749, 163577, 575483, 128325, 39.0, 46.1, 1.00
A, 772875, 389457, 958416, 1058501, 391830, 163648, 575573, 128397, 39.0, 46.1, 1.01
A, 774975, 389850, 961351, 1060782, 392254, 163990, 576047, 128726, 39.0, 46.1, 1.00
A, 774533, 389963, 960923, 1060196, 392243, 163865, 575927, 128570, 39.0, 46.1, 0.99
A, 774094, 389909, 960542, 1060043, 392129, 163859, 575911, 128563, 39.0, 46.1, 1.00
A, 773702, 389862, 960093, 1059598, 392022, 163860, 575821, 128519, 39.0, 46.1, 1.00
A, 773380, 389774, 959701, 1059083, 391934, 163758, 575618, 128506, 39.0, 46.1, 1.00
A, 773368, 389683, 959918, 1059189, 391927, 163735, 575619, 128481, 39.0, 46.1, 1.00
A, 773095, 389748, 959721, 1059043, 391855, 163705, 575605, 128479, 39.0, 46.1, 1.01
A, 772852, 389680, 959260, 1058514, 391797, 163666, 575452, 128388, 39.0, 46.1, 1.00
A, 772531, 389486, 959132, 1058262, 391660, 163626, 575392, 128347, 39.0, 46.1, 1.00
A, 772652, 389530, 959313, 1058377, 391728, 163609, 575424, 128383, 39.0, 46.1, 1.00
A, 772514, 389521, 959106, 1057908, 391738, 163619, 575367, 128333, 39.0, 46.1, 1.00
A, 772266, 389426, 958863, 1057534, 391638, 163498, 575318, 128278, 39.0, 46.1, 1.00
A, 771921, 389411, 958638, 1057595, 391582, 163456, 575219, 128300, 39.0, 46.1, 1.01
A, 771596, 389367, 958190, 1057042, 391586, 163387, 575194, 128242, 39.0, 46.1, 1.02
A, 771552, 389277, 958157, 1057003, 391472, 163415, 575085, 128295, 39.0, 46.1, 1.00
A, 771021, 389301, 957589, 1056248, 391450, 163256, 575080, 128177, 39.0, 46.1, 1.02
A, 770853, 389147, 957427, 1056254, 391277, 163281, 574957, 128154, 39.0, 46.1, 1.00
A, 771126, 389193, 957822, 1056551, 391354, 163257, 574974, 128187, 39.0, 46.1, 1.00
A, 771116, 389133, 957844, 1056575, 391317, 163266, 574982, 128181, 39.0, 46.1, 1.01
A, 771040, 389051, 957900, 1056588, 391360, 163287, 575020, 128246, 39.0, 46.1, 1.00
A, 773197, 389447, 960864, 1059314, 391810, 163639, 575490, 128619, 39.0, 46.1, 1.01
A, 773159, 389571, 960857, 1058957, 391890, 163566, 575606, 128501, 39.0, 46.1, 1.00
A, 772675, 389519, 960264, 1058444, 391777, 163476, 575450, 128453, 39.0, 46.1, 1.00
A, 772422, 389432, 960034, 1058417, 391711, 163464, 575320, 128387, 39.0, 46.1, 0.99
A, 772225, 389387, 959609, 1057891, 391634, 163438, 575273, 128412, 39.0, 46.1, 1.01
A, 772017, 389376, 959500, 1057710, 391540, 163314, 575145, 128416, 39.0, 46.1, 1.00
A, 772051, 389408, 959727, 1057892, 391577, 163376, 575170, 128357, 39.0, 46.1, 1.00
A, 772003, 389401, 959670, 1057467, 391606, 163340, 575147, 128318, 39.0, 46.1, 0.99
A, 771647, 389294, 959420, 1057305, 391501, 163317, 575119, 128316, 39.0, 46.1, 1.00
A, 771699, 389282, 959517, 1057457, 391516, 163350, 575125, 128317, 39.0, 46.1, 1.00
A, 771420, 389308, 959161, 1057261, 391460, 163388, 574990, 128342, 39.0, 46.1, 1.01
A, 771367, 389208, 959185, 1056906, 391432, 163200, 575003, 128196, 39.0, 46.1, 1.00
A, 770959, 389154, 958834, 1056500, 391371, 163177, 574894, 128279, 39.0, 46.1, 0.99
A, 770745, 389023, 958648, 1056635, 391291, 163185, 574835, 128212, 39.0, 46.1, 1.00
A, 770659, 389103, 958509, 1056130, 391309, 163109, 574852, 128165, 39.0, 46.1, 0.99
A, 770550, 388934, 958386, 1056214, 391237, 163089, 574769, 128165, 39.0, 46.1, 1.00
A, 770307, 388965, 958015, 1055741, 391204, 163055, 574813, 128148, 39.0, 46.1, 0.99
A, 770208, 388838, 957949, 1055450, 391135, 162975, 574677, 128141, 39.0, 46.1, 1.01
A, 770274, 388831, 958244, 1055889, 391100, 163006, 574718, 128138, 39.0, 46.1, 1.00
A, 770128, 388785, 958170, 1055827, 391127, 162986, 574689, 128210, 39.0, 46.1, 1.02
A, 771817, 388960, 960521, 1057865, 391392, 163278, 575071, 128479, 39.0, 46.1, 0.99
A, 771997, 389143, 960736, 1057962, 391552, 163264, 575148, 128413, 39.0, 46.1, 1.00
A, 771428, 389078, 960082, 1057211, 391469, 163190, 575049, 128322, 39.0, 46.1, 1.00
A, 770983, 389074, 959503, 1056793, 391316, 163144, 574925, 128299, 39.0, 46.1, 1.01
A, 771228, 389050, 959868, 1056952, 391273, 163081, 574921, 128308, 39.0, 46.1, 1.00
A, 771002, 389044, 959732, 1056788, 391368, 163067, 574883, 128258, 39.0, 46.1, 1.00
A, 770684, 388946, 959491, 1056611, 391251, 163066, 574878, 128274, 39.0, 46.1, 1.01
A, 770751, 389081, 959738, 1056878, 391385, 163117, 574894, 128334, 39.0, 46.1, 1.00
A, 770834, 388990, 959799, 1056567, 391313, 163003, 574849, 128234, 39.0, 46.1, 1.00
A, 770457, 388933, 959418, 1056209, 391177, 162970, 574780, 128171, 39.0, 46.1, 0.99
A, 770216, 388877, 959058, 1056052, 391081, 162926, 574701, 128198, 39.0, 46.1, 1.00
A, 770529, 388856, 959436, 1056212, 391180, 163049, 574759, 128253, 39.0, 46.1, 0.99
A, 770361, 388882, 959391, 1056111, 391177, 162977, 574724, 128232, 39.0, 46.1, 0.99
A, 770475, 388977, 959514, 1056194, 391246, 162989, 574734, 128227, 39.0, 46.1, 1.00
A, 770305, 388885, 959529, 1055977, 391179, 162901, 574715, 128200, 39.0, 46.1, 1.01
A, 769976, 388817, 959088, 1055559, 391167, 162872, 574682, 128178, 39.0, 46.1, 1.00
A, 769622, 388666, 958832, 1055554, 391047, 162905, 574582, 128130, 39.0, 46.1, 1.01
A, 769504, 388689, 958527, 1055178, 391039, 162748, 574585, 128041, 39.0, 46.1, 1.00
A, 769414, 388651, 958463, 1054922, 390947, 162710, 574486, 128036, 39.0, 46.1, 1.00
A, 769372, 388608, 958561, 1055318, 390968, 162796, 574529, 128091, 39.0, 46.1, 1.01
A, 770868, 388731, 960751, 1057092, 391196, 162963, 574831, 128381, 39.0, 46.1, 0.99
A, 769856, 388848, 959517, 1055864, 391221, 162880, 574707, 128183, 39.0, 46.1, 1.00
A, 770288, 388777, 960047, 1056265, 391166, 162884, 574785, 128295, 39.0, 46.1, 1.00
A, 770332, 388762, 959807, 1055917, 391154, 162929, 574699, 128248, 39.0, 46.1, 1.00
A, 769962, 388786, 959524, 1055589, 391149, 162836, 574636, 128237, 39.0, 46.1, 1.00
A, 769967, 388735, 959796, 1055962, 391171, 162851, 574658, 128272, 39.0, 46.1, 1.00
A, 769676, 388617, 959529, 1055685, 391096, 162835, 574586, 128177, 39.0, 46.1, 1.00
A, 769580, 388594, 959328, 1055450, 390943, 162804, 574521, 128237, 39.0, 46.1, 0.99
A, 769955, 388706, 959878, 1055828, 391098, 162877, 574631, 128263, 39.0, 46.1, 1.00
A, 769733, 388670, 959786, 1055648, 391117, 162819, 574633, 128210, 39.0, 46.1, 0.99
A, 769363, 388571, 959579, 1055470, 391019, 162798, 574523, 128098, 39.0, 46.2, 1.00
A, 769279, 388532, 959433, 1055310, 391019, 162798, 574464, 128094, 39.0, 46.2, 1.01
A, 769228, 388521, 959487, 1055309, 390989, 162689, 574523, 128206, 39.0, 46.2, 0.99
A, 769372, 388575, 959667, 1055496, 390979, 162729, 574481, 128204, 39.0, 46.2, 1.00
A, 769459, 388602, 959622, 1055182, 390975, 162659, 574473, 128159, 39.0, 46.2, 1.00
A, 769161, 388461, 959548, 1055128, 390938, 162639, 574457, 128122, 39.0, 46.2, 1.00
A, 768457, 388473, 958596, 1054312, 390869, 162603, 574331, 128033, 39.0, 46.1, 1.00
A, 768520, 388300, 958601, 1054343, 390820, 162593, 574331, 128123, 39.0, 46.1, 1.00
A, 768855, 388346, 959231, 1054784, 390921, 162651, 574346, 128157, 39.0, 46.1, 0.99
A, 768954, 388427, 959452, 1055002, 390987, 162623, 574376, 128138, 39.0, 46.2, 1.00
A, 771091, 388627, 962457, 1057499, 391347, 163038, 574923, 128527, 39.0, 46.2, 1.00
A, 770724, 388853, 962087, 1056954, 391383, 162930, 574818, 128404, 39.0, 46.2, 1.00
A, 770242, 388774, 961420, 1056551, 391317, 162857, 574737, 128348, 39.0, 46.2, 1.00
A, 770045, 388779, 961451, 1056483, 391254, 162811, 574671, 128300, 39.0, 46.2, 0.99
A, 769821, 388709, 961165, 1056151, 391163, 162871, 574607, 128324, 39.0, 46.2, 1.00
A, 769749, 388745, 961151, 1056088, 391163, 162868, 574623, 128283, 39.0, 46.2, 1.01
A, 769490, 388700, 961071, 1055899, 391142, 162761, 574657, 128238, 39.0, 46.2, 1.01
A, 769105, 388559, 960556, 1055489, 391030, 162708, 574485, 128206, 39.0, 46.2, 1.00
A, 768982, 388478, 960401, 1055173, 390976, 162675, 574415, 128142, 39.0, 46.2, 1.00
A, 769033, 388557, 960575, 1055458, 391007, 162727, 574439, 128222, 39.0, 46.2, 1.00
A, 768904, 388547, 960243, 1054890, 390969, 162650, 574477, 128152, 39.0, 46.2, 0.99
A, 768614, 388414, 959865, 1054479, 390941, 162632, 574296, 128151, 39.0, 46.2, 1.00
A, 768410, 388409, 959949, 1054609, 390904, 162534, 574323, 128110, 39.0, 46.2, 1.00
A, 768480, 388364, 960262, 1054824, 390880, 162583, 574273, 128111, 39.0, 46.2, 1.00
A, 768372, 388299, 959907, 1054591, 390844, 162577, 574328, 128152, 39.0, 46.2, 1.01
A, 768486, 388419, 960036, 1054517, 390908, 162446, 574287, 128077, 39.0, 46.2, 0.99
A, 768334, 388266, 959962, 1054286, 390881, 162514, 574229, 128108, 39.0, 46.2, 0.99
A, 767896, 388331, 959260, 1053724, 390821, 162514, 574236, 128078, 39.0, 46.2, 1.01
A, 767789, 388256, 959535, 1053976, 390778, 162409, 574138, 128085, 39.0, 46.2, 0.99
A, 767837, 388257, 959873, 1054249, 390780, 162496, 574145, 128117, 39.0, 46.2, 1.01
A, 769710, 388441, 962466, 1056493, 391181, 162747, 574620, 128444, 39.0, 46.2, 1.00
A, 769607, 388710, 962106, 1055902, 391248, 162690, 574630, 128322, 39.0, 46.2, 1.00
A, 769119, 388483, 961450, 1055388, 391073, 162629, 574539, 128234, 39.0, 46.2, 1.00
A, 768499, 388378, 960884, 1055045, 390995, 162562, 574354, 128212, 39.0, 46.2, 1.00
A, 768393, 388431, 960776, 1054960, 390976, 162545, 574382, 128151, 39.0, 46.2, 1.00
A, 768187, 388297, 960564, 1054537, 390851, 162540, 574295, 128161, 39.0, 46.2, 1.00
A, 768286, 388332, 960797, 1054827, 390840, 162573, 574310, 128162, 39.0, 46.2, 1.01
A, 768245, 388323, 960614, 1054410, 390797, 162430, 574271, 128157, 39.0, 46.2, 0.99
A, 767955, 388219, 960256, 1054104, 390803, 162365, 574151, 128119, 39.0, 46.2, 1.01
A, 767764, 388238, 960234, 1054189, 390774, 162393, 574169, 128071, 39.0, 46.2, 1.00
A, 767829, 388301, 960481, 1054376, 390824, 162446, 574220, 128166, 39.0, 46.2, 1.00
A, 767850, 388258, 960294, 1054118, 390780, 162430, 574222, 128172, 39.0, 46.2, 0.99
A, 767952, 388248, 960648, 1054314, 390866, 162512, 574191, 128216, 39.0, 46.2, 1.01
A, 767895, 388243, 960603, 1054210, 390857, 162406, 574167, 128168, 39.0, 46.2, 1.01
A, 767503, 388170, 960102, 1053909, 390794, 162373, 574134, 128103, 39.0, 46.2, 1.01
A, 767715, 388164, 960508, 1054024, 390773, 162392, 574152, 128140, 39.0, 46.2, 1.01
A, 767280, 388088, 959911, 1053557, 390728, 162282, 574105, 127993, 39.0, 46.2, 1.02
A, 766946, 387969, 959720, 1053509, 390649, 162313, 574009, 128060, 39.0, 46.2, 1.02
A, 767117, 388059, 959824, 1053394, 390691, 162259, 574117, 128019, 39.0, 46.2, 1.00
A, 767021, 387943, 959826, 1053433, 390697, 162269, 574021, 128009, 39.0, 46.2, 1.00
M, 765042, 387882, 955992, 1049224, 390347, 161627, 573532, 127220, 39.0, 46.2, 0.05
M, 755915, 385852, 943750, 1038883, 387974, 160096, 570609, 125897, 39.0, 46.2, 0.59
M, 748097, 383514, 932095, 1028333, 385585, 158538, 567697, 124553, 39.0, 46.2, 0.72
M, 742516, 381618, 924151, 1021551, 383871, 157480, 565924, 123794, 39.0, 46.2, 0.78
M, 737359, 379930, 915976, 1014669, 382511, 156325, 564754, 122911, 39.0, 46.2, 0.88
M, 733699, 378890, 908882, 1009280, 381787, 155291, 564401, 122260, 39.0, 46.2, 0.93
M, 731618, 378365, 903962, 1005903, 381571, 154602, 564479, 121874, 39.0, 46.2, 0.95
M, 730116, 377835, 899095, 1003077, 381456, 153851, 564741, 121453, 39.1, 46.1, 0.97
M, 729648, 377564, 894640, 1000685, 381504, 153183, 564949, 121143, 39.1, 46.1, 0.98
M, 729513, 377335, 891250, 999590, 381507, 152634, 565280, 120843, 39.1, 46.1, 0.98
M, 729852, 377201, 888731, 999347, 381703, 152296, 565570, 120695, 39.1, 46.1, 1.00
M, 730745, 377107, 886657, 999585, 381848, 151991, 565866, 120637, 39.1, 46.1, 1.00
M, 731863, 377018, 885041, 999842, 382042, 151748, 566201, 120578, 39.1, 46.1, 0.99
M, 733251, 376895, 883963, 1001137, 382340, 151574, 566558, 120543, 39.1, 46.1, 1.00
M, 734665, 376764, 882590, 1002075, 382591, 151343, 566939, 120514, 39.1, 46.1, 1.00
M, 735960, 376662, 881495, 1002983, 382830, 151273, 567264, 120442, 39.1, 46.0, 1.00
M, 737058, 376483, 880790, 1004284, 383020, 151071, 567582, 120493, 39.1, 46.0, 1.00
M, 738175, 376289, 879556, 1005416, 383304, 151010, 568058, 120424, 39.1, 46.0, 0.99
M, 739166, 376147, 879281, 1006666, 383462, 150921, 568322, 120495, 39.1, 46.0, 1.00
M, 740943, 376086, 878905, 1008465, 384010, 150907, 568926, 120516, 39.1, 46.0, 1.00
M, 743262, 376105, 880674, 1011462, 384355, 151116, 569515, 120707, 39.1, 46.0, 1.00
M, 744673, 376266, 880733, 1012982, 384885, 151108, 570029, 120748, 39.1, 46.0, 1.00
M, 745713, 376036, 880543, 1014371, 385191, 151094, 570454, 120794, 39.1, 46.0, 1.00
M, 746652, 376128, 880430, 1015646, 385550, 151135, 570865, 120829, 39.1, 46.0, 1.00
M, 747923, 376125, 880665, 1017314, 385890, 151210, 571418, 120960, 39.1, 46.0, 1.00
M, 749049, 376133, 880793, 1018650, 386285, 151128, 571938, 120902, 39.1, 46.0, 1.00
M, 749736, 376135, 880566, 1019829, 386578, 151198, 572294, 120949, 39.1, 46.0, 1.00
M, 750583, 376078, 880614, 1021226, 386991, 151251, 572801, 121046, 39.1, 46.0, 1.00
M, 751333, 376147, 880621, 1022487, 387296, 151284, 573208, 121094, 39.1, 46.0, 1.00
M, 752217, 376166, 880775, 1023436, 387616, 151344, 573645, 121120, 39.1, 46.0, 0.99
M, 753339, 376208, 881405, 1025083, 388028, 151352, 574151, 121239, 39.1, 46.0, 1.00
M, 754263, 376398, 881596, 1026309, 388403, 151435, 574654, 121222, 39.1, 46.0, 1.00
M, 754929, 376422, 881560, 1027274, 388809, 151487, 575148, 121279, 39.1, 45.9, 1.00
M, 755442, 376521, 881632, 1028341, 389164, 151572, 575525, 121365, 39.1, 45.9, 0.99
M, 756186, 376713, 882070, 1029597, 389456, 151613, 575977, 121416, 39.1, 45.9, 1.00
M, 756865, 376764, 882108, 1030437, 389742, 151587, 576291, 121396, 39.1, 45.9, 1.00
M, 758076, 377003, 882815, 1031970, 390259, 151751, 577003, 121479, 39.1, 45.9, 0.98
M, 758364, 377082, 882809, 1032811, 390495, 151711, 577242, 121481, 39.1, 45.9, 1.00
M, 758885, 377232, 882799, 1033422, 390997, 151734, 577768, 121557, 39.1, 45.9, 1.01
M, 759212, 377232, 882840, 1034286, 391025, 151794, 577941, 121529, 39.1, 45.9, 1.01
M, 762066, 377932, 885925, 1038043, 391944, 152235, 579059, 121978, 39.1, 45.9, 0.98
M, 762381, 378119, 885707, 1038169, 392196, 152231, 579266, 121840, 39.1, 45.9, 1.01
M, 762656, 378262, 885867, 1038998, 392422, 152237, 579590, 121939, 39.1, 45.9, 1.00
M, 762837, 378331, 885703, 1039452, 392734, 152301, 579879, 121908, 39.2, 45.9, 1.00
M, 762912, 378482, 885328, 1039932, 392838, 152318, 580111, 121917, 39.2, 45.9, 1.00
M, 763457, 378637, 885777, 1040842, 393189, 152368, 580477, 121947, 39.2, 45.9, 0.98
M, 763959, 378847, 885908, 1041285, 393427, 152411, 580797, 121924, 39.2, 45.9, 0.99
M, 764111, 378915, 885776, 1041689, 393747, 152364, 581028, 121937, 39.2, 45.9, 1.00
M, 764549, 379034, 885850, 1042460, 393885, 152483, 581428, 121964, 39.2, 45.9, 1.00
M, 764912, 379219, 885995, 1043040, 394214, 152475, 581709, 122042, 39.2, 45.9, 1.00
M, 765206, 379317, 886208, 1043683, 394412, 152547, 581933, 122033, 39.2, 45.9, 1.00
M, 765904, 379512, 886732, 1044638, 394709, 152665, 582343, 122109, 39.2, 45.9, 1.00
M, 766365, 379795, 886979, 1045250, 394985, 152651, 582619, 122067, 39.2, 45.9, 1.00
M, 766538, 379855, 886871, 1045676, 395195, 152603, 582863, 122143, 39.2, 45.9, 1.00
M, 766951, 380035, 887092, 1046497, 395385, 152689, 583210, 122175, 39.2, 45.9, 1.00
M, 767192, 380164, 887368, 1047089, 395635, 152714, 583402, 122201, 39.2, 45.9, 1.00
M, 767906, 380302, 887955, 1047865, 395878, 152798, 583746, 122222, 39.2, 45.9, 1.00
M, 768338, 380535, 887965, 1048335, 396171, 152881, 584001, 122246, 39.2, 45.9, 1.00
M, 768456, 380703, 888007, 1048705, 396347, 152859, 584264, 122252, 39.2, 45.9, 1.00
M, 768662, 380830, 887978, 1049103, 396554, 152882, 584505, 122300, 39.2, 45.9, 1.00
M, 770292, 381100, 890031, 1051473, 396983, 153207, 585022, 122559, 39.2, 45.9, 0.99
M, 770711, 381419, 890378, 1052142, 397303, 153246, 585387, 122559, 39.2, 45.9, 1.00
M, 770904, 381547, 890360, 1052377, 397398, 153277, 585530, 122610, 39.2, 45.9, 1.00
M, 771120, 381770, 890499, 1052763, 397608, 153287, 585788, 122556, 39.2, 45.9, 1.00
M, 771166, 381878, 890365, 1052910, 397753, 153201, 585926, 122554, 39.2, 45.9, 1.00
M, 771228, 381919, 890104, 1053123, 397856, 153253, 586021, 122514, 39.2, 45.9, 1.00
M, 771616, 382134, 890435, 1053649, 398108, 153322, 586250, 122496, 39.2, 45.9, 1.00
M, 771749, 382168, 890509, 1054065, 398231, 153396, 586489, 122554, 39.2, 45.9, 1.00
M, 772207, 382358, 890989, 1054764, 398480, 153469, 586730, 122680, 39.2, 45.9, 1.00
M, 772456, 382515, 891196, 1055077, 398610, 153411, 586931, 122562, 39.2, 45.9, 1.00
M, 772466, 382606, 891093, 1055283, 398707, 153419, 587094, 122624, 39.2, 45.9, 1.00
M, 772526, 382641, 890833, 1055507, 398869, 153445, 587215, 122609, 39.2, 45.9, 1.00
M, 772915, 382838, 891337, 1056203, 399033, 153529, 587517, 122677, 39.2, 45.8, 1.00
M, 773173, 382844, 891532, 1056523, 399111, 153545, 587634, 122656, 39.2, 45.8, 0.99
M, 773790, 383206, 891974, 1057137, 399426, 153662, 587958, 122739, 39.2, 45.8, 1.01
M, 773808, 383185, 891915, 1057389, 399463, 153590, 588067, 122728, 39.2, 45.8, 0.99
M, 774036, 383406, 892057, 1057703, 399663, 153593, 588324, 122724, 39.2, 45.8, 1.00
M, 773996, 383443, 892139, 1057984, 399713, 153711, 588361, 122762, 39.2, 45.8, 1.00
M, 774312, 383626, 892270, 1058364, 399919, 153737, 588607, 122831, 39.2, 45.8, 1.00
M, 774580, 383694, 892371, 1058469, 400009, 153654, 588669, 122760, 39.2, 45.8, 1.00
M, 776612, 384154, 895023, 1061346, 400604, 154080, 589424, 123103, 39.2, 45.8, 1.00
M, 776496, 384269, 894763, 1061357, 400642, 154057, 589464, 123089, 39.2, 45.8, 1.01
M, 776792, 384418, 895062, 1061557, 400744, 154109, 589627, 123122, 39.2, 45.8, 1.00
M, 776838, 384442, 895044, 1061776, 400872, 154165, 589692, 123135, 39.2, 45.8, 1.00
M, 776866, 384600, 894919, 1061819, 401016, 154131, 589905, 123054, 39.2, 45.8, 0.99
M, 776628, 384610, 894655, 1061809, 401002, 154094, 589796, 122988, 39.2, 45.8, 1.00
M, 776633, 384662, 894738, 1061959, 401138, 154098, 590016, 122984, 39.2, 45.8, 0.99
M, 776836, 384784, 895000, 1062370, 401230, 154168, 590121, 123065, 39.2, 45.8, 1.00
M, 776786, 384788, 894768, 1062343, 401320, 154160, 590237, 123033, 39.2, 45.8, 1.00
M, 777113, 384890, 895139, 1063007, 401439, 154178, 590382, 123105, 39.2, 45.8, 1.00
M, 777366, 385000, 895193, 1062748, 401482, 154195, 590521, 123065, 39.2, 45.8, 1.01
M, 777285, 385004, 895048, 1062873, 401602, 154191, 590629, 123071, 39.2, 45.8, 1.00
M, 777393, 385086, 895030, 1063183, 401652, 154205, 590680, 123090, 39.2, 45.8, 1.00
M, 777808, 385200, 895497, 1063656, 401795, 154288, 590920, 123181, 39.2, 45.8, 1.01
M, 777868, 385315, 895684, 1064107, 401898, 154335, 591013, 123184, 39.2, 45.8, 1.01
M, 778263, 385358, 896197, 1064665, 402078, 154415, 591248, 123276, 39.2, 45.8, 1.00
M, 778630, 385444, 896499, 1064746, 402240, 154348, 591366, 123202, 39.2, 45.8, 1.00
M, 778541, 385541, 896402, 1064846, 402247, 154408, 591446, 123186, 39.2, 45.8, 1.00
M, 778788, 385603, 896641, 1065395, 402399, 154485, 591646, 123237, 39.2, 45.8, 1.00
M, 778898, 385699, 896415, 1065274, 402531, 154498, 591777, 123274, 39.2, 45.8, 0.99
M, 780344, 385880, 898464, 1067407, 402721, 154694, 592103, 123455, 39.2, 45.8, 1.00
M, 780176, 386221, 898077, 1067223, 403057, 154704, 592297, 123427, 39.2, 45.8, 1.00
M, 780150, 386068, 898085, 1067042, 402939, 154673, 592238, 123349, 39.2, 45.8, 1.00
M, 780287, 386206, 898468, 1067593, 403024, 154725, 592341, 123452, 39.2, 45.8, 1.00
M, 780422, 386202, 898387, 1067673, 403048, 154692, 592486, 123421, 39.2, 45.8, 1.00
M, 780438, 386288, 898342, 1067807, 403183, 154734, 592517, 123421, 39.2, 45.8, 0.99
M, 780551, 386350, 898676, 1068225, 403235, 154848, 592663, 123455, 39.2, 45.8, 1.00
M, 780919, 386445, 899101, 1068445, 403378, 154835, 592771, 123447, 39.2, 45.8, 1.01
M, 780806, 386513, 899027, 1068407, 403383, 154809, 592864, 123449, 39.2, 45.8, 0.99
M, 781121, 386611, 899167, 1068705, 403514, 154890, 592973, 123464, 39.2, 45.8, 1.00
M, 781041, 386655, 899096, 1068609, 403592, 154820, 593053, 123510, 39.2, 45.8, 1.00
M, 781073, 386693, 899251, 1068954, 403591, 154908, 593110, 123555, 39.2, 45.8, 1.00
M, 781601, 386824, 899771, 1069422, 403773, 154932, 593317, 123520, 39.2, 45.8, 1.00
M, 781690, 386847, 899863, 1069648, 403860, 154973, 593407, 123542, 39.2, 45.8, 1.00
M, 781903, 386907, 900241, 1070019, 403929, 155014, 593511, 123533, 39.2, 45.8, 1.01
M, 781756, 386961, 900007, 1070032, 403882, 155092, 593568, 123588, 39.2, 45.8, 1.00
M, 782148, 387042, 900590, 1070555, 404131, 155146, 593699, 123638, 39.2, 45.8, 1.00
M, 782414, 387099, 900671, 1070409, 404201, 155119, 593800, 123589, 39.2, 45.8, 0.99
M, 782252, 387127, 900580, 1070350, 404195, 155019, 593789, 123599, 39.2, 45.8, 1.00
M, 782474, 387141, 900719, 1070790, 404266, 155164, 593864, 123630, 39.2, 45.8, 1.01
M, 784373, 387436, 903383, 1073213, 404729, 155378, 594426, 123888, 39.2, 45.8, 1.00
M, 784163, 387562, 903149, 1073067, 404793, 155476, 594426, 123950, 39.2, 45.8, 1.00
M, 783877, 387665, 902631, 1072407, 404785, 155372, 594469, 123856, 39.2, 45.8, 0.99
M, 783628, 387627, 902499, 1072374, 404696, 155331, 594376, 123735, 39.2, 45.8, 1.01
M, 783684, 387628, 902672, 1072651, 404744, 155418, 594489, 123800, 39.2, 45.8, 1.01
M, 783599, 387610, 902505, 1072568, 404765, 155444, 594524, 123761, 39.2, 45.8, 1.01
M, 783613, 387675, 902425, 1072375, 404793, 155446, 594516, 123799, 39.2, 45.8, 1.00
M, 783949, 387714, 902933, 1072782, 404922, 155380, 594660, 123794, 39.2, 45.8, 1.00
M, 783693, 387784, 902685, 1072773, 404875, 155451, 594692, 123792, 39.2, 45.8, 1.00
M, 783444, 387709, 902340, 1072284, 404882, 155358, 594656, 123698, 39.2, 45.8, 1.00
M, 783608, 387714, 902635, 1072700, 404930, 155408, 594769, 123782, 39.2, 45.8, 0.99
M, 783744, 387723, 902760, 1072901, 404947, 155423, 594797, 123736, 39.2, 45.7, 1.00
M, 783920, 387755, 903021, 1073240, 405045, 155570, 594909, 123852, 39.2, 45.7, 1.00
M, 784143, 387805, 903200, 1073254, 405089, 155502, 595005, 123822, 39.2, 45.7, 0.99
M, 784249, 387888, 903499, 1073528, 405150, 155537, 595060, 123843, 39.2, 45.7, 1.00
M, 784196, 387847, 903489, 1073460, 405163, 155471, 595159, 123788, 39.2, 45.7, 0.99
M, 784333, 387876, 903422, 1073554, 405226, 155584, 595173, 123888, 39.2, 45.7, 1.01
M, 784294, 387921, 903690, 1073676, 405180, 155596, 595184, 123848, 39.2, 45.8, 1.01
M, 784482, 387917, 903600, 1073732, 405332, 155551, 595302, 123852, 39.2, 45.8, 1.01
M, 784452, 387894, 903613, 1073586, 405328, 155538, 595311, 123858, 39.2, 45.8, 0.99
M, 786186, 388179, 906159, 1076192, 405724, 155805, 595770, 124131, 39.2, 45.8, 1.01
M, 785980, 388325, 905781, 1075611, 405831, 155831, 595873, 124022, 39.2, 45.7, 1.01
M, 785734, 388328, 905449, 1075577, 405786, 155820, 595854, 124036, 39.2, 45.7, 0.99
M, 785378, 388353, 905096, 1075038, 405702, 155765, 595792, 123978, 39.2, 45.8, 1.00
M, 785211, 388303, 904982, 1074899, 405641, 155718, 595728, 123942, 39.2, 45.8, 1.01
M, 785398, 388291, 905209, 1075212, 405644, 155829, 595842, 123992, 39.2, 45.8, 1.00
M, 785469, 388279, 905130, 1075183, 405777, 155820, 595858, 123965, 39.2, 45.7, 1.00
M, 785198, 388218, 905005, 1075008, 405753, 155771, 595886, 123930, 39.2, 45.7, 1.00
M, 785585, 388394, 905452, 1075454, 405859, 155852, 596044, 124024, 39.3, 45.7, 1.00
M, 785392, 388320, 905003, 1074826, 405848, 155836, 595983, 123977, 39.3, 45.7, 1.01
M, 785442, 388265, 905205, 1075012, 405912, 155856, 596014, 123945, 39.3, 45.7, 1.01
M, 785254, 388306, 905209, 1075218, 405861, 155783, 596031, 123924, 39.3, 45.7, 1.00
M, 785627, 388353, 905612, 1075647, 405975, 155930, 596138, 124012, 39.3, 45.8, 1.00
M, 785756, 388333, 905773, 1075591, 406044, 155899, 596159, 124060, 39.3, 45.8, 0.99
M, 786175, 388432, 906317, 1076190, 406133, 155928, 596342, 124054, 39.3, 45.8, 1.00
M, 786353, 388508, 906491, 1076215, 406246, 155908, 596381, 124049, 39.3, 45.8, 1.00
M, 786435, 388492, 906490, 1076218, 406205, 155955, 596415, 124123, 39.3, 45.7, 1.00
M, 786355, 388458, 906650, 1076463, 406238, 155963, 596513, 124145, 39.3, 45.7, 0.99
M, 786638, 388606, 907098, 1076884, 406310, 156085, 596667, 124136, 39.3, 45.8, 1.00
M, 786612, 388555, 907060, 1076933, 406270, 156076, 596635, 124169, 39.3, 45.8, 1.00
M, 789252, 389036, 910391, 1079823, 406880, 156443, 597257, 124509, 39.3, 45.8, 1.00
M, 788863, 389201, 910106, 1079402, 406958, 156350, 597274, 124365, 39.3, 45.8, 1.00
M, 788316, 389140, 909223, 1078638, 406845, 156321, 597228, 124272, 39.3, 45.7, 0.99
M, 788044, 389042, 909027, 1078424, 406727, 156335, 597103, 124341, 39.3, 45.7, 0.99
M, 788144, 389076, 909273, 1078685, 406764, 156337, 597118, 124333, 39.3, 45.7, 1.00
M, 788092, 389055, 909322, 1078780, 406810, 156364, 597167, 124292, 39.3, 45.8, 0.99
M, 788055, 389041, 909382, 1078491, 406832, 156320, 597144, 124246, 39.3, 45.8, 1.00
M, 787924, 389058, 909239, 1078364, 406734, 156298, 597085, 124264, 39.3, 45.8, 0.99
M, 787676, 389001, 909039, 1078252, 406725, 156311, 597080, 124269, 39.3, 45.8, 1.00
M, 787974, 389105, 909351, 1078605, 406824, 156398, 597157, 124266, 39.3, 45.7, 1.00
M, 788004, 389126, 909398, 1078492, 406857, 156339, 597232, 124272, 39.3, 45.7, 1.00
M, 788283, 389080, 909905, 1078972, 406960, 156355, 597288, 124238, 39.3, 45.8, 1.00
M, 788102, 389088, 909673, 1078803, 406927, 156345, 597271, 124232, 39.3, 45.8, 1.00
M, 788080, 389097, 909570, 1078579, 406863, 156450, 597240, 124252, 39.3, 45.8, 1.00
M, 788223, 389106, 909930, 1078969, 406933, 156441, 597317, 124225, 39.3, 45.8, 1.00
M, 788211, 389156, 909924, 1078895, 406921, 156419, 597358, 124313, 39.3, 45.8, 1.00
M, 788177, 389205, 910004, 1079079, 406951, 156400, 597336, 124390, 39.3, 45.8, 1.00
M, 788761, 389287, 910524, 1079032, 407078, 156466, 597476, 124328, 39.3, 45.7, 0.99
M, 788414, 389158, 910413, 1079184, 407053, 156502, 597484, 124316, 39.3, 45.7, 1.00
M, 788600, 389216, 910614, 1079387, 407120, 156502, 597549, 124381, 39.3, 45.7, 1.00
M, 790305, 389478, 912872, 1081353, 407385, 156776, 597903, 124638, 39.3, 45.7, 1.00
M, 789881, 389562, 912198, 1080522, 407473, 156701, 597922, 124502, 39.3, 45.8, 1.00
M, 789376, 389441, 911713, 1080203, 407319, 156636, 597795, 124338, 39.3, 45.8, 1.00
M, 788557, 389357, 910777, 1079011, 407212, 156543, 597642, 124329, 39.3, 45.7, 1.00
M, 788537, 389255, 910760, 1079240, 407149, 156532, 597609, 124303, 39.3, 45.7, 1.00
M, 788681, 389187, 911102, 1079544, 407178, 156617, 597709, 124392, 39.3, 45.7, 1.01
M, 788723, 389218, 911167, 1079674, 407232, 156612, 597745, 124429, 39.3, 45.7, 1.00
M, 788898, 389279, 911425, 1079552, 407266, 156621, 597698, 124385, 39.3, 45.7, 1.00
M, 788732, 389249, 911438, 1079560, 407238, 156566, 597675, 124394, 39.3, 45.8, 1.00
M, 789027, 389257, 911756, 1080018, 407342, 156632, 597828, 124410, 39.3, 45.8, 1.00
M, 789060, 389296, 911688, 1079824, 407310, 156693, 597827, 124430, 39.3, 45.8, 1.00
M, 789069, 389263, 911806, 1079924, 407399, 156664, 597863, 124447, 39.3, 45.8, 1.00
M, 789430, 389332, 912412, 1080371, 407407, 156730, 598026, 124454, 39.3, 45.8, 0.99
M, 789562, 389434, 912416, 1080126, 407452, 156762, 598016, 124404, 39.3, 45.8, 1.00
M, 789380, 389369, 912517, 1080024, 407440, 156714, 597972, 124466, 39.3, 45.7, 0.99
M, 789280, 389264, 912452, 1080255, 407396, 156685, 597999, 124402, 39.3, 45.7, 1.00
M, 789548, 389366, 912836, 1080561, 407471, 156802, 598038, 124476, 39.3, 45.7, 1.00
M, 789320, 389346, 912487, 1080094, 407386, 156727, 598010, 124476, 39.3, 45.7, 1.00
M, 789666, 389359, 913008, 1080476, 407520, 156805, 598158, 124542, 39.3, 45.7, 1.00
M, 789705, 389404, 913035, 1080623, 407614, 156813, 598215, 124500, 39.3, 45.7, 1.00
M, 791544, 389596, 915566, 1082855, 407889, 157078, 598579, 124769, 39.3, 45.7, 1.00
M, 791524, 389805, 915599, 1082922, 408015, 157127, 598645, 124705, 39.3, 45.7, 1.00
M, 790985, 389757, 914988, 1082134, 407995, 156987, 598594, 124663, 39.3, 45.7, 1.00
M, 790666, 389684, 914596, 1081974, 407838, 157053, 598484, 124681, 39.3, 45.7, 1.00
M, 790538, 389719, 914442, 1081502, 407828, 156943, 598452, 124543, 39.3, 45.7, 0.99
M, 790290, 389580, 914266, 1081414, 407767, 156956, 598377, 124507, 39.3, 45.7, 0.99
M, 790519, 389621, 914455, 1081518, 407794, 156992, 598425, 124581, 39.3, 45.7, 1.00
M, 790418, 389675, 914388, 1081491, 407720, 156969, 598448, 124524, 39.3, 45.7, 1.00
M, 790360, 389586, 914534, 1081477, 407744, 156940, 598403, 124582, 39.3, 45.7, 1.00
M, 790672, 389698, 915146, 1081852, 407799, 157059, 598480, 124628, 39.3, 45.7, 1.00
M, 790857, 389639, 915181, 1081864, 407929, 157079, 598604, 124594, 39.3, 45.7, 1.00
M, 790735, 389635, 915151, 1081686, 407857, 156977, 598528, 124568, 39.3, 45.7, 1.00
M, 790447, 389622, 914984, 1081662, 407811, 157035, 598552, 124621, 39.3, 45.7, 1.01
M, 790643, 389635, 915182, 1081893, 407898, 157039, 598668, 124613, 39.3, 45.7, 1.00
M, 790844, 389728, 915301, 1081731, 407945, 157013, 598660, 124677, 39.3, 45.7, 1.00
M, 790592, 389662, 915115, 1081401, 407859, 157039, 598619, 124609, 39.3, 45.7, 1.01
M, 790398, 389640, 915133, 1081570, 407871, 157096, 598608, 124588, 39.3, 45.7, 1.00
M, 790780, 389642, 915411, 1081771, 407872, 157104, 598627, 124658, 39.3, 45.7, 1.00
M, 790721, 389635, 915597, 1081837, 407935, 157059, 598643, 124672, 39.3, 45.7, 1.00
M, 791072, 389687, 916035, 1082261, 407997, 157168, 598769, 124743, 39.3, 45.7, 1.00
M, 793300, 390111, 918880, 1084706, 408438, 157466, 599276, 125005, 39.3, 45.7, 1.00
M, 792892, 390139, 918432, 1084185, 408385, 157407, 599237, 124826, 39.3, 45.7, 1.00
M, 791920, 390079, 917458, 1083387, 408230, 157346, 599072, 124797, 39.3, 45.7, 1.00
M, 791587, 389948, 916742, 1082585, 408150, 157262, 598982, 124753, 39.3, 45.7, 1.00
M, 791417, 389912, 916788, 1082466, 408113, 157286, 598893, 124783, 39.3, 45.7, 0.99
M, 791159, 389839, 916527, 1082260, 408120, 157195, 598897, 124707, 39.3, 45.7, 1.00
M, 791104, 389773, 916481, 1082215, 408017, 157171, 598871, 124652, 39.3, 45.7, 1.00
M, 791243, 389815, 916822, 1082331, 408104, 157212, 598937, 124743, 39.3, 45.7, 1.01
M, 791329, 389797, 916940, 1082473, 408101, 157238, 598908, 124698, 39.3, 45.7, 1.00
M, 791096, 389664, 916708, 1082340, 408061, 157295, 598906, 124719, 39.3, 45.7, 0.99
M, 791483, 389798, 917150, 1082786, 408203, 157330, 599046, 124835, 39.3, 45.7, 1.00
M, 791730, 389855, 917517, 1082641, 408255, 157315, 599080, 124795, 39.3, 45.7, 1.00
M, 791531, 389819, 917438, 1082501, 408222, 157312, 599045, 124788, 39.3, 45.7, 1.00
M, 791488, 389777, 917244, 1082697, 408158, 157286, 599021, 124734, 39.3, 45.7, 1.00
M, 791918, 389879, 917854, 1082911, 408306, 157355, 599156, 124854, 39.3, 45.7, 1.00
M, 791874, 389819, 917931, 1083109, 408281, 157390, 599176, 124822, 39.3, 45.7, 1.00
M, 792191, 389882, 918559, 1083471, 408381, 157451, 599328, 124869, 39.3, 45.7, 0.99
M, 792365, 389997, 918756, 1083412, 408367, 157378, 599256, 124870, 39.3, 45.7, 1.00
M, 792258, 389934, 918659, 1083428, 408360, 157406, 599229, 124807, 39.3, 45.7, 1.00
M, 792110, 389846, 918645, 1083377, 408359, 157398, 599262, 124827, 39.3, 45.7, 1.00
