State, OV, Alc, H2, AC1, NH3, AC2, VOC, LP, Temp, Hud, AirFlow
A, 734635, 366606, 1145859, 1029367, 363408, 185071, 530130, 137956, 40.5, 45.5, 0.78
A, 725822, 363844, 1130945, 1017190, 360837, 182947, 527341, 136212, 40.5, 45.5, 0.56
A, 716299, 360916, 1115384, 1005147, 358413, 180677, 524959, 134576, 40.5, 45.5, 0.74
A, 708100, 358301, 1100858, 994042, 356674, 178504, 523546, 133101, 40.4, 45.3, 0.80
A, 701707, 356368, 1089216, 985576, 355521, 176709, 523050, 132042, 40.4, 45.3, 0.90
A, 697097, 354863, 1079483, 978844, 354900, 175187, 523087, 131195, 40.3, 45.3, 0.93
A, 693380, 353533, 1070547, 973106, 354616, 173642, 523405, 130506, 40.3, 45.3, 0.95
A, 691105, 352635, 1063903, 969301, 354464, 172533, 523894, 130082, 40.2, 45.2, 0.97
A, 689939, 352001, 1058926, 967055, 354591, 171629, 524445, 129818, 40.2, 45.2, 0.97
A, 689125, 351451, 1054545, 965335, 354718, 170806, 525039, 129588, 40.1, 45.2, 0.98
A, 689095, 351180, 1051180, 964568, 355021, 170239, 525739, 129538, 40.1, 45.2, 0.99
A, 689217, 350881, 1047986, 963926, 355369, 169564, 526483, 129466, 40.1, 45.2, 0.99
A, 690077, 350654, 1045190, 963748, 355764, 168889, 527311, 129383, 40.1, 45.2, 1.00
A, 690714, 350540, 1042760, 963815, 356211, 168441, 528143, 129266, 40.0, 45.2, 1.00
A, 691759, 350515, 1041173, 964640, 356587, 168112, 528901, 129323, 40.0, 45.2, 0.99
A, 692938, 350536, 1039573, 965309, 357158, 167814, 529722, 129352, 40.0, 45.2, 1.00
A, 694243, 350659, 1038419, 966301, 357633, 167561, 530536, 129388, 40.0, 45.2, 1.00
A, 696208, 350989, 1037445, 967839, 358450, 167287, 531730, 129507, 40.0, 45.1, 1.00
A, 697426, 351156, 1036272, 968812, 358864, 167022, 532335, 129536, 40.0, 45.1, 1.00
A, 699179, 351449, 1035168, 970136, 359592, 166750, 533396, 129580, 39.9, 45.1, 1.00
A, 701271, 351727, 1036143, 972612, 360129, 166868, 534285, 129766, 39.9, 45.1, 1.01
A, 702826, 352167, 1035308, 973833, 360731, 166680, 535067, 129847, 39.9, 45.1, 1.00
A, 704126, 352491, 1034235, 974920, 361272, 166485, 535871, 129767, 39.9, 45.1, 1.00
A, 705513, 352859, 1033289, 976160, 361829, 166330, 536713, 129726, 39.9, 45.1, 1.00
A, 707155, 353311, 1032786, 977675, 362423, 166195, 537571, 129809, 39.9, 45.1, 1.01
A, 708663, 353639, 1032400, 979143, 362983, 166108, 538394, 129928, 39.9, 45.1, 1.00
A, 710676, 354266, 1032812, 981147, 363665, 166092, 539244, 129983, 39.8, 45.1, 0.99
A, 712025, 354751, 1032477, 982760, 364245, 166125, 540005, 130039, 39.8, 45.1, 1.00
A, 714033, 355334, 1032854, 984795, 364890, 166104, 540945, 130240, 39.8, 45.2, 0.99
A, 715861, 355938, 1032902, 986647, 365547, 166008, 541849, 130246, 39.8, 45.2, 0.99
A, 717197, 356490, 1032591, 988003, 366053, 165982, 542534, 130247, 39.8, 45.2, 1.00
A, 718600, 357005, 1032595, 989610, 366616, 166038, 543307, 130346, 39.8, 45.2, 1.00
A, 719909, 357423, 1032320, 991100, 367150, 165953, 544034, 130347, 39.8, 45.2, 1.00
A, 721812, 358149, 1032635, 992828, 367833, 165993, 544904, 130460, 39.8, 45.2, 0.99
A, 722777, 358672, 1032118, 993939, 368304, 165920, 545501, 130450, 39.8, 45.2, 1.00
A, 724218, 359238, 1032283, 995563, 368764, 165964, 546302, 130509, 39.8, 45.2, 1.00
A, 725195, 359750, 1032061, 996599, 369246, 165863, 546868, 130518, 39.7, 45.2, 1.00
A, 726582, 360347, 1032168, 998290, 369783, 165972, 547577, 130612, 39.7, 45.2, 1.00
A, 727719, 360972, 1031754, 999354, 370347, 165962, 548316, 130586, 39.7, 45.2, 0.99
A, 728748, 361490, 1031648, 1000466, 370769, 165886, 548786, 130603, 39.7, 45.2, 1.01
A, 731259, 362330, 1033521, 1003592, 371641, 166124, 549894, 130845, 39.7, 45.2, 1.00
A, 731603, 362791, 1032796, 1004056, 371873, 166024, 550287, 130840, 39.7, 45.2, 1.00
A, 732764, 363393, 1032927, 1005186, 372369, 166064, 550869, 130893, 39.7, 45.2, 1.01
A, 733722, 363900, 1032709, 1006291, 372771, 166087, 551393, 130907, 39.7, 45.2, 1.00
A, 734602, 364468, 1032307, 1007243, 373175, 165947, 552019, 130778, 39.7, 45.2, 0.99
A, 735300, 364978, 1031786, 1008019, 373544, 165949, 552431, 130869, 39.7, 45.3, 1.01
A, 735986, 365459, 1031751, 1009156, 373859, 165887, 552946, 130843, 39.7, 45.3, 1.01
A, 737022, 366030, 1031921, 1010248, 374303, 165909, 553550, 130892, 39.7, 45.3, 1.01
A, 737605, 366461, 1031524, 1011088, 374666, 165923, 554005, 130999, 39.7, 45.3, 1.00
A, 738603, 366916, 1031711, 1012239, 375016, 165961, 554488, 131015, 39.7, 45.3, 1.00
A, 739694, 367579, 1031711, 1013249, 375491, 165967, 555106, 130975, 39.7, 45.3, 1.00
A, 740238, 368021, 1031392, 1013943, 375828, 165880, 555549, 130928, 39.7, 45.3, 0.98
A, 741083, 368523, 1031440, 1015081, 376156, 165957, 555988, 130979, 39.7, 45.3, 0.99
A, 741719, 368945, 1031458, 1015913, 376497, 165825, 556427, 131008, 39.7, 45.3, 1.00
A, 742232, 369295, 1031108, 1016720, 376826, 165915, 556873, 130992, 39.7, 45.3, 1.01
A, 743107, 369856, 1031563, 1017884, 377172, 165896, 557365, 131053, 39.6, 45.4, 1.01
A, 743767, 370315, 1031196, 1018371, 377497, 165888, 557760, 131030, 39.6, 45.4, 1.00
A, 744219, 370750, 1030953, 1019101, 377783, 165853, 558147, 130952, 39.6, 45.4, 1.00
A, 744716, 371093, 1030858, 1019808, 378059, 165848, 558548, 131040, 39.6, 45.4, 0.99
A, 745734, 371754, 1031003, 1020804, 378483, 165835, 559053, 131157, 39.6, 45.4, 1.00
A, 747247, 372139, 1032781, 1023082, 378911, 166156, 559591, 131311, 39.6, 45.4, 1.00
A, 747426, 372786, 1031818, 1023188, 379274, 165980, 560002, 131182, 39.6, 45.4, 1.01
A, 747473, 372972, 1031173, 1023160, 379394, 165954, 560188, 131088, 39.6, 45.4, 0.99
A, 747953, 373313, 1031201, 1024005, 379588, 165963, 560517, 131127, 39.6, 45.4, 1.00
A, 748252, 373596, 1030863, 1024435, 379767, 165911, 560855, 131133, 39.6, 45.4, 1.00
A, 748502, 373957, 1030488, 1024798, 380012, 165927, 561114, 131133, 39.6, 45.4, 1.00
A, 749551, 374363, 1031314, 1026061, 380424, 166011, 561603, 131214, 39.6, 45.4, 1.00
A, 750401, 374889, 1031822, 1027090, 380755, 166060, 562047, 131291, 39.6, 45.4, 1.01
A, 750810, 375190, 1031845, 1027632, 381055, 166106, 562412, 131298, 39.6, 45.4, 1.00
A, 751523, 375542, 1032034, 1028369, 381270, 166136, 562701, 131275, 39.6, 45.4, 1.00
A, 751955, 376085, 1032228, 1029217, 381557, 166115, 563111, 131314, 39.6, 45.4, 1.00
A, 752617, 376424, 1032591, 1030161, 381870, 166229, 563488, 131400, 39.6, 45.4, 1.00
A, 753040, 376790, 1032784, 1030832, 382093, 166203, 563795, 131397, 39.5, 45.5, 0.99
A, 753623, 377169, 1032853, 1031432, 382366, 166214, 564117, 131375, 39.5, 45.5, 1.00
A, 753823, 377411, 1032608, 1031776, 382565, 166213, 564356, 131396, 39.5, 45.5, 0.99
A, 753928, 377632, 1032334, 1032176, 382737, 166208, 564626, 131385, 39.5, 45.5, 1.00
A, 754450, 377958, 1032539, 1032810, 382964, 166286, 564958, 131426, 39.5, 45.5, 1.00
A, 754849, 378389, 1032521, 1033124, 383233, 166297, 565235, 131414, 39.5, 45.5, 1.00
A, 754835, 378605, 1032080, 1033313, 383350, 166191, 565444, 131323, 39.5, 45.5, 1.01
A, 755360, 378898, 1032368, 1034007, 383487, 166183, 565684, 131381, 39.5, 45.5, 1.00
A, 756088, 379382, 1032587, 1034862, 383981, 166331, 566172, 131530, 39.5, 45.5, 1.01
A, 755984, 379506, 1032530, 1035056, 383952, 166236, 566246, 131396, 39.5, 45.5, 1.00
A, 754642, 379541, 1029939, 1033335, 383840, 165929, 566112, 131167, 39.5, 45.5, 1.00
A, 754720, 379593, 1029582, 1033396, 383829, 165893, 566237, 131098, 39.5, 45.5, 1.00
A, 755259, 379795, 1030090, 1034370, 384122, 165969, 566500, 131181, 39.5, 45.5, 0.99
A, 755760, 380077, 1030365, 1035077, 384304, 166010, 566874, 131221, 39.5, 45.5, 0.99
A, 756224, 380324, 1030487, 1035513, 384527, 166000, 567089, 131293, 39.5, 45.5, 1.00
A, 756872, 380602, 1031227, 1036617, 384778, 166158, 567442, 131396, 39.5, 45.5, 1.00
A, 757214, 381032, 1031104, 1036952, 385062, 166104, 567747, 131353, 39.5, 45.5, 1.01
A, 757502, 381181, 1031068, 1037168, 385163, 166058, 567954, 131279, 39.5, 45.6, 1.00
A, 757879, 381348, 1031478, 1038035, 385311, 166109, 568199, 131423, 39.5, 45.6, 1.01
A, 758179, 381650, 1031451, 1038457, 385523, 166117, 568450, 131406, 39.5, 45.6, 1.00
A, 758494, 381871, 1031572, 1038946, 385703, 166218, 568621, 131496, 39.5, 45.6, 0.99
A, 758880, 382079, 1031641, 1039281, 385864, 166233, 568828, 131446, 39.5, 45.6, 1.00
A, 759360, 382371, 1032101, 1039885, 386100, 166198, 569180, 131447, 39.5, 45.6, 1.00
A, 759393, 382558, 1031851, 1040089, 386202, 166258, 569274, 131437, 39.5, 45.6, 0.99
A, 759424, 382733, 1031601, 1040307, 386293, 166217, 569421, 131399, 39.5, 45.6, 1.01
A, 759825, 382887, 1031958, 1040834, 386451, 166257, 569672, 131468, 39.5, 45.6, 1.00
A, 759826, 383039, 1031804, 1041045, 386586, 166204, 569841, 131486, 39.5, 45.6, 1.01
A, 760471, 383350, 1031985, 1041498, 386821, 166199, 570090, 131464, 39.5, 45.6, 1.00
A, 761633, 383689, 1033695, 1043262, 387159, 166473, 570457, 131667, 39.5, 45.6, 1.00
A, 761416, 383987, 1033025, 1043065, 387347, 166398, 570764, 131576, 39.5, 45.7, 0.99
A, 761317, 384046, 1032687, 1043089, 387342, 166432, 570793, 131556, 39.5, 45.7, 1.00
A, 761202, 384293, 1032115, 1042933, 387425, 166304, 570882, 131477, 39.5, 45.7, 0.99
A, 761182, 384315, 1031754, 1042751, 387490, 166318, 570946, 131409, 39.5, 45.7, 0.99
A, 761508, 384515, 1031878, 1043335, 387592, 166298, 571109, 131480, 39.5, 45.7, 0.99
A, 761541, 384671, 1031722, 1043539, 387681, 166310, 571271, 131452, 39.5, 45.7, 1.01
A, 761192, 384649, 1031080, 1043309, 387633, 166236, 571295, 131402, 39.5, 45.7, 0.99
A, 761056, 384734, 1030681, 1043196, 387701, 166225, 571420, 131375, 39.5, 45.7, 0.99
A, 761503, 384923, 1030801, 1043385, 387863, 166116, 571633, 131426, 39.5, 45.7, 1.00
A, 761604, 384987, 1030661, 1043659, 387959, 166132, 571669, 131343, 39.5, 45.7, 0.99
A, 761775, 385060, 1030968, 1044278, 388024, 166188, 571830, 131367, 39.5, 45.7, 1.00
A, 761912, 385265, 1031022, 1044599, 388144, 166167, 571972, 131436, 39.5, 45.7, 0.99
A, 762124, 385385, 1030990, 1044698, 388218, 166128, 572087, 131437, 39.5, 45.7, 1.01
A, 762623, 385587, 1031501, 1045389, 388438, 166265, 572305, 131512, 39.5, 45.7, 1.00
A, 762704, 385726, 1031311, 1045453, 388518, 166213, 572486, 131405, 39.5, 45.7, 1.00
A, 762438, 385759, 1030491, 1044974, 388548, 166093, 572485, 131322, 39.5, 45.7, 1.00
A, 762725, 385872, 1030986, 1045740, 388636, 166175, 572625, 131378, 39.5, 45.7, 1.01
A, 762815, 386009, 1030898, 1045957, 388818, 166209, 572781, 131399, 39.4, 45.8, 1.01
A, 762837, 386131, 1030870, 1046061, 388856, 166248, 572869, 131410, 39.4, 45.8, 1.00
A, 764895, 386593, 1033668, 1048469, 389374, 166527, 573477, 131699, 39.4, 45.8, 1.01
A, 764315, 386717, 1032642, 1047738, 389321, 166382, 573409, 131502, 39.4, 45.8, 1.00
A, 763565, 386593, 1031196, 1046785, 389279, 166273, 573438, 131354, 39.4, 45.8, 0.99
A, 763125, 386555, 1030595, 1046406, 389107, 166189, 573313, 131373, 39.4, 45.8, 0.99
A, 762956, 386552, 1030353, 1046495, 389202, 166157, 573406, 131288, 39.4, 45.8, 1.00
A, 763254, 386607, 1030620, 1046849, 389261, 166206, 573424, 131355, 39.4, 45.8, 1.00
A, 763597, 386704, 1030808, 1047021, 389434, 166217, 573660, 131332, 39.4, 45.8, 1.00
A, 763523, 386773, 1030711, 1047144, 389507, 166182, 573711, 131339, 39.4, 45.8, 1.01
A, 763475, 386892, 1030534, 1047432, 389503, 166201, 573864, 131311, 39.4, 45.8, 1.00
A, 763732, 386972, 1030805, 1047759, 389611, 166203, 573970, 131330, 39.4, 45.8, 1.00
A, 763846, 387029, 1030868, 1047800, 389730, 166228, 574060, 131342, 39.4, 45.8, 0.99
A, 764178, 387181, 1031418, 1048531, 389808, 166275, 574174, 131415, 39.4, 45.8, 1.01
A, 764420, 387243, 1031349, 1048588, 389959, 166297, 574287, 131399, 39.4, 45.8, 1.00
A, 764483, 387346, 1031156, 1048597, 389996, 166275, 574454, 131371, 39.4, 45.9, 1.00
A, 764271, 387399, 1030970, 1048611, 390053, 166275, 574490, 131396, 39.4, 45.9, 1.00
A, 764486, 387533, 1031285, 1049031, 390167, 166302, 574648, 131377, 39.4, 45.9, 0.99
A, 764687, 387632, 1031138, 1048739, 390273, 166247, 574743, 131380, 39.4, 45.9, 1.00
A, 764526, 387637, 1030796, 1048838, 390284, 166276, 574761, 131315, 39.4, 45.9, 0.99
A, 764291, 387631, 1030577, 1048862, 390287, 166194, 574786, 131246, 39.4, 45.9, 1.00
A, 764446, 387746, 1030683, 1049136, 390387, 166300, 574913, 131320, 39.4, 45.9, 1.00
A, 765748, 387957, 1032585, 1050702, 390667, 166446, 575298, 131610, 39.4, 45.9, 1.00
A, 765323, 388048, 1031717, 1050019, 390757, 166338, 575343, 131407, 39.4, 45.9, 1.00
A, 764760, 388031, 1030642, 1049325, 390626, 166192, 575197, 131307, 39.4, 45.9, 0.99
A, 764456, 387981, 1030201, 1049191, 390624, 166215, 575294, 131243, 39.4, 45.9, 1.00
A, 764379, 387959, 1030190, 1049358, 390620, 166226, 575285, 131239, 39.4, 45.9, 1.01
A, 764563, 388025, 1030375, 1049696, 390718, 166224, 575437, 131358, 39.4, 45.9, 1.00
A, 764668, 388103, 1030316, 1049736, 390803, 166196, 575474, 131333, 39.4, 45.9, 0.99
A, 764909, 388186, 1030350, 1049767, 390888, 166159, 575562, 131230, 39.4, 45.9, 1.01
A, 764703, 388155, 1030171, 1049913, 390838, 166159, 575615, 131264, 39.4, 45.9, 1.00
A, 765187, 388326, 1030583, 1050334, 390968, 166272, 575817, 131323, 39.4, 45.9, 0.99
A, 764942, 388295, 1029714, 1049136, 391034, 166104, 575787, 131173, 39.4, 45.9, 1.00
A, 764514, 388251, 1029435, 1049717, 390969, 166144, 575784, 131234, 39.4, 45.9, 1.01
A, 764686, 388311, 1029575, 1049937, 391019, 166177, 575873, 131235, 39.4, 45.9, 0.99
A, 765272, 388471, 1030054, 1050196, 391212, 166147, 576114, 131305, 39.4, 45.9, 0.99
A, 765257, 388527, 1029859, 1050382, 391231, 166131, 576176, 131234, 39.4, 45.9, 0.99
A, 765065, 388552, 1029808, 1050569, 391314, 166133, 576145, 131242, 39.4, 45.9, 1.00
A, 765444, 388600, 1030151, 1051052, 391383, 166175, 576310, 131325, 39.4, 45.9, 1.00
A, 765519, 388712, 1030086, 1051053, 391397, 166212, 576347, 131331, 39.4, 45.9, 1.00
A, 765986, 388802, 1030633, 1051701, 391577, 166301, 576506, 131401, 39.4, 45.9, 0.99
A, 766021, 388987, 1030545, 1051751, 391608, 166240, 576637, 131344, 39.4, 45.9, 1.00
A, 767367, 389107, 1032342, 1053417, 391898, 166458, 576985, 131521, 39.4, 45.9, 1.00
A, 767061, 389301, 1031975, 1053159, 391961, 166415, 576991, 131502, 39.4, 45.9, 1.00
A, 764654, 388931, 1028419, 1050344, 391508, 166035, 576505, 131047, 39.4, 45.9, 0.99
A, 764842, 388836, 1028442, 1050624, 391456, 166020, 576485, 131160, 39.4, 45.9, 1.01
A, 765186, 388986, 1028768, 1050846, 391651, 165988, 576678, 131100, 39.4, 46.0, 1.00
A, 765244, 388944, 1028811, 1050964, 391596, 166029, 576716, 131130, 39.4, 46.0, 1.00
A, 765633, 389070, 1029139, 1051508, 391761, 166117, 576865, 131195, 39.4, 46.0, 1.00
A, 765835, 389097, 1029372, 1051749, 391807, 166096, 576923, 131245, 39.4, 46.0, 1.01
A, 765952, 389130, 1029574, 1052073, 391895, 166142, 577036, 131250, 39.4, 46.0, 0.99
A, 766409, 389311, 1030162, 1052679, 391993, 166233, 577227, 131336, 39.4, 46.0, 1.01
A, 766615, 389360, 1030391, 1052711, 392116, 166171, 577282, 131294, 39.4, 46.0, 1.01
A, 766635, 389404, 1030164, 1052827, 392097, 166202, 577341, 131261, 39.4, 46.0, 1.00
A, 766615, 389490, 1030275, 1053078, 392130, 166224, 577363, 131318, 39.4, 46.0, 1.00
A, 766738, 389513, 1030252, 1053203, 392247, 166213, 577468, 131338, 39.4, 46.0, 0.98
A, 767142, 389673, 1030440, 1053190, 392400, 166215, 577586, 131258, 39.4, 46.0, 1.00
A, 766851, 389609, 1030168, 1053057, 392322, 166241, 577529, 131240, 39.4, 46.0, 1.01
A, 766810, 389635, 1029974, 1053044, 392328, 166184, 577603, 131201, 39.4, 46.0, 0.99
A, 766569, 389647, 1029624, 1052925, 392354, 166203, 577583, 131230, 39.4, 46.0, 1.00
A, 766607, 389634, 1029700, 1052993, 392325, 166203, 577602, 131229, 39.4, 46.0, 1.00
A, 766799, 389711, 1030112, 1053509, 392426, 166265, 577769, 131243, 39.4, 46.0, 1.01
A, 768529, 390013, 1032413, 1055267, 392759, 166404, 578156, 131480, 39.4, 46.0, 1.00
A, 767786, 390032, 1031303, 1054508, 392797, 166352, 578104, 131348, 39.4, 46.0, 1.01
A, 767100, 389958, 1030422, 1053900, 392686, 166279, 577976, 131216, 39.4, 46.0, 1.00
A, 766394, 389809, 1028992, 1052808, 392544, 166134, 577840, 131101, 39.4, 46.0, 0.99
A, 766027, 389650, 1028572, 1052464, 392446, 166071, 577723, 131118, 39.4, 46.0, 0.99
A, 766097, 389713, 1028609, 1052776, 392514, 166086, 577937, 131059, 39.4, 46.1, 1.01
A, 766168, 389719, 1028534, 1052717, 392511, 165999, 577896, 131096, 39.4, 46.1, 1.00
A, 766535, 389741, 1029024, 1053321, 392555, 166137, 577960, 131154, 39.4, 46.1, 0.99
A, 766311, 389639, 1028749, 1053224, 392561, 166059, 578011, 131112, 39.4, 46.1, 1.00
A, 766414, 389692, 1028848, 1053300, 392651, 166089, 578035, 131150, 39.4, 46.1, 0.99
A, 766847, 389922, 1029433, 1053875, 392736, 166128, 578240, 131184, 39.4, 46.1, 1.01
A, 767155, 389971, 1029649, 1054021, 392808, 166188, 578322, 131169, 39.4, 46.1, 1.01
A, 767036, 389912, 1029490, 1053884, 392800, 166145, 578290, 131164, 39.4, 46.1, 1.00
A, 767248, 390010, 1029661, 1054344, 392899, 166205, 578392, 131208, 39.4, 46.1, 1.01
A, 767316, 389965, 1029649, 1054297, 392934, 166135, 578424, 131181, 39.4, 46.1, 1.00
A, 767523, 390125, 1030044, 1054773, 393021, 166203, 578552, 131188, 39.4, 46.1, 1.00
A, 767657, 390056, 1030174, 1054911, 393094, 166261, 578585, 131260, 39.3, 46.1, 0.99
A, 767805, 390246, 1030347, 1055009, 393151, 166217, 578663, 131173, 39.3, 46.1, 1.01
A, 767707, 390259, 1030132, 1055004, 393191, 166150, 578704, 131163, 39.3, 46.1, 1.00
A, 767500, 390173, 1029872, 1054899, 393161, 166241, 578666, 131176, 39.3, 46.1, 1.00
A, 769017, 390538, 1032218, 1056908, 393400, 166536, 579110, 131477, 39.4, 46.1, 1.01
A, 768185, 390556, 1030492, 1055335, 393368, 166276, 578930, 131201, 39.4, 46.1, 1.00
A, 767347, 390379, 1029391, 1054500, 393231, 166195, 578746, 131123, 39.3, 46.1, 1.00
A, 767270, 390242, 1029177, 1054656, 393179, 166157, 578739, 131151, 39.3, 46.1, 1.00
A, 767127, 390335, 1028977, 1054484, 393209, 166105, 578758, 130987, 39.4, 46.1, 1.00
A, 767184, 390324, 1029100, 1054601, 393185, 166165, 578857, 131123, 39.4, 46.1, 1.00
A, 767160, 390368, 1028713, 1054417, 393300, 166159, 578878, 131087, 39.3, 46.1, 1.00
A, 767240, 390331, 1028846, 1054466, 393273, 165996, 578890, 131053, 39.3, 46.1, 1.00
A, 767419, 390338, 1029209, 1054977, 393319, 166165, 578982, 131113, 39.3, 46.1, 1.00
A, 767517, 390366, 1029297, 1055093, 393319, 166147, 579057, 131101, 39.3, 46.1, 0.99
A, 767504, 390413, 1029172, 1055034, 393382, 166216, 579049, 131146, 39.3, 46.1, 1.01
A, 767884, 390516, 1029775, 1055469, 393482, 166208, 579192, 131181, 39.3, 46.1, 0.99
A, 767960, 390582, 1029761, 1055539, 393545, 166168, 579185, 131148, 39.3, 46.1, 0.99
A, 767788, 390503, 1029437, 1055358, 393538, 166142, 579243, 131062, 39.3, 46.1, 1.00
A, 767970, 390644, 1029701, 1055847, 393526, 166169, 579283, 131163, 39.3, 46.1, 0.99
A, 767924, 390605, 1029623, 1055721, 393547, 166191, 579264, 131123, 39.3, 46.2, 0.99
A, 768049, 390576, 1029886, 1056017, 393601, 166237, 579410, 131192, 39.3, 46.2, 0.99
A, 768143, 390642, 1029826, 1055996, 393650, 166238, 579421, 131194, 39.3, 46.2, 1.00
A, 768119, 390642, 1029631, 1055789, 393683, 166247, 579429, 131044, 39.3, 46.2, 1.00
A, 767674, 390614, 1029343, 1055572, 393620, 166188, 579340, 131045, 39.3, 46.2, 1.00
A, 768918, 390744, 1030880, 1057026, 393842, 166349, 579607, 131315, 39.3, 46.2, 1.00
A, 768667, 390891, 1030554, 1056659, 393789, 166272, 579624, 131217, 39.3, 46.2, 1.00
A, 768034, 390767, 1029473, 1055793, 393774, 166130, 579511, 131077, 39.3, 46.2, 1.00
A, 767409, 390696, 1028572, 1055200, 393673, 166098, 579423, 131001, 39.3, 46.2, 1.01
A, 767128, 390507, 1028160, 1054901, 393565, 165986, 579369, 130907, 39.3, 46.2, 0.99
A, 766768, 390489, 1027512, 1054366, 393549, 165987, 579339, 130895, 39.3, 46.2, 0.98
A, 766677, 390344, 1027530, 1054610, 393494, 165912, 579261, 130943, 39.3, 46.2, 1.01
A, 766927, 390590, 1027492, 1054569, 393586, 165924, 579370, 130909, 39.3, 46.2, 1.00
A, 767032, 390488, 1027505, 1054693, 393560, 165901, 579432, 130867, 39.3, 46.2, 0.99
A, 767264, 390490, 1028024, 1055223, 393622, 165927, 579420, 130971, 39.3, 46.2, 0.99
A, 767528, 390484, 1028291, 1055505, 393740, 165998, 579572, 131019, 39.3, 46.2, 1.01
A, 767700, 390571, 1028542, 1055807, 393806, 166083, 579603, 130982, 39.3, 46.2, 1.01
A, 767956, 390650, 1028710, 1055962, 393896, 166129, 579699, 131052, 39.3, 46.2, 1.00
A, 768175, 390772, 1028888, 1056080, 393994, 166085, 579824, 131036, 39.3, 46.2, 0.99
A, 768198, 390742, 1028934, 1055999, 393984, 166004, 579842, 131028, 39.3, 46.2, 1.00
A, 768376, 390894, 1029225, 1056557, 394013, 166138, 579967, 131092, 39.3, 46.2, 1.00
A, 768422, 390813, 1029275, 1056706, 394109, 166125, 579960, 131136, 39.3, 46.2, 1.01
A, 768472, 390869, 1029125, 1056650, 394029, 166136, 579977, 131074, 39.3, 46.2, 1.00
A, 768615, 390952, 1029427, 1056891, 394198, 166133, 580068, 131095, 39.3, 46.2, 1.01
A, 768711, 390976, 1029568, 1056976, 394214, 166189, 580119, 131083, 39.3, 46.2, 1.01
A, 769915, 391235, 1031231, 1058551, 394415, 166334, 580413, 131342, 39.3, 46.2, 1.00
A, 769649, 391253, 1030834, 1058179, 394422, 166363, 580396, 131173, 39.3, 46.2, 0.99
A, 769097, 391164, 1030025, 1057600, 394339, 166258, 580257, 131126, 39.3, 46.2, 0.98
A, 768490, 391021, 1029249, 1057044, 394212, 166124, 580163, 131108, 39.3, 46.2, 1.01
A, 768890, 391103, 1029555, 1056983, 394247, 166106, 580215, 131049, 39.3, 46.3, 1.01
A, 768654, 391070, 1029432, 1057109, 394262, 166171, 580181, 131009, 39.3, 46.3, 0.99
A, 768523, 391170, 1029000, 1056868, 394318, 166149, 580203, 130985, 39.3, 46.3, 0.99
A, 768416, 391025, 1029018, 1056753, 394191, 166151, 580229, 130998, 39.3, 46.3, 1.01
A, 768140, 391105, 1028664, 1056611, 394240, 166058, 580174, 130970, 39.3, 46.3, 1.00
A, 768063, 391001, 1028390, 1056310, 394177, 166046, 580055, 130950, 39.3, 46.3, 0.99
A, 768387, 391049, 1028973, 1056778, 394214, 166070, 580213, 131003, 39.3, 46.3, 1.00
A, 768398, 391027, 1028756, 1056775, 394265, 166089, 580251, 130914, 39.3, 46.3, 1.00
A, 768266, 391052, 1028853, 1056943, 394260, 166059, 580221, 130940, 39.3, 46.3, 1.01
A, 768548, 391064, 1029251, 1057283, 394379, 166166, 580329, 131018, 39.3, 46.3, 0.99
A, 768720, 391086, 1029017, 1057026, 394323, 166072, 580356, 130961, 39.3, 46.3, 0.99
A, 768683, 391097, 1028916, 1056928, 394358, 166125, 580349, 131007, 39.3, 46.3, 1.00
A, 768344, 391055, 1028721, 1057054, 394351, 166039, 580367, 131000, 39.3, 46.3, 1.00
A, 768815, 391120, 1029163, 1057405, 394374, 166151, 580427, 131003, 39.3, 46.3, 0.98
A, 768690, 391111, 1029137, 1057503, 394447, 166131, 580460, 131030, 39.3, 46.3, 1.00
A, 769013, 391194, 1029592, 1057811, 394485, 166212, 580551, 131066, 39.3, 46.3, 0.99
A, 770521, 391511, 1031651, 1059392, 394790, 166409, 580893, 131281, 39.3, 46.3, 1.00
A, 769874, 391551, 1030568, 1058553, 394743, 166266, 580783, 130989, 39.3, 46.3, 1.00
A, 769737, 391428, 1030561, 1058687, 394691, 166284, 580778, 131069, 39.3, 46.3, 1.00
A, 769497, 391388, 1030395, 1058527, 394738, 166257, 580767, 131033, 39.3, 46.3, 0.99
A, 769245, 391429, 1029891, 1058165, 394602, 166290, 580722, 131096, 39.3, 46.3, 1.00
A, 769513, 391522, 1030138, 1058324, 394710, 166280, 580843, 131030, 39.3, 46.3, 0.99
A, 769285, 391431, 1029816, 1058076, 394693, 166277, 580746, 131025, 39.3, 46.3, 0.99
A, 769015, 391512, 1029454, 1057708, 394774, 166170, 580747, 130931, 39.3, 46.3, 1.00
A, 768980, 391385, 1029354, 1057868, 394641, 166150, 580663, 130980, 39.3, 46.3, 1.00
A, 769100, 391402, 1029628, 1058103, 394663, 166208, 580789, 131021, 39.3, 46.3, 0.99
A, 769139, 391408, 1029628, 1058215, 394692, 166276, 580799, 131058, 39.3, 46.3, 1.01
A, 769317, 391508, 1029825, 1058185, 394773, 166268, 580817, 130992, 39.3, 46.3, 1.00
A, 769261, 391477, 1029625, 1058095, 394714, 166222, 580780, 131007, 39.3, 46.3, 1.01
A, 768993, 391431, 1029384, 1058059, 394737, 166153, 580771, 130979, 39.3, 46.3, 1.00
A, 769250, 391405, 1029636, 1058258, 394768, 166269, 580822, 130977, 39.3, 46.3, 1.00
A, 769233, 391417, 1029656, 1058268, 394785, 166224, 580855, 131027, 39.3, 46.3, 1.00
A, 769499, 391490, 1030122, 1058702, 394797, 166299, 580926, 131040, 39.3, 46.3, 1.00
A, 769551, 391565, 1030077, 1058461, 394857, 166258, 580973, 130980, 39.3, 46.3, 1.00
A, 769286, 391469, 1029813, 1058240, 394831, 166183, 580886, 130997, 39.3, 46.3, 0.99
A, 769392, 391468, 1029901, 1058558, 394832, 166253, 580990, 131013, 39.3, 46.3, 1.00
A, 770655, 391676, 1031935, 1060329, 395099, 166545, 581285, 131242, 39.3, 46.3, 1.00
A, 770483, 391887, 1031452, 1059678, 395148, 166415, 581275, 131184, 39.3, 46.3, 1.00
A, 769910, 391758, 1030656, 1059095, 394969, 166363, 581123, 131098, 39.3, 46.3, 0.99
A, 769291, 391600, 1029796, 1058414, 394942, 166223, 581016, 130961, 39.3, 46.3, 1.00
A, 768619, 391452, 1028858, 1057703, 394744, 166160, 580856, 130889, 39.3, 46.3, 1.00
A, 768318, 391308, 1028358, 1057356, 394691, 166050, 580726, 130780, 39.3, 46.3, 1.00
A, 768345, 391370, 1028484, 1057377, 394718, 166128, 580877, 130860, 39.3, 46.3, 1.00
A, 768567, 391342, 1028450, 1057304, 394683, 166084, 580807, 130853, 39.3, 46.3, 1.01
A, 768163, 391270, 1027990, 1057098, 394717, 166089, 580810, 130800, 39.3, 46.3, 1.00
A, 768280, 391182, 1028141, 1057251, 394722, 166088, 580748, 130773, 39.3, 46.3, 1.00
A, 768595, 391224, 1028443, 1057570, 394715, 166108, 580859, 130877, 39.3, 46.3, 1.00
A, 768777, 391271, 1028626, 1057763, 394790, 166093, 580960, 130935, 39.3, 46.3, 0.99
A, 768853, 391312, 1028709, 1057827, 394803, 166045, 580947, 130875, 39.3, 46.3, 1.01
A, 768621, 391320, 1028595, 1057839, 394766, 166092, 580946, 130909, 39.3, 46.3, 1.00
A, 769255, 391421, 1029312, 1058339, 394850, 166147, 581083, 130933, 39.3, 46.3, 1.01
A, 769255, 391508, 1029286, 1058314, 394951, 166126, 581117, 130902, 39.3, 46.3, 0.99
A, 769282, 391492, 1029462, 1058717, 394976, 166262, 581153, 130974, 39.3, 46.3, 1.00
A, 769128, 391455, 1029086, 1058409, 395006, 166165, 581171, 130942, 39.3, 46.3, 0.98
A, 769263, 391510, 1029023, 1058248, 394969, 166153, 581136, 130907, 39.3, 46.3, 0.99
A, 769255, 391472, 1028850, 1058202, 394952, 166157, 581137, 130866, 39.3, 46.4, 1.00
A, 770372, 391630, 1030842, 1060028, 395252, 166370, 581498, 131159, 39.3, 46.4, 0.98
A, 770176, 391778, 1030300, 1059515, 395236, 166258, 581462, 131084, 39.3, 46.4, 1.00
A, 769596, 391583, 1029517, 1058929, 395102, 166152, 581338, 130931, 39.3, 46.4, 0.99
A, 769420, 391636, 1029356, 1058860, 395064, 166206, 581269, 130912, 39.3, 46.4, 1.00
A, 769412, 391592, 1029091, 1058391, 395087, 166159, 581308, 130854, 39.3, 46.4, 0.99
A, 769373, 391603, 1029039, 1058385, 394999, 166145, 581254, 130906, 39.3, 46.4, 0.99
A, 769192, 391544, 1028972, 1058619, 395055, 166147, 581285, 130919, 39.3, 46.4, 1.00
A, 769194, 391654, 1028825, 1058405, 395048, 166094, 581321, 130881, 39.3, 46.4, 1.00
A, 769243, 391548, 1028816, 1058540, 394987, 166142, 581280, 130941, 39.3, 46.4, 1.01
A, 769210, 391601, 1028731, 1058415, 395120, 166122, 581300, 130845, 39.3, 46.4, 0.99
A, 769067, 391460, 1028703, 1058364, 395020, 166070, 581276, 130855, 39.3, 46.4, 1.01
A, 769331, 391523, 1028935, 1058606, 395070, 166113, 581342, 130864, 39.3, 46.4, 1.00
A, 769478, 391551, 1029221, 1058916, 395135, 166138, 581392, 130908, 39.3, 46.4, 1.01
A, 769434, 391571, 1029214, 1058920, 395157, 166204, 581426, 130923, 39.3, 46.4, 1.00
A, 769727, 391664, 1029623, 1059347, 395194, 166261, 581545, 130964, 39.3, 46.4, 1.00
A, 769970, 391700, 1029829, 1059470, 395318, 166230, 581558, 130960, 39.3, 46.4, 1.01
A, 769826, 391693, 1029624, 1059274, 395257, 166190, 581524, 130896, 39.3, 46.4, 1.00
A, 769676, 391654, 1029350, 1059274, 395209, 166165, 581504, 130931, 39.3, 46.4, 1.01
A, 770015, 391671, 1029621, 1059485, 395271, 166248, 581573, 130901, 39.3, 46.4, 0.99
A, 770040, 391786, 1029807, 1059585, 395300, 166225, 581536, 130922, 39.3, 46.4, 1.00
A, 771419, 392019, 1031891, 1061421, 395553, 166521, 581913, 131226, 39.3, 46.4, 0.99
A, 770970, 392002, 1031203, 1060565, 395555, 166396, 581850, 131104, 39.3, 46.4, 1.01
A, 770575, 391958, 1030790, 1060268, 395545, 166350, 581755, 130956, 39.3, 46.4, 1.00
A, 770552, 392010, 1030692, 1060376, 395441, 166334, 581777, 131026, 39.3, 46.4, 1.00
A, 770304, 391920, 1030586, 1060226, 395453, 166389, 581709, 131037, 39.3, 46.4, 0.99
A, 770040, 391842, 1029890, 1059513, 395392, 166203, 581651, 130820, 39.3, 46.4, 1.00
A, 769805, 391793, 1029576, 1059242, 395269, 166207, 581577, 130854, 39.3, 46.4, 0.99
A, 769496, 391826, 1029349, 1059290, 395260, 166224, 581576, 130837, 39.3, 46.4, 1.00
A, 769584, 391783, 1029283, 1059002, 395354, 166178, 581615, 130888, 39.3, 46.4, 1.00
A, 769564, 391786, 1029265, 1059252, 395255, 166254, 581603, 130851, 39.3, 46.4, 1.00
A, 769519, 391842, 1028995, 1058944, 395380, 166172, 581675, 130870, 39.3, 46.4, 1.00
A, 769415, 391722, 1028801, 1058708, 395230, 166145, 581625, 130840, 39.3, 46.4, 1.00
A, 769608, 391791, 1029269, 1059297, 395379, 166210, 581661, 130875, 39.3, 46.4, 0.99
A, 769720, 391823, 1029280, 1059440, 395312, 166219, 581661, 130833, 39.3, 46.4, 0.99
A, 769604, 391838, 1029159, 1059314, 395346, 166197, 581630, 130831, 39.3, 46.4, 1.00
A, 770000, 391832, 1029674, 1059676, 395364, 166241, 581782, 130956, 39.3, 46.4, 1.00
A, 769980, 391870, 1029802, 1059691, 395438, 166323, 581783, 130925, 39.3, 46.4, 1.01
A, 769929, 391859, 1029505, 1059509, 395450, 166211, 581761, 130899, 39.3, 46.4, 1.00
A, 770105, 391893, 1029865, 1059773, 395479, 166189, 581827, 130914, 39.3, 46.4, 1.00
A, 770013, 391889, 1029650, 1059743, 395412, 166224, 581769, 130866, 39.3, 46.4, 0.99
A, 771158, 392016, 1031601, 1061416, 395701, 166533, 582097, 131111, 39.3, 46.4, 1.00
A, 770961, 392167, 1031279, 1061112, 395725, 166418, 582099, 131091, 39.3, 46.4, 1.00
A, 770486, 392047, 1030436, 1060274, 395600, 166283, 581880, 130907, 39.3, 46.4, 1.00
A, 769928, 391950, 1029584, 1059575, 395445, 166194, 581763, 130796, 39.3, 46.4, 1.00
A, 769361, 391791, 1028786, 1059076, 395344, 166191, 581653, 130830, 39.3, 46.4, 1.01
A, 769809, 391754, 1029293, 1059557, 395416, 166230, 581757, 130868, 39.3, 46.4, 1.01
A, 769804, 391850, 1029448, 1059655, 395386, 166234, 581787, 130872, 39.3, 46.4, 1.01
A, 770043, 391882, 1029798, 1059902, 395489, 166245, 581894, 130893, 39.3, 46.4, 1.01
A, 769612, 391776, 1029195, 1059293, 395401, 166122, 581748, 130880, 39.3, 46.4, 1.00
A, 769015, 391752, 1028125, 1058582, 395339, 166073, 581657, 130713, 39.3, 46.4, 1.00
A, 768923, 391596, 1028271, 1058751, 395241, 166105, 581600, 130729, 39.3, 46.4, 1.01
A, 769107, 391654, 1028275, 1058680, 395361, 166072, 581677, 130725, 39.3, 46.4, 1.01
A, 769016, 391568, 1028252, 1058531, 395282, 166044, 581617, 130692, 39.3, 46.4, 0.99
A, 769261, 391609, 1028542, 1059045, 395280, 166040, 581677, 130749, 39.3, 46.4, 1.00
A, 769313, 391650, 1028619, 1059074, 395434, 166033, 581708, 130764, 39.3, 46.4, 1.01
A, 769449, 391629, 1028795, 1059245, 395411, 166042, 581746, 130730, 39.3, 46.4, 0.99
A, 769905, 391699, 1029251, 1059719, 395443, 166144, 581887, 130868, 39.3, 46.4, 1.00
A, 769676, 391749, 1029043, 1059536, 395446, 166143, 581873, 130796, 39.3, 46.4, 0.99
A, 770204, 391794, 1029442, 1059653, 395510, 166195, 581983, 130870, 39.3, 46.4, 1.00
A, 770011, 391771, 1029413, 1059893, 395503, 166127, 581905, 130802, 39.3, 46.4, 0.99
M, 766188, 391192, 1022580, 1053263, 394771, 165178, 580849, 129724, 39.3, 46.4, 0.00
M, 756447, 388946, 1008425, 1041648, 392077, 163468, 577529, 128075, 39.3, 46.4, 0.56
M, 749042, 386705, 997061, 1032306, 389763, 162055, 574823, 126885, 39.3, 46.4, 0.74
M, 743362, 384793, 988076, 1025139, 388145, 160823, 573182, 126008, 39.3, 46.4, 0.83
M, 739506, 383984, 980532, 1019811, 387608, 159812, 573762, 125298, 39.4, 46.4, 0.89
M, 736978, 384209, 973353, 1015348, 387989, 158812, 575174, 124711, 39.4, 46.4, 0.92
M, 737187, 385322, 968215, 1013434, 388960, 158161, 577084, 124225, 39.4, 46.3, 0.94
M, 738688, 386841, 963254, 1012269, 389987, 157444, 578873, 123784, 39.4, 46.3, 0.97
M, 740909, 388234, 959280, 1012497, 390939, 156975, 580147, 123517, 39.4, 46.3, 0.99
M, 743334, 389643, 956043, 1013426, 391692, 156692, 581133, 123331, 39.4, 46.3, 0.98
M, 746847, 390981, 953814, 1015412, 392385, 156463, 582005, 123260, 39.4, 46.2, 0.98
M, 750120, 392073, 951737, 1017253, 392897, 156209, 582591, 123145, 39.4, 46.2, 0.99
M, 754341, 393177, 950091, 1020476, 393497, 156153, 583203, 123036, 39.4, 46.2, 0.99
M, 757198, 393834, 948582, 1022943, 393822, 156023, 583490, 123028, 39.4, 46.2, 1.00
M, 760628, 394464, 947014, 1025880, 394083, 155961, 583742, 122896, 39.4, 46.1, 1.00
M, 762785, 394634, 946289, 1028120, 394179, 155991, 583828, 122973, 39.4, 46.1, 0.99
M, 765617, 394931, 946009, 1031057, 394467, 156069, 584092, 123071, 39.4, 46.1, 0.99
M, 768119, 395158, 945543, 1033978, 394643, 156156, 584301, 123112, 39.4, 46.1, 0.99
M, 770768, 395174, 945438, 1036974, 394875, 156177, 584486, 123104, 39.4, 46.1, 1.01
M, 772548, 395215, 944991, 1039329, 394964, 156292, 584579, 123099, 39.4, 46.1, 0.99
M, 775240, 395329, 946377, 1043146, 395285, 156612, 585014, 123424, 39.4, 46.1, 1.00
M, 776859, 395305, 946118, 1045173, 395414, 156700, 585249, 123409, 39.4, 46.1, 0.99
M, 777785, 395104, 945876, 1046828, 395496, 156755, 585314, 123443, 39.4, 46.1, 1.01
M, 779090, 395084, 946119, 1049050, 395664, 156892, 585535, 123474, 39.4, 46.1, 1.00
M, 780011, 394854, 946059, 1050647, 395796, 156989, 585713, 123469, 39.4, 46.1, 1.01
M, 780552, 394649, 945781, 1052116, 395941, 157057, 585880, 123552, 39.4, 46.1, 0.99
M, 781189, 394471, 945766, 1053625, 396095, 157201, 586021, 123644, 39.4, 46.1, 0.99
M, 781679, 394303, 945760, 1054930, 396210, 157346, 586285, 123659, 39.4, 46.0, 1.00
M, 782188, 394122, 945674, 1055919, 396348, 157383, 586480, 123631, 39.4, 46.0, 0.99
M, 782405, 393889, 945516, 1056859, 396511, 157501, 586687, 123650, 39.4, 46.0, 1.00
M, 782420, 393729, 945488, 1057959, 396601, 157506, 586799, 123731, 39.4, 46.0, 1.00
M, 783094, 393579, 946051, 1059189, 396802, 157684, 587177, 123806, 39.4, 46.0, 0.99
M, 783326, 393498, 946172, 1060134, 397016, 157805, 587408, 123827, 39.4, 46.0, 1.01
M, 783619, 393477, 946353, 1061111, 397305, 158026, 587744, 123940, 39.4, 46.0, 1.01
M, 783831, 393345, 946468, 1061588, 397444, 157995, 587954, 123922, 39.4, 46.0, 1.00
M, 783746, 393286, 946398, 1062547, 397673, 158182, 588257, 123986, 39.4, 46.0, 1.01
M, 783840, 393158, 946596, 1063126, 397741, 158160, 588442, 123981, 39.4, 46.0, 1.00
M, 784410, 393163, 947145, 1064191, 398000, 158388, 588798, 124118, 39.4, 46.0, 1.00
M, 784500, 393169, 947390, 1064941, 398204, 158383, 588965, 124248, 39.4, 46.0, 1.00
M, 784772, 393225, 947749, 1065642, 398519, 158542, 589386, 124210, 39.4, 46.0, 1.00
M, 785917, 393255, 949338, 1067577, 398838, 158870, 589830, 124413, 39.4, 46.0, 1.00
M, 785804, 393365, 949278, 1067753, 399059, 158866, 590080, 124323, 39.4, 46.0, 1.00
M, 785296, 393238, 948756, 1067705, 399065, 158840, 590191, 124328, 39.4, 46.0, 0.99
M, 785115, 393158, 948614, 1067934, 399247, 158968, 590308, 124391, 39.4, 46.0, 1.00
M, 784648, 393060, 948130, 1067968, 399308, 158936, 590509, 124368, 39.4, 46.0, 1.01
M, 784993, 393141, 948404, 1068265, 399545, 159009, 590726, 124331, 39.4, 46.0, 1.00
M, 784998, 393140, 948588, 1068794, 399630, 159132, 590988, 124381, 39.4, 46.0, 1.01
M, 785192, 393167, 949160, 1069635, 399875, 159220, 591252, 124483, 39.4, 46.0, 1.00
M, 785435, 393140, 949354, 1070140, 400023, 159353, 591518, 124555, 39.4, 46.0, 1.00
M, 785561, 393160, 949786, 1070721, 400204, 159382, 591724, 124609, 39.4, 46.0, 1.00
M, 786148, 393366, 950535, 1071566, 400495, 159587, 592075, 124680, 39.4, 46.0, 1.00
M, 786425, 393479, 950956, 1072025, 400766, 159641, 592325, 124726, 39.4, 46.0, 1.00
M, 786309, 393458, 951112, 1072351, 400899, 159683, 592564, 124686, 39.4, 46.0, 1.00
M, 786577, 393555, 951420, 1073069, 401079, 159836, 592751, 124805, 39.4, 46.0, 1.00
M, 786478, 393665, 951260, 1073134, 401274, 159893, 592998, 124854, 39.4, 46.0, 1.00
M, 786465, 393641, 951478, 1073391, 401274, 159952, 593104, 124835, 39.4, 46.0, 0.99
M, 786511, 393757, 951702, 1073859, 401562, 160035, 593415, 124889, 39.4, 46.0, 1.01
M, 786420, 393745, 951620, 1073770, 401549, 159954, 593471, 124856, 39.4, 46.0, 0.99
M, 786673, 393793, 952104, 1074550, 401758, 160086, 593680, 124894, 39.4, 46.0, 1.00
M, 786853, 393795, 952506, 1075146, 401904, 160133, 593897, 124964, 39.4, 46.0, 1.00
M, 788356, 394134, 954600, 1077046, 402280, 160444, 594417, 125215, 39.4, 46.0, 1.00
M, 788233, 394323, 954590, 1077203, 402485, 160431, 594592, 125205, 39.4, 46.0, 1.01
M, 787933, 394324, 954203, 1076928, 402528, 160469, 594699, 125118, 39.4, 46.0, 1.01
M, 787493, 394273, 953634, 1076580, 402508, 160409, 594757, 125051, 39.4, 46.0, 0.99
M, 787358, 394176, 953681, 1076843, 402572, 160521, 594907, 125054, 39.4, 46.0, 1.00
M, 787878, 394354, 954308, 1077475, 402802, 160605, 595086, 125191, 39.4, 46.0, 1.00
M, 787965, 394483, 954492, 1077597, 402951, 160689, 595355, 125179, 39.4, 46.0, 1.00
M, 787901, 394518, 954542, 1077814, 403107, 160747, 595401, 125191, 39.4, 46.0, 1.01
M, 788112, 394591, 955140, 1078280, 403218, 160741, 595656, 125274, 39.4, 46.0, 1.00
M, 788029, 394513, 955129, 1078605, 403260, 160813, 595733, 125253, 39.4, 46.0, 1.00
M, 787982, 394612, 955214, 1078842, 403404, 160925, 595956, 125322, 39.4, 46.0, 1.00
M, 788461, 394764, 955844, 1079417, 403607, 160977, 596162, 125385, 39.4, 46.0, 0.99
M, 788689, 394889, 956087, 1079585, 403746, 161011, 596345, 125374, 39.4, 46.0, 1.00
M, 788501, 394824, 955930, 1079668, 403695, 160977, 596412, 125318, 39.4, 46.0, 1.01
M, 788361, 394813, 956061, 1079861, 403856, 161135, 596548, 125384, 39.4, 46.0, 0.99
M, 788617, 395011, 956368, 1080065, 404038, 161141, 596751, 125372, 39.4, 46.0, 0.99
M, 788493, 394871, 956368, 1080281, 403993, 161191, 596752, 125431, 39.4, 46.0, 1.00
M, 788537, 395039, 956310, 1080283, 404219, 161235, 597026, 125414, 39.4, 46.0, 1.01
M, 788550, 394978, 956634, 1080278, 404251, 161241, 597041, 125442, 39.4, 46.0, 0.99
M, 788824, 395096, 957032, 1081003, 404302, 161335, 597183, 125421, 39.4, 46.0, 1.00
M, 790329, 395283, 959223, 1083163, 404667, 161575, 597624, 125711, 39.4, 46.0, 0.99
M, 789737, 395447, 958532, 1082401, 404764, 161556, 597752, 125649, 39.4, 46.0, 1.00
M, 790000, 395514, 959107, 1083013, 404864, 161692, 597885, 125702, 39.4, 46.0, 1.00
M, 790030, 395610, 959302, 1083147, 405015, 161630, 597977, 125673, 39.4, 46.0, 1.00
M, 789864, 395590, 959200, 1083041, 405046, 161716, 598095, 125652, 39.4, 46.0, 1.00
M, 790054, 395623, 959499, 1083426, 405159, 161726, 598174, 125694, 39.4, 46.0, 0.99
M, 789823, 395610, 959408, 1083503, 405169, 161818, 598248, 125687, 39.4, 46.0, 1.01
M, 789999, 395692, 959961, 1083899, 405285, 161874, 598469, 125753, 39.4, 46.0, 1.00
M, 790179, 395752, 960087, 1084018, 405410, 161945, 598600, 125784, 39.4, 46.0, 1.00
M, 790628, 395824, 960788, 1084635, 405514, 161940, 598663, 125769, 39.4, 46.0, 1.00
M, 790360, 395835, 960549, 1084616, 405571, 162034, 598816, 125837, 39.4, 46.0, 1.00
M, 790252, 395843, 960491, 1084532, 405600, 162052, 598827, 125725, 39.4, 46.0, 1.00
M, 790517, 395964, 960979, 1084960, 405700, 162115, 599000, 125822, 39.4, 46.0, 1.00
M, 790459, 395899, 961035, 1084884, 405799, 162098, 599056, 125801, 39.4, 46.0, 1.00
M, 790191, 395878, 960776, 1084634, 405756, 162084, 599075, 125762, 39.4, 46.0, 1.01
M, 790362, 395956, 961207, 1084972, 405911, 162167, 599226, 125823, 39.4, 46.0, 1.00
M, 789972, 395954, 960837, 1084674, 405907, 162138, 599297, 125806, 39.4, 46.0, 0.99
M, 789930, 395913, 960945, 1084846, 405902, 162129, 599284, 125802, 39.4, 46.0, 1.01
M, 789901, 396002, 960943, 1084837, 406065, 162181, 599509, 125827, 39.4, 46.0, 0.99
M, 789709, 395906, 960779, 1084673, 405974, 162193, 599408, 125774, 39.4, 46.0, 1.01
M, 791188, 396147, 963111, 1086854, 406304, 162464, 599839, 126075, 39.4, 46.0, 1.01
M, 790825, 396128, 962438, 1086254, 406383, 162386, 599866, 125983, 39.4, 46.0, 1.00
M, 790342, 396104, 962067, 1085901, 406315, 162437, 599788, 125955, 39.4, 46.0, 1.00
M, 790275, 396103, 962161, 1085964, 406309, 162368, 599913, 125962, 39.4, 46.0, 1.01
M, 790089, 395980, 961667, 1085432, 406337, 162355, 599866, 125819, 39.4, 46.0, 1.00
M, 789612, 395876, 961200, 1084902, 406252, 162287, 599861, 125830, 39.4, 46.0, 1.00
M, 789577, 395838, 961526, 1085386, 406344, 162407, 599919, 125856, 39.4, 46.0, 1.01
M, 790020, 395959, 962139, 1086035, 406416, 162492, 600080, 125927, 39.4, 46.0, 1.02
M, 790269, 396015, 962352, 1086251, 406524, 162556, 600261, 126031, 39.4, 46.0, 1.01
M, 790746, 396127, 963285, 1086930, 406693, 162640, 600462, 126110, 39.4, 46.0, 1.00
M, 790931, 396173, 963627, 1087175, 406754, 162637, 600575, 126054, 39.4, 46.0, 1.00
M, 790859, 396219, 963559, 1087166, 406853, 162705, 600652, 126094, 39.4, 46.1, 1.00
M, 790851, 396208, 963722, 1087387, 406883, 162713, 600742, 126109, 39.4, 46.1, 1.00
M, 791142, 396233, 964201, 1087845, 406985, 162761, 600817, 126151, 39.4, 46.0, 1.01
M, 791088, 396182, 964313, 1087903, 407067, 162837, 600922, 126199, 39.4, 46.0, 1.01
M, 791688, 396359, 964897, 1088255, 407154, 162900, 601157, 126239, 39.4, 46.0, 1.00
M, 791433, 396374, 964958, 1088322, 407258, 162901, 601116, 126174, 39.4, 46.0, 1.00
M, 791154, 396351, 964562, 1088038, 407316, 162947, 601187, 126171, 39.4, 46.1, 0.99
M, 790921, 396283, 964394, 1087886, 407172, 162937, 601140, 126178, 39.4, 46.1, 1.00
M, 790910, 396314, 964595, 1087908, 407263, 162907, 601218, 126156, 39.4, 46.1, 1.00
M, 791962, 396458, 966049, 1089277, 407470, 163112, 601500, 126315, 39.4, 46.1, 0.99
M, 791852, 396494, 966041, 1089078, 407537, 163074, 601580, 126299, 39.4, 46.1, 0.99
M, 791332, 396355, 965511, 1088600, 407426, 163033, 601454, 126234, 39.4, 46.0, 1.00
M, 790946, 396290, 965086, 1088383, 407365, 163005, 601407, 126189, 39.4, 46.0, 1.00
M, 791183, 396337, 965769, 1088876, 407453, 163118, 601642, 126308, 39.4, 46.1, 1.01
M, 791461, 396329, 966166, 1089075, 407624, 163108, 601749, 126307, 39.4, 46.1, 1.00
M, 791513, 396359, 966059, 1088849, 407617, 163146, 601761, 126275, 39.4, 46.1, 0.99
M, 791484, 396336, 966421, 1089453, 407709, 163170, 601859, 126321, 39.4, 46.1, 1.01
M, 791594, 396385, 966518, 1089468, 407793, 163229, 601889, 126342, 39.4, 46.1, 0.99
M, 791613, 396417, 966801, 1089599, 407720, 163277, 601911, 126345, 39.4, 46.1, 0.99
M, 792043, 396470, 967477, 1090196, 407858, 163391, 602148, 126442, 39.4, 46.1, 1.01
M, 792222, 396501, 967638, 1090152, 407976, 163417, 602195, 126416, 39.4, 46.1, 1.00
M, 792072, 396576, 967746, 1090045, 408011, 163336, 602236, 126407, 39.4, 46.1, 0.99
M, 791908, 396582, 967778, 1090324, 407960, 163432, 602254, 126394, 39.4, 46.1, 1.01
M, 792097, 396660, 968221, 1090704, 408101, 163511, 602371, 126441, 39.4, 46.1, 1.00
M, 792327, 396652, 968222, 1090640, 408125, 163566, 602462, 126486, 39.4, 46.1, 1.00
M, 792493, 396701, 968801, 1090925, 408273, 163560, 602648, 126540, 39.4, 46.1, 1.01
M, 792279, 396662, 968783, 1090843, 408232, 163545, 602586, 126504, 39.4, 46.1, 1.00
M, 792107, 396669, 968628, 1090596, 408298, 163585, 602639, 126459, 39.5, 46.1, 1.00
M, 792090, 396633, 968717, 1090915, 408264, 163596, 602636, 126479, 39.5, 46.1, 1.00
M, 793547, 396855, 971021, 1092899, 408564, 163909, 603031, 126827, 39.5, 46.1, 1.00
M, 793130, 396947, 970688, 1092347, 408600, 163898, 603007, 126709, 39.4, 46.1, 0.99
M, 793170, 396879, 970676, 1092245, 408581, 163810, 603030, 126612, 39.4, 46.1, 1.00
M, 792924, 396862, 970526, 1091982, 408627, 163888, 603059, 126595, 39.4, 46.1, 1.00
M, 792590, 396820, 970349, 1091953, 408565, 163843, 603022, 126590, 39.4, 46.1, 1.00
M, 792726, 396898, 970572, 1092123, 408700, 163881, 603091, 126621, 39.4, 46.1, 0.99
M, 792618, 396840, 970650, 1092050, 408626, 163883, 603058, 126659, 39.4, 46.1, 0.99
M, 793054, 396954, 971328, 1092529, 408691, 163946, 603224, 126685, 39.4, 46.1, 1.00
M, 793027, 396914, 971354, 1092393, 408759, 164020, 603246, 126699, 39.4, 46.1, 1.01
M, 792872, 396957, 971335, 1092198, 408730, 163856, 603250, 126636, 39.4, 46.1, 1.00
M, 792463, 396838, 971055, 1092126, 408694, 163989, 603195, 126694, 39.4, 46.1, 1.01
M, 792693, 396859, 971567, 1092371, 408816, 164019, 603327, 126694, 39.4, 46.1, 1.00
M, 792755, 396901, 971523, 1092224, 408856, 163984, 603385, 126619, 39.4, 46.1, 1.01
M, 792493, 396829, 971293, 1091902, 408806, 163951, 603308, 126607, 39.4, 46.1, 1.00
M, 792119, 396775, 971244, 1091936, 408700, 163974, 603344, 126643, 39.4, 46.1, 1.00
M, 792427, 396803, 971633, 1092260, 408869, 164029, 603403, 126665, 39.4, 46.1, 0.99
M, 792404, 396806, 971801, 1092350, 408821, 164048, 603512, 126723, 39.4, 46.1, 1.00
M, 792545, 396789, 972009, 1092299, 408917, 164127, 603620, 126692, 39.4, 46.1, 1.01
M, 792444, 396742, 971821, 1092073, 408841, 164070, 603533, 126642, 39.4, 46.1, 0.99
M, 792258, 396781, 971903, 1092059, 408904, 164104, 603580, 126650, 39.4, 46.1, 0.99
M, 793300, 396759, 973569, 1093639, 409051, 164255, 603791, 126872, 39.4, 46.1, 1.00
M, 793036, 396924, 973197, 1093330, 409089, 164281, 603845, 126828, 39.4, 46.1, 1.00
M, 792586, 396849, 972744, 1092799, 409024, 164236, 603738, 126807, 39.5, 46.1, 1.00
M, 792264, 396812, 972439, 1092153, 408971, 164175, 603679, 126648, 39.5, 46.1, 1.00
M, 791741, 396604, 971762, 1091526, 408884, 164117, 603593, 126586, 39.5, 46.1, 1.00
M, 791414, 396471, 971360, 1091275, 408798, 164046, 603517, 126603, 39.5, 46.1, 0.99
M, 791768, 396607, 972116, 1091772, 408851, 164115, 603611, 126677, 39.5, 46.1, 1.01
M, 791789, 396566, 972283, 1092044, 408964, 164236, 603746, 126701, 39.5, 46.1, 1.01
M, 792147, 396579, 973035, 1092567, 409066, 164277, 603890, 126756, 39.5, 46.1, 1.01
M, 792419, 396599, 973328, 1092657, 409137, 164258, 603950, 126771, 39.5, 46.1, 1.01
M, 792404, 396639, 973343, 1092599, 409099, 164216, 603973, 126824, 39.5, 46.1, 1.00
M, 792334, 396601, 973572, 1092911, 409213, 164285, 604013, 126818, 39.5, 46.1, 1.00
M, 792631, 396715, 974024, 1093296, 409248, 164401, 604132, 126883, 39.5, 46.1, 1.00
M, 792811, 396711, 974339, 1093390, 409250, 164360, 604171, 126920, 39.5, 46.1, 1.00
M, 793151, 396777, 975029, 1093965, 409319, 164579, 604358, 127012, 39.5, 46.1, 0.99
M, 793206, 396882, 975054, 1093832, 409376, 164495, 604388, 126945, 39.5, 46.1, 1.00
M, 793070, 396844, 975084, 1093647, 409381, 164490, 604381, 126945, 39.5, 46.1, 1.01
M, 792871, 396730, 975112, 1093778, 409439, 164516, 604399, 126915, 39.5, 46.1, 1.01
M, 792539, 396773, 974655, 1093334, 409398, 164464, 604391, 126908, 39.5, 46.1, 1.01
M, 792539, 396677, 974652, 1093284, 409378, 164493, 604358, 126942, 39.5, 46.1, 0.99
M, 794490, 397164, 977494, 1095648, 409868, 164871, 604845, 127180, 39.5, 46.1, 1.00
M, 793835, 397100, 976800, 1094861, 409793, 164756, 604764, 127062, 39.5, 46.1, 1.00
M, 793476, 397018, 976402, 1094330, 409701, 164695, 604643, 127034, 39.5, 46.1, 1.00
M, 793051, 396822, 975957, 1093993, 409585, 164684, 604631, 126992, 39.5, 46.1, 1.00
M, 792873, 396839, 976030, 1094087, 409563, 164675, 604559, 127015, 39.5, 46.1, 1.00
M, 793349, 396948, 976664, 1094572, 409716, 164743, 604769, 127084, 39.5, 46.1, 1.00
M, 793506, 396959, 977045, 1094723, 409741, 164760, 604774, 127051, 39.5, 46.1, 1.00
M, 793375, 396971, 976985, 1094523, 409755, 164757, 604778, 126999, 39.5, 46.1, 0.99
M, 793289, 396963, 977193, 1094740, 409729, 164829, 604830, 127071, 39.5, 46.1, 0.99
M, 793347, 396983, 977247, 1094733, 409793, 164849, 604887, 127130, 39.5, 46.1, 1.00
M, 793491, 396935, 977518, 1094646, 409818, 164833, 604870, 127050, 39.5, 46.1, 1.00
M, 793112, 396895, 977132, 1094338, 409729, 164874, 604879, 127053, 39.5, 46.1, 1.01
M, 792910, 396833, 977019, 1094240, 409657, 164875, 604876, 127062, 39.5, 46.1, 1.00
M, 793158, 396855, 977658, 1094496, 409789, 164817, 604928, 127038, 39.5, 46.1, 1.00
M, 793053, 396912, 977606, 1094482, 409760, 164866, 604960, 127097, 39.5, 46.1, 1.01
M, 793358, 396885, 978137, 1094938, 409852, 164956, 604986, 127166, 39.5, 46.1, 1.01
M, 793523, 396927, 978424, 1094956, 409942, 164959, 605069, 127158, 39.5, 46.1, 1.01
M, 793435, 396924, 978451, 1094798, 409889, 165011, 605122, 127144, 39.5, 46.1, 0.99
M, 793227, 396840, 978380, 1094873, 409860, 164977, 605125, 127128, 39.5, 46.1, 0.99
M, 793320, 396883, 978487, 1094585, 409927, 164921, 605145, 127092, 39.5, 46.1, 1.01
M, 794209, 397104, 980074, 1096216, 410049, 165138, 605299, 127305, 39.5, 46.1, 0.99
M, 793389, 397037, 978931, 1094989, 410037, 165086, 605237, 127142, 39.5, 46.1, 1.01
M, 793398, 396923, 978922, 1094823, 409924, 165035, 605193, 127148, 39.5, 46.1, 1.00
M, 793399, 396977, 979226, 1095121, 410008, 165089, 605212, 127173, 39.5, 46.1, 1.00
M, 793363, 396908, 979148, 1094984, 409975, 165096, 605220, 127197, 39.5, 46.1, 0.99
M, 792894, 396905, 978984, 1094740, 410008, 165110, 605184, 127215, 39.5, 46.1, 1.00
M, 793504, 396955, 979694, 1095217, 410029, 165110, 605295, 127264, 39.5, 46.1, 1.01
M, 793477, 396938, 979951, 1095320, 410143, 165159, 605363, 127235, 39.5, 46.1, 1.00
M, 793265, 396898, 979867, 1095093, 410063, 165153, 605223, 127228, 39.5, 46.1, 1.01
M, 793459, 396905, 980076, 1095182, 410069, 165206, 605403, 127276, 39.5, 46.1, 0.99
M, 793379, 396945, 980204, 1095305, 410104, 165202, 605457, 127209, 39.5, 46.1, 1.00
M, 793382, 396865, 980366, 1095487, 410046, 165240, 605397, 127249, 39.5, 46.1, 1.01
M, 793670, 396979, 981047, 1095874, 410266, 165312, 605527, 127345, 39.5, 46.1, 1.00
M, 793897, 397061, 981401, 1096054, 410331, 165289, 605562, 127287, 39.5, 46.1, 1.00
M, 793742, 396944, 981214, 1095813, 410258, 165324, 605586, 127290, 39.5, 46.1, 1.00
M, 793761, 397028, 981434, 1095967, 410277, 165337, 605591, 127375, 39.5, 46.1, 0.99
M, 793786, 396954, 981452, 1095900, 410311, 165368, 605597, 127366, 39.5, 46.1, 1.01
M, 793756, 396990, 981555, 1095769, 410308, 165355, 605616, 127287, 39.5, 46.1, 0.99
M, 793273, 396879, 981167, 1095218, 410176, 165290, 605568, 127230, 39.5, 46.1, 1.00
M, 793435, 396911, 981541, 1095412, 410267, 165316, 605615, 127296, 39.5, 46.1, 0.99
M, 794624, 397195, 983328, 1097075, 410546, 165573, 605879, 127498, 39.5, 46.1, 1.01
M, 794126, 397121, 982754, 1096488, 410443, 165494, 605850, 127428, 39.5, 46.1, 0.99
M, 793247, 397056, 981601, 1095198, 410342, 165289, 605629, 127260, 39.5, 46.1, 1.01
M, 792840, 396830, 981146, 1094672, 410164, 165286, 605459, 127175, 39.5, 46.1, 0.99
M, 792576, 396807, 981133, 1094776, 410142, 165248, 605477, 127235, 39.5, 46.1, 1.00
M, 792374, 396595, 980837, 1094376, 410091, 165270, 605352, 127187, 39.5, 46.1, 0.99
M, 792432, 396594, 981102, 1094432, 410027, 165220, 605508, 127200, 39.5, 46.1, 1.00
M, 792897, 396700, 981689, 1095052, 410159, 165272, 605590, 127272, 39.5, 46.1, 0.99
M, 793105, 396723, 982058, 1095207, 410271, 165395, 605692, 127357, 39.5, 46.1, 1.00
M, 792762, 396711, 981569, 1094785, 410185, 165325, 605634, 127252, 39.5, 46.1, 0.99
M, 792971, 396647, 981849, 1094000, 410241, 165178, 605667, 127205, 39.5, 46.1, 0.99
M, 792349, 396548, 981447, 1094473, 410089, 165311, 605546, 127258, 39.5, 46.1, 0.99
M, 792616, 396530, 981678, 1094789, 410155, 165381, 605653, 127324, 39.5, 46.1, 0.99
M, 793233, 396663, 982638, 1095470, 410306, 165432, 605783, 127371, 39.5, 46.1, 1.00
M, 793406, 396686, 983062, 1095633, 410421, 165535, 605874, 127346, 39.5, 46.1, 1.00
M, 793332, 396649, 983201, 1095667, 410401, 165534, 605881, 127443, 39.5, 46.1, 1.00
M, 793331, 396785, 983266, 1095649, 410380, 165470, 605890, 127384, 39.5, 46.1, 1.01
M, 793791, 396792, 983973, 1096333, 410556, 165616, 606052, 127472, 39.5, 46.1, 1.00
M, 793414, 396833, 983591, 1095876, 410513, 165555, 606035, 127438, 39.5, 46.1, 1.00
M, 794039, 396890, 984275, 1096269, 410584, 165691, 606118, 127518, 39.5, 46.1, 1.00
A, 800271, 397613, 993196, 1104347, 411761, 166813, 607521, 128739, 39.5, 46.1, 0.04
A, 811088, 400324, 1009686, 1119099, 414508, 168959, 610441, 130663, 39.5, 46.1, 0.59
A, 817784, 402261, 1019638, 1127523, 416092, 170423, 612129, 131718, 39.5, 46.1, 0.74
A, 823291, 404421, 1028663, 1135134, 417595, 171733, 613577, 132566, 39.5, 46.1, 0.84
A, 826256, 405581, 1034127, 1139426, 418375, 172562, 614328, 133116, 39.5, 46.1, 0.88
A, 829419, 406955, 1039795, 1143643, 419234, 173489, 615284, 133652, 39.5, 46.1, 0.93
A, 831532, 408220, 1044627, 1146739, 419986, 174257, 615925, 134006, 39.5, 46.1, 0.95
A, 832662, 409371, 1048555, 1148598, 420512, 174959, 616339, 134219, 39.5, 46.1, 0.98
A, 833024, 410266, 1051175, 1149490, 420816, 175477, 616460, 134315, 39.5, 46.1, 0.98
A, 832920, 410848, 1053161, 1149841, 420951, 175807, 616541, 134435, 39.5, 46.1, 0.98
A, 832908, 411624, 1055567, 1150389, 421050, 176199, 616478, 134577, 39.5, 46.1, 0.98
A, 832405, 412128, 1056866, 1150018, 420973, 176595, 616356, 134672, 39.5, 46.1, 0.99
A, 831870, 412566, 1058531, 1149622, 420933, 176895, 616188, 134719, 39.5, 46.1, 1.00
A, 830928, 413007, 1059770, 1148701, 420887, 177035, 615870, 134651, 39.5, 46.1, 0.99
A, 829680, 413249, 1060235, 1147366, 420602, 177248, 615428, 134634, 39.5, 46.1, 1.00
A, 828346, 413391, 1060614, 1146340, 420308, 177313, 615071, 134562, 39.5, 46.1, 1.00
A, 827493, 413567, 1061530, 1145323, 420115, 177522, 614762, 134594, 39.4, 46.1, 0.99
A, 826139, 413632, 1062003, 1144019, 419808, 177518, 614307, 134567, 39.4, 46.1, 1.00
A, 825194, 413791, 1062730, 1142950, 419630, 177781, 614009, 134637, 39.4, 46.1, 1.00
A, 823865, 413744, 1063133, 1141205, 419261, 177816, 613514, 134523, 39.4, 46.1, 1.00
A, 823856, 413965, 1065384, 1141541, 419123, 178086, 613204, 134720, 39.4, 46.1, 0.99
A, 822042, 413964, 1064613, 1139415, 418772, 178094, 612787, 134553, 39.4, 46.1, 1.00
A, 820098, 413751, 1063831, 1136871, 418260, 177999, 612032, 134447, 39.4, 46.1, 1.01
A, 818866, 413505, 1063808, 1135565, 417878, 177896, 611574, 134377, 39.4, 46.1, 1.01
A, 816986, 413365, 1063667, 1133336, 417454, 177987, 610968, 134269, 39.4, 46.1, 1.00
A, 815801, 413143, 1063389, 1132001, 417097, 177884, 610484, 134210, 39.4, 46.1, 1.00
A, 814982, 412929, 1063846, 1130920, 416799, 177934, 610139, 134236, 39.4, 46.1, 1.00
A, 813862, 412711, 1063808, 1129576, 416423, 177876, 609664, 134182, 39.4, 46.1, 0.99
A, 812646, 412469, 1063676, 1128018, 416062, 177900, 609221, 134157, 39.4, 46.1, 1.00
A, 811810, 412262, 1064032, 1127086, 415775, 177866, 608859, 134116, 39.4, 46.1, 1.00
A, 810856, 411951, 1064202, 1125570, 415470, 177846, 608350, 134073, 39.4, 46.1, 1.00
A, 809679, 411741, 1063859, 1124071, 415024, 177762, 607883, 133966, 39.4, 46.1, 1.00
A, 808629, 411474, 1063744, 1122871, 414723, 177763, 607509, 133979, 39.4, 46.1, 1.00
A, 807835, 411288, 1063713, 1121581, 414444, 177729, 607115, 133943, 39.4, 46.1, 0.98
A, 806714, 410946, 1063555, 1119984, 414099, 177666, 606679, 133867, 39.4, 46.1, 1.00
A, 805589, 410620, 1063201, 1118612, 413708, 177578, 606219, 133783, 39.4, 46.1, 1.00
A, 804609, 410249, 1063016, 1117359, 413359, 177448, 605820, 133727, 39.4, 46.1, 1.01
A, 804059, 409970, 1063316, 1116690, 413170, 177448, 605478, 133695, 39.4, 46.1, 0.99
A, 803129, 409691, 1063003, 1115447, 412860, 177444, 605209, 133718, 39.4, 46.1, 1.01
A, 802573, 409409, 1063374, 1114814, 412609, 177412, 604860, 133768, 39.4, 46.1, 1.01
A, 803463, 409443, 1065620, 1115488, 412659, 177590, 604781, 133895, 39.4, 46.1, 1.00
A, 801876, 409088, 1064305, 1113247, 412294, 177361, 604305, 133685, 39.4, 46.1, 1.00
A, 800618, 408794, 1063448, 1111867, 411910, 177342, 603860, 133564, 39.4, 46.1, 1.00
A, 798949, 408246, 1062137, 1109479, 411455, 177096, 603254, 133421, 39.4, 46.1, 1.01
A, 797954, 407789, 1061439, 1108463, 411084, 177011, 602911, 133379, 39.4, 46.1, 1.01
A, 796721, 407412, 1060590, 1106491, 410712, 176840, 602419, 133257, 39.4, 46.1, 1.01
A, 796244, 406993, 1060709, 1105832, 410459, 176782, 602154, 133249, 39.4, 46.1, 1.01
A, 796089, 406793, 1061144, 1105646, 410288, 176807, 601936, 133232, 39.4, 46.1, 1.00
A, 795548, 406505, 1061330, 1105072, 410120, 176784, 601677, 133270, 39.4, 46.1, 1.01
A, 795321, 406402, 1061381, 1104276, 409923, 176770, 601453, 133294, 39.4, 46.1, 1.00
A, 795189, 406228, 1061804, 1103957, 409833, 176800, 601357, 133353, 39.4, 46.1, 1.00
A, 794812, 406004, 1062137, 1103448, 409671, 176755, 601163, 133327, 39.4, 46.1, 1.01
A, 794220, 405719, 1061936, 1102558, 409493, 176712, 600896, 133193, 39.4, 46.1, 1.00
A, 794114, 405669, 1062325, 1102299, 409354, 176675, 600710, 133376, 39.4, 46.1, 0.99
A, 793586, 405400, 1062281, 1101738, 409189, 176662, 600503, 133248, 39.4, 46.1, 1.00
A, 793044, 405193, 1061986, 1100888, 408981, 176621, 600242, 133308, 39.4, 46.1, 0.99
A, 793032, 405005, 1062428, 1100664, 408895, 176594, 600088, 133317, 39.4, 46.1, 1.00
A, 792684, 404779, 1062590, 1099995, 408685, 176559, 599860, 133296, 39.4, 46.1, 1.00
A, 791883, 404554, 1061897, 1098822, 408494, 176465, 599562, 133155, 39.4, 46.1, 1.00
A, 791551, 404281, 1061874, 1098318, 408258, 176384, 599348, 133163, 39.4, 46.1, 1.00
A, 792538, 404222, 1064025, 1099610, 408438, 176702, 599445, 133437, 39.4, 46.2, 1.01
A, 791974, 404235, 1063648, 1098697, 408263, 176529, 599253, 133330, 39.4, 46.2, 1.01
A, 790850, 403874, 1062450, 1096902, 407912, 176412, 598806, 133148, 39.4, 46.2, 0.99
A, 789908, 403472, 1061703, 1095800, 407635, 176220, 598430, 133004, 39.4, 46.2, 0.99
A, 789127, 403202, 1061166, 1094563, 407426, 176110, 598175, 132942, 39.4, 46.2, 1.00
A, 788710, 403079, 1060977, 1094353, 407230, 176138, 597979, 132951, 39.4, 46.2, 0.99
A, 788245, 402795, 1060795, 1093371, 407129, 176066, 597710, 132910, 39.4, 46.2, 0.99
A, 787916, 402618, 1060653, 1092792, 406881, 175954, 597497, 132902, 39.4, 46.2, 1.01
A, 787693, 402460, 1060903, 1092822, 406816, 175946, 597379, 132858, 39.4, 46.2, 1.00
A, 787516, 402195, 1060776, 1092268, 406644, 175919, 597223, 132887, 39.4, 46.2, 1.00
A, 787238, 402023, 1060805, 1091795, 406509, 175888, 597041, 132975, 39.4, 46.2, 1.01
A, 787325, 401989, 1061247, 1091771, 406506, 175945, 597023, 133008, 39.4, 46.2, 1.00
A, 787192, 401836, 1061075, 1090987, 406325, 175819, 596828, 132827, 39.4, 46.2, 1.00
A, 786522, 401640, 1060522, 1090028, 406145, 175710, 596577, 132804, 39.4, 46.2, 1.00
A, 786403, 401488, 1060894, 1090270, 406071, 175702, 596468, 132836, 39.4, 46.2, 1.01
A, 786125, 401302, 1060844, 1089813, 405984, 175720, 596321, 132873, 39.4, 46.2, 1.01
A, 785892, 401190, 1060613, 1089337, 405824, 175635, 596167, 132810, 39.4, 46.2, 1.00
A, 786104, 401100, 1061206, 1089294, 405823, 175643, 596124, 132897, 39.4, 46.2, 0.99
A, 785710, 400912, 1061152, 1088836, 405668, 175598, 595964, 132813, 39.4, 46.2, 1.00
A, 785314, 400821, 1060814, 1088244, 405521, 175535, 595722, 132776, 39.4, 46.2, 0.99
A, 786401, 400807, 1062660, 1089555, 405635, 175737, 595874, 133021, 39.4, 46.2, 1.00
A, 785916, 400764, 1062249, 1088783, 405556, 175697, 595714, 132927, 39.4, 46.2, 0.98
A, 785401, 400615, 1061733, 1088156, 405350, 175620, 595559, 132869, 39.4, 46.2, 1.00
A, 785326, 400530, 1061789, 1087487, 405274, 175532, 595329, 132847, 39.4, 46.2, 1.00
A, 784820, 400359, 1061507, 1087065, 405091, 175472, 595123, 132757, 39.4, 46.2, 1.00
A, 784125, 400180, 1060876, 1086235, 405000, 175394, 594911, 132707, 39.4, 46.2, 1.00
A, 783898, 400010, 1060561, 1085846, 404823, 175384, 594753, 132678, 39.4, 46.2, 1.00
A, 783418, 399811, 1060270, 1085005, 404656, 175203, 594567, 132584, 39.4, 46.2, 0.98
A, 783101, 399586, 1059943, 1084527, 404504, 175140, 594353, 132554, 39.4, 46.2, 1.00
A, 783119, 399496, 1060274, 1084445, 404411, 175089, 594280, 132640, 39.4, 46.2, 1.00
A, 782861, 399389, 1060282, 1084026, 404348, 175054, 594162, 132571, 39.4, 46.2, 1.00
A, 782614, 399245, 1059955, 1083821, 404180, 175033, 594073, 132626, 39.4, 46.2, 0.99
A, 782460, 399176, 1060141, 1083779, 404228, 175092, 593937, 132624, 39.4, 46.2, 1.00
A, 782590, 399085, 1059604, 1082494, 404036, 174941, 593775, 132512, 39.4, 46.2, 1.00
A, 781949, 398899, 1059431, 1082333, 403892, 174892, 593606, 132459, 39.4, 46.2, 1.00
A, 781852, 398740, 1059689, 1082539, 403868, 174859, 593510, 132498, 39.4, 46.2, 1.00
A, 781260, 398709, 1058624, 1081606, 403733, 174766, 593425, 132380, 39.4, 46.2, 1.00
A, 781405, 398492, 1059156, 1081681, 403583, 174742, 593272, 132483, 39.4, 46.2, 0.99
A, 781493, 398467, 1059619, 1081881, 403638, 174726, 593205, 132498, 39.4, 46.2, 1.00
A, 781550, 398422, 1059520, 1081398, 403543, 174644, 593154, 132490, 39.4, 46.2, 1.00
A, 782729, 398506, 1061578, 1082835, 403744, 174926, 593423, 132680, 39.4, 46.2, 1.00
A, 782113, 398536, 1060910, 1082169, 403673, 174847, 593263, 132594, 39.4, 46.2, 0.99
A, 781231, 398337, 1059898, 1081211, 403451, 174681, 592980, 132531, 39.4, 46.2, 1.00
A, 780782, 398099, 1059076, 1080351, 403262, 174560, 592761, 132363, 39.4, 46.2, 0.99
A, 780317, 397953, 1058426, 1079500, 403164, 174427, 592541, 132282, 39.4, 46.2, 1.00
A, 780090, 397743, 1058448, 1079444, 403037, 174407, 592448, 132360, 39.4, 46.2, 0.98
A, 780004, 397760, 1058325, 1079022, 402948, 174311, 592405, 132260, 39.4, 46.2, 1.00
A, 779865, 397593, 1058405, 1079114, 402886, 174352, 592297, 132300, 39.4, 46.2, 1.01
A, 780184, 397658, 1058874, 1079366, 402897, 174424, 592257, 132393, 39.4, 46.2, 1.00
A, 780308, 397521, 1059180, 1079410, 402885, 174422, 592295, 132422, 39.4, 46.2, 1.00
A, 780451, 397511, 1059464, 1079367, 402888, 174330, 592195, 132310, 39.4, 46.2, 1.00
A, 780296, 397498, 1059238, 1079004, 402716, 174256, 592065, 132282, 39.4, 46.3, 1.00
A, 780067, 397363, 1059105, 1078915, 402720, 174285, 591992, 132387, 39.4, 46.3, 1.00
A, 780143, 397426, 1059386, 1078969, 402663, 174312, 592013, 132385, 39.4, 46.3, 1.00
A, 780229, 397360, 1059438, 1078816, 402669, 174271, 591975, 132377, 39.4, 46.3, 0.99
A, 780374, 397335, 1059805, 1079004, 402573, 174296, 591872, 132440, 39.4, 46.3, 1.00
A, 780201, 397266, 1059688, 1078558, 402524, 174199, 591774, 132376, 39.4, 46.3, 1.00
A, 779962, 397216, 1059535, 1078132, 402457, 174136, 591673, 132304, 39.4, 46.3, 1.00
A, 779925, 397139, 1059642, 1078278, 402400, 174237, 591641, 132347, 39.4, 46.3, 0.99
A, 779409, 397053, 1059076, 1077714, 402237, 174124, 591435, 132254, 39.4, 46.3, 0.99
A, 780712, 397175, 1060850, 1079098, 402395, 174351, 591675, 132548, 39.4, 46.3, 1.00
A, 780336, 397147, 1060656, 1078419, 402402, 174182, 591592, 132475, 39.4, 46.3, 1.00
A, 779608, 396974, 1059756, 1077642, 402255, 174120, 591329, 132249, 39.4, 46.3, 1.00
A, 779428, 396846, 1059309, 1077290, 402115, 173995, 591169, 132259, 39.4, 46.3, 1.00
A, 779344, 396841, 1059499, 1077246, 402074, 174033, 591124, 132335, 39.4, 46.3, 1.00
A, 779003, 396785, 1059041, 1076608, 402010, 173981, 591004, 132239, 39.4, 46.3, 1.00
A, 778873, 396617, 1058676, 1076096, 401847, 173810, 590916, 132154, 39.4, 46.3, 1.00
A, 778317, 396555, 1058297, 1075694, 401797, 173753, 590763, 132089, 39.3, 46.3, 1.00
A, 778142, 396386, 1058142, 1075525, 401647, 173693, 590633, 132152, 39.3, 46.3, 1.00
A, 778309, 396463, 1058345, 1075706, 401663, 173755, 590640, 132187, 39.3, 46.3, 1.00
A, 778252, 396384, 1058517, 1075544, 401645, 173772, 590558, 132271, 39.4, 46.3, 1.00
A, 778342, 396333, 1058413, 1075267, 401573, 173724, 590493, 132114, 39.4, 46.3, 1.00
A, 778042, 396243, 1058275, 1075194, 401495, 173676, 590366, 132128, 39.4, 46.3, 1.00
A, 778138, 396270, 1058330, 1075082, 401482, 173614, 590352, 132104, 39.4, 46.3, 1.00
A, 777939, 396133, 1058336, 1074755, 401382, 173484, 590297, 132104, 39.4, 46.3, 1.00
A, 777798, 396103, 1058158, 1074835, 401349, 173572, 590185, 132105, 39.4, 46.3, 1.00
A, 778094, 396105, 1058565, 1074983, 401365, 173646, 590197, 132140, 39.3, 46.3, 1.00
A, 778060, 396023, 1058488, 1074668, 401286, 173443, 590115, 132088, 39.3, 46.3, 1.00
A, 777783, 395963, 1058114, 1074222, 401213, 173379, 590028, 132077, 39.3, 46.3, 1.00
A, 777485, 395870, 1058041, 1074200, 401177, 173409, 589951, 132063, 39.3, 46.3, 1.00
A, 779007, 396061, 1060410, 1076048, 401397, 173679, 590273, 132272, 39.3, 46.3, 1.00
A, 778817, 396115, 1060149, 1075580, 401359, 173609, 590148, 132295, 39.3, 46.3, 1.00
A, 778585, 396183, 1059903, 1075375, 401352, 173618, 590023, 132247, 39.3, 46.3, 1.00
A, 778194, 395956, 1059077, 1074185, 401131, 173417, 589830, 132030, 39.3, 46.3, 1.00
A, 777697, 395851, 1058660, 1073788, 401056, 173301, 589724, 132059, 39.3, 46.3, 0.99
A, 777629, 395753, 1058677, 1073979, 400953, 173350, 589692, 132003, 39.3, 46.3, 1.00
A, 776956, 395683, 1057665, 1073001, 400856, 173269, 589547, 132018, 39.4, 46.3, 1.00
A, 776874, 395515, 1057597, 1072896, 400698, 173236, 589442, 132066, 39.4, 46.3, 1.00
A, 776647, 395583, 1057379, 1072584, 400713, 173146, 589369, 131964, 39.3, 46.3, 1.00
A, 776415, 395370, 1057335, 1072238, 400544, 173030, 589221, 131870, 39.3, 46.3, 1.00
A, 776648, 395388, 1057566, 1072501, 400637, 173103, 589215, 131935, 39.3, 46.3, 1.00
A, 776587, 395287, 1057545, 1072289, 400538, 173058, 589116, 131900, 39.3, 46.3, 1.00
A, 776516, 395302, 1057556, 1072316, 400526, 173099, 589126, 131970, 39.3, 46.3, 1.00
A, 776720, 395384, 1057960, 1072644, 400585, 173105, 589165, 132044, 39.3, 46.3, 1.00
A, 776823, 395286, 1058071, 1072473, 400492, 172996, 589061, 131978, 39.3, 46.3, 1.00
A, 776554, 395241, 1057828, 1072140, 400408, 172979, 588982, 131925, 39.3, 46.3, 1.00
A, 776519, 395233, 1057898, 1072310, 400530, 172978, 588982, 131994, 39.3, 46.3, 1.00
A, 776507, 395138, 1057736, 1072186, 400412, 172971, 588947, 132009, 39.3, 46.3, 1.00
A, 776351, 395097, 1057714, 1071982, 400344, 172859, 588879, 131994, 39.3, 46.3, 1.00
A, 776601, 395104, 1058126, 1072144, 400361, 172958, 588893, 131992, 39.3, 46.3, 1.00
A, 778292, 395375, 1060476, 1073996, 400685, 173222, 589212, 132229, 39.3, 46.3, 1.00
A, 777439, 395395, 1059433, 1072845, 400520, 172990, 589059, 132073, 39.3, 46.3, 1.00
A, 776800, 395275, 1058426, 1072276, 400375, 172979, 588852, 132022, 39.3, 46.3, 1.00
A, 776021, 395063, 1057543, 1071455, 400161, 172832, 588675, 131880, 39.3, 46.3, 1.00
A, 775409, 394870, 1056371, 1070178, 399976, 172602, 588359, 131727, 39.3, 46.3, 1.00
A, 775187, 394684, 1056154, 1070045, 399892, 172556, 588323, 131743, 39.3, 46.3, 1.00
A, 775158, 394700, 1056409, 1070306, 399961, 172599, 588273, 131747, 39.3, 46.3, 1.00
A, 775034, 394643, 1056031, 1069668, 399888, 172483, 588265, 131800, 39.3, 46.3, 1.00
A, 775068, 394659, 1056091, 1069932, 399810, 172516, 588178, 131751, 39.3, 46.3, 1.00
A, 774927, 394651, 1055864, 1069728, 399833, 172455, 588247, 131771, 39.3, 46.3, 1.00
A, 775037, 394597, 1055690, 1069321, 399694, 172368, 588144, 131683, 39.3, 46.3, 1.00
A, 775215, 394582, 1056283, 1069934, 399797, 172446, 588119, 131744, 39.3, 46.3, 1.00
A, 775220, 394518, 1056302, 1070069, 399732, 172407, 588145, 131709, 39.3, 46.3, 1.01
A, 775143, 394494, 1056199, 1069862, 399743, 172418, 588108, 131746, 39.3, 46.3, 1.01
A, 775696, 394541, 1056686, 1070299, 399791, 172475, 588163, 131843, 39.3, 46.3, 1.00
A, 775680, 394509, 1056882, 1070219, 399745, 172354, 588139, 131735, 39.3, 46.3, 1.00
A, 775559, 394520, 1056596, 1069973, 399710, 172341, 588110, 131794, 39.3, 46.3, 1.00
A, 775260, 394475, 1056183, 1069682, 399639, 172314, 588031, 131718, 39.3, 46.3, 1.00
A, 775504, 394489, 1056651, 1070068, 399672, 172349, 588053, 131829, 39.3, 46.3, 0.99
A, 775096, 394395, 1055936, 1069485, 399573, 172275, 587900, 131799, 39.3, 46.3, 1.00
A, 776852, 394640, 1058619, 1071783, 399919, 172600, 588334, 132099, 39.3, 46.3, 1.00
A, 776475, 394795, 1057954, 1070944, 399876, 172397, 588197, 131895, 39.3, 46.3, 0.99
A, 775529, 394621, 1056548, 1069815, 399585, 172238, 587955, 131725, 39.3, 46.4, 1.00
A, 775186, 394433, 1056208, 1069627, 399566, 172231, 587810, 131764, 39.3, 46.4, 1.00
A, 775624, 394533, 1056563, 1069916, 399601, 172270, 587832, 131776, 39.3, 46.3, 1.00
A, 775565, 394488, 1056683, 1069949, 399546, 172236, 587806, 131816, 39.3, 46.3, 1.00
A, 775728, 394525, 1056819, 1069905, 399644, 172242, 587819, 131838, 39.3, 46.4, 1.00
A, 775506, 394446, 1056631, 1069679, 399506, 172185, 587761, 131725, 39.3, 46.4, 1.01
A, 775343, 394505, 1056417, 1069502, 399504, 172208, 587774, 131706, 39.3, 46.4, 1.00
A, 775176, 394432, 1056212, 1069400, 399462, 172185, 587647, 131762, 39.3, 46.4, 1.00
A, 775050, 394458, 1055925, 1068926, 399452, 171964, 587564, 131705, 39.3, 46.4, 1.00
A, 774929, 394278, 1055740, 1068826, 399268, 171911, 587500, 131676, 39.3, 46.4, 1.00
A, 775060, 394301, 1056152, 1069226, 399354, 172066, 587578, 131706, 39.3, 46.4, 1.00
A, 775037, 394302, 1056002, 1069127, 399345, 171998, 587517, 131703, 39.3, 46.3, 1.00
A, 775017, 394313, 1055949, 1068878, 399348, 171989, 587473, 131725, 39.3, 46.3, 1.00
A, 775358, 394369, 1056429, 1069437, 399396, 172015, 587577, 131835, 39.3, 46.4, 1.00
A, 775411, 394353, 1056204, 1069123, 399326, 171962, 587534, 131730, 39.3, 46.4, 1.00
A, 775225, 394317, 1055936, 1068881, 399273, 171889, 587425, 131715, 39.3, 46.4, 1.00
A, 775071, 394229, 1056007, 1068966, 399259, 171895, 587439, 131693, 39.3, 46.4, 1.01
A, 775225, 394212, 1056196, 1069225, 399282, 171934, 587376, 131656, 39.3, 46.4, 1.00
A, 776402, 394382, 1058035, 1070786, 399494, 172176, 587641, 132010, 39.3, 46.4, 1.00
A, 776655, 394634, 1058299, 1070697, 399573, 172174, 587704, 132007, 39.3, 46.4, 1.01
A, 776337, 394632, 1057897, 1070275, 399499, 172078, 587560, 131871, 39.3, 46.4, 1.00
A, 775919, 394434, 1057441, 1069843, 399323, 172004, 587459, 131790, 39.3, 46.4, 1.00
A, 775675, 394396, 1057069, 1069511, 399272, 171943, 587355, 131792, 39.3, 46.4, 0.99
A, 775686, 394465, 1057265, 1069665, 399285, 171966, 587351, 131778, 39.3, 46.4, 1.00
A, 775413, 394441, 1056942, 1069443, 399268, 171921, 587357, 131779, 39.3, 46.4, 1.00
A, 775627, 394331, 1056809, 1069114, 399229, 171878, 587305, 131762, 39.3, 46.4, 1.00
A, 775264, 394353, 1056766, 1069073, 399169, 171809, 587246, 131771, 39.3, 46.4, 1.00
A, 774759, 394210, 1056145, 1068545, 399124, 171816, 587137, 131714, 39.3, 46.4, 1.00
A, 774693, 394234, 1055951, 1068467, 399017, 171761, 587089, 131695, 39.3, 46.4, 1.00
A, 774971, 394231, 1056299, 1068644, 399020, 171793, 587098, 131690, 39.3, 46.4, 1.00
A, 775020, 394221, 1056357, 1068682, 399083, 171768, 587097, 131774, 39.3, 46.4, 1.00
A, 775101, 394276, 1056481, 1068583, 399005, 171738, 587137, 131734, 39.3, 46.4, 0.99
A, 774909, 394193, 1056043, 1068265, 398997, 171674, 587008, 131624, 39.3, 46.4, 1.00
A, 774735, 394107, 1056015, 1068330, 398918, 171633, 586904, 131677, 39.3, 46.4, 1.00
A, 775013, 394256, 1056323, 1068499, 398968, 171610, 586951, 131732, 39.3, 46.4, 0.99
A, 774825, 394123, 1056176, 1068446, 398985, 171687, 586916, 131729, 39.3, 46.4, 1.00
A, 775192, 394144, 1056508, 1068670, 399010, 171668, 586932, 131801, 39.3, 46.4, 1.00
A, 775133, 394204, 1056675, 1068539, 398935, 171648, 586955, 131809, 39.3, 46.4, 0.99
A, 776225, 394286, 1058337, 1070025, 399225, 171850, 587169, 131947, 39.3, 46.4, 1.00
A, 775897, 394312, 1057772, 1069399, 399158, 171748, 587067, 131880, 39.3, 46.4, 1.00
A, 775086, 394262, 1056672, 1068638, 398960, 171590, 586885, 131717, 39.3, 46.4, 1.00
A, 774475, 394110, 1055835, 1067912, 398799, 171578, 586700, 131631, 39.3, 46.4, 1.00
A, 774426, 394074, 1055778, 1067851, 398775, 171558, 586717, 131704, 39.3, 46.4, 0.98
A, 774596, 394023, 1056043, 1067909, 398716, 171491, 586694, 131622, 39.3, 46.4, 1.00
A, 774414, 394018, 1055687, 1067808, 398704, 171444, 586662, 131608, 39.3, 46.4, 1.00
A, 774469, 393983, 1055874, 1067898, 398712, 171516, 586636, 131672, 39.3, 46.4, 1.00
A, 774321, 393999, 1055579, 1067376, 398681, 171415, 586583, 131587, 39.3, 46.4, 1.00
A, 774287, 393881, 1055373, 1067177, 398614, 171312, 586461, 131611, 39.3, 46.4, 1.00
A, 773566, 393773, 1054207, 1066251, 398503, 171284, 586392, 131462, 39.3, 46.4, 1.00
A, 773193, 393638, 1053911, 1066034, 398323, 171124, 586191, 131403, 39.3, 46.4, 1.00
A, 773051, 393493, 1053666, 1065994, 398303, 171149, 586145, 131439, 39.3, 46.4, 1.00
A, 773323, 393561, 1054048, 1066263, 398289, 171180, 586262, 131510, 39.3, 46.4, 1.01
A, 773622, 393607, 1054238, 1066213, 398388, 171079, 586242, 131453, 39.3, 46.4, 1.00
A, 773524, 393422, 1054065, 1066348, 398325, 171137, 586209, 131574, 39.3, 46.4, 1.00
A, 773955, 393546, 1054980, 1066971, 398460, 171176, 586287, 131564, 39.3, 46.4, 1.00
A, 773888, 393528, 1054849, 1066955, 398423, 171165, 586287, 131544, 39.3, 46.4, 1.00
A, 773970, 393557, 1054792, 1066823, 398432, 171151, 586235, 131595, 39.3, 46.4, 1.00
A, 773941, 393604, 1054777, 1066776, 398439, 171111, 586247, 131585, 39.3, 46.4, 1.00
A, 775474, 393895, 1056956, 1068652, 398707, 171387, 586603, 131795, 39.3, 46.4, 1.01
A, 774834, 393863, 1055873, 1067647, 398606, 171176, 586458, 131656, 39.3, 46.4, 1.00
A, 774691, 393932, 1055962, 1067818, 398617, 171201, 586356, 131649, 39.3, 46.4, 1.00
A, 774598, 393708, 1055766, 1067628, 398522, 171235, 586364, 131579, 39.3, 46.4, 1.00
A, 774413, 393715, 1055333, 1067396, 398476, 171121, 586307, 131707, 39.3, 46.4, 1.00
A, 774674, 393751, 1055758, 1067635, 398579, 171222, 586396, 131690, 39.3, 46.4, 1.00
A, 774623, 393801, 1055784, 1067406, 398501, 171148, 586257, 131631, 39.3, 46.4, 1.00
A, 774256, 393695, 1055403, 1067117, 398448, 171077, 586157, 131526, 39.3, 46.4, 1.00
A, 774158, 393655, 1055159, 1066928, 398410, 171039, 586186, 131562, 39.3, 46.4, 1.00
A, 774000, 393642, 1054920, 1066651, 398394, 170995, 586070, 131511, 39.3, 46.4, 1.00
A, 773858, 393578, 1054784, 1066601, 398343, 171006, 586075, 131579, 39.3, 46.4, 1.01
A, 773753, 393570, 1054645, 1066270, 398346, 170911, 586036, 131512, 39.3, 46.4, 1.00
A, 773684, 393544, 1054563, 1066355, 398270, 170901, 585971, 131487, 39.3, 46.4, 1.00
A, 773830, 393501, 1054786, 1066593, 398253, 170988, 586022, 131516, 39.3, 46.4, 0.99
A, 773833, 393467, 1054781, 1066691, 398233, 170932, 585980, 131490, 39.3, 46.4, 1.00
A, 773797, 393495, 1054717, 1066390, 398180, 170912, 586014, 131585, 39.3, 46.4, 1.00
A, 774150, 393500, 1055244, 1066923, 398259, 170924, 586063, 131561, 39.3, 46.4, 1.00
A, 774203, 393545, 1055073, 1066814, 398344, 170933, 586061, 131601, 39.3, 46.4, 1.00
A, 774001, 393513, 1054896, 1066543, 398254, 170861, 586015, 131497, 39.3, 46.4, 1.00
A, 773821, 393439, 1054792, 1066548, 398199, 170852, 585931, 131528, 39.3, 46.4, 1.00
A, 775451, 393793, 1057184, 1068588, 398536, 171192, 586299, 131831, 39.3, 46.4, 0.99
A, 774741, 393777, 1056175, 1067666, 398494, 171063, 586219, 131741, 39.3, 46.4, 1.00
A, 774536, 393770, 1055687, 1066964, 398358, 170939, 586062, 131567, 39.3, 46.4, 1.00
A, 773683, 393621, 1054774, 1066374, 398129, 170794, 585846, 131464, 39.3, 46.4, 1.00
A, 773451, 393457, 1054269, 1065960, 398099, 170706, 585736, 131439, 39.3, 46.4, 1.00
A, 772961, 393425, 1053661, 1065376, 397991, 170645, 585665, 131441, 39.3, 46.4, 0.99
A, 773314, 393369, 1054244, 1065940, 397973, 170700, 585718, 131464, 39.3, 46.4, 0.99
A, 773415, 393375, 1054020, 1065740, 398046, 170672, 585767, 131494, 39.3, 46.4, 1.00
A, 773289, 393345, 1053870, 1065530, 397986, 170666, 585660, 131459, 39.3, 46.4, 1.00
A, 773507, 393312, 1054326, 1066036, 398036, 170652, 585709, 131492, 39.3, 46.4, 1.00
A, 773166, 393394, 1053823, 1065535, 397981, 170602, 585645, 131441, 39.3, 46.4, 1.00
A, 773056, 393222, 1053627, 1065581, 397894, 170583, 585562, 131467, 39.3, 46.4, 1.00
A, 773058, 393393, 1053521, 1065288, 397883, 170545, 585583, 131417, 39.3, 46.4, 1.00
A, 772966, 393234, 1053507, 1065209, 397854, 170559, 585539, 131310, 39.3, 46.4, 1.01
A, 773283, 393270, 1053738, 1065659, 397904, 170551, 585562, 131451, 39.3, 46.4, 1.00
A, 773358, 393238, 1053835, 1065660, 397912, 170583, 585614, 131428, 39.3, 46.4, 1.00
A, 773343, 393245, 1053860, 1065718, 397911, 170537, 585589, 131474, 39.3, 46.4, 1.00
A, 773719, 393401, 1054352, 1066189, 398051, 170617, 585710, 131541, 39.3, 46.4, 1.00
A, 773832, 393385, 1054489, 1066050, 398015, 170508, 585695, 131457, 39.3, 46.4, 1.00
A, 773749, 393388, 1054285, 1065963, 398017, 170511, 585588, 131454, 39.3, 46.4, 1.00
A, 774761, 393496, 1056049, 1067618, 398168, 170742, 585909, 131713, 39.3, 46.4, 0.99
A, 774495, 393575, 1055441, 1067091, 398275, 170723, 585834, 131538, 39.3, 46.4, 1.00
A, 773988, 393528, 1054673, 1066285, 398006, 170551, 585688, 131584, 39.3, 46.4, 1.00
A, 773810, 393400, 1054464, 1066161, 397988, 170528, 585611, 131511, 39.3, 46.4, 1.00
A, 773777, 393317, 1054422, 1066131, 398007, 170551, 585616, 131474, 39.3, 46.4, 1.00
A, 773711, 393316, 1054117, 1065834, 397951, 170482, 585585, 131464, 39.3, 46.4, 0.99
A, 773452, 393250, 1054075, 1065899, 397867, 170503, 585505, 131401, 39.3, 46.4, 1.01
A, 773701, 393301, 1054381, 1066067, 397921, 170464, 585622, 131463, 39.3, 46.4, 1.00
A, 773638, 393320, 1054095, 1065877, 397878, 170449, 585528, 131499, 39.3, 46.4, 1.00
A, 774043, 393389, 1054664, 1066158, 397974, 170433, 585596, 131436, 39.3, 46.4, 0.99
A, 773611, 393410, 1054350, 1065917, 397855, 170453, 585505, 131464, 39.3, 46.4, 1.00
A, 773478, 393379, 1053856, 1065490, 397877, 170364, 585510, 131440, 39.3, 46.4, 1.00
A, 773357, 393271, 1053831, 1065548, 397805, 170431, 585416, 131440, 39.3, 46.4, 1.00
A, 773158, 393349, 1053544, 1065307, 397849, 170246, 585447, 131400, 39.3, 46.4, 0.99
A, 773070, 393250, 1053164, 1065042, 397762, 170222, 585363, 131388, 39.3, 46.4, 1.00
A, 773261, 393146, 1053614, 1065467, 397738, 170277, 585331, 131402, 39.3, 46.4, 1.00
A, 773243, 393185, 1053712, 1065493, 397774, 170324, 585367, 131396, 39.3, 46.4, 1.00
A, 773201, 393180, 1053536, 1065361, 397745, 170298, 585346, 131420, 39.3, 46.4, 1.01
A, 773449, 393266, 1053721, 1065749, 397808, 170360, 585365, 131447, 39.3, 46.4, 1.00
A, 773577, 393211, 1053775, 1065416, 397751, 170221, 585379, 131387, 39.3, 46.4, 1.00
A, 774482, 393391, 1055369, 1066783, 397996, 170430, 585565, 131592, 39.3, 46.4, 1.00
A, 774188, 393432, 1054791, 1066376, 397927, 170375, 585534, 131569, 39.3, 46.4, 1.01
A, 773846, 393411, 1054497, 1065978, 397880, 170282, 585378, 131480, 39.3, 46.4, 1.00
A, 773915, 393321, 1054459, 1066199, 397815, 170292, 585384, 131486, 39.3, 46.4, 1.00
A, 773792, 393342, 1054413, 1066030, 397838, 170323, 585382, 131490, 39.3, 46.4, 1.00
A, 773905, 393290, 1054390, 1065852, 397827, 170251, 585409, 131423, 39.3, 46.4, 1.00
A, 773593, 393382, 1054056, 1065592, 397858, 170219, 585350, 131400, 39.3, 46.4, 1.00
A, 773373, 393312, 1053796, 1065602, 397728, 170224, 585296, 131407, 39.3, 46.4, 1.00
A, 773571, 393344, 1053911, 1065887, 397773, 170264, 585338, 131498, 39.3, 46.4, 1.01
A, 773609, 393355, 1054088, 1065799, 397748, 170227, 585320, 131475, 39.3, 46.4, 1.01
A, 773694, 393435, 1054182, 1065759, 397826, 170242, 585406, 131479, 39.3, 46.4, 1.00
A, 773687, 393321, 1053902, 1065583, 397733, 170180, 585226, 131418, 39.3, 46.4, 1.00
A, 773269, 393337, 1053546, 1065303, 397682, 170112, 585201, 131361, 39.3, 46.4, 1.00
A, 773069, 393232, 1053418, 1065210, 397621, 170160, 585171, 131378, 39.3, 46.4, 1.00
A, 773361, 393244, 1053516, 1065484, 397697, 170182, 585197, 131481, 39.3, 46.4, 1.00
A, 773490, 393329, 1053760, 1065614, 397700, 170180, 585188, 131533, 39.3, 46.4, 1.00
A, 773544, 393333, 1053946, 1065520, 397694, 170056, 585165, 131454, 39.3, 46.4, 1.00
A, 773394, 393263, 1053690, 1065332, 397666, 170098, 585182, 131427, 39.3, 46.4, 1.00
A, 773346, 393295, 1053472, 1065271, 397611, 170056, 585150, 131403, 39.3, 46.4, 1.00
A, 773527, 393278, 1053841, 1065361, 397576, 170063, 585170, 131406, 39.3, 46.4, 1.00
A, 774580, 393438, 1055513, 1066972, 397834, 170271, 585455, 131678, 39.3, 46.4, 1.00
A, 774353, 393553, 1055125, 1066604, 397930, 170283, 585409, 131606, 39.3, 46.4, 1.01
A, 773795, 393467, 1054323, 1065669, 397741, 170124, 585195, 131366, 39.3, 46.4, 1.00
A, 773209, 393293, 1053356, 1065000, 397553, 169965, 585025, 131323, 39.3, 46.4, 0.99
A, 772633, 393123, 1052584, 1064576, 397446, 169954, 584891, 131360, 39.3, 46.4, 1.00
A, 772525, 393104, 1052370, 1064439, 397417, 169881, 584892, 131301, 39.3, 46.4, 1.00
A, 772618, 393043, 1052711, 1064565, 397463, 169874, 584845, 131311, 39.3, 46.4, 1.00
A, 773072, 393147, 1053212, 1064998, 397482, 169927, 585057, 131410, 39.3, 46.4, 1.00
A, 773326, 393164, 1053305, 1065185, 397560, 169977, 585045, 131391, 39.3, 46.4, 1.00
A, 773144, 393083, 1053174, 1064997, 397535, 169925, 585043, 131409, 39.3, 46.4, 1.00
A, 773333, 393189, 1053531, 1065291, 397523, 169977, 585082, 131439, 39.3, 46.4, 1.00
A, 773107, 393151, 1053048, 1064949, 397511, 169850, 585038, 131412, 39.3, 46.4, 1.00
A, 773142, 393175, 1053032, 1064725, 397492, 169875, 584997, 131299, 39.3, 46.4, 1.00
A, 772879, 393159, 1052613, 1064531, 397521, 169862, 584999, 131273, 39.3, 46.4, 1.00
A, 772706, 393125, 1052468, 1064556, 397423, 169772, 584904, 131355, 39.3, 46.4, 1.00
A, 773083, 393105, 1052957, 1064793, 397470, 169795, 584998, 131407, 39.3, 46.4, 1.01
A, 773160, 393109, 1053129, 1064971, 397510, 169842, 584996, 131434, 39.3, 46.4, 1.00
A, 773193, 393147, 1053011, 1064896, 397533, 169864, 585020, 131324, 39.3, 46.4, 1.00
A, 773078, 393065, 1052821, 1064940, 397434, 169804, 584989, 131346, 39.3, 46.4, 1.00
A, 773510, 393227, 1053522, 1065385, 397583, 169838, 585072, 131445, 39.3, 46.4, 1.01
A, 774834, 393449, 1055381, 1067042, 397802, 170069, 585408, 131614, 39.3, 46.4, 1.00
A, 774328, 393497, 1054615, 1066481, 397806, 170004, 585336, 131589, 39.3, 46.4, 1.00
A, 773664, 393377, 1053475, 1065604, 397649, 169919, 585195, 131469, 39.3, 46.4, 1.00
A, 773173, 393227, 1052637, 1064614, 397464, 169752, 584977, 131332, 39.3, 46.4, 1.00
A, 773083, 393192, 1052418, 1064545, 397404, 169716, 584857, 131318, 39.3, 46.4, 0.99
A, 773203, 393150, 1052658, 1064966, 397419, 169751, 584999, 131373, 39.3, 46.4, 1.01
A, 773206, 393118, 1052674, 1064832, 397457, 169738, 584932, 131368, 39.3, 46.4, 1.00
A, 773394, 393181, 1053033, 1065143, 397477, 169816, 584992, 131427, 39.3, 46.4, 1.00
A, 773355, 393203, 1052983, 1065225, 397540, 169777, 584984, 131469, 39.3, 46.4, 1.00
A, 773665, 393266, 1053410, 1065263, 397544, 169774, 584979, 131400, 39.3, 46.4, 1.00
A, 773482, 393200, 1053008, 1065051, 397451, 169660, 584929, 131322, 39.3, 46.4, 1.00
A, 773388, 393274, 1053188, 1065310, 397487, 169686, 584936, 131398, 39.3, 46.4, 1.00
A, 773117, 393174, 1052521, 1064737, 397415, 169642, 584822, 131351, 39.3, 46.4, 1.01
A, 773020, 393121, 1052489, 1064738, 397387, 169674, 584794, 131328, 39.3, 46.4, 1.00
A, 772949, 393164, 1052301, 1064543, 397450, 169633, 584869, 131326, 39.3, 46.4, 1.00
A, 772951, 392995, 1052188, 1064471, 397341, 169613, 584759, 131294, 39.3, 46.4, 0.99
A, 772980, 393022, 1052465, 1064767, 397281, 169608, 584773, 131234, 39.3, 46.4, 1.01
A, 773110, 393008, 1052419, 1064761, 397352, 169621, 584742, 131282, 39.3, 46.4, 1.00
A, 772951, 393019, 1052264, 1064720, 397338, 169571, 584766, 131368, 39.3, 46.4, 1.00
A, 773303, 393029, 1052666, 1065166, 397410, 169670, 584912, 131422, 39.3, 46.4, 1.01
M, 768846, 392610, 1045775, 1058754, 396604, 168656, 583674, 130203, 39.3, 46.4, 0.11
M, 760968, 390548, 1033513, 1048545, 394260, 167089, 580789, 128839, 39.3, 46.4, 0.66
M, 753915, 388412, 1022506, 1039588, 392071, 165624, 578315, 127706, 39.3, 46.4, 0.75
M, 748081, 386480, 1013151, 1031981, 390239, 164344, 576345, 126787, 39.4, 46.4, 0.83
M, 742800, 384827, 1003818, 1024797, 389005, 163052, 575423, 125847, 39.4, 46.4, 0.89
M, 739524, 383957, 996476, 1019800, 388454, 162045, 575197, 125195, 39.4, 46.4, 0.93
M, 737473, 383380, 991004, 1016467, 388164, 161145, 575210, 124748, 39.4, 46.4, 0.96
M, 736627, 383068, 986401, 1014314, 388062, 160505, 575375, 124373, 39.4, 46.4, 0.98
M, 736261, 382845, 982261, 1012653, 387982, 159940, 575485, 124099, 39.4, 46.4, 0.97
M, 736990, 382886, 979202, 1012291, 388147, 159580, 575832, 123901, 39.4, 46.3, 0.99
M, 737825, 382807, 976347, 1011938, 388236, 159081, 576113, 123753, 39.4, 46.3, 0.99
M, 738766, 382701, 973959, 1012148, 388295, 158714, 576272, 123656, 39.4, 46.3, 0.99
M, 740123, 382650, 972239, 1013007, 388318, 158434, 576512, 123568, 39.4, 46.3, 1.00
M, 741415, 382642, 970220, 1013899, 388526, 158135, 576726, 123388, 39.4, 46.3, 1.00
M, 742368, 382542, 969183, 1014819, 388558, 158093, 576865, 123498, 39.4, 46.3, 1.00
M, 744365, 382468, 967745, 1016243, 388814, 157826, 577203, 123515, 39.4, 46.3, 1.00
M, 745445, 382246, 967162, 1017580, 388890, 157794, 577313, 123472, 39.4, 46.3, 1.00
M, 747110, 382167, 966973, 1019450, 389102, 157789, 577710, 123524, 39.4, 46.3, 1.00
M, 748545, 382107, 966571, 1021130, 389303, 157694, 578066, 123570, 39.4, 46.3, 1.00
M, 749951, 381999, 966276, 1022629, 389541, 157780, 578367, 123666, 39.4, 46.3, 1.01
M, 753125, 382292, 968690, 1026416, 390006, 157960, 579036, 123974, 39.4, 46.2, 1.01
M, 753987, 382250, 967742, 1027468, 390357, 157888, 579405, 123869, 39.4, 46.2, 1.00
M, 754526, 382072, 966526, 1028244, 390377, 157797, 579593, 123778, 39.4, 46.2, 1.00
M, 755156, 381949, 965910, 1029281, 390507, 157722, 579731, 123872, 39.4, 46.2, 1.00
M, 756083, 381814, 965796, 1030605, 390730, 157795, 580080, 123832, 39.4, 46.2, 0.99
M, 756785, 381728, 965403, 1031617, 390926, 157762, 580391, 123871, 39.4, 46.2, 1.00
M, 758401, 381819, 966084, 1033653, 391272, 157902, 580821, 124071, 39.4, 46.2, 1.00
M, 759666, 381964, 966721, 1035428, 391664, 158003, 581341, 124103, 39.4, 46.2, 0.99
M, 760470, 381958, 966809, 1036814, 392014, 158035, 581730, 124150, 39.4, 46.2, 1.01
M, 761591, 382069, 967098, 1038292, 392249, 158059, 582088, 124204, 39.4, 46.2, 1.01
M, 762496, 382168, 967375, 1039501, 392561, 158123, 582443, 124291, 39.4, 46.2, 1.00
M, 763595, 382331, 967764, 1041032, 392957, 158222, 582960, 124339, 39.4, 46.2, 1.01
M, 764283, 382430, 967537, 1042064, 393169, 158255, 583295, 124332, 39.4, 46.2, 1.01
M, 764911, 382571, 968180, 1043506, 393502, 158337, 583643, 124388, 39.4, 46.2, 1.00
M, 765418, 382687, 967820, 1044156, 393722, 158315, 584076, 124442, 39.4, 46.2, 0.98
M, 765877, 382729, 967928, 1045095, 393897, 158453, 584277, 124501, 39.4, 46.2, 0.99
M, 766706, 382971, 967996, 1046146, 394287, 158528, 584780, 124452, 39.4, 46.2, 1.00
M, 767215, 382963, 968089, 1046872, 394421, 158485, 584986, 124526, 39.4, 46.2, 0.99
M, 767895, 383154, 968477, 1048350, 394673, 158605, 585408, 124634, 39.4, 46.2, 1.01
M, 768647, 383319, 968843, 1049308, 394973, 158680, 585784, 124655, 39.4, 46.2, 1.00
M, 770512, 383641, 971022, 1051887, 395501, 158945, 586446, 124949, 39.4, 46.2, 0.99
M, 770922, 383959, 970908, 1052509, 395760, 158940, 586709, 124897, 39.4, 46.2, 1.00
M, 771079, 383992, 970398, 1052575, 395973, 158904, 586952, 124888, 39.4, 46.2, 1.00
M, 770880, 384098, 969878, 1052852, 396036, 158927, 587131, 124854, 39.4, 46.2, 1.00
M, 771381, 384217, 969919, 1053751, 396251, 158940, 587395, 124845, 39.4, 46.2, 0.99
M, 772042, 384476, 970595, 1054859, 396517, 159077, 587784, 124927, 39.4, 46.2, 0.99
M, 772546, 384590, 970822, 1055631, 396774, 159079, 588109, 125009, 39.4, 46.2, 1.00
M, 773429, 384921, 971578, 1056809, 397035, 159216, 588458, 125168, 39.4, 46.2, 0.99
M, 773926, 385103, 971767, 1057748, 397322, 159308, 588759, 125097, 39.4, 46.2, 0.99
M, 774242, 385271, 971849, 1058297, 397511, 159335, 588988, 125117, 39.4, 46.2, 1.01
M, 774754, 385498, 972364, 1059282, 397755, 159448, 589365, 125193, 39.4, 46.2, 1.00
M, 775137, 385613, 972490, 1059905, 397966, 159497, 589616, 125248, 39.4, 46.2, 0.99
M, 775650, 385823, 972735, 1060765, 398168, 159561, 589914, 125320, 39.4, 46.2, 0.99
M, 776209, 386116, 973143, 1061359, 398397, 159521, 590164, 125245, 39.4, 46.2, 0.99
M, 776301, 386253, 973243, 1061924, 398588, 159642, 590369, 125328, 39.4, 46.2, 1.01
M, 776555, 386461, 973065, 1062323, 398785, 159650, 590679, 125322, 39.4, 46.2, 1.01
M, 776660, 386472, 973164, 1062744, 398851, 159753, 590845, 125369, 39.4, 46.2, 1.01
M, 776898, 386722, 973148, 1063259, 399105, 159695, 591174, 125275, 39.4, 46.2, 1.00
M, 777053, 386687, 973045, 1063589, 399154, 159705, 591203, 125327, 39.4, 46.2, 1.01
M, 777773, 386891, 973886, 1064682, 399410, 159844, 591532, 125438, 39.4, 46.2, 1.00
M, 779203, 387304, 975718, 1066683, 399821, 160030, 592046, 125657, 39.4, 46.2, 1.00
M, 778931, 387503, 975092, 1066475, 399854, 159969, 592150, 125593, 39.4, 46.2, 1.01
M, 779319, 387604, 975394, 1067208, 400025, 160110, 592399, 125620, 39.4, 46.2, 1.01
M, 779787, 387791, 975531, 1067511, 400270, 160107, 592603, 125575, 39.4, 46.2, 0.98
M, 779686, 387913, 975382, 1067763, 400327, 160146, 592713, 125588, 39.4, 46.2, 1.01
M, 779750, 388027, 975268, 1068203, 400392, 160072, 592895, 125607, 39.4, 46.2, 1.00
M, 780311, 388232, 975892, 1068903, 400602, 160233, 593081, 125675, 39.4, 46.2, 1.00
M, 780446, 388350, 976021, 1069305, 400750, 160298, 593319, 125766, 39.4, 46.2, 0.99
M, 780927, 388578, 976545, 1070100, 400931, 160358, 593542, 125753, 39.4, 46.2, 1.01
M, 781310, 388744, 976945, 1070429, 401177, 160325, 593794, 125738, 39.4, 46.2, 1.00
M, 781325, 388800, 976786, 1070766, 401169, 160361, 593870, 125784, 39.4, 46.2, 0.99
M, 781660, 389012, 977221, 1071433, 401377, 160500, 594130, 125824, 39.4, 46.2, 0.99
M, 781677, 389040, 977287, 1071845, 401460, 160531, 594201, 125809, 39.4, 46.2, 1.00
M, 782285, 389248, 977851, 1072321, 401626, 160583, 594437, 125907, 39.4, 46.2, 1.00
M, 782332, 389360, 977715, 1072645, 401759, 160534, 594618, 125815, 39.4, 46.2, 1.01
M, 782293, 389471, 977620, 1072860, 401876, 160612, 594740, 125866, 39.4, 46.2, 0.99
M, 782412, 389704, 977650, 1073015, 402004, 160681, 594885, 125913, 39.4, 46.2, 1.01
M, 782552, 389630, 977856, 1073395, 402059, 160708, 595035, 125872, 39.4, 46.2, 0.99
M, 782832, 389827, 978205, 1074031, 402241, 160778, 595260, 125981, 39.4, 46.2, 0.99
M, 782948, 389927, 978334, 1074400, 402359, 160763, 595385, 126048, 39.4, 46.2, 1.01
M, 785001, 390276, 981057, 1076726, 402821, 161166, 595953, 126259, 39.4, 46.2, 1.01
M, 784566, 390478, 980221, 1076180, 402828, 161013, 595978, 126104, 39.4, 46.2, 0.99
M, 783868, 390393, 979243, 1075816, 402774, 160966, 595914, 126025, 39.4, 46.2, 1.01
M, 783830, 390536, 979202, 1075971, 402852, 160976, 595986, 126084, 39.4, 46.2, 1.01
M, 783600, 390398, 978864, 1075686, 402895, 161019, 596098, 126014, 39.4, 46.2, 0.99
M, 783807, 390527, 979167, 1076079, 402957, 161024, 596220, 126076, 39.4, 46.2, 1.00
M, 784187, 390650, 979575, 1076382, 403062, 161040, 596414, 126085, 39.4, 46.2, 0.99
M, 784356, 390707, 979842, 1076949, 403193, 161085, 596508, 126122, 39.4, 46.2, 1.00
M, 784327, 390800, 979704, 1077065, 403281, 161098, 596621, 126163, 39.4, 46.2, 0.99
M, 784716, 390968, 980369, 1077800, 403392, 161177, 596902, 126214, 39.4, 46.2, 1.00
M, 784927, 391030, 980494, 1078040, 403570, 161167, 597003, 126266, 39.4, 46.2, 1.00
M, 785603, 391181, 981267, 1078791, 403765, 161270, 597239, 126245, 39.4, 46.2, 0.99
M, 785381, 391219, 981071, 1078919, 403774, 161336, 597353, 126267, 39.4, 46.2, 0.99
M, 785874, 391386, 981615, 1079394, 403899, 161400, 597441, 126349, 39.4, 46.2, 0.99
M, 785655, 391440, 981439, 1079496, 403964, 161397, 597568, 126314, 39.4, 46.2, 1.01
M, 785785, 391585, 981732, 1079759, 404079, 161429, 597647, 126355, 39.4, 46.2, 1.00
M, 785944, 391595, 981683, 1079659, 404136, 161407, 597781, 126309, 39.4, 46.2, 1.00
M, 785744, 391682, 981453, 1079742, 404235, 161422, 597867, 126309, 39.4, 46.2, 1.00
M, 785769, 391616, 981605, 1080028, 404250, 161472, 597832, 126357, 39.4, 46.2, 1.00
M, 786139, 391748, 982048, 1080511, 404364, 161570, 598117, 126448, 39.4, 46.2, 1.00
M, 787869, 392157, 984412, 1082588, 404660, 161784, 598531, 126667, 39.5, 46.2, 0.99
M, 787343, 392251, 983771, 1081965, 404811, 161718, 598644, 126483, 39.5, 46.2, 0.99
M, 786839, 392148, 983129, 1081700, 404656, 161724, 598461, 126494, 39.5, 46.2, 1.00
M, 786994, 392219, 983105, 1081711, 404721, 161686, 598584, 126456, 39.5, 46.2, 1.00
M, 786904, 392216, 983232, 1081981, 404780, 161745, 598670, 126436, 39.5, 46.2, 1.00
M, 787162, 392327, 983597, 1082414, 404900, 161828, 598788, 126547, 39.5, 46.2, 0.99
M, 787213, 392344, 983772, 1082636, 405001, 161859, 598927, 126495, 39.5, 46.2, 1.00
M, 787394, 392508, 983951, 1082717, 405086, 161840, 599008, 126534, 39.5, 46.2, 1.01
M, 787286, 392499, 983784, 1082695, 405089, 161905, 599107, 126489, 39.5, 46.2, 0.99
M, 787219, 392469, 983708, 1083040, 405151, 161888, 599178, 126565, 39.5, 46.2, 1.00
M, 787645, 392605, 984438, 1083505, 405270, 161968, 599329, 126608, 39.4, 46.2, 1.00
M, 787682, 392642, 984577, 1083646, 405308, 161946, 599432, 126514, 39.4, 46.2, 1.00
M, 787800, 392733, 984698, 1083851, 405435, 162017, 599521, 126626, 39.5, 46.2, 1.00
M, 787272, 392539, 983948, 1083045, 405372, 161930, 599493, 126485, 39.5, 46.2, 1.01
M, 787435, 392657, 984306, 1083387, 405371, 161931, 599529, 126580, 39.5, 46.2, 1.00
M, 787828, 392774, 984718, 1084098, 405482, 162092, 599730, 126682, 39.5, 46.2, 1.00
M, 787732, 392806, 984483, 1083926, 405641, 162051, 599815, 126651, 39.5, 46.2, 1.01
M, 787810, 392851, 984691, 1084085, 405609, 162086, 599852, 126734, 39.5, 46.2, 0.99
M, 787809, 392878, 984912, 1084393, 405739, 162071, 599971, 126687, 39.5, 46.2, 1.01
M, 787953, 393000, 985041, 1084566, 405766, 162124, 600018, 126677, 39.5, 46.2, 1.01
M, 789484, 393193, 987149, 1086442, 406108, 162413, 600438, 126911, 39.5, 46.2, 1.00
M, 788955, 393231, 986501, 1085867, 406124, 162330, 600422, 126781, 39.5, 46.2, 1.00
M, 788751, 393256, 986341, 1085903, 406061, 162289, 600421, 126840, 39.5, 46.2, 1.01
M, 789157, 393304, 986971, 1086547, 406204, 162385, 600561, 126853, 39.5, 46.2, 1.00
M, 789461, 393385, 987309, 1086654, 406257, 162432, 600701, 126842, 39.5, 46.2, 1.00
M, 789381, 393503, 987314, 1086542, 406317, 162465, 600798, 126843, 39.5, 46.2, 0.99
M, 789121, 393497, 986944, 1086775, 406343, 162486, 600744, 126866, 39.5, 46.2, 1.00
M, 789584, 393544, 987564, 1087077, 406429, 162542, 600959, 126937, 39.5, 46.2, 1.00
M, 789579, 393605, 987795, 1087106, 406469, 162499, 600967, 126900, 39.5, 46.2, 0.99
M, 789949, 393703, 988416, 1087778, 406606, 162624, 601146, 127036, 39.5, 46.2, 1.00
M, 790079, 393774, 988748, 1087794, 406691, 162626, 601245, 127008, 39.5, 46.2, 1.01
M, 789894, 393794, 988618, 1087884, 406697, 162661, 601259, 126956, 39.5, 46.2, 1.00
M, 790014, 393842, 988895, 1088177, 406737, 162728, 601329, 127037, 39.5, 46.2, 1.01
M, 789963, 393873, 988905, 1088214, 406825, 162730, 601352, 127008, 39.5, 46.2, 1.01
M, 790102, 393842, 988855, 1087954, 406873, 162668, 601434, 126913, 39.5, 46.2, 1.00
M, 789703, 393856, 988544, 1087809, 406777, 162641, 601408, 126955, 39.5, 46.2, 1.01
M, 789796, 393932, 988714, 1088267, 406833, 162780, 601530, 126979, 39.5, 46.2, 1.00
M, 789656, 393887, 988580, 1087867, 406889, 162740, 601494, 126911, 39.5, 46.2, 0.99
M, 789528, 393772, 988627, 1087935, 406827, 162744, 601462, 126892, 39.5, 46.2, 1.00
M, 789489, 393982, 988515, 1087808, 406968, 162743, 601570, 126957, 39.5, 46.2, 1.01
M, 790651, 393987, 990160, 1089023, 407071, 162905, 601777, 127121, 39.5, 46.2, 0.99
M, 790321, 394106, 989958, 1089043, 407134, 162891, 601833, 127029, 39.5, 46.2, 1.00
M, 789861, 394100, 989313, 1088484, 407081, 162867, 601780, 127026, 39.5, 46.2, 1.01
M, 789584, 393962, 988853, 1088144, 406989, 162840, 601686, 126963, 39.5, 46.2, 1.00
M, 789663, 393999, 989040, 1088240, 406981, 162815, 601728, 127023, 39.5, 46.2, 1.00
M, 789314, 393955, 988869, 1087932, 407008, 162783, 601808, 126939, 39.5, 46.2, 1.00
M, 789275, 393925, 988911, 1087962, 407033, 162814, 601843, 126981, 39.5, 46.2, 0.99
M, 789801, 393925, 989620, 1088771, 407180, 162875, 602003, 127050, 39.5, 46.2, 0.99
M, 789840, 394109, 989766, 1088935, 407226, 162900, 602086, 127034, 39.5, 46.2, 1.01
M, 789862, 393996, 989933, 1089055, 407262, 162970, 602121, 127098, 39.5, 46.2, 1.00
M, 790395, 394171, 990671, 1089708, 407466, 163084, 602330, 127171, 39.5, 46.2, 1.01
M, 790752, 394262, 991065, 1089861, 407540, 163085, 602403, 127105, 39.5, 46.2, 0.99
M, 790703, 394209, 991054, 1089956, 407509, 163068, 602434, 127175, 39.5, 46.2, 1.01
M, 790910, 394297, 991366, 1090318, 407607, 163145, 602563, 127275, 39.5, 46.2, 1.00
M, 790833, 394386, 991562, 1090341, 407646, 163183, 602633, 127204, 39.5, 46.2, 1.01
M, 791220, 394430, 992181, 1090903, 407760, 163246, 602706, 127272, 39.5, 46.2, 1.01
M, 791335, 394479, 992249, 1090836, 407873, 163225, 602828, 127269, 39.5, 46.2, 1.01
M, 791243, 394505, 992387, 1090956, 407839, 163280, 602814, 127249, 39.5, 46.2, 1.01
M, 791060, 394603, 992181, 1090760, 407914, 163312, 602883, 127315, 39.5, 46.2, 1.01
M, 790969, 394513, 992203, 1090955, 407892, 163282, 602875, 127209, 39.5, 46.2, 1.00
M, 792667, 395021, 994574, 1092881, 408263, 163552, 603362, 127537, 39.5, 46.2, 1.00
M, 792245, 394991, 993888, 1092127, 408213, 163481, 603366, 127421, 39.5, 46.2, 1.00
M, 791574, 394869, 993415, 1091856, 408153, 163440, 603233, 127302, 39.5, 46.2, 1.01
M, 791060, 394781, 992656, 1091122, 407976, 163380, 603094, 127267, 39.5, 46.2, 0.99
M, 791145, 394761, 992803, 1091265, 407951, 163401, 603119, 127307, 39.5, 46.2, 1.00
M, 791457, 394805, 993391, 1091715, 408097, 163416, 603220, 127310, 39.5, 46.2, 0.99
M, 791543, 394739, 993403, 1091485, 408138, 163454, 603217, 127306, 39.5, 46.2, 1.00
M, 791431, 394801, 993361, 1091218, 408137, 163427, 603288, 127328, 39.5, 46.2, 0.99
M, 791266, 394770, 993449, 1091690, 408135, 163476, 603338, 127319, 39.5, 46.2, 1.00
M, 791626, 394907, 993860, 1092012, 408237, 163507, 603463, 127379, 39.5, 46.2, 1.00
M, 791539, 394900, 993871, 1091985, 408209, 163545, 603456, 127417, 39.5, 46.2, 0.99
M, 791910, 394908, 994514, 1092349, 408306, 163636, 603581, 127390, 39.5, 46.2, 1.00
M, 791905, 394945, 994607, 1092456, 408443, 163695, 603652, 127462, 39.5, 46.2, 1.00
M, 791807, 395020, 994448, 1092256, 408324, 163608, 603579, 127401, 39.5, 46.2, 0.99
M, 791802, 394953, 994659, 1092365, 408395, 163653, 603655, 127442, 39.5, 46.2, 1.00
M, 791668, 394995, 994725, 1092422, 408300, 163690, 603639, 127426, 39.5, 46.2, 1.01
M, 791590, 394924, 994731, 1092405, 408414, 163722, 603686, 127467, 39.5, 46.2, 1.01
M, 792048, 395075, 995194, 1092458, 408534, 163725, 603751, 127480, 39.5, 46.2, 0.99
M, 791897, 394982, 995220, 1092579, 408479, 163727, 603764, 127446, 39.5, 46.2, 1.01
M, 791617, 395090, 994904, 1092385, 408581, 163719, 603818, 127441, 39.5, 46.2, 1.00
M, 792738, 395177, 996516, 1093877, 408679, 163954, 604041, 127652, 39.5, 46.2, 1.00
M, 792253, 395230, 996004, 1093250, 408598, 163799, 604029, 127558, 39.5, 46.2, 1.01
M, 792224, 395177, 996232, 1093340, 408648, 163874, 604016, 127597, 39.5, 46.2, 1.00
M, 792427, 395130, 996319, 1093226, 408699, 163902, 604042, 127526, 39.5, 46.2, 1.01
M, 792197, 395180, 996226, 1093037, 408707, 163862, 604032, 127580, 39.5, 46.2, 1.01
M, 792041, 395107, 996249, 1093266, 408701, 163932, 604081, 127546, 39.5, 46.2, 1.00
M, 792278, 395165, 996732, 1093472, 408756, 163956, 604110, 127550, 39.5, 46.2, 1.00
M, 792115, 395125, 996466, 1093433, 408675, 163960, 604142, 127558, 39.5, 46.2, 1.01
M, 792502, 395197, 997148, 1093664, 408866, 164046, 604235, 127614, 39.5, 46.2, 1.00
M, 792496, 395294, 997357, 1093775, 408867, 163996, 604305, 127614, 39.5, 46.2, 1.00
M, 792288, 395333, 997111, 1093569, 408867, 164046, 604253, 127575, 39.5, 46.2, 1.00
M, 792217, 395194, 997155, 1093518, 408801, 164049, 604262, 127610, 39.5, 46.2, 1.01
M, 792485, 395319, 997554, 1093962, 408921, 164092, 604342, 127636, 39.5, 46.2, 0.99
M, 792301, 395246, 997513, 1093846, 408875, 164052, 604389, 127652, 39.5, 46.2, 0.99
M, 792588, 395386, 997956, 1094323, 409019, 164201, 604481, 127702, 39.5, 46.2, 1.00
M, 792853, 395373, 998446, 1094398, 409015, 164133, 604489, 127650, 39.5, 46.2, 1.00
M, 792544, 395372, 998370, 1094348, 409003, 164137, 604518, 127721, 39.5, 46.2, 1.00
M, 792910, 395392, 998531, 1094460, 409034, 164291, 604597, 127739, 39.5, 46.2, 1.00
M, 792612, 395412, 998409, 1094056, 409060, 164176, 604543, 127639, 39.5, 46.2, 0.99
M, 792384, 395371, 998248, 1093876, 409028, 164158, 604534, 127659, 39.5, 46.2, 1.00
M, 793724, 395668, 1000121, 1095536, 409322, 164467, 604934, 127824, 39.5, 46.2, 1.00
M, 793135, 395569, 999639, 1094990, 409247, 164263, 604789, 127690, 39.5, 46.2, 1.00
M, 792544, 395508, 998898, 1094250, 409173, 164296, 604659, 127700, 39.5, 46.2, 1.00
M, 792137, 395387, 998372, 1093954, 409033, 164260, 604574, 127627, 39.5, 46.2, 0.99
M, 791790, 395376, 997831, 1093214, 408950, 164062, 604483, 127568, 39.5, 46.2, 1.00
M, 791302, 395184, 997418, 1092853, 408877, 164115, 604418, 127614, 39.5, 46.2, 1.01
M, 791773, 395272, 998322, 1093638, 408957, 164186, 604536, 127659, 39.5, 46.2, 0.99
M, 791892, 395232, 998519, 1093767, 409095, 164195, 604637, 127669, 39.5, 46.2, 1.00
M, 792049, 395270, 998784, 1093880, 409115, 164225, 604663, 127651, 39.5, 46.2, 1.00
M, 792473, 395353, 999290, 1094340, 409165, 164282, 604747, 127730, 39.5, 46.2, 1.00
M, 792623, 395450, 999456, 1094352, 409242, 164360, 604838, 127783, 39.5, 46.2, 1.00
M, 792573, 395383, 999358, 1093995, 409241, 164310, 604818, 127735, 39.5, 46.2, 0.99
M, 792437, 395358, 999628, 1094425, 409212, 164407, 604826, 127736, 39.5, 46.2, 1.00
M, 792604, 395429, 1000018, 1094716, 409271, 164451, 604959, 127782, 39.5, 46.2, 1.00
M, 792568, 395388, 999903, 1094561, 409267, 164459, 604943, 127802, 39.5, 46.2, 1.00
M, 792983, 395486, 1000567, 1095025, 409342, 164510, 605041, 127865, 39.5, 46.2, 1.00
M, 792807, 395500, 1000670, 1094980, 409431, 164542, 605067, 127845, 39.5, 46.2, 1.01
M, 792721, 395472, 1000572, 1094803, 409357, 164500, 605066, 127831, 39.5, 46.2, 1.01
M, 792712, 395412, 1000655, 1094832, 409366, 164423, 605086, 127838, 39.5, 46.2, 0.99
M, 792707, 395504, 1000688, 1094719, 409441, 164483, 605158, 127800, 39.5, 46.2, 1.00
M, 793602, 395642, 1002319, 1096173, 409561, 164728, 605288, 128060, 39.5, 46.2, 1.00
M, 793072, 395726, 1001447, 1095191, 409598, 164610, 605306, 127862, 39.5, 46.2, 1.01
M, 792561, 395529, 1000884, 1094674, 409410, 164599, 605093, 127763, 39.5, 46.2, 1.00
M, 792285, 395485, 1000657, 1094484, 409386, 164530, 605110, 127763, 39.5, 46.2, 1.00
M, 792313, 395433, 1000614, 1094518, 409354, 164555, 605128, 127846, 39.5, 46.2, 1.00
M, 792520, 395447, 1001116, 1094669, 409455, 164570, 605167, 127823, 39.5, 46.2, 0.99
M, 792905, 395506, 1001711, 1095202, 409513, 164653, 605286, 127861, 39.5, 46.2, 1.00
M, 793074, 395589, 1001996, 1095274, 409574, 164638, 605326, 127923, 39.5, 46.2, 1.00
M, 792651, 395485, 1001598, 1094816, 409488, 164645, 605303, 127855, 39.5, 46.2, 1.00
M, 792593, 395423, 1001627, 1094932, 409511, 164635, 605298, 127874, 39.5, 46.2, 1.01
M, 792885, 395591, 1002164, 1095173, 409556, 164704, 605350, 127959, 39.5, 46.2, 0.99
M, 792918, 395511, 1002163, 1095297, 409590, 164747, 605432, 127923, 39.5, 46.2, 0.99
M, 793297, 395579, 1002943, 1095688, 409686, 164738, 605483, 127974, 39.5, 46.2, 1.02
M, 793362, 395646, 1003242, 1095981, 409776, 164815, 605591, 127976, 39.5, 46.2, 1.01
M, 793154, 395646, 1002858, 1095749, 409679, 164765, 605544, 127956, 39.5, 46.2, 0.99
M, 793292, 395691, 1003249, 1095912, 409743, 164881, 605597, 127979, 39.5, 46.2, 1.00
M, 793206, 395753, 1003229, 1095813, 409774, 164851, 605605, 127914, 39.5, 46.2, 1.01
M, 793528, 395693, 1003507, 1095835, 409756, 164888, 605744, 127991, 39.5, 46.2, 0.99
M, 793337, 395724, 1003355, 1095447, 409755, 164799, 605608, 127936, 39.5, 46.2, 1.00
M, 793285, 395728, 1003604, 1095966, 409762, 164893, 605697, 127967, 39.5, 46.2, 1.00
