State, OV, Alc, H2, AC1, NH3, AC2, VOC, LP, Temp, Hud, AirFlow
A, 689648, 333120, 1101800, 954001, 338494, 167334, 496235, 137857, 41.7, 44.1, 0.00
A, 677245, 330119, 1080129, 938345, 335125, 164592, 492415, 135280, 41.6, 44.1, 0.53
A, 668604, 327900, 1064701, 927665, 332957, 162720, 490315, 133607, 41.6, 44.1, 0.74
A, 660310, 325820, 1048551, 916811, 331167, 160628, 488985, 132035, 41.5, 44.0, 0.84
A, 656146, 324712, 1039237, 911295, 330496, 159458, 488933, 131264, 41.5, 44.0, 0.89
A, 651157, 323746, 1026576, 904235, 330139, 157713, 489516, 130168, 41.3, 43.9, 0.95
A, 649269, 323259, 1020070, 901067, 330115, 156749, 489968, 129698, 41.3, 43.9, 0.96
A, 648060, 323080, 1014073, 898980, 330360, 155901, 490824, 129362, 41.3, 43.9, 0.97
A, 647409, 322914, 1008530, 897327, 330738, 155047, 491756, 129045, 41.2, 43.8, 0.99
A, 647464, 322935, 1004050, 896714, 331114, 154403, 492603, 128874, 41.2, 43.8, 0.98
A, 648188, 323035, 1000593, 896872, 331719, 153908, 493723, 128828, 41.2, 43.8, 0.99
A, 649389, 323398, 997033, 897235, 332287, 153328, 494891, 128729, 41.2, 43.8, 1.00
A, 650615, 323685, 994226, 898034, 332888, 152849, 495974, 128660, 41.1, 43.7, 1.00
A, 652212, 324000, 992435, 899615, 333535, 152666, 497048, 128744, 41.1, 43.7, 0.99
A, 653996, 324517, 990714, 901053, 334270, 152335, 498140, 128773, 41.1, 43.7, 1.00
A, 656067, 324939, 989361, 902777, 334998, 152125, 499293, 128952, 41.1, 43.7, 0.99
A, 658427, 325576, 988687, 905045, 335828, 152005, 500564, 129043, 41.0, 43.7, 1.00
A, 660984, 326238, 987410, 907146, 336671, 151813, 501827, 129115, 41.0, 43.7, 1.01
A, 663009, 326876, 986422, 909036, 337408, 151715, 502978, 129110, 40.9, 43.7, 1.00
A, 665273, 327523, 986080, 911666, 338277, 151680, 504124, 129247, 40.9, 43.7, 1.01
A, 668989, 328412, 988086, 915896, 339349, 151804, 505641, 129637, 40.9, 43.7, 0.99
A, 671416, 329340, 987532, 917968, 340243, 151792, 506832, 129722, 40.9, 43.7, 1.00
A, 673867, 330107, 986744, 920331, 341096, 151705, 508056, 129735, 40.9, 43.7, 1.00
A, 675548, 330871, 985987, 922264, 341794, 151653, 509089, 129730, 40.9, 43.7, 1.00
A, 677948, 331803, 985151, 924414, 342618, 151624, 510328, 129749, 40.8, 43.7, 1.00
A, 679445, 332389, 984708, 926181, 343189, 151568, 511135, 129802, 40.8, 43.7, 1.00
A, 681622, 333128, 984769, 928599, 344018, 151622, 512165, 129974, 40.8, 43.7, 1.00
A, 683845, 334010, 984668, 930900, 344835, 151594, 513275, 130015, 40.8, 43.8, 0.99
A, 686199, 334882, 984588, 933438, 345699, 151617, 514417, 130092, 40.8, 43.8, 1.00
A, 688105, 335738, 984179, 935346, 346369, 151571, 515390, 130063, 40.7, 43.8, 1.00
A, 689727, 336574, 983818, 937475, 347056, 151624, 516423, 130202, 40.7, 43.8, 1.00
A, 691913, 337399, 983993, 939699, 347782, 151758, 517494, 130250, 40.7, 43.8, 0.99
A, 693750, 338248, 983925, 941760, 348529, 151793, 518429, 130392, 40.7, 43.8, 1.00
A, 695925, 339164, 984340, 944171, 349250, 151864, 519385, 130469, 40.7, 43.8, 1.00
A, 697952, 340162, 984107, 946322, 350105, 151920, 520499, 130527, 40.7, 43.8, 1.00
A, 699557, 340980, 983966, 948053, 350690, 151938, 521382, 130522, 40.7, 43.8, 1.01
A, 700957, 341659, 983707, 949872, 351339, 151975, 522228, 130551, 40.7, 43.8, 0.99
A, 702790, 342605, 983924, 952047, 352001, 152055, 523174, 130652, 40.6, 43.8, 0.99
A, 704348, 343453, 983657, 953761, 352661, 152085, 523987, 130671, 40.6, 43.8, 0.99
A, 706044, 344365, 984128, 955764, 353412, 152134, 524953, 130732, 40.6, 43.9, 0.99
A, 709481, 345464, 986916, 960106, 354404, 152507, 526263, 131102, 40.6, 43.9, 0.99
A, 710657, 346452, 986227, 961332, 355057, 152453, 527076, 131079, 40.6, 43.9, 1.02
A, 711999, 347226, 986170, 962883, 355607, 152517, 527834, 131110, 40.6, 43.9, 1.00
A, 713130, 348122, 985257, 964070, 356193, 152499, 528654, 130994, 40.6, 43.9, 1.01
A, 714191, 348792, 984542, 965087, 356653, 152528, 529279, 130990, 40.6, 43.9, 0.99
A, 714530, 349602, 983310, 965904, 357086, 152420, 529965, 130892, 40.5, 43.9, 1.00
A, 715504, 350080, 983111, 967281, 357474, 152432, 530557, 130890, 40.5, 43.9, 0.99
A, 716643, 350699, 983244, 968718, 357966, 152528, 531231, 130968, 40.5, 43.9, 0.99
A, 718078, 351592, 983346, 970403, 358606, 152599, 531981, 131060, 40.5, 44.0, 1.00
A, 719523, 352477, 983488, 972056, 359180, 152606, 532773, 130983, 40.5, 44.0, 1.01
A, 720433, 353036, 983322, 973156, 359550, 152685, 533377, 131113, 40.5, 44.0, 1.00
A, 722053, 353941, 983696, 975181, 360260, 152788, 534217, 131133, 40.5, 44.0, 1.01
A, 722940, 354668, 983566, 976289, 360763, 152802, 534910, 131077, 40.5, 44.0, 0.99
A, 723784, 355235, 983384, 977540, 361108, 152861, 535483, 131133, 40.5, 44.0, 1.01
A, 724352, 355915, 982648, 978307, 361505, 152855, 536048, 131120, 40.4, 44.1, 0.99
A, 725688, 356623, 982770, 979668, 362083, 152841, 536800, 131131, 40.4, 44.1, 1.01
A, 726715, 357255, 982780, 981098, 362561, 152884, 537360, 131192, 40.4, 44.1, 1.00
A, 727579, 357987, 982917, 982474, 362999, 153005, 537996, 131239, 40.4, 44.1, 0.99
A, 729115, 358735, 983789, 984508, 363578, 153093, 538809, 131360, 40.4, 44.2, 1.00
A, 729971, 359333, 983705, 985551, 363987, 153191, 539328, 131340, 40.4, 44.2, 1.01
A, 733145, 360340, 987209, 989619, 364870, 153628, 540412, 131797, 40.4, 44.2, 0.99
A, 734167, 361279, 986770, 990557, 365520, 153658, 541124, 131776, 40.4, 44.2, 1.00
A, 734710, 361756, 986611, 991398, 365820, 153659, 541604, 131675, 40.4, 44.2, 1.01
A, 735289, 362378, 986443, 992453, 366117, 153738, 542092, 131611, 40.4, 44.2, 1.01
A, 736058, 363034, 986272, 993439, 366637, 153757, 542738, 131677, 40.3, 44.2, 1.00
A, 736604, 363566, 985998, 994197, 366908, 153794, 543115, 131676, 40.3, 44.2, 1.01
A, 737444, 364387, 986001, 995460, 367448, 153916, 543829, 131673, 40.3, 44.3, 0.99
A, 737864, 364814, 985939, 996045, 367622, 153869, 544187, 131627, 40.3, 44.3, 1.00
A, 738627, 365264, 986100, 997203, 368066, 154002, 544640, 131661, 40.3, 44.3, 1.00
A, 739300, 365828, 986166, 998044, 368397, 154005, 545165, 131719, 40.3, 44.3, 0.99
A, 739995, 366363, 986116, 999150, 368740, 154143, 545632, 131671, 40.3, 44.3, 0.99
A, 740869, 366958, 986578, 1000466, 369179, 154209, 546204, 131777, 40.3, 44.4, 1.00
A, 741759, 367572, 986844, 1001483, 369578, 154199, 546739, 131811, 40.3, 44.4, 1.00
A, 742126, 368068, 986666, 1002178, 369899, 154240, 547221, 131811, 40.3, 44.3, 1.00
A, 742687, 368550, 986775, 1003321, 370217, 154357, 547678, 131784, 40.3, 44.3, 1.00
A, 743301, 369053, 986710, 1004027, 370564, 154425, 548085, 131812, 40.3, 44.4, 1.00
A, 743915, 369449, 986759, 1004842, 370899, 154414, 548498, 131880, 40.3, 44.4, 1.00
A, 744775, 369943, 987219, 1006037, 371190, 154521, 548977, 131863, 40.3, 44.4, 1.00
A, 745474, 370572, 987217, 1006975, 371613, 154614, 549502, 131893, 40.3, 44.4, 1.00
A, 745789, 370907, 987134, 1007457, 371794, 154602, 549862, 131879, 40.3, 44.4, 1.01
A, 747810, 371620, 989508, 1010350, 372432, 154918, 550541, 132176, 40.3, 44.4, 1.00
A, 748247, 372189, 989386, 1011019, 372776, 154945, 551022, 132083, 40.3, 44.5, 1.00
A, 748670, 372646, 989009, 1011238, 373123, 154913, 551412, 132061, 40.3, 44.5, 1.00
A, 748595, 373026, 988488, 1011565, 373237, 154943, 551647, 132000, 40.2, 44.5, 1.00
A, 748944, 373398, 988528, 1012343, 373591, 155028, 552033, 132005, 40.2, 44.5, 1.00
A, 749004, 373795, 987596, 1012290, 373807, 154958, 552362, 131914, 40.2, 44.6, 0.99
A, 749146, 373958, 987435, 1012829, 373922, 155029, 552612, 131987, 40.2, 44.6, 1.00
A, 749311, 374498, 986981, 1013226, 374271, 155032, 553050, 131870, 40.2, 44.6, 1.01
A, 749762, 374673, 986766, 1013509, 374412, 155051, 553333, 131869, 40.2, 44.6, 1.00
A, 750214, 375071, 987160, 1014631, 374672, 155115, 553639, 131864, 40.2, 44.6, 1.00
A, 750629, 375392, 987177, 1015188, 374889, 155119, 553933, 131920, 40.2, 44.6, 1.00
A, 750812, 375696, 986977, 1015664, 375168, 155244, 554305, 131931, 40.2, 44.6, 1.00
A, 751609, 376164, 987196, 1016517, 375491, 155279, 554693, 131995, 40.2, 44.6, 1.00
A, 752052, 376499, 987518, 1017191, 375688, 155322, 555082, 131963, 40.2, 44.6, 1.00
A, 752189, 376770, 987160, 1017554, 375894, 155325, 555366, 131928, 40.2, 44.7, 1.00
A, 752710, 377104, 987395, 1018437, 376183, 155422, 555721, 131936, 40.2, 44.7, 1.00
A, 753029, 377364, 987491, 1018965, 376391, 155416, 556004, 131977, 40.2, 44.7, 1.00
A, 753272, 377636, 987291, 1019483, 376635, 155457, 556275, 131956, 40.2, 44.7, 0.99
A, 753936, 377969, 987805, 1020477, 376865, 155556, 556719, 132000, 40.2, 44.7, 1.00
A, 754400, 378387, 987906, 1020993, 377186, 155558, 557028, 131968, 40.2, 44.7, 1.00
A, 756353, 378813, 990307, 1023655, 377691, 155856, 557673, 132244, 40.2, 44.8, 1.00
A, 756586, 379325, 990213, 1024052, 378007, 155967, 558113, 132239, 40.2, 44.8, 1.00
A, 756567, 379596, 989524, 1024245, 378077, 156008, 558234, 132181, 40.1, 44.8, 1.01
A, 756818, 379885, 989812, 1024630, 378339, 155980, 558545, 132186, 40.1, 44.8, 1.00
A, 756971, 380164, 989375, 1024772, 378521, 155987, 558846, 132100, 40.1, 44.8, 1.00
A, 756917, 380278, 988907, 1024984, 378560, 155996, 559049, 132062, 40.1, 44.8, 1.01
A, 756858, 380540, 988486, 1025085, 378853, 156004, 559290, 131959, 40.1, 44.8, 1.00
A, 756965, 380681, 988323, 1025390, 378918, 156056, 559401, 132006, 40.1, 44.8, 1.00
A, 756986, 381011, 987903, 1025355, 379135, 155994, 559768, 131904, 40.1, 44.8, 1.00
A, 757072, 381110, 987664, 1025684, 379206, 156006, 559880, 131918, 40.1, 44.8, 1.00
A, 757372, 381310, 987884, 1026510, 379420, 156108, 560155, 131957, 40.1, 44.8, 1.01
A, 757506, 381528, 987844, 1026818, 379549, 156078, 560496, 131925, 40.1, 44.9, 1.00
A, 757888, 381673, 987804, 1027129, 379731, 156180, 560661, 131954, 40.1, 44.9, 1.00
A, 758416, 381922, 988282, 1027994, 380024, 156200, 560963, 132023, 40.1, 44.9, 1.00
A, 758638, 382206, 988205, 1028294, 380129, 156253, 561236, 131917, 40.1, 44.9, 1.00
A, 758719, 382395, 987542, 1028328, 380326, 156262, 561398, 131922, 40.1, 44.9, 1.00
A, 759093, 382636, 988258, 1029329, 380530, 156268, 561736, 131956, 40.1, 44.9, 1.00
A, 759315, 382868, 988175, 1029714, 380697, 156358, 561918, 131930, 40.1, 45.0, 0.99
A, 759270, 382974, 987891, 1029889, 380840, 156420, 562137, 131937, 40.1, 45.0, 1.00
A, 759639, 383170, 987789, 1030278, 381011, 156422, 562385, 132000, 40.1, 45.0, 1.00
A, 762068, 383718, 991128, 1033230, 381571, 156817, 563124, 132306, 40.1, 45.0, 1.00
A, 761781, 384012, 990519, 1033106, 381787, 156773, 563302, 132192, 40.1, 45.0, 1.00
A, 761963, 384158, 990410, 1033417, 381856, 156797, 563524, 132167, 40.1, 45.0, 1.00
A, 761923, 384277, 990215, 1033603, 381972, 156792, 563581, 132067, 40.1, 45.0, 0.99
A, 762129, 384476, 990221, 1034010, 382148, 156884, 563833, 132179, 40.1, 45.0, 1.00
A, 762173, 384682, 989616, 1033895, 382294, 156868, 563991, 132027, 40.1, 45.1, 1.00
A, 762030, 384738, 989606, 1034151, 382388, 156888, 564195, 131999, 40.1, 45.1, 1.00
A, 761750, 384945, 988988, 1033946, 382495, 156832, 564306, 131937, 40.1, 45.1, 1.00
A, 761769, 384934, 988865, 1034177, 382512, 156875, 564470, 131921, 40.1, 45.1, 1.00
A, 762186, 385165, 989166, 1034659, 382693, 156942, 564722, 132025, 40.1, 45.1, 0.99
A, 762428, 385291, 989349, 1035170, 382828, 156958, 564869, 131975, 40.0, 45.1, 1.00
A, 762539, 385459, 989088, 1035360, 383002, 156971, 565100, 131935, 40.0, 45.1, 1.00
A, 762663, 385556, 988824, 1035419, 383115, 157013, 565271, 131991, 40.0, 45.1, 1.00
A, 762609, 385714, 988761, 1035677, 383189, 156989, 565438, 131919, 40.0, 45.1, 1.00
A, 763040, 385798, 989112, 1036342, 383391, 157082, 565687, 131933, 40.0, 45.2, 1.00
A, 762973, 385943, 988893, 1036380, 383510, 157088, 565827, 131987, 40.0, 45.2, 1.00
A, 763522, 386162, 989309, 1037137, 383703, 157213, 566044, 132021, 40.0, 45.2, 1.00
A, 763822, 386357, 989550, 1037455, 383834, 157238, 566309, 131964, 40.0, 45.2, 1.01
A, 763771, 386407, 989398, 1037647, 384060, 157248, 566486, 131919, 40.0, 45.2, 1.00
A, 763845, 386548, 989257, 1037764, 384074, 157285, 566624, 131933, 40.0, 45.2, 1.01
A, 766031, 387078, 992317, 1040688, 384569, 157638, 567290, 132304, 40.0, 45.2, 1.00
A, 765927, 387285, 992009, 1040661, 384791, 157670, 567425, 132217, 40.0, 45.2, 1.00
A, 766028, 387381, 992049, 1040941, 384941, 157678, 567575, 132285, 40.0, 45.2, 1.00
A, 766074, 387601, 991884, 1041118, 385006, 157663, 567715, 132172, 40.0, 45.2, 1.00
A, 765892, 387548, 991596, 1041009, 384979, 157692, 567795, 132020, 40.0, 45.3, 0.98
A, 765496, 387538, 990957, 1040799, 385036, 157660, 567805, 132007, 40.0, 45.3, 1.00
A, 765568, 387744, 990760, 1040588, 385158, 157658, 567998, 131903, 40.0, 45.3, 1.00
A, 765324, 387722, 990291, 1040526, 385155, 157663, 568050, 131905, 40.0, 45.3, 1.01
A, 765061, 387883, 989594, 1040452, 385237, 157665, 568189, 131863, 40.0, 45.3, 1.00
A, 765205, 387859, 989669, 1040524, 385227, 157660, 568187, 131860, 40.0, 45.3, 1.00
A, 765479, 387984, 990096, 1041113, 385382, 157687, 568418, 131909, 40.0, 45.3, 1.00
A, 765627, 388055, 990244, 1041423, 385582, 157807, 568645, 131987, 40.0, 45.3, 0.99
A, 765909, 388182, 990116, 1041399, 385686, 157707, 568795, 131866, 40.0, 45.3, 1.00
A, 765845, 388229, 989931, 1041417, 385778, 157762, 568921, 131850, 40.0, 45.4, 1.00
A, 765708, 388267, 989827, 1041868, 385863, 157813, 569056, 131865, 40.0, 45.4, 1.00
A, 766073, 388406, 990104, 1042327, 386012, 157931, 569263, 131831, 40.0, 45.4, 1.00
A, 766152, 388490, 989877, 1042427, 386102, 157894, 569305, 131912, 40.0, 45.4, 1.00
A, 766500, 388674, 990551, 1042980, 386281, 157945, 569608, 131968, 40.0, 45.4, 1.00
A, 766509, 388723, 990295, 1043089, 386327, 157920, 569661, 131842, 40.0, 45.4, 1.00
A, 766575, 388832, 989852, 1043068, 386465, 157987, 569844, 131873, 40.0, 45.4, 1.00
A, 768268, 389088, 992495, 1045557, 386843, 158310, 570382, 132154, 40.0, 45.4, 1.00
A, 768385, 389426, 992643, 1045757, 387097, 158336, 570530, 132103, 39.9, 45.4, 1.00
A, 768177, 389383, 992163, 1045565, 387062, 158265, 570630, 132128, 39.9, 45.4, 1.00
A, 768441, 389567, 992234, 1045846, 387171, 158397, 570721, 132134, 39.9, 45.5, 1.00
A, 768392, 389596, 992224, 1045880, 387249, 158334, 570861, 132025, 39.9, 45.5, 1.00
A, 768141, 389614, 991784, 1045695, 387263, 158388, 570978, 131926, 39.9, 45.5, 1.00
A, 768258, 389723, 991781, 1045916, 387338, 158413, 571083, 131974, 39.9, 45.5, 1.00
A, 768013, 389769, 991312, 1045610, 387448, 158354, 571107, 131817, 39.9, 45.5, 1.00
A, 767818, 389704, 991128, 1045746, 387473, 158438, 571187, 131902, 39.9, 45.5, 1.00
A, 767938, 389912, 990963, 1045546, 387597, 158397, 571418, 131877, 39.9, 45.5, 1.00
A, 767738, 389879, 990911, 1045770, 387518, 158334, 571387, 131832, 39.9, 45.5, 1.00
A, 767894, 389891, 990927, 1046045, 387602, 158456, 571522, 131846, 39.9, 45.5, 1.00
A, 767970, 389985, 990940, 1046316, 387748, 158416, 571692, 131831, 39.9, 45.5, 1.00
A, 768064, 389979, 990906, 1046305, 387820, 158522, 571693, 131844, 39.9, 45.5, 1.00
A, 768534, 390159, 991407, 1046904, 387971, 158519, 571942, 131893, 39.9, 45.6, 1.01
A, 768254, 390166, 991011, 1046835, 388008, 158565, 572073, 131826, 39.9, 45.6, 1.00
A, 768475, 390206, 990889, 1046924, 388079, 158573, 572125, 131795, 39.9, 45.6, 1.00
A, 768613, 390322, 991266, 1047389, 388168, 158610, 572366, 131805, 39.9, 45.6, 1.00
A, 768751, 390361, 991417, 1047611, 388312, 158710, 572445, 131806, 39.9, 45.6, 1.00
A, 768581, 390513, 990703, 1046895, 388287, 158585, 572502, 131751, 39.9, 45.6, 1.00
A, 770317, 390680, 993357, 1049448, 388720, 158912, 572922, 132042, 39.9, 45.6, 1.00
A, 770299, 390816, 993295, 1049730, 388795, 158922, 573117, 131971, 39.9, 45.6, 1.00
A, 769985, 390960, 992898, 1049623, 388900, 158947, 573207, 131943, 39.9, 45.7, 1.00
A, 769975, 390983, 992699, 1049318, 388850, 158923, 573210, 131898, 39.9, 45.7, 1.00
A, 770106, 391052, 992804, 1049691, 388983, 158972, 573307, 131945, 39.9, 45.7, 1.00
A, 770055, 391042, 992658, 1049626, 389052, 158960, 573397, 131826, 39.9, 45.7, 0.99
A, 769849, 391141, 991955, 1049358, 389067, 158948, 573469, 131763, 39.9, 45.7, 1.00
A, 769934, 391190, 992413, 1049772, 389124, 159007, 573560, 131849, 39.9, 45.7, 1.00
A, 769549, 391193, 991701, 1049322, 389195, 158967, 573574, 131777, 39.9, 45.7, 1.00
A, 769516, 391138, 991629, 1049422, 389155, 158996, 573665, 131777, 39.9, 45.7, 1.00
A, 769571, 391257, 991521, 1049469, 389276, 158998, 573802, 131729, 39.9, 45.7, 1.00
A, 769524, 391224, 991409, 1049456, 389291, 158993, 573744, 131720, 39.9, 45.7, 1.00
A, 769885, 391298, 991577, 1049890, 389386, 159095, 574034, 131804, 39.9, 45.7, 1.00
A, 769966, 391266, 991691, 1050133, 389411, 159094, 574033, 131748, 39.9, 45.7, 1.00
A, 770011, 391344, 991973, 1050367, 389565, 159117, 574212, 131743, 39.9, 45.7, 1.00
A, 770421, 391523, 992399, 1050982, 389749, 159187, 574352, 131817, 39.9, 45.7, 1.00
A, 770668, 391543, 992573, 1050927, 389806, 159233, 574486, 131815, 39.9, 45.7, 1.00
A, 770573, 391593, 992422, 1051082, 389766, 159227, 574499, 131734, 39.9, 45.8, 1.00
A, 770671, 391600, 992537, 1051385, 389916, 159258, 574671, 131785, 39.9, 45.8, 1.00
A, 770592, 391645, 992470, 1051520, 390008, 159335, 574735, 131771, 39.9, 45.8, 1.00
A, 772245, 391920, 994656, 1053399, 390321, 159599, 575135, 132039, 39.9, 45.8, 1.00
A, 772618, 392292, 995078, 1053858, 390552, 159622, 575372, 132000, 39.8, 45.8, 1.01
A, 772362, 392263, 994750, 1053752, 390616, 159714, 575372, 131958, 39.8, 45.8, 1.00
A, 772255, 392259, 994480, 1053562, 390575, 159623, 575417, 131911, 39.8, 45.8, 1.00
A, 771969, 392254, 994147, 1053422, 390588, 159679, 575458, 131870, 39.8, 45.8, 1.00
A, 772089, 392324, 994265, 1053592, 390613, 159691, 575572, 131900, 39.8, 45.8, 1.00
A, 771985, 392356, 993964, 1053203, 390677, 159611, 575594, 131810, 39.8, 45.8, 1.00
A, 771640, 392295, 993421, 1052900, 390659, 159609, 575573, 131721, 39.8, 45.9, 1.00
A, 771670, 392313, 993637, 1053395, 390596, 159692, 575674, 131704, 39.8, 45.9, 1.00
A, 771273, 392388, 992900, 1052739, 390739, 159627, 575666, 131665, 39.8, 45.9, 1.00
A, 771181, 392309, 992869, 1052769, 390652, 159641, 575687, 131628, 39.8, 45.9, 1.00
A, 770945, 392329, 992567, 1052606, 390766, 159654, 575782, 131604, 39.8, 45.9, 1.00
A, 771025, 392240, 992456, 1052719, 390749, 159693, 575797, 131653, 39.8, 45.9, 1.01
A, 771342, 392272, 992968, 1053108, 390824, 159653, 575950, 131608, 39.8, 45.9, 1.00
A, 771385, 392314, 992910, 1053384, 390883, 159684, 576014, 131635, 39.8, 45.9, 1.00
A, 771428, 392341, 992840, 1053447, 390905, 159681, 576122, 131685, 39.8, 45.9, 1.00
A, 771575, 392385, 993116, 1053730, 391041, 159777, 576206, 131697, 39.8, 45.9, 1.00
A, 771891, 392514, 993380, 1053907, 391100, 159802, 576375, 131697, 39.8, 45.9, 1.00
A, 771890, 392521, 993300, 1053978, 391231, 159832, 576442, 131677, 39.8, 45.9, 1.00
A, 772138, 392569, 993370, 1054477, 391281, 159882, 576642, 131745, 39.8, 45.9, 1.01
A, 773988, 392955, 996224, 1056762, 391674, 160202, 576984, 132026, 39.8, 45.9, 0.99
A, 774006, 393169, 996388, 1056954, 391840, 160199, 577164, 131975, 39.8, 45.9, 1.00
A, 773824, 393193, 996003, 1056750, 391836, 160260, 577229, 131877, 39.8, 46.0, 1.00
A, 773814, 393257, 995899, 1056355, 391860, 160190, 577227, 131835, 39.8, 46.0, 0.99
A, 773506, 393212, 995450, 1056251, 391805, 160129, 577220, 131783, 39.8, 46.0, 1.00
A, 773100, 393144, 995074, 1056156, 391804, 160219, 577204, 131789, 39.8, 46.0, 1.00
A, 773265, 393211, 995302, 1056387, 391933, 160224, 577353, 131752, 39.8, 46.0, 1.00
A, 773244, 393232, 995153, 1056232, 391931, 160223, 577322, 131811, 39.8, 46.0, 1.00
A, 773477, 393306, 995409, 1056441, 392047, 160258, 577483, 131708, 39.8, 46.0, 1.00
A, 773107, 393288, 994756, 1056298, 391946, 160269, 577410, 131684, 39.8, 46.0, 1.01
A, 772980, 393346, 994687, 1056044, 391953, 160208, 577508, 131664, 39.8, 46.0, 1.00
A, 772841, 393254, 994556, 1056099, 391950, 160217, 577469, 131622, 39.8, 46.0, 0.99
A, 772641, 393235, 993961, 1055702, 392020, 160220, 577562, 131602, 39.8, 46.0, 1.00
A, 772519, 393272, 993733, 1055340, 392022, 160227, 577490, 131518, 39.8, 46.0, 1.00
A, 772719, 393245, 994313, 1056096, 392059, 160236, 577654, 131535, 39.8, 46.0, 1.00
A, 772818, 393285, 994374, 1056162, 392125, 160304, 577706, 131585, 39.8, 46.0, 1.00
A, 772909, 393283, 994252, 1056242, 392132, 160312, 577808, 131581, 39.8, 46.0, 1.00
A, 773292, 393292, 994760, 1056556, 392240, 160362, 577886, 131653, 39.8, 46.0, 1.00
A, 773122, 393410, 994662, 1056641, 392318, 160364, 577947, 131616, 39.8, 46.0, 0.99
A, 773067, 393369, 994480, 1056480, 392328, 160356, 578014, 131598, 39.8, 46.0, 1.00
A, 774520, 393569, 996583, 1058506, 392589, 160599, 578358, 131871, 39.8, 46.0, 1.00
A, 774707, 393723, 996758, 1058721, 392820, 160632, 578513, 131766, 39.8, 46.1, 0.99
A, 774312, 393733, 996417, 1058479, 392752, 160682, 578502, 131757, 39.8, 46.1, 1.00
A, 774477, 393793, 996565, 1058668, 392789, 160688, 578584, 131832, 39.8, 46.0, 1.00
A, 774424, 393865, 996422, 1058393, 392811, 160662, 578583, 131717, 39.8, 46.0, 1.00
A, 774141, 393802, 996026, 1058127, 392804, 160612, 578547, 131630, 39.8, 46.1, 1.00
A, 774041, 393737, 995535, 1057976, 392782, 160710, 578553, 131578, 39.8, 46.1, 0.99
A, 774139, 393835, 996031, 1058266, 392822, 160671, 578675, 131641, 39.8, 46.1, 1.00
A, 774060, 393816, 995975, 1058285, 392886, 160764, 578747, 131647, 39.8, 46.1, 1.01
A, 774237, 393865, 996105, 1058353, 393015, 160735, 578864, 131608, 39.8, 46.1, 1.00
A, 774177, 393848, 996105, 1058452, 392968, 160704, 578785, 131557, 39.8, 46.1, 1.01
A, 773880, 393858, 995578, 1058114, 393027, 160728, 578891, 131575, 39.8, 46.1, 1.00
A, 773714, 393788, 995566, 1058171, 392971, 160790, 578887, 131563, 39.8, 46.1, 1.00
A, 774160, 393893, 996052, 1058487, 393034, 160839, 578973, 131562, 39.8, 46.1, 1.00
A, 774272, 393901, 996143, 1058739, 393100, 160818, 579037, 131621, 39.8, 46.1, 1.00
A, 774212, 393916, 996220, 1058776, 393181, 160837, 579172, 131570, 39.8, 46.1, 0.99
A, 774150, 393912, 995985, 1058664, 393146, 160871, 579150, 131542, 39.8, 46.1, 1.00
A, 774176, 393913, 996033, 1058809, 393172, 160814, 579196, 131530, 39.8, 46.1, 1.00
A, 774327, 393951, 996286, 1059155, 393250, 160875, 579246, 131526, 39.8, 46.2, 1.00
A, 774147, 393986, 996267, 1059051, 393284, 160901, 579293, 131605, 39.8, 46.2, 1.00
A, 776383, 394325, 999438, 1061894, 393770, 161358, 579855, 131990, 39.8, 46.2, 1.00
A, 776350, 394561, 999144, 1061514, 393820, 161298, 579876, 131818, 39.8, 46.2, 1.00
A, 775930, 394509, 998679, 1061058, 393768, 161244, 579903, 131710, 39.8, 46.2, 1.00
A, 775569, 394361, 997947, 1060749, 393707, 161216, 579796, 131696, 39.8, 46.2, 1.00
A, 775663, 394434, 998393, 1060906, 393788, 161309, 579876, 131719, 39.8, 46.2, 1.00
A, 775417, 394466, 998161, 1060776, 393758, 161265, 579845, 131669, 39.8, 46.2, 1.00
A, 775360, 394489, 998045, 1060577, 393833, 161256, 579915, 131668, 39.7, 46.2, 1.00
A, 775172, 394367, 997776, 1060422, 393747, 161117, 579889, 131554, 39.7, 46.2, 1.00
A, 775185, 394444, 997932, 1060706, 393756, 161232, 579971, 131623, 39.7, 46.2, 1.00
A, 774880, 394406, 997641, 1060334, 393795, 161244, 579908, 131559, 39.7, 46.2, 1.00
A, 774964, 394394, 997417, 1060183, 393834, 161247, 579962, 131592, 39.7, 46.2, 1.02
A, 774755, 394269, 997191, 1059901, 393727, 161210, 579925, 131429, 39.7, 46.2, 1.00
A, 774375, 394352, 996898, 1059707, 393775, 161247, 579999, 131414, 39.7, 46.2, 1.00
A, 774273, 394232, 996515, 1059666, 393717, 161202, 579920, 131388, 39.7, 46.2, 1.01
A, 773973, 394278, 996520, 1059654, 393748, 161222, 579970, 131412, 39.7, 46.2, 1.00
A, 774313, 394212, 996890, 1059878, 393839, 161187, 579987, 131430, 39.7, 46.2, 1.00
A, 774384, 394219, 996604, 1059564, 393781, 161199, 580039, 131372, 39.7, 46.2, 1.00
A, 774159, 394162, 996633, 1059755, 393767, 161254, 580069, 131416, 39.7, 46.2, 1.00
A, 774829, 394271, 997397, 1060467, 393959, 161343, 580274, 131377, 39.7, 46.2, 1.00
A, 774741, 394269, 997351, 1060363, 393947, 161325, 580251, 131391, 39.7, 46.2, 1.00
A, 776423, 394607, 999498, 1062507, 394290, 161606, 580684, 131814, 39.7, 46.2, 1.00
A, 776706, 394819, 1000020, 1062651, 394471, 161665, 580881, 131758, 39.7, 46.2, 1.00
A, 776499, 394809, 999659, 1062307, 394455, 161652, 580836, 131661, 39.7, 46.2, 1.00
A, 776043, 394673, 999172, 1061913, 394440, 161626, 580744, 131586, 39.7, 46.2, 1.00
A, 775784, 394696, 999042, 1061862, 394375, 161615, 580722, 131577, 39.7, 46.2, 1.00
A, 775910, 394727, 999169, 1062087, 394408, 161636, 580786, 131562, 39.7, 46.3, 0.99
A, 775653, 394752, 998970, 1061883, 394388, 161631, 580745, 131547, 39.7, 46.3, 1.00
A, 775809, 394793, 999255, 1062164, 394508, 161776, 580931, 131616, 39.7, 46.3, 1.00
A, 775701, 394785, 998901, 1061713, 394413, 161717, 580880, 131478, 39.7, 46.3, 1.00
A, 775234, 394584, 998476, 1061238, 394405, 161624, 580818, 131429, 39.7, 46.3, 1.00
A, 775411, 394641, 998477, 1061623, 394479, 161701, 580877, 131467, 39.7, 46.3, 1.01
A, 775135, 394660, 998195, 1061152, 394452, 161635, 580855, 131395, 39.7, 46.3, 1.00
A, 775049, 394644, 998122, 1061265, 394371, 161597, 580913, 131435, 39.7, 46.3, 1.00
A, 775114, 394648, 997994, 1061069, 394509, 161657, 580977, 131362, 39.7, 46.3, 1.00
A, 774540, 394484, 997555, 1060504, 394310, 161569, 580853, 131310, 39.7, 46.3, 1.00
A, 774819, 394477, 997091, 1059914, 394428, 161562, 580917, 131221, 39.7, 46.3, 1.00
A, 774566, 394420, 997432, 1060759, 394400, 161588, 580882, 131321, 39.7, 46.3, 1.00
A, 774759, 394437, 997654, 1061025, 394452, 161702, 581006, 131398, 39.7, 46.3, 1.00
A, 775364, 394630, 998544, 1061637, 394610, 161743, 581153, 131471, 39.7, 46.3, 1.00
A, 775381, 394635, 998777, 1061842, 394660, 161764, 581253, 131376, 39.7, 46.3, 1.00
A, 776890, 394906, 1000810, 1063769, 394954, 162002, 581612, 131620, 39.7, 46.3, 0.99
A, 777099, 395090, 1001015, 1063890, 395089, 162057, 581761, 131622, 39.7, 46.3, 1.00
A, 776886, 395129, 1000853, 1063718, 395068, 162092, 581762, 131628, 39.7, 46.4, 1.00
A, 776908, 395122, 1000404, 1063383, 395143, 162052, 581760, 131533, 39.7, 46.4, 1.00
A, 776611, 395020, 1000091, 1063054, 395048, 161986, 581688, 131480, 39.7, 46.4, 1.00
A, 776121, 395043, 999792, 1062969, 395052, 162022, 581721, 131459, 39.7, 46.4, 1.00
A, 776391, 395074, 1000120, 1063263, 395032, 162042, 581764, 131503, 39.7, 46.4, 1.00
A, 776336, 395050, 999832, 1063053, 395043, 162114, 581769, 131493, 39.7, 46.4, 1.00
A, 776586, 395046, 1000304, 1063398, 395151, 162162, 581868, 131502, 39.7, 46.4, 1.00
A, 776432, 395045, 1000257, 1063247, 395199, 162100, 581897, 131479, 39.7, 46.4, 0.99
A, 776159, 395023, 1000021, 1063052, 395135, 162070, 581820, 131427, 39.7, 46.4, 1.01
A, 776196, 395064, 1000141, 1063281, 395116, 162080, 581865, 131441, 39.7, 46.4, 1.01
A, 775909, 395081, 999578, 1062661, 395146, 162117, 581814, 131357, 39.7, 46.4, 1.00
A, 775579, 394964, 999387, 1062580, 395040, 162103, 581820, 131375, 39.7, 46.4, 1.00
A, 775795, 395023, 999528, 1062640, 395148, 162100, 581914, 131375, 39.7, 46.4, 0.98
A, 775780, 394934, 999480, 1062588, 395086, 162172, 581851, 131333, 39.7, 46.4, 1.00
A, 775843, 394880, 999832, 1062972, 395173, 162149, 581882, 131364, 39.7, 46.4, 1.00
A, 776044, 394969, 999692, 1063089, 395261, 162240, 582041, 131400, 39.7, 46.4, 0.99
A, 776127, 394889, 999993, 1063243, 395232, 162201, 582024, 131420, 39.7, 46.4, 0.99
A, 776465, 394997, 1000593, 1063733, 395356, 162289, 582220, 131467, 39.7, 46.4, 1.00
A, 778568, 395372, 1003599, 1066131, 395746, 162614, 582649, 131788, 39.7, 46.4, 1.00
A, 774941, 395115, 998051, 1061018, 395201, 162028, 581922, 131038, 39.7, 46.4, 1.00
A, 773338, 394419, 996244, 1060053, 394657, 161876, 581468, 130929, 39.7, 46.4, 1.00
A, 774056, 394422, 997287, 1060904, 394860, 161978, 581672, 131067, 39.7, 46.4, 1.00
A, 774629, 394416, 997819, 1061483, 394962, 161996, 581782, 131143, 39.7, 46.4, 1.00
A, 775405, 394694, 999022, 1062313, 395201, 162128, 582095, 131213, 39.7, 46.4, 1.01
A, 775734, 394791, 999672, 1063032, 395297, 162189, 582193, 131251, 39.7, 46.4, 1.00
A, 775964, 394731, 999579, 1063173, 395382, 162184, 582278, 131335, 39.7, 46.4, 1.00
A, 776378, 394961, 1000411, 1063763, 395420, 162331, 582342, 131401, 39.7, 46.4, 1.00
A, 776364, 394993, 1000434, 1063797, 395506, 162353, 582491, 131317, 39.7, 46.4, 1.00
A, 776950, 395046, 1000890, 1064135, 395603, 162383, 582610, 131401, 39.7, 46.4, 1.00
A, 776800, 395142, 1000854, 1063885, 395598, 162353, 582545, 131303, 39.7, 46.5, 1.00
A, 776705, 395039, 1000802, 1064134, 395654, 162445, 582618, 131316, 39.7, 46.5, 1.00
A, 776532, 395031, 1000651, 1063988, 395729, 162435, 582627, 131351, 39.7, 46.5, 1.00
A, 776616, 395088, 1000676, 1064083, 395648, 162481, 582676, 131382, 39.7, 46.5, 1.01
A, 776365, 395167, 1000677, 1063975, 395735, 162449, 582730, 131295, 39.7, 46.5, 1.01
A, 776395, 395092, 1000706, 1063997, 395734, 162436, 582635, 131252, 39.7, 46.5, 1.01
A, 776866, 395109, 1001254, 1064305, 395786, 162461, 582798, 131378, 39.7, 46.5, 1.00
A, 776980, 395166, 1001407, 1064508, 395789, 162523, 582863, 131288, 39.7, 46.5, 1.00
A, 776869, 395203, 1001361, 1064575, 395864, 162579, 582923, 131362, 39.7, 46.5, 0.99
A, 778964, 395532, 1004528, 1067351, 396332, 162961, 583371, 131742, 39.7, 46.5, 1.00
A, 779048, 395767, 1004443, 1067028, 396376, 162948, 583499, 131646, 39.7, 46.5, 1.00
A, 778588, 395686, 1003882, 1066535, 396261, 162917, 583385, 131517, 39.7, 46.5, 1.00
A, 778036, 395604, 1003486, 1066255, 396251, 162886, 583266, 131586, 39.7, 46.5, 1.00
A, 778225, 395710, 1003405, 1066287, 396289, 162867, 583298, 131504, 39.7, 46.5, 1.00
A, 777986, 395658, 1003494, 1066191, 396258, 162856, 583301, 131478, 39.7, 46.5, 1.00
A, 778197, 395720, 1003840, 1066398, 396282, 162988, 583432, 131570, 39.7, 46.5, 1.00
A, 778168, 395707, 1003699, 1066171, 396355, 162971, 583420, 131465, 39.7, 46.5, 1.00
A, 777855, 395652, 1003492, 1065753, 396253, 162881, 583357, 131394, 39.7, 46.5, 1.00
A, 777623, 395720, 1003198, 1065839, 396213, 162976, 583337, 131386, 39.7, 46.5, 1.00
A, 777742, 395765, 1003484, 1066052, 396275, 162973, 583333, 131452, 39.7, 46.5, 1.00
A, 777787, 395731, 1003470, 1065851, 396276, 163020, 583375, 131442, 39.7, 46.5, 0.99
A, 778076, 395773, 1003877, 1066168, 396381, 163019, 583463, 131383, 39.7, 46.5, 0.98
A, 777679, 395756, 1003647, 1066053, 396334, 163036, 583404, 131399, 39.7, 46.5, 1.00
A, 777465, 395790, 1003236, 1065487, 396367, 162989, 583452, 131352, 39.7, 46.5, 1.01
A, 777356, 395718, 1003223, 1065643, 396294, 163022, 583395, 131338, 39.7, 46.5, 1.00
A, 777010, 395668, 1002556, 1065115, 396286, 162946, 583371, 131274, 39.7, 46.5, 1.00
A, 776731, 395582, 1002241, 1064719, 396156, 162888, 583309, 131254, 39.7, 46.5, 1.00
A, 777041, 395502, 1002813, 1065250, 396225, 162993, 583368, 131250, 39.7, 46.5, 0.99
A, 777089, 395521, 1002859, 1065280, 396200, 162968, 583470, 131293, 39.7, 46.5, 1.00
M, 774964, 395289, 999071, 1061140, 395956, 162430, 582930, 130471, 39.7, 46.5, 0.10
M, 766074, 393402, 985665, 1049997, 393543, 160822, 579976, 129004, 39.7, 46.5, 0.54
M, 757739, 390959, 974131, 1040037, 391143, 159302, 577161, 127621, 39.7, 46.5, 0.73
M, 751592, 389363, 964547, 1032164, 389869, 158058, 576240, 126661, 39.7, 46.5, 0.81
M, 747682, 389038, 956566, 1026375, 389790, 157053, 577145, 125878, 39.7, 46.5, 0.88
M, 745884, 389604, 949899, 1022508, 390341, 156194, 578594, 125265, 39.7, 46.4, 0.93
M, 745365, 390492, 944311, 1019873, 390941, 155436, 579855, 124834, 39.7, 46.4, 0.95
M, 746285, 391734, 939793, 1018697, 391696, 154946, 581041, 124487, 39.7, 46.3, 0.97
M, 748253, 392968, 935466, 1018485, 392443, 154351, 582113, 124152, 39.7, 46.3, 0.98
M, 750329, 394025, 931926, 1018830, 392890, 154016, 582774, 123861, 39.7, 46.2, 0.98
M, 752762, 394974, 929481, 1020171, 393283, 153691, 583394, 123759, 39.7, 46.2, 0.99
M, 755507, 395706, 927071, 1021651, 393678, 153539, 583881, 123610, 39.7, 46.2, 1.00
M, 758939, 396425, 925390, 1024019, 394060, 153332, 584374, 123547, 39.7, 46.2, 1.00
M, 761396, 396872, 923666, 1026045, 394307, 153260, 584630, 123449, 39.7, 46.2, 1.00
M, 764160, 397223, 922842, 1028509, 394511, 153226, 584894, 123500, 39.7, 46.2, 1.00
M, 766602, 397385, 921231, 1030937, 394646, 153130, 585099, 123410, 39.7, 46.2, 1.00
M, 768308, 397352, 920639, 1032903, 394808, 153211, 585305, 123437, 39.7, 46.2, 0.99
M, 771057, 397368, 919683, 1035683, 395066, 153143, 585599, 123397, 39.7, 46.2, 1.00
M, 772458, 397350, 919227, 1037471, 395162, 153168, 585775, 123422, 39.7, 46.2, 1.00
M, 774202, 397335, 919299, 1040042, 395404, 153359, 586105, 123597, 39.7, 46.2, 1.01
M, 777780, 397490, 921646, 1044605, 396011, 153719, 586879, 123905, 39.7, 46.2, 1.00
M, 779046, 397535, 921336, 1046115, 396284, 153817, 587159, 123914, 39.7, 46.2, 1.00
M, 780232, 397532, 921216, 1048135, 396444, 153910, 587485, 123957, 39.7, 46.1, 1.00
M, 781122, 397377, 920620, 1049592, 396655, 153999, 587751, 123872, 39.7, 46.1, 0.99
M, 781891, 397102, 920443, 1050962, 396863, 154065, 587994, 123918, 39.7, 46.1, 1.00
M, 782238, 396969, 920174, 1052421, 396973, 154146, 588285, 123907, 39.7, 46.1, 1.00
M, 783076, 396919, 920498, 1053980, 397245, 154311, 588581, 123988, 39.7, 46.1, 1.01
M, 783617, 396761, 920165, 1055096, 397504, 154392, 588941, 124024, 39.7, 46.1, 1.00
M, 784416, 396716, 920728, 1056726, 397785, 154570, 589394, 124154, 39.7, 46.1, 1.00
M, 784914, 396575, 921032, 1057892, 398072, 154611, 589789, 124145, 39.7, 46.1, 1.00
M, 785089, 396544, 920849, 1058784, 398324, 154677, 590103, 124150, 39.7, 46.1, 1.00
M, 785290, 396445, 920624, 1059502, 398493, 154781, 590326, 124171, 39.7, 46.1, 1.00
M, 785876, 396465, 921074, 1060836, 398769, 154867, 590717, 124256, 39.7, 46.1, 1.01
M, 786061, 396411, 921134, 1061705, 399050, 154996, 591130, 124309, 39.7, 46.1, 1.00
M, 786865, 396411, 921456, 1062726, 399439, 155142, 591570, 124358, 39.7, 46.1, 1.01
M, 786779, 396338, 921533, 1063448, 399672, 155198, 591854, 124287, 39.7, 46.1, 1.00
M, 785884, 396176, 920209, 1063019, 399723, 155204, 592104, 124246, 39.7, 46.1, 1.01
M, 786126, 396145, 920354, 1063815, 399922, 155237, 592340, 124336, 39.7, 46.1, 1.00
M, 786945, 396209, 921305, 1065106, 400246, 155387, 592789, 124421, 39.7, 46.1, 1.00
M, 786974, 396302, 921178, 1065497, 400495, 155406, 593085, 124375, 39.7, 46.1, 1.00
M, 789621, 396691, 924406, 1069047, 401202, 155898, 594001, 124812, 39.7, 46.1, 1.00
M, 789663, 396875, 924405, 1069243, 401545, 155900, 594443, 124734, 39.7, 46.1, 1.00
M, 789173, 396811, 923861, 1069338, 401600, 155938, 594551, 124631, 39.7, 46.1, 0.99
M, 789579, 396953, 924392, 1070157, 401895, 156069, 594955, 124739, 39.7, 46.1, 1.00
M, 789360, 396998, 924102, 1070471, 402040, 156138, 595196, 124778, 39.7, 46.1, 1.01
M, 789737, 397151, 924626, 1071186, 402384, 156297, 595505, 124854, 39.7, 46.1, 1.00
M, 789700, 397124, 924686, 1071377, 402582, 156259, 595811, 124823, 39.7, 46.1, 1.00
M, 789747, 397229, 924727, 1071738, 402797, 156366, 596092, 124833, 39.7, 46.1, 0.99
M, 789884, 397241, 924806, 1072075, 402984, 156407, 596391, 124863, 39.7, 46.1, 0.99
M, 790297, 397451, 925358, 1073122, 403270, 156497, 596794, 124872, 39.7, 46.1, 1.00
M, 790365, 397471, 925281, 1073206, 403542, 156541, 597062, 124917, 39.7, 46.1, 1.00
M, 790342, 397558, 925236, 1073369, 403678, 156634, 597266, 124869, 39.7, 46.1, 1.00
M, 790345, 397676, 925401, 1073869, 403836, 156683, 597595, 124921, 39.7, 46.1, 1.00
M, 790714, 397733, 925963, 1074702, 404076, 156758, 597906, 124988, 39.7, 46.1, 1.01
M, 790718, 397910, 925891, 1074983, 404316, 156930, 598185, 125034, 39.7, 46.1, 1.00
M, 791071, 398015, 926353, 1075464, 404625, 156933, 598578, 125044, 39.7, 46.1, 1.00
M, 791153, 398077, 926352, 1075667, 404776, 156981, 598759, 125046, 39.7, 46.1, 1.00
M, 790887, 398218, 925880, 1075622, 404910, 157038, 599032, 125054, 39.7, 46.1, 1.01
M, 790930, 398212, 926338, 1075954, 404960, 157049, 599111, 125023, 39.7, 46.1, 1.01
M, 791299, 398278, 926837, 1076775, 405217, 157160, 599473, 125167, 39.7, 46.1, 1.00
M, 793468, 398747, 929779, 1079677, 405865, 157615, 600231, 125497, 39.7, 46.2, 1.00
M, 793278, 398941, 929345, 1079165, 406031, 157550, 600386, 125293, 39.7, 46.2, 0.99
M, 792990, 398938, 928923, 1079164, 406115, 157547, 600538, 125343, 39.7, 46.2, 1.00
M, 792643, 399034, 928710, 1079281, 406198, 157553, 600648, 125289, 39.7, 46.2, 1.00
M, 792731, 399100, 929091, 1079803, 406401, 157697, 600975, 125320, 39.6, 46.2, 1.01
M, 792895, 399191, 929113, 1079718, 406502, 157721, 601104, 125322, 39.6, 46.2, 1.00
M, 793160, 399281, 929540, 1080501, 406758, 157785, 601404, 125354, 39.7, 46.2, 1.00
M, 793215, 399422, 929619, 1080486, 406876, 157837, 601600, 125388, 39.7, 46.2, 0.99
M, 793153, 399532, 929408, 1080461, 406998, 157873, 601745, 125317, 39.7, 46.2, 1.00
M, 793310, 399599, 929958, 1081132, 407193, 157887, 601985, 125388, 39.7, 46.2, 1.00
M, 793351, 399606, 930011, 1081395, 407353, 157971, 602214, 125370, 39.7, 46.2, 1.00
M, 793526, 399750, 930394, 1081833, 407552, 158088, 602500, 125447, 39.7, 46.2, 1.00
M, 793755, 399835, 930625, 1082255, 407733, 158133, 602687, 125511, 39.6, 46.2, 1.01
M, 794098, 400038, 931285, 1082640, 407897, 158186, 602996, 125487, 39.6, 46.2, 1.01
M, 793903, 400035, 931208, 1082764, 408050, 158198, 603102, 125492, 39.6, 46.2, 0.99
M, 794120, 400147, 931441, 1083099, 408202, 158300, 603341, 125500, 39.6, 46.2, 1.00
M, 793945, 400168, 931106, 1082970, 408250, 158280, 603454, 125461, 39.7, 46.2, 1.00
M, 793855, 400125, 931192, 1083159, 408307, 158365, 603575, 125525, 39.7, 46.2, 0.99
M, 794025, 400343, 931472, 1083372, 408586, 158406, 603836, 125466, 39.6, 46.2, 0.99
M, 794026, 400260, 931600, 1083653, 408613, 158387, 603942, 125491, 39.6, 46.2, 0.99
M, 795976, 400636, 934336, 1086397, 409141, 158861, 604621, 125809, 39.6, 46.2, 1.00
M, 796062, 400861, 934367, 1086331, 409314, 158814, 604804, 125809, 39.7, 46.2, 0.99
M, 795907, 400904, 934304, 1086210, 409341, 158860, 604835, 125792, 39.7, 46.2, 1.01
M, 795955, 401037, 934508, 1086621, 409441, 158897, 605044, 125763, 39.7, 46.2, 1.01
M, 795970, 401111, 934422, 1086660, 409643, 158906, 605238, 125787, 39.7, 46.2, 1.00
M, 795928, 401085, 934408, 1086641, 409690, 158946, 605337, 125753, 39.6, 46.2, 1.00
M, 795619, 401100, 934381, 1086686, 409748, 158990, 605418, 125768, 39.6, 46.2, 1.01
M, 795831, 401151, 934723, 1087017, 409884, 159052, 605602, 125798, 39.6, 46.2, 0.99
M, 795916, 401303, 934737, 1086834, 410008, 159008, 605758, 125750, 39.6, 46.2, 1.01
M, 795569, 401235, 934381, 1086632, 410040, 159022, 605794, 125723, 39.7, 46.2, 1.00
M, 795399, 401215, 934358, 1086810, 410006, 159129, 605902, 125657, 39.7, 46.2, 0.99
M, 795460, 401241, 934776, 1087288, 410236, 159110, 606084, 125753, 39.7, 46.2, 1.01
M, 795500, 401300, 934760, 1087182, 410318, 159179, 606199, 125711, 39.7, 46.2, 1.00
M, 795914, 401405, 935414, 1087973, 410508, 159275, 606399, 125785, 39.7, 46.2, 0.99
M, 796083, 401493, 935320, 1087975, 410576, 159278, 606596, 125808, 39.7, 46.2, 1.00
M, 795913, 401437, 935300, 1087830, 410615, 159250, 606690, 125775, 39.7, 46.2, 1.00
M, 796078, 401534, 935903, 1088502, 410810, 159387, 606900, 125805, 39.7, 46.2, 1.01
M, 795627, 401549, 935406, 1087985, 410875, 159337, 606956, 125801, 39.7, 46.2, 1.01
M, 795773, 401521, 935279, 1088208, 410866, 159362, 606983, 125802, 39.7, 46.2, 1.00
M, 795820, 401713, 935702, 1088375, 411022, 159425, 607232, 125767, 39.7, 46.2, 1.00
M, 797282, 401782, 937928, 1090349, 411347, 159653, 607587, 126013, 39.7, 46.2, 1.00
M, 797520, 401994, 938151, 1090606, 411480, 159730, 607789, 126068, 39.7, 46.2, 1.00
M, 797254, 401971, 937903, 1090315, 411506, 159722, 607909, 126023, 39.7, 46.2, 0.99
M, 797142, 401951, 937944, 1090520, 411628, 159778, 607969, 125994, 39.7, 46.2, 1.00
M, 797460, 402090, 938547, 1090920, 411731, 159798, 608090, 126042, 39.7, 46.2, 0.99
M, 797443, 402157, 938664, 1090908, 411800, 159809, 608271, 125973, 39.7, 46.2, 1.00
M, 797363, 402088, 938596, 1090895, 411867, 159838, 608299, 125941, 39.7, 46.2, 1.00
M, 796855, 402089, 938242, 1090707, 411842, 159868, 608282, 125900, 39.7, 46.2, 1.00
M, 797114, 402211, 938650, 1091085, 411961, 159943, 608530, 125993, 39.7, 46.2, 0.98
M, 797277, 402196, 938843, 1090955, 412047, 159902, 608621, 125975, 39.7, 46.2, 1.00
M, 797420, 402277, 939163, 1091560, 412137, 159989, 608799, 126030, 39.7, 46.2, 1.00
M, 797414, 402302, 939068, 1091527, 412204, 159972, 608862, 125966, 39.7, 46.2, 1.01
M, 797209, 402281, 939111, 1091310, 412250, 160031, 608951, 125938, 39.7, 46.3, 1.00
M, 797329, 402309, 939473, 1091735, 412321, 160100, 609055, 125958, 39.7, 46.3, 1.01
M, 797326, 402251, 939583, 1091889, 412359, 160140, 609210, 125947, 39.7, 46.3, 1.01
M, 797653, 402356, 939818, 1091802, 412495, 160094, 609277, 125945, 39.7, 46.3, 1.00
M, 797446, 402343, 939796, 1091857, 412625, 160160, 609399, 126019, 39.7, 46.3, 1.00
M, 797451, 402408, 940076, 1092251, 412598, 160185, 609547, 125964, 39.7, 46.3, 1.00
M, 797328, 402425, 939803, 1091960, 412758, 160228, 609641, 126035, 39.7, 46.3, 1.00
M, 797251, 402368, 940002, 1092099, 412719, 160215, 609653, 126021, 39.7, 46.3, 1.00
M, 799576, 402837, 943363, 1095094, 413395, 160701, 610366, 126376, 39.7, 46.3, 1.01
M, 799184, 402809, 942384, 1094249, 413355, 160541, 610262, 126247, 39.7, 46.3, 1.00
M, 799042, 402916, 942737, 1094445, 413403, 160574, 610391, 126216, 39.7, 46.3, 1.00
M, 798829, 402830, 942591, 1094337, 413378, 160606, 610426, 126176, 39.7, 46.3, 1.00
M, 798357, 402789, 942304, 1094002, 413386, 160649, 610412, 126213, 39.7, 46.3, 1.00
M, 798681, 402886, 942605, 1094361, 413526, 160710, 610557, 126281, 39.7, 46.3, 1.00
M, 798696, 402880, 942791, 1094204, 413577, 160685, 610639, 126187, 39.7, 46.3, 1.01
M, 798443, 402741, 942660, 1094012, 413540, 160675, 610607, 126123, 39.7, 46.3, 1.01
M, 798245, 402767, 942455, 1093985, 413553, 160644, 610699, 126133, 39.7, 46.3, 1.00
M, 798478, 402832, 942942, 1094227, 413654, 160728, 610803, 126191, 39.7, 46.3, 1.01
M, 798344, 402783, 942920, 1094315, 413690, 160738, 610874, 126196, 39.7, 46.3, 0.99
M, 798543, 402840, 943313, 1094608, 413797, 160781, 610935, 126147, 39.7, 46.3, 1.00
M, 798785, 402861, 943742, 1094699, 413882, 160815, 611110, 126218, 39.7, 46.3, 1.00
M, 798559, 402902, 943573, 1094597, 413960, 160858, 611186, 126175, 39.7, 46.3, 0.99
M, 798575, 402922, 943820, 1095034, 413998, 160968, 611300, 126233, 39.7, 46.3, 1.00
M, 798545, 402874, 943777, 1094889, 414012, 160953, 611310, 126204, 39.7, 46.3, 0.98
M, 798919, 402980, 944395, 1095353, 414151, 161052, 611509, 126307, 39.7, 46.3, 0.99
M, 798832, 402960, 944507, 1095277, 414208, 160996, 611585, 126243, 39.7, 46.3, 1.01
M, 798806, 402926, 944390, 1095262, 414218, 161054, 611592, 126219, 39.7, 46.3, 1.00
M, 798654, 402984, 944386, 1095170, 414341, 161037, 611737, 126209, 39.7, 46.4, 0.99
M, 800025, 403086, 946425, 1097063, 414544, 161326, 612065, 126512, 39.7, 46.4, 1.00
M, 799708, 403361, 946050, 1096422, 414669, 161290, 612137, 126393, 39.7, 46.4, 1.01
M, 799460, 403284, 945886, 1096126, 414595, 161226, 612095, 126347, 39.7, 46.4, 1.00
M, 799370, 403161, 946092, 1096520, 414614, 161310, 612178, 126365, 39.7, 46.4, 1.01
M, 799365, 403203, 946172, 1096526, 414710, 161292, 612226, 126411, 39.7, 46.4, 1.00
M, 799305, 403165, 946023, 1096304, 414669, 161291, 612267, 126393, 39.7, 46.4, 1.00
M, 799558, 403137, 946732, 1096734, 414795, 161359, 612389, 126400, 39.7, 46.4, 1.00
M, 799519, 403147, 946694, 1096566, 414819, 161417, 612462, 126350, 39.7, 46.4, 1.00
M, 799270, 403109, 946415, 1096346, 414865, 161381, 612482, 126303, 39.7, 46.4, 1.00
M, 799088, 403165, 946458, 1096548, 414856, 161317, 612502, 126326, 39.7, 46.4, 1.00
M, 799283, 403210, 946911, 1096797, 414903, 161429, 612616, 126311, 39.7, 46.4, 1.00
M, 799082, 403077, 946871, 1096612, 414955, 161394, 612673, 126356, 39.7, 46.4, 1.00
M, 799514, 403253, 947233, 1097051, 415083, 161562, 612830, 126429, 39.7, 46.4, 0.99
M, 799562, 403321, 947619, 1097022, 415136, 161526, 612924, 126369, 39.7, 46.4, 0.99
M, 799407, 403275, 947585, 1096884, 415126, 161566, 612903, 126364, 39.7, 46.4, 1.00
M, 799445, 403246, 947674, 1097032, 415123, 161557, 612976, 126380, 39.7, 46.4, 1.00
M, 799445, 403193, 947881, 1097056, 415148, 161569, 613027, 126400, 39.7, 46.4, 1.00
M, 799669, 403315, 948264, 1097557, 415296, 161664, 613195, 126429, 39.7, 46.4, 1.00
M, 799659, 403267, 948176, 1097299, 415394, 161653, 613228, 126365, 39.7, 46.4, 1.01
M, 799541, 403238, 948415, 1097479, 415336, 161655, 613265, 126319, 39.7, 46.4, 1.00
M, 801498, 403719, 951186, 1099910, 415871, 162065, 613883, 126682, 39.7, 46.4, 1.01
M, 801050, 403660, 950800, 1099555, 415807, 162019, 613812, 126645, 39.7, 46.4, 1.01
M, 800528, 403669, 950326, 1098927, 415853, 161946, 613792, 126465, 39.7, 46.4, 1.01
M, 800412, 403533, 950017, 1098418, 415694, 161882, 613687, 126414, 39.7, 46.4, 0.99
M, 800266, 403594, 950022, 1098655, 415745, 161985, 613775, 126463, 39.7, 46.4, 1.00
M, 800175, 403515, 950084, 1098540, 415812, 161984, 613819, 126497, 39.7, 46.4, 1.01
M, 800004, 403482, 950170, 1098416, 415735, 161964, 613792, 126459, 39.7, 46.4, 1.00
M, 800230, 403516, 950559, 1098691, 415882, 162006, 613929, 126550, 39.7, 46.4, 1.00
M, 800269, 403475, 950616, 1098396, 415884, 162016, 613976, 126476, 39.7, 46.4, 0.99
M, 799889, 403385, 950359, 1098059, 415880, 161962, 613895, 126378, 39.7, 46.4, 1.00
M, 799673, 403379, 950435, 1098335, 415848, 162008, 613965, 126498, 39.7, 46.4, 1.00
M, 799818, 403316, 950745, 1098522, 415928, 162028, 614024, 126476, 39.7, 46.4, 1.00
M, 799916, 403318, 950803, 1098424, 415928, 162065, 614086, 126520, 39.7, 46.4, 0.99
M, 800154, 403433, 951345, 1098956, 416054, 162111, 614225, 126552, 39.7, 46.4, 1.01
M, 800068, 403368, 951501, 1098767, 416161, 162155, 614258, 126496, 39.7, 46.4, 1.00
M, 799668, 403355, 950700, 1098149, 416016, 162072, 614174, 126357, 39.7, 46.4, 0.99
M, 799668, 403301, 951058, 1098445, 416075, 162161, 614253, 126474, 39.7, 46.4, 1.00
M, 799105, 403161, 950511, 1097908, 415994, 162059, 614165, 126329, 39.7, 46.4, 0.99
M, 799223, 403173, 950961, 1098181, 415948, 162112, 614270, 126485, 39.7, 46.4, 1.01
M, 799783, 403200, 951441, 1098206, 416185, 162043, 614308, 126408, 39.7, 46.4, 0.98
M, 801345, 403500, 953891, 1100628, 416467, 162412, 614830, 126741, 39.7, 46.4, 1.00
M, 800723, 403612, 952812, 1099654, 416539, 162391, 614842, 126576, 39.7, 46.4, 1.00
M, 800576, 403544, 953068, 1099652, 416475, 162376, 614760, 126624, 39.7, 46.4, 1.00
M, 800131, 403564, 952723, 1099259, 416483, 162330, 614796, 126508, 39.7, 46.4, 1.00
M, 799993, 403410, 952469, 1098842, 416438, 162305, 614777, 126482, 39.7, 46.4, 1.00
M, 800189, 403485, 953034, 1099387, 416476, 162387, 614818, 126519, 39.7, 46.4, 0.99
M, 800171, 403450, 953198, 1099379, 416497, 162362, 614869, 126509, 39.7, 46.4, 1.00
M, 800058, 403302, 953132, 1099317, 416525, 162461, 614920, 126539, 39.7, 46.4, 0.99
M, 800341, 403461, 953680, 1099845, 416640, 162516, 615113, 126618, 39.7, 46.4, 1.00
M, 800500, 403548, 953833, 1099673, 416677, 162469, 615099, 126525, 39.7, 46.4, 1.01
M, 800386, 403458, 953738, 1099579, 416718, 162534, 615159, 126523, 39.7, 46.4, 1.00
M, 800137, 403389, 953500, 1099571, 416706, 162502, 615145, 126561, 39.7, 46.4, 1.00
M, 800490, 403481, 954151, 1099860, 416765, 162545, 615241, 126614, 39.7, 46.5, 1.00
M, 800271, 403410, 954103, 1099768, 416759, 162584, 615262, 126577, 39.7, 46.5, 0.99
M, 800638, 403434, 954807, 1100314, 416901, 162687, 615444, 126618, 39.7, 46.5, 0.99
M, 800721, 403423, 954905, 1099884, 416852, 162618, 615415, 126632, 39.7, 46.5, 0.99
M, 800618, 403518, 954933, 1099994, 416930, 162619, 615469, 126617, 39.7, 46.5, 1.00
M, 800505, 403440, 955025, 1100249, 416950, 162681, 615558, 126602, 39.7, 46.5, 1.01
M, 800473, 403492, 955217, 1100291, 416985, 162627, 615538, 126650, 39.7, 46.5, 1.01
M, 800891, 403523, 955781, 1100437, 417116, 162815, 615680, 126677, 39.7, 46.5, 0.99
M, 803041, 403884, 958709, 1103310, 417566, 163155, 616233, 126956, 39.7, 46.5, 1.01
M, 802685, 403990, 958378, 1102820, 417568, 163162, 616298, 126933, 39.7, 46.5, 1.00
M, 802114, 404038, 957944, 1102154, 417553, 163087, 616195, 126787, 39.7, 46.5, 1.01
M, 801810, 403852, 957696, 1101978, 417438, 163042, 616106, 126780, 39.7, 46.5, 0.99
M, 801747, 403922, 957914, 1102059, 417474, 163100, 616183, 126840, 39.7, 46.5, 1.01
M, 801655, 403908, 957924, 1101980, 417452, 163129, 616210, 126830, 39.7, 46.5, 1.00
M, 801663, 403842, 957976, 1101716, 417450, 163107, 616186, 126732, 39.7, 46.5, 0.99
M, 801373, 403873, 957763, 1101342, 417400, 163015, 616149, 126673, 39.7, 46.5, 0.99
M, 800997, 403775, 957531, 1101335, 417420, 163149, 616127, 126700, 39.7, 46.5, 1.00
M, 801204, 403846, 957768, 1101396, 417424, 163080, 616183, 126698, 39.7, 46.5, 1.00
M, 801192, 403810, 957984, 1101447, 417504, 163118, 616251, 126748, 39.7, 46.5, 0.99
M, 801242, 403818, 958469, 1101759, 417563, 163166, 616291, 126761, 39.7, 46.5, 1.01
M, 801447, 403815, 958529, 1101352, 417529, 163129, 616342, 126689, 39.7, 46.5, 1.00
M, 801229, 403769, 958479, 1101378, 417510, 163088, 616347, 126695, 39.7, 46.5, 1.00
M, 800938, 403707, 958369, 1101349, 417537, 163149, 616310, 126708, 39.7, 46.5, 1.00
M, 801077, 403831, 958793, 1101608, 417600, 163197, 616465, 126766, 39.7, 46.5, 1.01
M, 801168, 403775, 958910, 1101418, 417642, 163243, 616518, 126814, 39.7, 46.5, 1.01
M, 801425, 403801, 959396, 1101860, 417710, 163272, 616576, 126782, 39.7, 46.5, 0.99
M, 801330, 403815, 959407, 1101768, 417726, 163260, 616638, 126801, 39.7, 46.5, 1.00
M, 801374, 403731, 959389, 1101556, 417711, 163229, 616571, 126750, 39.7, 46.5, 0.98
M, 802917, 404031, 961917, 1103845, 418028, 163587, 617035, 127038, 39.7, 46.5, 1.01
M, 802456, 404151, 961533, 1103301, 418189, 163629, 617098, 126975, 39.7, 46.5, 1.01
M, 802275, 404036, 961269, 1103025, 418079, 163538, 617064, 126960, 39.7, 46.5, 1.00
M, 801973, 404089, 961059, 1102519, 418019, 163551, 617046, 126804, 39.7, 46.5, 0.98
M, 801682, 403948, 960917, 1102455, 417969, 163465, 616902, 126821, 39.7, 46.5, 1.01
M, 801787, 403865, 960992, 1102442, 417981, 163536, 616902, 126897, 39.7, 46.5, 1.00
M, 801748, 403905, 961164, 1102383, 417962, 163545, 616925, 126819, 39.7, 46.5, 1.00
M, 801556, 403853, 961225, 1102446, 417940, 163598, 616938, 126834, 39.7, 46.5, 1.00
M, 801770, 404028, 961688, 1102760, 418043, 163583, 617018, 126943, 39.7, 46.5, 0.99
M, 801853, 403982, 961918, 1102625, 418118, 163593, 617026, 126854, 39.7, 46.5, 1.00
M, 801603, 403898, 961776, 1102464, 418078, 163534, 617035, 126853, 39.7, 46.5, 1.00
M, 801624, 403972, 962004, 1102648, 418090, 163623, 617169, 126886, 39.7, 46.5, 1.00
M, 801590, 403921, 962131, 1102633, 418092, 163678, 617204, 126874, 39.7, 46.5, 1.00
M, 801671, 403883, 962239, 1102379, 418048, 163579, 617182, 126819, 39.7, 46.5, 1.00
M, 801374, 403793, 961956, 1102080, 418103, 163617, 617172, 126858, 39.7, 46.5, 1.00
M, 801033, 403732, 961471, 1101796, 417978, 163563, 617012, 126793, 39.7, 46.5, 0.99
M, 801298, 403801, 962106, 1102085, 418057, 163605, 617143, 126875, 39.7, 46.5, 1.00
M, 801085, 403726, 962242, 1102095, 418074, 163652, 617215, 126852, 39.7, 46.5, 0.99
M, 801458, 403784, 962782, 1102520, 418191, 163696, 617270, 126870, 39.7, 46.5, 1.01
M, 801608, 403770, 963080, 1102347, 418197, 163726, 617306, 126842, 39.7, 46.5, 1.01
A, 811136, 405119, 976065, 1114333, 420120, 165399, 619552, 128650, 39.7, 46.5, 0.00
A, 821258, 407848, 990998, 1127832, 422677, 167372, 622109, 130334, 39.7, 46.5, 0.58
A, 828003, 409790, 1001429, 1136996, 424180, 168882, 623647, 131467, 39.7, 46.5, 0.74
A, 832985, 411463, 1009430, 1143874, 425365, 170139, 624643, 132225, 39.7, 46.5, 0.84
A, 836543, 413077, 1015882, 1148847, 426245, 171063, 625531, 132783, 39.7, 46.4, 0.91
A, 839281, 414343, 1021049, 1152394, 426954, 171949, 626182, 133240, 39.7, 46.4, 0.94
A, 841031, 415626, 1025656, 1155077, 427562, 172724, 626680, 133503, 39.7, 46.4, 0.96
A, 841503, 416415, 1028456, 1156358, 427803, 173236, 626752, 133736, 39.7, 46.4, 0.97
A, 841790, 417330, 1031266, 1157058, 427992, 173779, 626804, 133821, 39.7, 46.5, 0.98
A, 841664, 417739, 1032944, 1157525, 427975, 174113, 626596, 133820, 39.7, 46.5, 0.99
A, 841448, 418325, 1034996, 1157851, 427997, 174582, 626589, 134024, 39.7, 46.5, 1.00
A, 840867, 418874, 1036490, 1157511, 427911, 174904, 626277, 134026, 39.7, 46.4, 1.00
A, 840214, 419283, 1038030, 1156626, 427729, 175106, 625943, 133984, 39.7, 46.4, 0.99
A, 839060, 419501, 1038726, 1155603, 427498, 175363, 625465, 133914, 39.7, 46.4, 1.00
A, 837804, 419552, 1039377, 1154664, 427167, 175470, 625060, 133916, 39.7, 46.4, 1.00
A, 836881, 419828, 1040100, 1153661, 427022, 175627, 624629, 133953, 39.7, 46.5, 1.00
A, 835827, 419858, 1040985, 1152576, 426585, 175758, 624136, 133924, 39.7, 46.5, 1.00
A, 834821, 419951, 1041790, 1151546, 426282, 175901, 623730, 133914, 39.7, 46.5, 1.00
A, 833515, 419926, 1042215, 1149828, 425930, 175978, 623146, 133868, 39.7, 46.5, 1.00
A, 832092, 419855, 1042434, 1148305, 425506, 176014, 622563, 133781, 39.7, 46.5, 1.00
A, 832501, 420034, 1045081, 1149331, 425466, 176422, 622490, 134084, 39.7, 46.5, 1.01
A, 831252, 420118, 1045498, 1147887, 425201, 176478, 621993, 134047, 39.7, 46.5, 1.00
A, 829883, 419853, 1045242, 1145941, 424685, 176423, 621369, 133909, 39.7, 46.5, 1.01
A, 828707, 419729, 1045617, 1144789, 424323, 176499, 620859, 133922, 39.7, 46.5, 1.00
A, 827063, 419552, 1045481, 1142749, 423808, 176519, 620244, 133761, 39.7, 46.5, 1.00
A, 825681, 419235, 1045015, 1140874, 423352, 176359, 619572, 133648, 39.7, 46.5, 1.00
A, 824335, 418932, 1045082, 1139561, 423013, 176372, 619068, 133550, 39.7, 46.5, 1.01
A, 822848, 418679, 1044817, 1137585, 422439, 176334, 618373, 133511, 39.7, 46.5, 1.00
A, 821589, 418295, 1044632, 1136378, 422079, 176335, 617928, 133559, 39.7, 46.5, 1.01
A, 820129, 417942, 1044337, 1134098, 421519, 176201, 617316, 133364, 39.7, 46.5, 1.00
A, 819187, 417630, 1044357, 1133147, 421151, 176180, 616818, 133337, 39.7, 46.5, 0.99
A, 818284, 417243, 1044282, 1132021, 420822, 176279, 616378, 133384, 39.7, 46.5, 1.00
A, 817397, 417030, 1044425, 1130775, 420488, 176227, 615938, 133269, 39.7, 46.5, 1.00
A, 816313, 416635, 1044404, 1129489, 420085, 176120, 615462, 133268, 39.7, 46.5, 1.00
A, 815786, 416444, 1044932, 1128707, 419913, 176191, 615106, 133305, 39.7, 46.5, 0.99
A, 814943, 416062, 1045124, 1127428, 419528, 176135, 614638, 133249, 39.7, 46.5, 1.00
A, 814024, 415782, 1045104, 1126331, 419123, 176025, 614131, 133178, 39.7, 46.5, 1.00
A, 813070, 415350, 1044883, 1125177, 418820, 176069, 613741, 133112, 39.7, 46.5, 1.00
A, 812405, 415193, 1045179, 1124336, 418530, 176079, 613410, 133161, 39.7, 46.5, 1.00
A, 811629, 414767, 1044988, 1122896, 418129, 175986, 613003, 133032, 39.7, 46.5, 1.00
A, 812575, 414703, 1047633, 1124228, 418204, 176278, 612971, 133417, 39.7, 46.5, 1.01
A, 811546, 414565, 1047120, 1122891, 417933, 176133, 612613, 133197, 39.7, 46.5, 1.00
A, 810723, 414143, 1046800, 1121586, 417595, 176150, 612125, 133190, 39.7, 46.5, 1.00
A, 809924, 413860, 1046960, 1120738, 417257, 176147, 611770, 133169, 39.7, 46.5, 1.00
A, 809080, 413589, 1046779, 1119690, 417010, 176065, 611405, 133163, 39.7, 46.5, 1.01
A, 808501, 413225, 1046752, 1118351, 416662, 175984, 610955, 133070, 39.7, 46.5, 0.99
A, 807508, 412893, 1046324, 1117151, 416334, 175858, 610543, 132949, 39.7, 46.5, 1.00
A, 806834, 412534, 1046305, 1116494, 416064, 175919, 610258, 132977, 39.7, 46.5, 1.00
A, 805672, 412129, 1045270, 1114678, 415691, 175710, 609757, 132816, 39.7, 46.5, 1.00
A, 804954, 411739, 1045200, 1113759, 415367, 175650, 609428, 132862, 39.7, 46.5, 0.99
A, 803999, 411473, 1044955, 1112564, 415136, 175586, 609031, 132774, 39.7, 46.5, 0.99
A, 803536, 411130, 1044798, 1111841, 414838, 175557, 608699, 132758, 39.7, 46.5, 0.99
A, 803325, 410919, 1045246, 1111590, 414635, 175563, 608469, 132817, 39.7, 46.5, 1.01
A, 803029, 410624, 1045386, 1111032, 414451, 175490, 608238, 132763, 39.7, 46.5, 0.99
A, 802433, 410377, 1045315, 1110298, 414227, 175473, 608020, 132742, 39.7, 46.5, 0.99
A, 802391, 410183, 1045966, 1110116, 414082, 175526, 607826, 132806, 39.7, 46.5, 1.01
A, 801925, 409854, 1045902, 1109251, 413904, 175431, 607508, 132656, 39.7, 46.5, 1.00
A, 801406, 409637, 1045721, 1108431, 413680, 175377, 607173, 132687, 39.7, 46.5, 0.99
A, 800911, 409349, 1045342, 1107767, 413415, 175362, 606956, 132721, 39.7, 46.5, 1.00
A, 800777, 409212, 1045972, 1107388, 413293, 175353, 606763, 132740, 39.7, 46.5, 1.00
A, 802132, 409186, 1048551, 1109149, 413412, 175635, 606890, 132967, 39.7, 46.5, 0.99
A, 801659, 409197, 1048555, 1108364, 413342, 175581, 606753, 132898, 39.7, 46.5, 1.00
A, 800846, 408853, 1047921, 1107007, 413026, 175487, 606311, 132763, 39.7, 46.5, 1.00
A, 800042, 408520, 1047389, 1106090, 412758, 175360, 606006, 132720, 39.7, 46.6, 1.00
A, 799551, 408352, 1047217, 1105515, 412627, 175330, 605713, 132737, 39.7, 46.6, 1.00
A, 798871, 408028, 1046950, 1104633, 412303, 175297, 605529, 132701, 39.7, 46.5, 0.99
A, 798812, 407930, 1047182, 1104147, 412193, 175239, 605261, 132630, 39.7, 46.5, 1.00
A, 798161, 407603, 1046632, 1103100, 411892, 175218, 604941, 132573, 39.7, 46.6, 1.00
A, 797540, 407387, 1046200, 1102495, 411713, 175061, 604705, 132563, 39.7, 46.6, 1.00
A, 797189, 407197, 1046289, 1101826, 411620, 175021, 604466, 132476, 39.7, 46.6, 0.98
A, 796732, 406967, 1046100, 1101347, 411362, 175028, 604268, 132495, 39.7, 46.6, 1.00
A, 796140, 406671, 1045617, 1100296, 411199, 174885, 604022, 132460, 39.7, 46.6, 1.00
A, 795823, 406433, 1045694, 1099708, 410994, 174826, 603729, 132420, 39.7, 46.6, 1.00
A, 795647, 406293, 1045808, 1099626, 410830, 174834, 603695, 132417, 39.7, 46.6, 1.00
A, 795390, 406118, 1045828, 1099182, 410706, 174827, 603440, 132366, 39.7, 46.6, 1.00
A, 795174, 405944, 1045599, 1098660, 410586, 174805, 603255, 132501, 39.7, 46.6, 1.00
A, 795214, 405770, 1046271, 1098548, 410526, 174835, 603145, 132493, 39.7, 46.6, 1.00
A, 794922, 405638, 1046411, 1098209, 410359, 174786, 603064, 132511, 39.7, 46.6, 1.00
A, 794605, 405460, 1046180, 1097663, 410189, 174690, 602764, 132440, 39.7, 46.6, 1.01
A, 794289, 405225, 1046022, 1097226, 410028, 174595, 602583, 132408, 39.7, 46.6, 1.00
A, 796126, 405408, 1049212, 1099624, 410357, 174915, 602880, 132726, 39.7, 46.6, 1.01
A, 795685, 405442, 1048891, 1098881, 410291, 174981, 602775, 132653, 39.7, 46.6, 0.99
A, 795503, 405330, 1048976, 1098559, 410231, 174990, 602626, 132667, 39.7, 46.6, 0.99
A, 795093, 405205, 1048762, 1097799, 409946, 174828, 602363, 132553, 39.7, 46.6, 1.00
A, 794541, 404927, 1048256, 1097019, 409767, 174773, 602124, 132531, 39.7, 46.6, 1.00
A, 794353, 404879, 1047929, 1096610, 409686, 174764, 601948, 132488, 39.7, 46.6, 0.99
A, 793866, 404638, 1047901, 1095879, 409475, 174685, 601724, 132461, 39.7, 46.6, 1.00
A, 793370, 404474, 1047665, 1095290, 409290, 174650, 601554, 132415, 39.7, 46.6, 1.00
A, 792858, 404223, 1047142, 1094456, 409161, 174557, 601367, 132332, 39.7, 46.6, 0.99
A, 792810, 404105, 1047405, 1094498, 409098, 174537, 601212, 132328, 39.7, 46.6, 0.99
A, 792092, 403917, 1046613, 1093373, 408853, 174442, 600995, 132278, 39.7, 46.6, 1.00
A, 791691, 403729, 1046503, 1093146, 408685, 174384, 600786, 132267, 39.7, 46.6, 1.01
A, 791470, 403724, 1046278, 1092523, 408532, 174327, 600627, 132225, 39.7, 46.6, 1.00
A, 791300, 403390, 1046150, 1092027, 408411, 174239, 600383, 132175, 39.7, 46.6, 1.01
A, 791152, 403298, 1046479, 1092173, 408282, 174265, 600338, 132268, 39.7, 46.6, 1.00
A, 791114, 403157, 1046328, 1091946, 408198, 174226, 600235, 132245, 39.7, 46.6, 1.01
A, 790938, 402989, 1046552, 1091644, 408148, 174184, 600105, 132220, 39.7, 46.6, 1.00
A, 791112, 403026, 1046962, 1091738, 408191, 174235, 600064, 132241, 39.7, 46.6, 1.00
A, 791065, 402897, 1046800, 1091153, 408018, 174172, 599967, 132179, 39.7, 46.6, 1.00
A, 790627, 402839, 1046500, 1090520, 407903, 174044, 599712, 132234, 39.7, 46.6, 1.00
A, 792063, 402929, 1049079, 1092771, 408103, 174437, 600002, 132456, 39.7, 46.6, 1.00
A, 792093, 403053, 1049330, 1092545, 408174, 174315, 600001, 132461, 39.7, 46.6, 0.99
A, 791716, 402840, 1048800, 1091885, 408028, 174336, 599805, 132444, 39.7, 46.6, 0.99
A, 791642, 402806, 1049128, 1091647, 407992, 174314, 599701, 132439, 39.7, 46.6, 1.00
A, 791159, 402687, 1048817, 1091198, 407802, 174246, 599553, 132346, 39.7, 46.6, 1.00
A, 790663, 402486, 1048149, 1090429, 407601, 174187, 599288, 132255, 39.7, 46.6, 1.00
A, 790645, 402425, 1048388, 1090424, 407561, 174101, 599205, 132291, 39.7, 46.6, 1.00
A, 790318, 402281, 1048209, 1090009, 407426, 174063, 599051, 132235, 39.7, 46.6, 1.00
A, 790136, 402307, 1048324, 1089875, 407354, 174082, 599016, 132255, 39.7, 46.6, 1.00
A, 790155, 402219, 1048077, 1089204, 407200, 174062, 598907, 132171, 39.7, 46.6, 1.00
A, 789598, 402067, 1047889, 1088792, 407146, 173946, 598692, 132130, 39.7, 46.6, 1.00
A, 789112, 401884, 1047266, 1088161, 407002, 173868, 598419, 132140, 39.7, 46.6, 0.99
A, 789016, 401715, 1047161, 1087968, 406861, 173836, 598299, 132115, 39.7, 46.6, 1.00
A, 788552, 401638, 1046885, 1087239, 406825, 173748, 598166, 132050, 39.7, 46.6, 1.00
A, 788347, 401442, 1046670, 1086916, 406632, 173734, 598011, 132015, 39.7, 46.6, 1.00
A, 788538, 401436, 1047112, 1087096, 406570, 173719, 598005, 132064, 39.7, 46.6, 0.99
A, 788502, 401302, 1047123, 1086986, 406584, 173622, 597899, 132084, 39.7, 46.6, 1.00
A, 788329, 401230, 1047111, 1086825, 406475, 173689, 597842, 132086, 39.7, 46.6, 1.00
A, 788469, 401241, 1047590, 1087072, 406496, 173722, 597812, 132126, 39.7, 46.6, 1.00
A, 788562, 401180, 1047549, 1086605, 406429, 173615, 597705, 132053, 39.7, 46.6, 1.00
A, 790153, 401356, 1050181, 1088692, 406638, 173949, 597964, 132398, 39.7, 46.6, 1.00
A, 789903, 401391, 1050018, 1088443, 406648, 173933, 597997, 132371, 39.7, 46.6, 0.99
A, 789025, 401312, 1048808, 1087357, 406420, 173723, 597678, 132181, 39.7, 46.6, 1.00
A, 788755, 401127, 1048705, 1086881, 406282, 173664, 597585, 132192, 39.7, 46.6, 1.01
A, 788761, 401133, 1048916, 1086941, 406272, 173722, 597469, 132180, 39.7, 46.6, 0.99
A, 788570, 401042, 1048667, 1086300, 406164, 173581, 597351, 132161, 39.7, 46.6, 1.00
A, 788131, 400897, 1048394, 1085917, 405981, 173609, 597220, 132148, 39.7, 46.6, 1.00
A, 787789, 400722, 1047964, 1085532, 405838, 173444, 597073, 131989, 39.7, 46.6, 0.99
A, 787888, 400700, 1048328, 1085679, 405833, 173501, 597089, 132106, 39.7, 46.6, 0.99
A, 787646, 400620, 1047985, 1085172, 405757, 173417, 596909, 132076, 39.7, 46.6, 1.00
A, 787778, 400646, 1048191, 1085038, 405790, 173464, 596886, 132091, 39.7, 46.6, 1.02
A, 787390, 400489, 1048055, 1084810, 405637, 173439, 596793, 132056, 39.7, 46.6, 1.00
A, 786993, 400513, 1047494, 1084029, 405610, 173326, 596653, 131982, 39.7, 46.6, 0.99
A, 786920, 400320, 1047433, 1084135, 405437, 173305, 596517, 132003, 39.7, 46.6, 1.00
A, 786975, 400203, 1047784, 1084236, 405484, 173365, 596506, 132066, 39.7, 46.6, 0.99
A, 786731, 400249, 1047712, 1084150, 405364, 173261, 596462, 132074, 39.7, 46.6, 1.00
A, 787034, 400163, 1048116, 1084184, 405405, 173285, 596384, 132023, 39.7, 46.6, 1.00
A, 786967, 400124, 1047940, 1083731, 405333, 173198, 596343, 131995, 39.7, 46.6, 1.00
A, 786547, 399978, 1047746, 1083739, 405286, 173168, 596201, 132038, 39.7, 46.6, 1.00
A, 786938, 400062, 1048029, 1083790, 405186, 173266, 596277, 132086, 39.7, 46.7, 1.00
A, 788553, 400290, 1050774, 1085989, 405536, 173570, 596553, 132405, 39.7, 46.7, 1.00
A, 788565, 400359, 1050913, 1085812, 405557, 173591, 596564, 132349, 39.7, 46.7, 1.00
A, 788358, 400399, 1050550, 1085134, 405512, 173416, 596400, 132199, 39.7, 46.7, 1.00
A, 787741, 400116, 1049955, 1084455, 405263, 173348, 596210, 132125, 39.7, 46.7, 1.00
A, 787581, 400265, 1049874, 1084485, 405256, 173334, 596138, 132183, 39.7, 46.7, 1.00
A, 787213, 400107, 1049504, 1083973, 405186, 173333, 596035, 132104, 39.7, 46.6, 0.99
A, 787246, 400041, 1049649, 1083969, 405119, 173305, 595967, 132171, 39.7, 46.6, 1.00
A, 786983, 400053, 1049538, 1083546, 405003, 173259, 595839, 132162, 39.7, 46.7, 1.00
A, 787049, 399980, 1049837, 1083707, 405068, 173227, 595880, 132145, 39.7, 46.7, 1.00
A, 786828, 399951, 1049312, 1083247, 404889, 173090, 595692, 132043, 39.7, 46.7, 1.00
A, 786805, 399901, 1049596, 1083257, 404868, 173198, 595677, 132108, 39.7, 46.7, 1.00
A, 786109, 399701, 1048727, 1082215, 404721, 172955, 595392, 131956, 39.7, 46.7, 1.00
A, 786025, 399661, 1048401, 1081873, 404584, 172906, 595329, 131982, 39.7, 46.7, 1.00
A, 785474, 399576, 1047999, 1081415, 404509, 172880, 595170, 131875, 39.7, 46.7, 1.00
A, 785388, 399358, 1047942, 1081452, 404396, 172838, 595022, 131851, 39.7, 46.7, 1.00
A, 785559, 399428, 1048093, 1081422, 404452, 172897, 595079, 131981, 39.7, 46.7, 1.00
A, 785549, 399312, 1048233, 1081379, 404394, 172839, 595032, 131942, 39.7, 46.7, 1.01
A, 785545, 399355, 1048278, 1081211, 404358, 172785, 594940, 131921, 39.7, 46.7, 1.00
A, 785276, 399194, 1048151, 1081146, 404275, 172838, 594905, 131906, 39.7, 46.7, 1.00
A, 785680, 399238, 1048662, 1081310, 404304, 172799, 594951, 131973, 39.7, 46.7, 1.00
A, 787362, 399463, 1051498, 1083549, 404645, 173076, 595313, 132314, 39.7, 46.7, 0.99
A, 787379, 399658, 1051448, 1083429, 404687, 173165, 595315, 132220, 39.7, 46.7, 1.00
A, 786903, 399568, 1050995, 1082902, 404559, 173082, 595176, 132190, 39.7, 46.7, 1.00
A, 786491, 399391, 1050379, 1082157, 404464, 172892, 594997, 132052, 39.7, 46.7, 1.00
A, 786121, 399333, 1049921, 1081609, 404309, 172869, 594818, 132019, 39.7, 46.7, 1.00
A, 785832, 399303, 1049898, 1081663, 404257, 172875, 594780, 132044, 39.7, 46.7, 1.00
A, 785596, 399223, 1049514, 1081332, 404174, 172791, 594673, 131991, 39.7, 46.7, 1.00
A, 785775, 399201, 1049857, 1081369, 404123, 172819, 594651, 132002, 39.7, 46.7, 1.00
A, 785690, 399108, 1049802, 1081193, 404090, 172780, 594592, 132016, 39.7, 46.7, 1.00
A, 785538, 399146, 1049463, 1080664, 404008, 172742, 594558, 131900, 39.7, 46.7, 1.00
A, 785217, 398984, 1049268, 1080238, 403974, 172647, 594376, 131939, 39.7, 46.7, 1.00
A, 785115, 398971, 1049380, 1080546, 403866, 172635, 594365, 131960, 39.7, 46.7, 1.00
A, 784649, 398849, 1048617, 1079713, 403775, 172511, 594311, 131922, 39.7, 46.7, 1.00
A, 784581, 398757, 1048610, 1079716, 403649, 172536, 594178, 131928, 39.7, 46.7, 1.00
A, 784364, 398762, 1048477, 1079336, 403699, 172508, 594100, 131839, 39.7, 46.7, 1.00
A, 784119, 398596, 1048342, 1079098, 403539, 172377, 594020, 131821, 39.7, 46.7, 1.01
A, 784188, 398584, 1048238, 1078965, 403489, 172419, 593939, 131789, 39.7, 46.7, 1.00
A, 784078, 398488, 1048173, 1078875, 403432, 172373, 593845, 131802, 39.7, 46.7, 1.00
A, 783583, 398365, 1047473, 1078379, 403288, 172291, 593706, 131783, 39.7, 46.7, 1.00
A, 783872, 398382, 1048206, 1078909, 403385, 172392, 593815, 131860, 39.7, 46.7, 1.00
A, 786369, 398774, 1051634, 1081418, 403867, 172617, 594296, 132201, 39.7, 46.7, 1.00
A, 785981, 398842, 1051223, 1081008, 403800, 172604, 594234, 132062, 39.7, 46.7, 1.01
A, 785339, 398742, 1050541, 1080442, 403652, 172520, 594124, 132027, 39.7, 46.7, 1.00
A, 785047, 398643, 1049720, 1079903, 403570, 172452, 593935, 131959, 39.7, 46.7, 1.00
A, 785148, 398643, 1050196, 1080104, 403581, 172498, 593966, 132035, 39.7, 46.7, 0.99
A, 784863, 398578, 1050061, 1079874, 403497, 172409, 593876, 131943, 39.7, 46.7, 1.00
A, 785263, 398696, 1050476, 1079949, 403516, 172408, 593880, 132004, 39.7, 46.7, 1.00
A, 784343, 398506, 1049418, 1079128, 403424, 172275, 593644, 131874, 39.7, 46.7, 1.00
A, 784629, 398497, 1049733, 1079348, 403385, 172389, 593706, 131888, 39.7, 46.7, 0.99
A, 784439, 398487, 1049627, 1079165, 403336, 172307, 593636, 131883, 39.7, 46.7, 0.99
A, 784780, 398467, 1049870, 1079158, 403330, 172268, 593551, 131893, 39.7, 46.7, 1.01
A, 784377, 398361, 1049491, 1078705, 403283, 172243, 593535, 131832, 39.7, 46.7, 0.99
A, 784351, 398313, 1049635, 1078939, 403223, 172234, 593455, 131908, 39.7, 46.7, 1.00
A, 784044, 398375, 1049096, 1078249, 403194, 172140, 593464, 131817, 39.7, 46.7, 1.00
A, 783928, 398272, 1049078, 1078332, 403045, 172202, 593340, 131848, 39.7, 46.7, 1.02
A, 783730, 398257, 1048519, 1077847, 403075, 172056, 593278, 131845, 39.7, 46.7, 1.00
A, 783759, 398158, 1048554, 1077668, 403005, 172005, 593204, 131784, 39.7, 46.7, 1.00
A, 783946, 398209, 1049041, 1078250, 402958, 172081, 593258, 131803, 39.7, 46.7, 1.00
A, 783889, 398200, 1049134, 1078174, 402952, 172001, 593254, 131843, 39.7, 46.7, 1.00
A, 783771, 398121, 1049019, 1078062, 402953, 171998, 593203, 131909, 39.7, 46.7, 1.00
A, 785980, 398482, 1052185, 1080690, 403454, 172472, 593653, 132254, 39.7, 46.7, 0.99
A, 785887, 398596, 1052087, 1080277, 403433, 172356, 593659, 132129, 39.7, 46.7, 1.00
A, 785262, 398562, 1051340, 1079585, 403357, 172284, 593489, 132085, 39.7, 46.7, 1.00
A, 785120, 398496, 1051062, 1079286, 403196, 172227, 593355, 131957, 39.7, 46.7, 1.00
A, 785142, 398451, 1051227, 1079487, 403233, 172191, 593379, 132021, 39.7, 46.7, 1.00
A, 784785, 398472, 1050827, 1079089, 403056, 172188, 593221, 131988, 39.7, 46.7, 1.00
A, 784735, 398438, 1050975, 1079234, 403087, 172174, 593254, 132062, 39.7, 46.7, 1.01
A, 784809, 398355, 1050880, 1078918, 403024, 172150, 593188, 131996, 39.7, 46.7, 1.00
A, 784432, 398274, 1050566, 1078581, 403023, 172079, 593095, 131909, 39.7, 46.7, 1.00
A, 784397, 398291, 1050542, 1078609, 402894, 172085, 593112, 131979, 39.7, 46.7, 1.00
A, 784321, 398291, 1050267, 1078428, 402921, 172049, 593097, 131985, 39.7, 46.7, 1.00
A, 784127, 398239, 1050165, 1078097, 402824, 172001, 592884, 131904, 39.7, 46.7, 1.00
A, 784297, 398361, 1050481, 1078183, 402968, 172033, 593042, 131932, 39.7, 46.7, 1.00
A, 784074, 398238, 1050254, 1077858, 402773, 171916, 592916, 131894, 39.7, 46.7, 0.99
A, 783898, 398241, 1050006, 1077624, 402855, 171922, 592809, 131858, 39.7, 46.7, 0.99
A, 783472, 397965, 1049525, 1077304, 402650, 171917, 592719, 131774, 39.7, 46.7, 1.00
A, 783833, 398058, 1049921, 1077713, 402684, 171891, 592792, 131867, 39.7, 46.7, 0.99
A, 783866, 398128, 1049967, 1077586, 402663, 171850, 592717, 131944, 39.7, 46.7, 1.00
A, 783784, 398093, 1050093, 1077701, 402690, 171876, 592734, 131868, 39.7, 46.7, 1.00
A, 783658, 398020, 1049962, 1077361, 402564, 171823, 592660, 131856, 39.7, 46.7, 1.00
A, 785422, 398227, 1052530, 1079481, 402819, 172120, 593037, 132165, 39.7, 46.7, 1.00
A, 785444, 398368, 1052692, 1079592, 403045, 172122, 593018, 132111, 39.7, 46.7, 1.00
A, 785086, 398349, 1052145, 1079129, 402914, 172064, 593004, 132143, 39.7, 46.7, 1.00
A, 784953, 398261, 1052214, 1079094, 402857, 172045, 592852, 132091, 39.7, 46.7, 1.00
A, 784937, 398370, 1052179, 1078843, 402804, 171963, 592862, 132023, 39.7, 46.7, 1.00
A, 784489, 398259, 1051696, 1078349, 402743, 171934, 592732, 131997, 39.7, 46.7, 1.00
A, 784309, 398237, 1051585, 1078328, 402696, 171929, 592753, 132070, 39.7, 46.7, 1.00
A, 784187, 398119, 1051117, 1078058, 402654, 171884, 592627, 131996, 39.7, 46.7, 1.00
A, 784283, 398169, 1051535, 1078132, 402640, 171910, 592631, 132016, 39.7, 46.7, 1.00
A, 784129, 398165, 1051362, 1077994, 402584, 171951, 592611, 132030, 39.7, 46.7, 1.01
A, 784319, 398147, 1051643, 1077945, 402629, 171892, 592613, 131977, 39.7, 46.7, 1.00
A, 783951, 398098, 1051323, 1077666, 402589, 171756, 592479, 131921, 39.7, 46.7, 1.00
A, 783934, 398038, 1051415, 1077754, 402583, 171863, 592460, 131989, 39.7, 46.7, 1.00
A, 783616, 398077, 1050609, 1077101, 402510, 171783, 592389, 131870, 39.7, 46.8, 1.01
A, 783515, 397946, 1050610, 1076808, 402364, 171670, 592283, 131817, 39.7, 46.8, 1.00
A, 783021, 397930, 1050133, 1076442, 402320, 171678, 592205, 131819, 39.7, 46.8, 1.00
A, 782900, 397743, 1050104, 1076350, 402240, 171597, 592157, 131837, 39.7, 46.8, 1.00
A, 783095, 397756, 1050455, 1076590, 402159, 171666, 592157, 131898, 39.7, 46.8, 1.00
A, 783255, 397772, 1050567, 1076698, 402189, 171603, 592108, 131915, 39.7, 46.7, 1.01
A, 783122, 397746, 1050185, 1076355, 402223, 171486, 592160, 131811, 39.7, 46.7, 1.00
A, 784400, 397958, 1052649, 1078430, 402444, 171900, 592423, 132185, 39.7, 46.8, 1.00
A, 784824, 398146, 1053053, 1078476, 402606, 171829, 592516, 132076, 39.7, 46.8, 1.00
A, 784420, 398029, 1052530, 1078051, 402437, 171782, 592368, 131986, 39.7, 46.8, 1.01
A, 783563, 397912, 1051401, 1077152, 402269, 171698, 592249, 131945, 39.7, 46.8, 1.00
A, 783864, 397945, 1051538, 1077368, 402354, 171698, 592245, 131931, 39.7, 46.8, 1.00
A, 783631, 397887, 1051421, 1076913, 402268, 171632, 592152, 131883, 39.7, 46.8, 1.00
A, 783101, 397756, 1050777, 1076296, 402100, 171564, 592009, 131869, 39.7, 46.8, 0.99
A, 783165, 397756, 1050913, 1076484, 402101, 171576, 591998, 131872, 39.7, 46.8, 1.00
A, 783130, 397750, 1050946, 1076467, 402087, 171474, 591959, 131837, 39.7, 46.8, 1.00
A, 783244, 397634, 1051137, 1076568, 402124, 171568, 591952, 131952, 39.7, 46.8, 0.99
A, 783134, 397686, 1051104, 1076570, 402071, 171516, 591985, 131947, 39.7, 46.8, 1.00
A, 783520, 397790, 1051482, 1076714, 402141, 171407, 592002, 131902, 39.7, 46.8, 1.00
A, 783341, 397695, 1051180, 1076280, 402109, 171456, 591927, 131838, 39.7, 46.8, 1.00
A, 783075, 397606, 1051144, 1076480, 402037, 171486, 591920, 131890, 39.7, 46.8, 1.00
A, 782741, 397578, 1050564, 1075672, 401966, 171337, 591806, 131776, 39.7, 46.8, 1.00
A, 782614, 397470, 1050412, 1075785, 401855, 171323, 591715, 131810, 39.7, 46.8, 1.00
A, 782521, 397544, 1050003, 1075434, 401841, 171286, 591700, 131752, 39.7, 46.8, 1.00
A, 782570, 397415, 1050127, 1075294, 401800, 171259, 591601, 131789, 39.7, 46.8, 1.00
A, 782678, 397436, 1050607, 1075825, 401853, 171352, 591686, 131832, 39.7, 46.8, 1.01
A, 782771, 397427, 1050718, 1075880, 401863, 171340, 591733, 131877, 39.7, 46.8, 1.00
A, 784481, 397659, 1053128, 1078013, 402269, 171649, 592032, 132217, 39.7, 46.8, 1.01
A, 784795, 397924, 1053457, 1078106, 402347, 171679, 592225, 132163, 39.7, 46.8, 1.00
A, 784593, 397995, 1053317, 1077779, 402248, 171636, 592063, 132083, 39.7, 46.8, 1.01
A, 784018, 397860, 1052791, 1077272, 402140, 171541, 591986, 132040, 39.7, 46.8, 1.00
A, 783794, 397760, 1052517, 1077008, 402123, 171541, 591866, 131964, 39.7, 46.8, 1.01
A, 783712, 397854, 1052328, 1076916, 402022, 171464, 591870, 131970, 39.7, 46.8, 1.01
A, 783385, 397722, 1052063, 1076514, 402025, 171452, 591708, 131962, 39.7, 46.8, 0.99
A, 783159, 397644, 1051894, 1076517, 401971, 171471, 591736, 131952, 39.7, 46.8, 1.00
A, 783355, 397656, 1052027, 1076434, 401956, 171376, 591711, 131893, 39.7, 46.8, 1.00
A, 783125, 397601, 1051655, 1076130, 401824, 171296, 591573, 131819, 39.6, 46.8, 1.00
A, 782861, 397532, 1051354, 1075955, 401791, 171285, 591581, 131866, 39.6, 46.8, 1.00
A, 783120, 397552, 1051652, 1076157, 401785, 171327, 591563, 131893, 39.7, 46.8, 0.98
A, 783039, 397555, 1051640, 1075873, 401795, 171254, 591527, 131885, 39.7, 46.8, 0.99
A, 782466, 397529, 1051055, 1075313, 401719, 171233, 591407, 131829, 39.7, 46.8, 1.00
A, 782432, 397450, 1050962, 1075212, 401646, 171154, 591413, 131860, 39.7, 46.8, 1.00
A, 782353, 397468, 1050861, 1075140, 401666, 171170, 591371, 131802, 39.6, 46.8, 1.01
A, 782327, 397310, 1050771, 1075194, 401611, 171125, 591327, 131849, 39.6, 46.8, 0.99
A, 782186, 397299, 1050512, 1074770, 401594, 171036, 591356, 131764, 39.6, 46.8, 1.00
A, 782108, 397195, 1050461, 1074692, 401485, 171062, 591242, 131713, 39.6, 46.8, 1.00
A, 782191, 397192, 1050789, 1075074, 401586, 171035, 591328, 131864, 39.6, 46.8, 1.00
A, 784129, 397512, 1053644, 1077574, 401913, 171411, 591723, 132189, 39.7, 46.8, 1.00
A, 784157, 397630, 1053466, 1077092, 401977, 171332, 591711, 132110, 39.7, 46.8, 0.99
A, 784139, 397737, 1053552, 1077200, 401960, 171363, 591757, 132061, 39.6, 46.8, 1.00
A, 783842, 397681, 1052841, 1076600, 401919, 171282, 591657, 132010, 39.6, 46.8, 1.00
A, 783485, 397647, 1052449, 1076114, 401853, 171243, 591564, 131950, 39.6, 46.8, 1.00
A, 782991, 397436, 1052202, 1075886, 401717, 171164, 591316, 131890, 39.6, 46.8, 1.00
A, 783000, 397456, 1052235, 1075974, 401714, 171158, 591385, 131850, 39.6, 46.8, 1.00
A, 782819, 397457, 1051742, 1075648, 401616, 171112, 591320, 131892, 39.6, 46.8, 1.00
A, 783057, 397492, 1052300, 1075903, 401681, 171210, 591382, 131971, 39.7, 46.8, 1.00
A, 783057, 397483, 1052346, 1075740, 401684, 171160, 591313, 131921, 39.7, 46.8, 0.99
A, 782747, 397440, 1052032, 1075490, 401675, 171070, 591273, 131915, 39.7, 46.8, 1.00
A, 782822, 397464, 1052136, 1075579, 401658, 171127, 591250, 131960, 39.7, 46.8, 1.01
A, 782676, 397410, 1051974, 1075553, 401594, 171100, 591228, 131894, 39.7, 46.8, 1.00
A, 782791, 397389, 1052152, 1075609, 401582, 171152, 591291, 131937, 39.7, 46.8, 0.99
A, 782893, 397463, 1051954, 1075247, 401611, 171038, 591238, 131852, 39.6, 46.8, 1.00
A, 782673, 397384, 1052053, 1075347, 401573, 170955, 591158, 131810, 39.6, 46.8, 0.99
A, 782246, 397335, 1051489, 1074942, 401535, 170998, 591152, 131895, 39.7, 46.8, 1.00
A, 782258, 397241, 1051275, 1074895, 401428, 170984, 591074, 131843, 39.7, 46.8, 1.01
A, 782516, 397267, 1051937, 1075276, 401466, 170961, 591162, 131909, 39.7, 46.8, 1.00
A, 782718, 397276, 1052075, 1075347, 401412, 171054, 591163, 131908, 39.6, 46.8, 0.99
A, 784766, 397676, 1055063, 1077928, 401956, 171304, 591636, 132218, 39.6, 46.8, 1.00
A, 784403, 397724, 1054535, 1077104, 401941, 171283, 591577, 132139, 39.7, 46.8, 1.00
A, 783843, 397628, 1054016, 1076779, 401771, 171176, 591369, 131997, 39.7, 46.8, 1.00
A, 783467, 397570, 1053495, 1076390, 401668, 171121, 591400, 131973, 39.7, 46.8, 1.00
A, 783312, 397488, 1053112, 1076079, 401613, 171136, 591273, 132015, 39.7, 46.8, 0.99
A, 783432, 397546, 1053457, 1076172, 401609, 171173, 591340, 132024, 39.7, 46.8, 1.00
A, 783217, 397507, 1053394, 1076024, 401565, 171059, 591247, 131986, 39.7, 46.8, 1.00
A, 782874, 397486, 1052992, 1075706, 401543, 171022, 591179, 131922, 39.7, 46.8, 1.01
A, 782857, 397495, 1052825, 1075345, 401508, 170948, 591105, 131885, 39.7, 46.8, 1.00
A, 782601, 397354, 1052547, 1075244, 401378, 170956, 591019, 131923, 39.7, 46.8, 1.00
A, 782789, 397345, 1052422, 1075107, 401458, 170942, 591043, 131843, 39.7, 46.8, 1.00
A, 782462, 397300, 1051953, 1074632, 401331, 170841, 590943, 131854, 39.7, 46.8, 0.99
A, 782157, 397259, 1052082, 1074743, 401305, 170843, 590873, 131791, 39.7, 46.8, 1.00
A, 782347, 397259, 1052323, 1074973, 401347, 170815, 590854, 131905, 39.7, 46.8, 1.00
A, 782251, 397197, 1051982, 1074756, 401257, 170842, 590912, 131934, 39.7, 46.8, 1.01
A, 782419, 397196, 1052301, 1074802, 401304, 170815, 590923, 131848, 39.7, 46.8, 1.00
A, 782173, 397136, 1052041, 1074488, 401320, 170814, 590855, 131835, 39.7, 46.8, 1.00
A, 781955, 397171, 1051532, 1074168, 401211, 170672, 590830, 131784, 39.6, 46.8, 0.98
A, 781869, 397080, 1051627, 1074152, 401186, 170707, 590721, 131788, 39.6, 46.8, 1.01
A, 782000, 397048, 1051909, 1074464, 401199, 170755, 590724, 131839, 39.6, 46.8, 1.00
A, 784011, 397378, 1054887, 1077013, 401564, 171125, 591254, 132231, 39.6, 46.8, 0.99
A, 783898, 397628, 1054560, 1076426, 401700, 170997, 591248, 132109, 39.6, 46.8, 1.00
A, 783536, 397494, 1053967, 1076008, 401471, 170913, 591119, 132001, 39.6, 46.8, 1.01
A, 783048, 397423, 1053507, 1075696, 401407, 170948, 591030, 131985, 39.6, 46.8, 1.00
A, 782963, 397378, 1053505, 1075693, 401439, 170873, 590948, 131994, 39.6, 46.8, 1.00
A, 782852, 397449, 1053260, 1075205, 401347, 170911, 590912, 132001, 39.6, 46.8, 1.00
A, 782943, 397433, 1053447, 1075566, 401383, 170855, 590939, 131987, 39.6, 46.8, 1.00
A, 782666, 397430, 1053020, 1075039, 401294, 170797, 590875, 131936, 39.6, 46.8, 1.00
A, 782582, 397301, 1052711, 1074711, 401254, 170748, 590802, 131871, 39.6, 46.8, 1.00
A, 782556, 397279, 1052858, 1074944, 401307, 170776, 590810, 131919, 39.6, 46.8, 1.00
A, 782313, 397186, 1052779, 1074889, 401198, 170698, 590756, 131901, 39.6, 46.8, 1.00
A, 782481, 397211, 1052746, 1074961, 401244, 170764, 590809, 131969, 39.6, 46.8, 1.00
A, 782561, 397265, 1052880, 1074934, 401216, 170840, 590773, 131956, 39.7, 46.8, 1.00
A, 782518, 397197, 1052986, 1074927, 401216, 170666, 590747, 131937, 39.7, 46.8, 1.00
A, 782109, 397193, 1052528, 1074522, 401139, 170713, 590645, 131832, 39.7, 46.8, 1.00
A, 782116, 397173, 1052420, 1074292, 401100, 170610, 590657, 131872, 39.7, 46.8, 1.00
A, 782007, 397128, 1052265, 1074267, 401161, 170652, 590647, 131835, 39.6, 46.8, 1.00
A, 781880, 397055, 1052110, 1074174, 401118, 170653, 590545, 131923, 39.6, 46.8, 0.99
A, 781928, 397148, 1052101, 1074071, 401118, 170519, 590612, 131836, 39.6, 46.8, 1.00
A, 781764, 397011, 1051963, 1073886, 401004, 170501, 590480, 131794, 39.6, 46.8, 1.00
A, 783587, 397316, 1054836, 1076491, 401357, 170924, 590935, 132206, 39.6, 46.8, 1.00
A, 783489, 397407, 1054635, 1076219, 401439, 170860, 591004, 132114, 39.7, 46.8, 1.00
A, 783233, 397369, 1054214, 1075691, 401341, 170855, 590835, 132105, 39.7, 46.8, 1.00
A, 783284, 397397, 1054403, 1075994, 401341, 170871, 590823, 132101, 39.6, 46.8, 1.00
A, 783137, 397363, 1053939, 1075642, 401277, 170787, 590815, 132008, 39.6, 46.8, 1.00
A, 782764, 397293, 1053513, 1075091, 401219, 170735, 590685, 131925, 39.7, 46.8, 1.00
A, 782439, 397224, 1053225, 1074880, 401078, 170678, 590653, 131932, 39.7, 46.8, 1.00
A, 782518, 397198, 1053493, 1074969, 401186, 170701, 590637, 131964, 39.6, 46.8, 1.00
A, 782482, 397125, 1053275, 1074457, 401193, 170642, 590632, 131949, 39.6, 46.8, 1.00
A, 782229, 397106, 1052983, 1074365, 401100, 170609, 590486, 131857, 39.7, 46.8, 1.00
A, 782179, 397103, 1053082, 1074593, 401026, 170557, 590498, 131881, 39.7, 46.8, 1.00
A, 781909, 397098, 1052762, 1074386, 400975, 170541, 590469, 131900, 39.6, 46.8, 1.00
A, 782291, 397100, 1053222, 1074537, 401060, 170601, 590497, 131910, 39.6, 46.8, 1.00
A, 782140, 397085, 1053150, 1074590, 400982, 170586, 590478, 131913, 39.7, 46.8, 1.00
A, 782181, 397086, 1052875, 1074362, 401030, 170568, 590556, 131861, 39.7, 46.8, 1.00
A, 781949, 396986, 1052721, 1073944, 400970, 170557, 590417, 131828, 39.6, 46.8, 1.01
A, 781813, 397021, 1052583, 1074029, 400880, 170480, 590438, 131802, 39.6, 46.8, 1.00
A, 781529, 396984, 1052373, 1073681, 400924, 170480, 590433, 131831, 39.7, 46.8, 1.00
A, 781562, 396855, 1052033, 1073760, 400882, 170382, 590333, 131778, 39.7, 46.8, 1.00
A, 782108, 397008, 1052976, 1074225, 401023, 170488, 590511, 131858, 39.6, 46.8, 1.00
M, 780112, 396738, 1049074, 1070398, 400710, 169808, 589974, 131092, 39.6, 46.8, 0.11
M, 769591, 394505, 1033855, 1057678, 397897, 167920, 586490, 129334, 39.7, 46.8, 0.58
M, 762451, 392295, 1022810, 1048451, 395732, 166485, 583967, 128142, 39.7, 46.8, 0.73
M, 754957, 390179, 1010640, 1038780, 393855, 164894, 582078, 126940, 39.7, 46.8, 0.84
M, 751238, 389096, 1004252, 1033788, 393031, 163878, 581699, 126386, 39.7, 46.8, 0.88
M, 748250, 388308, 997621, 1029331, 392535, 163002, 581553, 125840, 39.7, 46.8, 0.93
M, 746070, 387761, 991562, 1025505, 392191, 162070, 581597, 125302, 39.7, 46.7, 0.96
M, 744712, 387323, 985879, 1022227, 391997, 161243, 581612, 124792, 39.7, 46.7, 0.98
M, 743991, 386993, 981266, 1020243, 391940, 160626, 581705, 124547, 39.7, 46.7, 0.98
M, 744030, 386814, 977917, 1019361, 391886, 160154, 581818, 124320, 39.7, 46.7, 0.98
M, 744575, 386710, 975300, 1019154, 391947, 159757, 582134, 124142, 39.7, 46.6, 0.99
M, 745431, 386476, 973188, 1019211, 392002, 159411, 582300, 124097, 39.7, 46.6, 1.00
M, 746838, 386467, 971783, 1020174, 392247, 159253, 582682, 124086, 39.7, 46.6, 1.00
M, 748227, 386361, 969979, 1020924, 392400, 158881, 582965, 123934, 39.7, 46.6, 1.00
M, 749514, 386157, 968478, 1021769, 392488, 158720, 583248, 123952, 39.7, 46.6, 0.98
M, 750846, 386025, 967851, 1023333, 392679, 158596, 583511, 123954, 39.7, 46.6, 1.00
M, 752204, 385976, 967027, 1024714, 392869, 158492, 583914, 123950, 39.7, 46.6, 1.00
M, 753368, 385770, 966265, 1025899, 393004, 158449, 584134, 124071, 39.7, 46.6, 1.00
M, 755127, 385835, 966246, 1027771, 393403, 158434, 584689, 124086, 39.7, 46.5, 1.00
M, 756667, 385744, 966006, 1029477, 393731, 158370, 585142, 124120, 39.7, 46.5, 1.01
M, 759428, 385904, 968079, 1033080, 394286, 158600, 585952, 124412, 39.7, 46.5, 1.00
M, 760782, 386123, 967911, 1034455, 394668, 158605, 586376, 124389, 39.7, 46.5, 1.00
M, 761612, 386022, 966996, 1035522, 394952, 158568, 586751, 124415, 39.7, 46.5, 1.00
M, 762186, 385938, 966583, 1036549, 395073, 158529, 587009, 124441, 39.7, 46.5, 1.00
M, 763343, 386042, 966111, 1037943, 395466, 158511, 587589, 124411, 39.7, 46.5, 1.00
M, 763940, 385955, 965911, 1038782, 395656, 158465, 587806, 124440, 39.7, 46.5, 1.00
M, 764890, 386022, 966137, 1040370, 395962, 158545, 588287, 124547, 39.7, 46.5, 1.00
M, 765923, 386110, 966186, 1041731, 396256, 158611, 588805, 124607, 39.7, 46.5, 1.00
M, 766802, 386177, 966250, 1042751, 396633, 158563, 589217, 124666, 39.7, 46.5, 1.00
M, 767970, 386399, 966723, 1044519, 396998, 158740, 589754, 124718, 39.7, 46.5, 1.01
M, 768934, 386456, 966575, 1045753, 397360, 158797, 590274, 124775, 39.7, 46.5, 1.00
M, 769591, 386599, 966551, 1046733, 397692, 158815, 590589, 124789, 39.7, 46.5, 1.00
M, 770342, 386762, 966987, 1048152, 398044, 158916, 591111, 124868, 39.7, 46.5, 1.00
M, 771153, 386867, 967145, 1049238, 398330, 158900, 591537, 124926, 39.7, 46.5, 1.00
M, 772209, 387149, 967573, 1050460, 398779, 158996, 592044, 124957, 39.7, 46.5, 1.00
M, 772652, 387255, 967342, 1051247, 399000, 158987, 592407, 124955, 39.7, 46.5, 1.00
M, 773303, 387493, 967673, 1052585, 399397, 159033, 592839, 125041, 39.7, 46.5, 1.00
M, 773847, 387610, 967641, 1053431, 399675, 159159, 593210, 125075, 39.7, 46.5, 1.00
M, 774727, 387865, 968173, 1054463, 399925, 159191, 593663, 125176, 39.7, 46.5, 0.99
M, 775358, 388026, 968418, 1055601, 400291, 159282, 594081, 125163, 39.7, 46.5, 1.01
M, 778098, 388612, 971183, 1058977, 401032, 159574, 594990, 125502, 39.7, 46.5, 1.00
M, 777801, 388839, 970201, 1058647, 401250, 159531, 595213, 125360, 39.7, 46.5, 1.00
M, 778186, 389021, 970426, 1059676, 401502, 159609, 595565, 125365, 39.7, 46.5, 1.00
M, 778002, 389199, 969139, 1059242, 401673, 159493, 595851, 125272, 39.7, 46.5, 1.00
M, 777959, 389223, 968831, 1059758, 401707, 159534, 595926, 125370, 39.7, 46.5, 1.00
M, 778582, 389587, 969069, 1060624, 402096, 159582, 596439, 125310, 39.7, 46.5, 1.00
M, 778821, 389538, 969198, 1061236, 402289, 159620, 596670, 125378, 39.7, 46.5, 1.00
M, 779044, 389751, 968869, 1061556, 402471, 159604, 596945, 125354, 39.7, 46.5, 1.00
M, 779597, 389935, 969317, 1062439, 402734, 159664, 597284, 125401, 39.7, 46.5, 1.00
M, 780084, 390092, 969524, 1063296, 402974, 159724, 597638, 125435, 39.7, 46.5, 1.00
M, 780969, 390433, 970267, 1064599, 403392, 159871, 598055, 125552, 39.7, 46.5, 1.00
M, 781568, 390698, 970625, 1065312, 403626, 159850, 598434, 125519, 39.7, 46.5, 1.00
M, 781865, 390837, 970652, 1065957, 403870, 159881, 598754, 125557, 39.7, 46.5, 0.98
M, 782023, 390985, 970680, 1066518, 404029, 160015, 599016, 125589, 39.7, 46.5, 1.00
M, 782739, 391310, 971179, 1067529, 404345, 160056, 599459, 125694, 39.7, 46.5, 0.99
M, 783282, 391506, 971414, 1068132, 404552, 160050, 599680, 125696, 39.7, 46.5, 1.00
M, 783915, 391767, 972081, 1069105, 404884, 160151, 599987, 125752, 39.7, 46.5, 1.00
M, 784075, 391949, 971621, 1069475, 405078, 160147, 600336, 125708, 39.7, 46.5, 1.01
M, 784274, 392101, 971722, 1069856, 405237, 160184, 600520, 125703, 39.7, 46.5, 0.99
M, 784284, 392256, 971487, 1070142, 405306, 160155, 600717, 125716, 39.7, 46.5, 1.01
M, 786539, 392676, 974522, 1073216, 405952, 160538, 601441, 126066, 39.7, 46.5, 1.00
M, 787190, 393140, 974740, 1073625, 406288, 160601, 601865, 126037, 39.7, 46.5, 1.00
M, 786943, 393291, 974340, 1073700, 406456, 160553, 601981, 126000, 39.7, 46.5, 0.99
M, 786515, 393359, 973674, 1073608, 406375, 160530, 602090, 125847, 39.7, 46.5, 1.00
M, 786762, 393525, 973521, 1073761, 406615, 160472, 602357, 125920, 39.7, 46.5, 1.00
M, 786832, 393620, 973708, 1074195, 406747, 160545, 602504, 125907, 39.7, 46.5, 1.00
M, 786873, 393897, 973525, 1074508, 407017, 160568, 602800, 125921, 39.7, 46.5, 1.00
M, 787129, 393944, 973196, 1074613, 407048, 160567, 602871, 125924, 39.7, 46.5, 1.00
M, 787553, 394026, 973896, 1075518, 407218, 160623, 603114, 125933, 39.7, 46.5, 1.00
M, 787581, 394170, 973939, 1075770, 407339, 160640, 603359, 125944, 39.7, 46.5, 1.00
M, 787673, 394300, 973988, 1076262, 407518, 160761, 603537, 126018, 39.7, 46.5, 1.00
M, 788427, 394548, 974470, 1077091, 407699, 160748, 603861, 126092, 39.7, 46.5, 1.00
M, 788875, 394675, 974972, 1077466, 407979, 160749, 604091, 126013, 39.7, 46.5, 0.99
M, 788777, 394813, 974789, 1077621, 408077, 160816, 604250, 126042, 39.7, 46.5, 1.00
M, 789304, 395004, 975160, 1078380, 408230, 160914, 604480, 126124, 39.7, 46.5, 0.99
M, 789552, 395201, 975466, 1078743, 408425, 160895, 604716, 126104, 39.7, 46.5, 1.00
M, 789860, 395363, 975827, 1079478, 408608, 161005, 604982, 126250, 39.7, 46.5, 1.00
M, 790034, 395473, 976090, 1080040, 408762, 161054, 605212, 126198, 39.7, 46.5, 1.00
M, 790503, 395723, 976451, 1080455, 408930, 161031, 605389, 126217, 39.7, 46.5, 1.00
M, 790510, 395774, 976309, 1080634, 409094, 161103, 605575, 126142, 39.7, 46.5, 1.00
M, 792144, 396129, 978678, 1083044, 409494, 161423, 606084, 126440, 39.7, 46.5, 1.00
M, 792602, 396440, 978860, 1083455, 409773, 161432, 606418, 126482, 39.7, 46.5, 1.00
M, 792434, 396631, 978805, 1083436, 409805, 161466, 606491, 126453, 39.7, 46.5, 0.99
M, 792769, 396775, 978779, 1083585, 409950, 161443, 606708, 126434, 39.7, 46.5, 1.00
M, 792419, 396733, 978475, 1083612, 410009, 161493, 606727, 126348, 39.7, 46.5, 1.00
M, 792186, 396874, 978162, 1083442, 410114, 161411, 606900, 126326, 39.7, 46.5, 1.00
M, 792077, 396845, 978097, 1083617, 410094, 161412, 606923, 126341, 39.7, 46.5, 1.00
M, 791902, 396970, 977739, 1083277, 410195, 161380, 607079, 126302, 39.7, 46.5, 1.00
M, 791980, 396914, 977699, 1083406, 410190, 161388, 607123, 126245, 39.7, 46.5, 1.00
M, 792167, 397068, 978048, 1084085, 410372, 161449, 607367, 126312, 39.7, 46.5, 1.01
M, 792135, 397095, 978064, 1084253, 410511, 161447, 607472, 126328, 39.7, 46.5, 1.01
M, 792373, 397211, 978108, 1084428, 410577, 161532, 607620, 126403, 39.7, 46.5, 1.00
M, 792836, 397368, 978762, 1085130, 410756, 161557, 607836, 126438, 39.7, 46.5, 1.00
M, 792901, 397505, 978782, 1085214, 410932, 161607, 608001, 126392, 39.7, 46.5, 1.00
M, 792609, 397501, 978025, 1084981, 410875, 161546, 607991, 126369, 39.7, 46.5, 1.00
M, 792650, 397565, 978306, 1085219, 410955, 161564, 608170, 126354, 39.7, 46.5, 1.00
M, 793024, 397639, 978833, 1085837, 411164, 161608, 608329, 126369, 39.7, 46.5, 1.00
M, 793021, 397666, 978878, 1086088, 411285, 161711, 608472, 126493, 39.7, 46.5, 1.00
M, 793622, 397885, 979348, 1086773, 411432, 161784, 608728, 126561, 39.7, 46.5, 1.00
M, 793823, 398004, 979757, 1086991, 411575, 161823, 608915, 126544, 39.7, 46.5, 1.00
M, 795675, 398324, 982392, 1089494, 412025, 162146, 609415, 126788, 39.7, 46.5, 0.99
M, 795772, 398614, 982445, 1089566, 412103, 162110, 609614, 126775, 39.7, 46.5, 1.00
M, 795621, 398692, 982224, 1089489, 412186, 162154, 609726, 126750, 39.7, 46.5, 0.99
M, 795624, 398682, 982356, 1089760, 412279, 162188, 609778, 126754, 39.7, 46.5, 1.00
M, 795480, 398751, 981876, 1089401, 412291, 162145, 609888, 126705, 39.7, 46.5, 1.00
M, 795218, 398777, 981877, 1089335, 412358, 162120, 609915, 126632, 39.7, 46.5, 1.00
M, 795045, 398859, 981560, 1089198, 412461, 162097, 610019, 126560, 39.7, 46.5, 0.98
M, 794849, 398843, 981512, 1089337, 412392, 162150, 610056, 126629, 39.7, 46.5, 1.00
M, 795189, 398879, 981894, 1089716, 412545, 162213, 610170, 126672, 39.7, 46.5, 1.01
M, 795304, 398961, 982045, 1089949, 412583, 162206, 610308, 126745, 39.7, 46.5, 0.99
M, 795295, 399059, 982031, 1089920, 412682, 162206, 610419, 126696, 39.7, 46.5, 0.99
M, 795246, 399031, 981706, 1089847, 412774, 162154, 610474, 126659, 39.7, 46.6, 1.00
M, 795310, 399073, 982092, 1090250, 412749, 162210, 610543, 126641, 39.7, 46.6, 0.99
M, 795571, 399148, 982547, 1090655, 412894, 162333, 610796, 126658, 39.7, 46.6, 0.99
M, 795505, 399190, 982424, 1090640, 413053, 162329, 610797, 126771, 39.7, 46.6, 1.00
M, 795987, 399401, 982900, 1091257, 413159, 162415, 611032, 126791, 39.7, 46.6, 0.99
M, 796216, 399396, 983378, 1091478, 413210, 162409, 611126, 126778, 39.7, 46.6, 1.00
M, 796089, 399455, 983258, 1091550, 413290, 162442, 611190, 126742, 39.7, 46.6, 0.99
M, 796269, 399485, 983464, 1091858, 413402, 162525, 611346, 126786, 39.7, 46.6, 1.00
M, 796341, 399522, 983685, 1091824, 413480, 162534, 611454, 126803, 39.7, 46.6, 1.00
M, 798133, 399780, 986200, 1094417, 413817, 162887, 611938, 127126, 39.7, 46.6, 1.01
M, 798410, 400226, 986266, 1094339, 414054, 162791, 612158, 127081, 39.7, 46.6, 0.99
M, 798036, 400120, 986107, 1094329, 414093, 162815, 612093, 126988, 39.7, 46.6, 0.99
M, 797775, 400166, 986092, 1094240, 414088, 162823, 612149, 126901, 39.7, 46.6, 1.00
M, 797163, 400105, 985352, 1093603, 413948, 162822, 612072, 126923, 39.7, 46.6, 1.00
M, 797344, 400136, 985395, 1093427, 414018, 162748, 612213, 126893, 39.7, 46.6, 1.00
M, 796974, 400099, 985082, 1093272, 414001, 162791, 612202, 126852, 39.7, 46.6, 1.00
M, 796586, 400128, 984637, 1093031, 414068, 162716, 612241, 126853, 39.7, 46.6, 1.00
M, 796616, 400114, 984704, 1093141, 414058, 162744, 612258, 126808, 39.7, 46.6, 1.00
M, 796879, 400148, 985218, 1093570, 414190, 162797, 612415, 126863, 39.7, 46.6, 1.00
M, 797022, 400221, 985412, 1093876, 414270, 162851, 612463, 126900, 39.7, 46.6, 1.00
M, 797238, 400224, 985580, 1093625, 414357, 162831, 612654, 126898, 39.7, 46.6, 0.99
M, 797028, 400160, 985411, 1093501, 414344, 162759, 612669, 126822, 39.7, 46.6, 1.00
M, 796966, 400192, 985402, 1093854, 414431, 162857, 612735, 126839, 39.7, 46.6, 1.00
M, 797099, 400247, 985837, 1094298, 414499, 162901, 612889, 126937, 39.7, 46.6, 1.00
M, 797254, 400295, 985825, 1094239, 414575, 162917, 612936, 126930, 39.7, 46.6, 1.00
M, 797556, 400321, 986365, 1094616, 414615, 163015, 613058, 126969, 39.7, 46.6, 1.00
M, 797553, 400450, 986453, 1094683, 414694, 162979, 613162, 126974, 39.7, 46.6, 0.99
M, 797503, 400338, 986268, 1094551, 414726, 162926, 613210, 126973, 39.7, 46.6, 1.00
M, 797739, 400406, 986859, 1095215, 414906, 162991, 613388, 126999, 39.7, 46.6, 1.00
M, 799553, 400753, 989360, 1097392, 415239, 163352, 613797, 127269, 39.7, 46.6, 1.00
M, 799489, 400955, 989465, 1097531, 415441, 163403, 614047, 127277, 39.7, 46.6, 1.00
M, 799361, 401009, 989197, 1097310, 415405, 163380, 613953, 127224, 39.7, 46.6, 1.00
M, 799259, 401017, 989264, 1097099, 415384, 163347, 613992, 127113, 39.7, 46.6, 1.00
M, 798812, 400902, 988832, 1096757, 415343, 163288, 613913, 127085, 39.7, 46.6, 1.00
M, 798910, 400960, 988793, 1096875, 415341, 163356, 614033, 127138, 39.7, 46.6, 1.00
M, 798523, 400970, 988483, 1096379, 415378, 163280, 614024, 127007, 39.7, 46.6, 1.00
M, 798201, 400856, 988271, 1096266, 415325, 163326, 613964, 127088, 39.7, 46.6, 1.00
M, 798222, 400957, 988261, 1096019, 415437, 163232, 614090, 127060, 39.7, 46.6, 1.00
M, 798040, 400857, 988266, 1096233, 415367, 163224, 614057, 126963, 39.7, 46.6, 1.00
M, 798184, 400923, 988594, 1096431, 415392, 163335, 614147, 127052, 39.7, 46.6, 0.99
M, 798074, 400897, 988437, 1096360, 415442, 163312, 614206, 127011, 39.7, 46.6, 1.00
M, 798169, 400818, 988590, 1096289, 415499, 163326, 614244, 127108, 39.7, 46.6, 0.99
M, 798564, 400939, 989192, 1097000, 415595, 163388, 614435, 127154, 39.7, 46.6, 1.00
M, 798604, 401010, 989446, 1097151, 415722, 163440, 614498, 127101, 39.7, 46.6, 1.00
M, 798633, 400980, 989178, 1097077, 415691, 163388, 614577, 127113, 39.7, 46.6, 1.01
M, 798806, 401088, 989805, 1097380, 415783, 163474, 614659, 127161, 39.7, 46.6, 1.00
M, 798879, 401093, 989883, 1097576, 415899, 163519, 614738, 127122, 39.7, 46.6, 0.99
M, 799069, 401158, 990117, 1097444, 415928, 163541, 614845, 127209, 39.7, 46.6, 1.00
M, 798925, 401165, 990020, 1097350, 415957, 163507, 614859, 127161, 39.7, 46.6, 1.00
M, 800447, 401428, 992507, 1099767, 416252, 163793, 615219, 127473, 39.7, 46.6, 0.99
M, 800631, 401668, 992774, 1099946, 416441, 163862, 615419, 127396, 39.7, 46.6, 1.00
M, 800264, 401627, 992294, 1099340, 416362, 163878, 615334, 127382, 39.7, 46.6, 1.00
M, 800332, 401700, 992636, 1099525, 416459, 163876, 615432, 127357, 39.7, 46.6, 0.98
M, 799987, 401599, 992164, 1099160, 416410, 163816, 615447, 127286, 39.7, 46.6, 1.00
M, 799644, 401577, 991670, 1098773, 416465, 163808, 615342, 127275, 39.7, 46.6, 0.99
M, 799418, 401465, 991807, 1098761, 416332, 163765, 615365, 127236, 39.7, 46.6, 1.01
M, 799270, 401568, 991631, 1098407, 416418, 163840, 615403, 127224, 39.7, 46.6, 1.00
M, 799094, 401457, 991484, 1098451, 416363, 163705, 615369, 127264, 39.7, 46.6, 1.00
M, 799090, 401574, 991542, 1098312, 416409, 163757, 615484, 127183, 39.7, 46.6, 1.00
M, 798867, 401443, 991392, 1098167, 416396, 163788, 615413, 127193, 39.7, 46.6, 1.01
M, 799137, 401432, 991500, 1098416, 416442, 163864, 615525, 127285, 39.7, 46.6, 1.01
M, 799227, 401460, 991757, 1098537, 416473, 163817, 615578, 127266, 39.7, 46.6, 1.00
M, 799179, 401489, 991982, 1098561, 416468, 163849, 615624, 127258, 39.7, 46.6, 1.00
M, 799492, 401520, 992493, 1099108, 416642, 163887, 615779, 127301, 39.7, 46.6, 0.99
M, 799658, 401596, 992801, 1099008, 416686, 163864, 615833, 127326, 39.7, 46.6, 1.00
M, 799598, 401599, 992802, 1099201, 416671, 163902, 615914, 127270, 39.7, 46.6, 1.00
M, 799660, 401539, 992936, 1099430, 416703, 164014, 615887, 127353, 39.7, 46.6, 1.01
M, 799264, 401611, 992779, 1099177, 416748, 164014, 615966, 127317, 39.7, 46.6, 1.01
M, 799703, 401614, 993145, 1099287, 416809, 164040, 616048, 127335, 39.7, 46.6, 0.99
M, 801667, 401899, 996105, 1101996, 417228, 164378, 616577, 127713, 39.7, 46.6, 1.00
M, 801789, 402178, 996368, 1102070, 417397, 164279, 616654, 127619, 39.7, 46.6, 1.00
M, 801377, 402058, 995781, 1101646, 417294, 164333, 616638, 127550, 39.7, 46.6, 1.00
M, 801160, 402115, 995799, 1101526, 417251, 164331, 616586, 127540, 39.7, 46.6, 1.00
M, 800705, 402026, 995257, 1101061, 417187, 164239, 616486, 127453, 39.7, 46.6, 0.99
M, 800652, 402016, 994992, 1100276, 417180, 164212, 616464, 127427, 39.7, 46.6, 1.00
M, 800075, 401939, 994563, 1100066, 417145, 164193, 616431, 127362, 39.7, 46.6, 1.00
M, 799888, 401888, 994665, 1100139, 417086, 164185, 616379, 127394, 39.7, 46.6, 1.00
M, 799579, 401833, 993839, 1099532, 417109, 164086, 616474, 127360, 39.7, 46.6, 1.00
M, 799464, 401773, 994124, 1099453, 417010, 164241, 616392, 127343, 39.7, 46.6, 1.00
M, 799255, 401848, 994094, 1099424, 417131, 164205, 616482, 127279, 39.7, 46.6, 1.00
M, 799284, 401655, 994018, 1099284, 417087, 164094, 616445, 127297, 39.7, 46.6, 0.99
M, 799382, 401758, 994486, 1099722, 417187, 164160, 616540, 127316, 39.7, 46.6, 1.00
M, 799559, 401739, 994683, 1099792, 417161, 164173, 616608, 127345, 39.7, 46.6, 0.99
M, 799525, 401744, 994695, 1099831, 417153, 164228, 616605, 127358, 39.7, 46.6, 1.00
M, 799788, 401781, 995233, 1100262, 417303, 164276, 616753, 127469, 39.7, 46.6, 0.99
M, 800039, 401739, 995477, 1100251, 417347, 164292, 616789, 127361, 39.7, 46.6, 1.00
M, 799868, 401735, 995358, 1100104, 417340, 164266, 616842, 127406, 39.7, 46.6, 1.01
M, 799687, 401728, 995109, 1100111, 417356, 164284, 616893, 127398, 39.7, 46.6, 1.00
M, 800074, 401771, 995801, 1100526, 417453, 164312, 616981, 127422, 39.7, 46.6, 1.00
M, 801717, 402047, 998380, 1102774, 417803, 164614, 617383, 127765, 39.7, 46.6, 1.00
M, 801986, 402270, 998701, 1102866, 417993, 164749, 617585, 127697, 39.7, 46.6, 1.00
M, 801800, 402371, 998642, 1102510, 417962, 164633, 617508, 127653, 39.7, 46.6, 1.00
M, 801476, 402280, 998276, 1102275, 417902, 164608, 617438, 127582, 39.7, 46.6, 0.98
M, 801010, 402094, 997810, 1101916, 417777, 164670, 617390, 127610, 39.7, 46.6, 1.00
M, 800921, 402228, 997996, 1101997, 417919, 164688, 617433, 127569, 39.7, 46.6, 1.00
M, 800859, 402163, 997739, 1101451, 417792, 164525, 617378, 127456, 39.7, 46.6, 1.00
M, 800496, 402061, 997318, 1101079, 417739, 164521, 617346, 127418, 39.7, 46.6, 1.00
M, 800157, 401986, 997007, 1101002, 417721, 164556, 617261, 127402, 39.7, 46.6, 1.00
M, 799995, 401983, 996962, 1100611, 417754, 164481, 617304, 127440, 39.7, 46.6, 1.00
M, 799944, 401910, 996984, 1100619, 417647, 164512, 617228, 127432, 39.7, 46.6, 0.99
M, 799699, 401947, 996643, 1100226, 417722, 164465, 617260, 127405, 39.7, 46.6, 1.00
M, 799633, 401830, 996709, 1099967, 417593, 164382, 617250, 127330, 39.7, 46.6, 1.00
M, 799844, 401803, 997095, 1100613, 417679, 164473, 617394, 127428, 39.7, 46.6, 1.00
M, 799749, 401770, 997103, 1100591, 417725, 164469, 617321, 127343, 39.7, 46.6, 1.00
M, 799837, 401804, 996946, 1100535, 417708, 164461, 617463, 127454, 39.7, 46.6, 1.00
M, 800205, 401880, 997876, 1100980, 417821, 164579, 617519, 127499, 39.7, 46.6, 1.00
M, 800228, 401891, 998074, 1101099, 417848, 164615, 617662, 127537, 39.7, 46.6, 1.00
M, 800113, 401886, 998069, 1100994, 417908, 164540, 617658, 127502, 39.7, 46.6, 0.98
M, 800379, 401934, 998424, 1101347, 417951, 164606, 617700, 127482, 39.7, 46.6, 1.00
M, 802252, 402216, 1001127, 1103805, 418316, 164983, 618177, 127804, 39.7, 46.6, 1.00
M, 802211, 402419, 1001240, 1103748, 418435, 164983, 618291, 127834, 39.7, 46.6, 1.00
M, 801912, 402384, 1000981, 1103366, 418487, 165005, 618279, 127763, 39.7, 46.6, 1.00
M, 801948, 402444, 1001153, 1103310, 418471, 164983, 618288, 127673, 39.7, 46.6, 1.00
M, 801493, 402384, 1000692, 1102731, 418388, 164914, 618213, 127642, 39.7, 46.6, 1.00
M, 801318, 402315, 1000282, 1102735, 418342, 164982, 618145, 127669, 39.7, 46.6, 1.00
M, 801170, 402361, 1000515, 1102466, 418334, 164990, 618101, 127652, 39.7, 46.6, 1.00
M, 801071, 402231, 1000367, 1102414, 418331, 164988, 618193, 127646, 39.7, 46.6, 1.00
M, 801145, 402353, 1000690, 1102355, 418420, 164988, 618200, 127651, 39.7, 46.6, 0.98
M, 800916, 402204, 1000526, 1102273, 418342, 164932, 618128, 127620, 39.7, 46.6, 1.00
M, 800710, 402263, 1000302, 1101848, 418357, 164947, 618169, 127575, 39.7, 46.6, 1.00
M, 800346, 402136, 1000100, 1101848, 418231, 164905, 618097, 127621, 39.7, 46.6, 1.00
M, 800315, 402184, 1000026, 1101566, 418260, 164879, 618134, 127595, 39.7, 46.6, 1.00
M, 800225, 402072, 999912, 1101379, 418254, 164872, 618113, 127493, 39.7, 46.6, 1.01
M, 800135, 402074, 1000065, 1101588, 418215, 164938, 618182, 127514, 39.7, 46.6, 1.00
M, 800197, 401990, 1000187, 1101548, 418256, 164885, 618141, 127511, 39.7, 46.6, 1.00
M, 800179, 402032, 1000221, 1101562, 418243, 164898, 618152, 127596, 39.7, 46.6, 1.00
M, 800552, 402090, 1000850, 1101990, 418329, 164932, 618292, 127587, 39.7, 46.6, 1.00
M, 800703, 402096, 1000805, 1101815, 418383, 164960, 618350, 127607, 39.7, 46.6, 1.01
M, 800507, 402056, 1000816, 1101522, 418321, 164934, 618339, 127598, 39.7, 46.6, 1.00
