State, OV, Alc, H2, AC1, NH3, AC2, VOC, LP, Temp, Hud, AirFlow
A, 682683, 333923, 1025593, 956522, 338516, 169762, 495148, 134265, 40.9, 44.4, 0.00
A, 671905, 331388, 1007443, 942403, 335579, 167391, 491917, 132421, 40.9, 44.4, 0.62
A, 663061, 328994, 992355, 930887, 333270, 165304, 489474, 130699, 40.8, 44.3, 0.70
A, 654687, 326671, 977591, 920067, 331383, 163202, 487817, 129127, 40.8, 44.3, 0.82
A, 648980, 325166, 966362, 912176, 330327, 161559, 487379, 128103, 40.6, 44.2, 0.90
A, 645187, 324123, 957695, 906694, 329902, 160312, 487557, 127343, 40.6, 44.2, 0.93
A, 642495, 323334, 950405, 902601, 329713, 159213, 487964, 126775, 40.5, 44.0, 0.95
A, 640840, 322910, 943846, 899433, 329819, 158090, 488713, 126417, 40.5, 44.0, 0.98
A, 639745, 322600, 938520, 897257, 330007, 157212, 489386, 126084, 40.4, 44.0, 0.99
A, 639468, 322501, 934554, 896457, 330292, 156596, 490156, 125890, 40.4, 44.0, 0.98
A, 639666, 322310, 931093, 896001, 330744, 156021, 490982, 125781, 40.3, 44.0, 0.98
A, 640554, 322469, 928638, 896192, 331152, 155477, 491850, 125754, 40.3, 44.0, 0.99
A, 641317, 322596, 925454, 896410, 331734, 154940, 492857, 125580, 40.3, 43.9, 1.00
A, 642542, 322874, 923610, 897146, 332258, 154551, 493798, 125711, 40.3, 43.9, 1.00
A, 644118, 323222, 921528, 898054, 332932, 154173, 494815, 125671, 40.2, 43.9, 1.00
A, 645407, 323365, 920399, 899357, 333370, 153991, 495657, 125695, 40.2, 43.9, 1.00
A, 647270, 323846, 919857, 901109, 334135, 153851, 496687, 125852, 40.2, 43.9, 1.00
A, 649345, 324337, 919132, 903048, 334795, 153705, 497763, 125908, 40.2, 43.9, 0.99
A, 651600, 324848, 918628, 905000, 335678, 153532, 498950, 126012, 40.2, 43.9, 1.00
A, 653581, 325392, 917832, 906726, 336210, 153335, 499931, 126026, 40.1, 43.8, 1.00
A, 656358, 326094, 919006, 910154, 337210, 153441, 501214, 126357, 40.1, 43.8, 1.00
A, 658221, 326755, 918232, 911697, 337947, 153395, 502239, 126418, 40.1, 43.8, 1.00
A, 659646, 327287, 917281, 913069, 338563, 153268, 503063, 126370, 40.1, 43.8, 1.00
A, 661342, 327766, 916522, 914775, 339215, 153200, 503989, 126431, 40.0, 43.8, 0.99
A, 663428, 328534, 916089, 916499, 339974, 153018, 505075, 126359, 40.0, 43.8, 1.00
A, 664927, 329112, 915271, 917980, 340591, 152948, 505969, 126450, 40.0, 43.8, 1.00
A, 666754, 329753, 915370, 920361, 341252, 153003, 506891, 126519, 40.0, 43.8, 1.00
A, 668652, 330473, 915333, 922281, 341976, 152959, 507872, 126626, 40.0, 43.8, 1.00
A, 670658, 331164, 915606, 924363, 342694, 152980, 508828, 126790, 40.0, 43.8, 1.00
A, 672519, 331899, 915713, 926360, 343346, 153026, 509735, 126806, 40.0, 43.8, 1.00
A, 674563, 332781, 915702, 928564, 344151, 152984, 510807, 126903, 40.0, 43.8, 1.00
A, 676023, 333471, 915442, 930371, 344761, 152985, 511662, 126954, 39.9, 43.9, 1.00
A, 677851, 334155, 915710, 932232, 345470, 153046, 512590, 127030, 39.9, 43.9, 1.00
A, 679518, 335072, 915328, 933964, 346183, 152982, 513509, 127037, 39.9, 43.9, 1.00
A, 681039, 335680, 915119, 935390, 346736, 152994, 514273, 127105, 39.9, 43.9, 1.01
A, 682560, 336544, 914992, 937388, 347464, 152993, 515191, 127041, 39.9, 43.9, 1.00
A, 683805, 337143, 914986, 938754, 347869, 153018, 515849, 127188, 39.9, 43.9, 1.00
A, 685381, 337790, 915295, 940602, 348549, 153041, 516709, 127217, 39.9, 43.9, 0.99
A, 686808, 338547, 915394, 942351, 349154, 153168, 517532, 127315, 39.8, 43.9, 1.01
A, 688475, 339447, 915453, 943980, 349777, 153110, 518357, 127354, 39.8, 43.9, 0.99
A, 690408, 340059, 916873, 946632, 350473, 153319, 519163, 127612, 39.8, 43.9, 1.00
A, 691814, 341054, 916531, 947944, 351071, 153255, 520058, 127515, 39.8, 43.9, 1.00
A, 692781, 341687, 916247, 949016, 351571, 153282, 520689, 127516, 39.8, 43.9, 1.00
A, 693850, 342315, 916226, 950638, 352063, 153327, 521363, 127627, 39.8, 43.9, 1.00
A, 694971, 343021, 916159, 951976, 352575, 153365, 522107, 127621, 39.8, 43.9, 0.99
A, 696484, 343893, 916361, 953555, 353224, 153367, 522962, 127650, 39.8, 43.9, 0.99
A, 697456, 344554, 916098, 954595, 353593, 153370, 523544, 127584, 39.8, 44.0, 1.00
A, 698415, 345169, 916097, 956097, 354078, 153410, 524173, 127619, 39.8, 44.0, 1.00
A, 699305, 345777, 915837, 957201, 354529, 153440, 524771, 127741, 39.7, 44.0, 1.00
A, 700491, 346390, 916059, 958549, 355026, 153425, 525406, 127730, 39.7, 44.0, 1.00
A, 701495, 347157, 916188, 959874, 355529, 153494, 525996, 127803, 39.7, 44.0, 1.00
A, 702876, 347953, 916383, 961298, 356045, 153543, 526761, 127826, 39.7, 44.0, 0.99
A, 703522, 348500, 916196, 962131, 356460, 153511, 527301, 127776, 39.7, 44.0, 1.01
A, 704469, 349121, 916378, 963608, 356939, 153619, 527894, 127826, 39.7, 44.0, 0.99
A, 705248, 349820, 915735, 964370, 357371, 153568, 528506, 127832, 39.7, 44.1, 1.00
A, 705786, 350230, 915534, 965178, 357616, 153553, 528870, 127835, 39.7, 44.1, 1.01
A, 706563, 350946, 915403, 966419, 358215, 153572, 529546, 127767, 39.7, 44.1, 1.01
A, 707214, 351378, 915276, 966867, 358391, 153534, 529959, 127823, 39.7, 44.1, 1.00
A, 708282, 351873, 915772, 968434, 358872, 153625, 530521, 127889, 39.7, 44.1, 1.00
A, 709452, 352589, 916234, 970025, 359357, 153724, 531176, 127961, 39.7, 44.1, 0.98
A, 711462, 353261, 918293, 972770, 360030, 153992, 531949, 128256, 39.7, 44.1, 0.99
A, 712589, 354070, 918636, 973997, 360577, 154021, 532624, 128340, 39.6, 44.1, 1.01
A, 713410, 354711, 918670, 974909, 360901, 154055, 533152, 128189, 39.6, 44.1, 1.01
A, 713906, 355170, 918431, 975579, 361207, 154066, 533561, 128221, 39.6, 44.1, 1.00
A, 714253, 355752, 918222, 976444, 361546, 154067, 533963, 128282, 39.6, 44.1, 0.99
A, 715075, 356271, 918348, 977471, 361915, 154135, 534431, 128205, 39.6, 44.1, 1.00
A, 715631, 356801, 918301, 978134, 362188, 154082, 534917, 128247, 39.6, 44.1, 1.00
A, 716610, 357435, 918579, 979241, 362745, 154166, 535422, 128305, 39.6, 44.2, 0.99
A, 717061, 357846, 918353, 979928, 362996, 154216, 535838, 128291, 39.6, 44.2, 0.99
A, 717638, 358351, 918611, 980859, 363280, 154236, 536277, 128319, 39.6, 44.2, 1.00
A, 717946, 358698, 918414, 981539, 363588, 154262, 536682, 128320, 39.6, 44.2, 1.00
A, 718770, 359292, 918683, 982618, 363928, 154359, 537135, 128320, 39.6, 44.2, 0.98
A, 719364, 359838, 918549, 983202, 364269, 154276, 537533, 128311, 39.6, 44.2, 1.00
A, 719495, 360184, 918064, 983572, 364511, 154296, 537925, 128267, 39.5, 44.2, 1.01
A, 719998, 360574, 918253, 984543, 364776, 154341, 538281, 128428, 39.5, 44.2, 1.00
A, 720301, 361036, 917787, 984696, 365054, 154317, 538662, 128280, 39.5, 44.3, 1.00
A, 720561, 361311, 917705, 985404, 365184, 154346, 538974, 128326, 39.5, 44.3, 1.00
A, 721154, 361865, 917535, 986200, 365640, 154337, 539461, 128274, 39.5, 44.3, 1.00
A, 721527, 362089, 917438, 986465, 365774, 154364, 539659, 128297, 39.5, 44.3, 1.00
A, 722079, 362498, 917875, 987681, 366098, 154395, 540060, 128293, 39.5, 44.3, 1.00
A, 723997, 363067, 919919, 990117, 366632, 154670, 540767, 128554, 39.5, 44.3, 1.00
A, 723850, 363542, 919222, 990053, 366792, 154628, 540974, 128494, 39.5, 44.3, 0.99
A, 724173, 363789, 918928, 990319, 367013, 154574, 541315, 128503, 39.5, 44.3, 1.00
A, 724087, 364143, 918472, 990564, 367212, 154507, 541521, 128366, 39.5, 44.3, 1.00
A, 723993, 364341, 917722, 990496, 367330, 154486, 541747, 128317, 39.5, 44.3, 1.01
A, 724193, 364588, 917397, 990718, 367509, 154465, 542014, 128302, 39.5, 44.3, 1.00
A, 724804, 364889, 917785, 991863, 367815, 154468, 542403, 128374, 39.5, 44.4, 1.01
A, 725261, 365336, 917890, 992427, 368088, 154615, 542791, 128353, 39.5, 44.4, 0.99
A, 726052, 365729, 918440, 993508, 368379, 154691, 543129, 128476, 39.5, 44.4, 1.01
A, 726640, 366095, 918708, 994245, 368715, 154616, 543568, 128434, 39.5, 44.4, 0.99
A, 726844, 366404, 918586, 994625, 368886, 154703, 543827, 128370, 39.5, 44.4, 1.01
A, 726976, 366667, 918276, 995088, 369044, 154727, 544019, 128450, 39.5, 44.4, 1.01
A, 727636, 366880, 918598, 995781, 369312, 154735, 544350, 128500, 39.4, 44.4, 1.00
A, 727955, 367226, 918651, 996287, 369521, 154765, 544724, 128455, 39.4, 44.4, 1.01
A, 728130, 367523, 918444, 996554, 369685, 154741, 544990, 128433, 39.4, 44.5, 1.00
A, 728670, 367845, 918792, 997327, 369983, 154742, 545255, 128451, 39.4, 44.5, 1.00
A, 728700, 368140, 918280, 997502, 370168, 154800, 545561, 128435, 39.4, 44.4, 0.99
A, 728497, 368293, 917924, 997688, 370177, 154768, 545642, 128355, 39.4, 44.4, 1.01
A, 728991, 368650, 917878, 998081, 370509, 154721, 546069, 128356, 39.4, 44.4, 1.01
A, 729165, 368760, 917830, 998541, 370582, 154763, 546217, 128380, 39.4, 44.4, 1.00
A, 730804, 369163, 919870, 1000913, 371098, 155027, 546780, 128630, 39.4, 44.4, 1.01
A, 730723, 369559, 919171, 1000730, 371242, 154964, 547006, 128503, 39.4, 44.5, 1.00
A, 730392, 369599, 918536, 1000376, 371232, 154881, 547057, 128427, 39.4, 44.5, 1.00
A, 730945, 369920, 918864, 1001185, 371490, 154916, 547366, 128480, 39.4, 44.5, 1.01
A, 731326, 370165, 918839, 1001621, 371707, 154981, 547622, 128453, 39.4, 44.5, 0.99
A, 731579, 370355, 918754, 1001807, 371838, 154979, 547896, 128484, 39.4, 44.5, 0.99
A, 731605, 370519, 918738, 1002397, 371950, 154958, 548035, 128416, 39.4, 44.5, 1.01
A, 732082, 370830, 919070, 1003065, 372235, 155032, 548395, 128525, 39.4, 44.5, 1.00
A, 732314, 371009, 918906, 1003349, 372350, 155059, 548572, 128543, 39.4, 44.5, 1.00
A, 732840, 371306, 919406, 1004089, 372622, 155155, 548862, 128526, 39.4, 44.6, 0.99
A, 733125, 371508, 919564, 1004556, 372794, 155160, 549138, 128458, 39.4, 44.6, 0.99
A, 733163, 371745, 919225, 1004666, 372928, 155138, 549324, 128498, 39.4, 44.6, 1.00
A, 733489, 371975, 919464, 1005127, 373110, 155192, 549567, 128563, 39.4, 44.6, 1.00
A, 733589, 372129, 919501, 1005695, 373275, 155250, 549709, 128520, 39.4, 44.6, 1.01
A, 734040, 372277, 919642, 1006229, 373564, 155297, 550044, 128619, 39.4, 44.6, 1.00
A, 734305, 372623, 919527, 1006341, 373611, 155302, 550245, 128566, 39.4, 44.6, 1.00
A, 734252, 372819, 919421, 1006594, 373732, 155200, 550351, 128504, 39.4, 44.6, 0.99
A, 734045, 372909, 918861, 1006541, 373957, 155237, 550619, 128437, 39.4, 44.6, 1.00
A, 734117, 372929, 918822, 1006914, 373979, 155244, 550648, 128421, 39.4, 44.6, 0.99
A, 734176, 373232, 918564, 1006947, 374129, 155198, 550936, 128383, 39.3, 44.7, 1.00
A, 735383, 373358, 919894, 1008422, 374314, 155378, 551215, 128605, 39.3, 44.7, 0.99
A, 735725, 373647, 920162, 1008929, 374557, 155345, 551496, 128608, 39.3, 44.7, 0.99
A, 735672, 373776, 919797, 1008802, 374667, 155333, 551581, 128545, 39.3, 44.7, 0.99
A, 735615, 373911, 919690, 1009126, 374753, 155404, 551736, 128473, 39.3, 44.7, 1.00
A, 735875, 374125, 919840, 1009670, 374920, 155415, 552034, 128557, 39.3, 44.7, 1.01
A, 735999, 374277, 919575, 1009465, 374977, 155374, 552183, 128457, 39.3, 44.7, 1.00
A, 735929, 374291, 919254, 1009638, 375100, 155363, 552291, 128427, 39.3, 44.7, 0.99
A, 735886, 374420, 919188, 1009931, 375125, 155389, 552380, 128424, 39.3, 44.7, 1.00
A, 736100, 374602, 919368, 1010351, 375260, 155367, 552649, 128471, 39.3, 44.7, 1.00
A, 736341, 374735, 919397, 1010645, 375412, 155416, 552789, 128511, 39.3, 44.7, 1.00
A, 736592, 374947, 919614, 1011023, 375657, 155396, 553003, 128503, 39.3, 44.8, 1.00
A, 736938, 375065, 919344, 1011122, 375780, 155489, 553177, 128463, 39.3, 44.8, 1.01
A, 736960, 375124, 919378, 1011255, 375791, 155448, 553354, 128435, 39.3, 44.8, 1.00
A, 736944, 375220, 919353, 1011697, 375882, 155451, 553415, 128353, 39.3, 44.8, 1.01
A, 737181, 375318, 919571, 1012168, 376059, 155490, 553617, 128423, 39.3, 44.8, 1.01
A, 737464, 375506, 919488, 1012363, 376212, 155519, 553780, 128503, 39.3, 44.8, 0.99
A, 737703, 375737, 919710, 1012678, 376378, 155498, 554024, 128429, 39.3, 44.8, 1.00
A, 737780, 375750, 919700, 1012896, 376474, 155512, 554097, 128437, 39.3, 44.8, 0.99
A, 737680, 375959, 919265, 1012808, 376593, 155497, 554314, 128391, 39.3, 44.8, 1.00
A, 737866, 375926, 919423, 1013192, 376633, 155522, 554448, 128437, 39.3, 44.8, 1.00
A, 739400, 376248, 921489, 1015403, 377035, 155827, 554890, 128640, 39.3, 44.8, 1.00
A, 739065, 376478, 920940, 1014979, 377146, 155769, 554952, 128608, 39.3, 44.9, 1.00
A, 738850, 376526, 920349, 1014629, 377130, 155727, 555023, 128471, 39.3, 44.9, 1.01
A, 738410, 376464, 919586, 1014137, 377103, 155640, 555034, 128314, 39.3, 44.9, 1.00
A, 737976, 376475, 919036, 1014058, 377067, 155608, 555063, 128324, 39.3, 44.9, 1.01
A, 737935, 376467, 918658, 1013945, 377145, 155576, 555128, 128302, 39.3, 44.9, 1.01
A, 738321, 376547, 918971, 1014355, 377297, 155621, 555343, 128335, 39.3, 44.9, 0.99
A, 738847, 376776, 919595, 1015275, 377405, 155640, 555568, 128394, 39.3, 44.9, 1.01
A, 739176, 376922, 919803, 1015458, 377579, 155737, 555752, 128421, 39.3, 44.9, 1.01
A, 739253, 377042, 919734, 1015569, 377713, 155689, 555856, 128422, 39.3, 44.9, 1.00
A, 739607, 377193, 920166, 1016341, 377895, 155788, 556092, 128489, 39.3, 44.9, 1.00
A, 739688, 377209, 920187, 1016522, 377933, 155839, 556241, 128431, 39.3, 44.9, 1.00
A, 739977, 377355, 920299, 1016968, 378084, 155863, 556376, 128450, 39.3, 44.9, 1.00
A, 740075, 377385, 920447, 1017135, 378159, 155891, 556499, 128483, 39.3, 44.9, 1.00
A, 740441, 377620, 920910, 1017686, 378330, 155932, 556719, 128509, 39.3, 44.9, 1.00
A, 740269, 377737, 920650, 1017713, 378404, 155918, 556847, 128494, 39.3, 45.0, 1.01
A, 740767, 377835, 920998, 1018138, 378538, 155978, 556975, 128510, 39.3, 45.0, 1.00
A, 740511, 377977, 920604, 1017925, 378567, 155911, 557074, 128481, 39.2, 44.9, 1.00
A, 740378, 377883, 920514, 1018071, 378623, 156002, 557081, 128486, 39.2, 44.9, 1.00
A, 740549, 378066, 920422, 1018186, 378780, 155990, 557254, 128425, 39.2, 45.0, 1.01
A, 741638, 378208, 921903, 1019637, 378958, 156189, 557554, 128565, 39.2, 45.0, 1.00
A, 741286, 378298, 921327, 1019311, 379042, 156079, 557621, 128504, 39.2, 45.0, 0.99
A, 740839, 378302, 920742, 1018952, 379008, 155975, 557624, 128396, 39.2, 45.0, 1.00
A, 740686, 378310, 920366, 1018722, 378978, 156039, 557587, 128356, 39.2, 45.0, 0.99
A, 741089, 378380, 920887, 1019376, 379157, 156081, 557831, 128415, 39.2, 45.0, 1.00
A, 741355, 378519, 920998, 1019700, 379339, 156070, 557984, 128400, 39.2, 45.0, 0.99
A, 741331, 378576, 921011, 1019672, 379369, 156111, 558055, 128374, 39.2, 45.0, 1.00
A, 741377, 378628, 920935, 1019845, 379418, 156167, 558097, 128413, 39.2, 45.0, 1.00
A, 741619, 378770, 921268, 1020336, 379517, 156170, 558325, 128440, 39.2, 45.0, 0.99
A, 741790, 378759, 921256, 1020223, 379642, 156192, 558444, 128357, 39.2, 45.0, 1.00
A, 741736, 378716, 921109, 1020266, 379664, 156103, 558504, 128356, 39.2, 45.0, 1.00
A, 741714, 378934, 921310, 1020760, 379772, 156205, 558574, 128398, 39.2, 45.0, 1.01
A, 741762, 378992, 921305, 1020899, 379816, 156213, 558694, 128412, 39.2, 45.0, 1.01
A, 742123, 379016, 921646, 1021231, 379961, 156235, 558844, 128434, 39.2, 45.0, 1.00
A, 742116, 379111, 921622, 1021332, 379967, 156289, 558934, 128424, 39.2, 45.1, 1.00
A, 742252, 379133, 921530, 1021311, 380061, 156276, 559028, 128395, 39.2, 45.1, 1.00
A, 742122, 379242, 921437, 1021167, 380083, 156244, 559125, 128391, 39.2, 45.1, 1.00
A, 742249, 379295, 921698, 1021827, 380140, 156311, 559217, 128383, 39.2, 45.1, 1.00
A, 741878, 379341, 921027, 1021265, 380280, 156280, 559260, 128296, 39.2, 45.1, 1.01
A, 741913, 379302, 920922, 1021310, 380202, 156283, 559247, 128355, 39.2, 45.1, 1.00
A, 743593, 379650, 923415, 1023550, 380737, 156524, 559803, 128589, 39.2, 45.1, 1.01
A, 743193, 379643, 922732, 1022922, 380673, 156465, 559777, 128499, 39.2, 45.1, 0.99
A, 743255, 379736, 922712, 1023048, 380671, 156449, 559848, 128528, 39.2, 45.1, 0.99
A, 743128, 379710, 922563, 1022934, 380738, 156474, 559814, 128426, 39.2, 45.1, 0.99
A, 742884, 379735, 922294, 1022903, 380741, 156471, 559891, 128408, 39.2, 45.1, 1.01
A, 743084, 379833, 922640, 1023376, 380802, 156453, 560069, 128473, 39.2, 45.1, 1.01
A, 743233, 379856, 922615, 1023242, 380865, 156459, 560059, 128373, 39.2, 45.1, 1.00
A, 743039, 379812, 922405, 1023137, 380913, 156450, 560167, 128275, 39.2, 45.1, 1.00
A, 742765, 379821, 922086, 1023184, 380879, 156516, 560133, 128351, 39.2, 45.1, 1.00
A, 743049, 379962, 922381, 1023369, 381020, 156517, 560280, 128388, 39.2, 45.2, 1.00
A, 742977, 379912, 922317, 1023442, 380992, 156510, 560339, 128384, 39.2, 45.2, 1.01
A, 743238, 380028, 922633, 1023813, 381114, 156524, 560464, 128378, 39.2, 45.2, 1.00
A, 742843, 379926, 921992, 1023257, 381053, 156441, 560408, 128319, 39.2, 45.2, 1.01
A, 742067, 379876, 921052, 1022445, 381046, 156345, 560406, 128168, 39.2, 45.2, 1.00
A, 742119, 379755, 921095, 1022650, 380993, 156427, 560400, 128202, 39.2, 45.2, 1.00
A, 742541, 379864, 921695, 1023184, 381152, 156485, 560610, 128220, 39.2, 45.2, 1.00
A, 742729, 379925, 921745, 1023356, 381272, 156401, 560666, 128174, 39.2, 45.2, 1.01
A, 742714, 379928, 921585, 1023218, 381263, 156439, 560723, 128190, 39.2, 45.2, 1.00
A, 742891, 379947, 921997, 1023821, 381413, 156509, 560786, 128241, 39.2, 45.2, 1.01
A, 742698, 380034, 921602, 1023454, 381429, 156432, 560889, 128199, 39.2, 45.3, 1.01
A, 743720, 380098, 923077, 1024953, 381588, 156643, 561130, 128417, 39.2, 45.3, 0.99
A, 743071, 380248, 922094, 1024029, 381635, 156572, 561232, 128229, 39.2, 45.3, 0.99
A, 742800, 380043, 921465, 1023446, 381522, 156466, 561044, 128172, 39.2, 45.3, 1.00
A, 742560, 380011, 921383, 1023751, 381537, 156469, 561132, 128133, 39.2, 45.3, 1.01
A, 742419, 379972, 921065, 1023448, 381483, 156422, 561078, 128053, 39.2, 45.3, 1.00
A, 741810, 379910, 920190, 1022892, 381479, 156388, 561057, 127997, 39.2, 45.3, 1.00
A, 742541, 379895, 921065, 1023657, 381583, 156503, 561268, 128056, 39.2, 45.3, 1.01
A, 742780, 380037, 921417, 1023924, 381785, 156508, 561430, 128125, 39.2, 45.3, 1.00
A, 742980, 380064, 921572, 1024160, 381811, 156496, 561480, 128115, 39.2, 45.3, 1.00
A, 743138, 380036, 921646, 1024393, 381912, 156505, 561534, 128156, 39.2, 45.3, 1.00
A, 743587, 380226, 922314, 1025062, 382022, 156587, 561766, 128207, 39.2, 45.3, 1.00
A, 743517, 380288, 922380, 1025278, 382083, 156637, 561878, 128188, 39.2, 45.3, 0.99
A, 744125, 380385, 922927, 1025855, 382255, 156752, 562038, 128293, 39.1, 45.3, 1.00
A, 744364, 380504, 923174, 1026000, 382304, 156708, 562151, 128245, 39.1, 45.3, 1.00
A, 744274, 380599, 923197, 1026061, 382433, 156783, 562179, 128229, 39.1, 45.3, 0.99
A, 744313, 380601, 923257, 1026333, 382483, 156833, 562306, 128298, 39.1, 45.3, 1.00
A, 744409, 380611, 923261, 1026380, 382515, 156827, 562364, 128261, 39.2, 45.3, 0.98
A, 744434, 380715, 923340, 1026523, 382581, 156817, 562398, 128261, 39.2, 45.3, 1.00
A, 744801, 380812, 923801, 1026767, 382732, 156890, 562571, 128254, 39.1, 45.4, 0.99
A, 744599, 380750, 923575, 1026632, 382673, 156820, 562528, 128306, 39.1, 45.4, 1.00
A, 746040, 381054, 925586, 1028543, 383039, 157157, 562984, 128513, 39.1, 45.4, 0.99
A, 745367, 381137, 924730, 1027836, 383050, 157062, 562864, 128363, 39.1, 45.4, 1.00
A, 744419, 381008, 923470, 1026646, 382868, 156885, 562798, 128217, 39.1, 45.4, 1.00
A, 744123, 380914, 922889, 1026149, 382713, 156819, 562591, 128085, 39.1, 45.4, 1.00
A, 744018, 380807, 923224, 1026602, 382800, 156882, 562747, 128167, 39.1, 45.4, 1.00
A, 744196, 380936, 923213, 1026764, 382848, 156860, 562770, 128165, 39.1, 45.4, 1.00
A, 744284, 380920, 923238, 1026690, 382862, 156878, 562811, 128117, 39.1, 45.4, 1.00
A, 744669, 380990, 923854, 1027329, 382966, 156916, 562985, 128246, 39.1, 45.4, 1.01
A, 744725, 380966, 923739, 1027093, 383074, 156931, 563055, 128156, 39.1, 45.4, 1.00
A, 744685, 380992, 923599, 1026984, 383046, 156916, 563090, 128159, 39.1, 45.5, 1.00
A, 744454, 380978, 923624, 1027291, 383061, 156908, 563111, 128138, 39.1, 45.5, 1.00
A, 744792, 381072, 923921, 1027558, 383174, 156976, 563218, 128196, 39.1, 45.4, 1.00
A, 744674, 381095, 923876, 1027591, 383193, 156996, 563270, 128252, 39.1, 45.4, 1.00
A, 745050, 381126, 924274, 1027892, 383276, 157106, 563413, 128259, 39.1, 45.5, 1.00
A, 745033, 381176, 924298, 1027867, 383332, 157052, 563476, 128171, 39.1, 45.5, 1.00
A, 744999, 381139, 924128, 1027793, 383376, 157012, 563459, 128155, 39.1, 45.5, 1.00
A, 744907, 381174, 924143, 1027782, 383345, 157090, 563457, 128137, 39.1, 45.5, 1.00
A, 745079, 381272, 924501, 1028315, 383438, 157078, 563643, 128148, 39.1, 45.5, 1.01
A, 745019, 381223, 924379, 1028162, 383411, 157029, 563591, 128156, 39.1, 45.5, 0.99
A, 745459, 381403, 924614, 1028298, 383533, 157087, 563758, 128206, 39.1, 45.5, 0.98
A, 746489, 381547, 926439, 1029965, 383799, 157277, 564046, 128358, 39.1, 45.5, 1.01
A, 745558, 381508, 925121, 1028882, 383808, 157257, 563980, 128193, 39.1, 45.5, 1.00
A, 745274, 381464, 924716, 1028692, 383694, 157181, 563866, 128181, 39.1, 45.5, 1.01
A, 745489, 381466, 925093, 1028963, 383717, 157209, 563972, 128201, 39.1, 45.5, 0.99
A, 745463, 381484, 925114, 1028967, 383787, 157245, 564040, 128151, 39.1, 45.5, 1.01
A, 745519, 381585, 925078, 1028935, 383802, 157217, 564079, 128126, 39.1, 45.5, 0.99
A, 745463, 381618, 924743, 1028580, 383859, 157232, 564081, 128113, 39.1, 45.5, 0.99
A, 745223, 381548, 924678, 1028726, 383768, 157189, 564061, 128093, 39.1, 45.5, 1.00
A, 745503, 381588, 924994, 1029110, 383876, 157224, 564217, 128144, 39.1, 45.5, 0.99
A, 745378, 381607, 924916, 1029077, 383893, 157283, 564218, 128213, 39.1, 45.5, 1.01
A, 745760, 381658, 925154, 1029352, 384021, 157307, 564398, 128241, 39.1, 45.6, 0.99
A, 745888, 381751, 925427, 1029539, 384071, 157243, 564438, 128154, 39.1, 45.6, 0.99
A, 745818, 381809, 925327, 1029530, 384128, 157275, 564486, 128186, 39.1, 45.6, 0.99
A, 746030, 381896, 925513, 1029677, 384160, 157310, 564558, 128219, 39.1, 45.6, 1.00
A, 746058, 381849, 925574, 1029904, 384103, 157370, 564628, 128200, 39.1, 45.6, 1.00
A, 746392, 381910, 925718, 1029994, 384247, 157383, 564785, 128156, 39.1, 45.6, 1.00
A, 746199, 381922, 925416, 1029775, 384238, 157305, 564672, 128141, 39.1, 45.6, 1.00
A, 746233, 382003, 925760, 1030288, 384299, 157345, 564827, 128126, 39.1, 45.6, 1.00
A, 746120, 381942, 925713, 1030380, 384315, 157412, 564846, 128164, 39.1, 45.6, 1.00
A, 746060, 382000, 925424, 1030172, 384320, 157364, 564877, 128124, 39.1, 45.6, 1.00
A, 747805, 382302, 927754, 1032226, 384744, 157579, 565253, 128406, 39.1, 45.6, 1.00
A, 747140, 382299, 926942, 1031390, 384664, 157541, 565159, 128219, 39.1, 45.6, 1.01
A, 746385, 382198, 925653, 1030290, 384534, 157394, 565044, 128141, 39.1, 45.6, 1.00
A, 745994, 382058, 925218, 1029933, 384367, 157298, 564938, 128004, 39.1, 45.6, 0.99
A, 745768, 382058, 925081, 1030019, 384388, 157340, 564913, 128041, 39.1, 45.6, 1.01
A, 745584, 382030, 924817, 1029848, 384334, 157332, 564964, 127986, 39.1, 45.6, 1.01
A, 745702, 381950, 924598, 1029391, 384343, 157231, 564909, 127940, 39.1, 45.6, 1.00
A, 745652, 381899, 924680, 1029755, 384404, 157330, 565011, 128046, 39.1, 45.6, 1.01
A, 746273, 382074, 925528, 1030579, 384575, 157365, 565175, 128044, 39.1, 45.6, 1.00
A, 746310, 382045, 925557, 1030744, 384615, 157368, 565319, 128080, 39.1, 45.6, 1.01
A, 746529, 382146, 925662, 1030740, 384689, 157378, 565319, 128095, 39.1, 45.6, 1.01
A, 746833, 382195, 926204, 1031305, 384770, 157418, 565403, 128093, 39.1, 45.6, 0.99
A, 746854, 382225, 926041, 1031257, 384765, 157452, 565502, 128124, 39.1, 45.6, 1.01
A, 746738, 382220, 925780, 1030986, 384721, 157453, 565457, 128040, 39.1, 45.6, 1.00
A, 746860, 382284, 926150, 1031494, 384764, 157484, 565517, 128092, 39.1, 45.6, 1.00
A, 746864, 382309, 926253, 1031524, 384849, 157521, 565587, 128075, 39.1, 45.7, 1.00
A, 747103, 382267, 926455, 1031871, 384948, 157603, 565720, 128133, 39.1, 45.7, 1.01
A, 747238, 382387, 926549, 1031940, 384953, 157608, 565704, 128160, 39.1, 45.6, 1.01
A, 747334, 382371, 926833, 1031914, 385076, 157571, 565761, 128128, 39.1, 45.6, 1.00
A, 747119, 382357, 926635, 1031820, 384996, 157590, 565750, 128087, 39.1, 45.6, 1.01
A, 748402, 382491, 928300, 1033355, 385251, 157729, 566034, 128266, 39.1, 45.6, 1.00
A, 747597, 382575, 927362, 1032488, 385226, 157682, 565968, 128134, 39.1, 45.7, 1.01
A, 747142, 382500, 926823, 1032055, 385079, 157641, 565814, 128106, 39.1, 45.7, 1.00
A, 746547, 382398, 925961, 1031193, 384984, 157557, 565740, 127942, 39.1, 45.7, 1.01
A, 746534, 382254, 926052, 1031281, 384976, 157516, 565717, 127887, 39.1, 45.7, 0.99
A, 746597, 382277, 926301, 1031625, 385014, 157552, 565836, 128031, 39.1, 45.7, 0.99
A, 746655, 382264, 926373, 1031810, 385084, 157637, 565814, 128033, 39.1, 45.7, 1.01
A, 746938, 382300, 926545, 1031717, 385070, 157612, 565910, 128024, 39.1, 45.7, 1.00
A, 747298, 382426, 927218, 1032328, 385196, 157629, 565981, 128024, 39.1, 45.7, 1.00
A, 747170, 382399, 927176, 1032344, 385261, 157677, 566138, 128062, 39.1, 45.7, 1.00
A, 747275, 382368, 927125, 1032062, 385266, 157692, 566079, 128040, 39.1, 45.7, 0.99
A, 747283, 382455, 927378, 1032565, 385316, 157774, 566156, 128106, 39.1, 45.7, 1.00
A, 747377, 382445, 927569, 1032636, 385357, 157754, 566204, 128100, 39.1, 45.7, 1.00
A, 747432, 382467, 927712, 1032817, 385429, 157781, 566274, 128153, 39.1, 45.7, 1.01
A, 747637, 382479, 927753, 1032815, 385383, 157804, 566308, 128136, 39.1, 45.7, 1.00
A, 747776, 382585, 928409, 1033325, 385555, 157835, 566424, 128151, 39.1, 45.7, 1.01
A, 747616, 382554, 928044, 1033138, 385537, 157876, 566396, 128113, 39.1, 45.7, 1.00
A, 747768, 382629, 928285, 1033144, 385552, 157910, 566505, 128129, 39.1, 45.7, 1.01
A, 747642, 382554, 928252, 1033197, 385528, 157817, 566484, 128053, 39.1, 45.7, 1.01
A, 747549, 382594, 928035, 1032842, 385573, 157860, 566520, 128074, 39.1, 45.7, 1.01
A, 748789, 382704, 929647, 1034385, 385838, 158006, 566778, 128217, 39.1, 45.7, 1.01
A, 748444, 382854, 929356, 1034120, 385885, 157988, 566799, 128144, 39.1, 45.7, 1.00
A, 747681, 382703, 928476, 1033263, 385681, 157915, 566665, 128042, 39.1, 45.7, 1.00
A, 747466, 382639, 928281, 1033170, 385674, 157909, 566642, 128090, 39.1, 45.7, 0.99
A, 747257, 382692, 927948, 1032718, 385675, 157853, 566618, 127971, 39.1, 45.7, 1.00
A, 747137, 382536, 927815, 1032532, 385555, 157823, 566601, 128001, 39.1, 45.7, 0.99
A, 747362, 382562, 928040, 1032838, 385607, 157879, 566611, 127990, 39.1, 45.7, 0.99
A, 747357, 382572, 928078, 1032898, 385652, 157857, 566634, 128032, 39.1, 45.8, 1.00
A, 747352, 382632, 928209, 1032967, 385701, 157975, 566664, 128051, 39.1, 45.8, 1.00
A, 747488, 382629, 928511, 1033233, 385826, 158012, 566834, 128060, 39.1, 45.8, 1.00
A, 747646, 382698, 928526, 1033178, 385809, 157941, 566858, 128058, 39.1, 45.8, 1.00
A, 747457, 382588, 928259, 1032953, 385753, 157894, 566802, 127964, 39.1, 45.8, 1.00
A, 747274, 382574, 928297, 1033127, 385801, 157917, 566814, 128022, 39.1, 45.8, 1.00
A, 747074, 382567, 927900, 1032772, 385782, 157864, 566875, 127966, 39.1, 45.8, 1.00
A, 747168, 382524, 928051, 1032965, 385769, 157940, 566919, 127956, 39.1, 45.8, 1.01
A, 747676, 382665, 928659, 1033449, 385938, 157939, 567037, 128036, 39.1, 45.8, 0.99
A, 747806, 382788, 928868, 1033640, 386064, 157953, 567197, 128034, 39.1, 45.8, 1.01
A, 747933, 382839, 928820, 1033574, 386053, 157987, 567274, 127998, 39.1, 45.8, 1.01
A, 748109, 382905, 929089, 1034093, 386139, 158062, 567357, 128132, 39.1, 45.8, 0.99
A, 748148, 382910, 929107, 1034154, 386173, 158038, 567413, 128048, 39.0, 45.8, 1.00
A, 749528, 383222, 930869, 1035911, 386453, 158253, 567753, 128361, 39.0, 45.8, 1.00
A, 749378, 383436, 930439, 1035348, 386545, 158174, 567777, 128204, 39.0, 45.8, 1.00
A, 748731, 383220, 929761, 1034924, 386373, 158081, 567636, 128084, 39.0, 45.8, 1.01
A, 748056, 383210, 928540, 1033879, 386230, 158033, 567465, 127954, 39.1, 45.8, 1.00
A, 747857, 383069, 928258, 1033554, 386121, 157956, 567346, 127893, 39.1, 45.8, 1.00
A, 746973, 382986, 927010, 1032726, 386063, 157915, 567265, 127805, 39.0, 45.8, 1.01
A, 746868, 382824, 926640, 1032407, 385888, 157810, 567129, 127801, 39.0, 45.8, 1.00
A, 747373, 382836, 927505, 1033185, 386040, 157837, 567252, 127831, 39.0, 45.8, 1.00
A, 747585, 382814, 927973, 1033630, 386117, 157909, 567321, 127904, 39.0, 45.8, 1.00
A, 747737, 382831, 928089, 1033790, 386173, 157971, 567442, 127948, 39.0, 45.8, 0.99
A, 748263, 382970, 928770, 1034387, 386251, 158060, 567567, 128015, 39.0, 45.8, 1.00
A, 748507, 382986, 929022, 1034414, 386269, 158030, 567579, 127989, 39.0, 45.8, 1.01
A, 748393, 382964, 929022, 1034406, 386309, 158062, 567580, 127958, 39.0, 45.8, 0.99
A, 748647, 383015, 929262, 1034706, 386338, 158043, 567620, 127950, 39.0, 45.8, 0.99
A, 748583, 382947, 929496, 1034754, 386412, 158058, 567653, 127962, 39.0, 45.8, 1.00
A, 748878, 383018, 929768, 1035180, 386483, 158211, 567720, 128024, 39.0, 45.8, 1.00
A, 748829, 383064, 929936, 1035288, 386477, 158233, 567786, 128025, 39.0, 45.8, 1.00
A, 749224, 383241, 930357, 1035382, 386595, 158172, 567869, 128086, 39.0, 45.8, 1.00
A, 748961, 383145, 930221, 1035300, 386570, 158208, 567785, 128016, 39.0, 45.8, 1.00
A, 749012, 383101, 930434, 1035631, 386535, 158288, 567853, 128074, 39.0, 45.8, 1.01
A, 750076, 383251, 932147, 1037089, 386815, 158472, 568135, 128242, 39.0, 45.8, 1.01
A, 749918, 383417, 931769, 1036603, 386776, 158382, 568103, 128176, 39.0, 45.8, 1.00
A, 749094, 383294, 930832, 1035657, 386798, 158342, 568027, 128040, 39.0, 45.8, 1.01
A, 748624, 383132, 930096, 1034987, 386571, 158221, 567862, 127935, 39.0, 45.8, 1.00
A, 748332, 383128, 929963, 1034732, 386619, 158240, 567866, 127876, 39.0, 45.9, 1.00
A, 748233, 382906, 929956, 1034828, 386575, 158231, 567863, 127864, 39.0, 45.9, 1.01
A, 748534, 383047, 930400, 1035171, 386693, 158275, 567948, 128006, 39.0, 45.9, 0.99
A, 748716, 383078, 930611, 1035361, 386674, 158360, 568015, 128041, 39.0, 45.9, 1.00
A, 748824, 383110, 930904, 1035400, 386742, 158298, 568077, 127934, 39.0, 45.9, 1.00
A, 748588, 383067, 930784, 1035268, 386739, 158301, 568037, 127962, 39.0, 45.9, 1.01
A, 748609, 383013, 930554, 1035210, 386704, 158352, 568033, 127919, 39.0, 45.9, 0.99
A, 748706, 383092, 930892, 1035091, 386747, 158363, 568076, 127977, 39.0, 45.9, 1.01
A, 748661, 383092, 930909, 1035372, 386753, 158390, 568085, 127995, 39.0, 45.9, 0.99
A, 748861, 383194, 931370, 1035757, 386841, 158479, 568245, 128046, 39.0, 45.9, 0.99
A, 749041, 383179, 931564, 1035718, 386884, 158372, 568308, 127969, 39.0, 45.9, 1.01
A, 748834, 383144, 931281, 1035456, 386815, 158358, 568240, 127956, 39.0, 45.9, 1.00
A, 748661, 383171, 931210, 1035562, 386881, 158413, 568223, 127933, 39.0, 45.9, 1.00
A, 748831, 383216, 931464, 1035864, 386944, 158419, 568348, 128004, 39.0, 45.9, 1.00
A, 748888, 383200, 931675, 1035854, 386973, 158490, 568356, 128047, 39.0, 45.9, 1.00
A, 749196, 383266, 932032, 1036262, 387019, 158524, 568504, 128077, 39.0, 45.9, 1.01
M, 745014, 382864, 925943, 1030392, 386382, 157678, 567458, 127017, 39.0, 45.9, 0.48
M, 736686, 380804, 913818, 1019199, 383926, 156083, 564536, 125519, 39.1, 46.0, 0.54
M, 729660, 378721, 903644, 1010518, 381813, 154902, 561998, 124403, 39.1, 46.0, 0.74
M, 722580, 376673, 893023, 1001385, 380159, 153440, 560672, 123281, 39.1, 45.9, 0.85
M, 719087, 376230, 885873, 995949, 380341, 152445, 561961, 122576, 39.1, 45.9, 0.90
M, 717046, 377092, 878156, 991350, 381589, 151429, 564582, 121873, 39.1, 46.0, 0.95
M, 717006, 378097, 873935, 989718, 382487, 150809, 566245, 121469, 39.1, 46.0, 0.96
M, 718873, 379615, 870061, 988992, 383707, 150328, 568334, 121146, 39.1, 46.0, 0.97
M, 721468, 381263, 866402, 989323, 384980, 149913, 569941, 120936, 39.1, 46.0, 0.98
M, 724272, 382749, 863399, 990365, 385869, 149638, 571143, 120686, 39.1, 46.0, 0.98
M, 728678, 384478, 860789, 992656, 386868, 149307, 572336, 120525, 39.1, 46.0, 1.00
M, 731949, 385571, 858781, 994756, 387494, 149135, 573067, 120425, 39.1, 46.0, 0.99
M, 735643, 386563, 857378, 997670, 388041, 149048, 573575, 120286, 39.1, 46.0, 0.99
M, 738881, 387284, 855970, 1000283, 388270, 149029, 573902, 120304, 39.1, 46.0, 0.99
M, 742617, 387953, 855270, 1003639, 388737, 149021, 574348, 120315, 39.1, 46.0, 1.01
M, 746175, 388541, 854393, 1006722, 389046, 148978, 574616, 120277, 39.1, 46.0, 0.99
M, 748731, 388816, 853505, 1009628, 389295, 149041, 574807, 120267, 39.1, 46.1, 1.01
M, 751433, 388972, 853225, 1012516, 389423, 149155, 575029, 120350, 39.1, 46.1, 1.01
M, 753801, 389149, 852890, 1015252, 389595, 149170, 575203, 120374, 39.1, 46.0, 0.99
M, 755847, 389133, 852845, 1018088, 389751, 149301, 575427, 120424, 39.1, 46.0, 1.01
M, 759036, 389380, 854490, 1022442, 390202, 149630, 575847, 120622, 39.1, 46.1, 1.01
M, 762599, 389733, 856450, 1026641, 390748, 149914, 576434, 120851, 39.1, 46.1, 1.00
M, 764832, 389830, 857498, 1029975, 391093, 150139, 576840, 121023, 39.1, 46.1, 1.00
M, 766409, 389936, 858284, 1032791, 391388, 150416, 577251, 121203, 39.1, 46.1, 1.01
M, 768326, 390116, 859253, 1035508, 391799, 150738, 577595, 121309, 39.1, 46.1, 1.01
M, 769308, 390151, 859832, 1037552, 391944, 150840, 577852, 121381, 39.1, 46.1, 0.99
M, 770387, 390120, 860307, 1039747, 392279, 151089, 578181, 121459, 39.1, 46.1, 1.00
M, 769948, 389860, 859158, 1039656, 392145, 151039, 578066, 121308, 39.1, 46.1, 1.00
M, 769677, 389528, 858574, 1040344, 392176, 151077, 578109, 121307, 39.1, 46.1, 1.01
M, 769252, 389283, 857770, 1040592, 392123, 151085, 578068, 121195, 39.1, 46.1, 1.01
M, 768793, 388991, 856996, 1040969, 392120, 151128, 578186, 121251, 39.1, 46.1, 1.00
M, 769043, 388728, 856992, 1041704, 392313, 151247, 578353, 121200, 39.1, 46.1, 1.00
M, 768834, 388543, 856852, 1042334, 392421, 151230, 578517, 121178, 39.1, 46.1, 1.00
M, 768478, 388330, 856271, 1042496, 392465, 151259, 578633, 121233, 39.1, 46.1, 1.00
M, 768598, 388093, 856308, 1043237, 392539, 151333, 578829, 121231, 39.1, 46.1, 1.01
M, 768461, 387939, 856332, 1043866, 392636, 151388, 579024, 121300, 39.1, 46.1, 1.01
M, 768565, 387781, 856585, 1044679, 392827, 151532, 579241, 121286, 39.1, 46.1, 1.01
M, 768668, 387741, 856654, 1045287, 393028, 151610, 579509, 121367, 39.1, 46.1, 1.00
M, 769052, 387751, 857172, 1046204, 393218, 151680, 579838, 121359, 39.1, 46.1, 0.99
M, 768878, 387609, 857066, 1046594, 393354, 151780, 579995, 121382, 39.1, 46.1, 1.00
M, 769662, 387632, 858319, 1048239, 393700, 152055, 580409, 121595, 39.1, 46.1, 1.00
M, 769533, 387714, 858177, 1048397, 393862, 152037, 580663, 121615, 39.1, 46.1, 1.01
M, 769114, 387509, 857608, 1048018, 393895, 152063, 580775, 121472, 39.1, 46.1, 1.00
M, 768368, 387252, 856914, 1047802, 393909, 152000, 580821, 121421, 39.1, 46.1, 1.01
M, 767917, 387040, 856362, 1047726, 394020, 151970, 581049, 121424, 39.1, 46.1, 1.00
M, 768120, 387114, 856861, 1048400, 394248, 152134, 581278, 121467, 39.1, 46.1, 1.00
M, 768121, 387028, 857027, 1048928, 394310, 152168, 581432, 121526, 39.1, 46.1, 1.00
M, 768081, 387056, 857015, 1049067, 394601, 152208, 581774, 121454, 39.1, 46.1, 1.01
M, 768172, 386931, 857265, 1049571, 394622, 152205, 581940, 121543, 39.1, 46.1, 1.00
M, 768561, 386975, 857762, 1050480, 394908, 152403, 582222, 121660, 39.1, 46.1, 1.00
M, 768714, 386985, 858192, 1051039, 395104, 152471, 582517, 121667, 39.1, 46.2, 1.00
M, 768965, 386998, 858453, 1051338, 395287, 152528, 582744, 121765, 39.1, 46.2, 1.00
M, 769390, 387210, 859259, 1052474, 395575, 152678, 583128, 121867, 39.1, 46.1, 1.00
M, 769439, 387217, 859351, 1052728, 395747, 152783, 583321, 121842, 39.1, 46.1, 1.00
M, 769569, 387268, 859454, 1052986, 395909, 152820, 583566, 121900, 39.1, 46.1, 0.99
M, 769697, 387305, 859897, 1053714, 396101, 152854, 583792, 121923, 39.1, 46.1, 1.00
M, 769864, 387303, 860166, 1054132, 396233, 152920, 583978, 121926, 39.1, 46.1, 0.99
M, 769521, 387315, 859928, 1054025, 396319, 152969, 584098, 121881, 39.1, 46.1, 1.00
M, 770127, 387435, 860648, 1054913, 396502, 153121, 584414, 122097, 39.1, 46.2, 1.00
M, 770220, 387505, 861088, 1055321, 396788, 153206, 584634, 122019, 39.1, 46.2, 0.99
M, 771624, 387683, 863035, 1057343, 397100, 153482, 585159, 122302, 39.1, 46.2, 1.01
M, 771382, 387880, 862769, 1057090, 397279, 153437, 585344, 122310, 39.1, 46.2, 1.01
M, 770885, 387838, 862284, 1056844, 397284, 153454, 585390, 122205, 39.1, 46.2, 1.00
M, 770751, 387787, 862374, 1057053, 397366, 153547, 585501, 122238, 39.1, 46.2, 1.00
M, 771292, 387956, 862821, 1057446, 397585, 153622, 585751, 122219, 39.1, 46.2, 1.01
M, 771031, 387873, 863036, 1057893, 397679, 153667, 585913, 122222, 39.1, 46.2, 1.00
M, 770864, 387953, 863021, 1057891, 397873, 153725, 586089, 122261, 39.1, 46.2, 1.00
M, 770914, 388001, 863134, 1058065, 397890, 153783, 586188, 122322, 39.1, 46.2, 1.00
M, 770601, 388063, 862852, 1057955, 398099, 153766, 586346, 122261, 39.1, 46.2, 1.01
M, 770419, 388007, 862716, 1057729, 398015, 153773, 586427, 122232, 39.1, 46.2, 0.99
M, 770805, 387987, 863257, 1058389, 398230, 153844, 586606, 122268, 39.1, 46.2, 1.00
M, 771052, 388089, 863652, 1058792, 398313, 153889, 586793, 122350, 39.1, 46.2, 1.00
M, 771018, 388092, 863881, 1059192, 398473, 154007, 586926, 122346, 39.1, 46.2, 1.01
M, 771010, 388163, 863987, 1059519, 398668, 154046, 587158, 122419, 39.1, 46.2, 1.00
M, 771196, 388241, 864175, 1059424, 398707, 153964, 587286, 122405, 39.1, 46.2, 0.99
M, 770755, 388065, 863722, 1059147, 398705, 154029, 587359, 122346, 39.1, 46.2, 1.00
M, 771107, 388181, 864377, 1059984, 398825, 154140, 587578, 122414, 39.1, 46.2, 1.00
M, 771061, 388278, 864387, 1060209, 398946, 154164, 587781, 122415, 39.1, 46.2, 1.00
M, 771692, 388387, 865175, 1060854, 399172, 154260, 587944, 122537, 39.1, 46.2, 0.99
M, 771885, 388459, 865547, 1061426, 399283, 154324, 588140, 122544, 39.1, 46.2, 1.01
M, 773471, 388820, 867631, 1063395, 399712, 154645, 588716, 122824, 39.1, 46.2, 1.00
M, 773482, 388904, 867373, 1063002, 399813, 154605, 588813, 122702, 39.1, 46.2, 1.00
M, 773312, 388919, 867729, 1063594, 399886, 154621, 588875, 122708, 39.1, 46.2, 1.01
M, 772972, 388961, 867441, 1063382, 399902, 154664, 588941, 122703, 39.1, 46.2, 1.01
M, 772995, 388979, 867434, 1063357, 399940, 154732, 589105, 122788, 39.1, 46.2, 1.00
M, 773285, 389134, 867930, 1063652, 400195, 154732, 589339, 122733, 39.1, 46.2, 0.99
M, 772877, 389037, 867758, 1063491, 400208, 154731, 589342, 122705, 39.1, 46.2, 1.00
M, 772692, 389150, 867407, 1063324, 400229, 154769, 589450, 122749, 39.1, 46.2, 1.01
M, 772676, 389083, 867696, 1063621, 400284, 154815, 589498, 122737, 39.1, 46.2, 1.00
M, 773056, 389140, 868203, 1064227, 400365, 154934, 589681, 122837, 39.1, 46.2, 1.00
M, 773145, 389223, 868589, 1064588, 400515, 154998, 589822, 122910, 39.1, 46.2, 0.99
M, 773428, 389259, 869025, 1064861, 400649, 155020, 589969, 122894, 39.1, 46.2, 1.00
M, 773485, 389300, 869078, 1064951, 400745, 155046, 590065, 122868, 39.1, 46.2, 1.01
M, 773218, 389346, 869058, 1065076, 400799, 155119, 590189, 122886, 39.1, 46.2, 1.00
M, 773561, 389328, 869532, 1065612, 400888, 155185, 590327, 122945, 39.1, 46.2, 1.00
M, 773706, 389433, 869850, 1065606, 400973, 155232, 590398, 122965, 39.1, 46.2, 0.99
M, 774018, 389503, 870436, 1066267, 401166, 155323, 590593, 123049, 39.1, 46.2, 1.01
M, 774116, 389541, 870689, 1066446, 401215, 155360, 590697, 123046, 39.1, 46.2, 1.00
M, 774139, 389579, 870736, 1066507, 401264, 155338, 590785, 123029, 39.1, 46.2, 1.00
M, 773882, 389520, 870749, 1066608, 401269, 155342, 590880, 122975, 39.1, 46.2, 1.00
M, 775441, 389731, 872915, 1068503, 401658, 155686, 591288, 123268, 39.1, 46.2, 1.00
M, 774868, 389896, 872245, 1067945, 401708, 155639, 591326, 123220, 39.1, 46.2, 1.00
M, 774800, 389882, 872188, 1067818, 401710, 155652, 591364, 123155, 39.1, 46.2, 0.99
M, 774212, 389846, 871710, 1067361, 401710, 155621, 591343, 123057, 39.1, 46.2, 1.00
M, 773719, 389742, 871176, 1066902, 401614, 155562, 591271, 122971, 39.1, 46.2, 1.01
M, 773711, 389754, 871376, 1066971, 401661, 155603, 591346, 123074, 39.1, 46.2, 1.01
M, 774006, 389792, 871886, 1067322, 401836, 155650, 591534, 123053, 39.1, 46.2, 1.00
M, 773973, 389710, 871852, 1067393, 401757, 155638, 591527, 123052, 39.1, 46.2, 1.01
M, 773925, 389845, 872032, 1067536, 401947, 155685, 591701, 123046, 39.1, 46.2, 1.00
M, 773994, 389733, 872190, 1067735, 401870, 155711, 591743, 123119, 39.1, 46.2, 1.00
M, 774178, 389790, 872754, 1068108, 402040, 155830, 591884, 123182, 39.1, 46.2, 0.99
M, 774294, 389774, 872864, 1068405, 402138, 155840, 591974, 123209, 39.1, 46.2, 1.01
M, 774558, 389855, 873283, 1068532, 402179, 155874, 592121, 123125, 39.1, 46.2, 1.00
M, 774262, 389833, 873190, 1068460, 402232, 155890, 592108, 123151, 39.1, 46.2, 1.00
M, 774576, 389857, 873807, 1069086, 402358, 155986, 592332, 123227, 39.1, 46.2, 1.00
M, 774678, 389950, 873889, 1069034, 402375, 156023, 592406, 123223, 39.1, 46.2, 1.00
M, 774831, 389933, 874332, 1069340, 402468, 156032, 592499, 123254, 39.1, 46.2, 0.99
M, 774948, 389952, 874570, 1069652, 402562, 156126, 592615, 123254, 39.1, 46.2, 1.00
M, 775358, 390033, 875110, 1069774, 402646, 156100, 592727, 123344, 39.1, 46.2, 1.00
M, 775123, 390062, 875033, 1069837, 402697, 156156, 592775, 123287, 39.1, 46.2, 1.01
M, 776076, 390166, 876782, 1071575, 402910, 156393, 593128, 123473, 39.1, 46.2, 1.01
M, 775883, 390270, 876542, 1071145, 402949, 156407, 593161, 123418, 39.1, 46.3, 1.00
M, 775350, 390172, 875974, 1070383, 402861, 156324, 593040, 123315, 39.1, 46.3, 0.99
M, 775448, 390132, 876211, 1070759, 402900, 156359, 593087, 123364, 39.1, 46.2, 0.99
M, 775441, 390126, 876218, 1070623, 402973, 156348, 593194, 123305, 39.1, 46.2, 0.99
M, 775323, 390217, 876237, 1070510, 402981, 156408, 593221, 123363, 39.1, 46.2, 0.99
M, 775166, 390054, 876398, 1070708, 403013, 156395, 593240, 123398, 39.1, 46.2, 0.99
M, 775087, 390169, 876511, 1070536, 403069, 156386, 593308, 123391, 39.1, 46.3, 0.99
M, 774932, 390133, 876508, 1070694, 403112, 156449, 593400, 123429, 39.1, 46.3, 1.00
M, 774955, 390195, 876619, 1070590, 403146, 156442, 593519, 123386, 39.1, 46.3, 1.01
M, 774824, 390026, 876702, 1070636, 403132, 156460, 593470, 123375, 39.1, 46.3, 1.00
M, 775172, 390150, 877053, 1070939, 403194, 156577, 593578, 123491, 39.1, 46.3, 1.00
M, 775313, 390187, 877367, 1071165, 403291, 156541, 593663, 123436, 39.1, 46.2, 1.00
M, 775313, 390106, 877635, 1071338, 403376, 156682, 593795, 123512, 39.1, 46.2, 0.99
M, 775674, 390258, 878279, 1071937, 403419, 156690, 593958, 123593, 39.1, 46.3, 1.00
M, 775679, 390274, 878390, 1071813, 403547, 156774, 594042, 123523, 39.1, 46.3, 1.00
M, 775609, 390238, 878492, 1071839, 403526, 156710, 594043, 123541, 39.1, 46.3, 1.00
M, 775588, 390232, 878684, 1072123, 403577, 156793, 594137, 123609, 39.1, 46.3, 1.00
M, 775654, 390181, 878870, 1072262, 403674, 156863, 594218, 123572, 39.1, 46.3, 1.00
M, 776125, 390336, 879537, 1072685, 403727, 156962, 594357, 123663, 39.1, 46.3, 1.00
M, 777517, 390609, 881508, 1074660, 404112, 157159, 594761, 123938, 39.1, 46.3, 1.00
M, 777550, 390743, 881715, 1074679, 404250, 157179, 594859, 123849, 39.1, 46.3, 1.01
M, 777239, 390771, 881465, 1074179, 404178, 157160, 594783, 123790, 39.1, 46.3, 1.00
M, 777107, 390737, 881596, 1074310, 404187, 157257, 594809, 123833, 39.1, 46.3, 1.00
M, 776869, 390724, 881577, 1074146, 404135, 157219, 594812, 123741, 39.1, 46.3, 1.00
M, 776687, 390629, 881365, 1073589, 404138, 157161, 594795, 123740, 39.1, 46.3, 1.00
M, 776330, 390612, 881126, 1073304, 404130, 157101, 594750, 123696, 39.1, 46.3, 1.00
M, 775622, 390506, 880517, 1072890, 403997, 157149, 594635, 123632, 39.1, 46.3, 1.00
M, 775626, 390429, 880565, 1072687, 404039, 157081, 594749, 123600, 39.1, 46.3, 1.00
M, 775536, 390257, 880646, 1072729, 403961, 157093, 594683, 123634, 39.1, 46.3, 1.00
M, 775484, 390461, 880729, 1072772, 404038, 157138, 594804, 123673, 39.1, 46.3, 1.00
M, 775461, 390303, 880796, 1072591, 404030, 157081, 594804, 123646, 39.1, 46.3, 0.99
M, 775743, 390286, 881415, 1073294, 404162, 157216, 594959, 123645, 39.1, 46.3, 1.01
M, 775474, 390297, 881152, 1072997, 404112, 157204, 594903, 123632, 39.1, 46.3, 1.00
M, 775460, 390331, 881434, 1073105, 404147, 157250, 594952, 123769, 39.1, 46.3, 1.00
M, 775967, 390388, 881954, 1073586, 404304, 157277, 595109, 123827, 39.1, 46.3, 0.99
M, 776267, 390493, 882444, 1073667, 404357, 157363, 595193, 123762, 39.1, 46.3, 1.00
M, 775763, 390359, 881985, 1073304, 404269, 157290, 595112, 123723, 39.1, 46.3, 1.00
M, 776044, 390318, 882410, 1073731, 404380, 157384, 595327, 123804, 39.1, 46.3, 1.00
M, 776101, 390316, 882702, 1073771, 404415, 157465, 595397, 123814, 39.1, 46.3, 1.00
M, 777470, 390533, 884578, 1075561, 404648, 157674, 595622, 124070, 39.1, 46.3, 1.00
M, 776941, 390592, 884199, 1075102, 404673, 157586, 595649, 123954, 39.1, 46.3, 1.00
M, 776505, 390509, 883801, 1074467, 404661, 157473, 595593, 123878, 39.1, 46.3, 1.00
M, 775973, 390357, 883218, 1073883, 404572, 157461, 595462, 123737, 39.1, 46.3, 1.01
M, 775738, 390256, 883076, 1073778, 404486, 157523, 595476, 123777, 39.1, 46.3, 1.00
M, 775732, 390246, 883212, 1073923, 404467, 157515, 595501, 123823, 39.1, 46.3, 1.01
M, 776231, 390267, 883969, 1074254, 404588, 157643, 595722, 123914, 39.1, 46.3, 1.00
M, 776453, 390305, 884339, 1074415, 404728, 157584, 595752, 123867, 39.1, 46.3, 1.00
M, 776404, 390288, 884406, 1074573, 404726, 157611, 595777, 123911, 39.1, 46.3, 1.00
M, 776258, 390329, 884560, 1074533, 404805, 157688, 595922, 123836, 39.1, 46.3, 1.00
M, 776260, 390254, 884664, 1074677, 404784, 157722, 595839, 123882, 39.1, 46.3, 0.99
M, 775943, 390324, 884363, 1074084, 404748, 157600, 595839, 123799, 39.1, 46.3, 1.01
M, 775932, 390179, 884546, 1074135, 404781, 157667, 595899, 123811, 39.1, 46.3, 0.99
M, 776086, 390219, 885101, 1074723, 404868, 157776, 595969, 123854, 39.1, 46.3, 1.00
M, 776165, 390176, 885320, 1074817, 404850, 157769, 596094, 123951, 39.1, 46.3, 1.00
M, 776127, 390209, 885230, 1074654, 404834, 157711, 596033, 123882, 39.1, 46.3, 1.00
M, 776464, 390318, 885893, 1075087, 404940, 157854, 596153, 123960, 39.1, 46.3, 1.00
M, 776575, 390259, 886112, 1075107, 405038, 157817, 596233, 123933, 39.1, 46.3, 1.00
M, 776505, 390202, 886013, 1074983, 405001, 157819, 596186, 123904, 39.1, 46.3, 1.00
M, 776676, 390293, 886740, 1075570, 405097, 157993, 596295, 123996, 39.1, 46.3, 1.00
M, 778005, 390475, 888768, 1077473, 405421, 158112, 596659, 124209, 39.1, 46.3, 1.01
M, 777656, 390611, 888409, 1076965, 405456, 158179, 596696, 124173, 39.1, 46.3, 1.00
M, 776955, 390384, 887469, 1076086, 405237, 158045, 596464, 124059, 39.1, 46.3, 1.01
M, 776929, 390411, 887761, 1075948, 405263, 158108, 596546, 124001, 39.1, 46.3, 1.00
M, 776726, 390388, 887761, 1075826, 405222, 158090, 596577, 124045, 39.1, 46.3, 1.00
M, 776654, 390457, 887670, 1075844, 405230, 158089, 596502, 124029, 39.1, 46.3, 1.00
M, 776465, 390338, 887725, 1075441, 405214, 158143, 596490, 123983, 39.1, 46.3, 1.00
M, 776482, 390172, 887911, 1075718, 405269, 158158, 596572, 124039, 39.1, 46.3, 1.00
M, 776959, 390353, 888461, 1075893, 405328, 158186, 596673, 124068, 39.1, 46.3, 1.00
M, 776637, 390297, 888605, 1075918, 405327, 158138, 596686, 124055, 39.1, 46.3, 1.00
M, 775980, 390232, 887877, 1075195, 405236, 158101, 596577, 124024, 39.1, 46.3, 1.00
M, 775802, 390121, 887869, 1075168, 405159, 158102, 596542, 124043, 39.1, 46.3, 1.00
M, 775822, 390109, 888006, 1074902, 405304, 158179, 596521, 123992, 39.1, 46.3, 0.99
M, 775813, 389965, 887956, 1074784, 405196, 158190, 596578, 124009, 39.1, 46.3, 1.00
M, 775952, 390112, 888382, 1075177, 405231, 158221, 596630, 124033, 39.1, 46.3, 1.02
M, 776068, 390019, 888698, 1075209, 405367, 158243, 596624, 124050, 39.1, 46.3, 1.00
M, 775987, 389932, 888940, 1075427, 405385, 158280, 596737, 124046, 39.1, 46.3, 1.00
M, 776403, 390146, 889548, 1075852, 405407, 158281, 596866, 124168, 39.1, 46.3, 0.99
M, 776490, 390084, 889557, 1075606, 405462, 158329, 596909, 124135, 39.1, 46.3, 0.99
M, 776399, 390015, 889709, 1075530, 405430, 158319, 596860, 124107, 39.2, 46.3, 0.99
M, 777611, 390179, 891676, 1077490, 405775, 158582, 597222, 124348, 39.2, 46.3, 1.00
M, 777708, 390399, 891972, 1077637, 405866, 158653, 597307, 124298, 39.2, 46.3, 1.01
M, 777368, 390354, 891754, 1077175, 405830, 158615, 597329, 124353, 39.2, 46.3, 1.01
M, 777420, 390379, 892103, 1077299, 405860, 158680, 597370, 124326, 39.1, 46.3, 1.00
M, 777350, 390398, 892074, 1077203, 405832, 158606, 597327, 124326, 39.1, 46.3, 1.00
M, 777123, 390271, 891767, 1076742, 405795, 158632, 597344, 124263, 39.1, 46.3, 1.00
M, 777060, 390288, 892201, 1077073, 405771, 158632, 597349, 124289, 39.1, 46.3, 1.00
M, 776383, 390225, 891505, 1076305, 405718, 158556, 597173, 124193, 39.2, 46.3, 0.99
M, 776545, 390220, 891995, 1076568, 405810, 158698, 597273, 124258, 39.2, 46.3, 1.00
M, 776635, 390213, 892043, 1076265, 405839, 158625, 597303, 124257, 39.2, 46.3, 1.00
M, 776577, 390212, 892221, 1076511, 405783, 158674, 597400, 124192, 39.2, 46.3, 1.00
M, 776394, 390300, 892005, 1076222, 405934, 158676, 597568, 124232, 39.2, 46.3, 1.00
M, 776459, 390202, 892131, 1076408, 405852, 158729, 597629, 124295, 39.2, 46.3, 1.00
M, 776863, 390422, 892692, 1076989, 405978, 158739, 597803, 124357, 39.2, 46.3, 1.00
M, 777188, 390455, 893169, 1077462, 406143, 158796, 597968, 124370, 39.2, 46.3, 1.00
M, 777545, 390695, 893416, 1077614, 406341, 158740, 598258, 124399, 39.2, 46.3, 1.00
M, 777770, 390913, 893483, 1077883, 406432, 158827, 598512, 124371, 39.1, 46.3, 1.00
M, 778018, 390969, 893618, 1078532, 406613, 158898, 598752, 124440, 39.1, 46.3, 1.00
M, 778716, 391352, 894082, 1079457, 406876, 158958, 599125, 124549, 39.2, 46.3, 1.00
M, 779328, 391621, 894241, 1079861, 406970, 158955, 599410, 124632, 39.2, 46.3, 1.00
M, 781272, 392241, 896460, 1082544, 407578, 159230, 600108, 124933, 39.2, 46.3, 1.00
M, 781525, 392639, 896030, 1082584, 407735, 159169, 600401, 124816, 39.2, 46.3, 0.99
M, 781382, 392767, 895206, 1082423, 407680, 159104, 600393, 124798, 39.2, 46.3, 1.00
M, 781575, 393046, 895037, 1082786, 407704, 159079, 600512, 124748, 39.2, 46.3, 1.00
M, 781886, 393226, 894781, 1083166, 407826, 159073, 600581, 124796, 39.2, 46.3, 1.00
M, 782480, 393515, 895037, 1083988, 407900, 159152, 600781, 124952, 39.2, 46.3, 1.00
M, 783726, 393865, 896004, 1085151, 408124, 159250, 601054, 125022, 39.2, 46.3, 1.00
M, 784457, 394128, 896537, 1086001, 408284, 159268, 601172, 125014, 39.2, 46.3, 1.01
M, 784752, 394368, 896737, 1086547, 408318, 159333, 601199, 125044, 39.2, 46.3, 1.00
M, 785320, 394457, 896717, 1086863, 408306, 159381, 601300, 125111, 39.2, 46.3, 1.00
M, 785864, 394751, 897300, 1087617, 408456, 159407, 601427, 125050, 39.2, 46.3, 1.00
M, 786047, 394802, 897221, 1087709, 408419, 159396, 601282, 125027, 39.2, 46.3, 1.00
M, 786228, 394933, 897303, 1087850, 408416, 159377, 601422, 125048, 39.2, 46.3, 1.00
M, 786411, 394921, 897436, 1088227, 408370, 159492, 601310, 125052, 39.2, 46.3, 1.00
M, 786739, 395071, 897951, 1088820, 408494, 159550, 601400, 125104, 39.2, 46.3, 0.99
M, 786954, 395061, 898205, 1089039, 408459, 159562, 601403, 125142, 39.2, 46.3, 1.00
M, 787280, 395251, 898491, 1089142, 408519, 159624, 601391, 125063, 39.2, 46.3, 1.00
M, 787245, 395229, 898577, 1089320, 408559, 159574, 601390, 125173, 39.2, 46.3, 1.00
M, 787712, 395305, 899361, 1090038, 408565, 159688, 601505, 125150, 39.2, 46.3, 1.00
M, 787700, 395352, 899378, 1090061, 408607, 159731, 601453, 125126, 39.2, 46.3, 1.00
A, 794052, 396136, 907676, 1097910, 409675, 160828, 602847, 126382, 39.2, 46.3, 0.03
A, 803886, 398420, 921839, 1111610, 412104, 162798, 605467, 128039, 39.2, 46.4, 0.61
A, 811962, 400866, 932900, 1121685, 414120, 164309, 607453, 129191, 39.2, 46.4, 0.77
A, 817256, 402647, 941205, 1128707, 415315, 165545, 608591, 130051, 39.2, 46.3, 0.83
A, 821011, 404048, 947591, 1134337, 416263, 166508, 609540, 130628, 39.2, 46.3, 0.89
A, 823660, 405485, 952938, 1138319, 417080, 167414, 610181, 131079, 39.2, 46.3, 0.93
A, 825257, 406504, 956751, 1140635, 417525, 168034, 610538, 131410, 39.2, 46.3, 0.97
A, 826641, 407587, 960808, 1142957, 417988, 168728, 610899, 131665, 39.2, 46.2, 0.97
A, 826903, 408507, 963684, 1143961, 418258, 169304, 610973, 131753, 39.2, 46.2, 0.98
A, 826472, 409095, 965394, 1144023, 418235, 169662, 610785, 131883, 39.1, 46.2, 0.98
A, 826278, 409644, 967535, 1144343, 418278, 170000, 610699, 131992, 39.1, 46.2, 0.99
A, 825062, 410160, 968836, 1143375, 418110, 170398, 610406, 131948, 39.1, 46.2, 0.99
A, 824100, 410347, 969715, 1142830, 417935, 170637, 610036, 131960, 39.1, 46.2, 1.00
A, 822751, 410743, 970854, 1141236, 417727, 170831, 609560, 131905, 39.1, 46.2, 0.99
A, 821524, 410855, 971448, 1140248, 417375, 170928, 609149, 131882, 39.1, 46.2, 1.01
A, 820492, 410922, 972117, 1139386, 417169, 171124, 608784, 131922, 39.1, 46.2, 1.00
A, 819118, 411009, 972771, 1137937, 416810, 171252, 608282, 131833, 39.1, 46.2, 1.00
A, 817755, 410934, 973181, 1136475, 416525, 171356, 607751, 131822, 39.1, 46.2, 0.99
A, 816655, 411034, 974085, 1135473, 416205, 171480, 607372, 131842, 39.1, 46.2, 1.00
A, 815233, 410970, 974467, 1133534, 415791, 171568, 606812, 131802, 39.1, 46.2, 0.99
A, 815097, 411079, 976792, 1133708, 415622, 171849, 606581, 131926, 39.1, 46.2, 1.00
A, 813663, 411049, 976804, 1132271, 415327, 171909, 606069, 131863, 39.1, 46.2, 1.00
A, 811874, 410810, 976539, 1130210, 414883, 171931, 605508, 131826, 39.1, 46.2, 1.00
A, 810360, 410600, 976615, 1128234, 414450, 171882, 604896, 131714, 39.1, 46.2, 1.00
A, 808583, 410332, 976114, 1125972, 413970, 171819, 604292, 131619, 39.1, 46.2, 1.00
A, 807097, 410071, 976255, 1124677, 413581, 171856, 603765, 131571, 39.1, 46.2, 1.01
A, 805758, 409769, 976071, 1122902, 413148, 171796, 603243, 131521, 39.1, 46.2, 1.00
A, 803996, 409435, 975621, 1120821, 412640, 171693, 602687, 131377, 39.1, 46.2, 0.99
A, 803079, 409164, 976036, 1119831, 412367, 171811, 602225, 131443, 39.1, 46.2, 1.01
A, 801885, 408898, 976031, 1117820, 411940, 171687, 601700, 131327, 39.1, 46.2, 1.00
A, 800562, 408534, 975826, 1116366, 411546, 171624, 601221, 131293, 39.1, 46.2, 1.01
A, 799210, 408134, 975725, 1115081, 411189, 171659, 600779, 131217, 39.1, 46.2, 1.01
A, 798096, 407830, 975565, 1113267, 410887, 171563, 600284, 131245, 39.1, 46.2, 1.01
A, 797205, 407515, 975519, 1112091, 410526, 171566, 599864, 131206, 39.1, 46.2, 1.00
A, 795743, 407149, 975427, 1110370, 410140, 171491, 599320, 131077, 39.1, 46.2, 0.99
A, 794807, 406785, 975254, 1109241, 409747, 171452, 598922, 131050, 39.1, 46.2, 1.00
A, 794272, 406460, 975825, 1108489, 409501, 171455, 598613, 131051, 39.1, 46.2, 1.00
A, 793447, 406135, 975929, 1107404, 409181, 171433, 598201, 131007, 39.1, 46.2, 1.00
A, 791936, 405681, 975137, 1105694, 408787, 171368, 597675, 130951, 39.1, 46.2, 1.00
A, 791552, 405369, 975717, 1105001, 408543, 171390, 597375, 130914, 39.1, 46.2, 0.99
A, 792438, 405412, 978206, 1105800, 408591, 171628, 597385, 131205, 39.1, 46.2, 1.01
A, 790992, 405016, 977302, 1103780, 408240, 171511, 596941, 130978, 39.1, 46.2, 1.00
A, 789605, 404659, 976658, 1102457, 407885, 171386, 596505, 130980, 39.1, 46.2, 1.00
A, 788531, 404235, 975880, 1100655, 407470, 171296, 596023, 130840, 39.1, 46.2, 1.00
A, 787681, 403830, 975919, 1099634, 407214, 171206, 595637, 130813, 39.1, 46.2, 0.99
A, 786608, 403442, 975515, 1098189, 406807, 171166, 595279, 130704, 39.1, 46.2, 1.00
A, 786125, 403147, 975954, 1097267, 406618, 171139, 594962, 130683, 39.1, 46.2, 1.00
A, 785371, 402802, 975815, 1096419, 406368, 171076, 594582, 130669, 39.1, 46.2, 1.00
A, 784713, 402499, 975761, 1095555, 406184, 171071, 594357, 130626, 39.1, 46.2, 1.00
A, 784366, 402184, 976170, 1095060, 405938, 171055, 594084, 130714, 39.1, 46.2, 1.01
A, 783841, 401977, 976202, 1094006, 405770, 171002, 593828, 130671, 39.1, 46.2, 1.00
A, 783082, 401593, 976045, 1092834, 405526, 170938, 593507, 130549, 39.1, 46.2, 0.99
A, 782272, 401217, 975869, 1092140, 405247, 170877, 593206, 130598, 39.1, 46.2, 1.01
A, 781715, 401061, 975830, 1090963, 405017, 170824, 592919, 130526, 39.1, 46.2, 0.99
A, 781048, 400664, 975688, 1090375, 404762, 170803, 592648, 130559, 39.1, 46.2, 1.00
A, 780318, 400396, 975526, 1089035, 404552, 170654, 592312, 130387, 39.1, 46.2, 1.01
A, 779894, 400140, 975533, 1088302, 404330, 170681, 592090, 130387, 39.1, 46.2, 0.99
A, 779700, 399930, 975718, 1088073, 404208, 170717, 591900, 130443, 39.1, 46.2, 1.00
A, 779307, 399581, 975882, 1087486, 404067, 170652, 591672, 130397, 39.1, 46.2, 0.99
A, 778738, 399386, 975880, 1086799, 403833, 170615, 591392, 130439, 39.1, 46.2, 1.00
A, 780180, 399483, 978314, 1088352, 404022, 170904, 591639, 130596, 39.1, 46.2, 0.99
A, 778955, 399307, 977536, 1086664, 403884, 170678, 591341, 130531, 39.1, 46.2, 1.00
A, 777988, 398862, 976666, 1085258, 403492, 170659, 590958, 130396, 39.1, 46.2, 0.99
A, 777263, 398654, 976333, 1084281, 403275, 170550, 590681, 130298, 39.1, 46.2, 0.99
A, 776858, 398387, 976384, 1083888, 403087, 170512, 590486, 130314, 39.1, 46.2, 1.01
A, 776732, 398230, 976683, 1083682, 403021, 170553, 590348, 130407, 39.1, 46.2, 1.01
A, 776433, 398120, 976723, 1083223, 402875, 170546, 590156, 130378, 39.1, 46.2, 0.99
A, 776331, 397855, 977042, 1082487, 402719, 170415, 589957, 130263, 39.1, 46.2, 1.01
A, 775784, 397704, 976906, 1081937, 402510, 170401, 589741, 130297, 39.1, 46.2, 1.00
A, 775369, 397490, 976710, 1081276, 402438, 170384, 589548, 130278, 39.1, 46.2, 1.00
A, 775324, 397343, 977043, 1081037, 402277, 170356, 589426, 130288, 39.1, 46.2, 0.99
A, 774816, 397137, 976975, 1080534, 402150, 170360, 589220, 130272, 39.1, 46.2, 1.01
A, 774725, 397037, 977255, 1079986, 402088, 170304, 589096, 130295, 39.1, 46.2, 1.01
A, 774376, 396815, 977205, 1079377, 401882, 170276, 588926, 130204, 39.1, 46.2, 1.01
A, 773456, 396694, 976297, 1078248, 401649, 170164, 588704, 130152, 39.1, 46.2, 1.01
A, 773013, 396347, 975939, 1077635, 401504, 170163, 588459, 130116, 39.1, 46.2, 0.99
A, 772152, 396073, 975278, 1076411, 401255, 169961, 588118, 130006, 39.1, 46.2, 1.01
A, 772024, 395926, 975319, 1076077, 401078, 169914, 588043, 130016, 39.1, 46.2, 1.00
A, 772066, 395835, 975674, 1076202, 401052, 169874, 587929, 130049, 39.1, 46.2, 0.99
A, 771950, 395619, 975865, 1075929, 400974, 169951, 587833, 130004, 39.1, 46.2, 1.00
A, 773085, 395679, 977887, 1077246, 401143, 170182, 587942, 130304, 39.1, 46.2, 1.00
A, 772676, 395708, 977600, 1076623, 401118, 170085, 587797, 130216, 39.1, 46.2, 1.01
A, 772570, 395491, 977345, 1075796, 400920, 170022, 587625, 130189, 39.1, 46.2, 1.00
A, 772016, 395356, 977077, 1074960, 400786, 169936, 587388, 130083, 39.1, 46.2, 0.99
A, 771719, 395218, 977417, 1075199, 400581, 169943, 587284, 130143, 39.1, 46.2, 1.00
A, 771306, 395057, 977144, 1074474, 400486, 169868, 587109, 130057, 39.1, 46.2, 1.00
A, 771242, 394866, 977267, 1074220, 400414, 169905, 586962, 130095, 39.1, 46.2, 1.00
A, 771077, 394732, 977378, 1073782, 400257, 169830, 586899, 130112, 39.1, 46.2, 1.00
A, 770548, 394563, 976981, 1072961, 400171, 169779, 586625, 130024, 39.1, 46.2, 1.01
A, 770232, 394412, 976742, 1072540, 400080, 169703, 586483, 130007, 39.1, 46.2, 1.00
A, 769974, 394242, 976904, 1072340, 399884, 169660, 586328, 129982, 39.1, 46.2, 1.00
A, 769905, 394135, 977165, 1072252, 399897, 169709, 586219, 129996, 39.1, 46.2, 1.01
A, 769701, 394035, 977099, 1071829, 399761, 169666, 586098, 129965, 39.1, 46.2, 0.99
A, 769896, 393992, 977290, 1071351, 399726, 169635, 586074, 130029, 39.1, 46.2, 0.99
A, 769432, 393891, 977172, 1071066, 399597, 169605, 585924, 129973, 39.1, 46.2, 1.00
A, 768625, 393760, 976520, 1070103, 399451, 169503, 585708, 129838, 39.1, 46.2, 1.01
A, 768530, 393456, 976264, 1069799, 399317, 169397, 585530, 129849, 39.1, 46.2, 1.01
A, 768606, 393420, 976902, 1070051, 399244, 169416, 585510, 129910, 39.1, 46.2, 1.00
A, 768447, 393258, 977027, 1069638, 399152, 169428, 585376, 129943, 39.1, 46.2, 1.01
A, 768465, 393275, 977022, 1069169, 399113, 169443, 585279, 129842, 39.1, 46.2, 0.99
A, 769539, 393282, 978863, 1070423, 399243, 169607, 585381, 130009, 39.1, 46.2, 0.99
A, 768737, 393162, 978223, 1069692, 399128, 169473, 585286, 129921, 39.1, 46.2, 1.00
A, 768143, 393064, 977632, 1068928, 398949, 169421, 585060, 129859, 39.1, 46.2, 0.99
A, 767623, 392886, 976923, 1068049, 398731, 169308, 584839, 129839, 39.1, 46.2, 0.99
A, 767318, 392714, 976958, 1067630, 398642, 169205, 584673, 129792, 39.1, 46.2, 1.01
A, 766873, 392514, 976524, 1066988, 398535, 169125, 584499, 129724, 39.1, 46.2, 1.00
A, 766563, 392398, 976453, 1066705, 398411, 169130, 584412, 129718, 39.1, 46.2, 1.01
A, 766832, 392358, 976899, 1066870, 398367, 169154, 584450, 129735, 39.1, 46.2, 0.99
A, 766668, 392256, 976877, 1066542, 398352, 169145, 584333, 129670, 39.1, 46.2, 1.00
A, 766545, 392202, 976977, 1066446, 398360, 169103, 584230, 129808, 39.1, 46.2, 1.00
A, 766735, 392254, 977479, 1066664, 398300, 169151, 584245, 129821, 39.1, 46.2, 1.01
A, 766996, 392181, 977877, 1066676, 398259, 169167, 584233, 129798, 39.1, 46.2, 1.00
A, 766543, 392112, 977568, 1066214, 398167, 169077, 584017, 129760, 39.1, 46.2, 1.00
A, 766713, 392012, 977697, 1066161, 398183, 169137, 583978, 129806, 39.1, 46.2, 1.00
A, 766401, 391983, 977482, 1065566, 398099, 169005, 583903, 129688, 39.1, 46.3, 1.00
A, 766166, 391782, 977392, 1065152, 397995, 169002, 583757, 129736, 39.1, 46.3, 1.00
A, 765823, 391751, 977024, 1064620, 397890, 168915, 583647, 129681, 39.1, 46.2, 0.99
A, 765670, 391713, 977226, 1064593, 397775, 168898, 583575, 129700, 39.1, 46.2, 1.01
A, 765752, 391578, 977523, 1064795, 397737, 168921, 583551, 129695, 39.1, 46.2, 1.01
A, 765707, 391583, 977563, 1064594, 397715, 168904, 583448, 129710, 39.1, 46.2, 0.99
A, 767100, 391630, 979599, 1066086, 397891, 169074, 583587, 129919, 39.1, 46.2, 1.00
A, 766309, 391665, 978590, 1065041, 397776, 168985, 583541, 129793, 39.1, 46.3, 1.00
A, 765851, 391457, 978318, 1064460, 397662, 168942, 583329, 129771, 39.1, 46.3, 1.01
A, 765150, 391355, 977531, 1063624, 397505, 168774, 583085, 129662, 39.1, 46.2, 1.00
A, 765009, 391199, 977413, 1063277, 397345, 168761, 583012, 129669, 39.1, 46.2, 1.00
A, 765220, 391142, 977910, 1063625, 397367, 168779, 582982, 129708, 39.1, 46.3, 1.00
A, 765153, 391118, 977683, 1063049, 397328, 168735, 582933, 129651, 39.1, 46.3, 1.00
A, 764901, 391056, 977400, 1062520, 397168, 168613, 582745, 129643, 39.1, 46.3, 0.99
A, 764747, 390942, 977720, 1062818, 397235, 168643, 582663, 129635, 39.1, 46.3, 1.00
A, 764633, 390961, 977742, 1062559, 397121, 168658, 582694, 129600, 39.1, 46.3, 1.01
A, 764497, 390752, 977543, 1062332, 397072, 168628, 582619, 129664, 39.1, 46.3, 0.99
A, 764649, 390804, 978006, 1062534, 397149, 168681, 582650, 129682, 39.1, 46.3, 1.01
A, 764725, 390747, 978062, 1062287, 397061, 168578, 582606, 129596, 39.1, 46.3, 0.99
A, 764472, 390709, 977904, 1061963, 396983, 168549, 582456, 129594, 39.1, 46.3, 0.99
A, 764067, 390582, 977480, 1061430, 396846, 168481, 582370, 129535, 39.1, 46.3, 1.00
A, 764051, 390682, 977486, 1061373, 396857, 168428, 582338, 129508, 39.1, 46.3, 0.99
A, 763851, 390478, 977454, 1061242, 396749, 168360, 582172, 129512, 39.1, 46.3, 1.00
A, 763789, 390546, 977343, 1060882, 396715, 168321, 582147, 129442, 39.1, 46.3, 1.00
A, 763705, 390333, 977298, 1060727, 396639, 168328, 582000, 129436, 39.1, 46.3, 1.00
A, 763727, 390369, 977509, 1060905, 396611, 168375, 582007, 129519, 39.1, 46.3, 1.01
A, 764963, 390507, 979407, 1062549, 396847, 168573, 582244, 129697, 39.1, 46.3, 1.01
A, 764473, 390439, 978768, 1061650, 396774, 168494, 582104, 129647, 39.1, 46.3, 1.00
A, 764649, 390464, 979093, 1061759, 396793, 168481, 582034, 129632, 39.1, 46.3, 0.99
A, 764498, 390461, 978870, 1061216, 396645, 168454, 581989, 129608, 39.1, 46.3, 0.99
A, 764151, 390306, 978612, 1060826, 396499, 168338, 581881, 129583, 39.0, 46.3, 1.00
A, 764106, 390318, 978819, 1060995, 396496, 168419, 581817, 129599, 39.0, 46.3, 1.00
A, 763870, 390223, 978713, 1060767, 396474, 168353, 581728, 129578, 39.1, 46.3, 0.99
A, 764029, 390149, 978902, 1060610, 396462, 168339, 581721, 129623, 39.1, 46.3, 0.99
A, 763654, 390102, 978543, 1060121, 396333, 168292, 581584, 129615, 39.1, 46.3, 1.00
A, 763484, 390016, 978612, 1060012, 396324, 168206, 581474, 129484, 39.1, 46.3, 1.00
A, 763244, 390015, 978396, 1059714, 396241, 168209, 581393, 129495, 39.1, 46.3, 1.00
A, 763127, 389904, 978329, 1059576, 396141, 168149, 581292, 129485, 39.1, 46.3, 1.00
A, 763205, 389891, 978624, 1059671, 396186, 168191, 581376, 129531, 39.1, 46.3, 0.99
A, 763274, 389817, 978390, 1059172, 396091, 168102, 581241, 129495, 39.1, 46.3, 1.00
A, 762844, 389784, 978004, 1058621, 396026, 167985, 581174, 129407, 39.1, 46.3, 1.01
A, 762928, 389693, 978437, 1059037, 396013, 168064, 581135, 129416, 39.1, 46.3, 0.99
A, 762426, 389633, 977819, 1058326, 395958, 167985, 581074, 129369, 39.0, 46.3, 0.99
A, 762359, 389558, 977768, 1058255, 395800, 168041, 580983, 129451, 39.0, 46.3, 1.00
A, 762162, 389602, 977661, 1057895, 395854, 167955, 580915, 129354, 39.0, 46.3, 1.02
A, 762086, 389397, 977533, 1057611, 395693, 167851, 580776, 129334, 39.0, 46.3, 0.99
A, 763536, 389580, 979852, 1059567, 396025, 168071, 581106, 129659, 39.0, 46.3, 0.99
A, 762957, 389565, 978867, 1058454, 395831, 167911, 580948, 129457, 39.0, 46.3, 1.00
A, 762196, 389387, 978113, 1057853, 395719, 167861, 580805, 129397, 39.0, 46.3, 1.00
A, 761904, 389297, 977870, 1057723, 395672, 167806, 580670, 129390, 39.1, 46.3, 1.00
A, 761699, 389173, 977420, 1056954, 395525, 167661, 580550, 129223, 39.1, 46.3, 1.00
A, 761105, 389042, 976841, 1056259, 395372, 167560, 580387, 129183, 39.0, 46.3, 1.01
A, 761077, 388956, 976795, 1056452, 395325, 167613, 580342, 129200, 39.0, 46.3, 1.00
A, 761339, 389015, 977164, 1056741, 395342, 167649, 580389, 129286, 39.1, 46.3, 1.00
A, 761533, 388953, 977536, 1056802, 395376, 167610, 580410, 129314, 39.1, 46.3, 0.99
A, 761887, 388975, 978208, 1057350, 395453, 167691, 580481, 129430, 39.1, 46.3, 1.00
A, 762041, 389075, 978233, 1057113, 395423, 167622, 580446, 129368, 39.1, 46.3, 0.99
A, 762001, 389079, 978339, 1056988, 395431, 167642, 580460, 129352, 39.0, 46.3, 1.00
A, 761819, 388973, 978216, 1057112, 395357, 167649, 580344, 129297, 39.0, 46.3, 1.01
A, 762043, 389056, 978642, 1057355, 395367, 167701, 580457, 129407, 39.0, 46.3, 0.99
A, 762068, 389001, 978591, 1057145, 395406, 167614, 580302, 129391, 39.0, 46.3, 1.01
A, 762315, 389088, 978996, 1057265, 395429, 167686, 580412, 129334, 39.0, 46.3, 0.99
A, 762003, 388956, 978829, 1057179, 395337, 167578, 580274, 129361, 39.0, 46.3, 1.01
A, 761758, 389006, 978402, 1056506, 395377, 167566, 580225, 129345, 39.0, 46.3, 1.01
A, 761546, 388848, 978340, 1056513, 395158, 167486, 580072, 129299, 39.0, 46.3, 1.00
A, 761281, 388894, 977991, 1056056, 395176, 167464, 580049, 129197, 39.0, 46.3, 0.99
A, 762389, 388893, 979401, 1057092, 395280, 167619, 580172, 129430, 39.0, 46.3, 1.00
A, 762049, 388951, 979193, 1056934, 395299, 167539, 580132, 129360, 39.0, 46.3, 1.01
A, 761424, 388797, 978552, 1056107, 395151, 167398, 580011, 129271, 39.0, 46.3, 0.99
A, 760897, 388629, 977780, 1055647, 394983, 167361, 579859, 129212, 39.0, 46.3, 1.01
A, 761294, 388725, 978358, 1055982, 395053, 167361, 579935, 129240, 39.0, 46.3, 1.00
A, 761460, 388775, 978583, 1055871, 395041, 167423, 579890, 129243, 39.0, 46.3, 1.00
A, 761161, 388685, 978369, 1055523, 394988, 167360, 579795, 129228, 39.0, 46.3, 1.00
A, 761359, 388653, 978574, 1055783, 394976, 167326, 579821, 129228, 39.0, 46.3, 0.99
A, 761302, 388617, 978692, 1055827, 394980, 167282, 579773, 129271, 39.0, 46.3, 1.01
A, 761360, 388627, 978774, 1055865, 395013, 167401, 579813, 129279, 39.0, 46.3, 0.99
A, 761352, 388612, 978964, 1055944, 394988, 167389, 579773, 129311, 39.0, 46.3, 1.01
A, 761739, 388638, 979444, 1056092, 395012, 167335, 579825, 129310, 39.0, 46.3, 1.01
A, 761424, 388482, 979226, 1055795, 394983, 167287, 579760, 129268, 39.0, 46.4, 1.00
A, 761167, 388489, 978920, 1055650, 394956, 167311, 579614, 129260, 39.0, 46.4, 0.99
A, 761324, 388600, 979216, 1055771, 394858, 167310, 579601, 129270, 39.0, 46.3, 1.00
A, 761274, 388492, 979310, 1055652, 394888, 167233, 579601, 129324, 39.0, 46.3, 1.01
A, 761365, 388565, 979426, 1055589, 394864, 167242, 579665, 129259, 39.0, 46.4, 1.01
A, 761185, 388530, 979156, 1055275, 394861, 167216, 579551, 129285, 39.0, 46.4, 1.01
A, 760880, 388449, 978879, 1054947, 394768, 167151, 579513, 129220, 39.0, 46.4, 1.00
A, 760604, 388350, 978646, 1054686, 394674, 167104, 579350, 129205, 39.0, 46.4, 1.00
A, 762172, 388496, 980873, 1056716, 394996, 167351, 579717, 129507, 39.0, 46.4, 1.00
A, 761537, 388590, 980028, 1055815, 394895, 167289, 579568, 129328, 39.0, 46.3, 1.01
A, 761418, 388506, 980044, 1055513, 394783, 167185, 579464, 129247, 39.0, 46.3, 1.00
A, 761086, 388413, 979568, 1054979, 394718, 167157, 579395, 129261, 39.0, 46.4, 1.00
A, 760957, 388367, 979407, 1054879, 394653, 167111, 579365, 129285, 39.0, 46.4, 0.99
A, 760873, 388370, 979656, 1054868, 394652, 167079, 579325, 129275, 39.0, 46.4, 1.00
A, 760730, 388308, 979431, 1054782, 394587, 167107, 579268, 129281, 39.0, 46.4, 1.01
A, 760860, 388379, 979671, 1054914, 394609, 167075, 579293, 129326, 39.0, 46.4, 1.00
A, 760581, 388310, 979242, 1054336, 394545, 167077, 579181, 129142, 39.0, 46.4, 0.99
A, 760405, 388195, 979064, 1054108, 394496, 166939, 579150, 129138, 39.0, 46.4, 1.00
A, 760507, 388219, 979261, 1054308, 394451, 166932, 579125, 129171, 39.0, 46.4, 1.00
A, 760415, 388127, 979124, 1054182, 394471, 166942, 579078, 129174, 39.0, 46.4, 0.99
A, 760348, 388128, 979253, 1054186, 394408, 167006, 579029, 129194, 39.0, 46.4, 0.99
A, 760503, 388219, 979538, 1054387, 394474, 166972, 579110, 129282, 39.0, 46.4, 1.00
A, 760679, 388225, 979555, 1054114, 394432, 166930, 579073, 129218, 39.0, 46.4, 0.99
A, 760376, 388189, 979414, 1053921, 394359, 166836, 579083, 129176, 39.0, 46.4, 1.00
A, 760292, 388140, 979227, 1053938, 394385, 166915, 578986, 129194, 39.0, 46.4, 0.99
A, 760254, 388195, 978991, 1053591, 394377, 166821, 578942, 129178, 39.0, 46.4, 0.99
A, 760087, 388143, 978920, 1053588, 394354, 166844, 578873, 129180, 39.0, 46.4, 1.00
A, 759854, 388025, 978921, 1053434, 394305, 166737, 578879, 129082, 39.0, 46.4, 1.01
A, 760989, 388073, 980379, 1054821, 394420, 166938, 579096, 129263, 39.0, 46.4, 1.00
A, 760843, 388200, 980209, 1054378, 394483, 166912, 579101, 129253, 39.0, 46.4, 1.00
A, 760391, 388085, 979654, 1053916, 394386, 166795, 578935, 129197, 39.0, 46.4, 0.99
A, 759825, 388033, 978877, 1053331, 394204, 166699, 578792, 129119, 39.0, 46.4, 1.01
A, 759879, 388001, 978595, 1052885, 394214, 166646, 578814, 129131, 39.0, 46.4, 1.00
A, 759343, 387878, 978223, 1052554, 394085, 166569, 578642, 129008, 39.0, 46.4, 1.00
A, 759650, 387878, 978609, 1052901, 394127, 166653, 578681, 129092, 39.0, 46.4, 0.99
A, 759568, 387844, 978653, 1052987, 394123, 166649, 578706, 129079, 39.0, 46.4, 1.00
A, 760197, 387930, 979187, 1053420, 394192, 166706, 578804, 129225, 39.0, 46.4, 0.99
A, 760312, 387962, 979463, 1053399, 394244, 166669, 578829, 129153, 39.0, 46.4, 1.00
A, 760158, 387930, 979298, 1053251, 394233, 166592, 578767, 129131, 39.0, 46.4, 0.99
A, 760338, 387912, 979593, 1053588, 394194, 166655, 578810, 129159, 39.0, 46.4, 1.00
A, 760356, 387938, 979772, 1053631, 394205, 166560, 578735, 129192, 39.0, 46.4, 1.01
A, 760499, 388060, 980087, 1053923, 394288, 166660, 578841, 129249, 39.0, 46.4, 1.01
A, 760637, 388008, 980150, 1053934, 394250, 166647, 578820, 129257, 39.0, 46.4, 0.99
A, 760719, 387995, 980306, 1053943, 394230, 166632, 578867, 129147, 39.0, 46.4, 1.00
A, 760498, 387962, 980023, 1053541, 394192, 166605, 578731, 129166, 39.0, 46.4, 0.99
A, 760158, 387958, 979633, 1053466, 394061, 166538, 578695, 129152, 39.0, 46.4, 1.00
A, 760277, 388009, 979739, 1053254, 394206, 166570, 578752, 129145, 39.0, 46.4, 1.01
A, 760167, 387912, 979705, 1053253, 394013, 166530, 578678, 129186, 39.0, 46.4, 1.00
A, 761904, 388300, 982032, 1055352, 394462, 166857, 579094, 129438, 39.0, 46.4, 1.01
A, 761301, 388211, 981335, 1054350, 394441, 166713, 578979, 129264, 39.0, 46.4, 1.00
A, 760810, 388134, 980811, 1054101, 394253, 166636, 578768, 129206, 39.0, 46.4, 1.00
A, 760290, 388021, 980071, 1053345, 394100, 166505, 578682, 129108, 39.0, 46.4, 0.99
A, 760091, 387958, 979943, 1053295, 394075, 166495, 578549, 129209, 39.0, 46.4, 1.01
A, 760585, 388079, 980414, 1053632, 394116, 166612, 578707, 129259, 39.0, 46.4, 1.01
A, 760599, 388079, 980645, 1053701, 394125, 166564, 578726, 129186, 39.0, 46.4, 1.00
A, 760425, 388063, 980563, 1053595, 394118, 166517, 578664, 129196, 39.0, 46.4, 1.00
A, 760632, 388138, 980598, 1053584, 394111, 166518, 578613, 129253, 39.0, 46.4, 1.00
A, 760581, 388085, 980458, 1053616, 394116, 166511, 578637, 129206, 39.0, 46.4, 0.99
A, 760442, 388041, 980521, 1053496, 394018, 166545, 578629, 129226, 39.0, 46.4, 0.99
A, 760688, 388100, 980922, 1053892, 394148, 166544, 578696, 129223, 39.0, 46.4, 1.01
A, 760823, 388182, 981100, 1053937, 394158, 166442, 578675, 129197, 39.0, 46.4, 1.01
A, 760681, 388080, 980822, 1053706, 394146, 166423, 578629, 129105, 39.0, 46.4, 1.00
A, 760496, 388135, 980638, 1053462, 394024, 166487, 578620, 129207, 39.0, 46.4, 1.00
A, 760835, 388158, 980935, 1053776, 394112, 166478, 578618, 129259, 39.0, 46.4, 1.00
A, 760655, 388150, 980880, 1053499, 394022, 166466, 578599, 129206, 39.0, 46.4, 1.01
A, 760439, 388117, 980537, 1053260, 394011, 166353, 578514, 129186, 39.0, 46.4, 1.00
A, 760286, 388058, 980345, 1053079, 393979, 166324, 578442, 129145, 39.0, 46.4, 1.00
A, 760260, 387977, 980374, 1053002, 393965, 166327, 578448, 129091, 39.0, 46.4, 0.99
A, 761081, 388105, 981813, 1054399, 394081, 166509, 578581, 129315, 39.0, 46.4, 1.01
A, 760370, 388144, 980678, 1053013, 394004, 166269, 578406, 129145, 39.0, 46.4, 1.01
A, 760217, 387941, 980434, 1052824, 393831, 166196, 578288, 129064, 39.0, 46.4, 1.00
A, 760175, 387958, 980656, 1053123, 393830, 166292, 578336, 129156, 39.0, 46.4, 1.01
A, 760145, 387983, 980592, 1052965, 393836, 166279, 578345, 129112, 39.0, 46.4, 0.99
A, 760158, 387848, 980558, 1052794, 393810, 166271, 578291, 129107, 39.0, 46.4, 1.00
A, 760438, 387922, 981088, 1053155, 393900, 166273, 578336, 129173, 39.0, 46.4, 1.00
A, 760394, 387961, 980994, 1052914, 393839, 166254, 578343, 129164, 39.0, 46.4, 1.01
A, 759921, 387809, 980211, 1052278, 393709, 166172, 578159, 129052, 39.0, 46.4, 1.01
A, 759933, 387792, 980667, 1052773, 393718, 166215, 578169, 129089, 39.0, 46.4, 1.00
A, 759999, 387769, 980690, 1052678, 393756, 166230, 578202, 129081, 39.0, 46.4, 0.98
A, 760121, 387759, 980839, 1052769, 393733, 166218, 578226, 129134, 39.0, 46.4, 1.00
A, 760173, 387785, 980992, 1052829, 393747, 166194, 578222, 129152, 39.0, 46.4, 1.00
A, 760110, 387803, 981031, 1052714, 393761, 166143, 578223, 129107, 39.0, 46.4, 0.99
A, 759899, 387796, 980889, 1052562, 393701, 166108, 578170, 129102, 39.0, 46.4, 0.99
A, 760139, 387837, 981046, 1052584, 393700, 166157, 578158, 129167, 39.0, 46.4, 1.00
A, 760039, 387721, 980933, 1052564, 393731, 166135, 578134, 129123, 39.0, 46.4, 1.00
A, 759623, 387643, 980583, 1052257, 393647, 166115, 578078, 129073, 39.0, 46.4, 0.99
A, 760050, 387812, 980877, 1052381, 393756, 166118, 578171, 129120, 39.0, 46.4, 1.00
A, 759932, 387789, 980964, 1052513, 393679, 166028, 578097, 129102, 39.0, 46.4, 1.00
A, 761184, 387948, 982834, 1054166, 394042, 166356, 578496, 129404, 39.0, 46.4, 1.01
A, 760755, 388033, 982080, 1053511, 393922, 166226, 578328, 129283, 39.0, 46.4, 0.99
A, 759833, 387910, 980882, 1052183, 393730, 165994, 578096, 129017, 39.0, 46.4, 0.98
A, 759305, 387709, 980095, 1051556, 393597, 165894, 577930, 128952, 39.0, 46.4, 1.00
A, 759171, 387566, 979950, 1051432, 393495, 165897, 577814, 128961, 39.0, 46.4, 1.00
A, 758846, 387553, 979545, 1050951, 393406, 165765, 577739, 128949, 39.0, 46.4, 1.00
A, 758884, 387366, 979674, 1051173, 393457, 165869, 577772, 129006, 39.0, 46.4, 0.99
A, 759190, 387503, 980292, 1051718, 393486, 165900, 577928, 129081, 39.0, 46.4, 1.01
A, 759557, 387627, 980400, 1051546, 393538, 165879, 577893, 129033, 39.0, 46.4, 0.99
A, 759321, 387474, 980237, 1051444, 393455, 165835, 577800, 128969, 39.0, 46.4, 1.01
A, 759331, 387512, 980504, 1051822, 393529, 165921, 577842, 129042, 39.0, 46.4, 1.00
A, 759354, 387501, 980417, 1051778, 393516, 165862, 577830, 129051, 39.0, 46.4, 0.99
A, 759437, 387415, 980736, 1051789, 393430, 165895, 577837, 129055, 39.0, 46.4, 1.00
A, 759824, 387556, 981195, 1052192, 393568, 165900, 577915, 129093, 39.0, 46.4, 1.00
A, 759843, 387573, 981177, 1052013, 393527, 165860, 577861, 129056, 39.0, 46.4, 1.01
A, 759678, 387471, 980948, 1051663, 393515, 165778, 577826, 129024, 39.0, 46.4, 1.00
A, 759532, 387457, 981000, 1051860, 393432, 165798, 577870, 129033, 39.0, 46.4, 1.00
A, 759667, 387497, 981325, 1052183, 393550, 165856, 577948, 129099, 39.0, 46.4, 1.00
A, 759731, 387396, 981079, 1051905, 393491, 165896, 577891, 129078, 39.0, 46.4, 1.00
A, 760097, 387583, 981533, 1052141, 393581, 165815, 577986, 129061, 39.0, 46.4, 0.99
A, 760936, 387664, 983215, 1053602, 393767, 166038, 578177, 129331, 39.0, 46.4, 1.00
A, 760047, 387688, 981773, 1052181, 393647, 165863, 577989, 129086, 39.0, 46.4, 1.01
A, 759584, 387564, 981174, 1051785, 393460, 165747, 577819, 129047, 39.0, 46.4, 1.00
A, 759262, 387426, 980954, 1051636, 393392, 165767, 577754, 129019, 39.0, 46.4, 1.00
A, 758921, 387349, 980655, 1051210, 393330, 165747, 577682, 128965, 39.0, 46.4, 1.01
A, 759191, 387302, 980898, 1051196, 393345, 165652, 577669, 128974, 39.0, 46.4, 1.00
A, 759164, 387300, 980758, 1051088, 393304, 165657, 577643, 128956, 39.0, 46.4, 1.00
A, 759026, 387248, 980696, 1051166, 393346, 165679, 577640, 129000, 39.0, 46.4, 0.99
A, 759216, 387347, 981121, 1051471, 393395, 165627, 577697, 128997, 39.0, 46.4, 1.00
A, 759269, 387229, 981140, 1051414, 393328, 165690, 577676, 129003, 39.0, 46.4, 1.00
A, 759611, 387403, 981666, 1051892, 393423, 165745, 577763, 129092, 39.0, 46.4, 1.01
A, 759592, 387407, 981559, 1051655, 393461, 165718, 577761, 129033, 39.0, 46.4, 1.00
A, 759471, 387318, 981469, 1051428, 393462, 165681, 577678, 129015, 39.0, 46.4, 1.00
A, 759408, 387314, 981582, 1051631, 393423, 165701, 577707, 129051, 39.0, 46.4, 1.00
A, 759378, 387296, 981553, 1051556, 393393, 165667, 577627, 129022, 39.0, 46.4, 1.00
A, 759442, 387288, 981514, 1051518, 393381, 165662, 577632, 129083, 39.0, 46.4, 0.99
A, 759363, 387275, 981445, 1051284, 393346, 165588, 577606, 128974, 39.0, 46.4, 1.00
A, 758473, 387128, 980419, 1050564, 393164, 165478, 577425, 128838, 39.0, 46.4, 1.01
A, 758806, 387192, 980930, 1050887, 393243, 165525, 577496, 128891, 39.0, 46.4, 0.99
A, 758991, 387108, 981147, 1050938, 393290, 165531, 577555, 129014, 39.0, 46.4, 0.99
A, 760569, 387490, 983483, 1052836, 393568, 165824, 577957, 129276, 39.0, 46.4, 1.00
A, 760105, 387486, 982398, 1051916, 393611, 165715, 577890, 129092, 39.0, 46.4, 0.99
A, 759010, 387295, 981381, 1050965, 393386, 165529, 577607, 128932, 39.0, 46.4, 0.99
A, 758864, 387206, 981215, 1050945, 393200, 165539, 577463, 128952, 39.0, 46.4, 1.00
A, 759020, 387183, 981525, 1051197, 393263, 165581, 577601, 129093, 39.0, 46.4, 1.00
A, 759149, 387195, 981783, 1051310, 393337, 165603, 577620, 129019, 39.0, 46.4, 0.99
A, 758784, 387244, 981316, 1050834, 393220, 165376, 577549, 128943, 39.0, 46.4, 0.99
A, 759000, 387167, 981386, 1050710, 393231, 165440, 577515, 128940, 39.0, 46.4, 1.00
A, 758773, 387097, 981066, 1050617, 393233, 165498, 577425, 128945, 39.0, 46.4, 0.99
A, 758864, 387070, 981316, 1050731, 393202, 165467, 577492, 128948, 39.0, 46.5, 1.00
A, 758838, 387052, 981373, 1050730, 393204, 165473, 577463, 128961, 39.0, 46.5, 0.99
A, 759221, 387183, 981916, 1051253, 393298, 165489, 577595, 129074, 39.0, 46.4, 1.01
A, 759328, 387295, 982025, 1051132, 393327, 165467, 577672, 129029, 39.0, 46.4, 1.01
A, 759181, 387186, 981806, 1050914, 393365, 165450, 577589, 128929, 39.0, 46.4, 1.00
A, 759257, 387158, 982060, 1051224, 393346, 165469, 577642, 128942, 39.0, 46.4, 1.00
A, 759203, 387189, 982005, 1051241, 393292, 165478, 577615, 129028, 39.0, 46.5, 1.01
A, 759597, 387238, 982476, 1051460, 393388, 165492, 577661, 129068, 39.0, 46.5, 1.00
A, 759578, 387266, 982562, 1051669, 393368, 165504, 577685, 129029, 39.0, 46.4, 1.01
A, 759489, 387299, 982372, 1051391, 393375, 165468, 577664, 129068, 39.0, 46.4, 1.00
A, 759433, 387253, 982233, 1051141, 393281, 165406, 577648, 129006, 39.0, 46.5, 0.99
A, 760637, 387410, 984082, 1053009, 393507, 165648, 577842, 129243, 39.0, 46.5, 1.01
A, 760296, 387625, 983653, 1052429, 393621, 165648, 577903, 129178, 39.0, 46.4, 1.00
A, 759992, 387509, 983232, 1052160, 393486, 165620, 577761, 129145, 39.0, 46.4, 0.99
A, 759773, 387540, 983022, 1051760, 393497, 165503, 577715, 129049, 39.0, 46.4, 0.99
A, 759586, 387466, 982782, 1051512, 393339, 165422, 577583, 129060, 39.0, 46.4, 1.00
A, 759716, 387373, 982837, 1051578, 393359, 165517, 577561, 129058, 39.0, 46.4, 0.99
A, 759655, 387440, 982899, 1051445, 393391, 165466, 577623, 129018, 39.0, 46.5, 1.00
A, 759463, 387372, 982813, 1051455, 393304, 165446, 577526, 129037, 39.0, 46.5, 1.01
A, 759662, 387512, 983237, 1051776, 393373, 165506, 577616, 129151, 39.0, 46.5, 1.00
A, 759852, 387510, 983362, 1051756, 393377, 165480, 577611, 129078, 39.0, 46.5, 1.00
A, 759582, 387476, 983133, 1051504, 393325, 165444, 577576, 129104, 39.0, 46.4, 0.99
A, 759607, 387473, 983155, 1051604, 393372, 165441, 577646, 129053, 39.0, 46.4, 1.00
A, 759350, 387441, 982917, 1051441, 393337, 165474, 577575, 129119, 39.0, 46.5, 1.00
A, 759394, 387359, 982948, 1051307, 393236, 165440, 577505, 129052, 39.0, 46.5, 1.00
A, 759673, 387429, 983260, 1051432, 393374, 165436, 577599, 129078, 39.0, 46.5, 1.00
A, 759476, 387342, 982927, 1051206, 393303, 165421, 577517, 128986, 39.0, 46.5, 1.00
A, 759567, 387454, 983229, 1051387, 393346, 165429, 577555, 129105, 39.0, 46.5, 0.99
A, 759520, 387369, 983092, 1051341, 393279, 165323, 577522, 129076, 39.0, 46.5, 1.00
A, 759466, 387470, 983416, 1051596, 393308, 165423, 577579, 129100, 39.0, 46.5, 1.00
A, 759625, 387475, 983273, 1051202, 393324, 165324, 577561, 129072, 39.0, 46.5, 1.00
M, 755383, 386902, 976018, 1044249, 392530, 164326, 576419, 127872, 39.0, 46.5, 0.00
M, 745520, 384607, 962088, 1032411, 389751, 162538, 572970, 126255, 39.0, 46.5, 0.59
M, 738098, 382359, 951042, 1023089, 387448, 161045, 570376, 125137, 39.1, 46.5, 0.75
M, 732112, 380353, 941907, 1015487, 385731, 159830, 568544, 124221, 39.1, 46.5, 0.83
M, 727546, 379020, 934059, 1009416, 384872, 158728, 568030, 123468, 39.1, 46.5, 0.90
M, 724743, 378123, 927851, 1004778, 384479, 157794, 568207, 122894, 39.1, 46.5, 0.92
M, 722989, 377766, 921943, 1001294, 384475, 156928, 568658, 122372, 39.1, 46.5, 0.97
M, 722266, 377510, 917511, 998964, 384561, 156254, 569059, 122047, 39.1, 46.5, 0.97
M, 722211, 377438, 913258, 997584, 384717, 155596, 569487, 121767, 39.1, 46.5, 0.97
M, 722590, 377277, 910890, 997179, 384747, 155191, 569792, 121624, 39.1, 46.5, 0.99
M, 723736, 377367, 908940, 997651, 384999, 154956, 570167, 121551, 39.1, 46.5, 0.99
M, 725088, 377373, 907012, 998223, 385242, 154598, 570575, 121490, 39.1, 46.5, 0.99
M, 726937, 377430, 905444, 999155, 385453, 154321, 570950, 121425, 39.1, 46.5, 1.00
M, 728391, 377392, 904000, 1000230, 385621, 154094, 571270, 121310, 39.1, 46.5, 1.00
M, 729874, 377321, 902858, 1001508, 385775, 153976, 571506, 121339, 39.1, 46.5, 0.98
M, 731697, 377280, 902337, 1003290, 386041, 153962, 571863, 121364, 39.1, 46.5, 1.00
M, 733325, 377318, 901805, 1004862, 386234, 153844, 572155, 121389, 39.1, 46.5, 0.99
M, 735132, 377329, 901739, 1006876, 386595, 153839, 572537, 121469, 39.1, 46.5, 1.00
M, 736963, 377343, 901443, 1008588, 386849, 153785, 572958, 121484, 39.1, 46.5, 1.01
M, 738306, 377257, 900970, 1010161, 387032, 153662, 573282, 121541, 39.1, 46.5, 1.00
M, 740757, 377333, 902518, 1013432, 387500, 153978, 573866, 121769, 39.1, 46.5, 1.00
M, 741809, 377424, 901927, 1014655, 387743, 153845, 574180, 121723, 39.1, 46.5, 1.01
M, 742532, 377310, 901064, 1015373, 387880, 153814, 574441, 121732, 39.1, 46.5, 1.00
M, 743860, 377312, 901306, 1017378, 388179, 153830, 574801, 121791, 39.1, 46.5, 1.00
M, 745203, 377344, 901365, 1018926, 388499, 153894, 575218, 121782, 39.1, 46.5, 0.99
M, 746214, 377358, 901296, 1020245, 388725, 153886, 575585, 121839, 39.1, 46.5, 0.99
M, 747142, 377423, 901365, 1021721, 389019, 153940, 575928, 121901, 39.1, 46.5, 1.00
M, 748244, 377467, 901364, 1023189, 389342, 153992, 576401, 121930, 39.1, 46.5, 1.01
M, 748853, 377463, 901382, 1024319, 389554, 153982, 576680, 121956, 39.1, 46.5, 0.98
M, 749760, 377565, 901152, 1025471, 389931, 154040, 577146, 121962, 39.1, 46.5, 0.99
M, 750379, 377635, 901317, 1026662, 390058, 154068, 577433, 122057, 39.1, 46.5, 1.00
M, 751487, 377711, 901731, 1028082, 390418, 154218, 577834, 122161, 39.1, 46.5, 1.00
M, 752290, 377827, 902026, 1029425, 390798, 154218, 578289, 122249, 39.1, 46.5, 1.01
M, 752990, 378004, 902266, 1030663, 391002, 154237, 578613, 122247, 39.1, 46.5, 1.00
M, 753996, 378102, 902900, 1032145, 391408, 154446, 579101, 122317, 39.1, 46.5, 0.99
M, 754801, 378314, 903039, 1033123, 391656, 154398, 579458, 122299, 39.1, 46.5, 1.01
M, 755350, 378434, 903104, 1034159, 391941, 154475, 579813, 122389, 39.1, 46.5, 0.99
M, 756171, 378594, 903661, 1035492, 392250, 154568, 580281, 122466, 39.1, 46.5, 1.00
M, 756826, 378821, 903879, 1036510, 392546, 154636, 580626, 122495, 39.1, 46.5, 1.00
M, 757634, 378991, 904122, 1037446, 392813, 154708, 580994, 122460, 39.1, 46.5, 0.99
M, 759355, 379340, 906026, 1039936, 393247, 154912, 581561, 122755, 39.1, 46.5, 1.01
M, 759697, 379571, 906001, 1040766, 393532, 154939, 581935, 122722, 39.1, 46.5, 1.01
M, 760004, 379723, 905912, 1041125, 393733, 154874, 582145, 122705, 39.1, 46.5, 1.00
M, 760228, 379851, 905886, 1041899, 393958, 154955, 582400, 122763, 39.1, 46.5, 1.00
M, 760812, 380053, 906243, 1042887, 394214, 155117, 582759, 122848, 39.1, 46.5, 1.00
M, 761289, 380263, 906382, 1043392, 394474, 155064, 583134, 122796, 39.1, 46.5, 0.99
M, 761594, 380367, 906511, 1043956, 394676, 155074, 583362, 122834, 39.1, 46.5, 0.99
M, 761979, 380529, 906654, 1045016, 394899, 155229, 583675, 122839, 39.1, 46.5, 1.00
M, 762254, 380768, 906381, 1045247, 395117, 155240, 583936, 122841, 39.1, 46.5, 1.00
M, 762427, 380838, 906554, 1045813, 395231, 155269, 584135, 122923, 39.1, 46.5, 1.00
M, 762731, 381138, 906559, 1046541, 395605, 155291, 584465, 122929, 39.1, 46.5, 1.01
M, 763097, 381129, 906711, 1047079, 395615, 155342, 584606, 122975, 39.1, 46.5, 1.00
M, 763667, 381378, 907264, 1048116, 395898, 155419, 585000, 122951, 39.1, 46.5, 1.00
M, 764100, 381525, 907637, 1048847, 396114, 155482, 585279, 122998, 39.1, 46.5, 1.00
M, 764357, 381721, 907726, 1049475, 396262, 155526, 585485, 123123, 39.1, 46.5, 1.01
M, 765141, 381962, 908427, 1050590, 396603, 155650, 585866, 123216, 39.1, 46.5, 1.00
M, 765633, 382178, 908866, 1051253, 396800, 155714, 586182, 123179, 39.1, 46.5, 1.01
M, 765691, 382320, 908839, 1051564, 396902, 155733, 586323, 123199, 39.1, 46.5, 1.01
M, 766092, 382465, 909011, 1052242, 397157, 155790, 586595, 123230, 39.1, 46.5, 1.00
M, 766441, 382651, 909228, 1052630, 397279, 155753, 586778, 123213, 39.1, 46.5, 0.99
M, 768299, 382995, 911528, 1055165, 397745, 156130, 587417, 123473, 39.1, 46.5, 1.00
M, 767849, 383235, 910642, 1054639, 397925, 156038, 587512, 123350, 39.1, 46.5, 1.01
M, 767629, 383299, 910532, 1054894, 397892, 156015, 587594, 123379, 39.1, 46.5, 1.00
M, 767337, 383314, 909896, 1054770, 397987, 155923, 587660, 123267, 39.1, 46.5, 1.00
M, 767156, 383346, 909514, 1054604, 398098, 156004, 587730, 123309, 39.1, 46.5, 1.00
M, 767718, 383560, 910158, 1055501, 398199, 156090, 588014, 123395, 39.1, 46.5, 1.00
M, 768177, 383659, 910570, 1056041, 398419, 156059, 588255, 123345, 39.1, 46.5, 1.00
M, 768292, 383755, 910694, 1056329, 398569, 156041, 588392, 123360, 39.1, 46.5, 1.00
M, 768719, 383936, 910989, 1057188, 398721, 156245, 588648, 123456, 39.1, 46.5, 1.01
M, 768653, 384040, 910871, 1057134, 398855, 156169, 588849, 123386, 39.1, 46.5, 0.99
M, 768740, 384113, 910852, 1057573, 398900, 156231, 588893, 123483, 39.1, 46.5, 1.01
M, 768998, 384317, 911031, 1057794, 399153, 156207, 589231, 123433, 39.1, 46.5, 0.99
M, 768969, 384328, 911036, 1057910, 399147, 156237, 589269, 123473, 39.1, 46.5, 1.01
M, 769073, 384380, 911166, 1058545, 399340, 156297, 589448, 123444, 39.1, 46.5, 1.00
M, 769461, 384550, 911564, 1059116, 399453, 156332, 589587, 123535, 39.1, 46.5, 1.00
M, 769788, 384608, 911807, 1059425, 399563, 156369, 589765, 123581, 39.1, 46.5, 1.00
M, 770404, 384825, 912783, 1060383, 399790, 156477, 590144, 123641, 39.1, 46.5, 1.01
M, 770753, 385000, 912996, 1060948, 399979, 156472, 590308, 123603, 39.1, 46.5, 1.01
M, 770822, 385153, 913105, 1061183, 400046, 156545, 590392, 123641, 39.1, 46.5, 0.99
M, 771178, 385244, 913610, 1061984, 400244, 156623, 590661, 123763, 39.1, 46.5, 1.00
M, 772698, 385611, 915706, 1063995, 400608, 156922, 591095, 123880, 39.1, 46.5, 1.00
M, 772605, 385799, 915342, 1063877, 400813, 156905, 591231, 123930, 39.1, 46.5, 1.00
M, 772255, 385792, 914955, 1063649, 400774, 156912, 591253, 123864, 39.1, 46.5, 1.00
M, 772454, 385853, 915189, 1064018, 400855, 156819, 591405, 123863, 39.1, 46.5, 0.99
M, 772081, 385850, 914895, 1063840, 400841, 156869, 591488, 123793, 39.1, 46.5, 1.00
M, 772102, 385914, 914792, 1063811, 400937, 156890, 591624, 123915, 39.1, 46.5, 1.01
M, 772495, 386003, 915374, 1064347, 401096, 156989, 591774, 123897, 39.1, 46.5, 1.00
M, 772650, 386197, 915394, 1064585, 401207, 156974, 591947, 123883, 39.1, 46.5, 0.99
M, 772620, 386250, 915213, 1064570, 401292, 156991, 591990, 123821, 39.1, 46.5, 1.01
M, 772511, 386227, 915455, 1064886, 401305, 156955, 592137, 123817, 39.1, 46.5, 1.00
M, 772315, 386361, 915169, 1064705, 401439, 157000, 592244, 123844, 39.1, 46.5, 0.99
M, 772241, 386353, 915085, 1064953, 401404, 156995, 592272, 123861, 39.1, 46.5, 1.00
M, 772631, 386432, 915347, 1065261, 401638, 157026, 592499, 123859, 39.2, 46.5, 0.99
M, 772626, 386548, 915472, 1065316, 401632, 157064, 592551, 123900, 39.2, 46.5, 1.01
M, 773027, 386558, 915970, 1066048, 401784, 157050, 592758, 123925, 39.2, 46.5, 1.00
M, 773266, 386718, 916141, 1066337, 401897, 157065, 592875, 123970, 39.1, 46.5, 1.00
M, 773484, 386760, 916552, 1066847, 401991, 157160, 592965, 123991, 39.1, 46.5, 1.00
M, 773911, 386892, 917109, 1067551, 402137, 157273, 593229, 124024, 39.1, 46.5, 1.00
M, 774227, 387057, 917284, 1067586, 402269, 157242, 593338, 124044, 39.1, 46.5, 1.00
M, 774135, 387109, 917436, 1067696, 402283, 157299, 593435, 124064, 39.1, 46.5, 1.00
M, 775342, 387298, 919244, 1069776, 402635, 157526, 593828, 124263, 39.1, 46.5, 1.00
M, 775598, 387512, 919516, 1069969, 402819, 157532, 594020, 124318, 39.2, 46.5, 1.00
M, 775446, 387519, 919146, 1069715, 402783, 157526, 594022, 124295, 39.2, 46.5, 1.00
M, 775720, 387642, 919621, 1070065, 402917, 157675, 594211, 124275, 39.2, 46.5, 1.00
M, 775552, 387723, 919633, 1070200, 402994, 157664, 594257, 124264, 39.2, 46.5, 1.00
M, 775506, 387649, 919484, 1070138, 402982, 157648, 594276, 124203, 39.2, 46.5, 1.01
M, 775315, 387706, 919462, 1070231, 403016, 157665, 594312, 124195, 39.2, 46.5, 1.00
M, 775566, 387851, 919921, 1070581, 403122, 157673, 594452, 124258, 39.2, 46.5, 0.99
M, 775470, 387859, 919745, 1070597, 403143, 157640, 594482, 124312, 39.2, 46.5, 1.00
M, 775960, 388093, 920320, 1070791, 403331, 157692, 594657, 124257, 39.2, 46.5, 0.99
M, 775707, 388012, 920215, 1070962, 403245, 157766, 594727, 124284, 39.2, 46.5, 0.99
M, 775561, 388073, 920037, 1070733, 403411, 157765, 594854, 124288, 39.2, 46.5, 0.99
M, 775530, 388001, 920116, 1070873, 403422, 157796, 594799, 124284, 39.2, 46.5, 1.00
M, 775318, 388078, 919878, 1070799, 403502, 157759, 594919, 124282, 39.2, 46.5, 0.99
M, 775252, 388149, 919764, 1070695, 403448, 157823, 594929, 124249, 39.2, 46.5, 1.01
M, 775632, 388140, 920406, 1071410, 403606, 157818, 595104, 124322, 39.2, 46.5, 1.00
M, 775736, 388209, 920582, 1071557, 403657, 157795, 595187, 124280, 39.2, 46.5, 1.00
M, 775651, 388176, 920571, 1071640, 403690, 157891, 595279, 124361, 39.2, 46.5, 1.00
M, 776087, 388307, 921239, 1072298, 403814, 157934, 595426, 124394, 39.2, 46.5, 1.01
M, 776397, 388490, 921447, 1072321, 403925, 157952, 595558, 124375, 39.2, 46.5, 0.99
M, 777691, 388697, 923308, 1074182, 404241, 158227, 595923, 124627, 39.2, 46.5, 1.00
M, 777237, 388817, 922888, 1073869, 404275, 158122, 595964, 124517, 39.2, 46.5, 1.00
M, 776843, 388688, 922228, 1073186, 404177, 158103, 595903, 124514, 39.2, 46.5, 1.01
M, 776310, 388639, 921816, 1072901, 404099, 157983, 595812, 124450, 39.2, 46.5, 1.00
M, 776352, 388713, 921896, 1072990, 404171, 158096, 595871, 124462, 39.2, 46.5, 1.00
M, 776609, 388647, 922245, 1073060, 404177, 158028, 595961, 124385, 39.2, 46.5, 1.00
M, 776715, 388687, 922332, 1073316, 404305, 158120, 596015, 124461, 39.2, 46.5, 1.01
M, 776469, 388736, 922365, 1073602, 404360, 158140, 596154, 124453, 39.2, 46.5, 1.00
M, 776974, 388826, 922854, 1073916, 404453, 158241, 596315, 124525, 39.2, 46.5, 0.99
M, 776947, 388823, 923010, 1073822, 404417, 158191, 596364, 124543, 39.2, 46.5, 1.00
M, 777465, 388953, 923526, 1074422, 404770, 158291, 596569, 124639, 39.2, 46.5, 1.00
M, 777261, 388906, 923542, 1074455, 404650, 158333, 596536, 124622, 39.2, 46.5, 1.00
M, 777245, 389003, 923457, 1074500, 404696, 158327, 596698, 124564, 39.2, 46.5, 0.99
M, 777233, 389042, 923599, 1074715, 404749, 158373, 596668, 124603, 39.2, 46.5, 1.00
M, 777499, 389052, 924264, 1075206, 404869, 158410, 596857, 124703, 39.2, 46.5, 1.01
M, 777699, 389178, 924489, 1075443, 404890, 158467, 596942, 124675, 39.2, 46.5, 1.00
M, 778024, 389203, 924859, 1075677, 404990, 158494, 597093, 124692, 39.2, 46.5, 1.01
M, 777967, 389260, 924916, 1075614, 405002, 158520, 597085, 124704, 39.2, 46.5, 1.00
M, 777870, 389258, 924759, 1075811, 405161, 158488, 597169, 124728, 39.2, 46.5, 1.00
M, 778331, 389406, 925258, 1076134, 405184, 158568, 597292, 124780, 39.2, 46.5, 0.99
M, 779590, 389627, 927289, 1077924, 405463, 158812, 597634, 124976, 39.2, 46.5, 1.00
M, 779342, 389790, 927040, 1077749, 405468, 158823, 597668, 124911, 39.2, 46.5, 0.99
M, 778912, 389638, 926544, 1077015, 405419, 158660, 597579, 124748, 39.2, 46.5, 1.00
M, 778720, 389632, 926494, 1077047, 405425, 158685, 597611, 124753, 39.2, 46.5, 1.00
M, 778763, 389729, 926690, 1077395, 405509, 158802, 597657, 124856, 39.2, 46.5, 1.01
M, 778762, 389757, 926788, 1077441, 405517, 158799, 597697, 124899, 39.2, 46.5, 1.00
M, 778805, 389765, 926801, 1077217, 405502, 158857, 597746, 124856, 39.2, 46.5, 1.01
M, 778968, 389845, 927364, 1077747, 405649, 158882, 597912, 124958, 39.2, 46.5, 0.99
M, 779087, 389827, 927505, 1077926, 405654, 158924, 597990, 124897, 39.2, 46.5, 0.99
M, 778688, 389779, 926915, 1077322, 405606, 158879, 597876, 124811, 39.2, 46.5, 0.99
M, 778836, 389797, 927410, 1077654, 405633, 158929, 597906, 124895, 39.2, 46.5, 0.99
M, 778583, 389852, 927214, 1077316, 405750, 158906, 598074, 124849, 39.2, 46.5, 0.99
M, 778684, 389807, 927182, 1077240, 405682, 158884, 598033, 124838, 39.2, 46.5, 1.00
M, 778130, 389829, 926706, 1076792, 405612, 158817, 598008, 124753, 39.2, 46.5, 1.00
M, 778043, 389704, 926927, 1077094, 405621, 158911, 598013, 124824, 39.2, 46.5, 1.00
M, 778554, 389830, 927433, 1077477, 405710, 158927, 598098, 124890, 39.2, 46.5, 0.99
M, 778586, 389817, 927461, 1077424, 405780, 158978, 598219, 124903, 39.2, 46.5, 1.01
M, 778686, 389842, 927825, 1077689, 405851, 158948, 598247, 124833, 39.2, 46.5, 1.00
M, 778692, 389806, 927819, 1077602, 405887, 158952, 598289, 124858, 39.2, 46.5, 1.00
M, 778625, 389835, 927974, 1077750, 405815, 158963, 598368, 124896, 39.2, 46.5, 1.00
M, 780385, 390155, 930524, 1079991, 406301, 159257, 598803, 125165, 39.2, 46.5, 0.99
M, 780163, 390173, 930314, 1079939, 406295, 159255, 598809, 125170, 39.2, 46.5, 1.00
M, 780317, 390286, 930473, 1080037, 406351, 159299, 598935, 125098, 39.2, 46.5, 1.00
M, 780292, 390406, 930369, 1079591, 406343, 159246, 598886, 125091, 39.2, 46.5, 1.00
M, 779862, 390384, 929877, 1079167, 406309, 159200, 598838, 125049, 39.2, 46.5, 0.99
M, 778949, 390145, 929067, 1078719, 406136, 159126, 598699, 124934, 39.2, 46.5, 1.00
M, 779399, 390154, 929571, 1078973, 406265, 159209, 598840, 125000, 39.2, 46.5, 1.00
M, 779340, 390169, 929785, 1079136, 406270, 159280, 598875, 125060, 39.2, 46.5, 1.00
M, 779726, 390275, 930278, 1079623, 406406, 159304, 599021, 125102, 39.2, 46.5, 1.00
M, 779860, 390292, 930505, 1079381, 406445, 159245, 599074, 125047, 39.2, 46.5, 1.00
M, 779566, 390338, 930310, 1079176, 406387, 159251, 599123, 125041, 39.2, 46.5, 0.99
M, 779703, 390345, 930743, 1079823, 406477, 159347, 599177, 125084, 39.2, 46.5, 1.00
M, 779586, 390423, 930433, 1079412, 406490, 159341, 599174, 125024, 39.2, 46.5, 1.00
M, 779602, 390362, 930509, 1079456, 406524, 159381, 599164, 125097, 39.2, 46.5, 1.00
M, 779494, 390374, 930581, 1079483, 406554, 159302, 599236, 124993, 39.2, 46.5, 1.00
M, 779395, 390276, 930707, 1079585, 406543, 159347, 599215, 125097, 39.2, 46.5, 1.00
M, 779688, 390456, 931241, 1079952, 406610, 159391, 599384, 125091, 39.2, 46.5, 1.00
M, 779936, 390469, 931513, 1080144, 406636, 159502, 599422, 125124, 39.2, 46.5, 1.00
M, 779875, 390473, 931674, 1080282, 406680, 159503, 599425, 125213, 39.2, 46.5, 1.00
M, 780336, 390539, 932223, 1080836, 406855, 159543, 599594, 125261, 39.2, 46.5, 1.01
M, 782042, 390875, 934732, 1082824, 407156, 159789, 600028, 125466, 39.2, 46.5, 1.01
M, 781335, 390818, 933898, 1082003, 407152, 159843, 599869, 125345, 39.2, 46.5, 1.00
M, 780744, 390810, 933308, 1081471, 407020, 159665, 599802, 125271, 39.2, 46.5, 1.00
M, 780354, 390670, 932599, 1080804, 406932, 159564, 599666, 125202, 39.2, 46.5, 1.00
M, 779983, 390600, 932375, 1080478, 406816, 159691, 599620, 125180, 39.2, 46.5, 1.00
M, 779907, 390603, 932492, 1080467, 406823, 159610, 599662, 125233, 39.2, 46.5, 1.01
M, 780101, 390567, 932787, 1080516, 406857, 159588, 599706, 125193, 39.2, 46.5, 0.99
M, 780093, 390610, 932923, 1080723, 406847, 159638, 599747, 125211, 39.2, 46.5, 1.00
M, 779808, 390530, 932935, 1080650, 406972, 159687, 599775, 125199, 39.2, 46.5, 0.99
M, 780230, 390662, 933518, 1081115, 407004, 159734, 599858, 125244, 39.2, 46.5, 1.00
M, 780482, 390650, 933632, 1080986, 407091, 159744, 599895, 125209, 39.2, 46.5, 0.99
M, 780216, 390618, 933586, 1080880, 406983, 159683, 599884, 125226, 39.2, 46.5, 0.99
M, 780446, 390725, 934047, 1081406, 407139, 159843, 599980, 125346, 39.2, 46.5, 1.00
M, 780242, 390694, 933875, 1080995, 407168, 159799, 600018, 125307, 39.2, 46.5, 0.99
M, 780161, 390603, 933821, 1081108, 407053, 159812, 599973, 125277, 39.2, 46.5, 1.00
M, 780114, 390748, 933765, 1080874, 407165, 159825, 600027, 125247, 39.2, 46.5, 1.01
M, 780120, 390686, 933906, 1080695, 407055, 159737, 600031, 125267, 39.2, 46.5, 0.99
M, 779859, 390635, 933808, 1080837, 407069, 159810, 600005, 125229, 39.2, 46.5, 1.00
M, 779345, 390456, 933256, 1080322, 407025, 159716, 599961, 125134, 39.2, 46.5, 1.00
M, 779593, 390452, 933554, 1080536, 407004, 159779, 599987, 125229, 39.2, 46.5, 1.00
M, 781513, 390735, 936394, 1082944, 407429, 160086, 600527, 125621, 39.2, 46.5, 1.00
M, 780990, 390861, 935817, 1082165, 407395, 159994, 600451, 125399, 39.2, 46.5, 1.00
M, 780360, 390735, 935080, 1081458, 407358, 159920, 600359, 125278, 39.2, 46.5, 1.00
M, 780373, 390695, 935108, 1081276, 407263, 159904, 600254, 125311, 39.2, 46.5, 1.00
M, 780401, 390676, 935295, 1081564, 407342, 159915, 600336, 125341, 39.2, 46.5, 1.00
M, 780628, 390713, 935830, 1082018, 407357, 160018, 600491, 125376, 39.2, 46.5, 1.00
M, 780792, 390743, 936152, 1082170, 407480, 160086, 600514, 125459, 39.2, 46.5, 1.00
M, 780956, 390762, 936391, 1082214, 407444, 160013, 600494, 125346, 39.2, 46.5, 0.99
M, 780843, 390743, 936391, 1082177, 407418, 160080, 600564, 125387, 39.2, 46.5, 1.01
M, 780303, 390823, 935784, 1081507, 407389, 160011, 600424, 125267, 39.2, 46.5, 0.99
M, 780538, 390786, 936240, 1081841, 407441, 160090, 600533, 125409, 39.2, 46.5, 1.00
M, 780623, 390731, 936564, 1082048, 407510, 160130, 600564, 125468, 39.2, 46.5, 1.00
M, 781054, 390951, 937195, 1082467, 407609, 160152, 600649, 125452, 39.2, 46.5, 1.00
M, 780991, 390822, 937236, 1082323, 407530, 160165, 600700, 125455, 39.2, 46.5, 1.00
M, 780755, 390907, 937168, 1082226, 407575, 160162, 600757, 125478, 39.2, 46.5, 1.00
M, 780702, 390817, 937213, 1082324, 407562, 160253, 600691, 125449, 39.2, 46.5, 1.00
M, 780598, 390925, 937171, 1082160, 407668, 160166, 600763, 125409, 39.2, 46.5, 0.99
M, 780474, 390791, 937115, 1081846, 407551, 160211, 600783, 125360, 39.2, 46.5, 1.01
M, 780672, 390830, 937602, 1082523, 407676, 160267, 600743, 125487, 39.2, 46.5, 1.00
M, 780671, 390868, 937685, 1082368, 407686, 160175, 600892, 125446, 39.2, 46.5, 1.00
M, 781957, 391006, 939529, 1084021, 407850, 160497, 601146, 125724, 39.2, 46.5, 0.99
M, 781783, 391112, 939360, 1083646, 408000, 160452, 601234, 125616, 39.2, 46.5, 1.00
M, 781724, 391122, 939104, 1083393, 407931, 160372, 601152, 125537, 39.2, 46.5, 1.00
M, 781558, 391109, 938974, 1083023, 407862, 160344, 601074, 125545, 39.2, 46.5, 1.00
M, 781575, 391122, 939393, 1083596, 407912, 160455, 601243, 125633, 39.2, 46.5, 1.00
M, 781418, 391111, 939452, 1083550, 407926, 160457, 601211, 125598, 39.2, 46.5, 0.99
M, 781402, 391205, 939347, 1083300, 407999, 160495, 601212, 125597, 39.2, 46.5, 1.00
M, 781718, 391216, 939969, 1083744, 408055, 160525, 601378, 125668, 39.2, 46.5, 1.00
M, 781715, 391235, 940010, 1083712, 408073, 160508, 601404, 125667, 39.2, 46.5, 1.00
M, 781489, 391241, 939823, 1083525, 408054, 160531, 601368, 125629, 39.2, 46.5, 0.99
M, 781508, 391255, 939976, 1083576, 408051, 160530, 601398, 125613, 39.2, 46.5, 1.00
M, 781393, 391176, 939899, 1083534, 408023, 160501, 601349, 125581, 39.2, 46.5, 0.99
M, 781438, 391212, 939947, 1083659, 408019, 160469, 601363, 125664, 39.2, 46.5, 1.00
M, 781780, 391321, 940435, 1083581, 408141, 160587, 601540, 125649, 39.2, 46.5, 1.00
M, 781553, 391336, 940414, 1083663, 408038, 160545, 601423, 125606, 39.2, 46.5, 1.00
M, 781247, 391306, 939981, 1083212, 408090, 160515, 601413, 125599, 39.2, 46.5, 1.00
M, 781318, 391183, 940073, 1083275, 408012, 160565, 601377, 125654, 39.2, 46.5, 1.00
M, 781555, 391259, 940614, 1083762, 408116, 160619, 601524, 125685, 39.2, 46.5, 1.00
M, 781643, 391239, 940914, 1083942, 408152, 160613, 601499, 125683, 39.2, 46.5, 1.00
M, 781756, 391307, 941103, 1083872, 408047, 160567, 601540, 125666, 39.2, 46.5, 1.00
