State, OV, Alc, H2, AC1, NH3, AC2, VOC, LP, Temp, Hud, AirFlow
A, 712165, 341772, 1160304, 983875, 338988, 172125, 497092, 139275, 41.8, 44.2, 0.00
A, 701369, 339340, 1140524, 969655, 336215, 169720, 493932, 137162, 41.8, 44.2, 0.56
A, 690759, 336532, 1121224, 956099, 333659, 167210, 491210, 135070, 41.6, 44.1, 0.75
A, 683496, 334648, 1107141, 946811, 332035, 165422, 490082, 133625, 41.6, 44.1, 0.82
A, 677255, 333205, 1092766, 938294, 331203, 163602, 490206, 132419, 41.5, 43.9, 0.92
A, 674300, 332610, 1084864, 934257, 331068, 162461, 490765, 131852, 41.5, 43.9, 0.92
A, 672128, 332231, 1076841, 930808, 331260, 161375, 491762, 131359, 41.5, 43.9, 0.96
A, 670923, 332148, 1069903, 928397, 331672, 160402, 492925, 130980, 41.4, 43.9, 0.97
A, 670584, 332234, 1063520, 926987, 332227, 159420, 494222, 130577, 41.4, 43.9, 0.98
A, 670984, 332494, 1058316, 926336, 332756, 158714, 495434, 130433, 41.3, 43.8, 0.99
A, 671486, 332703, 1054396, 926665, 333342, 158119, 496477, 130343, 41.3, 43.8, 0.99
A, 673218, 333249, 1051490, 927785, 334036, 157608, 497876, 130377, 41.2, 43.8, 0.99
A, 674861, 333651, 1048860, 929057, 334715, 157297, 499016, 130413, 41.2, 43.8, 1.00
A, 677114, 334364, 1047168, 931001, 335672, 156966, 500416, 130473, 41.1, 43.7, 1.00
A, 679712, 335070, 1044798, 932915, 336602, 156666, 501884, 130580, 41.1, 43.7, 1.00
A, 681970, 335752, 1043422, 935040, 337393, 156424, 503180, 130613, 41.1, 43.7, 1.01
A, 684390, 336572, 1042463, 937672, 338219, 156276, 504482, 130753, 41.1, 43.7, 1.01
A, 686968, 337300, 1041436, 940190, 339110, 156178, 505767, 130796, 41.0, 43.8, 1.00
A, 689435, 338079, 1040373, 942432, 339904, 156082, 506968, 130973, 41.0, 43.8, 1.01
A, 692481, 339016, 1040519, 945375, 340900, 156063, 508332, 131115, 41.0, 43.7, 0.99
A, 697186, 340222, 1042891, 950671, 342252, 156326, 510236, 131547, 41.0, 43.7, 0.99
A, 699517, 341211, 1041914, 952879, 343071, 156153, 511456, 131497, 40.9, 43.7, 0.99
A, 701827, 342132, 1041352, 955322, 343912, 156143, 512519, 131586, 40.9, 43.7, 1.00
A, 704344, 343259, 1040181, 957764, 344908, 156052, 513964, 131650, 40.9, 43.8, 0.99
A, 706632, 344061, 1039082, 959806, 345590, 156058, 515008, 131716, 40.9, 43.8, 1.00
A, 708764, 345131, 1038379, 962418, 346515, 155968, 516245, 131651, 40.8, 43.8, 0.99
A, 710567, 345803, 1038082, 964378, 347105, 155959, 517108, 131762, 40.8, 43.8, 1.00
A, 712934, 346750, 1038161, 967105, 347890, 156057, 518277, 131910, 40.8, 43.8, 1.01
A, 715363, 347765, 1037959, 969599, 348717, 156116, 519441, 131992, 40.8, 43.8, 1.00
A, 717615, 348683, 1038028, 972022, 349492, 156070, 520555, 132036, 40.8, 43.8, 1.00
A, 720502, 349945, 1038315, 975070, 350522, 156205, 521947, 132126, 40.8, 43.8, 1.01
A, 722429, 350876, 1038176, 977413, 351248, 156232, 522966, 132225, 40.8, 43.8, 1.00
A, 724776, 351882, 1038561, 980022, 352093, 156348, 524025, 132277, 40.7, 43.8, 0.99
A, 726522, 352824, 1038293, 982281, 352817, 156395, 525027, 132375, 40.7, 43.8, 1.00
A, 728802, 353870, 1038683, 984829, 353627, 156513, 526121, 132496, 40.7, 43.9, 1.00
A, 730964, 354987, 1038623, 987066, 354451, 156543, 527229, 132537, 40.7, 43.9, 0.99
A, 732701, 355913, 1038362, 989160, 355141, 156629, 528196, 132549, 40.7, 43.9, 1.00
A, 734275, 356777, 1038476, 991314, 355801, 156641, 529104, 132591, 40.7, 43.9, 0.99
A, 736164, 357746, 1038316, 993381, 356488, 156772, 530046, 132693, 40.6, 43.9, 1.00
A, 738046, 358749, 1038864, 995617, 357205, 156823, 531027, 132841, 40.6, 43.9, 1.00
A, 741439, 359993, 1041623, 999925, 358176, 157255, 532320, 133131, 40.6, 43.9, 1.01
A, 743381, 361160, 1041602, 1001865, 359056, 157271, 533362, 133125, 40.6, 43.9, 1.01
A, 744518, 362032, 1041108, 1003217, 359624, 157285, 534146, 133079, 40.6, 43.9, 0.99
A, 745703, 362879, 1040947, 1005135, 360170, 157430, 534933, 133117, 40.6, 43.9, 1.01
A, 746819, 363933, 1040017, 1006368, 360810, 157378, 535798, 133109, 40.6, 44.0, 1.01
A, 747847, 364492, 1039715, 1007678, 361205, 157400, 536363, 133126, 40.6, 44.0, 1.00
A, 749295, 365691, 1039477, 1009602, 361931, 157471, 537385, 133075, 40.5, 44.0, 1.01
A, 750080, 366236, 1039399, 1010798, 362375, 157482, 537981, 133072, 40.5, 44.0, 0.99
A, 751680, 367084, 1039593, 1012622, 362866, 157602, 538793, 133170, 40.5, 44.0, 1.00
A, 752862, 367859, 1039537, 1014243, 363479, 157611, 539488, 133138, 40.5, 44.0, 0.99
A, 753991, 368768, 1039553, 1015675, 364015, 157698, 540219, 133221, 40.5, 44.0, 1.01
A, 755338, 369638, 1039970, 1017632, 364580, 157814, 541034, 133393, 40.5, 44.1, 1.00
A, 756858, 370452, 1040255, 1019335, 365295, 157942, 541885, 133334, 40.5, 44.1, 0.99
A, 757512, 371245, 1039604, 1020297, 365684, 157908, 542518, 133268, 40.5, 44.1, 1.01
A, 758451, 371877, 1039513, 1021726, 366153, 157974, 543135, 133311, 40.5, 44.1, 1.00
A, 759156, 372496, 1038541, 1022408, 366545, 157986, 543693, 133331, 40.5, 44.2, 0.99
A, 760391, 373385, 1039019, 1023956, 367089, 158102, 544501, 133369, 40.5, 44.2, 1.01
A, 761382, 374038, 1038876, 1025311, 367564, 158135, 545127, 133394, 40.4, 44.2, 1.00
A, 762740, 374813, 1039637, 1027082, 368141, 158251, 545833, 133431, 40.4, 44.2, 1.00
A, 763860, 375529, 1040015, 1028814, 368681, 158338, 546545, 133483, 40.4, 44.2, 1.01
A, 766598, 376507, 1042827, 1032347, 369429, 158794, 547553, 133949, 40.4, 44.2, 0.99
A, 767703, 377393, 1043404, 1034004, 370034, 158908, 548263, 133986, 40.4, 44.3, 1.00
A, 768491, 378211, 1042879, 1034702, 370482, 158836, 548874, 133800, 40.4, 44.3, 1.00
A, 769071, 378784, 1042744, 1035613, 370840, 158910, 549364, 133774, 40.4, 44.3, 1.00
A, 769535, 379324, 1042374, 1036579, 371145, 158970, 549885, 133774, 40.4, 44.3, 0.99
A, 770536, 380206, 1042632, 1037786, 371794, 159012, 550643, 133807, 40.4, 44.3, 0.99
A, 770958, 380633, 1042431, 1038755, 371982, 159129, 550977, 133851, 40.4, 44.3, 1.00
A, 771961, 381496, 1042164, 1039906, 372474, 159161, 551761, 133831, 40.4, 44.4, 0.99
A, 772401, 381788, 1042433, 1040636, 372845, 159190, 552089, 133848, 40.4, 44.4, 1.01
A, 773233, 382456, 1042612, 1041968, 373202, 159379, 552648, 133794, 40.4, 44.4, 0.99
A, 773973, 383016, 1042810, 1043062, 373660, 159456, 553158, 133828, 40.3, 44.4, 0.99
A, 774559, 383554, 1042717, 1043980, 374008, 159486, 553656, 133957, 40.3, 44.4, 1.01
A, 775624, 384158, 1043293, 1045419, 374434, 159574, 554198, 134012, 40.3, 44.4, 1.00
A, 776413, 384771, 1043714, 1046546, 374840, 159717, 554889, 134002, 40.3, 44.4, 1.00
A, 776867, 385316, 1043546, 1047303, 375160, 159749, 555298, 134021, 40.3, 44.5, 0.99
A, 777624, 385788, 1043840, 1048404, 375528, 159839, 555805, 134036, 40.3, 44.5, 0.99
A, 778108, 386244, 1043839, 1049361, 375889, 159905, 556228, 134052, 40.3, 44.5, 1.00
A, 778780, 386785, 1044163, 1050373, 376204, 160030, 556704, 134083, 40.3, 44.5, 1.00
A, 779578, 387369, 1043879, 1050964, 376622, 160068, 557243, 134054, 40.3, 44.5, 1.01
A, 779892, 387747, 1044112, 1051893, 376929, 160064, 557568, 134061, 40.3, 44.5, 0.99
A, 782261, 388578, 1047046, 1055193, 377597, 160427, 558462, 134400, 40.3, 44.5, 1.01
A, 782414, 389079, 1046480, 1055394, 377893, 160569, 558900, 134367, 40.3, 44.5, 0.99
A, 782865, 389514, 1046400, 1056179, 378227, 160589, 559279, 134350, 40.3, 44.6, 1.01
A, 783160, 390087, 1046289, 1056528, 378523, 160649, 559748, 134237, 40.3, 44.6, 0.99
A, 783133, 390351, 1045821, 1056834, 378711, 160667, 559987, 134193, 40.2, 44.6, 1.00
A, 783455, 390749, 1045805, 1057399, 378961, 160597, 560348, 134220, 40.2, 44.6, 1.01
A, 783463, 391180, 1045034, 1057701, 379227, 160670, 560700, 134149, 40.2, 44.6, 1.00
A, 783574, 391291, 1044946, 1058169, 379293, 160697, 560947, 134126, 40.2, 44.6, 1.00
A, 783982, 391825, 1044659, 1058745, 379743, 160674, 561416, 134128, 40.2, 44.7, 1.00
A, 784164, 392057, 1044663, 1059194, 379851, 160775, 561676, 134069, 40.2, 44.7, 1.00
A, 784545, 392438, 1044803, 1060078, 380074, 160812, 562005, 134083, 40.2, 44.7, 1.00
A, 784971, 392768, 1044839, 1060732, 380321, 160886, 562420, 134158, 40.2, 44.7, 1.00
A, 785446, 393088, 1044892, 1061231, 380593, 160935, 562726, 134180, 40.2, 44.7, 0.99
A, 786229, 393421, 1045487, 1062395, 380989, 161062, 563247, 134218, 40.2, 44.7, 1.00
A, 786660, 393793, 1045367, 1062852, 381237, 161129, 563601, 134151, 40.2, 44.7, 0.99
A, 786852, 394108, 1045371, 1063253, 381391, 161026, 563882, 134099, 40.2, 44.8, 1.01
A, 787165, 394368, 1045351, 1064007, 381676, 161162, 564181, 134114, 40.2, 44.8, 0.99
A, 787452, 394744, 1045466, 1064692, 381991, 161286, 564512, 134191, 40.2, 44.8, 1.01
A, 788097, 395047, 1045639, 1065472, 382248, 161323, 564930, 134221, 40.2, 44.8, 1.00
A, 788490, 395369, 1045974, 1066044, 382445, 161451, 565326, 134280, 40.2, 44.8, 0.99
A, 790930, 396063, 1049210, 1069367, 383170, 161805, 566057, 134651, 40.2, 44.8, 1.00
A, 790703, 396466, 1048683, 1069380, 383361, 161782, 566405, 134497, 40.2, 44.8, 1.00
A, 790890, 396713, 1048396, 1069572, 383540, 161835, 566635, 134428, 40.2, 44.8, 1.00
A, 790633, 396887, 1047856, 1069713, 383600, 161810, 566840, 134355, 40.1, 44.9, 1.01
A, 790809, 397093, 1047396, 1069623, 383796, 161774, 567017, 134302, 40.1, 44.9, 1.01
A, 790801, 397308, 1047056, 1069702, 383998, 161789, 567252, 134297, 40.1, 44.9, 0.99
A, 790673, 397487, 1046858, 1070151, 384080, 161862, 567489, 134288, 40.1, 44.9, 1.00
A, 790660, 397768, 1046592, 1070371, 384450, 161903, 567815, 134232, 40.1, 44.9, 1.00
A, 790890, 397836, 1046309, 1070635, 384415, 161918, 567964, 134231, 40.1, 44.9, 1.00
A, 790980, 398229, 1046362, 1071087, 384742, 161956, 568359, 134206, 40.1, 45.0, 1.01
A, 791033, 398278, 1046134, 1071152, 384722, 161975, 568443, 134097, 40.1, 45.0, 1.00
A, 791513, 398549, 1046450, 1071915, 385031, 162082, 568764, 134188, 40.1, 45.0, 1.00
A, 791750, 398648, 1046564, 1072361, 385174, 162058, 569056, 134182, 40.1, 45.0, 1.00
A, 791900, 398927, 1046545, 1072809, 385321, 162152, 569306, 134175, 40.1, 45.0, 1.01
A, 792409, 399264, 1046973, 1073464, 385629, 162240, 569678, 134258, 40.1, 45.0, 1.00
A, 792809, 399362, 1047078, 1073877, 385829, 162243, 569927, 134140, 40.1, 45.0, 0.99
A, 792492, 399540, 1046426, 1073750, 385891, 162248, 570025, 134136, 40.1, 45.0, 1.00
A, 792851, 399718, 1046783, 1074517, 386155, 162386, 570370, 134177, 40.1, 45.0, 1.00
A, 793113, 399855, 1046706, 1074964, 386325, 162435, 570624, 134192, 40.1, 45.1, 1.00
A, 793316, 400148, 1046798, 1075350, 386488, 162464, 570836, 134207, 40.1, 45.1, 1.01
A, 795898, 400612, 1050225, 1078539, 387114, 162868, 571603, 134609, 40.1, 45.1, 1.00
A, 795969, 400988, 1049855, 1078635, 387438, 162880, 571974, 134495, 40.1, 45.1, 1.00
A, 795672, 401173, 1049434, 1078383, 387391, 162851, 572042, 134370, 40.1, 45.1, 1.00
A, 795834, 401318, 1049515, 1078884, 387548, 162962, 572263, 134396, 40.1, 45.1, 0.99
A, 795712, 401461, 1049225, 1079001, 387768, 162990, 572451, 134393, 40.0, 45.1, 1.00
A, 795768, 401585, 1048859, 1078881, 387820, 162864, 572584, 134327, 40.0, 45.1, 0.99
A, 795599, 401679, 1048379, 1078846, 387907, 162950, 572729, 134273, 40.0, 45.2, 1.00
A, 795389, 401702, 1048060, 1079060, 388017, 162902, 572839, 134218, 40.0, 45.2, 1.01
A, 795492, 401897, 1047893, 1078994, 388143, 162960, 573135, 134187, 40.0, 45.2, 0.99
A, 795573, 401958, 1048006, 1079432, 388235, 163013, 573273, 134245, 40.0, 45.2, 1.00
A, 795651, 402237, 1047817, 1079576, 388448, 163051, 573535, 134193, 40.0, 45.2, 1.00
A, 795733, 402290, 1047516, 1079690, 388534, 163128, 573643, 134169, 40.0, 45.2, 1.01
A, 796116, 402406, 1048186, 1080525, 388711, 163146, 573919, 134239, 40.0, 45.2, 1.00
A, 796291, 402597, 1048247, 1080887, 388899, 163201, 574087, 134161, 40.0, 45.2, 1.01
A, 796325, 402650, 1048225, 1081167, 389003, 163274, 574377, 134257, 40.0, 45.2, 1.01
A, 796940, 402834, 1048603, 1081859, 389201, 163427, 574620, 134280, 40.0, 45.3, 1.00
A, 797103, 403030, 1048870, 1082055, 389332, 163359, 574840, 134221, 40.0, 45.3, 1.00
A, 797213, 403130, 1048724, 1082137, 389551, 163407, 574982, 134238, 40.0, 45.3, 0.99
A, 797499, 403296, 1048904, 1082842, 389684, 163525, 575199, 134223, 40.0, 45.3, 1.00
A, 797651, 403401, 1049009, 1083064, 389808, 163511, 575414, 134198, 40.0, 45.3, 0.99
A, 799421, 403737, 1051541, 1085582, 390160, 163898, 575936, 134591, 40.0, 45.3, 0.99
A, 799685, 404051, 1051894, 1085978, 390579, 163958, 576225, 134532, 40.0, 45.3, 0.99
A, 799632, 404195, 1051615, 1085859, 390615, 163912, 576417, 134445, 40.0, 45.3, 1.00
A, 799358, 404300, 1051096, 1085674, 390556, 163919, 576396, 134392, 40.0, 45.4, 1.01
A, 799188, 404347, 1051081, 1085920, 390731, 163952, 576538, 134367, 40.0, 45.4, 1.00
A, 799134, 404357, 1050642, 1085859, 390779, 163925, 576705, 134323, 40.0, 45.4, 1.00
A, 799190, 404525, 1050553, 1085895, 390862, 164013, 576822, 134350, 40.0, 45.4, 1.00
A, 799448, 404660, 1050640, 1086036, 391021, 164092, 577090, 134296, 40.0, 45.4, 0.99
A, 799259, 404717, 1050260, 1086147, 391083, 164024, 577128, 134226, 40.0, 45.4, 1.01
A, 798977, 404810, 1049988, 1085990, 391246, 164105, 577280, 134184, 40.0, 45.4, 1.01
A, 798975, 404774, 1049944, 1086187, 391213, 164129, 577334, 134226, 40.0, 45.4, 0.99
A, 798905, 404941, 1049695, 1085928, 391371, 164053, 577582, 134143, 40.0, 45.4, 1.00
A, 798945, 404899, 1049506, 1086030, 391369, 164039, 577603, 134076, 40.0, 45.4, 1.01
A, 799127, 404948, 1049935, 1086709, 391550, 164172, 577782, 134155, 40.0, 45.4, 0.99
A, 799204, 405026, 1049960, 1086856, 391654, 164185, 577933, 134136, 39.9, 45.5, 1.00
A, 799453, 405105, 1049993, 1087065, 391793, 164292, 578132, 134152, 39.9, 45.5, 1.01
A, 799959, 405263, 1050559, 1087834, 391964, 164356, 578386, 134236, 40.0, 45.5, 0.99
A, 799870, 405401, 1050484, 1087859, 392041, 164361, 578550, 134195, 40.0, 45.5, 1.01
A, 800016, 405370, 1050172, 1087875, 392151, 164406, 578621, 134165, 39.9, 45.5, 1.00
A, 800206, 405501, 1050768, 1088518, 392293, 164368, 578837, 134168, 39.9, 45.5, 1.00
A, 801957, 405876, 1053225, 1090848, 392747, 164785, 579384, 134436, 39.9, 45.5, 0.99
A, 802073, 406141, 1053346, 1090992, 392967, 164865, 579587, 134496, 39.9, 45.5, 0.99
A, 801919, 406222, 1052800, 1090946, 392994, 164896, 579620, 134376, 39.9, 45.5, 1.00
A, 802082, 406299, 1053166, 1091002, 393100, 164910, 579806, 134318, 39.9, 45.5, 0.99
A, 801683, 406305, 1052728, 1090770, 393106, 164849, 579893, 134289, 39.9, 45.6, 0.99
A, 801790, 406421, 1052647, 1090861, 393244, 164972, 579993, 134267, 39.9, 45.6, 1.00
A, 801519, 406347, 1052443, 1090913, 393263, 164886, 580035, 134279, 39.9, 45.6, 1.02
A, 801353, 406421, 1052160, 1090826, 393237, 164907, 580098, 134202, 39.9, 45.6, 1.00
A, 800999, 406415, 1051025, 1090012, 393241, 164894, 580098, 134089, 39.9, 45.6, 0.99
A, 800906, 406412, 1051326, 1090256, 393312, 164883, 580193, 134099, 39.9, 45.6, 1.00
A, 800850, 406528, 1051080, 1090259, 393387, 164935, 580357, 134106, 39.9, 45.7, 0.99
A, 800685, 406470, 1051086, 1090530, 393489, 164955, 580407, 134074, 39.9, 45.7, 0.99
A, 801158, 406534, 1051562, 1091006, 393516, 164989, 580596, 134076, 39.9, 45.7, 1.01
A, 801031, 406631, 1051369, 1091082, 393677, 164986, 580772, 134051, 39.9, 45.7, 1.00
A, 801199, 406632, 1051491, 1091165, 393791, 165024, 580861, 134095, 39.9, 45.7, 1.01
A, 801415, 406651, 1051472, 1091184, 393883, 165041, 580971, 134054, 39.9, 45.7, 1.00
A, 801002, 406655, 1051032, 1091113, 393836, 164945, 581044, 133974, 39.9, 45.7, 1.00
A, 801605, 406806, 1051719, 1091917, 394014, 165133, 581239, 134053, 39.9, 45.7, 1.00
A, 801487, 406867, 1051723, 1092099, 394128, 165229, 581398, 134069, 39.9, 45.7, 1.00
A, 802250, 406979, 1052347, 1092719, 394283, 165294, 581658, 134148, 39.9, 45.7, 1.00
A, 804107, 407396, 1055149, 1095073, 394735, 165514, 582173, 134337, 39.9, 45.7, 0.99
A, 802829, 407340, 1053257, 1093510, 394643, 165419, 582029, 134193, 39.9, 45.8, 1.00
A, 802942, 407318, 1053324, 1093867, 394706, 165416, 582115, 134202, 39.9, 45.8, 1.00
A, 802917, 407369, 1053380, 1093973, 394740, 165509, 582214, 134178, 39.9, 45.8, 1.00
A, 803013, 407514, 1053580, 1094317, 394878, 165627, 582380, 134198, 39.9, 45.8, 1.00
A, 803167, 407543, 1053704, 1094456, 395008, 165604, 582495, 134200, 39.9, 45.8, 1.00
A, 803528, 407718, 1054116, 1094881, 395165, 165696, 582673, 134162, 39.9, 45.8, 1.00
A, 803404, 407671, 1053904, 1094675, 395146, 165712, 582747, 134153, 39.9, 45.8, 1.00
A, 803078, 407756, 1053583, 1094784, 395165, 165737, 582809, 134181, 39.9, 45.8, 1.01
A, 803372, 407807, 1053874, 1094698, 395341, 165725, 582913, 134088, 39.9, 45.8, 1.00
A, 803171, 407774, 1053669, 1094949, 395298, 165761, 582988, 134107, 39.9, 45.8, 1.00
A, 803184, 407883, 1053514, 1094766, 395463, 165773, 583170, 134046, 39.9, 45.9, 1.00
A, 803146, 407814, 1053402, 1094901, 395388, 165794, 583090, 134044, 39.9, 45.9, 0.99
A, 803429, 407869, 1053852, 1095361, 395579, 165933, 583279, 134174, 39.9, 45.9, 1.00
A, 803458, 407959, 1053978, 1095558, 395599, 165998, 583423, 134102, 39.8, 45.9, 1.00
A, 803476, 407970, 1053921, 1095575, 395691, 165930, 583498, 134126, 39.8, 45.9, 1.01
A, 804007, 408083, 1054297, 1096143, 395829, 166041, 583748, 134186, 39.8, 45.9, 1.02
A, 804146, 408234, 1054884, 1096512, 395974, 166085, 583842, 134132, 39.8, 45.9, 1.00
A, 804000, 408261, 1054693, 1096451, 396024, 166118, 583924, 134115, 39.8, 45.9, 1.00
A, 804089, 408255, 1054652, 1096260, 396050, 166158, 584026, 134112, 39.8, 45.9, 1.00
A, 805854, 408569, 1057430, 1098931, 396447, 166484, 584398, 134408, 39.8, 45.9, 0.99
A, 805901, 408901, 1057391, 1098669, 396616, 166469, 584616, 134364, 39.8, 45.9, 0.99
A, 805552, 408849, 1056634, 1098212, 396631, 166468, 584584, 134204, 39.8, 45.9, 1.00
A, 805136, 408751, 1056533, 1098177, 396550, 166458, 584573, 134143, 39.8, 45.9, 1.00
A, 805245, 408861, 1056669, 1098288, 396626, 166492, 584663, 134213, 39.8, 46.0, 1.00
A, 804764, 408731, 1056205, 1097916, 396569, 166490, 584705, 134120, 39.8, 46.0, 1.00
A, 804984, 408840, 1056273, 1098187, 396725, 166515, 584844, 134190, 39.8, 46.0, 1.01
A, 804950, 408845, 1056418, 1098025, 396727, 166554, 584834, 134056, 39.8, 46.0, 0.99
A, 804699, 408828, 1056107, 1097897, 396748, 166544, 584932, 134066, 39.8, 46.0, 1.00
A, 804566, 408854, 1055955, 1097770, 396785, 166575, 584932, 134053, 39.8, 46.0, 1.00
A, 804405, 408913, 1055690, 1097598, 396869, 166555, 585002, 133923, 39.8, 46.0, 1.01
A, 804302, 408794, 1055577, 1097714, 396828, 166613, 585001, 134044, 39.8, 46.0, 1.00
A, 804177, 408882, 1055347, 1097424, 396923, 166539, 585101, 133977, 39.8, 46.0, 1.00
A, 804195, 408808, 1055416, 1097562, 396869, 166506, 585100, 133943, 39.8, 46.0, 1.00
A, 804280, 408791, 1055658, 1097988, 397011, 166665, 585215, 134011, 39.8, 46.0, 1.01
A, 804238, 408865, 1055629, 1097964, 397003, 166610, 585363, 133997, 39.8, 46.0, 1.01
A, 804515, 408841, 1055828, 1098060, 397083, 166644, 585437, 134040, 39.8, 46.0, 0.99
A, 804926, 409020, 1056584, 1098836, 397265, 166809, 585636, 134100, 39.8, 46.0, 1.00
A, 805081, 409034, 1056685, 1098795, 397325, 166786, 585715, 134071, 39.8, 46.0, 1.00
A, 804978, 409060, 1056274, 1098751, 397326, 166815, 585689, 133995, 39.8, 46.0, 1.00
A, 806618, 409299, 1059092, 1101162, 397711, 167163, 586115, 134289, 39.8, 46.0, 1.00
A, 805451, 409343, 1057380, 1099690, 397588, 167016, 586015, 134129, 39.8, 46.1, 1.01
A, 805453, 409257, 1057306, 1099583, 397592, 166984, 586060, 134074, 39.8, 46.1, 1.00
A, 805709, 409353, 1057653, 1099776, 397739, 167011, 586154, 134024, 39.8, 46.1, 1.00
A, 805442, 409308, 1057461, 1099785, 397738, 167062, 586186, 134042, 39.8, 46.1, 1.01
A, 805375, 409351, 1057521, 1099940, 397766, 167012, 586282, 133966, 39.8, 46.1, 1.01
A, 805406, 409293, 1057460, 1099714, 397808, 167133, 586338, 134053, 39.8, 46.1, 1.01
A, 805628, 409347, 1057898, 1100266, 397825, 167124, 586494, 134041, 39.8, 46.1, 1.00
A, 805690, 409422, 1057762, 1100040, 397929, 167225, 586563, 133954, 39.8, 46.1, 1.00
A, 805490, 409401, 1057328, 1099846, 397919, 167126, 586525, 133979, 39.8, 46.1, 1.01
A, 805351, 409384, 1057448, 1099985, 397947, 167204, 586565, 133874, 39.8, 46.1, 1.00
A, 805267, 409427, 1057362, 1099853, 398051, 167135, 586674, 133921, 39.8, 46.1, 1.00
A, 805275, 409402, 1057283, 1099890, 398071, 167191, 586726, 133898, 39.8, 46.1, 0.99
A, 805239, 409484, 1057327, 1099875, 398166, 167228, 586853, 133875, 39.8, 46.1, 1.00
A, 805198, 409353, 1057268, 1099849, 398096, 167192, 586786, 133844, 39.8, 46.1, 1.00
A, 805489, 409372, 1057468, 1100230, 398116, 167282, 586904, 133893, 39.8, 46.1, 1.00
A, 805595, 409461, 1057720, 1100306, 398276, 167268, 587033, 133890, 39.8, 46.2, 0.99
A, 805285, 409393, 1057365, 1100092, 398180, 167320, 586941, 133804, 39.8, 46.2, 0.99
A, 805554, 409418, 1057886, 1100562, 398327, 167313, 587110, 133896, 39.8, 46.2, 1.00
A, 805763, 409524, 1058168, 1100678, 398372, 167378, 587205, 133837, 39.8, 46.2, 1.00
A, 807496, 409771, 1060734, 1102985, 398812, 167710, 587731, 134204, 39.8, 46.2, 1.00
A, 807518, 409969, 1060781, 1103078, 398913, 167731, 587848, 134167, 39.8, 46.2, 1.00
A, 807200, 410018, 1060533, 1102907, 398928, 167789, 587833, 134180, 39.8, 46.2, 1.00
A, 807332, 409988, 1060546, 1102818, 399023, 167744, 587841, 134126, 39.8, 46.2, 0.99
A, 807229, 410047, 1060555, 1102818, 398997, 167826, 587935, 134129, 39.7, 46.2, 1.00
A, 807137, 410044, 1060218, 1102423, 399019, 167762, 587906, 133999, 39.7, 46.2, 1.00
A, 806844, 410046, 1059988, 1102282, 398974, 167800, 587948, 133968, 39.7, 46.2, 1.01
A, 806506, 409965, 1059757, 1102233, 398933, 167853, 587918, 133939, 39.7, 46.2, 1.00
A, 806769, 410045, 1060141, 1102517, 399054, 167907, 588065, 134006, 39.7, 46.2, 1.00
A, 806831, 410052, 1060061, 1102257, 399151, 167893, 588059, 133995, 39.7, 46.2, 0.99
A, 806461, 410062, 1059800, 1102088, 399025, 167840, 588061, 133861, 39.7, 46.2, 1.00
A, 806505, 409986, 1060020, 1102372, 399126, 167873, 588165, 133914, 39.7, 46.2, 1.00
A, 806085, 409996, 1059238, 1101654, 399160, 167857, 588125, 133863, 39.7, 46.2, 1.01
A, 805952, 409903, 1059141, 1101605, 399020, 167830, 588133, 133771, 39.7, 46.2, 1.00
A, 805677, 409979, 1058871, 1101438, 399136, 167868, 588142, 133814, 39.7, 46.2, 1.00
A, 805810, 409851, 1058851, 1101344, 399056, 167830, 588173, 133807, 39.7, 46.2, 1.01
A, 806069, 410010, 1059389, 1101935, 399123, 167935, 588355, 133852, 39.7, 46.2, 0.99
A, 805651, 409807, 1058877, 1101542, 399126, 167857, 588225, 133742, 39.7, 46.3, 1.00
A, 805684, 409807, 1058939, 1101691, 399133, 167955, 588299, 133817, 39.7, 46.3, 0.99
A, 806275, 409939, 1059633, 1102338, 399332, 168041, 588523, 133909, 39.7, 46.3, 1.00
A, 808610, 410362, 1063066, 1104999, 399820, 168412, 589102, 134203, 39.7, 46.3, 1.00
A, 808334, 410549, 1062653, 1104644, 399908, 168357, 589183, 134106, 39.7, 46.3, 1.00
A, 808180, 410545, 1062381, 1104546, 399860, 168358, 589166, 134076, 39.7, 46.3, 1.00
A, 807883, 410466, 1062230, 1104309, 399873, 168422, 589130, 134002, 39.7, 46.3, 1.00
A, 807839, 410519, 1062348, 1104400, 399800, 168482, 589153, 134097, 39.7, 46.3, 0.99
A, 807736, 410553, 1062220, 1104342, 399865, 168458, 589169, 134065, 39.7, 46.3, 0.99
A, 807755, 410521, 1062279, 1104194, 399944, 168453, 589191, 133984, 39.7, 46.3, 1.01
A, 807481, 410507, 1061925, 1103914, 399921, 168377, 589212, 133896, 39.7, 46.3, 1.00
A, 807132, 410480, 1061631, 1103806, 399801, 168430, 589219, 133894, 39.7, 46.3, 1.00
A, 807300, 410465, 1061850, 1104029, 399933, 168490, 589230, 133943, 39.7, 46.3, 1.00
A, 807240, 410494, 1061760, 1103896, 399878, 168424, 589307, 133891, 39.7, 46.3, 1.00
A, 807401, 410535, 1062076, 1103931, 400029, 168501, 589398, 133911, 39.7, 46.4, 1.01
A, 807272, 410499, 1061834, 1103797, 400054, 168508, 589363, 133910, 39.7, 46.4, 1.00
A, 807149, 410544, 1061773, 1103703, 400071, 168467, 589429, 133866, 39.7, 46.4, 1.00
A, 807020, 410432, 1061724, 1103787, 399977, 168562, 589389, 133754, 39.7, 46.4, 1.00
A, 806805, 410490, 1061353, 1103320, 400104, 168500, 589443, 133786, 39.7, 46.4, 1.00
A, 806808, 410430, 1061264, 1103258, 400041, 168492, 589429, 133762, 39.7, 46.4, 1.00
A, 806916, 410417, 1061600, 1103702, 400119, 168568, 589531, 133800, 39.7, 46.4, 1.00
A, 806744, 410416, 1061323, 1103392, 400076, 168508, 589536, 133756, 39.7, 46.4, 1.00
A, 806810, 410410, 1061433, 1103577, 400200, 168590, 589612, 133844, 39.7, 46.4, 1.00
A, 809114, 410749, 1064980, 1106510, 400540, 168954, 590120, 134171, 39.7, 46.4, 1.00
A, 808886, 410974, 1064571, 1106059, 400711, 168937, 590172, 134064, 39.7, 46.4, 0.99
A, 808522, 410892, 1064059, 1105569, 400655, 168960, 590132, 133975, 39.7, 46.4, 1.00
A, 808496, 410846, 1064254, 1105916, 400668, 168925, 590139, 133957, 39.7, 46.4, 1.00
A, 808179, 410869, 1063884, 1105471, 400581, 168917, 590161, 133876, 39.7, 46.4, 1.01
A, 808189, 410874, 1064078, 1105650, 400596, 168960, 590210, 133946, 39.7, 46.4, 1.00
A, 808122, 410898, 1063825, 1105375, 400618, 168978, 590184, 133927, 39.7, 46.4, 1.00
A, 808288, 410909, 1064222, 1105542, 400698, 169048, 590293, 133943, 39.7, 46.4, 1.00
A, 808023, 410916, 1063899, 1105316, 400681, 169038, 590282, 133865, 39.7, 46.4, 0.99
A, 807901, 410785, 1063715, 1105257, 400632, 169025, 590288, 133863, 39.7, 46.4, 0.99
A, 808064, 410884, 1064257, 1105524, 400667, 169104, 590371, 133867, 39.7, 46.5, 1.00
A, 807984, 410842, 1064110, 1105456, 400756, 169059, 590348, 133913, 39.7, 46.5, 1.00
A, 808228, 410966, 1064109, 1105344, 400872, 169153, 590436, 133867, 39.7, 46.5, 1.01
A, 807848, 410882, 1064130, 1105348, 400762, 169038, 590432, 133758, 39.7, 46.5, 1.00
A, 806727, 410863, 1062956, 1104412, 400747, 169040, 590381, 133727, 39.7, 46.5, 1.00
A, 806921, 410657, 1063039, 1104511, 400687, 169050, 590282, 133731, 39.7, 46.5, 1.00
A, 806738, 410622, 1062656, 1104055, 400619, 168947, 590307, 133722, 39.7, 46.5, 0.99
A, 806819, 410554, 1062797, 1104189, 400590, 168944, 590314, 133713, 39.7, 46.5, 1.00
A, 806929, 410589, 1063061, 1104313, 400724, 168968, 590423, 133723, 39.7, 46.5, 1.00
A, 807016, 410564, 1063029, 1104301, 400692, 169019, 590468, 133665, 39.7, 46.5, 1.00
A, 808833, 410828, 1065836, 1106838, 401074, 169342, 590901, 134006, 39.7, 46.5, 0.99
A, 809047, 411044, 1066229, 1107045, 401198, 169375, 591062, 134017, 39.7, 46.5, 1.00
A, 808733, 410979, 1065820, 1106767, 401204, 169474, 591047, 133950, 39.7, 46.5, 1.01
A, 808976, 411122, 1066213, 1107065, 401261, 169489, 591102, 134021, 39.7, 46.5, 1.00
A, 808946, 411163, 1066245, 1106775, 401335, 169503, 591050, 133890, 39.7, 46.5, 1.00
A, 808675, 411094, 1065957, 1106617, 401263, 169424, 591051, 133891, 39.7, 46.5, 1.00
A, 808722, 411070, 1065931, 1106681, 401315, 169499, 591108, 133936, 39.7, 46.5, 1.00
A, 808557, 411063, 1065961, 1106488, 401265, 169500, 591064, 133857, 39.7, 46.5, 1.00
A, 808406, 411102, 1065835, 1106520, 401286, 169516, 591092, 133861, 39.7, 46.5, 1.00
A, 808582, 411145, 1066242, 1106824, 401317, 169620, 591127, 133936, 39.7, 46.5, 1.00
A, 808747, 411160, 1066504, 1106874, 401434, 169561, 591249, 133854, 39.7, 46.5, 1.00
A, 808483, 411157, 1066277, 1106664, 401413, 169615, 591159, 133784, 39.7, 46.5, 1.00
A, 808275, 411093, 1066094, 1106542, 401386, 169656, 591262, 133838, 39.7, 46.5, 1.00
A, 808346, 411128, 1066128, 1106200, 401455, 169565, 591260, 133805, 39.7, 46.5, 0.99
A, 808249, 411143, 1065921, 1106120, 401397, 169543, 591235, 133737, 39.7, 46.5, 1.00
A, 807768, 411036, 1065466, 1105840, 401367, 169588, 591231, 133704, 39.7, 46.6, 1.00
A, 807836, 410949, 1065573, 1105881, 401391, 169544, 591160, 133713, 39.7, 46.6, 1.01
A, 808027, 410949, 1065981, 1106285, 401451, 169638, 591349, 133805, 39.7, 46.6, 0.99
A, 808160, 411005, 1066302, 1106489, 401463, 169679, 591378, 133759, 39.7, 46.6, 1.00
A, 808224, 411026, 1066165, 1106164, 401472, 169668, 591427, 133713, 39.7, 46.6, 1.00
A, 809629, 411203, 1068455, 1108282, 401746, 169983, 591838, 134124, 39.7, 46.6, 0.99
A, 809824, 411503, 1068949, 1108451, 401977, 170027, 591830, 133970, 39.7, 46.6, 1.01
A, 809423, 411387, 1068376, 1108012, 401840, 169976, 591810, 133926, 39.7, 46.6, 1.00
A, 809319, 411332, 1068232, 1107731, 401815, 170023, 591829, 133954, 39.7, 46.6, 1.00
A, 809182, 411329, 1068181, 1107652, 401773, 169978, 591741, 133943, 39.7, 46.6, 1.00
A, 808843, 411315, 1067763, 1107288, 401735, 169864, 591728, 133819, 39.7, 46.6, 1.02
A, 808565, 411235, 1067326, 1106906, 401704, 169922, 591744, 133775, 39.7, 46.6, 1.00
A, 808697, 411242, 1067820, 1107249, 401727, 169895, 591741, 133817, 39.7, 46.6, 1.00
A, 808470, 411231, 1067653, 1107075, 401796, 169884, 591795, 133804, 39.6, 46.6, 1.00
A, 808244, 411097, 1067569, 1107028, 401718, 169954, 591768, 133765, 39.6, 46.6, 1.00
A, 808585, 411243, 1067941, 1107285, 401819, 170064, 591832, 133852, 39.6, 46.6, 1.00
A, 808066, 411212, 1067228, 1106447, 401792, 169922, 591757, 133729, 39.6, 46.6, 1.00
A, 807963, 411100, 1067133, 1106252, 401700, 169949, 591743, 133681, 39.6, 46.6, 0.99
A, 807952, 410983, 1066959, 1106379, 401652, 169947, 591747, 133678, 39.6, 46.6, 1.00
A, 808085, 411048, 1067180, 1106358, 401831, 169942, 591852, 133646, 39.6, 46.6, 1.00
A, 807912, 410993, 1067198, 1106426, 401728, 169985, 591790, 133662, 39.6, 46.6, 1.00
A, 807895, 411090, 1067071, 1106130, 401842, 169933, 591873, 133655, 39.6, 46.6, 0.99
A, 807882, 410976, 1067127, 1106237, 401754, 169954, 591860, 133637, 39.6, 46.6, 1.00
A, 808082, 411003, 1067548, 1106756, 401847, 170074, 591915, 133699, 39.6, 46.6, 1.00
A, 808126, 410928, 1067762, 1106880, 401862, 170055, 591982, 133729, 39.6, 46.6, 1.00
A, 809931, 411234, 1070381, 1108913, 402246, 170416, 592391, 134065, 39.6, 46.6, 0.99
A, 810258, 411499, 1070866, 1109273, 402414, 170403, 592565, 134038, 39.6, 46.6, 1.00
A, 809877, 411500, 1070638, 1108848, 402375, 170415, 592523, 133940, 39.6, 46.6, 1.01
A, 809679, 411468, 1070166, 1108444, 402266, 170370, 592400, 133896, 39.6, 46.7, 1.00
A, 809479, 411454, 1070201, 1108494, 402327, 170346, 592469, 133839, 39.6, 46.7, 1.00
A, 809283, 411401, 1070115, 1108306, 402257, 170407, 592438, 133777, 39.6, 46.7, 1.00
A, 808874, 411340, 1069788, 1108118, 402219, 170404, 592349, 133821, 39.6, 46.7, 1.00
A, 809184, 411405, 1070031, 1108284, 402253, 170430, 592459, 133820, 39.6, 46.7, 1.01
A, 809245, 411386, 1070253, 1108195, 402283, 170433, 592425, 133767, 39.6, 46.7, 1.01
A, 808964, 411342, 1070008, 1107982, 402254, 170414, 592401, 133725, 39.6, 46.7, 1.01
A, 808852, 411289, 1069699, 1107688, 402220, 170435, 592412, 133772, 39.6, 46.7, 1.00
A, 809043, 411368, 1070282, 1108068, 402331, 170538, 592514, 133826, 39.6, 46.7, 0.99
A, 808843, 411377, 1070052, 1107741, 402332, 170485, 592445, 133738, 39.6, 46.7, 0.99
A, 808642, 411255, 1069714, 1107347, 402259, 170399, 592430, 133690, 39.6, 46.7, 1.02
A, 808494, 411176, 1069797, 1107555, 402245, 170508, 592430, 133676, 39.6, 46.7, 1.01
A, 808315, 411240, 1069540, 1107243, 402242, 170420, 592494, 133686, 39.6, 46.7, 1.00
A, 808054, 411109, 1069486, 1107207, 402168, 170476, 592428, 133652, 39.6, 46.7, 0.99
A, 807834, 411102, 1068963, 1106654, 402216, 170415, 592354, 133577, 39.6, 46.7, 1.00
A, 807816, 410978, 1068981, 1106532, 402127, 170294, 592377, 133594, 39.6, 46.7, 1.00
A, 808070, 411073, 1069362, 1107109, 402192, 170445, 592473, 133693, 39.6, 46.7, 1.00
M, 806249, 410856, 1065934, 1103146, 401961, 169768, 591971, 132822, 39.6, 46.7, 0.11
M, 793930, 408085, 1048102, 1088483, 398770, 167591, 588148, 130797, 39.7, 46.7, 0.60
M, 788004, 406102, 1038900, 1080774, 396962, 166482, 585968, 129803, 39.7, 46.7, 0.75
M, 782368, 404479, 1029844, 1073678, 395615, 165243, 584960, 128934, 39.7, 46.7, 0.83
M, 778044, 403965, 1021053, 1067426, 395440, 164046, 585669, 128035, 39.7, 46.6, 0.88
M, 775850, 404339, 1013965, 1063086, 395764, 163141, 586802, 127460, 39.7, 46.6, 0.93
M, 775598, 405247, 1008044, 1060464, 396323, 162405, 587902, 126960, 39.7, 46.5, 0.95
M, 776400, 406381, 1002476, 1058586, 396922, 161711, 588955, 126499, 39.7, 46.5, 0.97
M, 777589, 407346, 997981, 1057961, 397293, 161167, 589628, 126195, 39.6, 46.4, 0.98
M, 779391, 408175, 994520, 1058442, 397653, 160810, 590181, 125993, 39.6, 46.4, 0.99
M, 782018, 409028, 992077, 1059739, 398087, 160501, 590724, 125853, 39.6, 46.3, 0.99
M, 784425, 409597, 989779, 1061322, 398344, 160282, 591113, 125838, 39.6, 46.3, 1.00
M, 787205, 410125, 988112, 1063391, 398584, 160158, 591452, 125745, 39.6, 46.3, 1.00
M, 790151, 410509, 986545, 1065754, 398860, 160008, 591781, 125645, 39.6, 46.3, 1.00
M, 792386, 410664, 985195, 1067798, 398994, 159989, 591913, 125589, 39.6, 46.2, 1.00
M, 794430, 410676, 984115, 1070017, 399134, 159920, 592262, 125687, 39.6, 46.2, 1.00
M, 796869, 410795, 983717, 1072702, 399445, 160021, 592618, 125677, 39.6, 46.2, 1.00
M, 798833, 410703, 983294, 1074953, 399605, 160011, 592847, 125794, 39.6, 46.2, 1.00
M, 801225, 410788, 983065, 1077597, 399850, 160064, 593292, 125814, 39.6, 46.2, 1.00
M, 802545, 410576, 982465, 1079619, 400046, 160134, 593463, 125867, 39.6, 46.2, 1.00
M, 806034, 410765, 985145, 1084361, 400745, 160578, 594305, 126195, 39.6, 46.2, 1.00
M, 806844, 410720, 984716, 1085711, 400822, 160650, 594496, 126196, 39.6, 46.2, 1.00
M, 807692, 410523, 983653, 1087070, 401053, 160658, 594891, 126154, 39.6, 46.2, 1.00
M, 808154, 410232, 983275, 1088095, 401177, 160689, 595070, 126111, 39.6, 46.2, 1.00
M, 808888, 410059, 983423, 1089813, 401348, 160779, 595350, 126152, 39.6, 46.2, 0.99
M, 809435, 409908, 983194, 1091094, 401642, 160888, 595677, 126249, 39.6, 46.2, 1.00
M, 809925, 409729, 982902, 1092104, 401830, 160952, 596057, 126293, 39.6, 46.2, 1.01
M, 810655, 409680, 983274, 1093515, 402090, 161053, 596457, 126333, 39.6, 46.2, 0.99
M, 811112, 409566, 983166, 1094699, 402416, 161108, 596862, 126285, 39.6, 46.2, 1.00
M, 811572, 409466, 983041, 1095679, 402636, 161280, 597171, 126379, 39.6, 46.2, 0.99
M, 812102, 409460, 983657, 1097226, 402944, 161374, 597565, 126434, 39.6, 46.2, 1.00
M, 812549, 409350, 983730, 1098218, 403275, 161498, 597986, 126490, 39.6, 46.2, 1.00
M, 812973, 409415, 984152, 1099341, 403543, 161628, 598381, 126600, 39.6, 46.2, 0.99
M, 813511, 409338, 984439, 1100277, 403842, 161754, 598825, 126668, 39.6, 46.2, 1.00
M, 814130, 409481, 985043, 1101466, 404161, 161870, 599325, 126679, 39.6, 46.2, 1.00
M, 814231, 409382, 985045, 1102177, 404494, 161882, 599714, 126718, 39.6, 46.2, 1.00
M, 814406, 409430, 985012, 1102839, 404694, 161991, 600006, 126752, 39.6, 46.2, 1.00
M, 814957, 409596, 985666, 1103931, 405038, 162112, 600467, 126873, 39.6, 46.2, 1.00
M, 815118, 409558, 985667, 1104684, 405325, 162253, 600775, 126940, 39.6, 46.2, 1.00
M, 815627, 409685, 986107, 1105527, 405734, 162335, 601308, 126943, 39.6, 46.2, 0.99
M, 817582, 410022, 988817, 1108287, 406248, 162714, 602034, 127235, 39.6, 46.2, 0.99
M, 817415, 410380, 988491, 1108562, 406679, 162732, 602484, 127183, 39.6, 46.2, 1.00
M, 817188, 410256, 988190, 1108759, 406705, 162809, 602604, 127199, 39.6, 46.2, 0.99
M, 817562, 410367, 988663, 1109517, 406985, 162903, 603000, 127262, 39.6, 46.2, 1.00
M, 817750, 410509, 988912, 1110071, 407199, 162990, 603282, 127247, 39.6, 46.2, 1.00
M, 817879, 410658, 989005, 1110515, 407526, 163089, 603713, 127274, 39.6, 46.2, 1.00
M, 817913, 410688, 988762, 1110545, 407648, 163067, 603956, 127232, 39.6, 46.2, 0.99
M, 817846, 410703, 988891, 1111143, 407851, 163128, 604205, 127305, 39.6, 46.2, 1.00
M, 818080, 410807, 989315, 1111785, 408169, 163251, 604540, 127280, 39.6, 46.2, 1.00
M, 818065, 410849, 989290, 1112139, 408352, 163326, 604809, 127378, 39.6, 46.2, 1.00
M, 818574, 411008, 989905, 1112919, 408599, 163369, 605184, 127430, 39.6, 46.2, 1.01
M, 818837, 411263, 990175, 1113344, 408905, 163494, 605507, 127401, 39.6, 46.2, 1.00
M, 818740, 411303, 990195, 1113603, 409016, 163508, 605806, 127355, 39.6, 46.2, 1.00
M, 819000, 411388, 990357, 1114180, 409260, 163670, 606123, 127439, 39.6, 46.2, 1.01
M, 819079, 411478, 990635, 1114452, 409483, 163678, 606388, 127483, 39.6, 46.2, 0.99
M, 819162, 411570, 990741, 1114949, 409641, 163721, 606649, 127564, 39.6, 46.2, 0.99
M, 819610, 411728, 991333, 1115650, 409916, 163851, 606990, 127613, 39.6, 46.2, 1.00
M, 819507, 411881, 991294, 1115738, 410079, 163866, 607249, 127548, 39.6, 46.2, 1.00
M, 819566, 411949, 991228, 1116015, 410266, 163913, 607457, 127523, 39.6, 46.2, 1.01
M, 819798, 412063, 991742, 1116624, 410512, 163951, 607732, 127608, 39.6, 46.2, 1.00
M, 822193, 412529, 994870, 1119351, 411129, 164414, 608490, 127875, 39.6, 46.2, 1.00
M, 821655, 412723, 993979, 1118809, 411206, 164391, 608626, 127798, 39.6, 46.2, 1.00
M, 821070, 412721, 993502, 1118718, 411378, 164317, 608874, 127703, 39.6, 46.2, 1.00
M, 821095, 412599, 993384, 1118850, 411387, 164399, 608874, 127711, 39.6, 46.2, 1.00
M, 821179, 412800, 993766, 1119216, 411623, 164447, 609148, 127795, 39.6, 46.2, 1.00
M, 821322, 412905, 993953, 1119593, 411711, 164450, 609383, 127742, 39.6, 46.2, 0.99
M, 820942, 412916, 993516, 1119377, 411894, 164440, 609506, 127812, 39.6, 46.2, 1.00
M, 821538, 413031, 994247, 1120139, 412042, 164562, 609752, 127849, 39.6, 46.2, 0.99
M, 821697, 413223, 994680, 1120579, 412224, 164623, 610056, 127778, 39.6, 46.2, 1.00
M, 821729, 413276, 994769, 1120823, 412397, 164658, 610280, 127819, 39.6, 46.2, 0.99
M, 821774, 413293, 994779, 1120941, 412529, 164726, 610495, 127830, 39.6, 46.2, 1.00
M, 822179, 413512, 995480, 1121716, 412758, 164792, 610759, 127920, 39.6, 46.2, 1.01
M, 822168, 413569, 995542, 1121816, 412953, 164897, 610975, 127943, 39.6, 46.2, 0.99
M, 822291, 413648, 995429, 1121832, 412980, 164918, 611142, 127897, 39.6, 46.2, 1.01
M, 822515, 413716, 996085, 1122540, 413223, 164971, 611345, 127980, 39.6, 46.2, 1.00
M, 822509, 413745, 996241, 1122771, 413361, 165048, 611563, 127905, 39.6, 46.2, 1.00
M, 822335, 413832, 996181, 1122964, 413483, 165023, 611727, 127978, 39.6, 46.2, 0.99
M, 823050, 413992, 996899, 1123558, 413717, 165180, 612045, 128073, 39.6, 46.2, 1.00
M, 823086, 414108, 997125, 1123662, 413889, 165234, 612219, 128042, 39.6, 46.2, 0.99
M, 822901, 414155, 997128, 1123730, 413937, 165216, 612374, 128020, 39.6, 46.2, 0.99
M, 824874, 414417, 999667, 1126253, 414394, 165565, 612964, 128340, 39.6, 46.2, 0.99
M, 824632, 414735, 999507, 1126057, 414618, 165552, 613131, 128174, 39.6, 46.2, 1.01
M, 824391, 414607, 999343, 1126027, 414634, 165632, 613171, 128267, 39.6, 46.2, 1.00
M, 824106, 414726, 999041, 1125601, 414730, 165560, 613332, 128082, 39.6, 46.3, 0.99
M, 823854, 414718, 998945, 1125593, 414744, 165552, 613328, 128091, 39.6, 46.3, 1.01
M, 824040, 414701, 999232, 1126111, 414903, 165633, 613537, 128169, 39.6, 46.3, 1.01
M, 823827, 414757, 999215, 1126045, 414969, 165662, 613627, 128204, 39.6, 46.3, 1.01
M, 823910, 414771, 999300, 1126062, 415039, 165632, 613750, 128138, 39.6, 46.3, 1.00
M, 824360, 414874, 999936, 1126798, 415270, 165783, 614045, 128224, 39.6, 46.3, 1.00
M, 824438, 414942, 1000229, 1126870, 415352, 165791, 614213, 128216, 39.6, 46.3, 1.00
M, 824289, 414989, 999939, 1126730, 415469, 165766, 614302, 128185, 39.6, 46.3, 1.00
M, 824378, 415016, 1000493, 1127319, 415524, 165847, 614457, 128147, 39.6, 46.3, 1.01
M, 824497, 415132, 1000640, 1127363, 415688, 165968, 614667, 128222, 39.6, 46.3, 0.99
M, 824699, 415191, 1001040, 1127896, 415794, 166006, 614824, 128282, 39.6, 46.3, 0.99
M, 824729, 415251, 1001051, 1127875, 415898, 166034, 614992, 128306, 39.6, 46.3, 1.00
M, 825099, 415382, 1001969, 1128605, 416091, 166097, 615186, 128338, 39.6, 46.3, 1.00
M, 825020, 415426, 1001944, 1128559, 416228, 166225, 615351, 128276, 39.6, 46.3, 0.99
M, 824980, 415356, 1002011, 1128586, 416306, 166152, 615430, 128333, 39.6, 46.3, 1.00
M, 825271, 415506, 1002475, 1129143, 416404, 166216, 615609, 128371, 39.6, 46.3, 1.00
M, 825151, 415511, 1002428, 1128837, 416522, 166283, 615730, 128311, 39.6, 46.3, 1.00
M, 826935, 415774, 1004859, 1131163, 416944, 166602, 616226, 128591, 39.6, 46.3, 1.00
M, 826974, 416009, 1005282, 1131576, 417144, 166630, 616450, 128588, 39.6, 46.3, 1.01
M, 826279, 416004, 1004439, 1130565, 417009, 166572, 616453, 128450, 39.6, 46.3, 0.99
M, 825945, 415964, 1004289, 1130579, 417022, 166639, 616431, 128507, 39.6, 46.3, 1.00
M, 825714, 416056, 1004100, 1130257, 417167, 166525, 616507, 128358, 39.6, 46.3, 1.01
M, 825648, 415893, 1003990, 1130075, 417183, 166550, 616586, 128325, 39.6, 46.3, 0.99
M, 825820, 415959, 1004224, 1130412, 417255, 166572, 616761, 128404, 39.6, 46.3, 0.99
M, 825762, 415927, 1004472, 1130565, 417246, 166649, 616813, 128385, 39.6, 46.3, 1.01
M, 825639, 415916, 1004515, 1130553, 417366, 166674, 616927, 128433, 39.6, 46.3, 1.00
M, 825969, 416091, 1005161, 1131184, 417547, 166778, 617151, 128495, 39.6, 46.3, 1.00
M, 826117, 416109, 1005340, 1131041, 417592, 166771, 617312, 128423, 39.6, 46.3, 1.00
M, 825773, 416048, 1005057, 1130849, 417645, 166750, 617332, 128385, 39.6, 46.4, 1.01
M, 825658, 416027, 1005172, 1131057, 417670, 166753, 617400, 128407, 39.6, 46.4, 1.00
M, 825960, 416107, 1005702, 1131563, 417842, 166837, 617653, 128491, 39.6, 46.4, 1.00
M, 826028, 416067, 1005719, 1131529, 417935, 166799, 617695, 128484, 39.6, 46.4, 0.99
M, 826347, 416236, 1006406, 1132073, 418087, 166896, 617909, 128569, 39.6, 46.4, 1.00
M, 826454, 416269, 1006500, 1132164, 418115, 166943, 618044, 128523, 39.6, 46.4, 1.00
M, 826090, 416222, 1005913, 1131501, 418172, 166878, 618048, 128443, 39.6, 46.4, 1.01
M, 826018, 416175, 1006145, 1131844, 418106, 166912, 618084, 128488, 39.6, 46.4, 0.99
M, 826106, 416208, 1006483, 1132206, 418286, 166990, 618213, 128474, 39.6, 46.4, 1.00
M, 828069, 416482, 1009225, 1134522, 418635, 167383, 618774, 128814, 39.6, 46.4, 0.99
M, 828315, 416781, 1009619, 1134611, 418918, 167306, 618971, 128734, 39.6, 46.4, 1.00
M, 827931, 416792, 1009372, 1134493, 418866, 167344, 618944, 128705, 39.6, 46.4, 1.00
M, 827629, 416814, 1008844, 1133983, 418918, 167290, 619036, 128664, 39.6, 46.4, 1.00
M, 827403, 416689, 1008986, 1133958, 418937, 167372, 619020, 128649, 39.6, 46.4, 1.00
M, 826993, 416646, 1008671, 1133641, 418943, 167373, 619081, 128620, 39.6, 46.4, 1.00
M, 826938, 416603, 1008411, 1133311, 418900, 167274, 619115, 128636, 39.6, 46.4, 1.00
M, 827109, 416580, 1009040, 1133935, 418963, 167352, 619195, 128574, 39.6, 46.4, 0.99
M, 827032, 416577, 1009095, 1133926, 419068, 167294, 619293, 128576, 39.6, 46.4, 1.00
M, 826875, 416513, 1009133, 1133952, 419092, 167317, 619284, 128572, 39.6, 46.4, 1.00
M, 827213, 416646, 1009703, 1134383, 419202, 167496, 619512, 128649, 39.6, 46.4, 1.00
M, 827330, 416672, 1009962, 1134540, 419238, 167543, 619636, 128766, 39.6, 46.4, 1.01
M, 827761, 416814, 1010488, 1134790, 419486, 167589, 619827, 128733, 39.6, 46.4, 1.00
M, 827671, 416781, 1010436, 1134779, 419490, 167594, 619842, 128694, 39.6, 46.4, 1.01
M, 827790, 416881, 1010977, 1135092, 419509, 167677, 619957, 128705, 39.6, 46.4, 1.00
M, 827714, 416854, 1011030, 1135295, 419588, 167717, 620054, 128698, 39.6, 46.4, 1.00
M, 827935, 416919, 1011638, 1135700, 419762, 167774, 620191, 128751, 39.6, 46.4, 1.00
M, 828119, 417002, 1011736, 1135525, 419774, 167788, 620266, 128734, 39.6, 46.4, 1.00
M, 827935, 416986, 1011622, 1135367, 419811, 167779, 620303, 128758, 39.6, 46.4, 0.99
M, 827746, 416927, 1011683, 1135600, 419838, 167756, 620399, 128708, 39.6, 46.4, 1.00
M, 829924, 417249, 1014838, 1138329, 420360, 168131, 620971, 129084, 39.6, 46.4, 0.99
M, 829747, 417404, 1014746, 1137976, 420401, 168173, 621014, 129031, 39.6, 46.4, 1.00
M, 829432, 417495, 1014527, 1137533, 420418, 168165, 621047, 128964, 39.6, 46.4, 1.00
M, 829027, 417320, 1013887, 1137054, 420391, 168098, 621017, 128894, 39.6, 46.4, 1.01
M, 828556, 417432, 1013678, 1136611, 420401, 168017, 621002, 128807, 39.6, 46.4, 1.00
M, 828295, 417246, 1013707, 1136666, 420319, 168044, 620954, 128805, 39.6, 46.4, 1.00
M, 828305, 417263, 1014058, 1136892, 420436, 168163, 621103, 128905, 39.6, 46.4, 1.00
M, 828505, 417266, 1014242, 1136985, 420465, 168197, 621144, 128859, 39.6, 46.4, 1.00
M, 828569, 417330, 1014484, 1136914, 420537, 168179, 621264, 128836, 39.6, 46.4, 1.00
M, 828409, 417250, 1014323, 1136609, 420483, 168151, 621238, 128776, 39.6, 46.5, 1.00
M, 828153, 417139, 1014045, 1136612, 420529, 168208, 621304, 128796, 39.6, 46.5, 1.00
M, 828407, 417188, 1014649, 1136861, 420605, 168270, 621399, 128852, 39.6, 46.5, 1.00
M, 828228, 417209, 1014774, 1137018, 420644, 168328, 621502, 128868, 39.6, 46.5, 1.01
M, 828625, 417205, 1015401, 1137378, 420731, 168347, 621606, 128893, 39.6, 46.5, 1.00
M, 828669, 417288, 1015590, 1137148, 420803, 168349, 621654, 128840, 39.6, 46.5, 1.00
M, 828428, 417219, 1015567, 1137058, 420777, 168322, 621699, 128857, 39.6, 46.5, 1.00
M, 828526, 417220, 1015796, 1137526, 420908, 168445, 621797, 128918, 39.6, 46.5, 1.00
M, 828532, 417216, 1015969, 1137501, 420930, 168452, 621874, 128903, 39.6, 46.5, 0.99
M, 828502, 417188, 1016087, 1137491, 420973, 168451, 621926, 128946, 39.6, 46.5, 1.00
M, 828868, 417239, 1016824, 1137984, 421077, 168526, 622081, 128982, 39.6, 46.5, 1.00
M, 830870, 417636, 1019552, 1140295, 421512, 168858, 622576, 129269, 39.6, 46.5, 0.99
M, 830559, 417742, 1019411, 1139776, 421570, 168870, 622596, 129149, 39.6, 46.5, 1.00
M, 830478, 417800, 1019508, 1139933, 421577, 168876, 622679, 129143, 39.6, 46.5, 1.00
M, 829711, 417789, 1018821, 1139079, 421529, 168827, 622583, 129107, 39.6, 46.5, 1.00
M, 829541, 417607, 1018508, 1139006, 421433, 168803, 622499, 129086, 39.6, 46.5, 1.01
M, 829261, 417711, 1018497, 1138693, 421529, 168829, 622570, 129034, 39.6, 46.5, 0.99
M, 828983, 417559, 1018464, 1138525, 421395, 168787, 622534, 128983, 39.6, 46.5, 1.00
M, 829165, 417518, 1018758, 1138583, 421465, 168835, 622628, 129022, 39.6, 46.5, 1.01
M, 829056, 417452, 1019018, 1138610, 421490, 168843, 622617, 129036, 39.6, 46.5, 1.00
M, 828969, 417501, 1018898, 1138585, 421504, 168905, 622707, 128997, 39.6, 46.5, 1.00
M, 829319, 417529, 1019394, 1138654, 421706, 168905, 622836, 129066, 39.6, 46.5, 1.00
M, 829030, 417492, 1019520, 1138791, 421596, 168854, 622862, 129048, 39.6, 46.5, 1.00
M, 829216, 417525, 1019770, 1138880, 421725, 168955, 622900, 129007, 39.6, 46.5, 1.00
M, 828851, 417462, 1019702, 1138831, 421713, 168981, 622954, 129101, 39.6, 46.5, 1.01
M, 829187, 417494, 1020253, 1139110, 421781, 168997, 623025, 129148, 39.6, 46.5, 1.00
M, 829227, 417502, 1020413, 1138961, 421786, 169000, 623110, 129044, 39.6, 46.5, 1.01
M, 828639, 417346, 1019725, 1138261, 421691, 168897, 622935, 128909, 39.6, 46.5, 1.00
M, 827902, 417259, 1018764, 1137504, 421606, 168795, 622922, 128911, 39.6, 46.5, 1.00
M, 827951, 417118, 1019231, 1137554, 421615, 168815, 622930, 128859, 39.6, 46.5, 1.00
M, 828054, 417149, 1019490, 1137915, 421650, 168934, 622985, 128956, 39.6, 46.5, 1.00
M, 830320, 417523, 1022906, 1140873, 422207, 169340, 623613, 129267, 39.6, 46.5, 1.01
M, 830581, 417750, 1023160, 1140726, 422376, 169252, 623755, 129259, 39.6, 46.5, 0.99
M, 830184, 417641, 1022811, 1140335, 422326, 169319, 623678, 129168, 39.6, 46.5, 1.00
M, 829668, 417600, 1022592, 1140156, 422222, 169262, 623720, 129201, 39.6, 46.5, 1.00
M, 829659, 417558, 1022556, 1139742, 422268, 169282, 623737, 129131, 39.6, 46.5, 1.00
M, 829344, 417508, 1022441, 1139669, 422211, 169293, 623719, 129151, 39.6, 46.5, 1.00
M, 829148, 417554, 1022294, 1139465, 422327, 169277, 623810, 129076, 39.6, 46.6, 0.99
M, 829141, 417462, 1022225, 1139268, 422258, 169260, 623762, 129083, 39.6, 46.6, 1.00
M, 829306, 417489, 1022838, 1139739, 422324, 169313, 623813, 129114, 39.6, 46.6, 1.00
M, 829332, 417500, 1023032, 1139860, 422337, 169341, 623926, 129103, 39.6, 46.5, 1.01
M, 829127, 417499, 1023051, 1139688, 422400, 169399, 623947, 129180, 39.6, 46.5, 0.99
M, 829735, 417502, 1023824, 1140153, 422503, 169423, 624078, 129201, 39.6, 46.5, 1.00
M, 829748, 417619, 1024098, 1140244, 422547, 169385, 624126, 129136, 39.6, 46.5, 1.00
M, 829545, 417547, 1023857, 1139944, 422564, 169397, 624130, 129161, 39.6, 46.6, 1.00
M, 829668, 417540, 1024161, 1140111, 422549, 169451, 624205, 129184, 39.6, 46.6, 1.00
M, 829609, 417517, 1024439, 1140213, 422599, 169523, 624235, 129198, 39.6, 46.6, 1.01
M, 829873, 417601, 1024820, 1140603, 422714, 169617, 624368, 129251, 39.6, 46.6, 1.00
M, 829867, 417647, 1025069, 1140751, 422761, 169624, 624418, 129305, 39.6, 46.6, 1.00
M, 829982, 417606, 1025372, 1140771, 422744, 169586, 624458, 129182, 39.6, 46.6, 1.00
M, 829807, 417650, 1025345, 1140574, 422865, 169596, 624443, 129186, 39.6, 46.6, 1.01
M, 831324, 417889, 1027737, 1142782, 423125, 169948, 624898, 129544, 39.6, 46.6, 1.00
M, 831610, 418097, 1028035, 1142732, 423290, 169988, 625052, 129428, 39.6, 46.6, 1.00
M, 831315, 418080, 1027640, 1142003, 423274, 169895, 624975, 129360, 39.6, 46.6, 0.99
M, 830679, 417908, 1027121, 1141476, 423079, 169813, 624887, 129263, 39.6, 46.6, 1.01
M, 830411, 417890, 1027024, 1141297, 423000, 169846, 624811, 129250, 39.6, 46.6, 1.00
M, 829930, 417799, 1026741, 1140837, 423053, 169774, 624811, 129231, 39.6, 46.6, 1.01
M, 829776, 417735, 1026718, 1140864, 422970, 169776, 624754, 129236, 39.6, 46.6, 1.00
M, 829678, 417771, 1026637, 1140370, 423090, 169771, 624818, 129244, 39.6, 46.6, 1.00
M, 829487, 417630, 1026623, 1140237, 422994, 169719, 624800, 129171, 39.6, 46.6, 1.00
M, 829462, 417641, 1026902, 1140610, 423009, 169808, 624780, 129265, 39.6, 46.6, 0.99
M, 829499, 417519, 1027006, 1140560, 423071, 169799, 624841, 129195, 39.6, 46.6, 1.01
M, 829505, 417481, 1027183, 1140390, 423060, 169811, 624919, 129273, 39.6, 46.6, 1.00
M, 829851, 417587, 1027780, 1140941, 423169, 169896, 625022, 129261, 39.6, 46.6, 1.00
M, 829820, 417570, 1027961, 1140795, 423221, 169910, 625052, 129276, 39.6, 46.6, 0.99
M, 829741, 417561, 1027801, 1140639, 423200, 169900, 625116, 129240, 39.6, 46.6, 1.00
M, 829843, 417554, 1028302, 1141076, 423196, 169951, 625155, 129289, 39.6, 46.6, 1.01
M, 829851, 417583, 1028507, 1140996, 423254, 170000, 625200, 129259, 39.6, 46.6, 1.01
M, 829702, 417562, 1028603, 1141010, 423258, 170041, 625290, 129347, 39.6, 46.6, 0.99
M, 830212, 417646, 1029085, 1141419, 423328, 170056, 625395, 129382, 39.6, 46.6, 1.00
M, 830194, 417598, 1029545, 1141407, 423427, 170034, 625424, 129285, 39.6, 46.6, 0.99
M, 831629, 417888, 1031693, 1143367, 423720, 170309, 625813, 129557, 39.6, 46.6, 1.00
M, 831689, 417981, 1031836, 1143230, 423794, 170339, 625930, 129570, 39.6, 46.6, 1.01
M, 831307, 417884, 1031667, 1142961, 423733, 170340, 625794, 129439, 39.6, 46.6, 1.01
M, 831088, 417892, 1031589, 1142687, 423757, 170368, 625790, 129487, 39.6, 46.6, 1.01
M, 831224, 417945, 1031619, 1142589, 423830, 170366, 625802, 129489, 39.6, 46.6, 1.00
M, 830801, 417904, 1031585, 1142377, 423743, 170289, 625798, 129405, 39.6, 46.6, 1.01
M, 830314, 417814, 1031123, 1141766, 423751, 170283, 625765, 129334, 39.6, 46.6, 1.00
M, 830092, 417788, 1031141, 1141802, 423682, 170284, 625770, 129359, 39.6, 46.6, 1.00
M, 829884, 417789, 1030856, 1141262, 423700, 170322, 625776, 129334, 39.6, 46.6, 1.00
M, 829730, 417598, 1030772, 1141003, 423557, 170256, 625701, 129295, 39.6, 46.6, 1.00
M, 829879, 417583, 1031075, 1141280, 423613, 170288, 625762, 129341, 39.6, 46.6, 1.00
M, 829841, 417585, 1031319, 1141233, 423670, 170268, 625817, 129325, 39.6, 46.6, 1.00
M, 829778, 417525, 1031514, 1141348, 423648, 170386, 625817, 129370, 39.6, 46.6, 0.99
M, 830047, 417637, 1032030, 1141651, 423767, 170357, 625942, 129375, 39.6, 46.6, 1.00
M, 830200, 417604, 1032145, 1141383, 423779, 170350, 625921, 129376, 39.6, 46.6, 1.00
M, 829978, 417528, 1032121, 1141363, 423774, 170329, 625903, 129356, 39.6, 46.6, 1.00
M, 830075, 417536, 1032586, 1141712, 423802, 170382, 626027, 129357, 39.6, 46.6, 1.00
M, 830007, 417563, 1032705, 1141799, 423820, 170303, 626040, 129416, 39.6, 46.7, 1.00
M, 829996, 417603, 1032714, 1141522, 423850, 170376, 626115, 129436, 39.6, 46.7, 0.99
M, 830114, 417528, 1033071, 1141879, 423927, 170493, 626149, 129463, 39.6, 46.7, 1.00
A, 838319, 418801, 1045541, 1153291, 425499, 172152, 628157, 131184, 39.6, 46.7, 0.12
A, 849467, 421459, 1061148, 1166783, 428105, 174181, 630710, 132882, 39.7, 46.6, 0.65
A, 856396, 423508, 1072053, 1176073, 429757, 175688, 632289, 133938, 39.7, 46.6, 0.76
A, 862171, 425463, 1081450, 1183647, 431042, 177071, 633478, 134780, 39.7, 46.6, 0.82
A, 865799, 427043, 1088062, 1188615, 431928, 178110, 634369, 135419, 39.7, 46.6, 0.90
A, 869058, 428573, 1094880, 1193037, 432874, 179154, 635096, 135871, 39.6, 46.6, 0.93
A, 870398, 429681, 1098838, 1195273, 433248, 179877, 635444, 136074, 39.6, 46.6, 0.96
A, 871187, 430915, 1102402, 1196677, 433650, 180589, 635705, 136342, 39.6, 46.6, 0.98
A, 871347, 431406, 1104759, 1197411, 433704, 180992, 635591, 136420, 39.6, 46.6, 0.98
A, 871399, 432102, 1107315, 1198262, 433854, 181494, 635654, 136564, 39.6, 46.6, 0.99
A, 871110, 432770, 1109549, 1198289, 433907, 181893, 635502, 136606, 39.6, 46.6, 1.00
A, 870498, 433327, 1111417, 1197622, 433778, 182181, 635232, 136644, 39.6, 46.6, 1.00
A, 869421, 433607, 1112344, 1196625, 433595, 182425, 634767, 136597, 39.6, 46.6, 0.99
A, 868196, 433843, 1113311, 1195699, 433330, 182692, 634373, 136590, 39.6, 46.6, 0.99
A, 867330, 434126, 1114552, 1194979, 433082, 182960, 634034, 136621, 39.6, 46.6, 1.00
A, 866224, 434332, 1115342, 1193603, 432797, 183153, 633589, 136599, 39.6, 46.6, 1.00
A, 865219, 434428, 1116375, 1192751, 432522, 183287, 633122, 136601, 39.6, 46.6, 1.00
A, 863669, 434488, 1116835, 1190889, 432160, 183359, 632529, 136476, 39.6, 46.6, 1.00
A, 862202, 434322, 1116843, 1189208, 431698, 183487, 631956, 136451, 39.6, 46.6, 1.00
A, 860717, 434156, 1116951, 1187726, 431311, 183501, 631382, 136357, 39.6, 46.6, 1.00
A, 861571, 434470, 1120607, 1188907, 431368, 183930, 631323, 136649, 39.6, 46.6, 1.00
A, 860126, 434558, 1120474, 1187069, 430991, 183934, 630848, 136595, 39.6, 46.6, 1.00
A, 858766, 434407, 1120558, 1185390, 430633, 184055, 630263, 136563, 39.6, 46.6, 1.02
A, 857213, 434229, 1120783, 1183501, 430050, 183907, 629556, 136383, 39.6, 46.6, 1.00
A, 855427, 433866, 1120352, 1181510, 429561, 183918, 628887, 136369, 39.6, 46.7, 1.00
A, 854034, 433541, 1120064, 1179545, 429076, 183938, 628350, 136265, 39.6, 46.7, 1.00
A, 852417, 433304, 1119907, 1177606, 428599, 183823, 627713, 136066, 39.6, 46.6, 1.00
A, 850951, 432853, 1119479, 1175762, 428114, 183713, 627113, 135978, 39.6, 46.6, 1.00
A, 849252, 432498, 1118987, 1173633, 427632, 183654, 626462, 135940, 39.6, 46.7, 1.00
A, 848240, 432126, 1118910, 1172516, 427187, 183604, 625920, 135865, 39.6, 46.7, 0.99
A, 847362, 431901, 1119229, 1171510, 426981, 183728, 625532, 135927, 39.6, 46.7, 0.99
A, 846358, 431510, 1119388, 1170166, 426597, 183675, 625079, 135830, 39.6, 46.7, 1.00
A, 845529, 431220, 1119369, 1168646, 426198, 183616, 624522, 135837, 39.6, 46.7, 0.99
A, 844348, 430848, 1119173, 1167521, 425804, 183592, 624091, 135766, 39.6, 46.7, 1.00
A, 843655, 430499, 1119775, 1166494, 425496, 183544, 623658, 135758, 39.6, 46.7, 0.99
A, 842901, 430176, 1119523, 1165093, 425119, 183538, 623211, 135684, 39.6, 46.7, 1.01
A, 842163, 429944, 1119910, 1164400, 424825, 183575, 622898, 135736, 39.6, 46.7, 1.00
A, 841313, 429618, 1119897, 1163277, 424506, 183528, 622452, 135747, 39.6, 46.7, 1.00
A, 840383, 429210, 1119775, 1161520, 424164, 183421, 621950, 135603, 39.6, 46.7, 1.00
A, 839415, 428863, 1119370, 1160302, 423805, 183316, 621507, 135527, 39.6, 46.7, 1.00
A, 840176, 428708, 1121727, 1161497, 423724, 183603, 621472, 135801, 39.6, 46.7, 1.00
A, 839521, 428547, 1121806, 1160549, 423517, 183560, 621143, 135698, 39.6, 46.7, 1.00
A, 838562, 428190, 1121441, 1159086, 423185, 183449, 620798, 135644, 39.6, 46.7, 1.00
A, 838051, 428021, 1121753, 1158429, 422933, 183475, 620375, 135663, 39.6, 46.7, 1.00
A, 836982, 427598, 1121223, 1156888, 422571, 183334, 619928, 135563, 39.6, 46.7, 1.01
A, 836211, 427207, 1120691, 1155477, 422265, 183309, 619522, 135443, 39.6, 46.7, 1.00
A, 835254, 426855, 1120583, 1154716, 421880, 183160, 619081, 135446, 39.6, 46.7, 1.00
A, 834362, 426537, 1120295, 1153372, 421658, 183126, 618787, 135360, 39.6, 46.7, 1.00
A, 833656, 426188, 1120028, 1152589, 421389, 183121, 618446, 135353, 39.6, 46.7, 1.00
A, 832981, 425868, 1119603, 1151055, 421087, 182998, 617996, 135225, 39.6, 46.8, 0.99
A, 832375, 425537, 1119693, 1150422, 420776, 182985, 617653, 135226, 39.6, 46.8, 1.00
A, 832140, 425386, 1119915, 1150045, 420591, 182937, 617419, 135298, 39.6, 46.8, 1.01
A, 831629, 425014, 1120013, 1149310, 420455, 182902, 617187, 135273, 39.6, 46.8, 1.00
A, 831115, 424729, 1119902, 1148643, 420177, 182888, 616822, 135177, 39.6, 46.8, 1.00
A, 831012, 424616, 1120439, 1148342, 420062, 182927, 616713, 135280, 39.6, 46.8, 1.00
A, 830750, 424300, 1120646, 1147363, 419797, 182828, 616328, 135223, 39.6, 46.8, 1.00
A, 830083, 423961, 1120375, 1146578, 419536, 182803, 616078, 135101, 39.6, 46.8, 1.00
A, 829628, 423698, 1120501, 1146282, 419371, 182821, 615809, 135094, 39.6, 46.8, 1.00
A, 828906, 423466, 1120049, 1145180, 419095, 182642, 615528, 135039, 39.6, 46.8, 1.00
A, 828684, 423105, 1120094, 1144618, 418875, 182660, 615274, 135100, 39.6, 46.8, 1.00
A, 830562, 423346, 1123618, 1147036, 419145, 183048, 615592, 135458, 39.6, 46.7, 1.00
A, 830112, 423247, 1123357, 1145932, 419091, 182955, 615370, 135336, 39.6, 46.7, 1.00
A, 829227, 422990, 1122597, 1144816, 418778, 182821, 615043, 135273, 39.6, 46.8, 1.00
A, 828722, 422776, 1122640, 1144303, 418568, 182820, 614701, 135228, 39.6, 46.8, 1.00
A, 828035, 422397, 1122293, 1143312, 418281, 182750, 614388, 135240, 39.6, 46.8, 1.00
A, 827838, 422266, 1122361, 1142501, 418111, 182675, 614156, 135095, 39.6, 46.8, 1.00
A, 827029, 421981, 1121653, 1141544, 417818, 182517, 613872, 135049, 39.6, 46.7, 1.00
A, 826594, 421754, 1121744, 1141221, 417646, 182572, 613614, 135074, 39.6, 46.7, 1.00
A, 825812, 421430, 1120825, 1139794, 417409, 182377, 613262, 134969, 39.6, 46.8, 0.99
A, 825373, 421125, 1120805, 1139231, 417217, 182355, 613058, 134976, 39.6, 46.8, 1.00
A, 824692, 421035, 1120394, 1138389, 416990, 182229, 612749, 134855, 39.6, 46.8, 1.00
A, 824534, 420691, 1120236, 1137847, 416820, 182141, 612501, 134867, 39.6, 46.8, 1.00
A, 824399, 420618, 1120693, 1137900, 416696, 182154, 612379, 134843, 39.6, 46.8, 1.00
A, 824135, 420408, 1120617, 1137366, 416530, 182158, 612219, 134860, 39.6, 46.8, 1.00
A, 823852, 420146, 1120640, 1137000, 416394, 182124, 612034, 134842, 39.6, 46.8, 1.00
A, 823832, 420086, 1121075, 1136969, 416335, 182123, 611934, 134916, 39.6, 46.8, 1.00
A, 823780, 419839, 1121098, 1136335, 416211, 182090, 611754, 134842, 39.6, 46.8, 1.01
A, 823413, 419742, 1121042, 1135848, 416085, 182030, 611591, 134866, 39.6, 46.8, 1.00
A, 823338, 419584, 1120990, 1135707, 415921, 182039, 611507, 134827, 39.6, 46.8, 0.99
A, 823052, 419432, 1121149, 1135266, 415809, 182037, 611240, 134873, 39.6, 46.8, 1.00
A, 824591, 419569, 1123805, 1137223, 416023, 182323, 611488, 135220, 39.6, 46.8, 1.00
A, 824559, 419652, 1124060, 1136955, 416035, 182342, 611444, 135155, 39.6, 46.8, 1.00
A, 824097, 419421, 1123846, 1136048, 415846, 182241, 611213, 135019, 39.6, 46.8, 0.99
A, 823409, 419293, 1123176, 1135273, 415575, 182088, 610873, 134897, 39.6, 46.8, 1.00
A, 822867, 419057, 1122760, 1134644, 415442, 182068, 610652, 134919, 39.6, 46.8, 0.99
A, 822833, 418984, 1122895, 1134420, 415296, 182114, 610540, 134933, 39.6, 46.8, 0.99
A, 822424, 418683, 1122630, 1133900, 415173, 181992, 610368, 134946, 39.6, 46.8, 1.00
A, 822376, 418648, 1122796, 1133383, 415049, 181937, 610172, 134786, 39.6, 46.8, 1.00
A, 821794, 418527, 1122228, 1132690, 414946, 181870, 609941, 134790, 39.6, 46.8, 1.00
A, 821279, 418345, 1121993, 1132036, 414726, 181750, 609756, 134734, 39.6, 46.8, 1.00
A, 820886, 418081, 1121667, 1131624, 414546, 181735, 609580, 134701, 39.6, 46.8, 0.99
A, 820417, 417987, 1121072, 1130708, 414430, 181574, 609407, 134588, 39.6, 46.8, 1.01
A, 820138, 417701, 1121029, 1130202, 414124, 181535, 609123, 134580, 39.6, 46.8, 1.00
A, 819973, 417632, 1121228, 1130310, 414110, 181570, 609081, 134588, 39.6, 46.8, 1.00
A, 819773, 417432, 1121094, 1129895, 413994, 181552, 608963, 134600, 39.6, 46.8, 1.00
A, 819743, 417385, 1120854, 1129544, 413893, 181471, 608799, 134643, 39.6, 46.8, 0.99
A, 819898, 417251, 1121616, 1129776, 413902, 181519, 608744, 134663, 39.6, 46.8, 1.00
A, 819765, 417155, 1121539, 1129385, 413853, 181479, 608609, 134632, 39.6, 46.8, 1.00
A, 819477, 417023, 1121282, 1128884, 413688, 181394, 608453, 134599, 39.6, 46.8, 1.00
A, 819430, 416949, 1121542, 1128960, 413575, 181367, 608391, 134584, 39.6, 46.8, 1.00
A, 821099, 417166, 1124344, 1131072, 413903, 181682, 608663, 134908, 39.6, 46.8, 1.01
A, 821008, 417219, 1124305, 1130767, 413879, 181727, 608656, 134963, 39.6, 46.8, 1.00
A, 820524, 417062, 1123981, 1130102, 413722, 181560, 608433, 134845, 39.6, 46.8, 0.99
A, 820247, 416994, 1123473, 1129214, 413513, 181457, 608231, 134693, 39.6, 46.8, 0.99
A, 819570, 416779, 1122895, 1128620, 413363, 181416, 607965, 134603, 39.6, 46.8, 1.01
A, 819364, 416698, 1122718, 1128405, 413187, 181352, 607840, 134670, 39.6, 46.8, 1.00
A, 819021, 416577, 1122656, 1127938, 413129, 181327, 607686, 134633, 39.6, 46.8, 1.02
A, 819056, 416554, 1122885, 1127920, 413125, 181376, 607629, 134690, 39.6, 46.8, 0.99
A, 818604, 416425, 1122461, 1127224, 413011, 181268, 607482, 134566, 39.6, 46.8, 1.00
A, 818505, 416281, 1122434, 1126910, 412807, 181182, 607324, 134575, 39.6, 46.8, 1.01
A, 817898, 416159, 1121751, 1126265, 412693, 181109, 607155, 134464, 39.6, 46.8, 1.00
A, 817733, 415968, 1121700, 1126060, 412631, 181084, 607070, 134507, 39.6, 46.8, 1.00
A, 817976, 415952, 1122109, 1125861, 412608, 181034, 606981, 134527, 39.6, 46.8, 1.01
A, 817746, 415901, 1121923, 1125811, 412470, 180994, 606883, 134528, 39.6, 46.8, 1.00
A, 817602, 415698, 1121964, 1125562, 412382, 181010, 606813, 134509, 39.6, 46.8, 1.00
A, 817515, 415697, 1121816, 1125253, 412340, 180920, 606756, 134440, 39.6, 46.8, 1.00
A, 817239, 415485, 1121627, 1125136, 412214, 180850, 606555, 134416, 39.6, 46.8, 1.00
A, 817508, 415563, 1121995, 1125305, 412194, 180862, 606536, 134491, 39.6, 46.8, 1.00
A, 817170, 415449, 1121930, 1125033, 412121, 180864, 606471, 134521, 39.6, 46.8, 1.01
A, 817073, 415391, 1121835, 1124881, 412087, 180866, 606343, 134496, 39.6, 46.8, 1.01
A, 819406, 415614, 1125395, 1127347, 412456, 181204, 606809, 134811, 39.6, 46.8, 1.00
A, 819048, 415740, 1124890, 1126705, 412403, 181133, 606654, 134679, 39.6, 46.8, 1.00
A, 818673, 415628, 1124274, 1126269, 412286, 181029, 606523, 134631, 39.6, 46.8, 1.01
A, 818126, 415522, 1124028, 1125712, 412063, 180991, 606309, 134595, 39.6, 46.8, 1.01
A, 817871, 415424, 1123726, 1125346, 411963, 180957, 606218, 134561, 39.6, 46.8, 1.00
A, 817895, 415420, 1123956, 1125332, 411993, 180927, 606146, 134609, 39.6, 46.8, 0.99
A, 817706, 415338, 1123860, 1124970, 411835, 180843, 606011, 134568, 39.6, 46.8, 0.99
A, 817299, 415214, 1123435, 1124486, 411729, 180735, 605842, 134493, 39.6, 46.8, 1.00
A, 817189, 415140, 1123444, 1124417, 411688, 180813, 605755, 134557, 39.6, 46.8, 1.00
A, 816828, 415089, 1122862, 1123533, 411558, 180654, 605627, 134412, 39.6, 46.9, 0.99
A, 816592, 414865, 1122627, 1123145, 411400, 180580, 605424, 134413, 39.6, 46.9, 0.99
A, 815864, 414723, 1122067, 1122511, 411292, 180518, 605379, 134328, 39.6, 46.8, 0.99
A, 815921, 414652, 1121983, 1122537, 411198, 180485, 605176, 134332, 39.6, 46.8, 1.00
A, 815971, 414588, 1122334, 1122705, 411140, 180433, 605167, 134377, 39.6, 46.8, 1.00
A, 815972, 414512, 1122501, 1122557, 411064, 180494, 605054, 134349, 39.6, 46.9, 1.00
A, 816013, 414465, 1122230, 1122092, 411079, 180397, 605027, 134356, 39.6, 46.9, 1.00
A, 815827, 414468, 1122024, 1121777, 411014, 180372, 604989, 134327, 39.6, 46.9, 0.99
A, 815551, 414290, 1122123, 1121810, 410883, 180352, 604868, 134297, 39.6, 46.9, 1.00
A, 815562, 414269, 1122320, 1121879, 410903, 180328, 604871, 134298, 39.6, 46.9, 1.01
A, 815553, 414230, 1122051, 1121613, 410819, 180353, 604778, 134389, 39.6, 46.9, 0.99
A, 817739, 414587, 1125561, 1124207, 411271, 180709, 605253, 134789, 39.6, 46.9, 0.99
A, 817447, 414658, 1125112, 1123598, 411264, 180621, 605147, 134645, 39.6, 46.9, 0.99
A, 816699, 414521, 1124473, 1122950, 411021, 180495, 604924, 134535, 39.6, 46.9, 1.01
A, 816437, 414465, 1124154, 1122589, 410932, 180460, 604821, 134538, 39.6, 46.9, 1.00
A, 816384, 414446, 1124114, 1122495, 410862, 180456, 604706, 134503, 39.6, 46.9, 1.01
A, 816021, 414287, 1123732, 1122100, 410778, 180414, 604634, 134425, 39.6, 46.9, 1.00
A, 816011, 414275, 1123864, 1122083, 410737, 180413, 604567, 134537, 39.6, 46.9, 1.00
A, 815939, 414202, 1123874, 1121643, 410715, 180350, 604489, 134416, 39.6, 46.9, 1.00
A, 815448, 414068, 1123385, 1121128, 410583, 180187, 604339, 134316, 39.6, 46.9, 1.02
A, 815574, 414002, 1123403, 1121176, 410572, 180291, 604306, 134368, 39.6, 46.9, 1.01
A, 815019, 413963, 1122766, 1120422, 410450, 180090, 604120, 134291, 39.6, 46.9, 1.01
A, 814804, 413864, 1122691, 1120422, 410311, 180115, 604009, 134328, 39.6, 46.9, 1.00
A, 814714, 413830, 1122543, 1119844, 410267, 180044, 604007, 134282, 39.6, 46.9, 1.00
A, 814584, 413678, 1122524, 1119819, 410160, 180034, 603835, 134237, 39.6, 46.9, 1.00
A, 814670, 413687, 1122798, 1120148, 410183, 180027, 603847, 134294, 39.6, 46.9, 1.00
A, 814657, 413629, 1122930, 1120066, 410121, 180011, 603812, 134314, 39.6, 46.9, 1.01
A, 814693, 413619, 1122669, 1119890, 410088, 180042, 603753, 134328, 39.6, 46.9, 1.00
A, 814931, 413609, 1123399, 1120233, 410100, 180081, 603810, 134358, 39.6, 46.9, 1.00
A, 814915, 413601, 1123504, 1120071, 410176, 180021, 603780, 134368, 39.6, 46.9, 1.00
A, 814786, 413486, 1123317, 1119851, 410035, 179902, 603669, 134324, 39.6, 46.9, 1.00
A, 816368, 413760, 1125849, 1122032, 410281, 180276, 603943, 134647, 39.6, 46.9, 1.00
A, 816457, 413974, 1125963, 1121925, 410396, 180235, 603984, 134603, 39.6, 46.9, 1.00
A, 815905, 413816, 1125426, 1121340, 410228, 180205, 603874, 134546, 39.6, 46.9, 1.00
A, 815692, 413794, 1125083, 1120993, 410204, 180142, 603796, 134530, 39.6, 46.9, 1.00
A, 815387, 413745, 1124843, 1120612, 410127, 180051, 603636, 134390, 39.6, 46.9, 1.00
A, 815118, 413628, 1124476, 1119923, 409948, 179959, 603479, 134360, 39.6, 46.9, 0.99
A, 814677, 413527, 1123848, 1119641, 409917, 179923, 603392, 134382, 39.6, 46.9, 1.00
A, 814826, 413442, 1124361, 1119704, 409876, 180017, 603412, 134425, 39.6, 46.9, 1.00
A, 814640, 413535, 1124142, 1119464, 409822, 179942, 603300, 134312, 39.6, 46.9, 1.00
A, 814267, 413347, 1123609, 1118915, 409680, 179825, 603178, 134283, 39.6, 46.9, 1.01
A, 814333, 413274, 1123802, 1119016, 409658, 179766, 603124, 134294, 39.6, 46.9, 0.99
A, 813550, 413187, 1122739, 1117954, 409570, 179599, 602940, 134141, 39.6, 46.9, 1.00
A, 813377, 413047, 1122585, 1117873, 409479, 179668, 602827, 134213, 39.6, 46.9, 0.99
A, 813202, 413071, 1122422, 1117640, 409443, 179540, 602796, 134249, 39.6, 46.9, 1.01
A, 813178, 412932, 1122409, 1117520, 409277, 179514, 602697, 134146, 39.6, 46.9, 1.00
A, 813294, 412871, 1122662, 1117864, 409330, 179530, 602732, 134195, 39.6, 46.9, 1.00
A, 813411, 412839, 1122739, 1117777, 409331, 179548, 602689, 134189, 39.6, 46.9, 1.00
A, 813162, 412848, 1122406, 1117359, 409176, 179509, 602565, 134186, 39.6, 46.9, 1.00
A, 813204, 412838, 1122612, 1117488, 409176, 179381, 602524, 134140, 39.6, 46.9, 1.00
A, 812430, 412455, 1121404, 1116270, 408983, 179244, 602314, 134017, 39.6, 46.9, 1.00
A, 814455, 412820, 1124573, 1118922, 409347, 179596, 602765, 134446, 39.6, 46.9, 1.01
A, 814483, 412909, 1124633, 1118959, 409435, 179609, 602912, 134429, 39.6, 46.9, 1.00
A, 814268, 412901, 1124413, 1118725, 409360, 179612, 602709, 134293, 39.6, 46.9, 1.00
A, 814070, 412928, 1124058, 1118247, 409303, 179551, 602669, 134362, 39.6, 46.9, 1.00
A, 814333, 412952, 1124639, 1118531, 409346, 179593, 602689, 134379, 39.6, 46.9, 1.01
A, 814086, 412864, 1124587, 1118388, 409280, 179566, 602641, 134367, 39.6, 46.9, 1.00
A, 814041, 412842, 1124177, 1118159, 409201, 179472, 602577, 134314, 39.6, 46.9, 1.00
A, 813747, 412716, 1123946, 1117826, 409156, 179461, 602413, 134306, 39.6, 46.9, 1.00
A, 813855, 412754, 1124305, 1118163, 409145, 179508, 602425, 134297, 39.6, 46.9, 1.00
A, 813161, 412755, 1123630, 1117586, 409109, 179409, 602376, 134264, 39.6, 46.9, 1.01
A, 813649, 412716, 1123917, 1117486, 409132, 179308, 602389, 134268, 39.6, 46.9, 0.99
A, 813363, 412668, 1123764, 1117409, 408993, 179302, 602234, 134256, 39.6, 46.9, 1.00
A, 813015, 412575, 1123265, 1116937, 408940, 179213, 602165, 134239, 39.6, 46.9, 1.01
A, 813012, 412530, 1123334, 1116807, 408854, 179283, 602119, 134182, 39.6, 46.9, 1.00
A, 812735, 412485, 1122873, 1116422, 408842, 179178, 602068, 134134, 39.6, 47.0, 0.99
A, 812436, 412329, 1122365, 1115920, 408736, 179055, 601946, 134124, 39.6, 47.0, 1.00
A, 812692, 412385, 1122753, 1116268, 408696, 179074, 601951, 134114, 39.6, 47.0, 1.00
A, 812695, 412341, 1122936, 1116382, 408719, 179120, 601906, 134106, 39.6, 47.0, 1.00
A, 812615, 412272, 1122906, 1116366, 408680, 179110, 601950, 134143, 39.6, 47.0, 1.00
A, 812925, 412397, 1123342, 1116739, 408744, 179151, 602003, 134261, 39.6, 46.9, 1.00
A, 815200, 412647, 1126557, 1119149, 409163, 179425, 602437, 134566, 39.6, 46.9, 1.00
A, 814802, 412833, 1126069, 1118629, 409184, 179396, 602385, 134454, 39.6, 47.0, 1.00
A, 814479, 412749, 1125846, 1118553, 409112, 179408, 602278, 134405, 39.6, 47.0, 1.01
A, 814381, 412762, 1125445, 1118143, 409026, 179305, 602206, 134376, 39.6, 47.0, 0.99
A, 813982, 412651, 1125239, 1117896, 408941, 179325, 602116, 134403, 39.6, 47.0, 1.00
A, 814141, 412730, 1125549, 1118052, 408902, 179320, 602153, 134363, 39.6, 47.0, 0.99
A, 813944, 412707, 1125281, 1117520, 408883, 179225, 601972, 134346, 39.6, 47.0, 1.01
A, 813534, 412655, 1124803, 1117085, 408722, 179203, 601912, 134276, 39.6, 47.0, 1.00
A, 813181, 412538, 1124389, 1116861, 408769, 179139, 601817, 134269, 39.6, 47.0, 1.00
A, 813296, 412594, 1124720, 1117001, 408699, 179111, 601796, 134303, 39.6, 47.0, 0.99
A, 813183, 412451, 1124457, 1116605, 408684, 179073, 601730, 134318, 39.6, 47.0, 1.00
A, 813342, 412553, 1124730, 1116762, 408732, 179090, 601810, 134196, 39.6, 47.0, 0.99
A, 813051, 412459, 1124363, 1116425, 408578, 179005, 601710, 134246, 39.6, 47.0, 1.00
A, 812843, 412468, 1124136, 1116165, 408564, 178930, 601594, 134222, 39.6, 47.0, 1.01
A, 812694, 412238, 1123879, 1116023, 408481, 178922, 601560, 134160, 39.6, 47.0, 0.99
A, 812820, 412357, 1124282, 1116308, 408492, 178990, 601543, 134276, 39.6, 47.0, 1.00
A, 812788, 412369, 1124456, 1116413, 408461, 178993, 601559, 134284, 39.6, 47.0, 1.00
A, 812971, 412378, 1124505, 1116259, 408412, 178926, 601521, 134225, 39.6, 47.0, 1.00
A, 812804, 412215, 1124266, 1115973, 408426, 178898, 601411, 134121, 39.6, 47.0, 0.99
A, 812559, 412254, 1123980, 1115819, 408380, 178836, 601375, 134172, 39.6, 47.0, 1.00
A, 813980, 412550, 1126192, 1117687, 408651, 179069, 601700, 134360, 39.6, 47.0, 1.00
A, 813488, 412424, 1125466, 1116937, 408523, 179043, 601544, 134411, 39.6, 47.0, 1.00
A, 813446, 412531, 1125463, 1116935, 408499, 179004, 601508, 134247, 39.6, 47.0, 1.00
A, 813443, 412390, 1125494, 1116636, 408459, 178990, 601463, 134269, 39.6, 47.0, 1.00
A, 813155, 412357, 1125280, 1116434, 408379, 178874, 601421, 134280, 39.6, 47.0, 1.01
A, 812869, 412266, 1124943, 1116236, 408284, 178904, 601304, 134197, 39.6, 47.0, 1.00
A, 812995, 412297, 1125194, 1116337, 408371, 178927, 601369, 134295, 39.6, 47.0, 1.00
A, 812922, 412247, 1125009, 1116093, 408290, 178878, 601305, 134259, 39.6, 47.0, 0.99
A, 813192, 412387, 1125494, 1116541, 408428, 178904, 601359, 134312, 39.6, 47.0, 0.99
A, 812940, 412379, 1125344, 1116261, 408320, 178865, 601277, 134303, 39.6, 47.0, 1.00
A, 812915, 412283, 1125076, 1116102, 408278, 178822, 601260, 134274, 39.6, 47.0, 1.00
A, 812964, 412282, 1125322, 1116223, 408320, 178886, 601227, 134296, 39.6, 47.0, 1.00
A, 812632, 412251, 1124785, 1115541, 408229, 178777, 601131, 134239, 39.6, 47.0, 0.99
A, 812548, 412142, 1124563, 1115228, 408117, 178724, 601052, 134198, 39.6, 47.0, 1.01
A, 812164, 412045, 1124129, 1114970, 408124, 178629, 600978, 134105, 39.6, 47.0, 0.99
A, 812043, 411996, 1124122, 1114982, 407978, 178616, 600944, 134133, 39.6, 47.0, 1.00
A, 812283, 412056, 1124359, 1115166, 408049, 178588, 600927, 134203, 39.6, 47.0, 1.00
A, 812258, 411970, 1124376, 1115104, 408053, 178715, 600918, 134188, 39.6, 47.0, 1.01
A, 812247, 411964, 1124388, 1114928, 408015, 178578, 600904, 134164, 39.6, 47.0, 1.00
A, 811717, 411904, 1123631, 1114469, 407886, 178537, 600803, 134070, 39.6, 47.0, 1.00
A, 814197, 412256, 1127580, 1117494, 408330, 178906, 601312, 134503, 39.6, 47.0, 0.99
A, 813869, 412352, 1126976, 1116982, 408355, 178785, 601255, 134408, 39.6, 47.0, 1.00
A, 813585, 412301, 1126753, 1116835, 408298, 178942, 601255, 134460, 39.6, 47.0, 1.01
A, 813245, 412284, 1126302, 1116356, 408214, 178777, 601106, 134352, 39.6, 47.0, 0.99
A, 813010, 412187, 1125872, 1115862, 408110, 178630, 600987, 134235, 39.6, 47.0, 1.01
A, 812638, 412093, 1125384, 1115360, 408028, 178636, 600891, 134208, 39.6, 47.0, 1.00
A, 812219, 411939, 1125075, 1115100, 407896, 178528, 600811, 134179, 39.6, 47.0, 0.99
A, 812400, 411978, 1125232, 1115296, 407973, 178613, 600855, 134234, 39.6, 47.0, 1.01
A, 812189, 411939, 1125186, 1115125, 407851, 178519, 600715, 134181, 39.6, 47.0, 1.00
A, 812419, 412009, 1125505, 1115486, 407945, 178601, 600787, 134211, 39.6, 47.0, 1.01
A, 812373, 411921, 1125291, 1114998, 407967, 178534, 600778, 134166, 39.6, 47.0, 1.00
A, 812089, 411858, 1125020, 1114594, 407873, 178485, 600678, 134166, 39.6, 47.0, 1.01
A, 812074, 411856, 1125102, 1114939, 407800, 178496, 600641, 134200, 39.6, 47.0, 1.00
A, 811655, 411786, 1124426, 1114282, 407775, 178414, 600520, 134134, 39.6, 47.0, 1.01
A, 811625, 411680, 1124374, 1114103, 407635, 178337, 600532, 134185, 39.6, 47.0, 1.00
A, 811436, 411742, 1124193, 1114065, 407733, 178300, 600549, 134107, 39.6, 47.0, 1.01
A, 811352, 411646, 1124150, 1114028, 407673, 178250, 600405, 134077, 39.6, 47.0, 1.00
A, 811822, 411680, 1124602, 1114345, 407746, 178338, 600444, 134111, 39.6, 47.0, 1.00
A, 811841, 411631, 1124787, 1114389, 407688, 178311, 600493, 134155, 39.6, 47.0, 1.00
A, 811736, 411636, 1124685, 1114375, 407717, 178320, 600535, 134142, 39.6, 47.0, 1.00
A, 814038, 412066, 1128106, 1117178, 408112, 178750, 601035, 134539, 39.6, 47.0, 1.00
A, 813938, 412237, 1127966, 1116942, 408199, 178638, 601067, 134437, 39.6, 47.0, 1.00
A, 813432, 412216, 1127283, 1116321, 408032, 178570, 600888, 134358, 39.6, 47.0, 1.00
A, 812996, 412145, 1126722, 1115877, 407910, 178535, 600811, 134377, 39.6, 47.0, 0.99
A, 813157, 412123, 1126717, 1115835, 407962, 178560, 600771, 134392, 39.6, 47.0, 1.00
A, 812837, 412015, 1126414, 1115450, 407939, 178410, 600684, 134255, 39.6, 47.0, 1.00
A, 812437, 411977, 1125954, 1115008, 407773, 178436, 600581, 134211, 39.6, 47.0, 1.00
A, 812268, 411952, 1125754, 1114811, 407702, 178363, 600486, 134180, 39.6, 47.0, 1.01
A, 812277, 411898, 1125785, 1114917, 407737, 178353, 600498, 134128, 39.6, 47.0, 1.00
A, 812092, 411838, 1125657, 1114779, 407676, 178333, 600456, 134229, 39.6, 47.0, 1.00
A, 812214, 411867, 1125971, 1114864, 407678, 178351, 600459, 134249, 39.6, 47.0, 0.99
A, 812235, 411861, 1125931, 1114741, 407681, 178275, 600459, 134199, 39.6, 47.0, 0.99
A, 812077, 411849, 1125794, 1114510, 407634, 178288, 600320, 134140, 39.6, 47.0, 0.99
A, 812043, 411733, 1125837, 1114692, 407619, 178307, 600398, 134238, 39.6, 47.0, 1.01
A, 811785, 411801, 1125356, 1114167, 407594, 178234, 600337, 134153, 39.6, 47.0, 0.99
A, 811670, 411586, 1125232, 1114146, 407497, 178178, 600227, 134189, 39.6, 47.0, 1.00
A, 811438, 411685, 1124800, 1113626, 407541, 178170, 600260, 134160, 39.6, 47.0, 1.00
A, 811408, 411535, 1124917, 1113564, 407409, 178096, 600101, 134103, 39.6, 47.0, 1.01
A, 811494, 411556, 1125101, 1113901, 407420, 178181, 600170, 134109, 39.6, 47.0, 1.01
A, 811509, 411554, 1125042, 1113833, 407445, 178123, 600077, 134136, 39.6, 47.0, 1.00
A, 813214, 411786, 1127691, 1116070, 407744, 178429, 600511, 134525, 39.6, 47.0, 0.99
A, 813499, 412011, 1128003, 1116160, 407867, 178480, 600641, 134495, 39.6, 47.0, 1.00
A, 813153, 411875, 1127805, 1115726, 407820, 178387, 600524, 134421, 39.6, 47.0, 1.00
A, 812645, 411869, 1127175, 1115259, 407689, 178352, 600412, 134311, 39.6, 47.0, 1.00
A, 812657, 411824, 1127172, 1115125, 407658, 178336, 600404, 134313, 39.6, 47.0, 0.99
A, 812444, 411788, 1126905, 1115009, 407650, 178279, 600301, 134268, 39.6, 47.0, 1.00
A, 812061, 411704, 1126255, 1114268, 407535, 178116, 600195, 134217, 39.6, 47.0, 1.00
A, 811752, 411555, 1125709, 1113724, 407433, 178088, 600035, 134131, 39.6, 47.0, 0.99
A, 811325, 411515, 1125651, 1113701, 407323, 178082, 599974, 134126, 39.6, 47.0, 1.01
A, 811460, 411466, 1125815, 1113874, 407317, 178108, 600056, 134168, 39.6, 47.0, 1.00
A, 811186, 411413, 1125451, 1113523, 407300, 178038, 599973, 134156, 39.6, 47.0, 1.00
A, 811625, 411455, 1125766, 1113765, 407325, 178072, 600020, 134217, 39.5, 47.0, 1.00
A, 811437, 411406, 1125709, 1113471, 407351, 178003, 600007, 134144, 39.5, 47.0, 1.00
A, 811140, 411366, 1125336, 1113316, 407264, 177960, 599968, 134135, 39.6, 47.0, 1.01
A, 811240, 411356, 1125517, 1113359, 407249, 177909, 599948, 134159, 39.6, 47.0, 1.00
A, 810922, 411349, 1124971, 1112998, 407239, 177951, 599873, 134133, 39.6, 47.0, 1.01
A, 810794, 411256, 1124880, 1113015, 407169, 177923, 599857, 134117, 39.6, 47.0, 1.00
A, 810857, 411320, 1124888, 1112852, 407264, 177830, 599823, 134072, 39.6, 47.0, 1.01
A, 810764, 411227, 1124629, 1112598, 407126, 177842, 599795, 134070, 39.6, 47.0, 0.99
A, 810708, 411259, 1124595, 1112780, 407186, 177825, 599758, 134039, 39.6, 47.0, 1.00
A, 812484, 411388, 1127550, 1115233, 407454, 178134, 600212, 134416, 39.6, 47.0, 1.00
A, 812560, 411548, 1127354, 1115003, 407544, 178092, 600205, 134400, 39.6, 47.0, 1.00
A, 812511, 411592, 1127371, 1114951, 407549, 178146, 600189, 134373, 39.6, 47.0, 1.01
A, 812491, 411622, 1127119, 1114622, 407532, 178038, 600142, 134293, 39.6, 47.0, 1.00
A, 812095, 411537, 1126669, 1114180, 407419, 177969, 600023, 134236, 39.6, 47.0, 1.00
A, 812143, 411576, 1126866, 1114431, 407415, 178048, 600039, 134217, 39.6, 47.0, 0.99
A, 811756, 411520, 1126354, 1114015, 407365, 178015, 599976, 134237, 39.6, 47.0, 1.01
A, 812036, 411561, 1126675, 1114067, 407360, 177956, 599985, 134235, 39.6, 47.0, 1.00
A, 811812, 411512, 1126512, 1113894, 407328, 178008, 599909, 134261, 39.5, 47.1, 1.00
A, 811736, 411486, 1126560, 1113932, 407273, 177926, 599916, 134203, 39.5, 47.1, 1.01
A, 811432, 411502, 1126107, 1113564, 407278, 177890, 599869, 134181, 39.5, 47.1, 0.99
A, 811405, 411336, 1126013, 1113469, 407200, 177816, 599807, 134146, 39.5, 47.1, 0.99
A, 811400, 411410, 1126062, 1113611, 407213, 177831, 599825, 134195, 39.5, 47.0, 1.00
A, 811284, 411304, 1125980, 1113385, 407135, 177778, 599744, 134196, 39.5, 47.0, 1.00
A, 811515, 411396, 1126064, 1113193, 407200, 177702, 599751, 134146, 39.6, 47.1, 0.98
A, 811219, 411274, 1125945, 1113254, 407133, 177749, 599705, 134144, 39.6, 47.1, 1.01
A, 810781, 411272, 1125408, 1112769, 407131, 177680, 599642, 134074, 39.5, 47.1, 0.99
A, 810813, 411119, 1125270, 1112686, 406903, 177635, 599562, 134069, 39.5, 47.1, 1.01
A, 810531, 411301, 1124868, 1112355, 407032, 177631, 599576, 134042, 39.6, 47.1, 1.00
A, 810516, 411076, 1124810, 1112199, 406893, 177581, 599504, 134034, 39.6, 47.1, 1.00
A, 812369, 411236, 1127789, 1114744, 407300, 177935, 599936, 134374, 39.6, 47.1, 1.00
A, 812377, 411486, 1127717, 1114469, 407338, 177895, 600007, 134340, 39.6, 47.1, 0.99
A, 812052, 411398, 1127306, 1114290, 407335, 177902, 599863, 134294, 39.6, 47.1, 1.00
A, 812208, 411489, 1127595, 1114491, 407325, 177925, 599929, 134344, 39.6, 47.1, 1.01
A, 811919, 411424, 1127151, 1113971, 407254, 177828, 599858, 134226, 39.6, 47.1, 1.01
A, 811679, 411367, 1126748, 1113547, 407179, 177777, 599784, 134211, 39.6, 47.1, 0.99
A, 811211, 411309, 1126326, 1113343, 407114, 177689, 599664, 134158, 39.6, 47.1, 0.99
A, 811328, 411359, 1126678, 1113636, 407147, 177779, 599692, 134213, 39.6, 47.1, 1.00
A, 811180, 411356, 1126352, 1113287, 407054, 177718, 599627, 134203, 39.6, 47.1, 1.00
A, 811474, 411265, 1126614, 1113530, 407118, 177736, 599628, 134219, 39.6, 47.1, 1.00
A, 811470, 411329, 1126352, 1113183, 407154, 177709, 599672, 134201, 39.6, 47.1, 0.99
A, 810791, 411200, 1125696, 1112465, 407024, 177570, 599494, 134061, 39.5, 47.1, 1.00
A, 810354, 411007, 1125123, 1112290, 406855, 177500, 599380, 133963, 39.5, 47.1, 1.00
A, 810654, 411103, 1125491, 1112632, 406947, 177601, 599405, 134159, 39.5, 47.1, 1.01
A, 810692, 411056, 1125407, 1112444, 406950, 177530, 599453, 134164, 39.5, 47.1, 0.99
A, 811123, 411183, 1126030, 1112846, 407062, 177524, 599516, 134189, 39.5, 47.1, 0.99
A, 810958, 411090, 1125905, 1112766, 406934, 177589, 599476, 134094, 39.5, 47.1, 0.99
A, 810808, 411111, 1125541, 1112337, 406986, 177457, 599477, 134132, 39.5, 47.1, 0.99
A, 810719, 411037, 1125579, 1112626, 406909, 177478, 599441, 134084, 39.5, 47.1, 1.01
A, 810971, 411079, 1125983, 1112810, 406934, 177553, 599520, 134195, 39.5, 47.1, 1.00
A, 812898, 411411, 1129036, 1115349, 407325, 177927, 599892, 134533, 39.5, 47.1, 1.00
A, 812868, 411541, 1128844, 1114968, 407314, 177750, 599866, 134419, 39.5, 47.1, 0.99
A, 812265, 411458, 1128148, 1114356, 407303, 177772, 599800, 134295, 39.5, 47.1, 1.01
A, 811853, 411367, 1127518, 1113946, 407139, 177663, 599725, 134272, 39.5, 47.1, 1.00
A, 811784, 411344, 1127584, 1113944, 407157, 177732, 599655, 134288, 39.5, 47.1, 1.00
A, 811567, 411360, 1127435, 1113757, 407072, 177674, 599603, 134293, 39.5, 47.1, 1.00
A, 811802, 411329, 1127651, 1113887, 407190, 177765, 599657, 134294, 39.5, 47.1, 0.99
A, 811865, 411314, 1127532, 1113662, 407142, 177665, 599572, 134298, 39.5, 47.1, 0.99
A, 811387, 411262, 1127312, 1113412, 407052, 177575, 599517, 134183, 39.6, 47.1, 1.01
A, 811393, 411293, 1127319, 1113495, 407081, 177634, 599538, 134222, 39.6, 47.1, 1.00
A, 811283, 411269, 1127182, 1113416, 406997, 177632, 599547, 134216, 39.5, 47.1, 1.01
A, 811511, 411341, 1127383, 1113296, 407022, 177596, 599493, 134142, 39.5, 47.1, 1.01
A, 811127, 411206, 1126822, 1112750, 406997, 177511, 599447, 134165, 39.5, 47.1, 0.99
A, 810829, 411117, 1126597, 1112637, 406861, 177472, 599341, 134157, 39.5, 47.1, 1.00
A, 810777, 411096, 1126729, 1112810, 406970, 177514, 599421, 134196, 39.5, 47.1, 1.01
A, 810818, 411062, 1126603, 1112644, 406830, 177514, 599310, 134183, 39.5, 47.1, 0.99
A, 810820, 411101, 1126679, 1112570, 406944, 177482, 599382, 134164, 39.5, 47.1, 1.01
A, 810790, 411023, 1126335, 1112330, 406834, 177387, 599263, 134113, 39.5, 47.1, 1.01
A, 810401, 410973, 1125967, 1111998, 406807, 177336, 599289, 134024, 39.5, 47.1, 0.99
A, 810263, 410881, 1125896, 1111996, 406739, 177330, 599125, 134056, 39.5, 47.1, 1.00
M, 807972, 410610, 1121244, 1107263, 406395, 176558, 598635, 133169, 39.5, 47.1, 0.00
M, 798722, 408547, 1107714, 1096702, 403939, 174898, 595647, 131706, 39.6, 47.1, 0.58
M, 790447, 406004, 1094635, 1085917, 401420, 173125, 592716, 130267, 39.6, 47.1, 0.72
M, 784113, 403992, 1084181, 1077659, 399710, 171655, 591034, 129272, 39.6, 47.1, 0.81
M, 779534, 402728, 1075576, 1071477, 398747, 170498, 590332, 128511, 39.6, 47.1, 0.87
M, 776375, 401865, 1068555, 1066743, 398161, 169409, 590107, 127929, 39.6, 47.0, 0.91
M, 774119, 401238, 1062233, 1062963, 397776, 168538, 590048, 127428, 39.6, 47.0, 0.95
M, 773013, 400813, 1057317, 1060533, 397667, 167892, 590095, 127036, 39.6, 47.0, 0.96
M, 772570, 400396, 1052536, 1058351, 397468, 167094, 590208, 126725, 39.6, 47.0, 0.97
M, 772403, 400129, 1048670, 1057202, 397371, 166525, 590292, 126456, 39.6, 46.9, 0.99
M, 772446, 399805, 1045375, 1056688, 397337, 166064, 590376, 126376, 39.6, 46.9, 0.99
M, 773324, 399605, 1043278, 1057117, 397404, 165698, 590623, 126234, 39.6, 46.9, 0.99
M, 774416, 399406, 1041391, 1057540, 397395, 165443, 590806, 126240, 39.6, 46.9, 0.98
M, 775783, 399274, 1040145, 1058698, 397680, 165294, 591147, 126223, 39.6, 46.9, 1.00
M, 777121, 399036, 1038412, 1059454, 397732, 164946, 591438, 126138, 39.6, 46.9, 1.00
M, 778169, 398798, 1037235, 1060358, 397892, 164757, 591677, 126157, 39.6, 46.8, 1.00
M, 779523, 398698, 1036493, 1061932, 398149, 164716, 592091, 126171, 39.6, 46.8, 1.00
M, 780704, 398416, 1035277, 1063123, 398332, 164518, 592424, 126131, 39.6, 46.8, 0.99
M, 781832, 398336, 1034742, 1064264, 398562, 164488, 592699, 126231, 39.6, 46.8, 1.00
M, 783265, 398251, 1034334, 1066252, 398925, 164408, 593305, 126220, 39.6, 46.8, 1.01
M, 785707, 398356, 1036058, 1069245, 399331, 164635, 593946, 126497, 39.6, 46.8, 0.99
M, 787197, 398454, 1036150, 1070686, 399842, 164586, 594481, 126556, 39.6, 46.8, 1.01
M, 788241, 398505, 1035961, 1072146, 400065, 164644, 594937, 126609, 39.6, 46.8, 1.00
M, 789202, 398479, 1035642, 1073461, 400349, 164587, 595320, 126667, 39.6, 46.8, 1.00
M, 790638, 398534, 1035703, 1075181, 400823, 164633, 595925, 126734, 39.6, 46.8, 0.99
M, 791423, 398517, 1035558, 1076468, 401055, 164649, 596349, 126744, 39.6, 46.8, 1.00
M, 792355, 398626, 1035518, 1077822, 401403, 164720, 596784, 126742, 39.6, 46.8, 1.00
M, 792942, 398652, 1035238, 1078893, 401663, 164688, 597216, 126845, 39.6, 46.8, 1.00
M, 794122, 398779, 1035630, 1080538, 402115, 164751, 597797, 126911, 39.6, 46.8, 1.01
M, 795188, 398960, 1035690, 1081703, 402472, 164766, 598225, 126912, 39.6, 46.8, 1.01
M, 795831, 399079, 1035516, 1082617, 402786, 164801, 598673, 126928, 39.6, 46.8, 0.99
M, 796510, 399122, 1035331, 1083823, 403100, 164852, 599089, 127014, 39.6, 46.8, 0.99
M, 797515, 399307, 1036081, 1085223, 403532, 164895, 599624, 127078, 39.6, 46.8, 1.01
M, 797983, 399440, 1035898, 1086246, 403751, 164934, 599997, 127147, 39.6, 46.8, 1.01
M, 799121, 399747, 1036532, 1087796, 404196, 165085, 600566, 127251, 39.6, 46.8, 0.99
M, 800185, 399975, 1036936, 1088979, 404528, 165034, 601026, 127224, 39.6, 46.8, 0.99
M, 800705, 400118, 1036803, 1089935, 404910, 165129, 601500, 127270, 39.6, 46.8, 1.01
M, 801209, 400336, 1037023, 1091081, 405201, 165211, 601896, 127346, 39.6, 46.8, 1.01
M, 801935, 400632, 1036848, 1091691, 405621, 165210, 602447, 127364, 39.6, 46.8, 0.99
M, 802393, 400672, 1037019, 1092731, 405744, 165236, 602719, 127438, 39.6, 46.8, 1.00
M, 805555, 401536, 1040728, 1096868, 406792, 165776, 603893, 127832, 39.6, 46.8, 0.99
M, 805923, 401782, 1040460, 1097115, 406980, 165694, 604081, 127767, 39.6, 46.8, 1.00
M, 806159, 401949, 1040492, 1097946, 407159, 165760, 604470, 127702, 39.6, 46.8, 1.01
M, 806526, 402106, 1040316, 1098518, 407442, 165712, 604744, 127736, 39.6, 46.8, 1.00
M, 806593, 402310, 1040095, 1099026, 407701, 165824, 605075, 127807, 39.6, 46.8, 1.01
M, 807376, 402622, 1040422, 1099933, 408011, 165879, 605445, 127855, 39.6, 46.8, 1.01
M, 807844, 402836, 1040662, 1100742, 408289, 165880, 605875, 127814, 39.6, 46.8, 1.00
M, 808007, 402988, 1040466, 1101165, 408496, 165903, 606116, 127840, 39.6, 46.8, 1.00
M, 808235, 403100, 1040297, 1101608, 408603, 165844, 606372, 127837, 39.6, 46.8, 1.00
M, 808868, 403364, 1040820, 1102621, 408984, 166036, 606723, 127910, 39.6, 46.8, 1.00
M, 809143, 403538, 1040763, 1103168, 409210, 166001, 607080, 127895, 39.6, 46.8, 1.00
M, 809836, 403803, 1041306, 1104115, 409472, 166106, 607395, 127947, 39.6, 46.8, 1.00
M, 810329, 404075, 1041646, 1105075, 409820, 166144, 607848, 127992, 39.6, 46.8, 1.00
M, 810084, 404306, 1041076, 1105197, 410036, 166139, 608075, 127901, 39.6, 46.8, 1.00
M, 810692, 404447, 1041494, 1106021, 410258, 166229, 608378, 128026, 39.6, 46.8, 1.00
M, 811149, 404600, 1041627, 1106584, 410486, 166297, 608698, 128090, 39.6, 46.8, 1.01
M, 811893, 404989, 1042128, 1107336, 410779, 166305, 609103, 128071, 39.6, 46.8, 1.00
M, 811964, 405171, 1041942, 1107670, 410906, 166272, 609339, 128071, 39.6, 46.8, 1.00
M, 812016, 405290, 1041775, 1108064, 411096, 166303, 609556, 128122, 39.6, 46.8, 1.00
M, 811908, 405407, 1041368, 1108153, 411276, 166282, 609813, 128001, 39.6, 46.8, 1.01
M, 812562, 405539, 1042135, 1109301, 411398, 166445, 610029, 128158, 39.6, 46.8, 0.99
M, 813327, 405976, 1042569, 1110011, 411871, 166452, 610526, 128223, 39.6, 46.8, 1.00
M, 813468, 406044, 1042672, 1110447, 411879, 166428, 610651, 128146, 39.6, 46.8, 1.00
M, 813911, 406240, 1043001, 1111204, 412150, 166572, 610954, 128212, 39.6, 46.8, 1.00
M, 814211, 406476, 1043199, 1111772, 412408, 166558, 611284, 128259, 39.6, 46.8, 0.99
M, 814551, 406551, 1043425, 1112166, 412585, 166648, 611469, 128315, 39.6, 46.8, 0.99
M, 815249, 406829, 1044084, 1113231, 412817, 166698, 611857, 128310, 39.6, 46.8, 1.00
M, 815385, 406989, 1044226, 1113634, 413060, 166706, 612032, 128338, 39.6, 46.8, 1.00
M, 815635, 407166, 1044070, 1113890, 413158, 166764, 612271, 128348, 39.6, 46.8, 1.00
M, 815764, 407293, 1044312, 1114505, 413311, 166743, 612471, 128357, 39.6, 46.8, 0.99
M, 816231, 407459, 1044794, 1115150, 413564, 166811, 612832, 128386, 39.6, 46.8, 1.01
M, 816309, 407669, 1044783, 1115492, 413728, 166872, 613039, 128458, 39.6, 46.8, 1.00
M, 817071, 407891, 1045375, 1116334, 413972, 166999, 613330, 128540, 39.6, 46.8, 1.01
M, 817361, 408100, 1045852, 1116858, 414222, 167022, 613593, 128482, 39.6, 46.8, 1.00
M, 817363, 408182, 1045770, 1117097, 414261, 167044, 613732, 128452, 39.6, 46.8, 1.00
M, 817842, 408433, 1046230, 1117680, 414507, 167120, 614005, 128575, 39.6, 46.8, 1.01
M, 818021, 408595, 1046318, 1118208, 414606, 167144, 614230, 128549, 39.6, 46.8, 0.99
M, 818160, 408697, 1046459, 1118472, 414820, 167199, 614382, 128618, 39.6, 46.8, 0.99
M, 818800, 408912, 1046787, 1118853, 415017, 167209, 614674, 128562, 39.6, 46.8, 1.00
M, 818749, 408990, 1046961, 1119381, 415045, 167218, 614814, 128562, 39.6, 46.8, 0.99
M, 820878, 409562, 1049926, 1122269, 415674, 167648, 615529, 128944, 39.6, 46.8, 1.00
M, 820747, 409670, 1049724, 1122109, 415851, 167643, 615626, 128836, 39.6, 46.8, 1.00
M, 820182, 409819, 1048866, 1121620, 415928, 167528, 615672, 128753, 39.6, 46.8, 1.01
M, 820132, 409824, 1048604, 1121431, 415812, 167481, 615725, 128694, 39.6, 46.8, 1.00
M, 820172, 409863, 1048675, 1121896, 415945, 167566, 615891, 128721, 39.6, 46.8, 1.00
M, 820215, 409930, 1048675, 1121962, 416084, 167579, 616006, 128740, 39.6, 46.8, 1.00
M, 820042, 410047, 1048591, 1122091, 416155, 167599, 616073, 128730, 39.6, 46.8, 1.00
M, 820490, 410236, 1049166, 1122698, 416321, 167636, 616418, 128767, 39.6, 46.8, 1.00
M, 820585, 410315, 1049160, 1122655, 416452, 167599, 616566, 128841, 39.6, 46.8, 1.00
M, 820612, 410349, 1049029, 1122743, 416547, 167644, 616714, 128728, 39.6, 46.8, 1.00
M, 820737, 410506, 1049366, 1123453, 416694, 167718, 616880, 128787, 39.6, 46.8, 1.00
M, 820641, 410558, 1049314, 1123504, 416775, 167714, 617033, 128802, 39.6, 46.8, 1.00
M, 820890, 410598, 1049480, 1123573, 416881, 167793, 617109, 128838, 39.6, 46.8, 1.00
M, 821250, 410798, 1050129, 1124462, 417010, 167823, 617396, 128926, 39.6, 46.8, 1.00
M, 821497, 410834, 1050144, 1124457, 417188, 167901, 617563, 128857, 39.6, 46.8, 0.99
M, 821495, 411062, 1050076, 1124538, 417280, 167900, 617669, 128873, 39.6, 46.8, 1.00
M, 821589, 411109, 1050455, 1125183, 417344, 167895, 617795, 128899, 39.6, 46.8, 1.01
M, 821699, 411119, 1050653, 1125412, 417509, 167965, 617997, 128881, 39.6, 46.9, 0.98
M, 821919, 411192, 1050820, 1125688, 417610, 167957, 618074, 128991, 39.6, 46.9, 1.01
M, 822234, 411413, 1051064, 1125880, 417824, 167958, 618355, 128919, 39.6, 46.9, 0.99
M, 823797, 411663, 1053563, 1128157, 418156, 168313, 618787, 129187, 39.6, 46.9, 1.00
M, 823492, 412017, 1052856, 1127766, 418319, 168241, 618963, 129138, 39.6, 46.9, 1.01
M, 823296, 411864, 1052846, 1127652, 418254, 168256, 618949, 129068, 39.6, 46.9, 1.00
M, 823373, 411942, 1053010, 1127997, 418322, 168293, 619056, 129144, 39.6, 46.9, 1.00
M, 823388, 411995, 1053171, 1128208, 418456, 168396, 619113, 129182, 39.6, 46.9, 1.00
M, 823553, 412049, 1053298, 1128196, 418481, 168297, 619211, 129054, 39.6, 46.9, 1.01
M, 823311, 412143, 1052929, 1127915, 418528, 168302, 619340, 129064, 39.6, 46.9, 1.01
M, 823042, 412090, 1052811, 1128002, 418526, 168286, 619399, 129049, 39.6, 46.9, 1.00
M, 823266, 412119, 1053120, 1128445, 418654, 168349, 619585, 129074, 39.6, 46.9, 0.99
M, 823345, 412203, 1053188, 1128437, 418760, 168386, 619638, 129083, 39.6, 46.9, 0.99
M, 823596, 412339, 1053668, 1128973, 418930, 168406, 619857, 129125, 39.6, 46.9, 1.00
M, 823279, 412237, 1053240, 1128608, 418919, 168337, 619842, 129040, 39.6, 46.9, 1.00
M, 823302, 412268, 1053115, 1128532, 418945, 168317, 619927, 129032, 39.6, 46.9, 0.99
M, 823418, 412322, 1053569, 1129013, 419069, 168338, 620010, 129025, 39.6, 46.9, 1.00
M, 823482, 412354, 1053672, 1129240, 419141, 168463, 620205, 129055, 39.6, 46.9, 0.99
M, 823805, 412480, 1054089, 1129621, 419197, 168522, 620352, 129144, 39.6, 46.9, 1.00
M, 823962, 412477, 1054275, 1129826, 419451, 168594, 620510, 129200, 39.6, 46.9, 0.99
M, 824366, 412749, 1055072, 1130487, 419561, 168640, 620673, 129200, 39.6, 46.9, 1.00
M, 824222, 412736, 1054986, 1130343, 419606, 168608, 620818, 129213, 39.6, 46.9, 0.99
M, 824200, 412728, 1054888, 1130342, 419668, 168637, 620822, 129208, 39.6, 46.9, 1.01
M, 826007, 413177, 1057652, 1132817, 420150, 168951, 621420, 129480, 39.6, 46.9, 1.01
M, 825783, 413261, 1057227, 1132310, 420186, 168925, 621493, 129427, 39.6, 46.9, 1.00
M, 825287, 413291, 1056696, 1131833, 420134, 168864, 621420, 129304, 39.6, 46.9, 1.01
M, 825130, 413274, 1056616, 1131983, 420085, 168918, 621422, 129317, 39.6, 46.9, 1.00
M, 825075, 413274, 1056691, 1132097, 420172, 168928, 621548, 129336, 39.6, 46.9, 1.00
M, 825059, 413315, 1056829, 1132180, 420248, 168899, 621587, 129328, 39.6, 46.9, 0.99
M, 825088, 413268, 1056649, 1131888, 420261, 168864, 621697, 129294, 39.6, 46.9, 1.01
M, 824874, 413336, 1056623, 1131937, 420243, 168876, 621708, 129290, 39.6, 46.9, 1.00
M, 825022, 413335, 1057056, 1132193, 420369, 168942, 621844, 129280, 39.6, 46.9, 1.00
M, 825115, 413391, 1056833, 1132205, 420494, 168951, 621822, 129312, 39.6, 46.9, 1.00
M, 824992, 413344, 1056966, 1132190, 420451, 168954, 621971, 129289, 39.6, 46.9, 1.00
M, 825277, 413477, 1057441, 1132621, 420579, 169029, 622152, 129319, 39.6, 46.9, 1.01
M, 825328, 413413, 1057449, 1132474, 420625, 168959, 622170, 129292, 39.6, 46.9, 1.00
M, 825261, 413459, 1057248, 1132365, 420678, 168978, 622287, 129299, 39.6, 46.9, 1.00
M, 825044, 413463, 1057327, 1132580, 420645, 168953, 622271, 129308, 39.6, 46.9, 0.99
M, 825273, 413559, 1057652, 1133011, 420774, 169018, 622375, 129296, 39.6, 46.9, 1.00
M, 825261, 413523, 1057650, 1132735, 420799, 169040, 622516, 129366, 39.6, 46.9, 0.99
M, 825538, 413546, 1058265, 1133362, 420958, 169126, 622642, 129391, 39.6, 46.9, 1.00
M, 825607, 413571, 1058281, 1133289, 421034, 169104, 622774, 129353, 39.6, 46.9, 1.00
M, 825466, 413695, 1058030, 1133088, 421009, 169116, 622819, 129369, 39.6, 46.9, 1.01
M, 827152, 413886, 1060760, 1135593, 421438, 169390, 623250, 129643, 39.6, 46.9, 0.99
M, 826853, 414115, 1060402, 1135046, 421606, 169389, 623394, 129589, 39.6, 46.9, 1.00
M, 826541, 413932, 1060091, 1134899, 421528, 169402, 623304, 129555, 39.6, 46.9, 0.99
M, 826325, 413981, 1059811, 1134512, 421526, 169325, 623327, 129396, 39.6, 46.9, 0.99
M, 826086, 413933, 1059582, 1134280, 421426, 169316, 623292, 129399, 39.6, 46.9, 1.01
M, 826217, 413975, 1059698, 1134499, 421525, 169359, 623441, 129463, 39.6, 46.9, 1.00
M, 826222, 413963, 1059661, 1134480, 421608, 169341, 623465, 129437, 39.6, 46.9, 1.00
M, 826071, 413981, 1059911, 1134493, 421616, 169388, 623458, 129452, 39.6, 46.9, 1.00
M, 826289, 414084, 1060231, 1134833, 421743, 169430, 623670, 129507, 39.6, 46.9, 1.00
M, 826444, 414082, 1060494, 1134740, 421749, 169381, 623668, 129471, 39.6, 46.9, 1.00
M, 826207, 414097, 1060303, 1134722, 421758, 169390, 623686, 129464, 39.6, 46.9, 1.00
M, 826052, 414094, 1060189, 1134755, 421753, 169471, 623734, 129449, 39.6, 46.9, 1.01
M, 826402, 414223, 1060730, 1135124, 421971, 169545, 623913, 129514, 39.6, 46.9, 0.99
M, 826469, 414181, 1060866, 1135244, 421941, 169558, 623944, 129573, 39.6, 46.9, 1.01
M, 826847, 414223, 1061502, 1135852, 422092, 169580, 624134, 129587, 39.6, 47.0, 0.99
M, 826926, 414284, 1061638, 1135784, 422135, 169582, 624198, 129552, 39.6, 47.0, 0.99
M, 826853, 414326, 1061435, 1135565, 422143, 169596, 624286, 129571, 39.6, 46.9, 1.00
M, 826918, 414353, 1061784, 1136017, 422221, 169675, 624348, 129547, 39.6, 46.9, 1.01
M, 826856, 414322, 1061879, 1136057, 422212, 169629, 624364, 129561, 39.6, 47.0, 1.00
M, 827229, 414381, 1062297, 1136010, 422391, 169684, 624532, 129585, 39.6, 47.0, 1.00
M, 828853, 414754, 1064906, 1138357, 422695, 170015, 624978, 129885, 39.6, 47.0, 0.99
M, 828738, 414909, 1064930, 1138424, 422870, 170036, 625094, 129829, 39.6, 47.0, 0.99
M, 828072, 414935, 1063811, 1137399, 422780, 169950, 624972, 129770, 39.6, 47.0, 1.01
M, 827617, 414701, 1063622, 1137035, 422595, 169917, 624888, 129730, 39.6, 47.0, 0.99
M, 827289, 414801, 1063218, 1136691, 422686, 169810, 624943, 129694, 39.6, 47.0, 1.01
M, 827006, 414709, 1062984, 1136420, 422645, 169866, 624872, 129601, 39.6, 47.0, 1.01
M, 827224, 414597, 1063404, 1136866, 422620, 169900, 624962, 129583, 39.6, 47.0, 1.01
M, 827203, 414697, 1063377, 1136769, 422650, 169821, 624964, 129631, 39.6, 47.0, 0.99
M, 826967, 414666, 1063295, 1136600, 422710, 169907, 625032, 129703, 39.6, 47.0, 1.00
M, 827278, 414752, 1063939, 1137063, 422860, 169981, 625162, 129683, 39.6, 47.0, 1.01
M, 827361, 414755, 1063969, 1136997, 422779, 169922, 625250, 129668, 39.6, 47.0, 1.01
M, 827216, 414717, 1063799, 1136738, 422855, 169937, 625242, 129630, 39.6, 47.0, 0.99
M, 827234, 414673, 1063789, 1136810, 422831, 169910, 625288, 129662, 39.6, 47.0, 1.00
M, 827423, 414738, 1064352, 1137057, 422977, 169930, 625384, 129684, 39.6, 47.0, 1.00
M, 827350, 414737, 1064295, 1137168, 422994, 169986, 625442, 129653, 39.6, 47.0, 0.99
M, 827659, 414839, 1064821, 1137685, 423059, 170117, 625596, 129755, 39.6, 47.0, 1.00
M, 827869, 414840, 1065176, 1137618, 423179, 170020, 625662, 129678, 39.6, 47.0, 1.00
M, 827679, 414841, 1065078, 1137591, 423211, 170040, 625686, 129680, 39.6, 47.0, 0.99
M, 827797, 414912, 1065327, 1137958, 423209, 170123, 625744, 129816, 39.6, 47.0, 1.00
M, 827597, 414923, 1065206, 1137945, 423274, 170168, 625771, 129781, 39.6, 47.0, 1.01
M, 829510, 415155, 1067990, 1140177, 423647, 170452, 626241, 130054, 39.6, 47.0, 0.99
M, 829481, 415313, 1067847, 1139802, 423770, 170420, 626337, 129969, 39.6, 47.0, 0.99
M, 829010, 415204, 1067261, 1139257, 423646, 170320, 626257, 129891, 39.6, 47.0, 1.00
M, 828589, 415365, 1066940, 1138941, 423672, 170297, 626223, 129890, 39.6, 47.0, 1.01
M, 828141, 415205, 1066496, 1138599, 423469, 170230, 626096, 129776, 39.6, 47.0, 0.99
M, 827795, 415285, 1065842, 1137766, 423564, 170222, 626159, 129684, 39.6, 47.0, 1.01
M, 827670, 415077, 1065914, 1137759, 423481, 170220, 626117, 129704, 39.6, 47.0, 1.01
M, 827866, 415100, 1066396, 1138306, 423560, 170279, 626145, 129756, 39.6, 47.0, 1.00
M, 827674, 415064, 1066332, 1138161, 423540, 170157, 626214, 129735, 39.6, 47.0, 1.00
M, 827755, 414995, 1066222, 1138094, 423555, 170278, 626199, 129807, 39.6, 47.0, 1.00
M, 828081, 415156, 1067030, 1138535, 423633, 170277, 626357, 129838, 39.6, 47.0, 1.00
M, 828242, 415209, 1067123, 1138514, 423732, 170295, 626513, 129775, 39.6, 47.0, 1.00
M, 828092, 415094, 1067070, 1138417, 423780, 170339, 626487, 129756, 39.6, 47.0, 1.00
M, 827965, 415104, 1067073, 1138590, 423732, 170389, 626453, 129776, 39.6, 47.0, 1.01
M, 828259, 415156, 1067641, 1138923, 423791, 170385, 626631, 129838, 39.6, 47.0, 1.00
M, 828143, 415107, 1067495, 1138889, 423850, 170412, 626629, 129882, 39.6, 47.0, 1.00
M, 828522, 415304, 1068196, 1139394, 423948, 170533, 626786, 129916, 39.6, 47.0, 1.00
M, 828769, 415302, 1068483, 1139327, 424071, 170449, 626871, 129851, 39.6, 47.0, 0.99
M, 828586, 415266, 1068372, 1139262, 424066, 170489, 626880, 129824, 39.6, 47.0, 0.99
M, 828775, 415306, 1068509, 1139524, 424108, 170553, 626953, 129866, 39.6, 47.0, 1.01
M, 830640, 415588, 1071554, 1141955, 424455, 170879, 627379, 130252, 39.6, 47.0, 1.01
M, 830678, 415803, 1071726, 1141980, 424564, 170838, 627494, 130221, 39.6, 47.0, 1.00
M, 830060, 415877, 1071018, 1141314, 424478, 170806, 627460, 130093, 39.6, 47.0, 1.01
M, 829860, 415752, 1070799, 1140878, 424425, 170758, 627341, 130018, 39.6, 47.0, 0.99
M, 829352, 415753, 1070326, 1140423, 424454, 170749, 627352, 129935, 39.6, 47.0, 0.99
M, 829092, 415629, 1070123, 1140312, 424302, 170689, 627245, 129942, 39.6, 47.0, 1.00
M, 829275, 415622, 1070606, 1140487, 424386, 170771, 627358, 130017, 39.6, 47.0, 1.01
M, 829331, 415726, 1070649, 1140480, 424415, 170821, 627371, 130016, 39.6, 47.0, 0.99
M, 828994, 415657, 1070576, 1140296, 424462, 170805, 627397, 130005, 39.6, 47.0, 1.00
M, 828943, 415579, 1070415, 1140036, 424448, 170664, 627373, 129851, 39.6, 47.0, 0.99
M, 828572, 415515, 1070065, 1139771, 424364, 170704, 627305, 129863, 39.6, 47.0, 1.00
M, 828818, 415544, 1070544, 1140188, 424453, 170731, 627388, 129893, 39.6, 47.0, 1.00
M, 828750, 415490, 1070538, 1140008, 424487, 170786, 627431, 129980, 39.6, 47.0, 1.01
M, 829098, 415656, 1071136, 1140532, 424501, 170787, 627566, 130055, 39.6, 47.0, 1.00
M, 829227, 415635, 1071531, 1140676, 424582, 170821, 627664, 129950, 39.6, 47.0, 1.00
M, 829188, 415673, 1071454, 1140529, 424624, 170853, 627636, 129984, 39.6, 47.0, 1.00
M, 828980, 415557, 1071146, 1140323, 424610, 170818, 627565, 129954, 39.6, 47.0, 1.01
M, 829294, 415613, 1071826, 1140578, 424640, 170912, 627708, 130031, 39.6, 47.0, 1.00
M, 829003, 415599, 1071559, 1140235, 424657, 170870, 627647, 129913, 39.6, 47.0, 1.01
M, 828677, 415539, 1071171, 1139854, 424631, 170780, 627645, 129911, 39.6, 47.0, 1.00
M, 830494, 415697, 1074027, 1142315, 424851, 171070, 628025, 130205, 39.6, 47.0, 0.99
M, 830526, 415921, 1074167, 1142301, 425042, 171111, 628140, 130183, 39.6, 47.0, 1.00
M, 830065, 415839, 1073776, 1141899, 424966, 171114, 628043, 130128, 39.6, 47.0, 1.00
M, 830058, 415999, 1073622, 1141364, 425079, 171149, 628146, 130123, 39.6, 47.0, 0.99
M, 829603, 415764, 1073279, 1141086, 424879, 171090, 628070, 130060, 39.6, 47.0, 1.00
M, 829089, 415843, 1072778, 1140723, 424841, 171088, 628062, 130015, 39.6, 47.0, 1.00
M, 828919, 415618, 1072437, 1140361, 424756, 170990, 627878, 129939, 39.6, 47.0, 0.99
M, 828972, 415678, 1073021, 1140705, 424855, 171060, 627982, 130084, 39.6, 47.0, 1.01
M, 829062, 415665, 1073229, 1140811, 424874, 171108, 628012, 130091, 39.6, 47.0, 1.00
M, 829245, 415643, 1073155, 1140496, 424947, 171019, 628078, 130016, 39.6, 47.0, 0.99
M, 829007, 415634, 1073071, 1140205, 424854, 170947, 628048, 130049, 39.6, 47.0, 1.00
M, 828755, 415500, 1073014, 1140390, 424794, 171046, 628013, 129898, 39.6, 47.0, 1.00
M, 828964, 415564, 1073514, 1140614, 424937, 171078, 628119, 130008, 39.6, 47.0, 1.00
M, 828953, 415553, 1073367, 1140501, 424853, 171018, 628164, 130046, 39.6, 47.0, 0.99
M, 829253, 415563, 1074043, 1140873, 424997, 171126, 628263, 130083, 39.7, 47.0, 1.00
M, 829245, 415594, 1074235, 1140823, 425066, 171092, 628248, 130046, 39.7, 47.0, 1.00
M, 828972, 415558, 1073974, 1140597, 425037, 171112, 628305, 130009, 39.7, 47.0, 1.00
M, 828963, 415552, 1074114, 1140720, 425029, 171093, 628274, 130063, 39.7, 47.0, 1.00
M, 829090, 415531, 1074395, 1140948, 425073, 171131, 628371, 130068, 39.7, 47.0, 1.01
M, 828997, 415556, 1074323, 1140854, 425051, 171171, 628332, 130111, 39.7, 47.0, 1.00
