State, OV, Alc, H2, AC1, NH3, AC2, VOC, LP, Temp, Hud, AirFlow
A, 713115, 343443, 1147698, 985453, 339774, 172766, 498076, 138918, 41.8, 44.2, 0.13
A, 702357, 340768, 1128873, 971492, 337016, 170319, 494952, 136666, 41.7, 44.2, 0.63
A, 693608, 338486, 1112881, 960630, 334886, 168408, 492923, 134982, 41.7, 44.2, 0.77
A, 686291, 336570, 1098370, 950987, 333405, 166523, 491986, 133609, 41.5, 44.0, 0.82
A, 681076, 335393, 1086517, 943914, 332682, 164968, 492107, 132619, 41.5, 44.0, 0.90
A, 677709, 334753, 1077043, 938893, 332544, 163542, 492892, 131847, 41.4, 43.8, 0.94
A, 675031, 334513, 1067791, 935016, 332750, 162232, 494016, 131181, 41.4, 43.8, 0.96
A, 673829, 334397, 1060510, 932549, 333171, 161239, 495080, 130761, 41.3, 43.8, 0.98
A, 673554, 334469, 1054965, 931425, 333550, 160423, 496098, 130588, 41.3, 43.8, 0.99
A, 674108, 334886, 1049450, 931032, 334257, 159638, 497561, 130372, 41.2, 43.7, 0.99
A, 675010, 335172, 1045250, 931016, 334815, 159034, 498626, 130325, 41.2, 43.7, 1.00
A, 676477, 335710, 1041431, 932034, 335610, 158380, 500041, 130236, 41.2, 43.7, 1.00
A, 677849, 336084, 1039405, 933276, 336160, 158078, 500941, 130243, 41.2, 43.7, 0.99
A, 680069, 336764, 1037658, 935135, 336936, 157844, 502262, 130413, 41.2, 43.7, 1.00
A, 682442, 337368, 1035796, 937314, 337787, 157573, 503634, 130461, 41.1, 43.7, 0.99
A, 685287, 338178, 1034400, 939686, 338771, 157285, 505118, 130533, 41.1, 43.7, 1.00
A, 687303, 338868, 1033234, 941788, 339481, 157083, 506144, 130685, 41.1, 43.7, 0.99
A, 690767, 339833, 1032640, 944966, 340463, 157021, 507745, 130807, 41.1, 43.7, 1.00
A, 693360, 340743, 1032028, 947460, 341341, 156917, 509035, 130913, 41.0, 43.6, 1.00
A, 696113, 341539, 1031666, 950412, 342231, 156952, 510271, 131043, 41.0, 43.6, 0.99
A, 700319, 342729, 1033725, 955240, 343401, 157087, 511924, 131431, 41.0, 43.6, 1.00
A, 703586, 344020, 1033416, 958152, 344479, 157063, 513398, 131454, 41.0, 43.6, 1.00
A, 705816, 344935, 1032283, 960289, 345357, 156953, 514533, 131534, 40.9, 43.6, 0.99
A, 708019, 345801, 1031948, 962988, 346058, 156936, 515737, 131622, 40.9, 43.6, 1.01
A, 710349, 346757, 1031414, 965378, 346974, 156925, 516902, 131743, 40.9, 43.7, 1.00
A, 712511, 347649, 1030848, 967680, 347687, 156939, 517990, 131719, 40.9, 43.7, 0.99
A, 713769, 348657, 1029345, 969485, 348466, 156848, 518994, 131777, 40.8, 43.7, 1.00
A, 717241, 349664, 1029449, 972488, 349364, 156888, 520288, 131802, 40.8, 43.7, 1.00
A, 719522, 350732, 1029488, 974920, 350167, 156916, 521500, 131917, 40.8, 43.7, 1.00
A, 721646, 351593, 1029391, 977609, 350898, 157027, 522530, 131971, 40.8, 43.7, 1.00
A, 724013, 352823, 1029001, 980148, 351909, 157009, 523831, 132051, 40.7, 43.7, 1.00
A, 725853, 353574, 1028840, 982227, 352420, 157100, 524647, 132175, 40.7, 43.7, 1.00
A, 728713, 355020, 1028956, 985405, 353586, 157141, 526143, 132186, 40.7, 43.7, 1.01
A, 730333, 355676, 1029070, 987300, 354111, 157124, 526906, 132278, 40.7, 43.7, 0.99
A, 732559, 356749, 1029546, 989849, 354887, 157303, 527985, 132364, 40.7, 43.7, 1.00
A, 734696, 357830, 1029777, 992396, 355704, 157329, 529053, 132532, 40.7, 43.8, 1.00
A, 736602, 358826, 1029699, 994557, 356352, 157433, 529958, 132554, 40.7, 43.8, 1.00
A, 738798, 359848, 1030339, 997258, 357171, 157566, 531111, 132652, 40.7, 43.8, 1.00
A, 740975, 360992, 1030623, 999695, 357996, 157620, 532199, 132670, 40.7, 43.8, 1.00
A, 742645, 361945, 1030483, 1001710, 358641, 157794, 533070, 132711, 40.6, 43.8, 1.00
A, 745661, 363140, 1032861, 1005709, 359549, 158094, 534329, 133092, 40.6, 43.8, 1.00
A, 747609, 364223, 1033173, 1007772, 360368, 158147, 535257, 133098, 40.6, 43.8, 1.00
A, 749117, 365359, 1032696, 1009382, 361007, 158163, 536146, 133099, 40.6, 43.8, 1.01
A, 750193, 366192, 1032300, 1010895, 361535, 158140, 536897, 133085, 40.6, 43.8, 1.00
A, 751617, 367046, 1032247, 1012739, 362186, 158309, 537734, 133137, 40.6, 43.8, 1.01
A, 752840, 367931, 1032145, 1014193, 362726, 158347, 538490, 133104, 40.6, 43.9, 0.99
A, 753845, 368765, 1031885, 1015737, 363258, 158450, 539257, 133203, 40.6, 43.9, 1.01
A, 755453, 369746, 1032219, 1017810, 363880, 158565, 540142, 133231, 40.5, 43.9, 1.00
A, 756736, 370597, 1031937, 1019203, 364534, 158538, 540919, 133157, 40.5, 43.9, 1.00
A, 757901, 371425, 1031832, 1020706, 365034, 158622, 541657, 133198, 40.5, 43.9, 1.00
A, 758745, 372172, 1031578, 1022192, 365501, 158691, 542346, 133277, 40.5, 43.9, 1.00
A, 760254, 373131, 1031599, 1023720, 366173, 158683, 543272, 133297, 40.5, 43.9, 1.02
A, 761108, 373806, 1031660, 1025196, 366531, 158738, 543724, 133328, 40.5, 43.9, 1.00
A, 762407, 374954, 1031473, 1026934, 367246, 158860, 544710, 133334, 40.5, 44.0, 1.00
A, 763316, 375322, 1031306, 1027906, 367533, 158820, 545112, 133288, 40.5, 44.0, 1.00
A, 764526, 376144, 1031923, 1029757, 368117, 159024, 545881, 133415, 40.5, 44.0, 1.00
A, 765672, 376944, 1032073, 1031259, 368647, 159134, 546563, 133376, 40.4, 44.0, 1.01
A, 766524, 377647, 1032102, 1032600, 369100, 159176, 547217, 133437, 40.4, 44.0, 1.01
A, 768059, 378437, 1032495, 1034331, 369702, 159257, 547990, 133500, 40.4, 44.0, 0.99
A, 769438, 379288, 1033287, 1036087, 370241, 159372, 548744, 133623, 40.4, 44.0, 1.00
A, 772164, 380302, 1036185, 1039730, 371052, 159768, 549822, 133997, 40.4, 44.1, 1.01
A, 773180, 381184, 1036372, 1040981, 371585, 159898, 550510, 133954, 40.4, 44.1, 1.01
A, 773846, 381817, 1036270, 1042094, 372012, 159888, 551026, 133976, 40.4, 44.1, 1.01
A, 774638, 382519, 1036527, 1043358, 372442, 160046, 551632, 134010, 40.4, 44.1, 1.00
A, 775385, 383204, 1036538, 1044509, 372862, 160187, 552214, 134039, 40.4, 44.2, 1.00
A, 776237, 383869, 1036748, 1045621, 373295, 160242, 552759, 133985, 40.4, 44.2, 1.00
A, 776691, 384456, 1036428, 1046391, 373634, 160284, 553245, 133868, 40.4, 44.2, 1.00
A, 777348, 385115, 1036548, 1047583, 374019, 160325, 553731, 133966, 40.4, 44.2, 1.00
A, 777989, 385634, 1036151, 1048348, 374402, 160365, 554287, 133971, 40.3, 44.2, 1.00
A, 778274, 386105, 1035939, 1048871, 374672, 160386, 554673, 133961, 40.3, 44.2, 1.00
A, 779212, 386779, 1036253, 1050167, 375200, 160461, 555322, 133940, 40.3, 44.2, 1.00
A, 779693, 387296, 1036235, 1050999, 375477, 160561, 555704, 133967, 40.3, 44.2, 0.99
A, 780141, 387946, 1036047, 1051968, 375925, 160570, 556230, 133968, 40.3, 44.3, 1.00
A, 780523, 388265, 1036065, 1052717, 376110, 160693, 556632, 133913, 40.3, 44.3, 1.00
A, 781156, 388966, 1035811, 1053391, 376594, 160649, 557263, 133933, 40.3, 44.3, 1.00
A, 781506, 389326, 1035753, 1053894, 376806, 160708, 557548, 133876, 40.3, 44.3, 1.00
A, 782217, 389738, 1036008, 1055176, 377167, 160826, 558023, 134010, 40.3, 44.3, 0.99
A, 782749, 390216, 1036174, 1056173, 377515, 160852, 558554, 133984, 40.3, 44.3, 1.00
A, 783384, 390693, 1036342, 1056879, 377778, 160946, 558975, 134016, 40.3, 44.3, 1.00
A, 784322, 391246, 1036958, 1058272, 378202, 161042, 559537, 134109, 40.3, 44.3, 1.00
A, 786858, 392090, 1039955, 1061527, 379022, 161515, 560419, 134487, 40.3, 44.3, 1.00
A, 787151, 392584, 1039320, 1061811, 379286, 161503, 560848, 134301, 40.3, 44.4, 1.00
A, 786972, 393036, 1039092, 1062264, 379467, 161516, 561128, 134281, 40.3, 44.4, 1.00
A, 787287, 393423, 1038853, 1062760, 379706, 161584, 561435, 134264, 40.3, 44.4, 1.00
A, 787421, 393764, 1038615, 1063184, 380013, 161665, 561836, 134308, 40.3, 44.4, 0.99
A, 788127, 394234, 1038730, 1064107, 380297, 161772, 562286, 134314, 40.3, 44.4, 0.99
A, 788417, 394646, 1038823, 1064561, 380579, 161719, 562682, 134243, 40.3, 44.4, 1.00
A, 788544, 394975, 1038534, 1064983, 380727, 161717, 562972, 134193, 40.2, 44.4, 1.00
A, 788762, 395269, 1038343, 1065401, 381019, 161810, 563321, 134244, 40.2, 44.4, 1.00
A, 789204, 395635, 1038469, 1066186, 381291, 161876, 563680, 134248, 40.2, 44.5, 1.00
A, 789191, 395887, 1038063, 1066484, 381486, 161794, 563986, 134203, 40.2, 44.5, 1.00
A, 789786, 396342, 1037854, 1067033, 381809, 161890, 564359, 134106, 40.2, 44.5, 1.00
A, 790042, 396646, 1038225, 1067752, 382040, 161940, 564703, 134178, 40.2, 44.5, 1.00
A, 790235, 397064, 1037962, 1068204, 382318, 161992, 565154, 134132, 40.2, 44.6, 1.00
A, 790404, 397125, 1037844, 1068733, 382489, 162053, 565324, 134167, 40.2, 44.6, 1.00
A, 790833, 397628, 1037633, 1069246, 382811, 162095, 565791, 134083, 40.2, 44.6, 1.00
A, 791018, 397818, 1037508, 1069497, 382944, 162125, 565950, 134132, 40.2, 44.6, 1.00
A, 791508, 398074, 1037622, 1070323, 383162, 162183, 566299, 134175, 40.2, 44.6, 1.01
A, 791876, 398324, 1037919, 1070961, 383416, 162167, 566680, 134127, 40.2, 44.6, 1.00
A, 792180, 398607, 1038105, 1071603, 383651, 162289, 566886, 134106, 40.2, 44.6, 0.99
A, 794706, 399221, 1041388, 1074953, 384246, 162713, 567784, 134570, 40.2, 44.6, 1.01
A, 794887, 399764, 1041060, 1074791, 384632, 162679, 568138, 134408, 40.2, 44.6, 1.00
A, 794803, 399902, 1040598, 1075038, 384747, 162705, 568288, 134337, 40.2, 44.7, 1.00
A, 794904, 400233, 1040615, 1075620, 384867, 162793, 568622, 134372, 40.2, 44.7, 1.00
A, 794828, 400382, 1040500, 1075856, 385106, 162778, 568817, 134335, 40.2, 44.7, 1.00
A, 795366, 400638, 1040641, 1076399, 385305, 162859, 569151, 134311, 40.2, 44.7, 1.00
A, 795535, 400916, 1040652, 1076860, 385491, 162957, 569452, 134362, 40.1, 44.7, 1.00
A, 795664, 401184, 1040468, 1077164, 385728, 162972, 569764, 134313, 40.1, 44.7, 1.00
A, 795747, 401362, 1040089, 1077285, 385825, 162992, 569878, 134256, 40.1, 44.7, 1.00
A, 795809, 401517, 1040042, 1077732, 386031, 162996, 570155, 134229, 40.1, 44.7, 1.00
A, 796236, 401808, 1040426, 1078492, 386241, 163146, 570475, 134300, 40.1, 44.7, 1.00
A, 796381, 402005, 1040297, 1078778, 386360, 163129, 570680, 134297, 40.1, 44.7, 1.00
A, 796914, 402422, 1040689, 1079359, 386756, 163200, 571106, 134234, 40.1, 44.8, 1.00
A, 796808, 402401, 1040549, 1079583, 386831, 163207, 571266, 134210, 40.1, 44.8, 1.00
A, 796960, 402677, 1040102, 1079748, 387056, 163221, 571640, 134197, 40.1, 44.8, 1.00
A, 796936, 402739, 1040258, 1079991, 387073, 163287, 571661, 134206, 40.1, 44.8, 0.99
A, 797539, 403049, 1040711, 1080886, 387355, 163422, 572027, 134335, 40.1, 44.8, 0.99
A, 797791, 403146, 1040858, 1081366, 387557, 163487, 572216, 134287, 40.1, 44.8, 1.00
A, 798152, 403385, 1041149, 1081852, 387761, 163500, 572628, 134315, 40.1, 44.8, 0.99
A, 798318, 403577, 1040993, 1082014, 387935, 163490, 572792, 134243, 40.1, 44.8, 1.00
A, 799963, 404009, 1043421, 1084577, 388377, 163935, 573342, 134538, 40.1, 44.8, 0.99
A, 800138, 404397, 1043590, 1084919, 388622, 163898, 573700, 134518, 40.1, 44.9, 1.00
A, 800085, 404556, 1043187, 1084826, 388652, 163942, 573773, 134481, 40.1, 44.9, 1.00
A, 800271, 404622, 1043336, 1085316, 388881, 163961, 574049, 134552, 40.1, 44.9, 1.00
A, 800248, 404781, 1043119, 1085383, 389072, 164009, 574278, 134409, 40.1, 44.9, 1.01
A, 800251, 404996, 1042626, 1085245, 389148, 164002, 574418, 134322, 40.1, 44.9, 1.00
A, 800318, 405099, 1042911, 1085866, 389287, 164018, 574646, 134330, 40.1, 44.9, 1.00
A, 800244, 405204, 1042650, 1085857, 389382, 164131, 574795, 134327, 40.1, 45.0, 1.00
A, 800274, 405308, 1042424, 1085987, 389528, 164116, 574927, 134352, 40.1, 45.0, 1.00
A, 800766, 405545, 1042930, 1086670, 389708, 164139, 575235, 134369, 40.0, 45.0, 0.99
A, 800949, 405661, 1043065, 1086964, 389834, 164255, 575486, 134296, 40.0, 45.0, 1.01
A, 800729, 405857, 1042884, 1087028, 389975, 164313, 575609, 134273, 40.0, 45.0, 1.00
A, 801152, 405995, 1043072, 1087440, 390098, 164346, 575839, 134323, 40.0, 45.0, 1.00
A, 801028, 406106, 1042705, 1087379, 390261, 164310, 576099, 134280, 40.0, 45.0, 1.00
A, 800997, 406170, 1042307, 1087482, 390345, 164336, 576198, 134214, 40.0, 45.0, 0.99
A, 800911, 406319, 1042219, 1087629, 390481, 164370, 576421, 134182, 40.0, 45.1, 1.00
A, 800890, 406275, 1042140, 1087874, 390494, 164386, 576434, 134175, 40.0, 45.1, 1.00
A, 801061, 406452, 1042316, 1088294, 390695, 164443, 576732, 134186, 40.0, 45.1, 1.00
A, 801351, 406562, 1042628, 1088825, 390894, 164516, 576911, 134250, 40.0, 45.1, 1.00
A, 801697, 406694, 1042759, 1089183, 391004, 164557, 577079, 134227, 40.0, 45.1, 1.00
A, 804601, 407342, 1046535, 1092496, 391654, 165058, 577904, 134681, 40.0, 45.1, 1.00
A, 804253, 407542, 1045801, 1092301, 391775, 164982, 578045, 134450, 40.0, 45.1, 1.00
A, 804178, 407613, 1045859, 1092342, 391913, 164981, 578154, 134504, 40.0, 45.1, 1.00
A, 803894, 407693, 1045476, 1092221, 391901, 165066, 578264, 134440, 40.0, 45.1, 1.00
A, 803916, 407829, 1045597, 1092476, 392129, 165112, 578442, 134443, 40.0, 45.2, 1.00
A, 803947, 407954, 1045335, 1092239, 392115, 165101, 578568, 134358, 40.0, 45.2, 1.00
A, 803620, 407990, 1044856, 1092136, 392207, 165053, 578601, 134297, 40.0, 45.2, 1.00
A, 803642, 408013, 1044980, 1092473, 392307, 165165, 578755, 134300, 40.0, 45.2, 0.99
A, 803510, 408126, 1044790, 1092580, 392388, 165177, 578918, 134311, 40.0, 45.2, 0.99
A, 803691, 408171, 1044790, 1092709, 392475, 165187, 579059, 134347, 40.0, 45.2, 1.00
A, 803980, 408357, 1045182, 1093306, 392666, 165282, 579243, 134342, 40.0, 45.2, 1.00
A, 803759, 408300, 1044479, 1092862, 392667, 165238, 579301, 134283, 40.0, 45.2, 1.00
A, 803750, 408442, 1044493, 1092939, 392765, 165296, 579416, 134186, 40.0, 45.2, 1.00
A, 803707, 408418, 1044540, 1093201, 392871, 165296, 579580, 134203, 40.0, 45.2, 1.01
A, 803736, 408550, 1044512, 1093333, 392997, 165331, 579783, 134205, 40.0, 45.2, 1.00
A, 803818, 408544, 1044249, 1093534, 393020, 165396, 579884, 134232, 40.0, 45.2, 1.00
A, 803966, 408757, 1044511, 1093646, 393265, 165427, 580137, 134187, 40.0, 45.2, 1.00
A, 803948, 408748, 1044421, 1093848, 393252, 165435, 580184, 134182, 40.0, 45.2, 1.00
A, 804330, 408856, 1044718, 1094214, 393348, 165494, 580402, 134234, 40.0, 45.2, 1.00
A, 804521, 408891, 1044945, 1094611, 393552, 165564, 580552, 134263, 40.0, 45.3, 1.00
A, 806333, 409269, 1047599, 1097186, 393976, 165906, 581119, 134592, 40.0, 45.3, 1.00
A, 806680, 409652, 1048008, 1097475, 394206, 165974, 581342, 134575, 39.9, 45.3, 1.00
A, 806645, 409671, 1047894, 1097479, 394262, 166015, 581475, 134442, 39.9, 45.3, 1.00
A, 806319, 409737, 1047465, 1097292, 394268, 165933, 581478, 134368, 39.9, 45.3, 1.00
A, 806132, 409789, 1047417, 1097385, 394361, 166037, 581673, 134398, 39.9, 45.3, 1.00
A, 805962, 409778, 1046382, 1096865, 394395, 165950, 581684, 134271, 39.9, 45.4, 1.00
A, 806085, 409854, 1046794, 1097082, 394456, 166019, 581761, 134199, 39.9, 45.4, 1.01
A, 805842, 409940, 1046524, 1096919, 394498, 166015, 581870, 134222, 39.9, 45.4, 1.00
A, 805725, 409903, 1046101, 1097005, 394543, 165978, 581885, 134223, 39.9, 45.4, 0.99
A, 805846, 409954, 1046571, 1097174, 394633, 166070, 582060, 134278, 39.9, 45.4, 1.00
A, 805840, 409967, 1046488, 1097464, 394699, 166110, 582180, 134158, 39.9, 45.4, 1.00
A, 806169, 410147, 1046830, 1097882, 394834, 166125, 582386, 134303, 39.9, 45.4, 1.00
A, 806346, 410198, 1047062, 1097900, 394987, 166140, 582541, 134237, 39.9, 45.4, 1.00
A, 806180, 410276, 1046883, 1097986, 395048, 166202, 582668, 134195, 39.9, 45.4, 1.00
A, 806268, 410273, 1047092, 1098314, 395143, 166245, 582745, 134251, 39.9, 45.4, 1.01
A, 806161, 410389, 1046565, 1097935, 395161, 166215, 582852, 134200, 39.9, 45.4, 1.00
A, 806046, 410303, 1046500, 1098082, 395208, 166261, 582868, 134158, 39.9, 45.4, 1.00
A, 805990, 410450, 1046345, 1098095, 395338, 166269, 583052, 134111, 39.9, 45.5, 1.00
A, 806133, 410394, 1046268, 1098127, 395412, 166296, 583102, 134126, 39.9, 45.5, 0.99
A, 806447, 410431, 1046973, 1098921, 395520, 166373, 583336, 134140, 39.9, 45.5, 1.00
A, 808461, 410791, 1049847, 1101465, 395970, 166741, 583872, 134457, 39.9, 45.5, 1.00
A, 808064, 410962, 1049492, 1101276, 396150, 166741, 583982, 134438, 39.9, 45.5, 0.99
A, 808454, 411098, 1049681, 1101519, 396142, 166793, 584090, 134428, 39.9, 45.5, 1.01
A, 808518, 411180, 1049804, 1101471, 396272, 166824, 584177, 134386, 39.9, 45.5, 1.01
A, 808210, 411247, 1049479, 1101283, 396268, 166817, 584258, 134245, 39.9, 45.5, 0.99
A, 808012, 411125, 1049000, 1101180, 396273, 166804, 584297, 134271, 39.9, 45.5, 1.00
A, 808184, 411277, 1049410, 1101372, 396372, 166861, 584426, 134251, 39.9, 45.5, 0.99
A, 808032, 411316, 1049289, 1101424, 396424, 166955, 584477, 134322, 39.9, 45.5, 1.00
A, 808435, 411381, 1049745, 1102012, 396548, 167018, 584683, 134334, 39.9, 45.5, 1.01
A, 808402, 411514, 1049826, 1101966, 396663, 166992, 584727, 134280, 39.9, 45.5, 1.01
A, 808129, 411400, 1049594, 1101845, 396611, 167033, 584791, 134206, 39.9, 45.6, 1.01
A, 807763, 411413, 1049235, 1101663, 396652, 167035, 584865, 134265, 39.9, 45.6, 1.00
A, 808243, 411476, 1049532, 1102021, 396782, 167100, 584967, 134260, 39.9, 45.6, 0.98
A, 808310, 411540, 1049550, 1101922, 396912, 167102, 585104, 134145, 39.9, 45.6, 0.99
A, 808021, 411540, 1049274, 1101831, 396833, 167017, 585071, 134128, 39.9, 45.6, 1.00
A, 807950, 411519, 1049046, 1101856, 396862, 167111, 585199, 134119, 39.9, 45.6, 1.00
A, 807762, 411581, 1049048, 1101657, 396970, 167057, 585279, 134058, 39.9, 45.6, 1.00
A, 807687, 411517, 1048957, 1101883, 396962, 167126, 585288, 134172, 39.9, 45.6, 1.01
A, 807757, 411599, 1048798, 1101580, 397124, 167167, 585437, 134082, 39.9, 45.7, 1.00
A, 807666, 411518, 1048776, 1101747, 397010, 167101, 585427, 134022, 39.9, 45.7, 1.00
A, 809668, 411825, 1051707, 1104417, 397491, 167471, 585946, 134398, 39.9, 45.7, 1.00
A, 809353, 411964, 1051322, 1104089, 397558, 167500, 586122, 134268, 39.8, 45.7, 1.00
A, 809302, 411948, 1051000, 1103816, 397594, 167469, 586020, 134215, 39.8, 45.7, 1.00
A, 809332, 412060, 1051385, 1104200, 397691, 167572, 586165, 134247, 39.8, 45.7, 1.01
A, 809173, 412113, 1051047, 1103921, 397706, 167517, 586273, 134162, 39.8, 45.7, 1.00
A, 809149, 412103, 1050622, 1103757, 397724, 167557, 586334, 134210, 39.8, 45.7, 0.99
A, 809176, 412105, 1051105, 1104149, 397805, 167540, 586366, 134164, 39.8, 45.7, 1.00
A, 809123, 412180, 1051002, 1104088, 397910, 167571, 586500, 134119, 39.8, 45.7, 0.99
A, 808961, 412135, 1050854, 1104070, 397835, 167668, 586518, 134148, 39.8, 45.7, 1.00
A, 809348, 412236, 1051111, 1104523, 398007, 167705, 586687, 134233, 39.8, 45.7, 1.00
A, 809406, 412313, 1051484, 1104576, 398086, 167787, 586786, 134200, 39.8, 45.7, 0.99
A, 809055, 412265, 1050898, 1104221, 398093, 167693, 586743, 134076, 39.8, 45.8, 1.01
A, 809031, 412260, 1050782, 1104245, 398058, 167773, 586844, 134095, 39.8, 45.8, 1.00
A, 809360, 412397, 1051438, 1104766, 398203, 167825, 586957, 134158, 39.8, 45.8, 1.00
A, 809348, 412381, 1051363, 1104820, 398246, 167843, 587049, 134160, 39.8, 45.8, 1.00
A, 809682, 412451, 1051381, 1104927, 398401, 167930, 587247, 134091, 39.8, 45.8, 1.00
A, 809552, 412485, 1051670, 1105200, 398406, 167867, 587274, 134072, 39.8, 45.8, 1.01
A, 809341, 412548, 1051370, 1104938, 398455, 167867, 587252, 134087, 39.8, 45.8, 1.00
A, 809298, 412419, 1051365, 1105005, 398472, 167934, 587324, 134076, 39.8, 45.8, 1.00
A, 809278, 412611, 1051235, 1104980, 398591, 167957, 587506, 133997, 39.8, 45.8, 1.01
A, 810680, 412704, 1053308, 1106693, 398780, 168230, 587763, 134258, 39.8, 45.8, 1.00
A, 812540, 413123, 1055862, 1109206, 399286, 168576, 588284, 134577, 39.8, 45.8, 1.00
A, 814172, 413623, 1058166, 1110922, 399686, 168828, 588764, 134765, 39.8, 45.8, 0.99
A, 815150, 413928, 1060126, 1112472, 400000, 169104, 589117, 134952, 39.8, 45.8, 1.00
A, 816435, 414417, 1062112, 1113982, 400373, 169341, 589416, 135139, 39.8, 45.8, 1.00
A, 817263, 414806, 1063568, 1114747, 400550, 169529, 589692, 135160, 39.8, 45.8, 1.00
A, 815589, 414781, 1061406, 1112962, 400412, 169400, 589436, 134861, 39.8, 45.8, 1.00
A, 814553, 414593, 1060179, 1111961, 400149, 169275, 589174, 134718, 39.8, 45.8, 1.00
A, 813344, 414416, 1058866, 1110723, 399944, 169183, 588943, 134571, 39.8, 45.9, 0.99
A, 812527, 414224, 1057670, 1109475, 399752, 169088, 588755, 134448, 39.8, 45.9, 1.00
A, 812113, 414074, 1057457, 1109356, 399761, 169046, 588757, 134351, 39.8, 45.9, 1.00
A, 811513, 413957, 1056641, 1108527, 399683, 168975, 588727, 134248, 39.8, 45.9, 1.00
A, 810948, 413855, 1055833, 1107840, 399524, 168867, 588602, 134189, 39.8, 45.9, 0.99
A, 810841, 413784, 1055990, 1107940, 399529, 168918, 588613, 134156, 39.8, 45.9, 0.99
A, 810401, 413737, 1055569, 1107594, 399558, 168885, 588624, 134139, 39.8, 45.9, 1.00
A, 810414, 413706, 1055560, 1107501, 399551, 168904, 588628, 134188, 39.8, 45.9, 1.01
A, 810285, 413607, 1055276, 1107150, 399541, 168855, 588700, 134108, 39.8, 45.9, 1.00
A, 810035, 413510, 1055053, 1107012, 399466, 168829, 588642, 134025, 39.8, 45.9, 0.99
A, 809777, 413512, 1054321, 1106533, 399559, 168749, 588680, 134006, 39.8, 45.9, 1.00
A, 809574, 413441, 1054355, 1106379, 399467, 168780, 588686, 133976, 39.8, 45.9, 1.00
A, 811651, 413808, 1057551, 1109221, 399984, 169203, 589298, 134308, 39.8, 45.9, 1.00
A, 811404, 413752, 1056948, 1108622, 399963, 169084, 589224, 134170, 39.8, 45.9, 0.99
A, 811274, 413756, 1057035, 1108761, 399977, 169101, 589246, 134220, 39.8, 45.9, 1.01
A, 811010, 413790, 1056601, 1108358, 399913, 169049, 589236, 134127, 39.8, 46.0, 1.00
A, 810529, 413624, 1056059, 1108018, 399889, 169015, 589157, 134134, 39.8, 46.0, 1.00
A, 810515, 413659, 1056217, 1108120, 399879, 169073, 589209, 134092, 39.8, 46.0, 1.00
A, 810525, 413617, 1055966, 1107830, 399884, 168983, 589282, 133947, 39.8, 46.0, 1.00
A, 810260, 413452, 1055520, 1107453, 399955, 169020, 589213, 133926, 39.8, 45.9, 1.00
A, 810228, 413464, 1055548, 1107691, 399880, 169057, 589287, 134038, 39.8, 45.9, 1.00
A, 810247, 413420, 1055539, 1107553, 399852, 169017, 589289, 133964, 39.8, 46.0, 1.00
A, 810146, 413442, 1055580, 1107705, 399982, 169102, 589335, 133970, 39.8, 46.0, 1.00
A, 810414, 413474, 1055947, 1108053, 400015, 169165, 589479, 134038, 39.8, 45.9, 0.99
A, 810538, 413457, 1056080, 1107817, 400090, 169139, 589587, 133999, 39.8, 45.9, 1.00
A, 810313, 413406, 1055714, 1107842, 400120, 169080, 589580, 133954, 39.8, 46.0, 1.01
A, 810143, 413344, 1055610, 1107867, 400117, 169172, 589586, 134006, 39.8, 46.0, 1.01
A, 810317, 413430, 1056075, 1108242, 400221, 169221, 589762, 133958, 39.7, 46.0, 1.00
A, 810478, 413398, 1056121, 1108127, 400236, 169238, 589778, 133976, 39.7, 46.0, 1.00
A, 810901, 413420, 1056468, 1108429, 400393, 169285, 589925, 133950, 39.7, 46.0, 0.99
A, 810663, 413462, 1056247, 1108372, 400384, 169271, 589920, 133947, 39.7, 46.0, 1.00
A, 810552, 413445, 1056086, 1108295, 400390, 169220, 589950, 133898, 39.7, 46.0, 1.01
A, 811902, 413558, 1058321, 1110204, 400599, 169539, 590246, 134202, 39.7, 46.0, 1.00
A, 812044, 413782, 1058550, 1110335, 400807, 169614, 590463, 134186, 39.7, 46.0, 1.00
A, 812025, 413786, 1058458, 1110283, 400839, 169601, 590507, 134172, 39.7, 46.0, 1.00
A, 811956, 413826, 1058392, 1110153, 400791, 169608, 590426, 134022, 39.7, 46.0, 0.99
A, 811737, 413718, 1057995, 1109697, 400734, 169495, 590400, 133985, 39.7, 46.0, 1.00
A, 811352, 413614, 1057744, 1109706, 400724, 169551, 590392, 134042, 39.7, 46.0, 1.01
A, 811363, 413719, 1057582, 1109507, 400806, 169519, 590452, 133979, 39.7, 46.0, 1.00
A, 811050, 413677, 1057377, 1109386, 400743, 169557, 590435, 133971, 39.7, 46.0, 0.99
A, 810913, 413613, 1057201, 1109165, 400751, 169601, 590466, 133946, 39.7, 46.0, 1.00
A, 811214, 413611, 1057560, 1109187, 400821, 169584, 590588, 133934, 39.7, 46.0, 1.00
A, 811124, 413573, 1057600, 1109404, 400863, 169586, 590594, 133945, 39.7, 46.0, 1.01
A, 810709, 413501, 1056949, 1109023, 400794, 169573, 590557, 133874, 39.7, 46.0, 1.01
A, 810879, 413540, 1057389, 1109412, 400856, 169669, 590686, 133898, 39.7, 46.1, 1.00
A, 811239, 413593, 1057699, 1109468, 400947, 169669, 590759, 133882, 39.7, 46.1, 0.99
A, 811616, 413694, 1058205, 1109932, 401011, 169708, 590906, 133891, 39.7, 46.1, 1.00
A, 811451, 413693, 1058125, 1109953, 401093, 169763, 590937, 133917, 39.7, 46.1, 1.00
A, 811738, 413748, 1058471, 1110301, 401193, 169788, 591024, 134021, 39.7, 46.1, 0.98
A, 811758, 413698, 1058558, 1110381, 401198, 169869, 591118, 133954, 39.7, 46.1, 0.99
A, 811689, 413829, 1058682, 1110347, 401324, 169788, 591215, 133927, 39.7, 46.1, 1.00
A, 811860, 413754, 1058585, 1110098, 401342, 169850, 591181, 133905, 39.7, 46.1, 1.00
A, 813593, 414160, 1061424, 1112675, 401712, 170204, 591644, 134182, 39.7, 46.1, 1.00
A, 813431, 414274, 1061249, 1112556, 401786, 170196, 591610, 134118, 39.7, 46.1, 1.00
A, 813464, 414298, 1061142, 1112427, 401780, 170219, 591738, 134110, 39.7, 46.1, 0.99
A, 813253, 414303, 1060932, 1112224, 401777, 170237, 591717, 134105, 39.7, 46.1, 1.00
A, 813015, 414240, 1060812, 1111958, 401750, 170155, 591687, 134029, 39.7, 46.1, 1.00
A, 812722, 414170, 1060575, 1111871, 401730, 170302, 591686, 134092, 39.7, 46.2, 1.00
A, 812998, 414311, 1061067, 1112093, 401835, 170291, 591808, 134032, 39.7, 46.2, 1.01
A, 812634, 414175, 1060665, 1111801, 401720, 170217, 591716, 133942, 39.7, 46.2, 1.00
A, 812628, 414210, 1060750, 1111874, 401754, 170299, 591774, 133978, 39.7, 46.2, 1.00
A, 812486, 414267, 1060768, 1111848, 401783, 170280, 591827, 134021, 39.7, 46.2, 1.00
A, 812422, 414148, 1060371, 1111393, 401828, 170196, 591798, 133907, 39.7, 46.2, 1.00
A, 812177, 414129, 1060212, 1111287, 401767, 170203, 591783, 133897, 39.7, 46.2, 1.00
A, 812041, 414063, 1060115, 1111252, 401751, 170268, 591770, 133869, 39.7, 46.2, 1.00
A, 812362, 414163, 1060372, 1111559, 401812, 170287, 591881, 133912, 39.7, 46.2, 0.99
A, 812199, 414122, 1060545, 1111561, 401842, 170317, 591937, 133884, 39.7, 46.2, 1.00
A, 812508, 414228, 1061100, 1111986, 401916, 170397, 592019, 133981, 39.7, 46.2, 1.01
A, 812637, 414213, 1061236, 1111759, 401954, 170342, 592010, 133930, 39.7, 46.2, 1.00
A, 812573, 414193, 1061203, 1111809, 402007, 170381, 592088, 133955, 39.7, 46.2, 0.98
A, 812536, 414206, 1061349, 1112143, 402018, 170457, 592136, 133915, 39.7, 46.2, 1.00
A, 812342, 414311, 1060588, 1111573, 402002, 170387, 592148, 133863, 39.7, 46.2, 1.00
A, 813699, 414348, 1063058, 1113410, 402223, 170707, 592403, 134174, 39.7, 46.2, 1.00
A, 813365, 414502, 1062662, 1113036, 402373, 170680, 592567, 134056, 39.7, 46.2, 1.01
A, 813095, 414490, 1062430, 1112741, 402230, 170588, 592466, 133982, 39.7, 46.2, 1.00
A, 813176, 414517, 1062559, 1112934, 402287, 170709, 592453, 133979, 39.7, 46.2, 1.01
A, 813039, 414448, 1062528, 1112904, 402243, 170663, 592490, 133963, 39.7, 46.2, 1.01
A, 812907, 414413, 1062313, 1112738, 402275, 170747, 592437, 134015, 39.7, 46.2, 1.01
A, 813105, 414496, 1062781, 1113041, 402398, 170811, 592605, 134030, 39.7, 46.2, 1.00
A, 813271, 414507, 1062977, 1112996, 402400, 170722, 592593, 133891, 39.7, 46.2, 1.00
A, 812862, 414448, 1062511, 1112637, 402373, 170709, 592584, 133896, 39.7, 46.2, 1.00
A, 813031, 414424, 1062546, 1112845, 402362, 170743, 592610, 133932, 39.7, 46.2, 0.99
A, 812963, 414389, 1062711, 1112764, 402416, 170818, 592665, 133910, 39.7, 46.2, 1.01
A, 813139, 414473, 1063113, 1113088, 402482, 170866, 592669, 133916, 39.7, 46.2, 1.00
A, 813210, 414468, 1063148, 1113193, 402503, 170857, 592758, 133967, 39.7, 46.2, 1.01
A, 813224, 414532, 1063427, 1113178, 402542, 170890, 592829, 133974, 39.7, 46.2, 1.00
A, 813146, 414487, 1063281, 1113141, 402540, 170895, 592796, 133882, 39.7, 46.2, 0.99
A, 812961, 414465, 1063233, 1112969, 402490, 170885, 592861, 133900, 39.7, 46.2, 1.00
A, 813146, 414563, 1063552, 1113317, 402560, 171042, 592888, 133961, 39.7, 46.3, 1.00
A, 813313, 414545, 1063629, 1113107, 402631, 170894, 592897, 133832, 39.7, 46.3, 1.00
A, 813047, 414445, 1063299, 1112862, 402660, 170881, 592925, 133848, 39.7, 46.3, 1.00
A, 813003, 414497, 1063378, 1113129, 402619, 170940, 592957, 133816, 39.7, 46.3, 1.00
A, 814869, 414819, 1066287, 1115314, 403004, 171277, 593357, 134164, 39.7, 46.3, 1.00
A, 814445, 414886, 1065764, 1114934, 403040, 171315, 593392, 134074, 39.7, 46.3, 1.00
A, 813946, 414877, 1064874, 1114131, 403001, 171219, 593350, 133957, 39.7, 46.3, 1.00
A, 813753, 414701, 1064871, 1113714, 402863, 171108, 593174, 133847, 39.7, 46.3, 1.00
A, 813596, 414708, 1064999, 1114048, 402886, 171143, 593238, 133896, 39.7, 46.3, 1.01
A, 813450, 414647, 1064824, 1113840, 402845, 171129, 593194, 133824, 39.7, 46.3, 0.99
A, 813238, 414625, 1064387, 1113524, 402799, 171159, 593180, 133859, 39.7, 46.3, 1.00
A, 813502, 414664, 1065074, 1113735, 402867, 171163, 593277, 133869, 39.7, 46.3, 1.00
A, 813399, 414669, 1065028, 1113738, 402877, 171215, 593303, 133898, 39.7, 46.3, 1.01
A, 813097, 414697, 1064702, 1113440, 402847, 171182, 593350, 133854, 39.7, 46.3, 1.00
A, 813285, 414633, 1065012, 1113682, 402929, 171186, 593361, 133870, 39.7, 46.3, 1.00
A, 812803, 414582, 1064486, 1113183, 402909, 171165, 593293, 133743, 39.7, 46.3, 1.01
A, 812609, 414499, 1064353, 1113171, 402789, 171257, 593265, 133841, 39.7, 46.3, 1.01
A, 813048, 414537, 1064937, 1113564, 402926, 171326, 593455, 133889, 39.7, 46.3, 1.00
A, 813290, 414575, 1065280, 1113708, 403046, 171318, 593412, 133763, 39.7, 46.3, 1.00
A, 813155, 414602, 1065137, 1113508, 402912, 171329, 593433, 133848, 39.7, 46.4, 1.00
A, 813025, 414597, 1064794, 1113549, 402931, 171327, 593443, 133857, 39.7, 46.4, 1.00
A, 813266, 414579, 1065447, 1113756, 403032, 171402, 593511, 133829, 39.7, 46.4, 1.00
A, 813181, 414663, 1065408, 1113791, 403041, 171361, 593590, 133832, 39.7, 46.4, 1.00
A, 813518, 414728, 1065828, 1114019, 403140, 171431, 593687, 133850, 39.7, 46.4, 1.00
A, 814977, 414958, 1068092, 1115875, 403399, 171714, 593981, 134100, 39.7, 46.4, 1.00
A, 814589, 415085, 1067548, 1115406, 403467, 171618, 594036, 133996, 39.7, 46.4, 1.00
A, 814260, 414959, 1067364, 1115130, 403433, 171601, 593948, 133990, 39.7, 46.4, 1.01
A, 814011, 414977, 1066874, 1114621, 403366, 171630, 593972, 133915, 39.7, 46.4, 0.99
A, 813783, 414925, 1066518, 1114306, 403316, 171537, 593824, 133852, 39.7, 46.4, 1.00
A, 813732, 414831, 1066836, 1114625, 403327, 171608, 593864, 133873, 39.7, 46.4, 1.00
A, 813600, 414807, 1066609, 1114466, 403311, 171640, 593894, 133866, 39.7, 46.4, 1.01
A, 813561, 414745, 1066728, 1114480, 403314, 171613, 593912, 133841, 39.7, 46.4, 1.01
A, 813793, 414893, 1067146, 1114655, 403398, 171759, 593942, 133844, 39.7, 46.4, 1.00
A, 813937, 414848, 1066940, 1114368, 403376, 171618, 593987, 133811, 39.7, 46.4, 0.98
A, 813770, 414850, 1066891, 1114109, 403280, 171584, 593921, 133820, 39.7, 46.4, 1.01
A, 813487, 414764, 1066789, 1114299, 403336, 171650, 593986, 133763, 39.7, 46.4, 0.99
A, 813631, 414869, 1067199, 1114600, 403433, 171671, 594038, 133818, 39.6, 46.4, 1.00
A, 813589, 414807, 1066905, 1114317, 403444, 171679, 594042, 133851, 39.6, 46.4, 0.99
A, 813912, 414846, 1067608, 1114721, 403389, 171772, 594125, 133878, 39.6, 46.4, 1.00
A, 813784, 414872, 1067672, 1114722, 403484, 171752, 594191, 133816, 39.6, 46.4, 0.99
A, 813735, 414886, 1067454, 1114457, 403441, 171721, 594185, 133765, 39.6, 46.4, 0.99
A, 813652, 414789, 1067412, 1114545, 403369, 171711, 594173, 133802, 39.6, 46.4, 1.00
A, 813877, 414860, 1067778, 1114822, 403537, 171778, 594211, 133750, 39.6, 46.4, 1.00
A, 813661, 414801, 1067721, 1114837, 403536, 171860, 594239, 133817, 39.6, 46.4, 1.00
M, 810313, 414425, 1061648, 1108391, 402878, 170882, 593268, 132724, 39.6, 46.4, 0.00
M, 801592, 412297, 1049353, 1098469, 400486, 169375, 590328, 131247, 39.6, 46.4, 0.58
M, 792250, 409546, 1035411, 1086799, 397855, 167582, 587270, 129802, 39.7, 46.4, 0.74
M, 787321, 408136, 1027242, 1080402, 396832, 166502, 586621, 128917, 39.7, 46.4, 0.82
M, 783526, 407851, 1019562, 1074870, 396911, 165461, 587862, 128203, 39.7, 46.4, 0.90
M, 781546, 408744, 1012135, 1070387, 397646, 164412, 589711, 127524, 39.7, 46.3, 0.92
M, 781474, 410108, 1005233, 1066859, 398602, 163452, 591384, 126876, 39.7, 46.3, 0.95
M, 782468, 411607, 999624, 1065568, 399377, 162820, 592601, 126477, 39.7, 46.2, 0.96
M, 784318, 412969, 995528, 1065698, 400009, 162382, 593493, 126240, 39.7, 46.2, 0.99
M, 787255, 414344, 992392, 1066861, 400675, 162083, 594435, 126002, 39.7, 46.1, 0.99
M, 790170, 415411, 989368, 1068251, 401162, 161825, 594991, 125876, 39.7, 46.1, 0.98
M, 793859, 416473, 987756, 1070662, 401636, 161619, 595610, 125796, 39.7, 46.0, 0.99
M, 797474, 417472, 985756, 1073377, 402012, 161513, 596091, 125676, 39.7, 46.0, 1.00
M, 800418, 417984, 983962, 1075960, 402261, 161354, 596340, 125644, 39.7, 46.0, 1.01
M, 803278, 418302, 982764, 1078611, 402432, 161370, 596623, 125560, 39.7, 46.0, 1.01
M, 806438, 418692, 982223, 1081821, 402725, 161467, 596940, 125602, 39.7, 45.9, 1.00
M, 808701, 418810, 981390, 1084319, 402882, 161554, 597211, 125675, 39.7, 45.9, 1.00
M, 811484, 418907, 981280, 1087530, 403091, 161633, 597558, 125790, 39.7, 45.9, 1.00
M, 813863, 418881, 980931, 1090474, 403414, 161740, 597863, 125760, 39.7, 45.9, 1.00
M, 815546, 418846, 980507, 1092870, 403500, 161801, 598044, 125843, 39.6, 45.9, 1.00
M, 818724, 418924, 982327, 1097208, 404081, 162228, 598694, 126219, 39.6, 45.9, 1.00
M, 820169, 418971, 982243, 1099464, 404388, 162366, 599098, 126143, 39.6, 45.9, 1.00
M, 820819, 418659, 981566, 1100783, 404469, 162433, 599251, 126115, 39.6, 45.9, 0.99
M, 821569, 418483, 980947, 1102431, 404647, 162517, 599520, 126142, 39.6, 45.9, 1.00
M, 821990, 418182, 980845, 1103804, 404645, 162599, 599652, 126179, 39.6, 45.9, 1.00
M, 822819, 418080, 981099, 1105626, 404972, 162786, 600030, 126243, 39.6, 45.9, 1.00
M, 823409, 417926, 981214, 1107102, 405141, 162866, 600372, 126286, 39.6, 45.9, 1.00
M, 824135, 417720, 981327, 1108519, 405485, 163025, 600768, 126363, 39.6, 45.9, 1.00
M, 824301, 417615, 981111, 1109397, 405567, 163101, 600963, 126394, 39.6, 45.9, 1.00
M, 825067, 417479, 981948, 1111383, 405987, 163375, 601462, 126500, 39.6, 45.9, 1.01
M, 825130, 417352, 981776, 1112220, 406179, 163471, 601789, 126504, 39.6, 45.9, 0.99
M, 825649, 417356, 982204, 1113434, 406464, 163652, 602140, 126634, 39.6, 45.9, 1.00
M, 825586, 417154, 982056, 1114155, 406632, 163726, 602424, 126649, 39.6, 45.9, 0.99
M, 825928, 417061, 981999, 1114991, 406945, 163867, 602835, 126657, 39.6, 45.9, 1.01
M, 825946, 416975, 982134, 1115513, 407152, 163915, 603127, 126709, 39.6, 45.9, 1.01
M, 825935, 416878, 982439, 1116452, 407403, 164026, 603443, 126752, 39.6, 45.9, 1.01
M, 826441, 416966, 983115, 1117667, 407720, 164204, 603864, 126891, 39.6, 45.9, 0.99
M, 826486, 416940, 983094, 1118301, 407995, 164319, 604201, 126918, 39.6, 45.9, 1.01
M, 827063, 417072, 983979, 1119342, 408317, 164472, 604665, 126971, 39.6, 45.9, 1.00
M, 827260, 417026, 984412, 1120024, 408639, 164665, 605128, 127025, 39.6, 45.9, 1.00
M, 828954, 417306, 987148, 1122808, 409123, 164994, 605800, 127326, 39.6, 45.9, 1.00
M, 829279, 417610, 987480, 1123324, 409447, 165130, 606194, 127395, 39.6, 45.9, 1.01
M, 828665, 417571, 986873, 1123204, 409674, 165186, 606447, 127325, 39.6, 45.8, 0.99
M, 828423, 417443, 986765, 1123460, 409738, 165233, 606564, 127357, 39.6, 45.8, 1.01
M, 827932, 417446, 986202, 1123195, 410020, 165221, 606878, 127221, 39.6, 45.9, 1.00
M, 827724, 417372, 986272, 1123402, 410026, 165255, 607000, 127172, 39.6, 45.9, 1.01
M, 827873, 417428, 986623, 1124008, 410300, 165449, 607348, 127330, 39.6, 45.9, 1.00
M, 827988, 417459, 986883, 1124413, 410470, 165465, 607625, 127337, 39.6, 45.9, 1.00
M, 828061, 417541, 987177, 1124869, 410756, 165607, 607931, 127428, 39.6, 45.9, 1.01
M, 828502, 417650, 987869, 1125620, 411015, 165687, 608323, 127442, 39.6, 45.9, 1.00
M, 828603, 417705, 987809, 1125803, 411255, 165774, 608650, 127465, 39.6, 45.9, 1.00
M, 828538, 417727, 988208, 1126068, 411493, 165841, 608911, 127460, 39.6, 45.9, 1.00
M, 828535, 417796, 988384, 1126629, 411642, 165971, 609147, 127532, 39.6, 45.9, 1.00
M, 828717, 417913, 988798, 1127223, 411872, 166043, 609442, 127545, 39.6, 45.9, 1.01
M, 828962, 418075, 988919, 1127469, 412069, 166134, 609717, 127646, 39.6, 45.9, 1.00
M, 829421, 418202, 989801, 1128254, 412372, 166250, 610117, 127663, 39.6, 45.9, 1.00
M, 829154, 418287, 989817, 1128385, 412499, 166268, 610309, 127603, 39.6, 45.9, 1.00
M, 829297, 418250, 990251, 1128959, 412747, 166357, 610623, 127715, 39.6, 45.9, 0.99
M, 829387, 418421, 990472, 1129180, 412933, 166424, 610821, 127721, 39.6, 45.9, 1.00
M, 829725, 418456, 991056, 1129828, 413137, 166504, 611144, 127745, 39.6, 45.9, 1.01
M, 831998, 418898, 993764, 1132463, 413673, 166973, 611878, 128096, 39.6, 45.9, 0.99
M, 831584, 419117, 993793, 1132165, 413884, 166962, 612069, 127966, 39.6, 45.9, 0.99
M, 831446, 419252, 993945, 1132630, 414038, 167035, 612277, 128036, 39.6, 45.9, 1.01
M, 830652, 419240, 993140, 1131871, 414131, 166982, 612380, 127917, 39.6, 45.9, 1.01
M, 830586, 419195, 992913, 1131911, 414136, 167049, 612436, 127962, 39.6, 45.9, 1.01
M, 830284, 419321, 992944, 1131811, 414360, 167014, 612686, 127913, 39.6, 45.9, 1.01
M, 830140, 419257, 992860, 1131702, 414356, 167079, 612728, 127859, 39.6, 45.9, 1.00
M, 830492, 419331, 993303, 1132020, 414521, 167140, 613052, 127913, 39.6, 45.9, 1.00
M, 830359, 419382, 993555, 1132396, 414670, 167142, 613191, 127918, 39.6, 45.9, 1.01
M, 830356, 419405, 993699, 1132716, 414806, 167264, 613320, 127928, 39.6, 45.9, 1.00
M, 830796, 419465, 994334, 1133333, 415049, 167353, 613732, 128048, 39.6, 45.9, 1.00
M, 830860, 419575, 994599, 1133452, 415220, 167353, 613880, 128018, 39.6, 45.9, 0.99
M, 830799, 419600, 994536, 1133460, 415318, 167460, 614025, 127976, 39.6, 45.9, 1.00
M, 830762, 419627, 994923, 1133898, 415439, 167497, 614278, 128088, 39.6, 45.9, 1.00
M, 830967, 419773, 995021, 1134226, 415520, 167608, 614397, 128079, 39.6, 45.9, 1.01
M, 830870, 419800, 995284, 1134320, 415690, 167605, 614527, 128066, 39.6, 45.9, 1.01
M, 831383, 419929, 996041, 1134971, 415900, 167765, 614868, 128177, 39.6, 45.9, 1.01
M, 831151, 420005, 995627, 1134634, 416083, 167714, 615060, 128108, 39.6, 45.9, 1.00
M, 831272, 420015, 996077, 1134852, 416100, 167709, 615169, 128137, 39.6, 45.9, 1.00
M, 831191, 419999, 996232, 1135208, 416258, 167840, 615374, 128189, 39.6, 45.9, 1.00
M, 833343, 420407, 999340, 1138092, 416809, 168208, 615970, 128540, 39.6, 45.9, 1.01
M, 833351, 420577, 999141, 1137863, 416979, 168289, 616133, 128434, 39.6, 45.9, 1.00
M, 833320, 420689, 999416, 1137862, 417070, 168246, 616310, 128400, 39.6, 45.9, 0.99
M, 832745, 420646, 999233, 1137696, 417072, 168266, 616349, 128411, 39.6, 45.9, 0.99
M, 832463, 420622, 998775, 1137110, 417093, 168264, 616450, 128309, 39.6, 45.9, 1.01
M, 832254, 420578, 998855, 1137315, 417127, 168244, 616512, 128280, 39.6, 45.9, 1.00
M, 831827, 420597, 998485, 1136892, 417240, 168263, 616655, 128251, 39.6, 45.9, 0.99
M, 831807, 420574, 998163, 1136683, 417232, 168204, 616684, 128232, 39.6, 45.9, 1.00
M, 831890, 420519, 998861, 1137350, 417368, 168289, 616852, 128244, 39.6, 45.9, 0.99
M, 831875, 420551, 999012, 1137373, 417498, 168356, 617054, 128275, 39.6, 46.0, 1.00
M, 831770, 420586, 999100, 1137552, 417601, 168364, 617123, 128340, 39.6, 46.0, 1.01
M, 832282, 420743, 999451, 1138023, 417732, 168460, 617326, 128378, 39.6, 46.0, 1.00
M, 832033, 420651, 999374, 1137633, 417813, 168407, 617363, 128279, 39.6, 46.0, 1.00
M, 831923, 420683, 999468, 1137729, 417847, 168472, 617589, 128294, 39.6, 46.0, 1.01
M, 831998, 420657, 999666, 1137923, 417909, 168516, 617678, 128294, 39.6, 46.0, 0.99
M, 832418, 420775, 1000419, 1138570, 418125, 168552, 617901, 128332, 39.6, 46.0, 1.00
M, 832285, 420755, 1000440, 1138724, 418204, 168684, 618023, 128389, 39.6, 46.0, 1.00
M, 832610, 420842, 1001035, 1139230, 418380, 168772, 618248, 128495, 39.6, 46.0, 1.00
M, 832923, 420880, 1001412, 1139316, 418500, 168730, 618396, 128440, 39.6, 46.0, 1.00
M, 832815, 420943, 1001543, 1139416, 418627, 168829, 618516, 128411, 39.6, 46.0, 0.99
M, 834492, 421162, 1004176, 1141919, 418944, 169147, 619055, 128729, 39.6, 46.0, 0.99
M, 834819, 421504, 1004312, 1142164, 419283, 169209, 619304, 128717, 39.6, 46.0, 1.00
M, 834589, 421404, 1004469, 1142051, 419248, 169216, 619329, 128725, 39.6, 46.0, 1.00
M, 834658, 421599, 1004667, 1141949, 419395, 169265, 619524, 128696, 39.6, 46.0, 0.99
M, 834335, 421554, 1004535, 1141717, 419365, 169207, 619495, 128670, 39.6, 46.0, 1.00
M, 834011, 421519, 1004333, 1141532, 419440, 169280, 619537, 128634, 39.6, 46.0, 0.99
M, 833764, 421527, 1004236, 1141557, 419391, 169268, 619539, 128633, 39.6, 46.0, 1.01
M, 833934, 421506, 1004375, 1141749, 419509, 169350, 619722, 128713, 39.6, 46.0, 1.00
M, 834068, 421483, 1004798, 1141932, 419599, 169355, 619861, 128706, 39.6, 46.0, 1.00
M, 834096, 421566, 1005153, 1141945, 419684, 169405, 619974, 128642, 39.6, 46.0, 1.01
M, 833865, 421572, 1004963, 1141722, 419718, 169374, 620075, 128587, 39.6, 46.0, 0.99
M, 833729, 421563, 1005002, 1141774, 419733, 169411, 620041, 128640, 39.6, 46.0, 1.01
M, 833973, 421614, 1005462, 1142145, 419862, 169445, 620264, 128620, 39.6, 46.0, 1.00
M, 833952, 421558, 1005680, 1142209, 419959, 169477, 620352, 128697, 39.6, 46.0, 0.99
M, 834250, 421638, 1006238, 1142782, 420064, 169610, 620541, 128745, 39.6, 46.0, 1.01
M, 834423, 421702, 1006651, 1142886, 420237, 169577, 620687, 128747, 39.6, 46.0, 1.00
M, 834291, 421693, 1006623, 1142815, 420200, 169590, 620788, 128643, 39.6, 46.0, 1.00
M, 834125, 421714, 1006513, 1142660, 420280, 169671, 620879, 128702, 39.6, 46.0, 1.00
M, 834300, 421662, 1006665, 1143085, 420383, 169727, 620955, 128701, 39.6, 46.0, 1.00
M, 834149, 421648, 1007099, 1143184, 420436, 169760, 621070, 128741, 39.6, 46.0, 1.00
M, 836759, 422159, 1010566, 1146149, 421011, 170185, 621691, 129080, 39.6, 46.1, 0.99
M, 836336, 422247, 1010247, 1145589, 421062, 170086, 621786, 128947, 39.6, 46.1, 1.00
M, 836135, 422212, 1010220, 1145481, 421037, 170050, 621785, 128983, 39.6, 46.1, 1.01
M, 835678, 422218, 1009902, 1145251, 420969, 170139, 621764, 128885, 39.6, 46.1, 0.99
M, 835538, 422189, 1009715, 1144939, 421107, 170142, 621864, 128897, 39.6, 46.1, 1.00
M, 835189, 422039, 1009466, 1144519, 421063, 170051, 621812, 128868, 39.6, 46.1, 1.01
M, 834656, 422153, 1009095, 1144132, 421046, 170062, 621820, 128806, 39.6, 46.1, 1.01
M, 834386, 421868, 1009111, 1144105, 421000, 170062, 621831, 128738, 39.6, 46.1, 0.99
M, 834787, 421990, 1009574, 1144321, 421101, 170173, 621967, 128901, 39.6, 46.1, 1.00
M, 834775, 421993, 1009932, 1144621, 421146, 170139, 622075, 128883, 39.6, 46.1, 0.99
M, 834829, 421965, 1010020, 1144410, 421195, 170152, 622116, 128848, 39.6, 46.1, 1.00
M, 834596, 421982, 1009992, 1144542, 421210, 170195, 622161, 128855, 39.6, 46.1, 1.00
M, 835024, 422045, 1010881, 1145017, 421409, 170267, 622394, 128900, 39.6, 46.1, 1.01
M, 834990, 422026, 1010931, 1145017, 421421, 170248, 622414, 128865, 39.6, 46.1, 1.00
M, 834900, 422078, 1011143, 1145306, 421512, 170377, 622505, 128936, 39.6, 46.1, 1.01
M, 835153, 422032, 1011132, 1145201, 421541, 170395, 622637, 128919, 39.6, 46.1, 0.99
M, 835262, 422019, 1011434, 1144923, 421542, 170375, 622704, 128867, 39.6, 46.1, 1.00
M, 834799, 421969, 1011398, 1144973, 421660, 170369, 622762, 128878, 39.6, 46.1, 1.01
M, 834778, 421859, 1011526, 1145092, 421642, 170371, 622801, 128892, 39.6, 46.1, 1.00
M, 835043, 421934, 1012142, 1145372, 421771, 170441, 622959, 128917, 39.6, 46.1, 0.99
M, 836761, 422252, 1014650, 1147836, 422114, 170854, 623406, 129229, 39.6, 46.1, 1.00
M, 836989, 422491, 1015052, 1147996, 422246, 170885, 623632, 129275, 39.6, 46.2, 0.99
M, 836734, 422501, 1014917, 1147505, 422226, 170781, 623548, 129134, 39.6, 46.2, 1.00
M, 836252, 422381, 1014572, 1147122, 422241, 170826, 623505, 129064, 39.6, 46.2, 1.01
M, 836068, 422360, 1014748, 1147224, 422281, 170870, 623602, 129110, 39.6, 46.2, 1.01
M, 835774, 422247, 1014275, 1146388, 422235, 170790, 623563, 128991, 39.6, 46.1, 1.01
M, 835420, 422218, 1014106, 1146483, 422179, 170743, 623452, 128990, 39.6, 46.1, 1.00
M, 834975, 422159, 1013510, 1145672, 422257, 170769, 623482, 128948, 39.6, 46.2, 1.01
M, 834583, 422072, 1013352, 1145353, 422039, 170636, 623401, 128860, 39.6, 46.2, 1.00
M, 834335, 421923, 1013222, 1145265, 422032, 170635, 623400, 128808, 39.6, 46.2, 1.01
M, 834635, 421902, 1013674, 1145579, 422130, 170698, 623518, 128848, 39.6, 46.2, 0.99
M, 834523, 421817, 1013979, 1145654, 422184, 170802, 623608, 128930, 39.6, 46.2, 1.01
M, 834717, 421890, 1013962, 1145735, 422295, 170816, 623717, 128933, 39.6, 46.2, 0.99
M, 834948, 421955, 1014808, 1146087, 422410, 170826, 623827, 128935, 39.6, 46.2, 1.01
M, 834872, 421949, 1014866, 1146088, 422374, 170835, 623907, 128954, 39.6, 46.2, 1.00
M, 835019, 421911, 1015079, 1146232, 422497, 170880, 624060, 128942, 39.6, 46.2, 1.00
M, 835453, 421945, 1015825, 1146849, 422609, 170942, 624161, 129023, 39.6, 46.2, 1.00
M, 835459, 422010, 1016074, 1146949, 422673, 171015, 624230, 129070, 39.6, 46.2, 1.00
M, 835796, 422109, 1016731, 1147500, 422883, 171110, 624416, 129149, 39.6, 46.2, 1.00
M, 835981, 422178, 1017180, 1147717, 422858, 171129, 624494, 129104, 39.6, 46.2, 1.01
M, 837762, 422392, 1019963, 1150000, 423242, 171500, 624992, 129343, 39.6, 46.2, 1.00
M, 837641, 422630, 1019993, 1149906, 423399, 171515, 625119, 129390, 39.6, 46.2, 0.99
M, 837490, 422643, 1019511, 1149531, 423424, 171480, 625035, 129348, 39.6, 46.2, 1.00
M, 837444, 422623, 1020011, 1149431, 423448, 171489, 625165, 129268, 39.6, 46.2, 1.00
M, 836923, 422566, 1019523, 1148880, 423354, 171472, 625069, 129261, 39.6, 46.2, 1.00
M, 836611, 422465, 1019351, 1148616, 423301, 171490, 625038, 129219, 39.6, 46.2, 0.99
M, 836317, 422469, 1019192, 1148215, 423305, 171420, 625092, 129157, 39.6, 46.2, 0.99
M, 836006, 422353, 1019052, 1148167, 423192, 171449, 624949, 129164, 39.6, 46.2, 0.99
M, 835803, 422346, 1019016, 1147688, 423323, 171437, 625030, 129119, 39.6, 46.2, 0.99
M, 835623, 422231, 1019012, 1147632, 423203, 171360, 624988, 129041, 39.6, 46.2, 1.01
M, 835704, 422259, 1019250, 1147950, 423281, 171378, 625108, 129125, 39.6, 46.2, 1.00
M, 835670, 422168, 1019535, 1147942, 423364, 171399, 625117, 129116, 39.6, 46.2, 1.01
M, 835774, 422214, 1019661, 1147800, 423361, 171482, 625235, 129150, 39.6, 46.2, 0.99
M, 836198, 422209, 1020340, 1148397, 423480, 171511, 625347, 129225, 39.6, 46.2, 1.00
M, 836186, 422205, 1020475, 1148283, 423540, 171565, 625419, 129231, 39.6, 46.2, 1.00
M, 836054, 422290, 1020338, 1148156, 423519, 171516, 625476, 129178, 39.6, 46.2, 1.00
M, 836071, 422235, 1020839, 1148607, 423677, 171647, 625514, 129203, 39.6, 46.2, 1.00
M, 835881, 422258, 1020867, 1148354, 423498, 171596, 625524, 129195, 39.6, 46.2, 1.00
M, 836164, 422219, 1021149, 1148641, 423745, 171693, 625639, 129274, 39.6, 46.2, 1.00
M, 836275, 422298, 1021495, 1148708, 423736, 171715, 625772, 129295, 39.6, 46.2, 1.00
M, 838521, 422683, 1024983, 1151702, 424225, 172110, 626298, 129568, 39.6, 46.2, 1.00
M, 838046, 422742, 1024685, 1151205, 424285, 172065, 626322, 129483, 39.6, 46.2, 1.01
M, 838045, 422773, 1024607, 1150886, 424213, 172117, 626263, 129488, 39.6, 46.2, 1.00
M, 837620, 422717, 1024495, 1150597, 424231, 172076, 626271, 129449, 39.6, 46.2, 0.99
M, 837480, 422647, 1024377, 1150248, 424208, 172053, 626317, 129321, 39.6, 46.2, 1.01
M, 837037, 422574, 1023654, 1149625, 424121, 171953, 626226, 129329, 39.6, 46.2, 1.00
M, 836838, 422575, 1024076, 1149717, 424153, 171998, 626229, 129350, 39.6, 46.2, 1.00
M, 836274, 422480, 1023589, 1149102, 424141, 171978, 626178, 129262, 39.6, 46.2, 0.99
M, 836072, 422350, 1023416, 1149072, 424005, 171962, 626174, 129282, 39.6, 46.2, 1.01
M, 835920, 422361, 1023470, 1148717, 424126, 171977, 626177, 129174, 39.6, 46.2, 1.01
M, 835770, 422249, 1023376, 1148511, 424009, 171924, 626112, 129199, 39.6, 46.2, 0.99
M, 835978, 422237, 1023599, 1148774, 424082, 171988, 626186, 129217, 39.6, 46.2, 0.99
M, 835951, 422205, 1023837, 1148785, 424095, 171916, 626185, 129219, 39.6, 46.2, 0.99
M, 835956, 422172, 1024141, 1148938, 424082, 171986, 626307, 129249, 39.6, 46.2, 1.00
M, 836223, 422181, 1024787, 1149348, 424271, 172057, 626439, 129368, 39.6, 46.3, 0.99
M, 836459, 422189, 1025084, 1149214, 424244, 172055, 626480, 129270, 39.6, 46.3, 1.00
M, 836257, 422171, 1025075, 1149143, 424289, 172017, 626514, 129297, 39.6, 46.3, 0.99
M, 835936, 422128, 1025035, 1149139, 424286, 172092, 626571, 129272, 39.6, 46.3, 1.00
M, 836213, 422187, 1025491, 1149507, 424288, 172149, 626601, 129285, 39.6, 46.3, 1.00
M, 836415, 422173, 1025710, 1149421, 424381, 172134, 626740, 129374, 39.6, 46.3, 0.99
M, 838698, 422565, 1029115, 1152386, 424829, 172527, 627234, 129749, 39.6, 46.3, 1.00
M, 838482, 422746, 1028756, 1151848, 424948, 172502, 627356, 129632, 39.6, 46.3, 1.00
M, 837977, 422697, 1028458, 1151327, 424833, 172460, 627171, 129546, 39.6, 46.3, 0.99
M, 837588, 422592, 1028266, 1151057, 424848, 172502, 627188, 129497, 39.6, 46.3, 1.00
M, 837586, 422633, 1028538, 1151235, 424846, 172481, 627200, 129549, 39.6, 46.3, 0.98
M, 837447, 422627, 1028204, 1150929, 424856, 172461, 627201, 129515, 39.6, 46.3, 1.01
M, 837458, 422644, 1028548, 1150823, 424845, 172474, 627237, 129443, 39.6, 46.3, 1.01
M, 837076, 422562, 1028565, 1150669, 424855, 172456, 627201, 129395, 39.6, 46.3, 1.01
M, 836863, 422584, 1028141, 1150081, 424871, 172443, 627222, 129347, 39.6, 46.3, 0.99
M, 836773, 422462, 1028331, 1150180, 424725, 172464, 627140, 129403, 39.6, 46.3, 1.01
M, 836178, 422443, 1027974, 1149684, 424788, 172418, 627160, 129349, 39.6, 46.3, 1.00
M, 836232, 422274, 1027717, 1149414, 424769, 172393, 627091, 129242, 39.6, 46.3, 1.00
M, 836062, 422249, 1028007, 1149454, 424731, 172320, 627117, 129306, 39.6, 46.3, 1.00
M, 836024, 422190, 1028132, 1149541, 424671, 172311, 627161, 129279, 39.6, 46.3, 1.00
M, 835880, 422127, 1028196, 1149548, 424706, 172443, 627225, 129325, 39.6, 46.3, 1.00
M, 836370, 422170, 1028862, 1150048, 424782, 172414, 627333, 129396, 39.6, 46.3, 0.99
M, 836516, 422237, 1029020, 1149809, 424869, 172418, 627445, 129341, 39.6, 46.3, 1.00
M, 836423, 422135, 1029040, 1149756, 424911, 172457, 627404, 129335, 39.6, 46.3, 1.00
M, 836353, 422157, 1029016, 1149895, 424882, 172496, 627462, 129424, 39.6, 46.3, 1.00
M, 836602, 422212, 1029753, 1150038, 424952, 172537, 627518, 129381, 39.6, 46.3, 0.99
M, 838354, 422441, 1032338, 1152490, 425310, 172895, 627997, 129743, 39.6, 46.3, 1.00
M, 838642, 422680, 1032816, 1152647, 425492, 172962, 628173, 129699, 39.6, 46.3, 1.00
M, 838373, 422721, 1032680, 1152235, 425458, 172882, 628112, 129639, 39.6, 46.3, 1.00
M, 837893, 422671, 1032354, 1151772, 425348, 172854, 628060, 129593, 39.6, 46.3, 0.99
M, 837504, 422592, 1032204, 1151632, 425378, 172836, 628066, 129511, 39.6, 46.3, 1.01
M, 837773, 422483, 1032521, 1151743, 425389, 172916, 628078, 129510, 39.6, 46.3, 0.99
M, 837461, 422551, 1032487, 1151581, 425419, 172873, 628062, 129541, 39.6, 46.3, 1.01
M, 837540, 422529, 1032616, 1151422, 425447, 172864, 628099, 129583, 39.6, 46.3, 1.00
M, 837338, 422475, 1032360, 1151136, 425368, 172827, 628075, 129475, 39.6, 46.3, 1.00
M, 836933, 422496, 1032299, 1150923, 425407, 172783, 628011, 129508, 39.6, 46.3, 1.01
M, 836827, 422395, 1032324, 1150848, 425330, 172791, 628045, 129438, 39.6, 46.3, 1.00
M, 837006, 422378, 1032848, 1151228, 425373, 172925, 628130, 129558, 39.6, 46.3, 1.00
M, 837213, 422376, 1033042, 1151255, 425437, 172937, 628204, 129601, 39.6, 46.3, 1.00
M, 837303, 422424, 1033565, 1151323, 425496, 172955, 628240, 129506, 39.6, 46.3, 1.00
M, 837039, 422352, 1033303, 1150812, 425440, 172899, 628196, 129467, 39.6, 46.3, 1.00
M, 836980, 422314, 1033048, 1150942, 425441, 172953, 628216, 129468, 39.6, 46.3, 0.98
M, 837093, 422397, 1033714, 1151064, 425573, 172953, 628284, 129543, 39.6, 46.3, 1.01
M, 836982, 422269, 1033804, 1151084, 425475, 173023, 628279, 129492, 39.6, 46.3, 1.00
M, 837286, 422320, 1034366, 1151547, 425687, 173002, 628431, 129551, 39.6, 46.3, 0.99
M, 837473, 422314, 1034833, 1151520, 425657, 173025, 628422, 129550, 39.6, 46.3, 1.00
A, 847425, 423977, 1048709, 1163850, 427627, 174912, 630698, 131352, 39.6, 46.3, 0.00
A, 858258, 426718, 1065197, 1178431, 430177, 177135, 633238, 133207, 39.6, 46.3, 0.58
A, 865368, 428881, 1076299, 1187795, 431754, 178711, 634725, 134311, 39.7, 46.3, 0.74
A, 870038, 430541, 1084222, 1194341, 432771, 179976, 635605, 135034, 39.7, 46.3, 0.84
A, 873702, 432191, 1091364, 1199594, 433710, 181102, 636463, 135615, 39.7, 46.3, 0.91
A, 876113, 433312, 1096453, 1202662, 434303, 181915, 637010, 136010, 39.7, 46.3, 0.91
A, 877904, 434564, 1101173, 1205624, 434819, 182734, 637464, 136387, 39.7, 46.3, 0.96
A, 878534, 435664, 1105019, 1207085, 435224, 183455, 637768, 136580, 39.7, 46.3, 0.97
A, 878708, 436424, 1107516, 1207488, 435436, 183915, 637673, 136651, 39.7, 46.3, 0.97
A, 878500, 437058, 1110011, 1207969, 435453, 184408, 637578, 136765, 39.7, 46.3, 0.99
A, 877568, 437557, 1111419, 1207478, 435364, 184801, 637404, 136785, 39.7, 46.3, 1.00
A, 877055, 437968, 1113046, 1206943, 435279, 185064, 637119, 136874, 39.7, 46.3, 0.99
A, 876106, 438454, 1114618, 1205888, 435062, 185320, 636658, 136735, 39.7, 46.3, 0.98
A, 874699, 438655, 1115384, 1204756, 434798, 185495, 636230, 136690, 39.7, 46.3, 0.99
A, 873127, 438767, 1115784, 1202890, 434533, 185703, 635633, 136685, 39.7, 46.3, 0.99
A, 871875, 438788, 1116548, 1201816, 434082, 185811, 635272, 136659, 39.7, 46.3, 1.01
A, 869741, 438777, 1116764, 1199466, 433682, 185909, 634519, 136527, 39.7, 46.3, 1.00
A, 868707, 438652, 1116956, 1198023, 433324, 185988, 634013, 136428, 39.7, 46.3, 1.00
A, 867584, 438609, 1117820, 1197087, 432977, 186077, 633557, 136449, 39.7, 46.3, 1.00
A, 866214, 438457, 1118129, 1195466, 432502, 186144, 632994, 136389, 39.7, 46.3, 0.99
A, 866583, 438624, 1121037, 1196311, 432489, 186544, 632864, 136726, 39.7, 46.3, 1.00
A, 865401, 438683, 1121415, 1194734, 432208, 186616, 632425, 136653, 39.6, 46.3, 1.00
A, 863700, 438474, 1121348, 1192464, 431659, 186552, 631667, 136469, 39.6, 46.3, 0.99
A, 862011, 438119, 1120921, 1190270, 431068, 186483, 631021, 136358, 39.7, 46.4, 1.00
A, 860469, 437806, 1120509, 1188628, 430679, 186441, 630432, 136326, 39.7, 46.4, 1.01
A, 859334, 437589, 1121019, 1187161, 430304, 186401, 629901, 136243, 39.7, 46.4, 1.00
A, 857937, 437281, 1120787, 1185556, 429832, 186451, 629350, 136191, 39.7, 46.4, 1.00
A, 856911, 436945, 1121187, 1184280, 429417, 186428, 628787, 136159, 39.7, 46.4, 1.00
A, 855550, 436553, 1121111, 1182339, 429012, 186374, 628222, 136100, 39.7, 46.4, 1.00
A, 854153, 436286, 1120834, 1180690, 428548, 186245, 627649, 135974, 39.6, 46.4, 1.00
A, 852935, 435909, 1120596, 1179369, 428098, 186280, 627142, 135966, 39.6, 46.4, 1.01
A, 852008, 435561, 1120916, 1178198, 427731, 186248, 626756, 135959, 39.6, 46.4, 1.00
A, 850995, 435289, 1120583, 1176540, 427427, 186200, 626281, 135869, 39.6, 46.4, 1.01
A, 849988, 434816, 1120778, 1175040, 426996, 186124, 625732, 135854, 39.6, 46.4, 1.00
A, 848751, 434401, 1120156, 1173479, 426592, 186051, 625169, 135725, 39.6, 46.4, 1.00
A, 847519, 434073, 1119957, 1171863, 426129, 185881, 624629, 135647, 39.6, 46.4, 1.00
A, 846658, 433695, 1119920, 1170951, 425856, 185873, 624299, 135684, 39.6, 46.4, 1.01
A, 845535, 433194, 1119617, 1169078, 425468, 185755, 623692, 135568, 39.6, 46.4, 1.00
A, 844967, 432838, 1119579, 1168007, 425064, 185665, 623289, 135478, 39.6, 46.4, 1.00
A, 844340, 432607, 1120033, 1167744, 424885, 185758, 623069, 135507, 39.6, 46.4, 1.00
A, 845665, 432495, 1123113, 1169191, 424982, 186053, 623124, 135872, 39.6, 46.4, 1.00
A, 844851, 432313, 1122617, 1167818, 424713, 186013, 622769, 135782, 39.6, 46.4, 1.00
A, 844287, 432090, 1123099, 1166951, 424510, 186012, 622414, 135772, 39.6, 46.4, 1.00
A, 843284, 431731, 1122688, 1165536, 424152, 185916, 621969, 135652, 39.6, 46.4, 1.00
A, 842229, 431309, 1122086, 1164108, 423775, 185840, 621512, 135569, 39.6, 46.4, 1.00
A, 841614, 431019, 1122219, 1163541, 423515, 185728, 621168, 135545, 39.6, 46.4, 1.00
A, 840861, 430662, 1121913, 1162320, 423204, 185694, 620737, 135472, 39.6, 46.4, 1.00
A, 839983, 430284, 1121654, 1161330, 422859, 185727, 620392, 135518, 39.6, 46.4, 1.00
A, 839544, 430051, 1121960, 1160571, 422673, 185663, 620130, 135491, 39.6, 46.4, 1.00
A, 839117, 429739, 1121981, 1159556, 422414, 185542, 619740, 135351, 39.6, 46.4, 1.00
A, 838394, 429390, 1121642, 1158545, 422099, 185489, 619380, 135389, 39.6, 46.4, 1.00
A, 838013, 429166, 1121687, 1158071, 421901, 185423, 619122, 135431, 39.6, 46.4, 0.99
A, 837419, 428853, 1121903, 1157225, 421692, 185369, 618814, 135372, 39.6, 46.5, 1.00
A, 837178, 428639, 1122079, 1156801, 421511, 185451, 618624, 135367, 39.6, 46.5, 1.00
A, 836606, 428346, 1122003, 1155736, 421289, 185287, 618326, 135261, 39.6, 46.5, 1.00
A, 835976, 428047, 1121886, 1155035, 420999, 185242, 618000, 135247, 39.6, 46.5, 1.01
A, 835268, 427747, 1121518, 1153920, 420753, 185158, 617652, 135208, 39.6, 46.5, 1.00
A, 834710, 427414, 1121406, 1153470, 420516, 185098, 617370, 135220, 39.6, 46.5, 1.00
A, 834151, 427176, 1121180, 1152285, 420269, 185009, 617056, 135114, 39.6, 46.5, 1.00
A, 833803, 426866, 1120944, 1151466, 420025, 184922, 616769, 135068, 39.6, 46.5, 1.00
A, 835241, 426898, 1124035, 1153646, 420242, 185269, 616997, 135411, 39.6, 46.5, 1.00
A, 834800, 426809, 1123645, 1152650, 420028, 185158, 616781, 135368, 39.6, 46.5, 1.00
A, 834088, 426555, 1123274, 1151802, 419881, 185077, 616435, 135240, 39.6, 46.5, 1.00
A, 833862, 426367, 1123543, 1151356, 419684, 185128, 616264, 135310, 39.6, 46.5, 1.00
A, 833354, 426072, 1123033, 1150230, 419409, 184959, 615907, 135167, 39.6, 46.5, 1.00
A, 832531, 425810, 1122459, 1148961, 419122, 184850, 615649, 135065, 39.6, 46.5, 1.00
A, 831913, 425510, 1122186, 1148599, 418883, 184798, 615313, 135021, 39.6, 46.5, 0.99
A, 831787, 425348, 1122604, 1148333, 418767, 184817, 615163, 135088, 39.6, 46.5, 1.00
A, 831458, 425154, 1122397, 1147629, 418582, 184713, 614977, 135009, 39.6, 46.5, 1.00
A, 831329, 424919, 1122724, 1147352, 418464, 184728, 614791, 135099, 39.6, 46.5, 1.00
A, 830888, 424821, 1122641, 1146719, 418380, 184694, 614608, 135038, 39.6, 46.5, 1.01
A, 830563, 424516, 1122375, 1145992, 418181, 184607, 614363, 134977, 39.6, 46.5, 0.99
A, 830387, 424376, 1122702, 1146029, 418032, 184578, 614258, 135003, 39.6, 46.5, 1.01
A, 830047, 424209, 1122570, 1145498, 417855, 184502, 613998, 134986, 39.6, 46.5, 1.00
A, 829629, 424052, 1122486, 1145070, 417719, 184555, 613896, 134949, 39.6, 46.5, 1.01
A, 829672, 423829, 1122698, 1144342, 417634, 184500, 613652, 134986, 39.6, 46.5, 1.00
A, 829328, 423704, 1122590, 1144105, 417436, 184395, 613514, 134931, 39.6, 46.5, 1.00
A, 828722, 423524, 1122176, 1143299, 417357, 184343, 613205, 134879, 39.6, 46.5, 1.01
A, 828644, 423343, 1122156, 1142957, 417108, 184287, 613023, 134878, 39.6, 46.5, 1.00
A, 828637, 423201, 1122581, 1143027, 417056, 184324, 612944, 134873, 39.6, 46.5, 1.00
A, 830478, 423439, 1125763, 1145339, 417344, 184676, 613272, 135263, 39.6, 46.5, 1.00
A, 830227, 423420, 1125604, 1144380, 417314, 184556, 613118, 135167, 39.6, 46.5, 1.00
A, 829578, 423181, 1124958, 1143382, 417007, 184447, 612846, 135055, 39.6, 46.5, 1.01
A, 828630, 422962, 1124044, 1142621, 416781, 184280, 612485, 134983, 39.6, 46.5, 1.00
A, 828618, 422850, 1124352, 1142395, 416692, 184357, 612407, 134962, 39.6, 46.5, 0.99
A, 828237, 422638, 1124028, 1141868, 416511, 184277, 612200, 134985, 39.6, 46.5, 1.00
A, 828143, 422543, 1124527, 1141678, 416394, 184330, 612096, 135014, 39.6, 46.5, 1.01
A, 827715, 422373, 1124221, 1140964, 416245, 184188, 611858, 134909, 39.6, 46.5, 0.99
A, 827286, 422256, 1123737, 1140310, 416089, 184060, 611664, 134799, 39.6, 46.5, 1.00
A, 826958, 422036, 1123660, 1140081, 415918, 184052, 611454, 134822, 39.6, 46.5, 0.99
A, 826653, 421921, 1123471, 1139601, 415772, 184011, 611337, 134767, 39.6, 46.5, 1.00
A, 826251, 421656, 1123312, 1139089, 415628, 183970, 611129, 134818, 39.6, 46.5, 1.00
A, 826435, 421628, 1123697, 1139142, 415622, 184027, 611035, 134819, 39.6, 46.5, 1.00
A, 826152, 421475, 1123561, 1138556, 415407, 183902, 610844, 134788, 39.6, 46.5, 1.00
A, 825819, 421358, 1123399, 1138122, 415325, 183810, 610666, 134706, 39.6, 46.5, 1.00
A, 825995, 421302, 1123497, 1138056, 415251, 183811, 610638, 134800, 39.6, 46.5, 1.00
A, 825514, 421208, 1123277, 1137367, 415153, 183681, 610448, 134682, 39.6, 46.5, 1.00
A, 825219, 421035, 1123053, 1136901, 414965, 183708, 610229, 134674, 39.6, 46.5, 0.99
A, 824879, 420810, 1122728, 1136311, 414912, 183566, 610121, 134673, 39.6, 46.5, 1.00
A, 824724, 420673, 1122750, 1136325, 414734, 183500, 609934, 134621, 39.6, 46.5, 1.00
A, 826628, 420949, 1125934, 1138724, 415064, 183908, 610332, 134989, 39.6, 46.5, 1.00
A, 826336, 421029, 1125823, 1138234, 415074, 183805, 610223, 134953, 39.6, 46.5, 1.01
A, 825866, 420820, 1125097, 1137224, 414865, 183701, 610012, 134833, 39.6, 46.5, 1.01
A, 825421, 420707, 1124832, 1136736, 414706, 183690, 609881, 134851, 39.6, 46.6, 1.00
A, 825433, 420699, 1125143, 1136828, 414674, 183693, 609816, 134883, 39.6, 46.6, 1.01
A, 825039, 420492, 1124776, 1136234, 414508, 183629, 609597, 134771, 39.6, 46.6, 1.00
A, 824699, 420343, 1124459, 1135813, 414386, 183511, 609429, 134684, 39.6, 46.6, 1.01
A, 824828, 420326, 1124828, 1135867, 414386, 183524, 609386, 134707, 39.6, 46.5, 0.99
A, 824592, 420234, 1124217, 1135046, 414202, 183400, 609220, 134658, 39.6, 46.5, 0.99
A, 824281, 420079, 1124110, 1134519, 414069, 183404, 609076, 134629, 39.6, 46.5, 1.00
A, 823873, 419938, 1123950, 1134372, 413988, 183251, 608934, 134643, 39.6, 46.5, 0.99
A, 823929, 419930, 1124305, 1134490, 413942, 183285, 608869, 134660, 39.6, 46.5, 1.01
A, 823749, 419784, 1123697, 1134078, 413812, 183298, 608779, 134690, 39.6, 46.5, 0.99
A, 823875, 419752, 1124456, 1134170, 413829, 183301, 608729, 134671, 39.6, 46.6, 1.01
A, 823704, 419739, 1124468, 1133886, 413794, 183181, 608612, 134648, 39.6, 46.6, 1.01
A, 823408, 419550, 1124238, 1133458, 413644, 183133, 608472, 134581, 39.6, 46.6, 1.01
A, 823328, 419426, 1124168, 1133343, 413542, 183122, 608360, 134582, 39.6, 46.6, 1.00
A, 823044, 419437, 1123999, 1132876, 413438, 183053, 608220, 134531, 39.6, 46.6, 1.00
A, 822787, 419252, 1123888, 1132775, 413380, 183046, 608142, 134584, 39.6, 46.6, 1.01
A, 822691, 419243, 1123623, 1132257, 413320, 182953, 608013, 134492, 39.6, 46.6, 1.01
A, 823935, 419305, 1125850, 1134008, 413405, 183175, 608207, 134765, 39.6, 46.6, 1.00
A, 823998, 419392, 1125948, 1133890, 413501, 183182, 608301, 134720, 39.6, 46.6, 1.00
A, 823855, 419316, 1125626, 1133522, 413392, 183079, 608073, 134713, 39.6, 46.6, 1.00
A, 823559, 419215, 1125653, 1133123, 413281, 183088, 607943, 134648, 39.6, 46.6, 1.00
A, 823567, 419252, 1125912, 1133201, 413263, 183036, 607833, 134693, 39.6, 46.6, 0.99
A, 823403, 419179, 1125696, 1132763, 413152, 183033, 607794, 134632, 39.6, 46.6, 1.00
A, 823044, 419135, 1125471, 1132205, 413045, 182889, 607627, 134581, 39.6, 46.6, 1.01
A, 822785, 419024, 1125198, 1132023, 413005, 182928, 607491, 134609, 39.6, 46.6, 1.00
A, 822816, 418915, 1125400, 1132030, 412891, 182849, 607427, 134610, 39.6, 46.6, 1.00
A, 822669, 418787, 1125164, 1131685, 412859, 182882, 607352, 134575, 39.6, 46.6, 0.99
A, 822865, 418900, 1125744, 1131859, 412833, 182942, 607335, 134668, 39.6, 46.6, 1.00
A, 822613, 418782, 1125700, 1131688, 412780, 182829, 607231, 134606, 39.6, 46.6, 1.00
A, 822468, 418679, 1125374, 1131297, 412662, 182763, 607127, 134616, 39.6, 46.6, 1.00
A, 822510, 418687, 1125658, 1131427, 412682, 182744, 607096, 134612, 39.6, 46.6, 1.00
A, 822366, 418638, 1125579, 1131249, 412601, 182709, 606967, 134579, 39.6, 46.6, 0.99
A, 822506, 418648, 1125663, 1130965, 412539, 182745, 606935, 134532, 39.6, 46.6, 1.01
A, 822139, 418474, 1125311, 1130367, 412410, 182633, 606852, 134474, 39.6, 46.6, 0.99
A, 822090, 418500, 1125567, 1130660, 412344, 182672, 606768, 134499, 39.6, 46.6, 1.01
A, 821393, 418415, 1124701, 1129802, 412207, 182501, 606614, 134497, 39.6, 46.6, 1.01
A, 821325, 418237, 1124533, 1129598, 412107, 182464, 606478, 134526, 39.6, 46.6, 0.99
A, 823567, 418706, 1128135, 1132322, 412595, 182868, 606967, 134786, 39.6, 46.6, 1.01
A, 823053, 418662, 1127582, 1131517, 412510, 182708, 606796, 134728, 39.6, 46.6, 0.99
A, 822756, 418555, 1127242, 1131181, 412374, 182702, 606650, 134652, 39.6, 46.6, 1.00
A, 822456, 418496, 1126983, 1130862, 412260, 182630, 606562, 134609, 39.6, 46.6, 0.99
A, 822085, 418414, 1126582, 1130472, 412137, 182599, 606414, 134634, 39.6, 46.6, 1.01
A, 821993, 418359, 1126762, 1130373, 412114, 182581, 606404, 134645, 39.6, 46.6, 1.00
A, 821966, 418286, 1126553, 1129960, 411959, 182412, 606225, 134552, 39.6, 46.6, 1.00
A, 821613, 418146, 1126206, 1129574, 411949, 182421, 606195, 134437, 39.6, 46.6, 1.00
A, 820833, 418062, 1124809, 1128524, 411774, 182274, 605924, 134463, 39.6, 46.6, 1.00
A, 821070, 417973, 1125189, 1128645, 411669, 182338, 605888, 134487, 39.6, 46.6, 1.00
A, 820211, 417703, 1124663, 1128049, 411503, 182195, 605688, 134393, 39.6, 46.6, 1.00
A, 820703, 417786, 1125308, 1128459, 411576, 182223, 605729, 134411, 39.6, 46.6, 1.00
A, 820739, 417792, 1125471, 1128165, 411539, 182090, 605646, 134421, 39.6, 46.6, 1.00
A, 820288, 417575, 1124981, 1127680, 411418, 182061, 605516, 134311, 39.6, 46.6, 1.00
A, 820412, 417668, 1125358, 1128062, 411418, 182141, 605516, 134327, 39.6, 46.6, 1.00
A, 820194, 417480, 1125264, 1127884, 411297, 182026, 605453, 134349, 39.6, 46.6, 1.00
A, 820638, 417545, 1125599, 1127967, 411390, 182022, 605436, 134431, 39.6, 46.6, 1.00
A, 820700, 417586, 1125728, 1127939, 411391, 182031, 605485, 134385, 39.6, 46.6, 1.01
A, 820330, 417455, 1125564, 1127812, 411307, 181999, 605332, 134408, 39.6, 46.6, 1.01
A, 820317, 417516, 1125428, 1127492, 411278, 181997, 605292, 134400, 39.6, 46.6, 1.01
A, 821735, 417584, 1127604, 1129377, 411466, 182205, 605548, 134698, 39.6, 46.6, 0.99
A, 821395, 417761, 1126825, 1128583, 411490, 182154, 605535, 134585, 39.6, 46.6, 1.01
A, 821021, 417602, 1126611, 1128048, 411340, 182057, 605331, 134486, 39.6, 46.6, 1.00
A, 820999, 417567, 1126777, 1128278, 411307, 182032, 605325, 134475, 39.6, 46.6, 0.99
A, 820805, 417433, 1126605, 1127943, 411193, 181981, 605206, 134449, 39.6, 46.6, 1.00
A, 820542, 417427, 1126345, 1127666, 411148, 181990, 605120, 134485, 39.6, 46.6, 1.00
A, 820760, 417403, 1126418, 1127839, 411161, 181978, 605091, 134460, 39.6, 46.6, 1.00
A, 820553, 417348, 1126436, 1127427, 411094, 181938, 605054, 134445, 39.6, 46.6, 0.99
A, 820254, 417278, 1126022, 1126987, 411005, 181810, 604984, 134378, 39.6, 46.6, 1.00
A, 820128, 417221, 1126038, 1126860, 410917, 181813, 604876, 134377, 39.6, 46.6, 0.99
A, 820111, 417206, 1126103, 1127015, 410921, 181718, 604785, 134407, 39.6, 46.6, 1.01
A, 819990, 417080, 1126088, 1126927, 410823, 181780, 604804, 134444, 39.6, 46.6, 1.00
A, 820212, 417160, 1126509, 1127188, 410833, 181812, 604815, 134465, 39.6, 46.6, 0.99
A, 820173, 417226, 1126424, 1126904, 410868, 181727, 604742, 134385, 39.6, 46.6, 1.01
A, 819966, 417033, 1126124, 1126570, 410742, 181641, 604639, 134301, 39.6, 46.7, 0.99
A, 820124, 417055, 1126340, 1126859, 410763, 181693, 604662, 134440, 39.6, 46.7, 1.00
A, 820053, 417064, 1126098, 1126631, 410704, 181685, 604608, 134453, 39.6, 46.7, 1.00
A, 820217, 417115, 1126689, 1126936, 410752, 181633, 604596, 134459, 39.6, 46.7, 0.98
A, 820190, 417041, 1126542, 1126640, 410715, 181645, 604580, 134425, 39.6, 46.7, 0.99
A, 820083, 416990, 1126501, 1126352, 410730, 181618, 604496, 134391, 39.6, 46.7, 0.98
A, 821881, 417407, 1129358, 1128857, 411052, 181943, 604938, 134707, 39.6, 46.7, 0.99
A, 821539, 417407, 1128994, 1128522, 410949, 181900, 604839, 134681, 39.6, 46.7, 1.01
A, 821449, 417343, 1128664, 1128203, 410915, 181903, 604759, 134664, 39.6, 46.7, 1.01
A, 821211, 417307, 1128619, 1127895, 410827, 181846, 604684, 134615, 39.6, 46.7, 1.01
A, 820864, 417264, 1128468, 1127618, 410823, 181706, 604492, 134530, 39.6, 46.7, 1.01
A, 820337, 417112, 1127916, 1126961, 410671, 181643, 604414, 134459, 39.6, 46.7, 1.01
A, 820070, 417033, 1127416, 1126426, 410525, 181565, 604233, 134379, 39.6, 46.7, 1.00
A, 820077, 417034, 1127673, 1126674, 410548, 181584, 604237, 134436, 39.6, 46.7, 1.00
A, 819839, 416978, 1127279, 1126327, 410468, 181544, 604158, 134491, 39.6, 46.7, 0.99
A, 819904, 416918, 1127763, 1126564, 410495, 181539, 604222, 134532, 39.6, 46.7, 1.01
A, 820065, 417043, 1127807, 1126331, 410440, 181485, 604112, 134449, 39.6, 46.7, 1.01
A, 819692, 416863, 1127456, 1125965, 410328, 181428, 604004, 134308, 39.6, 46.7, 0.99
A, 819442, 416780, 1127030, 1125661, 410297, 181403, 603930, 134367, 39.6, 46.7, 1.00
A, 819600, 416741, 1127053, 1125778, 410273, 181399, 603912, 134411, 39.6, 46.7, 1.00
A, 819428, 416716, 1127274, 1125767, 410228, 181387, 603833, 134394, 39.6, 46.7, 1.00
A, 819651, 416740, 1127496, 1125672, 410252, 181438, 603881, 134328, 39.6, 46.7, 1.00
A, 819422, 416680, 1127292, 1125384, 410145, 181334, 603771, 134431, 39.6, 46.7, 1.00
A, 819446, 416651, 1127542, 1125557, 410147, 181273, 603778, 134388, 39.6, 46.7, 0.99
A, 819118, 416525, 1127250, 1125345, 410077, 181301, 603624, 134386, 39.6, 46.7, 1.01
A, 819295, 416581, 1127011, 1125084, 410102, 181268, 603651, 134358, 39.6, 46.7, 1.00
A, 820617, 416756, 1129412, 1126785, 410264, 181459, 603870, 134633, 39.6, 46.7, 0.99
A, 819949, 416830, 1128781, 1126056, 410326, 181399, 603831, 134526, 39.6, 46.7, 1.00
A, 819606, 416624, 1128212, 1125725, 410168, 181361, 603681, 134445, 39.6, 46.7, 1.01
A, 819669, 416629, 1128343, 1125758, 410113, 181316, 603693, 134445, 39.6, 46.7, 1.00
A, 819442, 416589, 1128174, 1125429, 410009, 181297, 603546, 134438, 39.6, 46.7, 1.00
A, 819308, 416535, 1127759, 1124981, 410011, 181228, 603503, 134402, 39.6, 46.7, 1.00
A, 818951, 416467, 1127181, 1124542, 409915, 181113, 603391, 134356, 39.6, 46.7, 1.00
A, 818674, 416359, 1127285, 1124518, 409847, 181091, 603355, 134298, 39.6, 46.7, 1.01
A, 818695, 416366, 1127484, 1124575, 409751, 181018, 603366, 134294, 39.6, 46.7, 1.00
A, 818472, 416286, 1127241, 1124383, 409760, 181047, 603292, 134412, 39.6, 46.7, 1.01
A, 818854, 416287, 1127474, 1124690, 409768, 181105, 603337, 134345, 39.6, 46.7, 1.00
A, 818882, 416330, 1127638, 1124462, 409785, 180999, 603248, 134338, 39.6, 46.7, 0.99
A, 818659, 416290, 1127436, 1124154, 409692, 180966, 603200, 134287, 39.6, 46.7, 0.99
A, 818180, 416224, 1126805, 1123722, 409582, 180907, 603088, 134231, 39.6, 46.7, 1.01
A, 818458, 416142, 1127234, 1124013, 409600, 180870, 603076, 134234, 39.6, 46.7, 1.00
A, 818257, 416087, 1127125, 1123997, 409574, 180870, 603044, 134288, 39.6, 46.7, 1.00
A, 818523, 416136, 1127407, 1124033, 409546, 180848, 603050, 134318, 39.6, 46.7, 1.00
A, 818660, 416131, 1127722, 1124219, 409641, 180826, 603074, 134352, 39.6, 46.7, 1.00
A, 818410, 416123, 1127425, 1123850, 409584, 180873, 602994, 134259, 39.6, 46.7, 1.00
A, 818394, 416067, 1127468, 1124008, 409588, 180902, 603032, 134330, 39.6, 46.7, 1.00
A, 820474, 416509, 1130560, 1126308, 409927, 181178, 603466, 134615, 39.6, 46.7, 0.99
A, 820218, 416458, 1130134, 1126028, 409967, 181146, 603368, 134556, 39.6, 46.7, 1.00
A, 819524, 416509, 1129118, 1125132, 409861, 181028, 603230, 134459, 39.6, 46.7, 1.01
A, 819349, 416385, 1128936, 1124738, 409663, 180967, 603136, 134416, 39.6, 46.7, 1.00
A, 819153, 416323, 1128979, 1124868, 409652, 180972, 603061, 134408, 39.6, 46.7, 0.99
A, 819004, 416290, 1128730, 1124584, 409615, 180947, 602987, 134346, 39.6, 46.7, 1.00
A, 818722, 416258, 1128373, 1124278, 409599, 180952, 602954, 134407, 39.6, 46.7, 1.00
A, 819039, 416288, 1128764, 1124343, 409558, 180870, 602938, 134451, 39.6, 46.7, 1.00
A, 818840, 416255, 1128900, 1124358, 409602, 180833, 602936, 134388, 39.6, 46.7, 1.01
A, 818503, 416195, 1128571, 1123994, 409433, 180758, 602776, 134303, 39.6, 46.7, 1.00
A, 818590, 416146, 1128444, 1123846, 409436, 180801, 602798, 134373, 39.6, 46.7, 1.00
A, 818508, 416119, 1128425, 1123902, 409351, 180746, 602694, 134350, 39.6, 46.7, 1.01
A, 818357, 416068, 1128110, 1123478, 409330, 180679, 602653, 134278, 39.6, 46.7, 1.00
A, 818186, 415954, 1127703, 1123154, 409298, 180557, 602555, 134236, 39.6, 46.7, 1.01
A, 817956, 415906, 1127878, 1123191, 409206, 180597, 602514, 134257, 39.6, 46.7, 1.01
A, 818084, 415907, 1128056, 1123379, 409154, 180621, 602499, 134291, 39.6, 46.7, 0.99
A, 817964, 415852, 1127828, 1123156, 409210, 180581, 602527, 134290, 39.6, 46.7, 1.00
A, 818334, 415876, 1128285, 1123440, 409239, 180607, 602538, 134341, 39.6, 46.7, 0.98
A, 818296, 415915, 1128436, 1123224, 409255, 180537, 602532, 134299, 39.6, 46.7, 0.99
A, 817859, 415833, 1128048, 1122969, 409093, 180518, 602468, 134273, 39.6, 46.7, 1.01
A, 819724, 416008, 1130661, 1125166, 409514, 180880, 602807, 134608, 39.6, 46.7, 1.00
A, 819303, 416247, 1130067, 1124497, 409485, 180734, 602772, 134430, 39.6, 46.7, 1.00
A, 818722, 416068, 1129536, 1124078, 409330, 180678, 602650, 134434, 39.6, 46.7, 0.99
A, 818385, 416054, 1128939, 1123502, 409290, 180567, 602560, 134323, 39.6, 46.7, 1.01
A, 818229, 415972, 1128630, 1123164, 409135, 180552, 602396, 134245, 39.6, 46.7, 1.00
A, 817956, 415871, 1128698, 1123223, 409189, 180503, 602397, 134295, 39.6, 46.7, 1.00
A, 817837, 415868, 1128579, 1123067, 409046, 180401, 602345, 134270, 39.6, 46.7, 1.01
A, 817983, 415789, 1128520, 1122859, 409033, 180444, 602302, 134281, 39.6, 46.7, 1.00
A, 818108, 415851, 1128850, 1123212, 409052, 180408, 602371, 134341, 39.6, 46.7, 1.00
A, 818113, 415882, 1128709, 1123121, 409072, 180474, 602329, 134283, 39.6, 46.7, 1.00
A, 817927, 415858, 1128702, 1122834, 408998, 180318, 602308, 134274, 39.6, 46.7, 1.01
A, 817797, 415750, 1128428, 1122757, 408966, 180412, 602195, 134243, 39.6, 46.7, 1.01
A, 817993, 415751, 1128810, 1122921, 409012, 180409, 602266, 134314, 39.6, 46.7, 0.99
A, 817873, 415763, 1128361, 1122771, 408962, 180346, 602207, 134334, 39.6, 46.7, 1.01
A, 818073, 415773, 1129075, 1123041, 409061, 180429, 602226, 134301, 39.6, 46.7, 0.99
A, 818236, 415751, 1129289, 1123140, 409015, 180388, 602280, 134333, 39.6, 46.7, 1.00
A, 817732, 415662, 1128777, 1122687, 408976, 180338, 602124, 134295, 39.6, 46.7, 0.99
A, 817958, 415719, 1129116, 1122934, 408955, 180303, 602147, 134323, 39.6, 46.7, 1.01
A, 817896, 415618, 1128907, 1122776, 408907, 180279, 602141, 134249, 39.6, 46.7, 0.99
A, 817922, 415618, 1128531, 1122499, 408902, 180294, 602148, 134273, 39.6, 46.7, 1.00
A, 819395, 415884, 1131183, 1124393, 409228, 180536, 602483, 134517, 39.6, 46.7, 1.01
A, 819327, 415980, 1131234, 1124528, 409202, 180498, 602494, 134441, 39.6, 46.7, 1.00
A, 818375, 415978, 1130087, 1123435, 409063, 180320, 602263, 134357, 39.6, 46.7, 1.01
A, 818338, 415878, 1129688, 1123220, 408957, 180375, 602248, 134393, 39.6, 46.7, 1.00
A, 817907, 415878, 1129385, 1122699, 408940, 180247, 602145, 134315, 39.6, 46.7, 0.99
A, 817654, 415656, 1129020, 1122323, 408818, 180186, 602026, 134226, 39.6, 46.7, 0.99
A, 817724, 415669, 1129086, 1122356, 408845, 180179, 601989, 134260, 39.6, 46.7, 1.00
A, 817581, 415611, 1128915, 1122170, 408763, 180086, 601971, 134257, 39.6, 46.7, 1.01
A, 817357, 415585, 1128745, 1122106, 408668, 180105, 601865, 134286, 39.6, 46.7, 1.00
A, 817670, 415592, 1129172, 1122458, 408781, 180214, 601948, 134328, 39.6, 46.7, 0.99
A, 817701, 415607, 1129175, 1122238, 408771, 180081, 601940, 134237, 39.6, 46.7, 1.00
A, 817473, 415542, 1128969, 1121933, 408636, 180009, 601788, 134187, 39.6, 46.7, 0.99
A, 817147, 415485, 1128711, 1121873, 408613, 180062, 601733, 134206, 39.6, 46.7, 1.01
A, 817209, 415429, 1128565, 1121778, 408619, 179993, 601784, 134189, 39.6, 46.7, 1.00
A, 816958, 415354, 1128273, 1121476, 408512, 179859, 601700, 134232, 39.6, 46.7, 1.01
A, 817124, 415399, 1128666, 1121821, 408557, 179912, 601714, 134208, 39.6, 46.7, 1.01
A, 817408, 415408, 1128647, 1121735, 408584, 179923, 601695, 134187, 39.6, 46.7, 1.01
A, 817196, 415298, 1128664, 1121579, 408528, 179837, 601692, 134202, 39.6, 46.7, 1.00
A, 817420, 415376, 1128888, 1121894, 408547, 179982, 601727, 134242, 39.6, 46.7, 0.99
A, 817313, 415379, 1128873, 1121887, 408571, 179894, 601712, 134202, 39.6, 46.8, 1.00
A, 819227, 415585, 1131446, 1124037, 408873, 180274, 602122, 134559, 39.6, 46.8, 1.00
A, 819273, 415874, 1131793, 1123939, 409058, 180190, 602180, 134517, 39.6, 46.8, 1.00
A, 818676, 415759, 1131099, 1123478, 408859, 180204, 602056, 134475, 39.6, 46.8, 0.99
A, 818152, 415737, 1130267, 1122603, 408773, 180092, 601959, 134307, 39.6, 46.8, 1.00
A, 817899, 415591, 1130142, 1122564, 408696, 180030, 601750, 134379, 39.6, 46.8, 0.99
A, 817242, 415527, 1129307, 1121877, 408641, 179923, 601694, 134219, 39.6, 46.8, 0.99
A, 817265, 415402, 1128801, 1121433, 408507, 179835, 601560, 134173, 39.6, 46.8, 1.00
A, 817257, 415395, 1129317, 1121819, 408497, 179920, 601590, 134218, 39.6, 46.8, 1.01
A, 817115, 415350, 1129209, 1121641, 408521, 179827, 601589, 134225, 39.6, 46.8, 1.00
A, 816863, 415276, 1128972, 1121400, 408435, 179837, 601491, 134160, 39.6, 46.8, 1.01
A, 817084, 415264, 1129076, 1121511, 408498, 179851, 601538, 134222, 39.6, 46.8, 1.00
A, 817172, 415294, 1129129, 1121330, 408469, 179782, 601509, 134178, 39.6, 46.8, 0.99
A, 816878, 415213, 1128732, 1121068, 408400, 179729, 601432, 134211, 39.6, 46.8, 1.00
A, 816901, 415251, 1128708, 1121204, 408375, 179716, 601443, 134175, 39.6, 46.8, 1.00
A, 816951, 415228, 1129042, 1121288, 408452, 179705, 601453, 134178, 39.6, 46.8, 1.00
A, 817010, 415244, 1129054, 1121347, 408365, 179771, 601446, 134287, 39.6, 46.8, 0.99
A, 817192, 415304, 1129489, 1121705, 408436, 179829, 601543, 134257, 39.6, 46.7, 1.01
A, 817340, 415307, 1129649, 1121609, 408451, 179746, 601569, 134240, 39.6, 46.7, 1.01
A, 817177, 415182, 1129321, 1121453, 408460, 179737, 601472, 134155, 39.6, 46.8, 1.00
A, 817110, 415263, 1129530, 1121730, 408400, 179739, 601567, 134224, 39.6, 46.8, 1.00
A, 819004, 415527, 1132238, 1124075, 408785, 180090, 601926, 134630, 39.6, 46.8, 1.01
A, 819192, 415738, 1132474, 1123955, 408919, 180083, 601956, 134588, 39.6, 46.8, 1.00
A, 818730, 415765, 1131767, 1123204, 408776, 180004, 601863, 134417, 39.6, 46.8, 1.00
A, 818343, 415634, 1131225, 1122730, 408679, 179886, 601738, 134417, 39.6, 46.8, 1.00
A, 817817, 415593, 1130698, 1122210, 408624, 179793, 601612, 134299, 39.6, 46.8, 1.00
A, 817537, 415489, 1130411, 1122175, 408454, 179866, 601517, 134302, 39.6, 46.8, 1.01
A, 817678, 415475, 1130405, 1122028, 408440, 179807, 601509, 134374, 39.6, 46.8, 1.00
A, 817642, 415471, 1130271, 1122015, 408376, 179788, 601458, 134315, 39.6, 46.8, 1.00
A, 817495, 415425, 1130556, 1121944, 408426, 179712, 601425, 134267, 39.6, 46.8, 1.00
A, 817191, 415328, 1130134, 1121508, 408436, 179714, 601390, 134219, 39.6, 46.8, 1.01
A, 817119, 415327, 1129687, 1121422, 408368, 179653, 601354, 134217, 39.6, 46.8, 1.01
A, 817281, 415357, 1130198, 1121529, 408310, 179680, 601389, 134261, 39.6, 46.8, 1.00
A, 817139, 415296, 1130082, 1121514, 408393, 179677, 601337, 134312, 39.6, 46.8, 1.00
A, 817445, 415405, 1130472, 1121869, 408379, 179718, 601398, 134347, 39.6, 46.8, 0.99
A, 817479, 415343, 1130553, 1121832, 408363, 179623, 601427, 134331, 39.6, 46.8, 1.01
A, 817255, 415316, 1130408, 1121563, 408350, 179585, 601320, 134225, 39.6, 46.8, 1.01
A, 816913, 415303, 1129982, 1121406, 408327, 179600, 601325, 134307, 39.6, 46.8, 1.00
A, 817223, 415283, 1130217, 1121583, 408302, 179657, 601285, 134320, 39.6, 46.8, 1.00
A, 817195, 415244, 1130203, 1121282, 408285, 179545, 601262, 134246, 39.6, 46.8, 1.00
A, 816908, 415196, 1129831, 1120978, 408230, 179460, 601202, 134248, 39.6, 46.8, 0.99
A, 818567, 415353, 1132264, 1123205, 408550, 179856, 601562, 134548, 39.6, 46.8, 1.00
A, 818554, 415609, 1132490, 1123030, 408649, 179780, 601624, 134468, 39.6, 46.8, 0.99
A, 818099, 415526, 1131931, 1122736, 408498, 179754, 601487, 134430, 39.6, 46.8, 1.01
A, 817921, 415544, 1131589, 1122148, 408524, 179667, 601456, 134410, 39.6, 46.8, 1.00
A, 817633, 415431, 1131171, 1121793, 408339, 179667, 601289, 134230, 39.6, 46.8, 1.00
A, 817032, 415379, 1130378, 1121267, 408268, 179592, 601225, 134269, 39.6, 46.8, 1.00
A, 816755, 415260, 1130229, 1121206, 408193, 179445, 601119, 134217, 39.6, 46.8, 1.01
A, 816965, 415213, 1130471, 1121133, 408224, 179583, 601199, 134328, 39.6, 46.8, 1.00
A, 817046, 415235, 1130550, 1121169, 408198, 179504, 601205, 134297, 39.6, 46.8, 1.00
A, 816830, 415213, 1130364, 1120953, 408155, 179465, 601162, 134241, 39.6, 46.8, 0.99
A, 816708, 415097, 1129919, 1120618, 408103, 179401, 601051, 134238, 39.6, 46.8, 1.00
A, 816525, 415056, 1129928, 1120754, 408053, 179384, 601001, 134191, 39.6, 46.8, 0.99
A, 816775, 415081, 1130257, 1120971, 408142, 179339, 601034, 134202, 39.6, 46.8, 1.01
A, 816539, 415016, 1130090, 1120799, 408063, 179368, 601017, 134242, 39.6, 46.8, 0.99
A, 816475, 415048, 1129826, 1120642, 408044, 179355, 600957, 134171, 39.6, 46.8, 0.99
A, 816604, 415023, 1129936, 1120487, 408023, 179318, 601083, 134194, 39.6, 46.8, 0.99
A, 816430, 414962, 1129656, 1120286, 408024, 179228, 600912, 134120, 39.6, 46.8, 1.00
A, 816550, 414938, 1129669, 1120605, 408042, 179274, 600937, 134179, 39.6, 46.8, 1.00
A, 816544, 414929, 1129982, 1120497, 408000, 179200, 600923, 134143, 39.6, 46.8, 0.99
A, 816781, 414985, 1130367, 1120967, 408080, 179287, 601031, 134208, 39.6, 46.8, 1.00
A, 818569, 415291, 1133017, 1123159, 408364, 179636, 601383, 134549, 39.5, 46.8, 0.99
A, 818727, 415461, 1133125, 1122986, 408512, 179609, 601456, 134496, 39.5, 46.8, 1.00
A, 818124, 415471, 1132385, 1122365, 408380, 179522, 601297, 134377, 39.6, 46.8, 1.00
A, 817771, 415426, 1132296, 1122281, 408366, 179557, 601330, 134430, 39.6, 46.8, 1.01
A, 817431, 415411, 1131514, 1121383, 408230, 179435, 601214, 134327, 39.5, 46.8, 0.99
A, 817146, 415268, 1131282, 1121412, 408147, 179391, 601111, 134279, 39.5, 46.8, 1.01
A, 816621, 415252, 1130594, 1120867, 408192, 179352, 601053, 134260, 39.5, 46.8, 1.01
A, 816785, 415174, 1130334, 1120650, 408065, 179257, 600961, 134232, 39.5, 46.8, 0.99
A, 816808, 415065, 1130831, 1121010, 408089, 179304, 600956, 134302, 39.5, 46.8, 1.00
A, 816772, 415050, 1130770, 1121005, 408039, 179282, 600934, 134196, 39.6, 46.8, 1.01
A, 816406, 415068, 1130421, 1120555, 408031, 179291, 600891, 134232, 39.6, 46.8, 1.00
A, 816807, 415051, 1130784, 1120930, 408081, 179263, 600987, 134319, 39.6, 46.8, 1.01
A, 816840, 415031, 1131035, 1120946, 408061, 179237, 600996, 134192, 39.6, 46.8, 1.01
A, 816718, 414972, 1130826, 1120798, 408032, 179205, 600892, 134268, 39.6, 46.8, 1.01
A, 816529, 414911, 1130528, 1120629, 407990, 179221, 600872, 134229, 39.6, 46.8, 1.00
A, 816809, 415044, 1131057, 1120906, 408092, 179295, 600963, 134278, 39.6, 46.8, 1.00
A, 816652, 415015, 1130756, 1120538, 408073, 179189, 600942, 134264, 39.6, 46.8, 1.01
A, 816557, 414869, 1130497, 1120368, 407945, 179118, 600885, 134226, 39.6, 46.8, 1.01
A, 816349, 414883, 1130386, 1120429, 407927, 179083, 600813, 134166, 39.6, 46.8, 1.00
A, 816630, 414936, 1130665, 1120674, 407944, 179137, 600843, 134195, 39.5, 46.8, 0.99
M, 814245, 414650, 1126387, 1116152, 407683, 178417, 600255, 133439, 39.5, 46.8, 0.10
M, 804927, 412524, 1112413, 1105256, 405115, 176655, 597195, 131868, 39.6, 46.8, 0.66
M, 796469, 410053, 1099074, 1094219, 402639, 174899, 594308, 130431, 39.6, 46.8, 0.74
M, 790035, 408040, 1088653, 1086038, 400950, 173427, 592695, 129474, 39.6, 46.8, 0.82
M, 785870, 406894, 1080326, 1080097, 400184, 172230, 592305, 128700, 39.6, 46.8, 0.89
M, 782009, 406102, 1071403, 1074122, 399595, 170935, 592260, 127887, 39.6, 46.7, 0.93
M, 780356, 405673, 1066221, 1071276, 399387, 170281, 592259, 127535, 39.6, 46.7, 0.95
M, 779135, 405461, 1059244, 1067699, 399307, 169171, 592566, 127056, 39.6, 46.7, 0.97
M, 778903, 405230, 1055794, 1066633, 399228, 168652, 592590, 126786, 39.6, 46.7, 0.98
M, 779419, 405127, 1052581, 1066160, 399227, 168209, 592828, 126599, 39.6, 46.7, 0.99
M, 780215, 405081, 1049663, 1066159, 399308, 167767, 593112, 126489, 39.6, 46.6, 0.99
M, 781322, 404932, 1047411, 1066451, 399397, 167388, 593316, 126392, 39.6, 46.6, 1.00
M, 783042, 405022, 1045907, 1067659, 399616, 167212, 593680, 126432, 39.6, 46.6, 0.99
M, 784505, 404895, 1044105, 1068854, 399767, 166936, 593929, 126342, 39.6, 46.6, 1.00
M, 785887, 404813, 1042442, 1069865, 399875, 166759, 594254, 126333, 39.6, 46.5, 0.99
M, 787287, 404702, 1041524, 1071340, 400041, 166603, 594501, 126296, 39.6, 46.5, 0.99
M, 789013, 404584, 1041072, 1073191, 400397, 166567, 595042, 126335, 39.6, 46.5, 1.00
M, 790300, 404519, 1040323, 1074581, 400512, 166430, 595300, 126390, 39.6, 46.5, 1.00
M, 792286, 404583, 1040023, 1076530, 400910, 166481, 595840, 126449, 39.6, 46.5, 0.99
M, 793778, 404473, 1040145, 1078660, 401277, 166394, 596331, 126491, 39.6, 46.5, 1.01
M, 796929, 404666, 1042345, 1082450, 401839, 166745, 597154, 126885, 39.6, 46.5, 1.00
M, 798169, 404899, 1042070, 1083813, 402211, 166694, 597644, 126885, 39.6, 46.5, 1.00
M, 799037, 404817, 1041700, 1085218, 402442, 166734, 597936, 126938, 39.6, 46.5, 1.00
M, 800233, 404844, 1041555, 1086782, 402804, 166707, 598444, 126893, 39.6, 46.5, 1.01
M, 801062, 404865, 1040707, 1087674, 402992, 166643, 598786, 126894, 39.6, 46.5, 0.99
M, 801852, 404795, 1041015, 1089334, 403297, 166719, 599174, 126947, 39.6, 46.5, 1.01
M, 802348, 404911, 1040088, 1090117, 403660, 166668, 599602, 126949, 39.6, 46.5, 1.00
M, 802919, 404775, 1040021, 1091167, 403819, 166708, 599883, 127014, 39.6, 46.5, 1.00
M, 804081, 405031, 1040030, 1092683, 404276, 166740, 600533, 127008, 39.6, 46.5, 0.99
M, 804529, 404916, 1039756, 1093453, 404385, 166756, 600802, 127036, 39.6, 46.5, 1.01
M, 804994, 404935, 1039158, 1094423, 404664, 166773, 601104, 127044, 39.6, 46.5, 1.00
M, 805374, 404981, 1038699, 1094929, 404920, 166689, 601467, 127009, 39.6, 46.4, 1.00
M, 806092, 404999, 1039229, 1096395, 405183, 166841, 601934, 127119, 39.6, 46.4, 1.00
M, 807407, 405278, 1040169, 1098197, 405674, 166929, 602537, 127227, 39.6, 46.4, 1.01
M, 808215, 405411, 1040282, 1099065, 406039, 166985, 603039, 127270, 39.6, 46.4, 1.00
M, 808970, 405610, 1040523, 1100474, 406381, 166958, 603473, 127340, 39.6, 46.4, 1.01
M, 809737, 405810, 1040992, 1101804, 406738, 167160, 603978, 127401, 39.6, 46.4, 0.99
M, 810396, 406052, 1041307, 1102972, 407045, 167214, 604436, 127450, 39.6, 46.4, 1.00
M, 811532, 406312, 1042018, 1104149, 407425, 167271, 604864, 127526, 39.6, 46.4, 0.99
M, 812169, 406493, 1042383, 1105337, 407796, 167319, 605259, 127609, 39.6, 46.4, 1.00
M, 814936, 407111, 1045788, 1109052, 408515, 167853, 606126, 127976, 39.6, 46.4, 0.99
M, 815272, 407443, 1045375, 1109456, 408875, 167755, 606567, 127900, 39.6, 46.4, 1.01
M, 815515, 407677, 1045641, 1110250, 409166, 167914, 606877, 127972, 39.6, 46.4, 0.99
M, 815683, 407857, 1045428, 1110706, 409302, 167964, 607218, 127951, 39.6, 46.4, 1.01
M, 816307, 408083, 1045549, 1111241, 409650, 167927, 607562, 127928, 39.6, 46.4, 0.99
M, 816259, 408277, 1045166, 1111650, 409851, 167970, 607870, 127940, 39.6, 46.4, 0.99
M, 816584, 408373, 1045396, 1112513, 410085, 168033, 608173, 127951, 39.6, 46.4, 1.00
M, 816441, 408596, 1044491, 1112485, 410297, 167962, 608478, 127903, 39.6, 46.4, 1.01
M, 816684, 408577, 1044701, 1112915, 410415, 168018, 608686, 127901, 39.6, 46.4, 0.99
M, 817041, 408982, 1044774, 1113688, 410759, 168029, 609135, 127933, 39.6, 46.4, 0.99
M, 817165, 408970, 1044730, 1114066, 410857, 168030, 609333, 127919, 39.6, 46.4, 1.01
M, 817873, 409224, 1045381, 1115106, 411188, 168140, 609652, 128016, 39.6, 46.4, 1.00
M, 818189, 409421, 1045557, 1115717, 411341, 168133, 610009, 127987, 39.6, 46.4, 0.99
M, 818342, 409579, 1045449, 1116224, 411589, 168216, 610282, 128138, 39.6, 46.4, 0.99
M, 819023, 409850, 1046257, 1117289, 411900, 168327, 610657, 128178, 39.6, 46.4, 1.01
M, 819654, 409990, 1046570, 1117912, 412244, 168364, 610997, 128087, 39.6, 46.4, 0.99
M, 819805, 410111, 1046473, 1118268, 412402, 168371, 611230, 128096, 39.6, 46.4, 1.00
M, 820085, 410365, 1046458, 1118879, 412595, 168446, 611538, 128195, 39.6, 46.4, 1.00
M, 820698, 410590, 1047203, 1119763, 412858, 168484, 611836, 128263, 39.6, 46.4, 1.00
M, 820886, 410806, 1047314, 1120345, 413068, 168564, 612131, 128300, 39.6, 46.4, 1.00
M, 823481, 411363, 1050797, 1123729, 413637, 168969, 612900, 128668, 39.6, 46.4, 1.00
M, 823708, 411738, 1050887, 1123865, 413975, 169034, 613236, 128598, 39.6, 46.4, 1.00
M, 823461, 411861, 1050611, 1124009, 414053, 168944, 613372, 128524, 39.6, 46.4, 1.00
M, 823611, 412005, 1050599, 1124420, 414264, 169051, 613643, 128583, 39.6, 46.4, 1.00
M, 823539, 412129, 1050408, 1124613, 414376, 169022, 613768, 128561, 39.6, 46.4, 1.01
M, 823617, 412236, 1050389, 1124791, 414521, 169096, 613938, 128623, 39.6, 46.4, 1.01
M, 824092, 412547, 1050542, 1125219, 414774, 169160, 614289, 128618, 39.6, 46.4, 1.01
M, 823849, 412628, 1050227, 1125291, 414820, 169112, 614398, 128546, 39.6, 46.4, 1.00
M, 823819, 412780, 1050003, 1125376, 415000, 169144, 614564, 128544, 39.6, 46.5, 1.01
M, 823853, 412784, 1050156, 1125750, 415026, 169185, 614755, 128494, 39.6, 46.5, 1.01
M, 823771, 412957, 1049615, 1125599, 415289, 169076, 614960, 128519, 39.6, 46.5, 1.00
M, 823908, 412942, 1049845, 1125695, 415233, 169074, 615070, 128478, 39.6, 46.5, 1.01
M, 824175, 413020, 1050254, 1126537, 415436, 169142, 615240, 128565, 39.6, 46.5, 0.99
M, 824372, 413236, 1050496, 1127000, 415690, 169196, 615457, 128536, 39.6, 46.5, 1.00
M, 824678, 413371, 1050397, 1127224, 415786, 169302, 615723, 128593, 39.6, 46.5, 0.99
M, 825186, 413541, 1051241, 1128017, 415959, 169336, 615996, 128657, 39.6, 46.4, 1.00
M, 825420, 413751, 1051520, 1128341, 416260, 169445, 616251, 128716, 39.6, 46.4, 0.99
M, 825268, 413740, 1051294, 1128487, 416227, 169348, 616321, 128674, 39.6, 46.5, 1.00
M, 825699, 413872, 1051904, 1129282, 416435, 169427, 616593, 128658, 39.6, 46.5, 0.99
M, 825878, 413996, 1052006, 1129630, 416576, 169407, 616798, 128706, 39.6, 46.5, 1.00
M, 827669, 414442, 1054668, 1132123, 417002, 169847, 617305, 129093, 39.6, 46.5, 0.99
M, 828011, 414753, 1055190, 1132580, 417315, 169832, 617654, 129053, 39.6, 46.5, 1.01
M, 828040, 414874, 1054927, 1132406, 417376, 169916, 617814, 128993, 39.6, 46.5, 1.00
M, 827612, 414815, 1054208, 1131906, 417417, 169788, 617814, 128837, 39.6, 46.5, 1.01
M, 827144, 414744, 1053488, 1131785, 417434, 169797, 617806, 128850, 39.6, 46.5, 1.01
M, 827172, 414889, 1053767, 1131922, 417459, 169748, 617974, 128832, 39.6, 46.5, 1.01
M, 827465, 415005, 1054228, 1132541, 417633, 169847, 618188, 128939, 39.6, 46.5, 0.99
M, 827427, 415077, 1054056, 1132515, 417753, 169841, 618344, 128870, 39.6, 46.5, 1.01
M, 827532, 415201, 1054189, 1132629, 417809, 169813, 618466, 128884, 39.6, 46.5, 1.00
M, 827460, 415280, 1054057, 1132779, 418017, 169872, 618668, 128893, 39.6, 46.5, 1.00
M, 827354, 415253, 1054081, 1133068, 418050, 169893, 618760, 128905, 39.6, 46.5, 1.01
M, 827934, 415450, 1054656, 1133450, 418141, 169988, 618967, 128921, 39.6, 46.5, 1.00
M, 828218, 415538, 1054986, 1133931, 418324, 170022, 619143, 128970, 39.6, 46.5, 1.00
M, 828303, 415655, 1055440, 1134363, 418478, 170056, 619382, 129021, 39.6, 46.5, 1.00
M, 828065, 415647, 1054937, 1133981, 418590, 169966, 619406, 128922, 39.6, 46.5, 0.99
M, 828266, 415707, 1055106, 1134303, 418611, 170023, 619487, 128977, 39.6, 46.5, 1.00
M, 828631, 415805, 1055737, 1135105, 418763, 170061, 619762, 129015, 39.6, 46.5, 0.99
M, 828536, 415926, 1055670, 1135099, 418842, 170171, 619875, 129094, 39.6, 46.5, 1.00
M, 829120, 415957, 1056378, 1135852, 419107, 170219, 620126, 129101, 39.6, 46.5, 0.99
M, 829376, 416253, 1056897, 1136245, 419258, 170245, 620249, 129038, 39.6, 46.5, 1.01
M, 831349, 416469, 1059571, 1138704, 419660, 170641, 620790, 129403, 39.6, 46.5, 0.99
M, 831395, 416839, 1059411, 1138755, 419872, 170658, 620956, 129369, 39.6, 46.5, 1.00
M, 831120, 416839, 1059284, 1138499, 419831, 170586, 620960, 129303, 39.6, 46.5, 1.00
M, 831051, 416940, 1059237, 1138387, 419888, 170634, 621040, 129307, 39.6, 46.5, 1.00
M, 830537, 416881, 1058740, 1138084, 419904, 170607, 621054, 129223, 39.6, 46.5, 1.00
M, 830735, 416941, 1059053, 1138367, 419976, 170582, 621227, 129243, 39.6, 46.5, 1.00
M, 830447, 417004, 1058876, 1138383, 419979, 170623, 621270, 129214, 39.6, 46.5, 1.01
M, 830409, 416960, 1058744, 1138366, 420089, 170667, 621404, 129277, 39.6, 46.5, 1.00
M, 830572, 417024, 1058905, 1138247, 420209, 170677, 621490, 129225, 39.6, 46.5, 0.99
M, 830444, 416990, 1058774, 1138212, 420183, 170600, 621554, 129094, 39.6, 46.5, 1.00
M, 829805, 417149, 1058332, 1137924, 420233, 170602, 621601, 129184, 39.6, 46.5, 1.01
M, 829975, 416960, 1058230, 1138045, 420227, 170547, 621597, 129160, 39.6, 46.5, 1.00
M, 830336, 417085, 1058981, 1138681, 420332, 170606, 621735, 129233, 39.6, 46.5, 1.00
M, 830470, 417086, 1059400, 1139039, 420471, 170680, 622012, 129252, 39.6, 46.5, 1.00
M, 830736, 417226, 1059260, 1138890, 420509, 170737, 622106, 129238, 39.6, 46.5, 1.00
M, 830625, 417278, 1059250, 1138902, 420579, 170749, 622132, 129197, 39.6, 46.5, 1.00
M, 830413, 417295, 1059543, 1139101, 420666, 170731, 622211, 129176, 39.6, 46.5, 0.99
M, 830718, 417297, 1059869, 1139639, 420764, 170802, 622400, 129257, 39.6, 46.5, 0.99
M, 830739, 417332, 1059724, 1139529, 420826, 170752, 622508, 129294, 39.6, 46.5, 1.00
M, 831194, 417507, 1060500, 1140006, 421028, 170862, 622655, 129387, 39.6, 46.5, 0.99
M, 833410, 417907, 1063839, 1142942, 421462, 171265, 623274, 129727, 39.6, 46.5, 1.01
M, 833004, 418018, 1063424, 1142462, 421564, 171293, 623298, 129590, 39.6, 46.5, 1.00
M, 832913, 418078, 1063437, 1142524, 421598, 171255, 623368, 129538, 39.6, 46.5, 1.00
M, 832656, 418081, 1063218, 1142317, 421601, 171213, 623428, 129526, 39.6, 46.5, 1.00
M, 832623, 418054, 1063305, 1142469, 421667, 171295, 623467, 129547, 39.6, 46.5, 1.00
M, 832380, 418072, 1063256, 1142408, 421714, 171331, 623566, 129582, 39.6, 46.5, 0.99
M, 832469, 418244, 1063187, 1142096, 421770, 171265, 623594, 129449, 39.6, 46.5, 1.01
M, 832060, 418154, 1062904, 1141922, 421662, 171236, 623555, 129428, 39.6, 46.5, 1.00
M, 832084, 418131, 1062823, 1142012, 421807, 171256, 623663, 129447, 39.6, 46.5, 1.00
M, 831625, 418033, 1062590, 1141578, 421767, 171187, 623666, 129392, 39.6, 46.5, 1.01
M, 831477, 418013, 1062424, 1141525, 421730, 171247, 623710, 129379, 39.6, 46.5, 0.99
M, 831523, 418124, 1062331, 1141356, 421868, 171218, 623793, 129361, 39.6, 46.5, 1.00
M, 831369, 417966, 1062418, 1141241, 421772, 171154, 623737, 129329, 39.6, 46.5, 1.00
M, 831278, 417891, 1062361, 1141402, 421829, 171140, 623819, 129356, 39.6, 46.5, 0.99
M, 831449, 417988, 1062699, 1141750, 421882, 171249, 623987, 129394, 39.6, 46.5, 1.01
M, 831620, 417960, 1062658, 1141785, 422029, 171261, 624064, 129439, 39.6, 46.5, 1.00
M, 832087, 418137, 1063612, 1142410, 422172, 171415, 624317, 129495, 39.6, 46.5, 1.00
M, 832142, 418188, 1063933, 1142631, 422252, 171327, 624384, 129519, 39.6, 46.5, 1.00
M, 832233, 418221, 1063987, 1142750, 422340, 171333, 624444, 129513, 39.6, 46.6, 0.99
M, 832221, 418152, 1064123, 1142787, 422328, 171392, 624567, 129530, 39.6, 46.6, 1.00
M, 834564, 418618, 1067505, 1145801, 422792, 171734, 625136, 129896, 39.6, 46.5, 1.00
M, 834439, 418850, 1066856, 1145079, 422926, 171729, 625258, 129785, 39.6, 46.5, 1.00
M, 833747, 418798, 1066391, 1144475, 422869, 171678, 625102, 129721, 39.6, 46.5, 1.01
M, 833668, 418770, 1066561, 1144811, 422896, 171752, 625136, 129684, 39.6, 46.5, 1.01
M, 833380, 418801, 1066305, 1144588, 422847, 171654, 625155, 129621, 39.6, 46.5, 1.00
M, 833494, 418739, 1066429, 1144595, 422937, 171743, 625225, 129692, 39.6, 46.5, 1.00
M, 833327, 418784, 1066528, 1144497, 422963, 171659, 625246, 129649, 39.6, 46.5, 1.01
M, 833416, 418866, 1066808, 1144665, 423036, 171669, 625366, 129669, 39.6, 46.5, 0.99
M, 833168, 418746, 1066423, 1144271, 422959, 171649, 625327, 129544, 39.6, 46.6, 1.00
M, 833066, 418754, 1066515, 1144333, 422965, 171688, 625387, 129591, 39.6, 46.6, 1.00
M, 832794, 418803, 1066288, 1144135, 423060, 171750, 625475, 129550, 39.6, 46.6, 1.01
M, 832715, 418647, 1066307, 1144190, 423034, 171730, 625438, 129679, 39.6, 46.6, 1.00
M, 832761, 418743, 1066458, 1144098, 423115, 171703, 625578, 129595, 39.6, 46.6, 0.99
M, 832642, 418643, 1066366, 1143983, 423087, 171781, 625573, 129559, 39.6, 46.6, 1.01
M, 832683, 418647, 1066749, 1144236, 423088, 171729, 625630, 129641, 39.6, 46.6, 1.00
M, 832576, 418665, 1066481, 1144117, 423062, 171745, 625604, 129557, 39.6, 46.5, 0.99
M, 832633, 418597, 1066707, 1144210, 423199, 171741, 625756, 129617, 39.6, 46.5, 1.00
M, 833132, 418704, 1067508, 1144871, 423343, 171876, 625932, 129681, 39.6, 46.6, 1.00
M, 833375, 418726, 1067591, 1144728, 423369, 171842, 626031, 129703, 39.6, 46.6, 1.00
M, 833232, 418728, 1067642, 1144641, 423395, 171762, 626035, 129609, 39.6, 46.6, 1.00
M, 834913, 419039, 1070351, 1147222, 423779, 172195, 626467, 129964, 39.6, 46.6, 1.00
M, 837046, 419578, 1073375, 1149723, 424282, 172556, 627021, 130206, 39.6, 46.6, 0.99
M, 838227, 419947, 1075323, 1151192, 424659, 172762, 627376, 130395, 39.6, 46.6, 1.00
M, 839717, 420352, 1077737, 1153045, 425040, 173109, 627803, 130591, 39.6, 46.6, 0.98
M, 840655, 420871, 1079472, 1154356, 425336, 173319, 628089, 130682, 39.6, 46.6, 1.00
M, 841140, 421096, 1080492, 1155046, 425529, 173495, 628243, 130755, 39.6, 46.6, 1.01
M, 839680, 421119, 1078641, 1153242, 425240, 173319, 627915, 130523, 39.6, 46.6, 1.00
M, 838433, 420881, 1077425, 1151936, 425023, 173184, 627681, 130355, 39.6, 46.6, 1.01
M, 837190, 420638, 1075978, 1150577, 424743, 173040, 627434, 130220, 39.6, 46.6, 1.01
M, 836667, 420506, 1075375, 1149463, 424654, 172960, 627346, 130070, 39.6, 46.6, 0.99
M, 835589, 420281, 1074394, 1148775, 424460, 172864, 627126, 130005, 39.6, 46.6, 1.00
M, 834700, 420281, 1073349, 1147670, 424345, 172738, 627048, 129972, 39.6, 46.6, 0.99
M, 834212, 419974, 1072829, 1147150, 424187, 172683, 626870, 129899, 39.6, 46.6, 1.01
M, 833468, 419937, 1071979, 1146075, 424104, 172562, 626813, 129828, 39.6, 46.6, 1.00
M, 833009, 419688, 1071526, 1145595, 423960, 172449, 626644, 129699, 39.6, 46.6, 1.00
M, 833085, 419632, 1071788, 1145668, 424009, 172495, 626696, 129768, 39.6, 46.6, 1.00
M, 832990, 419523, 1071725, 1145610, 423934, 172450, 626688, 129767, 39.6, 46.6, 1.00
M, 832721, 419353, 1071516, 1145512, 423912, 172469, 626697, 129743, 39.6, 46.6, 0.99
M, 832825, 419424, 1071862, 1145793, 424010, 172481, 626733, 129802, 39.6, 46.6, 1.00
M, 832915, 419381, 1071756, 1145386, 424026, 172437, 626794, 129718, 39.6, 46.6, 1.01
M, 834671, 419567, 1074440, 1147538, 424335, 172737, 627260, 130085, 39.6, 46.6, 1.00
M, 834426, 419721, 1074408, 1147578, 424447, 172687, 627338, 130030, 39.6, 46.6, 1.00
M, 834227, 419653, 1073736, 1147034, 424389, 172677, 627222, 129959, 39.6, 46.6, 0.99
M, 834115, 419615, 1074125, 1147194, 424405, 172733, 627333, 130025, 39.6, 46.6, 1.01
M, 833901, 419523, 1073844, 1146922, 424354, 172711, 627290, 129975, 39.6, 46.6, 1.00
M, 834073, 419545, 1074018, 1146742, 424416, 172675, 627293, 129927, 39.6, 46.6, 1.00
M, 833627, 419457, 1073745, 1146297, 424319, 172554, 627213, 129869, 39.6, 46.6, 1.00
M, 833618, 419377, 1073870, 1146714, 424400, 172695, 627349, 129932, 39.6, 46.6, 1.01
M, 833479, 419294, 1073766, 1146491, 424370, 172620, 627342, 129892, 39.6, 46.6, 0.99
M, 833364, 419395, 1073652, 1146171, 424363, 172567, 627276, 129914, 39.6, 46.6, 1.00
M, 833570, 419277, 1073988, 1146487, 424458, 172608, 627412, 129902, 39.6, 46.6, 1.00
M, 833306, 419188, 1073738, 1146223, 424407, 172634, 627406, 129867, 39.6, 46.6, 1.00
M, 832989, 419270, 1073406, 1145761, 424392, 172541, 627357, 129811, 39.6, 46.6, 1.01
M, 832886, 419046, 1073350, 1145786, 424295, 172536, 627351, 129816, 39.6, 46.6, 0.99
M, 833068, 419089, 1073659, 1146106, 424432, 172632, 627443, 129909, 39.6, 46.6, 1.00
M, 833134, 419122, 1074021, 1146343, 424482, 172655, 627562, 130035, 39.6, 46.6, 1.00
M, 833479, 419160, 1074404, 1146418, 424563, 172659, 627666, 129934, 39.6, 46.6, 1.00
M, 833339, 419154, 1074232, 1146167, 424577, 172633, 627698, 129893, 39.6, 46.6, 0.99
M, 833081, 419043, 1074169, 1146263, 424584, 172657, 627712, 129924, 39.6, 46.6, 1.00
M, 833587, 419159, 1074483, 1146621, 424686, 172778, 627813, 129932, 39.6, 46.6, 1.00
M, 835381, 419371, 1077373, 1148999, 425010, 173031, 628249, 130304, 39.6, 46.6, 0.99
M, 835626, 419676, 1077849, 1149242, 425238, 173125, 628408, 130289, 39.6, 46.6, 1.01
M, 835446, 419630, 1077587, 1148754, 425171, 173056, 628413, 130194, 39.6, 46.6, 0.99
M, 835025, 419648, 1077351, 1148348, 425128, 172971, 628305, 130115, 39.6, 46.6, 1.00
M, 834873, 419534, 1077238, 1148403, 425116, 173019, 628351, 130171, 39.6, 46.6, 1.00
M, 834614, 419504, 1077108, 1148267, 425062, 173065, 628271, 130131, 39.6, 46.6, 1.01
M, 834848, 419611, 1077224, 1148122, 425153, 173063, 628387, 130125, 39.6, 46.6, 1.00
M, 834592, 419493, 1077063, 1147788, 425172, 173005, 628332, 129994, 39.6, 46.6, 1.00
M, 834093, 419421, 1076858, 1147669, 425072, 172937, 628317, 130035, 39.6, 46.6, 1.00
M, 834338, 419386, 1076913, 1147951, 425155, 172996, 628431, 130009, 39.6, 46.6, 1.01
M, 834191, 419463, 1077156, 1147820, 425195, 172996, 628390, 130142, 39.6, 46.6, 1.00
M, 834257, 419508, 1077232, 1147744, 425291, 173036, 628504, 130035, 39.6, 46.6, 1.01
M, 834236, 419415, 1077074, 1147445, 425187, 172984, 628480, 130054, 39.6, 46.6, 0.99
M, 833885, 419455, 1076779, 1147321, 425253, 172939, 628561, 129969, 39.6, 46.6, 1.01
M, 833850, 419313, 1076819, 1147273, 425158, 172928, 628423, 130007, 39.6, 46.6, 1.00
M, 833740, 419260, 1076636, 1147261, 425138, 173045, 628459, 130065, 39.6, 46.6, 1.00
M, 833943, 419194, 1076960, 1147421, 425208, 172963, 628605, 130067, 39.6, 46.6, 1.01
M, 834081, 419316, 1077280, 1147341, 425306, 173004, 628634, 130025, 39.6, 46.6, 1.01
M, 833957, 419326, 1077237, 1147233, 425258, 172995, 628642, 130004, 39.6, 46.6, 1.00
M, 833966, 419232, 1077262, 1147409, 425246, 172994, 628683, 129997, 39.6, 46.6, 1.00
M, 836196, 419638, 1080747, 1150292, 425717, 173274, 629170, 130338, 39.7, 46.6, 1.01
M, 836108, 419763, 1080496, 1149982, 425801, 173410, 629263, 130347, 39.7, 46.6, 1.00
M, 835915, 419808, 1080634, 1150101, 425782, 173453, 629274, 130313, 39.7, 46.6, 1.01
M, 835862, 419783, 1080522, 1149610, 425841, 173271, 629223, 130225, 39.7, 46.6, 1.01
M, 835396, 419696, 1080062, 1149260, 425728, 173263, 629155, 130174, 39.6, 46.6, 1.01
M, 835280, 419714, 1080307, 1149485, 425841, 173285, 629282, 130263, 39.6, 46.6, 0.99
M, 835265, 419743, 1079990, 1149150, 425771, 173333, 629239, 130142, 39.6, 46.6, 0.99
M, 835313, 419823, 1080398, 1149377, 425837, 173349, 629244, 130251, 39.6, 46.6, 0.99
M, 835260, 419769, 1080466, 1149355, 425741, 173359, 629261, 130242, 39.7, 46.6, 0.99
M, 835354, 419728, 1080513, 1149060, 425876, 173391, 629346, 130231, 39.7, 46.6, 0.99
M, 835101, 419771, 1080393, 1148817, 425804, 173358, 629254, 130199, 39.7, 46.6, 1.00
M, 835128, 419741, 1080607, 1149190, 425829, 173415, 629350, 130236, 39.7, 46.6, 1.00
M, 834675, 419717, 1079996, 1148598, 425812, 173307, 629330, 130181, 39.7, 46.6, 1.01
M, 834654, 419596, 1079916, 1148481, 425796, 173324, 629213, 130167, 39.7, 46.6, 0.99
M, 834499, 419720, 1080077, 1148425, 425784, 173315, 629315, 130194, 39.7, 46.6, 1.00
M, 834336, 419557, 1080049, 1148372, 425762, 173316, 629273, 130138, 39.7, 46.6, 1.00
M, 834791, 419565, 1080580, 1148733, 425832, 173340, 629355, 130244, 39.7, 46.6, 0.99
M, 834916, 419654, 1080762, 1148880, 425831, 173347, 629421, 130145, 39.7, 46.6, 1.00
M, 834882, 419597, 1080849, 1148934, 425920, 173405, 629409, 130179, 39.7, 46.6, 1.00
M, 835184, 419668, 1081448, 1149427, 425987, 173403, 629573, 130319, 39.7, 46.6, 0.99
