State, OV, Alc, H2, AC1, NH3, AC2, VOC, LP, Temp, Hud, AirFlow
A, 579078, 306956, 605303, 789918, 328402, 131386, 482044, 137690, 42.6, 47.1, 0.00
A, 568836, 304673, 592621, 777889, 325448, 129834, 478736, 135410, 42.5, 47.1, 0.65
A, 559960, 302172, 581057, 766361, 322424, 128204, 475309, 133309, 42.5, 47.1, 0.74
A, 553168, 299919, 571572, 757574, 319654, 127013, 472020, 131768, 42.2, 46.5, 0.83
A, 547890, 298206, 564433, 751004, 317363, 125992, 469415, 130645, 42.2, 46.5, 0.89
A, 542864, 296476, 556825, 744541, 315113, 125006, 467078, 129604, 42.1, 46.1, 0.94
A, 540207, 295318, 552642, 741208, 313742, 124425, 465817, 129100, 42.1, 46.1, 0.96
A, 536785, 293881, 546532, 736630, 312119, 123486, 464156, 128361, 41.9, 45.6, 0.97
A, 535301, 293032, 543764, 734559, 311320, 123006, 463341, 128128, 41.9, 45.6, 0.97
A, 534176, 292131, 540787, 732938, 310593, 122559, 462690, 127968, 41.9, 45.6, 0.99
A, 533341, 291316, 538623, 731561, 310050, 122172, 462165, 127777, 41.8, 45.3, 0.99
A, 532655, 290630, 536689, 730856, 309665, 121896, 461865, 127752, 41.8, 45.3, 0.99
A, 532638, 290061, 535444, 730551, 309398, 121648, 461745, 127742, 41.7, 44.9, 1.00
A, 532664, 289456, 534029, 730025, 309071, 121351, 461633, 127740, 41.7, 44.9, 0.99
A, 532492, 288864, 532861, 729876, 308947, 121129, 461565, 127736, 41.6, 44.6, 1.00
A, 532710, 288601, 532139, 730192, 309011, 121015, 461691, 127788, 41.6, 44.6, 1.00
A, 532996, 288246, 531313, 730261, 309050, 120892, 461884, 127876, 41.5, 44.4, 1.00
A, 533504, 287952, 530979, 730758, 309038, 120839, 462158, 127985, 41.5, 44.4, 1.00
A, 534069, 287647, 530533, 731203, 309147, 120687, 462363, 128056, 41.5, 44.2, 1.01
A, 534727, 287536, 529934, 731443, 309348, 120659, 462694, 128104, 41.5, 44.2, 1.00
A, 536484, 287607, 531105, 733367, 309765, 120744, 463361, 128478, 41.4, 44.0, 1.01
A, 537080, 287596, 530973, 733953, 310074, 120666, 463674, 128462, 41.4, 44.0, 0.99
A, 537329, 287449, 530517, 734180, 310270, 120634, 464029, 128604, 41.3, 43.8, 0.99
A, 537899, 287476, 530089, 734505, 310452, 120603, 464393, 128633, 41.3, 43.8, 0.99
A, 538429, 287436, 529863, 734970, 310720, 120532, 464761, 128732, 41.3, 43.6, 1.01
A, 538799, 287463, 529616, 735190, 310908, 120531, 465028, 128720, 41.3, 43.6, 1.00
A, 539403, 287472, 528889, 735623, 311329, 120519, 465581, 128790, 41.2, 43.4, 1.00
A, 539666, 287596, 529085, 735988, 311357, 120469, 465841, 128817, 41.2, 43.4, 0.99
A, 540359, 287536, 529144, 736645, 311708, 120568, 466247, 128999, 41.2, 43.4, 1.00
A, 540744, 287864, 528780, 736767, 311874, 120556, 466597, 129035, 41.2, 43.3, 1.01
A, 541580, 287904, 528906, 737523, 312213, 120483, 467123, 129080, 41.2, 43.3, 1.00
A, 542171, 288059, 528602, 737708, 312455, 120439, 467451, 129086, 41.1, 43.2, 0.99
A, 542544, 288126, 528550, 738321, 312773, 120439, 467864, 129230, 41.1, 43.2, 0.99
A, 543290, 288249, 528690, 739000, 313145, 120494, 468351, 129340, 41.1, 43.0, 1.00
A, 543873, 288563, 528635, 739333, 313422, 120562, 468720, 129419, 41.1, 43.0, 0.99
A, 544686, 288810, 528876, 739999, 313683, 120594, 469184, 129518, 41.0, 42.9, 1.00
A, 545287, 289050, 528854, 740540, 314037, 120604, 469662, 129589, 41.0, 42.9, 1.01
A, 545575, 289131, 528354, 740604, 314325, 120549, 469986, 129574, 41.0, 42.8, 0.99
A, 546171, 289409, 528822, 741377, 314652, 120665, 470406, 129661, 41.0, 42.8, 1.00
A, 546555, 289562, 528505, 741626, 314794, 120615, 470749, 129639, 41.0, 42.7, 1.00
A, 548352, 289982, 529974, 743587, 315358, 120773, 471461, 130071, 41.0, 42.7, 1.00
A, 549181, 290517, 530152, 744080, 315820, 120850, 471983, 130071, 40.9, 42.6, 1.00
A, 549051, 290709, 529684, 744177, 315960, 120801, 472247, 130109, 40.9, 42.6, 0.99
A, 549473, 290747, 529618, 744411, 316192, 120822, 472528, 130082, 40.9, 42.5, 1.00
A, 549785, 291109, 529438, 744646, 316363, 120808, 472810, 130190, 40.9, 42.5, 1.00
A, 550225, 291404, 529414, 744868, 316659, 120797, 473259, 130104, 40.8, 42.5, 1.00
A, 550494, 291534, 529087, 744907, 316849, 120801, 473466, 130090, 40.8, 42.5, 1.00
A, 550681, 291774, 528781, 744967, 317068, 120787, 473801, 130087, 40.8, 42.4, 0.99
A, 550834, 291960, 528683, 745233, 317219, 120802, 473978, 130050, 40.8, 42.4, 1.01
A, 551157, 292107, 528708, 745515, 317431, 120758, 474238, 130152, 40.8, 42.4, 1.00
A, 551731, 292449, 528794, 745896, 317730, 120867, 474609, 130248, 40.8, 42.3, 1.00
A, 552211, 292751, 528739, 746216, 317941, 120862, 474968, 130222, 40.8, 42.3, 1.00
A, 552538, 292914, 528623, 746433, 318161, 120877, 475209, 130272, 40.7, 42.3, 1.01
A, 552777, 293125, 528495, 746738, 318312, 120839, 475554, 130261, 40.7, 42.3, 1.01
A, 553371, 293531, 528519, 747105, 318579, 120952, 475852, 130357, 40.7, 42.2, 1.00
A, 553652, 293634, 528705, 747458, 318810, 120895, 476163, 130430, 40.7, 42.2, 1.00
A, 554154, 293990, 529008, 748112, 319080, 120963, 476481, 130530, 40.7, 42.2, 1.00
A, 554770, 294276, 529008, 748221, 319251, 120952, 476838, 130477, 40.7, 42.2, 0.99
A, 554976, 294543, 529018, 748559, 319433, 120943, 477104, 130536, 40.6, 42.1, 1.01
A, 555583, 294781, 529258, 749344, 319717, 121078, 477423, 130614, 40.6, 42.1, 1.00
A, 557294, 295194, 530947, 751519, 320213, 121275, 478040, 131033, 40.6, 42.1, 1.00
A, 557897, 295670, 531195, 751861, 320535, 121281, 478489, 131011, 40.6, 42.1, 1.00
A, 558128, 295893, 531023, 752008, 320692, 121385, 478662, 131068, 40.6, 42.0, 1.00
A, 557854, 296062, 530379, 751468, 320753, 121248, 478760, 130850, 40.6, 42.0, 1.01
A, 558189, 296310, 530270, 751623, 320876, 121288, 479011, 130926, 40.6, 42.0, 1.00
A, 558358, 296521, 530442, 751961, 321031, 121243, 479178, 130882, 40.6, 42.0, 1.00
A, 558516, 296840, 530225, 752115, 321255, 121316, 479477, 130884, 40.5, 42.0, 1.00
A, 558784, 296926, 530188, 752376, 321369, 121361, 479602, 130944, 40.5, 42.0, 1.00
A, 558819, 297330, 529873, 752293, 321573, 121331, 479825, 130889, 40.5, 41.9, 1.00
A, 558949, 297387, 529920, 752351, 321591, 121311, 479983, 130902, 40.5, 41.9, 1.00
A, 558799, 297628, 529359, 752341, 321778, 121358, 480163, 130808, 40.5, 41.9, 1.00
A, 559330, 297785, 529778, 752728, 321863, 121365, 480370, 130925, 40.5, 41.9, 1.00
A, 559715, 297825, 529882, 753175, 322005, 121286, 480542, 130966, 40.5, 41.9, 1.01
A, 560210, 298249, 530250, 753797, 322325, 121372, 480913, 131081, 40.5, 41.8, 1.00
A, 560690, 298470, 530447, 754139, 322505, 121431, 481179, 131010, 40.5, 41.8, 1.00
A, 561029, 298667, 530422, 754307, 322587, 121414, 481362, 131062, 40.4, 41.8, 1.00
A, 561193, 298897, 530628, 754801, 322744, 121503, 481608, 131105, 40.4, 41.8, 1.00
A, 561458, 299192, 530530, 754980, 322867, 121470, 481799, 131136, 40.4, 41.8, 1.00
A, 561987, 299409, 530679, 755222, 323066, 121531, 482050, 131148, 40.4, 41.8, 1.00
A, 562049, 299617, 530562, 755326, 323220, 121523, 482174, 131111, 40.4, 41.8, 1.00
A, 563583, 299925, 532068, 757244, 323539, 121680, 482634, 131482, 40.4, 41.8, 1.00
A, 563830, 300232, 532204, 757310, 323741, 121766, 482901, 131443, 40.4, 41.8, 0.99
A, 563820, 300369, 531884, 757429, 323860, 121697, 482999, 131430, 40.4, 41.8, 1.00
A, 563958, 300518, 531979, 757658, 323967, 121735, 483176, 131392, 40.4, 41.8, 1.00
A, 564188, 300835, 531884, 757618, 324114, 121706, 483345, 131344, 40.4, 41.8, 1.00
A, 564069, 300880, 531592, 757534, 324120, 121801, 483420, 131255, 40.3, 41.7, 1.01
A, 564108, 301073, 531578, 757765, 324207, 121771, 483535, 131291, 40.3, 41.7, 1.00
A, 564045, 301226, 531077, 757317, 324251, 121684, 483683, 131253, 40.3, 41.7, 1.01
A, 564020, 301294, 531092, 757461, 324259, 121729, 483686, 131248, 40.3, 41.7, 1.00
A, 564098, 301483, 530844, 757546, 324465, 121722, 483968, 131252, 40.3, 41.7, 0.99
A, 564283, 301605, 530845, 757453, 324425, 121718, 483976, 131260, 40.3, 41.7, 1.00
A, 564466, 301776, 530848, 757865, 324555, 121814, 484154, 131209, 40.3, 41.7, 1.01
A, 564669, 301878, 530924, 758041, 324621, 121720, 484263, 131245, 40.3, 41.7, 1.00
A, 564694, 301908, 530893, 758163, 324756, 121753, 484358, 131324, 40.3, 41.7, 1.00
A, 565191, 302193, 531157, 758699, 324909, 121830, 484542, 131359, 40.3, 41.7, 1.00
A, 565496, 302429, 531309, 758959, 324999, 121855, 484764, 131302, 40.3, 41.7, 1.00
A, 565360, 302493, 530976, 758753, 325055, 121749, 484844, 131292, 40.3, 41.7, 1.00
A, 565607, 302618, 530971, 759177, 325218, 121876, 485023, 131349, 40.3, 41.7, 0.98
A, 565830, 302805, 531263, 759333, 325259, 121883, 485134, 131404, 40.2, 41.7, 1.00
A, 566132, 302889, 531381, 759801, 325435, 121908, 485347, 131388, 40.2, 41.7, 1.00
A, 567998, 303385, 533273, 761839, 325865, 122070, 485875, 131686, 40.2, 41.7, 1.00
A, 567954, 303598, 532987, 761783, 325948, 122120, 485976, 131649, 40.2, 41.7, 1.00
A, 567971, 303698, 532953, 761789, 325992, 122127, 486087, 131586, 40.2, 41.6, 1.01
A, 567677, 303837, 532586, 761632, 326034, 122097, 486060, 131576, 40.2, 41.6, 1.00
A, 567930, 303980, 532638, 761800, 326081, 122173, 486237, 131544, 40.2, 41.6, 1.00
A, 568025, 304175, 532460, 761688, 326202, 122134, 486332, 131481, 40.2, 41.6, 1.00
A, 567766, 304106, 532181, 761598, 326154, 122140, 486375, 131467, 40.2, 41.6, 1.01
A, 567902, 304286, 531759, 761660, 326248, 122084, 486434, 131486, 40.2, 41.6, 1.00
A, 567244, 304253, 531147, 760860, 326155, 122010, 486430, 131294, 40.1, 41.6, 1.00
A, 567289, 304295, 531135, 760984, 326151, 121975, 486431, 131304, 40.1, 41.6, 0.99
A, 567463, 304517, 531110, 761089, 326366, 122080, 486629, 131301, 40.1, 41.6, 1.00
A, 567689, 304526, 531121, 761296, 326312, 121997, 486588, 131341, 40.1, 41.6, 1.00
A, 567892, 304675, 531335, 761839, 326406, 122022, 486776, 131370, 40.1, 41.6, 1.00
A, 568131, 304719, 531423, 762021, 326419, 122060, 486906, 131343, 40.1, 41.6, 1.00
A, 568418, 304894, 531268, 762144, 326562, 122082, 487044, 131443, 40.1, 41.6, 1.00
A, 568852, 305037, 531767, 762761, 326756, 122147, 487270, 131518, 40.1, 41.6, 1.00
A, 568856, 305195, 531821, 762887, 326824, 122137, 487368, 131434, 40.1, 41.6, 1.00
A, 569029, 305299, 531800, 762966, 326855, 122123, 487342, 131441, 40.1, 41.6, 1.01
A, 569366, 305394, 532041, 763417, 326910, 122202, 487601, 131458, 40.1, 41.6, 1.00
A, 569513, 305462, 532128, 763680, 327045, 122196, 487689, 131493, 40.1, 41.6, 1.01
A, 570852, 305790, 533724, 765602, 327430, 122408, 488097, 131835, 40.1, 41.6, 1.01
A, 571405, 306099, 533922, 765906, 327588, 122460, 488359, 131919, 40.0, 41.6, 0.98
A, 571353, 306177, 533788, 765822, 327648, 122434, 488386, 131785, 40.0, 41.6, 0.99
A, 571001, 306204, 533524, 765633, 327562, 122447, 488358, 131645, 40.0, 41.7, 1.00
A, 571098, 306367, 533051, 765481, 327624, 122465, 488454, 131666, 40.0, 41.7, 1.00
A, 571213, 306345, 533453, 765768, 327727, 122466, 488476, 131694, 40.0, 41.7, 1.00
A, 571054, 306486, 533116, 765532, 327714, 122413, 488564, 131619, 40.0, 41.7, 0.99
A, 570953, 306479, 532789, 765340, 327671, 122426, 488551, 131478, 40.0, 41.7, 1.01
A, 570670, 306492, 532496, 765198, 327623, 122295, 488486, 131463, 40.0, 41.7, 1.00
A, 570707, 306643, 532289, 765062, 327692, 122353, 488601, 131410, 40.0, 41.7, 1.01
A, 570660, 306618, 532219, 765147, 327685, 122365, 488633, 131430, 40.0, 41.7, 0.99
A, 570890, 306791, 532306, 765369, 327791, 122355, 488767, 131413, 40.0, 41.7, 1.00
A, 570920, 306789, 532275, 765325, 327772, 122361, 488768, 131329, 40.0, 41.7, 0.99
A, 570788, 306773, 532063, 765484, 327853, 122372, 488856, 131375, 40.0, 41.7, 1.00
A, 571159, 306905, 532128, 765764, 327843, 122348, 488880, 131396, 40.0, 41.7, 0.99
A, 571161, 306941, 532275, 765792, 327921, 122459, 488956, 131408, 40.0, 41.7, 1.00
A, 571511, 306998, 532644, 766415, 328049, 122476, 489094, 131476, 40.0, 41.7, 1.00
A, 571760, 307125, 532713, 766299, 328086, 122416, 489248, 131425, 40.0, 41.7, 1.00
A, 571651, 307218, 532484, 766242, 328110, 122464, 489227, 131384, 39.9, 41.7, 1.00
A, 571779, 307294, 532710, 766924, 328225, 122456, 489327, 131428, 39.9, 41.7, 1.00
A, 573100, 307455, 534030, 768444, 328524, 122639, 489752, 131740, 39.9, 41.7, 1.00
A, 573317, 307719, 534318, 768548, 328641, 122702, 489881, 131729, 39.9, 41.7, 1.00
A, 573464, 307817, 534253, 768816, 328714, 122684, 489949, 131676, 39.9, 41.7, 1.00
A, 573361, 307849, 534235, 768757, 328726, 122706, 490017, 131690, 39.9, 41.7, 1.00
A, 573378, 307944, 533922, 768596, 328758, 122708, 489992, 131614, 39.9, 41.7, 0.99
A, 573337, 308050, 533950, 768744, 328761, 122744, 489992, 131550, 39.9, 41.7, 1.00
A, 573271, 307961, 534076, 768833, 328757, 122700, 490059, 131555, 39.9, 41.7, 0.99
A, 573210, 308080, 533750, 768825, 328733, 122684, 490125, 131659, 39.9, 41.7, 1.00
A, 573591, 308154, 533899, 768822, 328866, 122742, 490220, 131520, 39.9, 41.7, 1.00
A, 573083, 308156, 533514, 768579, 328754, 122688, 490106, 131419, 39.9, 41.7, 1.00
A, 572977, 308186, 533122, 768327, 328764, 122647, 490138, 131389, 39.9, 41.7, 0.99
A, 572914, 308160, 533135, 768299, 328651, 122629, 490084, 131395, 39.9, 41.7, 1.00
A, 572946, 308254, 533041, 768410, 328823, 122681, 490237, 131396, 39.9, 41.7, 1.01
A, 572291, 308222, 532448, 767964, 328733, 122612, 490185, 131240, 39.9, 41.7, 1.00
A, 572947, 308209, 533006, 768601, 328823, 122656, 490302, 131341, 39.9, 41.7, 0.99
A, 573141, 308289, 533200, 768819, 328892, 122672, 490329, 131332, 39.8, 41.7, 1.01
A, 573214, 308351, 533184, 768990, 328893, 122661, 490401, 131391, 39.8, 41.7, 1.00
A, 573540, 308476, 533556, 769413, 328998, 122739, 490553, 131436, 39.8, 41.7, 1.00
A, 573844, 308550, 533583, 769425, 329041, 122690, 490653, 131319, 39.8, 41.7, 1.00
A, 573839, 308544, 533555, 769572, 329086, 122730, 490642, 131355, 39.8, 41.7, 1.00
A, 575036, 308827, 535011, 771388, 329345, 122927, 491079, 131720, 39.8, 41.7, 1.00
A, 575346, 309020, 534912, 771558, 329491, 122931, 491213, 131710, 39.8, 41.8, 1.01
A, 575138, 308969, 534975, 771554, 329514, 122896, 491181, 131628, 39.8, 41.8, 1.00
A, 575382, 309187, 535170, 771675, 329518, 122965, 491321, 131666, 39.8, 41.8, 0.99
A, 575424, 309158, 535176, 771562, 329597, 122963, 491271, 131622, 39.8, 41.8, 1.01
A, 575295, 309168, 534820, 771478, 329576, 122943, 491292, 131566, 39.8, 41.8, 1.00
A, 575147, 309313, 534752, 771534, 329598, 122972, 491336, 131521, 39.8, 41.8, 1.00
A, 575158, 309292, 534826, 771871, 329682, 123002, 491417, 131554, 39.8, 41.8, 1.01
A, 575088, 309279, 534611, 771462, 329590, 122949, 491341, 131458, 39.8, 41.8, 1.00
A, 575109, 309345, 534552, 771516, 329663, 122975, 491394, 131404, 39.8, 41.8, 1.01
A, 575119, 309327, 534454, 771566, 329645, 122931, 491437, 131423, 39.8, 41.8, 1.00
A, 575064, 309409, 534340, 771415, 329647, 122951, 491438, 131411, 39.8, 41.8, 1.01
A, 574965, 309439, 534239, 771595, 329565, 122930, 491398, 131402, 39.8, 41.8, 1.00
A, 575228, 309403, 534553, 771997, 329721, 123014, 491520, 131421, 39.8, 41.8, 0.98
A, 575368, 309514, 534640, 772132, 329763, 123085, 491621, 131420, 39.8, 41.8, 0.99
A, 575564, 309564, 534891, 772401, 329790, 122991, 491676, 131427, 39.8, 41.8, 0.99
A, 575649, 309683, 534796, 772339, 329777, 123036, 491656, 131389, 39.7, 41.8, 1.00
A, 575549, 309662, 534731, 772481, 329807, 122943, 491713, 131406, 39.7, 41.8, 1.00
A, 575917, 309660, 534875, 772859, 329875, 123072, 491863, 131457, 39.7, 41.8, 1.00
A, 576100, 309715, 534991, 772827, 329911, 123008, 491879, 131396, 39.7, 41.8, 1.00
A, 577624, 310026, 536875, 775119, 330317, 123331, 492358, 131802, 39.7, 41.8, 1.00
A, 577633, 310200, 536837, 774841, 330418, 123292, 492418, 131659, 39.7, 41.8, 1.00
A, 577275, 310246, 536524, 774662, 330286, 123251, 492302, 131671, 39.7, 41.8, 1.00
A, 576989, 310131, 536163, 774466, 330266, 123259, 492285, 131591, 39.7, 41.8, 0.99
A, 577002, 310170, 536183, 774624, 330289, 123293, 492305, 131555, 39.7, 41.9, 0.99
A, 576917, 310229, 536124, 774431, 330272, 123266, 492306, 131539, 39.7, 41.9, 1.00
A, 577121, 310362, 536295, 774790, 330289, 123312, 492370, 131561, 39.7, 41.9, 1.00
A, 577123, 310410, 536183, 774790, 330361, 123285, 492432, 131492, 39.7, 41.9, 1.00
A, 576832, 310331, 535639, 774313, 330292, 123230, 492382, 131436, 39.7, 41.9, 0.99
A, 576766, 310270, 535707, 774343, 330256, 123262, 492332, 131406, 39.7, 41.9, 0.99
A, 576784, 310404, 535785, 774459, 330340, 123230, 492387, 131370, 39.7, 41.9, 1.01
A, 576551, 310298, 535421, 773885, 330226, 123225, 492321, 131280, 39.7, 41.9, 1.00
A, 576360, 310346, 535254, 773863, 330238, 123182, 492350, 131141, 39.7, 41.9, 0.99
A, 575938, 310162, 534833, 773663, 330082, 123135, 492121, 131206, 39.7, 41.9, 1.01
A, 576420, 310303, 534928, 774046, 330208, 123236, 492377, 131241, 39.7, 41.9, 1.00
A, 576569, 310207, 535180, 774258, 330270, 123272, 492405, 131284, 39.7, 41.9, 1.01
A, 576726, 310337, 535510, 774590, 330341, 123229, 492473, 131282, 39.7, 41.9, 1.00
A, 576833, 310342, 535351, 774518, 330358, 123263, 492523, 131284, 39.7, 41.9, 1.01
A, 576809, 310333, 535458, 774563, 330307, 123247, 492525, 131225, 39.7, 41.9, 1.00
A, 576885, 310342, 535555, 774893, 330394, 123272, 492633, 131288, 39.6, 41.9, 1.00
A, 578334, 310651, 537179, 776817, 330694, 123458, 492955, 131596, 39.6, 41.9, 1.00
A, 578633, 310908, 537416, 777048, 330860, 123473, 493117, 131672, 39.6, 41.9, 1.01
A, 578594, 310897, 537317, 776878, 330798, 123468, 493193, 131498, 39.6, 41.9, 1.00
A, 578405, 310910, 537164, 776718, 330771, 123462, 493062, 131466, 39.6, 41.9, 1.01
A, 578356, 310937, 537071, 776912, 330752, 123523, 493127, 131449, 39.6, 41.9, 1.00
A, 578369, 310965, 536876, 776867, 330794, 123511, 493094, 131442, 39.6, 42.0, 0.99
A, 578265, 310946, 536960, 776848, 330741, 123485, 493092, 131438, 39.6, 42.0, 1.01
A, 578423, 310939, 537085, 777021, 330823, 123498, 493199, 131434, 39.6, 42.0, 0.99
A, 578486, 311023, 537111, 776954, 330860, 123543, 493246, 131431, 39.6, 42.0, 1.01
A, 578408, 311075, 536993, 776924, 330847, 123524, 493209, 131356, 39.6, 41.9, 1.00
A, 578242, 310985, 536859, 777000, 330840, 123585, 493200, 131376, 39.6, 41.9, 1.00
A, 578283, 311100, 536798, 776863, 330819, 123484, 493242, 131341, 39.6, 42.0, 1.00
A, 578166, 310973, 536909, 777010, 330807, 123557, 493209, 131357, 39.6, 42.0, 1.00
A, 578201, 311126, 536787, 776965, 330893, 123509, 493356, 131338, 39.6, 42.0, 1.01
A, 578076, 311031, 536797, 776993, 330812, 123511, 493250, 131275, 39.6, 42.0, 1.01
A, 578465, 311090, 537011, 777424, 330888, 123563, 493346, 131260, 39.6, 42.0, 1.00
A, 578659, 311162, 537126, 777590, 330871, 123550, 493313, 131275, 39.6, 42.0, 1.00
A, 578452, 311084, 537127, 777625, 330898, 123578, 493380, 131320, 39.6, 42.0, 1.00
A, 578743, 311263, 537377, 777957, 331016, 123616, 493489, 131344, 39.6, 42.0, 1.01
A, 578959, 311254, 537486, 778052, 331017, 123608, 493535, 131332, 39.6, 42.0, 1.00
A, 580304, 311551, 539130, 779876, 331333, 123826, 493859, 131643, 39.5, 42.0, 1.00
A, 580420, 311603, 539105, 779996, 331405, 123796, 494034, 131564, 39.5, 42.0, 1.01
A, 580194, 311605, 538595, 779677, 331437, 123809, 493958, 131560, 39.5, 42.0, 1.00
A, 580189, 311692, 539005, 779944, 331362, 123845, 493956, 131563, 39.5, 42.0, 0.99
A, 580161, 311731, 538893, 779891, 331418, 123812, 493901, 131459, 39.5, 42.1, 1.00
A, 580097, 311737, 538920, 779806, 331374, 123762, 493911, 131428, 39.5, 42.1, 1.00
A, 579941, 311742, 538774, 779684, 331367, 123799, 493902, 131424, 39.5, 42.1, 1.00
A, 579635, 311699, 538517, 779585, 331323, 123732, 493837, 131378, 39.5, 42.1, 1.00
A, 579686, 311675, 538553, 779621, 331257, 123838, 493856, 131356, 39.5, 42.1, 1.00
A, 579808, 311699, 538428, 779394, 331278, 123762, 493828, 131304, 39.5, 42.1, 1.00
A, 579647, 311690, 538353, 779392, 331308, 123830, 493870, 131276, 39.5, 42.1, 0.99
A, 579526, 311665, 538218, 779457, 331268, 123862, 493855, 131279, 39.5, 42.1, 1.01
A, 579504, 311731, 538149, 779319, 331264, 123740, 493856, 131131, 39.5, 42.1, 1.01
A, 579428, 311731, 538163, 779438, 331238, 123865, 493785, 131276, 39.5, 42.1, 1.00
A, 579432, 311816, 537936, 779210, 331246, 123783, 493885, 131195, 39.5, 42.1, 1.01
A, 579239, 311614, 538028, 779138, 331195, 123760, 493816, 131154, 39.5, 42.1, 0.99
A, 579542, 311700, 538165, 779585, 331251, 123837, 493936, 131241, 39.5, 42.1, 1.00
A, 579514, 311686, 538220, 779690, 331194, 123842, 493917, 131193, 39.5, 42.1, 1.01
A, 579584, 311639, 538162, 779693, 331222, 123840, 493905, 131248, 39.5, 42.1, 1.00
A, 579889, 311693, 538487, 780025, 331271, 123792, 494042, 131230, 39.5, 42.1, 1.00
A, 581531, 311980, 540656, 782120, 331660, 124037, 494451, 131581, 39.5, 42.1, 1.00
A, 581240, 312162, 540191, 781822, 331730, 124066, 494514, 131485, 39.5, 42.1, 1.01
A, 581204, 312110, 540289, 781955, 331737, 124060, 494512, 131467, 39.5, 42.1, 1.01
A, 581087, 312106, 539988, 781696, 331700, 124036, 494322, 131345, 39.5, 42.2, 1.00
A, 580867, 312184, 539816, 781542, 331680, 124087, 494379, 131364, 39.5, 42.2, 0.99
A, 580823, 312115, 539880, 781691, 331655, 124086, 494475, 131408, 39.5, 42.1, 1.00
A, 580883, 312105, 540039, 781667, 331626, 124078, 494350, 131291, 39.5, 42.1, 1.00
A, 580763, 312091, 539822, 781541, 331568, 124074, 494343, 131237, 39.5, 42.2, 1.00
A, 580493, 312065, 539430, 781123, 331563, 124029, 494317, 131222, 39.5, 42.2, 0.99
A, 580645, 312034, 539533, 781347, 331590, 124067, 494260, 131273, 39.4, 42.2, 0.99
A, 580280, 312037, 539383, 781090, 331485, 124014, 494194, 131210, 39.4, 42.2, 1.00
A, 580497, 312049, 539433, 781210, 331526, 123985, 494284, 131214, 39.4, 42.2, 1.01
A, 580472, 312074, 539613, 781383, 331572, 124022, 494287, 131195, 39.4, 42.2, 1.01
A, 580397, 311993, 539517, 781242, 331541, 124025, 494378, 131182, 39.4, 42.2, 1.01
A, 580227, 311959, 539381, 781290, 331513, 124060, 494270, 131195, 39.4, 42.2, 1.00
A, 580287, 312087, 539353, 781196, 331518, 123990, 494344, 131071, 39.4, 42.2, 1.00
A, 580185, 311908, 539315, 781178, 331497, 124009, 494281, 131094, 39.4, 42.2, 1.01
A, 580292, 312004, 539591, 781508, 331526, 123990, 494316, 131087, 39.4, 42.2, 1.01
A, 580415, 312069, 539684, 781702, 331536, 124083, 494389, 131122, 39.4, 42.2, 0.99
A, 580406, 312105, 539670, 781839, 331559, 124097, 494440, 131174, 39.4, 42.2, 1.01
A, 582228, 312280, 541611, 783972, 331944, 124328, 494846, 131509, 39.4, 42.2, 1.01
A, 582303, 312448, 541348, 783630, 331993, 124261, 494932, 131410, 39.4, 42.2, 1.00
A, 581923, 312383, 541272, 783164, 331956, 124225, 494821, 131308, 39.4, 42.2, 0.99
A, 581805, 312373, 541293, 783583, 331933, 124222, 494800, 131238, 39.4, 42.2, 1.00
A, 581553, 312377, 541058, 783324, 331884, 124241, 494794, 131283, 39.4, 42.2, 1.00
A, 581731, 312365, 540886, 783298, 331917, 124256, 494773, 131283, 39.4, 42.2, 1.00
A, 581743, 312458, 541179, 783357, 331913, 124288, 494805, 131211, 39.4, 42.2, 1.00
A, 581689, 312423, 541141, 783359, 331934, 124290, 494850, 131208, 39.4, 42.2, 1.00
A, 581392, 312389, 540986, 783123, 331809, 124188, 494746, 131137, 39.4, 42.2, 1.00
A, 581446, 312405, 540939, 783196, 331819, 124238, 494789, 131149, 39.4, 42.2, 0.99
A, 581357, 312406, 540785, 783192, 331791, 124251, 494717, 131129, 39.4, 42.2, 1.01
A, 581219, 312276, 540722, 783130, 331764, 124192, 494752, 131113, 39.4, 42.2, 1.01
A, 581574, 312410, 540983, 783166, 331869, 124243, 494858, 131161, 39.4, 42.3, 1.01
A, 581474, 312311, 540969, 783266, 331814, 124223, 494755, 131065, 39.4, 42.3, 1.01
A, 581210, 312382, 540816, 783234, 331898, 124238, 494769, 131053, 39.4, 42.3, 1.00
A, 581317, 312276, 540571, 783348, 331822, 124276, 494772, 131063, 39.4, 42.3, 1.00
A, 581689, 312469, 541186, 783808, 331872, 124243, 494876, 131097, 39.4, 42.3, 1.01
A, 581781, 312473, 541376, 784072, 331977, 124339, 494956, 131165, 39.4, 42.3, 1.01
A, 581924, 312457, 541272, 783956, 331965, 124321, 494988, 131154, 39.4, 42.3, 1.00
A, 581933, 312590, 541427, 783817, 331916, 124284, 494950, 131108, 39.4, 42.3, 1.01
A, 583115, 312741, 542935, 785905, 332259, 124567, 495341, 131387, 39.4, 42.3, 1.01
A, 583293, 312877, 543063, 785906, 332390, 124594, 495409, 131377, 39.4, 42.3, 1.01
A, 583151, 312794, 542686, 785677, 332257, 124497, 495302, 131309, 39.4, 42.3, 1.00
A, 583297, 312987, 542980, 785762, 332291, 124551, 495383, 131361, 39.4, 42.3, 0.99
A, 583187, 312959, 543073, 785843, 332281, 124527, 495336, 131327, 39.4, 42.3, 1.00
A, 582832, 312852, 542671, 785512, 332227, 124581, 495323, 131240, 39.3, 42.3, 1.00
A, 582768, 312804, 542634, 785511, 332200, 124490, 495253, 131243, 39.3, 42.3, 1.00
A, 582863, 312809, 542712, 785691, 332195, 124611, 495326, 131284, 39.4, 42.3, 1.00
A, 582747, 312864, 542693, 785636, 332211, 124554, 495309, 131246, 39.4, 42.3, 1.00
A, 583066, 312962, 542746, 785559, 332274, 124535, 495324, 131170, 39.3, 42.3, 1.01
A, 582777, 312922, 542716, 785699, 332214, 124552, 495298, 131120, 39.3, 42.3, 1.01
A, 582620, 312899, 542601, 785476, 332132, 124548, 495223, 131102, 39.3, 42.3, 1.01
A, 582529, 312809, 542172, 785255, 332111, 124480, 495220, 131167, 39.3, 42.3, 0.99
A, 582739, 312860, 542628, 785486, 332142, 124570, 495222, 131147, 39.3, 42.3, 0.99
A, 582548, 312817, 542588, 785346, 332113, 124529, 495261, 131098, 39.3, 42.3, 1.01
A, 582397, 312808, 542301, 785158, 332160, 124534, 495195, 131039, 39.3, 42.4, 1.01
A, 582335, 312718, 542383, 785257, 332033, 124475, 495153, 131034, 39.3, 42.4, 0.99
A, 582485, 312734, 542676, 785664, 332116, 124592, 495222, 131108, 39.3, 42.4, 1.00
A, 582578, 312868, 542854, 785696, 332183, 124620, 495289, 131114, 39.3, 42.3, 0.99
A, 582544, 312803, 542676, 785596, 332161, 124606, 495265, 131023, 39.3, 42.3, 1.01
A, 583966, 312987, 544337, 787337, 332434, 124798, 495604, 131398, 39.3, 42.4, 0.99
A, 583729, 313118, 544160, 787210, 332466, 124728, 495613, 131277, 39.3, 42.4, 1.00
A, 583796, 313021, 544141, 787235, 332499, 124763, 495638, 131274, 39.3, 42.4, 1.00
A, 583594, 313106, 544072, 787145, 332440, 124772, 495613, 131238, 39.3, 42.4, 1.00
A, 583789, 313065, 544273, 787376, 332486, 124773, 495647, 131191, 39.3, 42.4, 1.01
A, 583669, 313093, 544039, 787030, 332449, 124764, 495576, 131149, 39.3, 42.4, 1.01
A, 583518, 313152, 543765, 786642, 332340, 124767, 495514, 131114, 39.3, 42.4, 0.99
A, 583465, 313064, 544152, 787096, 332364, 124744, 495566, 131114, 39.3, 42.4, 1.01
A, 583479, 313101, 544145, 787086, 332361, 124727, 495549, 131106, 39.3, 42.4, 1.01
A, 583252, 313054, 543790, 786730, 332310, 124752, 495488, 131078, 39.3, 42.4, 0.99
A, 583276, 313062, 543883, 786884, 332358, 124770, 495552, 131157, 39.3, 42.4, 1.00
A, 583386, 313018, 544059, 787060, 332383, 124756, 495601, 131116, 39.3, 42.4, 1.00
A, 583235, 313038, 544007, 786990, 332266, 124820, 495495, 131055, 39.3, 42.4, 1.01
A, 583292, 313025, 544069, 787055, 332300, 124792, 495533, 131088, 39.3, 42.4, 1.00
A, 582996, 313096, 543760, 786677, 332316, 124713, 495539, 130994, 39.3, 42.4, 0.99
A, 582997, 312933, 543783, 786748, 332191, 124728, 495432, 131009, 39.3, 42.4, 1.00
A, 583060, 313083, 543875, 786796, 332315, 124779, 495516, 130907, 39.3, 42.4, 0.99
A, 583081, 313019, 543930, 786815, 332231, 124753, 495476, 130977, 39.3, 42.4, 1.00
A, 583207, 312908, 544067, 787165, 332273, 124732, 495456, 131025, 39.3, 42.4, 0.99
A, 583269, 313064, 544295, 787386, 332405, 124880, 495599, 130997, 39.3, 42.4, 1.00
A, 584916, 313218, 546046, 789225, 332652, 125015, 495974, 131365, 39.3, 42.4, 1.00
A, 585054, 313445, 546336, 789510, 332754, 125053, 496011, 131329, 39.3, 42.4, 0.99
A, 585045, 313382, 545984, 789362, 332680, 125026, 496028, 131263, 39.3, 42.4, 0.99
A, 584646, 313468, 545995, 788898, 332689, 125013, 495951, 131184, 39.3, 42.4, 1.01
A, 584636, 313402, 545967, 789009, 332683, 125054, 495965, 131219, 39.3, 42.4, 1.01
A, 584489, 313478, 545776, 788881, 332655, 125032, 495897, 131184, 39.3, 42.5, 1.00
A, 584554, 313447, 545948, 788893, 332664, 124958, 495942, 131203, 39.3, 42.5, 1.00
A, 584311, 313340, 545662, 788502, 332583, 125013, 495892, 131129, 39.3, 42.5, 1.01
A, 584160, 313282, 545816, 788701, 332611, 125039, 495849, 131137, 39.3, 42.5, 0.99
A, 584005, 313296, 545623, 788622, 332525, 125099, 495786, 131044, 39.2, 42.5, 0.99
A, 584070, 313277, 545682, 788645, 332524, 125096, 495783, 131092, 39.2, 42.5, 1.01
A, 584170, 313321, 545814, 788758, 332511, 125068, 495786, 131106, 39.2, 42.5, 1.00
A, 584176, 313276, 545536, 788397, 332537, 125040, 495854, 131076, 39.2, 42.5, 1.00
A, 583859, 313266, 545588, 788256, 332430, 125016, 495767, 130928, 39.2, 42.5, 1.00
A, 583719, 313241, 545659, 788381, 332456, 125067, 495731, 130956, 39.2, 42.5, 1.00
A, 583688, 313262, 545508, 788274, 332451, 124993, 495819, 130960, 39.2, 42.5, 1.00
A, 583653, 313111, 545289, 788223, 332370, 125030, 495673, 130995, 39.2, 42.5, 1.00
A, 583483, 313210, 545475, 788166, 332447, 125039, 495733, 130932, 39.2, 42.5, 1.01
A, 583524, 313145, 545544, 788177, 332347, 125010, 495705, 130889, 39.2, 42.5, 1.00
A, 583696, 313095, 545795, 788327, 332408, 125043, 495720, 130907, 39.2, 42.5, 1.01
A, 585231, 313293, 547618, 790423, 332734, 125266, 496086, 131319, 39.2, 42.5, 0.99
A, 585094, 313431, 547505, 790296, 332821, 125270, 496178, 131206, 39.2, 42.5, 1.00
A, 585205, 313534, 547652, 790282, 332841, 125269, 496197, 131230, 39.2, 42.5, 1.00
A, 584982, 313434, 547577, 790098, 332762, 125249, 496142, 131181, 39.2, 42.5, 1.00
A, 584805, 313392, 547219, 789771, 332685, 125244, 496013, 131049, 39.2, 42.5, 0.99
A, 584704, 313372, 547278, 789944, 332711, 125278, 496119, 131126, 39.2, 42.5, 0.99
A, 584701, 313430, 547181, 789845, 332678, 125281, 496031, 131133, 39.2, 42.5, 1.01
A, 584469, 313329, 547029, 789695, 332622, 125249, 495972, 131128, 39.2, 42.5, 1.00
A, 584582, 313394, 547474, 789899, 332704, 125292, 496075, 131080, 39.2, 42.5, 0.99
A, 584477, 313474, 547032, 789739, 332656, 125304, 496018, 131034, 39.2, 42.5, 1.00
A, 584316, 313404, 547218, 789560, 332586, 125252, 495938, 130947, 39.2, 42.5, 1.00
A, 583765, 313175, 546555, 788990, 332380, 125170, 495817, 130874, 39.2, 42.5, 0.99
A, 584048, 313244, 546855, 789262, 332539, 125245, 495946, 130950, 39.2, 42.5, 1.00
A, 584211, 313273, 546932, 789277, 332563, 125223, 495916, 130956, 39.2, 42.5, 1.01
A, 584101, 313268, 546893, 789194, 332532, 125235, 495911, 130921, 39.2, 42.5, 1.01
A, 583920, 313175, 546961, 789402, 332453, 125219, 495883, 130930, 39.2, 42.5, 1.00
A, 583977, 313336, 546888, 789253, 332563, 125148, 495933, 130892, 39.2, 42.6, 1.00
A, 584007, 313194, 547061, 789408, 332512, 125262, 495929, 130885, 39.2, 42.6, 1.00
A, 583941, 313279, 546895, 789310, 332574, 125214, 495988, 130892, 39.2, 42.6, 1.00
A, 583950, 313231, 546608, 789191, 332470, 125185, 495866, 130843, 39.2, 42.6, 1.00
M, 582409, 313066, 544548, 786083, 332230, 124818, 495557, 130007, 39.2, 42.6, 0.08
M, 575019, 311548, 536216, 777396, 330194, 123804, 493012, 128513, 39.2, 42.6, 0.55
M, 568316, 309734, 528264, 768601, 328039, 122708, 490477, 127016, 39.2, 42.6, 0.72
M, 563735, 308362, 523186, 763150, 326791, 122066, 489217, 126178, 39.2, 42.6, 0.79
M, 559800, 307397, 517815, 757710, 326048, 121281, 489091, 125195, 39.2, 42.6, 0.87
M, 557301, 307320, 513255, 753889, 325950, 120708, 489743, 124506, 39.3, 42.5, 0.92
M, 556539, 307712, 509510, 751507, 326271, 120200, 490675, 124044, 39.3, 42.5, 0.95
M, 556646, 308379, 506688, 749970, 326570, 119794, 491493, 123616, 39.3, 42.4, 0.97
M, 557755, 309202, 503934, 749520, 327158, 119422, 492370, 123228, 39.3, 42.4, 0.98
M, 558755, 309887, 501250, 749019, 327466, 119154, 492789, 122844, 39.3, 42.4, 0.98
M, 560405, 310556, 499568, 749721, 327780, 118848, 493254, 122632, 39.3, 42.4, 0.99
M, 562086, 311125, 497734, 750533, 327983, 118744, 493564, 122440, 39.3, 42.3, 1.00
M, 564215, 311627, 496713, 751967, 328189, 118625, 493885, 122388, 39.3, 42.3, 0.99
M, 567003, 312117, 496146, 754050, 328559, 118551, 494269, 122368, 39.3, 42.3, 1.00
M, 569540, 312636, 495510, 756232, 328799, 118517, 494596, 122327, 39.3, 42.3, 1.00
M, 571131, 312810, 494377, 757524, 328870, 118414, 494684, 122253, 39.3, 42.2, 1.00
M, 573207, 312916, 493742, 759558, 328955, 118485, 494835, 122274, 39.3, 42.2, 1.00
M, 575577, 313281, 493916, 761984, 329283, 118479, 495103, 122328, 39.3, 42.2, 1.00
M, 576968, 313235, 493654, 763705, 329378, 118498, 495257, 122398, 39.3, 42.2, 1.00
M, 579165, 313367, 493547, 765962, 329564, 118547, 495464, 122408, 39.3, 42.2, 1.00
M, 581559, 313443, 494761, 769028, 329866, 118753, 495890, 122673, 39.3, 42.2, 1.00
M, 582860, 313506, 494563, 770580, 330065, 118841, 496158, 122689, 39.3, 42.2, 1.00
M, 583966, 313498, 494462, 772195, 330217, 118813, 496255, 122712, 39.3, 42.1, 1.00
M, 585038, 313464, 494363, 773422, 330324, 118879, 496395, 122809, 39.3, 42.1, 1.00
M, 586156, 313444, 494700, 775306, 330539, 118959, 496630, 122870, 39.3, 42.2, 1.01
M, 587135, 313369, 494721, 776666, 330711, 119119, 496852, 122886, 39.3, 42.2, 0.99
M, 587773, 313246, 494480, 777681, 330763, 119041, 497051, 122898, 39.3, 42.1, 1.00
M, 588583, 313224, 494744, 779132, 331028, 119183, 497344, 122982, 39.3, 42.1, 1.00
M, 589182, 313239, 494710, 780125, 331146, 119238, 497500, 122999, 39.3, 42.1, 1.00
M, 589601, 313119, 494284, 780806, 331216, 119290, 497652, 123030, 39.3, 42.1, 0.99
M, 590100, 313007, 494544, 781662, 331422, 119293, 497901, 123067, 39.3, 42.1, 1.00
M, 590679, 313095, 494848, 782875, 331574, 119454, 498165, 123098, 39.3, 42.1, 1.00
M, 590977, 312964, 494824, 783558, 331760, 119487, 498366, 123173, 39.3, 42.1, 1.00
M, 591159, 312866, 494578, 784152, 331833, 119501, 498507, 123233, 39.3, 42.1, 1.00
M, 591776, 312858, 495181, 785411, 332019, 119574, 498841, 123301, 39.3, 42.1, 1.01
M, 592211, 312823, 495373, 786152, 332260, 119619, 499147, 123345, 39.3, 42.1, 1.00
M, 592610, 312825, 495348, 786754, 332399, 119687, 499313, 123389, 39.3, 42.1, 1.00
M, 592990, 312907, 495706, 787772, 332592, 119789, 499563, 123450, 39.3, 42.1, 1.01
M, 593130, 312929, 495623, 788205, 332790, 119843, 499863, 123429, 39.3, 42.1, 0.99
M, 593125, 312894, 495700, 788716, 332855, 119892, 499999, 123529, 39.3, 42.1, 1.01
M, 595643, 313260, 497980, 791917, 333599, 120182, 500821, 123908, 39.3, 42.1, 1.00
M, 595705, 313354, 497880, 792082, 333763, 120238, 500997, 123894, 39.3, 42.1, 1.00
M, 595856, 313315, 497866, 792587, 333815, 120295, 501134, 123937, 39.3, 42.1, 1.01
M, 595796, 313357, 497701, 792969, 333875, 120309, 501310, 123915, 39.3, 42.1, 1.01
M, 595812, 313410, 497918, 793221, 333966, 120390, 501473, 123909, 39.3, 42.1, 1.00
M, 596105, 313438, 498246, 793922, 334213, 120490, 501726, 123903, 39.3, 42.1, 1.00
M, 596223, 313528, 498227, 794001, 334362, 120455, 501879, 123966, 39.3, 42.1, 1.00
M, 596169, 313544, 498124, 794306, 334390, 120423, 501973, 123951, 39.3, 42.0, 1.00
M, 596157, 313520, 498116, 794770, 334542, 120511, 502178, 124012, 39.3, 42.0, 1.00
M, 596431, 313616, 498411, 795319, 334775, 120608, 502438, 124082, 39.3, 42.0, 1.01
M, 596437, 313597, 498356, 795402, 334798, 120651, 502590, 124053, 39.3, 42.0, 1.00
M, 596846, 313737, 498779, 796220, 335024, 120750, 502825, 124138, 39.3, 42.0, 1.01
M, 596945, 313800, 498968, 796603, 335164, 120727, 503085, 124193, 39.3, 42.0, 1.00
M, 597055, 313843, 498840, 796872, 335291, 120796, 503223, 124198, 39.3, 42.0, 1.02
M, 597097, 313940, 498945, 797138, 335406, 120821, 503353, 124183, 39.3, 42.0, 1.00
M, 597268, 314047, 499312, 797757, 335560, 120847, 503616, 124228, 39.3, 42.0, 1.00
M, 597620, 314038, 499372, 797870, 335694, 120920, 503742, 124257, 39.3, 42.0, 1.01
M, 597548, 314144, 499365, 798231, 335745, 120943, 503858, 124274, 39.3, 42.0, 1.00
M, 597546, 314133, 499304, 798389, 335825, 120913, 503976, 124242, 39.3, 42.0, 0.99
M, 597636, 314291, 499370, 798724, 336002, 121036, 504234, 124307, 39.3, 42.1, 1.00
M, 598697, 314335, 500716, 800357, 336256, 121222, 504526, 124620, 39.3, 42.1, 1.00
M, 598683, 314628, 500614, 800406, 336513, 121245, 504846, 124560, 39.3, 42.0, 0.99
M, 598594, 314542, 500471, 800536, 336508, 121263, 504898, 124524, 39.3, 42.0, 1.00
M, 598843, 314611, 500844, 801007, 336593, 121283, 505023, 124510, 39.3, 42.0, 0.99
M, 598938, 314596, 500813, 801246, 336653, 121321, 505109, 124585, 39.3, 42.0, 0.99
M, 598783, 314713, 500792, 801403, 336768, 121372, 505281, 124554, 39.3, 42.0, 1.01
M, 599090, 314843, 501081, 802003, 336903, 121426, 505438, 124622, 39.3, 42.0, 1.00
M, 599316, 314905, 501284, 802182, 337038, 121438, 505535, 124649, 39.3, 42.0, 0.99
M, 599279, 314870, 501220, 802231, 337113, 121502, 505641, 124615, 39.3, 42.0, 1.01
M, 599080, 314866, 501072, 802324, 337086, 121459, 505776, 124593, 39.3, 42.0, 1.00
M, 599258, 315001, 501010, 802572, 337212, 121579, 505868, 124646, 39.3, 42.0, 1.00
M, 599530, 315071, 501596, 803275, 337305, 121574, 506010, 124764, 39.3, 42.0, 1.00
M, 599634, 315126, 501744, 803525, 337446, 121614, 506230, 124631, 39.3, 42.0, 0.99
M, 599582, 315078, 501497, 803132, 337468, 121582, 506342, 124722, 39.3, 42.0, 1.00
M, 599211, 315023, 501312, 803243, 337401, 121669, 506301, 124662, 39.3, 42.0, 1.00
M, 599210, 315065, 501408, 803551, 337508, 121667, 506425, 124747, 39.3, 42.0, 1.00
M, 599699, 315225, 501867, 804264, 337697, 121736, 506623, 124780, 39.3, 42.0, 1.00
M, 599982, 315239, 502150, 804530, 337829, 121802, 506779, 124859, 39.3, 42.0, 1.00
M, 600437, 315450, 502548, 805073, 337947, 121875, 507002, 124837, 39.3, 42.0, 1.00
M, 600371, 315479, 502616, 805391, 338037, 121886, 507159, 124901, 39.3, 42.0, 1.00
M, 602143, 315774, 504378, 807638, 338548, 122097, 507684, 125208, 39.3, 42.0, 1.00
M, 602098, 315851, 504437, 807849, 338582, 122184, 507759, 125158, 39.3, 42.0, 1.00
M, 602134, 315966, 504585, 808007, 338660, 122191, 507897, 125254, 39.3, 42.0, 0.99
M, 602087, 315981, 504538, 808104, 338655, 122164, 507905, 125247, 39.3, 42.0, 1.00
M, 602253, 316096, 504699, 808244, 338775, 122252, 508002, 125195, 39.3, 42.0, 1.00
M, 602097, 316085, 504556, 808165, 338754, 122275, 508091, 125156, 39.2, 42.0, 1.00
M, 601894, 316116, 504449, 808219, 338852, 122266, 508108, 125146, 39.2, 42.0, 1.00
M, 602107, 316194, 504466, 808577, 338827, 122264, 508246, 125202, 39.2, 42.0, 1.00
M, 601999, 316224, 504711, 808623, 338864, 122318, 508343, 125177, 39.2, 42.0, 1.00
M, 602096, 316272, 504839, 808868, 338961, 122324, 508393, 125241, 39.2, 42.0, 1.00
M, 602288, 316246, 504946, 808912, 339042, 122368, 508492, 125226, 39.2, 42.0, 0.99
M, 602141, 316273, 504904, 809143, 339027, 122342, 508533, 125144, 39.2, 42.0, 1.01
M, 602046, 316297, 504972, 809224, 339090, 122485, 508633, 125266, 39.2, 42.0, 1.00
M, 602345, 316364, 505229, 809660, 339210, 122525, 508775, 125281, 39.2, 42.0, 1.00
M, 602397, 316481, 505353, 809694, 339243, 122506, 508797, 125244, 39.2, 42.0, 1.00
M, 602327, 316450, 505280, 809656, 339259, 122529, 508903, 125218, 39.2, 42.0, 1.01
M, 602349, 316492, 505326, 809900, 339316, 122527, 508890, 125245, 39.2, 42.0, 1.00
M, 602526, 316499, 505380, 810291, 339424, 122602, 509060, 125338, 39.2, 42.1, 1.00
M, 602476, 316561, 505669, 810390, 339397, 122573, 509069, 125303, 39.2, 42.1, 1.01
M, 602476, 316581, 505775, 810592, 339560, 122687, 509290, 125366, 39.2, 42.0, 1.01
M, 604173, 316798, 507333, 812259, 339834, 122826, 509593, 125602, 39.2, 42.0, 0.99
M, 603717, 316990, 507058, 812157, 339956, 122797, 509786, 125525, 39.2, 42.0, 0.99
M, 603560, 316814, 506897, 812142, 339812, 122822, 509679, 125520, 39.2, 42.0, 1.01
M, 603773, 316978, 506882, 812362, 339894, 122885, 509799, 125605, 39.2, 42.0, 0.99
M, 603787, 316998, 507026, 812482, 339925, 122917, 509849, 125597, 39.2, 42.0, 1.00
M, 603502, 317037, 506967, 812304, 339992, 122880, 509851, 125545, 39.2, 42.0, 1.00
M, 603443, 317001, 507007, 812451, 339955, 122935, 509894, 125526, 39.2, 42.0, 0.99
M, 603877, 317063, 507461, 812853, 340076, 123018, 510043, 125585, 39.2, 42.0, 1.01
M, 603795, 317050, 507484, 813075, 340081, 122990, 510059, 125595, 39.2, 42.0, 0.99
M, 603690, 317068, 507452, 813078, 340089, 122998, 510147, 125589, 39.2, 42.0, 1.00
M, 604010, 317180, 507797, 813557, 340190, 123129, 510263, 125687, 39.2, 42.0, 1.00
M, 604161, 317166, 507857, 813597, 340236, 123066, 510379, 125656, 39.2, 42.0, 1.00
M, 603990, 317172, 507785, 813567, 340224, 123053, 510352, 125627, 39.2, 42.0, 0.99
M, 603848, 317156, 507805, 813693, 340237, 123059, 510362, 125588, 39.2, 42.0, 1.01
M, 604013, 317204, 507817, 813894, 340312, 123078, 510438, 125672, 39.2, 42.0, 1.00
M, 603925, 317231, 508012, 814056, 340281, 123139, 510525, 125618, 39.2, 42.0, 1.00
M, 604280, 317302, 508397, 814486, 340471, 123239, 510656, 125699, 39.2, 42.0, 1.00
M, 604342, 317367, 508525, 814298, 340446, 123248, 510654, 125666, 39.2, 42.0, 1.00
M, 604390, 317355, 508579, 814548, 340459, 123244, 510753, 125649, 39.2, 42.0, 0.99
M, 604307, 317356, 508669, 814761, 340496, 123295, 510805, 125750, 39.2, 42.0, 1.00
M, 606193, 317681, 510484, 816940, 340956, 123518, 511321, 126088, 39.2, 42.1, 1.00
M, 606030, 317726, 510487, 816843, 340968, 123545, 511343, 126003, 39.2, 42.1, 1.01
M, 605644, 317805, 510133, 816498, 340983, 123548, 511327, 125894, 39.2, 42.0, 1.00
M, 605326, 317722, 510045, 816371, 340891, 123476, 511217, 125880, 39.2, 42.0, 0.99
M, 605392, 317712, 510102, 816615, 340869, 123510, 511300, 125881, 39.2, 42.0, 1.00
M, 605408, 317652, 510190, 816658, 340921, 123558, 511293, 125884, 39.2, 42.1, 1.00
M, 605320, 317655, 510165, 816572, 340885, 123578, 511332, 125915, 39.2, 42.1, 1.00
M, 605386, 317767, 510439, 816908, 340985, 123651, 511388, 125959, 39.2, 42.1, 1.00
M, 605580, 317788, 510575, 816924, 340997, 123638, 511449, 125954, 39.2, 42.1, 1.01
M, 605191, 317697, 510241, 816544, 340964, 123630, 511421, 125819, 39.2, 42.1, 1.00
M, 605322, 317691, 510388, 816864, 340937, 123674, 511459, 125915, 39.2, 42.1, 0.99
M, 605380, 317719, 510394, 816973, 341015, 123727, 511518, 125943, 39.2, 42.1, 1.00
M, 605579, 317780, 510849, 817393, 341075, 123746, 511555, 125954, 39.2, 42.1, 1.00
M, 605608, 317775, 511064, 817565, 341095, 123724, 511723, 126031, 39.2, 42.1, 1.00
M, 606028, 317866, 511480, 817989, 341259, 123828, 511742, 126023, 39.2, 42.1, 0.99
M, 605903, 317809, 511486, 818008, 341184, 123874, 511849, 125998, 39.2, 42.1, 1.00
M, 605732, 317886, 511421, 818034, 341167, 123794, 511791, 126046, 39.2, 42.1, 1.00
M, 605955, 317960, 511683, 818399, 341255, 123887, 511913, 126134, 39.2, 42.1, 1.00
M, 605974, 317916, 511639, 818211, 341331, 123903, 511920, 126010, 39.2, 42.1, 1.00
M, 605749, 317864, 511568, 818084, 341281, 123886, 511971, 126008, 39.2, 42.1, 1.00
M, 607006, 318033, 512980, 819782, 341527, 124006, 512214, 126282, 39.2, 42.1, 1.00
M, 606892, 318222, 512977, 819622, 341572, 124036, 512349, 126198, 39.2, 42.1, 1.00
M, 606722, 318134, 512844, 819649, 341508, 124124, 512303, 126168, 39.2, 42.1, 1.01
M, 606472, 318182, 512330, 819061, 341564, 124066, 512324, 126121, 39.2, 42.1, 1.00
M, 606268, 318070, 512538, 818913, 341447, 124024, 512182, 126117, 39.2, 42.1, 1.00
M, 606303, 318039, 512713, 819352, 341472, 124087, 512227, 126124, 39.2, 42.1, 1.00
M, 606091, 318060, 512497, 819196, 341466, 124073, 512216, 126060, 39.2, 42.1, 1.00
M, 606070, 318023, 512460, 819124, 341428, 124094, 512250, 126156, 39.2, 42.1, 1.00
M, 606323, 318072, 512920, 819330, 341564, 124209, 512348, 126167, 39.2, 42.1, 1.00
M, 606206, 318071, 512886, 819356, 341498, 124113, 512316, 126152, 39.2, 42.1, 1.00
M, 606092, 318034, 512853, 819340, 341520, 124145, 512337, 126142, 39.2, 42.1, 1.00
M, 606207, 318063, 513114, 819722, 341561, 124199, 512378, 126177, 39.2, 42.1, 1.00
M, 606371, 318089, 513318, 819912, 341557, 124216, 512516, 126214, 39.2, 42.1, 1.00
M, 606338, 318094, 513403, 819941, 341598, 124279, 512505, 126205, 39.2, 42.1, 1.00
M, 606616, 318107, 513758, 820392, 341667, 124314, 512608, 126296, 39.2, 42.1, 1.00
M, 606811, 318181, 514005, 820573, 341697, 124345, 512639, 126232, 39.2, 42.1, 1.00
M, 606735, 318069, 513970, 820439, 341711, 124283, 512710, 126238, 39.2, 42.1, 1.01
M, 606586, 318096, 513860, 820500, 341692, 124329, 512661, 126199, 39.2, 42.1, 0.99
M, 606811, 318142, 514168, 820747, 341728, 124312, 512690, 126344, 39.2, 42.1, 1.01
M, 606841, 318112, 514297, 820850, 341747, 124403, 512772, 126269, 39.2, 42.1, 1.00
M, 608764, 318520, 516461, 823388, 342221, 124676, 513344, 126684, 39.2, 42.1, 1.00
M, 608623, 318591, 516374, 823154, 342269, 124676, 513418, 126620, 39.2, 42.1, 1.00
M, 608285, 318601, 515939, 822714, 342267, 124684, 513262, 126521, 39.2, 42.1, 1.00
M, 607932, 318545, 515776, 822558, 342120, 124667, 513223, 126560, 39.2, 42.1, 1.00
M, 607567, 318536, 515552, 821994, 342183, 124586, 513164, 126393, 39.2, 42.1, 1.00
M, 607360, 318454, 515234, 821717, 341972, 124548, 513058, 126341, 39.2, 42.1, 0.99
M, 607242, 318436, 515514, 822035, 341930, 124646, 513109, 126335, 39.2, 42.1, 1.00
M, 607348, 318393, 515424, 821901, 342011, 124598, 513111, 126357, 39.2, 42.1, 1.00
M, 607239, 318369, 515608, 822090, 342045, 124598, 513142, 126399, 39.2, 42.1, 1.00
M, 607466, 318427, 515877, 822415, 342066, 124676, 513220, 126438, 39.2, 42.1, 1.00
M, 607442, 318413, 515513, 821993, 341992, 124618, 513233, 126376, 39.2, 42.1, 1.00
M, 607337, 318402, 515789, 821883, 341982, 124674, 513213, 126374, 39.2, 42.1, 0.99
M, 607369, 318337, 516117, 822485, 342058, 124742, 513212, 126426, 39.2, 42.1, 1.00
M, 607379, 318342, 516059, 822555, 342057, 124790, 513253, 126432, 39.2, 42.1, 1.00
M, 607359, 318418, 515908, 822490, 342005, 124766, 513286, 126430, 39.2, 42.1, 1.01
M, 607763, 318406, 516593, 822873, 342169, 124776, 513402, 126489, 39.2, 42.1, 1.00
M, 607709, 318490, 516643, 822916, 342137, 124804, 513434, 126480, 39.2, 42.1, 1.01
M, 607640, 318412, 516551, 822803, 342136, 124783, 513399, 126443, 39.2, 42.1, 0.99
M, 607518, 318405, 516726, 823049, 342073, 124806, 513404, 126426, 39.2, 42.1, 1.00
M, 607700, 318453, 516951, 823352, 342188, 124849, 513460, 126529, 39.2, 42.1, 1.00
M, 609096, 318584, 518483, 825206, 342563, 125052, 513924, 126868, 39.2, 42.1, 1.00
M, 608761, 318741, 517997, 824169, 342496, 125045, 513881, 126666, 39.2, 42.1, 1.00
M, 608501, 318619, 517997, 824264, 342402, 125015, 513761, 126636, 39.2, 42.1, 0.99
M, 608333, 318663, 517657, 823974, 342401, 124989, 513765, 126546, 39.2, 42.1, 1.00
M, 608125, 318667, 517397, 823901, 342341, 125034, 513738, 126612, 39.2, 42.1, 1.00
M, 608310, 318609, 518016, 824272, 342362, 125053, 513735, 126688, 39.2, 42.1, 1.00
M, 608444, 318637, 518111, 824460, 342400, 125089, 513764, 126683, 39.2, 42.1, 1.00
M, 608465, 318663, 518087, 824352, 342423, 125119, 513841, 126658, 39.2, 42.1, 1.00
M, 608460, 318646, 518349, 824298, 342431, 125066, 513821, 126626, 39.2, 42.1, 1.00
M, 608216, 318583, 518202, 824406, 342369, 125098, 513753, 126627, 39.2, 42.1, 1.00
M, 608265, 318595, 518288, 824585, 342441, 125157, 513789, 126634, 39.2, 42.1, 0.99
M, 608301, 318626, 518190, 824517, 342380, 125185, 513862, 126646, 39.2, 42.1, 1.00
M, 608668, 318709, 518893, 824956, 342451, 125158, 513912, 126758, 39.2, 42.1, 1.00
M, 608598, 318683, 518974, 825088, 342513, 125151, 514081, 126701, 39.2, 42.1, 1.00
M, 608522, 318630, 518866, 824909, 342503, 125196, 513932, 126672, 39.2, 42.1, 0.99
M, 608472, 318654, 518928, 824985, 342457, 125257, 513931, 126678, 39.2, 42.1, 0.99
M, 608671, 318686, 519205, 825226, 342507, 125272, 514022, 126735, 39.2, 42.1, 1.00
M, 608738, 318622, 519024, 824959, 342559, 125229, 514001, 126700, 39.2, 42.1, 0.99
M, 608593, 318696, 519094, 824876, 342545, 125278, 514009, 126674, 39.2, 42.1, 0.99
M, 608442, 318620, 519238, 825121, 342463, 125249, 514021, 126600, 39.2, 42.1, 1.00
M, 610152, 318875, 521092, 827367, 342822, 125459, 514404, 126966, 39.2, 42.1, 1.00
M, 609997, 319052, 520782, 827091, 342911, 125534, 514494, 126976, 39.2, 42.1, 1.00
M, 609865, 319015, 520935, 826877, 342866, 125507, 514522, 126936, 39.2, 42.1, 1.00
M, 609686, 318980, 520739, 826570, 342788, 125491, 514370, 126875, 39.2, 42.1, 1.01
M, 609295, 318977, 520378, 826148, 342762, 125415, 514337, 126810, 39.2, 42.1, 1.00
M, 609111, 318803, 520389, 826249, 342665, 125447, 514259, 126780, 39.2, 42.1, 0.99
M, 609169, 318838, 520721, 826439, 342682, 125523, 514325, 126837, 39.2, 42.1, 1.00
M, 609234, 318857, 520813, 826448, 342654, 125560, 514292, 126863, 39.2, 42.1, 1.01
M, 609257, 318830, 520817, 826350, 342651, 125527, 514288, 126834, 39.2, 42.1, 1.00
M, 608979, 318791, 520609, 826082, 342579, 125469, 514239, 126714, 39.2, 42.1, 1.00
M, 608665, 318675, 520622, 826052, 342603, 125493, 514241, 126785, 39.2, 42.1, 1.00
M, 608955, 318771, 520843, 826381, 342660, 125588, 514320, 126795, 39.2, 42.1, 1.00
M, 608963, 318706, 521026, 826460, 342644, 125564, 514257, 126834, 39.2, 42.1, 1.01
M, 609332, 318844, 521339, 826799, 342685, 125618, 514364, 126834, 39.2, 42.1, 1.00
M, 609374, 318811, 521426, 826741, 342739, 125592, 514475, 126830, 39.2, 42.1, 0.99
M, 609295, 318771, 521449, 826503, 342759, 125599, 514419, 126872, 39.2, 42.1, 1.00
M, 609095, 318680, 521491, 826745, 342670, 125667, 514360, 126787, 39.2, 42.1, 0.99
M, 609335, 318827, 521817, 827033, 342718, 125662, 514424, 126879, 39.2, 42.1, 1.00
M, 609293, 318738, 521765, 826974, 342719, 125630, 514477, 126871, 39.2, 42.1, 1.00
M, 609476, 318837, 522084, 827176, 342820, 125678, 514536, 126967, 39.2, 42.1, 1.00
M, 611148, 319113, 524055, 829392, 343174, 125951, 514928, 127250, 39.2, 42.1, 1.00
M, 610923, 319185, 523903, 829107, 343187, 125914, 514913, 127163, 39.2, 42.2, 0.99
M, 610969, 319109, 523894, 829111, 343149, 125962, 514943, 127177, 39.2, 42.2, 1.00
M, 610428, 319162, 523532, 828547, 343094, 125904, 514854, 127059, 39.2, 42.2, 1.00
M, 610122, 319058, 523287, 828123, 342949, 125860, 514749, 127019, 39.2, 42.2, 1.00
M, 609731, 319022, 523048, 827824, 342926, 125928, 514620, 126906, 39.2, 42.2, 1.01
M, 609604, 318944, 523005, 827705, 342861, 125876, 514605, 126933, 39.2, 42.2, 1.00
M, 609593, 318962, 523212, 827835, 342871, 125910, 514662, 126984, 39.2, 42.2, 1.00
M, 609677, 318998, 523238, 827992, 342837, 125909, 514663, 127003, 39.2, 42.2, 1.00
M, 609651, 318880, 523358, 827971, 342819, 125911, 514598, 127055, 39.2, 42.2, 1.01
M, 609949, 318934, 523776, 828350, 342954, 126011, 514748, 127025, 39.2, 42.2, 1.01
M, 609894, 318993, 523587, 828218, 342967, 125957, 514760, 127005, 39.2, 42.2, 1.00
M, 609790, 318937, 523821, 828021, 342829, 125919, 514708, 127018, 39.2, 42.2, 0.99
M, 609967, 318918, 524036, 828433, 342929, 126014, 514801, 127053, 39.2, 42.2, 1.00
M, 609925, 318997, 524133, 828433, 342929, 126034, 514750, 127072, 39.2, 42.2, 1.00
M, 609894, 318991, 524113, 828233, 342898, 126009, 514768, 126998, 39.2, 42.2, 0.99
M, 609794, 318850, 524048, 828130, 342847, 125976, 514719, 127003, 39.2, 42.2, 0.99
M, 609505, 318824, 524067, 828225, 342834, 126025, 514754, 127027, 39.2, 42.2, 1.00
M, 609868, 318934, 524396, 828563, 342913, 126059, 514759, 127084, 39.2, 42.2, 1.00
M, 609748, 318855, 524497, 828502, 342910, 126067, 514840, 127073, 39.2, 42.2, 1.00
A, 617696, 319982, 532806, 838182, 344567, 127161, 516821, 128879, 39.2, 42.2, 0.00
A, 626276, 322191, 542665, 849990, 346930, 128555, 519511, 130687, 39.2, 42.2, 0.62
A, 632224, 323851, 549364, 857541, 348627, 129558, 521308, 131881, 39.2, 42.2, 0.75
A, 636188, 325236, 554231, 863116, 349817, 130284, 522688, 132646, 39.2, 42.2, 0.85
A, 639619, 326556, 558529, 867742, 350876, 130962, 523862, 133311, 39.2, 42.2, 0.93
A, 641943, 327680, 561615, 870894, 351614, 131500, 524546, 133799, 39.2, 42.2, 0.95
A, 644146, 328892, 564823, 873692, 352323, 132065, 525258, 134164, 39.2, 42.2, 0.96
A, 645072, 329600, 566695, 875115, 352629, 132404, 525429, 134384, 39.2, 42.2, 0.98
A, 645602, 330484, 568496, 876377, 352957, 132837, 525650, 134552, 39.2, 42.2, 1.00
A, 645842, 330916, 569502, 876909, 352946, 133010, 525594, 134569, 39.2, 42.2, 0.98
A, 645816, 331472, 570640, 877274, 353027, 133172, 525600, 134728, 39.2, 42.2, 0.99
A, 645937, 331974, 571763, 877531, 353107, 133494, 525484, 134781, 39.1, 42.2, 1.00
A, 645465, 332401, 572669, 877215, 353002, 133675, 525311, 134685, 39.1, 42.2, 0.99
A, 645013, 332723, 573240, 876818, 352853, 133784, 525057, 134716, 39.1, 42.2, 0.99
A, 644355, 332914, 573696, 876475, 352669, 133859, 524788, 134693, 39.1, 42.2, 1.00
A, 643930, 333259, 574271, 875912, 352556, 133984, 524536, 134707, 39.1, 42.2, 1.00
A, 643159, 333417, 574848, 875513, 352345, 134149, 524209, 134764, 39.1, 42.2, 1.00
A, 642582, 333634, 575450, 874908, 352216, 134223, 523920, 134763, 39.1, 42.2, 1.00
A, 641753, 333715, 575835, 873990, 351887, 134275, 523466, 134678, 39.1, 42.2, 1.00
A, 640838, 333789, 575920, 872881, 351586, 134342, 523120, 134588, 39.1, 42.3, 1.00
A, 641275, 333997, 577694, 873941, 351699, 134607, 523079, 134941, 39.1, 42.3, 1.00
A, 640336, 334102, 577853, 872950, 351465, 134627, 522759, 134820, 39.1, 42.3, 1.00
A, 639370, 334040, 577749, 871734, 351087, 134640, 522314, 134696, 39.1, 42.3, 1.00
A, 638488, 334082, 577905, 870758, 350781, 134608, 521905, 134646, 39.1, 42.3, 0.99
A, 637445, 334031, 577930, 869459, 350501, 134676, 521459, 134587, 39.1, 42.3, 1.00
A, 636236, 333894, 577557, 868129, 350145, 134652, 521017, 134424, 39.1, 42.3, 0.99
A, 635465, 333823, 577917, 867473, 349847, 134716, 520652, 134475, 39.1, 42.3, 1.00
A, 634075, 333594, 577677, 865792, 349508, 134592, 520078, 134298, 39.1, 42.3, 0.99
A, 632854, 333411, 577211, 864196, 349037, 134507, 519615, 134112, 39.1, 42.3, 1.00
A, 631679, 333209, 577063, 862968, 348726, 134488, 519184, 134094, 39.1, 42.3, 1.00
A, 630989, 332971, 577162, 862224, 348414, 134506, 518829, 134008, 39.1, 42.3, 1.00
A, 630329, 332840, 577217, 861489, 348212, 134531, 518608, 134101, 39.1, 42.3, 1.00
A, 629736, 332716, 577570, 860674, 347895, 134513, 518162, 134035, 39.1, 42.3, 1.00
A, 628892, 332533, 577529, 859677, 347725, 134482, 517857, 133965, 39.1, 42.3, 1.00
A, 628141, 332232, 577541, 859042, 347405, 134531, 517493, 133980, 39.1, 42.3, 1.00
A, 627739, 332125, 578104, 858338, 347284, 134544, 517294, 133972, 39.1, 42.3, 1.01
A, 626966, 331962, 577988, 857414, 346951, 134478, 516985, 133917, 39.1, 42.3, 1.00
A, 626285, 331748, 578177, 856835, 346807, 134564, 516667, 133917, 39.1, 42.3, 1.01
A, 625628, 331614, 578242, 856038, 346508, 134526, 516378, 133872, 39.1, 42.4, 1.01
A, 624971, 331435, 578158, 854873, 346298, 134418, 516025, 133710, 39.1, 42.4, 0.99
A, 625857, 331314, 579907, 855988, 346310, 134656, 516117, 133991, 39.0, 42.4, 1.01
A, 625207, 331324, 579907, 855181, 346148, 134669, 515869, 133967, 39.0, 42.4, 1.00
A, 624326, 331014, 579543, 854093, 345897, 134593, 515518, 133905, 39.0, 42.4, 1.00
A, 623509, 330839, 579569, 853294, 345664, 134511, 515180, 133759, 39.0, 42.4, 1.01
A, 622973, 330662, 579796, 852632, 345473, 134594, 514915, 133793, 39.0, 42.4, 1.00
A, 622203, 330370, 579592, 851467, 345272, 134536, 514681, 133696, 39.0, 42.4, 1.01
A, 621431, 330140, 579375, 850527, 344962, 134451, 514277, 133591, 39.0, 42.4, 1.00
A, 620800, 329951, 579438, 850009, 344770, 134510, 514084, 133654, 39.0, 42.4, 1.00
A, 619987, 329695, 578816, 848562, 344519, 134354, 513667, 133485, 39.0, 42.4, 0.99
A, 619349, 329408, 579075, 848042, 344266, 134360, 513449, 133545, 39.0, 42.4, 1.00
A, 618504, 329244, 578923, 847022, 344144, 134350, 513173, 133381, 39.0, 42.4, 1.00
A, 618193, 328978, 578823, 846372, 343930, 134314, 512915, 133322, 39.0, 42.4, 0.99
A, 617832, 328798, 579161, 846151, 343723, 134322, 512761, 133417, 39.0, 42.4, 1.00
A, 617343, 328579, 579244, 845552, 343615, 134310, 512517, 133340, 39.0, 42.4, 1.00
A, 616764, 328389, 579116, 844852, 343437, 134274, 512290, 133315, 39.0, 42.4, 1.00
A, 616649, 328240, 579470, 844551, 343336, 134318, 512192, 133395, 39.0, 42.4, 1.00
A, 616294, 328080, 579693, 843988, 343170, 134328, 511943, 133296, 39.0, 42.4, 1.00
A, 615753, 327880, 579649, 843226, 342979, 134225, 511790, 133282, 39.0, 42.4, 1.00
A, 615212, 327672, 579404, 842701, 342762, 134243, 511556, 133208, 39.0, 42.4, 1.00
A, 614991, 327451, 579757, 842094, 342655, 134194, 511369, 133219, 39.0, 42.4, 1.00
A, 615920, 327525, 581288, 843543, 342906, 134456, 511531, 133590, 39.0, 42.4, 1.00
A, 615617, 327489, 581528, 843089, 342888, 134445, 511456, 133467, 39.0, 42.4, 0.99
A, 615092, 327242, 581428, 842263, 342647, 134371, 511165, 133368, 39.0, 42.4, 0.99
A, 614360, 327047, 581191, 841440, 342436, 134322, 510920, 133338, 39.0, 42.5, 1.00
A, 613629, 326834, 580826, 840717, 342183, 134285, 510667, 133248, 39.0, 42.5, 1.00
A, 613449, 326680, 581013, 840166, 342121, 134255, 510556, 133252, 39.0, 42.5, 0.99
A, 612954, 326538, 580907, 839392, 341981, 134209, 510323, 133133, 39.0, 42.5, 1.00
A, 612326, 326299, 580561, 838512, 341774, 134152, 510007, 133072, 39.0, 42.5, 1.02
A, 612044, 326177, 580708, 838265, 341696, 134179, 509906, 133094, 39.0, 42.5, 1.01
A, 611151, 325926, 580273, 837127, 341470, 134028, 509678, 132950, 39.0, 42.5, 0.99
A, 610498, 325594, 579908, 836418, 341174, 134045, 509390, 132878, 39.0, 42.5, 1.01
A, 610104, 325455, 579669, 835552, 341126, 133943, 509206, 132765, 39.0, 42.5, 0.99
A, 609869, 325287, 579930, 835229, 340959, 134003, 509065, 132849, 39.0, 42.5, 1.01
A, 609680, 325096, 580139, 835151, 340851, 133925, 508965, 132865, 39.0, 42.5, 1.00
A, 609046, 324826, 579796, 834420, 340632, 133923, 508656, 132785, 39.0, 42.5, 1.00
A, 608316, 324586, 579078, 833368, 340493, 133788, 508528, 132679, 39.0, 42.5, 1.00
A, 608337, 324554, 579752, 833353, 340473, 133888, 508444, 132755, 39.0, 42.5, 1.01
A, 608227, 324395, 579994, 833116, 340385, 133832, 508299, 132766, 39.0, 42.5, 0.99
A, 608041, 324293, 580162, 832735, 340303, 133804, 508206, 132729, 39.0, 42.5, 1.00
A, 607777, 324060, 580073, 832496, 340179, 133792, 508098, 132728, 39.0, 42.5, 1.00
A, 609329, 324182, 582326, 834505, 340517, 134053, 508434, 133060, 39.0, 42.5, 1.00
A, 608893, 324224, 582135, 833885, 340419, 134057, 508339, 133040, 39.0, 42.5, 1.00
A, 608780, 324151, 582368, 833612, 340411, 134046, 508229, 133039, 39.0, 42.5, 1.00
A, 608358, 324013, 582244, 832927, 340251, 133979, 507995, 132815, 39.0, 42.5, 1.00
A, 607826, 323816, 581950, 832228, 340150, 133972, 507844, 132821, 39.0, 42.5, 1.00
A, 607475, 323724, 581539, 831764, 340020, 133859, 507718, 132818, 39.0, 42.5, 0.99
A, 607395, 323606, 581980, 831558, 339930, 133892, 507540, 132825, 39.0, 42.5, 1.00
A, 607030, 323462, 582012, 831285, 339774, 133940, 507441, 132813, 39.0, 42.5, 1.00
A, 606851, 323388, 582048, 830788, 339756, 133887, 507393, 132751, 38.9, 42.5, 1.01
A, 606495, 323205, 582078, 830497, 339660, 133819, 507212, 132740, 38.9, 42.5, 1.00
A, 606039, 323147, 581824, 829747, 339599, 133821, 507075, 132692, 38.9, 42.6, 1.01
A, 605661, 322907, 581655, 829471, 339342, 133724, 506912, 132657, 38.9, 42.6, 1.00
A, 605276, 322801, 581551, 828717, 339257, 133759, 506770, 132594, 38.9, 42.6, 1.01
A, 604997, 322627, 581439, 828348, 339206, 133711, 506638, 132488, 38.9, 42.6, 1.01
A, 604962, 322602, 581762, 828367, 339114, 133726, 506557, 132546, 38.9, 42.6, 1.01
A, 604818, 322475, 581666, 828006, 339059, 133645, 506480, 132577, 38.9, 42.6, 1.01
A, 604641, 322336, 581876, 827783, 338963, 133643, 506319, 132524, 38.9, 42.6, 1.00
A, 604694, 322252, 582224, 827887, 338953, 133723, 506350, 132590, 38.9, 42.6, 1.00
A, 604568, 322172, 582003, 827375, 338911, 133703, 506255, 132547, 38.9, 42.6, 1.00
A, 604259, 322105, 582221, 826986, 338821, 133614, 506098, 132484, 38.9, 42.6, 1.00
A, 605339, 322129, 583745, 828587, 339013, 133857, 506345, 132777, 38.9, 42.6, 1.01
A, 605164, 322140, 583911, 828353, 339037, 133833, 506315, 132705, 38.9, 42.6, 1.01
A, 604830, 322073, 583512, 827682, 338872, 133807, 506137, 132673, 38.9, 42.6, 1.00
A, 604632, 322024, 583742, 827501, 338824, 133799, 506113, 132715, 38.9, 42.6, 1.00
A, 604259, 321851, 583632, 826936, 338749, 133751, 505939, 132528, 38.9, 42.6, 1.01
A, 603993, 321721, 583322, 826328, 338627, 133632, 505774, 132554, 38.9, 42.6, 0.99
A, 603442, 321521, 583111, 826055, 338472, 133659, 505553, 132476, 38.9, 42.6, 1.01
A, 603403, 321500, 583383, 825913, 338447, 133644, 505540, 132384, 38.9, 42.6, 1.01
A, 603027, 321421, 583219, 825466, 338317, 133624, 505431, 132513, 38.9, 42.6, 0.99
A, 603234, 321462, 583454, 825166, 338318, 133611, 505430, 132495, 38.9, 42.6, 1.00
A, 602825, 321286, 583419, 824840, 338280, 133607, 505245, 132364, 38.9, 42.6, 1.00
A, 602456, 321203, 583099, 824225, 338119, 133517, 505075, 132366, 38.9, 42.6, 1.01
A, 602110, 321009, 582864, 823957, 338047, 133503, 504983, 132338, 38.9, 42.6, 1.01
A, 602251, 320948, 583365, 824117, 338042, 133507, 504979, 132402, 38.9, 42.6, 1.00
A, 602223, 320962, 583573, 823978, 338010, 133573, 504993, 132393, 38.9, 42.6, 0.99
A, 602004, 320878, 583616, 823513, 337947, 133493, 504872, 132347, 38.9, 42.6, 0.99
A, 601825, 320737, 583561, 823196, 337837, 133482, 504798, 132288, 38.9, 42.6, 1.00
A, 601457, 320624, 583353, 823024, 337777, 133437, 504638, 132306, 38.9, 42.6, 1.02
A, 601611, 320624, 583659, 823084, 337762, 133515, 504614, 132302, 38.9, 42.6, 1.00
A, 601447, 320522, 583414, 822658, 337692, 133453, 504552, 132343, 38.9, 42.6, 0.99
A, 603043, 320723, 585773, 824789, 337948, 133716, 504923, 132736, 38.9, 42.6, 1.01
A, 602732, 320816, 585680, 824346, 338049, 133643, 504820, 132587, 38.9, 42.6, 1.01
A, 602401, 320622, 585251, 823607, 337921, 133649, 504697, 132558, 38.9, 42.7, 1.01
A, 601881, 320480, 585138, 823247, 337726, 133596, 504493, 132405, 38.9, 42.7, 1.01
A, 601824, 320555, 585179, 823134, 337743, 133538, 504390, 132416, 38.9, 42.7, 1.00
A, 601342, 320375, 584977, 822594, 337671, 133566, 504359, 132417, 38.9, 42.7, 1.00
A, 601528, 320359, 585189, 822237, 337565, 133484, 504325, 132318, 38.9, 42.7, 1.00
A, 600924, 320215, 584791, 821925, 337437, 133471, 504132, 132305, 38.9, 42.7, 1.01
A, 600892, 320144, 585009, 821837, 337448, 133445, 504020, 132255, 38.9, 42.7, 1.00
A, 600586, 320025, 584597, 821358, 337299, 133437, 503952, 132280, 38.9, 42.7, 1.00
A, 600226, 319971, 584590, 820739, 337262, 133336, 503824, 132190, 38.9, 42.7, 0.99
A, 599971, 319886, 584452, 820402, 337182, 133313, 503734, 132187, 38.9, 42.7, 1.00
A, 599438, 319678, 584066, 819674, 336978, 133289, 503545, 132024, 38.9, 42.7, 1.01
A, 599353, 319615, 584169, 819636, 336977, 133258, 503444, 132049, 38.9, 42.7, 0.99
A, 599340, 319513, 584315, 819718, 336886, 133298, 503481, 132093, 38.9, 42.7, 1.01
A, 599316, 319434, 584513, 819757, 336896, 133241, 503449, 132171, 38.9, 42.7, 1.01
A, 599391, 319401, 584717, 819507, 336903, 133228, 503351, 132083, 38.9, 42.7, 1.00
A, 599173, 319353, 584507, 819059, 336790, 133164, 503235, 132047, 38.9, 42.7, 1.00
A, 598863, 319188, 584548, 819020, 336746, 133193, 503193, 132015, 38.9, 42.7, 1.00
A, 598980, 319135, 584717, 818937, 336670, 133176, 503208, 132009, 38.9, 42.7, 1.00
A, 600089, 319240, 586253, 820475, 336933, 133405, 503414, 132377, 38.9, 42.7, 1.00
A, 600144, 319346, 586494, 820373, 337076, 133416, 503450, 132357, 38.9, 42.7, 1.00
A, 599916, 319359, 586014, 819745, 336955, 133351, 503384, 132215, 38.9, 42.7, 1.00
A, 599447, 319208, 585882, 819133, 336741, 133312, 503171, 132165, 38.9, 42.7, 1.00
A, 599204, 319100, 585857, 819199, 336744, 133288, 503137, 132105, 38.9, 42.7, 1.01
A, 598818, 319021, 585483, 818562, 336584, 133167, 502993, 132086, 38.9, 42.7, 0.99
A, 598691, 318921, 585183, 818292, 336526, 133215, 502911, 132070, 38.9, 42.7, 1.00
A, 598754, 318876, 585850, 818351, 336538, 133187, 502960, 132126, 38.9, 42.7, 1.00
A, 598226, 318784, 585369, 817648, 336385, 133114, 502729, 131982, 38.9, 42.7, 1.00
A, 598011, 318663, 585154, 817285, 336300, 133061, 502593, 131904, 38.9, 42.7, 1.00
A, 598019, 318577, 585430, 817538, 336300, 133069, 502621, 131925, 38.9, 42.7, 1.01
A, 597750, 318570, 585187, 816934, 336281, 133035, 502520, 131916, 38.9, 42.7, 0.99
A, 597503, 318422, 585075, 816826, 336181, 133020, 502462, 131933, 38.9, 42.7, 1.01
A, 597591, 318396, 585252, 816641, 336222, 133009, 502444, 131900, 38.9, 42.8, 1.00
A, 597420, 318366, 585338, 816510, 336104, 132993, 502394, 131825, 38.9, 42.8, 1.00
A, 597512, 318243, 585507, 816750, 336138, 133043, 502334, 131924, 38.9, 42.8, 1.00
A, 597631, 318323, 585679, 816591, 336072, 133061, 502376, 131960, 38.9, 42.8, 1.00
A, 597507, 318333, 585827, 816702, 336080, 132991, 502308, 131943, 38.9, 42.8, 1.00
A, 597740, 318324, 586195, 816825, 336161, 133004, 502326, 131995, 38.9, 42.8, 1.01
A, 597773, 318192, 586118, 816626, 336115, 133032, 502372, 131940, 38.9, 42.8, 1.00
A, 598956, 318418, 588016, 818340, 336345, 133233, 502582, 132270, 38.8, 42.8, 1.00
A, 599047, 318499, 588066, 818270, 336415, 133214, 502663, 132216, 38.8, 42.8, 1.01
A, 598625, 318512, 587848, 817822, 336354, 133232, 502558, 132203, 38.9, 42.8, 1.00
A, 598615, 318481, 587809, 817527, 336300, 133172, 502513, 132089, 38.9, 42.8, 1.01
A, 598196, 318363, 587388, 816913, 336157, 133084, 502331, 132016, 38.8, 42.8, 1.00
A, 597530, 318242, 586963, 816433, 336090, 133023, 502178, 131983, 38.8, 42.8, 0.99
A, 597693, 318258, 587080, 816474, 336022, 133029, 502107, 132001, 38.8, 42.8, 1.01
A, 597375, 318163, 587061, 816147, 335918, 132989, 502017, 131946, 38.8, 42.8, 1.00
A, 597517, 318097, 587347, 816300, 336023, 133056, 502077, 131961, 38.8, 42.8, 1.00
A, 597524, 318103, 587111, 815890, 335942, 133005, 502034, 131960, 38.8, 42.8, 1.00
A, 597177, 317969, 587249, 815610, 335882, 132969, 501906, 131874, 38.8, 42.8, 0.99
A, 597131, 317908, 587270, 815785, 335812, 132964, 501903, 131865, 38.8, 42.8, 1.01
A, 596811, 317917, 586895, 815132, 335761, 132912, 501780, 131859, 38.8, 42.8, 0.99
A, 596688, 317838, 586818, 814972, 335628, 132873, 501691, 131895, 38.8, 42.8, 1.01
A, 596415, 317765, 586859, 814717, 335657, 132882, 501660, 131830, 38.8, 42.8, 1.01
A, 596208, 317608, 586814, 814568, 335551, 132782, 501563, 131768, 38.8, 42.8, 1.00
A, 596532, 317681, 587171, 814750, 335627, 132880, 501527, 131732, 38.8, 42.8, 1.00
A, 596484, 317623, 587270, 814707, 335611, 132794, 501554, 131823, 38.8, 42.8, 1.00
A, 596336, 317573, 587243, 814649, 335588, 132855, 501483, 131856, 38.8, 42.8, 1.00
A, 596535, 317574, 587634, 814780, 335621, 132867, 501543, 131881, 38.8, 42.8, 0.99
A, 598208, 317842, 589655, 816738, 335869, 133079, 501934, 132185, 38.8, 42.8, 1.00
A, 597933, 317894, 589452, 816342, 335953, 132986, 501917, 132044, 38.8, 42.8, 1.01
A, 597695, 317902, 589316, 816129, 335870, 133000, 501847, 132047, 38.8, 42.8, 1.00
A, 597419, 317822, 588920, 815792, 335732, 132939, 501737, 132000, 38.8, 42.8, 1.01
A, 597224, 317757, 589064, 815570, 335752, 132969, 501598, 132065, 38.8, 42.8, 1.01
A, 597276, 317757, 589136, 815310, 335755, 132996, 501549, 131947, 38.8, 42.8, 1.01
A, 596909, 317642, 588970, 814950, 335570, 132935, 501519, 131899, 38.8, 42.8, 1.01
A, 596750, 317619, 589013, 814936, 335575, 132883, 501419, 131873, 38.8, 42.8, 1.00
A, 596533, 317555, 588751, 814605, 335497, 132852, 501332, 131834, 38.8, 42.8, 1.00
A, 596487, 317536, 588952, 814647, 335480, 132844, 501311, 131873, 38.8, 42.8, 0.99
A, 596435, 317444, 588855, 814276, 335428, 132810, 501252, 131812, 38.8, 42.8, 1.00
A, 595833, 317284, 588274, 813640, 335269, 132760, 501067, 131667, 38.8, 42.8, 1.01
A, 595843, 317269, 588564, 813741, 335289, 132756, 501038, 131657, 38.8, 42.8, 1.00
A, 595352, 317188, 587945, 812927, 335153, 132617, 500917, 131608, 38.8, 42.8, 1.01
A, 595237, 317089, 588003, 812898, 335118, 132681, 500817, 131704, 38.8, 42.8, 1.01
A, 595206, 317072, 588008, 812549, 335092, 132621, 500883, 131621, 38.8, 42.8, 1.00
A, 595132, 317035, 588013, 812361, 335046, 132641, 500754, 131597, 38.8, 42.8, 1.01
A, 595192, 316935, 588314, 812773, 335058, 132611, 500824, 131629, 38.8, 42.8, 1.00
A, 595250, 316950, 588441, 812803, 335102, 132626, 500777, 131620, 38.8, 42.8, 1.00
A, 595230, 316992, 588453, 812711, 335064, 132689, 500770, 131694, 38.8, 42.8, 1.00
A, 596968, 317243, 590479, 814847, 335414, 132934, 501188, 132047, 38.8, 42.8, 1.00
A, 596819, 317301, 590638, 814454, 335427, 132906, 501137, 131938, 38.8, 42.8, 1.00
A, 596438, 317223, 590276, 814056, 335368, 132805, 501069, 131856, 38.8, 42.8, 1.00
A, 596352, 317175, 590305, 813999, 335244, 132809, 501016, 131871, 38.8, 42.8, 1.01
A, 596222, 317134, 590207, 813817, 335252, 132835, 500988, 131820, 38.8, 42.8, 0.99
A, 596121, 317100, 590230, 813685, 335227, 132817, 500902, 131884, 38.8, 42.8, 0.99
A, 595867, 317146, 590217, 813531, 335220, 132803, 500912, 131930, 38.8, 42.8, 1.01
A, 595951, 317045, 590239, 813334, 335194, 132769, 500856, 131792, 38.8, 42.8, 1.00
A, 595637, 317031, 590128, 813007, 335094, 132696, 500702, 131680, 38.8, 42.8, 1.00
A, 595323, 316920, 589756, 812752, 334999, 132659, 500668, 131724, 38.8, 42.8, 1.00
A, 595495, 316972, 589843, 812776, 335059, 132733, 500682, 131725, 38.8, 42.8, 1.00
A, 595295, 316928, 589993, 812470, 335027, 132645, 500590, 131631, 38.8, 42.8, 1.00
A, 595054, 316873, 589754, 812142, 334890, 132593, 500475, 131637, 38.8, 42.8, 1.01
A, 595091, 316806, 590043, 812248, 334900, 132569, 500555, 131651, 38.8, 42.8, 0.99
A, 594761, 316721, 589620, 811782, 334859, 132554, 500428, 131498, 38.8, 42.8, 0.99
A, 594588, 316659, 589604, 811778, 334790, 132632, 500337, 131568, 38.8, 42.8, 1.02
A, 594363, 316688, 589497, 811397, 334708, 132454, 500323, 131506, 38.8, 42.9, 1.01
A, 594355, 316562, 589405, 811169, 334697, 132476, 500235, 131502, 38.8, 42.9, 0.99
A, 594354, 316532, 589680, 811492, 334685, 132520, 500248, 131574, 38.8, 42.9, 0.99
A, 594299, 316474, 589752, 811425, 334633, 132471, 500275, 131548, 38.8, 42.9, 1.01
A, 595768, 316614, 591506, 813234, 334967, 132707, 500667, 131890, 38.8, 42.9, 1.00
A, 596037, 316815, 591885, 813343, 335151, 132744, 500724, 131851, 38.8, 42.9, 1.00
A, 595792, 316823, 591529, 812804, 335019, 132627, 500664, 131824, 38.8, 42.9, 0.99
A, 595518, 316767, 591233, 812247, 334922, 132607, 500476, 131706, 38.8, 42.9, 1.00
A, 595430, 316702, 591364, 812509, 334937, 132656, 500482, 131740, 38.8, 42.9, 1.00
A, 595123, 316655, 591064, 812097, 334839, 132582, 500376, 131668, 38.8, 42.9, 0.99
A, 594941, 316518, 590936, 811854, 334727, 132585, 500336, 131665, 38.8, 42.9, 1.00
A, 595137, 316590, 591303, 811920, 334818, 132601, 500338, 131751, 38.8, 42.9, 1.00
A, 594872, 316595, 591215, 811691, 334810, 132528, 500293, 131628, 38.8, 42.9, 1.00
A, 594666, 316556, 591120, 811554, 334678, 132489, 500212, 131602, 38.8, 42.9, 1.01
A, 594793, 316540, 591294, 811719, 334659, 132516, 500187, 131648, 38.8, 42.9, 1.00
A, 594661, 316488, 591215, 811519, 334684, 132502, 500127, 131634, 38.8, 42.9, 1.01
A, 594788, 316479, 591461, 811618, 334680, 132515, 500144, 131639, 38.8, 42.9, 1.00
A, 594791, 316421, 591131, 811260, 334686, 132521, 500164, 131570, 38.8, 42.9, 1.00
A, 594445, 316340, 591286, 811246, 334546, 132470, 500069, 131539, 38.8, 42.9, 1.00
A, 594095, 316303, 591003, 810719, 334560, 132403, 499944, 131502, 38.8, 42.9, 1.00
A, 594195, 316290, 590985, 810721, 334491, 132439, 499922, 131468, 38.8, 42.9, 0.99
A, 594278, 316284, 591463, 811091, 334511, 132469, 500041, 131591, 38.8, 42.9, 1.01
A, 594327, 316273, 591438, 811002, 334495, 132384, 499926, 131517, 38.8, 42.9, 1.00
A, 594405, 316316, 591293, 810896, 334501, 132389, 500016, 131590, 38.8, 42.9, 1.00
A, 595796, 316437, 593140, 812608, 334807, 132649, 500334, 131861, 38.8, 42.9, 1.00
A, 595497, 316469, 593102, 812395, 334762, 132620, 500280, 131751, 38.8, 42.9, 1.00
A, 595400, 316551, 593043, 812183, 334793, 132524, 500203, 131750, 38.8, 42.9, 0.99
A, 595125, 316478, 592782, 811795, 334682, 132592, 500086, 131717, 38.8, 42.9, 1.00
A, 595201, 316460, 592821, 811745, 334702, 132607, 500143, 131743, 38.8, 42.9, 0.99
A, 594986, 316509, 592869, 811562, 334615, 132509, 500043, 131662, 38.8, 42.9, 0.99
A, 594540, 316346, 592580, 811241, 334530, 132477, 499999, 131564, 38.8, 42.9, 1.00
A, 594488, 316262, 592568, 811091, 334439, 132454, 499896, 131556, 38.8, 42.9, 1.00
A, 594522, 316292, 592761, 811209, 334513, 132498, 499873, 131617, 38.8, 42.9, 1.00
A, 594462, 316269, 592664, 811027, 334505, 132445, 499902, 131585, 38.8, 42.9, 0.99
A, 594604, 316277, 592617, 810835, 334522, 132432, 499863, 131607, 38.8, 42.9, 0.99
A, 594043, 316191, 592445, 810587, 334392, 132362, 499704, 131490, 38.8, 42.9, 0.99
A, 593993, 316160, 592440, 810458, 334388, 132348, 499722, 131420, 38.8, 42.9, 0.99
A, 593788, 316016, 592089, 810041, 334271, 132348, 499657, 131515, 38.8, 42.9, 0.99
A, 593800, 315985, 592322, 809983, 334319, 132326, 499685, 131453, 38.8, 42.9, 0.99
A, 593628, 315999, 592143, 809796, 334267, 132254, 499571, 131387, 38.8, 42.9, 0.99
A, 593469, 315978, 591879, 809468, 334167, 132205, 499582, 131367, 38.8, 42.9, 1.00
A, 593351, 315849, 592143, 809557, 334124, 132269, 499450, 131349, 38.8, 42.9, 0.99
A, 593607, 315864, 592475, 809903, 334240, 132222, 499541, 131503, 38.8, 42.9, 0.99
A, 593707, 315905, 592567, 809884, 334194, 132328, 499563, 131483, 38.8, 42.9, 0.99
A, 595408, 316172, 594757, 811903, 334588, 132522, 499965, 131761, 38.8, 42.9, 0.99
A, 595036, 316165, 594151, 811536, 334535, 132461, 499938, 131764, 38.8, 42.9, 1.00
A, 595084, 316246, 594608, 811700, 334599, 132449, 499955, 131744, 38.8, 42.9, 1.00
A, 594714, 316259, 594312, 811329, 334488, 132466, 499833, 131684, 38.8, 42.9, 1.01
A, 594797, 316222, 594372, 811217, 334478, 132471, 499818, 131674, 38.8, 42.9, 0.99
A, 594618, 316116, 594307, 811023, 334420, 132418, 499803, 131655, 38.8, 42.9, 1.00
A, 594691, 316065, 594178, 810816, 334415, 132344, 499704, 131608, 38.8, 42.9, 1.00
A, 594346, 316128, 593838, 810439, 334357, 132352, 499639, 131494, 38.8, 42.9, 1.01
A, 593788, 315976, 593625, 810047, 334161, 132294, 499466, 131488, 38.8, 42.9, 1.00
A, 593832, 315943, 593774, 810189, 334190, 132290, 499488, 131452, 38.8, 42.9, 1.00
A, 593776, 315871, 593700, 809935, 334188, 132294, 499483, 131482, 38.8, 42.9, 1.00
A, 593898, 315917, 593663, 810057, 334215, 132315, 499459, 131451, 38.8, 42.9, 1.01
A, 593826, 315895, 593933, 809959, 334163, 132268, 499487, 131504, 38.8, 42.9, 1.01
A, 593510, 315917, 593667, 809636, 334116, 132248, 499409, 131434, 38.8, 42.9, 0.99
A, 593719, 315899, 594058, 809833, 334125, 132237, 499384, 131405, 38.8, 42.9, 1.00
A, 593452, 315779, 593684, 809400, 334110, 132173, 499322, 131329, 38.8, 42.9, 0.99
A, 593329, 315696, 593729, 809397, 334055, 132168, 499252, 131456, 38.8, 42.9, 1.00
A, 593264, 315724, 593607, 809171, 334042, 132126, 499287, 131329, 38.8, 42.9, 1.01
A, 593141, 315627, 593711, 809061, 333917, 132137, 499154, 131306, 38.8, 42.9, 0.99
A, 593301, 315680, 593874, 809300, 333997, 132121, 499266, 131376, 38.8, 42.9, 1.00
A, 594781, 315887, 595774, 811251, 334327, 132409, 499674, 131734, 38.8, 42.9, 1.00
A, 594725, 315914, 595743, 811031, 334297, 132376, 499593, 131683, 38.8, 42.9, 1.00
A, 594695, 315978, 595737, 811008, 334380, 132429, 499612, 131664, 38.8, 42.9, 0.99
A, 594463, 315974, 595549, 810609, 334310, 132362, 499578, 131580, 38.8, 42.9, 0.99
A, 594201, 315927, 595326, 810063, 334185, 132308, 499487, 131533, 38.8, 42.9, 1.00
A, 594106, 315916, 595372, 810292, 334226, 132283, 499384, 131537, 38.8, 42.9, 0.99
A, 593887, 315803, 595283, 810042, 334151, 132297, 499406, 131494, 38.8, 42.9, 1.00
A, 593759, 315810, 595050, 809815, 334109, 132255, 499330, 131529, 38.8, 42.9, 1.01
A, 593939, 315888, 595473, 809960, 334126, 132273, 499316, 131532, 38.8, 42.9, 0.99
A, 593734, 315772, 595479, 809921, 334054, 132244, 499358, 131492, 38.8, 42.9, 1.01
A, 593584, 315750, 595304, 809717, 334034, 132228, 499309, 131473, 38.8, 42.9, 0.99
A, 593737, 315760, 595477, 809782, 334066, 132180, 499206, 131440, 38.8, 42.9, 1.00
A, 593675, 315729, 595441, 809706, 334030, 132249, 499224, 131464, 38.8, 42.9, 1.01
A, 593701, 315788, 595423, 809420, 334011, 132221, 499181, 131469, 38.8, 42.9, 1.00
A, 593443, 315634, 595178, 809087, 333937, 132091, 499123, 131389, 38.8, 42.9, 1.01
A, 593462, 315616, 595467, 809395, 333975, 132160, 499098, 131416, 38.8, 42.9, 0.99
A, 592980, 315627, 595064, 808759, 333945, 132054, 499047, 131327, 38.8, 42.9, 1.00
A, 592930, 315480, 594940, 808767, 333813, 132105, 498953, 131344, 38.8, 42.9, 0.99
A, 592803, 315510, 594920, 808480, 333842, 132070, 498957, 131254, 38.8, 42.9, 0.99
A, 592597, 315371, 594725, 808199, 333691, 132027, 498915, 131204, 38.8, 42.9, 0.99
A, 594216, 315575, 596696, 810196, 334034, 132216, 499272, 131612, 38.8, 42.9, 0.99
A, 594090, 315689, 596729, 809986, 334063, 132169, 499270, 131524, 38.8, 42.9, 1.00
A, 593800, 315665, 596420, 809866, 334014, 132222, 499196, 131535, 38.8, 42.9, 1.01
A, 593901, 315712, 596617, 809968, 334072, 132237, 499238, 131529, 38.8, 42.9, 1.00
A, 593919, 315660, 596643, 809664, 334053, 132169, 499200, 131457, 38.8, 42.9, 1.00
A, 593561, 315572, 596297, 809278, 333894, 132090, 498997, 131422, 38.8, 42.9, 1.00
A, 593466, 315591, 596274, 809283, 333954, 132159, 499067, 131390, 38.8, 42.9, 0.99
A, 593235, 315510, 596211, 809149, 333914, 132096, 499038, 131393, 38.8, 42.9, 1.00
A, 593232, 315481, 596193, 809065, 333831, 132113, 498959, 131427, 38.8, 42.9, 1.01
A, 593388, 315538, 596568, 809297, 333874, 132099, 499009, 131424, 38.8, 42.9, 1.00
A, 593145, 315446, 596033, 808842, 333829, 132078, 498940, 131357, 38.8, 42.9, 1.00
A, 592716, 315380, 595985, 808353, 333738, 131981, 498861, 131279, 38.8, 42.9, 1.00
A, 592506, 315275, 595664, 808183, 333654, 132006, 498744, 131314, 38.8, 42.9, 1.00
A, 592727, 315360, 596046, 808384, 333679, 132030, 498798, 131290, 38.8, 43.0, 0.99
A, 592736, 315257, 595797, 808311, 333747, 132051, 498806, 131318, 38.8, 43.0, 1.01
A, 592677, 315271, 596065, 808144, 333703, 131929, 498808, 131211, 38.8, 42.9, 1.01
A, 592449, 315177, 595638, 806954, 333577, 131908, 498713, 131173, 38.8, 42.9, 1.00
A, 592159, 315165, 595602, 807379, 333554, 131845, 498614, 131166, 38.8, 43.0, 1.01
A, 592091, 315002, 595554, 807607, 333483, 131890, 498565, 131202, 38.8, 43.0, 0.99
A, 591905, 315080, 595529, 807365, 333544, 131842, 498708, 131119, 38.8, 43.0, 0.99
A, 593219, 315116, 596733, 808737, 333672, 132001, 498837, 131417, 38.8, 43.0, 0.99
A, 593362, 315267, 597301, 809092, 333812, 132044, 498907, 131394, 38.8, 43.0, 0.99
A, 593295, 315273, 597299, 808973, 333765, 132023, 498822, 131388, 38.8, 43.0, 0.99
A, 592991, 315166, 597057, 808818, 333738, 132028, 498874, 131345, 38.8, 43.0, 1.00
A, 593181, 315208, 597229, 808838, 333785, 131990, 498917, 131356, 38.7, 43.0, 0.99
A, 593197, 315290, 597319, 808624, 333757, 131979, 498952, 131306, 38.7, 43.0, 0.99
A, 593060, 315262, 597183, 808468, 333704, 131956, 498745, 131320, 38.8, 43.0, 0.99
A, 592898, 315196, 596862, 808398, 333627, 131931, 498777, 131302, 38.8, 43.0, 0.99
A, 592957, 315216, 597358, 808696, 333725, 131954, 498828, 131395, 38.7, 43.0, 1.01
A, 592888, 315171, 597314, 808533, 333622, 131922, 498800, 131339, 38.7, 43.0, 1.00
A, 593099, 315202, 597589, 808755, 333710, 132006, 498831, 131413, 38.7, 43.0, 1.01
A, 593125, 315179, 597719, 808662, 333740, 131913, 498818, 131293, 38.7, 43.0, 1.00
A, 592805, 315157, 597466, 808329, 333666, 131936, 498713, 131233, 38.7, 43.0, 1.00
A, 592544, 315142, 597155, 808139, 333633, 131898, 498708, 131250, 38.7, 43.0, 1.00
A, 592689, 315079, 597222, 808096, 333608, 131897, 498702, 131256, 38.8, 43.0, 0.99
A, 592880, 315192, 597640, 808417, 333603, 131970, 498731, 131312, 38.8, 43.0, 1.00
A, 592874, 315189, 597582, 808230, 333692, 131874, 498747, 131243, 38.8, 43.0, 0.99
A, 592783, 315099, 597304, 807982, 333621, 131857, 498674, 131285, 38.8, 43.0, 0.99
A, 592546, 315104, 597372, 807972, 333625, 131913, 498632, 131202, 38.7, 43.0, 1.01
A, 592512, 315110, 597498, 808022, 333553, 131900, 498615, 131240, 38.7, 43.0, 1.00
A, 594141, 315229, 599333, 809932, 333894, 132120, 499001, 131614, 38.7, 43.0, 1.00
A, 594147, 315379, 599207, 809923, 333958, 132091, 499057, 131544, 38.8, 43.0, 1.00
A, 593933, 315427, 599393, 809551, 333896, 132070, 498991, 131445, 38.8, 43.0, 1.00
A, 593663, 315359, 599103, 809299, 333821, 131997, 498903, 131426, 38.8, 43.0, 1.00
A, 593536, 315352, 598805, 809167, 333758, 132025, 498804, 131384, 38.8, 43.0, 0.99
A, 593582, 315333, 599224, 809235, 333801, 131988, 498886, 131364, 38.7, 43.0, 0.99
A, 593401, 315332, 599068, 809057, 333755, 132024, 498869, 131384, 38.7, 43.0, 0.99
A, 593509, 315361, 599295, 809281, 333779, 132017, 498889, 131427, 38.8, 43.0, 1.01
A, 593449, 315242, 599331, 809080, 333793, 132029, 498866, 131317, 38.8, 43.0, 1.00
A, 593290, 315279, 599178, 808861, 333705, 131899, 498778, 131343, 38.7, 43.0, 1.00
A, 592925, 315230, 598803, 808563, 333669, 131905, 498700, 131312, 38.7, 43.0, 1.00
A, 593071, 315151, 598979, 808627, 333645, 131952, 498730, 131351, 38.8, 43.0, 0.99
A, 593052, 315294, 599152, 808671, 333622, 131912, 498741, 131334, 38.8, 43.0, 1.00
A, 593195, 315268, 599389, 808844, 333665, 131947, 498763, 131389, 38.7, 43.0, 1.01
A, 593313, 315300, 599239, 808776, 333679, 131955, 498719, 131328, 38.7, 43.0, 1.00
A, 592982, 315221, 599333, 808483, 333602, 131898, 498699, 131262, 38.7, 42.9, 1.01
A, 593070, 315202, 599437, 808674, 333669, 131912, 498641, 131305, 38.7, 42.9, 1.00
A, 592980, 315216, 599209, 808254, 333598, 131843, 498644, 131287, 38.7, 43.0, 0.99
A, 592798, 315171, 599215, 808190, 333500, 131900, 498585, 131242, 38.7, 43.0, 1.00
A, 592379, 315055, 598838, 807879, 333515, 131813, 498524, 131227, 38.7, 43.0, 1.01
M, 590903, 314843, 595991, 804350, 333214, 131346, 498071, 130382, 38.7, 43.0, 0.00
M, 582284, 313079, 586267, 794167, 330855, 130103, 495143, 128569, 38.8, 43.0, 0.58
M, 576245, 311368, 578785, 786418, 328982, 129045, 492943, 127347, 38.8, 43.0, 0.76
M, 570242, 309581, 571346, 778524, 327261, 127993, 491059, 126102, 38.8, 43.0, 0.83
M, 566771, 308550, 566915, 774232, 326281, 127284, 490314, 125359, 38.8, 43.0, 0.89
M, 564079, 307835, 562682, 770410, 325755, 126699, 489921, 124839, 38.8, 43.0, 0.95
M, 562082, 307235, 558800, 767027, 325231, 126206, 489719, 124267, 38.8, 43.0, 0.96
M, 560773, 306776, 555288, 764212, 325019, 125549, 489559, 123769, 38.8, 43.0, 0.97
M, 559760, 306421, 552257, 762084, 324779, 125141, 489479, 123390, 38.8, 42.9, 0.98
M, 559461, 306124, 550059, 761106, 324597, 124736, 489438, 123131, 38.8, 42.9, 0.97
M, 559949, 306037, 548472, 760735, 324618, 124553, 489579, 123003, 38.8, 42.9, 0.99
M, 560099, 305808, 546826, 760298, 324536, 124298, 489597, 122931, 38.8, 42.9, 0.99
M, 561039, 305710, 546030, 760903, 324626, 124083, 489795, 122865, 38.8, 42.8, 1.00
M, 561848, 305479, 544571, 760947, 324671, 123932, 489871, 122743, 38.8, 42.8, 0.99
M, 562754, 305304, 544014, 761623, 324775, 123772, 489996, 122642, 38.8, 42.8, 1.00
M, 563579, 305151, 543383, 762498, 324745, 123690, 490135, 122675, 38.8, 42.8, 1.00
M, 564780, 305087, 543138, 763610, 325002, 123635, 490376, 122715, 38.8, 42.8, 0.99
M, 565795, 304945, 542598, 764517, 325105, 123631, 490648, 122789, 38.8, 42.8, 0.99
M, 567098, 304918, 542848, 765866, 325312, 123580, 490928, 122903, 38.8, 42.8, 1.00
M, 568247, 304812, 542645, 767170, 325523, 123507, 491198, 122891, 38.8, 42.8, 1.00
M, 570542, 304923, 544108, 769976, 325984, 123757, 491806, 123208, 38.8, 42.8, 1.00
M, 571514, 304946, 543941, 771101, 326214, 123694, 492077, 123201, 38.8, 42.8, 1.00
M, 572149, 304913, 543437, 771702, 326387, 123676, 492326, 123184, 38.8, 42.8, 1.00
M, 572809, 304765, 542922, 772224, 326470, 123647, 492554, 123199, 38.8, 42.8, 1.00
M, 573288, 304701, 542635, 773119, 326621, 123640, 492801, 123202, 38.8, 42.7, 1.00
M, 573844, 304615, 542662, 773894, 326732, 123595, 492957, 123199, 38.8, 42.7, 0.99
M, 574687, 304551, 542665, 774985, 326876, 123626, 493227, 123345, 38.8, 42.7, 1.00
M, 575451, 304581, 542781, 775934, 327161, 123646, 493562, 123327, 38.8, 42.7, 1.01
M, 575651, 304424, 542292, 776323, 327233, 123660, 493722, 123333, 38.8, 42.7, 1.00
M, 576780, 304553, 542922, 777818, 327596, 123754, 494169, 123469, 38.8, 42.7, 1.00
M, 577782, 304672, 542904, 778940, 327875, 123824, 494487, 123553, 38.8, 42.7, 1.01
M, 578399, 304695, 543307, 779831, 328115, 123741, 494854, 123608, 38.8, 42.7, 1.00
M, 578941, 304721, 543325, 780726, 328296, 123802, 495136, 123670, 38.8, 42.7, 1.00
M, 579801, 304846, 543660, 781890, 328625, 123857, 495500, 123785, 38.8, 42.7, 1.00
M, 580580, 304939, 543924, 782855, 328820, 123909, 495839, 123781, 38.8, 42.7, 1.01
M, 581071, 305008, 543772, 783345, 328983, 123957, 496079, 123794, 38.8, 42.7, 0.99
M, 581440, 305084, 543855, 784137, 329190, 123917, 496328, 123865, 38.8, 42.7, 1.00
M, 582208, 305223, 544147, 785164, 329485, 123920, 496648, 123945, 38.8, 42.7, 0.99
M, 582699, 305236, 544307, 785923, 329618, 124029, 496901, 123993, 38.8, 42.7, 1.00
M, 583563, 305453, 544770, 787011, 329954, 124118, 497251, 124118, 38.8, 42.6, 1.00
M, 585894, 305863, 546706, 789761, 330551, 124345, 498058, 124438, 38.8, 42.6, 1.01
M, 586143, 306136, 546694, 790120, 330734, 124381, 498325, 124422, 38.8, 42.7, 1.00
M, 586385, 306160, 546578, 790862, 330927, 124469, 498528, 124405, 38.8, 42.7, 0.99
M, 586522, 306276, 546215, 790930, 331108, 124366, 498696, 124376, 38.8, 42.6, 1.01
M, 586679, 306376, 546014, 791293, 331157, 124401, 498818, 124408, 38.8, 42.6, 1.00
M, 586756, 306436, 545833, 791660, 331306, 124378, 499097, 124338, 38.8, 42.6, 0.99
M, 586923, 306425, 545846, 791992, 331390, 124354, 499128, 124334, 38.8, 42.6, 1.00
M, 587511, 306670, 546088, 792668, 331593, 124429, 499461, 124423, 38.8, 42.6, 0.99
M, 587898, 306734, 546243, 793360, 331754, 124444, 499678, 124491, 38.8, 42.6, 1.00
M, 588189, 306745, 546288, 793884, 331857, 124478, 499879, 124541, 38.8, 42.6, 1.00
M, 588878, 306991, 546692, 794821, 332106, 124558, 500211, 124592, 38.8, 42.6, 1.00
M, 589340, 307241, 547025, 795500, 332330, 124637, 500486, 124590, 38.8, 42.6, 1.01
M, 589620, 307292, 546979, 795815, 332452, 124653, 500632, 124647, 38.8, 42.6, 1.00
M, 589993, 307452, 547109, 796429, 332575, 124618, 500861, 124700, 38.8, 42.6, 0.99
M, 590363, 307566, 547118, 796900, 332782, 124641, 501008, 124691, 38.8, 42.6, 1.00
M, 590644, 307672, 547378, 797558, 332890, 124691, 501215, 124774, 38.8, 42.6, 1.00
M, 591290, 307900, 547797, 798371, 333129, 124781, 501564, 124870, 38.8, 42.6, 1.00
M, 591790, 308004, 547983, 798961, 333332, 124782, 501728, 124843, 38.8, 42.6, 1.00
M, 592063, 308179, 548179, 799489, 333430, 124797, 501947, 124836, 38.8, 42.6, 1.01
M, 592347, 308341, 548339, 800134, 333609, 124870, 502139, 124944, 38.8, 42.6, 1.00
M, 594027, 308612, 550068, 802416, 333985, 125047, 502691, 125256, 38.8, 42.6, 1.02
M, 594588, 308955, 550198, 802742, 334293, 125079, 503028, 125221, 38.8, 42.6, 1.00
M, 594439, 309089, 549873, 802718, 334332, 125060, 503078, 125121, 38.8, 42.6, 1.00
M, 594282, 309148, 549671, 802945, 334341, 125110, 503069, 125114, 38.8, 42.6, 1.00
M, 594124, 309257, 549250, 802763, 334416, 125044, 503213, 125042, 38.8, 42.6, 1.00
M, 594301, 309148, 549195, 802992, 334418, 125064, 503286, 125107, 38.8, 42.6, 0.99
M, 594490, 309430, 549148, 803203, 334580, 125085, 503457, 125096, 38.8, 42.6, 1.00
M, 594600, 309381, 549039, 803308, 334697, 125068, 503530, 125029, 38.8, 42.6, 1.00
M, 594905, 309571, 549430, 804076, 334715, 125050, 503681, 125148, 38.8, 42.6, 1.00
M, 595195, 309675, 549610, 804530, 334859, 125077, 503785, 125145, 38.8, 42.6, 1.00
M, 595357, 309741, 549574, 804844, 334892, 125165, 503948, 125183, 38.8, 42.6, 1.01
M, 595944, 309824, 549837, 805500, 335087, 125200, 504237, 125279, 38.8, 42.6, 0.99
M, 596002, 309946, 549992, 805731, 335168, 125159, 504313, 125185, 38.8, 42.6, 1.00
M, 596075, 310130, 550067, 806001, 335285, 125236, 504416, 125269, 38.8, 42.5, 0.99
M, 596439, 310157, 550196, 806397, 335391, 125228, 504587, 125343, 38.8, 42.5, 1.00
M, 596804, 310288, 550516, 807077, 335484, 125301, 504745, 125339, 38.8, 42.5, 0.99
M, 596942, 310339, 550568, 807472, 335596, 125327, 504877, 125389, 38.8, 42.5, 1.00
M, 597414, 310562, 551050, 808123, 335789, 125401, 505153, 125506, 38.9, 42.5, 1.00
M, 597789, 310729, 551283, 808533, 335883, 125437, 505275, 125448, 38.9, 42.5, 1.00
M, 597873, 310808, 551272, 808830, 335960, 125409, 505419, 125458, 38.9, 42.5, 1.01
M, 599410, 311068, 552777, 810859, 336326, 125654, 505812, 125768, 38.9, 42.5, 1.00
M, 599778, 311284, 552845, 811172, 336479, 125681, 506070, 125794, 38.9, 42.5, 1.00
M, 599715, 311388, 552898, 811231, 336600, 125688, 506172, 125714, 38.9, 42.5, 1.01
M, 599459, 311438, 552533, 811018, 336560, 125665, 506170, 125706, 38.9, 42.5, 1.00
M, 599727, 311473, 552748, 811428, 336642, 125664, 506266, 125692, 38.9, 42.5, 1.00
M, 599493, 311651, 552372, 811319, 336673, 125601, 506333, 125615, 38.9, 42.5, 1.00
M, 599462, 311588, 552325, 811412, 336623, 125676, 506356, 125679, 38.9, 42.5, 1.00
M, 599520, 311684, 552262, 811514, 336728, 125648, 506429, 125628, 38.9, 42.5, 0.99
M, 599577, 311768, 552233, 811592, 336689, 125630, 506461, 125573, 38.9, 42.5, 1.01
M, 599764, 311824, 552487, 812212, 336798, 125697, 506575, 125652, 38.9, 42.5, 0.99
M, 599981, 311889, 552606, 812482, 336940, 125652, 506768, 125668, 38.9, 42.5, 1.00
M, 600162, 311937, 552775, 812677, 336932, 125716, 506845, 125728, 38.9, 42.5, 1.00
M, 600572, 312056, 553163, 813276, 337077, 125805, 507006, 125802, 38.9, 42.5, 1.00
M, 600847, 312072, 553206, 813591, 337175, 125779, 507130, 125767, 38.9, 42.5, 0.99
M, 600949, 312229, 553168, 813751, 337228, 125780, 507235, 125797, 38.9, 42.5, 1.00
M, 600922, 312330, 553409, 814125, 337272, 125813, 507261, 125800, 38.9, 42.5, 1.01
M, 601315, 312415, 553753, 814690, 337406, 125865, 507449, 125877, 38.9, 42.5, 1.00
M, 601499, 312441, 553743, 814868, 337476, 125896, 507538, 125925, 38.9, 42.5, 1.00
M, 601901, 312606, 554202, 815491, 337647, 125934, 507745, 126017, 38.9, 42.5, 1.00
M, 602165, 312790, 554474, 815791, 337686, 125946, 507786, 125966, 38.9, 42.5, 1.00
M, 603629, 313012, 556167, 817693, 338072, 126147, 508301, 126245, 38.9, 42.5, 1.00
M, 603840, 313259, 556244, 818006, 338205, 126240, 508435, 126260, 38.9, 42.5, 0.99
M, 603611, 313225, 556057, 817920, 338202, 126245, 508498, 126203, 38.9, 42.5, 0.99
M, 603615, 313291, 556008, 817956, 338201, 126209, 508460, 126233, 38.9, 42.5, 1.00
M, 603688, 313472, 555702, 817900, 338296, 126241, 508515, 126185, 38.9, 42.5, 1.00
M, 603579, 313437, 555871, 818167, 338311, 126227, 508530, 126233, 38.9, 42.5, 0.99
M, 603308, 313522, 555594, 817892, 338300, 126161, 508564, 126122, 38.9, 42.5, 1.01
M, 603399, 313436, 555551, 817886, 338222, 126178, 508606, 126097, 38.9, 42.5, 1.00
M, 603215, 313549, 555478, 817970, 338287, 126172, 508643, 126045, 38.9, 42.5, 1.00
M, 603187, 313493, 555401, 817915, 338307, 126133, 508638, 126089, 38.9, 42.5, 1.00
M, 603470, 313593, 555496, 818323, 338325, 126179, 508771, 126091, 38.9, 42.5, 1.00
M, 603584, 313631, 555841, 818468, 338378, 126190, 508816, 126162, 38.9, 42.5, 0.99
M, 603621, 313614, 555827, 818750, 338421, 126248, 508958, 126157, 38.9, 42.5, 0.99
M, 603901, 313787, 556163, 819251, 338460, 126268, 509040, 126224, 38.9, 42.5, 1.00
M, 604095, 313803, 556255, 819294, 338546, 126195, 509055, 126162, 38.9, 42.5, 0.99
M, 604065, 313846, 556179, 819400, 338614, 126255, 509162, 126194, 38.9, 42.5, 1.01
M, 604030, 313911, 556256, 819629, 338618, 126304, 509224, 126189, 38.9, 42.5, 1.01
M, 604316, 313939, 556585, 820136, 338721, 126335, 509361, 126238, 38.9, 42.5, 1.00
M, 604566, 314054, 556712, 820292, 338762, 126370, 509417, 126310, 38.9, 42.5, 0.99
M, 604896, 314159, 557098, 820793, 338887, 126409, 509554, 126329, 38.9, 42.5, 1.00
M, 606686, 314454, 558976, 822916, 339303, 126667, 510069, 126668, 38.9, 42.5, 1.00
M, 606519, 314598, 558797, 822622, 339391, 126631, 510072, 126580, 38.9, 42.5, 1.01
M, 606488, 314622, 558831, 823032, 339341, 126632, 510077, 126598, 38.9, 42.5, 1.00
M, 606343, 314689, 558753, 822946, 339381, 126607, 510133, 126613, 38.9, 42.5, 1.00
M, 606498, 314738, 558708, 823049, 339358, 126687, 510157, 126577, 38.9, 42.5, 1.00
M, 606349, 314814, 558681, 822912, 339427, 126671, 510251, 126555, 38.9, 42.5, 1.00
M, 606106, 314750, 558597, 822868, 339346, 126625, 510230, 126528, 38.9, 42.5, 1.01
M, 606032, 314865, 558202, 822604, 339392, 126583, 510252, 126462, 38.9, 42.5, 1.00
M, 605957, 314823, 558371, 822817, 339279, 126613, 510261, 126487, 38.9, 42.5, 1.00
M, 606166, 314814, 558558, 823123, 339402, 126660, 510349, 126517, 38.9, 42.5, 1.00
M, 606292, 314932, 558794, 823388, 339456, 126685, 510418, 126592, 38.9, 42.5, 1.00
M, 606482, 315083, 558968, 823632, 339541, 126724, 510498, 126500, 38.9, 42.5, 1.00
M, 606131, 314924, 558535, 823136, 339437, 126672, 510433, 126471, 38.9, 42.5, 1.00
M, 606135, 314918, 558589, 823399, 339473, 126669, 510407, 126523, 38.9, 42.5, 1.00
M, 606358, 315067, 558807, 823781, 339515, 126775, 510563, 126490, 38.9, 42.5, 1.00
M, 606518, 315025, 558984, 823972, 339509, 126719, 510562, 126514, 38.9, 42.5, 1.00
M, 606930, 315158, 559320, 824477, 339682, 126781, 510762, 126656, 38.9, 42.5, 1.00
M, 607161, 315259, 559511, 824641, 339773, 126756, 510906, 126627, 38.9, 42.5, 1.00
M, 607156, 315254, 559473, 824728, 339744, 126814, 510897, 126618, 38.9, 42.5, 1.00
M, 607082, 315229, 559529, 824943, 339813, 126792, 510912, 126651, 38.9, 42.5, 1.00
M, 608970, 315638, 561653, 827310, 340201, 127071, 511430, 127017, 38.9, 42.5, 0.99
M, 608901, 315670, 561552, 827151, 340271, 127062, 511549, 127010, 38.9, 42.5, 1.00
M, 609128, 315901, 561714, 827380, 340363, 127118, 511605, 126985, 38.9, 42.5, 0.99
M, 608910, 315898, 561581, 827309, 340297, 127068, 511582, 126913, 38.9, 42.5, 1.00
M, 608583, 315903, 561282, 827118, 340295, 127095, 511459, 126833, 38.9, 42.5, 1.01
M, 608628, 315925, 561433, 827274, 340243, 127046, 511548, 126902, 38.9, 42.5, 1.01
M, 608519, 315899, 561154, 826860, 340221, 127047, 511480, 126746, 38.9, 42.5, 1.00
M, 608321, 315897, 560877, 826483, 340179, 127021, 511486, 126773, 38.9, 42.5, 1.00
M, 607967, 315798, 560646, 826471, 340148, 126997, 511455, 126713, 38.9, 42.5, 1.00
M, 607862, 315808, 560565, 826454, 340088, 126958, 511404, 126743, 38.9, 42.5, 1.00
M, 608050, 315771, 560844, 826819, 340148, 127056, 511412, 126816, 38.9, 42.5, 1.00
M, 608271, 315814, 561106, 827017, 340198, 127050, 511579, 126835, 38.9, 42.5, 1.01
M, 608437, 315895, 561271, 827065, 340276, 126996, 511622, 126791, 38.9, 42.5, 1.00
M, 608238, 315913, 561255, 827197, 340214, 127118, 511628, 126883, 38.9, 42.5, 1.00
M, 608684, 315972, 561611, 827558, 340255, 127098, 511703, 126831, 38.9, 42.5, 1.00
M, 608681, 315979, 561612, 827621, 340323, 127110, 511700, 126828, 38.9, 42.5, 1.00
M, 608638, 315939, 561745, 827742, 340331, 127123, 511760, 126895, 38.9, 42.5, 0.99
M, 608863, 316029, 562091, 828150, 340390, 127155, 511839, 126918, 38.9, 42.5, 1.01
M, 609062, 316133, 562263, 828092, 340396, 127171, 511919, 126895, 38.9, 42.5, 1.00
M, 608950, 316131, 562203, 828075, 340468, 127216, 511931, 126893, 38.9, 42.5, 1.00
M, 610271, 316257, 563742, 830138, 340716, 127450, 512222, 127188, 38.9, 42.5, 1.00
M, 610354, 316401, 563903, 830229, 340840, 127372, 512352, 127201, 38.9, 42.5, 1.00
M, 610149, 316500, 563792, 829988, 340781, 127405, 512349, 127156, 38.9, 42.5, 1.00
M, 610360, 316529, 563938, 830151, 340814, 127447, 512369, 127180, 38.9, 42.5, 1.00
M, 610352, 316586, 563896, 829970, 340786, 127386, 512353, 127116, 38.9, 42.5, 1.00
M, 610017, 316541, 563434, 829601, 340795, 127345, 512341, 127064, 38.9, 42.5, 1.01
M, 610033, 316463, 563740, 829941, 340766, 127412, 512369, 127097, 38.9, 42.5, 1.00
M, 609633, 316557, 563466, 829490, 340750, 127359, 512306, 126994, 38.9, 42.5, 1.00
M, 609617, 316444, 563418, 829510, 340667, 127370, 512293, 127011, 38.9, 42.5, 1.01
M, 609573, 316515, 563525, 829528, 340771, 127359, 512354, 126954, 38.9, 42.5, 1.00
M, 609426, 316524, 563510, 829505, 340663, 127370, 512337, 126973, 38.9, 42.5, 1.00
M, 609647, 316496, 563443, 829754, 340765, 127383, 512340, 127060, 38.9, 42.5, 1.00
M, 609802, 316523, 563844, 829859, 340753, 127382, 512396, 127060, 38.9, 42.5, 1.00
M, 609708, 316452, 563811, 829883, 340716, 127428, 512404, 127068, 38.9, 42.5, 1.00
M, 609996, 316605, 564348, 830427, 340818, 127416, 512557, 127103, 38.9, 42.5, 1.00
M, 610191, 316569, 564561, 830603, 340895, 127474, 512558, 127117, 38.9, 42.5, 1.00
M, 610185, 316629, 564501, 830495, 340888, 127509, 512616, 127105, 38.9, 42.5, 1.00
M, 609914, 316586, 564415, 830501, 340873, 127521, 512521, 127050, 38.9, 42.5, 1.00
M, 609958, 316577, 564510, 830534, 340892, 127487, 512638, 127082, 38.9, 42.5, 1.00
M, 610086, 316637, 564571, 830493, 340923, 127535, 512633, 127027, 38.9, 42.5, 1.01
M, 611522, 316876, 566334, 832377, 341219, 127741, 513012, 127385, 38.9, 42.5, 1.00
M, 611545, 316946, 566349, 832464, 341302, 127710, 513117, 127358, 38.9, 42.5, 1.01
M, 611444, 317007, 566291, 832305, 341287, 127722, 513073, 127308, 38.9, 42.5, 1.00
M, 611382, 316988, 566371, 832446, 341287, 127767, 513121, 127369, 38.9, 42.5, 1.00
M, 611331, 317066, 566352, 832401, 341250, 127752, 513106, 127377, 38.9, 42.5, 1.00
M, 611540, 317114, 566619, 832484, 341372, 127811, 513085, 127308, 38.9, 42.5, 1.01
M, 611198, 317024, 566402, 832235, 341265, 127743, 513052, 127260, 38.9, 42.5, 1.00
M, 611094, 317060, 566456, 832352, 341244, 127792, 513148, 127301, 38.9, 42.5, 1.00
M, 610880, 317051, 566005, 831784, 341245, 127731, 513078, 127263, 38.9, 42.5, 1.00
M, 610722, 316963, 566091, 831840, 341154, 127770, 512995, 127236, 38.9, 42.5, 1.00
M, 610523, 317045, 565993, 831688, 341204, 127742, 513047, 127216, 38.9, 42.5, 1.00
M, 610627, 316980, 565996, 831608, 341158, 127692, 512960, 127223, 38.9, 42.5, 1.01
M, 610391, 316943, 566069, 831671, 341174, 127736, 513070, 127184, 38.9, 42.5, 1.00
M, 610520, 316985, 566156, 831781, 341131, 127692, 513027, 127223, 38.9, 42.5, 1.01
M, 610401, 316953, 566108, 831918, 341166, 127739, 513070, 127274, 38.9, 42.5, 1.00
M, 610972, 317026, 566645, 832253, 341225, 127790, 513143, 127357, 38.9, 42.5, 0.99
M, 610783, 317026, 566614, 832168, 341217, 127742, 513152, 127287, 38.9, 42.5, 1.00
M, 610590, 316978, 566432, 831961, 341194, 127781, 513116, 127163, 38.9, 42.5, 0.99
M, 610293, 316801, 565916, 831588, 341064, 127726, 513051, 127197, 38.9, 42.5, 1.00
M, 610621, 316921, 566534, 831946, 341165, 127779, 513069, 127229, 38.9, 42.5, 1.00
M, 612065, 317117, 568380, 834104, 341497, 127960, 513535, 127591, 38.9, 42.5, 1.00
M, 612321, 317355, 568691, 834323, 341684, 127988, 513718, 127611, 38.9, 42.5, 1.00
M, 612163, 317337, 568455, 834027, 341639, 128032, 513664, 127516, 38.9, 42.5, 1.01
M, 611984, 317363, 568418, 833925, 341583, 128012, 513602, 127453, 38.9, 42.5, 1.00
M, 611928, 317325, 568507, 833991, 341604, 128026, 513659, 127526, 38.9, 42.5, 1.00
M, 611926, 317346, 568473, 833984, 341588, 128057, 513658, 127520, 38.9, 42.5, 1.00
M, 612154, 317485, 568752, 834046, 341653, 128029, 513747, 127456, 38.9, 42.5, 1.00
M, 611898, 317403, 568526, 833805, 341604, 128059, 513721, 127486, 38.9, 42.5, 1.00
M, 611951, 317386, 568530, 834078, 341589, 128032, 513730, 127528, 38.9, 42.5, 1.00
M, 611535, 317388, 568401, 833649, 341572, 128024, 513627, 127414, 38.9, 42.5, 1.00
M, 611412, 317256, 568350, 833588, 341489, 128016, 513584, 127374, 38.9, 42.5, 1.01
M, 611428, 317366, 568343, 833444, 341525, 128035, 513630, 127391, 38.9, 42.5, 1.00
M, 611390, 317254, 568369, 833392, 341498, 127949, 513582, 127439, 38.9, 42.5, 1.00
M, 611378, 317259, 568489, 833577, 341443, 128084, 513623, 127451, 38.9, 42.5, 0.99
M, 611380, 317277, 568623, 833731, 341513, 128020, 513598, 127376, 38.9, 42.5, 1.00
M, 611528, 317278, 568611, 833660, 341518, 128073, 513601, 127475, 38.9, 42.5, 1.01
M, 611834, 317347, 569116, 834262, 341610, 128113, 513773, 127507, 38.9, 42.5, 1.00
M, 611804, 317389, 569259, 834192, 341575, 128111, 513753, 127508, 38.9, 42.5, 0.99
M, 611842, 317329, 569116, 834020, 341612, 128081, 513772, 127487, 38.9, 42.5, 0.99
M, 611717, 317384, 569264, 834257, 341600, 128100, 513784, 127513, 38.9, 42.5, 1.00
M, 613473, 317570, 571242, 836469, 341902, 128325, 514214, 127837, 38.9, 42.5, 1.00
M, 613244, 317711, 571096, 836138, 342003, 128317, 514222, 127797, 38.9, 42.5, 0.99
M, 613348, 317773, 571240, 836156, 341985, 128324, 514271, 127771, 38.9, 42.5, 1.00
M, 613190, 317795, 571178, 835955, 342012, 128334, 514323, 127684, 38.9, 42.5, 1.00
M, 612871, 317709, 570967, 835707, 341935, 128323, 514176, 127717, 38.9, 42.5, 1.00
M, 612906, 317735, 570812, 835697, 341945, 128329, 514199, 127650, 38.9, 42.5, 1.00
M, 612758, 317687, 570933, 835651, 341882, 128289, 514152, 127641, 38.9, 42.5, 0.99
M, 612764, 317812, 570981, 835714, 341963, 128387, 514168, 127676, 38.9, 42.5, 0.99
M, 612804, 317799, 570969, 835591, 341956, 128345, 514171, 127715, 38.9, 42.5, 1.00
M, 612629, 317728, 571032, 835565, 341864, 128322, 514131, 127662, 38.9, 42.5, 1.00
M, 612354, 317870, 570814, 835269, 341876, 128322, 514123, 127662, 38.9, 42.5, 0.99
M, 612225, 317670, 570729, 835238, 341786, 128331, 514023, 127597, 38.9, 42.5, 1.00
M, 612045, 317658, 570538, 834904, 341838, 128314, 514113, 127574, 38.9, 42.5, 1.00
M, 611971, 317620, 570509, 834818, 341797, 128306, 514015, 127531, 38.9, 42.5, 1.00
M, 612210, 317592, 570782, 835083, 341779, 128269, 514061, 127564, 38.9, 42.5, 0.99
M, 612238, 317626, 570754, 835197, 341801, 128292, 514077, 127606, 38.9, 42.5, 1.00
M, 612191, 317682, 571014, 835289, 341784, 128308, 514150, 127650, 38.9, 42.5, 1.00
M, 612494, 317646, 571390, 835645, 341864, 128442, 514197, 127674, 38.9, 42.5, 1.00
M, 612584, 317683, 571382, 835439, 341855, 128328, 514261, 127703, 38.9, 42.5, 1.00
M, 612546, 317698, 571388, 835462, 341832, 128309, 514200, 127598, 38.9, 42.5, 1.00
