State, OV, Alc, H2, AC1, NH3, AC2, VOC, LP, Temp, Hud, AirFlow
A, 662548, 320830, 1021858, 908776, 309522, 157969, 460481, 145879, 39.7, 43.8, 0.00
A, 652451, 318578, 1004019, 895703, 306910, 155872, 457503, 143590, 39.7, 43.8, 0.56
A, 643911, 316284, 988814, 884749, 304768, 154062, 455118, 141575, 39.7, 43.8, 0.69
A, 636199, 314226, 974186, 874901, 302948, 152198, 453523, 139745, 39.7, 43.8, 0.81
A, 630869, 312968, 962650, 867870, 301991, 150693, 453064, 138535, 39.5, 43.7, 0.89
A, 627622, 312436, 953794, 863300, 301648, 149579, 453392, 137785, 39.5, 43.7, 0.93
A, 626145, 312315, 946870, 861007, 301760, 148637, 454168, 137387, 39.3, 43.5, 0.95
A, 625276, 312509, 940776, 859295, 301968, 147877, 454994, 137134, 39.3, 43.5, 0.97
A, 626138, 312999, 936487, 859482, 302588, 147286, 456228, 137119, 39.2, 43.4, 0.97
A, 627646, 313713, 932385, 860392, 303330, 146598, 457584, 137080, 39.2, 43.4, 0.98
A, 629537, 314543, 929070, 861834, 304017, 146158, 458821, 137299, 39.2, 43.3, 0.99
A, 631911, 315522, 926826, 864110, 304788, 145861, 460127, 137478, 39.2, 43.3, 1.00
A, 634644, 316484, 924674, 866609, 305580, 145609, 461388, 137771, 39.1, 43.3, 1.00
A, 637522, 317526, 923003, 869251, 306275, 145362, 462616, 138000, 39.1, 43.3, 1.00
A, 641004, 318689, 922126, 872788, 307232, 145250, 463916, 138307, 39.0, 43.2, 1.00
A, 644731, 319990, 921073, 876219, 308251, 145067, 465376, 138576, 39.0, 43.2, 0.99
A, 647641, 321075, 919616, 879318, 308973, 144916, 466483, 138767, 39.0, 43.2, 1.00
A, 650946, 322275, 919005, 882716, 309841, 144972, 467728, 139080, 39.0, 43.2, 0.99
A, 654863, 323735, 918089, 886461, 310880, 144867, 469207, 139317, 38.9, 43.1, 1.01
A, 658191, 324887, 917791, 889813, 311642, 144835, 470339, 139591, 38.9, 43.1, 1.00
A, 663135, 326573, 919598, 895584, 312871, 145062, 472052, 140180, 38.8, 43.0, 1.01
A, 665537, 327472, 918715, 897833, 313564, 145037, 472931, 140231, 38.8, 43.0, 1.00
A, 668420, 328628, 918217, 900889, 314265, 145058, 473967, 140403, 38.8, 43.0, 1.00
A, 671399, 329742, 917541, 904073, 315006, 145078, 475104, 140501, 38.8, 43.0, 1.00
A, 674762, 331179, 917418, 907533, 315927, 145094, 476323, 140698, 38.8, 43.0, 1.00
A, 677411, 332300, 917636, 910602, 316626, 145228, 477292, 140974, 38.8, 43.0, 1.00
A, 681272, 333737, 918432, 914762, 317657, 145361, 478706, 141257, 38.8, 43.0, 1.00
A, 684127, 335022, 918530, 918052, 318477, 145468, 479809, 141394, 38.7, 43.0, 1.00
A, 686959, 336206, 918750, 921273, 319230, 145571, 480806, 141638, 38.7, 43.0, 0.99
A, 689981, 337453, 919125, 924422, 320027, 145752, 481877, 141772, 38.7, 43.0, 1.00
A, 693050, 338878, 919332, 927726, 320882, 145841, 483077, 141977, 38.7, 43.0, 1.00
A, 695544, 340058, 919400, 930689, 321612, 145910, 484092, 142128, 38.7, 43.0, 1.01
A, 698125, 341299, 919996, 933729, 322336, 146099, 485111, 142321, 38.7, 43.0, 0.98
A, 700646, 342486, 920180, 936708, 323067, 146182, 486035, 142406, 38.6, 43.0, 1.00
A, 702739, 343576, 920323, 939237, 323755, 146342, 486970, 142579, 38.6, 43.0, 1.00
A, 705395, 344840, 921007, 942357, 324524, 146487, 488007, 142796, 38.6, 43.0, 1.01
A, 708008, 346140, 921232, 945320, 325256, 146613, 488997, 142887, 38.6, 43.0, 1.00
A, 710067, 347267, 921405, 947723, 325936, 146727, 489868, 142983, 38.5, 43.0, 0.99
A, 711780, 348343, 921463, 950002, 326535, 146816, 490701, 143053, 38.5, 43.0, 0.99
A, 713977, 349640, 921359, 952429, 327255, 146868, 491695, 143137, 38.5, 43.0, 1.00
A, 716207, 350539, 922726, 955473, 327844, 147160, 492515, 143452, 38.5, 43.0, 1.01
A, 717795, 351907, 921449, 957050, 328547, 147175, 493400, 143255, 38.5, 43.0, 0.99
A, 719188, 352665, 921593, 958760, 328925, 147281, 493950, 143347, 38.5, 43.0, 1.00
A, 721138, 353674, 922372, 961562, 329568, 147466, 494843, 143520, 38.5, 43.0, 1.01
A, 723017, 354705, 922920, 963864, 330190, 147583, 495637, 143613, 38.5, 43.0, 0.99
A, 724539, 355694, 922998, 965848, 330736, 147691, 496327, 143768, 38.5, 43.0, 1.01
A, 726715, 356855, 923898, 968428, 331357, 147933, 497231, 143945, 38.4, 43.0, 1.00
A, 728456, 357920, 924379, 970623, 332036, 148012, 498110, 143983, 38.4, 43.0, 1.00
A, 729875, 358882, 924555, 972550, 332547, 148183, 498741, 144008, 38.4, 43.0, 1.01
A, 731403, 359797, 925144, 974641, 333074, 148295, 499447, 144186, 38.4, 43.0, 1.00
A, 732748, 360722, 924936, 976436, 333582, 148451, 500123, 144255, 38.4, 43.0, 0.99
A, 734289, 361697, 925790, 978505, 334123, 148576, 500797, 144357, 38.4, 43.0, 1.00
A, 735606, 362532, 926065, 980391, 334628, 148702, 501463, 144502, 38.4, 43.0, 1.00
A, 737151, 363457, 926546, 982318, 335216, 148849, 502294, 144490, 38.4, 43.0, 1.01
A, 738357, 364340, 926589, 983752, 335610, 148921, 502885, 144438, 38.4, 43.0, 0.99
A, 739279, 365008, 926564, 985366, 336028, 149064, 503465, 144581, 38.4, 43.0, 1.00
A, 740821, 365984, 927358, 987248, 336514, 149217, 504128, 144700, 38.3, 43.0, 0.99
A, 741240, 366681, 927009, 988305, 336868, 149268, 504605, 144641, 38.3, 43.0, 1.00
A, 743180, 367681, 927972, 990539, 337502, 149446, 505347, 144728, 38.3, 43.1, 0.99
A, 743765, 368286, 927783, 991496, 337814, 149528, 505819, 144740, 38.3, 43.1, 0.99
A, 746715, 369575, 930527, 995376, 338673, 149987, 506969, 145175, 38.3, 43.1, 0.99
A, 747315, 370130, 930693, 996493, 338983, 150104, 507353, 145186, 38.3, 43.1, 1.01
A, 748422, 371256, 930653, 997784, 339599, 150216, 508080, 145155, 38.3, 43.1, 0.99
A, 748993, 371677, 930620, 998541, 339708, 150196, 508380, 145135, 38.3, 43.1, 1.00
A, 749814, 372275, 931070, 1000187, 340172, 150334, 508938, 145236, 38.3, 43.1, 1.00
A, 750664, 372959, 931297, 1001409, 340584, 150492, 509412, 145258, 38.3, 43.1, 1.00
A, 751426, 373598, 931622, 1002519, 340877, 150573, 509897, 145320, 38.3, 43.1, 1.01
A, 752550, 374325, 932003, 1004160, 341360, 150763, 510493, 145428, 38.2, 43.1, 0.99
A, 753539, 374942, 932413, 1005294, 341732, 150853, 510988, 145437, 38.2, 43.1, 0.99
A, 754199, 375649, 932492, 1006231, 342010, 150970, 511453, 145413, 38.2, 43.1, 1.00
A, 754884, 376221, 933088, 1007731, 342397, 151095, 511890, 145485, 38.2, 43.1, 1.01
A, 755438, 376771, 933221, 1008740, 342728, 151272, 512369, 145495, 38.2, 43.2, 1.00
A, 756379, 377369, 933594, 1009860, 343106, 151361, 512857, 145576, 38.2, 43.2, 0.99
A, 757023, 377911, 933986, 1010925, 343401, 151489, 513294, 145637, 38.2, 43.2, 1.00
A, 757789, 378496, 934330, 1012142, 343745, 151584, 513720, 145628, 38.2, 43.2, 0.99
A, 758057, 379038, 934430, 1013022, 344069, 151661, 514164, 145588, 38.2, 43.2, 1.01
A, 758729, 379498, 934585, 1013885, 344276, 151720, 514525, 145693, 38.2, 43.2, 1.01
A, 759534, 380109, 934823, 1015167, 344714, 151942, 514998, 145677, 38.2, 43.2, 0.99
A, 760062, 380499, 935353, 1015991, 344911, 151977, 515404, 145755, 38.2, 43.2, 1.01
A, 761107, 381182, 935720, 1016980, 345398, 152135, 515865, 145783, 38.2, 43.2, 1.00
A, 762600, 381767, 937733, 1019517, 345812, 152463, 516513, 146044, 38.2, 43.2, 1.00
A, 762325, 382326, 936770, 1019404, 346052, 152448, 516873, 145843, 38.1, 43.2, 1.00
A, 762300, 382499, 936312, 1019580, 346151, 152555, 517036, 145839, 38.1, 43.2, 1.00
A, 762178, 382987, 935701, 1019768, 346431, 152548, 517309, 145683, 38.1, 43.3, 0.99
A, 762105, 383139, 935226, 1019854, 346364, 152457, 517449, 145667, 38.1, 43.3, 1.01
A, 762870, 383468, 935853, 1021038, 346743, 152655, 517842, 145683, 38.1, 43.3, 0.99
A, 763486, 383977, 936400, 1021901, 347117, 152782, 518317, 145780, 38.1, 43.3, 1.00
A, 764035, 384329, 936656, 1022948, 347313, 152902, 518649, 145798, 38.1, 43.3, 0.99
A, 764963, 384812, 937448, 1024239, 347635, 153133, 519127, 145961, 38.1, 43.3, 1.00
A, 765344, 385266, 937592, 1024755, 347961, 153108, 519460, 145867, 38.1, 43.3, 1.00
A, 765691, 385565, 937654, 1025490, 348087, 153201, 519801, 145932, 38.1, 43.3, 0.99
A, 766183, 385965, 938218, 1026487, 348428, 153312, 520109, 145935, 38.1, 43.3, 0.99
A, 766698, 386205, 938465, 1027342, 348621, 153418, 520493, 146003, 38.1, 43.4, 1.01
A, 767137, 386648, 938742, 1028168, 348941, 153561, 520824, 146097, 38.1, 43.4, 0.99
A, 767771, 386962, 939265, 1028957, 349146, 153674, 521152, 146156, 38.1, 43.4, 1.01
A, 768286, 387429, 939636, 1029614, 349416, 153811, 521509, 146053, 38.1, 43.4, 1.01
A, 768605, 387704, 939781, 1030103, 349638, 153838, 521820, 146089, 38.0, 43.4, 0.99
A, 768723, 387922, 939812, 1030813, 349807, 153973, 522075, 146051, 38.0, 43.4, 1.00
A, 769239, 388286, 940389, 1031780, 350074, 154105, 522392, 146155, 38.0, 43.4, 1.01
A, 769332, 388491, 940059, 1031789, 350177, 154158, 522544, 146050, 38.0, 43.4, 1.01
A, 771566, 389165, 942888, 1034810, 350853, 154496, 523417, 146396, 38.0, 43.4, 1.01
A, 771006, 389448, 942087, 1034355, 350910, 154440, 523515, 146211, 38.0, 43.4, 1.00
A, 770508, 389626, 941208, 1033887, 351054, 154477, 523646, 146058, 38.0, 43.4, 1.02
A, 770681, 389741, 941200, 1034358, 351093, 154576, 523725, 146069, 38.0, 43.4, 1.01
A, 770783, 390062, 941211, 1034770, 351315, 154620, 524098, 146049, 38.0, 43.5, 0.99
A, 771078, 390258, 941171, 1035015, 351431, 154639, 524328, 146056, 38.0, 43.5, 1.00
A, 771539, 390496, 941750, 1035938, 351652, 154780, 524640, 146075, 38.0, 43.5, 0.99
A, 771876, 390807, 942144, 1036547, 351833, 154854, 524884, 146083, 38.0, 43.5, 1.00
A, 771971, 390928, 942240, 1036968, 351957, 154971, 525061, 146143, 38.0, 43.5, 1.01
A, 772697, 391342, 942969, 1038069, 352305, 155116, 525471, 146181, 38.0, 43.5, 1.01
A, 773112, 391540, 943196, 1038478, 352486, 155152, 525742, 146180, 38.0, 43.5, 1.00
A, 773277, 391781, 943344, 1038882, 352658, 155297, 525976, 146129, 38.0, 43.5, 1.00
A, 773745, 391982, 943797, 1039616, 352863, 155422, 526255, 146270, 38.0, 43.5, 1.00
A, 773877, 392229, 944085, 1040095, 353050, 155529, 526521, 146226, 38.0, 43.5, 0.99
A, 774399, 392513, 944494, 1040797, 353236, 155634, 526747, 146311, 38.0, 43.5, 0.99
A, 774603, 392752, 944769, 1041419, 353440, 155798, 526987, 146373, 37.9, 43.6, 1.00
A, 775036, 393003, 944815, 1041867, 353615, 155739, 527291, 146278, 37.9, 43.6, 0.99
A, 775017, 393153, 945092, 1042049, 353690, 155860, 527443, 146262, 37.9, 43.6, 1.01
A, 774949, 393249, 945008, 1042543, 353870, 155985, 527577, 146178, 37.9, 43.6, 1.00
A, 775642, 393531, 945609, 1043198, 354033, 156009, 527932, 146327, 37.9, 43.6, 0.99
A, 777175, 393992, 947553, 1045358, 354477, 156415, 528386, 146639, 37.9, 43.6, 1.00
A, 777352, 394375, 947949, 1045564, 354722, 156435, 528746, 146519, 37.9, 43.6, 0.99
A, 777339, 394381, 947739, 1045377, 354725, 156524, 528857, 146477, 37.9, 43.6, 1.00
A, 776950, 394565, 947441, 1045522, 354861, 156569, 528952, 146388, 37.9, 43.6, 1.00
A, 776943, 394674, 947504, 1045744, 354852, 156573, 529012, 146380, 37.9, 43.6, 1.00
A, 777205, 394857, 947828, 1046274, 355095, 156698, 529302, 146444, 37.9, 43.6, 1.00
A, 777545, 395021, 948020, 1046585, 355253, 156787, 529467, 146388, 37.9, 43.6, 1.00
A, 777663, 395189, 948313, 1046910, 355374, 156793, 529659, 146359, 37.9, 43.6, 0.99
A, 777644, 395372, 948387, 1047112, 355565, 156865, 529863, 146351, 37.9, 43.7, 0.99
A, 777747, 395436, 948296, 1047473, 355600, 156952, 530008, 146341, 37.9, 43.7, 1.01
A, 778178, 395667, 949029, 1048000, 355783, 157105, 530254, 146406, 37.9, 43.7, 0.99
A, 778187, 395752, 949119, 1048359, 355883, 157173, 530421, 146401, 37.9, 43.7, 1.00
A, 778659, 395996, 949689, 1049084, 356115, 157305, 530703, 146490, 37.9, 43.7, 0.99
A, 778834, 396159, 949824, 1049282, 356251, 157371, 530862, 146380, 37.9, 43.7, 0.99
A, 778875, 396282, 949912, 1049347, 356340, 157398, 530987, 146327, 37.9, 43.7, 0.99
A, 778862, 396397, 949894, 1049661, 356444, 157467, 531152, 146362, 37.9, 43.7, 0.99
A, 778855, 396406, 950050, 1049878, 356540, 157566, 531309, 146428, 37.9, 43.8, 0.99
A, 779041, 396504, 949947, 1050244, 356674, 157600, 531449, 146374, 37.9, 43.8, 1.00
A, 779486, 396736, 951046, 1051038, 356860, 157715, 531727, 146462, 37.9, 43.8, 1.01
A, 779839, 396921, 951329, 1051362, 357014, 157822, 531975, 146396, 37.9, 43.8, 1.01
A, 781152, 397203, 953349, 1053244, 357321, 158090, 532378, 146693, 37.8, 43.8, 1.01
A, 780958, 397422, 953015, 1053078, 357352, 158163, 532444, 146547, 37.8, 43.8, 1.00
A, 780395, 397376, 952038, 1052238, 357449, 158054, 532482, 146347, 37.8, 43.8, 1.01
A, 779934, 397314, 951490, 1051819, 357353, 158042, 532485, 146275, 37.8, 43.8, 1.00
A, 779247, 397396, 950861, 1051362, 357432, 158080, 532518, 146142, 37.8, 43.9, 1.01
A, 779355, 397388, 951047, 1051796, 357424, 158112, 532598, 146199, 37.8, 43.9, 1.00
A, 779943, 397529, 951926, 1052470, 357590, 158281, 532913, 146279, 37.8, 43.9, 1.00
A, 780365, 397591, 952343, 1052938, 357810, 158410, 533091, 146321, 37.8, 43.9, 1.00
A, 780560, 397786, 952653, 1053296, 357910, 158431, 533247, 146281, 37.8, 43.9, 1.00
A, 780470, 397852, 952679, 1053444, 358003, 158523, 533380, 146361, 37.8, 43.9, 1.01
A, 781150, 398046, 953535, 1054327, 358262, 158627, 533629, 146320, 37.8, 43.9, 1.00
A, 781190, 398173, 953645, 1054515, 358280, 158692, 533770, 146364, 37.8, 43.9, 1.00
A, 781373, 398239, 954087, 1054941, 358477, 158784, 533986, 146395, 37.8, 43.9, 1.00
A, 781571, 398370, 954442, 1055312, 358619, 158888, 534090, 146451, 37.8, 43.9, 1.01
A, 782078, 398562, 954975, 1055724, 358810, 159069, 534333, 146424, 37.8, 43.9, 1.01
A, 782030, 398622, 954858, 1055753, 358793, 159027, 534414, 146375, 37.8, 44.0, 0.99
A, 782234, 398799, 955257, 1056287, 358877, 159155, 534593, 146374, 37.8, 44.0, 1.01
A, 782151, 398804, 955500, 1056402, 359022, 159230, 534682, 146392, 37.8, 44.0, 0.99
A, 782277, 398899, 955685, 1056675, 359053, 159304, 534791, 146366, 37.8, 44.0, 0.99
A, 782332, 398939, 955833, 1056826, 359235, 159375, 534929, 146421, 37.8, 44.0, 0.99
A, 784115, 399338, 958321, 1059022, 359652, 159605, 535462, 146674, 37.8, 44.0, 0.99
A, 783424, 399427, 957429, 1058177, 359602, 159562, 535439, 146482, 37.8, 44.0, 1.01
A, 783016, 399393, 957187, 1058155, 359626, 159651, 535459, 146346, 37.8, 44.0, 0.99
A, 782820, 399497, 956926, 1057640, 359633, 159627, 535576, 146370, 37.8, 44.0, 0.99
A, 782812, 399418, 956865, 1057910, 359648, 159749, 535612, 146309, 37.8, 44.0, 0.99
A, 782794, 399598, 957083, 1057959, 359825, 159817, 535808, 146285, 37.8, 44.0, 0.99
A, 782925, 399594, 957217, 1058029, 359882, 159820, 535835, 146299, 37.8, 44.0, 0.99
A, 783153, 399678, 957783, 1058693, 359898, 159855, 535969, 146271, 37.8, 44.0, 0.99
A, 783211, 399670, 958014, 1058875, 359984, 159989, 536098, 146321, 37.8, 44.1, 1.01
A, 783205, 399789, 958131, 1059047, 360094, 160045, 536210, 146352, 37.8, 44.1, 1.01
A, 783754, 399955, 958811, 1059622, 360315, 160180, 536438, 146402, 37.8, 44.1, 1.00
A, 784009, 400004, 959281, 1059913, 360382, 160252, 536585, 146357, 37.8, 44.1, 1.00
A, 783825, 400140, 959199, 1059908, 360440, 160298, 536650, 146360, 37.8, 44.1, 0.99
A, 784187, 400164, 959569, 1060302, 360571, 160389, 536805, 146388, 37.8, 44.1, 0.99
A, 784318, 400313, 959986, 1060546, 360614, 160493, 537003, 146394, 37.7, 44.1, 1.01
A, 784244, 400305, 960152, 1060837, 360713, 160586, 537080, 146373, 37.7, 44.1, 1.00
A, 784577, 400455, 960507, 1061014, 360900, 160607, 537213, 146395, 37.7, 44.1, 1.00
A, 784433, 400444, 960354, 1061141, 360893, 160600, 537307, 146289, 37.7, 44.1, 1.00
A, 784681, 400573, 961152, 1061498, 360988, 160807, 537425, 146343, 37.7, 44.2, 1.00
A, 784394, 400641, 961138, 1061483, 361022, 160838, 537482, 146361, 37.7, 44.2, 1.00
A, 785903, 400899, 963079, 1063378, 361387, 161159, 537877, 146617, 37.7, 44.2, 1.00
A, 785755, 401085, 963000, 1062811, 361434, 161111, 537976, 146553, 37.7, 44.2, 1.00
A, 785508, 401068, 962787, 1062704, 361435, 161121, 538054, 146461, 37.7, 44.2, 0.99
A, 785135, 400971, 962573, 1062537, 361407, 161224, 538047, 146349, 37.7, 44.2, 1.01
A, 785142, 401132, 962463, 1062274, 361484, 161166, 538148, 146280, 37.7, 44.2, 1.01
A, 784866, 400993, 962530, 1062361, 361442, 161254, 538112, 146288, 37.7, 44.2, 1.00
A, 784521, 401045, 962220, 1061942, 361564, 161230, 538210, 146189, 37.7, 44.2, 1.01
A, 784616, 401011, 962074, 1062071, 361530, 161274, 538219, 146156, 37.7, 44.2, 0.99
A, 784324, 400987, 962183, 1062142, 361583, 161342, 538257, 146150, 37.7, 44.2, 1.00
A, 784636, 401017, 962620, 1062384, 361676, 161351, 538363, 146177, 37.7, 44.2, 0.99
A, 784689, 401061, 962929, 1062490, 361707, 161404, 538501, 146187, 37.7, 44.2, 1.00
A, 785217, 401178, 963578, 1063238, 361875, 161511, 538696, 146314, 37.7, 44.3, 1.00
A, 785301, 401264, 963954, 1063342, 361962, 161574, 538838, 146282, 37.7, 44.3, 1.01
A, 785384, 401286, 963915, 1063260, 361971, 161617, 538837, 146258, 37.7, 44.3, 1.00
A, 785450, 401390, 964292, 1063780, 362075, 161733, 539004, 146253, 37.7, 44.3, 1.01
A, 785460, 401427, 964602, 1063823, 362177, 161824, 539101, 146266, 37.7, 44.3, 0.99
A, 785765, 401440, 965149, 1064348, 362258, 161885, 539261, 146336, 37.7, 44.3, 1.00
A, 785981, 401605, 965379, 1064555, 362417, 161965, 539366, 146391, 37.7, 44.3, 1.00
A, 786102, 401637, 965881, 1064856, 362444, 162041, 539474, 146269, 37.7, 44.3, 1.00
A, 785949, 401661, 965916, 1064739, 362486, 162124, 539472, 146279, 37.7, 44.3, 0.99
A, 787300, 401838, 967902, 1066430, 362741, 162380, 539860, 146548, 37.7, 44.3, 0.99
A, 787014, 402010, 967681, 1066110, 362811, 162322, 539857, 146393, 37.7, 44.3, 1.01
A, 786383, 401923, 967079, 1065520, 362768, 162312, 539827, 146309, 37.7, 44.3, 0.99
A, 786385, 401843, 966878, 1065134, 362772, 162338, 539902, 146224, 37.7, 44.4, 1.00
A, 785869, 401701, 966241, 1064847, 362708, 162297, 539776, 146125, 37.7, 44.4, 1.01
A, 785661, 401866, 966515, 1064675, 362754, 162350, 539922, 146157, 37.7, 44.4, 1.02
A, 785674, 401819, 966774, 1065010, 362775, 162430, 539885, 146146, 37.7, 44.4, 1.00
A, 785749, 401879, 966962, 1064987, 362909, 162480, 540059, 146147, 37.7, 44.4, 0.99
A, 785706, 401807, 967028, 1064855, 362861, 162474, 540094, 146107, 37.7, 44.4, 1.00
A, 786078, 401866, 967542, 1065425, 362918, 162564, 540184, 146117, 37.7, 44.4, 1.01
A, 786094, 401939, 967797, 1065578, 362954, 162603, 540274, 146144, 37.7, 44.4, 1.01
A, 786104, 401924, 968201, 1065798, 363100, 162745, 540381, 146152, 37.7, 44.4, 1.00
A, 786581, 402038, 968944, 1066407, 363209, 162867, 540517, 146245, 37.7, 44.4, 1.00
A, 786738, 402107, 969223, 1066187, 363329, 162880, 540690, 146205, 37.7, 44.4, 0.99
A, 786613, 402010, 969058, 1066265, 363327, 162902, 540686, 146152, 37.7, 44.4, 1.00
A, 786701, 402123, 969623, 1066728, 363467, 163062, 540784, 146223, 37.7, 44.4, 0.99
A, 786625, 402058, 969817, 1066655, 363483, 163026, 540849, 146166, 37.7, 44.4, 1.00
A, 786648, 402149, 969971, 1066706, 363465, 163125, 540908, 146283, 37.7, 44.4, 1.01
A, 787053, 402239, 970359, 1067255, 363606, 163230, 541042, 146278, 37.6, 44.5, 1.00
A, 786703, 402215, 970330, 1066790, 363614, 163201, 541059, 146104, 37.6, 44.5, 1.00
A, 788164, 402399, 972401, 1068487, 363861, 163503, 541417, 146459, 37.6, 44.5, 1.00
A, 787694, 402555, 972044, 1068122, 363892, 163481, 541360, 146235, 37.6, 44.5, 1.00
A, 786947, 402382, 971496, 1067465, 363776, 163446, 541314, 146151, 37.6, 44.5, 0.99
A, 786964, 402380, 971501, 1067477, 363804, 163468, 541388, 146208, 37.6, 44.5, 1.00
A, 787285, 402465, 972173, 1067656, 363943, 163496, 541540, 146187, 37.6, 44.5, 1.00
A, 786992, 402344, 972078, 1067608, 363931, 163621, 541513, 146153, 37.6, 44.5, 1.01
A, 786912, 402401, 971914, 1067271, 363976, 163631, 541476, 146065, 37.6, 44.5, 1.00
A, 786656, 402412, 972175, 1067326, 363926, 163692, 541524, 146080, 37.6, 44.5, 1.00
A, 786954, 402431, 972694, 1067880, 364030, 163792, 541681, 146163, 37.6, 44.5, 1.01
A, 787068, 402521, 973119, 1068095, 364069, 163839, 541803, 146202, 37.6, 44.5, 1.00
A, 787322, 402567, 973591, 1068265, 364201, 163840, 541843, 146189, 37.6, 44.5, 1.01
A, 787265, 402563, 973622, 1068109, 364263, 163917, 541916, 146143, 37.6, 44.5, 1.00
A, 787029, 402439, 973474, 1068081, 364240, 163986, 541970, 146078, 37.6, 44.5, 1.00
A, 787149, 402562, 973895, 1068412, 364284, 164057, 542039, 146097, 37.6, 44.6, 0.99
A, 787284, 402601, 974224, 1068284, 364291, 164043, 542090, 146159, 37.6, 44.6, 1.00
A, 787630, 402655, 974853, 1068847, 364385, 164138, 542196, 146166, 37.6, 44.6, 0.99
A, 787601, 402708, 975116, 1068856, 364529, 164183, 542266, 146129, 37.6, 44.6, 1.00
A, 787495, 402725, 974986, 1068740, 364500, 164177, 542310, 146134, 37.6, 44.6, 1.00
A, 787651, 402690, 975434, 1068993, 364542, 164251, 542376, 146135, 37.6, 44.6, 1.01
A, 787491, 402740, 975601, 1069003, 364535, 164417, 542396, 146129, 37.6, 44.6, 1.00
A, 788820, 402915, 977570, 1070708, 364875, 164573, 542704, 146435, 37.6, 44.6, 1.00
A, 788933, 403135, 977893, 1070481, 364997, 164568, 542805, 146269, 37.6, 44.6, 0.99
A, 788455, 403045, 977590, 1070411, 364839, 164629, 542823, 146209, 37.6, 44.6, 1.00
A, 788374, 403073, 977767, 1070313, 364928, 164657, 542799, 146263, 37.6, 44.6, 1.00
A, 788189, 403023, 977673, 1069925, 364925, 164707, 542858, 146228, 37.6, 44.6, 1.00
A, 788140, 403116, 977754, 1069882, 364973, 164754, 542906, 146116, 37.6, 44.6, 1.00
A, 787856, 403028, 977541, 1069448, 364929, 164797, 542866, 146152, 37.6, 44.6, 0.99
A, 787497, 403004, 977462, 1069078, 364875, 164677, 542801, 145987, 37.6, 44.7, 0.99
A, 787361, 402947, 977387, 1069333, 364899, 164794, 542893, 146006, 37.6, 44.7, 1.00
A, 787449, 402933, 977931, 1069496, 364952, 164870, 542919, 146107, 37.6, 44.7, 1.00
A, 787567, 402936, 978074, 1069626, 364976, 164938, 543013, 146052, 37.6, 44.7, 0.99
A, 787694, 402909, 978225, 1069473, 365074, 164956, 543046, 145966, 37.6, 44.7, 1.00
A, 787526, 402947, 978292, 1069303, 365062, 164904, 543045, 145930, 37.6, 44.7, 1.00
A, 787320, 402840, 978313, 1069283, 365018, 164978, 543098, 145981, 37.6, 44.7, 0.99
A, 787651, 402924, 978706, 1069655, 365123, 165049, 543184, 146017, 37.6, 44.7, 1.01
A, 787335, 402905, 978460, 1069327, 365084, 164996, 543162, 145951, 37.6, 44.7, 1.00
A, 787598, 402941, 979181, 1069757, 365144, 165136, 543246, 146046, 37.6, 44.7, 1.01
A, 787761, 403028, 979436, 1069586, 365310, 165182, 543364, 145974, 37.6, 44.7, 1.01
A, 787670, 402900, 979532, 1069724, 365242, 165224, 543419, 145985, 37.6, 44.7, 1.00
A, 787574, 402807, 979611, 1069810, 365264, 165259, 543313, 145929, 37.6, 44.7, 1.00
A, 789113, 403144, 981999, 1071852, 365602, 165547, 543762, 146309, 37.6, 44.7, 1.01
A, 788613, 403289, 981519, 1071043, 365640, 165490, 543777, 146154, 37.6, 44.7, 1.00
A, 788356, 403231, 981448, 1070924, 365539, 165510, 543759, 146076, 37.6, 44.7, 0.99
A, 787841, 403052, 980925, 1070277, 365562, 165454, 543700, 145960, 37.6, 44.7, 1.00
A, 787398, 402965, 980277, 1069588, 365353, 165421, 543609, 145894, 37.6, 44.8, 1.00
A, 786996, 402823, 979851, 1069407, 365366, 165397, 543573, 145773, 37.6, 44.8, 1.00
A, 787132, 402898, 980359, 1069514, 365404, 165489, 543617, 145859, 37.6, 44.8, 1.00
A, 787129, 402834, 980593, 1069716, 365472, 165506, 543672, 145834, 37.6, 44.8, 1.00
A, 787317, 402914, 980966, 1069733, 365538, 165577, 543826, 145794, 37.6, 44.8, 1.01
A, 787324, 402831, 981109, 1069645, 365438, 165577, 543749, 145816, 37.6, 44.8, 0.99
A, 787652, 402922, 981558, 1070187, 365589, 165692, 543907, 145896, 37.6, 44.8, 1.00
A, 787882, 402962, 981978, 1070465, 365681, 165745, 543999, 145931, 37.6, 44.8, 0.99
A, 787854, 402869, 982257, 1070500, 365685, 165763, 543967, 145923, 37.6, 44.8, 1.01
A, 788224, 402989, 983044, 1071076, 365765, 165862, 544134, 145972, 37.6, 44.8, 1.00
A, 788303, 403019, 983445, 1071100, 365857, 165878, 544198, 145973, 37.6, 44.8, 1.01
A, 788361, 403050, 983310, 1071133, 365958, 165942, 544273, 145942, 37.6, 44.8, 1.00
A, 788376, 403076, 983889, 1071393, 365848, 165976, 544343, 145924, 37.6, 44.8, 1.00
A, 788477, 403190, 984085, 1071519, 365996, 166082, 544426, 145995, 37.6, 44.8, 1.01
A, 788447, 403166, 984098, 1071227, 366026, 166083, 544424, 145910, 37.6, 44.8, 1.00
A, 788120, 403166, 983795, 1070750, 366024, 166017, 544405, 145740, 37.5, 44.8, 0.99
A, 789283, 403254, 985590, 1072504, 366124, 166245, 544663, 146062, 37.5, 44.8, 1.00
A, 789100, 403409, 985510, 1072037, 366260, 166263, 544781, 145926, 37.6, 44.8, 1.01
A, 788388, 403306, 984962, 1071586, 366187, 166290, 544609, 145885, 37.6, 44.8, 0.99
A, 788306, 403242, 985004, 1071454, 366150, 166285, 544651, 145936, 37.5, 44.9, 1.00
A, 788332, 403227, 985203, 1071225, 366161, 166221, 544648, 145832, 37.5, 44.9, 1.00
A, 788285, 403191, 985009, 1071336, 366200, 166333, 544693, 145814, 37.5, 44.9, 0.99
A, 788452, 403250, 985656, 1071667, 366241, 166399, 544782, 145881, 37.5, 44.9, 1.00
A, 788284, 403234, 985314, 1071163, 366302, 166355, 544785, 145831, 37.5, 44.9, 0.99
A, 788086, 403255, 985596, 1071274, 366202, 166399, 544746, 145830, 37.5, 44.9, 1.01
A, 787973, 403276, 985505, 1071150, 366339, 166493, 544826, 145795, 37.5, 44.9, 1.02
A, 788153, 403094, 985708, 1071201, 366260, 166466, 544846, 145750, 37.5, 44.9, 0.99
A, 788430, 403246, 986165, 1071863, 366361, 166587, 544919, 145837, 37.5, 44.9, 1.00
A, 788445, 403242, 986438, 1071852, 366386, 166486, 544985, 145870, 37.5, 44.9, 1.00
A, 788577, 403272, 986864, 1071965, 366434, 166699, 545091, 145898, 37.5, 44.9, 1.00
A, 788829, 403339, 987606, 1072442, 366584, 166809, 545256, 145925, 37.5, 44.9, 1.00
A, 789114, 403474, 988053, 1072553, 366606, 166853, 545271, 145912, 37.5, 44.9, 1.00
A, 788926, 403443, 987956, 1072411, 366640, 166795, 545269, 145856, 37.5, 44.9, 1.00
A, 789185, 403478, 988355, 1072676, 366689, 166909, 545397, 145936, 37.5, 44.9, 1.01
A, 789120, 403491, 988399, 1072671, 366688, 166888, 545388, 145929, 37.5, 44.9, 1.00
A, 788926, 403455, 988558, 1072630, 366699, 166914, 545458, 145903, 37.5, 44.9, 1.00
A, 790234, 403730, 990373, 1074020, 367017, 167181, 545672, 146149, 37.5, 44.9, 1.00
A, 789779, 403778, 990000, 1073529, 366961, 167120, 545679, 145975, 37.5, 44.9, 1.00
A, 789704, 403713, 989933, 1073663, 366971, 167116, 545724, 145975, 37.5, 45.0, 1.00
A, 789046, 403770, 989650, 1073004, 366880, 167189, 545584, 145923, 37.5, 45.0, 1.01
A, 789369, 403732, 990097, 1073314, 366868, 167149, 545655, 145937, 37.5, 45.0, 1.00
A, 789418, 403742, 990215, 1073057, 366946, 167203, 545711, 145880, 37.5, 45.0, 1.00
A, 789236, 403691, 990193, 1072954, 366909, 167262, 545696, 145846, 37.5, 45.0, 1.00
A, 789042, 403601, 990240, 1073141, 366894, 167307, 545711, 145786, 37.5, 45.0, 1.00
A, 789078, 403607, 990068, 1072833, 366995, 167241, 545746, 145766, 37.5, 45.0, 1.00
A, 788910, 403611, 990437, 1072883, 366922, 167265, 545674, 145804, 37.5, 45.0, 0.99
A, 788616, 403676, 990207, 1072485, 367033, 167307, 545778, 145794, 37.5, 45.0, 1.01
A, 788777, 403609, 990564, 1072492, 366943, 167259, 545726, 145727, 37.5, 45.0, 1.00
A, 788991, 403683, 990963, 1073033, 367048, 167425, 545789, 145832, 37.5, 45.0, 1.00
A, 789019, 403703, 991258, 1073116, 367038, 167459, 545904, 145823, 37.5, 45.0, 1.00
A, 789216, 403609, 991386, 1073065, 367066, 167464, 545943, 145879, 37.5, 45.0, 0.99
A, 789581, 403817, 992252, 1073478, 367178, 167548, 546014, 145872, 37.5, 45.0, 1.00
A, 789594, 403723, 992396, 1073534, 367251, 167548, 546109, 145888, 37.5, 45.0, 1.01
A, 789383, 403682, 992356, 1073447, 367224, 167573, 546121, 145851, 37.5, 45.1, 0.99
A, 789662, 403754, 992957, 1074001, 367325, 167668, 546179, 145862, 37.5, 45.1, 1.00
A, 789760, 403782, 993093, 1073937, 367313, 167683, 546192, 145824, 37.5, 45.1, 0.99
A, 790816, 403964, 995035, 1075601, 367557, 167998, 546488, 146191, 37.5, 45.1, 1.00
A, 790657, 404084, 994899, 1075234, 367624, 167960, 546591, 146114, 37.5, 45.1, 1.00
A, 790181, 404083, 994386, 1074452, 367521, 167914, 546421, 145895, 37.5, 45.1, 0.99
A, 789610, 403886, 993794, 1073692, 367381, 167853, 546250, 145770, 37.5, 45.1, 1.00
A, 789030, 403778, 993149, 1073248, 367281, 167817, 546177, 145724, 37.5, 45.1, 0.99
A, 789000, 403663, 993397, 1073182, 367295, 167780, 546199, 145691, 37.5, 45.1, 0.99
A, 789040, 403611, 993607, 1073366, 367305, 167864, 546293, 145694, 37.5, 45.1, 1.00
A, 789598, 403825, 994294, 1073746, 367486, 167985, 546414, 145814, 37.5, 45.1, 0.99
A, 789526, 403733, 994584, 1073934, 367496, 167929, 546449, 145770, 37.5, 45.1, 0.99
A, 789345, 403856, 994595, 1073726, 367511, 167981, 546503, 145712, 37.5, 45.1, 1.00
A, 789296, 403872, 994752, 1073880, 367466, 168053, 546459, 145796, 37.5, 45.1, 0.99
A, 789274, 403834, 994426, 1073745, 367559, 167989, 546572, 145708, 37.5, 45.1, 1.01
A, 789296, 403709, 994828, 1073484, 367458, 167969, 546511, 145738, 37.5, 45.1, 0.99
A, 789378, 403697, 995182, 1073838, 367515, 168059, 546552, 145724, 37.5, 45.1, 0.99
A, 789532, 403742, 995566, 1074038, 367565, 168080, 546595, 145763, 37.5, 45.1, 0.99
A, 789607, 403807, 995524, 1074131, 367572, 168184, 546668, 145759, 37.5, 45.1, 1.00
A, 789990, 403927, 996559, 1074597, 367665, 168279, 546799, 145802, 37.5, 45.1, 1.00
A, 789957, 403884, 996490, 1074351, 367697, 168197, 546778, 145780, 37.5, 45.1, 1.00
A, 789891, 403879, 996596, 1074176, 367650, 168240, 546815, 145752, 37.5, 45.1, 0.99
A, 790028, 403914, 997095, 1074832, 367812, 168326, 546866, 145771, 37.5, 45.1, 1.01
A, 790645, 404021, 998240, 1075694, 367842, 168579, 546998, 145981, 37.5, 45.2, 0.99
A, 790524, 404044, 997970, 1075230, 367908, 168481, 547014, 145856, 37.5, 45.2, 0.99
A, 789849, 403906, 997376, 1074490, 367798, 168389, 546800, 145764, 37.5, 45.2, 0.99
A, 789487, 403809, 997044, 1074023, 367766, 168359, 546814, 145670, 37.5, 45.2, 0.99
A, 789570, 403757, 997168, 1074107, 367733, 168353, 546889, 145688, 37.5, 45.2, 1.01
A, 789737, 403898, 997434, 1074494, 367804, 168468, 546983, 145751, 37.5, 45.2, 0.99
A, 789908, 403856, 998121, 1074682, 367875, 168575, 547081, 145763, 37.5, 45.2, 1.00
A, 789891, 403916, 998339, 1074801, 367885, 168618, 547111, 145794, 37.5, 45.2, 1.01
A, 790241, 403938, 998884, 1074845, 367976, 168626, 547207, 145747, 37.5, 45.2, 1.01
A, 790120, 403996, 998888, 1074819, 367985, 168580, 547164, 145717, 37.5, 45.2, 0.99
A, 789930, 403988, 998844, 1074727, 368055, 168734, 547190, 145725, 37.5, 45.2, 1.00
A, 789984, 403965, 998915, 1074769, 367960, 168704, 547193, 145713, 37.5, 45.2, 1.01
A, 790261, 404024, 999690, 1075299, 368025, 168853, 547281, 145840, 37.5, 45.2, 1.00
A, 790360, 404042, 999996, 1075468, 368069, 168818, 547373, 145788, 37.5, 45.2, 1.00
A, 790596, 404087, 1000425, 1075411, 368179, 168856, 547372, 145827, 37.5, 45.2, 0.99
A, 790450, 404059, 1000555, 1075232, 368167, 168849, 547441, 145784, 37.5, 45.2, 0.99
A, 790329, 404042, 1000481, 1075417, 368170, 168956, 547430, 145846, 37.5, 45.2, 1.00
A, 790486, 404048, 1001014, 1075757, 368170, 168994, 547420, 145841, 37.5, 45.2, 1.00
A, 790546, 404084, 1001024, 1075626, 368232, 168999, 547516, 145863, 37.5, 45.2, 1.01
A, 790897, 404196, 1001850, 1075985, 368348, 169089, 547630, 145935, 37.5, 45.2, 1.01
M, 786295, 403745, 995355, 1069996, 367609, 168134, 546584, 144607, 37.5, 45.2, 0.44
M, 777620, 401464, 982568, 1058652, 365195, 166488, 543634, 142696, 37.5, 45.2, 0.52
M, 770435, 399216, 971937, 1049678, 363138, 165029, 541144, 141362, 37.5, 45.2, 0.72
M, 764421, 397039, 962909, 1041914, 361107, 163799, 538713, 140294, 37.5, 45.2, 0.81
M, 758737, 394863, 953432, 1034079, 358815, 162470, 536038, 139192, 37.5, 45.2, 0.88
M, 754404, 393192, 946211, 1028289, 356962, 161449, 533973, 138416, 37.5, 44.8, 0.93
M, 751185, 391789, 940486, 1024278, 355693, 160660, 532577, 137838, 37.5, 44.8, 0.95
M, 748891, 390596, 935658, 1021109, 354633, 159900, 531609, 137472, 37.5, 44.6, 0.97
M, 747335, 389724, 931692, 1018612, 353897, 159318, 531027, 137242, 37.5, 44.6, 0.97
M, 746257, 388838, 928153, 1016569, 353499, 158686, 530719, 136860, 37.5, 44.4, 0.97
M, 745434, 388013, 925489, 1015369, 353136, 158311, 530643, 136740, 37.5, 44.4, 0.99
M, 745092, 387467, 922764, 1014355, 353030, 157882, 530672, 136580, 37.5, 44.3, 0.99
M, 745192, 387011, 921428, 1014518, 353011, 157608, 530846, 136549, 37.5, 44.3, 0.99
M, 745611, 386615, 920394, 1014829, 353126, 157432, 531257, 136587, 37.5, 44.3, 0.99
M, 746297, 386177, 919573, 1015412, 353294, 157193, 531669, 136649, 37.5, 44.2, 1.00
M, 747120, 385864, 918112, 1015922, 353539, 157001, 532228, 136593, 37.5, 44.2, 1.00
M, 747931, 385691, 917683, 1016719, 353824, 156900, 532731, 136697, 37.5, 44.2, 1.00
M, 748733, 385503, 917351, 1017860, 354088, 156836, 533208, 136832, 37.5, 44.2, 0.99
M, 750070, 385378, 917505, 1019398, 354452, 156775, 533829, 136918, 37.5, 44.1, 1.00
M, 751195, 385293, 917451, 1020619, 354892, 156745, 534381, 137130, 37.5, 44.1, 0.99
M, 754143, 385555, 919788, 1024114, 355527, 157061, 535363, 137554, 37.5, 44.1, 1.00
M, 754878, 385619, 918834, 1024581, 355960, 156964, 535967, 137470, 37.5, 44.1, 1.00
M, 754774, 385353, 917468, 1024481, 356020, 156779, 536240, 137410, 37.5, 44.1, 1.00
M, 755384, 385304, 917014, 1025779, 356313, 156690, 536665, 137417, 37.5, 44.1, 1.00
M, 756476, 385346, 917167, 1027063, 356778, 156748, 537275, 137506, 37.5, 44.1, 1.00
M, 757378, 385387, 916868, 1027986, 357055, 156728, 537816, 137652, 37.5, 44.1, 1.01
M, 758708, 385517, 917432, 1029528, 357509, 156820, 538402, 137811, 37.5, 44.1, 0.99
M, 760430, 385778, 918505, 1031746, 358069, 156891, 539239, 137912, 37.5, 44.1, 1.00
M, 761563, 385902, 918834, 1033158, 358456, 157016, 539840, 138018, 37.5, 44.1, 1.00
M, 762557, 386139, 919096, 1034690, 358857, 157008, 540278, 138133, 37.5, 44.1, 1.00
M, 763986, 386532, 919650, 1036301, 359389, 157150, 541016, 138194, 37.5, 44.1, 1.00
M, 764643, 386572, 919822, 1037502, 359642, 157205, 541452, 138400, 37.5, 44.1, 1.00
M, 765977, 386991, 919924, 1038921, 360213, 157283, 542201, 138415, 37.5, 44.1, 1.01
M, 766743, 387062, 920491, 1040067, 360438, 157329, 542551, 138491, 37.5, 44.1, 1.01
M, 767794, 387405, 921073, 1041397, 360927, 157495, 543121, 138647, 37.5, 44.1, 1.00
M, 768942, 387647, 921534, 1042767, 361307, 157508, 543638, 138747, 37.5, 44.1, 1.00
M, 769861, 387918, 921810, 1044040, 361685, 157570, 544171, 138779, 37.5, 44.1, 1.00
M, 771047, 388258, 923043, 1045689, 362174, 157772, 544712, 138970, 37.5, 44.0, 1.00
M, 772144, 388571, 923586, 1046922, 362564, 157787, 545296, 138993, 37.5, 44.0, 1.01
M, 772868, 388910, 923926, 1047972, 362868, 157808, 545728, 139056, 37.5, 44.0, 1.00
M, 774330, 389270, 925281, 1050289, 363327, 158112, 546304, 139291, 37.5, 44.0, 1.00
M, 775036, 389671, 925508, 1051067, 363715, 158135, 546811, 139306, 37.5, 44.1, 1.00
M, 775380, 389903, 924864, 1051448, 363966, 158028, 547120, 139291, 37.5, 44.1, 1.00
M, 775437, 390044, 924703, 1051471, 364164, 158044, 547390, 139191, 37.5, 44.0, 0.99
M, 775870, 390152, 924973, 1052581, 364309, 158101, 547731, 139239, 37.5, 44.0, 1.00
M, 776837, 390559, 925577, 1053819, 364718, 158203, 548192, 139317, 37.5, 44.1, 1.00
M, 777582, 390719, 925840, 1054870, 365010, 158284, 548593, 139439, 37.5, 44.1, 0.99
M, 778561, 391127, 927060, 1056192, 365437, 158454, 549073, 139518, 37.5, 44.1, 0.99
M, 779387, 391450, 927285, 1056934, 365737, 158457, 549459, 139557, 37.5, 44.1, 0.98
M, 779646, 391655, 927499, 1057483, 365966, 158498, 549739, 139572, 37.5, 44.0, 1.01
M, 780062, 391904, 927759, 1058550, 366241, 158629, 550144, 139592, 37.5, 44.0, 1.01
M, 780675, 392301, 928089, 1059431, 366556, 158623, 550584, 139708, 37.5, 44.1, 1.00
M, 781142, 392406, 928319, 1060019, 366744, 158667, 550829, 139735, 37.5, 44.1, 1.00
M, 781783, 392845, 928870, 1061024, 367130, 158778, 551353, 139771, 37.5, 44.1, 1.00
M, 781970, 392897, 928897, 1061462, 367254, 158790, 551464, 139764, 37.5, 44.1, 1.00
M, 782744, 393150, 929697, 1062537, 367492, 158923, 551885, 139864, 37.5, 44.1, 1.01
M, 783390, 393482, 930144, 1063500, 367758, 158971, 552281, 139904, 37.5, 44.1, 1.00
M, 783828, 393679, 930465, 1064210, 368012, 159084, 552594, 140001, 37.5, 44.1, 1.00
M, 784528, 393987, 931208, 1065245, 368358, 159176, 553002, 140112, 37.5, 44.1, 1.00
M, 785153, 394235, 931559, 1065991, 368628, 159230, 553322, 140089, 37.5, 44.1, 1.00
M, 786853, 394660, 933824, 1068239, 369054, 159495, 553849, 140381, 37.5, 44.1, 0.99
M, 786728, 395009, 933519, 1068438, 369216, 159482, 554135, 140335, 37.5, 44.1, 1.01
M, 787133, 395131, 933687, 1068794, 369394, 159573, 554338, 140318, 37.5, 44.1, 1.00
M, 787506, 395354, 934063, 1069670, 369638, 159660, 554597, 140407, 37.5, 44.1, 1.00
M, 787800, 395515, 934525, 1070146, 369817, 159687, 554848, 140401, 37.5, 44.1, 1.01
M, 788176, 395818, 934877, 1070556, 370007, 159715, 555152, 140371, 37.5, 44.1, 1.00
M, 788378, 395976, 935132, 1071108, 370214, 159769, 555392, 140404, 37.5, 44.1, 1.00
M, 788463, 396057, 935237, 1071513, 370365, 159914, 555610, 140474, 37.5, 44.1, 1.00
M, 789006, 396326, 935863, 1072336, 370677, 159976, 555861, 140520, 37.5, 44.1, 1.00
M, 789227, 396513, 936181, 1072596, 370767, 159895, 556078, 140512, 37.5, 44.1, 1.00
M, 789899, 396838, 936668, 1073394, 371065, 160025, 556473, 140608, 37.5, 44.1, 1.01
M, 789890, 396966, 936784, 1073802, 371166, 160044, 556604, 140597, 37.5, 44.1, 1.00
M, 790053, 397086, 936957, 1073968, 371392, 160121, 556855, 140568, 37.5, 44.1, 0.99
M, 790106, 397134, 936859, 1074461, 371370, 160109, 556955, 140589, 37.5, 44.1, 1.00
M, 790184, 397359, 937018, 1074554, 371601, 160192, 557227, 140587, 37.5, 44.1, 1.00
M, 790256, 397396, 936947, 1074476, 371637, 160138, 557309, 140538, 37.5, 44.1, 1.00
M, 790779, 397556, 937813, 1075519, 371801, 160254, 557545, 140573, 37.5, 44.1, 0.99
M, 790859, 397645, 938055, 1075973, 372020, 160273, 557746, 140617, 37.5, 44.1, 1.00
M, 791118, 397848, 938331, 1076418, 372116, 160323, 557945, 140634, 37.5, 44.1, 1.00
M, 791848, 398083, 939171, 1077242, 372400, 160482, 558269, 140750, 37.5, 44.1, 1.00
M, 793739, 398489, 941717, 1079591, 372861, 160747, 558861, 141103, 37.5, 44.1, 1.01
M, 793035, 398571, 940695, 1078800, 372899, 160575, 558853, 140824, 37.5, 44.1, 0.99
M, 792778, 398634, 940744, 1078832, 372967, 160683, 558936, 140907, 37.5, 44.1, 1.00
M, 792585, 398657, 940249, 1078823, 373003, 160614, 559065, 140820, 37.5, 44.1, 1.00
M, 792285, 398655, 940132, 1078725, 373027, 160657, 559182, 140827, 37.5, 44.1, 1.00
M, 792344, 398688, 940300, 1078967, 373166, 160691, 559333, 140820, 37.5, 44.1, 1.00
M, 793005, 398841, 940988, 1079409, 373355, 160694, 559510, 140867, 37.5, 44.1, 1.01
M, 793154, 398976, 941242, 1079753, 373441, 160775, 559754, 140858, 37.5, 44.1, 1.00
M, 793194, 399071, 941476, 1080293, 373585, 160865, 559934, 140940, 37.5, 44.1, 1.00
M, 793896, 399256, 942249, 1080973, 373778, 160915, 560221, 140943, 37.5, 44.1, 1.00
M, 794016, 399347, 942557, 1081345, 373888, 160962, 560367, 141028, 37.5, 44.1, 1.00
M, 794462, 399557, 943161, 1081857, 374116, 161059, 560599, 141032, 37.5, 44.1, 1.02
M, 794561, 399629, 943578, 1082089, 374174, 161107, 560737, 141026, 37.5, 44.1, 1.00
M, 794666, 399839, 943695, 1082427, 374392, 161132, 560997, 141034, 37.5, 44.1, 1.00
M, 794687, 399859, 943857, 1082786, 374343, 161200, 561048, 141096, 37.5, 44.1, 1.00
M, 795314, 399973, 944561, 1083300, 374605, 161269, 561297, 141195, 37.5, 44.1, 1.00
M, 795525, 400066, 945050, 1083760, 374735, 161310, 561472, 141184, 37.5, 44.1, 1.00
M, 795775, 400188, 945623, 1084285, 374865, 161402, 561671, 141172, 37.5, 44.1, 1.00
M, 795703, 400217, 945709, 1084368, 374985, 161363, 561824, 141179, 37.5, 44.2, 1.00
M, 795842, 400305, 945837, 1084480, 375037, 161444, 561942, 141179, 37.5, 44.2, 1.00
M, 797527, 400750, 948374, 1086832, 375448, 161783, 562429, 141449, 37.5, 44.2, 1.00
M, 796938, 400764, 947694, 1086260, 375548, 161758, 562428, 141399, 37.5, 44.2, 1.00
M, 796624, 400804, 947307, 1085938, 375553, 161711, 562502, 141343, 37.5, 44.2, 1.00
M, 796488, 400790, 947290, 1085652, 375570, 161694, 562515, 141172, 37.5, 44.2, 1.00
M, 796505, 400810, 947495, 1085895, 375551, 161662, 562626, 141240, 37.5, 44.2, 1.00
M, 796424, 400868, 947667, 1086170, 375647, 161776, 562767, 141305, 37.5, 44.2, 1.00
M, 796935, 400946, 948323, 1086599, 375841, 161836, 562923, 141310, 37.5, 44.2, 1.00
M, 796953, 401058, 948604, 1086881, 375987, 161804, 563076, 141342, 37.5, 44.2, 1.00
M, 797447, 401170, 949440, 1087543, 376135, 161956, 563372, 141401, 37.5, 44.2, 0.99
M, 797668, 401352, 949908, 1087718, 376269, 161969, 563424, 141399, 37.5, 44.2, 1.00
M, 797593, 401300, 950088, 1088009, 376259, 162005, 563517, 141414, 37.5, 44.2, 1.00
M, 797812, 401415, 950471, 1088349, 376448, 162112, 563684, 141469, 37.5, 44.2, 1.00
M, 797875, 401468, 950421, 1088109, 376500, 162090, 563762, 141443, 37.5, 44.2, 1.00
M, 797826, 401439, 950434, 1088193, 376604, 162080, 563884, 141383, 37.5, 44.2, 1.00
M, 797560, 401579, 950643, 1088112, 376591, 162115, 563988, 141360, 37.5, 44.2, 1.00
M, 797592, 401583, 950752, 1088384, 376599, 162114, 563979, 141376, 37.5, 44.2, 1.00
M, 798081, 401670, 951550, 1089002, 376766, 162201, 564213, 141525, 37.5, 44.2, 1.00
M, 798291, 401756, 951843, 1089400, 376942, 162310, 564371, 141575, 37.5, 44.2, 1.00
M, 798498, 401809, 952303, 1089319, 376964, 162325, 564476, 141462, 37.5, 44.2, 1.00
M, 798309, 401892, 952544, 1089595, 377093, 162388, 564578, 141540, 37.5, 44.2, 1.00
M, 800511, 402228, 955505, 1092276, 377568, 162694, 565200, 141863, 37.5, 44.2, 1.00
M, 799992, 402379, 955090, 1091586, 377545, 162723, 565200, 141721, 37.5, 44.2, 1.00
M, 799801, 402337, 955074, 1091603, 377567, 162716, 565175, 141768, 37.5, 44.2, 1.00
M, 799833, 402417, 955246, 1091538, 377612, 162798, 565232, 141740, 37.5, 44.2, 1.00
M, 799729, 402419, 955408, 1091419, 377692, 162803, 565307, 141625, 37.5, 44.2, 1.00
M, 799488, 402396, 955351, 1091189, 377668, 162793, 565369, 141605, 37.5, 44.2, 1.00
M, 799372, 402397, 955470, 1091223, 377728, 162774, 565401, 141587, 37.5, 44.2, 1.00
M, 799634, 402442, 956045, 1091750, 377866, 162859, 565579, 141631, 37.5, 44.2, 1.00
M, 799485, 402505, 956173, 1091785, 377823, 162899, 565675, 141710, 37.5, 44.2, 1.01
M, 799814, 402532, 956836, 1092196, 378022, 162979, 565790, 141792, 37.5, 44.2, 1.00
M, 799942, 402566, 956855, 1092188, 378080, 162918, 565880, 141738, 37.5, 44.2, 1.00
M, 799796, 402592, 957196, 1092151, 378053, 163038, 565950, 141712, 37.5, 44.2, 1.01
M, 799579, 402648, 957217, 1092131, 378184, 163006, 565995, 141643, 37.5, 44.2, 1.00
M, 799645, 402630, 957408, 1091919, 378177, 163033, 566098, 141680, 37.5, 44.3, 1.00
M, 799586, 402640, 957366, 1092138, 378240, 163086, 566142, 141695, 37.5, 44.3, 1.00
M, 799145, 402625, 957235, 1091592, 378271, 163021, 566218, 141542, 37.5, 44.3, 1.00
M, 798970, 402515, 957160, 1091303, 378170, 163014, 566161, 141542, 37.5, 44.3, 1.00
M, 799333, 402615, 957934, 1092109, 378283, 163119, 566276, 141678, 37.5, 44.3, 1.00
M, 799551, 402578, 958344, 1092353, 378382, 163176, 566418, 141659, 37.5, 44.3, 1.00
M, 799622, 402671, 958602, 1092456, 378474, 163167, 566557, 141768, 37.5, 44.3, 1.00
M, 801546, 403015, 961366, 1094917, 378893, 163571, 567060, 142098, 37.5, 44.3, 1.01
M, 801044, 403086, 961125, 1094207, 378944, 163484, 567085, 141957, 37.5, 44.3, 0.99
M, 800329, 402960, 960388, 1093404, 378848, 163348, 566934, 141785, 37.5, 44.3, 1.00
M, 800156, 402909, 960321, 1093174, 378819, 163335, 566969, 141762, 37.5, 44.3, 1.00
M, 799684, 402829, 959627, 1092897, 378781, 163308, 566893, 141682, 37.5, 44.3, 1.00
M, 799371, 402728, 959742, 1092563, 378737, 163353, 566863, 141643, 37.5, 44.3, 1.00
M, 799907, 402798, 960696, 1093165, 378895, 163445, 567109, 141835, 37.5, 44.3, 1.01
M, 800287, 402868, 961297, 1093671, 379067, 163487, 567270, 141835, 37.5, 44.3, 1.00
M, 800304, 402927, 961615, 1093841, 379122, 163500, 567420, 141741, 37.5, 44.3, 1.00
M, 800258, 402923, 961785, 1093796, 379157, 163541, 567402, 141817, 37.5, 44.3, 0.99
M, 800700, 403058, 962500, 1094258, 379263, 163667, 567590, 141915, 37.5, 44.3, 1.00
M, 800830, 403095, 962941, 1094449, 379358, 163764, 567730, 141909, 37.5, 44.3, 1.01
M, 800734, 403120, 962999, 1094361, 379446, 163710, 567770, 141855, 37.5, 44.3, 1.00
M, 800949, 403093, 963657, 1094759, 379438, 163747, 567822, 141933, 37.5, 44.3, 0.99
M, 800758, 403199, 963454, 1094395, 379456, 163791, 567939, 141844, 37.5, 44.3, 1.00
M, 800668, 403152, 963578, 1094611, 379525, 163901, 567938, 141841, 37.5, 44.3, 1.00
M, 800653, 403299, 963872, 1094411, 379632, 163761, 568067, 141869, 37.5, 44.3, 1.00
M, 800649, 403110, 964050, 1094338, 379593, 163829, 568007, 141807, 37.5, 44.3, 1.00
M, 800744, 403171, 964570, 1094973, 379643, 163900, 568189, 141942, 37.5, 44.3, 1.01
M, 800853, 403242, 964857, 1095039, 379723, 163950, 568266, 141928, 37.5, 44.3, 1.00
M, 802394, 403419, 967036, 1096919, 380047, 164178, 568619, 142214, 37.5, 44.3, 1.00
M, 801947, 403608, 966400, 1096315, 380072, 164137, 568635, 142132, 37.5, 44.3, 1.00
M, 801446, 403429, 966049, 1095506, 379982, 164073, 568535, 141939, 37.5, 44.3, 1.01
M, 800933, 403347, 965618, 1094951, 379878, 163951, 568525, 141849, 37.5, 44.3, 1.00
M, 800902, 403302, 965932, 1095237, 379932, 164118, 568564, 141882, 37.5, 44.3, 1.00
M, 801184, 403357, 966506, 1095535, 380029, 164128, 568740, 141946, 37.5, 44.3, 1.00
M, 801167, 403384, 966696, 1095515, 380010, 164168, 568740, 142031, 37.5, 44.3, 1.00
M, 801617, 403465, 967498, 1096067, 380206, 164256, 568860, 142040, 37.5, 44.4, 0.99
M, 801659, 403507, 967943, 1096139, 380296, 164272, 568976, 142030, 37.5, 44.4, 1.00
M, 801516, 403467, 967986, 1096053, 380298, 164251, 569004, 142001, 37.5, 44.4, 1.00
M, 801438, 403350, 968035, 1096031, 380260, 164251, 569022, 142014, 37.5, 44.4, 1.00
M, 801779, 403502, 968361, 1096624, 380404, 164358, 569168, 142115, 37.5, 44.4, 1.00
M, 801810, 403507, 968988, 1096591, 380458, 164375, 569223, 142125, 37.5, 44.4, 1.01
M, 802230, 403694, 969545, 1096705, 380596, 164475, 569455, 142130, 37.5, 44.4, 1.00
M, 802030, 403640, 969788, 1096905, 380578, 164500, 569381, 142084, 37.5, 44.4, 0.99
M, 801939, 403648, 969866, 1096732, 380630, 164447, 569505, 142038, 37.5, 44.4, 0.99
M, 801829, 403679, 969876, 1096808, 380613, 164527, 569430, 142076, 37.5, 44.4, 1.00
M, 801640, 403703, 969933, 1096423, 380634, 164487, 569533, 142030, 37.5, 44.4, 1.00
M, 801665, 403546, 969967, 1096285, 380542, 164385, 569471, 141982, 37.5, 44.4, 1.00
M, 801891, 403567, 970627, 1096740, 380729, 164543, 569587, 142036, 37.5, 44.4, 0.99
M, 802889, 403790, 972434, 1098038, 380933, 164808, 569894, 142294, 37.5, 44.4, 0.99
M, 802396, 403791, 970649, 1096296, 380923, 164672, 569810, 142016, 37.5, 44.4, 1.00
M, 801859, 403746, 971357, 1097034, 380886, 164689, 569805, 142100, 37.5, 44.4, 1.00
M, 802087, 403753, 971557, 1096912, 380859, 164695, 569916, 142063, 37.5, 44.4, 1.00
M, 802093, 403712, 971702, 1096938, 380909, 164695, 569943, 142080, 37.5, 44.4, 0.99
M, 802199, 403788, 972452, 1097473, 381039, 164814, 570051, 142140, 37.5, 44.4, 1.00
M, 802159, 403778, 972690, 1097519, 381013, 164791, 570117, 142144, 37.5, 44.4, 0.99
M, 802252, 403787, 972976, 1097627, 381060, 164803, 570124, 142186, 37.5, 44.4, 1.00
M, 802675, 403858, 973689, 1098060, 381219, 164916, 570359, 142228, 37.5, 44.4, 1.00
M, 802753, 403858, 973776, 1097775, 381290, 164945, 570367, 142232, 37.5, 44.4, 1.00
M, 802603, 403923, 974103, 1097741, 381273, 164947, 570373, 142219, 37.5, 44.4, 0.99
M, 802547, 403912, 974285, 1097973, 381284, 164974, 570413, 142171, 37.5, 44.4, 0.99
M, 802666, 403975, 974796, 1098342, 381385, 165088, 570530, 142250, 37.5, 44.4, 1.00
M, 802712, 403906, 974896, 1098276, 381380, 165058, 570535, 142317, 37.5, 44.4, 1.01
M, 803158, 404079, 975415, 1098571, 381477, 165095, 570672, 142279, 37.5, 44.4, 0.99
M, 802856, 403973, 975710, 1098396, 381470, 165107, 570654, 142284, 37.5, 44.4, 1.00
M, 802762, 404098, 975795, 1098141, 381521, 165203, 570751, 142241, 37.5, 44.4, 1.01
M, 802776, 403966, 975925, 1098498, 381467, 165182, 570784, 142258, 37.5, 44.4, 1.01
M, 803031, 404127, 976518, 1098859, 381633, 165279, 570819, 142353, 37.5, 44.4, 0.99
M, 803140, 404135, 976971, 1098972, 381670, 165289, 570936, 142376, 37.5, 44.4, 0.99
M, 804935, 404433, 979388, 1101067, 382025, 165640, 571389, 142636, 37.5, 44.4, 1.00
M, 804689, 404537, 979191, 1100525, 382070, 165511, 571380, 142528, 37.5, 44.4, 0.99
M, 804131, 404449, 979097, 1100253, 382015, 165538, 571293, 142498, 37.5, 44.4, 1.00
M, 804100, 404565, 979410, 1100334, 382048, 165603, 571299, 142438, 37.5, 44.4, 0.99
M, 803996, 404479, 979490, 1099989, 381993, 165606, 571341, 142482, 37.5, 44.4, 1.00
M, 804070, 404569, 979734, 1100207, 382059, 165642, 571399, 142492, 37.5, 44.4, 1.00
M, 804099, 404526, 980064, 1100016, 382069, 165657, 571379, 142444, 37.5, 44.4, 1.01
M, 803889, 404419, 980060, 1099666, 382087, 165635, 571428, 142425, 37.5, 44.4, 0.99
M, 803644, 404466, 980025, 1099702, 382002, 165705, 571446, 142401, 37.5, 44.4, 1.00
M, 803761, 404427, 980466, 1099928, 382151, 165740, 571444, 142401, 37.5, 44.4, 1.00
M, 803678, 404453, 980491, 1099813, 382072, 165698, 571460, 142416, 37.5, 44.4, 1.00
M, 803984, 404525, 981268, 1100059, 382138, 165774, 571535, 142483, 37.5, 44.4, 0.99
M, 804008, 404560, 981590, 1100310, 382277, 165806, 571701, 142443, 37.5, 44.4, 1.00
M, 803745, 404548, 981538, 1100072, 382184, 165848, 571637, 142421, 37.5, 44.5, 0.99
M, 803857, 404602, 981952, 1100178, 382212, 165900, 571689, 142505, 37.5, 44.5, 1.00
M, 803641, 404515, 981775, 1099754, 382297, 165827, 571718, 142422, 37.5, 44.5, 1.00
M, 803518, 404516, 981704, 1099409, 382240, 165848, 571650, 142427, 37.5, 44.5, 1.00
M, 803136, 404533, 981449, 1099319, 382257, 165847, 571712, 142336, 37.5, 44.5, 1.00
M, 803121, 404401, 981899, 1099324, 382172, 165820, 571701, 142330, 37.5, 44.5, 1.00
M, 803243, 404400, 982298, 1099537, 382223, 165892, 571748, 142422, 37.5, 44.5, 0.99
M, 804959, 404655, 984704, 1101585, 382619, 166158, 572138, 142727, 37.5, 44.5, 1.00
M, 804051, 404653, 983686, 1100166, 382487, 166061, 572076, 142502, 37.5, 44.5, 1.00
M, 803451, 404521, 983080, 1099417, 382386, 165928, 571896, 142404, 37.5, 44.5, 1.00
M, 802727, 404328, 982295, 1098730, 382195, 165814, 571759, 142273, 37.5, 44.5, 0.99
M, 802649, 404291, 982571, 1098698, 382224, 165850, 571842, 142257, 37.5, 44.5, 1.00
M, 802658, 404224, 982881, 1098864, 382279, 165911, 571816, 142303, 37.5, 44.5, 1.00
M, 803194, 404385, 983809, 1099580, 382331, 165992, 571973, 142464, 37.5, 44.5, 1.00
M, 803463, 404298, 984195, 1099568, 382451, 166029, 572075, 142425, 37.5, 44.5, 1.00
M, 803184, 404228, 983727, 1099337, 382443, 165978, 572081, 142385, 37.5, 44.5, 0.99
M, 803129, 404279, 984180, 1099579, 382475, 166000, 572094, 142451, 37.5, 44.5, 0.99
M, 803419, 404332, 984898, 1099987, 382525, 166080, 572252, 142491, 37.5, 44.5, 0.99
M, 803582, 404310, 985152, 1099956, 382583, 166076, 572281, 142461, 37.5, 44.5, 1.00
M, 804034, 404490, 985769, 1100581, 382672, 166172, 572398, 142567, 37.5, 44.5, 1.00
M, 804138, 404480, 986215, 1100506, 382755, 166215, 572477, 142563, 37.5, 44.5, 1.00
M, 804001, 404476, 986266, 1100295, 382731, 166213, 572494, 142513, 37.5, 44.5, 1.00
M, 803892, 404458, 986377, 1100347, 382751, 166277, 572435, 142533, 37.5, 44.5, 1.00
M, 804035, 404604, 986760, 1100510, 382880, 166279, 572603, 142510, 37.5, 44.5, 1.01
M, 803998, 404527, 986809, 1100461, 382834, 166306, 572577, 142507, 37.5, 44.5, 1.00
M, 804071, 404599, 987280, 1100499, 382954, 166337, 572696, 142581, 37.5, 44.5, 1.00
M, 803866, 404493, 987256, 1100370, 382820, 166305, 572674, 142509, 37.5, 44.5, 1.00
A, 810551, 405363, 996153, 1108211, 383954, 167491, 574027, 144030, 37.5, 44.5, 0.00
A, 820377, 407671, 1011647, 1122023, 386178, 169531, 576363, 146187, 37.5, 44.5, 0.58
A, 828664, 410034, 1024086, 1132551, 388023, 171298, 578207, 147608, 37.5, 44.5, 0.73
A, 833453, 411564, 1032093, 1139095, 389108, 172475, 579277, 148569, 37.5, 44.5, 0.80
A, 838518, 413583, 1041001, 1145627, 390494, 173751, 580687, 149371, 37.5, 44.5, 0.88
A, 841200, 414965, 1046528, 1149529, 391355, 174671, 581639, 149935, 37.5, 44.6, 0.93
A, 843083, 416281, 1051425, 1152185, 392059, 175559, 582289, 150212, 37.5, 44.6, 0.96
A, 844193, 417397, 1055208, 1153933, 392554, 176200, 582726, 150412, 37.5, 44.6, 0.97
A, 844879, 418480, 1058476, 1154818, 392981, 176752, 583055, 150493, 37.5, 44.6, 0.98
A, 844767, 419228, 1060633, 1154906, 393145, 177154, 583089, 150499, 37.5, 44.6, 0.98
A, 844281, 419817, 1062414, 1154859, 393173, 177555, 583030, 150573, 37.5, 44.6, 1.00
A, 844045, 420472, 1064394, 1154697, 393284, 178027, 582918, 150529, 37.5, 44.7, 0.99
A, 843299, 420862, 1065681, 1154099, 393147, 178230, 582745, 150536, 37.5, 44.7, 1.00
A, 842557, 421343, 1067119, 1153362, 393141, 178592, 582556, 150502, 37.5, 44.7, 1.00
A, 841656, 421649, 1068263, 1152023, 392927, 178704, 582165, 150368, 37.5, 44.7, 1.00
A, 839964, 421723, 1067792, 1150172, 392604, 178754, 581652, 150168, 37.5, 44.7, 1.00
A, 839068, 421927, 1069105, 1149399, 392426, 178975, 581381, 150202, 37.5, 44.7, 1.00
A, 837479, 422126, 1069104, 1147229, 392139, 179086, 580868, 150002, 37.5, 44.7, 1.00
A, 836249, 421930, 1069323, 1145977, 391741, 179117, 580427, 149926, 37.5, 44.7, 1.00
A, 834656, 422010, 1069668, 1144147, 391459, 179192, 579930, 149815, 37.5, 44.7, 1.01
A, 834909, 422056, 1071676, 1144444, 391322, 179470, 579709, 149935, 37.5, 44.7, 1.00
A, 834121, 422193, 1072040, 1143419, 391157, 179565, 579451, 149866, 37.5, 44.7, 1.00
A, 832866, 422115, 1072238, 1141863, 390787, 179579, 578885, 149787, 37.5, 44.8, 1.00
A, 831460, 421959, 1072269, 1140217, 390504, 179667, 578461, 149681, 37.5, 44.8, 1.00
A, 830453, 421796, 1072748, 1139048, 390186, 179674, 578024, 149619, 37.5, 44.8, 1.00
A, 829482, 421632, 1073066, 1137424, 389760, 179662, 577558, 149505, 37.5, 44.8, 1.00
A, 828235, 421429, 1073028, 1135911, 389440, 179693, 577092, 149333, 37.5, 44.8, 1.01
A, 827070, 421183, 1072804, 1134515, 389156, 179720, 576691, 149271, 37.5, 44.8, 1.00
A, 826366, 421074, 1073408, 1133492, 388837, 179743, 576267, 149286, 37.5, 44.8, 1.00
A, 825288, 420796, 1073403, 1132275, 388567, 179724, 575870, 149193, 37.5, 44.8, 1.00
A, 824499, 420578, 1073843, 1130996, 388238, 179697, 575437, 149154, 37.5, 44.9, 1.00
A, 823575, 420335, 1073836, 1129859, 387923, 179664, 575072, 149021, 37.5, 44.9, 1.00
A, 822931, 420104, 1073854, 1128970, 387653, 179723, 574700, 149000, 37.5, 44.9, 1.00
A, 821757, 419744, 1073981, 1127553, 387292, 179728, 574312, 148974, 37.5, 44.9, 0.99
A, 821182, 419579, 1074502, 1126884, 387064, 179741, 573989, 148930, 37.5, 44.9, 1.00
A, 820525, 419305, 1074542, 1125440, 386779, 179682, 573587, 148831, 37.5, 44.9, 0.99
A, 819534, 419019, 1074275, 1124207, 386495, 179684, 573175, 148766, 37.5, 45.0, 1.00
A, 818954, 418791, 1074522, 1123472, 386208, 179610, 572867, 148729, 37.5, 45.0, 1.00
A, 817744, 418413, 1073887, 1121845, 385912, 179538, 572396, 148580, 37.5, 45.0, 1.00
A, 817165, 418072, 1074041, 1121081, 385605, 179588, 572075, 148539, 37.5, 45.0, 1.00
A, 817324, 417956, 1075727, 1121021, 385556, 179761, 571955, 148742, 37.5, 45.0, 1.01
A, 816080, 417679, 1074555, 1119128, 385226, 179535, 571510, 148434, 37.5, 45.0, 1.00
A, 815181, 417300, 1074272, 1118263, 384961, 179494, 571141, 148336, 37.5, 45.0, 0.99
A, 814148, 416926, 1073747, 1116926, 384537, 179430, 570746, 148233, 37.5, 45.0, 0.99
A, 813741, 416610, 1073815, 1116227, 384388, 179397, 570435, 148282, 37.5, 45.0, 0.99
A, 813526, 416344, 1074649, 1115845, 384221, 179425, 570250, 148271, 37.5, 45.1, 1.00
A, 813063, 416158, 1074714, 1115039, 384044, 179444, 570000, 148177, 37.5, 45.1, 1.00
A, 812441, 415899, 1074662, 1114139, 383847, 179343, 569696, 148126, 37.5, 45.1, 1.00
A, 812312, 415666, 1074916, 1113915, 383635, 179354, 569499, 148165, 37.5, 45.1, 1.00
A, 811757, 415371, 1075129, 1113194, 383436, 179333, 569168, 148071, 37.5, 45.1, 1.01
A, 811233, 415135, 1075195, 1112507, 383238, 179349, 568962, 148131, 37.5, 45.1, 1.00
A, 811307, 415084, 1075766, 1112196, 383160, 179388, 568860, 148166, 37.5, 45.1, 1.00
A, 810903, 414886, 1075999, 1111641, 382968, 179372, 568595, 148068, 37.5, 45.1, 0.99
A, 810270, 414513, 1075852, 1110773, 382733, 179267, 568204, 147994, 37.5, 45.1, 1.01
A, 809959, 414334, 1075723, 1110094, 382604, 179311, 568108, 148027, 37.5, 45.1, 1.00
A, 809636, 414144, 1076254, 1109684, 382415, 179279, 567938, 148005, 37.5, 45.2, 1.00
A, 809158, 413863, 1076076, 1108849, 382286, 179271, 567671, 147896, 37.5, 45.2, 1.00
A, 808652, 413665, 1075851, 1108030, 382122, 179178, 567389, 147865, 37.5, 45.2, 1.00
A, 808516, 413449, 1076195, 1107933, 381946, 179216, 567222, 147851, 37.5, 45.2, 1.01
A, 807647, 413181, 1075687, 1106590, 381742, 179126, 566992, 147771, 37.5, 45.2, 1.00
A, 808346, 413129, 1077288, 1107813, 381749, 179390, 566983, 147980, 37.5, 45.2, 1.00
A, 807263, 412941, 1075979, 1105900, 381486, 179126, 566599, 147694, 37.5, 45.2, 1.00
A, 806844, 412693, 1076031, 1105328, 381251, 179086, 566349, 147651, 37.5, 45.2, 1.00
A, 806639, 412484, 1076364, 1105155, 381189, 179091, 566224, 147737, 37.5, 45.2, 1.00
A, 806477, 412337, 1076492, 1104684, 381015, 179040, 566011, 147650, 37.5, 45.2, 0.99
A, 805963, 412082, 1076018, 1104152, 380799, 179047, 565878, 147607, 37.5, 45.2, 1.00
A, 806136, 411981, 1077061, 1104208, 380823, 179136, 565804, 147685, 37.5, 45.2, 1.00
A, 805813, 411857, 1076842, 1103236, 380707, 179056, 565597, 147555, 37.5, 45.2, 0.99
A, 805454, 411645, 1076890, 1102794, 380444, 179007, 565366, 147559, 37.5, 45.2, 1.00
A, 805239, 411562, 1077033, 1102714, 380381, 179037, 565250, 147598, 37.5, 45.2, 1.01
A, 804992, 411329, 1077037, 1102411, 380323, 179007, 565087, 147571, 37.5, 45.2, 1.00
A, 804862, 411238, 1077153, 1101826, 380151, 178964, 564919, 147562, 37.5, 45.2, 1.00
A, 804988, 411198, 1077822, 1101862, 380204, 179046, 564887, 147611, 37.5, 45.3, 1.00
A, 804684, 411074, 1077890, 1101466, 380017, 178983, 564701, 147507, 37.5, 45.3, 1.00
A, 804476, 410880, 1077814, 1101018, 379910, 178923, 564558, 147519, 37.5, 45.3, 1.00
A, 804348, 410803, 1077938, 1101009, 379850, 178971, 564433, 147542, 37.5, 45.3, 0.99
A, 804021, 410617, 1078037, 1100392, 379696, 178967, 564332, 147482, 37.5, 45.3, 1.00
A, 803963, 410585, 1078377, 1100395, 379630, 178999, 564232, 147504, 37.5, 45.3, 0.99
A, 803915, 410472, 1078440, 1099665, 379524, 178877, 564034, 147462, 37.5, 45.3, 0.99
A, 803473, 410317, 1078368, 1099481, 379381, 178875, 563805, 147348, 37.5, 45.3, 1.00
A, 804614, 410453, 1080464, 1100738, 379550, 179089, 564053, 147672, 37.5, 45.3, 1.00
A, 803899, 410321, 1079674, 1099719, 379396, 179039, 563841, 147464, 37.5, 45.3, 1.00
A, 802571, 410038, 1078187, 1097954, 379056, 178807, 563445, 147253, 37.5, 45.3, 1.00
A, 801933, 409663, 1077442, 1097057, 378873, 178690, 563172, 147145, 37.5, 45.3, 1.00
A, 801617, 409548, 1077472, 1096691, 378706, 178646, 562991, 147146, 37.5, 45.3, 1.00
A, 801191, 409287, 1077078, 1096036, 378545, 178572, 562819, 147077, 37.5, 45.3, 1.00
A, 801035, 409180, 1077149, 1095966, 378464, 178566, 562703, 147161, 37.5, 45.3, 1.00
A, 801370, 409118, 1077825, 1096274, 378501, 178609, 562687, 147219, 37.5, 45.3, 1.00
A, 801457, 409020, 1077946, 1095916, 378461, 178531, 562608, 147090, 37.5, 45.3, 1.00
A, 801164, 408961, 1077953, 1095517, 378360, 178617, 562463, 147081, 37.5, 45.4, 1.00
A, 801143, 408896, 1078434, 1095796, 378309, 178584, 562458, 147159, 37.5, 45.4, 1.00
A, 801153, 408809, 1078299, 1095521, 378170, 178537, 562322, 147144, 37.5, 45.4, 1.01
A, 801015, 408628, 1078589, 1095417, 378151, 178519, 562255, 147222, 37.5, 45.4, 1.00
A, 801214, 408715, 1079162, 1095555, 378156, 178612, 562192, 147213, 37.5, 45.4, 1.01
A, 801154, 408590, 1079181, 1094950, 378081, 178540, 562120, 147196, 37.5, 45.4, 1.00
A, 800745, 408449, 1078955, 1094579, 377910, 178507, 561983, 147054, 37.5, 45.4, 1.00
A, 800491, 408299, 1078908, 1094528, 377823, 178465, 561799, 147071, 37.5, 45.4, 1.00
A, 800616, 408283, 1079317, 1094574, 377802, 178540, 561814, 147140, 37.5, 45.4, 1.00
A, 800411, 408264, 1079174, 1094066, 377772, 178525, 561702, 147130, 37.5, 45.4, 1.00
A, 800598, 408278, 1079584, 1094061, 377785, 178497, 561626, 147061, 37.5, 45.4, 0.99
A, 801607, 408302, 1081419, 1095375, 377868, 178712, 561766, 147302, 37.5, 45.4, 1.00
A, 800491, 408201, 1080039, 1093720, 377736, 178526, 561607, 147051, 37.5, 45.4, 1.00
A, 799707, 407936, 1078999, 1093070, 377474, 178388, 561149, 146957, 37.5, 45.4, 1.00
A, 799302, 407788, 1078977, 1092662, 377356, 178333, 561092, 146953, 37.5, 45.4, 1.00
A, 799274, 407675, 1079032, 1092410, 377223, 178312, 561007, 146926, 37.5, 45.4, 1.00
A, 799401, 407585, 1079464, 1092290, 377292, 178338, 560987, 146891, 37.5, 45.4, 1.00
A, 799404, 407561, 1079348, 1092132, 377146, 178319, 560897, 146902, 37.5, 45.4, 1.00
A, 799073, 407465, 1079373, 1091960, 377156, 178248, 560782, 146892, 37.5, 45.4, 1.00
A, 799279, 407408, 1079706, 1092064, 377115, 178308, 560790, 146918, 37.5, 45.4, 1.00
A, 799183, 407360, 1079653, 1092061, 377053, 178302, 560738, 146967, 37.5, 45.4, 1.00
A, 799466, 407410, 1080505, 1092270, 377008, 178337, 560730, 147045, 37.5, 45.4, 1.00
A, 799475, 407366, 1080584, 1091865, 377010, 178291, 560687, 146906, 37.5, 45.4, 1.01
A, 799153, 407220, 1080345, 1091415, 376835, 178167, 560428, 146863, 37.5, 45.4, 1.00
A, 798881, 407131, 1080244, 1091512, 376816, 178291, 560372, 146888, 37.5, 45.4, 1.00
A, 799062, 407141, 1080761, 1091640, 376853, 178245, 560392, 146886, 37.5, 45.5, 1.00
A, 799054, 407177, 1080857, 1091329, 376763, 178300, 560326, 146953, 37.5, 45.5, 1.00
A, 799345, 407129, 1081448, 1091711, 376792, 178282, 560274, 146980, 37.5, 45.5, 1.00
A, 799107, 407079, 1081454, 1091458, 376756, 178268, 560286, 146926, 37.5, 45.5, 1.01
A, 799002, 406982, 1081431, 1091167, 376629, 178298, 560213, 146928, 37.5, 45.5, 1.00
A, 799081, 407058, 1081499, 1091288, 376635, 178262, 560113, 146946, 37.5, 45.5, 1.01
A, 800318, 407203, 1083844, 1092722, 376874, 178533, 560353, 147154, 37.5, 45.5, 1.00
A, 799464, 407172, 1082426, 1091144, 376693, 178306, 560162, 146963, 37.5, 45.5, 0.99
A, 798743, 407014, 1082035, 1090667, 376617, 178328, 559994, 146848, 37.5, 45.5, 1.00
A, 798450, 406811, 1081855, 1090505, 376360, 178257, 559806, 146833, 37.5, 45.5, 0.99
A, 798615, 406748, 1082056, 1090378, 376373, 178233, 559712, 146868, 37.5, 45.5, 1.00
A, 798470, 406752, 1082114, 1090351, 376396, 178229, 559736, 146854, 37.5, 45.5, 1.00
A, 798121, 406679, 1081862, 1089744, 376253, 178134, 559597, 146775, 37.5, 45.5, 1.00
A, 797901, 406546, 1081844, 1089602, 376159, 178134, 559453, 146796, 37.5, 45.5, 1.00
A, 798231, 406559, 1082520, 1089774, 376201, 178185, 559459, 146899, 37.5, 45.5, 0.99
A, 798120, 406534, 1082532, 1089674, 376128, 178132, 559404, 146847, 37.5, 45.5, 0.99
A, 798038, 406468, 1082631, 1089738, 376101, 178203, 559446, 146828, 37.5, 45.5, 1.00
A, 797918, 406502, 1082577, 1089596, 376142, 178163, 559298, 146828, 37.5, 45.5, 1.00
A, 797875, 406366, 1082704, 1089247, 376050, 178091, 559271, 146854, 37.5, 45.5, 1.00
A, 798161, 406514, 1083215, 1089397, 376061, 178113, 559266, 146818, 37.5, 45.5, 1.00
A, 797625, 406360, 1082866, 1089128, 375990, 178142, 559186, 146752, 37.5, 45.5, 1.00
A, 797486, 406348, 1082516, 1088692, 375834, 178008, 559054, 146731, 37.5, 45.5, 1.00
A, 797364, 406182, 1082403, 1088579, 375793, 177987, 558943, 146737, 37.5, 45.5, 1.00
A, 797627, 406304, 1083242, 1088812, 375856, 178032, 558989, 146832, 37.5, 45.5, 1.00
A, 797650, 406158, 1083110, 1088443, 375861, 178019, 558985, 146781, 37.5, 45.5, 1.00
A, 797333, 406104, 1083068, 1088161, 375729, 177922, 558779, 146722, 37.5, 45.5, 1.00
A, 798472, 406191, 1084948, 1089808, 375893, 178234, 559035, 146980, 37.5, 45.5, 0.99
A, 797627, 406243, 1083656, 1088413, 375783, 177986, 558833, 146765, 37.5, 45.5, 1.00
A, 797094, 406017, 1082987, 1087815, 375578, 177954, 558614, 146723, 37.5, 45.5, 1.01
A, 796268, 405834, 1082117, 1086907, 375387, 177790, 558439, 146544, 37.5, 45.5, 1.00
A, 795658, 405663, 1081463, 1086142, 375270, 177704, 558247, 146425, 37.5, 45.5, 1.00
A, 795672, 405494, 1081533, 1086110, 375192, 177605, 558241, 146443, 37.5, 45.5, 1.00
A, 795822, 405468, 1081903, 1086301, 375218, 177655, 558166, 146495, 37.5, 45.6, 1.00
A, 795816, 405496, 1081941, 1086286, 375210, 177705, 558156, 146557, 37.5, 45.6, 1.00
A, 796204, 405545, 1082656, 1086786, 375284, 177784, 558285, 146666, 37.5, 45.6, 1.00
A, 796495, 405570, 1082941, 1086759, 375272, 177766, 558218, 146608, 37.5, 45.6, 0.99
A, 796492, 405532, 1083109, 1086742, 375230, 177672, 558206, 146585, 37.5, 45.6, 1.00
A, 796503, 405539, 1083465, 1087114, 375264, 177794, 558236, 146703, 37.5, 45.6, 1.00
A, 796665, 405511, 1083606, 1087058, 375251, 177792, 558182, 146650, 37.5, 45.6, 1.01
A, 796754, 405559, 1083991, 1087268, 375229, 177818, 558282, 146754, 37.5, 45.6, 0.99
A, 796738, 405593, 1084174, 1087238, 375230, 177811, 558184, 146721, 37.5, 45.6, 1.00
A, 796967, 405525, 1084480, 1087091, 375217, 177780, 558153, 146697, 37.5, 45.6, 1.00
A, 796756, 405523, 1084293, 1087002, 375129, 177684, 558066, 146612, 37.5, 45.6, 1.00
A, 796589, 405466, 1084222, 1086885, 375118, 177788, 558014, 146647, 37.5, 45.6, 1.00
A, 796633, 405467, 1084584, 1087087, 375139, 177766, 558019, 146723, 37.5, 45.6, 1.00
A, 796764, 405479, 1084646, 1086974, 375101, 177749, 557992, 146739, 37.5, 45.6, 1.00
A, 798730, 405785, 1087643, 1089098, 375418, 178054, 558385, 147028, 37.5, 45.6, 0.99
A, 797800, 405808, 1086627, 1088273, 375315, 177958, 558181, 146848, 37.5, 45.6, 1.00
A, 796474, 405639, 1084883, 1086492, 375150, 177722, 557872, 146569, 37.5, 45.6, 0.99
A, 796252, 405388, 1084534, 1086412, 374974, 177730, 557804, 146552, 37.5, 45.6, 0.99
A, 795981, 405439, 1084313, 1085835, 374954, 177648, 557734, 146576, 37.5, 45.6, 1.00
A, 795928, 405250, 1084329, 1085552, 374857, 177625, 557590, 146504, 37.5, 45.6, 1.00
A, 796048, 405288, 1084700, 1085984, 374838, 177619, 557582, 146497, 37.5, 45.6, 0.99
A, 795925, 405165, 1084557, 1085871, 374807, 177597, 557572, 146581, 37.5, 45.6, 0.99
A, 795835, 405227, 1084559, 1085712, 374729, 177606, 557567, 146588, 37.5, 45.6, 1.00
A, 796027, 405197, 1084861, 1085754, 374790, 177642, 557552, 146609, 37.5, 45.6, 0.99
A, 796037, 405207, 1085057, 1085635, 374768, 177561, 557523, 146568, 37.5, 45.6, 1.00
A, 795784, 405123, 1084785, 1085384, 374743, 177521, 557439, 146529, 37.5, 45.6, 1.00
A, 795550, 405038, 1084710, 1085254, 374652, 177459, 557418, 146487, 37.5, 45.6, 1.01
A, 795775, 405055, 1084897, 1085685, 374674, 177515, 557445, 146580, 37.5, 45.6, 1.00
A, 795806, 405042, 1085185, 1085606, 374645, 177571, 557413, 146625, 37.5, 45.6, 1.00
A, 795905, 405046, 1085605, 1085796, 374635, 177581, 557387, 146559, 37.5, 45.6, 1.01
A, 796109, 405076, 1085635, 1085498, 374643, 177511, 557382, 146525, 37.5, 45.6, 0.99
A, 795920, 405073, 1085565, 1085404, 374561, 177489, 557360, 146492, 37.5, 45.6, 1.00
A, 795772, 404936, 1085517, 1085388, 374605, 177542, 557304, 146581, 37.5, 45.6, 1.00
A, 796023, 405027, 1085827, 1085546, 374630, 177483, 557312, 146600, 37.5, 45.6, 1.00
A, 797112, 405111, 1088023, 1087169, 374733, 177745, 557486, 146877, 37.5, 45.6, 1.00
A, 796814, 405198, 1087393, 1086353, 374814, 177657, 557436, 146639, 37.5, 45.6, 0.99
A, 796234, 405129, 1086807, 1085651, 374638, 177617, 557285, 146615, 37.5, 45.6, 0.99
A, 795389, 404902, 1085661, 1084805, 374474, 177334, 557014, 146450, 37.5, 45.6, 0.99
A, 795292, 404832, 1085702, 1084834, 374384, 177383, 557028, 146509, 37.5, 45.6, 1.00
A, 795595, 404888, 1086101, 1084990, 374446, 177478, 557056, 146590, 37.5, 45.6, 0.99
A, 795577, 404851, 1086313, 1084972, 374383, 177454, 557040, 146576, 37.5, 45.6, 1.00
A, 795554, 404860, 1086512, 1084917, 374397, 177413, 556956, 146522, 37.5, 45.6, 1.00
A, 795440, 404744, 1086288, 1084745, 374341, 177388, 556940, 146531, 37.5, 45.6, 1.01
A, 795214, 404777, 1086299, 1084593, 374271, 177344, 556892, 146470, 37.5, 45.6, 1.00
A, 795494, 404765, 1086413, 1084981, 374322, 177386, 556935, 146500, 37.5, 45.6, 1.01
A, 795337, 404697, 1086553, 1084829, 374291, 177376, 556869, 146533, 37.5, 45.6, 0.99
A, 795701, 404811, 1087253, 1085169, 374338, 177437, 556955, 146659, 37.5, 45.6, 1.00
A, 794406, 404719, 1085798, 1083878, 374265, 177201, 556784, 146390, 37.5, 45.6, 1.00
A, 794929, 404595, 1086154, 1084020, 374084, 177219, 556644, 146373, 37.5, 45.6, 1.01
A, 794844, 404504, 1086048, 1083939, 374147, 177236, 556652, 146457, 37.5, 45.6, 1.00
A, 795219, 404590, 1086652, 1084429, 374203, 177302, 556691, 146506, 37.5, 45.6, 1.01
A, 795313, 404631, 1086834, 1084469, 374152, 177329, 556766, 146573, 37.5, 45.6, 1.00
A, 795566, 404644, 1087455, 1084918, 374303, 177381, 556814, 146660, 37.5, 45.7, 1.01
A, 795450, 404671, 1087519, 1084696, 374209, 177338, 556793, 146585, 37.5, 45.7, 1.00
A, 796876, 404900, 1089531, 1086463, 374482, 177565, 557006, 146812, 37.5, 45.7, 0.99
A, 796465, 404915, 1089099, 1085912, 374451, 177573, 556996, 146710, 37.5, 45.7, 1.00
A, 795541, 404802, 1087563, 1084406, 374259, 177272, 556751, 146563, 37.5, 45.7, 1.01
A, 794896, 404517, 1086861, 1083643, 374070, 177150, 556497, 146369, 37.5, 45.7, 0.99
A, 794073, 404469, 1085881, 1082935, 373908, 177023, 556435, 146298, 37.5, 45.7, 0.99
A, 794150, 404316, 1086063, 1083047, 373838, 177012, 556310, 146335, 37.5, 45.7, 1.00
A, 794556, 404347, 1086483, 1083547, 373919, 177112, 556395, 146409, 37.5, 45.7, 0.99
A, 794671, 404345, 1086818, 1083712, 373936, 177074, 556403, 146418, 37.5, 45.7, 1.00
A, 795013, 404390, 1087241, 1083679, 373977, 177096, 556427, 146458, 37.5, 45.7, 1.00
A, 794913, 404375, 1086957, 1083433, 373949, 177096, 556455, 146434, 37.5, 45.7, 1.00
A, 794742, 404339, 1087213, 1083628, 373942, 177123, 556395, 146417, 37.5, 45.7, 1.00
A, 794932, 404374, 1087552, 1083732, 373953, 177100, 556422, 146469, 37.5, 45.7, 0.99
A, 794787, 404377, 1087516, 1083806, 373928, 177138, 556404, 146555, 37.5, 45.7, 1.01
A, 795147, 404372, 1087937, 1084093, 373984, 177186, 556440, 146547, 37.5, 45.7, 1.01
A, 795220, 404370, 1088226, 1084026, 374001, 177151, 556437, 146500, 37.5, 45.7, 1.00
A, 794975, 404328, 1087975, 1083774, 373901, 177124, 556364, 146490, 37.5, 45.7, 1.01
A, 794842, 404344, 1087932, 1083687, 373932, 177083, 556385, 146572, 37.5, 45.7, 1.00
A, 795229, 404368, 1088436, 1084158, 373956, 177116, 556424, 146473, 37.5, 45.7, 1.00
A, 795072, 404346, 1088355, 1083925, 373912, 177133, 556347, 146550, 37.5, 45.7, 1.00
A, 795352, 404315, 1088891, 1084316, 373998, 177135, 556497, 146595, 37.5, 45.7, 1.00
A, 797066, 404736, 1091495, 1086317, 374245, 177498, 556772, 146896, 37.5, 45.7, 1.00
A, 796204, 404682, 1090419, 1085133, 374174, 177345, 556620, 146693, 37.5, 45.7, 1.00
A, 795297, 404578, 1089124, 1084159, 373989, 177188, 556385, 146486, 37.5, 45.7, 1.00
A, 794948, 404478, 1088727, 1083558, 373918, 177054, 556288, 146481, 37.5, 45.7, 0.99
A, 794592, 404346, 1088462, 1083505, 373782, 177018, 556200, 146429, 37.5, 45.7, 0.99
A, 794588, 404412, 1088241, 1083177, 373892, 177073, 556220, 146475, 37.5, 45.7, 1.02
A, 794535, 404188, 1088443, 1083126, 373743, 176987, 556154, 146391, 37.5, 45.7, 1.00
A, 794699, 404244, 1088679, 1083487, 373740, 177044, 556184, 146503, 37.5, 45.7, 1.00
A, 794732, 404276, 1088927, 1083632, 373839, 177117, 556158, 146492, 37.5, 45.7, 1.00
A, 794842, 404274, 1088992, 1083563, 373816, 177103, 556143, 146544, 37.5, 45.7, 1.00
A, 795285, 404399, 1089676, 1084050, 373920, 177133, 556272, 146588, 37.5, 45.7, 1.00
A, 795252, 404434, 1089942, 1084132, 373887, 177085, 556217, 146574, 37.5, 45.7, 1.00
A, 795082, 404392, 1089813, 1083949, 373858, 177100, 556178, 146573, 37.5, 45.7, 1.00
A, 795390, 404354, 1090195, 1083996, 373953, 177140, 556228, 146565, 37.5, 45.7, 1.01
A, 795307, 404356, 1089886, 1084137, 373896, 177105, 556179, 146591, 37.5, 45.7, 0.99
A, 795278, 404377, 1089993, 1083699, 373832, 177005, 556189, 146601, 37.5, 45.7, 1.00
A, 795085, 404318, 1089689, 1083424, 373817, 177028, 556122, 146521, 37.5, 45.7, 1.00
A, 794752, 404259, 1089718, 1083484, 373705, 176998, 556037, 146507, 37.5, 45.7, 1.02
A, 794955, 404262, 1090081, 1083754, 373782, 177034, 556072, 146554, 37.5, 45.7, 1.00
A, 794897, 404175, 1089874, 1083651, 373704, 177046, 556001, 146580, 37.5, 45.7, 1.00
A, 796610, 404555, 1092652, 1085626, 374085, 177295, 556398, 146902, 37.5, 45.7, 0.99
A, 796342, 404649, 1092233, 1085029, 374078, 177297, 556392, 146778, 37.5, 45.7, 0.99
A, 795737, 404487, 1091697, 1084479, 373936, 177189, 556314, 146658, 37.5, 45.7, 1.00
A, 795743, 404462, 1091829, 1084458, 373887, 177207, 556210, 146660, 37.5, 45.7, 0.99
A, 795244, 404427, 1091090, 1083835, 373854, 177080, 556049, 146545, 37.5, 45.7, 0.99
A, 794882, 404339, 1090840, 1083751, 373715, 177076, 555964, 146579, 37.5, 45.7, 1.01
A, 794547, 404326, 1090377, 1083167, 373744, 177059, 555927, 146409, 37.5, 45.7, 1.01
A, 794508, 404211, 1090369, 1082984, 373571, 176934, 555871, 146435, 37.5, 45.7, 1.00
A, 794468, 404208, 1090447, 1083125, 373606, 177047, 555851, 146494, 37.5, 45.7, 1.00
A, 794461, 404203, 1090667, 1083232, 373572, 176953, 555828, 146532, 37.5, 45.7, 1.00
A, 794617, 404127, 1090777, 1083123, 373606, 176966, 555846, 146516, 37.5, 45.7, 1.00
A, 794821, 404214, 1090957, 1083481, 373669, 177055, 555881, 146585, 37.5, 45.7, 1.00
A, 794795, 404142, 1091084, 1083158, 373602, 176994, 555869, 146550, 37.5, 45.7, 0.99
A, 794600, 404128, 1091065, 1082922, 373527, 176917, 555761, 146498, 37.5, 45.7, 1.01
A, 794351, 404040, 1090942, 1082988, 373523, 176938, 555712, 146484, 37.5, 45.7, 1.01
A, 794410, 404012, 1090895, 1082989, 373536, 176930, 555749, 146523, 37.5, 45.7, 1.01
A, 794510, 404039, 1090837, 1082886, 373519, 176904, 555752, 146547, 37.5, 45.7, 1.00
A, 794763, 404097, 1091536, 1083245, 373604, 177025, 555837, 146629, 37.5, 45.7, 1.01
A, 794811, 404150, 1091764, 1083331, 373603, 176907, 555786, 146578, 37.5, 45.7, 1.01
A, 794556, 404113, 1091593, 1083166, 373547, 176912, 555742, 146530, 37.5, 45.7, 1.01
A, 796016, 404237, 1093663, 1084775, 373806, 177186, 556028, 146853, 37.5, 45.7, 1.00
A, 795555, 404323, 1092753, 1084278, 373821, 177103, 555962, 146633, 37.5, 45.7, 0.99
A, 794874, 404231, 1092016, 1083040, 373613, 176921, 555754, 146498, 37.5, 45.7, 1.00
A, 794160, 404086, 1091017, 1082149, 373454, 176837, 555599, 146404, 37.5, 45.7, 0.99
A, 793853, 403934, 1090996, 1082244, 373372, 176746, 555434, 146420, 37.5, 45.7, 1.00
A, 793443, 403854, 1090435, 1081593, 373350, 176742, 555502, 146358, 37.5, 45.7, 1.00
A, 793550, 403787, 1090389, 1081728, 373280, 176724, 555428, 146372, 37.5, 45.7, 1.00
A, 793522, 403780, 1090385, 1081604, 373332, 176619, 555475, 146362, 37.5, 45.7, 1.01
A, 793536, 403678, 1090490, 1081572, 373273, 176585, 555414, 146353, 37.5, 45.7, 1.00
A, 793744, 403684, 1091011, 1081957, 373279, 176689, 555458, 146410, 37.5, 45.7, 1.01
A, 794001, 403665, 1091361, 1082092, 373333, 176770, 555513, 146432, 37.5, 45.8, 1.00
A, 793962, 403673, 1091357, 1082259, 373288, 176693, 555495, 146476, 37.5, 45.8, 1.00
A, 794363, 403819, 1091970, 1082687, 373348, 176777, 555556, 146597, 37.5, 45.8, 1.01
A, 794499, 403844, 1092097, 1082724, 373480, 176786, 555653, 146487, 37.5, 45.8, 1.00
A, 794455, 403805, 1091995, 1082457, 373355, 176657, 555604, 146485, 37.5, 45.8, 0.99
A, 793751, 403698, 1091364, 1082132, 373265, 176602, 555459, 146410, 37.5, 45.8, 1.01
A, 794026, 403771, 1091864, 1082406, 373394, 176725, 555516, 146470, 37.5, 45.8, 1.00
A, 794266, 403741, 1091776, 1082537, 373389, 176748, 555552, 146527, 37.5, 45.8, 0.99
A, 794541, 403867, 1092490, 1082727, 373417, 176759, 555662, 146530, 37.5, 45.8, 1.01
A, 794640, 403860, 1092620, 1082780, 373419, 176754, 555606, 146553, 37.5, 45.8, 1.00
A, 795919, 404038, 1094791, 1084356, 373662, 176973, 555851, 146799, 37.5, 45.8, 1.00
A, 795555, 404187, 1094292, 1084053, 373741, 176967, 555822, 146698, 37.5, 45.8, 1.00
A, 794776, 403966, 1093225, 1083112, 373514, 176787, 555669, 146538, 37.5, 45.8, 1.01
A, 794460, 403940, 1092655, 1082626, 373381, 176790, 555512, 146529, 37.5, 45.8, 0.99
A, 794763, 403998, 1093158, 1082919, 373489, 176749, 555632, 146540, 37.5, 45.8, 1.00
A, 794551, 403917, 1093123, 1082872, 373419, 176720, 555555, 146534, 37.5, 45.8, 1.00
A, 794373, 403892, 1092840, 1082356, 373440, 176596, 555517, 146454, 37.5, 45.8, 0.99
A, 794324, 403838, 1092780, 1082547, 373321, 176715, 555523, 146468, 37.5, 45.8, 1.00
A, 794421, 403849, 1093256, 1082874, 373374, 176847, 555523, 146616, 37.5, 45.8, 1.01
A, 794493, 403978, 1093469, 1082998, 373422, 176754, 555597, 146649, 37.5, 45.8, 1.00
A, 794697, 403983, 1093531, 1083024, 373445, 176745, 555627, 146542, 37.5, 45.8, 1.00
A, 794642, 403980, 1093541, 1082737, 373420, 176786, 555577, 146525, 37.5, 45.8, 1.01
A, 794389, 403892, 1093312, 1082614, 373417, 176741, 555503, 146503, 37.5, 45.8, 1.00
A, 794463, 403937, 1093650, 1082698, 373335, 176652, 555482, 146565, 37.5, 45.8, 1.00
A, 794491, 403885, 1093635, 1082696, 373353, 176733, 555477, 146547, 37.5, 45.8, 1.00
A, 794854, 403946, 1094279, 1083204, 373469, 176759, 555558, 146625, 37.5, 45.8, 1.00
A, 794916, 403995, 1094326, 1083092, 373472, 176805, 555541, 146650, 37.5, 45.8, 1.00
A, 794724, 403987, 1094233, 1082767, 373426, 176735, 555580, 146610, 37.5, 45.8, 0.99
A, 794455, 403930, 1094011, 1082783, 373306, 176688, 555439, 146525, 37.5, 45.8, 1.00
A, 794647, 403980, 1094426, 1082951, 373406, 176780, 555510, 146639, 37.5, 45.8, 0.99
A, 796013, 404074, 1096280, 1084590, 373614, 176918, 555731, 146875, 37.5, 45.8, 0.99
A, 795646, 404267, 1096036, 1084020, 373627, 176893, 555755, 146777, 37.5, 45.8, 1.00
A, 794864, 404058, 1095105, 1083365, 373489, 176823, 555534, 146607, 37.5, 45.8, 1.01
A, 794109, 403938, 1094133, 1082434, 373310, 176600, 555384, 146483, 37.5, 45.8, 1.01
A, 794019, 403799, 1093794, 1082063, 373300, 176612, 555279, 146463, 37.5, 45.8, 0.99
A, 793252, 403706, 1092729, 1081216, 373165, 176457, 555213, 146319, 37.5, 45.8, 1.01
A, 793371, 403650, 1092820, 1081140, 373047, 176439, 555149, 146397, 37.5, 45.8, 1.01
A, 793251, 403647, 1092552, 1081223, 373093, 176412, 555184, 146357, 37.5, 45.8, 1.01
A, 793377, 403552, 1092993, 1081278, 373002, 176417, 555127, 146363, 37.5, 45.8, 0.99
A, 793640, 403611, 1093442, 1081649, 373115, 176437, 555192, 146471, 37.5, 45.8, 0.99
A, 793716, 403641, 1093665, 1081867, 373139, 176478, 555241, 146494, 37.5, 45.8, 1.01
A, 793925, 403619, 1093825, 1081862, 373141, 176478, 555247, 146413, 37.5, 45.8, 1.01
A, 793807, 403603, 1093736, 1081916, 373183, 176498, 555166, 146489, 37.5, 45.8, 0.99
A, 794348, 403679, 1094583, 1082369, 373236, 176525, 555343, 146452, 37.5, 45.8, 1.01
A, 794170, 403687, 1094567, 1082227, 373199, 176492, 555363, 146492, 37.5, 45.8, 0.99
A, 794184, 403667, 1094591, 1082397, 373205, 176521, 555295, 146536, 37.5, 45.8, 1.00
A, 794479, 403707, 1095098, 1082809, 373267, 176581, 555425, 146604, 37.5, 45.8, 1.00
A, 794487, 403732, 1095045, 1082367, 373193, 176505, 555334, 146516, 37.5, 45.8, 1.01
A, 794365, 403677, 1094541, 1082256, 373162, 176447, 555258, 146508, 37.5, 45.8, 1.01
A, 794315, 403772, 1095087, 1082529, 373211, 176525, 555309, 146481, 37.5, 45.8, 1.00
A, 795682, 403899, 1097206, 1084269, 373462, 176790, 555577, 146866, 37.5, 45.8, 1.01
A, 795407, 404061, 1096774, 1083735, 373475, 176719, 555607, 146684, 37.5, 45.8, 1.00
A, 794775, 403887, 1095833, 1083134, 373382, 176615, 555388, 146655, 37.5, 45.8, 0.99
A, 794544, 403891, 1095364, 1082463, 373314, 176606, 555374, 146549, 37.5, 45.8, 1.01
A, 794301, 403767, 1095370, 1082181, 373257, 176518, 555237, 146510, 37.5, 45.8, 0.99
A, 794387, 403779, 1095614, 1082592, 373258, 176568, 555312, 146580, 37.5, 45.8, 1.01
A, 793988, 403730, 1095092, 1082017, 373244, 176489, 555186, 146469, 37.5, 45.8, 1.01
A, 793994, 403724, 1095087, 1082028, 373194, 176484, 555225, 146554, 37.5, 45.8, 1.00
A, 793985, 403763, 1095126, 1081937, 373245, 176558, 555300, 146479, 37.5, 45.8, 0.99
A, 793843, 403645, 1095154, 1081879, 373147, 176434, 555188, 146527, 37.5, 45.8, 1.00
A, 794056, 403679, 1095415, 1082006, 373195, 176474, 555193, 146530, 37.5, 45.8, 1.00
A, 794161, 403677, 1095670, 1082203, 373192, 176499, 555188, 146544, 37.5, 45.8, 1.00
A, 794122, 403665, 1095618, 1082318, 373141, 176471, 555250, 146594, 37.5, 45.8, 0.99
A, 794420, 403689, 1096238, 1082782, 373282, 176545, 555257, 146659, 37.5, 45.8, 1.00
A, 794534, 403768, 1096290, 1082625, 373222, 176547, 555301, 146633, 37.5, 45.8, 1.00
A, 794388, 403767, 1096352, 1082543, 373256, 176528, 555297, 146606, 37.5, 45.8, 1.00
A, 794102, 403628, 1096115, 1082409, 373239, 176538, 555191, 146568, 37.5, 45.8, 1.00
A, 794359, 403708, 1096519, 1082658, 373285, 176603, 555296, 146676, 37.5, 45.8, 1.01
A, 794443, 403700, 1096267, 1082676, 373243, 176574, 555285, 146657, 37.5, 45.8, 0.99
A, 794691, 403865, 1097175, 1083143, 373363, 176603, 555383, 146750, 37.5, 45.8, 1.00
A, 796182, 404004, 1099177, 1084638, 373599, 176846, 555607, 146940, 37.5, 45.8, 1.00
A, 795299, 404012, 1098192, 1083465, 373482, 176648, 555462, 146715, 37.5, 45.8, 0.99
A, 795187, 403938, 1098112, 1083532, 373364, 176659, 555434, 146696, 37.5, 45.8, 1.00
A, 794649, 403909, 1097466, 1083015, 373303, 176657, 555339, 146677, 37.5, 45.8, 0.99
A, 794889, 403922, 1097698, 1083006, 373312, 176683, 555350, 146664, 37.5, 45.8, 1.00
A, 794570, 403853, 1097408, 1082691, 373272, 176553, 555284, 146631, 37.5, 45.8, 1.00
A, 794490, 403849, 1097533, 1082814, 373288, 176601, 555287, 146670, 37.5, 45.8, 1.00
A, 794074, 403791, 1096989, 1082066, 373241, 176555, 555180, 146590, 37.5, 45.8, 1.00
A, 794028, 403676, 1096804, 1082264, 373131, 176518, 555131, 146586, 37.5, 45.8, 1.00
A, 793603, 403687, 1096645, 1081695, 373137, 176445, 555125, 146503, 37.5, 45.8, 0.99
A, 793592, 403557, 1096261, 1081388, 373051, 176386, 555010, 146452, 37.5, 45.8, 1.00
A, 793769, 403648, 1096886, 1081967, 373026, 176389, 555099, 146483, 37.5, 45.8, 1.00
A, 793812, 403581, 1096964, 1081944, 373081, 176462, 555105, 146605, 37.5, 45.8, 1.00
A, 793742, 403629, 1096912, 1081891, 373067, 176449, 555025, 146588, 37.5, 45.8, 1.00
A, 794160, 403639, 1097430, 1082230, 373138, 176533, 555152, 146658, 37.5, 45.8, 1.00
A, 794237, 403722, 1097559, 1082246, 373144, 176507, 555159, 146594, 37.5, 45.8, 1.00
A, 794099, 403683, 1097423, 1081964, 373153, 176448, 555133, 146615, 37.5, 45.9, 0.99
A, 793892, 403600, 1097265, 1081957, 373092, 176425, 555081, 146582, 37.5, 45.9, 1.00
A, 794129, 403568, 1097736, 1082112, 373135, 176449, 555149, 146638, 37.5, 45.9, 1.00
A, 794022, 403549, 1097645, 1082127, 373105, 176426, 555168, 146597, 37.5, 45.9, 1.00
M, 792106, 403477, 1093662, 1078040, 372875, 175737, 554609, 145737, 37.5, 45.9, 0.00
M, 781646, 400936, 1077989, 1065426, 370037, 173761, 551112, 143632, 37.5, 45.9, 0.60
M, 773527, 398551, 1065446, 1055321, 367726, 172063, 548373, 142072, 37.6, 45.9, 0.75
M, 767225, 396392, 1055006, 1047314, 365619, 170650, 545967, 140935, 37.6, 45.9, 0.82
M, 761897, 394300, 1046108, 1040413, 363575, 169354, 543479, 140008, 37.6, 45.7, 0.88
M, 757477, 392434, 1038221, 1034987, 361803, 168274, 541562, 139308, 37.6, 45.7, 0.93
M, 754706, 391003, 1032609, 1031291, 360508, 167362, 540194, 138924, 37.6, 45.5, 0.95
M, 752344, 389604, 1027094, 1027674, 359421, 166492, 539080, 138477, 37.6, 45.5, 0.97
M, 750527, 388354, 1022777, 1025161, 358597, 165796, 538352, 138129, 37.6, 45.3, 0.98
M, 749511, 387492, 1019674, 1023937, 358212, 165275, 538146, 138108, 37.6, 45.3, 0.98
M, 748474, 386575, 1016158, 1022125, 357828, 164691, 537961, 137886, 37.5, 45.2, 0.99
M, 748165, 385925, 1014156, 1021815, 357686, 164353, 537927, 137873, 37.5, 45.2, 0.99
M, 748053, 385208, 1011930, 1021411, 357675, 163825, 538253, 137799, 37.5, 45.1, 0.99
M, 748354, 384761, 1010780, 1021343, 357619, 163615, 538391, 137803, 37.5, 45.1, 0.99
M, 748861, 384304, 1009941, 1021824, 357847, 163389, 538721, 137840, 37.5, 45.1, 1.00
M, 749408, 383893, 1009036, 1022514, 358000, 163181, 539163, 137854, 37.5, 45.0, 0.99
M, 750073, 383648, 1008401, 1023212, 358255, 163116, 539657, 137981, 37.5, 45.0, 1.00
M, 751432, 383589, 1008355, 1024541, 358611, 163028, 540241, 138173, 37.6, 45.0, 1.00
M, 752560, 383423, 1008268, 1025711, 358963, 162899, 540845, 138215, 37.6, 45.0, 0.99
M, 753420, 383277, 1007799, 1026809, 359309, 162762, 541305, 138339, 37.6, 44.9, 1.00
M, 755704, 383516, 1009460, 1029409, 359869, 162954, 542127, 138631, 37.6, 44.9, 1.00
M, 756539, 383579, 1008965, 1030208, 360245, 162875, 542668, 138636, 37.5, 44.9, 1.00
M, 757044, 383443, 1008305, 1030768, 360475, 162707, 543100, 138683, 37.5, 44.9, 1.00
M, 758114, 383400, 1007838, 1031819, 360886, 162681, 543673, 138726, 37.5, 44.9, 1.00
M, 758978, 383470, 1007709, 1033160, 361188, 162643, 544232, 138791, 37.5, 44.9, 1.00
M, 760348, 383667, 1008378, 1034675, 361695, 162707, 544827, 138905, 37.5, 44.9, 1.00
M, 761252, 383805, 1008346, 1035962, 362004, 162766, 545308, 139057, 37.5, 44.9, 1.01
M, 762712, 384045, 1008932, 1037573, 362481, 162824, 545936, 139212, 37.5, 44.9, 1.00
M, 763946, 384265, 1009175, 1038882, 362888, 162754, 546585, 139250, 37.5, 44.9, 1.00
M, 764830, 384400, 1009214, 1039965, 363300, 162779, 547065, 139326, 37.5, 44.9, 1.00
M, 765933, 384622, 1009425, 1041325, 363652, 162775, 547545, 139375, 37.5, 44.9, 0.99
M, 766829, 384952, 1009369, 1042488, 364085, 162778, 548080, 139451, 37.5, 44.8, 0.99
M, 767420, 385035, 1009493, 1043576, 364341, 162887, 548488, 139548, 37.5, 44.8, 1.00
M, 768713, 385474, 1009631, 1044750, 364827, 162869, 549176, 139664, 37.6, 44.8, 1.00
M, 769505, 385554, 1009602, 1045863, 365010, 162818, 549475, 139692, 37.6, 44.8, 1.00
M, 770451, 385870, 1010337, 1047280, 365452, 162934, 550041, 139832, 37.6, 44.8, 1.00
M, 771484, 386168, 1010774, 1048630, 365900, 163031, 550536, 139915, 37.6, 44.8, 1.00
M, 772375, 386393, 1011044, 1049580, 366155, 162999, 550966, 139955, 37.6, 44.8, 1.00
M, 773710, 386786, 1011951, 1051326, 366579, 163146, 551542, 140169, 37.5, 44.8, 1.00
M, 774630, 387070, 1012267, 1052468, 366969, 163124, 552009, 140181, 37.5, 44.8, 1.00
M, 776873, 387652, 1014472, 1055129, 367594, 163411, 552725, 140488, 37.6, 44.8, 1.00
M, 777135, 387957, 1014096, 1055729, 367866, 163408, 553075, 140413, 37.6, 44.8, 1.01
M, 777609, 388175, 1014137, 1056512, 368035, 163434, 553449, 140446, 37.5, 44.8, 1.00
M, 778065, 388439, 1014039, 1057200, 368280, 163438, 553765, 140505, 37.5, 44.8, 1.00
M, 778783, 388733, 1014144, 1058022, 368558, 163471, 554156, 140561, 37.5, 44.8, 1.00
M, 779798, 389167, 1014969, 1059382, 368988, 163592, 554571, 140609, 37.5, 44.8, 1.01
M, 780291, 389401, 1014914, 1060018, 369200, 163580, 554963, 140567, 37.6, 44.8, 1.00
M, 780953, 389582, 1015302, 1060966, 369482, 163601, 555289, 140670, 37.6, 44.8, 1.00
M, 781484, 389929, 1015493, 1061904, 369779, 163722, 555646, 140713, 37.6, 44.8, 1.00
M, 782192, 390220, 1015832, 1062759, 370151, 163690, 556075, 140804, 37.6, 44.8, 1.00
M, 782644, 390481, 1015626, 1063226, 370317, 163675, 556355, 140743, 37.6, 44.8, 1.00
M, 783230, 390815, 1016131, 1064359, 370547, 163727, 556664, 140796, 37.6, 44.8, 1.00
M, 783388, 390992, 1015829, 1064593, 370756, 163739, 556974, 140826, 37.6, 44.8, 1.01
M, 783606, 391083, 1015934, 1065299, 370902, 163776, 557199, 140897, 37.6, 44.8, 1.00
M, 784273, 391428, 1016115, 1066014, 371218, 163762, 557607, 140815, 37.6, 44.8, 1.00
M, 784618, 391555, 1016181, 1066341, 371311, 163729, 557776, 140872, 37.6, 44.8, 1.00
M, 785242, 391854, 1016691, 1067576, 371646, 163832, 558160, 140985, 37.6, 44.8, 1.00
M, 785823, 392070, 1016953, 1068175, 371854, 163872, 558401, 141026, 37.6, 44.8, 1.00
M, 786084, 392301, 1017160, 1068903, 372047, 163935, 558678, 141062, 37.6, 44.8, 1.01
M, 786877, 392514, 1017889, 1069935, 372352, 164077, 559043, 141158, 37.6, 44.8, 1.00
M, 789014, 393104, 1020503, 1072481, 372934, 164332, 559698, 141536, 37.6, 44.8, 1.00
M, 788757, 393359, 1019509, 1072311, 373006, 164195, 559842, 141346, 37.6, 44.8, 1.00
M, 788078, 393357, 1018748, 1071991, 373129, 164148, 559917, 141224, 37.6, 44.8, 1.00
M, 787878, 393403, 1018143, 1071894, 373115, 164099, 559975, 141200, 37.6, 44.8, 1.00
M, 787687, 393471, 1017377, 1071466, 373054, 164046, 560019, 141133, 37.6, 44.8, 1.00
M, 788651, 393650, 1018105, 1072909, 373396, 164151, 560445, 141328, 37.5, 44.8, 1.01
M, 789255, 393975, 1019048, 1073775, 373654, 164192, 560801, 141357, 37.5, 44.8, 1.00
M, 789703, 394141, 1019325, 1074353, 373868, 164218, 561082, 141346, 37.6, 44.8, 1.00
M, 790333, 394440, 1020008, 1075390, 374120, 164294, 561361, 141473, 37.6, 44.8, 1.00
M, 790632, 394583, 1020378, 1075995, 374281, 164420, 561654, 141506, 37.6, 44.8, 1.00
M, 791295, 394853, 1020920, 1076871, 374547, 164495, 561907, 141636, 37.6, 44.8, 1.00
M, 791892, 395046, 1021028, 1077345, 374777, 164494, 562099, 141614, 37.6, 44.8, 0.99
M, 791856, 395247, 1021378, 1077794, 374789, 164459, 562265, 141588, 37.6, 44.8, 1.00
M, 792046, 395464, 1021242, 1077933, 375097, 164484, 562531, 141619, 37.6, 44.8, 1.00
M, 792271, 395570, 1021563, 1078477, 375060, 164563, 562667, 141688, 37.6, 44.8, 1.00
M, 792376, 395787, 1021612, 1078823, 375316, 164593, 563006, 141603, 37.6, 44.8, 1.01
M, 792591, 395852, 1021626, 1079053, 375421, 164541, 563103, 141661, 37.6, 44.8, 1.00
M, 793138, 396057, 1022109, 1080035, 375632, 164637, 563351, 141717, 37.6, 44.8, 1.00
M, 793414, 396187, 1022454, 1080495, 375780, 164640, 563511, 141687, 37.6, 44.8, 1.01
M, 793637, 396346, 1022845, 1080968, 375902, 164721, 563758, 141829, 37.6, 44.8, 1.00
M, 795697, 396757, 1025757, 1083686, 376384, 165057, 564330, 142183, 37.6, 44.8, 0.99
M, 795499, 396993, 1025047, 1083025, 376504, 164871, 564455, 141966, 37.6, 44.8, 1.00
M, 794905, 397092, 1024229, 1082549, 376497, 164959, 564474, 141859, 37.6, 44.8, 1.00
M, 794910, 396995, 1024250, 1082961, 376545, 164925, 564563, 141962, 37.6, 44.8, 0.99
M, 795325, 397257, 1024852, 1083518, 376754, 164951, 564796, 141999, 37.6, 44.8, 1.01
M, 795431, 397343, 1024891, 1083801, 376819, 164965, 564970, 142025, 37.6, 44.8, 1.00
M, 795917, 397580, 1025708, 1084633, 376991, 165092, 565232, 142141, 37.6, 44.8, 1.00
M, 796218, 397723, 1025933, 1084714, 377192, 165088, 565331, 142064, 37.6, 44.8, 1.01
M, 796276, 397777, 1025683, 1085115, 377217, 165151, 565531, 142033, 37.6, 44.8, 1.01
M, 796482, 397948, 1026403, 1085685, 377353, 165157, 565690, 142139, 37.6, 44.8, 0.99
M, 796566, 398059, 1026514, 1085963, 377544, 165224, 565845, 142129, 37.6, 44.8, 1.00
M, 797048, 398232, 1027007, 1086409, 377670, 165260, 566036, 142211, 37.6, 44.8, 1.00
M, 797170, 398456, 1027173, 1086587, 377846, 165320, 566252, 142181, 37.6, 44.8, 0.99
M, 797285, 398492, 1027246, 1086715, 377909, 165303, 566399, 142197, 37.6, 44.8, 1.00
M, 797241, 398576, 1026966, 1086995, 378018, 165271, 566520, 142185, 37.6, 44.8, 1.00
M, 797252, 398536, 1027344, 1087189, 378070, 165316, 566599, 142209, 37.6, 44.8, 1.00
M, 797539, 398754, 1027896, 1087851, 378201, 165386, 566726, 142312, 37.6, 44.8, 1.00
M, 797845, 398857, 1028190, 1088170, 378334, 165433, 566963, 142350, 37.6, 44.8, 1.00
M, 798183, 399002, 1028675, 1088516, 378458, 165500, 567162, 142332, 37.6, 44.8, 1.00
M, 798284, 399048, 1028662, 1088530, 378583, 165428, 567211, 142324, 37.6, 44.8, 1.00
M, 799524, 399327, 1030502, 1090560, 378867, 165730, 567614, 142608, 37.6, 44.8, 0.99
M, 799717, 399555, 1030778, 1090599, 379073, 165754, 567791, 142512, 37.6, 44.8, 0.99
M, 799493, 399545, 1030773, 1090674, 379060, 165802, 567891, 142537, 37.6, 44.8, 1.00
M, 799421, 399683, 1030681, 1090707, 379124, 165776, 567985, 142503, 37.6, 44.8, 1.00
M, 799577, 399709, 1030913, 1090645, 379232, 165765, 568055, 142522, 37.6, 44.8, 1.00
M, 799306, 399788, 1030281, 1090486, 379202, 165744, 568113, 142439, 37.6, 44.8, 1.00
M, 799120, 399731, 1030423, 1090632, 379292, 165770, 568157, 142499, 37.6, 44.8, 1.00
M, 799418, 399829, 1031007, 1091032, 379442, 165796, 568328, 142488, 37.6, 44.8, 1.00
M, 799576, 399905, 1031178, 1091132, 379438, 165877, 568458, 142567, 37.6, 44.8, 1.00
M, 799932, 400040, 1031530, 1091819, 379597, 165902, 568663, 142644, 37.6, 44.8, 1.01
M, 799945, 400161, 1031824, 1091779, 379678, 165920, 568758, 142588, 37.6, 44.8, 1.00
M, 799975, 400112, 1031814, 1091702, 379686, 165922, 568822, 142592, 37.6, 44.8, 1.01
M, 800028, 400191, 1032140, 1092217, 379829, 166008, 568936, 142618, 37.6, 44.8, 1.00
M, 799816, 400303, 1032044, 1091925, 379823, 165993, 569032, 142588, 37.6, 44.8, 1.00
M, 799904, 400280, 1031989, 1092048, 379914, 165966, 569047, 142619, 37.6, 44.8, 1.00
M, 799941, 400458, 1032247, 1092234, 380059, 165966, 569244, 142594, 37.6, 44.8, 1.00
M, 799881, 400382, 1032339, 1092399, 380019, 166010, 569259, 142615, 37.6, 44.8, 1.00
M, 800290, 400472, 1032761, 1092726, 380176, 166070, 569357, 142641, 37.6, 44.8, 1.00
M, 800450, 400518, 1033186, 1093046, 380237, 166100, 569530, 142650, 37.6, 44.8, 1.01
M, 800498, 400580, 1033201, 1093011, 380310, 166070, 569590, 142646, 37.6, 44.8, 1.00
M, 801564, 400754, 1034992, 1094787, 380624, 166345, 569876, 142902, 37.6, 44.8, 0.99
M, 801590, 400964, 1035042, 1094455, 380724, 166287, 570064, 142827, 37.6, 44.8, 1.00
M, 801041, 400901, 1034044, 1094053, 380615, 166172, 569983, 142723, 37.6, 44.8, 1.00
M, 800543, 400723, 1033748, 1093626, 380600, 166207, 569956, 142644, 37.6, 44.8, 1.00
M, 800529, 400816, 1033895, 1093683, 380631, 166225, 570074, 142694, 37.6, 44.8, 0.99
M, 800790, 400800, 1034071, 1093757, 380682, 166174, 570132, 142644, 37.6, 44.8, 1.00
M, 800836, 400926, 1034220, 1093788, 380798, 166209, 570237, 142655, 37.6, 44.8, 1.00
M, 800717, 400850, 1034250, 1094036, 380817, 166229, 570329, 142736, 37.6, 44.8, 1.01
M, 801218, 400987, 1034923, 1094565, 380912, 166299, 570497, 142764, 37.6, 44.8, 1.01
M, 801332, 401077, 1035372, 1094872, 381026, 166362, 570579, 142847, 37.6, 44.8, 0.99
M, 801861, 401223, 1036224, 1095542, 381181, 166483, 570854, 142924, 37.6, 44.8, 0.99
M, 801984, 401257, 1036338, 1095386, 381263, 166408, 570913, 142894, 37.6, 44.8, 1.00
M, 802036, 401289, 1036157, 1095616, 381300, 166436, 570972, 142889, 37.6, 44.8, 1.00
M, 802082, 401405, 1036824, 1096042, 381391, 166527, 571061, 142951, 37.6, 44.8, 1.00
M, 801538, 401357, 1035901, 1095189, 381376, 166424, 571165, 142875, 37.6, 44.8, 1.00
M, 801556, 401351, 1036330, 1095332, 381347, 166435, 571080, 142902, 37.6, 44.8, 1.00
M, 801573, 401513, 1036507, 1095649, 381524, 166489, 571257, 142832, 37.6, 44.8, 1.00
M, 801733, 401375, 1036640, 1095686, 381452, 166426, 571271, 142844, 37.6, 44.8, 1.00
M, 802142, 401472, 1037106, 1096516, 381646, 166543, 571495, 142981, 37.6, 44.8, 1.01
M, 802344, 401508, 1037409, 1096664, 381664, 166586, 571578, 142979, 37.6, 44.8, 1.01
M, 803685, 401784, 1039893, 1098525, 381976, 166882, 571955, 143318, 37.6, 44.8, 1.00
M, 803560, 402018, 1039832, 1098254, 382145, 166877, 572042, 143271, 37.6, 44.8, 1.00
M, 803156, 401925, 1039363, 1097687, 382014, 166797, 571979, 143056, 37.6, 44.8, 1.00
M, 803001, 401866, 1039235, 1097550, 382058, 166824, 572002, 143059, 37.6, 44.8, 1.00
M, 803127, 401934, 1039540, 1097865, 382122, 166884, 572094, 143075, 37.6, 44.8, 1.01
M, 803133, 401969, 1039633, 1097763, 382123, 166856, 572190, 143067, 37.6, 44.8, 1.00
M, 803179, 402050, 1039840, 1097977, 382203, 166916, 572216, 143168, 37.6, 44.8, 1.00
M, 803491, 402150, 1040530, 1098472, 382344, 166988, 572348, 143160, 37.6, 44.8, 1.00
M, 803689, 402164, 1040930, 1098528, 382382, 166995, 572415, 143162, 37.6, 44.8, 1.01
M, 803482, 402121, 1040561, 1098589, 382424, 166963, 572521, 143184, 37.6, 44.8, 0.99
M, 803551, 402252, 1041057, 1098744, 382400, 166974, 572518, 143242, 37.6, 44.8, 1.00
M, 803447, 402220, 1041032, 1098674, 382472, 167051, 572533, 143181, 37.6, 44.8, 1.01
M, 803886, 402328, 1041677, 1098994, 382616, 167099, 572712, 143159, 37.6, 44.8, 1.00
M, 803652, 402345, 1041397, 1098602, 382595, 167093, 572703, 143166, 37.6, 44.8, 1.00
M, 803755, 402324, 1041809, 1099049, 382649, 167157, 572849, 143231, 37.6, 44.8, 1.00
M, 803399, 402322, 1041118, 1098496, 382656, 167028, 572800, 143132, 37.6, 44.8, 1.01
M, 803373, 402268, 1041533, 1098578, 382660, 167088, 572829, 143187, 37.6, 44.8, 0.99
M, 803243, 402374, 1041479, 1098382, 382780, 167126, 572877, 143141, 37.6, 44.8, 1.01
M, 803206, 402305, 1041602, 1098240, 382666, 167042, 572896, 143110, 37.6, 44.8, 1.00
M, 803452, 402302, 1042044, 1098923, 382722, 167175, 573011, 143170, 37.6, 44.8, 1.01
M, 804984, 402604, 1044454, 1100906, 383121, 167471, 573374, 143550, 37.6, 44.8, 1.00
M, 804974, 402764, 1044240, 1100617, 383129, 167465, 573453, 143496, 37.6, 44.8, 1.00
M, 805056, 402824, 1044795, 1100839, 383260, 167456, 573536, 143539, 37.6, 44.8, 1.01
M, 804602, 402867, 1044311, 1100215, 383206, 167402, 573492, 143300, 37.6, 44.8, 1.00
M, 804338, 402736, 1044152, 1100122, 383048, 167355, 573447, 143348, 37.6, 44.8, 1.00
M, 804239, 402709, 1044155, 1100109, 383170, 167413, 573505, 143349, 37.6, 44.8, 1.00
M, 804469, 402774, 1044594, 1100380, 383244, 167451, 573633, 143366, 37.6, 44.8, 1.01
M, 804318, 402761, 1044680, 1100243, 383266, 167394, 573604, 143380, 37.6, 44.8, 0.99
M, 804649, 402838, 1045236, 1100744, 383374, 167497, 573761, 143500, 37.6, 44.8, 1.00
M, 804715, 402876, 1045466, 1100685, 383373, 167473, 573838, 143394, 37.6, 44.8, 0.99
M, 804568, 402883, 1045463, 1100584, 383404, 167529, 573871, 143450, 37.6, 44.8, 1.01
M, 804699, 402925, 1045640, 1100811, 383414, 167615, 573877, 143454, 37.6, 44.8, 1.01
M, 804645, 402928, 1045897, 1100755, 383494, 167576, 573961, 143495, 37.6, 44.8, 1.00
M, 804598, 402982, 1045793, 1100555, 383518, 167610, 573976, 143440, 37.6, 44.8, 1.01
M, 804270, 402924, 1045686, 1100329, 383489, 167523, 573946, 143396, 37.6, 44.8, 1.01
M, 804567, 402910, 1046178, 1100658, 383497, 167574, 573994, 143419, 37.6, 44.8, 1.00
M, 804059, 402854, 1045730, 1100092, 383531, 167440, 574054, 143340, 37.6, 44.8, 1.00
M, 804005, 402818, 1045791, 1100221, 383473, 167561, 574041, 143397, 37.6, 44.8, 1.00
M, 803903, 402867, 1045424, 1099938, 383584, 167466, 574100, 143344, 37.6, 44.8, 1.01
M, 803810, 402702, 1045619, 1099768, 383486, 167438, 574042, 143284, 37.6, 44.8, 1.00
M, 805374, 402996, 1048018, 1101949, 383836, 167757, 574411, 143678, 37.6, 44.8, 0.98
M, 804856, 403020, 1047396, 1101207, 383803, 167700, 574375, 143523, 37.6, 44.8, 1.00
M, 804248, 402866, 1046443, 1100604, 383638, 167587, 574315, 143345, 37.6, 44.8, 1.00
M, 804231, 402855, 1046828, 1100411, 383590, 167638, 574317, 143370, 37.6, 44.8, 1.00
M, 803922, 402762, 1046182, 1099859, 383675, 167541, 574288, 143301, 37.6, 44.8, 1.01
M, 803719, 402651, 1046284, 1099740, 383687, 167547, 574319, 143334, 37.6, 44.8, 1.00
M, 804077, 402794, 1046978, 1100540, 383744, 167645, 574461, 143407, 37.6, 44.8, 1.00
M, 804184, 402854, 1047353, 1100661, 383805, 167668, 574512, 143439, 37.6, 44.8, 1.00
M, 804470, 402789, 1047501, 1100759, 383874, 167689, 574604, 143518, 37.6, 44.8, 1.00
M, 804870, 402912, 1048434, 1101288, 383936, 167797, 574743, 143509, 37.6, 44.8, 1.00
M, 804952, 403016, 1048613, 1101520, 384039, 167772, 574865, 143502, 37.6, 44.8, 1.00
M, 804938, 402970, 1048613, 1101392, 384047, 167762, 574816, 143517, 37.6, 44.8, 1.00
M, 805323, 403110, 1049027, 1101960, 384148, 167840, 574924, 143573, 37.6, 44.8, 1.00
M, 805093, 403077, 1049207, 1101889, 384142, 167825, 574966, 143555, 37.6, 44.8, 1.01
M, 805374, 403183, 1049649, 1102229, 384195, 167950, 575107, 143614, 37.6, 44.8, 1.00
M, 805501, 403203, 1049885, 1101996, 384307, 167903, 575153, 143637, 37.6, 44.8, 1.00
M, 805484, 403184, 1050011, 1102154, 384207, 167943, 575191, 143611, 37.6, 44.8, 0.99
M, 805259, 403253, 1049931, 1101924, 384377, 167978, 575252, 143591, 37.6, 44.8, 0.99
M, 805323, 403226, 1050010, 1102033, 384256, 167977, 575152, 143609, 37.6, 44.8, 1.00
M, 805173, 403329, 1050078, 1101963, 384391, 167938, 575252, 143560, 37.6, 44.8, 0.98
M, 806259, 403411, 1051529, 1103201, 384536, 168100, 575493, 143799, 37.6, 44.8, 1.00
M, 805973, 403436, 1051588, 1102940, 384585, 168078, 575540, 143732, 37.6, 44.8, 1.01
M, 805930, 403497, 1051668, 1102999, 384500, 168066, 575496, 143743, 37.6, 44.8, 1.01
M, 805810, 403435, 1051556, 1102912, 384537, 168172, 575461, 143698, 37.6, 44.8, 1.01
M, 805963, 403448, 1052085, 1103229, 384676, 168273, 575607, 143779, 37.6, 44.8, 1.01
M, 806008, 403606, 1052146, 1103058, 384550, 168145, 575629, 143773, 37.6, 44.8, 1.00
M, 806458, 403655, 1052676, 1103352, 384716, 168229, 575751, 143758, 37.6, 44.8, 1.01
M, 806000, 403577, 1052554, 1103287, 384729, 168196, 575699, 143818, 37.6, 44.8, 1.00
M, 806280, 403666, 1052910, 1103446, 384767, 168265, 575809, 143791, 37.6, 44.8, 1.00
M, 806034, 403595, 1052642, 1103292, 384777, 168233, 575778, 143738, 37.6, 44.8, 1.00
M, 806404, 403704, 1053522, 1103724, 384809, 168390, 575938, 143797, 37.6, 44.8, 0.99
M, 806486, 403765, 1053650, 1103463, 384864, 168291, 575903, 143825, 37.6, 44.8, 1.00
M, 806349, 403688, 1053584, 1103343, 384851, 168325, 575988, 143807, 37.6, 44.8, 1.00
M, 806308, 403726, 1053949, 1103715, 384915, 168342, 575968, 143848, 37.6, 44.8, 0.99
M, 806210, 403707, 1053892, 1103580, 384866, 168362, 575932, 143830, 37.6, 44.8, 1.01
M, 806444, 403731, 1054382, 1103771, 384896, 168432, 576041, 143848, 37.6, 44.8, 1.00
M, 806539, 403796, 1054509, 1103696, 384996, 168431, 576102, 143823, 37.6, 44.8, 0.98
M, 806214, 403772, 1054430, 1103473, 384996, 168454, 576125, 143779, 37.6, 44.8, 0.99
M, 806047, 403860, 1054258, 1103236, 385006, 168339, 576136, 143735, 37.6, 44.8, 1.00
M, 805986, 403699, 1054048, 1103280, 384951, 168412, 576094, 143797, 37.6, 44.8, 0.99
M, 807552, 403946, 1056788, 1105407, 385229, 168668, 576397, 144142, 37.6, 44.8, 1.01
M, 807048, 404034, 1056217, 1104780, 385280, 168614, 576476, 144001, 37.6, 44.8, 1.00
M, 806585, 403961, 1055740, 1103984, 385136, 168494, 576328, 143843, 37.6, 44.8, 1.01
M, 806057, 403834, 1054957, 1103210, 385087, 168388, 576169, 143759, 37.6, 44.8, 0.99
M, 805115, 403660, 1053966, 1102461, 384883, 168353, 576000, 143672, 37.6, 44.8, 1.00
M, 805235, 403601, 1054030, 1102309, 384907, 168327, 576077, 143679, 37.6, 44.8, 1.00
M, 805209, 403533, 1054115, 1102631, 384933, 168389, 576106, 143713, 37.6, 44.8, 1.01
M, 805780, 403566, 1055194, 1103142, 385041, 168383, 576286, 143823, 37.6, 44.8, 1.00
M, 806067, 403647, 1055516, 1103119, 385166, 168455, 576334, 143789, 37.6, 44.8, 0.99
M, 806092, 403678, 1055875, 1103225, 385154, 168495, 576429, 143862, 37.7, 44.8, 1.01
M, 806032, 403686, 1055891, 1103541, 385115, 168507, 576462, 143890, 37.7, 44.8, 1.01
M, 806366, 403758, 1056598, 1103965, 385224, 168562, 576524, 143907, 37.7, 44.8, 1.00
M, 806516, 403842, 1056759, 1103978, 385282, 168580, 576621, 143972, 37.7, 44.8, 1.00
M, 806678, 403850, 1057351, 1104276, 385367, 168648, 576731, 144039, 37.7, 44.8, 1.01
M, 806750, 403885, 1057625, 1104378, 385423, 168673, 576779, 144031, 37.7, 44.8, 1.00
M, 806711, 403901, 1057597, 1104349, 385459, 168642, 576746, 143952, 37.7, 44.8, 1.00
M, 806835, 404029, 1057771, 1104582, 385485, 168714, 576808, 143996, 37.7, 44.8, 0.99
M, 806668, 404001, 1057821, 1104276, 385515, 168714, 576833, 143939, 37.7, 44.8, 1.01
M, 806720, 403934, 1057816, 1104035, 385442, 168677, 576760, 143945, 37.7, 44.8, 1.00
M, 806358, 403938, 1057747, 1103888, 385432, 168630, 576777, 143916, 37.7, 44.8, 1.01
