State, OV, Alc, H2, AC1, NH3, AC2, VOC, LP, Temp, Hud, AirFlow
A, 613194, 307265, 956554, 849096, 299889, 159107, 448157, 138822, 39.3, 38.5, 0.00
A, 602534, 304820, 938768, 836144, 297075, 156853, 444913, 136558, 39.3, 38.5, 0.56
A, 593596, 302378, 922590, 824251, 294786, 154768, 442369, 134528, 39.3, 38.5, 0.75
A, 586892, 300544, 909801, 815424, 292943, 153016, 440851, 133015, 39.1, 38.4, 0.83
A, 581885, 299203, 899519, 809066, 291876, 151601, 440047, 131981, 39.1, 38.4, 0.90
A, 578241, 298275, 890654, 803848, 291060, 150349, 439642, 131185, 39.0, 38.3, 0.92
A, 575755, 297649, 883267, 800055, 290561, 149276, 439398, 130731, 39.0, 38.3, 0.96
A, 574082, 297211, 876301, 797025, 290261, 148214, 439540, 130199, 38.9, 38.2, 0.97
A, 573176, 296958, 871219, 795320, 290094, 147468, 439563, 129965, 38.9, 38.2, 0.98
A, 572830, 296790, 865981, 794080, 290032, 146636, 439851, 129861, 38.8, 38.1, 0.99
A, 573006, 296697, 862979, 793910, 290014, 146229, 440131, 129775, 38.8, 38.1, 0.99
A, 573942, 296766, 860706, 794320, 290229, 145793, 440520, 129860, 38.8, 38.1, 0.99
A, 574893, 296909, 858309, 794971, 290380, 145396, 441036, 129880, 38.8, 38.1, 0.99
A, 576301, 297112, 856159, 795867, 290827, 144936, 441690, 129920, 38.8, 38.1, 1.00
A, 577723, 297335, 854340, 796873, 291068, 144637, 442292, 129962, 38.7, 38.0, 0.99
A, 579119, 297679, 853052, 798291, 291413, 144431, 442843, 130041, 38.7, 38.0, 1.00
A, 580691, 298062, 851775, 799662, 291863, 144224, 443553, 130189, 38.6, 37.9, 1.00
A, 582371, 298353, 850645, 801207, 292187, 144149, 444105, 130380, 38.6, 37.9, 1.00
A, 584466, 298876, 850510, 803151, 292733, 143998, 444937, 130594, 38.6, 37.9, 1.00
A, 586560, 299368, 849929, 805102, 293240, 143874, 445723, 130659, 38.6, 37.9, 1.01
A, 589932, 300101, 851653, 808713, 294033, 144007, 446762, 131154, 38.5, 37.9, 0.99
A, 591643, 300787, 851265, 810607, 294533, 143943, 447566, 131224, 38.5, 37.9, 1.00
A, 593240, 301278, 850560, 812199, 294977, 143893, 448173, 131317, 38.5, 37.8, 1.00
A, 595076, 301890, 850280, 814003, 295497, 143856, 448911, 131453, 38.5, 37.8, 0.99
A, 596911, 302466, 849849, 815595, 295995, 143861, 449626, 131643, 38.4, 37.8, 0.99
A, 598923, 303164, 849764, 817716, 296653, 143806, 450431, 131672, 38.4, 37.8, 0.99
A, 600358, 303838, 849307, 819351, 297028, 143747, 451076, 131783, 38.4, 37.8, 0.99
A, 602073, 304383, 848971, 821097, 297465, 143793, 451747, 131869, 38.4, 37.8, 1.00
A, 603567, 305091, 848172, 822416, 298006, 143675, 452478, 131850, 38.4, 37.8, 0.99
A, 604488, 305493, 847601, 823653, 298264, 143668, 452893, 131922, 38.4, 37.8, 1.00
A, 606405, 306315, 847011, 825406, 298914, 143608, 453693, 131968, 38.3, 37.7, 1.00
A, 607595, 306733, 847024, 826847, 299220, 143580, 454211, 132033, 38.3, 37.7, 0.99
A, 609282, 307420, 847244, 828633, 299711, 143690, 454879, 132240, 38.3, 37.7, 1.00
A, 610920, 308122, 847409, 830539, 300248, 143707, 455574, 132376, 38.3, 37.7, 1.01
A, 612493, 308755, 847495, 832139, 300688, 143774, 456201, 132520, 38.3, 37.7, 1.00
A, 614262, 309524, 847894, 833995, 301221, 143823, 456955, 132651, 38.3, 37.7, 1.00
A, 615961, 310262, 847978, 835860, 301804, 143849, 457661, 132689, 38.3, 37.7, 1.00
A, 617270, 310855, 848010, 837215, 302186, 143944, 458277, 132740, 38.2, 37.7, 0.99
A, 618442, 311472, 847848, 838696, 302596, 144012, 458835, 132786, 38.2, 37.7, 1.00
A, 619977, 312222, 848182, 840477, 303078, 144044, 459437, 132883, 38.2, 37.7, 0.99
A, 623079, 313233, 850669, 843886, 303896, 144298, 460483, 133285, 38.2, 37.7, 1.00
A, 623821, 313911, 850016, 844758, 304344, 144256, 460995, 133260, 38.2, 37.7, 1.00
A, 624764, 314585, 849878, 846109, 304665, 144213, 461442, 133282, 38.2, 37.7, 1.00
A, 625610, 315139, 849581, 847127, 304979, 144298, 461990, 133296, 38.2, 37.7, 1.00
A, 626464, 315719, 849335, 848049, 305329, 144392, 462392, 133342, 38.2, 37.7, 1.00
A, 627462, 316355, 849154, 849203, 305707, 144371, 462857, 133410, 38.2, 37.7, 1.01
A, 628760, 317026, 849355, 850436, 306146, 144422, 463502, 133423, 38.2, 37.7, 0.99
A, 629502, 317569, 848937, 851282, 306445, 144315, 463862, 133397, 38.1, 37.6, 1.00
A, 630443, 318208, 849119, 852746, 306789, 144464, 464371, 133498, 38.1, 37.6, 1.00
A, 631131, 318796, 848467, 853550, 307095, 144438, 464896, 133517, 38.1, 37.7, 1.01
A, 631874, 319236, 848404, 854393, 307384, 144460, 465237, 133555, 38.1, 37.7, 0.99
A, 632915, 320012, 848308, 855650, 307864, 144467, 465756, 133534, 38.1, 37.7, 1.01
A, 633528, 320435, 848230, 856366, 308010, 144507, 466130, 133516, 38.1, 37.7, 0.99
A, 634422, 320918, 848469, 857596, 308365, 144596, 466556, 133672, 38.1, 37.7, 1.00
A, 634943, 321454, 847867, 858303, 308630, 144577, 466983, 133633, 38.1, 37.7, 1.00
A, 636005, 321916, 848301, 859501, 308985, 144612, 467457, 133755, 38.1, 37.7, 1.00
A, 637152, 322598, 848842, 860860, 309365, 144686, 467962, 133788, 38.1, 37.7, 1.00
A, 638111, 323149, 849058, 861919, 309685, 144684, 468345, 133812, 38.1, 37.7, 1.00
A, 638651, 323630, 848837, 862805, 309957, 144764, 468743, 133853, 38.0, 37.7, 1.01
A, 639111, 324027, 848582, 863574, 310264, 144771, 469132, 133946, 38.0, 37.7, 1.00
A, 641876, 324816, 851518, 866817, 310892, 145180, 469939, 134385, 38.0, 37.7, 0.99
A, 642532, 325464, 851592, 867597, 311199, 145102, 470341, 134346, 38.0, 37.7, 1.00
A, 643493, 326022, 851726, 868554, 311532, 145235, 470815, 134305, 38.0, 37.7, 0.99
A, 643877, 326465, 851542, 869240, 311801, 145223, 471102, 134342, 38.0, 37.7, 1.00
A, 644537, 326993, 851528, 870235, 312089, 145286, 471507, 134320, 38.0, 37.7, 1.00
A, 644951, 327493, 851615, 870869, 312293, 145356, 471783, 134435, 38.0, 37.7, 1.00
A, 645548, 327926, 851888, 871931, 312600, 145423, 472202, 134411, 38.0, 37.7, 1.01
A, 646136, 328398, 851734, 872365, 312819, 145395, 472541, 134415, 38.0, 37.7, 1.00
A, 646488, 328802, 851535, 872936, 312990, 145405, 472821, 134403, 38.0, 37.7, 0.99
A, 647051, 329249, 851648, 873924, 313272, 145487, 473072, 134473, 38.0, 37.7, 1.01
A, 647342, 329661, 850899, 873983, 313489, 145451, 473432, 134390, 37.9, 37.7, 1.00
A, 647532, 329898, 850909, 874540, 313655, 145465, 473603, 134421, 37.9, 37.7, 1.00
A, 648065, 330432, 850789, 875261, 313918, 145480, 474076, 134409, 37.9, 37.7, 1.00
A, 648370, 330672, 850754, 875459, 313974, 145462, 474220, 134356, 37.9, 37.7, 0.99
A, 648995, 331051, 851125, 876632, 314290, 145561, 474526, 134442, 37.9, 37.7, 1.00
A, 649457, 331469, 851213, 877374, 314481, 145577, 474850, 134433, 37.9, 37.7, 1.00
A, 649790, 331720, 851010, 877877, 314650, 145665, 475035, 134493, 37.9, 37.7, 1.01
A, 650371, 332158, 851003, 878375, 314904, 145631, 475401, 134502, 37.9, 37.7, 0.99
A, 650937, 332599, 851293, 879177, 315148, 145687, 475663, 134534, 37.9, 37.7, 0.99
A, 651209, 332775, 851150, 879685, 315285, 145713, 475923, 134481, 37.9, 37.8, 1.00
A, 653078, 333387, 853492, 882061, 315741, 146005, 476427, 134844, 37.9, 37.8, 0.99
A, 653498, 333777, 853403, 882632, 316066, 146015, 476853, 134827, 37.9, 37.7, 1.00
A, 653556, 334103, 853203, 882939, 316194, 146015, 477044, 134840, 37.9, 37.7, 1.00
A, 654023, 334443, 853396, 883631, 316352, 146157, 477305, 134848, 37.9, 37.7, 1.00
A, 654385, 334825, 853390, 884012, 316521, 146123, 477532, 134761, 37.9, 37.7, 1.01
A, 654379, 335015, 852872, 884133, 316674, 146100, 477680, 134689, 37.8, 37.8, 1.00
A, 654668, 335352, 852932, 884741, 316801, 146142, 477973, 134778, 37.8, 37.8, 1.00
A, 654843, 335602, 852760, 885054, 316983, 146157, 478180, 134801, 37.8, 37.8, 1.01
A, 655286, 335886, 853035, 885693, 317150, 146241, 478378, 134838, 37.8, 37.8, 1.00
A, 655529, 336235, 852660, 885877, 317364, 146233, 478621, 134702, 37.8, 37.8, 1.00
A, 655606, 336366, 852382, 886117, 317447, 146269, 478785, 134737, 37.8, 37.8, 0.99
A, 655669, 336660, 852224, 886374, 317554, 146236, 479020, 134682, 37.8, 37.8, 0.99
A, 655824, 336806, 852167, 886799, 317611, 146261, 479134, 134699, 37.8, 37.8, 1.00
A, 656007, 337214, 851601, 886863, 317837, 146238, 479400, 134658, 37.8, 37.8, 1.01
A, 656136, 337320, 851725, 887125, 317881, 146196, 479509, 134663, 37.8, 37.8, 1.01
A, 656504, 337465, 851978, 887852, 318068, 146285, 479749, 134687, 37.8, 37.8, 1.00
A, 656733, 337677, 852011, 888262, 318207, 146303, 479846, 134718, 37.8, 37.8, 1.00
A, 657037, 337829, 851910, 888650, 318351, 146329, 480136, 134721, 37.8, 37.8, 1.00
A, 657512, 338198, 852388, 889331, 318510, 146401, 480383, 134742, 37.8, 37.8, 1.00
A, 657792, 338428, 852153, 889666, 318648, 146444, 480523, 134771, 37.8, 37.8, 0.99
A, 659414, 338770, 854356, 891813, 319046, 146669, 481082, 135091, 37.8, 37.8, 1.01
A, 659734, 339058, 854476, 892322, 319250, 146619, 481325, 135036, 37.8, 37.8, 1.01
A, 659638, 339273, 854102, 892418, 319326, 146661, 481412, 134968, 37.8, 37.8, 0.99
A, 659720, 339507, 854001, 892622, 319481, 146701, 481574, 134996, 37.8, 37.8, 1.00
A, 659967, 339666, 853907, 892915, 319546, 146774, 481720, 134986, 37.8, 37.8, 1.00
A, 660262, 339909, 853982, 893162, 319715, 146757, 481914, 134918, 37.8, 37.8, 1.00
A, 660191, 340044, 853693, 893280, 319834, 146748, 482018, 134907, 37.7, 37.9, 0.99
A, 660413, 340201, 853811, 893727, 319912, 146802, 482201, 134935, 37.7, 37.9, 1.00
A, 660273, 340354, 853544, 893831, 319952, 146740, 482331, 134884, 37.7, 37.9, 1.01
A, 660168, 340440, 853001, 893799, 319986, 146788, 482368, 134856, 37.7, 37.9, 1.00
A, 660565, 340723, 853079, 893996, 320155, 146789, 482603, 134791, 37.7, 37.9, 1.01
A, 660551, 340723, 852996, 894217, 320190, 146760, 482726, 134806, 37.7, 37.9, 1.00
A, 660546, 340999, 852794, 894364, 320385, 146816, 482896, 134797, 37.7, 37.9, 0.98
A, 660482, 341020, 852588, 894639, 320334, 146803, 482942, 134766, 37.7, 37.9, 1.00
A, 661063, 341196, 853009, 895229, 320542, 146861, 483192, 134805, 37.7, 37.9, 1.00
A, 661414, 341334, 853213, 895705, 320715, 146894, 483284, 134816, 37.7, 37.9, 1.00
A, 661599, 341544, 853226, 895911, 320807, 146913, 483458, 134819, 37.7, 37.9, 1.00
A, 661582, 341678, 852921, 895969, 320910, 146869, 483569, 134788, 37.7, 37.9, 1.00
A, 661602, 341750, 852961, 896375, 320894, 146887, 483653, 134818, 37.7, 37.9, 1.00
A, 662008, 341912, 853302, 896938, 321073, 146891, 483938, 134809, 37.7, 37.9, 1.00
A, 663548, 342211, 855477, 898982, 321446, 147221, 484362, 135154, 37.7, 37.9, 1.00
A, 664110, 342601, 855714, 899442, 321632, 147336, 484633, 135190, 37.7, 37.9, 1.01
A, 663931, 342704, 855250, 899291, 321758, 147246, 484684, 134995, 37.7, 37.9, 1.00
A, 663706, 342796, 854899, 899179, 321795, 147246, 484799, 134979, 37.7, 38.0, 1.00
A, 663854, 342989, 855000, 899377, 321814, 147336, 484930, 135035, 37.7, 38.0, 0.99
A, 663671, 343021, 854561, 899459, 321912, 147280, 484942, 134966, 37.7, 38.0, 1.00
A, 664019, 343101, 854771, 899845, 322020, 147328, 485136, 135050, 37.7, 38.0, 0.99
A, 663963, 343200, 854763, 899981, 322080, 147344, 485235, 134971, 37.7, 38.0, 0.99
A, 664209, 343391, 854755, 900233, 322162, 147368, 485341, 134943, 37.7, 38.0, 1.00
A, 664108, 343474, 854522, 900280, 322250, 147334, 485395, 134913, 37.7, 38.0, 1.00
A, 664140, 343615, 854617, 900512, 322318, 147393, 485536, 134912, 37.7, 38.0, 1.00
A, 664099, 343746, 853951, 900339, 322359, 147284, 485651, 134887, 37.7, 38.0, 1.00
A, 663824, 343658, 853618, 900112, 322364, 147355, 485626, 134749, 37.7, 38.0, 1.00
A, 663785, 343807, 853402, 900208, 322444, 147278, 485757, 134755, 37.7, 38.0, 0.99
A, 663828, 343766, 853416, 900350, 322447, 147329, 485789, 134746, 37.7, 38.0, 1.00
A, 664216, 343934, 853784, 901015, 322545, 147410, 485974, 134794, 37.7, 38.0, 1.00
A, 664509, 344002, 853847, 901300, 322651, 147327, 486150, 134833, 37.6, 38.0, 1.00
A, 664501, 344101, 853279, 901025, 322758, 147323, 486281, 134773, 37.6, 38.0, 1.00
A, 664418, 344156, 853468, 901321, 322779, 147392, 486300, 134807, 37.6, 38.0, 1.00
A, 664859, 344144, 853983, 902078, 322905, 147403, 486435, 134748, 37.6, 38.0, 1.00
A, 666585, 344632, 856288, 904100, 323209, 147728, 486881, 135118, 37.6, 38.1, 0.99
A, 666806, 344881, 856296, 904273, 323492, 147758, 487067, 135126, 37.6, 38.1, 1.00
A, 666695, 345008, 855980, 904383, 323511, 147750, 487203, 135068, 37.6, 38.1, 0.99
A, 666820, 345101, 856095, 904447, 323587, 147788, 487311, 135034, 37.6, 38.1, 1.00
A, 666625, 345096, 855779, 904395, 323638, 147736, 487345, 135008, 37.6, 38.1, 1.00
A, 666664, 345181, 855730, 904566, 323630, 147792, 487385, 134903, 37.6, 38.1, 1.00
A, 666482, 345261, 855546, 904644, 323674, 147766, 487436, 134869, 37.6, 38.1, 1.01
A, 666586, 345359, 855657, 904847, 323729, 147797, 487536, 134952, 37.6, 38.1, 1.00
A, 666766, 345443, 855638, 904910, 323779, 147811, 487622, 134966, 37.6, 38.1, 0.98
A, 667008, 345516, 855793, 905189, 323912, 147851, 487790, 134905, 37.6, 38.1, 0.99
A, 666751, 345620, 855427, 905098, 323911, 147833, 487840, 134911, 37.6, 38.1, 1.00
A, 666875, 345565, 855483, 905290, 323982, 147803, 487938, 134894, 37.6, 38.1, 0.99
A, 666552, 345727, 855008, 905071, 324076, 147833, 487944, 134743, 37.6, 38.1, 1.00
A, 666591, 345643, 854895, 905129, 323976, 147895, 487933, 134780, 37.6, 38.1, 1.00
A, 666686, 345797, 854541, 905002, 324122, 147838, 488104, 134689, 37.6, 38.1, 0.99
A, 666664, 345806, 854677, 905242, 324088, 147795, 488191, 134722, 37.6, 38.1, 1.00
A, 666893, 345824, 854880, 905654, 324173, 147853, 488245, 134728, 37.6, 38.1, 1.00
A, 666841, 345939, 855082, 905887, 324252, 147873, 488357, 134768, 37.6, 38.2, 1.01
A, 667040, 345959, 854754, 905875, 324273, 147794, 488434, 134744, 37.6, 38.2, 1.00
A, 667481, 346074, 855521, 906612, 324338, 147956, 488599, 134849, 37.6, 38.2, 1.00
A, 669440, 346537, 858288, 908928, 324865, 148298, 489105, 135159, 37.6, 38.2, 1.00
A, 669260, 346625, 857814, 908707, 324953, 148289, 489224, 135135, 37.6, 38.2, 1.00
A, 669199, 346759, 857753, 908899, 324988, 148300, 489209, 135043, 37.6, 38.2, 0.99
A, 668932, 346806, 857446, 908635, 325011, 148283, 489265, 134978, 37.6, 38.2, 1.01
A, 668668, 346737, 856930, 908465, 324947, 148280, 489249, 134970, 37.6, 38.2, 1.01
A, 668712, 346795, 856796, 908438, 324964, 148222, 489298, 134932, 37.6, 38.2, 1.00
A, 668968, 346930, 857220, 908890, 325115, 148244, 489466, 134923, 37.6, 38.2, 0.99
A, 668751, 346906, 856925, 908762, 325137, 148363, 489380, 134900, 37.6, 38.2, 0.99
A, 668736, 347049, 856835, 908730, 325153, 148320, 489486, 134885, 37.6, 38.2, 1.00
A, 668745, 347010, 856836, 908848, 325232, 148336, 489601, 134937, 37.6, 38.2, 0.99
A, 668666, 347094, 856625, 908730, 325257, 148292, 489635, 134876, 37.6, 38.2, 1.01
A, 668682, 347087, 856447, 908517, 325220, 148289, 489687, 134806, 37.6, 38.2, 0.99
A, 668670, 347104, 856552, 908909, 325267, 148317, 489716, 134813, 37.6, 38.2, 1.01
A, 668437, 347125, 855994, 908607, 325323, 148237, 489709, 134748, 37.6, 38.2, 1.00
A, 668309, 347042, 855914, 908711, 325279, 148286, 489688, 134795, 37.6, 38.2, 1.00
A, 668492, 347262, 855904, 908714, 325413, 148311, 489904, 134659, 37.5, 38.2, 0.99
A, 668322, 347124, 855672, 908608, 325365, 148322, 489823, 134627, 37.5, 38.2, 1.00
A, 668504, 347136, 855792, 908820, 325409, 148287, 489889, 134695, 37.5, 38.2, 0.99
A, 668761, 347242, 856098, 909123, 325452, 148314, 490035, 134693, 37.5, 38.3, 1.00
A, 668742, 347232, 856129, 909389, 325570, 148431, 490107, 134699, 37.5, 38.3, 1.00
A, 670759, 347619, 858978, 912061, 326027, 148717, 490619, 135168, 37.5, 38.3, 1.00
A, 670698, 347870, 858563, 911615, 326094, 148701, 490723, 135010, 37.5, 38.3, 0.99
A, 670296, 347762, 857722, 910969, 326023, 148596, 490630, 134871, 37.5, 38.3, 1.00
A, 669832, 347802, 857507, 910950, 325925, 148624, 490575, 134834, 37.5, 38.3, 0.99
A, 669881, 347811, 857587, 911251, 325971, 148664, 490721, 134850, 37.5, 38.3, 1.00
A, 670018, 347846, 857380, 911046, 326058, 148686, 490652, 134827, 37.5, 38.3, 0.99
A, 670215, 347928, 857878, 911499, 326127, 148653, 490767, 134860, 37.5, 38.3, 1.00
A, 670202, 347961, 857895, 911543, 326138, 148725, 490879, 134805, 37.5, 38.3, 1.01
A, 670141, 347955, 857685, 911487, 326113, 148683, 490904, 134791, 37.5, 38.3, 1.00
A, 669970, 348008, 857478, 911452, 326128, 148733, 490947, 134806, 37.5, 38.3, 1.01
A, 670258, 348087, 857839, 911792, 326238, 148724, 491019, 134799, 37.5, 38.3, 0.99
A, 670197, 348001, 857345, 911480, 326259, 148686, 491062, 134762, 37.5, 38.3, 1.00
A, 670170, 348026, 857380, 911490, 326276, 148640, 491091, 134751, 37.5, 38.3, 0.99
A, 670180, 348143, 857636, 911907, 326359, 148662, 491214, 134659, 37.5, 38.3, 1.00
A, 669887, 348109, 857034, 911390, 326349, 148664, 491175, 134646, 37.5, 38.3, 0.99
A, 669806, 348128, 856734, 911403, 326260, 148659, 491195, 134678, 37.5, 38.3, 1.00
A, 669703, 348138, 856818, 911360, 326392, 148693, 491235, 134588, 37.5, 38.4, 1.01
A, 669442, 348039, 856257, 911019, 326334, 148618, 491265, 134552, 37.5, 38.4, 0.99
A, 669849, 348141, 856846, 911667, 326392, 148640, 491253, 134597, 37.5, 38.4, 1.00
A, 670053, 348096, 857081, 911964, 326495, 148728, 491451, 134644, 37.5, 38.4, 1.00
A, 671396, 348350, 859120, 913854, 326767, 148976, 491829, 134973, 37.5, 38.4, 1.00
A, 672058, 348708, 859874, 914563, 326986, 149077, 492019, 135010, 37.5, 38.4, 1.01
A, 672361, 348851, 860144, 914642, 327105, 149136, 492107, 134969, 37.5, 38.4, 1.01
A, 672325, 348872, 859993, 914655, 327115, 149153, 492228, 134911, 37.5, 38.4, 0.99
A, 672344, 348929, 860124, 914919, 327103, 149158, 492232, 134946, 37.5, 38.4, 1.00
A, 672695, 349028, 860749, 915366, 327317, 149235, 492388, 134996, 37.5, 38.4, 1.00
A, 672670, 349148, 860760, 915518, 327315, 149252, 492350, 134959, 37.5, 38.4, 1.00
A, 672890, 349142, 861183, 915913, 327433, 149316, 492489, 135048, 37.5, 38.4, 1.01
A, 673074, 349294, 861236, 915948, 327506, 149366, 492525, 135022, 37.5, 38.4, 1.01
A, 672999, 349333, 861215, 915950, 327447, 149339, 492583, 135010, 37.5, 38.4, 1.00
A, 672997, 349407, 861448, 916190, 327540, 149373, 492704, 134992, 37.5, 38.4, 1.00
A, 672993, 349410, 861441, 916120, 327554, 149482, 492629, 134991, 37.5, 38.4, 1.01
A, 673205, 349525, 861754, 916517, 327630, 149461, 492775, 135025, 37.5, 38.4, 1.00
A, 673230, 349632, 861834, 916460, 327616, 149501, 492862, 134984, 37.5, 38.4, 0.99
A, 673049, 349536, 861788, 916368, 327665, 149453, 492860, 134889, 37.5, 38.4, 1.01
A, 672971, 349699, 861568, 916212, 327685, 149488, 492879, 134910, 37.5, 38.5, 1.00
A, 672912, 349613, 861618, 916420, 327618, 149509, 492874, 134956, 37.5, 38.5, 0.99
A, 673085, 349701, 861897, 916649, 327751, 149592, 493006, 134972, 37.5, 38.5, 1.00
A, 673212, 349774, 862112, 916756, 327782, 149658, 493010, 135003, 37.5, 38.5, 1.00
A, 673227, 349800, 862373, 916954, 327784, 149636, 493074, 134929, 37.5, 38.5, 1.00
A, 674364, 350025, 863952, 918263, 328093, 149838, 493313, 135138, 37.5, 38.5, 1.00
A, 673759, 350047, 862985, 917501, 327992, 149738, 493252, 135014, 37.5, 38.5, 1.00
A, 673364, 350001, 862616, 917096, 327932, 149709, 493217, 134971, 37.5, 38.5, 1.00
A, 672928, 349928, 862031, 916651, 327855, 149687, 493140, 134825, 37.5, 38.5, 0.99
A, 672750, 349871, 861955, 916522, 327817, 149679, 493116, 134859, 37.4, 38.5, 0.99
A, 672975, 349855, 861968, 916730, 327895, 149686, 493165, 134828, 37.4, 38.5, 1.01
A, 672870, 349866, 862170, 916711, 327857, 149661, 493193, 134850, 37.5, 38.5, 0.99
A, 673003, 349946, 862421, 917059, 327952, 149709, 493334, 134893, 37.5, 38.5, 0.99
A, 672991, 349988, 862492, 917101, 327893, 149763, 493313, 134893, 37.5, 38.5, 1.00
A, 673352, 350065, 862650, 917342, 328054, 149812, 493401, 134972, 37.5, 38.5, 1.00
A, 673280, 350117, 862887, 917476, 328130, 149849, 493445, 134896, 37.4, 38.5, 1.01
A, 673340, 350057, 862985, 917457, 328062, 149829, 493495, 134845, 37.4, 38.5, 1.00
A, 673255, 350102, 862935, 917389, 328085, 149801, 493473, 134793, 37.4, 38.5, 0.99
A, 673103, 350113, 862861, 917448, 328064, 149856, 493470, 134801, 37.4, 38.5, 1.01
A, 673267, 350191, 862902, 917409, 328220, 149841, 493537, 134832, 37.4, 38.5, 1.00
A, 673189, 350080, 862677, 917258, 328157, 149811, 493566, 134786, 37.4, 38.5, 1.01
A, 672960, 350169, 862574, 917133, 328244, 149866, 493605, 134780, 37.4, 38.6, 0.99
A, 672848, 350107, 862516, 917178, 328166, 149904, 493531, 134724, 37.4, 38.6, 0.99
A, 673172, 350079, 862866, 917371, 328179, 149902, 493644, 134820, 37.4, 38.6, 0.99
A, 673287, 350165, 862836, 917666, 328217, 149919, 493689, 134812, 37.4, 38.6, 1.00
A, 674536, 350365, 865171, 919291, 328499, 150176, 494068, 135051, 37.4, 38.6, 1.01
A, 674041, 350469, 864363, 918779, 328525, 150112, 494001, 134903, 37.4, 38.6, 1.01
A, 673884, 350471, 863914, 918460, 328469, 150058, 493944, 134847, 37.4, 38.6, 1.00
A, 673392, 350247, 863485, 917890, 328390, 149996, 493861, 134723, 37.4, 38.6, 1.00
A, 673169, 350234, 863164, 917791, 328353, 150034, 493801, 134755, 37.4, 38.6, 0.99
A, 673395, 350320, 863717, 918234, 328383, 150053, 493956, 134809, 37.4, 38.6, 1.01
A, 673636, 350378, 863700, 918066, 328487, 150070, 494001, 134711, 37.4, 38.6, 0.99
A, 673453, 350318, 863587, 917935, 328444, 150047, 493984, 134731, 37.4, 38.6, 1.01
A, 673466, 350335, 863743, 918296, 328565, 150110, 494068, 134763, 37.4, 38.6, 1.00
A, 673485, 350357, 863752, 918235, 328469, 150120, 494050, 134772, 37.4, 38.6, 1.00
A, 673427, 350296, 863787, 918280, 328505, 150168, 494055, 134757, 37.4, 38.6, 1.00
A, 673601, 350336, 864104, 918547, 328532, 150201, 494193, 134797, 37.4, 38.6, 1.00
A, 673690, 350330, 863852, 918345, 328535, 150080, 494130, 134719, 37.4, 38.6, 0.99
A, 673530, 350369, 864057, 918361, 328559, 150143, 494130, 134750, 37.4, 38.7, 1.01
A, 673384, 350411, 863870, 918349, 328555, 150169, 494207, 134723, 37.4, 38.7, 0.99
A, 673462, 350420, 863748, 918264, 328640, 150144, 494262, 134693, 37.4, 38.7, 1.01
A, 673346, 350383, 863510, 918235, 328645, 150235, 494242, 134689, 37.4, 38.7, 1.00
A, 673023, 350466, 863307, 917947, 328562, 150103, 494211, 134597, 37.4, 38.7, 0.99
A, 673159, 350272, 863394, 918018, 328567, 150120, 494289, 134603, 37.4, 38.7, 1.00
A, 673372, 350358, 863803, 918405, 328616, 150195, 494308, 134697, 37.4, 38.7, 0.99
A, 674676, 350588, 865742, 920182, 328901, 150386, 494597, 134916, 37.4, 38.7, 1.00
A, 674091, 350596, 864965, 919414, 328901, 150405, 494597, 134860, 37.4, 38.7, 1.00
A, 674365, 350631, 865371, 919719, 328877, 150439, 494597, 134813, 37.4, 38.7, 1.01
A, 674484, 350682, 865465, 919784, 328932, 150414, 494729, 134788, 37.4, 38.7, 0.99
A, 674259, 350663, 865181, 919527, 328911, 150401, 494656, 134733, 37.4, 38.7, 1.00
A, 674054, 350556, 864916, 919394, 328888, 150378, 494657, 134729, 37.4, 38.7, 1.01
A, 674148, 350705, 865098, 919538, 328963, 150355, 494683, 134684, 37.4, 38.7, 1.00
A, 674202, 350674, 865162, 919642, 328917, 150445, 494749, 134705, 37.4, 38.7, 0.99
A, 674367, 350748, 865612, 919949, 329049, 150446, 494839, 134770, 37.4, 38.7, 1.00
A, 674533, 350764, 865530, 919277, 328997, 150337, 494809, 134679, 37.4, 38.7, 1.00
A, 674038, 350707, 865034, 919340, 328904, 150358, 494804, 134618, 37.4, 38.7, 1.00
A, 673587, 350593, 864619, 919163, 328931, 150372, 494657, 134592, 37.4, 38.7, 1.00
A, 673791, 350617, 864655, 919231, 328930, 150423, 494713, 134658, 37.4, 38.7, 1.01
A, 674144, 350650, 865189, 919489, 329027, 150411, 494774, 134643, 37.4, 38.7, 1.00
A, 673945, 350676, 865030, 919374, 329046, 150414, 494837, 134600, 37.4, 38.7, 1.00
A, 673866, 350691, 864875, 919489, 329043, 150418, 494845, 134591, 37.4, 38.7, 1.01
A, 673901, 350653, 864923, 919411, 329071, 150421, 494968, 134647, 37.4, 38.8, 1.01
A, 673856, 350681, 864874, 919452, 329053, 150488, 494905, 134594, 37.4, 38.8, 0.99
A, 673959, 350778, 864783, 919301, 329125, 150364, 494937, 134534, 37.4, 38.8, 1.00
A, 673844, 350596, 864773, 919285, 329053, 150431, 494921, 134488, 37.4, 38.8, 1.00
A, 675079, 350789, 866831, 921116, 329346, 150635, 495227, 134810, 37.4, 38.8, 1.00
A, 674789, 350914, 866233, 920624, 329308, 150605, 495217, 134681, 37.4, 38.8, 1.00
A, 674306, 350816, 865483, 919957, 329230, 150606, 495104, 134593, 37.4, 38.8, 1.00
A, 674089, 350803, 865076, 919611, 329196, 150512, 495067, 134505, 37.4, 38.8, 0.99
A, 673595, 350665, 864678, 919193, 329138, 150431, 494975, 134441, 37.4, 38.8, 0.99
A, 673328, 350600, 864221, 918838, 329052, 150381, 494890, 134362, 37.4, 38.8, 1.00
A, 673499, 350603, 864496, 919149, 328992, 150392, 494958, 134446, 37.4, 38.8, 0.99
A, 673931, 350636, 865064, 919644, 329092, 150462, 495089, 134465, 37.4, 38.8, 1.00
A, 673889, 350724, 865155, 919816, 329184, 150558, 495147, 134551, 37.4, 38.8, 1.01
A, 674323, 350713, 865594, 920312, 329256, 150556, 495264, 134625, 37.4, 38.8, 1.00
A, 674621, 350804, 866007, 920442, 329303, 150595, 495283, 134520, 37.4, 38.8, 1.00
A, 674596, 350827, 866058, 920512, 329431, 150584, 495369, 134565, 37.4, 38.8, 1.01
A, 674500, 350823, 865913, 920551, 329412, 150646, 495316, 134585, 37.4, 38.8, 1.00
A, 674862, 350924, 866184, 920774, 329440, 150668, 495437, 134579, 37.4, 38.8, 0.99
A, 674819, 350883, 866394, 920919, 329493, 150712, 495513, 134580, 37.4, 38.8, 1.00
A, 675212, 351082, 866758, 921170, 329619, 150765, 495665, 134639, 37.4, 38.8, 0.99
A, 675056, 351003, 866859, 921208, 329578, 150744, 495591, 134560, 37.4, 38.8, 1.00
A, 674808, 351014, 866468, 920934, 329601, 150722, 495635, 134518, 37.4, 38.8, 0.99
A, 674695, 351035, 866455, 920948, 329525, 150764, 495560, 134543, 37.4, 38.8, 1.01
A, 674646, 351072, 866266, 920796, 329577, 150685, 495629, 134505, 37.4, 38.8, 1.01
A, 675466, 351061, 867402, 921718, 329693, 150859, 495713, 134699, 37.4, 38.8, 1.00
A, 675272, 351117, 867191, 921652, 329685, 150919, 495712, 134598, 37.4, 38.8, 1.01
A, 674846, 351065, 866596, 921037, 329572, 150767, 495656, 134471, 37.4, 38.9, 1.00
A, 674619, 350967, 866237, 920711, 329504, 150740, 495577, 134422, 37.4, 38.9, 1.01
A, 674551, 350922, 866227, 920726, 329585, 150798, 495627, 134461, 37.4, 38.9, 1.00
A, 674742, 351001, 866361, 920735, 329608, 150724, 495674, 134452, 37.4, 38.9, 1.00
A, 674705, 350978, 866222, 920780, 329641, 150708, 495689, 134413, 37.4, 38.9, 1.01
A, 674532, 350971, 866389, 920984, 329563, 150709, 495649, 134419, 37.4, 38.9, 1.01
A, 674867, 351014, 866782, 921335, 329577, 150776, 495726, 134475, 37.4, 38.9, 0.99
A, 675060, 351010, 867026, 921305, 329687, 150866, 495894, 134510, 37.4, 38.9, 1.00
A, 675343, 351117, 867409, 921862, 329829, 150927, 495934, 134561, 37.4, 38.9, 1.00
A, 675323, 351238, 867526, 921731, 329812, 150903, 495957, 134529, 37.4, 38.9, 1.00
A, 675384, 351200, 867347, 921608, 329813, 150880, 496023, 134487, 37.4, 38.9, 1.00
A, 675421, 351216, 867706, 922056, 329845, 150919, 496050, 134511, 37.4, 38.9, 1.00
A, 675549, 351234, 867863, 922132, 329884, 151002, 496128, 134548, 37.4, 38.9, 1.00
A, 675451, 351270, 867826, 922135, 329948, 151014, 496077, 134594, 37.4, 38.9, 0.99
A, 675759, 351346, 867825, 922190, 330001, 151047, 496202, 134528, 37.3, 38.9, 1.01
A, 675526, 351240, 867956, 922199, 329948, 150978, 496220, 134534, 37.3, 38.9, 0.99
A, 675154, 351355, 867350, 921669, 329969, 150946, 496097, 134445, 37.3, 38.9, 0.99
A, 675151, 351271, 867436, 921860, 329884, 150967, 496124, 134492, 37.3, 38.9, 1.01
A, 676603, 351516, 869700, 923743, 330192, 151295, 496471, 134801, 37.3, 38.9, 1.00
A, 676275, 351604, 869115, 923221, 330207, 151149, 496440, 134667, 37.3, 38.9, 0.99
A, 675821, 351468, 868369, 922458, 330054, 151091, 496372, 134482, 37.3, 38.9, 1.00
A, 675715, 351449, 868169, 922394, 330059, 151066, 496336, 134454, 37.3, 38.9, 1.01
A, 675678, 351449, 868367, 922498, 330110, 151139, 496346, 134542, 37.3, 38.9, 0.99
A, 675834, 351521, 868797, 922815, 330125, 151190, 496409, 134521, 37.3, 38.9, 1.00
A, 675822, 351453, 868784, 922768, 330099, 151165, 496416, 134579, 37.3, 38.9, 1.01
A, 676044, 351460, 869000, 923205, 330213, 151277, 496526, 134608, 37.3, 38.9, 1.00
A, 676126, 351584, 869339, 923155, 330193, 151245, 496572, 134590, 37.3, 38.9, 1.00
A, 676100, 351560, 869202, 922973, 330222, 151184, 496522, 134544, 37.3, 39.0, 0.99
A, 676202, 351583, 869532, 923337, 330299, 151320, 496589, 134537, 37.3, 39.0, 1.00
A, 676120, 351589, 869438, 923270, 330324, 151320, 496546, 134506, 37.3, 39.0, 0.99
A, 676064, 351686, 869489, 923318, 330284, 151291, 496601, 134605, 37.3, 39.0, 1.00
A, 676195, 351654, 869587, 923300, 330320, 151342, 496621, 134568, 37.3, 39.0, 1.01
A, 676269, 351672, 869805, 923390, 330398, 151313, 496697, 134535, 37.3, 39.0, 1.00
A, 676050, 351623, 869507, 923211, 330312, 151286, 496634, 134474, 37.3, 39.0, 1.01
A, 676048, 351536, 869444, 923111, 330292, 151338, 496679, 134501, 37.3, 39.0, 1.00
A, 676024, 351626, 869519, 923176, 330351, 151324, 496716, 134536, 37.3, 39.0, 1.01
A, 675893, 351688, 869255, 922854, 330396, 151289, 496653, 134450, 37.3, 39.0, 1.00
A, 675713, 351684, 868898, 922703, 330328, 151226, 496675, 134447, 37.3, 39.0, 1.00
A, 676607, 351711, 870643, 924071, 330490, 151473, 496812, 134617, 37.3, 39.0, 1.00
A, 676755, 351818, 870739, 924118, 330513, 151470, 496913, 134633, 37.3, 39.0, 1.00
A, 676506, 351829, 870583, 923954, 330490, 151458, 496918, 134566, 37.3, 39.0, 1.01
A, 676528, 351818, 870411, 923634, 330526, 151386, 496854, 134463, 37.3, 39.0, 0.99
A, 676263, 351745, 869963, 923673, 330456, 151423, 496815, 134587, 37.3, 39.0, 1.00
A, 676447, 351744, 870547, 923889, 330521, 151471, 496907, 134564, 37.3, 39.0, 1.01
A, 676413, 351819, 870349, 923744, 330488, 151464, 496910, 134447, 37.3, 39.0, 1.00
A, 676243, 351725, 870277, 923543, 330511, 151440, 496869, 134435, 37.3, 39.0, 1.00
A, 676477, 351795, 870634, 923974, 330548, 151506, 496957, 134577, 37.3, 39.0, 1.00
A, 676478, 351837, 870399, 923558, 330583, 151468, 496902, 134507, 37.3, 39.0, 1.00
A, 676227, 351762, 869952, 923421, 330480, 151466, 496910, 134439, 37.3, 39.0, 1.00
A, 676319, 351774, 870587, 923802, 330553, 151495, 496947, 134504, 37.3, 39.0, 0.99
A, 676171, 351763, 870538, 923751, 330606, 151473, 496994, 134376, 37.3, 39.0, 1.01
A, 676236, 351756, 870421, 923556, 330537, 151511, 496947, 134502, 37.3, 39.0, 1.00
A, 676383, 351799, 870520, 923835, 330581, 151614, 497034, 134543, 37.3, 39.0, 1.01
A, 676421, 351884, 870801, 923801, 330641, 151523, 496993, 134463, 37.3, 39.0, 0.99
A, 676258, 351729, 870630, 923650, 330643, 151534, 497083, 134491, 37.3, 39.0, 1.01
A, 676161, 351793, 870582, 923700, 330621, 151555, 497010, 134446, 37.3, 39.0, 0.99
A, 676199, 351825, 870578, 923626, 330698, 151503, 497063, 134403, 37.3, 39.0, 0.99
A, 676063, 351742, 870510, 923664, 330570, 151541, 496988, 134467, 37.3, 39.0, 1.01
M, 670675, 351040, 862058, 916161, 329530, 150413, 495545, 132890, 37.3, 39.0, 0.64
M, 664770, 349456, 853341, 908454, 327871, 149337, 493488, 131696, 37.3, 39.0, 0.55
M, 657970, 347498, 843165, 900002, 325866, 148060, 491056, 130397, 37.3, 39.0, 0.73
M, 652474, 345618, 834615, 892707, 324071, 146860, 489112, 129334, 37.3, 39.1, 0.80
M, 647947, 343987, 827282, 886892, 322761, 145881, 487578, 128544, 37.3, 39.1, 0.88
M, 644883, 342749, 821543, 882693, 321621, 145146, 486440, 127950, 37.4, 38.9, 0.92
M, 642549, 341763, 815959, 878733, 320581, 144296, 485460, 127407, 37.4, 38.9, 0.96
M, 640952, 341108, 811400, 876157, 319807, 143662, 484774, 127039, 37.4, 38.8, 0.97
M, 640093, 340501, 807887, 874500, 319231, 143198, 484243, 126729, 37.4, 38.8, 0.97
M, 639936, 340094, 805162, 873673, 318835, 142712, 483850, 126573, 37.4, 38.6, 0.98
M, 640044, 339792, 802972, 872990, 318545, 142435, 483681, 126418, 37.4, 38.6, 0.99
M, 640696, 339510, 801247, 873328, 318426, 142216, 483646, 126412, 37.5, 38.5, 0.99
M, 641297, 339164, 799648, 873521, 318316, 141905, 483609, 126261, 37.5, 38.5, 1.00
M, 642032, 338937, 798228, 873896, 318242, 141684, 483612, 126240, 37.5, 38.5, 1.00
M, 642988, 338734, 797569, 874868, 318250, 141587, 483666, 126235, 37.5, 38.5, 1.00
M, 644065, 338553, 796830, 875821, 318325, 141491, 483876, 126318, 37.5, 38.4, 1.00
M, 644859, 338336, 796179, 876776, 318389, 141332, 484021, 126364, 37.5, 38.4, 0.99
M, 646476, 338311, 796072, 878157, 318620, 141286, 484369, 126423, 37.5, 38.4, 0.99
M, 646967, 338023, 795244, 878944, 318612, 141251, 484455, 126382, 37.5, 38.4, 1.00
M, 648035, 337944, 794859, 880284, 318873, 141192, 484785, 126482, 37.5, 38.4, 1.00
M, 649737, 337874, 796016, 882287, 319021, 141311, 485108, 126704, 37.5, 38.4, 1.00
M, 650353, 337764, 794855, 883062, 319184, 141178, 485343, 126646, 37.5, 38.3, 1.00
M, 650746, 337597, 794285, 883565, 319234, 141141, 485457, 126629, 37.5, 38.3, 1.00
M, 651703, 337479, 794052, 884711, 319405, 141119, 485755, 126669, 37.5, 38.3, 0.99
M, 652629, 337345, 794622, 886262, 319632, 141154, 486047, 126814, 37.5, 38.3, 1.00
M, 653656, 337349, 794850, 887558, 319879, 141226, 486440, 126922, 37.5, 38.3, 0.99
M, 654903, 337424, 795479, 889423, 320227, 141349, 486863, 127099, 37.5, 38.3, 1.00
M, 656149, 337474, 795857, 890635, 320509, 141407, 487228, 127201, 37.5, 38.3, 1.00
M, 656986, 337517, 795898, 891748, 320732, 141442, 487540, 127197, 37.5, 38.3, 0.99
M, 657582, 337503, 796078, 892898, 320953, 141508, 487833, 127306, 37.5, 38.3, 1.01
M, 658656, 337631, 796690, 894358, 321254, 141534, 488215, 127427, 37.5, 38.3, 1.01
M, 659378, 337740, 796944, 895448, 321450, 141650, 488526, 127513, 37.5, 38.3, 0.99
M, 660534, 337923, 797720, 897041, 321796, 141776, 488970, 127700, 37.5, 38.2, 1.00
M, 661518, 338063, 797912, 898070, 322030, 141745, 489231, 127687, 37.5, 38.2, 0.99
M, 662020, 338157, 798207, 899060, 322251, 141794, 489577, 127728, 37.5, 38.2, 1.01
M, 662684, 338236, 798599, 900319, 322479, 141956, 489868, 127854, 37.5, 38.2, 1.00
M, 663279, 338391, 798769, 901222, 322714, 141959, 490155, 127869, 37.5, 38.2, 0.99
M, 664241, 338528, 799202, 902320, 322899, 142085, 490456, 128061, 37.5, 38.2, 1.00
M, 664765, 338696, 799404, 903100, 323159, 142072, 490766, 128038, 37.5, 38.2, 1.01
M, 665111, 338783, 799426, 903900, 323331, 142095, 491027, 128056, 37.5, 38.2, 0.99
M, 667158, 339164, 801580, 906515, 323930, 142360, 491653, 128346, 37.5, 38.2, 0.99
M, 667074, 339270, 801207, 906704, 323950, 142414, 491807, 128343, 37.5, 38.2, 0.99
M, 667355, 339463, 800866, 907198, 324143, 142364, 492014, 128310, 37.5, 38.2, 1.00
M, 667359, 339337, 800440, 907056, 324182, 142318, 492098, 128214, 37.5, 38.2, 0.99
M, 667901, 339522, 800974, 908367, 324392, 142443, 492406, 128376, 37.5, 38.2, 1.01
M, 668437, 339712, 801285, 908997, 324587, 142411, 492555, 128400, 37.6, 38.2, 1.00
M, 668855, 339828, 801323, 909714, 324706, 142457, 492760, 128446, 37.6, 38.2, 1.00
M, 669554, 340061, 801979, 910790, 324977, 142595, 493148, 128549, 37.6, 38.2, 1.00
M, 670071, 340243, 802303, 911412, 325209, 142570, 493406, 128565, 37.6, 38.2, 0.99
M, 670287, 340398, 802363, 912022, 325351, 142689, 493583, 128671, 37.6, 38.2, 1.00
M, 670909, 340585, 802635, 912964, 325556, 142727, 493827, 128643, 37.6, 38.2, 1.00
M, 671294, 340703, 803115, 913640, 325723, 142784, 494023, 128725, 37.6, 38.2, 1.01
M, 671757, 340929, 803513, 914513, 325881, 142891, 494280, 128841, 37.6, 38.2, 1.00
M, 672149, 340991, 803775, 915210, 326015, 142937, 494520, 128887, 37.6, 38.2, 1.01
M, 672836, 341239, 804079, 915707, 326233, 142919, 494735, 128860, 37.6, 38.2, 0.99
M, 673026, 341351, 804156, 916208, 326358, 142969, 494890, 128933, 37.6, 38.1, 1.01
M, 673480, 341496, 804515, 917117, 326508, 143105, 495127, 129010, 37.6, 38.1, 1.00
M, 673736, 341663, 804802, 917594, 326638, 143068, 495275, 129050, 37.6, 38.1, 1.00
M, 674107, 341759, 804935, 918119, 326717, 143170, 495425, 129058, 37.6, 38.1, 1.00
M, 674676, 342038, 805418, 918966, 326997, 143184, 495766, 129143, 37.6, 38.1, 0.99
M, 676146, 342232, 807011, 920907, 327259, 143364, 496086, 129341, 37.6, 38.1, 1.00
M, 675741, 342513, 806488, 920565, 327378, 143335, 496253, 129224, 37.6, 38.1, 1.00
M, 675515, 342493, 806127, 920537, 327345, 143354, 496231, 129237, 37.6, 38.1, 1.00
M, 675683, 342588, 806011, 920718, 327474, 143353, 496370, 129279, 37.6, 38.1, 0.99
M, 675745, 342624, 805984, 921064, 327533, 143405, 496529, 129256, 37.6, 38.1, 0.99
M, 675736, 342748, 806013, 921321, 327636, 143391, 496572, 129188, 37.6, 38.1, 1.00
M, 675779, 342687, 805781, 921423, 327655, 143350, 496711, 129252, 37.6, 38.1, 1.00
M, 676226, 342855, 806056, 922235, 327838, 143427, 496910, 129311, 37.6, 38.1, 1.00
M, 676972, 343098, 807042, 923184, 328050, 143538, 497133, 129387, 37.6, 38.1, 1.01
M, 677160, 343208, 807222, 923673, 328169, 143585, 497307, 129472, 37.6, 38.1, 1.00
M, 677834, 343395, 808006, 924672, 328338, 143706, 497525, 129595, 37.6, 38.1, 1.00
M, 678429, 343661, 808603, 925349, 328466, 143796, 497720, 129589, 37.6, 38.1, 1.00
M, 678609, 343791, 808702, 925759, 328576, 143763, 497938, 129594, 37.6, 38.1, 1.00
M, 679047, 343848, 809040, 926420, 328702, 143860, 498064, 129705, 37.6, 38.1, 1.00
M, 679298, 344005, 809346, 926840, 328885, 143933, 498246, 129758, 37.6, 38.1, 1.00
M, 679703, 344210, 809955, 927543, 329004, 143948, 498463, 129800, 37.6, 38.1, 1.01
M, 679971, 344341, 810270, 928126, 329160, 144076, 498597, 129818, 37.6, 38.1, 1.01
M, 680399, 344448, 810448, 928543, 329265, 144090, 498743, 129832, 37.6, 38.1, 1.00
M, 680171, 344562, 810193, 928265, 329347, 144029, 498772, 129795, 37.6, 38.1, 0.99
M, 680150, 344544, 810394, 928756, 329366, 144079, 498826, 129827, 37.6, 38.1, 1.01
M, 682107, 345050, 812805, 931045, 329818, 144345, 499364, 130119, 37.6, 38.1, 1.00
M, 681800, 345077, 812238, 930672, 329841, 144299, 499396, 129943, 37.6, 38.1, 1.01
M, 681084, 345128, 811413, 930157, 329836, 144218, 499365, 129974, 37.6, 38.1, 1.00
M, 680875, 345056, 811179, 930080, 329765, 144228, 499378, 129914, 37.6, 38.1, 1.00
M, 680986, 345153, 811284, 930330, 329847, 144220, 499476, 129949, 37.6, 38.1, 0.99
M, 681311, 345105, 811599, 930799, 329879, 144306, 499592, 129991, 37.6, 38.1, 1.00
M, 681661, 345267, 811909, 931150, 330039, 144284, 499744, 129947, 37.6, 38.1, 1.00
M, 681810, 345389, 812109, 931393, 330069, 144355, 499822, 130050, 37.6, 38.1, 1.00
M, 681831, 345455, 812323, 931874, 330143, 144425, 499977, 130071, 37.6, 38.1, 1.00
M, 682354, 345590, 812888, 932538, 330338, 144494, 500118, 130160, 37.6, 38.1, 1.00
M, 682413, 345619, 813094, 932779, 330382, 144558, 500189, 130207, 37.6, 38.1, 1.00
M, 682829, 345791, 813559, 933315, 330536, 144583, 500393, 130249, 37.6, 38.1, 1.00
M, 683138, 345911, 813972, 933719, 330623, 144606, 500467, 130186, 37.6, 38.1, 1.01
M, 683200, 346041, 813972, 933929, 330681, 144609, 500573, 130253, 37.6, 38.1, 1.00
M, 683396, 346122, 814201, 934272, 330804, 144664, 500708, 130278, 37.6, 38.1, 1.00
M, 683445, 346133, 814489, 934680, 330829, 144728, 500768, 130263, 37.6, 38.1, 1.01
M, 683723, 346203, 814881, 935102, 330940, 144801, 500941, 130305, 37.6, 38.1, 1.00
M, 683625, 346383, 814849, 935104, 330967, 144763, 500958, 130360, 37.6, 38.1, 1.00
M, 684090, 346353, 815334, 935545, 331072, 144823, 501154, 130351, 37.6, 38.1, 1.00
M, 684088, 346472, 815405, 935685, 331096, 144838, 501262, 130383, 37.6, 38.1, 1.00
M, 685230, 346618, 817080, 937431, 331412, 145080, 501516, 130620, 37.6, 38.1, 1.00
M, 684915, 346866, 816595, 936977, 331509, 145053, 501585, 130532, 37.6, 38.1, 1.01
M, 684600, 346756, 816213, 936735, 331457, 144976, 501541, 130515, 37.6, 38.1, 1.00
M, 684716, 346917, 816345, 936898, 331490, 145068, 501608, 130461, 37.6, 38.1, 1.00
M, 684565, 346859, 816291, 936760, 331477, 144989, 501706, 130454, 37.6, 38.1, 1.00
M, 684939, 346866, 816888, 937422, 331582, 145032, 501782, 130557, 37.6, 38.1, 1.00
M, 685127, 346997, 817083, 937866, 331687, 145164, 501880, 130573, 37.6, 38.1, 1.00
M, 685243, 347041, 817317, 937950, 331721, 145246, 501942, 130651, 37.6, 38.1, 1.01
M, 685727, 347188, 818012, 938521, 331898, 145270, 502205, 130733, 37.6, 38.1, 1.00
M, 685960, 347366, 818452, 939026, 331999, 145278, 502280, 130639, 37.6, 38.1, 1.00
M, 685921, 347372, 818414, 939130, 332045, 145317, 502347, 130770, 37.6, 38.1, 1.00
M, 686201, 347414, 818606, 939426, 332130, 145396, 502442, 130746, 37.6, 38.1, 1.00
M, 686188, 347458, 819065, 939727, 332165, 145457, 502579, 130764, 37.6, 38.1, 1.00
M, 686641, 347650, 819347, 939979, 332247, 145460, 502731, 130801, 37.6, 38.1, 1.00
M, 686495, 347589, 819349, 939810, 332293, 145451, 502702, 130730, 37.6, 38.1, 1.01
M, 686620, 347698, 819805, 940429, 332357, 145543, 502815, 130751, 37.6, 38.1, 1.00
M, 686640, 347775, 819684, 940381, 332411, 145522, 502785, 130845, 37.6, 38.1, 1.00
M, 686829, 347819, 820093, 940817, 332432, 145633, 502922, 130972, 37.6, 38.1, 1.00
M, 686826, 347838, 820272, 940878, 332536, 145647, 502978, 130908, 37.6, 38.1, 1.00
M, 686832, 347836, 820218, 940892, 332557, 145612, 503070, 130915, 37.6, 38.1, 1.00
M, 687932, 348083, 821982, 942402, 332830, 145817, 503345, 131104, 37.6, 38.1, 1.01
M, 688065, 348261, 822014, 942639, 332954, 145821, 503464, 131053, 37.6, 38.1, 1.01
M, 687643, 348303, 821766, 942169, 332911, 145756, 503468, 130999, 37.7, 38.1, 1.00
M, 687545, 348256, 821713, 942129, 332852, 145827, 503446, 130978, 37.7, 38.1, 1.00
M, 687418, 348316, 821629, 942044, 332942, 145795, 503529, 131038, 37.6, 38.1, 1.00
M, 687428, 348171, 821666, 942022, 332897, 145885, 503513, 130976, 37.6, 38.1, 1.00
M, 687498, 348264, 821964, 942397, 332956, 145882, 503516, 130989, 37.6, 38.1, 1.01
M, 687637, 348336, 822240, 942616, 333001, 145915, 503621, 131035, 37.6, 38.1, 1.01
M, 687724, 348366, 822417, 942784, 333006, 145967, 503718, 131100, 37.6, 38.1, 1.00
M, 688118, 348471, 823045, 943365, 333205, 146040, 503860, 131177, 37.6, 38.1, 1.00
M, 688317, 348550, 823239, 943420, 333233, 146069, 503940, 131148, 37.6, 38.1, 1.00
M, 688273, 348533, 823469, 943378, 333255, 146056, 503926, 131157, 37.6, 38.1, 1.00
M, 688194, 348547, 823454, 943676, 333258, 146130, 504029, 131199, 37.6, 38.1, 1.00
M, 688451, 348673, 823963, 944030, 333332, 146139, 504121, 131213, 37.7, 38.1, 1.00
M, 688458, 348647, 823946, 943995, 333380, 146152, 504198, 131234, 37.7, 38.1, 1.00
M, 688814, 348776, 824579, 944445, 333554, 146227, 504334, 131321, 37.6, 38.1, 1.01
M, 688780, 348759, 824817, 944692, 333581, 146284, 504409, 131289, 37.6, 38.1, 1.01
M, 688642, 348859, 824755, 944681, 333531, 146238, 504356, 131220, 37.6, 38.1, 1.00
M, 688905, 348871, 824999, 944916, 333614, 146318, 504483, 131299, 37.6, 38.1, 1.00
M, 688690, 348839, 824847, 944689, 333574, 146295, 504453, 131262, 37.6, 38.1, 1.00
M, 690015, 349062, 826599, 946219, 333882, 146496, 504839, 131536, 37.6, 38.1, 1.00
M, 689505, 349145, 826032, 945418, 333873, 146410, 504762, 131350, 37.7, 38.1, 1.00
M, 689138, 349111, 825849, 945359, 333766, 146426, 504660, 131369, 37.7, 38.1, 1.01
M, 688372, 348985, 824828, 944397, 333716, 146345, 504595, 131267, 37.7, 38.1, 1.00
M, 688131, 348886, 824610, 944191, 333644, 146321, 504489, 131192, 37.7, 38.1, 1.00
M, 687746, 348849, 824074, 943666, 333652, 146221, 504449, 131132, 37.6, 38.1, 1.01
M, 687757, 348798, 824391, 943731, 333589, 146234, 504495, 131128, 37.6, 38.1, 1.00
M, 688269, 348791, 825026, 944432, 333676, 146306, 504609, 131212, 37.6, 38.1, 1.00
M, 688464, 348949, 825179, 944744, 333769, 146382, 504738, 131257, 37.7, 38.1, 0.99
M, 688608, 348921, 825681, 945123, 333810, 146468, 504832, 131350, 37.7, 38.1, 1.00
M, 689093, 348991, 826437, 945788, 333972, 146562, 505040, 131405, 37.7, 38.1, 1.00
M, 689060, 349049, 826402, 945507, 333972, 146463, 505019, 131371, 37.7, 38.1, 1.00
M, 688637, 348963, 825883, 945098, 333924, 146422, 504908, 131266, 37.7, 38.1, 1.00
M, 688952, 349017, 826604, 945805, 334039, 146553, 505113, 131430, 37.7, 38.1, 1.00
M, 689262, 349020, 826859, 945950, 334086, 146589, 505166, 131414, 37.7, 38.1, 1.00
M, 689687, 349130, 827580, 946617, 334209, 146640, 505258, 131530, 37.7, 38.1, 1.00
M, 689838, 349188, 827976, 946928, 334253, 146673, 505373, 131538, 37.7, 38.1, 1.00
M, 690333, 349386, 828563, 947310, 334379, 146769, 505586, 131576, 37.7, 38.1, 1.00
M, 690313, 349363, 828536, 947361, 334402, 146820, 505657, 131588, 37.7, 38.1, 1.00
M, 690454, 349442, 829043, 947823, 334504, 146875, 505666, 131645, 37.7, 38.1, 1.00
M, 691653, 349617, 830905, 949391, 334754, 147030, 506010, 131906, 37.7, 38.1, 1.00
M, 691538, 349835, 830640, 949004, 334801, 147002, 506024, 131771, 37.7, 38.1, 1.00
M, 690929, 349640, 829944, 948222, 334672, 146951, 505905, 131687, 37.7, 38.1, 0.99
M, 689667, 349504, 828490, 946989, 334543, 146820, 505720, 131448, 37.7, 38.1, 1.00
M, 689745, 349462, 828560, 946950, 334516, 146794, 505708, 131514, 37.7, 38.1, 1.00
M, 689624, 349410, 828758, 947155, 334493, 146843, 505734, 131480, 37.7, 38.1, 1.00
M, 689967, 349482, 829393, 947665, 334557, 146900, 505814, 131641, 37.7, 38.1, 1.01
M, 690328, 349609, 829961, 948100, 334663, 147012, 505947, 131692, 37.7, 38.1, 1.00
M, 690532, 349541, 830275, 948271, 334735, 146970, 506014, 131639, 37.7, 38.1, 1.00
M, 690548, 349633, 830412, 948216, 334727, 146987, 506024, 131635, 37.7, 38.1, 0.99
M, 689934, 349545, 829656, 947661, 334695, 146956, 505949, 131595, 37.7, 38.1, 1.00
M, 690468, 349612, 830454, 948324, 334780, 147050, 506170, 131685, 37.7, 38.1, 1.00
M, 690606, 349667, 830830, 948603, 334812, 147129, 506217, 131743, 37.7, 38.1, 0.99
M, 690970, 349737, 831411, 949024, 334941, 147115, 506356, 131815, 37.7, 38.1, 1.01
M, 690988, 349808, 831507, 948938, 334950, 147161, 506331, 131767, 37.7, 38.1, 1.00
M, 690989, 349737, 831567, 949004, 334970, 147148, 506412, 131783, 37.7, 38.1, 1.01
M, 690640, 349716, 831339, 948848, 334915, 147129, 506342, 131773, 37.7, 38.1, 1.00
M, 690751, 349738, 831658, 948977, 334989, 147233, 506412, 131799, 37.7, 38.1, 1.00
M, 691033, 349809, 832014, 949117, 335022, 147252, 506500, 131809, 37.7, 38.1, 1.00
M, 690960, 349850, 831947, 949028, 335057, 147221, 506546, 131807, 37.7, 38.1, 1.00
M, 692060, 349998, 833765, 950711, 335323, 147489, 506816, 132135, 37.7, 38.1, 1.00
M, 691923, 350090, 833561, 950420, 335397, 147427, 506819, 131924, 37.7, 38.2, 1.00
M, 691507, 350010, 833210, 950058, 335275, 147392, 506752, 131919, 37.7, 38.2, 1.00
M, 691630, 350121, 833542, 950056, 335364, 147463, 506833, 131926, 37.7, 38.1, 1.00
M, 691578, 350063, 833432, 949880, 335280, 147419, 506842, 131815, 37.7, 38.1, 1.01
M, 691417, 350115, 833482, 949872, 335371, 147453, 506808, 131862, 37.7, 38.1, 1.01
M, 691241, 350027, 833455, 949953, 335333, 147416, 506855, 131883, 37.7, 38.1, 1.00
M, 691538, 350076, 833927, 950292, 335361, 147538, 506919, 131992, 37.7, 38.1, 0.99
M, 691759, 350150, 834289, 950527, 335435, 147552, 506981, 131971, 37.7, 38.1, 1.00
M, 691828, 350195, 834515, 950532, 335475, 147618, 507019, 131949, 37.7, 38.1, 1.01
M, 691814, 350201, 834575, 950357, 335473, 147545, 507048, 131967, 37.7, 38.2, 1.00
M, 691711, 350170, 834651, 950468, 335466, 147569, 507071, 131977, 37.7, 38.2, 1.00
M, 692043, 350230, 835141, 950840, 335577, 147656, 507145, 132036, 37.7, 38.1, 1.00
M, 691910, 350261, 835264, 950914, 335570, 147690, 507155, 132044, 37.7, 38.1, 1.00
M, 692288, 350373, 835777, 951206, 335638, 147689, 507312, 132089, 37.7, 38.2, 0.99
M, 692342, 350357, 835965, 951295, 335707, 147714, 507357, 132058, 37.7, 38.2, 1.00
M, 692249, 350326, 836055, 951142, 335706, 147717, 507296, 132087, 37.7, 38.2, 0.99
M, 692270, 350366, 836354, 951477, 335752, 147773, 507418, 132100, 37.7, 38.2, 1.00
M, 692228, 350447, 836408, 951453, 335744, 147774, 507370, 132057, 37.7, 38.2, 1.00
M, 692266, 350335, 836482, 951490, 335767, 147803, 507370, 132145, 37.7, 38.2, 1.00
M, 693631, 350641, 838648, 953193, 336004, 148102, 507772, 132450, 37.7, 38.2, 0.99
M, 693712, 350815, 838825, 953203, 336194, 148067, 507834, 132371, 37.7, 38.2, 1.01
M, 693395, 350826, 838670, 952777, 336088, 148069, 507742, 132293, 37.7, 38.2, 1.00
M, 693111, 350707, 838407, 952650, 336021, 148043, 507781, 132279, 37.7, 38.2, 1.00
M, 692999, 350763, 838351, 952414, 336064, 148075, 507845, 132284, 37.7, 38.2, 1.00
M, 692856, 350644, 838134, 952095, 336027, 148026, 507740, 132174, 37.7, 38.2, 1.00
M, 692422, 350673, 837932, 951846, 336007, 147992, 507706, 132145, 37.7, 38.2, 1.00
M, 692272, 350638, 837953, 951785, 335926, 147979, 507687, 132152, 37.7, 38.2, 1.00
M, 692579, 350647, 838390, 951975, 335970, 148080, 507776, 132237, 37.7, 38.2, 1.00
M, 692579, 350635, 838405, 952115, 336008, 148074, 507756, 132235, 37.7, 38.2, 1.01
M, 692608, 350604, 838728, 952023, 336052, 148108, 507820, 132239, 37.7, 38.2, 1.00
M, 692365, 350575, 838562, 952024, 335999, 148091, 507775, 132240, 37.7, 38.2, 1.00
M, 692712, 350688, 839243, 952382, 336093, 148051, 507851, 132254, 37.7, 38.2, 0.99
M, 692625, 350629, 839265, 952243, 336060, 148047, 507823, 132220, 37.7, 38.2, 1.00
M, 692671, 350681, 839495, 952435, 336153, 148158, 507943, 132328, 37.7, 38.2, 1.00
M, 692644, 350753, 839596, 952508, 336139, 148224, 507927, 132344, 37.7, 38.2, 1.00
M, 692933, 350779, 840025, 952540, 336223, 148314, 508039, 132289, 37.7, 38.2, 1.00
M, 692767, 350808, 839890, 952274, 336191, 148162, 507991, 132262, 37.7, 38.2, 1.00
M, 692781, 350746, 840111, 952527, 336208, 148208, 508051, 132358, 37.7, 38.2, 0.99
M, 692785, 350681, 840300, 952495, 336180, 148265, 508062, 132353, 37.7, 38.2, 1.00
M, 693861, 350830, 841992, 954129, 336402, 148511, 508234, 132517, 37.7, 38.2, 1.00
M, 693678, 350934, 841808, 953783, 336439, 148458, 508320, 132481, 37.7, 38.2, 1.00
M, 693238, 350934, 840982, 952893, 336391, 148380, 508237, 132342, 37.7, 38.2, 1.00
M, 692627, 350761, 840583, 952239, 336245, 148278, 508088, 132261, 37.7, 38.2, 0.99
M, 692180, 350715, 840178, 952008, 336180, 148251, 508032, 132167, 37.7, 38.2, 1.00
M, 691821, 350615, 839787, 951275, 336111, 148211, 508012, 132193, 37.7, 38.2, 1.00
M, 691929, 350549, 839966, 951729, 336117, 148275, 508002, 132234, 37.7, 38.2, 1.00
M, 691963, 350596, 840345, 951787, 336250, 148307, 508138, 132227, 37.7, 38.2, 0.99
M, 691977, 350526, 840337, 951634, 336138, 148267, 507999, 132185, 37.7, 38.2, 1.00
M, 692306, 350590, 840918, 952209, 336170, 148285, 508131, 132252, 37.7, 38.2, 1.00
M, 692353, 350538, 841165, 952355, 336267, 148376, 508211, 132324, 37.7, 38.2, 1.01
M, 692445, 350645, 841330, 952399, 336285, 148382, 508232, 132364, 37.7, 38.2, 1.00
M, 692909, 350716, 841996, 952965, 336418, 148457, 508337, 132432, 37.7, 38.2, 1.01
M, 693075, 350665, 842470, 952957, 336459, 148474, 508409, 132386, 37.7, 38.2, 0.99
M, 692945, 350745, 842394, 952915, 336389, 148441, 508463, 132434, 37.7, 38.2, 1.00
M, 693085, 350735, 842654, 953197, 336452, 148494, 508478, 132430, 37.7, 38.2, 1.00
M, 693141, 350752, 842669, 953168, 336494, 148506, 508503, 132463, 37.7, 38.2, 0.99
M, 693165, 350790, 843040, 953382, 336582, 148585, 508606, 132471, 37.7, 38.2, 1.00
M, 693517, 350804, 843606, 953780, 336648, 148605, 508754, 132559, 37.7, 38.2, 1.00
M, 693484, 350817, 843784, 953749, 336659, 148551, 508679, 132492, 37.7, 38.2, 0.99
A, 699403, 351652, 851997, 961063, 337670, 149694, 509980, 133877, 37.7, 38.2, 0.00
A, 708662, 353815, 865792, 973639, 339997, 151431, 512460, 135789, 37.7, 38.2, 0.61
A, 714807, 355647, 875438, 981764, 341505, 152737, 514348, 136999, 37.7, 38.2, 0.78
A, 719355, 357228, 882789, 988065, 342882, 153775, 515909, 137923, 37.7, 38.2, 0.84
A, 723299, 358825, 889424, 993255, 344142, 154673, 517492, 138615, 37.7, 38.2, 0.89
A, 725900, 360048, 893969, 996633, 345088, 155418, 518574, 139065, 37.7, 38.2, 0.94
A, 727959, 361340, 898615, 999606, 345953, 156119, 519527, 139509, 37.6, 38.3, 0.97
A, 729232, 362562, 902019, 1001208, 346662, 156714, 520221, 139613, 37.6, 38.3, 0.97
A, 729722, 363348, 904375, 1002110, 347067, 157172, 520609, 139748, 37.6, 38.3, 0.99
A, 729852, 364161, 906241, 1002676, 347368, 157516, 520964, 139863, 37.6, 38.3, 0.99
A, 729740, 365120, 908148, 1002754, 347699, 157933, 521224, 139898, 37.6, 38.3, 0.98
A, 729557, 365510, 909090, 1002534, 347808, 158111, 521180, 139925, 37.6, 38.3, 0.99
A, 728527, 366153, 910144, 1001596, 347839, 158371, 521261, 139802, 37.6, 38.4, 0.99
A, 727949, 366401, 910839, 1001057, 347796, 158526, 521144, 139785, 37.6, 38.4, 1.00
A, 727570, 366797, 911867, 1000633, 347863, 158740, 521122, 139898, 37.6, 38.4, 1.00
A, 726821, 367111, 912465, 999753, 347764, 158860, 520919, 139754, 37.6, 38.4, 1.00
A, 725666, 367332, 912547, 998586, 347627, 158961, 520729, 139700, 37.6, 38.4, 1.00
A, 725054, 367595, 913401, 997824, 347524, 159125, 520595, 139658, 37.5, 38.4, 1.00
A, 724113, 367778, 913804, 996446, 347421, 159178, 520359, 139567, 37.5, 38.4, 1.00
A, 722866, 367808, 913700, 995056, 347194, 159206, 519989, 139492, 37.5, 38.4, 1.00
A, 723024, 368072, 915571, 995576, 347244, 159522, 520087, 139700, 37.5, 38.4, 0.99
A, 722125, 368176, 915651, 994267, 347100, 159595, 519912, 139522, 37.5, 38.5, 1.00
A, 721088, 368229, 915784, 993050, 346975, 159533, 519534, 139477, 37.5, 38.5, 1.01
A, 720324, 368256, 916160, 992098, 346794, 159614, 519361, 139474, 37.5, 38.5, 1.01
A, 719323, 368241, 916187, 990661, 346570, 159646, 519028, 139362, 37.5, 38.5, 1.00
A, 718106, 368174, 916081, 989143, 346285, 159560, 518664, 139219, 37.5, 38.5, 1.00
A, 717211, 368056, 916064, 988166, 346059, 159683, 518434, 139179, 37.5, 38.5, 1.00
A, 716293, 367996, 916070, 986984, 345915, 159634, 518140, 139071, 37.5, 38.5, 0.99
A, 715517, 367865, 916271, 985714, 345693, 159537, 517854, 138999, 37.5, 38.5, 0.99
A, 714266, 367720, 915833, 984259, 345400, 159592, 517467, 138916, 37.5, 38.6, 1.01
A, 713106, 367582, 915361, 983067, 345165, 159479, 517205, 138795, 37.5, 38.6, 1.01
A, 712295, 367408, 915296, 981448, 344969, 159524, 516944, 138734, 37.5, 38.6, 1.01
A, 711495, 367207, 915178, 980702, 344691, 159466, 516636, 138705, 37.5, 38.6, 0.99
A, 710275, 367000, 914805, 979024, 344520, 159461, 516379, 138587, 37.5, 38.7, 1.00
A, 709701, 366719, 914658, 978080, 344267, 159369, 516138, 138476, 37.5, 38.7, 1.00
A, 709164, 366569, 914944, 977670, 344123, 159356, 515893, 138475, 37.5, 38.7, 1.00
A, 708521, 366417, 914905, 976691, 343982, 159448, 515740, 138464, 37.5, 38.7, 0.99
A, 707787, 366177, 914883, 975838, 343773, 159366, 515434, 138443, 37.5, 38.7, 1.00
A, 707605, 366105, 915338, 975329, 343705, 159417, 515336, 138406, 37.5, 38.7, 1.01
A, 706895, 365883, 915337, 974279, 343565, 159347, 515066, 138333, 37.5, 38.7, 1.01
A, 707441, 365875, 917004, 974830, 343535, 159584, 515124, 138558, 37.5, 38.7, 0.99
A, 706601, 365753, 916372, 973680, 343472, 159475, 514876, 138362, 37.5, 38.7, 1.00
A, 705458, 365424, 915398, 972219, 343108, 159382, 514512, 138206, 37.4, 38.8, 1.01
A, 704276, 365085, 914813, 970834, 342836, 159313, 514213, 138065, 37.4, 38.8, 1.01
A, 703428, 364867, 914197, 969581, 342622, 159199, 513968, 137968, 37.5, 38.8, 0.99
A, 702938, 364608, 914182, 968751, 342469, 159144, 513761, 137923, 37.5, 38.8, 1.00
A, 702446, 364423, 914061, 968044, 342333, 159123, 513578, 137890, 37.4, 38.8, 0.99
A, 701747, 364179, 913787, 967259, 342175, 159102, 513343, 137831, 37.4, 38.8, 0.99
A, 701758, 364039, 914260, 967005, 342114, 159081, 513262, 137900, 37.4, 38.8, 0.99
A, 701445, 363940, 914362, 966455, 342032, 159106, 513159, 137868, 37.4, 38.8, 1.00
A, 701318, 363784, 914756, 965976, 341976, 159137, 513107, 137847, 37.4, 38.8, 0.99
A, 700779, 363559, 914568, 965353, 341795, 159059, 512904, 137770, 37.4, 38.8, 0.99
A, 700149, 363426, 914371, 964475, 341692, 159067, 512733, 137688, 37.4, 38.8, 0.99
A, 699744, 363187, 914229, 964091, 341483, 158994, 512577, 137731, 37.4, 38.8, 1.01
A, 699179, 363078, 913879, 962843, 341340, 159008, 512406, 137624, 37.4, 38.9, 1.01
A, 698814, 362822, 913800, 962330, 341288, 158920, 512213, 137556, 37.4, 38.9, 1.00
A, 698579, 362686, 914084, 962262, 341147, 158926, 512100, 137598, 37.4, 38.9, 1.01
A, 698218, 362484, 913962, 961590, 341048, 158844, 511992, 137496, 37.4, 38.9, 0.99
A, 697885, 362309, 913936, 961046, 340994, 158856, 511853, 137514, 37.4, 38.9, 1.00
A, 697909, 362258, 914442, 961139, 340930, 158904, 511833, 137571, 37.4, 38.9, 1.01
A, 699015, 362378, 916358, 962156, 341111, 159127, 511962, 137739, 37.4, 38.9, 1.00
A, 698007, 362194, 915292, 960704, 340961, 158920, 511744, 137523, 37.4, 38.9, 1.00
A, 697395, 361955, 914947, 960117, 340727, 158862, 511485, 137459, 37.4, 38.9, 1.01
A, 696574, 361778, 914173, 959037, 340586, 158836, 511336, 137350, 37.4, 38.9, 1.00
A, 696114, 361490, 913998, 958464, 340471, 158722, 511153, 137363, 37.4, 38.9, 1.00
A, 696377, 361407, 914415, 958388, 340429, 158792, 511166, 137421, 37.4, 39.0, 1.00
A, 696064, 361272, 914498, 957849, 340341, 158768, 511073, 137262, 37.4, 39.0, 1.01
A, 695677, 361205, 914252, 957126, 340224, 158716, 510895, 137238, 37.4, 39.0, 1.00
A, 695457, 361045, 914107, 956823, 340160, 158721, 510780, 137224, 37.4, 39.0, 1.00
A, 695251, 360937, 914229, 956830, 340136, 158721, 510711, 137215, 37.4, 39.0, 0.99
A, 695023, 360834, 914283, 956288, 340020, 158683, 510644, 137166, 37.4, 39.0, 0.99
A, 694989, 360738, 914387, 955853, 340034, 158702, 510577, 137093, 37.4, 39.0, 0.99
A, 694646, 360621, 914393, 955593, 339895, 158641, 510486, 137109, 37.4, 39.0, 1.01
A, 694123, 360471, 913956, 954809, 339839, 158603, 510332, 137051, 37.4, 39.0, 1.01
A, 693927, 360282, 913900, 954487, 339649, 158582, 510169, 137049, 37.4, 39.0, 0.99
A, 694002, 360187, 914165, 954447, 339672, 158580, 510150, 137063, 37.4, 39.0, 0.99
A, 693900, 360216, 914514, 954279, 339556, 158591, 510097, 137063, 37.4, 39.0, 1.01
A, 693678, 360031, 914406, 953911, 339597, 158544, 510027, 137012, 37.4, 39.0, 1.01
A, 693423, 359857, 914236, 953370, 339515, 158544, 509911, 136987, 37.4, 39.1, 1.01
A, 692801, 359736, 913700, 952808, 339348, 158459, 509697, 136842, 37.4, 39.1, 1.00
A, 694025, 359844, 915929, 954423, 339580, 158717, 509961, 137163, 37.4, 39.1, 1.00
A, 693474, 359832, 915129, 953273, 339503, 158618, 509860, 137046, 37.4, 39.1, 1.00
A, 693418, 359675, 915126, 953100, 339503, 158649, 509795, 137034, 37.4, 39.1, 0.99
A, 693175, 359581, 915131, 952703, 339358, 158583, 509614, 136932, 37.4, 39.1, 0.99
A, 692435, 359414, 914415, 951832, 339152, 158388, 509429, 136820, 37.4, 39.1, 1.01
A, 692515, 359379, 914576, 951716, 339146, 158435, 509359, 136920, 37.4, 39.1, 0.99
A, 692178, 359311, 914214, 951414, 339139, 158494, 509319, 136842, 37.4, 39.1, 1.00
A, 692245, 359114, 914651, 951287, 339060, 158472, 509323, 136872, 37.4, 39.1, 0.99
A, 692168, 359162, 914423, 950691, 339017, 158421, 509233, 136795, 37.4, 39.1, 1.00
A, 691362, 358941, 913889, 950162, 338801, 158278, 509030, 136639, 37.4, 39.1, 0.99
A, 691362, 358805, 914137, 950075, 338853, 158366, 508995, 136671, 37.4, 39.1, 1.00
A, 690997, 358758, 913779, 949692, 338756, 158324, 508902, 136678, 37.4, 39.1, 1.00
A, 691127, 358784, 913829, 949342, 338777, 158291, 508874, 136625, 37.4, 39.2, 0.99
A, 690767, 358631, 913630, 948806, 338625, 158231, 508719, 136582, 37.4, 39.2, 1.00
A, 690313, 358487, 913144, 948265, 338564, 158098, 508645, 136498, 37.3, 39.2, 1.00
A, 690188, 358392, 913206, 948046, 338406, 158124, 508537, 136467, 37.3, 39.2, 1.00
A, 690309, 358381, 913569, 948374, 338443, 158206, 508568, 136565, 37.3, 39.2, 0.99
A, 690154, 358268, 913595, 948131, 338448, 158183, 508467, 136558, 37.4, 39.2, 1.00
A, 690217, 358153, 913483, 947496, 338370, 158100, 508464, 136482, 37.4, 39.2, 0.99
A, 689866, 358025, 913301, 947525, 338360, 158123, 508351, 136497, 37.3, 39.2, 1.01
A, 691616, 358291, 916020, 949547, 338647, 158406, 508750, 136794, 37.3, 39.2, 1.00
A, 691248, 358264, 915596, 948925, 338585, 158363, 508591, 136673, 37.3, 39.2, 1.01
A, 691102, 358280, 915513, 948598, 338542, 158264, 508579, 136722, 37.3, 39.2, 0.99
A, 690736, 358219, 915009, 948218, 338494, 158341, 508440, 136624, 37.3, 39.2, 1.01
A, 690582, 358139, 915025, 947826, 338392, 158260, 508418, 136545, 37.3, 39.2, 1.00
A, 690171, 358005, 914577, 947164, 338258, 158135, 508245, 136461, 37.3, 39.3, 0.99
A, 690045, 357882, 914692, 947247, 338261, 158126, 508231, 136463, 37.3, 39.3, 1.00
A, 689709, 357824, 914410, 946831, 338190, 158067, 508073, 136419, 37.3, 39.3, 1.00
A, 689376, 357676, 914094, 946497, 338103, 158074, 508027, 136401, 37.3, 39.3, 1.00
A, 689571, 357711, 914325, 946504, 338029, 158082, 508043, 136407, 37.3, 39.3, 0.99
A, 689439, 357635, 914271, 946120, 338097, 158017, 507951, 136324, 37.3, 39.3, 1.01
A, 689081, 357545, 913991, 945627, 337930, 157959, 507811, 136304, 37.3, 39.3, 1.01
A, 688802, 357473, 913731, 945481, 337936, 157957, 507743, 136298, 37.3, 39.3, 1.00
A, 688740, 357470, 913664, 945199, 337879, 157921, 507743, 136257, 37.3, 39.3, 1.00
A, 688523, 357281, 913592, 945062, 337794, 157923, 507653, 136285, 37.3, 39.3, 1.01
A, 688343, 357261, 913183, 944472, 337775, 157804, 507600, 136237, 37.3, 39.3, 1.01
A, 688067, 357177, 913224, 944357, 337699, 157718, 507472, 136094, 37.3, 39.3, 1.00
A, 688236, 357137, 913478, 944569, 337655, 157868, 507455, 136139, 37.3, 39.3, 1.01
A, 688233, 357089, 913437, 944317, 337680, 157789, 507454, 136169, 37.3, 39.3, 1.00
A, 688235, 357058, 913516, 944198, 337644, 157831, 507426, 136191, 37.3, 39.3, 0.99
A, 689643, 357297, 915851, 946126, 337918, 158055, 507790, 136526, 37.3, 39.3, 1.00
A, 689102, 357256, 914925, 945056, 337850, 157930, 507667, 136261, 37.3, 39.3, 0.99
A, 688361, 357205, 913930, 944075, 337671, 157825, 507429, 136114, 37.3, 39.3, 1.00
A, 688060, 356975, 913526, 943852, 337534, 157776, 507291, 136095, 37.3, 39.3, 1.00
A, 687558, 356825, 913037, 943297, 337457, 157686, 507198, 135981, 37.3, 39.4, 1.00
A, 687477, 356815, 913101, 943245, 337450, 157654, 507076, 135994, 37.3, 39.4, 0.99
A, 687927, 356864, 913597, 943560, 337486, 157737, 507216, 136170, 37.3, 39.4, 1.01
A, 688054, 356822, 913942, 943698, 337526, 157722, 507180, 136127, 37.3, 39.4, 1.00
A, 687855, 356847, 913730, 943510, 337516, 157649, 507183, 136050, 37.3, 39.4, 1.00
A, 687831, 356711, 913669, 943112, 337448, 157635, 507152, 136075, 37.3, 39.4, 0.99
A, 687922, 356708, 913834, 943414, 337501, 157720, 507153, 136000, 37.3, 39.4, 1.00
A, 687928, 356722, 913853, 943039, 337413, 157648, 507085, 136013, 37.3, 39.4, 1.00
A, 687787, 356676, 913577, 942829, 337369, 157612, 507090, 135965, 37.3, 39.4, 0.99
A, 687471, 356589, 913480, 942732, 337311, 157562, 506960, 135898, 37.3, 39.4, 0.99
A, 687343, 356584, 913305, 942394, 337285, 157545, 506923, 135867, 37.3, 39.4, 1.01
A, 687235, 356396, 913107, 942348, 337260, 157541, 506847, 135911, 37.3, 39.4, 1.00
A, 687031, 356505, 912979, 941916, 337214, 157437, 506855, 135842, 37.3, 39.4, 1.00
A, 686986, 356478, 912904, 941791, 337195, 157465, 506749, 135844, 37.3, 39.4, 1.00
A, 687149, 356295, 913083, 942039, 337217, 157472, 506741, 135838, 37.3, 39.4, 1.00
A, 686833, 356302, 912699, 941553, 337143, 157430, 506726, 135846, 37.3, 39.4, 1.00
A, 688021, 356336, 914597, 943173, 337306, 157670, 506941, 136113, 37.3, 39.4, 0.99
A, 687671, 356485, 914154, 942715, 337284, 157629, 506891, 135987, 37.3, 39.4, 1.01
A, 687257, 356353, 913258, 941700, 337148, 157452, 506728, 135838, 37.3, 39.4, 1.01
A, 687032, 356237, 913249, 941564, 337028, 157393, 506636, 135726, 37.3, 39.5, 1.01
A, 687034, 356255, 913389, 941854, 337078, 157423, 506645, 135778, 37.3, 39.5, 1.01
A, 687070, 356236, 913346, 941773, 337109, 157416, 506671, 135801, 37.3, 39.5, 0.99
A, 687301, 356222, 913435, 941812, 337109, 157479, 506681, 135865, 37.3, 39.5, 1.00
A, 687226, 356266, 913749, 941922, 337027, 157397, 506684, 135829, 37.3, 39.5, 1.00
A, 687198, 356244, 913636, 941709, 337145, 157373, 506662, 135847, 37.3, 39.5, 0.99
A, 687061, 356161, 913520, 941498, 337063, 157408, 506598, 135768, 37.3, 39.5, 1.00
A, 687042, 356003, 913421, 941465, 337000, 157315, 506526, 135757, 37.3, 39.5, 0.98
A, 687149, 356132, 913653, 941672, 337049, 157344, 506547, 135781, 37.3, 39.5, 1.01
A, 686792, 356098, 913121, 940910, 336915, 157239, 506394, 135698, 37.3, 39.5, 1.00
A, 686451, 356099, 912770, 940543, 337003, 157184, 506374, 135629, 37.3, 39.5, 0.99
A, 686457, 355912, 912679, 940654, 336862, 157262, 506283, 135629, 37.3, 39.5, 1.00
A, 686322, 356032, 912508, 940257, 336924, 157165, 506379, 135600, 37.3, 39.5, 1.00
A, 686366, 355928, 912425, 940327, 336782, 157220, 506341, 135623, 37.3, 39.5, 1.00
A, 686072, 355888, 912318, 940055, 336811, 157156, 506327, 135568, 37.3, 39.5, 1.01
A, 686089, 355855, 912156, 939880, 336765, 157116, 506240, 135553, 37.3, 39.5, 1.00
A, 686157, 355824, 912490, 940250, 336799, 157094, 506198, 135542, 37.3, 39.5, 1.00
A, 687653, 355991, 914752, 941870, 337037, 157375, 506481, 135826, 37.3, 39.5, 0.99
A, 687049, 356043, 913697, 941121, 337038, 157307, 506449, 135763, 37.3, 39.5, 1.00
A, 687076, 356026, 914051, 941369, 337019, 157350, 506462, 135782, 37.3, 39.5, 0.99
A, 686884, 355915, 913525, 940769, 336900, 157202, 506338, 135627, 37.3, 39.5, 1.01
A, 686721, 355913, 913300, 940336, 336915, 157205, 506313, 135624, 37.3, 39.5, 0.99
A, 686726, 355928, 913426, 940631, 336845, 157169, 506308, 135697, 37.3, 39.5, 1.00
A, 686788, 355815, 913395, 940553, 336790, 157153, 506289, 135661, 37.3, 39.6, 1.00
A, 686836, 355944, 913743, 940804, 336875, 157220, 506293, 135673, 37.3, 39.6, 1.00
A, 686935, 355891, 913799, 940833, 336883, 157222, 506289, 135699, 37.3, 39.6, 1.00
A, 686951, 355848, 913597, 940605, 336870, 157130, 506309, 135574, 37.3, 39.6, 1.00
A, 686773, 355836, 913505, 940392, 336826, 157110, 506183, 135559, 37.3, 39.6, 1.00
A, 686492, 355794, 913283, 940319, 336742, 157143, 506175, 135476, 37.3, 39.6, 1.00
A, 686721, 355792, 913705, 940533, 336860, 157169, 506217, 135612, 37.3, 39.6, 0.99
A, 686627, 355865, 913276, 940331, 336832, 157127, 506194, 135594, 37.3, 39.6, 0.99
A, 686760, 355822, 913761, 940407, 336838, 157125, 506226, 135597, 37.3, 39.6, 1.00
A, 686610, 355757, 913560, 940180, 336784, 157075, 506157, 135552, 37.3, 39.6, 0.99
A, 686389, 355741, 913295, 939957, 336792, 157045, 506145, 135492, 37.3, 39.6, 1.01
A, 686264, 355816, 913192, 939917, 336729, 157107, 506094, 135494, 37.3, 39.6, 0.99
A, 686475, 355698, 913594, 940130, 336764, 157092, 506141, 135579, 37.3, 39.6, 1.00
A, 686571, 355738, 913722, 940215, 336751, 157029, 506096, 135572, 37.3, 39.6, 0.99
A, 687940, 355932, 915918, 941937, 337046, 157341, 506416, 135798, 37.3, 39.6, 1.00
A, 687354, 355928, 914820, 940847, 336926, 157224, 506334, 135593, 37.3, 39.6, 0.99
A, 686643, 355890, 913940, 940192, 336799, 157061, 506214, 135571, 37.3, 39.6, 1.00
A, 686434, 355803, 913409, 939669, 336745, 157046, 506063, 135469, 37.3, 39.6, 1.01
A, 685800, 355615, 912850, 939254, 336585, 156940, 505841, 135365, 37.3, 39.6, 1.00
A, 685792, 355640, 912820, 939148, 336535, 156927, 505850, 135342, 37.3, 39.6, 1.00
A, 685998, 355615, 912893, 939352, 336569, 156912, 505896, 135365, 37.3, 39.6, 1.01
A, 686003, 355542, 913223, 939307, 336581, 156828, 505839, 135261, 37.3, 39.6, 0.99
A, 685918, 355550, 913124, 939325, 336532, 156935, 505936, 135381, 37.3, 39.6, 1.00
A, 686053, 355491, 913134, 939336, 336589, 156893, 505893, 135411, 37.3, 39.6, 1.00
A, 686155, 355574, 913349, 939323, 336602, 156847, 505879, 135384, 37.3, 39.6, 1.01
A, 685977, 355420, 913078, 939145, 336549, 156878, 505882, 135402, 37.3, 39.6, 0.99
A, 685862, 355487, 913107, 939073, 336511, 156829, 505797, 135324, 37.3, 39.6, 1.00
A, 686104, 355435, 913287, 939247, 336516, 156867, 505877, 135385, 37.3, 39.7, 1.00
A, 686078, 355439, 913281, 939256, 336506, 156886, 505906, 135351, 37.3, 39.7, 0.99
A, 686143, 355539, 913451, 939274, 336591, 156816, 505918, 135305, 37.3, 39.7, 1.00
A, 686220, 355489, 913246, 939060, 336568, 156821, 505854, 135372, 37.3, 39.7, 0.99
A, 685941, 355489, 913087, 938856, 336570, 156811, 505831, 135295, 37.3, 39.7, 0.99
A, 685793, 355325, 912980, 938964, 336478, 156797, 505781, 135254, 37.3, 39.7, 1.00
A, 686187, 355401, 913258, 939084, 336530, 156802, 505815, 135347, 37.3, 39.7, 0.99
A, 687188, 355542, 915154, 940605, 336758, 157007, 506084, 135538, 37.3, 39.7, 0.99
A, 686695, 355546, 914261, 939713, 336729, 156849, 505983, 135389, 37.3, 39.7, 1.00
A, 686036, 355437, 913340, 938928, 336554, 156828, 505825, 135285, 37.3, 39.7, 1.01
A, 685543, 355341, 912475, 938433, 336472, 156673, 505646, 135162, 37.3, 39.7, 1.01
A, 685793, 355313, 913113, 938844, 336392, 156712, 505669, 135263, 37.3, 39.7, 1.01
A, 685800, 355249, 913253, 938869, 336477, 156798, 505743, 135283, 37.3, 39.7, 1.00
A, 686194, 355317, 913760, 939333, 336564, 156828, 505805, 135342, 37.3, 39.7, 1.00
A, 686328, 355404, 913857, 939288, 336528, 156724, 505858, 135251, 37.3, 39.7, 1.00
A, 686204, 355404, 913755, 939011, 336525, 156749, 505731, 135329, 37.3, 39.7, 1.00
A, 686186, 355391, 913874, 939400, 336522, 156760, 505809, 135309, 37.3, 39.7, 1.00
A, 686253, 355377, 913781, 939256, 336544, 156710, 505757, 135286, 37.3, 39.7, 0.99
A, 686236, 355303, 913906, 939354, 336521, 156790, 505768, 135371, 37.3, 39.7, 1.00
A, 686611, 355425, 914347, 939750, 336593, 156811, 505848, 135367, 37.3, 39.7, 1.01
A, 686636, 355586, 914326, 939463, 336649, 156799, 505884, 135295, 37.3, 39.7, 1.00
A, 686420, 355400, 914264, 939474, 336582, 156750, 505908, 135337, 37.3, 39.7, 0.99
A, 686220, 355334, 914144, 939394, 336514, 156760, 505806, 135233, 37.3, 39.7, 1.01
A, 686127, 355392, 913897, 939042, 336512, 156757, 505812, 135275, 37.3, 39.7, 1.01
A, 686070, 355324, 913622, 939004, 336493, 156739, 505731, 135281, 37.3, 39.7, 1.00
A, 685987, 355356, 913755, 938816, 336475, 156624, 505678, 135191, 37.2, 39.7, 1.00
A, 685954, 355266, 913736, 938755, 336463, 156690, 505633, 135187, 37.2, 39.7, 1.00
A, 687279, 355346, 915842, 940608, 336696, 156899, 505927, 135477, 37.2, 39.7, 1.01
A, 686849, 355515, 915130, 939747, 336636, 156778, 505912, 135320, 37.3, 39.8, 0.99
A, 686045, 355430, 914144, 939119, 336503, 156687, 505752, 135277, 37.3, 39.8, 0.99
A, 686247, 355373, 914509, 939345, 336521, 156742, 505732, 135303, 37.3, 39.8, 1.01
A, 686447, 355360, 914732, 939204, 336570, 156709, 505747, 135203, 37.3, 39.8, 0.99
A, 686152, 355334, 914324, 939067, 336412, 156619, 505623, 135147, 37.3, 39.8, 1.00
A, 686255, 355382, 914399, 939137, 336532, 156700, 505712, 135229, 37.3, 39.8, 1.00
A, 686215, 355363, 914431, 939005, 336515, 156697, 505720, 135280, 37.3, 39.8, 1.00
A, 686402, 355336, 914534, 939047, 336553, 156712, 505748, 135237, 37.3, 39.8, 0.99
A, 686059, 355384, 914176, 938708, 336497, 156601, 505608, 135152, 37.2, 39.8, 1.00
A, 686169, 355340, 914198, 939040, 336462, 156643, 505683, 135207, 37.2, 39.8, 1.00
A, 686077, 355249, 914395, 938939, 336441, 156669, 505659, 135173, 37.2, 39.8, 1.00
A, 685837, 355316, 914135, 938735, 336395, 156568, 505574, 135152, 37.2, 39.8, 1.01
A, 686161, 355319, 914524, 939026, 336456, 156641, 505695, 135199, 37.2, 39.8, 1.01
A, 686343, 355327, 914629, 938847, 336528, 156611, 505718, 135146, 37.2, 39.8, 0.99
A, 686051, 355324, 914296, 938664, 336424, 156523, 505635, 135148, 37.2, 39.8, 1.00
A, 686166, 355285, 914397, 938895, 336495, 156597, 505660, 135163, 37.2, 39.8, 1.00
A, 685839, 355269, 914070, 938437, 336453, 156528, 505686, 135106, 37.2, 39.8, 0.98
A, 685738, 355193, 914000, 938421, 336282, 156577, 505588, 135146, 37.2, 39.8, 1.01
A, 685710, 355241, 913733, 938226, 336376, 156536, 505538, 135066, 37.2, 39.8, 1.01
A, 686577, 355274, 915043, 939337, 336451, 156646, 505704, 135243, 37.2, 39.8, 1.00
A, 686602, 355394, 915383, 939497, 336561, 156649, 505753, 135258, 37.2, 39.8, 0.99
A, 686531, 355315, 915194, 939450, 336536, 156670, 505759, 135232, 37.2, 39.8, 1.00
A, 686330, 355392, 914907, 939060, 336496, 156608, 505676, 135187, 37.2, 39.8, 0.99
A, 686555, 355399, 915238, 939251, 336545, 156663, 505692, 135273, 37.2, 39.9, 1.00
A, 686355, 355308, 915177, 939148, 336512, 156589, 505680, 135161, 37.2, 39.9, 1.00
A, 686228, 355290, 914869, 938793, 336496, 156575, 505693, 135197, 37.2, 39.9, 0.99
A, 686340, 355315, 914949, 939073, 336442, 156580, 505635, 135225, 37.2, 39.9, 1.01
A, 686117, 355206, 914788, 938823, 336453, 156531, 505565, 135095, 37.2, 39.9, 1.00
A, 686318, 355277, 915052, 939079, 336475, 156566, 505689, 135174, 37.2, 39.9, 1.00
A, 686180, 355295, 914731, 938844, 336447, 156580, 505618, 135135, 37.2, 39.9, 0.99
A, 685919, 355197, 914423, 938397, 336408, 156481, 505514, 135052, 37.2, 39.9, 1.00
A, 685804, 355167, 914307, 938427, 336304, 156433, 505486, 134988, 37.2, 39.9, 1.00
A, 685760, 355163, 914168, 938313, 336351, 156401, 505489, 135060, 37.2, 39.9, 0.99
A, 685865, 355157, 914463, 938259, 336415, 156474, 505545, 135036, 37.2, 39.9, 1.01
A, 685672, 355123, 914051, 938068, 336299, 156376, 505461, 134999, 37.2, 39.9, 1.01
A, 685488, 355041, 913912, 937962, 336299, 156350, 505439, 134993, 37.2, 39.9, 1.01
A, 685553, 355060, 913850, 937920, 336204, 156276, 505346, 134924, 37.2, 39.9, 1.00
A, 685502, 355160, 913850, 937863, 336263, 156305, 505472, 134923, 37.2, 39.9, 0.99
A, 685432, 355019, 913767, 937917, 336253, 156303, 505389, 134937, 37.2, 39.9, 1.00
A, 686740, 355210, 915657, 939472, 336493, 156480, 505740, 135187, 37.2, 39.9, 1.01
A, 686402, 355238, 914964, 938784, 336443, 156481, 505617, 135027, 37.2, 39.9, 0.99
A, 685973, 355217, 914533, 938538, 336369, 156377, 505560, 135016, 37.2, 39.9, 1.00
A, 685652, 355063, 914024, 937999, 336253, 156310, 505402, 134923, 37.2, 39.9, 1.01
A, 685240, 354977, 913486, 937609, 336214, 156178, 505383, 134916, 37.2, 39.9, 0.99
A, 685612, 355029, 914079, 938153, 336277, 156325, 505425, 134943, 37.2, 39.9, 1.01
A, 685849, 355081, 914095, 937969, 336308, 156271, 505400, 134944, 37.2, 39.9, 1.01
A, 685737, 355046, 913779, 938006, 336334, 156233, 505421, 134970, 37.2, 39.9, 1.01
A, 685843, 355073, 914387, 938341, 336308, 156298, 505495, 134995, 37.2, 39.9, 1.00
A, 685936, 355122, 914454, 938395, 336313, 156317, 505504, 135026, 37.2, 39.9, 0.99
A, 686078, 355167, 914624, 938570, 336368, 156334, 505588, 135039, 37.2, 39.9, 1.01
A, 686132, 355123, 914646, 938644, 336380, 156349, 505544, 135037, 37.2, 39.9, 0.99
A, 686153, 355175, 914890, 938694, 336412, 156297, 505590, 135079, 37.2, 39.9, 1.01
A, 686175, 355030, 914655, 938564, 336381, 156334, 505531, 135006, 37.2, 39.9, 0.99
A, 686086, 355159, 914732, 938604, 336378, 156289, 505540, 135004, 37.2, 39.9, 0.99
A, 686293, 355147, 914944, 938857, 336400, 156361, 505630, 135042, 37.2, 39.9, 1.01
A, 686146, 355071, 914868, 938729, 336394, 156366, 505603, 135063, 37.2, 39.9, 1.01
A, 686521, 355246, 915025, 938778, 336531, 156302, 505663, 135036, 37.2, 39.9, 0.99
A, 686321, 355164, 915141, 938854, 336443, 156298, 505566, 134966, 37.2, 39.9, 1.00
A, 686020, 355165, 914642, 938411, 336463, 156279, 505573, 134947, 37.2, 39.9, 1.00
A, 686947, 355257, 915998, 939724, 336527, 156432, 505688, 135187, 37.2, 39.9, 0.99
A, 686762, 355278, 915816, 939507, 336601, 156417, 505724, 135115, 37.2, 39.9, 1.00
A, 686379, 355278, 915271, 939055, 336523, 156350, 505613, 135022, 37.2, 40.0, 1.00
A, 685744, 355170, 914411, 938071, 336352, 156153, 505542, 134903, 37.2, 40.0, 0.99
A, 686046, 355094, 914402, 938181, 336343, 156174, 505459, 134957, 37.2, 39.9, 1.00
A, 685842, 355106, 914482, 938331, 336243, 156215, 505449, 134868, 37.2, 39.9, 1.00
A, 686034, 355149, 914806, 938644, 336401, 156236, 505527, 134949, 37.2, 40.0, 1.01
A, 686022, 355167, 914756, 938374, 336362, 156245, 505552, 134936, 37.2, 40.0, 1.00
A, 686394, 355168, 914999, 938733, 336404, 156266, 505667, 135019, 37.2, 40.0, 0.99
A, 686414, 355174, 915320, 938780, 336380, 156249, 505594, 134919, 37.2, 40.0, 1.00
A, 686222, 355188, 915109, 938722, 336409, 156199, 505559, 134856, 37.2, 40.0, 0.99
A, 686437, 355171, 915373, 938988, 336413, 156285, 505617, 134984, 37.2, 40.0, 0.99
A, 686492, 355189, 915409, 938939, 336480, 156268, 505640, 134964, 37.2, 40.0, 1.00
A, 686261, 355214, 915260, 938853, 336447, 156204, 505613, 134973, 37.2, 40.0, 1.00
A, 686626, 355213, 915679, 939091, 336513, 156282, 505734, 135046, 37.2, 40.0, 1.00
A, 686698, 355191, 915843, 939214, 336527, 156210, 505666, 134988, 37.2, 40.0, 1.01
A, 686337, 355196, 915608, 939019, 336439, 156204, 505650, 134873, 37.2, 40.0, 1.01
A, 686483, 355197, 915541, 938949, 336469, 156233, 505643, 134958, 37.2, 40.0, 1.00
A, 686251, 355082, 915191, 938605, 336404, 156242, 505599, 134831, 37.2, 40.0, 1.00
A, 686136, 355138, 914944, 938428, 336366, 156134, 505583, 134908, 37.2, 40.0, 0.99
A, 687373, 355353, 916876, 939921, 336670, 156396, 505859, 135097, 37.2, 40.0, 1.01
A, 686889, 355330, 916322, 939498, 336680, 156285, 505743, 134974, 37.2, 40.0, 1.00
A, 686886, 355344, 916331, 939555, 336547, 156355, 505775, 135075, 37.2, 40.0, 1.01
A, 686786, 355291, 916202, 939436, 336563, 156331, 505751, 135041, 37.2, 40.0, 1.00
A, 686772, 355401, 915966, 939101, 336569, 156219, 505691, 134912, 37.2, 40.0, 1.00
A, 686534, 355236, 915540, 938849, 336471, 156242, 505660, 134949, 37.2, 40.0, 1.00
A, 686653, 355389, 916171, 939296, 336515, 156261, 505691, 134966, 37.2, 40.0, 1.00
A, 686539, 355322, 915878, 939029, 336464, 156137, 505650, 134959, 37.2, 40.0, 1.00
A, 686644, 355327, 916098, 939163, 336520, 156268, 505641, 134998, 37.2, 40.0, 1.00
A, 686486, 355292, 916035, 939098, 336454, 156292, 505636, 134883, 37.2, 40.0, 0.99
A, 686764, 355307, 915987, 938949, 336524, 156174, 505675, 134915, 37.2, 40.0, 0.99
A, 686505, 355310, 915674, 938544, 336451, 156148, 505587, 134867, 37.2, 40.0, 1.00
A, 686418, 355333, 915800, 938855, 336427, 156186, 505587, 134887, 37.2, 40.0, 0.99
A, 686282, 355266, 915677, 938841, 336426, 156190, 505614, 134943, 37.2, 40.1, 1.00
A, 686220, 355190, 915515, 938610, 336408, 156115, 505545, 134885, 37.2, 40.1, 0.99
A, 686462, 355299, 915826, 938925, 336445, 156220, 505679, 134941, 37.2, 40.1, 0.99
A, 686504, 355329, 915921, 938765, 336443, 156164, 505610, 134899, 37.2, 40.1, 1.00
A, 686205, 355236, 915654, 938605, 336416, 156128, 505570, 134870, 37.2, 40.1, 1.01
A, 686212, 355201, 915666, 938581, 336363, 156097, 505565, 134867, 37.2, 40.1, 0.99
A, 686152, 355159, 915438, 938440, 336414, 156141, 505603, 134816, 37.2, 40.1, 1.00
A, 686729, 355195, 916505, 939439, 336482, 156235, 505710, 135006, 37.2, 40.1, 1.00
A, 686032, 355310, 915323, 938333, 336454, 156108, 505671, 134825, 37.2, 40.1, 1.01
A, 685662, 355109, 914819, 937855, 336303, 155998, 505471, 134769, 37.2, 40.1, 1.00
A, 685439, 355014, 914562, 937757, 336286, 155981, 505354, 134750, 37.2, 40.1, 1.00
A, 685309, 354921, 914126, 937363, 336198, 155912, 505331, 134698, 37.2, 40.1, 1.00
A, 685048, 354813, 913998, 937345, 336142, 155896, 505329, 134671, 37.2, 40.1, 1.00
A, 685672, 354949, 914693, 937895, 336294, 155995, 505477, 134759, 37.2, 40.1, 1.00
A, 685969, 355052, 915084, 937996, 336301, 155927, 505515, 134804, 37.2, 40.1, 1.00
A, 685987, 354902, 914845, 938119, 336345, 155993, 505528, 134828, 37.2, 40.1, 1.01
A, 686101, 354979, 915426, 938485, 336384, 156013, 505553, 134855, 37.2, 40.1, 1.00
A, 686156, 354992, 915428, 938489, 336378, 155984, 505627, 134763, 37.2, 40.1, 1.01
A, 686425, 355036, 915796, 938833, 336485, 156105, 505654, 134902, 37.2, 40.1, 1.00
A, 686495, 355101, 915777, 938930, 336431, 156055, 505655, 134875, 37.2, 40.1, 0.99
A, 686429, 355099, 915873, 938839, 336510, 156026, 505668, 134825, 37.2, 40.1, 1.00
A, 686382, 355042, 915665, 938616, 336434, 155992, 505672, 134834, 37.2, 40.1, 1.01
A, 686271, 355044, 915600, 938711, 336375, 156018, 505591, 134812, 37.2, 40.1, 1.01
A, 686447, 355106, 915829, 938984, 336504, 156053, 505708, 134895, 37.2, 40.1, 1.01
A, 686570, 355079, 915857, 938691, 336557, 156041, 505705, 134819, 37.2, 40.1, 1.01
A, 686467, 355141, 915459, 938619, 336556, 155982, 505683, 134859, 37.2, 40.1, 1.01
A, 686595, 355172, 915978, 938883, 336500, 156030, 505693, 134786, 37.2, 40.1, 1.00
A, 687651, 355356, 917717, 940298, 336727, 156272, 505983, 135061, 37.2, 40.1, 0.99
A, 687306, 355383, 916944, 939784, 336755, 156175, 505897, 134987, 37.2, 40.1, 1.00
A, 686461, 355301, 915816, 938682, 336562, 156032, 505760, 134790, 37.2, 40.1, 1.01
A, 685954, 355123, 915177, 938130, 336395, 155915, 505552, 134666, 37.2, 40.1, 1.00
A, 686209, 355103, 915228, 938396, 336448, 155928, 505613, 134725, 37.2, 40.1, 1.00
A, 685910, 355017, 915158, 938120, 336393, 155898, 505535, 134664, 37.2, 40.1, 0.99
A, 685855, 354970, 915018, 938121, 336335, 155877, 505494, 134741, 37.2, 40.1, 1.01
A, 686239, 355045, 915639, 938706, 336485, 155983, 505670, 134767, 37.2, 40.1, 1.00
A, 686401, 355109, 915768, 938655, 336541, 155987, 505649, 134733, 37.2, 40.1, 1.00
A, 686362, 355097, 915699, 938495, 336499, 155938, 505704, 134734, 37.2, 40.1, 1.00
A, 686321, 355164, 915860, 938830, 336520, 156021, 505716, 134849, 37.2, 40.1, 1.00
A, 686420, 355132, 915801, 938864, 336503, 155952, 505698, 134729, 37.2, 40.1, 1.01
A, 686514, 355122, 916024, 939008, 336511, 155994, 505766, 134867, 37.2, 40.1, 1.01
A, 686578, 355077, 916154, 939075, 336548, 156056, 505779, 134854, 37.2, 40.1, 1.00
A, 686760, 355144, 916342, 939053, 336577, 155998, 505770, 134802, 37.2, 40.1, 1.00
A, 686663, 355149, 915938, 938917, 336527, 155927, 505751, 134762, 37.2, 40.1, 1.00
A, 686545, 355159, 916066, 938987, 336523, 155981, 505761, 134785, 37.2, 40.1, 1.00
A, 686606, 355184, 916389, 939282, 336637, 156016, 505860, 134843, 37.2, 40.1, 1.00
A, 686720, 355173, 916392, 939028, 336565, 156003, 505819, 134884, 37.2, 40.1, 1.00
A, 687065, 355317, 916696, 939306, 336623, 156010, 505964, 134833, 37.2, 40.1, 0.99
M, 684725, 355006, 912533, 935204, 336372, 155347, 505406, 133973, 37.2, 40.1, 0.05
M, 675074, 352875, 898036, 923470, 333752, 153610, 502221, 132057, 37.3, 40.1, 0.52
M, 668393, 350854, 887873, 914944, 331796, 152264, 499683, 130764, 37.3, 40.1, 0.73
M, 661924, 348737, 877594, 906629, 329767, 150965, 497367, 129576, 37.3, 40.1, 0.83
M, 658306, 347279, 871707, 901972, 328506, 150114, 495893, 128958, 37.3, 40.1, 0.90
M, 655101, 345901, 865963, 897661, 327222, 149297, 494432, 128463, 37.3, 40.1, 0.92
M, 652300, 344506, 860517, 893857, 325922, 148502, 492997, 127883, 37.3, 40.0, 0.95
M, 649984, 343152, 855403, 890264, 324803, 147731, 491756, 127443, 37.3, 40.0, 0.98
M, 648359, 342133, 851345, 887862, 324016, 147116, 490919, 127189, 37.3, 39.8, 0.97
M, 647163, 341205, 848564, 886434, 323318, 146625, 490204, 126942, 37.3, 39.8, 0.99
M, 646654, 340454, 846211, 885591, 322892, 146218, 489816, 126848, 37.3, 39.7, 0.99
M, 646316, 339726, 844130, 884739, 322594, 145918, 489556, 126750, 37.3, 39.7, 1.00
M, 646570, 339183, 842783, 884906, 322434, 145662, 489383, 126775, 37.3, 39.7, 1.00
M, 646855, 338671, 841554, 884852, 322294, 145393, 489410, 126723, 37.3, 39.7, 0.99
M, 647080, 338212, 840362, 884977, 322252, 145207, 489466, 126760, 37.4, 39.6, 0.99
M, 647578, 337772, 839564, 885538, 322241, 145006, 489532, 126736, 37.4, 39.6, 1.00
M, 648412, 337472, 839345, 886531, 322315, 144963, 489768, 126795, 37.4, 39.6, 1.00
M, 648872, 337223, 838739, 887104, 322486, 144914, 489956, 126912, 37.4, 39.6, 1.00
M, 650126, 337099, 838806, 888306, 322636, 144834, 490287, 127012, 37.4, 39.6, 1.00
M, 651046, 336843, 838631, 889432, 322889, 144745, 490580, 127040, 37.4, 39.6, 1.00
M, 652692, 336959, 839747, 891507, 323196, 144747, 491110, 127275, 37.4, 39.5, 1.01
M, 653677, 336819, 839630, 892427, 323370, 144752, 491419, 127309, 37.4, 39.5, 1.00
M, 654201, 336719, 838835, 893017, 323594, 144696, 491701, 127366, 37.4, 39.5, 1.01
M, 654793, 336642, 838776, 893906, 323697, 144662, 491902, 127391, 37.4, 39.5, 1.00
M, 655906, 336665, 838404, 894962, 324020, 144630, 492370, 127455, 37.4, 39.5, 1.00
M, 656569, 336666, 838615, 895925, 324150, 144607, 492582, 127487, 37.4, 39.5, 0.99
M, 657476, 336606, 838886, 897227, 324430, 144591, 492912, 127578, 37.4, 39.5, 0.99
M, 658438, 336667, 839139, 898440, 324676, 144638, 493313, 127705, 37.4, 39.5, 0.99
M, 659407, 336764, 839174, 899361, 324890, 144645, 493601, 127788, 37.4, 39.5, 1.00
M, 660443, 336864, 839811, 900946, 325221, 144709, 494032, 127895, 37.4, 39.5, 1.00
M, 661491, 337040, 840130, 902178, 325515, 144675, 494419, 127943, 37.4, 39.5, 1.00
M, 662239, 337155, 840124, 903158, 325745, 144733, 494687, 128030, 37.4, 39.5, 1.01
M, 662900, 337206, 840248, 904229, 325988, 144763, 495047, 128087, 37.4, 39.5, 1.00
M, 663446, 337309, 840097, 904898, 326158, 144754, 495252, 128041, 37.4, 39.4, 1.00
M, 664670, 337515, 840431, 905960, 326428, 144747, 495638, 128182, 37.4, 39.4, 1.00
M, 664885, 337588, 839906, 906527, 326553, 144716, 495872, 128063, 37.4, 39.4, 1.00
M, 662427, 337322, 835546, 903425, 326219, 144210, 495445, 127526, 37.4, 39.4, 0.99
M, 659100, 336473, 829962, 899575, 325524, 143586, 494721, 126975, 37.4, 39.4, 1.01
M, 657031, 335806, 826442, 897376, 325058, 143282, 494296, 126727, 37.4, 39.4, 1.00
M, 658876, 335781, 828031, 899748, 325310, 143375, 494734, 126994, 37.5, 39.4, 1.00
M, 663100, 336389, 832803, 904585, 326247, 143888, 495839, 127741, 37.5, 39.4, 1.00
M, 664712, 336929, 833863, 906449, 326779, 143916, 496516, 127889, 37.5, 39.4, 0.99
M, 666114, 337105, 835061, 908392, 327096, 144087, 496924, 128037, 37.5, 39.4, 1.00
M, 667076, 337452, 835549, 909881, 327461, 144138, 497409, 128102, 37.5, 39.4, 1.00
M, 668088, 337616, 836351, 911213, 327771, 144269, 497754, 128335, 37.5, 39.4, 1.00
M, 670054, 338205, 837915, 913488, 328279, 144493, 498398, 128442, 37.5, 39.4, 1.00
M, 671125, 338389, 838815, 914899, 328466, 144544, 498685, 128525, 37.5, 39.4, 1.01
M, 672504, 338773, 840175, 916810, 328955, 144732, 499147, 128753, 37.5, 39.4, 1.00
M, 673785, 339108, 841070, 918322, 329246, 144824, 499584, 128947, 37.5, 39.3, 1.00
M, 674716, 339428, 841918, 919745, 329543, 144970, 499904, 129037, 37.5, 39.3, 1.00
M, 675952, 339845, 843106, 921362, 329867, 145095, 500367, 129157, 37.5, 39.3, 1.01
M, 676914, 340204, 843653, 922487, 330236, 145186, 500711, 129223, 37.5, 39.3, 1.00
M, 677658, 340510, 844361, 923570, 330413, 145238, 500906, 129277, 37.5, 39.3, 1.00
M, 678380, 340835, 844900, 924700, 330677, 145429, 501310, 129430, 37.5, 39.3, 1.00
M, 678747, 341079, 845080, 925412, 330895, 145467, 501581, 129449, 37.5, 39.3, 1.00
M, 679551, 341351, 845500, 926327, 331120, 145500, 501743, 129550, 37.5, 39.3, 1.00
M, 680134, 341637, 846161, 927293, 331297, 145589, 502062, 129617, 37.5, 39.3, 1.00
M, 680577, 341930, 846403, 927982, 331502, 145624, 502305, 129578, 37.5, 39.3, 1.00
M, 680746, 342053, 846245, 928315, 331638, 145630, 502459, 129567, 37.5, 39.3, 0.99
M, 681332, 342402, 846873, 929345, 331785, 145685, 502577, 129639, 37.5, 39.3, 1.00
M, 683205, 342808, 849093, 931711, 332196, 145989, 503200, 129996, 37.5, 39.3, 0.99
M, 683280, 343112, 848485, 931531, 332369, 145987, 503338, 129851, 37.5, 39.3, 1.00
M, 683038, 343255, 848120, 931404, 332391, 145891, 503376, 129805, 37.5, 39.3, 1.00
M, 682793, 343239, 847814, 931612, 332381, 145913, 503395, 129742, 37.5, 39.3, 0.99
M, 683177, 343518, 847912, 932100, 332567, 145925, 503646, 129776, 37.5, 39.3, 0.99
M, 683436, 343596, 847961, 932662, 332558, 145919, 503669, 129797, 37.5, 39.3, 1.00
M, 683749, 343842, 848342, 933234, 332845, 145997, 503993, 129867, 37.5, 39.3, 1.00
M, 684029, 343964, 848414, 933477, 332853, 146026, 504029, 129797, 37.5, 39.3, 1.00
M, 684555, 344079, 849093, 934405, 332970, 145995, 504217, 129973, 37.5, 39.3, 1.00
M, 684885, 344326, 849391, 934999, 333116, 146057, 504374, 130017, 37.5, 39.3, 1.00
M, 685160, 344461, 849582, 935489, 333228, 146196, 504568, 130078, 37.5, 39.3, 0.99
M, 685718, 344702, 850209, 936366, 333472, 146284, 504792, 130209, 37.5, 39.3, 1.00
M, 686020, 344862, 850219, 936615, 333541, 146257, 504933, 130127, 37.5, 39.3, 1.00
M, 686130, 344998, 850335, 937002, 333614, 146244, 504982, 130119, 37.5, 39.3, 1.00
M, 686580, 345199, 850829, 937752, 333771, 146324, 505246, 130232, 37.5, 39.3, 1.01
M, 686900, 345382, 851154, 938073, 333896, 146339, 505330, 130191, 37.5, 39.3, 1.00
M, 687021, 345458, 851256, 938627, 334022, 146520, 505468, 130284, 37.5, 39.3, 1.00
M, 687579, 345724, 851908, 939446, 334144, 146532, 505718, 130372, 37.5, 39.3, 1.01
M, 687882, 345849, 852036, 939608, 334279, 146537, 505760, 130369, 37.5, 39.3, 1.00
M, 688052, 345968, 852217, 939977, 334327, 146492, 505951, 130363, 37.5, 39.3, 1.00
M, 689222, 346238, 853986, 941971, 334660, 146730, 506296, 130614, 37.5, 39.3, 1.00
M, 689029, 346450, 853490, 941664, 334737, 146749, 506359, 130556, 37.5, 39.2, 1.00
M, 689116, 346461, 853310, 941823, 334759, 146723, 506478, 130543, 37.5, 39.2, 1.01
M, 689398, 346732, 853897, 942322, 334899, 146763, 506581, 130577, 37.5, 39.2, 1.00
M, 689522, 346785, 853913, 942447, 334899, 146778, 506661, 130586, 37.5, 39.2, 1.00
M, 689531, 346890, 853836, 942645, 335003, 146811, 506746, 130555, 37.5, 39.2, 1.00
M, 689431, 346819, 853836, 942922, 334980, 146827, 506715, 130605, 37.5, 39.2, 1.00
M, 689782, 347051, 854367, 943417, 335096, 146840, 506886, 130642, 37.5, 39.2, 1.00
M, 689923, 347145, 854383, 943576, 335231, 146880, 507014, 130673, 37.5, 39.2, 1.00
M, 690275, 347269, 854832, 944089, 335314, 146943, 507147, 130680, 37.5, 39.2, 1.01
M, 690285, 347406, 854894, 944217, 335375, 146952, 507253, 130697, 37.5, 39.2, 1.00
M, 690374, 347438, 854762, 944505, 335439, 146945, 507324, 130775, 37.5, 39.2, 1.00
M, 690828, 347589, 855403, 944993, 335583, 147049, 507481, 130786, 37.5, 39.2, 0.99
M, 690813, 347642, 855460, 945300, 335610, 147048, 507572, 130845, 37.5, 39.2, 1.00
M, 691341, 347841, 856199, 946010, 335747, 147078, 507741, 130926, 37.5, 39.2, 1.00
M, 691606, 347944, 856338, 946280, 335878, 147157, 507846, 130935, 37.5, 39.2, 1.00
M, 691690, 347970, 856557, 946430, 335872, 147169, 507887, 130925, 37.5, 39.2, 1.00
M, 691594, 348011, 856537, 946768, 335976, 147217, 508034, 131006, 37.5, 39.2, 1.00
M, 692023, 348188, 857091, 947235, 336022, 147316, 508079, 131003, 37.5, 39.2, 1.00
M, 692071, 348304, 856973, 947291, 336129, 147301, 508227, 131014, 37.5, 39.2, 1.00
M, 693706, 348643, 859499, 949572, 336485, 147527, 508610, 131399, 37.5, 39.2, 1.01
M, 693196, 348668, 858751, 948915, 336465, 147459, 508704, 131160, 37.5, 39.2, 1.00
M, 692656, 348695, 857998, 948380, 336341, 147350, 508505, 131014, 37.5, 39.2, 1.01
M, 692263, 348645, 857443, 948021, 336279, 147436, 508546, 131017, 37.5, 39.2, 1.00
M, 692071, 348625, 857124, 947730, 336277, 147282, 508511, 130980, 37.5, 39.2, 1.00
M, 691801, 348526, 856606, 947433, 336247, 147248, 508421, 130924, 37.5, 39.2, 1.01
M, 691881, 348695, 856995, 947708, 336336, 147257, 508617, 130971, 37.5, 39.2, 0.99
M, 691851, 348640, 857007, 948004, 336335, 147318, 508635, 130988, 37.5, 39.2, 1.00
M, 692446, 348712, 857726, 948668, 336483, 147425, 508789, 131140, 37.5, 39.2, 1.00
M, 692772, 348818, 858182, 948940, 336571, 147441, 508899, 131126, 37.6, 39.2, 1.01
M, 693020, 348930, 858410, 949238, 336634, 147475, 508945, 131131, 37.6, 39.2, 1.00
M, 693013, 349032, 858538, 949473, 336730, 147540, 509096, 131176, 37.6, 39.2, 1.01
M, 693187, 349088, 858597, 949849, 336790, 147528, 509220, 131226, 37.6, 39.2, 1.00
M, 693583, 349067, 859414, 950430, 336893, 147552, 509324, 131302, 37.6, 39.2, 1.00
M, 693625, 349166, 859452, 950546, 336953, 147621, 509367, 131341, 37.6, 39.2, 1.00
M, 694010, 349323, 859992, 951224, 337070, 147722, 509515, 131336, 37.6, 39.2, 1.00
M, 694280, 349367, 860288, 951229, 337142, 147737, 509599, 131397, 37.6, 39.2, 1.00
M, 694204, 349361, 860276, 951401, 337184, 147705, 509638, 131390, 37.6, 39.2, 1.00
M, 694397, 349498, 860584, 951845, 337265, 147760, 509811, 131456, 37.6, 39.2, 1.00
M, 694514, 349578, 860747, 951972, 337261, 147743, 509853, 131461, 37.6, 39.2, 1.00
M, 695717, 349849, 862633, 953672, 337514, 148056, 510144, 131735, 37.6, 39.2, 1.00
M, 695480, 349979, 862353, 953422, 337650, 147958, 510229, 131645, 37.6, 39.2, 1.02
M, 695050, 349898, 861432, 952560, 337531, 147916, 510101, 131539, 37.6, 39.2, 1.00
M, 694620, 349842, 861122, 952265, 337459, 147825, 510022, 131396, 37.6, 39.2, 1.00
M, 694200, 349678, 860691, 952079, 337374, 147785, 510016, 131403, 37.6, 39.2, 1.00
M, 694398, 349778, 860994, 952216, 337499, 147891, 510107, 131434, 37.6, 39.2, 1.00
M, 694548, 349827, 861056, 952541, 337478, 147833, 510085, 131529, 37.6, 39.2, 1.00
M, 694701, 350019, 861392, 952840, 337599, 147919, 510300, 131495, 37.6, 39.2, 1.00
M, 694705, 349916, 861537, 952823, 337603, 147938, 510342, 131532, 37.6, 39.2, 1.00
M, 695189, 350023, 862213, 953466, 337682, 147947, 510459, 131608, 37.6, 39.2, 1.00
M, 695476, 350095, 862598, 953881, 337757, 148071, 510514, 131683, 37.6, 39.2, 1.00
M, 695426, 350122, 862719, 954027, 337815, 148067, 510644, 131688, 37.6, 39.2, 1.00
M, 695779, 350266, 863352, 954489, 337933, 148101, 510694, 131799, 37.6, 39.2, 1.00
M, 696050, 350348, 863669, 954762, 338030, 148152, 510862, 131730, 37.6, 39.2, 1.00
M, 696092, 350359, 863796, 954890, 338050, 148186, 510893, 131742, 37.6, 39.2, 1.00
M, 696290, 350553, 864080, 955300, 338118, 148235, 510971, 131819, 37.6, 39.2, 1.00
M, 696409, 350509, 864256, 955245, 338218, 148295, 511118, 131860, 37.6, 39.2, 1.00
M, 696436, 350526, 864371, 955324, 338249, 148268, 511083, 131824, 37.6, 39.2, 0.99
M, 696205, 350592, 864342, 955311, 338214, 148214, 511087, 131776, 37.6, 39.2, 1.01
M, 696529, 350663, 864488, 955767, 338301, 148282, 511218, 131806, 37.6, 39.2, 1.00
M, 697747, 350809, 866717, 957505, 338573, 148496, 511502, 132064, 37.6, 39.2, 1.00
M, 697258, 350897, 866053, 956799, 338581, 148499, 511509, 131976, 37.6, 39.2, 0.99
M, 696884, 350839, 865416, 956218, 338396, 148396, 511447, 131935, 37.6, 39.2, 0.99
M, 697036, 350845, 865807, 956387, 338509, 148448, 511481, 131917, 37.6, 39.2, 0.99
M, 696890, 350843, 865743, 956365, 338526, 148446, 511512, 131874, 37.6, 39.2, 1.00
M, 696769, 350924, 865669, 956461, 338520, 148451, 511566, 131984, 37.6, 39.2, 1.00
M, 696824, 350983, 865725, 956373, 338535, 148403, 511615, 131916, 37.6, 39.2, 1.01
M, 696696, 350847, 865767, 956495, 338565, 148480, 511556, 131922, 37.6, 39.2, 1.00
M, 696858, 351056, 865844, 956351, 338673, 148478, 511702, 131925, 37.6, 39.2, 1.00
M, 696749, 350923, 865727, 956404, 338560, 148436, 511606, 131884, 37.6, 39.2, 1.00
M, 696903, 350979, 866293, 956933, 338645, 148497, 511722, 131950, 37.6, 39.2, 1.01
M, 697017, 351061, 866526, 957001, 338666, 148557, 511757, 131997, 37.6, 39.2, 1.00
M, 697100, 351103, 866619, 957098, 338738, 148657, 511792, 132033, 37.6, 39.2, 1.00
M, 697590, 351203, 867218, 957521, 338867, 148656, 511974, 132092, 37.6, 39.2, 1.00
M, 697617, 351242, 867665, 957749, 338935, 148707, 512069, 132082, 37.6, 39.2, 1.00
M, 697386, 351199, 867404, 957454, 338885, 148671, 512017, 132096, 37.6, 39.2, 1.01
M, 697386, 351216, 867524, 957733, 338871, 148639, 512005, 132067, 37.6, 39.2, 1.00
M, 697476, 351246, 867655, 957819, 338930, 148679, 512092, 132096, 37.6, 39.2, 1.00
M, 697393, 351161, 867713, 957878, 338977, 148721, 512160, 132104, 37.6, 39.2, 1.00
M, 697850, 351337, 868366, 958374, 339097, 148830, 512277, 132189, 37.6, 39.2, 1.00
M, 699538, 351609, 870759, 960356, 339441, 149087, 512661, 132436, 37.6, 39.2, 1.00
M, 699146, 351717, 870484, 960147, 339406, 149027, 512702, 132405, 37.6, 39.2, 1.00
M, 698943, 351796, 870132, 959721, 339438, 149005, 512640, 132340, 37.6, 39.2, 1.00
M, 698440, 351697, 869428, 959156, 339283, 148996, 512557, 132290, 37.6, 39.2, 1.00
M, 698446, 351695, 869654, 959161, 339329, 148956, 512600, 132288, 37.6, 39.2, 1.00
M, 698240, 351637, 869430, 958832, 339268, 148962, 512521, 132241, 37.6, 39.2, 1.00
M, 698374, 351696, 869851, 959273, 339359, 148973, 512616, 132280, 37.6, 39.2, 1.00
M, 697744, 351615, 869083, 958507, 339302, 148971, 512543, 132200, 37.6, 39.2, 1.01
M, 697752, 351597, 869191, 958649, 339241, 148917, 512533, 132221, 37.6, 39.2, 1.00
M, 697777, 351709, 869326, 958554, 339406, 148944, 512601, 132210, 37.6, 39.2, 1.00
M, 697722, 351604, 869289, 958470, 339288, 148935, 512579, 132198, 37.6, 39.2, 1.01
M, 697880, 351603, 869738, 958911, 339370, 148997, 512634, 132275, 37.6, 39.2, 1.00
M, 698032, 351660, 869911, 959055, 339385, 149001, 512776, 132358, 37.6, 39.2, 1.00
M, 698170, 351674, 870198, 959298, 339493, 149056, 512798, 132349, 37.6, 39.2, 1.00
M, 698569, 351708, 870812, 959729, 339505, 149133, 512914, 132427, 37.6, 39.2, 1.00
M, 698683, 351822, 870916, 959632, 339623, 149109, 512984, 132411, 37.6, 39.2, 1.00
M, 698614, 351801, 870829, 959670, 339567, 149110, 512982, 132364, 37.6, 39.2, 1.00
M, 698713, 351808, 871400, 960084, 339674, 149183, 513032, 132445, 37.6, 39.2, 1.00
M, 698754, 351910, 871433, 960093, 339637, 149117, 513075, 132413, 37.6, 39.2, 0.99
M, 698663, 351812, 871449, 960014, 339641, 149140, 513074, 132444, 37.6, 39.2, 1.00
M, 700283, 352140, 873671, 962151, 339942, 149473, 513511, 132837, 37.6, 39.2, 1.00
M, 699727, 352290, 873047, 961308, 339978, 149377, 513461, 132587, 37.6, 39.2, 1.00
M, 699172, 352151, 872368, 960638, 339913, 149249, 513288, 132540, 37.6, 39.2, 1.00
M, 698611, 352006, 871712, 960105, 339727, 149234, 513182, 132419, 37.6, 39.2, 1.01
M, 698460, 351932, 871664, 959949, 339756, 149267, 513160, 132464, 37.6, 39.2, 1.01
M, 698119, 351947, 871348, 959668, 339645, 149208, 513117, 132418, 37.6, 39.2, 1.00
M, 698617, 351957, 871694, 959928, 339769, 149231, 513278, 132412, 37.6, 39.2, 1.01
M, 698655, 351945, 872208, 960198, 339814, 149234, 513282, 132465, 37.6, 39.2, 1.00
M, 698635, 352004, 872176, 960106, 339882, 149178, 513349, 132467, 37.6, 39.2, 1.00
M, 698694, 351979, 872336, 960242, 339843, 149251, 513343, 132503, 37.6, 39.2, 1.01
M, 699020, 352022, 872989, 960783, 339951, 149371, 513481, 132544, 37.6, 39.2, 1.00
M, 699232, 352108, 873301, 961049, 339972, 149443, 513553, 132619, 37.6, 39.2, 1.00
M, 699445, 352113, 873617, 961107, 340037, 149465, 513604, 132603, 37.6, 39.2, 1.00
M, 699371, 352110, 873346, 960998, 340071, 149415, 513616, 132594, 37.6, 39.2, 0.99
M, 699213, 352094, 873615, 961289, 340003, 149448, 513602, 132639, 37.6, 39.2, 1.00
M, 699503, 352239, 874138, 961619, 340119, 149447, 513687, 132654, 37.6, 39.2, 1.00
M, 699476, 352230, 874150, 961487, 340094, 149501, 513741, 132691, 37.6, 39.2, 1.00
M, 699890, 352281, 874536, 962008, 340197, 149570, 513785, 132772, 37.6, 39.2, 1.00
M, 699894, 352347, 875016, 962027, 340240, 149573, 513901, 132753, 37.6, 39.2, 1.00
M, 699878, 352355, 874921, 961937, 340248, 149591, 513903, 132727, 37.6, 39.2, 1.00
M, 700948, 352503, 876776, 963539, 340500, 149828, 514186, 132995, 37.6, 39.2, 1.00
M, 700611, 352686, 876089, 962822, 340441, 149720, 514131, 132848, 37.6, 39.2, 1.00
M, 699936, 352505, 875529, 962370, 340373, 149726, 514027, 132761, 37.6, 39.2, 1.00
M, 699954, 352535, 875141, 961903, 340419, 149612, 514047, 132683, 37.6, 39.2, 1.00
M, 699745, 352441, 875453, 962079, 340323, 149689, 513977, 132752, 37.6, 39.2, 1.00
M, 699966, 352474, 875786, 962373, 340324, 149703, 514102, 132790, 37.6, 39.2, 1.00
M, 699902, 352533, 875827, 962331, 340381, 149738, 514058, 132764, 37.6, 39.2, 1.00
M, 700067, 352637, 876089, 962328, 340474, 149706, 514161, 132765, 37.6, 39.2, 1.00
M, 699848, 352532, 876005, 962175, 340450, 149714, 514140, 132742, 37.6, 39.2, 1.00
M, 699782, 352621, 875763, 961837, 340455, 149686, 514131, 132779, 37.6, 39.2, 1.00
M, 699731, 352468, 875990, 962071, 340391, 149722, 514090, 132753, 37.6, 39.2, 1.00
M, 699877, 352553, 876320, 962477, 340448, 149772, 514182, 132792, 37.6, 39.2, 1.00
M, 700033, 352582, 876701, 962569, 340544, 149800, 514225, 132862, 37.6, 39.2, 1.00
M, 700164, 352562, 876786, 962491, 340463, 149785, 514309, 132812, 37.6, 39.2, 1.00
M, 700042, 352576, 876692, 962321, 340436, 149782, 514280, 132781, 37.6, 39.2, 1.00
M, 699771, 352607, 876646, 962293, 340491, 149713, 514264, 132806, 37.6, 39.2, 1.00
M, 700117, 352663, 877129, 962684, 340555, 149821, 514354, 132835, 37.6, 39.2, 1.00
M, 700132, 352617, 877207, 962679, 340555, 149857, 514394, 132901, 37.6, 39.2, 1.01
M, 700547, 352755, 877861, 963305, 340649, 149939, 514504, 132969, 37.6, 39.2, 1.00
M, 700656, 352763, 877828, 963064, 340690, 149882, 514514, 132950, 37.6, 39.2, 1.00
M, 701778, 352908, 879549, 964500, 340949, 150107, 514801, 133161, 37.6, 39.2, 1.00
M, 701329, 353009, 879259, 964233, 340909, 150080, 514857, 133052, 37.6, 39.2, 1.00
M, 701122, 352915, 879046, 963991, 340819, 150041, 514709, 133021, 37.6, 39.2, 1.00
M, 701092, 352938, 879160, 964041, 340867, 150163, 514733, 133098, 37.6, 39.2, 1.00
M, 701042, 352989, 879128, 963888, 340889, 150054, 514769, 133060, 37.6, 39.2, 1.00
M, 701209, 353059, 879674, 964109, 340978, 150124, 514883, 133123, 37.6, 39.2, 1.00
M, 700942, 353018, 879428, 963845, 340868, 150108, 514866, 133002, 37.6, 39.2, 0.99
M, 701011, 353031, 879784, 964063, 340910, 150150, 514839, 133051, 37.6, 39.2, 1.00
M, 700813, 353086, 879407, 963635, 340939, 150122, 514814, 133042, 37.6, 39.2, 1.00
M, 700517, 352911, 879297, 963595, 340816, 150128, 514820, 133053, 37.6, 39.2, 1.00
M, 700653, 353005, 879395, 963462, 340897, 150155, 514835, 132981, 37.6, 39.2, 1.00
M, 700458, 352873, 879395, 963365, 340820, 150058, 514682, 132954, 37.6, 39.2, 1.00
M, 700643, 352943, 879690, 963678, 340867, 150107, 514790, 133045, 37.6, 39.2, 1.00
M, 700658, 352935, 879799, 963688, 340874, 150116, 514850, 133057, 37.6, 39.2, 1.00
M, 700701, 352984, 879970, 963787, 340938, 150159, 514852, 133047, 37.6, 39.2, 1.00
M, 701073, 353072, 880614, 964201, 340998, 150226, 515048, 133169, 37.6, 39.2, 1.00
M, 701273, 353052, 880873, 964286, 341065, 150285, 515094, 133177, 37.6, 39.2, 1.00
M, 701163, 353057, 880660, 964162, 341035, 150220, 515020, 133144, 37.6, 39.2, 1.00
M, 701113, 353090, 881000, 964355, 341049, 150258, 515080, 133184, 37.6, 39.2, 1.00
M, 701103, 353139, 881097, 964332, 341061, 150275, 515067, 133160, 37.6, 39.2, 1.00
