State, OV, Alc, H2, AC1, NH3, AC2, VOC, LP, Temp, Hud, AirFlow
A, 807932, 387060, 1462893, 1104544, 337761, 209157, 500234, 162105, 39.5, 43.6, 0.00
A, 794604, 383502, 1438796, 1088847, 334536, 205843, 496802, 159166, 39.5, 43.6, 0.58
A, 783515, 380409, 1416628, 1074211, 332319, 202677, 494696, 156697, 39.5, 43.6, 0.72
A, 776550, 378402, 1401658, 1065486, 331325, 200534, 494467, 155206, 39.3, 43.5, 0.79
A, 770638, 377134, 1386350, 1057435, 331151, 198218, 495581, 153877, 39.3, 43.5, 0.89
A, 766736, 376640, 1373972, 1051809, 331427, 196264, 496931, 153001, 39.2, 43.5, 0.93
A, 764766, 376582, 1364138, 1048303, 331994, 194778, 498412, 152551, 39.2, 43.5, 0.95
A, 764172, 376887, 1356096, 1046595, 332733, 193451, 500083, 152312, 39.2, 43.5, 0.96
A, 764300, 377469, 1347973, 1045444, 333691, 192092, 501784, 152093, 39.2, 43.5, 0.97
A, 765235, 378048, 1341710, 1045442, 334482, 191040, 503341, 152096, 39.1, 43.5, 0.98
A, 766586, 378801, 1336983, 1046551, 335336, 190297, 504850, 152223, 39.1, 43.5, 1.00
A, 768882, 379737, 1333612, 1048441, 336390, 189691, 506499, 152392, 39.0, 43.5, 0.99
A, 771108, 380584, 1330167, 1050250, 337224, 189120, 507952, 152636, 39.0, 43.5, 0.99
A, 774442, 381670, 1328012, 1053130, 338291, 188706, 509543, 152893, 39.0, 43.5, 1.00
A, 777679, 382846, 1325651, 1056091, 339417, 188211, 511244, 153134, 39.0, 43.5, 0.99
A, 780593, 383997, 1323500, 1058933, 340440, 187834, 512664, 153305, 38.9, 43.5, 1.00
A, 783737, 384949, 1322212, 1061991, 341303, 187537, 514083, 153620, 38.9, 43.5, 1.00
A, 787220, 386310, 1320283, 1065425, 342422, 187308, 515859, 153782, 38.9, 43.5, 1.01
A, 789638, 387194, 1319118, 1067862, 343293, 187076, 516873, 154010, 38.9, 43.5, 0.99
A, 793700, 388767, 1317768, 1071860, 344537, 186841, 518769, 154279, 38.8, 43.5, 0.99
A, 797635, 389800, 1319547, 1076542, 345500, 187104, 520062, 154768, 38.8, 43.5, 1.01
A, 800778, 391122, 1319522, 1080038, 346563, 187053, 521514, 155056, 38.8, 43.5, 1.01
A, 803839, 392350, 1318907, 1083391, 347524, 186967, 522840, 155232, 38.8, 43.6, 1.01
A, 806578, 393513, 1318498, 1086233, 348435, 186911, 524128, 155419, 38.8, 43.6, 1.00
A, 809875, 394781, 1318532, 1089971, 349438, 186911, 525449, 155664, 38.8, 43.6, 1.00
A, 812925, 396236, 1318359, 1093413, 350457, 186893, 526864, 155791, 38.8, 43.6, 1.00
A, 815530, 397316, 1317642, 1096134, 351317, 186829, 528043, 155920, 38.8, 43.6, 1.00
A, 817969, 398483, 1317438, 1099190, 352174, 186850, 529241, 156118, 38.8, 43.6, 0.99
A, 820406, 399603, 1317336, 1102111, 353010, 186923, 530385, 156255, 38.8, 43.6, 1.00
A, 822608, 400721, 1316919, 1104715, 353826, 186934, 531461, 156472, 38.8, 43.6, 1.00
A, 825415, 401932, 1317539, 1107931, 354795, 187037, 532691, 156709, 38.7, 43.6, 1.00
A, 827849, 403247, 1317526, 1111004, 355715, 187114, 533918, 156775, 38.7, 43.6, 1.00
A, 829837, 404360, 1317131, 1113539, 356488, 187082, 534991, 156827, 38.7, 43.7, 0.99
A, 831813, 405437, 1316979, 1115733, 357182, 187141, 535979, 156998, 38.7, 43.7, 1.01
A, 834035, 406541, 1317471, 1118687, 358070, 187187, 537104, 157179, 38.7, 43.7, 0.99
A, 836178, 407712, 1317155, 1121018, 358854, 187218, 538164, 157237, 38.7, 43.7, 1.01
A, 837931, 408734, 1316854, 1123058, 359624, 187272, 539148, 157358, 38.7, 43.7, 1.00
A, 839695, 409713, 1317269, 1125692, 360302, 187359, 540052, 157463, 38.7, 43.7, 1.00
A, 841051, 410826, 1316424, 1127587, 361011, 187333, 541082, 157549, 38.7, 43.8, 1.01
A, 842381, 411517, 1316345, 1129391, 361490, 187424, 541730, 157597, 38.7, 43.8, 1.01
A, 846908, 413346, 1320490, 1134909, 362921, 187936, 543456, 158228, 38.6, 43.8, 1.00
A, 847750, 414088, 1319973, 1135965, 363410, 187808, 544058, 158051, 38.6, 43.8, 1.00
A, 848529, 414871, 1318851, 1137161, 363797, 187893, 544738, 158088, 38.6, 43.8, 0.99
A, 849002, 415606, 1317715, 1138108, 364339, 187847, 545441, 157982, 38.6, 43.8, 1.01
A, 850041, 416383, 1317571, 1139708, 364835, 187881, 546069, 158081, 38.6, 43.8, 1.01
A, 851635, 417363, 1317987, 1141771, 365515, 187999, 546947, 158224, 38.6, 43.8, 0.99
A, 852968, 418260, 1318059, 1143365, 366207, 187960, 547762, 158276, 38.6, 43.8, 0.99
A, 853979, 418970, 1317485, 1144856, 366759, 187994, 548480, 158239, 38.6, 43.9, 0.99
A, 855086, 419731, 1317934, 1146773, 367232, 188170, 549152, 158400, 38.6, 43.9, 1.00
A, 856065, 420554, 1317930, 1148180, 367784, 188236, 549866, 158441, 38.6, 43.9, 1.01
A, 856987, 421269, 1317946, 1149486, 368244, 188273, 550537, 158560, 38.6, 43.9, 1.00
A, 858349, 422106, 1318267, 1151379, 368834, 188340, 551289, 158667, 38.6, 43.9, 1.01
A, 859472, 422854, 1318396, 1152717, 369348, 188352, 552045, 158634, 38.6, 43.9, 1.00
A, 860120, 423441, 1318103, 1153805, 369853, 188345, 552606, 158634, 38.6, 44.0, 1.00
A, 860963, 424081, 1318318, 1155361, 370262, 188495, 553238, 158718, 38.6, 44.0, 1.01
A, 861737, 424815, 1318298, 1156623, 370734, 188582, 553925, 158820, 38.5, 44.0, 0.99
A, 862706, 425444, 1318494, 1157898, 371231, 188661, 554478, 158909, 38.5, 44.0, 1.00
A, 863670, 426247, 1318463, 1159147, 371786, 188657, 555178, 158898, 38.5, 44.0, 1.00
A, 864286, 426822, 1318803, 1160357, 372166, 188759, 555770, 158983, 38.5, 44.0, 0.99
A, 865292, 427563, 1318798, 1161624, 372670, 188920, 556444, 158986, 38.5, 44.1, 0.99
A, 867371, 428132, 1321583, 1164650, 373222, 189229, 557087, 159426, 38.5, 44.1, 0.99
A, 867872, 429165, 1321095, 1165437, 373911, 189287, 557889, 159345, 38.5, 44.1, 0.99
A, 868191, 429432, 1320572, 1165710, 374083, 189259, 558166, 159241, 38.5, 44.1, 1.00
A, 868865, 429946, 1320951, 1167137, 374487, 189349, 558658, 159339, 38.5, 44.1, 1.01
A, 869271, 430420, 1320750, 1167887, 374876, 189395, 559168, 159329, 38.5, 44.1, 0.99
A, 869577, 430856, 1320834, 1168656, 375157, 189461, 559615, 159391, 38.5, 44.1, 1.00
A, 870342, 431412, 1321245, 1169812, 375582, 189583, 560146, 159473, 38.5, 44.1, 1.00
A, 870832, 431874, 1321272, 1170401, 375929, 189623, 560500, 159397, 38.5, 44.1, 1.00
A, 871541, 432420, 1321549, 1171609, 376289, 189664, 561039, 159568, 38.5, 44.2, 0.99
A, 872105, 432913, 1321748, 1172451, 376679, 189774, 561638, 159514, 38.5, 44.2, 1.00
A, 872196, 433266, 1321474, 1172843, 376915, 189795, 561952, 159451, 38.5, 44.2, 1.01
A, 872723, 433713, 1321740, 1173828, 377281, 189892, 562355, 159546, 38.5, 44.2, 1.00
A, 872927, 434095, 1321533, 1174359, 377516, 189921, 562742, 159499, 38.5, 44.2, 1.01
A, 873470, 434547, 1321394, 1174870, 377931, 189957, 563213, 159535, 38.5, 44.2, 0.99
A, 873430, 434863, 1320799, 1175168, 378139, 189917, 563580, 159467, 38.5, 44.2, 1.00
A, 873643, 435117, 1320829, 1175858, 378406, 189965, 563931, 159471, 38.5, 44.2, 0.99
A, 874129, 435484, 1321199, 1176666, 378709, 190012, 564260, 159579, 38.5, 44.3, 0.99
A, 874534, 435822, 1321261, 1177274, 378976, 190084, 564650, 159592, 38.5, 44.3, 1.00
A, 874746, 436314, 1321033, 1177746, 379361, 190150, 565080, 159493, 38.4, 44.3, 1.01
A, 874836, 436393, 1320313, 1177620, 379466, 190063, 565322, 159444, 38.4, 44.3, 0.99
A, 876915, 437175, 1323300, 1180891, 380213, 190528, 566229, 159888, 38.4, 44.3, 1.01
A, 877084, 437524, 1323426, 1181125, 380348, 190489, 566363, 159836, 38.4, 44.3, 1.00
A, 877241, 437731, 1323430, 1181607, 380560, 190643, 566701, 159873, 38.4, 44.3, 1.00
A, 877479, 438066, 1323274, 1181946, 380778, 190668, 566990, 159834, 38.4, 44.3, 1.00
A, 877629, 438376, 1323155, 1182204, 380993, 190611, 567362, 159776, 38.4, 44.3, 1.00
A, 877556, 438534, 1322416, 1182130, 381247, 190674, 567586, 159750, 38.4, 44.3, 0.99
A, 877424, 438707, 1322189, 1182551, 381384, 190627, 567787, 159714, 38.4, 44.3, 1.01
A, 877995, 439091, 1322680, 1183189, 381587, 190709, 568161, 159805, 38.4, 44.4, 1.00
A, 878031, 439242, 1322457, 1183506, 381820, 190782, 568434, 159780, 38.4, 44.4, 1.00
A, 878500, 439480, 1322962, 1184326, 382098, 190862, 568830, 159855, 38.4, 44.4, 1.00
A, 878665, 439757, 1322965, 1184599, 382314, 190880, 569088, 159804, 38.4, 44.4, 1.00
A, 878710, 439921, 1322322, 1184612, 382540, 190919, 569334, 159757, 38.4, 44.4, 1.01
A, 878576, 440059, 1322285, 1185004, 382659, 190925, 569576, 159767, 38.4, 44.4, 0.99
A, 878738, 440367, 1322205, 1185350, 382860, 190974, 569802, 159712, 38.4, 44.4, 1.00
A, 878546, 440337, 1321691, 1185179, 382935, 190932, 569952, 159719, 38.4, 44.4, 0.99
A, 879179, 440639, 1322110, 1186083, 383223, 191040, 570289, 159817, 38.4, 44.4, 0.99
A, 879499, 440949, 1322392, 1186414, 383450, 191080, 570591, 159744, 38.4, 44.4, 1.00
A, 879477, 441010, 1322012, 1186254, 383596, 190936, 570779, 159657, 38.4, 44.5, 1.00
A, 879534, 441195, 1322204, 1186914, 383770, 191157, 571080, 159777, 38.4, 44.5, 1.00
A, 879504, 441362, 1321758, 1187020, 383994, 191174, 571375, 159794, 38.4, 44.5, 1.00
A, 881204, 441612, 1324082, 1189150, 384311, 191491, 571793, 160141, 38.4, 44.5, 0.99
A, 881074, 442096, 1323746, 1189122, 384703, 191441, 572111, 159970, 38.4, 44.5, 1.01
A, 880877, 442134, 1323354, 1189165, 384660, 191418, 572191, 159858, 38.4, 44.5, 1.00
A, 881018, 442166, 1323284, 1189176, 384801, 191505, 572443, 159882, 38.4, 44.5, 1.01
A, 880934, 442337, 1323055, 1189273, 384908, 191415, 572592, 159830, 38.4, 44.5, 0.99
A, 881055, 442447, 1323025, 1189675, 385102, 191484, 572734, 159868, 38.4, 44.5, 1.00
A, 881336, 442676, 1323469, 1190233, 385298, 191597, 572992, 159936, 38.4, 44.5, 1.01
A, 881507, 442840, 1323592, 1190577, 385504, 191596, 573261, 159885, 38.4, 44.5, 1.00
A, 881542, 442948, 1323077, 1190563, 385623, 191574, 573416, 159808, 38.4, 44.5, 0.99
A, 881721, 443079, 1323492, 1191034, 385746, 191739, 573579, 159948, 38.4, 44.5, 0.99
A, 881680, 443173, 1323244, 1191089, 385798, 191671, 573807, 159905, 38.4, 44.6, 1.01
A, 881869, 443281, 1323246, 1191078, 386015, 191658, 573979, 159786, 38.4, 44.6, 1.01
A, 881740, 443344, 1322886, 1191111, 386116, 191698, 574171, 159778, 38.4, 44.6, 1.00
A, 881707, 443367, 1322733, 1191288, 386208, 191684, 574309, 159756, 38.4, 44.6, 1.00
A, 882044, 443555, 1323216, 1191748, 386372, 191827, 574582, 159864, 38.3, 44.6, 1.00
A, 882061, 443623, 1323115, 1192026, 386526, 191800, 574719, 159860, 38.3, 44.6, 1.00
A, 882326, 443853, 1323576, 1192599, 386679, 191954, 574955, 159912, 38.3, 44.6, 1.02
A, 882633, 444041, 1323678, 1192663, 386827, 191914, 575235, 159829, 38.3, 44.6, 1.01
A, 882411, 443992, 1323045, 1192685, 386983, 191873, 575292, 159787, 38.3, 44.7, 1.00
A, 882467, 444115, 1323441, 1193215, 387111, 191981, 575459, 159868, 38.3, 44.7, 1.01
A, 884677, 444638, 1326592, 1195456, 387579, 192424, 576063, 160247, 38.3, 44.7, 1.00
A, 884368, 444807, 1326231, 1195426, 387653, 192350, 576171, 160088, 38.3, 44.7, 1.01
A, 883792, 444910, 1325274, 1194751, 387714, 192313, 576263, 159951, 38.3, 44.7, 1.00
A, 883595, 444783, 1324715, 1194414, 387672, 192228, 576263, 159830, 38.3, 44.7, 1.00
A, 883530, 444802, 1324723, 1194814, 387803, 192328, 576417, 159861, 38.3, 44.7, 1.01
A, 883477, 444860, 1324652, 1194676, 387887, 192311, 576517, 159806, 38.3, 44.7, 1.00
A, 883090, 444949, 1324277, 1194625, 387914, 192357, 576542, 159848, 38.3, 44.7, 1.01
A, 883597, 445033, 1324595, 1194985, 388103, 192451, 576795, 159915, 38.3, 44.7, 1.00
A, 883575, 445144, 1324669, 1195057, 388158, 192377, 576995, 159849, 38.3, 44.7, 1.01
A, 883386, 445163, 1324265, 1194883, 388269, 192365, 577046, 159705, 38.3, 44.7, 1.00
A, 883118, 445189, 1323612, 1194520, 388250, 192294, 577134, 159667, 38.3, 44.7, 0.99
A, 883034, 445193, 1323631, 1194705, 388375, 192373, 577249, 159747, 38.3, 44.8, 1.00
A, 883324, 445289, 1323963, 1195195, 388530, 192442, 577407, 159799, 38.3, 44.8, 1.00
A, 883364, 445387, 1323914, 1195313, 388594, 192470, 577557, 159818, 38.3, 44.8, 1.00
A, 883609, 445446, 1323938, 1195585, 388719, 192448, 577667, 159706, 38.3, 44.8, 1.00
A, 883627, 445453, 1323983, 1195528, 388811, 192468, 577861, 159683, 38.3, 44.8, 1.00
A, 883405, 445484, 1323721, 1195536, 388842, 192529, 577901, 159704, 38.3, 44.8, 1.00
A, 883823, 445657, 1324202, 1196054, 389020, 192616, 578130, 159796, 38.3, 44.8, 1.00
A, 883855, 445625, 1324064, 1195975, 389117, 192557, 578219, 159659, 38.3, 44.8, 1.00
A, 883336, 445565, 1323280, 1195454, 389090, 192447, 578258, 159583, 38.3, 44.8, 0.99
A, 885271, 445850, 1326159, 1197882, 389459, 192858, 578724, 160003, 38.3, 44.8, 1.00
A, 885067, 446188, 1325920, 1197708, 389660, 192884, 578915, 159939, 38.3, 44.8, 1.00
A, 884803, 446109, 1325595, 1197610, 389618, 192897, 578917, 159895, 38.3, 44.8, 1.00
A, 884392, 446211, 1324967, 1196939, 389716, 192728, 578935, 159731, 38.3, 44.9, 1.00
A, 884304, 446071, 1324610, 1196930, 389687, 192814, 578970, 159732, 38.3, 44.9, 1.00
A, 884373, 446173, 1324817, 1197377, 389740, 192824, 579151, 159720, 38.3, 44.9, 1.00
A, 884193, 446171, 1324489, 1197125, 389854, 192784, 579168, 159723, 38.3, 44.9, 1.00
A, 884173, 446053, 1324364, 1196963, 389815, 192853, 579215, 159692, 38.3, 44.9, 1.00
A, 884502, 446273, 1324939, 1197657, 389954, 192967, 579439, 159781, 38.3, 44.9, 1.00
A, 884541, 446367, 1324743, 1197573, 390097, 192923, 579539, 159712, 38.3, 44.9, 1.00
A, 884496, 446356, 1324483, 1197383, 390091, 192935, 579706, 159673, 38.3, 44.9, 1.00
A, 884700, 446396, 1324602, 1197969, 390298, 193006, 579765, 159695, 38.3, 44.9, 0.99
A, 884526, 446364, 1324843, 1197871, 390400, 193018, 579882, 159717, 38.3, 44.9, 1.01
A, 884431, 446446, 1324576, 1197913, 390373, 193055, 579918, 159738, 38.3, 44.9, 1.00
A, 884959, 446500, 1325032, 1198254, 390384, 193059, 580062, 159782, 38.3, 44.9, 1.01
A, 884964, 446674, 1325343, 1198544, 390591, 193102, 580224, 159724, 38.3, 44.9, 1.00
A, 884890, 446634, 1325142, 1198453, 390621, 193103, 580260, 159705, 38.3, 44.9, 1.00
A, 884893, 446679, 1324890, 1198317, 390669, 193153, 580343, 159677, 38.3, 44.9, 0.99
A, 885105, 446706, 1325440, 1198911, 390857, 193182, 580516, 159738, 38.3, 44.9, 1.00
A, 884988, 446782, 1324948, 1198515, 390889, 193186, 580543, 159636, 38.3, 44.9, 1.00
A, 886564, 447038, 1327417, 1200591, 391127, 193524, 580930, 159987, 38.3, 45.0, 1.01
A, 886537, 447206, 1327422, 1200678, 391286, 193476, 580987, 159901, 38.3, 45.0, 1.00
A, 885581, 447184, 1326331, 1199581, 391281, 193467, 580948, 159739, 38.3, 45.0, 1.01
A, 885315, 446983, 1325935, 1199529, 391175, 193410, 580957, 159727, 38.3, 45.0, 1.00
A, 885009, 447033, 1325329, 1198929, 391244, 193341, 581008, 159590, 38.3, 45.0, 1.00
A, 884852, 446964, 1325060, 1198751, 391167, 193320, 580955, 159492, 38.3, 45.0, 1.00
A, 884990, 446914, 1325255, 1199137, 391240, 193369, 581114, 159641, 38.3, 45.0, 1.00
A, 885021, 446997, 1325198, 1199120, 391236, 193380, 581149, 159559, 38.3, 45.0, 1.00
A, 884829, 446999, 1325111, 1199068, 391331, 193387, 581216, 159606, 38.3, 45.0, 1.00
A, 885256, 447085, 1325729, 1199553, 391445, 193472, 581414, 159641, 38.2, 45.0, 1.00
A, 885260, 447163, 1325659, 1199210, 391492, 193472, 581480, 159608, 38.2, 45.0, 1.00
A, 885020, 447087, 1325229, 1199117, 391518, 193407, 581513, 159516, 38.3, 45.0, 1.00
A, 884815, 447059, 1325006, 1199174, 391578, 193493, 581573, 159547, 38.3, 45.0, 1.00
A, 885079, 447105, 1325348, 1199585, 391619, 193537, 581648, 159582, 38.3, 45.0, 1.01
A, 885072, 447101, 1325356, 1199347, 391730, 193453, 581704, 159576, 38.3, 45.0, 0.99
A, 885492, 447199, 1325910, 1199881, 391758, 193591, 581817, 159602, 38.2, 45.0, 1.00
A, 885362, 447183, 1325685, 1199789, 391884, 193545, 581904, 159552, 38.2, 45.0, 1.00
A, 885294, 447247, 1325350, 1199616, 391878, 193539, 581968, 159518, 38.2, 45.1, 1.00
A, 885163, 447189, 1325260, 1199839, 391910, 193583, 582015, 159535, 38.2, 45.1, 1.00
A, 885454, 447246, 1325848, 1200144, 391929, 193695, 582157, 159578, 38.2, 45.1, 1.00
A, 887265, 447540, 1328708, 1202436, 392372, 194127, 582530, 160046, 38.2, 45.1, 0.99
A, 887290, 447730, 1328565, 1201990, 392484, 193941, 582597, 159746, 38.2, 45.1, 1.00
A, 886577, 447689, 1327876, 1201556, 392417, 193971, 582557, 159659, 38.2, 45.1, 1.00
A, 886246, 447661, 1326987, 1200933, 392446, 193876, 582554, 159625, 38.2, 45.1, 1.00
A, 885876, 447568, 1326734, 1200686, 392282, 193837, 582507, 159515, 38.2, 45.1, 1.00
A, 885409, 447647, 1326065, 1200176, 392370, 193791, 582545, 159456, 38.2, 45.1, 0.99
A, 885013, 447417, 1325461, 1199743, 392302, 193734, 582518, 159359, 38.2, 45.1, 1.00
A, 885169, 447496, 1325728, 1200151, 392280, 193781, 582503, 159410, 38.2, 45.1, 1.00
A, 885157, 447457, 1325452, 1200096, 392373, 193714, 582555, 159377, 38.2, 45.1, 1.00
A, 885001, 447365, 1325445, 1200045, 392411, 193806, 582545, 159449, 38.2, 45.1, 1.00
A, 885306, 447536, 1325884, 1200417, 392526, 193845, 582742, 159427, 38.2, 45.1, 1.00
A, 885455, 447448, 1325856, 1200219, 392530, 193717, 582782, 159326, 38.2, 45.1, 1.00
A, 885259, 447477, 1325544, 1200149, 392529, 193843, 582844, 159378, 38.2, 45.2, 1.00
A, 885100, 447450, 1325287, 1200262, 392542, 193809, 582807, 159401, 38.2, 45.2, 1.01
A, 885426, 447464, 1325691, 1200310, 392627, 193899, 582934, 159338, 38.2, 45.2, 1.00
A, 885245, 447477, 1325631, 1200346, 392619, 193844, 582989, 159406, 38.2, 45.2, 1.01
A, 885617, 447580, 1326090, 1200828, 392766, 193953, 583125, 159423, 38.2, 45.1, 1.00
A, 885700, 447603, 1326232, 1200658, 392848, 193909, 583213, 159448, 38.2, 45.1, 1.01
A, 885484, 447579, 1325571, 1200558, 392796, 193849, 583182, 159264, 38.2, 45.2, 1.00
A, 884968, 447530, 1324995, 1200121, 392774, 193883, 583175, 159277, 38.2, 45.2, 1.00
A, 887223, 447783, 1328721, 1203114, 393198, 194267, 583716, 159731, 38.2, 45.2, 0.99
A, 887048, 447980, 1328296, 1202571, 393276, 194255, 583726, 159656, 38.2, 45.2, 0.99
A, 886849, 448059, 1327879, 1202185, 393295, 194230, 583730, 159559, 38.2, 45.2, 1.00
A, 886485, 447904, 1327423, 1201771, 393256, 194203, 583644, 159446, 38.2, 45.2, 1.00
A, 885940, 447927, 1326767, 1201400, 393228, 194123, 583558, 159411, 38.2, 45.2, 1.00
A, 885910, 447846, 1326656, 1201365, 393151, 194175, 583669, 159382, 38.2, 45.2, 1.00
A, 885972, 447856, 1326881, 1201673, 393264, 194235, 583777, 159449, 38.2, 45.2, 1.02
A, 886067, 447874, 1327149, 1201832, 393239, 194195, 583751, 159433, 38.2, 45.2, 1.00
A, 886273, 447928, 1327465, 1201872, 393362, 194262, 583900, 159403, 38.2, 45.2, 1.00
A, 885995, 447838, 1326945, 1201555, 393347, 194129, 583813, 159362, 38.2, 45.2, 1.00
A, 885819, 447723, 1326664, 1201471, 393285, 194261, 583794, 159307, 38.2, 45.2, 1.00
A, 886057, 447828, 1326972, 1201746, 393405, 194273, 583966, 159386, 38.2, 45.2, 1.00
A, 885696, 447799, 1326750, 1201527, 393362, 194248, 583953, 159352, 38.2, 45.2, 1.00
A, 885912, 447896, 1326774, 1201427, 393475, 194216, 584117, 159317, 38.2, 45.2, 1.00
A, 885913, 447853, 1327024, 1201507, 393430, 194218, 584057, 159239, 38.2, 45.2, 1.00
A, 885898, 447846, 1326812, 1201499, 393454, 194300, 584046, 159248, 38.2, 45.3, 1.00
A, 885616, 447833, 1326579, 1201540, 393472, 194313, 584077, 159318, 38.2, 45.3, 1.01
A, 885785, 447790, 1326916, 1201749, 393537, 194292, 584111, 159305, 38.2, 45.3, 1.00
A, 885800, 447817, 1326781, 1201543, 393524, 194344, 584191, 159342, 38.2, 45.3, 0.99
A, 886148, 447908, 1327054, 1202032, 393672, 194367, 584267, 159370, 38.2, 45.3, 1.01
A, 888498, 448308, 1331056, 1204888, 394135, 194892, 584818, 159821, 38.2, 45.3, 1.00
A, 888082, 448436, 1330457, 1204276, 394110, 194755, 584760, 159570, 38.2, 45.3, 1.00
A, 887852, 448417, 1330304, 1204143, 394112, 194788, 584724, 159544, 38.2, 45.3, 1.00
A, 887049, 448364, 1329096, 1203098, 394000, 194644, 584667, 159377, 38.2, 45.3, 1.00
A, 886592, 448209, 1328617, 1202526, 393839, 194526, 584539, 159286, 38.2, 45.3, 1.00
A, 886048, 448196, 1327881, 1202102, 393888, 194566, 584542, 159210, 38.2, 45.3, 1.00
A, 885841, 448074, 1327646, 1202054, 393841, 194537, 584479, 159186, 38.2, 45.3, 1.00
A, 886016, 448033, 1327756, 1202048, 393906, 194574, 584594, 159267, 38.2, 45.3, 1.00
A, 886041, 448085, 1327847, 1201967, 393922, 194625, 584579, 159237, 38.2, 45.3, 1.00
A, 885970, 448079, 1327746, 1201996, 393846, 194492, 584593, 159195, 38.2, 45.3, 1.00
A, 885617, 448014, 1327238, 1201559, 393863, 194501, 584548, 159191, 38.2, 45.3, 1.00
A, 885556, 447947, 1327276, 1201487, 393891, 194417, 584559, 159148, 38.2, 45.3, 1.00
A, 885738, 447961, 1327578, 1201871, 393892, 194547, 584680, 159172, 38.2, 45.3, 1.00
A, 885701, 447969, 1327326, 1201865, 393895, 194528, 584704, 159200, 38.2, 45.3, 1.00
A, 885878, 447993, 1327776, 1202217, 394017, 194584, 584839, 159294, 38.2, 45.3, 1.00
A, 885972, 448019, 1327849, 1201963, 394028, 194545, 584851, 159171, 38.2, 45.3, 1.00
A, 885729, 447915, 1327496, 1201752, 393986, 194532, 584856, 159090, 38.2, 45.3, 1.00
A, 885577, 447955, 1327287, 1201714, 393923, 194560, 584849, 159125, 38.2, 45.3, 1.00
A, 885937, 447997, 1327566, 1202044, 394071, 194580, 584930, 159156, 38.2, 45.3, 0.99
A, 885802, 447936, 1327650, 1202106, 394102, 194618, 584908, 159132, 38.2, 45.3, 1.00
A, 888147, 448405, 1331478, 1205018, 394588, 195100, 585460, 159664, 38.2, 45.3, 0.99
A, 888004, 448485, 1331081, 1204260, 394596, 195035, 585469, 159451, 38.2, 45.3, 1.00
A, 887399, 448453, 1330265, 1203885, 394498, 194921, 585373, 159297, 38.2, 45.3, 1.00
A, 887272, 448465, 1330129, 1203945, 394468, 195017, 585287, 159363, 38.2, 45.3, 1.00
A, 886608, 448375, 1328993, 1202795, 394422, 194863, 585263, 159188, 38.2, 45.3, 0.99
A, 886141, 448198, 1328606, 1202438, 394309, 194847, 585172, 159120, 38.2, 45.3, 1.01
A, 885801, 448179, 1328137, 1202130, 394327, 194757, 585219, 159100, 38.2, 45.3, 1.00
A, 885628, 448077, 1327899, 1201959, 394183, 194720, 585101, 159009, 38.2, 45.3, 0.99
A, 885828, 448064, 1328156, 1202228, 394207, 194760, 585155, 159061, 38.2, 45.3, 1.00
A, 885813, 448024, 1327989, 1202278, 394287, 194760, 585158, 159076, 38.2, 45.3, 1.00
A, 885650, 448053, 1327928, 1202052, 394277, 194767, 585188, 159084, 38.2, 45.3, 1.00
A, 885774, 447949, 1328097, 1202283, 394290, 194745, 585226, 159092, 38.2, 45.4, 1.00
A, 885815, 447992, 1328292, 1202173, 394334, 194740, 585260, 158981, 38.2, 45.4, 1.00
A, 885756, 447975, 1328129, 1202163, 394358, 194751, 585222, 158965, 38.2, 45.4, 1.00
A, 885722, 448016, 1327951, 1202148, 394367, 194776, 585255, 159019, 38.2, 45.4, 1.00
A, 885929, 448055, 1328329, 1202363, 394463, 194808, 585385, 159124, 38.2, 45.4, 1.01
A, 885858, 447966, 1328298, 1202428, 394373, 194820, 585371, 159068, 38.2, 45.4, 1.00
A, 886251, 448082, 1328669, 1202529, 394546, 194863, 585503, 159096, 38.2, 45.4, 1.00
A, 886059, 447991, 1328526, 1202435, 394482, 194836, 585491, 159024, 38.2, 45.4, 1.01
A, 886110, 448026, 1328253, 1202531, 394501, 194752, 585523, 159005, 38.2, 45.4, 1.00
A, 887423, 448196, 1330826, 1204421, 394720, 195130, 585780, 159388, 38.2, 45.4, 1.00
A, 887652, 448464, 1331219, 1204662, 394962, 195271, 585894, 159307, 38.2, 45.4, 0.99
A, 887428, 448488, 1330668, 1203951, 394896, 195154, 585889, 159196, 38.2, 45.4, 1.00
A, 886922, 448325, 1330139, 1203521, 394793, 195158, 585746, 159086, 38.2, 45.4, 1.00
A, 886786, 448343, 1329979, 1203545, 394742, 195126, 585768, 159141, 38.2, 45.4, 1.00
A, 886189, 448260, 1328903, 1202803, 394624, 194968, 585684, 158967, 38.2, 45.4, 1.01
A, 885990, 448095, 1329009, 1202679, 394572, 194964, 585678, 158994, 38.2, 45.4, 1.00
A, 885796, 448155, 1328588, 1202304, 394704, 194944, 585688, 158893, 38.2, 45.4, 0.99
A, 885681, 448084, 1328525, 1202001, 394572, 194921, 585623, 158853, 38.2, 45.4, 1.00
A, 885727, 448097, 1328696, 1202453, 394563, 194999, 585680, 158946, 38.2, 45.4, 1.00
A, 885634, 448028, 1328554, 1202306, 394645, 194978, 585733, 158889, 38.2, 45.4, 1.01
A, 885711, 448048, 1328408, 1202194, 394604, 194945, 585645, 158912, 38.2, 45.4, 0.99
A, 886039, 448076, 1329125, 1202596, 394703, 195021, 585784, 159044, 38.2, 45.4, 1.00
A, 885914, 448092, 1329045, 1202633, 394694, 194992, 585790, 158983, 38.2, 45.4, 1.00
A, 885817, 447989, 1328787, 1202415, 394704, 194960, 585780, 158897, 38.2, 45.4, 1.00
A, 885795, 447975, 1328727, 1202513, 394726, 195016, 585774, 158945, 38.2, 45.4, 1.00
A, 886088, 448077, 1329179, 1202832, 394745, 195042, 585899, 158972, 38.2, 45.4, 0.99
A, 886024, 448036, 1329130, 1202844, 394773, 195083, 585868, 159019, 38.2, 45.4, 1.00
A, 886169, 448109, 1329572, 1203165, 394896, 195100, 585977, 159073, 38.2, 45.5, 1.01
A, 886234, 448177, 1329057, 1202655, 394884, 195064, 586026, 158900, 38.2, 45.5, 1.00
A, 888024, 448420, 1332442, 1205319, 395172, 195476, 586325, 159312, 38.2, 45.5, 0.99
A, 887904, 448531, 1332240, 1205017, 395235, 195367, 586359, 159272, 38.2, 45.5, 1.00
A, 887336, 448558, 1331581, 1204331, 395163, 195422, 586336, 159123, 38.2, 45.5, 1.00
A, 886924, 448453, 1330819, 1203677, 395087, 195319, 586216, 159081, 38.2, 45.5, 1.01
A, 885796, 448289, 1329217, 1202520, 394916, 195150, 586037, 158840, 38.2, 45.5, 1.00
A, 886077, 448195, 1329816, 1202936, 394965, 195200, 586025, 158872, 38.2, 45.5, 1.00
A, 885618, 448159, 1329011, 1202243, 394930, 195053, 586041, 158810, 38.2, 45.5, 1.00
A, 885450, 448063, 1328849, 1202290, 394844, 195121, 585923, 158831, 38.2, 45.5, 1.00
A, 885329, 448091, 1328388, 1202048, 394899, 195029, 586026, 158779, 38.2, 45.5, 1.00
A, 885314, 447989, 1328548, 1201887, 394837, 195009, 586021, 158767, 38.2, 45.5, 1.00
A, 885513, 447948, 1328908, 1202414, 394892, 195103, 586070, 158842, 38.2, 45.5, 1.00
A, 885649, 447993, 1328915, 1202439, 394972, 195128, 586098, 158839, 38.2, 45.5, 0.99
A, 885637, 447901, 1328824, 1202647, 394973, 195100, 586126, 158852, 38.2, 45.5, 1.00
A, 886068, 448034, 1329765, 1203022, 395026, 195249, 586186, 158932, 38.2, 45.5, 1.01
A, 885992, 448035, 1329293, 1202569, 394995, 195094, 586174, 158807, 38.2, 45.5, 1.00
A, 885799, 447974, 1329290, 1202350, 395009, 195064, 586171, 158776, 38.2, 45.5, 1.00
A, 885554, 447950, 1328940, 1202411, 394979, 195066, 586115, 158787, 38.2, 45.5, 1.01
A, 885986, 447965, 1329510, 1202937, 395040, 195179, 586238, 158870, 38.2, 45.5, 1.00
A, 886028, 447947, 1329468, 1202889, 395072, 195167, 586265, 158861, 38.2, 45.5, 1.00
A, 886399, 448079, 1330362, 1203324, 395124, 195326, 586400, 158913, 38.2, 45.5, 1.00
A, 888686, 448471, 1334031, 1206154, 395572, 195685, 586830, 159378, 38.2, 45.5, 1.01
A, 888241, 448667, 1333361, 1205538, 395616, 195610, 586860, 159196, 38.2, 45.5, 1.00
A, 887984, 448622, 1332926, 1205396, 395605, 195656, 586773, 159163, 38.2, 45.5, 1.00
A, 887542, 448494, 1332667, 1204859, 395465, 195623, 586727, 159070, 38.2, 45.5, 0.99
A, 887447, 448544, 1332295, 1204474, 395431, 195597, 586668, 159008, 38.2, 45.5, 1.01
A, 886887, 448423, 1331538, 1203582, 395369, 195504, 586545, 158880, 38.2, 45.5, 1.00
A, 886599, 448362, 1331598, 1203891, 395328, 195553, 586524, 158938, 38.2, 45.5, 1.00
A, 886081, 448288, 1330545, 1202954, 395339, 195430, 586433, 158838, 38.2, 45.5, 0.99
A, 885868, 448155, 1330397, 1202853, 395121, 195401, 586400, 158778, 38.2, 45.5, 1.00
A, 885440, 448121, 1330037, 1202320, 395186, 195273, 586327, 158659, 38.2, 45.5, 0.99
A, 885328, 448029, 1329812, 1202199, 395085, 195261, 586278, 158605, 38.2, 45.5, 1.00
A, 885621, 448026, 1330390, 1202567, 395155, 195311, 586381, 158801, 38.2, 45.5, 1.00
A, 885589, 447948, 1330434, 1202682, 395145, 195289, 586330, 158729, 38.2, 45.5, 1.01
A, 885531, 447951, 1330325, 1202671, 395166, 195389, 586389, 158805, 38.2, 45.5, 1.00
A, 885776, 448003, 1330704, 1202991, 395252, 195457, 586445, 158835, 38.2, 45.5, 1.01
A, 885994, 448040, 1330655, 1202857, 395241, 195408, 586523, 158770, 38.2, 45.5, 1.00
A, 885772, 447955, 1330708, 1202727, 395271, 195436, 586491, 158718, 38.2, 45.5, 1.00
A, 885582, 447920, 1330615, 1202740, 395187, 195405, 586475, 158749, 38.2, 45.5, 1.01
A, 886000, 447872, 1330961, 1202968, 395286, 195494, 586520, 158789, 38.2, 45.5, 1.00
A, 885836, 447945, 1330652, 1202948, 395307, 195477, 586536, 158789, 38.2, 45.5, 1.00
A, 887559, 448224, 1333892, 1205246, 395595, 195817, 586936, 159240, 38.2, 45.5, 1.00
A, 887492, 448362, 1333632, 1204599, 395631, 195770, 586908, 159022, 38.2, 45.5, 1.00
A, 886673, 448153, 1332661, 1203789, 395551, 195587, 586787, 158904, 38.2, 45.5, 1.00
A, 886487, 448188, 1332449, 1203858, 395449, 195656, 586731, 158864, 38.2, 45.5, 1.00
A, 886145, 448109, 1332146, 1203501, 395409, 195623, 586697, 158827, 38.2, 45.5, 1.00
A, 886310, 448180, 1332300, 1203468, 395433, 195574, 586700, 158887, 38.2, 45.5, 1.00
A, 886103, 448100, 1331952, 1203132, 395507, 195539, 586703, 158765, 38.2, 45.5, 1.00
A, 885657, 447958, 1331730, 1202868, 395404, 195639, 586596, 158659, 38.2, 45.5, 1.00
A, 885433, 447985, 1331220, 1202317, 395384, 195505, 586526, 158692, 38.2, 45.5, 1.00
A, 885339, 447914, 1330903, 1202604, 395313, 195539, 586489, 158621, 38.2, 45.5, 1.00
A, 885531, 447912, 1331483, 1202791, 395320, 195572, 586619, 158774, 38.2, 45.5, 1.00
A, 885641, 447907, 1331674, 1202972, 395431, 195635, 586641, 158742, 38.2, 45.6, 1.00
A, 885841, 447938, 1331959, 1202870, 395390, 195532, 586664, 158724, 38.2, 45.6, 1.00
A, 885264, 447787, 1331132, 1202124, 395346, 195417, 586567, 158568, 38.2, 45.6, 1.00
A, 885037, 447751, 1330932, 1202251, 395222, 195493, 586536, 158625, 38.2, 45.6, 1.00
A, 885548, 447853, 1331392, 1202691, 395412, 195537, 586627, 158701, 38.2, 45.6, 1.00
A, 885419, 447837, 1331165, 1202586, 395357, 195472, 586622, 158639, 38.2, 45.6, 0.99
A, 885630, 447818, 1331898, 1202845, 395429, 195575, 586704, 158740, 38.2, 45.6, 1.00
A, 885720, 447868, 1331917, 1202783, 395452, 195604, 586731, 158717, 38.2, 45.6, 1.00
A, 885635, 447845, 1331933, 1202630, 395399, 195523, 586693, 158666, 38.2, 45.6, 1.00
A, 887339, 448106, 1334750, 1205151, 395771, 195894, 587051, 159116, 38.2, 45.6, 1.01
A, 887378, 448373, 1334787, 1205041, 395870, 195915, 587081, 159030, 38.2, 45.6, 1.00
A, 887104, 448330, 1334241, 1204390, 395785, 195868, 587050, 159010, 38.2, 45.6, 1.01
A, 887118, 448348, 1334402, 1204414, 395789, 195903, 587051, 158901, 38.2, 45.6, 1.00
A, 886437, 448278, 1333854, 1204033, 395661, 195856, 586959, 158778, 38.2, 45.6, 1.01
A, 886498, 448246, 1333681, 1203897, 395703, 195893, 586961, 158856, 38.2, 45.6, 1.01
A, 886012, 448097, 1332968, 1203536, 395606, 195731, 586849, 158751, 38.2, 45.6, 1.00
A, 885955, 448130, 1333077, 1203149, 395602, 195706, 586832, 158710, 38.2, 45.6, 0.99
A, 885620, 448025, 1332423, 1202595, 395462, 195630, 586707, 158579, 38.2, 45.6, 1.00
A, 885145, 447954, 1331934, 1202191, 395475, 195620, 586688, 158562, 38.2, 45.6, 1.00
A, 884951, 447796, 1331747, 1202113, 395352, 195619, 586676, 158548, 38.2, 45.6, 1.00
A, 885166, 447825, 1331849, 1202212, 395388, 195607, 586724, 158617, 38.2, 45.6, 1.00
A, 885158, 447834, 1331925, 1202328, 395444, 195621, 586703, 158577, 38.2, 45.6, 1.01
A, 885035, 447724, 1331710, 1201973, 395412, 195581, 586703, 158555, 38.2, 45.6, 1.00
A, 884876, 447728, 1331572, 1201981, 395400, 195605, 586679, 158594, 38.2, 45.6, 1.00
A, 885414, 447788, 1332326, 1202510, 395487, 195597, 586835, 158618, 38.2, 45.6, 1.00
A, 885327, 447743, 1332240, 1202367, 395497, 195593, 586844, 158625, 38.2, 45.6, 0.99
A, 885125, 447671, 1332067, 1202457, 395469, 195655, 586753, 158647, 38.2, 45.6, 1.00
A, 885573, 447778, 1332576, 1202812, 395575, 195759, 586874, 158660, 38.2, 45.6, 0.99
A, 885643, 447826, 1332308, 1202551, 395538, 195607, 586938, 158633, 38.2, 45.6, 1.00
M, 881617, 447178, 1325088, 1195514, 394820, 194459, 585794, 157146, 38.2, 45.6, 0.00
M, 870948, 444441, 1308144, 1183415, 391832, 192359, 582116, 155135, 38.2, 45.6, 0.55
M, 863184, 441884, 1294828, 1173795, 389454, 190596, 579269, 153558, 38.2, 45.6, 0.73
M, 856941, 439514, 1284170, 1166202, 387519, 189120, 576988, 152465, 38.2, 45.6, 0.83
M, 852119, 437363, 1274532, 1159735, 385435, 187782, 574530, 151547, 38.2, 45.4, 0.88
M, 848374, 435571, 1266312, 1154929, 383491, 186615, 572343, 150968, 38.2, 45.4, 0.93
M, 845673, 434054, 1259273, 1151165, 381853, 185623, 570512, 150518, 38.2, 45.0, 0.95
M, 843434, 432665, 1252883, 1147955, 380421, 184636, 568938, 150085, 38.2, 45.0, 0.98
M, 841813, 431561, 1247794, 1145703, 379376, 183862, 567909, 149808, 38.2, 44.8, 0.99
M, 841065, 430696, 1244205, 1144918, 378757, 183321, 567418, 149762, 38.2, 44.8, 0.98
M, 840501, 429877, 1240786, 1144114, 378322, 182865, 567142, 149682, 38.2, 44.5, 1.00
M, 840742, 429288, 1238674, 1144126, 378124, 182483, 567091, 149721, 38.2, 44.5, 1.00
M, 841069, 428678, 1235980, 1144180, 377995, 182078, 567311, 149687, 38.2, 44.4, 1.01
M, 841299, 428118, 1234610, 1144474, 377990, 181716, 567571, 149737, 38.2, 44.4, 1.00
M, 841842, 427672, 1232654, 1144891, 378204, 181478, 568064, 149805, 38.2, 44.3, 1.00
M, 842275, 427287, 1231842, 1145747, 378274, 181292, 568344, 149892, 38.2, 44.3, 1.00
M, 843556, 426989, 1230654, 1146861, 378625, 181101, 569075, 149944, 38.2, 44.3, 1.00
M, 844306, 426705, 1230104, 1147720, 378770, 180976, 569470, 150067, 38.2, 44.3, 1.01
M, 845531, 426574, 1230226, 1149522, 379260, 180934, 570111, 150216, 38.2, 44.3, 1.00
M, 846829, 426461, 1230341, 1150832, 379569, 180894, 570707, 150340, 38.2, 44.3, 0.99
M, 849294, 426587, 1232523, 1154212, 380203, 181217, 571612, 150788, 38.2, 44.3, 1.00
M, 850768, 426781, 1232760, 1155635, 380755, 181230, 572342, 150860, 38.2, 44.2, 1.00
M, 851913, 426784, 1232447, 1156753, 381133, 181178, 572961, 150953, 38.2, 44.2, 1.00
M, 852631, 426772, 1232004, 1157855, 381508, 181109, 573525, 151016, 38.2, 44.2, 1.00
M, 853563, 426723, 1231856, 1159045, 381866, 181139, 574004, 151069, 38.2, 44.2, 1.00
M, 854791, 426944, 1232489, 1160588, 382328, 181141, 574674, 151204, 38.2, 44.2, 1.00
M, 855584, 426971, 1232250, 1161811, 382649, 181229, 575208, 151354, 38.2, 44.2, 1.00
M, 857058, 427129, 1232996, 1163583, 383215, 181335, 575889, 151573, 38.2, 44.2, 1.00
M, 858283, 427326, 1233140, 1164908, 383609, 181243, 576511, 151579, 38.2, 44.2, 0.99
M, 859174, 427519, 1233321, 1166071, 383949, 181310, 577059, 151675, 38.2, 44.2, 1.01
M, 860136, 427703, 1233798, 1167546, 384333, 181462, 577646, 151814, 38.2, 44.2, 1.00
M, 861165, 427920, 1233870, 1168838, 384780, 181476, 578095, 151945, 38.2, 44.2, 1.00
M, 862423, 428168, 1234365, 1170447, 385202, 181647, 578667, 152071, 38.2, 44.2, 1.01
M, 863465, 428515, 1234886, 1171513, 385660, 181644, 579325, 152137, 38.2, 44.1, 1.00
M, 864137, 428644, 1235013, 1172637, 385889, 181641, 579757, 152174, 38.2, 44.1, 1.00
M, 864885, 428932, 1234923, 1173773, 386355, 181709, 580278, 152303, 38.2, 44.1, 1.00
M, 865555, 429113, 1235333, 1174792, 386602, 181826, 580683, 152354, 38.2, 44.1, 1.00
M, 866691, 429381, 1236134, 1176215, 386999, 181944, 581216, 152533, 38.2, 44.1, 0.99
M, 867726, 429646, 1236651, 1177569, 387433, 182064, 581677, 152680, 38.2, 44.1, 1.00
M, 868571, 430044, 1237356, 1178842, 387894, 182084, 582219, 152665, 38.2, 44.1, 1.01
M, 871093, 430591, 1240135, 1181964, 388493, 182455, 582989, 153119, 38.2, 44.1, 1.01
M, 871712, 431001, 1240392, 1182898, 388821, 182526, 583452, 153172, 38.2, 44.1, 1.00
M, 872199, 431225, 1240604, 1183521, 389141, 182558, 583776, 153111, 38.2, 44.1, 1.00
M, 872570, 431465, 1240474, 1184263, 389324, 182596, 584124, 153143, 38.2, 44.1, 1.00
M, 873433, 431842, 1241252, 1185566, 389741, 182810, 584576, 153340, 38.2, 44.1, 1.00
M, 873958, 432116, 1241426, 1186309, 390014, 182729, 584932, 153333, 38.2, 44.1, 1.01
M, 874229, 432279, 1241300, 1186768, 390200, 182695, 585218, 153254, 38.2, 44.1, 0.99
M, 874416, 432455, 1241250, 1187374, 390442, 182783, 585498, 153325, 38.2, 44.1, 1.00
M, 875064, 432806, 1241746, 1188353, 390748, 182880, 585886, 153453, 38.2, 44.1, 1.00
M, 875557, 432967, 1241872, 1189084, 390956, 182871, 586202, 153518, 38.2, 44.1, 1.00
M, 876472, 433300, 1242806, 1190214, 391271, 183033, 586644, 153590, 38.2, 44.1, 0.98
M, 877002, 433646, 1243154, 1190991, 391580, 183031, 587020, 153632, 38.2, 44.1, 1.00
M, 877369, 433793, 1243345, 1191484, 391839, 183100, 587328, 153673, 38.2, 44.1, 0.98
M, 877682, 433969, 1243590, 1192371, 392043, 183217, 587562, 153753, 38.2, 44.1, 1.00
M, 877847, 434246, 1243340, 1192595, 392347, 183244, 587908, 153708, 38.2, 44.1, 1.00
M, 878279, 434416, 1243599, 1193175, 392459, 183151, 588071, 153702, 38.2, 44.1, 1.00
M, 878345, 434632, 1243459, 1193587, 392713, 183223, 588420, 153717, 38.2, 44.1, 1.01
M, 878498, 434663, 1243586, 1194161, 392846, 183227, 588609, 153807, 38.2, 44.1, 1.00
M, 879267, 434903, 1244445, 1195076, 393084, 183346, 588976, 153930, 38.2, 44.1, 1.01
M, 879884, 435200, 1245107, 1195965, 393382, 183400, 589329, 154036, 38.2, 44.1, 1.01
M, 882603, 435768, 1248667, 1199270, 393981, 183895, 590052, 154466, 38.2, 44.1, 1.00
M, 882523, 436137, 1248564, 1199506, 394134, 183885, 590321, 154461, 38.3, 44.1, 1.00
M, 882942, 436349, 1249107, 1200155, 394385, 183887, 590590, 154408, 38.3, 44.1, 1.00
M, 882851, 436551, 1248662, 1200312, 394534, 183939, 590752, 154380, 38.3, 44.1, 1.00
M, 882697, 436590, 1248514, 1200343, 394546, 183988, 590911, 154391, 38.3, 44.1, 1.00
M, 883129, 436757, 1249090, 1201072, 394772, 184048, 591163, 154457, 38.3, 44.1, 0.99
M, 883282, 436866, 1249077, 1201122, 394978, 183999, 591373, 154391, 38.3, 44.1, 1.00
M, 883292, 437102, 1248908, 1201152, 395069, 184106, 591571, 154326, 38.3, 44.1, 1.00
M, 883349, 437151, 1248842, 1201567, 395186, 184038, 591703, 154400, 38.3, 44.1, 1.00
M, 883768, 437317, 1249635, 1202264, 395453, 184113, 591988, 154550, 38.3, 44.1, 1.00
M, 883733, 437462, 1249513, 1202494, 395621, 184221, 592160, 154524, 38.3, 44.1, 0.99
M, 884289, 437746, 1250349, 1203367, 395744, 184261, 592411, 154657, 38.2, 44.1, 0.99
M, 884616, 437807, 1250650, 1203675, 395974, 184341, 592706, 154637, 38.2, 44.1, 1.01
M, 884655, 437939, 1250325, 1203763, 396083, 184260, 592844, 154579, 38.3, 44.1, 1.00
M, 884553, 437994, 1250562, 1204124, 396135, 184359, 592948, 154602, 38.3, 44.1, 1.00
M, 884840, 438197, 1250577, 1204124, 396402, 184400, 593250, 154661, 38.3, 44.1, 1.01
M, 884852, 438134, 1250880, 1204644, 396415, 184357, 593367, 154692, 38.3, 44.1, 1.00
M, 884974, 438464, 1251022, 1204924, 396657, 184476, 593631, 154721, 38.3, 44.1, 0.98
M, 885140, 438398, 1251115, 1205107, 396688, 184396, 593695, 154751, 38.3, 44.1, 1.00
M, 885611, 438517, 1251813, 1206039, 396813, 184552, 593959, 154828, 38.3, 44.1, 1.01
M, 887552, 438975, 1254874, 1208492, 397317, 184862, 594486, 155128, 38.3, 44.1, 1.00
M, 887547, 439251, 1254982, 1208653, 397524, 184952, 594665, 155212, 38.3, 44.1, 0.99
M, 887877, 439377, 1255474, 1209084, 397660, 185019, 594858, 155211, 38.3, 44.1, 1.00
M, 888050, 439546, 1255761, 1209159, 397789, 185048, 595082, 155223, 38.3, 44.1, 1.00
M, 887750, 439537, 1255555, 1209107, 397889, 185019, 595117, 155166, 38.3, 44.1, 1.01
M, 887672, 439579, 1255380, 1209125, 397889, 185061, 595248, 155149, 38.3, 44.1, 1.00
M, 887874, 439744, 1255913, 1209505, 398090, 185085, 595412, 155212, 38.3, 44.1, 1.00
M, 887795, 439803, 1255930, 1209607, 398128, 185170, 595520, 155237, 38.3, 44.1, 1.00
M, 888186, 439898, 1256566, 1210206, 398306, 185248, 595715, 155306, 38.3, 44.1, 1.00
M, 888344, 440038, 1256707, 1210495, 398411, 185241, 595893, 155267, 38.3, 44.1, 1.00
M, 888223, 440029, 1256899, 1210463, 398465, 185191, 595974, 155225, 38.3, 44.1, 1.00
M, 888393, 440123, 1257216, 1210775, 398622, 185275, 596169, 155281, 38.3, 44.1, 1.00
M, 888340, 440214, 1257311, 1210977, 398676, 185333, 596305, 155341, 38.3, 44.1, 1.00
M, 888490, 440243, 1257393, 1210769, 398826, 185275, 596408, 155304, 38.3, 44.1, 0.99
M, 888377, 440331, 1257349, 1210800, 398849, 185319, 596524, 155290, 38.3, 44.1, 1.00
M, 888705, 440327, 1257807, 1211350, 399022, 185406, 596664, 155381, 38.3, 44.1, 1.00
M, 888393, 440455, 1257564, 1211089, 399055, 185376, 596749, 155295, 38.3, 44.1, 1.00
M, 888369, 440397, 1257770, 1211389, 399088, 185453, 596853, 155360, 38.3, 44.1, 1.00
M, 888348, 440561, 1257724, 1211136, 399284, 185404, 597115, 155437, 38.3, 44.1, 1.00
M, 888409, 440473, 1257825, 1211380, 399278, 185398, 597121, 155326, 38.3, 44.1, 1.00
M, 890623, 440918, 1261480, 1214406, 399794, 185868, 597611, 155835, 38.3, 44.1, 1.00
M, 890564, 441101, 1261588, 1214448, 399934, 185864, 597814, 155784, 38.3, 44.1, 1.00
M, 890319, 441113, 1261249, 1214049, 399897, 185872, 597901, 155746, 38.3, 44.1, 1.00
M, 890717, 441253, 1261973, 1214567, 400032, 185962, 598023, 155787, 38.3, 44.1, 1.00
M, 890428, 441229, 1261781, 1214229, 400091, 185901, 598088, 155707, 38.3, 44.1, 1.00
M, 890360, 441260, 1261470, 1213963, 400050, 185892, 598189, 155690, 38.3, 44.1, 0.99
M, 890027, 441219, 1261244, 1214171, 400173, 185945, 598244, 155634, 38.3, 44.1, 1.00
M, 890327, 441292, 1262084, 1214484, 400237, 185969, 598330, 155654, 38.3, 44.1, 0.99
M, 890070, 441305, 1262020, 1214414, 400363, 185945, 598462, 155696, 38.3, 44.1, 1.00
M, 890574, 441417, 1262505, 1214814, 400477, 186043, 598575, 155827, 38.3, 44.1, 1.00
M, 890624, 441458, 1262929, 1214941, 400594, 186120, 598717, 155799, 38.3, 44.1, 1.00
M, 890495, 441417, 1262916, 1214832, 400564, 186093, 598800, 155792, 38.3, 44.1, 0.99
M, 890758, 441553, 1263303, 1215212, 400727, 186162, 598967, 155866, 38.3, 44.1, 1.00
M, 890867, 441586, 1263768, 1215448, 400797, 186216, 599045, 155902, 38.3, 44.1, 0.99
M, 890953, 441619, 1264153, 1215960, 400889, 186290, 599161, 155956, 38.3, 44.1, 1.01
M, 891139, 441646, 1264192, 1215699, 401035, 186299, 599241, 155893, 38.3, 44.1, 0.99
M, 890834, 441671, 1264037, 1215709, 401021, 186249, 599293, 155826, 38.3, 44.1, 1.00
M, 890589, 441717, 1264075, 1215394, 401035, 186275, 599379, 155831, 38.3, 44.1, 1.00
M, 890586, 441693, 1264190, 1215621, 401074, 186214, 599491, 155825, 38.3, 44.1, 1.00
M, 890493, 441797, 1264287, 1215517, 401187, 186230, 599606, 155858, 38.3, 44.1, 1.01
M, 892194, 441945, 1266710, 1217447, 401471, 186613, 599910, 156161, 38.3, 44.1, 1.00
M, 892395, 442149, 1266961, 1217548, 401557, 186644, 600028, 156095, 38.3, 44.1, 1.00
M, 891920, 442161, 1266727, 1217177, 401567, 186578, 600083, 156058, 38.3, 44.1, 0.99
M, 891783, 442064, 1266743, 1217175, 401561, 186524, 600112, 156068, 38.3, 44.1, 0.99
M, 891934, 442217, 1267132, 1217483, 401676, 186685, 600275, 156106, 38.3, 44.1, 1.01
M, 891877, 442158, 1267075, 1217050, 401761, 186595, 600289, 156101, 38.3, 44.1, 1.00
M, 891679, 442094, 1266918, 1216958, 401769, 186588, 600285, 156035, 38.3, 44.1, 1.00
M, 891410, 442115, 1267083, 1217137, 401740, 186657, 600352, 156040, 38.3, 44.1, 0.99
M, 891738, 442275, 1267616, 1217581, 401852, 186688, 600546, 156141, 38.3, 44.1, 1.01
M, 891775, 442242, 1267848, 1217512, 401948, 186791, 600647, 156234, 38.3, 44.1, 1.01
M, 892082, 442319, 1268445, 1218093, 402051, 186818, 600768, 156228, 38.3, 44.1, 1.00
M, 892074, 442370, 1268454, 1217839, 402129, 186839, 600838, 156157, 38.3, 44.1, 1.00
M, 892090, 442331, 1268394, 1217679, 402141, 186784, 600849, 156163, 38.3, 44.1, 1.00
M, 892173, 442361, 1269109, 1218272, 402236, 186911, 600994, 156249, 38.3, 44.1, 1.01
M, 892135, 442399, 1269318, 1218306, 402276, 186933, 601109, 156233, 38.3, 44.1, 0.99
M, 892377, 442563, 1269645, 1218539, 402392, 186972, 601214, 156364, 38.3, 44.1, 1.00
M, 892418, 442461, 1269868, 1218414, 402440, 186980, 601268, 156266, 38.3, 44.1, 1.01
M, 892387, 442556, 1269958, 1218407, 402490, 187015, 601365, 156258, 38.3, 44.1, 1.00
M, 892065, 442542, 1269621, 1218194, 402550, 187007, 601426, 156268, 38.3, 44.1, 1.01
M, 891994, 442431, 1269867, 1218175, 402435, 186988, 601416, 156278, 38.3, 44.1, 1.00
M, 894305, 442791, 1273348, 1221085, 402906, 187430, 601938, 156706, 38.3, 44.1, 1.00
M, 893999, 442988, 1273298, 1220769, 403024, 187445, 602026, 156648, 38.3, 44.1, 0.99
M, 893851, 442999, 1273218, 1220206, 402947, 187345, 601987, 156546, 38.3, 44.1, 1.00
M, 893488, 442955, 1272909, 1219997, 403022, 187358, 601962, 156485, 38.3, 44.1, 1.00
M, 893123, 442884, 1272653, 1219856, 402984, 187365, 601953, 156447, 38.3, 44.1, 0.99
M, 893212, 442987, 1273075, 1220114, 403061, 187403, 602057, 156521, 38.3, 44.1, 1.01
M, 893138, 442838, 1273069, 1219838, 403080, 187403, 602036, 156491, 38.3, 44.1, 1.01
M, 893482, 442972, 1273895, 1220379, 403181, 187525, 602215, 156616, 38.3, 44.1, 1.01
M, 893370, 443041, 1273860, 1220113, 403251, 187468, 602256, 156559, 38.3, 44.1, 1.00
M, 893254, 442974, 1273727, 1219801, 403212, 187445, 602247, 156521, 38.3, 44.2, 1.00
M, 893000, 443034, 1273530, 1220013, 403275, 187449, 602255, 156498, 38.3, 44.2, 1.00
M, 893173, 442993, 1274214, 1220173, 403287, 187544, 602432, 156549, 38.3, 44.2, 1.00
M, 893036, 442996, 1274344, 1220034, 403314, 187593, 602448, 156657, 38.3, 44.2, 0.99
M, 893423, 443088, 1274860, 1220438, 403481, 187612, 602536, 156687, 38.3, 44.2, 1.00
M, 893550, 443212, 1275303, 1220533, 403526, 187631, 602607, 156632, 38.3, 44.2, 0.99
M, 893427, 443164, 1275267, 1220507, 403533, 187677, 602685, 156616, 38.3, 44.2, 1.00
M, 893505, 443198, 1275768, 1220575, 403606, 187733, 602728, 156681, 38.3, 44.2, 1.00
M, 893345, 443172, 1275517, 1220319, 403643, 187653, 602855, 156634, 38.3, 44.2, 1.01
M, 893125, 443143, 1275378, 1220049, 403644, 187718, 602828, 156623, 38.3, 44.2, 1.01
M, 892844, 443162, 1275284, 1219765, 403583, 187669, 602833, 156545, 38.3, 44.2, 1.01
M, 894427, 443221, 1277651, 1221977, 403833, 187946, 603157, 156911, 38.3, 44.2, 1.00
M, 894622, 443537, 1278410, 1222156, 403993, 188081, 603388, 156926, 38.3, 44.2, 1.00
M, 894356, 443457, 1278313, 1221927, 403944, 188046, 603307, 156912, 38.3, 44.2, 1.00
M, 894448, 443477, 1278185, 1221452, 403959, 188001, 603336, 156832, 38.3, 44.2, 1.00
M, 893658, 443308, 1277567, 1220770, 403868, 187887, 603198, 156743, 38.3, 44.2, 0.99
M, 892785, 443381, 1276709, 1220368, 403965, 187834, 603208, 156608, 38.3, 44.2, 0.99
M, 893322, 443268, 1277328, 1220572, 403886, 187931, 603236, 156682, 38.3, 44.2, 1.00
M, 893210, 443191, 1277276, 1220637, 403922, 187930, 603249, 156725, 38.3, 44.2, 0.99
M, 893662, 443353, 1278183, 1221053, 404030, 188086, 603421, 156801, 38.3, 44.2, 1.01
M, 893707, 443346, 1278258, 1220649, 404101, 187987, 603478, 156784, 38.3, 44.2, 1.00
M, 893499, 443289, 1278299, 1220509, 404111, 187955, 603440, 156714, 38.3, 44.2, 1.00
M, 893608, 443233, 1278773, 1221146, 404105, 188006, 603553, 156848, 38.3, 44.2, 1.01
M, 893584, 443290, 1278928, 1221102, 404127, 188043, 603625, 156789, 38.3, 44.2, 0.99
M, 893816, 443256, 1279425, 1221335, 404194, 188103, 603687, 156893, 38.3, 44.2, 1.01
M, 893870, 443322, 1279666, 1221377, 404206, 188105, 603755, 156924, 38.3, 44.2, 0.99
M, 894072, 443432, 1280315, 1221738, 404383, 188264, 603882, 156922, 38.3, 44.2, 1.01
M, 894029, 443423, 1280241, 1221476, 404335, 188163, 603869, 156856, 38.3, 44.2, 0.99
M, 894096, 443416, 1280411, 1221836, 404378, 188284, 603948, 156909, 38.3, 44.2, 1.01
M, 893703, 443419, 1280205, 1221305, 404366, 188154, 603903, 156887, 38.3, 44.2, 1.00
M, 893628, 443323, 1280386, 1221339, 404330, 188167, 603969, 156913, 38.3, 44.2, 0.99
M, 896304, 443921, 1284650, 1224459, 404962, 188773, 604617, 157391, 38.3, 44.2, 1.01
M, 895889, 444028, 1284442, 1224062, 404944, 188618, 604543, 157291, 38.3, 44.2, 1.01
M, 895765, 443985, 1284113, 1223716, 404900, 188730, 604528, 157211, 38.3, 44.2, 1.00
M, 895340, 443969, 1283799, 1223235, 404855, 188640, 604449, 157124, 38.3, 44.2, 1.00
M, 894870, 443798, 1283695, 1222927, 404816, 188694, 604430, 157190, 38.3, 44.2, 1.01
M, 895084, 443841, 1283954, 1223150, 404857, 188657, 604427, 157175, 38.3, 44.2, 1.00
M, 894999, 443957, 1284151, 1222699, 404915, 188634, 604505, 157161, 38.3, 44.2, 1.00
M, 894717, 443893, 1284026, 1222694, 404886, 188645, 604407, 157056, 38.3, 44.2, 1.00
M, 894669, 443796, 1284200, 1222747, 404870, 188665, 604468, 157118, 38.3, 44.2, 0.99
M, 894410, 443851, 1283967, 1222528, 404881, 188694, 604488, 157112, 38.3, 44.2, 1.01
M, 894433, 443781, 1284152, 1222213, 404808, 188636, 604469, 157118, 38.3, 44.2, 1.00
M, 894649, 443805, 1284624, 1222431, 404956, 188743, 604616, 157099, 38.3, 44.2, 1.00
M, 894269, 443702, 1284326, 1222312, 404890, 188667, 604580, 157076, 38.3, 44.2, 1.00
M, 894462, 443809, 1284704, 1222405, 404938, 188696, 604646, 157166, 38.3, 44.2, 1.00
M, 894305, 443741, 1284758, 1222395, 404967, 188794, 604660, 157135, 38.3, 44.2, 1.00
M, 894434, 443772, 1285283, 1222585, 405005, 188832, 604739, 157180, 38.3, 44.2, 1.00
M, 894419, 443804, 1285261, 1222134, 405054, 188706, 604762, 157135, 38.3, 44.2, 1.01
M, 894293, 443700, 1285229, 1222034, 404983, 188740, 604752, 157047, 38.3, 44.2, 0.99
M, 894235, 443697, 1285430, 1222331, 405051, 188762, 604787, 157097, 38.3, 44.2, 1.00
M, 893833, 443582, 1284816, 1221600, 405070, 188730, 604764, 157028, 38.3, 44.2, 1.00
M, 895261, 443792, 1287528, 1223376, 405296, 188997, 605088, 157436, 38.3, 44.2, 1.00
M, 894504, 443943, 1286528, 1222594, 405308, 188871, 605041, 157249, 38.3, 44.2, 1.01
M, 894285, 443737, 1286238, 1222107, 405172, 188803, 604881, 157104, 38.3, 44.2, 1.00
M, 894209, 443698, 1286531, 1222349, 405168, 188840, 604981, 157155, 38.3, 44.2, 1.00
M, 894295, 443611, 1286275, 1222297, 405157, 188820, 604962, 157129, 38.3, 44.2, 1.01
M, 893559, 443602, 1285787, 1221395, 405120, 188748, 604936, 157098, 38.3, 44.2, 0.99
M, 893361, 443383, 1285685, 1221453, 405056, 188778, 604870, 157049, 38.3, 44.2, 1.00
M, 893715, 443437, 1286284, 1221607, 405118, 188763, 604975, 157073, 38.3, 44.2, 1.00
M, 893666, 443503, 1286355, 1221514, 405175, 188732, 604994, 157110, 38.3, 44.2, 1.00
M, 893716, 443451, 1286341, 1221646, 405191, 188818, 605092, 157107, 38.3, 44.2, 1.00
M, 894198, 443433, 1287123, 1222061, 405274, 188899, 605195, 157216, 38.3, 44.2, 1.00
M, 894193, 443565, 1287331, 1222247, 405246, 188876, 605192, 157265, 38.3, 44.2, 1.01
M, 894587, 443635, 1288288, 1222652, 405404, 189026, 605289, 157302, 38.3, 44.2, 1.00
M, 894445, 443524, 1288283, 1222304, 405416, 188929, 605284, 157241, 38.3, 44.2, 1.00
M, 894317, 443468, 1287891, 1222333, 405436, 188880, 605278, 157227, 38.3, 44.2, 1.00
M, 894464, 443545, 1288605, 1222600, 405482, 189053, 605348, 157336, 38.3, 44.2, 1.00
M, 894483, 443604, 1288831, 1222689, 405556, 189059, 605427, 157294, 38.3, 44.2, 1.00
M, 894529, 443556, 1288876, 1222335, 405537, 189010, 605403, 157226, 38.3, 44.2, 1.01
M, 894405, 443556, 1288825, 1222200, 405527, 188993, 605497, 157237, 38.3, 44.2, 0.99
M, 894583, 443608, 1289148, 1222625, 405543, 189006, 605538, 157265, 38.3, 44.2, 1.00
M, 896341, 443941, 1292218, 1224920, 405960, 189409, 605959, 157690, 38.3, 44.2, 1.00
M, 896196, 444089, 1292272, 1224685, 405964, 189556, 605973, 157630, 38.3, 44.2, 1.00
M, 895510, 444003, 1291260, 1223612, 405939, 189298, 605851, 157466, 38.3, 44.2, 0.99
M, 895065, 443897, 1291057, 1223143, 405776, 189211, 605766, 157344, 38.3, 44.2, 1.00
M, 895038, 443902, 1291342, 1223481, 405792, 189304, 605827, 157435, 38.3, 44.2, 1.00
M, 894939, 443836, 1291247, 1223291, 405756, 189354, 605816, 157385, 38.3, 44.2, 1.01
M, 894740, 443808, 1291006, 1222925, 405759, 189283, 605827, 157371, 38.3, 44.2, 1.00
M, 893664, 443788, 1289896, 1221910, 405660, 189188, 605677, 157225, 38.3, 44.2, 1.01
M, 894137, 443668, 1290524, 1222116, 405633, 189136, 605708, 157286, 38.3, 44.2, 1.00
M, 894073, 443580, 1290571, 1222132, 405696, 189170, 605828, 157238, 38.3, 44.2, 1.00
M, 894269, 443633, 1291211, 1222569, 405747, 189245, 605794, 157353, 38.3, 44.2, 1.00
M, 893951, 443585, 1290612, 1222175, 405691, 189117, 605779, 157253, 38.3, 44.2, 1.00
M, 893991, 443512, 1291021, 1222268, 405714, 189188, 605831, 157362, 38.3, 44.2, 1.01
M, 894333, 443575, 1291790, 1222741, 405796, 189265, 605955, 157437, 38.3, 44.2, 1.01
M, 894625, 443583, 1292203, 1222764, 405871, 189265, 605979, 157372, 38.3, 44.2, 1.00
M, 894468, 443659, 1292191, 1222684, 405883, 189240, 606020, 157350, 38.3, 44.2, 1.00
M, 894770, 443666, 1292619, 1222968, 405950, 189325, 606083, 157447, 38.3, 44.2, 1.00
M, 894711, 443608, 1292838, 1222950, 405991, 189402, 606103, 157450, 38.3, 44.2, 1.01
M, 894946, 443697, 1293367, 1223371, 406025, 189454, 606246, 157534, 38.3, 44.2, 1.01
M, 894976, 443705, 1293495, 1223167, 406096, 189403, 606228, 157477, 38.3, 44.2, 1.01
A, 902340, 444622, 1304721, 1232039, 407261, 190915, 607623, 159272, 38.3, 44.2, 0.00
A, 914387, 447760, 1325196, 1248245, 409843, 193520, 610321, 161887, 38.4, 44.2, 0.57
A, 921531, 449897, 1337445, 1257428, 411406, 195270, 611833, 163234, 38.4, 44.2, 0.75
A, 927245, 452286, 1348725, 1265165, 412924, 196982, 613439, 164259, 38.4, 44.2, 0.86
A, 930060, 453499, 1355146, 1268974, 413815, 197931, 614312, 164810, 38.4, 44.2, 0.90
A, 932615, 455078, 1361640, 1272673, 414796, 198996, 615376, 165274, 38.4, 44.2, 0.93
A, 934319, 456562, 1367047, 1275042, 415533, 199901, 616186, 165629, 38.3, 44.3, 0.96
A, 935185, 457871, 1371618, 1276249, 416166, 200632, 616698, 165676, 38.3, 44.3, 0.98
A, 935153, 458829, 1374521, 1276426, 416505, 201160, 616945, 165683, 38.3, 44.3, 0.98
A, 934761, 459612, 1376694, 1276352, 416731, 201683, 617034, 165730, 38.3, 44.3, 0.99
A, 934384, 460363, 1379199, 1276033, 416874, 202152, 617102, 165756, 38.3, 44.4, 1.00
A, 933281, 460987, 1380025, 1274761, 416912, 202450, 617027, 165624, 38.3, 44.4, 0.98
A, 932605, 461495, 1382034, 1274118, 416945, 202813, 616874, 165666, 38.3, 44.4, 1.00
A, 931483, 461982, 1383413, 1272519, 416793, 203037, 616561, 165472, 38.3, 44.4, 1.00
A, 930049, 462261, 1383699, 1270933, 416614, 203203, 616200, 165332, 38.3, 44.4, 1.00
A, 928941, 462496, 1384880, 1269791, 416467, 203485, 615911, 165269, 38.3, 44.4, 1.00
A, 927515, 462691, 1385312, 1268175, 416243, 203640, 615514, 165161, 38.3, 44.5, 1.00
A, 926722, 462856, 1386190, 1266850, 416011, 203789, 615203, 165059, 38.3, 44.5, 1.00
A, 925201, 462910, 1386102, 1265101, 415786, 203782, 614731, 164888, 38.3, 44.5, 1.00
A, 923925, 462868, 1386683, 1263180, 415504, 203862, 614234, 164779, 38.3, 44.5, 0.99
A, 924231, 463174, 1389637, 1263755, 415446, 204309, 614194, 165119, 38.3, 44.5, 1.00
A, 922619, 463118, 1389044, 1261360, 415102, 204233, 613729, 164732, 38.3, 44.5, 0.99
A, 920280, 462900, 1387995, 1258655, 414680, 204138, 612996, 164473, 38.3, 44.5, 1.02
A, 918996, 462695, 1387593, 1256501, 414192, 204022, 612452, 164367, 38.3, 44.5, 1.00
A, 917059, 462494, 1386786, 1254219, 413815, 204034, 611924, 164117, 38.3, 44.6, 1.00
A, 915886, 462095, 1386497, 1252930, 413500, 203965, 611494, 164054, 38.3, 44.6, 1.00
A, 915071, 462024, 1386627, 1251641, 413203, 203991, 611107, 164019, 38.3, 44.6, 1.00
A, 913861, 461749, 1386535, 1250030, 412819, 203984, 610659, 163890, 38.3, 44.6, 1.00
A, 912721, 461484, 1386133, 1248218, 412559, 203830, 610143, 163684, 38.3, 44.6, 0.99
A, 911682, 461154, 1385946, 1247030, 412200, 203836, 609755, 163693, 38.3, 44.7, 1.01
A, 911118, 460968, 1386413, 1245941, 411978, 203838, 609424, 163616, 38.3, 44.7, 1.00
A, 910039, 460716, 1385800, 1244672, 411577, 203823, 609026, 163480, 38.3, 44.7, 1.00
A, 909324, 460503, 1386051, 1243618, 411369, 203818, 608679, 163485, 38.3, 44.7, 1.00
A, 908441, 460127, 1385956, 1242415, 411109, 203826, 608282, 163370, 38.3, 44.7, 1.00
A, 907904, 459883, 1386021, 1241116, 410806, 203690, 607973, 163216, 38.3, 44.7, 1.00
A, 906776, 459539, 1385361, 1239648, 410451, 203583, 607498, 163084, 38.3, 44.7, 1.00
A, 906185, 459301, 1385372, 1238927, 410255, 203635, 607185, 163053, 38.3, 44.7, 1.00
A, 905442, 459014, 1385066, 1237713, 410002, 203524, 606852, 163006, 38.3, 44.7, 1.00
A, 904798, 458723, 1385182, 1237006, 409777, 203569, 606510, 162958, 38.3, 44.7, 1.00
A, 904178, 458525, 1384914, 1235977, 409464, 203509, 606225, 162888, 38.3, 44.8, 1.01
A, 905833, 458639, 1388529, 1237490, 409610, 203799, 606351, 163217, 38.3, 44.8, 1.00
A, 904730, 458500, 1387392, 1236047, 409423, 203732, 606007, 163032, 38.3, 44.8, 1.00
A, 903899, 458114, 1387128, 1235123, 409106, 203700, 605611, 162959, 38.3, 44.8, 1.01
A, 902569, 457797, 1385652, 1232999, 408810, 203469, 605150, 162705, 38.3, 44.8, 1.00
A, 901790, 457498, 1385416, 1232183, 408525, 203395, 604825, 162661, 38.3, 44.8, 1.00
A, 900721, 457125, 1384533, 1230604, 408206, 203263, 604362, 162475, 38.3, 44.8, 0.99
A, 900163, 456875, 1383940, 1229766, 407906, 203084, 604128, 162338, 38.3, 44.8, 1.01
A, 899825, 456588, 1383893, 1229381, 407709, 203112, 603908, 162313, 38.3, 44.8, 1.00
A, 899280, 456299, 1383514, 1228478, 407494, 203015, 603634, 162220, 38.3, 44.8, 1.00
A, 898695, 456041, 1383482, 1227726, 407241, 203001, 603348, 162328, 38.3, 44.8, 1.01
A, 898645, 455928, 1383729, 1227422, 407157, 203053, 603231, 162240, 38.3, 44.9, 0.99
A, 898415, 455726, 1383837, 1226645, 406982, 202940, 602972, 162165, 38.3, 44.9, 1.00
A, 897726, 455445, 1383216, 1225757, 406757, 202847, 602658, 162085, 38.3, 44.9, 0.99
A, 897296, 455090, 1382665, 1225034, 406593, 202815, 602437, 162081, 38.3, 44.9, 1.00
A, 897139, 454932, 1383117, 1224761, 406548, 202816, 602292, 162058, 38.3, 44.9, 1.00
A, 896802, 454747, 1382902, 1224340, 406308, 202751, 602042, 162047, 38.3, 44.9, 1.00
A, 896792, 454667, 1383212, 1224224, 406256, 202799, 601982, 162044, 38.3, 44.9, 1.00
A, 896603, 454444, 1383234, 1223631, 406129, 202730, 601746, 161968, 38.3, 44.9, 1.00
A, 896027, 454236, 1382544, 1222859, 405946, 202647, 601428, 161839, 38.3, 44.9, 1.00
A, 895819, 454117, 1382732, 1222519, 405750, 202623, 601283, 161916, 38.3, 44.9, 1.00
A, 897352, 454195, 1385667, 1224487, 405928, 203020, 601563, 162235, 38.3, 44.9, 1.00
A, 897044, 454189, 1385168, 1223380, 405817, 202886, 601327, 162036, 38.3, 44.9, 1.01
A, 896094, 453882, 1384059, 1222120, 405589, 202700, 601016, 161818, 38.3, 45.0, 1.00
A, 895686, 453722, 1383676, 1221679, 405366, 202637, 600721, 161797, 38.3, 45.0, 1.00
A, 894666, 453444, 1382269, 1220299, 405075, 202466, 600380, 161598, 38.3, 45.0, 1.00
A, 894166, 453173, 1382089, 1219831, 404951, 202404, 600149, 161634, 38.3, 45.0, 1.00
A, 893603, 453043, 1381258, 1218556, 404813, 202234, 599931, 161475, 38.3, 45.0, 1.00
A, 893243, 452664, 1380860, 1218008, 404557, 202141, 599727, 161398, 38.3, 45.0, 0.99
A, 893027, 452570, 1380994, 1218110, 404456, 202152, 599595, 161405, 38.3, 45.0, 1.00
A, 892837, 452360, 1380772, 1217709, 404350, 202127, 599414, 161318, 38.3, 45.0, 1.00
A, 892560, 452176, 1380313, 1217070, 404193, 202035, 599291, 161333, 38.3, 45.0, 1.00
A, 892749, 452104, 1380932, 1217162, 404163, 202073, 599197, 161374, 38.3, 45.0, 1.01
A, 892521, 451986, 1380533, 1216579, 403975, 201961, 599067, 161360, 38.3, 45.0, 1.00
A, 892008, 451869, 1379944, 1215976, 403876, 201853, 598846, 161214, 38.3, 45.0, 1.01
A, 892128, 451724, 1380227, 1216220, 403861, 201843, 598739, 161282, 38.3, 45.0, 1.00
A, 891944, 451540, 1380066, 1215757, 403665, 201785, 598647, 161150, 38.3, 45.0, 0.99
A, 891577, 451435, 1379668, 1215316, 403613, 201715, 598403, 161158, 38.3, 45.0, 1.00
A, 891771, 451344, 1380084, 1215429, 403507, 201787, 598410, 161224, 38.3, 45.1, 1.00
A, 891834, 451206, 1380098, 1215157, 403480, 201728, 598234, 161147, 38.3, 45.1, 1.00
A, 891477, 451064, 1379756, 1214734, 403316, 201693, 598119, 161080, 38.3, 45.1, 1.00
A, 893158, 451199, 1382407, 1216789, 403541, 202043, 598344, 161489, 38.3, 45.1, 1.01
A, 892600, 451375, 1381901, 1215965, 403472, 201898, 598240, 161354, 38.3, 45.1, 1.00
A, 892152, 451156, 1381247, 1215446, 403374, 201867, 597982, 161241, 38.3, 45.1, 1.00
A, 891905, 451025, 1380792, 1214724, 403263, 201745, 597816, 161041, 38.3, 45.1, 1.00
A, 891417, 450885, 1380386, 1214262, 402994, 201666, 597637, 161085, 38.3, 45.1, 0.99
A, 890745, 450743, 1379377, 1213361, 402978, 201584, 597438, 160940, 38.3, 45.1, 1.00
A, 890130, 450511, 1378556, 1212809, 402705, 201456, 597216, 160855, 38.3, 45.1, 1.00
A, 889849, 450359, 1377784, 1212077, 402619, 201264, 597082, 160724, 38.3, 45.2, 1.01
A, 889554, 450175, 1377552, 1211682, 402414, 201259, 596872, 160631, 38.3, 45.2, 1.00
A, 889603, 450081, 1377834, 1211850, 402373, 201248, 596859, 160728, 38.3, 45.2, 1.00
A, 889440, 449957, 1377420, 1211421, 402240, 201137, 596641, 160612, 38.3, 45.2, 1.00
A, 889341, 449863, 1377184, 1211332, 402175, 201133, 596623, 160656, 38.3, 45.2, 1.00
A, 889428, 449824, 1377434, 1211161, 402178, 201160, 596543, 160611, 38.3, 45.2, 1.00
A, 888996, 449610, 1376454, 1210225, 402024, 200998, 596322, 160546, 38.3, 45.2, 1.00
A, 888829, 449486, 1376462, 1210027, 401910, 200895, 596198, 160507, 38.3, 45.2, 0.99
A, 888645, 449432, 1376319, 1210257, 401888, 200920, 596077, 160515, 38.3, 45.2, 1.00
A, 888964, 449403, 1376795, 1210484, 401921, 200931, 596036, 160505, 38.3, 45.2, 1.00
A, 888708, 449263, 1376204, 1209883, 401704, 200891, 595990, 160501, 38.3, 45.2, 0.99
A, 889141, 449304, 1376887, 1210480, 401779, 200932, 595971, 160545, 38.3, 45.2, 1.00
A, 889113, 449305, 1376723, 1210306, 401816, 200786, 595966, 160478, 38.3, 45.2, 1.00
A, 890993, 449509, 1379741, 1212468, 402035, 201120, 596195, 160903, 38.3, 45.2, 1.00
A, 890983, 449683, 1379615, 1212469, 402056, 201150, 596251, 160909, 38.3, 45.2, 1.01
A, 890358, 449521, 1379048, 1211695, 401858, 200992, 596016, 160759, 38.3, 45.2, 1.00
A, 889915, 449437, 1378568, 1211293, 401772, 201024, 595868, 160709, 38.3, 45.2, 1.01
A, 889587, 449320, 1377985, 1210452, 401609, 200866, 595752, 160494, 38.3, 45.2, 1.00
A, 889029, 449109, 1377123, 1209924, 401497, 200818, 595553, 160412, 38.3, 45.2, 1.00
A, 888732, 449155, 1376408, 1209332, 401364, 200688, 595380, 160347, 38.3, 45.2, 1.00
A, 888408, 448925, 1376055, 1209094, 401251, 200724, 595278, 160416, 38.3, 45.2, 1.01
A, 888520, 448978, 1376505, 1209339, 401289, 200705, 595224, 160429, 38.3, 45.2, 1.00
A, 888591, 448882, 1376575, 1209347, 401219, 200703, 595211, 160427, 38.3, 45.2, 1.00
A, 888474, 448855, 1376439, 1208914, 401149, 200654, 595163, 160344, 38.3, 45.2, 1.00
A, 888360, 448698, 1376185, 1208553, 401084, 200487, 594934, 160313, 38.3, 45.3, 1.00
A, 888153, 448734, 1375786, 1208598, 400998, 200520, 594906, 160292, 38.3, 45.3, 1.00
A, 888194, 448663, 1375935, 1208772, 400972, 200508, 594932, 160296, 38.3, 45.2, 1.00
A, 888141, 448604, 1375650, 1208447, 400963, 200473, 594782, 160342, 38.3, 45.2, 0.99
A, 888478, 448649, 1376310, 1208617, 400960, 200523, 594787, 160409, 38.3, 45.3, 0.99
A, 888378, 448640, 1376204, 1208698, 400938, 200486, 594798, 160288, 38.3, 45.3, 1.00
A, 888264, 448541, 1375783, 1208322, 400821, 200391, 594616, 160206, 38.3, 45.3, 1.00
A, 888218, 448464, 1375663, 1208366, 400738, 200379, 594525, 160209, 38.3, 45.3, 0.99
A, 887994, 448433, 1375645, 1208185, 400740, 200397, 594534, 160241, 38.3, 45.3, 1.00
A, 889767, 448647, 1378600, 1210364, 400997, 200766, 594834, 160642, 38.3, 45.3, 1.00
A, 889898, 448892, 1378652, 1210353, 401084, 200801, 594873, 160632, 38.3, 45.3, 1.00
A, 889516, 448749, 1378216, 1209847, 400971, 200680, 594712, 160433, 38.3, 45.3, 0.99
A, 888947, 448654, 1377597, 1209209, 400821, 200564, 594514, 160355, 38.3, 45.3, 1.00
A, 888897, 448591, 1377382, 1209021, 400757, 200564, 594419, 160302, 38.3, 45.3, 1.00
A, 888224, 448493, 1376374, 1207946, 400584, 200359, 594244, 160141, 38.3, 45.3, 1.00
A, 887702, 448336, 1375626, 1207337, 400458, 200263, 594022, 160104, 38.3, 45.3, 1.00
A, 887154, 448275, 1374833, 1206679, 400401, 200182, 593864, 160037, 38.3, 45.3, 1.00
A, 886908, 447998, 1374322, 1206658, 400196, 200093, 593697, 159946, 38.3, 45.3, 1.00
A, 887043, 447978, 1374734, 1206734, 400114, 200165, 593747, 160060, 38.3, 45.3, 1.00
A, 886946, 447932, 1374591, 1206599, 400133, 200012, 593663, 160013, 38.3, 45.3, 1.00
A, 887030, 447935, 1374104, 1206221, 400066, 199957, 593585, 159876, 38.3, 45.3, 1.00
A, 886441, 447716, 1373823, 1205786, 399990, 199944, 593453, 159907, 38.3, 45.3, 1.00
A, 886691, 447771, 1374197, 1206168, 399990, 199954, 593484, 159925, 38.3, 45.3, 1.01
A, 886605, 447779, 1373812, 1205975, 399967, 199910, 593416, 159893, 38.3, 45.3, 1.00
A, 886439, 447624, 1373345, 1205713, 399851, 199851, 593370, 159915, 38.3, 45.3, 1.01
A, 886688, 447614, 1373829, 1205974, 399936, 199873, 593365, 159951, 38.3, 45.3, 0.99
A, 886623, 447623, 1373327, 1205401, 399797, 199759, 593213, 159892, 38.3, 45.3, 1.00
A, 886272, 447567, 1372888, 1205009, 399744, 199655, 593122, 159804, 38.3, 45.3, 0.99
A, 886315, 447428, 1373122, 1205479, 399711, 199734, 593121, 159783, 38.3, 45.3, 0.99
A, 888191, 447719, 1376281, 1207871, 400077, 200134, 593483, 160276, 38.3, 45.4, 1.00
A, 888067, 447863, 1375651, 1207237, 400122, 200046, 593412, 160099, 38.3, 45.4, 1.00
A, 887357, 447741, 1375081, 1206577, 399855, 199911, 593246, 160036, 38.3, 45.4, 0.99
A, 887392, 447726, 1374907, 1206406, 399869, 199844, 593138, 159948, 38.3, 45.4, 0.99
A, 886824, 447636, 1374073, 1205803, 399700, 199788, 592993, 159892, 38.3, 45.4, 1.00
A, 886791, 447487, 1373983, 1205853, 399619, 199745, 592911, 159836, 38.3, 45.4, 1.00
A, 885996, 447469, 1372724, 1204869, 399518, 199656, 592747, 159773, 38.3, 45.4, 1.01
A, 885790, 447286, 1372496, 1204778, 399434, 199619, 592696, 159699, 38.3, 45.4, 1.00
A, 885553, 447276, 1371699, 1204279, 399399, 199447, 592637, 159627, 38.3, 45.4, 1.02
A, 885515, 447144, 1371773, 1204168, 399286, 199433, 592533, 159586, 38.3, 45.4, 1.00
A, 885598, 447052, 1372013, 1204396, 399326, 199474, 592575, 159717, 38.3, 45.4, 0.99
A, 885690, 447030, 1371846, 1204318, 399246, 199387, 592459, 159643, 38.3, 45.4, 1.00
A, 885626, 447039, 1371558, 1204350, 399271, 199348, 592388, 159697, 38.3, 45.4, 1.00
A, 885918, 447010, 1372203, 1204586, 399289, 199424, 592473, 159681, 38.3, 45.4, 1.00
A, 885998, 447024, 1372140, 1204374, 399301, 199421, 592429, 159740, 38.3, 45.4, 1.00
A, 885864, 446964, 1372126, 1204267, 399145, 199298, 592365, 159649, 38.3, 45.4, 1.00
A, 885604, 446988, 1371729, 1204242, 399109, 199271, 592324, 159652, 38.3, 45.4, 1.00
A, 885876, 447004, 1372123, 1204508, 399209, 199359, 592311, 159631, 38.3, 45.4, 1.00
A, 885719, 446896, 1371807, 1204307, 399121, 199293, 592266, 159698, 38.3, 45.4, 1.01
A, 886046, 446937, 1372318, 1204627, 399121, 199327, 592263, 159641, 38.3, 45.4, 1.00
A, 888119, 447256, 1375783, 1207323, 399541, 199737, 592719, 160105, 38.3, 45.4, 1.00
A, 887703, 447424, 1374895, 1206510, 399474, 199645, 592548, 159915, 38.3, 45.4, 1.01
A, 887047, 447381, 1373861, 1205966, 399344, 199611, 592417, 159893, 38.3, 45.4, 1.00
A, 886968, 447342, 1373955, 1205732, 399299, 199548, 592337, 159861, 38.3, 45.4, 1.02
A, 886778, 447222, 1373270, 1204900, 399198, 199477, 592249, 159772, 38.3, 45.4, 1.00
A, 885644, 446984, 1371982, 1203893, 398969, 199254, 591968, 159495, 38.3, 45.4, 1.02
A, 885504, 446920, 1371785, 1204013, 398908, 199263, 591981, 159548, 38.3, 45.4, 1.00
A, 884467, 446750, 1370069, 1202709, 398783, 199031, 591709, 159393, 38.3, 45.4, 1.02
A, 884494, 446629, 1370038, 1202641, 398630, 198971, 591621, 159454, 38.3, 45.4, 1.00
A, 884297, 446636, 1369679, 1202386, 398692, 199013, 591679, 159384, 38.3, 45.4, 1.02
A, 884177, 446433, 1369501, 1202305, 398555, 198896, 591485, 159289, 38.3, 45.4, 1.00
A, 884598, 446462, 1369893, 1202641, 398613, 198899, 591574, 159407, 38.3, 45.4, 0.99
A, 884589, 446462, 1369963, 1202800, 398597, 198861, 591527, 159353, 38.3, 45.4, 1.00
A, 884546, 446374, 1369839, 1202664, 398540, 198865, 591488, 159427, 38.3, 45.4, 1.00
A, 884801, 446378, 1370245, 1203018, 398606, 198916, 591551, 159482, 38.3, 45.4, 0.99
A, 885055, 446432, 1370090, 1203053, 398606, 198890, 591587, 159395, 38.3, 45.4, 1.00
A, 884836, 446409, 1369962, 1202704, 398538, 198782, 591468, 159338, 38.3, 45.4, 1.00
A, 884600, 446306, 1369659, 1202704, 398534, 198740, 591455, 159417, 38.3, 45.4, 1.00
A, 885065, 446320, 1369955, 1203041, 398578, 198869, 591478, 159455, 38.3, 45.4, 1.00
A, 884980, 446371, 1369974, 1203045, 398563, 198884, 591434, 159500, 38.3, 45.4, 1.00
A, 887124, 446736, 1373680, 1205849, 398907, 199227, 591813, 159964, 38.3, 45.4, 1.00
A, 886948, 446830, 1373328, 1205153, 398947, 199156, 591788, 159748, 38.3, 45.4, 1.00
A, 886287, 446805, 1372415, 1204587, 398777, 198986, 591628, 159607, 38.3, 45.4, 0.99
A, 885900, 446642, 1371662, 1204172, 398705, 199050, 591501, 159580, 38.3, 45.4, 1.01
A, 885526, 446598, 1371227, 1203844, 398622, 198970, 591434, 159557, 38.3, 45.4, 1.00
A, 885405, 446520, 1370465, 1203228, 398554, 198808, 591358, 159398, 38.3, 45.4, 1.00
A, 884963, 446411, 1370155, 1202722, 398430, 198781, 591195, 159348, 38.3, 45.4, 1.00
A, 884614, 446260, 1369736, 1202649, 398360, 198677, 591117, 159343, 38.3, 45.4, 1.00
A, 884482, 446316, 1369346, 1202246, 398373, 198707, 591104, 159274, 38.3, 45.5, 1.00
A, 884316, 446171, 1368867, 1202147, 398320, 198681, 591022, 159310, 38.3, 45.5, 1.00
A, 884070, 446221, 1368427, 1201646, 398204, 198559, 590986, 159254, 38.2, 45.5, 1.00
A, 883819, 446015, 1368063, 1201266, 398180, 198482, 590822, 159115, 38.2, 45.5, 1.00
A, 883876, 446012, 1368381, 1201752, 398150, 198511, 590832, 159136, 38.2, 45.5, 1.01
A, 883945, 445983, 1368209, 1201659, 398159, 198403, 590803, 159203, 38.3, 45.5, 1.00
A, 883869, 445897, 1368017, 1201524, 398062, 198428, 590808, 159173, 38.3, 45.5, 1.00
A, 884297, 445981, 1368450, 1201927, 398113, 198491, 590917, 159314, 38.3, 45.5, 1.00
A, 884336, 445964, 1368422, 1201841, 398168, 198448, 590837, 159237, 38.3, 45.5, 0.99
A, 884155, 445961, 1368110, 1201625, 398165, 198412, 590823, 159141, 38.3, 45.5, 1.01
A, 884027, 445841, 1368069, 1201635, 398062, 198394, 590752, 159200, 38.3, 45.5, 1.00
A, 884395, 445901, 1368289, 1202080, 398131, 198367, 590771, 159191, 38.3, 45.5, 0.99
A, 886144, 446185, 1371321, 1204332, 398441, 198824, 591093, 159673, 38.3, 45.5, 1.00
A, 886183, 446447, 1371407, 1204231, 398494, 198732, 591177, 159611, 38.3, 45.5, 1.01
A, 885560, 446324, 1370460, 1203315, 398356, 198621, 591025, 159420, 38.3, 45.5, 1.00
A, 885059, 446249, 1369452, 1202565, 398191, 198506, 590868, 159241, 38.3, 45.5, 1.00
A, 884764, 446127, 1369128, 1202542, 398117, 198539, 590792, 159281, 38.3, 45.5, 1.00
A, 884547, 446057, 1368800, 1202257, 398132, 198447, 590758, 159221, 38.3, 45.5, 1.00
A, 884448, 445983, 1368585, 1202170, 398031, 198404, 590713, 159226, 38.3, 45.5, 1.00
A, 884464, 446047, 1368629, 1202014, 398031, 198361, 590716, 159225, 38.2, 45.5, 1.00
A, 884160, 445957, 1368344, 1201723, 397990, 198301, 590599, 159115, 38.2, 45.5, 1.01
A, 883873, 445880, 1367719, 1201365, 397922, 198251, 590547, 159083, 38.3, 45.5, 1.00
A, 883680, 445825, 1367468, 1201366, 397840, 198290, 590491, 159104, 38.3, 45.5, 1.01
A, 883567, 445827, 1366948, 1200919, 397799, 198123, 590450, 159051, 38.3, 45.5, 1.00
A, 882990, 445630, 1365911, 1200032, 397672, 197950, 590219, 158905, 38.3, 45.5, 1.00
A, 883136, 445568, 1366377, 1200685, 397639, 198017, 590241, 158994, 38.3, 45.5, 1.00
A, 883209, 445543, 1366283, 1200566, 397646, 197940, 590201, 158957, 38.3, 45.5, 1.00
A, 883308, 445481, 1366337, 1200679, 397593, 197978, 590204, 158954, 38.3, 45.5, 1.01
A, 883471, 445562, 1366216, 1200797, 397634, 198031, 590252, 158998, 38.3, 45.5, 0.99
A, 883659, 445533, 1366269, 1200690, 397693, 197972, 590254, 159018, 38.3, 45.5, 1.00
A, 883595, 445545, 1366080, 1200273, 397654, 197863, 590225, 158951, 38.3, 45.5, 1.00
A, 883315, 445382, 1365898, 1200616, 397621, 197943, 590146, 159022, 38.3, 45.5, 0.99
A, 885628, 445817, 1369677, 1203507, 397969, 198384, 590587, 159497, 38.3, 45.5, 0.99
A, 885486, 445952, 1369053, 1203000, 398016, 198323, 590540, 159385, 38.3, 45.5, 1.00
A, 885303, 445932, 1368991, 1202877, 397983, 198301, 590537, 159389, 38.2, 45.5, 1.00
A, 884963, 445904, 1368568, 1202415, 397997, 198273, 590398, 159258, 38.2, 45.5, 1.01
A, 884515, 445873, 1367983, 1201914, 397828, 198158, 590360, 159178, 38.2, 45.5, 1.00
A, 884518, 445868, 1367951, 1201993, 397834, 198125, 590305, 159191, 38.2, 45.5, 0.99
A, 884155, 445746, 1367211, 1201812, 397829, 198068, 590270, 159125, 38.3, 45.5, 1.00
A, 883950, 445771, 1367055, 1201451, 397698, 198067, 590186, 159150, 38.3, 45.5, 1.00
A, 884181, 445755, 1367041, 1201293, 397712, 197963, 590187, 159118, 38.3, 45.5, 1.00
A, 883864, 445637, 1366895, 1201182, 397649, 197912, 590101, 159002, 38.3, 45.5, 1.00
A, 883301, 445626, 1366052, 1200561, 397656, 197895, 590143, 158991, 38.3, 45.5, 1.00
A, 883246, 445492, 1365768, 1200550, 397456, 197964, 589919, 158987, 38.3, 45.5, 1.00
A, 883390, 445571, 1365793, 1200834, 397514, 197824, 589949, 159031, 38.3, 45.5, 1.00
A, 883555, 445593, 1366212, 1200776, 397514, 197877, 589957, 159070, 38.2, 45.5, 1.01
A, 883669, 445508, 1366072, 1200683, 397537, 197848, 589974, 158979, 38.2, 45.5, 1.00
A, 883404, 445482, 1365590, 1200346, 397482, 197740, 589844, 158995, 38.3, 45.5, 1.00
A, 883183, 445396, 1365428, 1200369, 397430, 197702, 589802, 158899, 38.3, 45.5, 0.99
A, 883431, 445393, 1365712, 1200649, 397482, 197762, 589873, 159020, 38.3, 45.5, 0.99
A, 883375, 445441, 1365441, 1200562, 397439, 197754, 589869, 159034, 38.3, 45.5, 1.01
A, 883614, 445482, 1365936, 1200814, 397486, 197802, 589896, 159089, 38.3, 45.5, 1.00
A, 885717, 445857, 1369547, 1203559, 397848, 198208, 590325, 159470, 38.3, 45.5, 1.00
A, 885326, 445916, 1368778, 1202816, 397889, 198088, 590251, 159325, 38.2, 45.5, 1.01
A, 885123, 445931, 1368454, 1202588, 397774, 198092, 590162, 159271, 38.2, 45.5, 1.00
A, 884692, 445808, 1367671, 1202288, 397643, 197980, 590003, 159193, 38.2, 45.5, 1.00
A, 884471, 445725, 1367679, 1202073, 397609, 197982, 590076, 159177, 38.2, 45.5, 1.00
A, 884310, 445741, 1367096, 1201352, 397586, 197904, 589985, 159073, 38.3, 45.5, 1.01
A, 883749, 445678, 1366640, 1201203, 397450, 197881, 589828, 159042, 38.3, 45.5, 1.01
A, 883679, 445596, 1366447, 1201112, 397469, 197883, 589815, 159021, 38.3, 45.5, 1.00
A, 883491, 445534, 1365914, 1200790, 397359, 197779, 589775, 159029, 38.3, 45.5, 0.99
A, 883302, 445514, 1365482, 1200424, 397398, 197704, 589674, 158925, 38.3, 45.5, 1.02
A, 882984, 445444, 1365167, 1199954, 397283, 197663, 589560, 158859, 38.3, 45.5, 1.00
A, 882616, 445359, 1364331, 1199426, 397253, 197571, 589565, 158817, 38.3, 45.5, 0.99
A, 882457, 445158, 1364280, 1199493, 397098, 197532, 589406, 158813, 38.3, 45.5, 1.01
A, 882715, 445249, 1364688, 1199848, 397209, 197627, 589531, 158933, 38.3, 45.5, 1.00
A, 882699, 445223, 1364559, 1199833, 397170, 197594, 589470, 158889, 38.2, 45.5, 1.00
A, 882937, 445284, 1364543, 1199581, 397256, 197482, 589454, 158877, 38.2, 45.5, 0.99
A, 882705, 445151, 1363874, 1199391, 397185, 197426, 589402, 158798, 38.3, 45.5, 1.00
A, 882456, 445070, 1363949, 1199478, 397094, 197450, 589385, 158776, 38.3, 45.5, 1.00
A, 882501, 445071, 1364028, 1199722, 397068, 197472, 589448, 158862, 38.3, 45.5, 1.00
A, 882649, 445123, 1363999, 1199520, 397115, 197446, 589331, 158888, 38.3, 45.5, 1.00
A, 884761, 445380, 1367288, 1202436, 397497, 197905, 589873, 159345, 38.3, 45.5, 1.01
A, 884619, 445588, 1366840, 1201620, 397559, 197771, 589884, 159147, 38.3, 45.5, 1.00
A, 883756, 445461, 1365376, 1200520, 397354, 197608, 589593, 158991, 38.3, 45.5, 1.00
A, 883286, 445300, 1364963, 1200462, 397226, 197543, 589482, 158900, 38.3, 45.5, 1.00
A, 883309, 445246, 1364922, 1200403, 397208, 197508, 589449, 158865, 38.3, 45.5, 1.00
A, 883119, 445158, 1364423, 1200059, 397136, 197450, 589424, 158939, 38.3, 45.5, 0.99
A, 883370, 445296, 1364806, 1200385, 397218, 197540, 589507, 158982, 38.3, 45.6, 1.01
A, 883243, 445258, 1364701, 1200175, 397213, 197531, 589368, 158917, 38.3, 45.6, 1.00
A, 882941, 445160, 1364278, 1199820, 397160, 197431, 589342, 158792, 38.3, 45.5, 0.99
A, 882817, 445087, 1364042, 1199737, 397016, 197399, 589314, 158847, 38.3, 45.5, 1.00
A, 882719, 445123, 1363729, 1199581, 397040, 197316, 589314, 158791, 38.3, 45.5, 1.00
A, 882442, 445025, 1363355, 1199474, 397008, 197376, 589140, 158786, 38.3, 45.5, 1.00
A, 882386, 445096, 1363179, 1199228, 397019, 197216, 589229, 158739, 38.3, 45.6, 1.00
A, 882372, 444915, 1362949, 1199127, 396891, 197225, 589091, 158759, 38.3, 45.6, 1.00
A, 882407, 445033, 1363083, 1199319, 396932, 197304, 589143, 158848, 38.3, 45.6, 0.99
A, 882429, 444918, 1363133, 1199360, 396914, 197257, 589124, 158785, 38.3, 45.6, 1.01
A, 882603, 444917, 1363099, 1199403, 396911, 197260, 589163, 158883, 38.3, 45.6, 1.00
A, 882917, 445040, 1363294, 1199911, 396973, 197313, 589239, 158907, 38.3, 45.6, 1.00
A, 882993, 445025, 1363516, 1199754, 397013, 197246, 589284, 158825, 38.3, 45.6, 1.01
A, 882787, 444988, 1363164, 1199461, 396967, 197236, 589153, 158782, 38.3, 45.6, 1.00
A, 884532, 445263, 1366131, 1201898, 397230, 197594, 589532, 159230, 38.3, 45.6, 1.00
A, 884584, 445520, 1366011, 1201791, 397294, 197610, 589600, 159177, 38.3, 45.6, 1.01
A, 884143, 445448, 1365212, 1200956, 397233, 197445, 589454, 158998, 38.3, 45.6, 1.01
A, 883661, 445322, 1364234, 1200510, 397080, 197337, 589309, 158904, 38.3, 45.6, 0.99
A, 883421, 445322, 1364365, 1200498, 397102, 197350, 589302, 158921, 38.3, 45.6, 1.01
A, 883132, 445230, 1363817, 1200216, 397055, 197317, 589171, 158822, 38.3, 45.6, 1.00
A, 883195, 445190, 1363885, 1200147, 396994, 197290, 589183, 158810, 38.3, 45.6, 1.00
A, 882731, 445124, 1362979, 1199692, 396928, 197248, 589078, 158835, 38.3, 45.6, 0.99
A, 882796, 445056, 1362892, 1199375, 396913, 197220, 589098, 158790, 38.3, 45.6, 1.01
A, 882499, 444964, 1362571, 1198961, 396890, 197104, 589022, 158719, 38.3, 45.6, 1.00
A, 882311, 444928, 1362304, 1199123, 396832, 197133, 588972, 158737, 38.3, 45.6, 1.00
A, 882092, 444974, 1361875, 1198745, 396840, 196985, 588934, 158643, 38.3, 45.6, 1.00
A, 882068, 444820, 1361527, 1198704, 396772, 197052, 588842, 158706, 38.3, 45.6, 1.00
A, 881934, 444887, 1361389, 1198597, 396782, 196968, 588937, 158730, 38.3, 45.6, 1.00
A, 881909, 444767, 1361269, 1198418, 396684, 196911, 588832, 158690, 38.3, 45.6, 1.00
A, 882114, 444788, 1361551, 1198738, 396759, 197004, 588892, 158666, 38.3, 45.6, 1.00
A, 882238, 444777, 1361593, 1198744, 396740, 196892, 588850, 158691, 38.3, 45.6, 0.99
A, 882158, 444752, 1361466, 1198911, 396657, 196975, 588864, 158760, 38.3, 45.6, 1.00
A, 882471, 444806, 1362064, 1199366, 396768, 197025, 588986, 158820, 38.3, 45.6, 1.00
A, 882604, 444755, 1361837, 1199122, 396771, 196908, 588933, 158704, 38.3, 45.6, 1.00
A, 884374, 445061, 1364793, 1201379, 397075, 197255, 589308, 159057, 38.3, 45.6, 0.99
A, 884162, 445232, 1364626, 1201324, 397111, 197296, 589359, 159012, 38.3, 45.6, 1.01
A, 883918, 445227, 1364012, 1200946, 397089, 197230, 589241, 158996, 38.3, 45.6, 1.00
A, 883953, 445224, 1364120, 1200960, 397032, 197334, 589219, 159068, 38.3, 45.6, 0.99
A, 883662, 445190, 1363783, 1200619, 396994, 197207, 589140, 158914, 38.3, 45.6, 1.01
A, 883468, 445235, 1363325, 1200258, 396949, 197169, 589102, 158837, 38.3, 45.6, 0.99
A, 883031, 445032, 1362822, 1199821, 396889, 197041, 589013, 158804, 38.3, 45.6, 1.00
A, 883021, 445001, 1362872, 1199916, 396866, 197082, 589003, 158761, 38.3, 45.6, 1.00
A, 882738, 444989, 1362485, 1199753, 396820, 197125, 588976, 158833, 38.3, 45.6, 1.00
A, 882655, 444955, 1362060, 1199184, 396797, 196952, 588901, 158751, 38.3, 45.6, 0.99
A, 882393, 444841, 1361298, 1198797, 396715, 196865, 588784, 158637, 38.3, 45.6, 1.00
A, 882028, 444818, 1361195, 1198847, 396600, 196872, 588683, 158640, 38.3, 45.6, 1.00
A, 881936, 444706, 1360740, 1198184, 396670, 196794, 588705, 158575, 38.3, 45.6, 0.99
A, 881752, 444611, 1360604, 1198432, 396550, 196781, 588590, 158616, 38.3, 45.6, 1.01
A, 881383, 444617, 1360073, 1197964, 396541, 196710, 588627, 158532, 38.3, 45.6, 1.00
A, 881586, 444536, 1359844, 1197850, 396521, 196691, 588536, 158581, 38.3, 45.6, 1.00
A, 881703, 444589, 1360193, 1198380, 396553, 196727, 588617, 158581, 38.3, 45.6, 1.01
A, 881834, 444552, 1360388, 1198489, 396614, 196713, 588693, 158577, 38.3, 45.6, 1.00
A, 881779, 444542, 1360198, 1198444, 396534, 196710, 588625, 158664, 38.3, 45.6, 0.99
A, 881962, 444586, 1360254, 1198650, 396656, 196732, 588724, 158725, 38.3, 45.6, 1.00
A, 884431, 444979, 1364153, 1201355, 396997, 197186, 589185, 159119, 38.3, 45.6, 1.00
A, 883898, 445055, 1363349, 1200719, 396968, 197043, 589045, 158938, 38.3, 45.6, 1.00
A, 883404, 444943, 1362554, 1200018, 396822, 196948, 588903, 158929, 38.3, 45.6, 1.00
A, 882936, 444887, 1362084, 1199830, 396797, 196952, 588902, 158820, 38.3, 45.6, 1.00
A, 882875, 444903, 1361831, 1199758, 396745, 196949, 588779, 158784, 38.3, 45.6, 1.00
A, 882626, 444797, 1361460, 1199564, 396695, 196919, 588805, 158788, 38.3, 45.6, 1.01
A, 882988, 444883, 1361695, 1199725, 396736, 196854, 588837, 158729, 38.3, 45.6, 1.00
A, 882651, 444796, 1361453, 1199243, 396641, 196782, 588733, 158676, 38.3, 45.6, 1.00
A, 882460, 444746, 1361259, 1199315, 396653, 196843, 588761, 158649, 38.3, 45.6, 0.99
A, 882407, 444752, 1361010, 1199178, 396612, 196737, 588673, 158720, 38.3, 45.6, 1.02
A, 882278, 444722, 1360501, 1198994, 396608, 196818, 588659, 158736, 38.3, 45.6, 1.01
A, 882619, 444795, 1361155, 1199154, 396714, 196827, 588750, 158699, 38.3, 45.6, 1.00
A, 882084, 444684, 1360149, 1198448, 396508, 196656, 588623, 158581, 38.3, 45.6, 0.99
A, 881782, 444685, 1359799, 1198264, 396530, 196562, 588604, 158539, 38.3, 45.6, 1.00
A, 881698, 444535, 1359613, 1198274, 396492, 196656, 588631, 158600, 38.3, 45.6, 1.00
A, 881388, 444496, 1359156, 1197748, 396544, 196569, 588576, 158600, 38.3, 45.6, 1.00
A, 881442, 444413, 1358642, 1197624, 396357, 196450, 588473, 158445, 38.3, 45.6, 1.00
A, 881590, 444384, 1359305, 1198219, 396442, 196539, 588477, 158592, 38.3, 45.6, 0.99
A, 881624, 444499, 1359216, 1198132, 396437, 196505, 588543, 158561, 38.3, 45.6, 0.99
A, 881662, 444406, 1359222, 1198075, 396420, 196619, 588535, 158639, 38.3, 45.6, 1.00
A, 884119, 444802, 1363074, 1201177, 396821, 196993, 588979, 159094, 38.3, 45.6, 1.00
A, 883780, 445018, 1362368, 1200515, 396900, 196900, 588978, 158909, 38.3, 45.6, 1.00
A, 883262, 444888, 1361333, 1199782, 396756, 196757, 588785, 158830, 38.3, 45.6, 1.00
A, 882922, 444845, 1360853, 1199691, 396690, 196747, 588777, 158704, 38.3, 45.6, 0.99
A, 882849, 444809, 1361043, 1199681, 396692, 196710, 588708, 158690, 38.3, 45.6, 1.01
A, 882349, 444742, 1360459, 1199171, 396606, 196682, 588724, 158726, 38.3, 45.6, 0.99
A, 882694, 444754, 1360584, 1199358, 396628, 196802, 588717, 158812, 38.3, 45.6, 1.00
A, 882557, 444819, 1360393, 1199059, 396576, 196709, 588660, 158690, 38.3, 45.6, 1.00
A, 882249, 444678, 1359896, 1198611, 396488, 196613, 588566, 158671, 38.3, 45.6, 1.00
A, 882217, 444640, 1360000, 1198761, 396515, 196619, 588542, 158627, 38.3, 45.6, 1.01
A, 882130, 444621, 1359751, 1198831, 396495, 196604, 588588, 158639, 38.3, 45.6, 1.00
A, 881935, 444573, 1359504, 1198640, 396416, 196559, 588482, 158705, 38.3, 45.6, 1.01
A, 882020, 444623, 1359014, 1198220, 396468, 196526, 588481, 158638, 38.3, 45.6, 0.99
A, 881871, 444485, 1358913, 1198306, 396402, 196451, 588412, 158526, 38.3, 45.6, 1.00
A, 881486, 444526, 1358542, 1197917, 396434, 196430, 588368, 158525, 38.3, 45.6, 1.00
A, 881376, 444402, 1358413, 1198007, 396306, 196441, 588286, 158595, 38.3, 45.6, 1.00
A, 881821, 444400, 1358918, 1198383, 396364, 196417, 588424, 158594, 38.3, 45.6, 1.00
A, 881928, 444435, 1358870, 1198475, 396392, 196448, 588447, 158653, 38.3, 45.6, 1.01
A, 881929, 444454, 1358984, 1198384, 396384, 196383, 588491, 158623, 38.3, 45.6, 1.00
A, 881912, 444437, 1358527, 1198128, 396416, 196388, 588418, 158554, 38.3, 45.6, 1.00
M, 879652, 444174, 1353804, 1193887, 396044, 195565, 587851, 157612, 38.3, 45.6, 0.09
M, 869813, 441987, 1338481, 1182656, 393589, 193729, 584694, 155676, 38.3, 45.6, 0.57
M, 861238, 439071, 1323435, 1171362, 391033, 191693, 581556, 153946, 38.3, 45.6, 0.75
M, 854642, 436675, 1311741, 1163179, 388801, 190019, 579024, 152662, 38.3, 45.6, 0.81
M, 849594, 434602, 1302160, 1156982, 386819, 188788, 576743, 151799, 38.3, 45.6, 0.88
M, 845155, 432492, 1293050, 1151330, 384832, 187459, 574420, 151043, 38.3, 45.3, 0.92
M, 842397, 430838, 1286368, 1147392, 383408, 186491, 572728, 150608, 38.3, 45.3, 0.96
M, 839929, 429268, 1280365, 1144263, 382030, 185505, 571344, 150185, 38.3, 45.1, 0.97
M, 838122, 427874, 1274921, 1141790, 381027, 184697, 570436, 149947, 38.3, 45.1, 0.98
M, 836819, 426682, 1270422, 1139931, 380318, 183985, 569820, 149765, 38.3, 44.9, 0.98
M, 835934, 425670, 1266882, 1139027, 379865, 183392, 569465, 149680, 38.3, 44.9, 0.99
M, 835719, 424841, 1264797, 1138766, 379645, 183064, 569454, 149670, 38.3, 44.8, 1.00
M, 835708, 424204, 1262425, 1138491, 379566, 182679, 569582, 149660, 38.3, 44.8, 0.98
M, 836372, 423628, 1260784, 1138852, 379614, 182225, 569942, 149799, 38.3, 44.7, 0.98
M, 836579, 423014, 1259215, 1139263, 379609, 181994, 570179, 149801, 38.3, 44.7, 1.00
M, 837076, 422620, 1257283, 1139593, 379833, 181631, 570578, 149824, 38.3, 44.6, 1.00
M, 837692, 422270, 1256585, 1140369, 379916, 181524, 570960, 149931, 38.3, 44.6, 1.00
M, 838684, 421935, 1255456, 1141472, 380308, 181279, 571678, 150087, 38.3, 44.6, 1.00
M, 839449, 421687, 1254819, 1142276, 380480, 181061, 571946, 150054, 38.3, 44.6, 1.00
M, 840918, 421596, 1255180, 1144073, 380886, 181056, 572564, 150253, 38.3, 44.6, 1.00
M, 844030, 421836, 1258198, 1148086, 381588, 181396, 573630, 150823, 38.3, 44.5, 1.01
M, 845030, 422024, 1257837, 1149173, 381997, 181376, 574216, 150950, 38.3, 44.5, 1.00
M, 846042, 422086, 1257420, 1150199, 382393, 181295, 574734, 150926, 38.3, 44.5, 1.00
M, 847247, 422071, 1256804, 1151482, 382809, 181174, 575299, 150963, 38.3, 44.5, 1.01
M, 848079, 422008, 1256648, 1152445, 383083, 181140, 575822, 151066, 38.3, 44.5, 0.99
M, 849130, 422167, 1256815, 1154100, 383436, 181160, 576429, 151193, 38.3, 44.5, 1.00
M, 850356, 422303, 1256726, 1155457, 383826, 181172, 577010, 151282, 38.3, 44.5, 1.00
M, 851689, 422527, 1257257, 1157092, 384228, 181190, 577570, 151484, 38.3, 44.5, 1.00
M, 852903, 422797, 1257609, 1158694, 384675, 181321, 578113, 151647, 38.3, 44.5, 0.99
M, 854486, 423053, 1258337, 1160239, 385233, 181258, 578783, 151708, 38.3, 44.5, 1.00
M, 855386, 423234, 1258080, 1161493, 385561, 181278, 579248, 151747, 38.3, 44.5, 0.99
M, 856421, 423468, 1258513, 1163064, 385896, 181339, 579805, 151918, 38.3, 44.5, 0.99
M, 857197, 423696, 1258688, 1164356, 386334, 181405, 580320, 152055, 38.3, 44.4, 1.00
M, 858374, 423975, 1258909, 1165421, 386659, 181496, 580774, 152145, 38.3, 44.4, 1.00
M, 859720, 424461, 1259426, 1167112, 387197, 181536, 581435, 152253, 38.3, 44.4, 1.00
M, 860413, 424590, 1259505, 1168238, 387479, 181494, 581846, 152283, 38.3, 44.4, 0.99
M, 861006, 424940, 1258991, 1168873, 387809, 181521, 582276, 152286, 38.3, 44.4, 1.00
M, 861641, 424970, 1258991, 1170072, 387979, 181534, 582650, 152412, 38.3, 44.4, 1.00
M, 862850, 425407, 1259986, 1171657, 388434, 181636, 583114, 152581, 38.3, 44.4, 1.00
M, 863815, 425716, 1260451, 1172979, 388798, 181733, 583571, 152695, 38.3, 44.4, 1.00
M, 867184, 426397, 1264663, 1177052, 389558, 182153, 584626, 153165, 38.3, 44.4, 0.99
M, 867680, 426816, 1264382, 1177645, 389880, 182124, 584944, 153089, 38.3, 44.4, 1.00
M, 867873, 427118, 1263977, 1178318, 390087, 182197, 585241, 153141, 38.3, 44.4, 1.00
M, 868781, 427465, 1264465, 1179467, 390435, 182246, 585684, 153217, 38.3, 44.4, 1.00
M, 869187, 427661, 1264292, 1180261, 390678, 182312, 585905, 153279, 38.3, 44.4, 1.01
M, 870011, 427996, 1265130, 1181290, 391010, 182449, 586351, 153404, 38.3, 44.4, 1.00
M, 870112, 428254, 1264654, 1181539, 391171, 182322, 586669, 153288, 38.3, 44.4, 1.00
M, 870323, 428418, 1264404, 1182040, 391363, 182317, 586883, 153229, 38.4, 44.4, 1.00
M, 870417, 428612, 1264009, 1182520, 391522, 182349, 587178, 153317, 38.4, 44.4, 1.00
M, 871090, 428850, 1264329, 1183507, 391763, 182336, 587474, 153377, 38.4, 44.4, 1.01
M, 871977, 429181, 1265054, 1184424, 392137, 182470, 587896, 153514, 38.4, 44.4, 1.00
M, 872592, 429443, 1265445, 1185538, 392386, 182458, 588200, 153546, 38.4, 44.4, 1.00
M, 873123, 429675, 1265905, 1186471, 392704, 182574, 588604, 153612, 38.4, 44.4, 1.00
M, 873603, 429968, 1265935, 1187106, 392885, 182559, 588933, 153701, 38.4, 44.4, 1.01
M, 874021, 430069, 1265882, 1187793, 393024, 182621, 589204, 153757, 38.4, 44.4, 1.00
M, 874586, 430561, 1266415, 1188571, 393381, 182683, 589571, 153767, 38.4, 44.4, 1.00
M, 874911, 430592, 1266483, 1188795, 393555, 182710, 589778, 153776, 38.4, 44.4, 1.00
M, 875123, 430941, 1266431, 1189540, 393742, 182727, 590113, 153758, 38.4, 44.4, 1.00
M, 875336, 431018, 1266695, 1190145, 393903, 182735, 590225, 153825, 38.4, 44.4, 1.00
M, 876205, 431286, 1267279, 1191153, 394154, 182846, 590611, 153965, 38.4, 44.4, 1.00
M, 878361, 431834, 1270485, 1194101, 394678, 183224, 591273, 154391, 38.4, 44.4, 1.00
M, 878757, 432175, 1270622, 1194435, 394983, 183224, 591554, 154313, 38.4, 44.4, 1.00
M, 878579, 432263, 1270416, 1194656, 395039, 183222, 591710, 154346, 38.4, 44.4, 1.00
M, 879261, 432632, 1270994, 1195393, 395276, 183342, 591986, 154423, 38.4, 44.4, 1.00
M, 879293, 432770, 1270891, 1195683, 395460, 183307, 592150, 154341, 38.4, 44.4, 1.00
M, 879487, 432901, 1271132, 1196332, 395655, 183415, 592376, 154406, 38.4, 44.4, 1.00
M, 879439, 433082, 1271009, 1196559, 395745, 183407, 592530, 154460, 38.4, 44.4, 1.00
M, 879905, 433243, 1270811, 1196774, 395837, 183370, 592740, 154378, 38.4, 44.4, 1.00
M, 879694, 433364, 1270730, 1196763, 395987, 183345, 592911, 154332, 38.4, 44.3, 1.00
M, 879868, 433468, 1271112, 1197503, 396140, 183438, 593079, 154411, 38.4, 44.3, 1.00
M, 880068, 433637, 1271211, 1197749, 396253, 183437, 593307, 154507, 38.4, 44.3, 1.00
M, 880593, 433856, 1271577, 1198622, 396501, 183518, 593597, 154563, 38.4, 44.3, 0.99
M, 880901, 433995, 1272176, 1199100, 396681, 183603, 593826, 154628, 38.4, 44.4, 1.00
M, 881264, 434168, 1272410, 1199223, 396818, 183592, 593997, 154635, 38.4, 44.4, 1.00
M, 881224, 434240, 1272354, 1199458, 396928, 183595, 594157, 154610, 38.4, 44.4, 0.99
M, 881360, 434332, 1272471, 1200064, 397111, 183631, 594317, 154632, 38.4, 44.4, 1.00
M, 881692, 434535, 1272497, 1200172, 397226, 183639, 594535, 154673, 38.4, 44.4, 1.00
M, 881697, 434573, 1272777, 1200604, 397318, 183696, 594645, 154824, 38.4, 44.4, 1.00
M, 881855, 434802, 1272899, 1201015, 397577, 183761, 594971, 154733, 38.4, 44.4, 1.00
M, 881998, 434879, 1273130, 1201329, 397592, 183712, 595038, 154760, 38.4, 44.4, 1.00
M, 884372, 435246, 1276726, 1204426, 398063, 184225, 595710, 155224, 38.4, 44.4, 1.00
M, 884597, 435683, 1276869, 1204729, 398309, 184176, 595918, 155206, 38.4, 44.4, 0.99
M, 884373, 435730, 1276561, 1204528, 398365, 184228, 595966, 155200, 38.4, 44.4, 1.00
M, 884266, 435762, 1276622, 1204718, 398404, 184248, 596060, 155210, 38.4, 44.4, 1.00
M, 884393, 435884, 1276660, 1204826, 398548, 184199, 596265, 155157, 38.4, 44.4, 1.01
M, 884275, 435957, 1276512, 1204713, 398598, 184151, 596298, 155114, 38.4, 44.3, 1.00
M, 884348, 436067, 1276791, 1205136, 398728, 184307, 596492, 155212, 38.4, 44.3, 1.00
M, 884520, 436156, 1276885, 1205311, 398834, 184313, 596627, 155188, 38.4, 44.4, 1.01
M, 884576, 436253, 1277029, 1205566, 398947, 184379, 596775, 155248, 38.4, 44.4, 1.00
M, 885045, 436402, 1277779, 1206205, 399102, 184471, 596990, 155365, 38.4, 44.4, 1.00
M, 885186, 436525, 1278126, 1206301, 399243, 184453, 597146, 155328, 38.4, 44.4, 1.00
M, 885207, 436576, 1278126, 1206594, 399336, 184507, 597254, 155294, 38.4, 44.4, 1.00
M, 884924, 436716, 1277842, 1206509, 399385, 184505, 597356, 155309, 38.4, 44.4, 1.00
M, 884979, 436655, 1278075, 1206811, 399451, 184539, 597429, 155417, 38.4, 44.4, 1.00
M, 885299, 436759, 1278036, 1206830, 399595, 184549, 597628, 155309, 38.4, 44.4, 1.00
M, 885354, 436858, 1278339, 1206944, 399685, 184525, 597735, 155370, 38.4, 44.4, 1.00
M, 885134, 436896, 1278335, 1207172, 399708, 184555, 597780, 155414, 38.4, 44.4, 1.00
M, 885361, 437007, 1278508, 1207247, 399865, 184567, 598018, 155394, 38.4, 44.4, 1.00
M, 885328, 436983, 1278539, 1207551, 399856, 184613, 598035, 155399, 38.4, 44.4, 1.00
M, 885485, 437185, 1278620, 1207489, 399995, 184650, 598246, 155432, 38.4, 44.4, 1.00
M, 887105, 437336, 1281376, 1209530, 400339, 184924, 598652, 155785, 38.4, 44.4, 1.00
M, 887374, 437623, 1281865, 1210100, 400541, 185009, 598866, 155771, 38.4, 44.4, 1.00
M, 887180, 437630, 1281726, 1210051, 400564, 185015, 598876, 155747, 38.4, 44.4, 0.99
M, 887108, 437661, 1281472, 1209928, 400566, 185032, 599002, 155771, 38.4, 44.4, 1.00
M, 887466, 437820, 1282215, 1210402, 400766, 185109, 599208, 155867, 38.4, 44.4, 1.00
M, 887425, 437950, 1282504, 1210508, 400830, 185105, 599249, 155783, 38.4, 44.4, 1.00
M, 887017, 437808, 1281937, 1210178, 400818, 185088, 599289, 155747, 38.4, 44.4, 1.00
M, 887318, 437926, 1282467, 1210498, 400957, 185147, 599398, 155836, 38.4, 44.4, 1.00
M, 887150, 437894, 1282129, 1210583, 400937, 185075, 599488, 155794, 38.4, 44.4, 1.00
M, 887423, 438098, 1282801, 1210892, 400997, 185228, 599630, 155944, 38.4, 44.4, 0.99
M, 887340, 438150, 1282951, 1210960, 401144, 185235, 599713, 155878, 38.4, 44.4, 1.00
M, 887612, 438217, 1283539, 1211274, 401257, 185243, 599906, 155915, 38.4, 44.4, 1.01
M, 887480, 438255, 1283348, 1211178, 401255, 185285, 599928, 155869, 38.4, 44.4, 1.00
M, 887827, 438357, 1283727, 1211489, 401381, 185356, 600044, 155970, 38.4, 44.4, 1.00
M, 887735, 438438, 1283851, 1211594, 401490, 185364, 600122, 156011, 38.4, 44.4, 1.00
M, 887815, 438473, 1284069, 1211592, 401555, 185365, 600213, 156006, 38.4, 44.4, 0.99
M, 887617, 438451, 1283812, 1211385, 401552, 185358, 600253, 155978, 38.4, 44.4, 1.00
M, 887505, 438391, 1283961, 1211575, 401576, 185340, 600309, 155974, 38.4, 44.4, 1.01
M, 887555, 438512, 1283997, 1211473, 401673, 185364, 600414, 155921, 38.4, 44.4, 1.00
M, 887336, 438428, 1283806, 1211580, 401612, 185447, 600458, 156022, 38.4, 44.4, 1.00
M, 889918, 439049, 1288007, 1214685, 402275, 185870, 601175, 156516, 38.4, 44.4, 1.01
M, 889831, 439134, 1287706, 1214229, 402320, 185822, 601207, 156351, 38.4, 44.4, 1.00
M, 889592, 439164, 1287790, 1214427, 402277, 185868, 601175, 156347, 38.4, 44.4, 1.00
M, 889225, 439090, 1287364, 1213889, 402289, 185795, 601191, 156223, 38.4, 44.4, 0.99
M, 889056, 439084, 1287321, 1213702, 402255, 185814, 601215, 156299, 38.4, 44.4, 1.00
M, 889217, 439149, 1287396, 1214090, 402342, 185881, 601350, 156356, 38.4, 44.4, 1.00
M, 889086, 439174, 1287337, 1213618, 402368, 185869, 601371, 156276, 38.4, 44.4, 1.00
M, 888868, 439152, 1287274, 1213283, 402391, 185807, 601398, 156262, 38.4, 44.4, 0.99
M, 888858, 439169, 1287588, 1213772, 402447, 185927, 601501, 156299, 38.4, 44.4, 0.99
M, 888755, 439183, 1287638, 1213711, 402468, 185944, 601556, 156209, 38.4, 44.4, 1.00
M, 889026, 439279, 1287990, 1214002, 402626, 186006, 601613, 156355, 38.4, 44.4, 1.01
M, 888836, 439130, 1288071, 1213801, 402539, 185973, 601637, 156408, 38.4, 44.4, 1.00
M, 889100, 439263, 1288543, 1214043, 402733, 186019, 601778, 156321, 38.4, 44.4, 1.00
M, 888828, 439234, 1288307, 1213740, 402585, 185920, 601839, 156287, 38.4, 44.4, 1.00
M, 889071, 439304, 1288848, 1214156, 402772, 186013, 601975, 156325, 38.4, 44.4, 1.01
M, 888995, 439338, 1288671, 1214331, 402779, 186067, 601957, 156366, 38.4, 44.4, 1.00
M, 888937, 439284, 1288919, 1214233, 402841, 186060, 602041, 156474, 38.4, 44.4, 1.00
M, 889348, 439432, 1289333, 1214313, 402931, 186069, 602123, 156446, 38.4, 44.4, 1.00
M, 889121, 439396, 1289437, 1214279, 402879, 186128, 602148, 156417, 38.4, 44.4, 1.00
M, 888938, 439304, 1289120, 1214115, 403016, 186103, 602170, 156336, 38.4, 44.4, 1.01
M, 890422, 439552, 1291694, 1216133, 403181, 186385, 602511, 156768, 38.4, 44.4, 1.00
M, 890649, 439831, 1291937, 1216430, 403328, 186446, 602691, 156766, 38.4, 44.4, 1.00
M, 890406, 439801, 1292094, 1216193, 403415, 186444, 602726, 156725, 38.4, 44.4, 1.00
M, 890130, 439819, 1291568, 1215572, 403352, 186372, 602700, 156603, 38.4, 44.4, 1.01
M, 889865, 439759, 1291331, 1215268, 403441, 186364, 602679, 156602, 38.4, 44.4, 1.00
M, 889681, 439683, 1291413, 1215271, 403380, 186425, 602647, 156543, 38.4, 44.4, 0.99
M, 889738, 439791, 1291815, 1215594, 403473, 186503, 602767, 156627, 38.4, 44.4, 1.00
M, 889812, 439726, 1291640, 1215378, 403484, 186454, 602790, 156648, 38.4, 44.4, 1.00
M, 889995, 439814, 1292318, 1215740, 403612, 186540, 602871, 156730, 38.4, 44.4, 1.00
M, 890003, 439884, 1292629, 1215813, 403607, 186486, 602953, 156719, 38.4, 44.4, 1.01
M, 889661, 439810, 1292362, 1215570, 403611, 186459, 602946, 156625, 38.4, 44.4, 1.00
M, 889822, 439912, 1292717, 1215823, 403645, 186553, 602989, 156749, 38.4, 44.4, 1.01
M, 889816, 439875, 1292485, 1215819, 403710, 186546, 603056, 156689, 38.4, 44.4, 1.00
M, 889702, 439914, 1292884, 1215851, 403657, 186621, 603107, 156770, 38.4, 44.4, 1.01
M, 890197, 439911, 1293314, 1215700, 403809, 186575, 603261, 156696, 38.4, 44.4, 1.00
M, 889934, 439908, 1293329, 1215936, 403848, 186631, 603180, 156713, 38.4, 44.4, 1.00
M, 890120, 439883, 1293851, 1216179, 403877, 186631, 603344, 156816, 38.4, 44.4, 0.99
M, 890006, 439934, 1293564, 1215986, 403883, 186686, 603367, 156796, 38.4, 44.4, 1.00
M, 890018, 440008, 1293644, 1216034, 403978, 186742, 603453, 156793, 38.4, 44.4, 1.00
M, 889872, 439956, 1293722, 1215781, 403917, 186722, 603378, 156748, 38.4, 44.4, 0.99
M, 891929, 440317, 1297018, 1218279, 404320, 187125, 603937, 157257, 38.4, 44.4, 1.00
M, 891637, 440322, 1297026, 1218150, 404387, 187041, 603945, 157113, 38.4, 44.4, 1.00
M, 891459, 440349, 1297030, 1218073, 404408, 187085, 603971, 157138, 38.4, 44.4, 1.00
M, 891207, 440372, 1296874, 1217840, 404343, 187095, 603913, 157062, 38.4, 44.4, 1.01
M, 891064, 440338, 1296740, 1217391, 404304, 186995, 603943, 156948, 38.4, 44.4, 1.00
M, 890614, 440296, 1296038, 1216830, 404268, 186900, 603802, 156944, 38.4, 44.4, 0.99
M, 890091, 440189, 1295927, 1216540, 404227, 186946, 603806, 156877, 38.4, 44.4, 1.00
M, 890179, 440173, 1296125, 1216725, 404254, 186978, 603843, 156885, 38.4, 44.4, 1.00
M, 889935, 440087, 1296044, 1216429, 404235, 186899, 603899, 156849, 38.4, 44.4, 1.00
M, 890316, 440225, 1296322, 1216852, 404354, 187061, 604027, 156935, 38.4, 44.4, 1.00
M, 890353, 440196, 1296481, 1216445, 404346, 187035, 604084, 156939, 38.4, 44.4, 0.99
M, 890099, 440212, 1296291, 1216111, 404331, 186981, 603993, 156888, 38.4, 44.4, 1.00
M, 890122, 440130, 1296747, 1216529, 404428, 187087, 604040, 156952, 38.4, 44.4, 1.00
M, 889955, 440154, 1296811, 1216438, 404354, 187062, 604099, 156953, 38.4, 44.4, 1.00
M, 890255, 440211, 1297117, 1216659, 404445, 187173, 604170, 157038, 38.4, 44.4, 1.00
M, 890203, 440170, 1297235, 1216572, 404475, 187090, 604169, 156961, 38.4, 44.4, 1.00
M, 890180, 440213, 1297485, 1216658, 404539, 187141, 604235, 156988, 38.4, 44.4, 1.00
M, 889912, 440052, 1297363, 1216349, 404544, 187059, 604225, 156873, 38.4, 44.4, 1.00
M, 890136, 440107, 1297773, 1216552, 404547, 187162, 604326, 157078, 38.4, 44.4, 1.00
M, 889921, 440082, 1297366, 1216217, 404613, 187034, 604395, 156970, 38.4, 44.4, 1.00
M, 891329, 440194, 1299814, 1218331, 404768, 187415, 604635, 157349, 38.4, 44.4, 1.00
M, 891073, 440421, 1299703, 1217814, 404951, 187302, 604724, 157155, 38.4, 44.4, 1.00
M, 890795, 440360, 1299493, 1217506, 404770, 187368, 604609, 157088, 38.4, 44.4, 1.00
M, 890535, 440412, 1299420, 1217519, 404831, 187382, 604648, 157181, 38.4, 44.4, 1.00
M, 890477, 440333, 1299400, 1217326, 404802, 187389, 604648, 157137, 38.4, 44.4, 1.00
M, 890517, 440320, 1299486, 1217305, 404835, 187365, 604665, 157123, 38.4, 44.4, 0.99
M, 890810, 440357, 1299844, 1217751, 404891, 187405, 604720, 157174, 38.4, 44.4, 1.01
M, 890812, 440384, 1299980, 1217296, 404937, 187387, 604817, 157192, 38.4, 44.4, 1.00
M, 890461, 440275, 1299836, 1216881, 404865, 187347, 604782, 157096, 38.4, 44.4, 1.00
M, 890261, 440191, 1299542, 1216904, 404825, 187376, 604751, 157127, 38.4, 44.4, 1.00
M, 890326, 440188, 1300069, 1217172, 404911, 187434, 604781, 157186, 38.4, 44.4, 1.00
M, 890346, 440250, 1300079, 1216881, 404929, 187375, 604808, 157152, 38.4, 44.4, 1.01
M, 890118, 440111, 1299479, 1216515, 404824, 187328, 604807, 157102, 38.4, 44.4, 0.99
M, 890188, 440217, 1300123, 1216915, 404916, 187333, 604851, 157097, 38.4, 44.4, 1.00
M, 890066, 440180, 1300171, 1216839, 404911, 187433, 604920, 157086, 38.4, 44.4, 1.00
M, 889970, 440089, 1300105, 1216680, 404861, 187381, 604945, 157163, 38.4, 44.4, 1.00
M, 890284, 440156, 1300571, 1217121, 404998, 187421, 605030, 157228, 38.4, 44.4, 0.98
M, 890465, 440244, 1300741, 1216851, 405010, 187434, 605023, 157236, 38.4, 44.4, 1.00
M, 889739, 440159, 1300041, 1216081, 404982, 187332, 604999, 157071, 38.4, 44.4, 1.00
M, 889676, 440066, 1300229, 1216362, 404959, 187432, 604966, 157061, 38.4, 44.4, 1.00
M, 891849, 440455, 1303852, 1219081, 405449, 187864, 605546, 157569, 38.4, 44.4, 1.00
M, 891878, 440649, 1303682, 1218852, 405456, 187838, 605529, 157497, 38.4, 44.4, 1.00
M, 891203, 440623, 1303131, 1218062, 405435, 187709, 605460, 157383, 38.5, 44.4, 1.00
M, 890575, 440400, 1302157, 1217296, 405275, 187584, 605287, 157292, 38.5, 44.4, 1.00
M, 890653, 440375, 1302628, 1217393, 405267, 187730, 605306, 157341, 38.5, 44.4, 1.00
M, 890464, 440322, 1302394, 1217093, 405276, 187627, 605320, 157282, 38.5, 44.4, 1.00
M, 890276, 440350, 1302350, 1217299, 405255, 187643, 605349, 157324, 38.5, 44.4, 1.01
M, 890546, 440415, 1303021, 1217619, 405330, 187765, 605431, 157391, 38.4, 44.4, 1.01
M, 890743, 440340, 1303187, 1217571, 405383, 187702, 605428, 157302, 38.4, 44.4, 1.01
M, 890440, 440299, 1302866, 1217117, 405253, 187686, 605412, 157290, 38.5, 44.4, 1.00
M, 890379, 440341, 1303128, 1217448, 405367, 187775, 605536, 157353, 38.5, 44.4, 1.01
M, 890177, 440252, 1302818, 1217087, 405306, 187668, 605460, 157342, 38.5, 44.4, 1.00
M, 890301, 440347, 1302902, 1217111, 405389, 187735, 605482, 157392, 38.5, 44.4, 1.00
M, 890203, 440312, 1303169, 1217162, 405389, 187728, 605582, 157409, 38.5, 44.4, 1.00
M, 890621, 440331, 1303542, 1217170, 405452, 187702, 605625, 157373, 38.5, 44.4, 1.00
M, 890397, 440310, 1303578, 1217041, 405422, 187682, 605611, 157353, 38.5, 44.4, 1.01
M, 890255, 440284, 1303545, 1217129, 405371, 187686, 605588, 157350, 38.5, 44.4, 1.00
M, 890601, 440325, 1304249, 1217628, 405515, 187867, 605785, 157464, 38.5, 44.4, 0.99
M, 890610, 440305, 1304173, 1217462, 405511, 187791, 605772, 157487, 38.5, 44.4, 1.00
M, 891101, 440418, 1305005, 1217812, 405659, 187858, 605910, 157483, 38.5, 44.4, 0.99
M, 892689, 440719, 1307934, 1220225, 405976, 188237, 606204, 157856, 38.5, 44.4, 1.00
M, 892149, 440868, 1307171, 1219078, 405891, 188101, 606263, 157653, 38.5, 44.4, 1.01
M, 891735, 440735, 1306765, 1218950, 405848, 188152, 606164, 157632, 38.5, 44.4, 1.00
M, 891057, 440741, 1306012, 1218122, 405849, 188023, 606098, 157516, 38.5, 44.4, 1.01
M, 890982, 440507, 1305798, 1217710, 405661, 188029, 605944, 157454, 38.5, 44.4, 1.00
M, 890919, 440554, 1306136, 1218035, 405732, 188021, 605991, 157493, 38.5, 44.4, 1.00
M, 890848, 440573, 1306144, 1217805, 405717, 187988, 606032, 157426, 38.5, 44.4, 0.98
M, 890111, 440342, 1305384, 1217239, 405635, 188018, 605858, 157371, 38.5, 44.4, 1.00
M, 890635, 440536, 1305910, 1217605, 405654, 188009, 606012, 157574, 38.5, 44.4, 0.99
M, 890652, 440362, 1306161, 1217441, 405722, 188007, 606026, 157476, 38.5, 44.4, 0.99
M, 890390, 440393, 1306044, 1217207, 405733, 187984, 606041, 157508, 38.5, 44.4, 1.01
M, 890620, 440446, 1306437, 1217508, 405784, 188004, 606125, 157571, 38.5, 44.4, 1.00
M, 890588, 440402, 1306543, 1217578, 405781, 187996, 606105, 157491, 38.5, 44.4, 0.99
M, 890810, 440501, 1307121, 1217959, 405882, 188163, 606232, 157648, 38.5, 44.4, 1.00
M, 890902, 440441, 1307299, 1218059, 405847, 188196, 606257, 157677, 38.5, 44.4, 1.00
M, 891016, 440447, 1307393, 1217973, 405833, 188112, 606328, 157594, 38.5, 44.4, 1.01
M, 890718, 440518, 1307310, 1217665, 405889, 188110, 606227, 157571, 38.5, 44.4, 1.00
M, 890444, 440367, 1307178, 1217645, 405855, 188111, 606279, 157527, 38.5, 44.4, 1.00
M, 890939, 440477, 1307706, 1217918, 405958, 188180, 606316, 157700, 38.5, 44.4, 1.01
M, 890825, 440396, 1307642, 1217952, 405953, 188168, 606343, 157644, 38.5, 44.4, 0.99
