State, OV, Alc, H2, AC1, NH3, AC2, VOC, LP, Temp, Hud, AirFlow
A, 789958, 446393, 970044, 1047269, 411722, 147068, 575802, 152123, 37.9, 67.3, 0.00
A, 776603, 442380, 951444, 1030305, 408161, 144917, 572134, 149334, 37.9, 67.3, 0.57
A, 767962, 439222, 939272, 1019732, 405893, 143491, 570004, 147549, 37.8, 67.2, 0.69
A, 759388, 435589, 926446, 1009340, 403687, 141886, 568500, 145800, 37.8, 67.2, 0.81
A, 753592, 433459, 915820, 1001941, 402831, 140626, 569115, 144621, 37.6, 66.6, 0.89
A, 750434, 432316, 907616, 997312, 402910, 139564, 570555, 144044, 37.6, 66.6, 0.93
A, 749365, 432054, 901570, 995220, 403471, 138664, 572466, 143741, 37.5, 65.8, 0.96
A, 749195, 432055, 895594, 993735, 404233, 137796, 574443, 143665, 37.5, 65.8, 0.97
A, 750083, 432367, 891213, 993590, 405046, 137182, 576289, 143745, 37.4, 65.1, 0.99
A, 751251, 432771, 888021, 994339, 405818, 136646, 577931, 143848, 37.4, 65.1, 1.00
A, 753520, 433417, 885745, 995898, 406855, 136275, 579841, 144216, 37.3, 64.3, 0.99
A, 755510, 434073, 883636, 997371, 407731, 135917, 581492, 144553, 37.3, 64.3, 1.00
A, 758438, 434938, 882320, 999641, 408870, 135690, 583335, 144974, 37.2, 63.7, 1.00
A, 761276, 435765, 880999, 1001772, 409955, 135366, 585174, 145218, 37.2, 63.7, 1.01
A, 763408, 436523, 879580, 1003725, 410919, 135175, 586801, 145560, 37.2, 63.1, 0.99
A, 766154, 437253, 879310, 1006185, 411864, 135034, 588351, 146025, 37.2, 63.1, 1.00
A, 768861, 438287, 878532, 1008671, 413080, 134895, 590140, 146414, 37.1, 62.5, 1.01
A, 770982, 438914, 878425, 1010681, 413859, 134856, 591420, 146830, 37.1, 62.5, 1.01
A, 774264, 440155, 878341, 1013518, 415283, 134736, 593499, 147249, 37.0, 62.0, 0.99
A, 776139, 440730, 878408, 1015502, 415916, 134690, 594588, 147519, 37.0, 62.0, 1.01
A, 779693, 441857, 880549, 1019400, 417150, 134924, 596275, 148263, 37.0, 62.0, 1.01
A, 781374, 442793, 880214, 1020843, 418041, 134793, 597587, 148458, 37.0, 61.5, 0.99
A, 782922, 443458, 879690, 1021935, 418783, 134785, 598714, 148696, 37.0, 61.5, 1.00
A, 784601, 444230, 879921, 1023913, 419638, 134831, 599985, 149049, 37.0, 61.1, 1.01
A, 786687, 445189, 880152, 1025658, 420552, 134874, 601397, 149413, 37.0, 61.1, 0.99
A, 788432, 445934, 880478, 1027158, 421421, 134877, 602669, 149730, 36.9, 60.7, 0.99
A, 789861, 446615, 880862, 1028957, 422128, 134973, 603729, 150040, 36.9, 60.7, 1.00
A, 791617, 447528, 881617, 1030832, 422986, 135029, 604920, 150451, 36.8, 60.3, 1.00
A, 792852, 448283, 881866, 1031988, 423708, 135047, 605947, 150781, 36.8, 60.3, 1.01
A, 794568, 449112, 882746, 1033667, 424552, 135182, 607122, 151109, 36.8, 59.9, 1.00
A, 796000, 450014, 883332, 1035109, 425306, 135201, 608257, 151349, 36.8, 59.9, 1.00
A, 797041, 450694, 883645, 1036105, 425946, 135277, 609130, 151623, 36.8, 59.5, 1.01
A, 798145, 451363, 884275, 1037240, 426641, 135371, 610106, 151916, 36.8, 59.5, 1.00
A, 799136, 452115, 884592, 1038385, 427234, 135468, 611084, 152177, 36.7, 59.2, 1.01
A, 800505, 452970, 885349, 1039389, 428046, 135529, 612039, 152488, 36.7, 59.2, 1.00
A, 801283, 453499, 885417, 1040043, 428570, 135588, 612970, 152701, 36.7, 58.8, 1.00
A, 801775, 454070, 885769, 1040832, 429095, 135695, 613684, 152878, 36.7, 58.8, 1.00
A, 802522, 454885, 885916, 1041573, 429792, 135698, 614627, 153128, 36.6, 58.5, 1.00
A, 802849, 455113, 885810, 1041800, 430102, 135700, 615129, 153332, 36.6, 58.5, 1.00
A, 803884, 456078, 886466, 1042718, 430821, 135823, 616095, 153566, 36.6, 58.2, 1.00
A, 805440, 456509, 888094, 1044445, 431329, 135995, 616875, 154003, 36.6, 58.2, 1.00
A, 805959, 457119, 888211, 1044891, 431814, 136012, 617571, 154129, 36.6, 58.2, 1.00
A, 806500, 457663, 888625, 1045454, 432206, 136081, 618263, 154321, 36.6, 57.9, 1.00
A, 806947, 458101, 888943, 1046049, 432663, 136185, 618871, 154583, 36.6, 57.9, 1.00
A, 807835, 458719, 889624, 1046968, 433172, 136220, 619676, 154820, 36.6, 57.7, 1.00
A, 808476, 459292, 890165, 1047392, 433659, 136311, 620292, 155065, 36.6, 57.7, 1.00
A, 808802, 459788, 890325, 1047789, 434050, 136362, 620906, 155166, 36.5, 57.4, 1.00
A, 809036, 460129, 890481, 1048292, 434400, 136374, 621446, 155327, 36.5, 57.4, 1.00
A, 809664, 460543, 891169, 1048965, 434826, 136375, 622023, 155595, 36.5, 57.2, 0.99
A, 810183, 461018, 891589, 1049269, 435176, 136583, 622564, 155804, 36.5, 57.2, 1.00
A, 810952, 461537, 892277, 1050123, 435601, 136663, 623147, 155976, 36.5, 56.9, 0.99
A, 811296, 461948, 892553, 1050339, 435956, 136743, 623769, 156120, 36.5, 56.9, 1.00
A, 811556, 462305, 892742, 1050497, 436290, 136669, 624287, 156295, 36.5, 56.7, 1.00
A, 812018, 462660, 893336, 1051352, 436603, 136836, 624786, 156546, 36.5, 56.7, 0.99
A, 812290, 463039, 893718, 1051697, 437012, 136912, 625251, 156624, 36.4, 56.5, 1.00
A, 812995, 463406, 894215, 1052302, 437231, 136940, 625756, 156918, 36.4, 56.5, 1.00
A, 813310, 463812, 894681, 1052586, 437637, 137003, 626263, 156955, 36.4, 56.3, 1.00
A, 813470, 464074, 895067, 1052992, 437909, 137067, 626679, 157168, 36.4, 56.3, 0.99
A, 814032, 464541, 895502, 1053343, 438354, 137132, 627266, 157338, 36.4, 56.1, 1.00
A, 814258, 464674, 895947, 1053824, 438489, 137161, 627591, 157506, 36.4, 56.1, 1.00
A, 816244, 465599, 898686, 1056323, 439270, 137494, 628561, 158091, 36.4, 55.9, 1.01
A, 816142, 465858, 898272, 1055744, 439339, 137485, 628727, 158024, 36.4, 55.9, 1.00
A, 815938, 465890, 898387, 1055960, 439463, 137390, 628946, 158069, 36.4, 55.9, 1.00
A, 815782, 466037, 898164, 1055720, 439607, 137407, 629265, 158136, 36.3, 55.7, 1.00
A, 815362, 466190, 897808, 1055449, 439748, 137468, 629506, 158220, 36.3, 55.7, 1.00
A, 815745, 466493, 898199, 1055825, 439982, 137545, 629961, 158442, 36.3, 55.6, 1.00
A, 816466, 466755, 898887, 1056283, 440372, 137571, 630395, 158543, 36.3, 55.6, 1.00
A, 816688, 467023, 899286, 1056632, 440570, 137627, 630794, 158728, 36.3, 55.4, 1.00
A, 816920, 467142, 899612, 1057102, 440794, 137678, 631100, 158898, 36.3, 55.4, 1.00
A, 817556, 467541, 900632, 1057788, 441032, 137801, 631503, 159107, 36.3, 55.2, 1.00
A, 817696, 467752, 900961, 1058163, 441319, 137818, 631915, 159309, 36.3, 55.2, 1.00
A, 818376, 468062, 901899, 1058915, 441578, 137948, 632316, 159513, 36.3, 55.1, 1.00
A, 818704, 468281, 902348, 1059041, 441830, 137923, 632623, 159562, 36.3, 55.1, 1.01
A, 818663, 468477, 902304, 1059130, 441916, 137998, 632932, 159629, 36.2, 54.9, 1.00
A, 818573, 468576, 902484, 1059294, 442041, 138038, 633200, 159802, 36.2, 54.9, 1.01
A, 818572, 468695, 902558, 1059383, 442249, 138096, 633439, 159854, 36.2, 54.8, 1.00
A, 819196, 468848, 903411, 1060038, 442499, 138089, 633816, 160043, 36.2, 54.8, 1.00
A, 819434, 469163, 903761, 1060155, 442674, 138173, 634176, 160093, 36.2, 54.6, 1.01
A, 819367, 469191, 903883, 1060249, 442748, 138157, 634391, 160203, 36.2, 54.6, 1.00
A, 819490, 469410, 904064, 1060313, 442967, 138174, 634667, 160339, 36.2, 54.5, 1.00
A, 820607, 469590, 905793, 1062022, 443231, 138422, 635103, 160657, 36.2, 54.5, 1.00
A, 820582, 469895, 905905, 1061984, 443402, 138377, 635394, 160735, 36.2, 54.5, 1.00
A, 820473, 469950, 905745, 1061689, 443493, 138387, 635551, 160803, 36.2, 54.4, 1.00
A, 820314, 469973, 905796, 1061533, 443562, 138385, 635716, 160777, 36.2, 54.4, 1.00
A, 819726, 469849, 905121, 1060861, 443524, 138305, 635863, 160765, 36.1, 54.3, 1.00
A, 818147, 469824, 903664, 1059917, 443510, 138237, 635905, 160661, 36.1, 54.3, 1.00
A, 819812, 469900, 905320, 1061108, 443751, 138318, 636308, 160926, 36.1, 54.2, 1.01
A, 820254, 470052, 905935, 1061790, 443990, 138359, 636604, 161175, 36.1, 54.2, 1.00
A, 820974, 470338, 907052, 1062683, 444257, 138488, 636991, 161391, 36.1, 54.0, 1.01
A, 821505, 470493, 907855, 1063183, 444520, 138535, 637306, 161461, 36.1, 54.0, 1.00
A, 821648, 470587, 908125, 1063397, 444674, 138582, 637586, 161560, 36.1, 53.9, 1.00
A, 821826, 470680, 908649, 1063852, 444783, 138630, 637731, 161766, 36.1, 53.9, 1.00
A, 822085, 470872, 908954, 1064039, 444931, 138638, 638002, 161678, 36.1, 53.8, 1.00
A, 822083, 470925, 909202, 1064245, 445004, 138690, 638164, 161903, 36.1, 53.8, 1.00
A, 822495, 471042, 909828, 1064728, 445185, 138722, 638421, 162043, 36.1, 53.7, 0.99
A, 822862, 471182, 910527, 1065160, 445357, 138776, 638680, 162141, 36.1, 53.7, 1.00
A, 822952, 471331, 910856, 1065241, 445469, 138872, 638945, 162241, 36.1, 53.6, 1.00
A, 823263, 471406, 911343, 1065860, 445685, 138917, 639193, 162393, 36.1, 53.6, 0.99
A, 823035, 471557, 911116, 1065374, 445694, 138896, 639343, 162425, 36.0, 53.5, 0.99
A, 823045, 471519, 911356, 1065338, 445715, 138842, 639411, 162453, 36.0, 53.5, 1.00
A, 824464, 471874, 913654, 1067425, 446195, 139062, 640069, 162866, 36.0, 53.4, 1.00
A, 824025, 471915, 913368, 1067009, 446170, 139054, 640023, 162780, 36.0, 53.4, 1.00
A, 824229, 471964, 913695, 1067081, 446306, 139072, 640165, 162950, 36.0, 53.4, 1.00
A, 824193, 471997, 913944, 1067245, 446364, 139077, 640333, 163003, 36.0, 53.3, 1.00
A, 824153, 471999, 914100, 1067269, 446452, 139130, 640523, 162999, 36.0, 53.3, 1.00
A, 824028, 472028, 914144, 1067337, 446454, 139076, 640612, 163122, 36.0, 53.2, 1.00
A, 824558, 472236, 914998, 1067824, 446672, 139167, 640921, 163234, 36.0, 53.2, 1.00
A, 824345, 472202, 915112, 1067839, 446674, 139128, 641039, 163304, 36.0, 53.2, 0.99
A, 824187, 472156, 915099, 1067844, 446727, 139240, 641234, 163400, 36.0, 53.2, 1.00
A, 824502, 472319, 915740, 1068211, 446852, 139216, 641380, 163495, 36.0, 53.1, 1.00
A, 824667, 472335, 915867, 1068072, 446927, 139165, 641440, 163434, 36.0, 53.1, 1.01
A, 824505, 472217, 915910, 1067967, 446933, 139166, 641601, 163527, 36.0, 53.0, 1.00
A, 824488, 472268, 915982, 1068215, 447032, 139210, 641729, 163529, 36.0, 53.0, 1.00
A, 824851, 472405, 916703, 1068564, 447166, 139251, 641984, 163715, 36.0, 53.0, 1.00
A, 824723, 472368, 917058, 1068823, 447201, 139333, 642109, 163780, 36.0, 53.0, 1.01
A, 825105, 472471, 917618, 1069206, 447374, 139335, 642338, 163945, 35.9, 52.9, 1.00
A, 825271, 472480, 917932, 1069226, 447526, 139419, 642462, 163988, 35.9, 52.9, 1.00
A, 825069, 472560, 917929, 1069163, 447517, 139373, 642519, 163954, 35.9, 52.8, 1.00
A, 825197, 472548, 918299, 1069500, 447587, 139405, 642753, 164168, 35.9, 52.8, 1.00
A, 824905, 472530, 917899, 1068985, 447624, 139349, 642791, 164014, 35.9, 52.7, 1.00
A, 825916, 472591, 919616, 1070555, 447848, 139480, 643123, 164415, 35.9, 52.7, 1.00
A, 825128, 472734, 918818, 1069493, 447908, 139419, 643130, 164253, 35.9, 52.7, 1.00
A, 824842, 472505, 918432, 1069146, 447727, 139277, 643145, 164132, 35.9, 52.7, 0.99
A, 824710, 472446, 918594, 1069346, 447771, 139290, 643278, 164234, 35.9, 52.7, 1.01
A, 824666, 472394, 918633, 1069266, 447837, 139285, 643324, 164335, 35.9, 52.7, 1.01
A, 824458, 472318, 918565, 1069189, 447838, 139241, 643488, 164390, 35.9, 52.7, 1.01
A, 825143, 472452, 919490, 1069991, 448001, 139367, 643713, 164617, 35.9, 52.6, 1.01
A, 825616, 472484, 920277, 1070366, 448145, 139402, 643971, 164597, 35.9, 52.6, 1.00
A, 825726, 472528, 920560, 1070579, 448272, 139430, 644140, 164715, 35.9, 52.5, 1.01
A, 825885, 472622, 920777, 1070806, 448383, 139438, 644283, 164826, 35.9, 52.5, 1.00
A, 826342, 472671, 921596, 1071270, 448541, 139502, 644544, 164938, 35.8, 52.4, 1.00
A, 826053, 472639, 921433, 1071144, 448526, 139484, 644570, 165000, 35.8, 52.4, 0.99
A, 826512, 472717, 922250, 1071754, 448725, 139536, 644787, 165183, 35.8, 52.4, 1.00
A, 826794, 472884, 922909, 1072181, 448798, 139568, 644916, 165166, 35.8, 52.4, 1.00
A, 826309, 472756, 922324, 1071739, 448830, 139509, 645007, 165119, 35.8, 52.3, 1.01
A, 826558, 472828, 922985, 1072092, 448882, 139585, 645160, 165288, 35.8, 52.3, 1.00
A, 826743, 472864, 923363, 1072355, 449014, 139639, 645349, 165360, 35.8, 52.3, 1.00
A, 827244, 472942, 923974, 1072726, 449146, 139614, 645518, 165466, 35.8, 52.3, 1.01
A, 826831, 472902, 923727, 1072245, 449133, 139611, 645465, 165364, 35.8, 52.2, 1.01
A, 827026, 472889, 924212, 1072834, 449276, 139661, 645669, 165479, 35.8, 52.2, 1.01
A, 828404, 473279, 926246, 1074511, 449600, 139764, 646083, 165894, 35.8, 52.2, 1.00
A, 827945, 473316, 925858, 1074060, 449583, 139766, 646087, 165813, 35.8, 52.2, 1.00
A, 826926, 473064, 924911, 1072885, 449509, 139573, 645997, 165622, 35.8, 52.1, 1.01
A, 826718, 472921, 924704, 1072564, 449368, 139543, 645944, 165590, 35.8, 52.1, 1.00
A, 826558, 472930, 924789, 1072741, 449365, 139570, 646043, 165666, 35.8, 52.1, 1.01
A, 826721, 472793, 925238, 1073077, 449444, 139568, 646207, 165781, 35.8, 52.1, 1.00
A, 826843, 472809, 925294, 1072873, 449478, 139657, 646334, 165833, 35.8, 52.1, 1.01
A, 827363, 472901, 926287, 1073718, 449698, 139646, 646572, 165971, 35.8, 52.0, 1.01
A, 827588, 472979, 926565, 1073916, 449837, 139625, 646717, 165999, 35.8, 52.0, 0.99
A, 827595, 472968, 926694, 1073982, 449829, 139621, 646831, 166060, 35.8, 52.0, 1.00
A, 827572, 472999, 927059, 1074260, 449878, 139660, 646940, 166073, 35.8, 52.0, 1.00
A, 827978, 473054, 927735, 1074812, 450005, 139707, 647166, 166250, 35.8, 51.9, 1.00
A, 827930, 473113, 927819, 1074853, 450029, 139681, 647188, 166288, 35.8, 51.9, 1.00
A, 828436, 473192, 928567, 1075286, 450268, 139766, 647422, 166490, 35.7, 51.9, 1.00
A, 828490, 473174, 928934, 1075457, 450298, 139761, 647568, 166442, 35.7, 51.9, 0.99
A, 828258, 473096, 928853, 1075238, 450329, 139731, 647593, 166399, 35.7, 51.8, 0.99
A, 828528, 473166, 929277, 1075555, 450375, 139725, 647703, 166532, 35.7, 51.8, 1.00
A, 828522, 473258, 929687, 1075799, 450458, 139751, 647810, 166573, 35.7, 51.8, 1.01
A, 828629, 473217, 929901, 1076100, 450540, 139814, 647966, 166720, 35.7, 51.8, 0.99
A, 829039, 473391, 930265, 1076149, 450633, 139818, 648060, 166707, 35.7, 51.8, 1.01
A, 830137, 473556, 932365, 1077914, 450878, 139993, 648439, 167095, 35.7, 51.8, 1.00
A, 829164, 473571, 931365, 1076712, 450864, 139896, 648312, 166912, 35.7, 51.7, 1.01
A, 828848, 473408, 931240, 1076654, 450753, 139854, 648344, 166936, 35.7, 51.7, 1.00
A, 828739, 473506, 931278, 1076480, 450844, 139826, 648438, 166865, 35.7, 51.7, 1.00
A, 828523, 473308, 930967, 1076050, 450725, 139776, 648326, 166793, 35.7, 51.7, 1.00
A, 828761, 473259, 931568, 1076618, 450812, 139830, 648505, 166957, 35.7, 51.7, 1.00
A, 828953, 473277, 931804, 1076656, 450873, 139771, 648672, 166937, 35.7, 51.7, 1.01
A, 828789, 473262, 932018, 1076858, 450923, 139799, 648655, 166978, 35.7, 51.7, 1.00
A, 829041, 473316, 932510, 1077166, 451047, 139884, 648873, 167106, 35.7, 51.7, 1.00
A, 829065, 473352, 932667, 1076797, 451096, 139745, 648946, 167161, 35.7, 51.7, 0.99
A, 829105, 473339, 932873, 1076957, 451146, 139822, 649044, 167167, 35.7, 51.6, 1.00
A, 828957, 473265, 933125, 1077330, 451092, 139830, 649141, 167206, 35.7, 51.6, 1.00
A, 829115, 473307, 933450, 1077546, 451210, 139796, 649286, 167306, 35.7, 51.6, 0.99
A, 829028, 473246, 933367, 1077286, 451223, 139744, 649282, 167302, 35.7, 51.6, 1.00
A, 829215, 473296, 933907, 1077762, 451338, 139802, 649401, 167353, 35.7, 51.6, 1.00
A, 829403, 473338, 934308, 1077909, 451421, 139786, 649493, 167434, 35.7, 51.6, 1.01
A, 829511, 473334, 934387, 1077905, 451447, 139773, 649633, 167425, 35.7, 51.5, 0.99
A, 829754, 473310, 935067, 1078491, 451504, 139856, 649788, 167556, 35.7, 51.5, 1.00
A, 829619, 473352, 935241, 1078598, 451646, 139851, 649837, 167587, 35.7, 51.5, 1.01
A, 830025, 473471, 935772, 1078859, 451702, 139914, 649987, 167684, 35.7, 51.5, 1.00
A, 831396, 473729, 937859, 1080385, 452023, 140020, 650409, 168012, 35.6, 51.5, 0.99
A, 831103, 473742, 937804, 1080209, 451949, 139965, 650362, 167892, 35.6, 51.5, 1.01
A, 830621, 473786, 937277, 1079741, 452006, 139937, 650421, 167899, 35.6, 51.4, 1.01
A, 830331, 473607, 937407, 1079597, 451900, 139919, 650308, 167900, 35.6, 51.4, 1.00
A, 830466, 473671, 937829, 1079971, 451931, 139922, 650452, 167945, 35.6, 51.4, 1.00
A, 830557, 473655, 938055, 1079956, 452065, 139961, 650564, 168045, 35.6, 51.4, 0.99
A, 830651, 473674, 938471, 1079806, 452068, 139905, 650592, 167927, 35.6, 51.4, 0.99
A, 830323, 473604, 938296, 1079661, 452019, 139810, 650646, 168023, 35.6, 51.4, 1.01
A, 830139, 473532, 938329, 1079753, 452025, 139831, 650670, 167992, 35.6, 51.4, 1.00
A, 830475, 473588, 938805, 1080067, 452178, 139915, 650788, 168116, 35.6, 51.4, 0.99
A, 830404, 473619, 938959, 1079982, 452197, 139902, 650903, 168128, 35.6, 51.4, 1.00
A, 830686, 473677, 939610, 1080468, 452288, 139930, 650967, 168233, 35.6, 51.4, 1.00
A, 830433, 473632, 939513, 1080170, 452281, 139870, 651024, 168115, 35.6, 51.4, 1.00
A, 830252, 473482, 939300, 1080039, 452239, 139854, 651003, 168113, 35.6, 51.4, 1.00
A, 829664, 473527, 938954, 1079519, 452209, 139774, 651046, 168092, 35.6, 51.4, 1.00
A, 829708, 473367, 939149, 1079648, 452197, 139788, 651033, 168092, 35.6, 51.3, 0.99
A, 829980, 473437, 939663, 1080074, 452311, 139833, 651202, 168288, 35.6, 51.3, 1.01
A, 830103, 473478, 939771, 1080132, 452414, 139788, 651295, 168302, 35.6, 51.3, 1.01
A, 830627, 473510, 940924, 1080937, 452531, 139861, 651505, 168417, 35.6, 51.3, 1.00
A, 830639, 473622, 940998, 1080890, 452575, 139828, 651584, 168386, 35.6, 51.3, 0.99
A, 831700, 473703, 942489, 1082081, 452730, 139966, 651860, 168741, 35.6, 51.3, 0.99
A, 831151, 473758, 942123, 1081529, 452847, 139829, 651822, 168435, 35.6, 51.3, 1.01
A, 830267, 473522, 941088, 1080489, 452596, 139742, 651693, 168403, 35.6, 51.3, 1.00
A, 829656, 473302, 940506, 1079773, 452535, 139685, 651647, 168294, 35.6, 51.3, 1.01
A, 829463, 473219, 940350, 1079540, 452437, 139520, 651558, 168163, 35.6, 51.3, 1.00
A, 829638, 473141, 940707, 1080112, 452558, 139660, 651716, 168441, 35.6, 51.3, 0.99
A, 830030, 473160, 941327, 1080672, 452648, 139686, 651940, 168554, 35.6, 51.3, 1.01
A, 829627, 473038, 940970, 1080115, 452634, 139552, 651877, 168401, 35.6, 51.3, 1.00
A, 829955, 473087, 941220, 1080283, 452707, 139587, 652042, 168515, 35.6, 51.3, 1.00
A, 830124, 473093, 941640, 1080836, 452851, 139582, 652178, 168526, 35.6, 51.3, 1.00
A, 830589, 473128, 942328, 1081283, 452996, 139628, 652382, 168644, 35.6, 51.2, 1.00
A, 830682, 473223, 942738, 1081554, 453007, 139650, 652382, 168692, 35.6, 51.2, 0.99
A, 831214, 473233, 943620, 1082212, 453187, 139683, 652659, 168866, 35.5, 51.2, 1.00
A, 830634, 473352, 943063, 1081683, 453245, 139608, 652717, 168795, 35.5, 51.2, 1.00
A, 831111, 473272, 943601, 1081796, 453183, 139646, 652759, 168868, 35.5, 51.2, 1.00
A, 831123, 473258, 943882, 1082207, 453236, 139637, 652748, 168870, 35.5, 51.2, 1.00
A, 831414, 473376, 944495, 1082694, 453395, 139661, 652974, 168933, 35.5, 51.2, 1.00
A, 831527, 473324, 944737, 1082656, 453395, 139713, 653083, 169078, 35.5, 51.2, 1.00
A, 831982, 473534, 945516, 1083306, 453597, 139729, 653256, 169160, 35.5, 51.2, 1.00
A, 831780, 473432, 945522, 1083142, 453558, 139667, 653203, 169059, 35.5, 51.2, 1.00
A, 833164, 473700, 947508, 1084849, 453852, 139824, 653602, 169404, 35.5, 51.1, 0.99
A, 832854, 473862, 947389, 1084646, 453890, 139858, 653564, 169338, 35.5, 51.1, 1.00
A, 831907, 473717, 946317, 1083408, 453754, 139703, 653468, 169142, 35.5, 51.1, 0.99
A, 831627, 473554, 946386, 1083544, 453688, 139710, 653488, 169195, 35.5, 51.1, 1.01
A, 831682, 473686, 946311, 1083158, 453768, 139629, 653580, 169055, 35.5, 51.1, 0.99
A, 831317, 473435, 946178, 1083131, 453627, 139647, 653477, 169095, 35.5, 51.1, 1.00
A, 831643, 473525, 946607, 1083553, 453698, 139671, 653639, 169177, 35.5, 51.1, 1.00
A, 831810, 473531, 946989, 1083772, 453839, 139713, 653704, 169240, 35.5, 51.1, 1.01
A, 831915, 473598, 947421, 1084007, 453843, 139654, 653859, 169295, 35.5, 51.1, 1.00
A, 832393, 473629, 948284, 1084663, 454024, 139731, 653976, 169409, 35.5, 51.1, 1.01
A, 832639, 473728, 948679, 1084727, 454101, 139695, 654119, 169487, 35.5, 51.1, 1.01
A, 832508, 473674, 948796, 1084720, 454091, 139646, 654072, 169389, 35.5, 51.1, 1.00
A, 832353, 473767, 948840, 1084876, 454139, 139736, 654111, 169455, 35.5, 51.1, 1.00
A, 832544, 473744, 949283, 1085135, 454216, 139681, 654231, 169560, 35.5, 51.1, 1.01
A, 832750, 473745, 949542, 1084941, 454238, 139611, 654335, 169520, 35.5, 51.1, 1.00
A, 832491, 473677, 949400, 1084755, 454184, 139629, 654309, 169426, 35.5, 51.1, 0.99
A, 832516, 473754, 949849, 1085177, 454294, 139628, 654447, 169585, 35.5, 51.1, 1.00
A, 832563, 473676, 949954, 1085283, 454253, 139652, 654459, 169561, 35.5, 51.1, 1.00
A, 832673, 473698, 950421, 1085535, 454377, 139736, 654564, 169681, 35.5, 51.1, 1.00
A, 832725, 473825, 950714, 1085719, 454388, 139647, 654634, 169663, 35.5, 51.1, 1.00
A, 834411, 474084, 952997, 1087322, 454757, 139814, 654989, 170087, 35.5, 51.1, 1.00
A, 833991, 474185, 952733, 1086851, 454774, 139736, 654982, 169906, 35.5, 51.1, 0.99
A, 833682, 474109, 952767, 1086928, 454699, 139749, 655002, 169922, 35.5, 51.1, 1.00
A, 833110, 474069, 952071, 1086084, 454660, 139674, 654981, 169790, 35.5, 51.1, 1.01
A, 832947, 473969, 952123, 1085959, 454618, 139656, 654891, 169819, 35.5, 51.1, 1.00
A, 832631, 473947, 951964, 1085753, 454637, 139582, 654918, 169744, 35.5, 51.1, 0.99
A, 832462, 473847, 951965, 1085567, 454568, 139541, 654882, 169684, 35.5, 51.1, 1.00
A, 832254, 473801, 951973, 1085673, 454557, 139564, 654929, 169753, 35.5, 51.1, 1.00
A, 832363, 473672, 952038, 1085677, 454556, 139550, 655015, 169729, 35.5, 51.0, 0.99
A, 832311, 473688, 952154, 1085618, 454607, 139538, 654949, 169791, 35.5, 51.0, 0.99
A, 832655, 473722, 952839, 1086212, 454772, 139474, 655148, 169853, 35.5, 51.1, 0.99
A, 832981, 473736, 953270, 1086396, 454878, 139563, 655252, 169855, 35.5, 51.1, 1.01
A, 832890, 473791, 953337, 1086337, 454875, 139519, 655280, 169875, 35.5, 51.0, 1.00
A, 832651, 473777, 953299, 1086303, 454884, 139498, 655356, 169881, 35.5, 51.0, 1.00
A, 833046, 473825, 953713, 1086578, 454950, 139490, 655555, 169952, 35.4, 51.1, 1.00
A, 832739, 473714, 953514, 1086436, 454891, 139483, 655535, 169914, 35.4, 51.1, 1.00
A, 833134, 473806, 954234, 1086950, 455050, 139504, 655655, 170058, 35.4, 51.0, 1.00
A, 832865, 473868, 954268, 1086661, 455058, 139448, 655680, 169931, 35.4, 51.0, 1.00
A, 833019, 473740, 954331, 1086737, 455019, 139341, 655706, 169922, 35.4, 51.0, 0.99
A, 833200, 473817, 954739, 1087153, 455094, 139498, 655827, 170009, 35.4, 51.0, 0.99
A, 834422, 474046, 956744, 1088874, 455449, 139669, 656163, 170446, 35.4, 51.0, 1.00
A, 834350, 474197, 956480, 1088194, 455514, 139556, 656194, 170199, 35.4, 51.0, 0.99
A, 833496, 473999, 955606, 1087367, 455277, 139440, 655997, 170088, 35.4, 51.0, 0.99
A, 833075, 473880, 955427, 1087241, 455276, 139400, 655971, 170109, 35.4, 51.0, 1.00
A, 832480, 473788, 954605, 1086314, 455154, 139361, 655883, 169901, 35.4, 51.0, 0.99
A, 832452, 473592, 954790, 1086635, 455093, 139332, 655950, 169963, 35.4, 51.0, 0.99
A, 832701, 473743, 954977, 1086613, 455367, 139303, 656115, 169918, 35.4, 51.0, 0.99
A, 832837, 473583, 955199, 1086580, 455280, 139324, 656185, 170024, 35.4, 51.0, 1.00
A, 833090, 473613, 955880, 1087471, 455435, 139303, 656263, 170168, 35.4, 51.0, 1.00
A, 833223, 473653, 956091, 1087633, 455475, 139374, 656292, 170141, 35.4, 51.0, 1.00
A, 833461, 473669, 956278, 1087705, 455528, 139394, 656445, 170203, 35.4, 51.0, 1.01
A, 833793, 473792, 957026, 1088297, 455670, 139370, 656608, 170359, 35.4, 51.1, 1.00
A, 833875, 473889, 957383, 1088367, 455763, 139338, 656752, 170337, 35.4, 51.1, 1.01
A, 833874, 473851, 957329, 1088285, 455729, 139255, 656739, 170262, 35.4, 51.0, 0.99
A, 833897, 473874, 957569, 1088493, 455761, 139368, 656808, 170299, 35.4, 51.0, 0.99
A, 834253, 473929, 958122, 1089006, 455870, 139281, 656915, 170405, 35.4, 51.0, 0.99
A, 834119, 473907, 958183, 1089117, 455888, 139335, 656989, 170427, 35.4, 51.0, 1.00
A, 834176, 474014, 958516, 1089172, 455933, 139345, 657112, 170475, 35.4, 51.0, 0.99
A, 834381, 473922, 958958, 1089346, 455985, 139272, 657166, 170410, 35.4, 51.0, 1.00
A, 834242, 473918, 958905, 1089207, 455991, 139268, 657201, 170364, 35.4, 51.1, 0.99
A, 835541, 474145, 960710, 1090897, 456290, 139488, 657433, 170750, 35.4, 51.1, 1.00
A, 835137, 474203, 960473, 1090360, 456178, 139394, 657469, 170658, 35.4, 51.1, 1.01
A, 834579, 474152, 960079, 1089898, 456135, 139327, 657381, 170603, 35.4, 51.1, 1.00
A, 834677, 474171, 960172, 1089855, 456301, 139337, 657465, 170523, 35.4, 51.1, 1.01
A, 834562, 474018, 960369, 1089768, 456236, 139332, 657442, 170499, 35.4, 51.1, 1.00
A, 834294, 474107, 960099, 1089543, 456287, 139247, 657531, 170523, 35.4, 51.1, 0.99
A, 834110, 474047, 960252, 1089685, 456237, 139281, 657412, 170570, 35.4, 51.1, 1.00
A, 834091, 474027, 960168, 1089453, 456313, 139257, 657546, 170426, 35.4, 51.1, 0.99
A, 833946, 473899, 960094, 1089292, 456175, 139201, 657539, 170439, 35.4, 51.1, 1.00
A, 834057, 473914, 960590, 1089780, 456306, 139197, 657596, 170502, 35.4, 51.1, 1.01
A, 834164, 473917, 960770, 1089798, 456377, 139183, 657721, 170504, 35.4, 51.1, 1.01
A, 834218, 473885, 960937, 1089966, 456316, 139206, 657761, 170579, 35.4, 51.1, 1.01
A, 834593, 473991, 961536, 1090409, 456469, 139170, 657868, 170617, 35.4, 51.1, 1.00
A, 834794, 473981, 961558, 1090179, 456506, 139189, 657961, 170579, 35.4, 51.1, 1.00
A, 834229, 473913, 961083, 1089496, 456429, 139050, 657835, 170445, 35.4, 51.1, 0.99
A, 834108, 473796, 961352, 1090027, 456507, 139081, 657896, 170512, 35.4, 51.1, 1.00
A, 834431, 473932, 961829, 1090287, 456505, 139085, 658060, 170545, 35.4, 51.1, 0.99
A, 834582, 473870, 961901, 1090355, 456592, 139110, 658107, 170614, 35.4, 51.1, 1.00
A, 834945, 474052, 962706, 1090779, 456724, 139160, 658233, 170768, 35.4, 51.1, 1.00
A, 834988, 474026, 962900, 1090887, 456801, 139126, 658348, 170678, 35.4, 51.1, 1.00
A, 836282, 474256, 964781, 1092557, 457038, 139230, 658661, 171041, 35.3, 51.1, 0.99
A, 836331, 474476, 965063, 1092709, 457173, 139244, 658790, 171032, 35.3, 51.1, 1.00
A, 835986, 474462, 964962, 1092518, 457139, 139178, 658765, 170910, 35.3, 51.1, 1.00
A, 836050, 474467, 965152, 1092581, 457126, 139243, 658810, 171031, 35.3, 51.1, 1.00
A, 835936, 474448, 964895, 1092111, 457191, 139201, 658758, 170965, 35.3, 51.1, 1.00
A, 835637, 474415, 964854, 1092142, 457092, 139140, 658747, 170854, 35.3, 51.1, 1.00
A, 835321, 474441, 964606, 1091888, 457118, 139048, 658780, 170812, 35.3, 51.1, 0.99
A, 835156, 474258, 964447, 1091747, 457030, 139128, 658675, 170800, 35.3, 51.1, 1.00
A, 835413, 474354, 965184, 1092328, 457141, 139090, 658811, 170929, 35.3, 51.1, 1.00
A, 835726, 474402, 965608, 1092520, 457234, 139157, 658893, 170921, 35.3, 51.1, 0.99
A, 835717, 474374, 965675, 1092423, 457269, 139099, 658996, 170931, 35.3, 51.1, 1.01
A, 835664, 474338, 965721, 1092206, 457227, 138983, 658949, 170881, 35.3, 51.1, 1.00
A, 835362, 474330, 965544, 1092148, 457214, 138975, 659001, 170769, 35.3, 51.1, 1.00
A, 835523, 474278, 965996, 1092575, 457295, 138996, 659065, 170923, 35.3, 51.1, 1.00
A, 835544, 474293, 965994, 1092480, 457267, 139035, 659106, 170954, 35.3, 51.1, 1.01
A, 835546, 474311, 966174, 1092381, 457354, 139042, 659181, 170995, 35.3, 51.1, 0.99
A, 835681, 474413, 966535, 1092581, 457409, 139021, 659193, 170968, 35.3, 51.1, 0.99
A, 835506, 474357, 966554, 1092511, 457435, 138931, 659249, 170944, 35.3, 51.1, 1.01
A, 835560, 474211, 966625, 1092747, 457416, 138975, 659292, 170940, 35.3, 51.1, 1.00
A, 835833, 474354, 967173, 1093079, 457516, 138948, 659444, 170974, 35.3, 51.1, 1.01
A, 837158, 474659, 969096, 1094749, 457798, 139147, 659715, 171413, 35.3, 51.1, 1.00
A, 836901, 474742, 968984, 1094405, 457875, 139131, 659733, 171336, 35.3, 51.2, 0.99
A, 836401, 474687, 968443, 1093789, 457702, 138926, 659640, 171078, 35.3, 51.2, 1.00
A, 835789, 474432, 967823, 1092998, 457626, 138932, 659511, 170931, 35.3, 51.2, 1.00
A, 835640, 474407, 967602, 1092973, 457610, 138925, 659559, 170917, 35.3, 51.2, 1.00
A, 834848, 474235, 966819, 1092199, 457505, 138753, 659480, 170771, 35.3, 51.2, 1.01
A, 834940, 474169, 966781, 1092156, 457534, 138785, 659451, 170866, 35.3, 51.2, 1.00
A, 834000, 473944, 965508, 1091036, 457384, 138646, 659353, 170657, 35.3, 51.2, 1.01
A, 834397, 473888, 966223, 1091610, 457503, 138598, 659495, 170603, 35.3, 51.2, 1.00
A, 834918, 473941, 966923, 1092398, 457594, 138730, 659682, 170857, 35.3, 51.2, 1.01
A, 835422, 474050, 967456, 1092864, 457720, 138750, 659861, 170950, 35.3, 51.2, 0.99
A, 835762, 474145, 968003, 1093160, 457891, 138713, 659994, 170985, 35.3, 51.2, 1.01
A, 835748, 474082, 968138, 1093275, 457911, 138739, 659976, 171031, 35.3, 51.2, 1.00
A, 836306, 474214, 969213, 1094072, 458070, 138753, 660167, 171117, 35.3, 51.2, 1.01
A, 836325, 474270, 969313, 1094080, 458069, 138737, 660309, 171075, 35.3, 51.2, 1.00
A, 836420, 474272, 969513, 1094285, 458060, 138762, 660286, 171134, 35.3, 51.2, 1.00
A, 836770, 474364, 970187, 1094830, 458230, 138812, 660402, 171223, 35.3, 51.2, 1.00
A, 836849, 474390, 970316, 1094798, 458266, 138812, 660514, 171309, 35.3, 51.2, 0.99
A, 837227, 474478, 970855, 1094964, 458369, 138811, 660625, 171256, 35.3, 51.2, 1.00
A, 836985, 474503, 971035, 1095252, 458336, 138795, 660623, 171161, 35.3, 51.2, 1.00
A, 838533, 474762, 973333, 1097204, 458740, 138993, 661016, 171577, 35.3, 51.2, 1.01
A, 837863, 474819, 972462, 1096255, 458680, 138897, 660815, 171441, 35.3, 51.2, 1.00
A, 837332, 474772, 972206, 1095713, 458531, 138817, 660763, 171297, 35.3, 51.3, 1.01
A, 837261, 474691, 972235, 1095558, 458448, 138752, 660781, 171269, 35.3, 51.3, 1.00
A, 837018, 474642, 971946, 1095313, 458530, 138738, 660764, 171254, 35.3, 51.3, 0.99
A, 837056, 474625, 972363, 1095623, 458573, 138776, 660810, 171257, 35.3, 51.3, 1.00
A, 836615, 474626, 971907, 1095110, 458539, 138656, 660792, 171173, 35.3, 51.3, 1.00
A, 836479, 474473, 971952, 1095114, 458508, 138729, 660776, 171274, 35.3, 51.3, 1.00
A, 836387, 474530, 971927, 1094897, 458528, 138623, 660863, 171146, 35.3, 51.3, 1.01
A, 836368, 474443, 971825, 1094747, 458478, 138597, 660814, 171057, 35.3, 51.3, 1.00
A, 836419, 474424, 972161, 1095045, 458569, 138602, 660914, 171193, 35.3, 51.3, 0.99
A, 836541, 474438, 972462, 1095258, 458617, 138594, 661001, 171174, 35.3, 51.3, 1.00
A, 836682, 474442, 972644, 1095464, 458638, 138619, 661080, 171255, 35.3, 51.3, 0.99
A, 837173, 474578, 973347, 1096020, 458835, 138668, 661162, 171353, 35.3, 51.3, 1.00
A, 837330, 474595, 973530, 1095937, 458875, 138644, 661258, 171243, 35.3, 51.3, 1.01
A, 837131, 474580, 973630, 1095819, 458811, 138612, 661317, 171258, 35.3, 51.3, 1.00
A, 836843, 474472, 973263, 1095662, 458737, 138549, 661243, 171187, 35.3, 51.3, 0.99
A, 836791, 474490, 973450, 1095799, 458810, 138551, 661287, 171263, 35.3, 51.3, 1.00
A, 836931, 474531, 973607, 1095826, 458872, 138605, 661324, 171262, 35.3, 51.3, 1.00
A, 837359, 474574, 974414, 1096341, 458941, 138570, 661464, 171361, 35.3, 51.3, 1.00
M, 832102, 473968, 967288, 1089549, 458075, 137780, 660219, 169545, 35.3, 51.3, 0.06
M, 823065, 471202, 954433, 1078225, 455316, 136466, 657068, 167230, 35.3, 51.3, 0.61
M, 815712, 468512, 943623, 1069237, 453261, 135399, 654984, 165478, 35.3, 51.3, 0.74
M, 810076, 466309, 934346, 1061857, 452081, 134403, 654280, 164076, 35.3, 51.4, 0.83
M, 805178, 463989, 924914, 1054652, 450964, 133349, 653642, 162760, 35.3, 51.4, 0.89
M, 802034, 462111, 918079, 1050076, 450394, 132549, 653355, 161956, 35.3, 51.5, 0.93
M, 800304, 460683, 913103, 1047638, 450163, 131938, 653449, 161359, 35.3, 51.5, 0.96
M, 798570, 459144, 907162, 1044595, 450052, 131247, 653884, 160908, 35.3, 51.6, 0.98
M, 798294, 458147, 904086, 1043631, 450026, 130853, 654170, 160698, 35.3, 51.6, 0.98
M, 798403, 456935, 899994, 1042813, 450340, 130200, 655076, 160405, 35.3, 51.7, 0.98
M, 798676, 456185, 897869, 1042803, 450494, 129944, 655671, 160298, 35.3, 51.7, 1.00
M, 799954, 455622, 896294, 1043557, 451011, 129647, 656557, 160326, 35.3, 51.7, 1.00
M, 801095, 455068, 894785, 1044529, 451615, 129416, 657532, 160415, 35.3, 51.7, 1.00
M, 802287, 454616, 893428, 1045702, 452203, 129174, 658489, 160512, 35.3, 51.7, 0.99
M, 804181, 454419, 892486, 1046903, 452957, 129012, 659628, 160588, 35.3, 51.8, 1.00
M, 805561, 454145, 891391, 1048638, 453731, 128810, 660774, 160650, 35.3, 51.8, 0.99
M, 807253, 453944, 891000, 1050421, 454465, 128742, 661866, 160746, 35.3, 51.8, 0.99
M, 808793, 453960, 890531, 1052243, 455141, 128596, 662943, 160936, 35.3, 51.8, 1.00
M, 810958, 454062, 890666, 1054591, 456150, 128606, 664140, 161134, 35.3, 51.8, 1.00
M, 812621, 454127, 890622, 1056463, 456802, 128543, 665081, 161300, 35.3, 51.8, 1.00
M, 816148, 454553, 892940, 1060522, 457966, 128709, 666612, 161888, 35.3, 51.9, 1.00
M, 817499, 454867, 892146, 1061832, 458834, 128604, 667566, 161739, 35.3, 51.9, 1.00
M, 818499, 454926, 891640, 1062961, 459417, 128526, 668422, 161794, 35.3, 51.9, 1.00
M, 819687, 455092, 891393, 1064753, 460067, 128502, 669304, 161923, 35.3, 51.9, 1.00
M, 820768, 455277, 891100, 1066298, 460782, 128420, 670125, 161929, 35.3, 51.9, 1.00
M, 822280, 455389, 891193, 1068017, 461406, 128416, 671023, 162121, 35.3, 51.9, 1.00
M, 824496, 455967, 892269, 1070645, 462403, 128435, 672218, 162250, 35.3, 51.9, 1.00
M, 825523, 456174, 892263, 1072215, 463020, 128463, 672959, 162417, 35.3, 51.9, 1.00
M, 827226, 456655, 892439, 1073917, 463817, 128441, 673992, 162511, 35.2, 52.0, 1.00
M, 828090, 456806, 892718, 1075539, 464334, 128509, 674551, 162674, 35.2, 52.0, 1.00
M, 829602, 457418, 892914, 1077563, 465207, 128557, 675611, 162789, 35.3, 52.0, 1.01
M, 830756, 457647, 893086, 1078641, 465590, 128546, 676121, 162858, 35.3, 52.0, 1.00
M, 832122, 458107, 894030, 1080732, 466287, 128596, 676974, 163026, 35.3, 52.0, 1.00
M, 833352, 458546, 894555, 1082357, 466967, 128666, 677739, 163197, 35.2, 52.0, 1.00
M, 834246, 458819, 894719, 1083788, 467535, 128693, 678338, 163320, 35.2, 52.0, 1.00
M, 835873, 459403, 895718, 1085741, 468124, 128763, 679151, 163494, 35.2, 52.0, 1.00
M, 836553, 459725, 895492, 1086593, 468666, 128639, 679659, 163412, 35.2, 52.0, 1.00
M, 837442, 460058, 895885, 1087980, 469198, 128781, 680262, 163646, 35.3, 52.0, 1.00
M, 837887, 460469, 895788, 1088799, 469568, 128773, 680785, 163618, 35.3, 52.0, 1.00
M, 838847, 460723, 896316, 1090285, 470057, 128847, 681348, 163736, 35.2, 52.0, 1.00
M, 841118, 461408, 898489, 1093257, 470757, 129021, 682217, 164173, 35.2, 52.0, 1.00
M, 841709, 461889, 898746, 1094253, 471298, 129037, 682769, 164224, 35.2, 52.0, 1.00
M, 842190, 462211, 898496, 1094804, 471731, 129070, 683249, 164092, 35.2, 52.0, 1.00
M, 842854, 462558, 898837, 1095825, 472171, 129071, 683645, 164170, 35.2, 52.0, 1.00
M, 843440, 462973, 899355, 1097173, 472567, 129080, 684177, 164308, 35.2, 52.0, 0.99
M, 844332, 463305, 899755, 1098264, 472981, 129175, 684704, 164451, 35.2, 52.1, 1.00
M, 845267, 463707, 900693, 1099610, 473420, 129215, 685202, 164556, 35.2, 52.1, 1.00
M, 845888, 464200, 900939, 1100589, 473912, 129299, 685683, 164602, 35.2, 52.1, 1.00
M, 846454, 464492, 901247, 1101180, 474191, 129325, 686043, 164628, 35.2, 52.1, 0.99
M, 846947, 465011, 901612, 1102427, 474654, 129351, 686554, 164748, 35.2, 52.1, 1.00
M, 847327, 465095, 901734, 1103000, 474857, 129286, 686865, 164671, 35.2, 52.1, 1.00
M, 847895, 465425, 902099, 1103948, 475214, 129484, 687221, 164843, 35.2, 52.1, 1.00
M, 848492, 465787, 902642, 1104974, 475523, 129519, 687625, 164988, 35.2, 52.1, 1.00
M, 849312, 466241, 903505, 1106013, 475990, 129561, 688070, 165069, 35.2, 52.1, 1.00
M, 849781, 466539, 903714, 1106737, 476233, 129599, 688473, 165082, 35.2, 52.1, 1.00
M, 849907, 466788, 903664, 1107201, 476524, 129592, 688672, 165127, 35.2, 52.1, 0.99
M, 850739, 467090, 904653, 1108441, 476857, 129659, 689111, 165246, 35.2, 52.1, 1.00
M, 851199, 467413, 905055, 1109255, 477148, 129743, 689462, 165331, 35.2, 52.1, 1.00
M, 851959, 467815, 905870, 1110436, 477480, 129827, 689837, 165564, 35.2, 52.1, 1.00
M, 852588, 468176, 906455, 1111180, 477791, 129790, 690123, 165502, 35.2, 52.1, 1.00
M, 854245, 468670, 908492, 1113487, 478390, 130044, 690716, 165864, 35.2, 52.1, 1.00
M, 854440, 469083, 908740, 1114092, 478660, 130087, 691033, 165913, 35.2, 52.1, 1.00
M, 854526, 469272, 908718, 1114291, 478707, 130053, 691120, 165864, 35.2, 52.1, 1.00
M, 854748, 469520, 909160, 1114836, 478947, 130133, 691395, 165951, 35.2, 52.1, 1.00
M, 854864, 469763, 909325, 1115329, 479140, 130220, 691655, 165951, 35.2, 52.1, 1.00
M, 855551, 470077, 909944, 1115857, 479436, 130196, 691926, 165920, 35.2, 52.1, 1.00
M, 855415, 470246, 909885, 1116042, 479555, 130161, 692004, 165916, 35.2, 52.2, 1.00
M, 855416, 470375, 910070, 1116649, 479678, 130216, 692213, 165980, 35.2, 52.2, 1.00
M, 855291, 470537, 909614, 1116328, 479839, 130150, 692459, 165896, 35.2, 52.2, 1.00
M, 855511, 470684, 909836, 1116703, 479934, 130211, 692559, 165889, 35.2, 52.2, 1.00
M, 855434, 470891, 909975, 1117081, 480134, 130238, 692859, 165949, 35.2, 52.2, 1.01
M, 855521, 470987, 910147, 1117519, 480179, 130253, 692904, 165949, 35.2, 52.2, 1.00
M, 856214, 471176, 910856, 1118362, 480456, 130298, 693228, 166100, 35.2, 52.2, 1.00
M, 856599, 471366, 911373, 1118995, 480693, 130356, 693418, 166127, 35.2, 52.2, 1.00
M, 856955, 471586, 911629, 1119329, 480884, 130373, 693629, 166138, 35.2, 52.2, 0.99
M, 856962, 471683, 911793, 1119784, 481004, 130395, 693819, 166285, 35.2, 52.2, 1.00
M, 857465, 471899, 912384, 1120383, 481259, 130421, 694084, 166203, 35.2, 52.2, 1.00
M, 857704, 472084, 912686, 1120746, 481401, 130503, 694267, 166305, 35.2, 52.2, 1.00
M, 857775, 472184, 912750, 1121122, 481582, 130446, 694372, 166346, 35.2, 52.2, 1.00
M, 858367, 472467, 913497, 1122011, 481747, 130622, 694712, 166428, 35.2, 52.2, 1.00
M, 860357, 472958, 916016, 1124281, 482335, 130788, 695186, 166828, 35.2, 52.2, 1.00
M, 859816, 473126, 915431, 1123778, 482377, 130763, 695311, 166680, 35.2, 52.2, 1.00
M, 859542, 473107, 915167, 1123689, 482402, 130678, 695318, 166595, 35.2, 52.2, 1.00
M, 859222, 473158, 914967, 1123481, 482372, 130735, 695319, 166541, 35.2, 52.2, 1.00
M, 859177, 473261, 915005, 1123743, 482485, 130734, 695397, 166561, 35.2, 52.2, 1.00
M, 858973, 473203, 914878, 1123734, 482591, 130729, 695518, 166530, 35.2, 52.2, 1.00
M, 859505, 473335, 915353, 1124171, 482701, 130674, 695743, 166553, 35.2, 52.2, 1.00
M, 859701, 473486, 915774, 1124572, 482904, 130739, 695919, 166593, 35.2, 52.2, 1.00
M, 859982, 473598, 916283, 1125333, 482990, 130794, 696123, 166695, 35.2, 52.2, 0.99
M, 860196, 473779, 916402, 1125287, 483226, 130785, 696226, 166636, 35.2, 52.3, 1.00
M, 860233, 473788, 916754, 1125829, 483236, 130844, 696326, 166756, 35.2, 52.3, 1.00
M, 860539, 474064, 917109, 1126234, 483536, 130919, 696543, 166793, 35.2, 52.3, 1.00
M, 860823, 474057, 917385, 1126291, 483562, 130891, 696760, 166792, 35.2, 52.3, 1.00
M, 861133, 474198, 918010, 1127278, 483747, 130998, 696802, 166875, 35.2, 52.3, 1.00
M, 861431, 474350, 918538, 1127671, 483888, 131035, 697037, 166935, 35.2, 52.3, 1.00
M, 861428, 474397, 918709, 1127941, 484000, 131002, 697173, 166982, 35.2, 52.3, 1.01
M, 862219, 474593, 919529, 1128734, 484186, 131165, 697430, 167064, 35.2, 52.3, 1.00
M, 862508, 474847, 920056, 1129078, 484292, 131124, 697549, 167081, 35.2, 52.3, 1.00
M, 862382, 474848, 920222, 1129213, 484338, 131142, 697676, 167070, 35.2, 52.3, 1.00
M, 862460, 474925, 920353, 1129404, 484526, 131158, 697716, 167044, 35.2, 52.3, 1.00
M, 864450, 475389, 923026, 1131977, 484954, 131382, 698220, 167463, 35.2, 52.3, 0.99
M, 863863, 475510, 922484, 1131422, 484972, 131336, 698215, 167407, 35.2, 52.3, 1.00
M, 863653, 475547, 922508, 1131353, 484985, 131379, 698230, 167370, 35.2, 52.3, 0.99
M, 863119, 475484, 922030, 1130760, 484910, 131313, 698163, 167132, 35.2, 52.3, 1.00
M, 863169, 475524, 922224, 1130994, 484914, 131322, 698276, 167165, 35.2, 52.3, 1.00
M, 863121, 475549, 922389, 1131224, 485074, 131343, 698405, 167238, 35.2, 52.3, 1.00
M, 863399, 475554, 922679, 1131473, 485153, 131375, 698481, 167267, 35.2, 52.3, 1.00
M, 863944, 475831, 923503, 1132047, 485361, 131393, 698671, 167309, 35.2, 52.3, 1.00
M, 863930, 475855, 923638, 1132145, 485398, 131440, 698756, 167332, 35.2, 52.3, 1.00
M, 864327, 475967, 924246, 1132773, 485533, 131502, 698910, 167421, 35.2, 52.3, 1.00
M, 864123, 476039, 924229, 1132715, 485663, 131487, 699017, 167351, 35.2, 52.3, 1.00
M, 864113, 476012, 924524, 1132995, 485632, 131535, 698959, 167452, 35.2, 52.3, 0.99
M, 864348, 476201, 924925, 1133044, 485808, 131509, 699169, 167377, 35.2, 52.3, 0.99
M, 864433, 476183, 925043, 1133213, 485825, 131524, 699168, 167455, 35.2, 52.3, 0.99
M, 864652, 476283, 925722, 1133994, 485924, 131586, 699421, 167541, 35.2, 52.3, 1.00
M, 864883, 476357, 926132, 1134306, 485993, 131615, 699464, 167540, 35.2, 52.3, 1.01
M, 865010, 476398, 926444, 1134412, 486081, 131637, 699572, 167572, 35.2, 52.3, 1.01
M, 865504, 476530, 927154, 1135216, 486265, 131711, 699814, 167670, 35.2, 52.3, 1.00
M, 865688, 476712, 927482, 1135278, 486358, 131714, 699824, 167685, 35.2, 52.3, 1.00
M, 865736, 476716, 927593, 1135282, 486378, 131796, 699899, 167577, 35.2, 52.4, 1.00
M, 867059, 477016, 929783, 1137460, 486724, 131913, 700261, 167995, 35.2, 52.4, 1.01
M, 866861, 477265, 929663, 1137058, 486737, 131895, 700246, 167898, 35.2, 52.4, 0.99
M, 866611, 477241, 929549, 1136956, 486718, 131927, 700272, 167937, 35.2, 52.4, 1.00
M, 866602, 477265, 929819, 1137086, 486726, 131908, 700293, 167934, 35.2, 52.4, 1.01
M, 866720, 477335, 930328, 1137159, 486880, 131975, 700406, 167864, 35.2, 52.4, 1.01
M, 866494, 477314, 930222, 1137057, 486842, 131970, 700376, 167837, 35.2, 52.4, 0.99
M, 866766, 477349, 930737, 1137456, 486970, 132001, 700387, 167891, 35.2, 52.4, 1.00
M, 866659, 477400, 930959, 1137684, 486920, 131916, 700455, 167906, 35.2, 52.4, 1.01
M, 866994, 477478, 931477, 1138065, 487067, 132065, 700567, 167996, 35.2, 52.4, 1.00
M, 867121, 477544, 931614, 1137948, 487147, 132039, 700665, 167942, 35.2, 52.4, 1.01
M, 867033, 477536, 931970, 1138246, 487206, 132093, 700645, 167935, 35.2, 52.4, 1.00
M, 866778, 477673, 931924, 1138109, 487199, 132032, 700695, 167934, 35.2, 52.4, 1.01
M, 866634, 477539, 932012, 1138113, 487151, 132072, 700670, 167955, 35.2, 52.4, 1.00
M, 867144, 477645, 932780, 1138677, 487343, 132113, 700824, 168041, 35.2, 52.4, 1.00
M, 867312, 477703, 933159, 1138923, 487321, 132145, 700938, 168083, 35.2, 52.4, 1.00
M, 867387, 477808, 933502, 1138967, 487405, 132153, 701004, 167980, 35.2, 52.4, 1.00
M, 867014, 477699, 933165, 1138561, 487358, 132156, 700982, 167906, 35.2, 52.5, 1.01
M, 866782, 477686, 933189, 1138622, 487329, 132151, 700966, 167956, 35.2, 52.5, 1.01
M, 867180, 477813, 933815, 1139132, 487522, 132194, 701129, 168033, 35.2, 52.5, 1.00
M, 867126, 477789, 934128, 1139326, 487479, 132265, 701213, 168092, 35.2, 52.5, 1.01
M, 869214, 478231, 936620, 1141493, 487949, 132431, 701561, 168501, 35.2, 52.5, 1.00
M, 868593, 478303, 936402, 1141002, 487937, 132340, 701520, 168303, 35.2, 52.5, 1.01
M, 867887, 478167, 935718, 1140196, 487755, 132254, 701384, 168138, 35.2, 52.5, 1.00
M, 867479, 478016, 935405, 1139676, 487652, 132228, 701249, 168059, 35.2, 52.5, 1.00
M, 867420, 478052, 935516, 1139953, 487720, 132265, 701369, 168105, 35.2, 52.5, 0.99
M, 867219, 477986, 935210, 1139307, 487680, 132199, 701252, 167967, 35.2, 52.5, 0.99
M, 867296, 477880, 935415, 1139538, 487753, 132222, 701406, 168014, 35.2, 52.5, 1.00
M, 867588, 477919, 936229, 1140252, 487812, 132365, 701460, 168039, 35.2, 52.5, 1.00
M, 867747, 478024, 936613, 1140464, 487894, 132324, 701544, 168070, 35.2, 52.5, 0.99
M, 868027, 478078, 937157, 1140933, 488022, 132407, 701689, 168251, 35.2, 52.5, 1.00
M, 868143, 478156, 937403, 1140908, 488063, 132376, 701775, 168186, 35.2, 52.5, 1.00
M, 868147, 478188, 937591, 1140905, 488074, 132398, 701798, 168158, 35.2, 52.5, 1.01
M, 868070, 478300, 937660, 1140883, 488118, 132374, 701769, 168109, 35.2, 52.5, 1.01
M, 868063, 478127, 937961, 1141048, 488147, 132436, 701839, 168156, 35.2, 52.5, 0.99
M, 868449, 478297, 938661, 1141721, 488219, 132474, 702046, 168277, 35.2, 52.5, 1.00
M, 868627, 478348, 939192, 1142089, 488360, 132537, 702085, 168317, 35.2, 52.5, 1.00
M, 868985, 478329, 939593, 1142148, 488416, 132541, 702145, 168329, 35.2, 52.5, 0.99
M, 868957, 478361, 939767, 1142091, 488365, 132527, 702189, 168303, 35.2, 52.5, 1.00
M, 868884, 478416, 940025, 1142428, 488488, 132528, 702233, 168283, 35.2, 52.5, 1.00
M, 869039, 478517, 940592, 1142906, 488595, 132632, 702288, 168409, 35.2, 52.5, 1.01
M, 870566, 478773, 942752, 1144570, 488915, 132774, 702640, 168778, 35.2, 52.5, 0.99
M, 870439, 478984, 942767, 1144427, 488953, 132793, 702662, 168664, 35.1, 52.5, 1.00
M, 869777, 478889, 942197, 1143596, 488842, 132677, 702502, 168505, 35.1, 52.5, 1.00
M, 869245, 478701, 941564, 1142924, 488689, 132655, 702363, 168320, 35.2, 52.5, 0.99
M, 868934, 478577, 941623, 1142964, 488608, 132632, 702399, 168292, 35.2, 52.5, 1.00
M, 869377, 478736, 942354, 1143501, 488761, 132735, 702489, 168417, 35.2, 52.5, 1.00
M, 869198, 478726, 942426, 1143554, 488759, 132712, 702441, 168468, 35.2, 52.5, 1.00
M, 869866, 478890, 943314, 1144079, 488938, 132700, 702683, 168589, 35.2, 52.5, 0.98
M, 869928, 478876, 943711, 1144144, 488929, 132685, 702650, 168497, 35.2, 52.5, 1.00
M, 869756, 478919, 943886, 1144206, 488944, 132739, 702724, 168575, 35.2, 52.5, 1.00
M, 869938, 478947, 944291, 1144381, 488998, 132833, 702703, 168571, 35.2, 52.5, 1.00
M, 869699, 478928, 944175, 1144214, 488996, 132811, 702734, 168458, 35.2, 52.5, 1.00
M, 869536, 478859, 944277, 1144210, 488968, 132831, 702698, 168520, 35.2, 52.5, 1.00
M, 869712, 478946, 944707, 1144203, 489095, 132837, 702873, 168470, 35.1, 52.5, 0.99
M, 869607, 478951, 944787, 1144307, 489025, 132837, 702737, 168469, 35.1, 52.5, 0.99
M, 869870, 478945, 945318, 1144707, 489059, 132836, 702868, 168544, 35.1, 52.5, 1.00
M, 869828, 478955, 945580, 1144909, 489184, 132869, 702920, 168576, 35.1, 52.5, 1.01
M, 870033, 478946, 945853, 1144950, 489254, 132831, 702914, 168582, 35.1, 52.5, 1.00
M, 870451, 479035, 946691, 1145529, 489323, 132879, 703065, 168726, 35.1, 52.5, 1.01
M, 870346, 479111, 946859, 1145480, 489322, 132875, 703039, 168614, 35.1, 52.5, 1.00
M, 871899, 479350, 948960, 1147269, 489643, 133098, 703348, 168965, 35.1, 52.5, 1.00
M, 871525, 479451, 948653, 1146861, 489575, 133029, 703367, 168807, 35.1, 52.5, 1.00
M, 871159, 479311, 948603, 1146698, 489578, 133092, 703347, 168849, 35.1, 52.5, 1.00
M, 871331, 479457, 949037, 1146540, 489646, 133031, 703342, 168806, 35.1, 52.5, 1.00
M, 871002, 479397, 948872, 1146373, 489546, 133112, 703287, 168717, 35.2, 52.6, 0.99
M, 870728, 479292, 948917, 1146375, 489463, 133065, 703218, 168667, 35.2, 52.6, 1.00
M, 870843, 479366, 949310, 1146568, 489589, 133071, 703262, 168717, 35.1, 52.6, 0.99
M, 870767, 479266, 949405, 1146382, 489532, 133097, 703221, 168785, 35.1, 52.6, 0.99
M, 870956, 479356, 949961, 1146743, 489628, 133095, 703376, 168834, 35.1, 52.6, 1.00
M, 870887, 479394, 949988, 1146506, 489575, 133108, 703314, 168774, 35.1, 52.6, 1.00
M, 870653, 479228, 949899, 1146190, 489545, 133021, 703246, 168662, 35.1, 52.6, 1.01
M, 870700, 479260, 950392, 1146716, 489528, 133121, 703316, 168735, 35.1, 52.6, 1.00
M, 869916, 479232, 949730, 1145820, 489514, 133030, 703257, 168593, 35.1, 52.6, 1.01
M, 869993, 479039, 949751, 1145829, 489394, 133063, 703132, 168634, 35.1, 52.6, 0.99
M, 869901, 479092, 950009, 1145730, 489552, 133043, 703216, 168589, 35.1, 52.6, 1.00
M, 869972, 479070, 950273, 1145841, 489459, 133055, 703192, 168588, 35.1, 52.6, 0.99
M, 869959, 478996, 950308, 1145940, 489547, 133051, 703240, 168623, 35.1, 52.6, 1.00
M, 870389, 479085, 951007, 1146286, 489512, 133068, 703387, 168646, 35.1, 52.6, 1.01
M, 870468, 479046, 951337, 1146555, 489605, 133085, 703444, 168755, 35.1, 52.6, 1.00
M, 870893, 479147, 952170, 1147190, 489768, 133148, 703585, 168883, 35.1, 52.6, 1.01
M, 872853, 479521, 954850, 1149311, 490173, 133357, 704023, 169195, 35.1, 52.6, 1.01
M, 872011, 479546, 954168, 1148478, 490083, 133251, 703826, 168909, 35.1, 52.6, 1.00
M, 871535, 479591, 953764, 1148017, 489941, 133343, 703649, 168906, 35.1, 52.6, 1.00
M, 870902, 479389, 953268, 1147402, 489869, 133160, 703597, 168761, 35.1, 52.6, 1.00
M, 870653, 479286, 952983, 1146929, 489782, 133206, 703511, 168775, 35.1, 52.6, 1.00
M, 870732, 479263, 953371, 1147205, 489783, 133152, 703564, 168733, 35.1, 52.6, 0.99
M, 870796, 479237, 952367, 1145960, 489830, 133139, 703602, 168587, 35.1, 52.6, 1.00
M, 870502, 479121, 953099, 1146613, 489747, 133142, 703556, 168637, 35.1, 52.6, 1.00
M, 869367, 478882, 952252, 1145808, 489594, 133021, 703287, 168472, 35.1, 52.6, 1.00
M, 870296, 478982, 953491, 1146840, 489751, 133140, 703529, 168645, 35.1, 52.6, 0.98
M, 870779, 479066, 954160, 1147176, 489891, 133138, 703696, 168761, 35.1, 52.6, 1.01
M, 870677, 479042, 954305, 1147121, 489887, 133107, 703705, 168715, 35.1, 52.6, 0.99
M, 871013, 479128, 954957, 1147841, 489981, 133185, 703822, 168805, 35.1, 52.6, 1.00
M, 870970, 479231, 954998, 1147440, 489999, 133156, 703804, 168782, 35.1, 52.6, 1.00
M, 871103, 479159, 955386, 1147935, 489994, 133209, 703880, 168785, 35.1, 52.6, 1.01
M, 871025, 479228, 955748, 1147929, 490204, 133256, 703992, 168808, 35.1, 52.6, 1.01
M, 871140, 479147, 955772, 1147904, 490068, 133204, 703883, 168690, 35.1, 52.6, 1.01
M, 871487, 479256, 956487, 1148562, 490169, 133238, 703968, 168884, 35.1, 52.6, 1.00
M, 871638, 479238, 957007, 1148805, 490251, 133292, 704073, 168866, 35.1, 52.7, 0.99
M, 871572, 479335, 957186, 1148829, 490270, 133306, 704097, 168913, 35.1, 52.7, 1.00
M, 873557, 479690, 959935, 1151298, 490691, 133591, 704524, 169444, 35.1, 52.6, 1.01
M, 873281, 479854, 959714, 1150547, 490698, 133452, 704424, 169133, 35.1, 52.6, 1.00
M, 872327, 479685, 959031, 1149710, 490483, 133436, 704200, 169007, 35.1, 52.7, 0.99
M, 872073, 479535, 958837, 1149469, 490380, 133345, 704169, 168907, 35.1, 52.7, 1.00
M, 871946, 479519, 959040, 1149379, 490341, 133409, 704161, 168947, 35.1, 52.7, 1.00
M, 872260, 479519, 959576, 1149957, 490457, 133442, 704273, 169089, 35.1, 52.7, 1.01
M, 872361, 479691, 960006, 1150000, 490519, 133493, 704276, 169016, 35.1, 52.7, 1.01
M, 872479, 479658, 960512, 1150071, 490503, 133442, 704314, 169004, 35.1, 52.7, 1.00
M, 872313, 479658, 960657, 1150066, 490565, 133468, 704236, 168988, 35.1, 52.7, 1.00
M, 872175, 479648, 960668, 1150099, 490474, 133478, 704193, 169040, 35.1, 52.7, 1.01
M, 872553, 479748, 961289, 1150466, 490559, 133549, 704341, 169129, 35.1, 52.7, 0.98
M, 872468, 479671, 961454, 1150384, 490552, 133527, 704324, 169091, 35.1, 52.7, 1.00
M, 872721, 479831, 962161, 1150500, 490701, 133544, 704407, 169046, 35.1, 52.7, 0.99
M, 872501, 479768, 962089, 1150479, 490656, 133555, 704354, 168997, 35.1, 52.7, 1.00
M, 872273, 479858, 962166, 1150199, 490648, 133482, 704300, 168988, 35.1, 52.7, 0.99
M, 872138, 479720, 962200, 1150301, 490527, 133516, 704199, 169054, 35.1, 52.7, 1.00
M, 872091, 479705, 962227, 1149818, 490510, 133466, 704283, 168892, 35.1, 52.7, 1.00
M, 871984, 479662, 962334, 1149804, 490498, 133487, 704222, 168912, 35.1, 52.7, 1.01
M, 872045, 479613, 962803, 1150288, 490552, 133519, 704271, 168940, 35.1, 52.7, 1.00
M, 872111, 479615, 963119, 1150386, 490578, 133503, 704309, 168991, 35.1, 52.7, 1.00
A, 878914, 480619, 971601, 1158108, 491756, 134372, 705747, 170870, 35.1, 52.7, 0.00
A, 889151, 483306, 987003, 1172158, 494216, 135799, 707976, 173668, 35.2, 52.7, 0.62
A, 897819, 486238, 1000107, 1183178, 496085, 137048, 709318, 175597, 35.2, 52.7, 0.75
A, 902946, 488448, 1009217, 1190075, 497236, 137977, 710140, 176834, 35.2, 52.7, 0.84
A, 906260, 490180, 1016164, 1194957, 497886, 138735, 710622, 177571, 35.2, 52.7, 0.89
A, 908338, 491783, 1022089, 1198295, 498346, 139390, 710732, 178130, 35.1, 52.7, 0.94
A, 909243, 492921, 1026345, 1200232, 498490, 139906, 710599, 178450, 35.1, 52.7, 0.96
A, 909926, 494199, 1030396, 1201666, 498507, 140453, 710197, 178723, 35.1, 52.7, 0.98
A, 909508, 495254, 1033731, 1202008, 498315, 140783, 709647, 178796, 35.1, 52.7, 0.99
A, 908622, 495962, 1036001, 1201515, 497867, 141145, 708947, 178797, 35.1, 52.7, 0.99
A, 907572, 496486, 1037653, 1200738, 497491, 141407, 708193, 178760, 35.1, 52.7, 0.99
A, 906498, 497015, 1039739, 1200062, 497019, 141633, 707473, 178743, 35.1, 52.7, 1.00
A, 905059, 497359, 1040873, 1198886, 496486, 141745, 706674, 178654, 35.1, 52.7, 1.00
A, 903699, 497852, 1042332, 1197174, 495830, 141987, 705689, 178508, 35.1, 52.7, 1.00
A, 901708, 497950, 1043032, 1195624, 495163, 141956, 704860, 178337, 35.1, 52.7, 1.00
A, 899622, 498003, 1043488, 1193231, 494459, 142163, 703821, 178168, 35.1, 52.7, 0.99
A, 898155, 497981, 1043867, 1191801, 493781, 142180, 703058, 178015, 35.1, 52.7, 1.00
A, 895727, 497914, 1043931, 1188887, 492910, 142254, 701854, 177803, 35.1, 52.7, 0.99
A, 894315, 497723, 1044097, 1187313, 492318, 142280, 701096, 177642, 35.1, 52.7, 1.00
A, 893047, 497596, 1044776, 1186153, 491753, 142319, 700392, 177572, 35.1, 52.7, 1.00
A, 893257, 497819, 1047170, 1186255, 491426, 142513, 699924, 177877, 35.1, 52.7, 1.00
A, 890999, 497610, 1046438, 1183505, 490715, 142460, 699076, 177514, 35.1, 52.7, 1.00
A, 889192, 497207, 1046116, 1181488, 489974, 142434, 698156, 177329, 35.1, 52.6, 1.00
A, 887301, 496847, 1045680, 1178767, 489197, 142302, 697250, 177066, 35.1, 52.6, 1.00
A, 885570, 496412, 1045197, 1176584, 488446, 142203, 696400, 176778, 35.1, 52.7, 1.00
A, 883443, 495903, 1044251, 1174498, 487768, 142157, 695634, 176592, 35.1, 52.7, 1.00
A, 882858, 495517, 1045035, 1173605, 487328, 142191, 695170, 176584, 35.1, 52.7, 0.99
A, 882074, 495310, 1045419, 1172318, 486830, 142161, 694543, 176518, 35.1, 52.7, 1.00
A, 881526, 495153, 1046288, 1171744, 486495, 142251, 694123, 176582, 35.1, 52.6, 1.00
A, 880506, 494879, 1046561, 1170292, 485963, 142230, 693528, 176528, 35.1, 52.6, 1.00
A, 879656, 494558, 1046537, 1168894, 485456, 142208, 692891, 176293, 35.1, 52.6, 1.00
A, 878702, 494220, 1046721, 1167887, 485016, 142196, 692439, 176258, 35.1, 52.6, 1.00
A, 878077, 493942, 1046518, 1166446, 484546, 142117, 691854, 176150, 35.1, 52.7, 1.00
A, 876978, 493600, 1046859, 1165583, 484140, 142053, 691438, 176191, 35.1, 52.7, 1.00
A, 876453, 493286, 1047426, 1164425, 483788, 142075, 690927, 176019, 35.1, 52.6, 1.00
A, 875511, 492934, 1047416, 1163421, 483315, 142040, 690359, 175901, 35.1, 52.6, 1.00
A, 874450, 492571, 1047018, 1161805, 482822, 141970, 689899, 175777, 35.1, 52.6, 1.00
A, 873829, 492188, 1047109, 1161003, 482468, 142004, 689472, 175779, 35.1, 52.6, 1.00
A, 873484, 492014, 1047745, 1160546, 482191, 141920, 689153, 175773, 35.1, 52.6, 1.00
A, 872887, 491670, 1047915, 1159737, 481907, 141904, 688741, 175759, 35.1, 52.6, 1.00
A, 873992, 491722, 1050597, 1160665, 481783, 142116, 688662, 176034, 35.1, 52.6, 1.00
A, 872506, 491348, 1049504, 1158541, 481331, 141917, 688137, 175693, 35.1, 52.6, 1.00
A, 871121, 490878, 1048563, 1157216, 480873, 141889, 687506, 175491, 35.1, 52.6, 1.00
A, 870282, 490499, 1048317, 1156010, 480457, 141758, 687149, 175398, 35.1, 52.6, 1.00
A, 869704, 490199, 1048241, 1154939, 480157, 141783, 686772, 175385, 35.1, 52.6, 1.00
A, 869529, 489877, 1048818, 1154726, 479915, 141764, 686576, 175415, 35.1, 52.6, 1.00
A, 868864, 489628, 1048880, 1153900, 479652, 141711, 686174, 175219, 35.1, 52.6, 1.00
A, 868280, 489290, 1048672, 1152875, 479340, 141633, 685802, 175180, 35.1, 52.6, 1.00
A, 867692, 488976, 1048651, 1152113, 478992, 141599, 685436, 175098, 35.1, 52.6, 1.00
A, 867539, 488773, 1049008, 1151804, 478838, 141622, 685269, 175089, 35.1, 52.7, 1.00
A, 866899, 488459, 1048621, 1150416, 478563, 141510, 684826, 174958, 35.1, 52.7, 1.00
A, 866242, 488105, 1048514, 1149543, 478173, 141363, 684597, 174818, 35.1, 52.6, 1.00
A, 865641, 487828, 1048492, 1149099, 477898, 141363, 684285, 174728, 35.1, 52.6, 1.00
A, 865394, 487592, 1048792, 1148825, 477778, 141362, 684090, 174863, 35.1, 52.6, 1.00
A, 865000, 487258, 1048615, 1147945, 477575, 141358, 683792, 174760, 35.1, 52.6, 1.01
A, 864695, 487179, 1048907, 1147423, 477379, 141261, 683548, 174684, 35.1, 52.6, 1.00
A, 864093, 486807, 1048658, 1146527, 477055, 141212, 683269, 174651, 35.1, 52.6, 1.00
A, 863553, 486598, 1048456, 1145596, 476878, 141176, 682988, 174464, 35.1, 52.6, 1.00
A, 863195, 486278, 1048453, 1145369, 476571, 141103, 682727, 174442, 35.1, 52.6, 1.00
A, 863135, 486204, 1048786, 1145201, 476447, 141122, 682557, 174554, 35.1, 52.6, 1.00
A, 864320, 486249, 1051130, 1146599, 476627, 141284, 682732, 174903, 35.1, 52.6, 0.99
A, 863457, 486037, 1050273, 1145050, 476327, 141090, 682402, 174492, 35.1, 52.6, 1.00
A, 862760, 485626, 1049886, 1144124, 476102, 140998, 682054, 174342, 35.1, 52.6, 1.00
A, 862092, 485371, 1049572, 1143562, 475801, 141037, 681812, 174301, 35.1, 52.6, 1.00
A, 862026, 485257, 1049902, 1143319, 475754, 140979, 681699, 174310, 35.1, 52.6, 1.00
A, 861548, 485012, 1049737, 1142475, 475500, 140865, 681447, 174252, 35.1, 52.6, 0.99
A, 861362, 484878, 1049833, 1142351, 475389, 140910, 681340, 174305, 35.1, 52.6, 1.00
A, 861220, 484669, 1049810, 1141618, 475207, 140861, 681175, 174172, 35.1, 52.6, 1.00
A, 860774, 484457, 1049722, 1140931, 474988, 140827, 680886, 174067, 35.1, 52.6, 1.00
A, 860597, 484216, 1049929, 1141011, 474867, 140799, 680760, 174147, 35.1, 52.6, 1.00
A, 860101, 484053, 1049824, 1140421, 474745, 140703, 680617, 174063, 35.1, 52.6, 1.00
A, 859872, 483913, 1049606, 1139935, 474529, 140691, 680418, 174064, 35.1, 52.6, 1.00
A, 859954, 483871, 1050186, 1139985, 474461, 140661, 680383, 174149, 35.1, 52.6, 1.00
A, 859723, 483710, 1050276, 1139519, 474406, 140633, 680145, 174009, 35.1, 52.6, 1.00
A, 859255, 483417, 1050042, 1138899, 474187, 140565, 680022, 173887, 35.1, 52.6, 1.00
A, 859250, 483285, 1050373, 1138926, 474123, 140527, 679872, 173949, 35.1, 52.6, 1.00
A, 858591, 483134, 1049866, 1137912, 473986, 140464, 679733, 173831, 35.1, 52.6, 1.01
A, 857857, 482849, 1049186, 1137242, 473647, 140426, 679412, 173722, 35.1, 52.6, 1.00
A, 857798, 482814, 1049373, 1136843, 473584, 140356, 679308, 173623, 35.1, 52.6, 1.00
A, 857603, 482512, 1049370, 1136543, 473411, 140287, 679153, 173594, 35.1, 52.6, 1.00
A, 859082, 482668, 1051726, 1138355, 473619, 140525, 679384, 174025, 35.1, 52.6, 1.00
A, 858480, 482682, 1051031, 1137262, 473514, 140417, 679215, 173800, 35.1, 52.6, 1.00
A, 857644, 482351, 1050376, 1136457, 473285, 140225, 678939, 173701, 35.1, 52.6, 1.00
A, 857456, 482266, 1050339, 1136091, 473151, 140247, 678860, 173589, 35.1, 52.6, 1.00
A, 856677, 481853, 1049538, 1134821, 472905, 140149, 678535, 173418, 35.1, 52.6, 0.99
A, 855992, 481599, 1048922, 1134070, 472667, 140018, 678304, 173248, 35.1, 52.7, 1.00
A, 855777, 481408, 1048792, 1133885, 472585, 140013, 678271, 173283, 35.1, 52.7, 1.00
A, 856153, 481469, 1049642, 1134274, 472651, 140057, 678304, 173430, 35.1, 52.6, 1.00
A, 856289, 481389, 1049693, 1133920, 472605, 139990, 678230, 173367, 35.1, 52.6, 0.99
A, 856124, 481314, 1049628, 1133708, 472434, 139908, 678168, 173269, 35.1, 52.6, 0.99
A, 855767, 481145, 1049771, 1133619, 472395, 139936, 678021, 173298, 35.1, 52.6, 0.99
A, 856074, 481095, 1050181, 1133729, 472448, 139902, 677969, 173364, 35.1, 52.6, 1.00
A, 855949, 481069, 1050375, 1133560, 472320, 139898, 677882, 173342, 35.1, 52.6, 1.00
A, 856158, 481012, 1050973, 1133865, 472369, 139934, 677906, 173425, 35.1, 52.6, 1.00
A, 856169, 481006, 1051056, 1133419, 472279, 139864, 677832, 173300, 35.1, 52.6, 1.00
A, 855693, 480812, 1050841, 1132930, 472082, 139758, 677616, 173238, 35.1, 52.6, 1.01
A, 855656, 480746, 1051057, 1133096, 472135, 139778, 677620, 173254, 35.1, 52.6, 1.00
A, 855207, 480694, 1050595, 1132225, 471938, 139746, 677386, 173143, 35.1, 52.7, 0.98
A, 854978, 480461, 1050480, 1132022, 471871, 139716, 677338, 173147, 35.1, 52.7, 1.01
A, 854758, 480501, 1050572, 1131733, 471758, 139636, 677253, 173084, 35.1, 52.6, 1.00
A, 855655, 480429, 1052268, 1133027, 471933, 139761, 677378, 173285, 35.1, 52.6, 1.01
A, 855266, 480442, 1051754, 1132327, 471823, 139716, 677274, 173234, 35.1, 52.6, 1.01
A, 854690, 480291, 1051194, 1131724, 471607, 139619, 676986, 173096, 35.1, 52.6, 1.00
A, 854506, 480150, 1051187, 1131520, 471478, 139566, 676915, 173129, 35.1, 52.6, 1.01
A, 854801, 480152, 1051807, 1131737, 471603, 139630, 676961, 173169, 35.1, 52.7, 0.99
A, 854879, 480194, 1052127, 1131586, 471522, 139558, 676869, 173076, 35.1, 52.7, 0.99
A, 854690, 480050, 1051974, 1131317, 471403, 139518, 676770, 173065, 35.1, 52.6, 1.00
A, 854222, 479852, 1051764, 1130976, 471354, 139463, 676657, 173084, 35.1, 52.6, 0.99
A, 854546, 479901, 1052197, 1131121, 471368, 139479, 676679, 173115, 35.1, 52.6, 0.99
A, 854353, 479854, 1052227, 1130920, 471281, 139456, 676550, 173043, 35.1, 52.6, 0.99
A, 854464, 479893, 1052173, 1130239, 471287, 139435, 676536, 173029, 35.1, 52.6, 1.01
A, 854050, 479749, 1052229, 1130254, 471142, 139378, 676371, 172932, 35.1, 52.6, 1.00
A, 854089, 479719, 1052726, 1130543, 471103, 139377, 676389, 173054, 35.1, 52.6, 1.01
A, 853819, 479598, 1052443, 1130211, 470970, 139370, 676329, 172933, 35.1, 52.6, 1.01
A, 853861, 479605, 1052793, 1130278, 470963, 139323, 676243, 173004, 35.1, 52.7, 1.01
A, 853849, 479502, 1052887, 1129915, 470995, 139330, 676158, 172894, 35.1, 52.7, 1.01
A, 853531, 479486, 1052578, 1129523, 470853, 139252, 676024, 172810, 35.1, 52.7, 1.01
A, 853370, 479396, 1052734, 1129507, 470839, 139224, 676013, 172879, 35.1, 52.7, 0.99
A, 852884, 479262, 1052287, 1128840, 470700, 139180, 675911, 172731, 35.1, 52.6, 0.99
A, 852567, 479145, 1051899, 1128466, 470503, 139124, 675709, 172701, 35.1, 52.6, 0.99
A, 854315, 479458, 1054486, 1130331, 470928, 139351, 676070, 173087, 35.1, 52.7, 0.99
A, 854024, 479393, 1054381, 1129776, 470847, 139287, 675939, 172958, 35.1, 52.7, 1.01
A, 853710, 479323, 1054317, 1129807, 470694, 139220, 675856, 172863, 35.1, 52.7, 1.01
A, 853408, 479256, 1054094, 1129477, 470594, 139225, 675699, 172908, 35.1, 52.7, 1.01
A, 853098, 479144, 1053753, 1128890, 470558, 139143, 675618, 172829, 35.1, 52.7, 1.00
A, 853198, 479100, 1054150, 1129006, 470513, 139173, 675561, 172874, 35.1, 52.7, 1.01
A, 852960, 479090, 1054066, 1128531, 470387, 139074, 675544, 172721, 35.1, 52.7, 1.00
A, 852463, 478985, 1053655, 1128083, 470262, 139010, 675339, 172644, 35.1, 52.6, 1.00
A, 852486, 478961, 1053807, 1128084, 470222, 138987, 675309, 172638, 35.1, 52.6, 0.99
A, 852202, 478751, 1053661, 1127934, 470052, 138887, 675185, 172651, 35.1, 52.7, 1.01
A, 852038, 478715, 1053539, 1127655, 470083, 138964, 675183, 172636, 35.1, 52.7, 1.01
A, 852195, 478671, 1053955, 1127773, 470167, 138923, 675188, 172671, 35.1, 52.6, 1.01
A, 852169, 478650, 1053996, 1127487, 470010, 138858, 675137, 172598, 35.1, 52.6, 1.00
A, 851827, 478522, 1053740, 1127202, 469931, 138853, 674993, 172538, 35.1, 52.7, 1.00
A, 851782, 478551, 1053783, 1127234, 469912, 138873, 675012, 172488, 35.1, 52.7, 1.00
A, 851648, 478451, 1053702, 1126851, 469850, 138763, 674897, 172518, 35.1, 52.7, 1.00
A, 851721, 478478, 1054089, 1126998, 469833, 138840, 674950, 172567, 35.1, 52.7, 1.00
A, 851186, 478314, 1053382, 1126182, 469712, 138692, 674765, 172443, 35.1, 52.7, 1.01
A, 850977, 478142, 1053455, 1126010, 469658, 138633, 674661, 172407, 35.1, 52.7, 1.01
A, 850699, 478163, 1053025, 1125706, 469565, 138658, 674631, 172304, 35.1, 52.7, 1.01
A, 851695, 478172, 1054743, 1127054, 469740, 138753, 674811, 172605, 35.1, 52.7, 1.00
A, 850806, 478156, 1053458, 1125597, 469603, 138549, 674590, 172316, 35.1, 52.7, 0.99
A, 850266, 477851, 1052701, 1124756, 469350, 138456, 674330, 172032, 35.1, 52.7, 1.00
A, 849792, 477764, 1052530, 1124738, 469282, 138430, 674247, 172126, 35.1, 52.7, 1.00
A, 849421, 477499, 1051917, 1124125, 469100, 138338, 674137, 171958, 35.1, 52.7, 1.00
A, 849733, 477489, 1052162, 1124304, 469201, 138389, 674185, 172114, 35.1, 52.7, 0.99
A, 850085, 477527, 1052890, 1124767, 469187, 138366, 674343, 172255, 35.1, 52.7, 1.01
A, 850304, 477598, 1052901, 1124506, 469320, 138391, 674329, 172072, 35.1, 52.7, 0.99
A, 850103, 477431, 1052801, 1124274, 469260, 138317, 674265, 172056, 35.1, 52.7, 1.00
A, 850208, 477458, 1053223, 1124805, 469253, 138341, 674297, 172112, 35.1, 52.7, 0.99
A, 850188, 477473, 1053262, 1124679, 469294, 138297, 674254, 172115, 35.1, 52.7, 1.00
A, 850161, 477345, 1053119, 1124495, 469196, 138338, 674136, 172132, 35.1, 52.7, 1.00
A, 850542, 477455, 1053960, 1124914, 469280, 138347, 674289, 172213, 35.1, 52.7, 1.00
A, 850441, 477406, 1053918, 1124777, 469298, 138234, 674296, 172158, 35.1, 52.7, 1.00
A, 850258, 477370, 1053781, 1124441, 469196, 138214, 674199, 172091, 35.1, 52.7, 1.00
A, 850098, 477327, 1053819, 1124624, 469119, 138222, 674107, 172095, 35.1, 52.7, 1.01
A, 850302, 477312, 1054219, 1124881, 469186, 138216, 674175, 172231, 35.1, 52.7, 1.00
A, 850239, 477288, 1054193, 1124685, 469200, 138193, 674128, 172198, 35.1, 52.7, 0.99
A, 850377, 477375, 1054386, 1124512, 469170, 138169, 674176, 172108, 35.1, 52.7, 1.00
A, 850167, 477331, 1054337, 1124501, 469110, 138132, 674044, 172033, 35.1, 52.7, 1.00
A, 851355, 477535, 1056268, 1126122, 469437, 138278, 674434, 172444, 35.1, 52.6, 1.00
A, 850938, 477513, 1055636, 1125325, 469272, 138223, 674283, 172194, 35.1, 52.6, 1.00
A, 850381, 477465, 1055142, 1124925, 469173, 138189, 674097, 172138, 35.1, 52.6, 1.00
A, 850309, 477381, 1055209, 1124833, 469122, 138187, 674096, 172168, 35.1, 52.7, 1.00
A, 850257, 477352, 1055120, 1124512, 469087, 138116, 673981, 172096, 35.1, 52.7, 1.00
A, 849839, 477208, 1054597, 1123808, 468961, 138015, 673921, 171976, 35.1, 52.7, 1.00
A, 849616, 477148, 1054512, 1123961, 468905, 137977, 673881, 171936, 35.1, 52.7, 1.01
A, 849862, 477223, 1054924, 1124243, 469027, 138021, 673882, 171977, 35.1, 52.7, 1.00
A, 849744, 477157, 1054711, 1123906, 468931, 137988, 673870, 172005, 35.1, 52.7, 1.00
A, 850042, 477152, 1055219, 1124167, 468901, 138016, 673905, 172096, 35.1, 52.7, 1.00
A, 849981, 477080, 1055432, 1124202, 468908, 138016, 673831, 172009, 35.1, 52.7, 1.00
A, 849692, 477164, 1055253, 1123994, 468839, 137938, 673835, 172071, 35.1, 52.7, 1.00
A, 849598, 477068, 1055086, 1123798, 468887, 137940, 673754, 171961, 35.1, 52.7, 1.00
A, 849726, 477011, 1055535, 1124002, 468909, 137911, 673719, 172018, 35.1, 52.7, 1.00
A, 849579, 477014, 1055389, 1123838, 468821, 137892, 673735, 171972, 35.1, 52.7, 1.00
A, 849796, 477069, 1055869, 1124130, 468799, 137883, 673761, 172071, 35.1, 52.7, 1.00
A, 849799, 477095, 1055967, 1124036, 468827, 137852, 673674, 171951, 35.1, 52.7, 0.99
A, 849594, 476877, 1055820, 1123730, 468734, 137848, 673566, 171858, 35.1, 52.7, 1.00
A, 849681, 476924, 1055776, 1123707, 468736, 137893, 673553, 171937, 35.1, 52.7, 1.00
A, 849154, 476850, 1055471, 1123182, 468685, 137744, 673512, 171823, 35.1, 52.7, 0.99
A, 850438, 476937, 1057186, 1124598, 468865, 137893, 673693, 172155, 35.1, 52.7, 1.00
A, 849775, 477057, 1056425, 1123736, 468853, 137827, 673559, 171935, 35.1, 52.7, 1.00
A, 849123, 476850, 1055963, 1123287, 468631, 137726, 673414, 171817, 35.1, 52.7, 1.00
A, 849161, 476856, 1056121, 1123383, 468595, 137753, 673392, 171864, 35.1, 52.7, 1.00
A, 849053, 476763, 1056082, 1123184, 468517, 137670, 673361, 171841, 35.1, 52.7, 1.00
A, 848992, 476716, 1055871, 1122796, 468484, 137605, 673262, 171725, 35.1, 52.7, 1.00
A, 848604, 476652, 1055346, 1122443, 468408, 137634, 673242, 171701, 35.1, 52.7, 1.00
A, 848834, 476639, 1055933, 1122809, 468477, 137611, 673233, 171782, 35.1, 52.7, 1.00
A, 848317, 476525, 1055446, 1122235, 468368, 137519, 673132, 171627, 35.1, 52.7, 1.00
A, 848589, 476526, 1055796, 1122415, 468427, 137589, 673210, 171671, 35.1, 52.7, 1.00
A, 848521, 476524, 1055779, 1122446, 468412, 137525, 673155, 171677, 35.1, 52.7, 1.00
A, 848453, 476522, 1055475, 1122094, 468345, 137472, 673155, 171595, 35.1, 52.7, 1.00
A, 848382, 476457, 1055275, 1121767, 468256, 137446, 673078, 171540, 35.1, 52.7, 1.00
A, 848132, 476322, 1055398, 1121985, 468265, 137390, 673083, 171588, 35.1, 52.7, 1.00
A, 848340, 476397, 1055808, 1122199, 468308, 137438, 673160, 171578, 35.1, 52.7, 1.00
A, 848274, 476330, 1055623, 1122162, 468350, 137480, 673115, 171661, 35.1, 52.7, 1.00
A, 848490, 476429, 1055998, 1122246, 468301, 137454, 673161, 171657, 35.1, 52.7, 1.00
A, 848209, 476370, 1055654, 1121710, 468339, 137348, 673067, 171521, 35.1, 52.7, 1.00
A, 847686, 476212, 1055124, 1121225, 468120, 137278, 672900, 171506, 35.1, 52.7, 1.00
A, 847994, 476153, 1055568, 1121603, 468158, 137230, 672992, 171492, 35.1, 52.7, 1.00
A, 849210, 476510, 1057414, 1123130, 468531, 137428, 673310, 171791, 35.1, 52.7, 1.00
A, 848777, 476429, 1056791, 1122637, 468443, 137431, 673183, 171676, 35.1, 52.7, 1.00
A, 847895, 476304, 1055652, 1121342, 468260, 137212, 672941, 171399, 35.1, 52.7, 1.00
A, 847389, 476031, 1055070, 1120889, 468031, 137130, 672761, 171270, 35.1, 52.7, 1.00
A, 847055, 475993, 1054829, 1120799, 467967, 137134, 672773, 171328, 35.1, 52.7, 1.01
A, 847207, 475913, 1054876, 1120863, 467959, 137114, 672797, 171320, 35.1, 52.7, 1.00
A, 847439, 475933, 1055132, 1121005, 468034, 137120, 672792, 171409, 35.1, 52.7, 1.00
A, 847882, 475980, 1055824, 1121559, 468175, 137146, 672949, 171477, 35.1, 52.7, 1.00
A, 847532, 475891, 1055100, 1120828, 468057, 137054, 672779, 171289, 35.1, 52.7, 1.00
A, 846361, 475674, 1053597, 1119479, 467843, 136916, 672563, 171052, 35.1, 52.7, 1.00
A, 846885, 475583, 1054395, 1120381, 467886, 137034, 672630, 171170, 35.1, 52.7, 1.00
A, 847197, 475671, 1054776, 1120658, 467981, 136997, 672818, 171213, 35.1, 52.7, 1.00
A, 847496, 475683, 1055030, 1120841, 468005, 136977, 672848, 171327, 35.1, 52.7, 1.00
A, 847966, 475790, 1055728, 1121327, 468108, 137046, 672923, 171458, 35.1, 52.7, 1.00
A, 847798, 475769, 1055747, 1121380, 468088, 136980, 672879, 171337, 35.1, 52.7, 1.00
A, 847668, 475746, 1055642, 1121186, 468157, 136930, 672882, 171298, 35.1, 52.7, 1.00
A, 847445, 475663, 1055194, 1120866, 468000, 136892, 672774, 171249, 35.1, 52.7, 1.00
A, 847908, 475753, 1055978, 1121514, 468133, 136894, 672863, 171313, 35.1, 52.8, 1.00
A, 848021, 475699, 1055982, 1121312, 468115, 136905, 672839, 171276, 35.1, 52.8, 1.00
A, 847958, 475751, 1056116, 1121187, 468095, 136884, 672910, 171304, 35.1, 52.7, 1.00
A, 849219, 475989, 1058180, 1123223, 468360, 137077, 673205, 171681, 35.1, 52.7, 1.01
A, 848391, 476053, 1057156, 1122004, 468332, 136941, 673046, 171409, 35.1, 52.7, 1.00
A, 848214, 475853, 1056943, 1121876, 468205, 136980, 672905, 171385, 35.1, 52.7, 1.00
A, 847805, 475973, 1056643, 1121354, 468175, 136943, 672954, 171249, 35.1, 52.7, 1.00
A, 847649, 475753, 1056539, 1121180, 468082, 136861, 672832, 171253, 35.1, 52.7, 1.00
A, 847878, 475770, 1056974, 1121403, 468075, 136911, 672841, 171256, 35.1, 52.7, 1.00
A, 847954, 475834, 1057020, 1121499, 468178, 136858, 672820, 171237, 35.1, 52.8, 1.00
A, 847849, 475814, 1057107, 1121541, 468152, 136853, 672827, 171322, 35.1, 52.8, 1.00
A, 848126, 475827, 1057535, 1121854, 468164, 136956, 672922, 171359, 35.1, 52.7, 1.00
A, 848000, 475785, 1057354, 1121461, 468111, 136805, 672837, 171223, 35.1, 52.7, 1.00
A, 847709, 475721, 1057169, 1121104, 468127, 136809, 672809, 171175, 35.1, 52.7, 1.00
A, 847709, 475766, 1057319, 1121408, 468020, 136822, 672772, 171224, 35.1, 52.7, 1.00
A, 847720, 475681, 1057302, 1121370, 468071, 136815, 672779, 171195, 35.1, 52.7, 1.00
A, 847594, 475693, 1057420, 1121335, 468055, 136768, 672696, 171254, 35.1, 52.7, 1.00
A, 847980, 475765, 1057955, 1121691, 468057, 136800, 672798, 171330, 35.1, 52.8, 1.00
A, 847977, 475760, 1057936, 1121404, 468096, 136828, 672742, 171228, 35.1, 52.8, 1.01
A, 847805, 475708, 1057931, 1121200, 468023, 136725, 672710, 171214, 35.1, 52.7, 0.99
A, 847621, 475747, 1057779, 1121276, 467996, 136768, 672713, 171203, 35.1, 52.7, 1.00
A, 847772, 475681, 1058212, 1121571, 468046, 136760, 672747, 171261, 35.1, 52.7, 1.00
A, 847608, 475734, 1057819, 1121174, 468024, 136631, 672636, 171155, 35.1, 52.7, 1.00
A, 849127, 475898, 1060111, 1122836, 468325, 136870, 672978, 171484, 35.1, 52.7, 1.00
A, 848239, 475961, 1059237, 1122085, 468182, 136751, 672882, 171302, 35.1, 52.7, 1.00
A, 847366, 475814, 1058073, 1120839, 467960, 136637, 672637, 171123, 35.1, 52.7, 1.00
A, 846746, 475635, 1057421, 1120452, 467723, 136593, 672485, 170989, 35.1, 52.7, 1.00
A, 846191, 475528, 1056335, 1119435, 467795, 136464, 672375, 170792, 35.1, 52.7, 1.00
A, 845887, 475331, 1055810, 1118919, 467518, 136435, 672189, 170673, 35.1, 52.7, 1.00
A, 846113, 475229, 1056521, 1119677, 467650, 136458, 672285, 170798, 35.1, 52.7, 1.00
A, 846360, 475237, 1056736, 1119802, 467641, 136377, 672365, 170798, 35.1, 52.8, 1.00
A, 846068, 475218, 1056362, 1119578, 467582, 136412, 672320, 170902, 35.1, 52.8, 1.00
A, 846787, 475351, 1057217, 1120231, 467725, 136447, 672458, 170938, 35.1, 52.7, 1.00
A, 846998, 475299, 1057425, 1120285, 467763, 136430, 672501, 170956, 35.1, 52.7, 1.00
A, 846855, 475331, 1057226, 1119925, 467735, 136368, 672442, 170863, 35.1, 52.7, 1.00
A, 846662, 475261, 1057176, 1119996, 467766, 136406, 672416, 170907, 35.1, 52.7, 1.00
A, 846991, 475195, 1057773, 1120501, 467827, 136370, 672512, 170972, 35.1, 52.8, 1.01
A, 847006, 475276, 1057726, 1120573, 467795, 136418, 672498, 170977, 35.1, 52.8, 1.00
A, 847291, 475340, 1058387, 1120984, 467883, 136460, 672556, 171046, 35.1, 52.8, 1.00
A, 847433, 475405, 1058548, 1120848, 467951, 136452, 672521, 170990, 35.1, 52.8, 1.00
A, 847306, 475347, 1058432, 1120795, 467910, 136438, 672553, 170947, 35.1, 52.8, 1.00
A, 846640, 475270, 1057750, 1120311, 467701, 136351, 672462, 170916, 35.1, 52.8, 1.00
A, 847165, 475288, 1058299, 1120671, 467816, 136424, 672471, 170939, 35.1, 52.8, 1.00
A, 848489, 475475, 1060433, 1122433, 468077, 136599, 672785, 171412, 35.1, 52.8, 1.00
A, 847989, 475656, 1059742, 1121532, 468118, 136491, 672735, 171104, 35.1, 52.8, 1.00
A, 847317, 475451, 1058935, 1120729, 467847, 136398, 672468, 170930, 35.1, 52.8, 1.00
A, 846323, 475333, 1057660, 1119640, 467752, 136242, 672300, 170674, 35.1, 52.8, 1.00
A, 846290, 475141, 1057766, 1119770, 467617, 136279, 672242, 170775, 35.1, 52.8, 1.00
A, 846731, 475265, 1058234, 1120219, 467729, 136288, 672421, 170931, 35.1, 52.8, 1.00
A, 846970, 475325, 1058477, 1120394, 467777, 136357, 672456, 170990, 35.1, 52.8, 1.00
A, 847059, 475337, 1058920, 1120581, 467815, 136212, 672542, 170896, 35.1, 52.8, 1.00
A, 846958, 475260, 1058772, 1120437, 467766, 136259, 672490, 170887, 35.1, 52.8, 1.00
A, 846897, 475284, 1058604, 1120392, 467786, 136277, 672449, 170913, 35.1, 52.8, 1.00
A, 847130, 475286, 1059189, 1120681, 467847, 136265, 672508, 170930, 35.1, 52.8, 1.00
A, 847070, 475303, 1059172, 1120737, 467828, 136253, 672524, 170931, 35.1, 52.8, 1.00
A, 847352, 475378, 1059675, 1121129, 467893, 136343, 672539, 171053, 35.1, 52.8, 1.00
A, 847440, 475464, 1059960, 1121049, 467936, 136256, 672508, 170938, 35.1, 52.8, 1.00
A, 847127, 475397, 1059548, 1120634, 467721, 136282, 672436, 170808, 35.1, 52.8, 1.00
A, 846859, 475250, 1059265, 1120542, 467739, 136249, 672362, 170870, 35.1, 52.8, 1.01
A, 847125, 475332, 1059738, 1120888, 467800, 136195, 672436, 170917, 35.1, 52.8, 1.00
A, 846851, 475229, 1059516, 1120590, 467693, 136205, 672393, 170876, 35.1, 52.8, 1.00
A, 847214, 475361, 1060070, 1120989, 467772, 136230, 672466, 170971, 35.1, 52.8, 1.00
A, 847272, 475389, 1060224, 1120889, 467830, 136228, 672454, 170891, 35.1, 52.8, 1.00
A, 848474, 475538, 1062240, 1122579, 468048, 136397, 672662, 171270, 35.1, 52.8, 1.01
A, 847968, 475662, 1061595, 1121930, 467976, 136275, 672624, 171126, 35.1, 52.8, 1.00
A, 847491, 475628, 1060996, 1121135, 467960, 136313, 672489, 170954, 35.1, 52.8, 0.98
A, 847188, 475534, 1060690, 1120826, 467840, 136234, 672378, 170818, 35.1, 52.8, 0.99
A, 846433, 475433, 1059685, 1120030, 467709, 136177, 672277, 170717, 35.1, 52.8, 1.00
A, 846256, 475247, 1059628, 1119987, 467606, 136123, 672205, 170767, 35.1, 52.8, 1.00
A, 846456, 475158, 1060031, 1120106, 467641, 136161, 672250, 170761, 35.1, 52.8, 1.01
A, 846569, 475272, 1060096, 1120210, 467587, 136118, 672248, 170808, 35.1, 52.8, 1.00
A, 846436, 475257, 1059914, 1120013, 467590, 136106, 672235, 170776, 35.1, 52.8, 1.00
A, 846221, 475218, 1059880, 1119900, 467558, 136031, 672183, 170773, 35.1, 52.8, 1.00
A, 846739, 475260, 1060602, 1120500, 467653, 136087, 672298, 170760, 35.1, 52.8, 1.00
A, 846621, 475163, 1060511, 1120465, 467580, 136057, 672231, 170737, 35.1, 52.8, 1.00
A, 846599, 475124, 1060570, 1120439, 467668, 136029, 672262, 170810, 35.1, 52.8, 1.00
A, 846648, 475209, 1060617, 1120420, 467648, 136081, 672283, 170787, 35.1, 52.8, 1.00
A, 846721, 475280, 1060605, 1119795, 467681, 136011, 672211, 170617, 35.1, 52.8, 0.99
A, 846295, 475081, 1060098, 1119761, 467525, 135983, 672145, 170614, 35.1, 52.8, 1.00
A, 846199, 475101, 1060038, 1119837, 467479, 135951, 672134, 170631, 35.1, 52.8, 0.99
A, 846229, 475034, 1060222, 1119837, 467554, 136011, 672132, 170658, 35.1, 52.8, 1.00
A, 846233, 474962, 1060149, 1119956, 467515, 136007, 672138, 170714, 35.1, 52.8, 0.99
A, 846558, 475128, 1060756, 1120310, 467593, 135996, 672193, 170804, 35.1, 52.8, 0.98
A, 848175, 475334, 1063226, 1122187, 467924, 136150, 672553, 171097, 35.1, 52.8, 1.00
A, 847108, 475303, 1061223, 1120082, 467667, 135956, 672259, 170673, 35.1, 52.8, 1.00
A, 846274, 475152, 1060755, 1119973, 467542, 135949, 672140, 170679, 35.1, 52.8, 1.00
A, 845413, 474868, 1059491, 1118631, 467289, 135787, 671879, 170331, 35.1, 52.8, 1.00
A, 844963, 474714, 1059023, 1118467, 467225, 135762, 671808, 170357, 35.1, 52.8, 1.00
A, 844468, 474584, 1058293, 1117798, 467237, 135660, 671795, 170225, 35.1, 52.8, 1.01
A, 844636, 474389, 1058190, 1117761, 466991, 135658, 671724, 170242, 35.1, 52.8, 1.00
A, 845053, 474432, 1059023, 1118533, 467168, 135700, 671889, 170270, 35.1, 52.8, 0.99
A, 845353, 474540, 1059447, 1118898, 467236, 135752, 671905, 170456, 35.1, 52.9, 1.00
A, 845415, 474535, 1059604, 1119008, 467352, 135697, 672030, 170464, 35.1, 52.9, 0.98
A, 846064, 474664, 1060271, 1119478, 467480, 135783, 672135, 170605, 35.1, 52.8, 1.00
A, 846242, 474711, 1060670, 1119754, 467520, 135752, 672146, 170553, 35.1, 52.8, 1.00
A, 846098, 474675, 1060557, 1119631, 467521, 135745, 672126, 170545, 35.1, 52.8, 1.00
A, 846311, 474676, 1060921, 1119760, 467547, 135794, 672166, 170629, 35.1, 52.8, 1.00
A, 846269, 474699, 1060913, 1119819, 467528, 135763, 672136, 170556, 35.1, 52.8, 1.00
A, 846175, 474733, 1060949, 1119926, 467553, 135765, 672166, 170616, 35.1, 52.8, 1.00
A, 846674, 474820, 1061323, 1119939, 467595, 135753, 672211, 170567, 35.1, 52.9, 1.00
A, 846375, 474797, 1061345, 1120055, 467580, 135764, 672156, 170486, 35.1, 52.9, 1.00
A, 845967, 474807, 1060850, 1119666, 467496, 135741, 672090, 170484, 35.1, 52.8, 1.00
A, 845848, 474702, 1060946, 1119714, 467523, 135659, 672047, 170552, 35.1, 52.8, 1.00
A, 847708, 474990, 1063473, 1121796, 467890, 135892, 672417, 170904, 35.1, 52.8, 1.00
A, 846984, 475051, 1062442, 1120591, 467674, 135785, 672292, 170581, 35.1, 52.8, 1.00
A, 846116, 474832, 1061420, 1119714, 467466, 135673, 672014, 170479, 35.1, 52.8, 0.99
A, 845719, 474730, 1061015, 1119396, 467500, 135675, 671976, 170394, 35.1, 52.8, 1.00
A, 845419, 474676, 1060676, 1118954, 467361, 135620, 671914, 170280, 35.1, 52.8, 1.00
A, 845336, 474526, 1060631, 1119061, 467292, 135661, 671839, 170376, 35.1, 52.8, 1.00
A, 845304, 474675, 1060594, 1118728, 467370, 135555, 671839, 170293, 35.1, 52.8, 1.00
A, 845305, 474474, 1060617, 1118802, 467274, 135533, 671846, 170259, 35.1, 52.8, 1.00
A, 845544, 474543, 1060931, 1119251, 467352, 135622, 671954, 170408, 35.1, 52.8, 1.00
A, 845607, 474440, 1061125, 1119348, 467335, 135557, 671905, 170291, 35.1, 52.9, 1.00
A, 845680, 474493, 1061164, 1119240, 467326, 135623, 671874, 170356, 35.1, 52.9, 1.00
A, 845944, 474609, 1061739, 1119858, 467426, 135625, 672055, 170472, 35.1, 52.8, 1.00
A, 846050, 474530, 1061800, 1119768, 467461, 135569, 672074, 170415, 35.1, 52.8, 1.00
A, 845902, 474554, 1061556, 1119450, 467434, 135577, 671940, 170288, 35.1, 52.8, 1.00
A, 846052, 474530, 1061920, 1119810, 467458, 135610, 672014, 170399, 35.1, 52.8, 1.00
A, 845955, 474569, 1061895, 1119825, 467510, 135527, 672075, 170355, 35.1, 52.9, 1.01
A, 845824, 474622, 1061796, 1119694, 467454, 135554, 672014, 170464, 35.1, 52.9, 1.00
A, 846302, 474727, 1062452, 1120029, 467576, 135596, 672136, 170433, 35.1, 52.8, 1.00
A, 846356, 474723, 1062677, 1120149, 467573, 135606, 672162, 170428, 35.1, 52.8, 1.01
A, 846069, 474682, 1062422, 1119951, 467530, 135526, 672061, 170406, 35.1, 52.8, 1.00
A, 847299, 474868, 1064241, 1121314, 467781, 135706, 672304, 170714, 35.1, 52.8, 1.00
A, 846941, 475013, 1063858, 1121037, 467727, 135657, 672196, 170573, 35.1, 52.8, 1.00
A, 846552, 474887, 1063267, 1120321, 467609, 135586, 672102, 170496, 35.1, 52.8, 1.00
A, 846225, 474822, 1062888, 1119816, 467548, 135524, 671987, 170358, 35.1, 52.8, 0.99
A, 846170, 474776, 1063149, 1120145, 467495, 135500, 671993, 170348, 35.1, 52.8, 1.00
A, 845699, 474765, 1062485, 1119485, 467490, 135520, 672009, 170319, 35.1, 52.8, 1.00
A, 845522, 474638, 1062234, 1119393, 467408, 135478, 671907, 170312, 35.1, 52.8, 1.00
A, 845459, 474645, 1062240, 1119167, 467415, 135439, 671899, 170227, 35.1, 52.9, 0.99
A, 845260, 474553, 1062091, 1118931, 467328, 135425, 671804, 170193, 35.1, 52.9, 1.00
A, 845504, 474581, 1062340, 1119248, 467325, 135446, 671838, 170294, 35.1, 52.9, 0.99
A, 845509, 474535, 1062328, 1119202, 467302, 135404, 671854, 170281, 35.1, 52.8, 1.00
A, 845387, 474424, 1062462, 1119335, 467260, 135395, 671844, 170297, 35.1, 52.8, 1.00
A, 845740, 474532, 1063043, 1119680, 467365, 135454, 671962, 170375, 35.1, 52.9, 0.99
A, 845912, 474595, 1063138, 1119500, 467394, 135426, 671960, 170294, 35.1, 52.9, 1.00
A, 845670, 474628, 1062986, 1119442, 467313, 135361, 671881, 170233, 35.1, 52.8, 1.00
A, 845601, 474539, 1063050, 1119594, 467341, 135415, 671877, 170236, 35.1, 52.8, 1.00
A, 845433, 474502, 1062949, 1119506, 467347, 135407, 671915, 170257, 35.1, 52.9, 1.00
A, 845530, 474423, 1062968, 1119356, 467273, 135368, 671904, 170260, 35.1, 52.9, 1.01
A, 845813, 474470, 1063615, 1119867, 467412, 135386, 671927, 170315, 35.1, 52.9, 1.00
A, 845783, 474486, 1063572, 1119770, 467405, 135360, 671875, 170291, 35.1, 52.9, 1.01
M, 843313, 474239, 1058845, 1114785, 466894, 134814, 671123, 169043, 35.1, 52.9, 0.00
M, 831872, 471260, 1042752, 1101665, 463622, 133489, 667191, 166305, 35.1, 52.9, 0.59
M, 823749, 468256, 1030003, 1091304, 461115, 132290, 664674, 164391, 35.1, 52.9, 0.73
M, 817657, 465831, 1020002, 1083770, 459783, 131345, 663794, 162986, 35.1, 52.9, 0.83
M, 813156, 463884, 1011262, 1077468, 458942, 130512, 663528, 161847, 35.1, 52.9, 0.89
M, 810239, 462357, 1004465, 1073077, 458544, 129778, 663687, 161180, 35.1, 52.9, 0.94
M, 808473, 460899, 998509, 1069758, 458390, 129179, 664133, 160486, 35.1, 53.0, 0.94
M, 807330, 459659, 993337, 1067343, 458514, 128615, 664798, 159963, 35.1, 53.0, 0.98
M, 806749, 458676, 989020, 1065772, 458619, 128054, 665341, 159706, 35.1, 53.0, 0.99
M, 807288, 457947, 986044, 1065341, 458932, 127764, 666120, 159632, 35.1, 53.0, 0.99
M, 807751, 457172, 982509, 1065033, 459373, 127321, 666970, 159459, 35.1, 53.1, 0.99
M, 808393, 456594, 980764, 1065384, 459636, 127125, 667499, 159448, 35.1, 53.1, 1.00
M, 810073, 456106, 978326, 1066293, 460373, 126810, 668716, 159454, 35.1, 53.1, 0.98
M, 811026, 455678, 977232, 1067171, 460661, 126596, 669316, 159431, 35.1, 53.1, 1.00
M, 812575, 455497, 976297, 1068717, 461251, 126493, 670168, 159628, 35.1, 53.1, 1.01
M, 814379, 455327, 975580, 1070376, 461913, 126351, 671139, 159781, 35.1, 53.1, 0.99
M, 816012, 455192, 974957, 1071895, 462519, 126276, 671950, 159837, 35.1, 53.1, 1.00
M, 818066, 455182, 975017, 1074199, 463268, 126262, 673061, 160079, 35.1, 53.1, 1.00
M, 819572, 455196, 973943, 1075667, 463928, 126082, 673889, 160076, 35.1, 53.1, 1.00
M, 821354, 455145, 973758, 1077470, 464524, 126003, 674727, 160245, 35.1, 53.1, 0.99
M, 824056, 455407, 975471, 1080957, 465425, 126152, 675822, 160739, 35.1, 53.1, 1.00
M, 825423, 455698, 975084, 1082531, 466121, 126110, 676694, 160703, 35.1, 53.1, 0.99
M, 826618, 455746, 974242, 1083613, 466691, 126000, 677402, 160709, 35.1, 53.1, 1.00
M, 827893, 455852, 974048, 1085339, 467283, 126006, 678187, 160833, 35.1, 53.1, 1.00
M, 829288, 456048, 974274, 1087386, 467876, 125997, 678878, 160994, 35.1, 53.1, 1.01
M, 830639, 456292, 974308, 1089136, 468551, 126004, 679752, 161163, 35.1, 53.2, 1.00
M, 832060, 456562, 974606, 1090671, 469142, 126001, 680499, 161300, 35.1, 53.2, 1.00
M, 833581, 456835, 975054, 1092827, 469839, 126058, 681296, 161501, 35.1, 53.2, 1.00
M, 835062, 457254, 975228, 1094359, 470508, 126021, 682103, 161514, 35.1, 53.2, 1.00
M, 836012, 457499, 975129, 1095755, 471010, 126037, 682717, 161603, 35.1, 53.2, 1.01
M, 837301, 457874, 975758, 1097713, 471586, 126106, 683439, 161780, 35.1, 53.2, 1.00
M, 838207, 458294, 975543, 1098938, 472197, 126103, 684125, 161818, 35.1, 53.1, 1.01
M, 839041, 458434, 975636, 1100155, 472557, 126121, 684574, 161928, 35.1, 53.1, 1.00
M, 840266, 458961, 975941, 1101792, 473254, 126138, 685396, 162021, 35.1, 53.2, 1.00
M, 840963, 459109, 976199, 1102779, 473624, 126146, 685831, 162066, 35.1, 53.2, 1.00
M, 842100, 459429, 976607, 1104381, 474078, 126226, 686352, 162246, 35.1, 53.2, 1.00
M, 843066, 459837, 977108, 1105805, 474571, 126263, 686939, 162403, 35.1, 53.2, 1.00
M, 843922, 460144, 977435, 1107145, 475022, 126314, 687500, 162447, 35.1, 53.2, 1.00
M, 845144, 460672, 978208, 1108789, 475602, 126428, 688134, 162701, 35.1, 53.2, 1.00
M, 846226, 461112, 978734, 1110056, 476079, 126443, 688695, 162750, 35.1, 53.2, 1.00
M, 848310, 461703, 980946, 1112919, 476833, 126586, 689491, 163097, 35.1, 53.2, 0.99
M, 848875, 462176, 981151, 1113889, 477308, 126690, 689886, 163145, 35.1, 53.2, 1.00
M, 849106, 462527, 981052, 1114632, 477618, 126697, 690255, 163149, 35.1, 53.2, 1.01
M, 849723, 462745, 981170, 1115370, 477875, 126682, 690699, 163220, 35.1, 53.2, 1.01
M, 850458, 463204, 981730, 1116515, 478260, 126734, 691103, 163277, 35.1, 53.2, 1.00
M, 851149, 463591, 981897, 1117298, 478654, 126843, 691491, 163258, 35.1, 53.2, 1.00
M, 851425, 463814, 981898, 1117958, 478926, 126834, 691760, 163314, 35.1, 53.2, 1.00
M, 851638, 464047, 981866, 1118693, 479172, 126832, 692094, 163331, 35.1, 53.2, 1.00
M, 852285, 464425, 982383, 1119740, 479582, 126898, 692577, 163490, 35.1, 53.2, 1.00
M, 852896, 464793, 982560, 1120209, 479871, 126855, 692837, 163451, 35.1, 53.2, 1.00
M, 853069, 465002, 982514, 1120884, 480141, 126923, 693216, 163482, 35.1, 53.2, 1.01
M, 853517, 465247, 982940, 1121892, 480396, 126946, 693486, 163592, 35.1, 53.2, 1.00
M, 853763, 465596, 982589, 1122050, 480676, 126969, 693777, 163586, 35.1, 53.2, 1.00
M, 853961, 465755, 982874, 1122670, 480879, 127022, 694014, 163655, 35.1, 53.2, 1.00
M, 854381, 466181, 982881, 1123366, 481279, 127052, 694343, 163668, 35.1, 53.2, 1.00
M, 854202, 466291, 982542, 1123442, 481325, 126987, 694544, 163536, 35.1, 53.2, 1.01
M, 855043, 466480, 983405, 1124687, 481600, 127064, 694895, 163701, 35.1, 53.2, 1.00
M, 855684, 466807, 983796, 1125499, 481899, 127080, 695186, 163807, 35.1, 53.2, 0.99
M, 855888, 466964, 983817, 1125949, 482120, 127117, 695475, 163859, 35.1, 53.2, 1.00
M, 856571, 467269, 984564, 1127041, 482478, 127202, 695768, 163973, 35.1, 53.2, 1.00
M, 858924, 467945, 987332, 1129765, 483128, 127405, 696505, 164399, 35.1, 53.2, 0.99
M, 858608, 468187, 986641, 1129415, 483216, 127384, 696564, 164237, 35.1, 53.2, 1.00
M, 858468, 468374, 986320, 1129609, 483385, 127372, 696671, 164224, 35.1, 53.2, 1.01
M, 858286, 468414, 986030, 1129513, 483426, 127278, 696756, 164098, 35.1, 53.2, 1.00
M, 858152, 468547, 985703, 1129759, 483507, 127404, 696915, 164111, 35.1, 53.2, 1.00
M, 858517, 468740, 986113, 1130296, 483720, 127330, 697176, 164255, 35.1, 53.2, 1.00
M, 859150, 468978, 986699, 1131044, 484010, 127387, 697419, 164246, 35.1, 53.2, 1.00
M, 859403, 469173, 986922, 1131658, 484191, 127461, 697698, 164281, 35.1, 53.2, 0.99
M, 859734, 469398, 987208, 1132270, 484387, 127489, 697913, 164336, 35.1, 53.2, 0.99
M, 860391, 469720, 987887, 1133272, 484657, 127606, 698216, 164517, 35.1, 53.2, 1.00
M, 860768, 469985, 988267, 1133697, 484790, 127640, 698450, 164516, 35.1, 53.2, 1.00
M, 861193, 470235, 988575, 1134099, 485166, 127664, 698735, 164496, 35.1, 53.2, 0.99
M, 861237, 470317, 988617, 1134578, 485146, 127681, 698765, 164596, 35.1, 53.2, 1.01
M, 861387, 470514, 988829, 1134892, 485417, 127692, 698983, 164575, 35.1, 53.2, 1.00
M, 861487, 470570, 988900, 1135251, 485412, 127735, 699025, 164543, 35.1, 53.2, 1.00
M, 861729, 470945, 988993, 1135510, 485692, 127696, 699330, 164627, 35.1, 53.2, 0.99
M, 861799, 470848, 989007, 1135592, 485677, 127698, 699330, 164603, 35.1, 53.2, 1.00
M, 862373, 471141, 989823, 1136624, 485957, 127824, 699593, 164717, 35.1, 53.2, 0.99
M, 862562, 471324, 990014, 1137033, 486069, 127798, 699836, 164771, 35.1, 53.2, 1.00
M, 862553, 471234, 989894, 1137080, 486127, 127913, 699841, 164767, 35.1, 53.2, 1.00
M, 864651, 471751, 992774, 1139785, 486672, 128062, 700478, 165212, 35.1, 53.2, 1.00
M, 864191, 472109, 992121, 1139177, 486770, 128001, 700498, 164986, 35.1, 53.2, 1.00
M, 863788, 472082, 991479, 1138814, 486736, 127949, 700430, 164916, 35.1, 53.2, 1.01
M, 863612, 472117, 991533, 1139043, 486741, 128016, 700457, 164852, 35.1, 53.2, 1.00
M, 863627, 472169, 991436, 1139222, 486842, 128026, 700532, 164825, 35.1, 53.2, 0.99
M, 864179, 472301, 992002, 1139723, 486995, 128088, 700745, 165044, 35.1, 53.2, 1.00
M, 864529, 472494, 992461, 1140331, 487185, 128111, 700945, 165072, 35.1, 53.2, 0.99
M, 864808, 472644, 992953, 1140674, 487313, 128154, 701078, 165039, 35.1, 53.2, 1.00
M, 864843, 472787, 993047, 1140841, 487417, 128103, 701230, 165072, 35.1, 53.2, 1.00
M, 864280, 472604, 992310, 1140428, 487383, 128067, 701046, 164893, 35.1, 53.2, 1.00
M, 862717, 472731, 990902, 1139604, 487429, 128057, 701150, 164745, 35.1, 53.2, 1.01
M, 864058, 472633, 992036, 1140517, 487425, 128128, 701200, 164952, 35.1, 53.2, 1.00
M, 864862, 472967, 992925, 1141343, 487754, 128188, 701503, 165052, 35.1, 53.2, 1.01
M, 865166, 472982, 993559, 1141882, 487828, 128183, 701676, 165048, 35.1, 53.2, 0.99
M, 865304, 473284, 993406, 1141434, 487973, 128220, 701824, 165084, 35.1, 53.2, 0.99
M, 865119, 473159, 993673, 1142368, 487950, 128202, 701793, 165109, 35.1, 53.2, 1.00
M, 865818, 473310, 994563, 1143032, 488147, 128344, 702043, 165222, 35.1, 53.2, 0.99
M, 866104, 473448, 995013, 1143622, 488337, 128402, 702214, 165333, 35.1, 53.2, 0.99
M, 866420, 473699, 995477, 1143933, 488480, 128373, 702353, 165319, 35.1, 53.2, 1.00
M, 866603, 473792, 995721, 1144083, 488594, 128416, 702425, 165368, 35.1, 53.2, 1.01
M, 868043, 474072, 997871, 1146359, 488885, 128591, 702830, 165681, 35.1, 53.2, 1.01
M, 867988, 474351, 997804, 1146239, 489027, 128626, 702906, 165568, 35.1, 53.2, 1.00
M, 867537, 474304, 997465, 1145951, 488923, 128612, 702893, 165588, 35.1, 53.2, 1.00
M, 868076, 474448, 998177, 1146519, 489109, 128724, 702996, 165628, 35.1, 53.2, 1.00
M, 868178, 474571, 998531, 1146604, 489172, 128724, 703057, 165587, 35.1, 53.2, 1.00
M, 867532, 474468, 997950, 1146057, 489095, 128684, 702946, 165479, 35.1, 53.2, 1.00
M, 867613, 474544, 997904, 1146151, 489169, 128696, 702981, 165511, 35.1, 53.2, 1.00
M, 867967, 474678, 998679, 1146677, 489244, 128671, 703112, 165583, 35.1, 53.2, 1.00
M, 867940, 474784, 998846, 1146983, 489308, 128789, 703159, 165641, 35.1, 53.2, 1.01
M, 868258, 474933, 999568, 1147666, 489520, 128844, 703382, 165735, 35.1, 53.3, 1.00
M, 868605, 475062, 1000033, 1147873, 489577, 128843, 703403, 165683, 35.1, 53.3, 1.00
M, 868458, 475083, 1000006, 1147791, 489585, 128750, 703428, 165596, 35.1, 53.2, 0.99
M, 868593, 475166, 1000267, 1148101, 489618, 128851, 703513, 165705, 35.1, 53.2, 1.00
M, 868621, 475229, 1000286, 1147800, 489672, 128922, 703573, 165611, 35.1, 53.2, 0.99
M, 868370, 475214, 1000231, 1148041, 489740, 128934, 703577, 165689, 35.1, 53.2, 1.00
M, 868441, 475353, 1000366, 1148031, 489818, 128933, 703676, 165710, 35.1, 53.2, 1.00
M, 868413, 475271, 1000443, 1148157, 489770, 128935, 703661, 165662, 35.1, 53.2, 1.01
M, 868737, 475276, 1001082, 1148681, 489813, 129014, 703775, 165729, 35.1, 53.2, 1.01
M, 868891, 475411, 1001413, 1148920, 489894, 128962, 703796, 165711, 35.1, 53.2, 1.00
M, 868781, 475462, 1001483, 1149110, 489949, 128999, 703863, 165805, 35.1, 53.2, 1.00
M, 870956, 475892, 1004190, 1151408, 490438, 129239, 704311, 166207, 35.1, 53.2, 1.00
M, 870324, 476024, 1003772, 1150820, 490443, 129191, 704275, 165992, 35.1, 53.2, 1.01
M, 869458, 475847, 1002961, 1149941, 490168, 129104, 704023, 165800, 35.1, 53.3, 1.00
M, 869296, 475782, 1002690, 1149668, 490163, 129123, 704045, 165831, 35.1, 53.3, 1.00
M, 868935, 475685, 1002425, 1149309, 490063, 129084, 703944, 165723, 35.1, 53.2, 0.99
M, 868511, 475632, 1002019, 1148917, 490088, 129047, 703900, 165665, 35.1, 53.2, 1.01
M, 868621, 475644, 1002016, 1149042, 490105, 129045, 703978, 165688, 35.1, 53.2, 1.00
M, 868973, 475694, 1002797, 1149677, 490229, 129152, 704186, 165704, 35.1, 53.2, 1.01
M, 869187, 475827, 1003106, 1150055, 490364, 129196, 704258, 165812, 35.1, 53.3, 1.00
M, 869345, 475864, 1003353, 1150190, 490432, 129242, 704332, 165911, 35.1, 53.3, 0.99
M, 869881, 475998, 1003930, 1150809, 490578, 129282, 704525, 165996, 35.1, 53.2, 1.01
M, 870138, 476085, 1004449, 1151129, 490616, 129251, 704621, 165899, 35.1, 53.2, 1.01
M, 869996, 476076, 1004452, 1150983, 490625, 129259, 704575, 165938, 35.1, 53.2, 1.01
M, 870260, 476169, 1004845, 1151367, 490712, 129303, 704655, 166033, 35.1, 53.2, 1.01
M, 870029, 476241, 1004772, 1151302, 490790, 129306, 704684, 165957, 35.1, 53.2, 1.01
M, 870081, 476180, 1004902, 1151449, 490717, 129340, 704720, 165965, 35.1, 53.2, 1.00
M, 870229, 476346, 1005158, 1151515, 490878, 129374, 704731, 166008, 35.1, 53.2, 1.01
M, 870225, 476252, 1005424, 1151747, 490750, 129370, 704763, 165989, 35.1, 53.2, 1.01
M, 870476, 476373, 1005877, 1152100, 490875, 129433, 704887, 166064, 35.1, 53.2, 0.99
M, 870294, 476343, 1005704, 1152068, 490895, 129439, 704881, 166045, 35.1, 53.2, 1.00
M, 871934, 476618, 1007995, 1153819, 491204, 129580, 705220, 166456, 35.1, 53.2, 1.00
M, 871871, 476815, 1008143, 1153879, 491296, 129629, 705273, 166346, 35.1, 53.2, 1.00
M, 871322, 476759, 1007645, 1153348, 491186, 129575, 705137, 166141, 35.1, 53.2, 0.99
M, 870795, 476606, 1006947, 1152600, 491088, 129508, 704983, 166049, 35.1, 53.2, 0.99
M, 870537, 476515, 1007031, 1152589, 491031, 129561, 704980, 166060, 35.1, 53.2, 0.99
M, 871019, 476673, 1007733, 1153283, 491157, 129623, 705098, 166131, 35.1, 53.2, 1.00
M, 871186, 476610, 1007947, 1152923, 491207, 129618, 705134, 166173, 35.1, 53.2, 0.99
M, 871026, 476657, 1007909, 1153012, 491216, 129555, 705091, 166116, 35.1, 53.2, 0.99
M, 870897, 476621, 1008118, 1153194, 491212, 129563, 705095, 166125, 35.1, 53.2, 1.00
M, 871250, 476687, 1008606, 1153677, 491293, 129679, 705219, 166219, 35.1, 53.2, 1.00
M, 871182, 476731, 1008834, 1153510, 491303, 129655, 705231, 166224, 35.1, 53.2, 1.01
M, 871592, 476791, 1009437, 1154179, 491375, 129698, 705315, 166309, 35.1, 53.2, 1.01
M, 871577, 476914, 1009613, 1154056, 491503, 129731, 705343, 166261, 35.1, 53.2, 1.00
M, 871574, 476876, 1009630, 1153926, 491498, 129697, 705342, 166190, 35.1, 53.2, 0.99
M, 871646, 476908, 1010104, 1154406, 491491, 129725, 705327, 166244, 35.1, 53.2, 0.99
M, 871246, 476821, 1009822, 1153981, 491447, 129699, 705389, 166177, 35.1, 53.3, 1.00
M, 871074, 476817, 1009716, 1153973, 491401, 129768, 705358, 166235, 35.1, 53.3, 1.00
M, 871274, 476937, 1010087, 1153929, 491574, 129767, 705432, 166158, 35.1, 53.2, 1.00
M, 871072, 476817, 1010159, 1153912, 491403, 129747, 705251, 166133, 35.1, 53.2, 1.00
M, 871529, 476905, 1010608, 1154474, 491588, 129837, 705472, 166195, 35.1, 53.2, 1.00
M, 873122, 477197, 1012951, 1156354, 491978, 130050, 705768, 166606, 35.1, 53.2, 0.99
M, 872901, 477314, 1012999, 1156226, 491819, 129999, 705776, 166600, 35.1, 53.2, 1.00
M, 873011, 477395, 1013372, 1156403, 491915, 130036, 705810, 166569, 35.1, 53.3, 1.00
M, 872880, 477424, 1013548, 1156231, 491982, 130040, 705771, 166441, 35.1, 53.3, 1.00
M, 872452, 477413, 1013260, 1155958, 491895, 129949, 705697, 166407, 35.1, 53.2, 0.99
M, 872578, 477413, 1013407, 1156024, 491872, 130009, 705684, 166425, 35.1, 53.2, 0.99
M, 872288, 477368, 1013430, 1155883, 491881, 130055, 705606, 166389, 35.1, 53.2, 1.00
M, 872365, 477341, 1013638, 1155825, 491841, 130057, 705609, 166499, 35.1, 53.2, 0.99
M, 872574, 477434, 1014178, 1156228, 491911, 130063, 705722, 166511, 35.1, 53.2, 1.01
M, 872516, 477381, 1014169, 1156088, 491898, 130030, 705730, 166485, 35.1, 53.2, 1.00
M, 872328, 477369, 1014009, 1155719, 491869, 130047, 705626, 166418, 35.1, 53.2, 1.01
M, 872199, 477376, 1014138, 1155949, 491864, 130070, 705634, 166450, 35.1, 53.2, 0.99
M, 872445, 477430, 1014673, 1156257, 491942, 130134, 705716, 166491, 35.1, 53.2, 0.99
M, 872442, 477456, 1014736, 1155848, 491941, 130147, 705654, 166409, 35.1, 53.2, 0.99
M, 872232, 477378, 1014672, 1155856, 491887, 130089, 705661, 166370, 35.1, 53.2, 0.99
M, 872213, 477398, 1014986, 1156213, 491904, 130151, 705655, 166405, 35.1, 53.2, 1.00
M, 871833, 477311, 1014602, 1155595, 491834, 130010, 705650, 166305, 35.1, 53.2, 0.99
M, 871765, 477225, 1014675, 1155414, 491739, 130076, 705587, 166352, 35.1, 53.2, 1.00
M, 871533, 477334, 1014576, 1155309, 491847, 130119, 705572, 166327, 35.1, 53.3, 1.01
M, 871551, 477228, 1014547, 1155192, 491774, 130034, 705633, 166247, 35.1, 53.3, 1.00
M, 873167, 477472, 1017052, 1157553, 492138, 130192, 705924, 166680, 35.1, 53.3, 1.00
M, 872604, 477472, 1016392, 1156725, 492091, 130247, 705835, 166450, 35.1, 53.3, 1.00
M, 871790, 477351, 1015571, 1155887, 491908, 130153, 705659, 166370, 35.1, 53.3, 1.01
M, 871712, 477263, 1015492, 1155704, 491855, 130193, 705655, 166333, 35.1, 53.2, 1.00
M, 871486, 477133, 1015178, 1155269, 491839, 130071, 705549, 166176, 35.1, 53.2, 0.99
M, 871455, 477091, 1015380, 1155375, 491809, 130141, 705652, 166256, 35.1, 53.3, 1.01
M, 871906, 477121, 1015859, 1155970, 491889, 130151, 705746, 166301, 35.1, 53.3, 1.01
M, 872054, 477163, 1016248, 1155996, 491968, 130158, 705784, 166375, 35.1, 53.2, 0.99
M, 872141, 477200, 1016501, 1156361, 492004, 130206, 705808, 166414, 35.1, 53.2, 1.00
M, 872556, 477345, 1017324, 1156963, 492137, 130219, 705985, 166587, 35.1, 53.2, 1.00
M, 872910, 477453, 1017755, 1157062, 492225, 130287, 706028, 166535, 35.1, 53.2, 1.01
M, 872708, 477411, 1017757, 1157014, 492214, 130268, 705993, 166477, 35.1, 53.2, 1.00
M, 872851, 477479, 1018167, 1157370, 492248, 130318, 706136, 166600, 35.1, 53.2, 0.99
M, 872988, 477498, 1018439, 1157366, 492359, 130413, 706080, 166592, 35.1, 53.3, 0.99
M, 873272, 477561, 1018934, 1157859, 492344, 130372, 706152, 166676, 35.1, 53.3, 1.01
M, 873229, 477679, 1018981, 1157591, 492384, 130336, 706108, 166554, 35.1, 53.2, 0.99
M, 873106, 477540, 1018839, 1157619, 492328, 130338, 706121, 166573, 35.1, 53.2, 1.00
M, 872947, 477651, 1018916, 1157398, 492419, 130331, 706131, 166514, 35.1, 53.2, 0.99
M, 872831, 477514, 1018939, 1157521, 492245, 130386, 706056, 166533, 35.1, 53.2, 0.99
M, 872505, 477492, 1018542, 1156844, 492345, 130376, 706030, 166417, 35.1, 53.2, 0.99
M, 873715, 477624, 1020272, 1158316, 492423, 130448, 706254, 166774, 35.1, 53.2, 1.00
M, 873461, 477766, 1020153, 1158365, 492563, 130483, 706220, 166689, 35.1, 53.2, 1.00
M, 872949, 477692, 1019612, 1157678, 492373, 130375, 706098, 166468, 35.2, 53.2, 0.99
M, 872864, 477591, 1019503, 1157538, 492374, 130397, 706090, 166535, 35.2, 53.2, 1.01
M, 873302, 477607, 1020335, 1158085, 492382, 130458, 706180, 166660, 35.1, 53.2, 1.01
M, 873431, 477729, 1020477, 1158053, 492472, 130450, 706195, 166603, 35.1, 53.2, 0.99
M, 873173, 477646, 1020381, 1157860, 492448, 130407, 706195, 166561, 35.2, 53.2, 1.00
M, 873173, 477641, 1020685, 1158183, 492431, 130453, 706169, 166628, 35.2, 53.2, 1.01
M, 873229, 477590, 1020838, 1158210, 492422, 130483, 706222, 166624, 35.1, 53.2, 0.99
M, 873228, 477657, 1020928, 1158336, 492437, 130492, 706273, 166704, 35.1, 53.2, 1.01
M, 873556, 477782, 1021519, 1158738, 492522, 130526, 706347, 166761, 35.1, 53.2, 0.99
M, 873836, 477804, 1022041, 1158834, 492531, 130544, 706344, 166635, 35.1, 53.2, 1.00
M, 873615, 477729, 1021730, 1157792, 492501, 130468, 706248, 166551, 35.2, 53.2, 1.00
M, 873330, 477683, 1021619, 1158365, 492433, 130495, 706197, 166552, 35.2, 53.2, 1.00
M, 873640, 477732, 1022397, 1158712, 492576, 130534, 706403, 166654, 35.1, 53.2, 0.99
M, 873645, 477748, 1022542, 1158943, 492602, 130575, 706289, 166710, 35.1, 53.2, 1.00
M, 873930, 477883, 1023009, 1159089, 492688, 130598, 706411, 166718, 35.2, 53.2, 1.01
M, 873873, 477856, 1023260, 1159146, 492669, 130519, 706381, 166685, 35.2, 53.2, 0.99
M, 873554, 477875, 1023078, 1158890, 492707, 130606, 706361, 166659, 35.1, 53.3, 1.01
M, 873394, 477827, 1022995, 1158949, 492585, 130607, 706284, 166694, 35.1, 53.3, 1.00
M, 875218, 478042, 1025678, 1160920, 492902, 130816, 706628, 167138, 35.1, 53.3, 1.00
M, 875281, 478260, 1025844, 1160881, 492979, 130790, 706716, 167052, 35.2, 53.2, 0.99
M, 874924, 478265, 1025768, 1160598, 492984, 130791, 706586, 166869, 35.2, 53.2, 1.01
M, 874416, 478152, 1025452, 1160047, 492812, 130744, 706529, 166866, 35.2, 53.2, 1.01
M, 874253, 478033, 1025298, 1159954, 492707, 130755, 706397, 166738, 35.2, 53.2, 1.00
M, 874268, 478033, 1025687, 1160027, 492763, 130762, 706416, 166755, 35.2, 53.2, 1.00
M, 873912, 477949, 1025518, 1159838, 492699, 130734, 706375, 166799, 35.2, 53.2, 1.01
M, 874077, 478008, 1025978, 1159905, 492717, 130747, 706362, 166791, 35.2, 53.2, 1.00
M, 874036, 477980, 1026076, 1159754, 492762, 130804, 706321, 166741, 35.2, 53.2, 1.00
M, 873769, 477923, 1025932, 1159453, 492630, 130768, 706254, 166727, 35.2, 53.2, 1.00
M, 873547, 477874, 1025773, 1159341, 492623, 130808, 706241, 166663, 35.2, 53.2, 1.01
M, 873835, 477925, 1026399, 1159453, 492669, 130813, 706275, 166785, 35.2, 53.2, 1.00
M, 873279, 477744, 1025873, 1159081, 492522, 130796, 706165, 166687, 35.2, 53.2, 1.01
M, 873593, 477829, 1026523, 1159535, 492630, 130745, 706240, 166797, 35.2, 53.2, 1.00
M, 873677, 477876, 1026793, 1159635, 492605, 130862, 706274, 166756, 35.2, 53.2, 1.01
M, 873476, 477787, 1026796, 1159466, 492639, 130769, 706243, 166585, 35.2, 53.2, 0.99
M, 873521, 477811, 1026989, 1159562, 492593, 130870, 706221, 166791, 35.2, 53.2, 0.99
M, 873406, 477786, 1026847, 1158953, 492619, 130788, 706211, 166606, 35.2, 53.2, 1.00
M, 873266, 477730, 1026758, 1158883, 492529, 130737, 706148, 166588, 35.2, 53.2, 1.00
M, 873011, 477705, 1026492, 1158696, 492631, 130786, 706229, 166618, 35.2, 53.2, 1.01
