State, OV, Alc, H2, AC1, NH3, AC2, VOC, LP, Temp, Hud, AirFlow
A, 658137, 356358, 911705, 903247, 367022, 114071, 528460, 152320, 38.5, 50.9, 0.00
A, 647495, 353572, 894997, 890201, 364050, 112895, 525307, 149650, 38.5, 50.9, 0.59
A, 638431, 350694, 879340, 878233, 361196, 111678, 522580, 147305, 38.5, 50.9, 0.74
A, 631780, 348518, 866884, 869528, 359341, 110873, 521246, 145636, 38.3, 50.6, 0.81
A, 627420, 347239, 857044, 863689, 358230, 110094, 520962, 144512, 38.3, 50.6, 0.89
A, 624770, 346427, 848473, 859369, 357642, 109466, 521091, 143771, 38.2, 50.2, 0.94
A, 623497, 346148, 841705, 856705, 357241, 108910, 521487, 143325, 38.2, 50.2, 0.96
A, 623575, 346101, 835504, 855372, 357261, 108377, 522199, 143048, 38.1, 49.8, 0.97
A, 623948, 346309, 831076, 854923, 357219, 107981, 522851, 142989, 38.1, 49.8, 0.97
A, 625204, 346716, 826452, 854865, 357515, 107646, 523772, 142988, 38.0, 49.3, 0.99
A, 626386, 347052, 824051, 855667, 357741, 107467, 524535, 143072, 38.0, 49.3, 0.99
A, 628662, 347790, 820456, 856968, 358328, 107195, 525881, 143275, 37.9, 49.0, 1.00
A, 630302, 348228, 818662, 857819, 358620, 107028, 526693, 143370, 37.9, 49.0, 1.00
A, 632461, 348853, 817370, 859762, 359178, 106887, 527738, 143580, 37.9, 49.0, 1.01
A, 634904, 349513, 816023, 861655, 359875, 106854, 528920, 143900, 37.9, 48.6, 1.00
A, 637034, 350324, 815070, 863439, 360461, 106734, 530005, 144143, 37.9, 48.6, 1.00
A, 639705, 351154, 814467, 865643, 361241, 106724, 531175, 144431, 37.8, 48.3, 1.00
A, 642091, 352025, 813322, 867414, 361979, 106651, 532490, 144561, 37.8, 48.3, 1.00
A, 644259, 352850, 812755, 869295, 362687, 106607, 533558, 144726, 37.8, 48.0, 1.01
A, 646566, 353705, 812558, 871320, 363344, 106645, 534691, 145099, 37.8, 48.0, 0.99
A, 649898, 354726, 814048, 874820, 364366, 106740, 536073, 145577, 37.7, 47.8, 1.00
A, 651172, 355636, 812766, 875871, 364989, 106721, 537038, 145661, 37.7, 47.8, 1.01
A, 652784, 356410, 812009, 877221, 365578, 106709, 538001, 145763, 37.7, 47.5, 1.00
A, 654646, 357313, 811347, 878528, 366232, 106711, 539106, 145768, 37.7, 47.5, 1.00
A, 656498, 358203, 811101, 880124, 366958, 106637, 540139, 145945, 37.6, 47.2, 0.99
A, 657799, 358928, 810648, 881569, 367594, 106750, 541032, 146162, 37.6, 47.2, 1.00
A, 659884, 359939, 810990, 883540, 368326, 106794, 542127, 146440, 37.6, 47.0, 1.00
A, 661629, 360782, 811110, 885058, 368957, 106831, 543098, 146562, 37.6, 47.0, 1.00
A, 663647, 361865, 811364, 886907, 369876, 106856, 544271, 146769, 37.5, 46.8, 0.99
A, 665060, 362759, 811228, 888224, 370478, 106946, 545185, 146902, 37.5, 46.8, 0.99
A, 666575, 363849, 811196, 889771, 371291, 107027, 546249, 147049, 37.5, 46.6, 1.01
A, 667620, 364487, 811188, 890905, 371726, 107089, 546944, 147197, 37.5, 46.6, 1.00
A, 669204, 365361, 811552, 892429, 372317, 107092, 547797, 147442, 37.5, 46.6, 1.00
A, 670695, 366271, 811708, 893647, 372967, 107143, 548704, 147548, 37.5, 46.4, 1.00
A, 672110, 367251, 811836, 895053, 373727, 107253, 549678, 147662, 37.5, 46.4, 0.99
A, 673159, 368137, 811756, 896035, 374274, 107294, 550475, 147729, 37.4, 46.3, 1.00
A, 673752, 368822, 811073, 896598, 374729, 107275, 551138, 147749, 37.4, 46.3, 0.99
A, 675158, 369654, 811618, 897920, 375262, 107362, 551951, 147892, 37.4, 46.1, 0.99
A, 676042, 370360, 811436, 898961, 375801, 107421, 552700, 148052, 37.4, 46.1, 1.01
A, 677256, 371194, 811950, 900437, 376423, 107511, 553524, 148263, 37.4, 45.9, 1.00
A, 679860, 372414, 814039, 903061, 377332, 107742, 554575, 148566, 37.4, 45.9, 1.00
A, 680115, 373265, 813221, 903216, 377780, 107645, 555133, 148536, 37.3, 45.8, 1.00
A, 680550, 373902, 812797, 903766, 378068, 107738, 555721, 148583, 37.3, 45.8, 1.00
A, 681319, 374599, 812688, 904612, 378592, 107853, 556403, 148693, 37.3, 45.6, 1.00
A, 682066, 375315, 812714, 905284, 378990, 107843, 556957, 148728, 37.3, 45.6, 1.00
A, 683059, 376016, 812983, 906386, 379514, 107899, 557635, 148800, 37.3, 45.5, 0.99
A, 683945, 376820, 812925, 907031, 379967, 108030, 558328, 148861, 37.3, 45.5, 1.00
A, 684446, 377446, 812837, 907672, 380385, 107998, 558903, 148898, 37.3, 45.4, 1.00
A, 685065, 378163, 812720, 908465, 380743, 108092, 559473, 148927, 37.3, 45.4, 1.00
A, 685718, 378947, 812599, 909045, 381209, 108103, 560128, 148941, 37.2, 45.3, 1.00
A, 686441, 379443, 812506, 909639, 381581, 108217, 560673, 148979, 37.2, 45.3, 1.00
A, 686710, 380178, 812111, 910120, 382032, 108247, 561228, 149006, 37.2, 45.2, 1.01
A, 687230, 380575, 812053, 910704, 382245, 108321, 561633, 149122, 37.2, 45.2, 1.00
A, 688110, 381188, 812437, 911540, 382763, 108392, 562166, 149246, 37.2, 45.2, 0.99
A, 688836, 381805, 812725, 912468, 383098, 108404, 562742, 149223, 37.2, 45.1, 0.99
A, 689411, 382478, 812592, 913087, 383495, 108415, 563320, 149320, 37.2, 45.1, 1.00
A, 689786, 382895, 812538, 913716, 383772, 108472, 563715, 149322, 37.2, 44.9, 1.00
A, 690831, 383624, 813169, 914838, 384281, 108565, 564288, 149446, 37.2, 44.9, 0.99
A, 691379, 384119, 813140, 915396, 384570, 108615, 564739, 149407, 37.2, 44.8, 1.00
A, 692072, 384754, 813555, 916458, 385008, 108799, 565327, 149658, 37.2, 44.8, 1.00
A, 693786, 385480, 815245, 918560, 385577, 108881, 566026, 149929, 37.1, 44.7, 1.01
A, 694633, 386214, 815635, 919173, 386074, 108994, 566601, 149947, 37.1, 44.7, 1.01
A, 694752, 386750, 815164, 919346, 386319, 109031, 566955, 149874, 37.1, 44.6, 1.00
A, 695229, 387217, 815271, 920006, 386517, 109059, 567293, 149948, 37.1, 44.6, 0.99
A, 695576, 387644, 815302, 920326, 386745, 109105, 567658, 149853, 37.1, 44.6, 1.00
A, 695782, 388035, 815180, 920843, 387067, 109190, 568013, 149888, 37.1, 44.6, 1.00
A, 696418, 388641, 815581, 921658, 387342, 109213, 568548, 150022, 37.1, 44.5, 1.00
A, 696909, 389107, 815625, 921995, 387656, 109286, 568967, 149984, 37.1, 44.5, 0.99
A, 697095, 389556, 815489, 922331, 387896, 109287, 569260, 150026, 37.0, 44.4, 0.99
A, 697235, 389902, 815278, 922812, 388122, 109355, 569558, 150014, 37.0, 44.4, 1.00
A, 697650, 390433, 814961, 922911, 388451, 109425, 569957, 149955, 37.0, 44.3, 0.99
A, 697794, 390620, 815140, 923476, 388617, 109444, 570229, 150073, 37.0, 44.3, 1.01
A, 698060, 391198, 814875, 923827, 388947, 109521, 570695, 149976, 37.0, 44.3, 1.01
A, 698334, 391384, 814662, 923944, 388992, 109504, 570821, 149964, 37.0, 44.3, 1.00
A, 698842, 391759, 815154, 924829, 389256, 109569, 571265, 150070, 37.0, 44.3, 1.00
A, 699248, 392111, 815204, 925390, 389471, 109602, 571626, 150049, 37.0, 44.2, 1.00
A, 699471, 392463, 815207, 925783, 389689, 109756, 571925, 150185, 37.0, 44.2, 1.01
A, 699915, 392844, 815142, 926130, 390006, 109751, 572248, 150127, 37.0, 44.2, 0.99
A, 700430, 393168, 815484, 926901, 390291, 109817, 572604, 150155, 37.0, 44.2, 1.01
A, 700686, 393515, 815446, 927156, 390448, 109892, 572970, 150194, 37.0, 44.1, 0.99
A, 702029, 393923, 816883, 928888, 390864, 110044, 573467, 150413, 37.0, 44.1, 0.99
A, 702110, 394395, 816704, 928906, 391034, 109978, 573710, 150303, 37.0, 44.0, 0.99
A, 701942, 394518, 816015, 928865, 391194, 110045, 573944, 150281, 37.0, 44.0, 1.00
A, 702076, 394770, 815886, 929142, 391288, 110043, 574090, 150310, 37.0, 44.0, 1.00
A, 702028, 395037, 815435, 929079, 391448, 110056, 574349, 150149, 37.0, 44.0, 1.00
A, 702275, 395235, 815485, 929510, 391608, 110115, 574600, 150158, 37.0, 43.9, 1.00
A, 702518, 395566, 815538, 929974, 391819, 110233, 574887, 150241, 37.0, 43.9, 1.00
A, 703322, 395861, 815960, 930777, 392121, 110278, 575263, 150374, 37.0, 43.9, 0.99
A, 703689, 396250, 816197, 931156, 392326, 110340, 575543, 150333, 37.0, 43.9, 1.01
A, 703836, 396441, 816077, 931430, 392514, 110361, 575818, 150298, 37.0, 43.8, 0.99
A, 703800, 396598, 815629, 931544, 392570, 110343, 575986, 150236, 37.0, 43.8, 0.99
A, 704193, 396945, 815755, 932051, 392861, 110438, 576330, 150274, 36.9, 43.7, 1.00
A, 704329, 397104, 815834, 932470, 392946, 110480, 576480, 150331, 36.9, 43.7, 1.00
A, 704759, 397487, 815831, 932720, 393284, 110533, 576894, 150305, 36.9, 43.7, 1.00
A, 704988, 397568, 815899, 933082, 393330, 110593, 577036, 150291, 36.9, 43.7, 1.00
A, 705367, 397904, 816324, 933889, 393532, 110655, 577377, 150416, 36.9, 43.7, 1.00
A, 705839, 398070, 816524, 934371, 393806, 110721, 577644, 150386, 36.9, 43.6, 0.99
A, 705973, 398261, 816547, 934627, 393913, 110765, 577825, 150404, 36.9, 43.6, 1.00
A, 706691, 398577, 817187, 935471, 394169, 110738, 578161, 150354, 36.9, 43.6, 1.01
A, 706737, 398717, 816910, 935546, 394316, 110882, 578359, 150429, 36.9, 43.6, 1.01
A, 708267, 399177, 818515, 937390, 394668, 111015, 578894, 150695, 36.9, 43.6, 1.00
A, 708155, 399406, 818308, 937484, 394791, 111055, 579067, 150606, 36.9, 43.6, 1.01
A, 707835, 399490, 817716, 937192, 394818, 111084, 579087, 150477, 36.9, 43.6, 0.99
A, 707820, 399665, 817603, 937400, 394956, 111090, 579324, 150533, 36.9, 43.6, 1.01
A, 708443, 399916, 818061, 938126, 395166, 111150, 579566, 150657, 36.8, 43.5, 1.01
A, 708667, 400209, 818184, 938303, 395399, 111204, 579836, 150550, 36.8, 43.5, 0.99
A, 708244, 400155, 817449, 938003, 395411, 111213, 579916, 150448, 36.8, 43.5, 1.00
A, 708438, 400330, 817381, 938248, 395449, 111254, 580084, 150420, 36.8, 43.5, 1.00
A, 708856, 400506, 817932, 939039, 395719, 111368, 580296, 150540, 36.8, 43.4, 1.00
A, 709080, 400655, 817941, 939268, 395788, 111405, 580507, 150486, 36.8, 43.4, 0.99
A, 709707, 401001, 818322, 939818, 396031, 111418, 580760, 150531, 36.8, 43.4, 1.01
A, 709762, 401098, 818383, 940233, 396171, 111445, 580969, 150546, 36.8, 43.4, 1.00
A, 709681, 401267, 818133, 940247, 396283, 111500, 581110, 150476, 36.8, 43.4, 1.01
A, 709786, 401343, 818106, 940462, 396298, 111557, 581343, 150504, 36.8, 43.4, 1.00
A, 709910, 401534, 817982, 940598, 396525, 111549, 581493, 150400, 36.8, 43.4, 1.00
A, 710088, 401507, 817886, 940705, 396542, 111595, 581548, 150366, 36.8, 43.4, 1.00
A, 710368, 401765, 818200, 941316, 396656, 111651, 581806, 150442, 36.8, 43.4, 0.99
A, 710573, 401808, 818297, 941592, 396831, 111651, 581968, 150386, 36.8, 43.3, 1.00
A, 710756, 401844, 818407, 941972, 396919, 111735, 582110, 150472, 36.8, 43.3, 1.01
A, 711227, 402117, 818872, 942608, 397095, 111752, 582383, 150540, 36.8, 43.3, 1.00
A, 712855, 402545, 820771, 944227, 397521, 111937, 582882, 150791, 36.8, 43.3, 0.99
A, 712334, 402655, 819913, 943898, 397566, 111934, 582999, 150603, 36.8, 43.3, 0.99
A, 712168, 402727, 819757, 944080, 397554, 111990, 583048, 150575, 36.8, 43.3, 1.00
A, 712156, 402792, 819602, 944059, 397652, 111975, 583075, 150561, 36.7, 43.2, 0.99
A, 712507, 402952, 819902, 944342, 397804, 112045, 583241, 150591, 36.7, 43.2, 1.00
A, 712572, 403055, 819970, 944795, 397894, 112145, 583428, 150626, 36.7, 43.2, 1.00
A, 712640, 403055, 819782, 944801, 397983, 112116, 583663, 150527, 36.7, 43.2, 1.01
A, 712723, 403217, 819665, 944839, 398054, 112137, 583672, 150477, 36.7, 43.2, 1.00
A, 712643, 403250, 819670, 945167, 398073, 112098, 583803, 150482, 36.7, 43.2, 1.01
A, 713095, 403426, 820078, 945721, 398305, 112234, 584020, 150447, 36.7, 43.2, 1.00
A, 713093, 403508, 820006, 945683, 398347, 112238, 584154, 150579, 36.7, 43.2, 1.01
A, 713669, 403745, 820383, 946169, 398549, 112376, 584353, 150470, 36.7, 43.1, 1.01
A, 713558, 403744, 820176, 946281, 398575, 112389, 584487, 150482, 36.7, 43.1, 1.00
A, 713475, 403882, 819916, 946284, 398708, 112420, 584638, 150445, 36.7, 43.1, 1.01
A, 713442, 403791, 819965, 946413, 398660, 112440, 584656, 150449, 36.7, 43.1, 1.00
A, 713828, 403949, 820349, 947001, 398779, 112464, 584886, 150485, 36.7, 43.1, 1.00
A, 714078, 404035, 820633, 947433, 398944, 112538, 585030, 150492, 36.7, 43.1, 0.99
A, 714067, 404138, 820419, 947208, 399068, 112493, 585113, 150387, 36.7, 43.1, 1.00
A, 714058, 404156, 820416, 947367, 399136, 112575, 585258, 150400, 36.7, 43.1, 1.01
A, 714135, 404270, 820270, 947698, 399139, 112606, 585370, 150402, 36.7, 43.1, 1.00
A, 715808, 404593, 822536, 949887, 399554, 112813, 585901, 150755, 36.7, 43.1, 1.00
A, 715457, 404664, 821896, 949309, 399623, 112803, 585955, 150618, 36.7, 43.1, 1.01
A, 715396, 404760, 821707, 949369, 399647, 112801, 586016, 150567, 36.7, 43.1, 1.01
A, 715007, 404748, 821186, 948969, 399620, 112847, 586001, 150395, 36.7, 43.1, 1.00
A, 714777, 404680, 820581, 948592, 399583, 112804, 586021, 150262, 36.7, 43.1, 1.00
A, 714704, 404684, 820510, 948793, 399659, 112790, 586076, 150236, 36.7, 43.1, 0.99
A, 714909, 404695, 820703, 949198, 399746, 112833, 586240, 150350, 36.7, 43.1, 1.00
A, 715073, 404851, 820868, 949471, 399824, 112930, 586451, 150390, 36.7, 43.1, 1.01
A, 715773, 404954, 821360, 949965, 400014, 112928, 586677, 150326, 36.6, 43.1, 1.00
A, 715654, 405036, 821335, 950239, 400029, 112984, 586714, 150325, 36.6, 43.1, 1.00
A, 715916, 405187, 821652, 950687, 400193, 112961, 586883, 150331, 36.6, 43.1, 0.99
A, 715630, 405073, 821000, 950134, 400179, 113047, 586866, 150268, 36.6, 43.1, 1.00
A, 715764, 405089, 821106, 950397, 400298, 113017, 587032, 149980, 36.6, 43.0, 0.99
A, 715052, 404972, 819981, 949613, 400112, 112989, 586902, 150053, 36.6, 43.0, 1.00
A, 715397, 405068, 820151, 949865, 400281, 113056, 587054, 150045, 36.6, 43.0, 0.99
A, 715613, 405051, 820428, 950503, 400299, 113115, 587232, 150101, 36.6, 43.0, 0.99
A, 716069, 405227, 820954, 951275, 400521, 113158, 587440, 150244, 36.6, 43.0, 1.00
A, 716471, 405357, 821470, 951757, 400662, 113269, 587581, 150238, 36.6, 43.0, 1.00
A, 716899, 405453, 821631, 952052, 400822, 113250, 587824, 150228, 36.6, 43.0, 1.00
A, 716889, 405473, 821561, 952087, 400867, 113290, 587902, 150213, 36.6, 43.0, 1.00
A, 718149, 405685, 823439, 954053, 401164, 113470, 588310, 150489, 36.6, 43.0, 1.01
A, 718100, 405886, 823026, 953763, 401277, 113456, 588372, 150380, 36.6, 42.9, 1.01
A, 717680, 405826, 822613, 953571, 401253, 113488, 588313, 150260, 36.6, 42.9, 1.00
A, 717657, 405849, 822559, 953531, 401269, 113535, 588417, 150210, 36.6, 43.0, 1.00
A, 717845, 405954, 822612, 953582, 401390, 113531, 588545, 150218, 36.6, 43.0, 1.00
A, 717916, 405970, 822598, 953739, 401456, 113564, 588626, 150219, 36.6, 42.9, 1.00
A, 718176, 406034, 823018, 954442, 401550, 113660, 588820, 150248, 36.6, 42.9, 1.01
A, 718254, 406050, 823099, 954566, 401635, 113629, 588883, 150238, 36.6, 42.9, 1.01
A, 718294, 406068, 823101, 954558, 401660, 113715, 588969, 150252, 36.6, 42.9, 1.01
A, 718825, 406200, 823673, 955210, 401832, 113758, 589142, 150357, 36.6, 42.9, 0.99
A, 718816, 406335, 823756, 955415, 401875, 113762, 589217, 150259, 36.6, 42.9, 1.00
A, 718899, 406289, 823611, 955325, 401923, 113777, 589328, 150234, 36.6, 42.9, 1.00
A, 718906, 406349, 823753, 955661, 401953, 113822, 589326, 150195, 36.6, 42.9, 1.00
A, 718433, 406433, 823215, 955374, 402031, 113802, 589516, 150151, 36.6, 42.9, 1.01
A, 718620, 406383, 823411, 955645, 401997, 113851, 589449, 150118, 36.6, 42.9, 1.00
A, 718852, 406518, 823487, 955681, 402168, 113939, 589643, 150112, 36.6, 42.9, 0.99
A, 718910, 406463, 823544, 955943, 402140, 113887, 589679, 150174, 36.6, 42.9, 1.00
A, 719169, 406485, 823911, 956410, 402251, 114033, 589770, 150142, 36.6, 42.9, 1.00
A, 719411, 406663, 824025, 956502, 402359, 113982, 589949, 150138, 36.6, 42.9, 1.00
A, 719363, 406637, 824202, 956897, 402377, 114060, 590036, 150189, 36.6, 42.9, 1.00
A, 721149, 406895, 826490, 958968, 402787, 114231, 590517, 150544, 36.6, 42.9, 1.00
A, 720782, 407010, 825969, 958216, 402767, 114193, 590488, 150315, 36.6, 42.9, 0.99
A, 720082, 406915, 825194, 957732, 402727, 114182, 590413, 150129, 36.6, 42.9, 0.99
A, 719876, 406896, 825000, 957746, 402681, 114249, 590404, 150133, 36.6, 42.9, 1.01
A, 720238, 406996, 825445, 958292, 402820, 114284, 590569, 150186, 36.6, 42.9, 1.00
A, 720351, 406977, 825487, 958123, 402856, 114275, 590629, 150083, 36.6, 42.9, 1.00
A, 720256, 407018, 825346, 958131, 402950, 114397, 590658, 150109, 36.6, 42.9, 1.00
A, 720241, 407064, 825515, 958426, 402950, 114349, 590749, 150090, 36.6, 42.9, 1.00
A, 720396, 407063, 825469, 958459, 403014, 114378, 590782, 150075, 36.5, 42.9, 0.99
A, 720267, 407016, 825470, 958582, 402980, 114383, 590830, 150070, 36.5, 42.9, 1.00
A, 720631, 407120, 825873, 959019, 403084, 114435, 591038, 150101, 36.5, 42.9, 0.99
A, 720876, 407179, 826098, 959048, 403216, 114442, 591173, 150063, 36.5, 42.9, 1.00
A, 720724, 407175, 826006, 959089, 403173, 114388, 591154, 149986, 36.5, 42.9, 0.99
A, 720648, 407117, 825775, 959174, 403232, 114518, 591180, 150019, 36.5, 42.9, 0.99
A, 720751, 407207, 825782, 959139, 403305, 114539, 591332, 149974, 36.5, 42.9, 0.99
A, 720681, 407151, 825947, 959278, 403328, 114562, 591355, 150046, 36.5, 42.9, 1.01
A, 720619, 407320, 825792, 959353, 403450, 114560, 591420, 149917, 36.5, 42.9, 1.00
A, 720619, 407205, 825874, 959439, 403410, 114617, 591507, 149950, 36.5, 42.9, 1.01
A, 720750, 407227, 825854, 959617, 403422, 114604, 591534, 149914, 36.5, 42.9, 1.00
A, 720940, 407235, 826121, 959902, 403500, 114696, 591644, 149899, 36.5, 42.9, 1.00
A, 722147, 407501, 827836, 961599, 403778, 114806, 591962, 150261, 36.5, 42.9, 1.00
A, 722374, 407696, 828048, 961806, 403981, 114864, 592155, 150230, 36.5, 42.9, 1.01
A, 722366, 407691, 828167, 961757, 403991, 114866, 592156, 150045, 36.5, 42.9, 0.99
A, 722018, 407637, 827611, 961362, 403936, 114836, 592150, 149999, 36.5, 42.9, 1.01
A, 721881, 407618, 827416, 961275, 403883, 114889, 592112, 149990, 36.5, 42.9, 1.00
A, 721863, 407605, 827412, 961264, 403973, 114904, 592112, 149890, 36.5, 42.9, 1.00
A, 722055, 407694, 827734, 961694, 404018, 114935, 592274, 149962, 36.5, 42.9, 1.01
A, 722045, 407657, 827831, 961802, 404060, 114932, 592356, 149988, 36.5, 42.9, 1.00
A, 722238, 407761, 828041, 961899, 404104, 114991, 592435, 149939, 36.5, 42.9, 1.00
A, 722145, 407667, 827903, 961975, 404137, 115037, 592513, 149858, 36.5, 42.9, 1.00
A, 721920, 407682, 827611, 961768, 404108, 115010, 592480, 149836, 36.5, 42.9, 1.00
A, 722127, 407683, 828015, 962216, 404261, 115104, 592581, 149902, 36.5, 42.9, 1.00
A, 722330, 407752, 827964, 962136, 404234, 115057, 592681, 149818, 36.5, 42.9, 1.00
A, 722193, 407725, 827848, 962080, 404229, 115116, 592683, 149828, 36.5, 42.9, 1.00
A, 722274, 407664, 828022, 962338, 404320, 115111, 592771, 149820, 36.5, 42.9, 0.99
A, 722027, 407780, 827699, 962068, 404355, 115095, 592812, 149705, 36.5, 42.9, 0.99
A, 722022, 407657, 827741, 962217, 404342, 115107, 592813, 149681, 36.5, 42.9, 1.00
A, 721998, 407709, 827578, 962096, 404396, 115168, 592860, 149668, 36.5, 42.9, 1.00
A, 722074, 407684, 827682, 962094, 404319, 115150, 592915, 149652, 36.5, 42.9, 1.01
A, 722257, 407712, 828079, 962732, 404500, 115187, 593028, 149680, 36.5, 42.9, 1.00
A, 723600, 407848, 829927, 964474, 404692, 115378, 593388, 150031, 36.5, 42.9, 1.01
A, 723222, 407988, 829257, 963781, 404785, 115361, 593357, 149868, 36.5, 42.9, 1.00
A, 723037, 407972, 829064, 963576, 404755, 115321, 593371, 149781, 36.5, 42.9, 0.99
A, 722518, 407788, 828413, 963054, 404678, 115357, 593307, 149583, 36.5, 42.9, 1.01
A, 722131, 407664, 827896, 962607, 404579, 115250, 593265, 149502, 36.5, 42.9, 1.00
A, 722202, 407614, 828008, 962954, 404584, 115295, 593237, 149491, 36.5, 42.9, 1.00
A, 722720, 407727, 828638, 963516, 404724, 115421, 593479, 149566, 36.5, 42.9, 1.00
A, 722757, 407770, 828803, 963656, 404814, 115428, 593536, 149652, 36.5, 42.9, 1.00
A, 723209, 407872, 829278, 964238, 404925, 115515, 593716, 149740, 36.5, 42.9, 1.00
A, 723402, 407924, 829642, 964427, 405009, 115513, 593808, 149654, 36.5, 42.9, 1.00
A, 723450, 407998, 829519, 964426, 405020, 115506, 593797, 149584, 36.5, 42.9, 1.00
A, 723407, 407901, 829477, 964569, 405097, 115546, 593872, 149599, 36.5, 42.9, 1.00
A, 723690, 407997, 829917, 964819, 405166, 115601, 593998, 149672, 36.5, 42.9, 1.00
A, 723661, 407977, 830000, 965046, 405181, 115589, 594009, 149526, 36.5, 42.9, 1.00
A, 723821, 408045, 829933, 964959, 405243, 115618, 594127, 149630, 36.5, 42.9, 1.00
A, 723652, 408043, 829958, 965030, 405300, 115679, 594157, 149630, 36.5, 42.9, 1.00
A, 723534, 408085, 829874, 964966, 405283, 115679, 594217, 149602, 36.5, 42.9, 1.00
A, 723477, 407951, 829845, 965063, 405285, 115731, 594222, 149548, 36.5, 42.9, 1.01
A, 723878, 408039, 830212, 965358, 405349, 115677, 594329, 149613, 36.5, 42.9, 1.00
A, 723967, 408111, 830549, 965621, 405459, 115750, 594400, 149598, 36.4, 42.9, 1.00
A, 725435, 408382, 832599, 967643, 405724, 115886, 594831, 149942, 36.4, 42.9, 1.00
A, 724863, 408458, 831717, 966735, 405752, 115885, 594755, 149698, 36.4, 42.9, 1.00
A, 724347, 408269, 831127, 966139, 405623, 115949, 594558, 149569, 36.4, 42.9, 1.00
A, 724024, 408183, 830856, 966053, 405589, 115880, 594618, 149471, 36.4, 42.9, 1.00
A, 724070, 408228, 830854, 966071, 405580, 115952, 594654, 149530, 36.4, 42.9, 1.00
A, 724328, 408313, 831310, 966540, 405784, 115960, 594782, 149594, 36.4, 42.9, 1.00
A, 724501, 408326, 831526, 966521, 405754, 115964, 594796, 149495, 36.4, 42.9, 1.00
A, 724385, 408238, 831395, 966575, 405755, 115935, 594867, 149520, 36.4, 42.9, 1.00
A, 724629, 408314, 831489, 966741, 405795, 116026, 594935, 149549, 36.4, 42.9, 1.00
A, 724542, 408199, 831578, 966722, 405855, 116085, 594911, 149458, 36.4, 42.9, 1.00
A, 724523, 408260, 831618, 966841, 405890, 116044, 595015, 149476, 36.4, 42.9, 1.00
A, 724820, 408296, 832067, 967347, 405946, 116110, 595064, 149517, 36.4, 42.9, 0.99
A, 725022, 408293, 832405, 967415, 406025, 116117, 595186, 149486, 36.4, 42.9, 0.99
A, 724838, 408336, 832205, 967390, 406007, 116135, 595214, 149399, 36.4, 42.9, 1.00
A, 724714, 408286, 832090, 967325, 406043, 116097, 595239, 149499, 36.4, 42.9, 0.99
A, 724859, 408320, 832087, 967197, 406041, 116170, 595299, 149358, 36.4, 42.9, 1.00
A, 724720, 408268, 832108, 967198, 406064, 116187, 595235, 149371, 36.4, 42.9, 1.00
A, 724386, 408292, 831753, 966990, 406044, 116196, 595312, 149332, 36.4, 42.9, 1.00
A, 724118, 408144, 831257, 966746, 405919, 116176, 595251, 149197, 36.4, 42.9, 1.00
A, 724386, 408141, 831818, 967197, 406008, 116194, 595296, 149304, 36.4, 42.9, 1.00
A, 725845, 408331, 833776, 969032, 406370, 116341, 595705, 149611, 36.4, 42.9, 1.00
A, 725488, 408467, 832999, 968135, 406363, 116327, 595737, 149408, 36.4, 42.9, 1.00
A, 724734, 408299, 832088, 967352, 406244, 116241, 595507, 149192, 36.4, 43.0, 1.01
A, 724704, 408215, 832254, 967626, 406252, 116316, 595562, 149203, 36.4, 43.0, 1.01
A, 724924, 408238, 832645, 967962, 406301, 116328, 595676, 149271, 36.4, 43.0, 1.00
A, 725007, 408295, 832536, 968023, 406341, 116347, 595765, 149294, 36.4, 43.0, 1.00
A, 725366, 408391, 833042, 968452, 406477, 116403, 595906, 149326, 36.4, 43.0, 0.99
A, 725456, 408435, 833131, 968483, 406507, 116401, 595943, 149309, 36.4, 43.0, 1.00
A, 725340, 408329, 832988, 968351, 406486, 116464, 595953, 149293, 36.4, 43.0, 1.00
A, 725397, 408322, 833219, 968562, 406597, 116455, 595992, 149261, 36.4, 43.0, 1.02
A, 725519, 408370, 833400, 968896, 406640, 116448, 596082, 149315, 36.4, 43.0, 1.00
A, 725458, 408332, 833311, 968892, 406609, 116492, 596076, 149277, 36.4, 43.0, 1.00
A, 725783, 408485, 833760, 969383, 406739, 116561, 596247, 149324, 36.4, 43.0, 1.00
A, 725953, 408421, 833976, 969323, 406736, 116478, 596250, 149262, 36.4, 43.0, 1.00
A, 725837, 408466, 833796, 969290, 406747, 116545, 596286, 149270, 36.4, 43.0, 1.00
A, 726012, 408521, 834030, 969517, 406797, 116622, 596318, 149236, 36.4, 43.0, 1.00
A, 725722, 408490, 833668, 969179, 406784, 116518, 596350, 149144, 36.4, 43.0, 1.00
A, 725643, 408421, 833628, 969344, 406786, 116557, 596341, 149193, 36.4, 43.0, 1.00
A, 725776, 408510, 833588, 969307, 406887, 116562, 596455, 149121, 36.4, 43.0, 1.00
A, 725766, 408414, 833781, 969354, 406826, 116571, 596475, 149073, 36.4, 43.0, 1.00
A, 727128, 408684, 835734, 971337, 407207, 116826, 596808, 149444, 36.4, 43.0, 1.00
A, 726709, 408719, 835107, 970648, 407201, 116750, 596799, 149210, 36.4, 43.0, 1.00
A, 726325, 408618, 834519, 970171, 407074, 116780, 596708, 149242, 36.4, 43.0, 1.00
A, 726296, 408573, 834642, 970035, 407056, 116758, 596698, 149162, 36.4, 43.0, 1.01
A, 725995, 408556, 834385, 969940, 407038, 116758, 596724, 149032, 36.4, 43.0, 1.00
A, 725638, 408549, 833886, 969548, 406930, 116662, 596656, 148964, 36.4, 43.0, 1.00
A, 725728, 408477, 834045, 969765, 406907, 116712, 596652, 148933, 36.4, 43.0, 1.00
A, 726097, 408501, 834521, 970349, 407083, 116719, 596862, 149040, 36.4, 43.0, 1.01
A, 726225, 408485, 834699, 970355, 407170, 116828, 596899, 149113, 36.4, 43.0, 1.00
A, 726692, 408623, 835287, 971044, 407297, 116819, 597064, 149151, 36.4, 43.0, 1.00
A, 726845, 408606, 835634, 971205, 407351, 116816, 597166, 149138, 36.4, 43.0, 1.01
A, 726828, 408662, 835521, 971183, 407341, 116858, 597171, 149116, 36.4, 43.0, 1.01
A, 726438, 408527, 834893, 970739, 407267, 116885, 597099, 149022, 36.4, 43.0, 1.00
A, 726795, 408640, 835510, 971232, 407352, 116977, 597224, 149014, 36.4, 43.0, 0.99
A, 726753, 408643, 835354, 971098, 407425, 116878, 597267, 148962, 36.4, 43.0, 1.00
A, 726691, 408585, 835401, 971037, 407355, 116865, 597261, 148979, 36.4, 43.0, 1.00
A, 726831, 408601, 835586, 971331, 407489, 116918, 597276, 148991, 36.4, 43.0, 1.00
A, 726861, 408663, 835489, 971344, 407571, 116961, 597401, 149025, 36.4, 43.0, 1.00
A, 726824, 408655, 835641, 971479, 407518, 116993, 597397, 149025, 36.4, 43.0, 0.99
A, 726846, 408737, 835717, 971485, 407654, 116983, 597460, 148984, 36.4, 43.0, 1.01
A, 727918, 408731, 837059, 972696, 407781, 117055, 597698, 149118, 36.4, 43.0, 1.00
A, 727533, 408882, 836835, 972484, 407789, 117149, 597752, 149020, 36.4, 43.0, 1.00
A, 727223, 408796, 836231, 971986, 407724, 117057, 597648, 148980, 36.4, 43.0, 1.00
A, 726979, 408678, 835911, 971716, 407652, 117106, 597615, 148871, 36.4, 43.0, 0.99
A, 727028, 408686, 836125, 971895, 407686, 117091, 597726, 148918, 36.4, 43.0, 1.00
A, 727413, 408732, 836322, 972048, 407789, 117084, 597806, 148879, 36.4, 43.0, 1.00
A, 727362, 408807, 836505, 972097, 407891, 117112, 597839, 148873, 36.4, 43.0, 1.00
A, 727611, 408841, 836785, 972699, 407901, 117167, 597958, 148950, 36.4, 43.0, 1.00
A, 727711, 408839, 836931, 972871, 407940, 117147, 597988, 148955, 36.4, 43.0, 1.00
A, 728014, 408922, 837244, 973062, 408029, 117214, 598107, 148994, 36.4, 43.0, 0.99
A, 728200, 408983, 837593, 973295, 408085, 117214, 598154, 149050, 36.4, 43.0, 1.00
A, 728315, 409040, 837955, 973502, 408103, 117276, 598215, 149004, 36.4, 43.0, 1.00
A, 728357, 409084, 837763, 973446, 408111, 117223, 598201, 148923, 36.4, 43.1, 0.99
A, 728231, 409012, 837805, 973658, 408154, 117315, 598326, 148967, 36.4, 43.1, 1.00
A, 728466, 409073, 838196, 974023, 408234, 117392, 598368, 149002, 36.4, 43.1, 1.02
A, 728355, 409098, 838205, 974057, 408259, 117424, 598393, 149047, 36.4, 43.1, 1.00
A, 728837, 409277, 838649, 974056, 408410, 117397, 598519, 148991, 36.4, 43.1, 1.00
A, 728658, 409215, 838594, 974305, 408364, 117464, 598532, 149016, 36.4, 43.1, 1.00
A, 728088, 409141, 838013, 973694, 408383, 117383, 598453, 148848, 36.4, 43.1, 1.00
A, 728183, 409101, 837993, 973746, 408226, 117409, 598409, 148900, 36.4, 43.1, 1.00
A, 729625, 409386, 840208, 975663, 408721, 117627, 598886, 149121, 36.3, 43.1, 1.00
A, 729150, 409332, 839554, 974906, 408570, 117535, 598750, 148935, 36.3, 43.1, 1.00
A, 728477, 409190, 838808, 974181, 408414, 117478, 598567, 148833, 36.3, 43.1, 1.01
A, 728499, 409122, 838872, 974202, 408405, 117467, 598557, 148828, 36.3, 43.1, 0.99
A, 728380, 409103, 838862, 974381, 408388, 117492, 598607, 148872, 36.3, 43.1, 0.99
A, 728599, 409135, 839314, 974659, 408510, 117557, 598676, 148930, 36.3, 43.1, 1.00
A, 728781, 409169, 839391, 974639, 408568, 117526, 598733, 148813, 36.3, 43.1, 1.00
A, 728545, 409066, 839199, 974433, 408478, 117545, 598712, 148827, 36.3, 43.1, 1.00
A, 728615, 409156, 839496, 974719, 408595, 117595, 598778, 148813, 36.3, 43.1, 1.00
A, 728645, 409084, 839440, 974652, 408547, 117583, 598786, 148775, 36.3, 43.1, 1.01
A, 728781, 409113, 839811, 974975, 408623, 117621, 598852, 148897, 36.3, 43.1, 1.00
A, 728810, 409178, 840019, 975111, 408659, 117706, 598886, 148879, 36.3, 43.1, 1.00
A, 728985, 409183, 840013, 974881, 408647, 117621, 598902, 148816, 36.3, 43.1, 1.00
A, 728716, 409164, 840025, 974804, 408670, 117641, 598918, 148771, 36.3, 43.1, 0.99
A, 728529, 409062, 839844, 974886, 408574, 117669, 598925, 148770, 36.3, 43.1, 1.00
A, 728283, 409015, 839645, 974583, 408642, 117703, 598911, 148691, 36.3, 43.1, 0.99
A, 728472, 408959, 839707, 974540, 408577, 117635, 598894, 148718, 36.3, 43.1, 1.00
A, 728626, 409151, 840125, 974887, 408723, 117707, 599009, 148666, 36.3, 43.1, 1.01
A, 728522, 409016, 840217, 974846, 408642, 117718, 599004, 148677, 36.3, 43.1, 1.00
A, 728443, 409053, 840151, 974690, 408748, 117764, 599051, 148632, 36.3, 43.1, 1.00
A, 729427, 409110, 841577, 976205, 408882, 117844, 599256, 148840, 36.3, 43.1, 1.01
A, 729597, 409263, 841860, 976414, 409067, 117919, 599409, 148964, 36.3, 43.1, 0.99
A, 729553, 409314, 841892, 976301, 409063, 117956, 599392, 148883, 36.3, 43.1, 1.00
A, 729515, 409274, 841964, 976197, 409077, 117900, 599445, 148799, 36.3, 43.1, 1.00
A, 729275, 409236, 841624, 975810, 408971, 117819, 599378, 148734, 36.3, 43.1, 1.00
A, 728878, 409059, 841461, 975696, 408919, 117895, 599355, 148672, 36.3, 43.1, 1.00
A, 729153, 409135, 841600, 975892, 408970, 117921, 599366, 148736, 36.3, 43.1, 1.00
A, 728960, 409052, 841660, 975865, 408966, 117881, 599355, 148743, 36.3, 43.1, 1.00
A, 729125, 409154, 842021, 976109, 409094, 117982, 599450, 148726, 36.3, 43.1, 1.00
A, 729279, 409137, 841946, 975800, 409029, 117926, 599482, 148613, 36.3, 43.1, 1.00
A, 728641, 409097, 841441, 975222, 408969, 117906, 599382, 148538, 36.3, 43.1, 1.00
A, 728763, 409051, 841768, 975793, 408975, 117932, 599453, 148630, 36.3, 43.1, 1.01
A, 728852, 408999, 841861, 975792, 409047, 117952, 599506, 148646, 36.3, 43.1, 1.00
A, 728911, 409005, 841890, 975648, 409048, 117939, 599527, 148582, 36.3, 43.1, 0.99
A, 729170, 409141, 842444, 976105, 409138, 118017, 599588, 148636, 36.3, 43.2, 1.00
A, 729102, 409102, 842430, 976192, 409129, 118000, 599630, 148570, 36.3, 43.2, 1.00
A, 729043, 409080, 842243, 976021, 409168, 118057, 599616, 148551, 36.3, 43.2, 0.99
A, 728989, 408997, 842421, 976071, 409096, 118054, 599620, 148549, 36.3, 43.2, 1.00
A, 728969, 409077, 842353, 975832, 409134, 118044, 599609, 148539, 36.3, 43.2, 1.00
A, 728872, 408940, 842220, 975698, 409156, 118031, 599656, 148417, 36.3, 43.2, 1.01
M, 724552, 408542, 835730, 968984, 408306, 117444, 598371, 146921, 36.3, 43.2, 0.00
M, 717395, 406509, 826249, 960950, 406224, 116701, 595968, 145478, 36.3, 43.2, 0.54
M, 707638, 403360, 812118, 948411, 403271, 115571, 592819, 143246, 36.4, 43.2, 0.75
M, 703287, 401549, 805256, 942609, 402351, 114972, 592418, 142263, 36.4, 43.2, 0.80
M, 699489, 400220, 798567, 937658, 402340, 114313, 593653, 141334, 36.4, 43.2, 0.90
M, 697565, 399486, 792957, 934008, 403077, 113795, 595889, 140748, 36.4, 43.4, 0.93
M, 697014, 399167, 788500, 931872, 403871, 113394, 598006, 140306, 36.4, 43.4, 0.96
M, 697632, 398968, 785228, 931069, 404823, 113063, 600175, 140134, 36.4, 43.7, 0.97
M, 698759, 398969, 781753, 930686, 405730, 112755, 602019, 139837, 36.4, 43.7, 0.98
M, 700298, 398862, 778895, 930973, 406443, 112443, 603595, 139631, 36.4, 43.8, 0.99
M, 702294, 398917, 777359, 932213, 407070, 112207, 604832, 139657, 36.4, 43.8, 0.99
M, 704267, 398883, 775579, 933601, 407697, 112041, 605916, 139591, 36.4, 43.9, 0.99
M, 706375, 398919, 774195, 934988, 408167, 111927, 606808, 139602, 36.4, 43.9, 1.00
M, 708991, 398984, 773276, 937052, 408781, 111845, 607775, 139676, 36.4, 44.0, 1.00
M, 711767, 399071, 772551, 939362, 409425, 111737, 608679, 139746, 36.4, 44.0, 0.99
M, 713847, 399088, 771805, 941404, 409815, 111652, 609315, 139809, 36.4, 44.0, 1.00
M, 715892, 399016, 771144, 943383, 410255, 111574, 609988, 139859, 36.4, 44.0, 1.00
M, 718259, 399152, 771259, 945925, 410740, 111510, 610632, 139979, 36.4, 44.1, 0.99
M, 720124, 399197, 770812, 947865, 411188, 111549, 611177, 140061, 36.4, 44.1, 1.00
M, 722269, 399231, 770472, 950333, 411656, 111523, 611835, 140186, 36.4, 44.1, 1.00
M, 725139, 399416, 772070, 953923, 412286, 111586, 612607, 140510, 36.4, 44.1, 1.00
M, 726287, 399600, 771147, 955274, 412712, 111495, 613064, 140417, 36.4, 44.1, 1.00
M, 727010, 399445, 770598, 956454, 412881, 111489, 613311, 140431, 36.4, 44.1, 1.01
M, 728271, 399491, 769938, 958209, 413360, 111491, 613846, 140424, 36.4, 44.2, 1.01
M, 729516, 399394, 769928, 959550, 413573, 111458, 614155, 140414, 36.4, 44.2, 0.99
M, 730944, 399668, 770445, 961764, 414081, 111545, 614759, 140725, 36.4, 44.2, 1.00
M, 732146, 399723, 770651, 963422, 414446, 111506, 615193, 140776, 36.4, 44.2, 0.99
M, 733296, 399873, 771043, 965363, 414863, 111633, 615707, 140867, 36.4, 44.2, 0.99
M, 734700, 400154, 771725, 967468, 415354, 111702, 616211, 141065, 36.4, 44.2, 1.01
M, 735973, 400242, 772018, 968894, 415801, 111727, 616718, 141087, 36.4, 44.2, 1.00
M, 736789, 400441, 772144, 970466, 416172, 111740, 617052, 141135, 36.4, 44.2, 0.99
M, 737611, 400630, 772637, 972193, 416535, 111775, 617500, 141303, 36.4, 44.2, 0.99
M, 737374, 400786, 771976, 972909, 416881, 111854, 617788, 141266, 36.4, 44.2, 1.01
M, 738917, 400922, 772545, 974143, 417110, 111816, 618259, 141368, 36.4, 44.2, 1.00
M, 738847, 400936, 772077, 974870, 417259, 111833, 618372, 141301, 36.4, 44.2, 1.01
M, 739928, 401165, 772736, 976423, 417759, 111852, 618889, 141436, 36.4, 44.2, 1.01
M, 740910, 401466, 773016, 977711, 418084, 111908, 619336, 141541, 36.4, 44.2, 0.99
M, 741666, 401705, 773811, 979428, 418496, 111983, 619772, 141658, 36.4, 44.2, 1.00
M, 742366, 401883, 774238, 980715, 418767, 112033, 620109, 141776, 36.4, 44.3, 1.01
M, 742960, 402156, 774471, 981700, 419126, 112067, 620474, 141845, 36.4, 44.3, 1.00
M, 745609, 402830, 777189, 984993, 419884, 112286, 621352, 142268, 36.4, 44.3, 1.01
M, 745392, 403114, 776845, 985203, 420096, 112350, 621489, 142121, 36.4, 44.3, 1.00
M, 745587, 403413, 776571, 985827, 420410, 112360, 621718, 142173, 36.4, 44.3, 1.00
M, 745847, 403408, 776713, 986361, 420506, 112427, 621920, 142177, 36.4, 44.3, 0.99
M, 746389, 403711, 777285, 987622, 420744, 112417, 622148, 142279, 36.4, 44.3, 1.00
M, 746902, 403977, 777632, 988497, 421052, 112459, 622460, 142306, 36.4, 44.3, 1.00
M, 747316, 404226, 777846, 989003, 421295, 112557, 622764, 142248, 36.4, 44.3, 1.00
M, 747614, 404416, 778017, 989776, 421503, 112573, 622983, 142337, 36.4, 44.3, 1.01
M, 747604, 404610, 777884, 990460, 421780, 112591, 623171, 142397, 36.4, 44.3, 1.00
M, 748345, 404879, 778639, 991432, 422016, 112684, 623531, 142566, 36.4, 44.3, 1.00
M, 748755, 405140, 778805, 992005, 422269, 112727, 623699, 142573, 36.4, 44.3, 0.99
M, 749515, 405501, 779631, 993298, 422482, 112806, 624045, 142679, 36.4, 44.3, 1.00
M, 749791, 405679, 779868, 993982, 422789, 112823, 624302, 142712, 36.4, 44.3, 0.99
M, 750076, 405871, 779988, 994474, 422909, 112864, 624492, 142764, 36.4, 44.3, 1.01
M, 750296, 406127, 780237, 995150, 423073, 112906, 624680, 142759, 36.4, 44.3, 0.99
M, 750795, 406273, 780757, 995960, 423331, 113010, 624965, 142843, 36.4, 44.3, 1.00
M, 751059, 406499, 780943, 996518, 423493, 112999, 625197, 142885, 36.4, 44.3, 1.00
M, 751640, 406792, 781385, 997114, 423758, 113002, 625411, 142887, 36.4, 44.3, 1.00
M, 751726, 407037, 781500, 997829, 423899, 113102, 625563, 142956, 36.4, 44.3, 0.99
M, 752067, 407201, 781995, 998439, 424079, 113135, 625748, 143045, 36.4, 44.3, 1.01
M, 753447, 407536, 783482, 1000161, 424420, 113251, 626157, 143256, 36.4, 44.3, 1.00
M, 753284, 407886, 783143, 1000083, 424589, 113222, 626260, 143129, 36.4, 44.3, 0.99
M, 752778, 407912, 782572, 999868, 424581, 113262, 626282, 143069, 36.4, 44.3, 1.00
M, 752427, 408005, 782112, 999641, 424625, 113152, 626346, 142924, 36.4, 44.3, 1.01
M, 752196, 407989, 781921, 999809, 424630, 113230, 626288, 142981, 36.4, 44.3, 1.00
M, 752409, 408078, 782135, 1000243, 424753, 113255, 626455, 143038, 36.4, 44.3, 1.01
M, 752859, 408320, 782528, 1001018, 424974, 113362, 626701, 143132, 36.4, 44.4, 1.00
M, 753660, 408559, 783241, 1001683, 425194, 113389, 626929, 143176, 36.4, 44.4, 1.00
M, 753860, 408687, 783328, 1002187, 425377, 113401, 627164, 143195, 36.4, 44.4, 1.00
M, 754060, 408852, 783702, 1002690, 425483, 113485, 627324, 143273, 36.4, 44.4, 0.99
M, 754759, 409086, 783945, 1003245, 425730, 113478, 627514, 143304, 36.4, 44.4, 1.01
M, 754714, 409128, 784534, 1004000, 425843, 113550, 627607, 143334, 36.4, 44.4, 1.00
M, 755349, 409375, 785247, 1004918, 426020, 113539, 627913, 143428, 36.4, 44.4, 1.01
M, 755883, 409556, 785450, 1005118, 426155, 113657, 628029, 143466, 36.4, 44.4, 1.00
M, 755923, 409725, 785774, 1005539, 426264, 113655, 628177, 143486, 36.4, 44.4, 1.00
M, 756314, 410024, 786249, 1006409, 426428, 113713, 628333, 143610, 36.4, 44.4, 1.01
M, 756406, 410139, 786543, 1006835, 426555, 113822, 628486, 143604, 36.4, 44.4, 0.99
M, 756656, 410299, 786703, 1007062, 426727, 113862, 628550, 143632, 36.4, 44.4, 1.01
M, 757231, 410475, 787363, 1007866, 426944, 113892, 628787, 143792, 36.4, 44.4, 1.00
M, 757134, 410596, 787409, 1007904, 426990, 113921, 628857, 143691, 36.4, 44.4, 1.00
M, 758543, 410905, 789087, 1009726, 427349, 114076, 629236, 143995, 36.4, 44.4, 1.00
M, 758379, 411091, 788980, 1009818, 427458, 114036, 629311, 143898, 36.4, 44.4, 0.99
M, 757618, 411120, 788112, 1009029, 427360, 114060, 629148, 143737, 36.4, 44.4, 1.01
M, 757287, 411038, 787908, 1008871, 427266, 114019, 629146, 143741, 36.4, 44.4, 1.00
M, 757609, 411263, 788288, 1009474, 427547, 114110, 629305, 143775, 36.4, 44.4, 1.01
M, 757798, 411281, 788535, 1009689, 427528, 114093, 629358, 143782, 36.4, 44.4, 1.01
M, 758187, 411404, 788986, 1010226, 427655, 114195, 629581, 143852, 36.4, 44.4, 0.99
M, 758415, 411494, 789235, 1010693, 427763, 114222, 629576, 143854, 36.4, 44.4, 1.01
M, 758535, 411653, 789561, 1011059, 427867, 114223, 629701, 143942, 36.4, 44.4, 1.00
M, 758946, 411824, 790206, 1011692, 427944, 114288, 629857, 143991, 36.4, 44.4, 1.00
M, 759340, 411917, 790674, 1011977, 428068, 114332, 629947, 143988, 36.4, 44.4, 1.00
M, 759195, 412004, 790610, 1012217, 428077, 114285, 630014, 143958, 36.4, 44.4, 1.01
M, 759561, 412131, 791037, 1012783, 428219, 114472, 630158, 144078, 36.4, 44.4, 1.00
M, 759541, 412256, 791233, 1012931, 428343, 114431, 630228, 144153, 36.4, 44.4, 0.99
M, 760061, 412443, 791778, 1013354, 428430, 114491, 630418, 144127, 36.4, 44.4, 1.00
M, 759979, 412443, 791835, 1013371, 428572, 114491, 630396, 144103, 36.4, 44.4, 1.00
M, 759771, 412531, 791948, 1013778, 428538, 114578, 630426, 144127, 36.4, 44.4, 1.01
M, 760332, 412610, 792301, 1014160, 428691, 114543, 630584, 144178, 36.4, 44.4, 1.00
M, 760373, 412738, 792569, 1014448, 428777, 114623, 630615, 144251, 36.4, 44.4, 1.01
M, 760721, 412890, 793208, 1015073, 428925, 114723, 630800, 144252, 36.4, 44.4, 0.99
M, 762387, 413264, 795207, 1016865, 429265, 114858, 631242, 144551, 36.4, 44.4, 1.00
M, 761836, 413343, 794661, 1016177, 429258, 114843, 631161, 144402, 36.4, 44.4, 0.99
M, 761271, 413385, 794319, 1016160, 429169, 114787, 631102, 144361, 36.4, 44.4, 1.01
M, 760942, 413356, 793840, 1015676, 429164, 114755, 631053, 144285, 36.4, 44.4, 1.00
M, 760948, 413227, 794006, 1015699, 429119, 114852, 631061, 144275, 36.4, 44.4, 1.00
M, 760789, 413479, 794164, 1015935, 429263, 114860, 631153, 144289, 36.4, 44.4, 1.00
M, 760826, 413390, 794240, 1016017, 429181, 114807, 631123, 144301, 36.4, 44.4, 1.00
M, 761240, 413515, 794747, 1016555, 429279, 114870, 631229, 144301, 36.4, 44.4, 1.01
M, 761417, 413550, 795049, 1016858, 429367, 114924, 631326, 144339, 36.4, 44.4, 0.99
M, 761254, 413578, 795049, 1016883, 429401, 114935, 631327, 144382, 36.4, 44.4, 1.00
M, 761682, 413699, 795746, 1017616, 429531, 114957, 631484, 144470, 36.4, 44.4, 1.00
M, 762051, 413845, 796101, 1017784, 429649, 115033, 631531, 144449, 36.4, 44.4, 1.01
M, 762008, 413819, 796176, 1017800, 429643, 115006, 631641, 144447, 36.4, 44.4, 0.99
M, 762186, 413966, 796534, 1018332, 429803, 115101, 631700, 144568, 36.4, 44.4, 0.99
M, 762351, 413935, 796738, 1018469, 429796, 115184, 631814, 144550, 36.4, 44.4, 1.00
M, 762326, 414035, 796960, 1018810, 429865, 115148, 631860, 144630, 36.4, 44.4, 0.99
M, 762819, 414206, 797632, 1019356, 429990, 115223, 632032, 144669, 36.4, 44.4, 1.01
M, 763021, 414344, 797907, 1019447, 430066, 115307, 632002, 144625, 36.4, 44.4, 1.00
M, 762885, 414292, 798002, 1019538, 430112, 115308, 632027, 144598, 36.4, 44.4, 1.00
M, 762773, 414267, 797952, 1019571, 430026, 115327, 632032, 144658, 36.4, 44.4, 1.01
M, 764275, 414632, 800104, 1021692, 430463, 115470, 632446, 144955, 36.4, 44.4, 1.00
M, 764252, 414838, 800035, 1021310, 430520, 115389, 632435, 144834, 36.4, 44.4, 1.00
M, 763637, 414682, 799472, 1020728, 430383, 115384, 632322, 144692, 36.4, 44.4, 1.01
M, 763381, 414666, 799321, 1020705, 430363, 115420, 632274, 144685, 36.4, 44.4, 1.00
M, 763347, 414816, 799391, 1020647, 430371, 115402, 632316, 144644, 36.4, 44.4, 0.99
M, 763137, 414650, 799356, 1020711, 430327, 115427, 632282, 144681, 36.4, 44.4, 0.99
M, 763188, 414799, 799409, 1020568, 430418, 115453, 632390, 144649, 36.4, 44.4, 1.01
M, 763156, 414677, 799515, 1020411, 430325, 115518, 632347, 144602, 36.4, 44.4, 1.00
M, 763428, 414719, 799988, 1021198, 430402, 115515, 632451, 144717, 36.4, 44.4, 1.00
M, 763385, 414849, 800173, 1021220, 430459, 115489, 632470, 144745, 36.4, 44.4, 1.00
M, 763350, 414797, 799985, 1021112, 430498, 115558, 632472, 144785, 36.4, 44.4, 1.00
M, 763722, 414908, 800757, 1021657, 430637, 115599, 632593, 144870, 36.4, 44.4, 1.00
M, 763881, 414899, 801029, 1021816, 430645, 115647, 632667, 144731, 36.4, 44.4, 0.99
M, 763799, 414961, 801063, 1021854, 430677, 115626, 632689, 144795, 36.4, 44.5, 1.00
M, 764064, 415029, 801521, 1022293, 430720, 115682, 632742, 144830, 36.4, 44.5, 1.00
M, 764137, 415089, 801693, 1022602, 430797, 115706, 632783, 144853, 36.4, 44.4, 1.00
M, 764286, 415166, 802046, 1022850, 430851, 115721, 632849, 144945, 36.4, 44.4, 1.01
M, 764323, 415151, 802177, 1022882, 430848, 115762, 632860, 144942, 36.4, 44.4, 1.00
M, 764522, 415191, 802556, 1023057, 430929, 115794, 632919, 144870, 36.4, 44.4, 1.01
M, 764021, 415159, 802049, 1022534, 430879, 115756, 632822, 144773, 36.4, 44.4, 0.99
M, 765306, 415276, 803693, 1024216, 431097, 115900, 633174, 145142, 36.4, 44.4, 1.00
M, 765043, 415460, 803555, 1023887, 431120, 115914, 633136, 144995, 36.4, 44.4, 1.00
M, 764474, 415296, 803107, 1023442, 430978, 115883, 633031, 144894, 36.4, 44.4, 1.00
M, 764415, 415269, 803097, 1023273, 431031, 115860, 633030, 144810, 36.4, 44.5, 0.99
M, 764014, 415281, 802844, 1022961, 430948, 115820, 632897, 144782, 36.4, 44.5, 1.01
M, 764112, 415320, 802955, 1023165, 431063, 115869, 633013, 144841, 36.4, 44.4, 0.99
M, 764159, 415224, 803192, 1023329, 431048, 115932, 633025, 144913, 36.4, 44.4, 1.00
M, 764385, 415330, 803521, 1023531, 431209, 115949, 633211, 144859, 36.4, 44.4, 0.99
M, 764423, 415243, 803524, 1023537, 431151, 115932, 633181, 144877, 36.4, 44.4, 1.00
M, 764629, 415386, 804136, 1024124, 431224, 116051, 633251, 144948, 36.4, 44.4, 1.00
M, 764779, 415399, 804380, 1024249, 431279, 116000, 633354, 144926, 36.4, 44.4, 1.00
M, 764829, 415330, 804617, 1024496, 431313, 116103, 633327, 145054, 36.4, 44.4, 1.01
M, 765302, 415563, 805304, 1025052, 431486, 116146, 633525, 145077, 36.4, 44.5, 1.01
M, 765575, 415556, 805381, 1025000, 431562, 116154, 633512, 145117, 36.4, 44.5, 0.99
M, 765539, 415577, 805626, 1024943, 431517, 116178, 633577, 145071, 36.4, 44.5, 1.00
M, 765737, 415672, 806114, 1025677, 431603, 116278, 633623, 145080, 36.4, 44.5, 1.00
M, 765717, 415722, 806317, 1025813, 431625, 116221, 633673, 145173, 36.4, 44.5, 1.00
M, 765821, 415691, 806379, 1025800, 431654, 116234, 633743, 145146, 36.4, 44.5, 1.00
M, 766178, 415753, 807107, 1026234, 431700, 116352, 633787, 145239, 36.4, 44.5, 1.00
M, 766142, 415818, 807273, 1026254, 431763, 116307, 633872, 145231, 36.4, 44.5, 1.00
M, 767399, 416116, 809001, 1027922, 432088, 116445, 634136, 145432, 36.4, 44.5, 0.99
M, 767082, 416174, 808804, 1027751, 432056, 116422, 634101, 145377, 36.4, 44.5, 1.01
M, 766477, 416126, 808341, 1027161, 431980, 116464, 634065, 145262, 36.4, 44.5, 1.01
M, 766238, 416063, 808046, 1026802, 431924, 116462, 633885, 145232, 36.4, 44.5, 0.99
M, 766507, 416141, 808487, 1026901, 431956, 116474, 633941, 145206, 36.4, 44.5, 1.00
M, 766346, 416048, 808661, 1027065, 431973, 116435, 633963, 145247, 36.4, 44.5, 0.99
M, 766141, 416146, 808591, 1026904, 431979, 116469, 633991, 145195, 36.4, 44.5, 0.99
M, 766125, 416048, 808634, 1026971, 431939, 116541, 633966, 145262, 36.4, 44.5, 1.00
M, 766492, 416141, 809249, 1027467, 432050, 116574, 634102, 145358, 36.4, 44.5, 1.00
M, 766573, 416171, 809632, 1027682, 432092, 116584, 634129, 145378, 36.4, 44.5, 0.99
M, 766773, 416193, 809945, 1027683, 432120, 116645, 634171, 145334, 36.4, 44.5, 1.00
M, 766721, 416221, 809952, 1027580, 432059, 116605, 634147, 145278, 36.4, 44.5, 1.00
M, 766532, 416243, 810040, 1027837, 432077, 116652, 634169, 145355, 36.4, 44.5, 1.01
M, 766797, 416293, 810475, 1028101, 432145, 116713, 634216, 145372, 36.4, 44.5, 1.00
M, 766783, 416273, 810548, 1028030, 432153, 116706, 634165, 145404, 36.4, 44.5, 1.00
M, 767133, 416415, 811150, 1028360, 432267, 116751, 634282, 145463, 36.4, 44.5, 0.99
M, 767114, 416384, 811431, 1028558, 432305, 116759, 634321, 145400, 36.4, 44.5, 1.00
M, 766952, 416377, 811361, 1028530, 432265, 116866, 634355, 145424, 36.4, 44.5, 1.00
M, 767141, 416416, 811784, 1028858, 432308, 116824, 634393, 145460, 36.4, 44.5, 1.00
M, 767153, 416508, 811990, 1028936, 432355, 116849, 634393, 145487, 36.4, 44.5, 1.00
M, 768677, 416704, 813775, 1030403, 432686, 116925, 634744, 145715, 36.4, 44.5, 1.00
M, 768361, 416829, 813589, 1029952, 432644, 117013, 634669, 145635, 36.4, 44.5, 1.00
M, 768134, 416782, 813736, 1030238, 432608, 116963, 634650, 145648, 36.4, 44.5, 1.00
M, 767778, 416751, 813547, 1029805, 432579, 117016, 634534, 145586, 36.4, 44.5, 1.00
M, 767572, 416678, 813348, 1029558, 432456, 117024, 634468, 145508, 36.4, 44.5, 1.00
M, 767606, 416820, 813639, 1029582, 432567, 116994, 634591, 145527, 36.4, 44.5, 0.99
M, 767135, 416682, 813301, 1029177, 432455, 116975, 634440, 145410, 36.4, 44.5, 1.00
M, 766989, 416639, 813170, 1028828, 432455, 116982, 634427, 145459, 36.4, 44.5, 1.00
M, 766882, 416510, 813322, 1028932, 432373, 116962, 634419, 145441, 36.4, 44.5, 1.00
M, 767153, 416555, 813698, 1029398, 432445, 117075, 634484, 145480, 36.4, 44.5, 1.00
M, 767239, 416539, 814013, 1029521, 432503, 117099, 634513, 145517, 36.4, 44.5, 1.00
M, 766801, 416501, 813577, 1028794, 432369, 116974, 634434, 145330, 36.4, 44.5, 1.01
M, 766820, 416498, 813664, 1028834, 432355, 116980, 634412, 145350, 36.4, 44.5, 1.00
M, 766708, 416443, 813794, 1029010, 432403, 116974, 634433, 145406, 36.4, 44.5, 1.00
M, 767109, 416471, 814347, 1029477, 432514, 117098, 634538, 145525, 36.4, 44.5, 1.00
M, 767175, 416517, 814639, 1029575, 432494, 117114, 634571, 145555, 36.4, 44.5, 1.00
M, 767548, 416561, 815216, 1030123, 432661, 117145, 634728, 145588, 36.4, 44.5, 1.01
M, 767560, 416631, 815075, 1029830, 432630, 117194, 634650, 145543, 36.4, 44.5, 1.00
M, 767508, 416551, 815235, 1029617, 432612, 117160, 634625, 145478, 36.4, 44.5, 0.99
M, 766990, 416478, 815029, 1029673, 432546, 117162, 634609, 145463, 36.4, 44.5, 1.01
M, 768692, 416699, 817182, 1031696, 432892, 117311, 634976, 145862, 36.4, 44.5, 0.99
M, 768245, 416737, 816597, 1030889, 432839, 117314, 634867, 145706, 36.4, 44.5, 1.00
M, 767958, 416740, 816547, 1030663, 432782, 117321, 634832, 145682, 36.4, 44.5, 1.00
M, 767448, 416622, 816164, 1030129, 432734, 117231, 634724, 145554, 36.4, 44.5, 1.01
M, 766942, 416530, 815790, 1029573, 432639, 117232, 634638, 145464, 36.4, 44.5, 1.01
M, 766996, 416420, 815900, 1029732, 432605, 117240, 634598, 145464, 36.4, 44.5, 1.00
M, 767213, 416505, 816238, 1029965, 432737, 117234, 634766, 145538, 36.4, 44.5, 1.01
M, 767107, 416510, 816332, 1030010, 432646, 117316, 634684, 145584, 36.4, 44.5, 1.00
M, 767420, 416590, 816712, 1030177, 432759, 117285, 634788, 145492, 36.4, 44.5, 1.00
M, 767069, 416379, 816397, 1029852, 432619, 117273, 634661, 145429, 36.4, 44.5, 1.00
M, 767370, 416509, 817033, 1030369, 432774, 117348, 634852, 145595, 36.4, 44.5, 1.00
M, 767237, 416502, 816993, 1030377, 432770, 117348, 634873, 145558, 36.4, 44.5, 1.01
M, 767525, 416514, 817357, 1030482, 432865, 117351, 634920, 145650, 36.4, 44.5, 0.99
M, 768023, 416628, 818085, 1031246, 432849, 117413, 635091, 145751, 36.4, 44.5, 1.00
M, 768450, 416713, 818525, 1031418, 433056, 117435, 635181, 145722, 36.4, 44.5, 0.99
M, 768265, 416758, 818600, 1031222, 433016, 117481, 635119, 145700, 36.4, 44.5, 1.00
M, 768431, 416789, 819027, 1031729, 433013, 117528, 635132, 145765, 36.4, 44.5, 1.00
M, 768421, 416860, 819150, 1031809, 433096, 117498, 635194, 145799, 36.4, 44.5, 1.00
M, 768835, 416859, 819802, 1032108, 433209, 117528, 635260, 145827, 36.4, 44.5, 1.00
M, 768697, 416844, 819813, 1032006, 433175, 117561, 635269, 145790, 36.4, 44.5, 1.00
M, 769807, 417148, 821541, 1033689, 433471, 117703, 635585, 146108, 36.4, 44.5, 1.01
M, 769538, 417232, 821345, 1033292, 433459, 117646, 635549, 145967, 36.4, 44.5, 1.00
M, 768964, 417085, 820809, 1032701, 433319, 117649, 635399, 145883, 36.4, 44.5, 1.01
M, 769103, 417096, 821247, 1032980, 433314, 117713, 635419, 145899, 36.4, 44.5, 1.00
M, 768929, 417068, 820953, 1032432, 433312, 117670, 635330, 145839, 36.4, 44.5, 1.00
M, 768774, 417061, 821084, 1032213, 433209, 117665, 635283, 145775, 36.4, 44.5, 1.01
M, 768595, 416965, 821182, 1032497, 433274, 117700, 635251, 145792, 36.4, 44.5, 0.99
M, 767951, 416990, 820451, 1031682, 433214, 117673, 635195, 145709, 36.4, 44.5, 1.01
M, 768087, 416771, 820575, 1031713, 433083, 117692, 635114, 145735, 36.4, 44.5, 0.99
M, 768202, 416872, 820852, 1031793, 433176, 117673, 635297, 145725, 36.4, 44.5, 1.00
M, 768116, 416822, 821111, 1031842, 433164, 117655, 635125, 145648, 36.4, 44.5, 1.00
M, 768576, 416905, 821743, 1032323, 433280, 117751, 635271, 145806, 36.4, 44.5, 1.00
M, 768391, 416834, 821657, 1032206, 433290, 117751, 635310, 145767, 36.4, 44.5, 1.00
M, 768461, 416871, 821884, 1032433, 433270, 117741, 635263, 145867, 36.4, 44.5, 1.00
M, 768497, 416848, 822159, 1032532, 433283, 117800, 635326, 145809, 36.4, 44.5, 1.01
M, 768867, 416957, 822673, 1032781, 433359, 117802, 635437, 145820, 36.4, 44.5, 1.00
M, 768838, 416977, 822854, 1032788, 433388, 117839, 635429, 145843, 36.4, 44.5, 1.00
M, 768930, 416996, 823106, 1033120, 433439, 117827, 635503, 145960, 36.4, 44.5, 1.00
M, 768913, 417036, 823262, 1033184, 433434, 117908, 635525, 145924, 36.4, 44.5, 1.01
M, 769345, 417055, 823880, 1033585, 433547, 117949, 635521, 145947, 36.4, 44.5, 1.00
A, 775763, 418101, 832128, 1041339, 434831, 118654, 637002, 147666, 36.4, 44.5, 0.00
A, 786128, 420732, 846555, 1055166, 437329, 119840, 639546, 149930, 36.4, 44.5, 0.60
A, 792351, 422884, 855871, 1063481, 439013, 120636, 641099, 151193, 36.5, 44.5, 0.75
A, 797041, 424735, 863596, 1070206, 440190, 121402, 642209, 152266, 36.5, 44.5, 0.85
A, 800385, 426428, 869835, 1074845, 441106, 122029, 642896, 152965, 36.5, 44.5, 0.90
A, 802471, 427736, 874525, 1078044, 441620, 122452, 643051, 153443, 36.5, 44.5, 0.94
A, 803999, 429088, 878878, 1080615, 441951, 122937, 643177, 153862, 36.5, 44.5, 0.96
A, 804621, 430164, 882442, 1081865, 442096, 123329, 642939, 154023, 36.5, 44.5, 0.97
A, 803987, 430991, 884534, 1081880, 441913, 123654, 642448, 154090, 36.4, 44.4, 0.98
A, 803451, 431595, 886329, 1082038, 441749, 123875, 641981, 154130, 36.4, 44.4, 0.98
A, 802189, 432291, 887855, 1081143, 441421, 124105, 641298, 154079, 36.4, 44.4, 1.00
A, 801415, 432597, 889006, 1080685, 441122, 124219, 640759, 154139, 36.4, 44.4, 1.00
A, 799708, 433096, 890360, 1079208, 440669, 124393, 639968, 153998, 36.4, 44.4, 1.00
A, 798531, 433226, 891104, 1078292, 440271, 124522, 639314, 153973, 36.4, 44.4, 1.00
A, 797490, 433511, 892215, 1077176, 439855, 124684, 638674, 153912, 36.4, 44.4, 1.00
A, 796110, 433614, 892871, 1075727, 439401, 124826, 637970, 153865, 36.4, 44.4, 1.01
A, 794620, 433662, 893372, 1074518, 438946, 124890, 637321, 153832, 36.4, 44.4, 0.99
A, 793025, 433786, 893855, 1072884, 438512, 124975, 636650, 153757, 36.4, 44.3, 1.00
A, 790634, 433471, 893222, 1069990, 437643, 124841, 635602, 153346, 36.4, 44.3, 1.00
A, 788836, 433360, 893027, 1067965, 437132, 124895, 634886, 153229, 36.4, 44.3, 0.99
A, 788751, 433379, 895189, 1068319, 436902, 125131, 634533, 153566, 36.4, 44.3, 1.00
A, 787204, 433332, 895035, 1066289, 436405, 125065, 633855, 153364, 36.4, 44.3, 1.00
A, 785548, 433076, 894715, 1064326, 435817, 125048, 633098, 153230, 36.4, 44.3, 1.00
A, 784192, 432864, 894957, 1062774, 435322, 125078, 632470, 153129, 36.4, 44.3, 1.00
A, 782628, 432542, 894692, 1060618, 434792, 125108, 631752, 152946, 36.4, 44.3, 1.00
A, 781296, 432281, 894841, 1059127, 434251, 125017, 631098, 152896, 36.4, 44.2, 1.01
A, 780356, 432102, 895140, 1058028, 433858, 125093, 630672, 152871, 36.4, 44.2, 1.00
A, 778417, 431688, 894382, 1055804, 433359, 125066, 629916, 152651, 36.4, 44.2, 1.00
A, 777658, 431360, 894755, 1054370, 432837, 125035, 629381, 152531, 36.4, 44.2, 0.99
A, 776534, 431107, 894878, 1053090, 432445, 125068, 628873, 152507, 36.4, 44.2, 1.00
A, 775512, 430791, 894996, 1052023, 432069, 125083, 628326, 152499, 36.4, 44.2, 1.00
A, 774208, 430431, 894699, 1049930, 431580, 125033, 627809, 152335, 36.4, 44.2, 1.00
A, 773526, 430138, 894806, 1049298, 431227, 124997, 627432, 152376, 36.4, 44.2, 1.00
A, 771737, 429767, 894036, 1046959, 430769, 124911, 626765, 152147, 36.4, 44.2, 1.01
A, 771178, 429333, 894064, 1045838, 430322, 124910, 626329, 151906, 36.4, 44.2, 1.00
A, 769587, 428883, 893315, 1044204, 429853, 124846, 625802, 151813, 36.4, 44.2, 1.00
A, 769297, 428586, 893849, 1043663, 429566, 124783, 625427, 151884, 36.4, 44.2, 1.00
A, 768554, 428252, 893871, 1042697, 429347, 124892, 625126, 151935, 36.4, 44.2, 1.00
A, 768682, 428166, 894796, 1042351, 429142, 124919, 624923, 152009, 36.4, 44.1, 1.00
A, 768160, 427827, 895236, 1041526, 428955, 124970, 624595, 151881, 36.4, 44.1, 1.01
A, 768748, 427825, 897031, 1042302, 428898, 125030, 624523, 152202, 36.4, 44.1, 1.00
A, 767715, 427548, 896476, 1040734, 428614, 124923, 624137, 152016, 36.4, 44.1, 1.00
A, 766130, 427199, 894823, 1038378, 428170, 124932, 623635, 151741, 36.4, 44.1, 1.00
A, 765492, 426786, 895416, 1038020, 427791, 124892, 623252, 151699, 36.4, 44.1, 1.01
A, 765333, 426569, 896002, 1037638, 427624, 124920, 623037, 151813, 36.4, 44.1, 1.00
A, 764952, 426399, 896375, 1036865, 427457, 124867, 622733, 151740, 36.4, 44.1, 1.00
A, 764292, 426129, 896280, 1035912, 427178, 124914, 622410, 151613, 36.4, 44.1, 1.00
A, 763560, 425836, 896124, 1035107, 426915, 124847, 622125, 151630, 36.4, 44.1, 1.01
A, 763230, 425493, 896256, 1034374, 426679, 124874, 621820, 151627, 36.4, 44.1, 1.00
A, 762730, 425261, 896227, 1033419, 426493, 124841, 621595, 151448, 36.4, 44.1, 1.00
A, 761955, 424955, 895479, 1032015, 426255, 124823, 621159, 151264, 36.4, 44.1, 1.00
A, 761106, 424522, 895542, 1031293, 425895, 124750, 620885, 151259, 36.4, 44.1, 1.00
A, 760606, 424354, 895591, 1030518, 425762, 124784, 620666, 151224, 36.4, 44.1, 1.00
A, 760223, 424128, 895659, 1030088, 425507, 124729, 620401, 151276, 36.4, 44.1, 1.00
A, 759650, 423876, 895652, 1028982, 425291, 124670, 620123, 151133, 36.4, 44.1, 1.00
A, 759229, 423569, 895512, 1028401, 425114, 124675, 619909, 151066, 36.4, 44.1, 1.00
A, 759006, 423344, 895846, 1028268, 424997, 124722, 619776, 151157, 36.4, 44.1, 1.00
A, 758649, 423148, 895970, 1027702, 424835, 124726, 619609, 151137, 36.4, 44.1, 1.00
A, 758153, 422892, 895698, 1026756, 424547, 124626, 619296, 151076, 36.4, 44.1, 1.00
A, 757848, 422667, 895677, 1026333, 424422, 124624, 619074, 151092, 36.4, 44.1, 1.00
A, 759078, 422741, 897933, 1027509, 424648, 124738, 619275, 151312, 36.4, 44.1, 1.00
A, 758322, 422553, 897311, 1026281, 424437, 124735, 618998, 151141, 36.4, 44.0, 1.00
A, 757881, 422332, 897559, 1026117, 424276, 124720, 618868, 151122, 36.4, 44.0, 1.00
A, 757331, 422083, 897287, 1025272, 424098, 124661, 618634, 151070, 36.4, 44.0, 1.00
A, 756327, 421829, 896376, 1024018, 423687, 124653, 618253, 150983, 36.4, 44.0, 1.00
A, 756320, 421651, 896515, 1023543, 423643, 124585, 618122, 150933, 36.4, 44.0, 0.99
A, 755954, 421396, 896726, 1023022, 423497, 124585, 617974, 150846, 36.4, 44.0, 1.00
A, 755400, 421173, 896565, 1022333, 423352, 124547, 617659, 150815, 36.4, 44.0, 1.00
A, 755105, 420976, 896566, 1021862, 423164, 124512, 617570, 150740, 36.4, 44.0, 1.00
A, 755083, 420870, 897009, 1021887, 423092, 124577, 617453, 150783, 36.4, 44.0, 1.00
A, 754146, 420642, 895916, 1020551, 422922, 124486, 617160, 150668, 36.4, 44.0, 1.00
A, 754431, 420477, 896486, 1020381, 422803, 124528, 617100, 150697, 36.4, 44.0, 1.00
A, 753895, 420236, 896522, 1020050, 422659, 124483, 616959, 150595, 36.4, 44.0, 1.01
A, 753494, 420120, 896297, 1019339, 422546, 124436, 616835, 150583, 36.4, 44.0, 1.00
A, 753220, 419883, 896312, 1018972, 422352, 124472, 616601, 150568, 36.4, 44.0, 1.00
A, 752701, 419689, 895960, 1018082, 422273, 124377, 616385, 150418, 36.4, 44.0, 1.00
A, 752163, 419350, 895364, 1017206, 422039, 124306, 616190, 150282, 36.4, 44.0, 1.00
A, 752169, 419231, 895675, 1017236, 421962, 124289, 616090, 150376, 36.4, 44.0, 0.99
A, 752065, 419041, 895848, 1016878, 421892, 124272, 616026, 150267, 36.4, 44.0, 0.99
A, 751637, 418914, 895789, 1016508, 421754, 124280, 615837, 150384, 36.4, 44.0, 1.01
A, 752904, 418955, 897767, 1018076, 421905, 124413, 616079, 150661, 36.4, 44.0, 1.00
A, 752325, 418948, 897086, 1016724, 421841, 124327, 615896, 150440, 36.4, 44.0, 0.99
A, 751486, 418759, 896243, 1015715, 421550, 124191, 615644, 150258, 36.4, 44.0, 1.00
A, 751005, 418447, 896081, 1015298, 421487, 124238, 615499, 150295, 36.4, 44.0, 1.00
A, 750387, 418147, 895537, 1014582, 421208, 124152, 615287, 150126, 36.4, 44.0, 1.00
A, 750181, 417946, 895435, 1014084, 421124, 124146, 615098, 150148, 36.4, 44.0, 1.00
A, 750546, 417962, 896171, 1014420, 421167, 124163, 615135, 150233, 36.4, 44.0, 1.00
A, 750434, 417805, 896093, 1013917, 421102, 124218, 615069, 150161, 36.4, 44.0, 1.00
A, 749821, 417635, 895363, 1013068, 420890, 124089, 614860, 149986, 36.4, 44.0, 1.00
A, 749594, 417483, 895560, 1013088, 420835, 124120, 614746, 150051, 36.4, 44.0, 1.00
A, 749707, 417373, 896037, 1013190, 420812, 124165, 614809, 150091, 36.4, 44.0, 1.00
A, 749716, 417322, 896155, 1012961, 420826, 124086, 614678, 150148, 36.4, 44.0, 1.00
A, 749908, 417335, 896646, 1013024, 420863, 124126, 614718, 150077, 36.4, 44.0, 1.00
A, 749578, 417273, 896666, 1012646, 420706, 124086, 614564, 150087, 36.4, 44.0, 1.00
A, 748750, 417018, 895486, 1011437, 420496, 123989, 614359, 149909, 36.4, 44.0, 1.01
A, 748669, 416832, 895808, 1011378, 420409, 124008, 614253, 149913, 36.4, 44.0, 1.00
A, 749021, 416820, 896319, 1011711, 420465, 124032, 614283, 149989, 36.4, 44.0, 1.00
A, 748983, 416786, 896619, 1011719, 420416, 124056, 614295, 150061, 36.4, 44.0, 1.00
A, 749102, 416679, 897020, 1011636, 420430, 123977, 614227, 149954, 36.4, 44.0, 1.00
A, 748830, 416592, 896876, 1011193, 420289, 124001, 614034, 149904, 36.4, 44.0, 1.00
A, 749867, 416680, 898572, 1012446, 420473, 124166, 614347, 150206, 36.4, 44.0, 1.00
A, 749299, 416743, 898035, 1011828, 420472, 124071, 614222, 150041, 36.4, 44.0, 1.00
A, 748727, 416551, 897454, 1010873, 420248, 124060, 613958, 149975, 36.4, 44.0, 1.01
A, 748816, 416489, 897740, 1010981, 420244, 124036, 614005, 149974, 36.4, 44.0, 0.99
A, 748631, 416371, 897752, 1010594, 420200, 124079, 613877, 149905, 36.4, 44.0, 1.00
A, 748330, 416285, 897506, 1010057, 420081, 124032, 613751, 149843, 36.4, 44.0, 1.00
A, 748240, 416212, 897787, 1010206, 420048, 124049, 613771, 149847, 36.4, 44.0, 1.00
A, 747967, 416091, 897688, 1009840, 419950, 124023, 613611, 149858, 36.4, 44.0, 1.00
A, 747862, 415998, 897595, 1009607, 419900, 123987, 613518, 149853, 36.4, 44.0, 1.00
A, 747935, 416029, 897987, 1009606, 419928, 124044, 613557, 149947, 36.4, 44.0, 1.00
A, 747737, 415951, 897936, 1009297, 419799, 123980, 613495, 149865, 36.4, 44.0, 1.00
A, 747400, 415786, 897754, 1008858, 419668, 123926, 613315, 149818, 36.4, 44.0, 1.00
A, 747237, 415693, 897746, 1008499, 419634, 123926, 613166, 149794, 36.4, 44.0, 1.00
A, 747030, 415662, 897605, 1008257, 419578, 123925, 613208, 149696, 36.4, 44.0, 1.00
A, 746879, 415485, 897163, 1007575, 419436, 123748, 613033, 149543, 36.4, 44.0, 1.00
A, 745641, 415306, 896124, 1006440, 419223, 123706, 612806, 149480, 36.4, 44.0, 0.99
A, 745515, 415094, 896086, 1006430, 419159, 123720, 612720, 149426, 36.4, 44.0, 0.99
A, 745711, 415055, 896513, 1006653, 419131, 123734, 612726, 149540, 36.4, 44.0, 1.00
A, 745847, 415059, 896810, 1006614, 419105, 123724, 612660, 149547, 36.4, 44.0, 0.99
A, 746078, 415024, 897004, 1006519, 419224, 123689, 612733, 149518, 36.4, 44.0, 1.00
A, 747028, 415100, 898626, 1007961, 419405, 123862, 612920, 149849, 36.4, 44.0, 1.00
A, 746864, 415155, 898523, 1007461, 419420, 123814, 612882, 149633, 36.4, 44.0, 0.99
A, 746519, 415058, 898214, 1006925, 419269, 123779, 612762, 149609, 36.4, 44.0, 1.00
A, 746494, 415074, 898471, 1007162, 419254, 123826, 612695, 149677, 36.4, 44.0, 1.00
A, 746267, 414970, 898402, 1006815, 419167, 123806, 612626, 149680, 36.4, 44.0, 1.00
A, 746310, 414973, 898484, 1006411, 419177, 123747, 612642, 149538, 36.4, 44.0, 0.99
A, 744983, 414612, 896796, 1004894, 418831, 123570, 612237, 149304, 36.4, 44.0, 1.00
A, 745019, 414507, 897171, 1005212, 418827, 123657, 612259, 149305, 36.4, 44.0, 0.99
A, 744936, 414493, 897107, 1004983, 418820, 123707, 612253, 149374, 36.4, 44.0, 1.00
A, 745008, 414454, 897322, 1004888, 418807, 123684, 612220, 149397, 36.4, 44.0, 1.00
A, 745242, 414465, 897809, 1005247, 418837, 123681, 612248, 149430, 36.4, 44.0, 0.99
A, 745247, 414415, 897726, 1004908, 418824, 123648, 612248, 149436, 36.4, 44.0, 0.99
A, 745089, 414343, 897569, 1004662, 418817, 123700, 612138, 149395, 36.4, 44.0, 1.00
A, 744833, 414227, 897549, 1004652, 418685, 123639, 612082, 149334, 36.4, 44.0, 1.00
A, 744582, 414243, 897398, 1004241, 418678, 123542, 611965, 149283, 36.4, 44.0, 1.01
A, 744504, 414091, 897268, 1004160, 418577, 123541, 611954, 149287, 36.4, 44.0, 1.00
A, 744291, 414046, 897107, 1003615, 418556, 123528, 611991, 149179, 36.4, 44.0, 1.00
A, 743947, 413862, 896715, 1003184, 418380, 123496, 611810, 149132, 36.4, 44.0, 0.99
A, 744136, 413880, 896990, 1003416, 418496, 123477, 611869, 149198, 36.4, 44.0, 1.00
A, 744089, 413774, 897170, 1003290, 418395, 123453, 611775, 149171, 36.4, 44.0, 1.01
A, 745123, 413917, 898665, 1004678, 418635, 123648, 611985, 149481, 36.4, 44.0, 1.01
A, 744950, 414008, 898568, 1004429, 418662, 123608, 612014, 149429, 36.4, 44.0, 1.00
A, 744480, 413860, 898192, 1003589, 418549, 123555, 611830, 149296, 36.4, 44.0, 1.01
A, 743605, 413612, 897106, 1002702, 418287, 123447, 611553, 149049, 36.4, 44.0, 1.00
A, 743444, 413574, 896897, 1002368, 418301, 123389, 611533, 149015, 36.4, 44.0, 0.99
A, 743090, 413412, 896466, 1002107, 418146, 123381, 611460, 149040, 36.4, 44.0, 1.00
A, 743293, 413329, 896693, 1002144, 418169, 123384, 611529, 149124, 36.4, 44.0, 1.00
A, 743739, 413399, 897445, 1002717, 418268, 123428, 611615, 149211, 36.4, 44.0, 1.00
A, 743945, 413462, 897632, 1002656, 418309, 123393, 611657, 149189, 36.4, 44.0, 1.00
A, 743578, 413292, 897205, 1002070, 418176, 123372, 611554, 149015, 36.4, 44.0, 0.99
A, 743484, 413305, 897379, 1002207, 418195, 123394, 611503, 149050, 36.4, 44.0, 0.99
A, 742882, 413109, 896590, 1001560, 418030, 123297, 611302, 148973, 36.4, 44.0, 0.99
A, 743261, 413139, 896938, 1001444, 418106, 123306, 611372, 148932, 36.4, 44.0, 0.99
A, 743163, 413165, 897014, 1001447, 418090, 123302, 611339, 148983, 36.4, 44.0, 0.99
A, 743177, 413061, 897213, 1001717, 418081, 123287, 611358, 149022, 36.4, 44.0, 1.00
A, 743358, 413158, 897117, 1001470, 418134, 123271, 611453, 148989, 36.4, 44.0, 1.00
A, 743142, 413057, 897313, 1001574, 418019, 123270, 611370, 149006, 36.4, 44.0, 1.01
A, 743108, 413174, 897316, 1001436, 418134, 123275, 611456, 148962, 36.4, 44.0, 1.00
A, 743110, 412988, 897222, 1001237, 418011, 123226, 611281, 148920, 36.4, 44.0, 1.00
A, 743359, 412971, 897750, 1001716, 418088, 123275, 611344, 148948, 36.4, 44.0, 1.00
A, 744566, 413177, 899740, 1003392, 418325, 123414, 611581, 149228, 36.4, 44.0, 1.00
A, 743979, 413265, 898864, 1002355, 418219, 123371, 611586, 149185, 36.4, 44.0, 1.00
A, 743632, 413212, 898515, 1002079, 418157, 123254, 611489, 149086, 36.4, 44.0, 1.00
A, 743327, 413003, 898057, 1001390, 418045, 123229, 611291, 148927, 36.4, 44.0, 1.00
A, 743116, 412926, 897941, 1001166, 417985, 123268, 611234, 148898, 36.4, 44.0, 1.00
A, 743232, 412923, 898201, 1001406, 418061, 123295, 611316, 148986, 36.4, 44.0, 1.00
A, 743235, 412900, 898465, 1001271, 417987, 123239, 611318, 149000, 36.4, 44.0, 1.00
A, 742863, 412871, 898037, 1001048, 417910, 123245, 611159, 148991, 36.4, 44.0, 1.00
A, 743062, 412808, 898318, 1001206, 417912, 123256, 611209, 148937, 36.4, 44.0, 0.99
A, 743289, 412922, 898739, 1001226, 417914, 123285, 611164, 148947, 36.4, 44.0, 0.99
A, 742526, 412739, 897915, 1000452, 417833, 123154, 611095, 148796, 36.4, 44.0, 0.99
A, 742715, 412685, 898303, 1000792, 417918, 123211, 611115, 148839, 36.4, 44.0, 1.00
A, 742856, 412712, 898473, 1000843, 417898, 123220, 611145, 148898, 36.4, 44.0, 1.01
A, 742912, 412709, 898562, 1000782, 417892, 123244, 611123, 148957, 36.4, 44.0, 1.00
A, 743247, 412838, 899033, 1000949, 417964, 123287, 611169, 148930, 36.4, 44.0, 1.00
A, 743039, 412752, 898854, 1000849, 417929, 123212, 611193, 148889, 36.4, 44.0, 1.00
A, 742777, 412763, 898703, 1000513, 417938, 123202, 611070, 148858, 36.4, 44.0, 1.00
A, 742632, 412663, 898670, 1000451, 417802, 123215, 610987, 148828, 36.4, 44.0, 0.99
A, 742491, 412678, 898431, 1000009, 417842, 123212, 611078, 148784, 36.4, 44.0, 1.00
A, 742387, 412570, 898401, 999892, 417761, 123140, 610960, 148763, 36.4, 44.0, 1.00
A, 743517, 412749, 900167, 1001446, 417962, 123243, 611241, 149064, 36.4, 44.0, 1.00
A, 743003, 412691, 899602, 1000747, 417916, 123195, 611085, 148842, 36.4, 44.0, 1.00
A, 742508, 412616, 898810, 1000096, 417773, 123142, 610969, 148733, 36.4, 44.0, 1.00
A, 742305, 412552, 898694, 999791, 417683, 123170, 610898, 148762, 36.4, 44.0, 1.00
A, 742358, 412522, 898791, 999707, 417671, 123172, 610849, 148758, 36.4, 44.0, 0.99
A, 742277, 412391, 898614, 999601, 417660, 123012, 610839, 148750, 36.4, 44.0, 1.00
A, 742337, 412510, 899179, 1000039, 417704, 123175, 610923, 148749, 36.4, 44.0, 1.00
A, 742280, 412407, 899091, 999969, 417691, 123158, 610913, 148718, 36.4, 44.0, 1.00
A, 742245, 412495, 899007, 999776, 417684, 123122, 610936, 148804, 36.4, 44.0, 1.00
A, 742556, 412499, 899551, 1000144, 417710, 123156, 610983, 148838, 36.4, 44.0, 1.00
A, 742555, 412443, 899574, 999848, 417748, 123173, 611043, 148812, 36.4, 44.0, 0.99
A, 742371, 412483, 899475, 999704, 417665, 123100, 610879, 148790, 36.4, 44.0, 1.00
A, 742101, 412363, 899104, 999355, 417620, 123107, 610739, 148742, 36.4, 44.0, 1.00
A, 742396, 412397, 899655, 999577, 417657, 123181, 610925, 148789, 36.4, 44.0, 0.99
A, 742204, 412324, 899475, 999533, 417618, 123115, 610877, 148778, 36.4, 44.0, 1.00
A, 742347, 412467, 899751, 999582, 417689, 123119, 610880, 148776, 36.4, 44.0, 1.00
A, 742071, 412326, 899442, 999255, 417597, 123058, 610774, 148681, 36.4, 44.0, 1.00
A, 741829, 412299, 899184, 998914, 417523, 123018, 610747, 148655, 36.4, 44.0, 1.01
A, 741540, 412130, 899069, 998818, 417450, 123016, 610634, 148591, 36.4, 44.0, 1.00
A, 741279, 412248, 899095, 998691, 417555, 123039, 610680, 148635, 36.4, 44.0, 1.00
A, 742813, 412387, 900825, 1000283, 417780, 123133, 610956, 148885, 36.4, 44.0, 1.00
A, 742289, 412401, 900293, 999458, 417666, 123055, 610875, 148722, 36.4, 44.0, 1.00
A, 741805, 412245, 899445, 998695, 417483, 122933, 610666, 148558, 36.4, 44.0, 1.00
A, 741377, 412117, 899084, 998454, 417434, 122966, 610594, 148525, 36.4, 44.0, 1.00
A, 741328, 412078, 899086, 998388, 417421, 122959, 610561, 148534, 36.4, 44.0, 1.00
A, 740912, 411954, 898531, 997916, 417367, 122951, 610489, 148519, 36.4, 44.0, 1.00
A, 741423, 412015, 899242, 998441, 417406, 122949, 610616, 148598, 36.4, 44.0, 1.00
A, 741704, 412088, 899619, 998535, 417495, 122987, 610669, 148606, 36.4, 44.0, 1.00
A, 741672, 412022, 899620, 998554, 417488, 122984, 610593, 148573, 36.4, 44.0, 1.00
A, 741678, 412056, 899610, 998491, 417474, 122986, 610685, 148627, 36.4, 44.0, 1.00
A, 741694, 412014, 899898, 998572, 417508, 122964, 610674, 148617, 36.4, 44.0, 1.00
A, 741715, 411978, 899906, 998759, 417413, 123016, 610617, 148622, 36.4, 44.0, 1.01
A, 742006, 412132, 900495, 999040, 417561, 123011, 610730, 148744, 36.4, 44.0, 0.99
A, 742106, 412155, 900623, 999083, 417548, 122941, 610683, 148603, 36.4, 44.0, 1.00
A, 741829, 412074, 900394, 998753, 417483, 122993, 610704, 148582, 36.4, 44.0, 1.00
A, 741207, 411876, 899498, 998038, 417335, 122923, 610513, 148574, 36.4, 44.0, 0.99
A, 741519, 411967, 899876, 998014, 417492, 122914, 610511, 148532, 36.4, 44.0, 0.99
A, 741384, 411845, 899801, 998041, 417374, 122887, 610545, 148446, 36.4, 44.0, 1.00
A, 741129, 411877, 899461, 997660, 417378, 122880, 610512, 148452, 36.4, 44.0, 0.99
A, 741130, 411856, 899497, 997729, 417245, 122855, 610401, 148403, 36.4, 44.0, 0.99
A, 742618, 412111, 901836, 999701, 417583, 123049, 610784, 148874, 36.4, 44.0, 1.00
A, 742153, 412209, 901158, 998957, 417558, 122989, 610717, 148680, 36.4, 44.0, 0.99
A, 741641, 412027, 900303, 998016, 417456, 122921, 610597, 148479, 36.4, 44.0, 0.99
A, 740986, 411879, 899701, 997640, 417301, 122852, 610477, 148482, 36.4, 44.0, 1.00
A, 741435, 411901, 900460, 998130, 417369, 122934, 610552, 148523, 36.4, 44.0, 0.99
A, 741223, 411884, 900305, 997941, 417339, 122868, 610497, 148528, 36.4, 44.0, 1.01
A, 741466, 411864, 900423, 998035, 417342, 122911, 610559, 148516, 36.4, 44.0, 0.99
A, 741414, 411879, 900583, 997930, 417347, 122881, 610520, 148546, 36.4, 44.0, 1.00
A, 741558, 411914, 900802, 998038, 417432, 122868, 610609, 148502, 36.4, 44.0, 1.00
A, 741391, 411866, 900509, 997731, 417334, 122838, 610488, 148467, 36.4, 44.0, 1.00
A, 741202, 411780, 900503, 997793, 417297, 122854, 610456, 148445, 36.4, 44.0, 1.00
A, 741349, 411821, 900774, 997991, 417337, 122859, 610492, 148459, 36.4, 44.0, 1.00
A, 741199, 411828, 900676, 997854, 417269, 122892, 610503, 148485, 36.4, 44.0, 1.00
A, 741470, 411811, 901005, 998158, 417372, 122891, 610528, 148498, 36.4, 44.0, 1.01
A, 741457, 411826, 901081, 997901, 417380, 122843, 610534, 148456, 36.4, 44.0, 1.00
A, 741235, 411894, 900828, 997687, 417319, 122861, 610444, 148434, 36.4, 44.0, 0.99
A, 740943, 411697, 900413, 997400, 417235, 122723, 610426, 148406, 36.4, 44.0, 0.99
A, 740930, 411723, 900570, 997378, 417270, 122848, 610446, 148401, 36.4, 44.0, 1.01
A, 740867, 411662, 900513, 997331, 417152, 122798, 610318, 148418, 36.4, 44.0, 1.00
A, 740855, 411776, 900420, 997064, 417230, 122801, 610423, 148364, 36.4, 44.0, 0.99
A, 741792, 411781, 901956, 998373, 417352, 122818, 610531, 148571, 36.4, 44.0, 1.00
A, 741453, 411880, 901562, 998003, 417397, 122900, 610541, 148485, 36.4, 44.0, 1.00
A, 741008, 411706, 900908, 997357, 417244, 122822, 610437, 148327, 36.4, 44.0, 0.99
A, 740462, 411541, 900225, 996733, 417105, 122816, 610270, 148312, 36.4, 44.0, 1.01
A, 740892, 411596, 900965, 997232, 417237, 122814, 610377, 148414, 36.4, 44.0, 1.00
A, 740889, 411623, 900946, 997257, 417257, 122787, 610405, 148395, 36.4, 44.0, 1.00
A, 740907, 411576, 900841, 997011, 417232, 122809, 610328, 148395, 36.4, 44.0, 1.00
A, 740908, 411606, 901196, 997358, 417277, 122826, 610391, 148377, 36.4, 44.0, 1.01
A, 740955, 411601, 901205, 997340, 417294, 122803, 610399, 148381, 36.4, 44.0, 1.00
A, 740799, 411548, 901070, 997261, 417182, 122789, 610403, 148441, 36.4, 44.0, 1.00
A, 741352, 411673, 901644, 997305, 417322, 122753, 610470, 148368, 36.4, 44.0, 1.00
A, 740947, 411595, 901290, 997220, 417303, 122770, 610460, 148406, 36.4, 44.0, 1.00
A, 740937, 411605, 901425, 997294, 417301, 122850, 610465, 148390, 36.4, 44.0, 1.00
A, 740805, 411548, 901243, 996968, 417224, 122683, 610344, 148379, 36.4, 44.0, 1.00
A, 740995, 411558, 901775, 997272, 417342, 122855, 610411, 148426, 36.4, 44.1, 1.01
A, 740879, 411565, 901555, 997077, 417239, 122742, 610381, 148342, 36.4, 44.1, 1.00
A, 740723, 411511, 901243, 996763, 417267, 122797, 610336, 148267, 36.4, 44.1, 1.01
A, 740367, 411342, 900863, 996587, 417150, 122667, 610230, 148167, 36.4, 44.1, 0.99
A, 740027, 411397, 900424, 996089, 417077, 122673, 610222, 148194, 36.4, 44.1, 1.01
A, 740017, 411287, 900551, 996082, 417050, 122672, 610155, 148154, 36.4, 44.1, 1.00
A, 741110, 411665, 902098, 997491, 417304, 122767, 610481, 148415, 36.4, 44.1, 1.01
A, 741072, 411541, 902062, 997197, 417291, 122706, 610425, 148295, 36.4, 44.1, 1.00
A, 741066, 411505, 902048, 997265, 417239, 122709, 610465, 148349, 36.4, 44.1, 1.01
A, 741009, 411544, 901995, 997169, 417244, 122720, 610439, 148357, 36.4, 44.1, 1.00
A, 740838, 411521, 901986, 996972, 417199, 122713, 610439, 148320, 36.4, 44.1, 1.00
A, 740930, 411498, 902212, 997161, 417275, 122780, 610389, 148331, 36.4, 44.1, 1.00
A, 740974, 411504, 902148, 996831, 417224, 122707, 610335, 148257, 36.4, 44.1, 1.00
A, 740784, 411483, 901905, 996499, 417199, 122723, 610307, 148208, 36.4, 44.1, 0.99
A, 740671, 411424, 901919, 996824, 417229, 122741, 610315, 148234, 36.4, 44.1, 1.00
A, 740483, 411369, 901848, 996685, 417108, 122698, 610291, 148244, 36.4, 44.1, 1.01
A, 740757, 411411, 902118, 996701, 417252, 122678, 610328, 148248, 36.4, 44.1, 0.99
A, 740739, 411391, 902235, 996771, 417165, 122740, 610323, 148316, 36.4, 44.1, 1.00
A, 740591, 411356, 902223, 996757, 417202, 122704, 610296, 148225, 36.4, 44.1, 1.00
A, 740528, 411361, 901939, 996418, 417186, 122685, 610283, 148253, 36.4, 44.1, 1.00
A, 740559, 411338, 902126, 996618, 417137, 122660, 610324, 148251, 36.4, 44.1, 1.00
A, 739838, 411217, 901212, 995861, 416984, 122575, 610090, 148112, 36.4, 44.1, 1.00
A, 739667, 411166, 901035, 994792, 416930, 122410, 610055, 147807, 36.4, 44.1, 1.00
A, 739496, 411027, 900563, 994976, 416878, 122479, 610005, 147979, 36.4, 44.1, 1.00
A, 739497, 410950, 900691, 995197, 416916, 122464, 610049, 147960, 36.4, 44.1, 1.00
A, 739035, 410916, 899999, 994581, 416880, 122438, 609947, 147905, 36.4, 44.1, 1.00
A, 740183, 411003, 901688, 996038, 416972, 122644, 610200, 148210, 36.4, 44.1, 1.01
A, 739486, 411036, 900805, 995154, 416988, 122513, 610136, 147956, 36.4, 44.1, 1.00
A, 739269, 410903, 900202, 994592, 416835, 122484, 610000, 147918, 36.4, 44.1, 1.00
A, 739268, 410801, 900367, 994839, 416848, 122432, 609990, 147910, 36.4, 44.1, 0.99
A, 739022, 410690, 900110, 994620, 416811, 122403, 609962, 147844, 36.4, 44.1, 1.01
A, 739178, 410704, 900329, 994735, 416780, 122468, 610009, 147959, 36.4, 44.1, 1.00
A, 739567, 410769, 900895, 995370, 416904, 122456, 610144, 148123, 36.4, 44.1, 1.01
A, 739935, 410804, 901130, 995397, 416994, 122490, 610189, 148013, 36.4, 44.1, 1.00
A, 739922, 410863, 901177, 995401, 416985, 122531, 610205, 148028, 36.4, 44.1, 1.00
A, 740043, 410842, 901443, 995804, 417016, 122487, 610195, 148074, 36.4, 44.1, 1.01
A, 740203, 410901, 901573, 995831, 417068, 122502, 610364, 148020, 36.4, 44.1, 1.00
A, 740076, 410879, 901647, 995879, 416975, 122507, 610319, 148120, 36.4, 44.1, 1.00
A, 740435, 410967, 902085, 996197, 417124, 122500, 610426, 148154, 36.4, 44.1, 1.00
A, 740671, 410920, 902252, 996014, 417183, 122503, 610385, 148083, 36.4, 44.1, 1.01
A, 740412, 410933, 902091, 996036, 417115, 122460, 610389, 148034, 36.4, 44.1, 1.00
A, 740250, 410913, 901938, 996028, 417120, 122488, 610322, 148091, 36.4, 44.1, 0.99
A, 740480, 411045, 902396, 996344, 417142, 122541, 610446, 148138, 36.4, 44.1, 1.00
A, 740519, 410994, 902363, 996102, 417174, 122538, 610353, 148089, 36.4, 44.1, 0.99
A, 740695, 411077, 902562, 996278, 417216, 122531, 610490, 148103, 36.4, 44.1, 1.00
A, 740466, 411002, 902450, 996073, 417176, 122437, 610386, 148063, 36.4, 44.1, 0.99
A, 741740, 411330, 904377, 997771, 417516, 122673, 610730, 148386, 36.4, 44.1, 1.01
A, 741191, 411277, 903675, 997164, 417375, 122609, 610611, 148213, 36.4, 44.1, 1.00
A, 740724, 411190, 903294, 996730, 417327, 122529, 610526, 148163, 36.4, 44.1, 0.99
A, 740311, 411095, 902763, 996159, 417122, 122526, 610370, 148100, 36.4, 44.1, 1.00
A, 740354, 410989, 902886, 996102, 417142, 122511, 610361, 148022, 36.4, 44.1, 1.01
A, 740096, 411088, 902596, 995811, 417136, 122559, 610287, 147982, 36.4, 44.1, 1.00
A, 739995, 410995, 902353, 995729, 417092, 122524, 610343, 148036, 36.4, 44.1, 1.00
A, 740264, 411114, 902804, 995961, 417229, 122576, 610421, 148082, 36.4, 44.1, 1.00
A, 740180, 411085, 902881, 995987, 417170, 122536, 610371, 148055, 36.4, 44.1, 1.00
A, 740484, 411069, 903301, 996371, 417224, 122572, 610417, 148130, 36.4, 44.1, 1.00
A, 740265, 411098, 903062, 995872, 417177, 122534, 610388, 148046, 36.4, 44.1, 1.01
A, 740142, 411062, 902912, 995829, 417125, 122450, 610303, 148009, 36.4, 44.1, 1.00
A, 740023, 411048, 902838, 995859, 417069, 122461, 610300, 148025, 36.4, 44.1, 1.01
A, 740047, 411025, 902994, 995803, 417069, 122457, 610279, 148080, 36.4, 44.1, 1.01
A, 739930, 411000, 902643, 995317, 417000, 122394, 610234, 147935, 36.4, 44.1, 1.00
A, 739730, 410928, 902375, 995104, 416999, 122401, 610211, 147835, 36.4, 44.1, 1.00
A, 739504, 410832, 902228, 995138, 416941, 122373, 610200, 147906, 36.4, 44.1, 1.00
A, 739953, 410920, 902606, 995410, 417049, 122413, 610321, 147915, 36.4, 44.1, 1.00
A, 739654, 410846, 902436, 995236, 417029, 122398, 610254, 147985, 36.4, 44.1, 1.00
A, 739869, 410854, 902632, 995303, 417168, 122413, 610299, 147966, 36.4, 44.1, 1.00
A, 741086, 411060, 904451, 996693, 417287, 122537, 610567, 148211, 36.4, 44.1, 1.01
A, 740025, 411095, 902893, 995460, 417181, 122474, 610381, 147980, 36.4, 44.1, 1.00
A, 739813, 410896, 902897, 995445, 417006, 122433, 610311, 147943, 36.4, 44.1, 1.00
A, 740054, 410980, 903133, 995715, 417164, 122509, 610344, 148044, 36.4, 44.1, 1.00
A, 740183, 410967, 903284, 995670, 417128, 122495, 610398, 148045, 36.4, 44.1, 1.00
A, 740171, 410992, 903377, 995666, 417131, 122440, 610438, 147995, 36.4, 44.1, 1.00
A, 740055, 410970, 903148, 995442, 417118, 122444, 610411, 147992, 36.4, 44.1, 1.00
A, 739873, 410900, 903103, 995341, 417073, 122460, 610323, 147948, 36.4, 44.1, 1.00
A, 740074, 410920, 903408, 995700, 417098, 122445, 610416, 147951, 36.4, 44.1, 1.00
A, 739877, 410834, 903165, 995571, 417089, 122434, 610392, 147957, 36.4, 44.1, 1.00
A, 740159, 410951, 903575, 995823, 417116, 122467, 610465, 148036, 36.4, 44.1, 1.00
A, 740235, 410976, 903591, 995574, 417197, 122459, 610461, 147947, 36.4, 44.1, 0.99
A, 739938, 410968, 903281, 995312, 417078, 122424, 610412, 147922, 36.4, 44.1, 1.00
A, 739974, 410871, 903389, 995601, 417110, 122413, 610405, 147982, 36.4, 44.1, 1.00
A, 740062, 410932, 903503, 995585, 417108, 122412, 610425, 147971, 36.4, 44.1, 1.00
A, 740206, 410937, 903844, 995915, 417142, 122382, 610450, 148041, 36.4, 44.1, 1.00
A, 740198, 410991, 903882, 995832, 417142, 122408, 610455, 147984, 36.4, 44.1, 1.00
A, 740240, 410994, 903947, 995577, 417155, 122390, 610403, 147921, 36.4, 44.1, 1.00
A, 740090, 410950, 903866, 995604, 417129, 122425, 610466, 147906, 36.4, 44.1, 1.00
A, 739851, 410872, 903648, 995625, 417196, 122370, 610442, 147971, 36.4, 44.1, 1.00
A, 741322, 411261, 905470, 997029, 417404, 122562, 610797, 148242, 36.4, 44.1, 1.00
A, 740691, 411257, 904804, 996318, 417322, 122527, 610583, 148078, 36.4, 44.1, 1.00
A, 739835, 411120, 903643, 995308, 417217, 122456, 610433, 147898, 36.4, 44.1, 1.01
A, 739243, 410935, 902963, 994696, 417055, 122389, 610263, 147817, 36.4, 44.1, 1.01
A, 739306, 410820, 902958, 994589, 416978, 122345, 610260, 147862, 36.4, 44.1, 1.00
A, 738711, 410634, 902180, 993979, 416914, 122313, 610162, 147587, 36.4, 44.1, 0.99
A, 738834, 410581, 902345, 994155, 416815, 122241, 610154, 147763, 36.4, 44.1, 0.99
A, 739390, 410705, 903104, 994828, 416983, 122356, 610369, 147905, 36.4, 44.1, 1.00
A, 739718, 410749, 903536, 995169, 417100, 122375, 610480, 147885, 36.4, 44.1, 1.00
A, 739627, 410749, 903444, 995001, 417103, 122290, 610453, 147876, 36.4, 44.1, 1.00
A, 739821, 410818, 903668, 995275, 417097, 122374, 610441, 147928, 36.4, 44.1, 1.01
A, 739915, 410817, 903752, 995296, 417160, 122388, 610422, 147931, 36.4, 44.1, 0.99
A, 739826, 410837, 903855, 995170, 417163, 122351, 610514, 147874, 36.4, 44.1, 1.01
A, 739787, 410795, 903596, 994913, 417075, 122301, 610410, 147803, 36.4, 44.1, 0.99
A, 739721, 410699, 903668, 995031, 417088, 122364, 610462, 147776, 36.4, 44.1, 1.00
A, 740001, 410843, 904110, 995454, 417160, 122352, 610454, 147930, 36.4, 44.1, 1.00
A, 739868, 410777, 904022, 995383, 417092, 122380, 610531, 147952, 36.4, 44.1, 1.01
A, 739932, 410811, 904170, 995487, 417217, 122390, 610510, 147984, 36.4, 44.1, 1.00
A, 740109, 410861, 904290, 995350, 417197, 122271, 610533, 147829, 36.4, 44.1, 0.99
A, 739934, 410842, 904236, 995345, 417211, 122328, 610541, 147910, 36.4, 44.1, 1.00
M, 737514, 410551, 899299, 990349, 416726, 121871, 609789, 146804, 36.4, 44.1, 0.10
M, 727223, 407988, 885363, 978437, 413798, 120759, 606355, 144581, 36.4, 44.1, 0.56
M, 720385, 405635, 875166, 969842, 411612, 119875, 604021, 143131, 36.4, 44.1, 0.74
M, 713580, 403264, 864164, 960801, 410096, 118967, 602878, 141717, 36.5, 44.3, 0.83
M, 710226, 401972, 858398, 956323, 409616, 118385, 602963, 140981, 36.5, 44.3, 0.90
M, 707916, 400784, 852979, 952680, 409509, 117813, 603599, 140428, 36.5, 44.3, 0.92
M, 706281, 399761, 847860, 949608, 409551, 117347, 604322, 139884, 36.5, 44.4, 0.96
M, 705622, 398780, 843488, 947211, 409784, 116825, 605060, 139453, 36.5, 44.4, 0.98
M, 705423, 398020, 839876, 945809, 409954, 116514, 605740, 139159, 36.5, 44.6, 0.98
M, 705516, 397433, 837139, 945363, 410149, 116249, 606367, 139000, 36.5, 44.6, 0.98
M, 706223, 396961, 835028, 945490, 410504, 115945, 607087, 138856, 36.5, 44.6, 0.99
M, 707308, 396507, 833151, 945610, 410745, 115702, 607681, 138893, 36.5, 44.6, 1.00
M, 708576, 396123, 831702, 946615, 411130, 115536, 608340, 138898, 36.5, 44.7, 1.00
M, 710186, 395833, 830218, 947556, 411534, 115336, 609007, 138865, 36.5, 44.7, 1.00
M, 711478, 395564, 828933, 948543, 411833, 115243, 609656, 138908, 36.5, 44.7, 1.00
M, 713119, 395352, 828559, 950389, 412316, 115187, 610291, 138967, 36.5, 44.7, 1.00
M, 714564, 395184, 827806, 951654, 412759, 115110, 610925, 139083, 36.5, 44.8, 1.00
M, 715995, 395121, 827283, 953167, 413211, 114996, 611524, 139157, 36.5, 44.8, 1.00
M, 718083, 395129, 827398, 955277, 413687, 115008, 612321, 139259, 36.5, 44.8, 1.00
M, 719909, 395174, 827387, 957196, 414155, 114943, 613057, 139345, 36.5, 44.8, 1.01
M, 722447, 395318, 828734, 960367, 414869, 115014, 613943, 139726, 36.5, 44.8, 1.00
M, 723492, 395531, 827836, 961255, 415305, 114973, 614413, 139706, 36.5, 44.8, 1.00
M, 724317, 395437, 826796, 962299, 415624, 114846, 615013, 139624, 36.5, 44.8, 0.99
M, 725322, 395429, 826725, 963710, 415935, 114891, 615362, 139733, 36.5, 44.8, 1.00
M, 727131, 395694, 826811, 965818, 416621, 114834, 616234, 139843, 36.5, 44.8, 1.00
M, 728115, 395761, 826915, 967235, 416886, 114830, 616633, 139901, 36.5, 44.8, 1.00
M, 729472, 395941, 827305, 968993, 417397, 114925, 617260, 140090, 36.5, 44.8, 1.01
M, 730808, 396137, 827531, 970771, 417815, 114892, 617862, 140178, 36.5, 44.8, 1.00
M, 732032, 396369, 827713, 972002, 418220, 114888, 618349, 140263, 36.5, 44.8, 1.00
M, 733422, 396622, 828264, 974046, 418748, 114935, 618897, 140388, 36.5, 44.9, 1.00
M, 734639, 396938, 828391, 975555, 419301, 114991, 619581, 140449, 36.5, 44.9, 1.00
M, 735614, 397177, 828532, 976861, 419640, 115027, 620089, 140546, 36.5, 44.9, 1.00
M, 736425, 397417, 828632, 978268, 419992, 115083, 620530, 140626, 36.5, 44.9, 1.01
M, 737417, 397693, 828926, 979664, 420394, 115083, 621025, 140688, 36.5, 44.9, 1.00
M, 738760, 398035, 829483, 981134, 420963, 115093, 621633, 140795, 36.5, 44.9, 1.00
M, 739337, 398254, 829390, 982160, 421247, 115112, 622029, 140870, 36.5, 44.9, 1.00
M, 739955, 398508, 829470, 983314, 421512, 115102, 622399, 140928, 36.5, 44.9, 1.00
M, 740903, 398798, 829915, 984673, 421931, 115187, 622806, 141033, 36.5, 44.9, 1.00
M, 741737, 399069, 830094, 985698, 422291, 115185, 623283, 141020, 36.5, 44.9, 1.00
M, 742720, 399445, 830696, 987412, 422708, 115309, 623776, 141283, 36.5, 44.9, 1.00
M, 745078, 400063, 832951, 990172, 423417, 115441, 624577, 141596, 36.5, 44.9, 1.00
M, 745286, 400345, 832402, 990454, 423681, 115364, 624873, 141406, 36.5, 44.9, 0.99
M, 745590, 400604, 832523, 991472, 423914, 115392, 625163, 141507, 36.5, 44.9, 1.00
M, 746016, 400941, 832215, 992023, 424187, 115475, 625461, 141576, 36.5, 44.9, 1.00
M, 746198, 401098, 832086, 992433, 424299, 115451, 625650, 141533, 36.5, 44.9, 1.00
M, 746762, 401406, 832194, 993490, 424723, 115460, 626084, 141557, 36.5, 44.9, 1.00
M, 747038, 401539, 832275, 994041, 424824, 115451, 626237, 141592, 36.5, 44.9, 1.00
M, 747875, 401860, 832680, 995133, 425101, 115507, 626594, 141684, 36.5, 44.9, 1.00
M, 748505, 402182, 833023, 996071, 425393, 115581, 626981, 141750, 36.5, 45.0, 1.00
M, 748948, 402371, 833252, 996940, 425733, 115660, 627282, 141860, 36.5, 45.0, 0.99
M, 749780, 402806, 833896, 998182, 426045, 115677, 627642, 142008, 36.5, 45.0, 1.00
M, 749892, 403104, 833550, 998390, 426223, 115664, 627864, 141923, 36.5, 45.0, 0.99
M, 750385, 403309, 833839, 999202, 426370, 115689, 628104, 141937, 36.5, 45.0, 1.00
M, 750720, 403523, 833974, 999875, 426607, 115749, 628369, 142025, 36.5, 45.0, 1.00
M, 751416, 403755, 834594, 1000997, 426902, 115696, 628668, 142146, 36.5, 45.0, 1.00
M, 751841, 404055, 834485, 1001368, 427156, 115793, 628965, 142071, 36.5, 45.0, 1.00
M, 752129, 404270, 834568, 1001936, 427314, 115810, 629236, 142146, 36.5, 45.0, 1.00
M, 752314, 404412, 834471, 1002463, 427481, 115842, 629395, 142131, 36.5, 45.0, 1.00
M, 752781, 404635, 834845, 1003077, 427664, 115769, 629629, 142187, 36.5, 45.0, 1.00
M, 753113, 404788, 835105, 1003821, 427799, 115821, 629858, 142280, 36.5, 45.0, 1.01
M, 755173, 405370, 837453, 1006570, 428399, 116046, 630467, 142689, 36.5, 45.0, 1.00
M, 755076, 405777, 837046, 1006295, 428539, 115959, 630680, 142493, 36.5, 45.0, 1.00
M, 754790, 405809, 836441, 1006199, 428535, 115907, 630620, 142344, 36.5, 45.0, 1.00
M, 754474, 405880, 835949, 1006301, 428592, 115978, 630711, 142383, 36.5, 45.0, 0.99
M, 754630, 406088, 835652, 1006287, 428767, 115929, 630909, 142296, 36.5, 45.0, 1.00
M, 754870, 406211, 835791, 1006897, 428832, 115999, 631106, 142419, 36.5, 45.0, 1.00
M, 755094, 406439, 835868, 1007507, 429125, 116005, 631347, 142400, 36.5, 45.0, 1.01
M, 755532, 406584, 836142, 1007857, 429213, 116020, 631449, 142493, 36.5, 45.0, 1.00
M, 756045, 406727, 836733, 1008827, 429463, 116086, 631689, 142588, 36.5, 45.0, 1.00
M, 756606, 407010, 837103, 1009612, 429581, 116127, 631914, 142655, 36.5, 45.0, 1.00
M, 756902, 407229, 837396, 1010222, 429822, 116151, 632187, 142736, 36.5, 45.0, 0.99
M, 757742, 407508, 838106, 1011142, 430072, 116245, 632469, 142868, 36.5, 45.0, 1.00
M, 758215, 407729, 838672, 1011861, 430258, 116240, 632696, 142856, 36.5, 45.0, 1.00
M, 758407, 407923, 838770, 1012398, 430420, 116257, 632812, 142865, 36.5, 45.0, 1.01
M, 758585, 408115, 838811, 1012681, 430536, 116313, 632895, 142914, 36.5, 45.0, 1.00
M, 758986, 408297, 839260, 1013188, 430632, 116370, 633047, 142939, 36.5, 45.0, 0.99
M, 758592, 408356, 838907, 1013390, 430680, 116364, 633247, 142972, 36.5, 45.0, 0.99
M, 759517, 408628, 839821, 1014340, 430927, 116430, 633473, 143083, 36.5, 45.0, 1.00
M, 760033, 408828, 840416, 1015067, 431112, 116443, 633661, 143097, 36.5, 45.0, 1.01
M, 760177, 408945, 840397, 1015371, 431192, 116437, 633770, 143121, 36.5, 45.0, 1.00
M, 761247, 409308, 841890, 1017057, 431476, 116520, 634084, 143256, 36.5, 45.0, 1.00
M, 760926, 409531, 841116, 1016442, 431603, 116558, 634115, 143226, 36.5, 45.0, 0.99
M, 760640, 409561, 840656, 1016130, 431504, 116464, 634138, 143113, 36.5, 45.0, 1.00
M, 760680, 409636, 840715, 1016330, 431590, 116561, 634188, 143083, 36.5, 45.0, 1.00
M, 761095, 409856, 841215, 1017002, 431745, 116564, 634390, 143256, 36.5, 45.0, 0.99
M, 760933, 409947, 841164, 1017082, 431815, 116598, 634425, 143183, 36.5, 45.0, 1.00
M, 761165, 410023, 841307, 1017528, 431839, 116637, 634580, 143280, 36.5, 45.0, 1.00
M, 761424, 410273, 841485, 1017663, 432040, 116672, 634762, 143238, 36.5, 45.0, 1.00
M, 761473, 410276, 841582, 1017979, 432035, 116652, 634795, 143245, 36.5, 45.0, 1.00
M, 761831, 410446, 842047, 1018763, 432208, 116638, 634988, 143369, 36.5, 45.0, 0.99
M, 762150, 410619, 842314, 1019145, 432342, 116748, 635141, 143443, 36.5, 45.0, 1.00
M, 762352, 410705, 842557, 1019451, 432416, 116837, 635298, 143456, 36.5, 45.0, 1.00
M, 762912, 410940, 843258, 1020256, 432559, 116831, 635453, 143556, 36.5, 45.0, 1.00
M, 762909, 411057, 843307, 1020422, 432694, 116868, 635523, 143511, 36.5, 45.0, 0.99
M, 763193, 411185, 843437, 1020693, 432797, 116855, 635575, 143516, 36.5, 45.0, 1.00
M, 763450, 411301, 843851, 1021321, 432832, 116892, 635705, 143604, 36.5, 45.0, 1.00
M, 763574, 411375, 844005, 1021580, 432901, 116942, 635825, 143620, 36.5, 45.0, 1.00
M, 763737, 411506, 844329, 1022000, 433050, 116886, 635928, 143687, 36.5, 45.0, 1.00
M, 764067, 411638, 844609, 1022371, 433243, 117051, 636102, 143717, 36.6, 45.0, 1.00
M, 764126, 411756, 844811, 1022539, 433226, 117042, 636203, 143691, 36.6, 45.0, 1.01
M, 765592, 412080, 846726, 1024472, 433639, 117155, 636525, 144005, 36.5, 45.0, 1.00
M, 765439, 412295, 846440, 1024106, 433651, 117130, 636568, 143872, 36.5, 45.0, 1.00
M, 765303, 412289, 846458, 1024311, 433630, 117195, 636592, 143837, 36.5, 45.0, 1.00
M, 765442, 412472, 846631, 1024472, 433738, 117198, 636677, 143886, 36.5, 45.0, 1.00
M, 765317, 412516, 846390, 1024342, 433749, 117165, 636648, 143834, 36.5, 45.0, 1.00
M, 765192, 412529, 846464, 1024505, 433718, 117189, 636654, 143798, 36.5, 45.0, 1.00
M, 765136, 412731, 846347, 1024447, 433846, 117144, 636778, 143865, 36.6, 45.0, 1.00
M, 765054, 412612, 846442, 1024646, 433779, 117272, 636766, 143880, 36.6, 45.0, 1.00
M, 765062, 412800, 846385, 1024586, 433858, 117179, 636812, 143880, 36.5, 45.0, 1.00
M, 765042, 412714, 846319, 1024564, 433847, 117237, 636794, 143801, 36.5, 45.0, 1.00
M, 765365, 412789, 846801, 1025261, 433935, 117237, 636935, 143927, 36.5, 45.0, 1.00
M, 765394, 412895, 846737, 1025119, 433965, 117296, 637019, 143884, 36.6, 45.0, 1.00
M, 765450, 412866, 846981, 1025556, 434020, 117335, 637092, 143948, 36.6, 45.0, 1.00
M, 765897, 413012, 847648, 1026084, 434163, 117340, 637267, 143990, 36.6, 45.0, 0.99
M, 766289, 413220, 847857, 1026148, 434329, 117334, 637335, 143975, 36.6, 45.0, 0.99
M, 766222, 413278, 847898, 1026416, 434252, 117377, 637349, 144004, 36.6, 45.0, 1.00
M, 766439, 413348, 848308, 1026925, 434466, 117453, 637482, 144140, 36.6, 45.0, 1.01
M, 766451, 413426, 848355, 1027164, 434479, 117449, 637544, 144145, 36.6, 45.0, 1.00
M, 766659, 413549, 848638, 1027204, 434522, 117492, 637612, 144135, 36.6, 45.0, 1.00
M, 766989, 413656, 849190, 1027884, 434673, 117531, 637731, 144242, 36.6, 45.0, 1.00
M, 768531, 413997, 851324, 1029691, 435023, 117635, 638144, 144487, 36.6, 45.0, 1.00
M, 768010, 414067, 850459, 1028907, 434946, 117584, 638072, 144340, 36.6, 45.0, 1.01
M, 767522, 413998, 850022, 1028679, 434918, 117617, 637912, 144286, 36.6, 45.0, 1.00
M, 767057, 413906, 849669, 1028330, 434788, 117537, 637855, 144263, 36.6, 45.0, 1.00
M, 766585, 413880, 849139, 1027893, 434682, 117521, 637786, 144171, 36.6, 45.0, 1.01
M, 766549, 413846, 848951, 1027538, 434739, 117516, 637807, 144047, 36.6, 45.0, 1.00
M, 766545, 413848, 849113, 1027900, 434650, 117547, 637848, 144114, 36.6, 45.0, 1.00
M, 766781, 414007, 849275, 1028037, 434893, 117607, 637996, 144162, 36.6, 45.0, 1.00
M, 766911, 413958, 849565, 1028272, 434792, 117608, 637965, 144192, 36.6, 45.0, 1.00
M, 766917, 414021, 849627, 1028430, 434984, 117643, 638062, 144235, 36.6, 45.0, 0.98
M, 766969, 413945, 849637, 1028386, 434903, 117565, 638070, 144225, 36.6, 45.0, 1.01
M, 767414, 414022, 850378, 1029261, 434997, 117665, 638180, 144350, 36.6, 45.0, 1.01
M, 767633, 414198, 850718, 1029494, 435120, 117724, 638296, 144300, 36.6, 45.0, 1.00
M, 767661, 414153, 850745, 1029688, 435153, 117786, 638410, 144368, 36.6, 45.0, 1.00
M, 768062, 414302, 851367, 1030145, 435302, 117750, 638496, 144440, 36.6, 45.0, 1.00
M, 768377, 414457, 851630, 1030385, 435416, 117785, 638558, 144410, 36.6, 45.0, 1.01
M, 768311, 414459, 851632, 1030372, 435418, 117767, 638568, 144456, 36.6, 45.0, 1.01
M, 768447, 414508, 851966, 1030841, 435495, 117838, 638694, 144510, 36.6, 45.0, 1.01
M, 768638, 414530, 852240, 1030988, 435501, 117843, 638747, 144502, 36.6, 45.0, 0.98
M, 768654, 414594, 852419, 1031247, 435570, 117849, 638818, 144572, 36.6, 45.0, 1.00
M, 770513, 415065, 854890, 1033547, 435961, 118060, 639222, 144901, 36.6, 45.0, 1.00
M, 769877, 415065, 854142, 1032393, 435905, 117960, 639133, 144648, 36.6, 45.0, 0.99
M, 769129, 414886, 853255, 1031730, 435704, 117921, 638961, 144523, 36.6, 45.0, 1.00
M, 768583, 414826, 852887, 1031548, 435570, 117917, 638869, 144557, 36.6, 45.0, 1.00
M, 768874, 414874, 853431, 1031956, 435752, 118018, 638970, 144584, 36.6, 45.0, 1.00
M, 769177, 414909, 853733, 1032128, 435809, 118040, 639071, 144674, 36.6, 45.0, 1.00
M, 769489, 415058, 854285, 1032632, 435897, 118041, 639211, 144649, 36.6, 45.0, 0.99
M, 769386, 415081, 854263, 1032630, 435886, 117995, 639162, 144656, 36.6, 45.0, 1.00
M, 769244, 415138, 854183, 1032435, 435967, 118052, 639145, 144635, 36.6, 45.0, 1.00
M, 769212, 415066, 854271, 1032701, 435843, 118068, 639165, 144638, 36.6, 45.0, 1.01
M, 769487, 415197, 854773, 1033040, 436018, 118102, 639260, 144795, 36.6, 45.0, 1.00
M, 769707, 415349, 855186, 1033330, 436001, 118076, 639289, 144813, 36.6, 45.0, 1.00
M, 770053, 415308, 855574, 1033604, 436069, 118158, 639421, 144797, 36.6, 45.0, 0.99
M, 769944, 415338, 855514, 1033462, 436108, 118159, 639431, 144778, 36.6, 45.0, 0.99
M, 769738, 415370, 855453, 1033401, 436044, 118218, 639436, 144768, 36.6, 45.0, 0.99
M, 770026, 415494, 855819, 1033705, 436119, 118168, 639433, 144828, 36.6, 45.0, 1.00
M, 769438, 415406, 855356, 1033269, 436047, 118215, 639314, 144775, 36.6, 45.0, 1.01
M, 769647, 415441, 855714, 1033640, 436164, 118226, 639364, 144800, 36.6, 45.0, 0.99
M, 769014, 415236, 854905, 1032556, 435914, 118137, 639226, 144621, 36.6, 45.0, 1.01
M, 769155, 415272, 855072, 1032853, 435984, 118164, 639308, 144662, 36.6, 45.0, 1.00
M, 770599, 415467, 857026, 1034879, 436233, 118337, 639761, 145075, 36.6, 45.0, 0.99
M, 770424, 415620, 857007, 1034704, 436373, 118304, 639758, 144936, 36.6, 45.0, 1.00
M, 770517, 415588, 857152, 1034606, 436350, 118389, 639719, 145000, 36.6, 45.0, 1.01
M, 770688, 415671, 857588, 1035042, 436430, 118386, 639804, 144974, 36.6, 45.0, 1.00
M, 770787, 415781, 857720, 1035136, 436521, 118376, 639825, 145004, 36.6, 45.0, 1.00
M, 770750, 415812, 857722, 1035012, 436527, 118387, 639853, 144998, 36.6, 45.0, 1.00
M, 770408, 415746, 857577, 1034936, 436450, 118379, 639747, 144925, 36.6, 45.0, 1.01
M, 770512, 415936, 857793, 1034987, 436502, 118406, 639868, 144981, 36.6, 45.0, 0.99
M, 770424, 415833, 857708, 1035002, 436455, 118351, 639784, 145044, 36.6, 45.0, 1.00
M, 770529, 415904, 857973, 1035080, 436547, 118481, 639926, 145023, 36.6, 45.0, 1.01
M, 770528, 415927, 858055, 1035112, 436561, 118370, 639811, 145006, 36.6, 45.0, 0.99
M, 770845, 415933, 858438, 1035441, 436558, 118521, 639910, 145053, 36.6, 45.0, 1.01
M, 770946, 415994, 858738, 1035623, 436622, 118484, 639964, 145060, 36.6, 45.0, 1.00
M, 770894, 416029, 858867, 1035809, 436662, 118499, 640000, 145109, 36.6, 45.0, 1.00
M, 771198, 416133, 859439, 1036276, 436736, 118638, 640104, 145172, 36.6, 45.0, 1.00
M, 771424, 416142, 859778, 1036378, 436782, 118601, 640167, 145174, 36.6, 45.0, 1.00
M, 771292, 416091, 859821, 1036270, 436756, 118564, 640109, 145124, 36.6, 45.0, 0.99
M, 771376, 416216, 859986, 1036556, 436791, 118652, 640189, 145214, 36.6, 45.0, 1.00
M, 771344, 416269, 860222, 1036744, 436818, 118602, 640177, 145190, 36.6, 45.0, 0.99
M, 771524, 416240, 860383, 1036635, 436856, 118596, 640198, 145143, 36.6, 45.0, 1.00
M, 772728, 416452, 862187, 1038180, 437095, 118720, 640469, 145431, 36.6, 45.0, 1.00
M, 772372, 416668, 861806, 1037776, 437049, 118669, 640466, 145301, 36.6, 45.0, 1.00
M, 771742, 416476, 861211, 1037152, 436957, 118667, 640285, 145199, 36.6, 45.0, 1.01
M, 771134, 416430, 860236, 1035712, 436860, 118596, 640122, 145031, 36.6, 45.0, 1.01
M, 770512, 416069, 859908, 1035844, 436640, 118609, 639965, 145080, 36.6, 45.0, 1.01
M, 770490, 416112, 859903, 1035470, 436711, 118599, 640036, 145002, 36.6, 45.0, 1.00
M, 770304, 416074, 859868, 1035546, 436612, 118570, 639987, 145030, 36.6, 45.0, 0.99
M, 770638, 416133, 860273, 1036066, 436688, 118701, 640090, 145113, 36.6, 45.0, 1.00
M, 770452, 416103, 859929, 1035570, 436729, 118572, 640052, 145043, 36.6, 45.0, 1.00
M, 770540, 416075, 860292, 1035975, 436705, 118668, 640104, 145127, 36.6, 45.0, 1.00
M, 770746, 416163, 860666, 1036123, 436857, 118635, 640181, 145067, 36.6, 45.0, 0.99
M, 770960, 416179, 860805, 1036302, 436804, 118679, 640200, 145158, 36.6, 45.0, 0.99
M, 771307, 416174, 861444, 1036894, 436943, 118753, 640279, 145232, 36.6, 45.0, 0.99
M, 771521, 416285, 861826, 1037173, 436989, 118728, 640393, 145298, 36.6, 45.0, 0.99
M, 771549, 416300, 862017, 1037312, 436965, 118770, 640426, 145336, 36.6, 45.0, 1.00
M, 772017, 416456, 862602, 1037899, 437089, 118847, 640595, 145403, 36.6, 45.0, 1.00
M, 772223, 416521, 863143, 1038040, 437134, 118819, 640583, 145359, 36.6, 45.0, 1.00
M, 772100, 416569, 863114, 1038096, 437188, 118815, 640609, 145342, 36.6, 45.0, 1.01
M, 772087, 416564, 863049, 1037957, 437105, 118923, 640525, 145396, 36.6, 45.0, 1.00
M, 772395, 416627, 863634, 1038355, 437260, 118944, 640607, 145360, 36.6, 45.0, 0.99
M, 773645, 416805, 865487, 1040102, 437543, 119055, 640989, 145753, 36.6, 45.0, 0.99
M, 773279, 417028, 865085, 1039446, 437594, 119040, 640896, 145563, 36.6, 45.0, 0.99
M, 771849, 416751, 863579, 1037868, 437276, 118951, 640556, 145342, 36.6, 45.0, 1.00
M, 771685, 416608, 863507, 1037840, 437108, 118896, 640507, 145278, 36.6, 45.0, 1.00
M, 771609, 416533, 863518, 1037853, 437102, 118916, 640514, 145324, 36.6, 45.0, 1.00
M, 771925, 416627, 864141, 1038294, 437197, 118971, 640601, 145448, 36.6, 45.0, 1.00
M, 772114, 416731, 864408, 1038259, 437292, 118954, 640587, 145436, 36.6, 45.0, 1.01
M, 772013, 416632, 864337, 1038093, 437214, 118967, 640684, 145425, 36.6, 45.0, 1.00
M, 772015, 416532, 864261, 1038094, 437196, 118970, 640590, 145446, 36.6, 45.0, 0.99
M, 771880, 416700, 864447, 1038170, 437273, 118968, 640620, 145386, 36.6, 45.0, 1.00
M, 771845, 416574, 864550, 1038216, 437215, 119008, 640614, 145446, 36.6, 45.0, 1.01
M, 771877, 416718, 864604, 1037998, 437276, 119057, 640687, 145320, 36.6, 45.0, 1.00
M, 771904, 416596, 864836, 1038065, 437202, 118973, 640604, 145342, 36.6, 45.0, 0.99
M, 771921, 416617, 865075, 1038421, 437212, 119000, 640642, 145381, 36.6, 45.0, 1.00
M, 772053, 416654, 865282, 1038627, 437297, 119065, 640632, 145473, 36.6, 45.0, 1.00
M, 772228, 416686, 865385, 1038571, 437294, 119060, 640669, 145537, 36.6, 45.0, 0.99
M, 772568, 416738, 866165, 1039090, 437478, 119116, 640786, 145603, 36.6, 45.0, 1.00
M, 772614, 416848, 866284, 1039181, 437383, 119082, 640793, 145590, 36.6, 45.0, 1.00
M, 772560, 416790, 866306, 1039165, 437433, 119160, 640796, 145563, 36.6, 45.0, 1.01
M, 772721, 416886, 866692, 1039407, 437508, 119148, 640891, 145581, 36.6, 45.0, 1.00
M, 773928, 417083, 868486, 1041025, 437762, 119324, 641148, 145876, 36.6, 45.0, 1.00
M, 773660, 417257, 868275, 1040654, 437682, 119282, 641171, 145788, 36.6, 45.0, 0.99
M, 773583, 417239, 868195, 1040487, 437671, 119283, 641040, 145822, 36.6, 45.0, 1.00
M, 773738, 417242, 868728, 1040780, 437801, 119339, 641133, 145740, 36.6, 45.0, 1.00
M, 773320, 417242, 868377, 1040443, 437722, 119334, 641017, 145743, 36.6, 45.0, 1.00
M, 773134, 417225, 868239, 1040100, 437691, 119347, 640940, 145734, 36.6, 45.0, 0.99
M, 772596, 417213, 867980, 1039828, 437655, 119340, 640932, 145718, 36.6, 45.0, 1.01
M, 772810, 417119, 868093, 1039641, 437591, 119317, 640920, 145648, 36.6, 45.0, 1.00
M, 772481, 417040, 867890, 1039364, 437486, 119278, 640863, 145640, 36.6, 45.0, 1.00
M, 772631, 417072, 868317, 1039723, 437512, 119236, 640870, 145674, 36.6, 45.0, 1.01
M, 772258, 417025, 867860, 1039157, 437532, 119300, 640850, 145549, 36.6, 45.0, 0.99
M, 772092, 416944, 867883, 1039243, 437453, 119280, 640749, 145626, 36.6, 45.0, 1.01
M, 772084, 416992, 867959, 1039060, 437478, 119257, 640837, 145546, 36.6, 45.0, 0.99
M, 772114, 416873, 867873, 1038920, 437417, 119299, 640716, 145579, 36.6, 45.0, 1.00
M, 772285, 416943, 868163, 1039260, 437519, 119315, 640812, 145643, 36.6, 45.0, 1.00
M, 772284, 416860, 868336, 1039339, 437464, 119302, 640817, 145627, 36.6, 45.0, 1.00
M, 772312, 416917, 868625, 1039470, 437486, 119321, 640810, 145727, 36.6, 45.0, 1.01
M, 772741, 416988, 869182, 1039865, 437550, 119358, 640957, 145742, 36.6, 45.0, 1.00
M, 772826, 417036, 869251, 1039750, 437606, 119359, 640971, 145655, 36.6, 45.0, 1.00
M, 772785, 417011, 869274, 1039116, 437600, 119386, 640977, 145655, 36.6, 45.0, 1.00
