State, OV, Alc, H2, AC1, NH3, AC2, VOC, LP, Temp, Hud, AirFlow
A, 670761, 356762, 970923, 920003, 366034, 121300, 531162, 151863, 38.4, 47.1, 0.00
A, 659024, 353705, 951504, 905451, 362795, 119782, 527744, 148948, 38.4, 47.1, 0.59
A, 650618, 351131, 936611, 894564, 360382, 118578, 525552, 146977, 38.3, 47.1, 0.75
A, 644524, 349155, 924758, 886588, 359009, 117591, 524961, 145486, 38.3, 47.1, 0.84
A, 639098, 347606, 912052, 878745, 358227, 116557, 525467, 144082, 38.1, 46.9, 0.92
A, 636851, 347027, 905064, 875187, 358021, 115997, 526141, 143536, 38.1, 46.9, 0.95
A, 635210, 346627, 895893, 871291, 358368, 115143, 527733, 142802, 38.0, 46.7, 0.95
A, 635046, 346562, 891425, 870280, 358615, 114691, 528714, 142655, 38.0, 46.7, 0.99
A, 635194, 346662, 886773, 869710, 359105, 114362, 529989, 142545, 38.0, 46.7, 0.98
A, 636383, 346979, 883008, 869856, 359763, 113965, 531366, 142564, 37.9, 46.5, 0.98
A, 637854, 347400, 879919, 870208, 360451, 113620, 532764, 142619, 37.9, 46.5, 0.99
A, 639907, 347919, 877840, 871735, 361393, 113428, 534290, 142827, 37.9, 46.3, 0.99
A, 642201, 348573, 875441, 873026, 362288, 113242, 535902, 142986, 37.9, 46.3, 0.99
A, 644181, 349239, 873405, 874410, 363097, 113042, 537310, 143154, 37.8, 46.1, 1.00
A, 646469, 349923, 872487, 876416, 363959, 112919, 538708, 143307, 37.8, 46.1, 0.99
A, 648727, 350654, 871113, 878089, 364908, 112815, 540152, 143535, 37.8, 46.0, 1.00
A, 650929, 351425, 870139, 879964, 365728, 112677, 541482, 143821, 37.8, 46.0, 0.99
A, 653623, 352306, 869661, 882114, 366718, 112613, 542955, 143981, 37.7, 45.8, 1.00
A, 656217, 353191, 869141, 884493, 367726, 112551, 544425, 144159, 37.7, 45.8, 1.00
A, 658396, 354071, 868539, 886331, 368625, 112589, 545819, 144385, 37.7, 45.7, 1.00
A, 661553, 355049, 869648, 889517, 369679, 112618, 547311, 144829, 37.7, 45.7, 1.00
A, 663582, 356008, 869059, 891262, 370671, 112634, 548598, 144902, 37.7, 45.6, 0.99
A, 664884, 356774, 867854, 892459, 371308, 112566, 549642, 144960, 37.7, 45.6, 1.01
A, 667183, 357782, 867130, 894161, 372312, 112522, 550969, 145115, 37.6, 45.5, 1.00
A, 668768, 358516, 866862, 896064, 373031, 112499, 552092, 145220, 37.6, 45.5, 0.99
A, 670831, 359619, 866433, 897756, 374080, 112495, 553468, 145439, 37.6, 45.4, 0.99
A, 671838, 360223, 865794, 898838, 374555, 112469, 554311, 145522, 37.6, 45.4, 1.01
A, 674245, 361454, 865572, 900993, 375656, 112566, 555771, 145704, 37.6, 45.3, 0.99
A, 675596, 362060, 865499, 902360, 376280, 112548, 556630, 145787, 37.6, 45.3, 1.01
A, 677446, 362991, 865762, 904268, 377063, 112583, 557700, 145992, 37.6, 45.3, 1.00
A, 679226, 363905, 865849, 905906, 377864, 112645, 558804, 146095, 37.5, 45.2, 0.99
A, 680360, 364719, 865747, 907403, 378586, 112722, 559755, 146268, 37.5, 45.2, 1.00
A, 682257, 365688, 866083, 909244, 379374, 112726, 560763, 146453, 37.5, 45.1, 1.00
A, 684022, 366728, 866274, 910652, 380187, 112778, 561908, 146538, 37.5, 45.1, 1.00
A, 685239, 367607, 866087, 912178, 380955, 112777, 562877, 146666, 37.5, 45.1, 1.00
A, 686543, 368404, 866296, 913796, 381612, 112870, 563772, 146827, 37.5, 45.1, 1.01
A, 687273, 369194, 865560, 914468, 382143, 112861, 564568, 146821, 37.5, 45.0, 1.01
A, 688524, 369984, 865694, 915666, 382807, 112906, 565421, 146919, 37.5, 45.0, 1.00
A, 690167, 370902, 866167, 917418, 383546, 112955, 566318, 147084, 37.4, 44.9, 1.00
A, 690808, 371759, 865486, 918163, 384155, 112920, 567204, 147025, 37.4, 44.9, 1.01
A, 693216, 372712, 867258, 920808, 384954, 113092, 568235, 147388, 37.4, 44.8, 1.00
A, 693895, 373497, 866861, 921601, 385547, 113104, 569000, 147355, 37.4, 44.8, 1.00
A, 694062, 374198, 865828, 921910, 385962, 113096, 569485, 147298, 37.4, 44.8, 1.01
A, 695279, 374965, 866161, 923170, 386519, 113193, 570325, 147514, 37.4, 44.8, 1.01
A, 696537, 375831, 866251, 924439, 387198, 113246, 571210, 147543, 37.4, 44.7, 1.00
A, 697280, 376594, 866152, 925295, 387724, 113309, 571797, 147577, 37.4, 44.7, 1.00
A, 697938, 377375, 865455, 925923, 388296, 113324, 572597, 147608, 37.4, 44.7, 0.99
A, 698572, 377863, 865636, 926716, 388625, 113381, 573075, 147711, 37.4, 44.7, 0.99
A, 699505, 378859, 865498, 927971, 389352, 113415, 574031, 147770, 37.3, 44.6, 1.01
A, 700138, 379366, 865306, 928475, 389637, 113416, 574477, 147716, 37.3, 44.6, 1.00
A, 700829, 379902, 865427, 929561, 390048, 113425, 575086, 147796, 37.3, 44.6, 1.01
A, 701820, 380672, 865634, 930514, 390562, 113461, 575729, 147908, 37.3, 44.6, 1.01
A, 702477, 381273, 865643, 931451, 391057, 113549, 576335, 148004, 37.3, 44.6, 1.00
A, 703482, 382061, 866131, 932704, 391567, 113700, 577049, 148122, 37.3, 44.5, 1.00
A, 704398, 382686, 866097, 933491, 392115, 113666, 577674, 148117, 37.3, 44.5, 1.00
A, 704996, 383305, 865910, 934138, 392494, 113678, 578170, 148131, 37.3, 44.5, 1.00
A, 705667, 383943, 866175, 935265, 392928, 113795, 578740, 148267, 37.3, 44.5, 1.00
A, 706364, 384530, 866236, 935994, 393330, 113866, 579257, 148217, 37.3, 44.5, 1.01
A, 707074, 385065, 866621, 937103, 393736, 113872, 579852, 148409, 37.3, 44.5, 1.00
A, 708146, 385777, 867211, 938313, 394222, 113941, 580497, 148507, 37.3, 44.4, 0.99
A, 710520, 386824, 869634, 940833, 395054, 114183, 581374, 148875, 37.3, 44.4, 0.99
A, 710761, 387399, 869244, 941320, 395404, 114162, 581852, 148788, 37.2, 44.4, 1.00
A, 711155, 387959, 869326, 942117, 395761, 114333, 582311, 148857, 37.2, 44.4, 1.00
A, 711342, 388453, 869105, 942582, 396039, 114274, 582717, 148867, 37.2, 44.4, 1.01
A, 711918, 388978, 869237, 943133, 396400, 114356, 583151, 148898, 37.2, 44.4, 0.99
A, 712380, 389557, 869029, 943620, 396740, 114339, 583646, 148895, 37.2, 44.4, 0.99
A, 712584, 390022, 868762, 943970, 397013, 114429, 583941, 148904, 37.2, 44.4, 1.00
A, 712758, 390557, 868478, 944301, 397306, 114437, 584373, 148820, 37.2, 44.3, 1.01
A, 712904, 390834, 868308, 944722, 397520, 114429, 584674, 148871, 37.2, 44.3, 0.99
A, 713546, 391347, 868635, 945593, 397815, 114456, 585102, 148979, 37.2, 44.3, 1.01
A, 714081, 391867, 868834, 946193, 398118, 114579, 585524, 148951, 37.2, 44.3, 0.99
A, 714588, 392308, 868916, 946845, 398572, 114622, 585977, 148921, 37.2, 44.3, 1.01
A, 714888, 392676, 868723, 947124, 398728, 114603, 586302, 148939, 37.2, 44.3, 0.99
A, 715189, 393015, 868636, 947674, 399020, 114673, 586611, 148998, 37.2, 44.3, 0.99
A, 715742, 393524, 868866, 948397, 399321, 114779, 587114, 149074, 37.2, 44.3, 1.00
A, 715978, 393877, 868946, 948942, 399546, 114724, 587349, 149052, 37.2, 44.3, 1.00
A, 716595, 394378, 869203, 949727, 399922, 114793, 587821, 149143, 37.2, 44.3, 1.00
A, 717021, 394761, 869280, 949912, 400200, 114796, 588178, 149070, 37.2, 44.3, 1.01
A, 717238, 395098, 869126, 950500, 400475, 114874, 588515, 149058, 37.2, 44.3, 1.00
A, 717397, 395400, 868927, 950933, 400630, 114925, 588803, 149173, 37.2, 44.3, 1.00
A, 719107, 396039, 870966, 953187, 401085, 115057, 589423, 149501, 37.1, 44.2, 1.00
A, 718897, 396364, 870275, 952779, 401313, 115076, 589609, 149371, 37.1, 44.2, 1.00
A, 719023, 396617, 869983, 953127, 401491, 115101, 589869, 149324, 37.1, 44.2, 1.00
A, 718887, 396968, 869255, 952851, 401579, 115023, 590111, 149146, 37.1, 44.2, 1.01
A, 718737, 397110, 868639, 952680, 401638, 115078, 590310, 149072, 37.1, 44.2, 1.00
A, 719140, 397442, 868873, 953474, 401918, 115123, 590582, 149143, 37.1, 44.2, 1.00
A, 719304, 397803, 868586, 953667, 402163, 115133, 590883, 149186, 37.1, 44.2, 1.00
A, 719561, 398025, 868497, 953995, 402295, 115155, 591067, 149179, 37.1, 44.2, 1.00
A, 720021, 398461, 868621, 954544, 402712, 115184, 591555, 149200, 37.1, 44.2, 1.00
A, 720101, 398553, 868547, 954874, 402739, 115165, 591627, 149031, 37.1, 44.2, 0.99
A, 720403, 398739, 868492, 955281, 402904, 115266, 591944, 149154, 37.1, 44.2, 1.00
A, 720797, 399107, 868753, 955754, 403219, 115334, 592223, 149177, 37.1, 44.2, 1.00
A, 721117, 399291, 868750, 956307, 403300, 115286, 592512, 149251, 37.1, 44.2, 1.01
A, 721689, 399724, 869185, 957096, 403657, 115405, 592885, 149323, 37.1, 44.2, 1.00
A, 722275, 400040, 869405, 957659, 403898, 115421, 593194, 149283, 37.1, 44.2, 0.99
A, 722379, 400294, 869285, 958037, 404050, 115420, 593438, 149248, 37.1, 44.2, 0.99
A, 722787, 400517, 869524, 958655, 404355, 115535, 593756, 149369, 37.1, 44.2, 0.99
A, 723010, 400837, 869480, 958984, 404481, 115561, 593977, 149411, 37.1, 44.2, 1.00
A, 723223, 401032, 869106, 959048, 404644, 115589, 594169, 149317, 37.1, 44.2, 1.00
A, 723278, 401291, 868887, 959280, 404815, 115630, 594360, 149176, 37.0, 44.2, 1.01
A, 724785, 401693, 870467, 961160, 405186, 115673, 594885, 149593, 37.0, 44.2, 1.00
A, 724632, 401996, 870184, 961025, 405366, 115711, 595052, 149430, 37.0, 44.1, 1.00
A, 724304, 402038, 869498, 960861, 405430, 115652, 595115, 149281, 37.0, 44.1, 0.99
A, 724624, 402178, 869713, 961473, 405561, 115770, 595371, 149455, 37.0, 44.1, 1.00
A, 725099, 402480, 869816, 961673, 405711, 115804, 595591, 149359, 37.0, 44.1, 1.00
A, 725075, 402563, 869629, 961842, 405847, 115774, 595685, 149392, 37.0, 44.1, 1.00
A, 725321, 402831, 869643, 962381, 405963, 115848, 595931, 149351, 37.0, 44.1, 1.00
A, 725285, 403028, 869118, 962214, 406083, 115804, 596162, 149312, 37.0, 44.1, 0.99
A, 725403, 403047, 869237, 962558, 406168, 115823, 596232, 149321, 37.0, 44.1, 0.99
A, 724905, 403228, 868315, 962207, 406292, 115784, 596356, 149189, 37.0, 44.1, 1.01
A, 725000, 403212, 868053, 962165, 406267, 115840, 596424, 149167, 37.0, 44.1, 0.99
A, 725487, 403350, 868492, 962910, 406462, 115845, 596722, 149208, 37.0, 44.1, 0.99
A, 725658, 403519, 868684, 963423, 406571, 115863, 596915, 149239, 37.0, 44.1, 1.00
A, 725804, 403654, 868624, 963703, 406745, 115979, 597107, 149284, 37.0, 44.1, 1.00
A, 726506, 403980, 869200, 964503, 407044, 116063, 597417, 149403, 37.0, 44.1, 1.00
A, 726917, 404147, 869511, 964789, 407228, 116032, 597650, 149360, 37.0, 44.1, 0.99
A, 726972, 404314, 869350, 965049, 407295, 116038, 597792, 149309, 37.0, 44.1, 1.00
A, 727228, 404403, 869509, 965511, 407451, 116191, 598024, 149433, 37.0, 44.1, 1.00
A, 727437, 404601, 869659, 965681, 407603, 116179, 598190, 149354, 37.0, 44.1, 1.01
A, 727542, 404765, 869544, 966090, 407740, 116180, 598329, 149366, 37.0, 44.1, 0.99
A, 729255, 405172, 871828, 968384, 408158, 116399, 598917, 149756, 37.0, 44.1, 1.01
A, 728948, 405360, 871162, 967852, 408302, 116352, 598989, 149538, 37.0, 44.1, 0.99
A, 728561, 405411, 870673, 967681, 408309, 116349, 599062, 149443, 37.0, 44.1, 1.00
A, 728718, 405578, 870721, 967945, 408365, 116407, 599198, 149501, 37.0, 44.1, 1.01
A, 728812, 405585, 870561, 968160, 408499, 116457, 599268, 149437, 37.0, 44.1, 1.00
A, 728601, 405662, 869822, 967696, 408518, 116409, 599320, 149288, 37.0, 44.1, 1.00
A, 728363, 405698, 869502, 967512, 408551, 116387, 599441, 149093, 37.0, 44.1, 1.01
A, 727823, 405652, 868524, 967067, 408429, 116336, 599393, 149142, 37.0, 44.1, 1.01
A, 727985, 405740, 868558, 967164, 408614, 116371, 599608, 149057, 37.0, 44.1, 0.99
A, 728141, 405787, 868666, 967637, 408656, 116448, 599636, 149149, 37.0, 44.1, 1.01
A, 728346, 406004, 868625, 967779, 408993, 116445, 599957, 149147, 37.0, 44.1, 0.99
A, 728503, 405979, 868687, 968086, 408881, 116427, 600019, 149151, 37.0, 44.1, 1.00
A, 728939, 406176, 869092, 968781, 409113, 116509, 600242, 149209, 37.0, 44.1, 1.00
A, 729243, 406304, 869265, 969238, 409239, 116489, 600407, 149261, 37.0, 44.1, 1.01
A, 729472, 406355, 869274, 969311, 409336, 116661, 600629, 149247, 37.0, 44.1, 0.99
A, 729994, 406648, 869936, 970149, 409550, 116615, 600791, 149360, 37.0, 44.1, 1.00
A, 730131, 406758, 869931, 970358, 409673, 116616, 600971, 149290, 37.0, 44.1, 1.00
A, 730236, 406751, 869781, 970355, 409703, 116644, 601108, 149330, 37.0, 44.1, 1.01
A, 730482, 406886, 870088, 970971, 409857, 116723, 601240, 149293, 37.0, 44.1, 1.01
A, 730474, 406976, 870060, 971093, 409991, 116723, 601398, 149294, 37.0, 44.1, 0.99
A, 731736, 407331, 871740, 972845, 410275, 116922, 601809, 149622, 37.0, 44.1, 1.00
A, 731800, 407461, 871440, 972738, 410439, 116902, 601870, 149482, 37.0, 44.1, 1.00
A, 731285, 407478, 870862, 972238, 410379, 116906, 601913, 149318, 37.0, 44.1, 1.00
A, 730695, 407446, 869973, 971762, 410288, 116878, 601845, 149184, 37.0, 44.1, 1.00
A, 730456, 407321, 869421, 971472, 410299, 116862, 601838, 149072, 37.0, 44.1, 0.99
A, 730516, 407374, 869400, 971600, 410324, 116829, 601941, 149093, 37.0, 44.1, 0.99
A, 730777, 407393, 869332, 971803, 410431, 116855, 602117, 149102, 37.0, 44.1, 1.00
A, 730944, 407584, 869406, 971960, 410560, 116862, 602245, 149123, 37.0, 44.1, 0.99
A, 731349, 407669, 870014, 972816, 410671, 116969, 602415, 149181, 37.0, 44.1, 0.99
A, 731223, 407782, 869528, 972597, 410807, 116951, 602562, 149152, 37.0, 44.1, 1.00
A, 731221, 407797, 869682, 972843, 410823, 116985, 602600, 149184, 37.0, 44.1, 1.00
A, 731482, 407903, 869685, 973009, 411063, 116985, 602823, 149098, 37.0, 44.1, 0.99
A, 731555, 407964, 869662, 973224, 411045, 117033, 602889, 149134, 37.0, 44.1, 1.00
A, 731900, 407963, 870015, 973730, 411123, 117054, 603040, 149122, 37.0, 44.1, 1.00
A, 732093, 408047, 870103, 973953, 411282, 117060, 603149, 149188, 37.0, 44.1, 1.00
A, 732216, 408112, 870241, 974372, 411386, 117146, 603244, 149196, 37.0, 44.1, 1.01
A, 732663, 408297, 870788, 974867, 411508, 117192, 603543, 149259, 37.0, 44.1, 1.00
A, 732944, 408477, 870795, 974927, 411614, 117209, 603600, 149164, 37.0, 44.1, 1.00
A, 732930, 408455, 870813, 975134, 411664, 117251, 603696, 149145, 36.9, 44.1, 1.00
A, 733050, 408532, 870893, 975662, 411775, 117306, 603821, 149243, 36.9, 44.1, 1.01
A, 734405, 408865, 872865, 977520, 412134, 117447, 604267, 149556, 36.9, 44.1, 1.00
A, 734244, 409063, 872430, 976952, 412203, 117447, 604286, 149332, 36.9, 44.1, 1.01
A, 733736, 409030, 871909, 976643, 412059, 117427, 604210, 149309, 36.9, 44.1, 1.00
A, 733308, 408910, 871242, 976136, 412045, 117369, 604137, 149153, 36.9, 44.1, 1.00
A, 733473, 408928, 871180, 976259, 412151, 117403, 604238, 149126, 36.9, 44.1, 1.00
A, 733599, 409041, 871423, 976685, 412199, 117416, 604372, 149206, 36.9, 44.1, 1.00
A, 733626, 409075, 871429, 976954, 412284, 117490, 604463, 149217, 36.9, 44.1, 1.01
A, 733919, 409228, 871646, 977146, 412417, 117509, 604636, 149248, 36.9, 44.1, 0.99
A, 734122, 409217, 871741, 977338, 412537, 117476, 604727, 149191, 36.9, 44.1, 1.00
A, 734010, 409345, 871619, 977464, 412525, 117537, 604764, 149170, 36.9, 44.1, 1.00
A, 733634, 409344, 870962, 976936, 412574, 117508, 604774, 149077, 36.9, 44.1, 1.00
A, 733711, 409215, 871049, 977098, 412512, 117511, 604787, 149034, 36.9, 44.1, 1.01
A, 733551, 409378, 870776, 977118, 412627, 117528, 604882, 149017, 36.9, 44.1, 1.01
A, 733582, 409303, 870711, 976948, 412578, 117558, 604905, 149036, 36.9, 44.1, 1.01
A, 733894, 409349, 871133, 977573, 412699, 117554, 605092, 148985, 36.9, 44.1, 0.99
A, 733991, 409388, 871124, 977724, 412738, 117600, 605158, 148990, 36.9, 44.1, 1.01
A, 734073, 409458, 871158, 977929, 412770, 117588, 605255, 149006, 36.9, 44.1, 0.99
A, 734394, 409617, 871613, 978459, 412965, 117659, 605398, 149102, 36.9, 44.1, 1.00
A, 734641, 409556, 871637, 978542, 413045, 117695, 605489, 149074, 36.9, 44.1, 1.00
A, 734576, 409705, 871419, 978631, 413025, 117663, 605529, 149034, 36.9, 44.1, 1.01
A, 735742, 409894, 873196, 980273, 413363, 117843, 605919, 149262, 36.9, 44.1, 1.00
A, 735666, 410014, 872720, 979865, 413359, 117813, 605877, 149202, 36.9, 44.1, 1.01
A, 735037, 409955, 872126, 979456, 413326, 117779, 605825, 149062, 36.9, 44.1, 0.99
A, 735334, 409942, 872484, 979898, 413390, 117862, 605988, 149123, 36.9, 44.1, 1.00
A, 735487, 410091, 872464, 979700, 413507, 117890, 606018, 149028, 36.9, 44.1, 1.01
A, 735321, 410022, 872299, 979842, 413463, 117854, 606025, 148989, 36.9, 44.1, 1.00
A, 735192, 410037, 872171, 979980, 413522, 117915, 606118, 149027, 36.9, 44.1, 1.01
A, 735377, 410128, 872532, 980311, 413624, 117948, 606246, 149065, 36.9, 44.1, 1.00
A, 735481, 410077, 872467, 980288, 413640, 117972, 606304, 149062, 36.9, 44.1, 1.00
A, 735760, 410273, 872687, 980547, 413789, 118024, 606431, 148994, 36.9, 44.1, 0.99
A, 735656, 410216, 872546, 980505, 413778, 118002, 606444, 149026, 36.9, 44.1, 1.00
A, 735539, 410294, 872257, 980474, 413847, 117980, 606538, 148992, 36.9, 44.1, 0.99
A, 735373, 410299, 872189, 980581, 413778, 118005, 606490, 149000, 36.9, 44.1, 1.00
A, 735693, 410340, 872516, 980973, 413863, 118084, 606655, 149014, 36.9, 44.1, 1.01
A, 735865, 410380, 872740, 981279, 413948, 118069, 606732, 149024, 36.9, 44.1, 0.99
A, 736096, 410422, 872892, 981355, 413993, 118081, 606849, 148963, 36.9, 44.1, 0.99
A, 735998, 410432, 872728, 981254, 414054, 118099, 606851, 148892, 36.9, 44.1, 1.00
A, 735808, 410430, 872472, 981246, 414007, 118061, 606876, 148947, 36.9, 44.1, 1.00
A, 736203, 410474, 872881, 981707, 414154, 118126, 607024, 148979, 36.9, 44.2, 1.00
A, 735994, 410534, 872707, 981697, 414190, 118156, 607054, 148997, 36.9, 44.2, 1.01
A, 737798, 410825, 875007, 983794, 414585, 118307, 607435, 149351, 36.9, 44.1, 0.99
A, 737722, 410965, 874938, 983468, 414630, 118355, 607520, 149139, 36.9, 44.1, 0.99
A, 737377, 410952, 874458, 983309, 414607, 118340, 607492, 149078, 36.9, 44.2, 1.00
A, 736942, 410845, 873952, 982946, 414563, 118318, 607472, 149030, 36.9, 44.2, 1.00
A, 736998, 410947, 874073, 983293, 414592, 118346, 607483, 149070, 36.9, 44.2, 1.01
A, 737023, 410961, 873938, 982962, 414569, 118291, 607480, 148957, 36.9, 44.2, 0.99
A, 737202, 410974, 874297, 983504, 414687, 118317, 607610, 149003, 36.9, 44.2, 0.99
A, 737067, 411032, 874058, 983363, 414747, 118357, 607678, 148989, 36.9, 44.2, 1.00
A, 737062, 411017, 873872, 983188, 414709, 118377, 607628, 148929, 36.9, 44.2, 0.99
A, 737119, 411013, 874067, 983467, 414750, 118437, 607669, 148975, 36.9, 44.2, 1.00
A, 736815, 411031, 873642, 983085, 414774, 118302, 607760, 148861, 36.9, 44.2, 1.01
A, 736813, 410982, 873356, 982822, 414674, 118361, 607698, 148778, 36.9, 44.2, 1.01
A, 736517, 411013, 873026, 982887, 414744, 118369, 607817, 148727, 36.9, 44.2, 1.00
A, 736468, 410945, 872908, 982942, 414688, 118352, 607716, 148732, 36.9, 44.2, 1.00
A, 736810, 410915, 873272, 983205, 414833, 118429, 607818, 148874, 36.9, 44.2, 1.00
A, 737019, 410914, 873388, 983371, 414832, 118373, 607965, 148816, 36.9, 44.2, 1.00
A, 737117, 410986, 873452, 983568, 414910, 118481, 607963, 148788, 36.9, 44.2, 1.01
A, 736683, 410953, 873036, 983333, 414889, 118469, 607962, 148728, 36.8, 44.2, 1.00
A, 737269, 411060, 873696, 983787, 414979, 118506, 608148, 148739, 36.8, 44.2, 0.99
A, 737237, 411033, 873716, 983955, 414979, 118498, 608139, 148745, 36.8, 44.2, 1.00
A, 738448, 411255, 875321, 985594, 415306, 118644, 608453, 149097, 36.8, 44.2, 0.99
A, 738162, 411319, 874955, 985213, 415320, 118662, 608515, 148926, 36.8, 44.2, 1.00
A, 737714, 411277, 874164, 984431, 415249, 118538, 608381, 148759, 36.8, 44.2, 1.00
A, 736997, 410994, 873169, 983683, 415016, 118491, 608199, 148589, 36.8, 44.2, 1.00
A, 736524, 410961, 872638, 983478, 415032, 118521, 608202, 148574, 36.8, 44.2, 1.00
A, 736976, 410962, 873030, 983969, 415140, 118563, 608349, 148647, 36.8, 44.2, 1.00
A, 737119, 411013, 873316, 984189, 415204, 118585, 608435, 148654, 36.8, 44.2, 1.00
A, 737536, 411081, 873842, 984790, 415267, 118632, 608600, 148752, 36.8, 44.2, 1.00
A, 737760, 411184, 873900, 984645, 415327, 118629, 608669, 148650, 36.8, 44.2, 0.99
A, 737722, 411097, 873869, 984812, 415399, 118575, 608686, 148706, 36.8, 44.2, 0.99
A, 737832, 411204, 874108, 985296, 415458, 118688, 608749, 148693, 36.8, 44.2, 1.00
A, 737531, 411069, 873329, 984490, 415369, 118538, 608752, 148563, 36.8, 44.2, 0.99
A, 737450, 411022, 873499, 984634, 415341, 118711, 608667, 148613, 36.8, 44.2, 1.00
A, 737435, 411132, 873448, 984795, 415542, 118632, 608866, 148595, 36.8, 44.2, 1.01
A, 737477, 411093, 873528, 984902, 415433, 118655, 608822, 148545, 36.8, 44.2, 1.00
A, 737880, 411089, 874085, 985443, 415587, 118741, 608994, 148648, 36.8, 44.2, 1.00
A, 737962, 411169, 874153, 985731, 415617, 118712, 608987, 148608, 36.8, 44.2, 1.00
A, 738000, 411195, 874184, 985723, 415669, 118747, 609071, 148643, 36.8, 44.2, 1.00
A, 738319, 411247, 874633, 986200, 415755, 118813, 609136, 148704, 36.8, 44.2, 1.00
A, 738266, 411229, 874573, 986074, 415799, 118769, 609145, 148592, 36.8, 44.2, 1.01
A, 739633, 411473, 876344, 987787, 416084, 118905, 609492, 148871, 36.8, 44.2, 1.00
A, 739268, 411588, 875845, 987387, 416076, 118863, 609511, 148839, 36.8, 44.2, 1.01
A, 738796, 411455, 875184, 986777, 415963, 118899, 609394, 148600, 36.8, 44.2, 1.00
A, 738316, 411363, 874726, 986471, 415922, 118884, 609367, 148592, 36.8, 44.2, 1.01
A, 738693, 411414, 875129, 986641, 415976, 118904, 609437, 148606, 36.8, 44.2, 1.00
A, 738619, 411399, 874951, 986579, 415932, 118922, 609465, 148583, 36.8, 44.2, 0.99
A, 738817, 411491, 875258, 986985, 416056, 118915, 609560, 148595, 36.8, 44.2, 1.00
A, 738524, 411370, 875121, 986994, 416045, 118925, 609541, 148641, 36.8, 44.2, 1.00
A, 738750, 411513, 875331, 987215, 416135, 118916, 609637, 148637, 36.8, 44.3, 1.01
A, 738669, 411465, 875235, 986940, 416141, 118956, 609615, 148539, 36.8, 44.3, 1.00
A, 738630, 411405, 875110, 986935, 416171, 118978, 609645, 148552, 36.8, 44.2, 1.00
A, 738845, 411489, 875248, 987230, 416241, 119003, 609733, 148604, 36.8, 44.2, 1.00
A, 738591, 411528, 874915, 986886, 416279, 119003, 609725, 148491, 36.8, 44.3, 1.00
A, 738481, 411397, 874913, 986961, 416134, 118975, 609712, 148472, 36.8, 44.3, 0.99
A, 738614, 411559, 874789, 986814, 416310, 119059, 609777, 148454, 36.8, 44.2, 1.00
A, 738504, 411437, 874809, 986758, 416188, 118962, 609745, 148415, 36.8, 44.2, 1.00
A, 738717, 411453, 875185, 987366, 416308, 119071, 609854, 148518, 36.8, 44.2, 1.00
A, 738754, 411454, 875201, 987390, 416313, 119080, 609884, 148476, 36.8, 44.3, 0.99
A, 738809, 411453, 875014, 987408, 416385, 119091, 609982, 148496, 36.8, 44.3, 1.00
A, 739192, 411594, 875563, 987730, 416502, 119153, 610070, 148538, 36.8, 44.3, 1.01
A, 740607, 411811, 877576, 989623, 416741, 119303, 610464, 148887, 36.8, 44.3, 0.99
A, 739897, 411888, 876717, 988697, 416790, 119244, 610345, 148679, 36.8, 44.3, 0.99
A, 739944, 411804, 876866, 988911, 416676, 119290, 610296, 148642, 36.8, 44.3, 1.01
A, 739761, 411838, 876659, 988773, 416716, 119247, 610301, 148578, 36.8, 44.3, 0.99
A, 739493, 411768, 876401, 988705, 416635, 119244, 610343, 148573, 36.8, 44.3, 1.01
A, 739677, 411856, 876777, 988990, 416748, 119340, 610397, 148616, 36.8, 44.3, 1.00
A, 739819, 411880, 876851, 988944, 416734, 119287, 610490, 148597, 36.8, 44.3, 1.00
A, 739785, 411894, 876625, 988804, 416791, 119352, 610445, 148543, 36.8, 44.3, 0.99
A, 739540, 411816, 876404, 988788, 416734, 119278, 610423, 148489, 36.8, 44.3, 1.00
A, 739753, 411859, 876786, 989016, 416821, 119356, 610526, 148499, 36.8, 44.3, 0.99
A, 739655, 411823, 876798, 989082, 416810, 119324, 610485, 148506, 36.8, 44.3, 1.00
A, 739676, 411889, 876684, 988934, 416883, 119350, 610533, 148502, 36.8, 44.3, 1.00
A, 739495, 411765, 876516, 988730, 416761, 119298, 610447, 148467, 36.8, 44.3, 1.01
A, 739319, 411763, 876250, 988641, 416862, 119343, 610557, 148389, 36.8, 44.3, 1.00
A, 739240, 411757, 876243, 988662, 416728, 119363, 610511, 148408, 36.8, 44.3, 0.99
A, 739201, 411786, 876129, 988431, 416835, 119294, 610552, 148341, 36.8, 44.3, 0.99
A, 739191, 411664, 875978, 988383, 416717, 119320, 610458, 148313, 36.8, 44.3, 0.99
A, 739255, 411681, 876329, 988826, 416860, 119343, 610587, 148394, 36.8, 44.3, 1.01
A, 739409, 411677, 876388, 988929, 416885, 119322, 610633, 148378, 36.8, 44.3, 1.00
A, 739509, 411709, 876404, 989097, 416937, 119392, 610694, 148383, 36.8, 44.3, 1.00
A, 741125, 411967, 878721, 991071, 417296, 119610, 611087, 148736, 36.8, 44.3, 0.99
A, 740578, 412065, 877765, 990119, 417206, 119533, 611068, 148513, 36.8, 44.3, 1.00
A, 739983, 411895, 877045, 989301, 417050, 119441, 610838, 148353, 36.8, 44.3, 1.00
A, 739559, 411773, 876862, 989366, 416975, 119390, 610865, 148320, 36.8, 44.3, 1.00
A, 739228, 411769, 876301, 988971, 416943, 119426, 610867, 148234, 36.8, 44.3, 1.00
A, 738962, 411623, 875783, 988615, 416865, 119378, 610746, 148211, 36.8, 44.3, 1.00
A, 739518, 411725, 876515, 989129, 417003, 119437, 610816, 148344, 36.8, 44.3, 1.00
A, 739662, 411688, 876587, 989318, 417109, 119464, 610956, 148324, 36.8, 44.3, 1.00
A, 739669, 411734, 876659, 989363, 417073, 119433, 610964, 148336, 36.8, 44.3, 1.01
A, 739721, 411723, 876678, 989575, 417094, 119421, 610992, 148311, 36.8, 44.3, 0.99
A, 740025, 411789, 877261, 990073, 417235, 119537, 611093, 148349, 36.8, 44.3, 0.99
A, 739697, 411766, 876936, 989899, 417226, 119544, 611024, 148313, 36.8, 44.3, 1.01
A, 740301, 411889, 877300, 989933, 417323, 119505, 611229, 148292, 36.8, 44.3, 1.00
A, 740170, 411802, 877401, 990154, 417304, 119549, 611172, 148307, 36.8, 44.3, 1.01
A, 739935, 411827, 877049, 990030, 417325, 119574, 611252, 148303, 36.8, 44.3, 1.01
A, 739964, 411834, 877019, 990013, 417270, 119587, 611239, 148303, 36.8, 44.3, 1.01
A, 740328, 411822, 877685, 990559, 417401, 119613, 611323, 148419, 36.8, 44.3, 1.00
A, 740567, 411938, 877973, 990830, 417461, 119644, 611396, 148440, 36.8, 44.3, 1.00
A, 740749, 411978, 878013, 990756, 417468, 119676, 611425, 148286, 36.8, 44.3, 1.01
A, 740606, 411936, 877942, 990650, 417508, 119628, 611481, 148277, 36.8, 44.3, 1.01
A, 741542, 412164, 879494, 992318, 417707, 119778, 611696, 148597, 36.8, 44.3, 1.00
A, 741320, 412212, 879098, 991798, 417747, 119835, 611681, 148465, 36.8, 44.3, 1.00
A, 740772, 412078, 878346, 991233, 417622, 119785, 611583, 148377, 36.8, 44.3, 1.00
A, 740714, 412045, 878418, 991104, 417606, 119772, 611518, 148343, 36.8, 44.3, 1.00
A, 740220, 411913, 877779, 990597, 417592, 119678, 611453, 148205, 36.8, 44.3, 0.99
A, 740164, 411932, 877756, 990586, 417553, 119681, 611486, 148177, 36.8, 44.3, 1.00
A, 740472, 411994, 878232, 991096, 417579, 119668, 611608, 148279, 36.8, 44.3, 1.01
A, 740587, 411970, 878327, 991209, 417652, 119770, 611590, 148203, 36.8, 44.3, 1.00
A, 740413, 411993, 878184, 991156, 417572, 119717, 611550, 148200, 36.8, 44.3, 1.00
A, 740726, 411986, 878594, 991490, 417712, 119794, 611669, 148417, 36.8, 44.3, 1.00
A, 740900, 411950, 878875, 991614, 417772, 119790, 611807, 148305, 36.8, 44.3, 1.00
A, 740739, 411996, 878632, 991471, 417755, 119821, 611766, 148297, 36.8, 44.4, 1.00
A, 740828, 412031, 878652, 991552, 417772, 119811, 611805, 148318, 36.8, 44.4, 1.00
A, 740691, 412071, 878566, 991423, 417759, 119808, 611794, 148234, 36.8, 44.4, 1.00
A, 740663, 411961, 878451, 991260, 417744, 119760, 611794, 148133, 36.8, 44.4, 1.01
A, 740402, 412013, 878182, 990958, 417721, 119747, 611762, 148191, 36.8, 44.4, 1.00
A, 740447, 411853, 878315, 991272, 417703, 119810, 611731, 148165, 36.8, 44.4, 1.00
A, 740650, 411905, 878661, 991618, 417769, 119891, 611853, 148249, 36.8, 44.4, 1.01
A, 740817, 412025, 878889, 991854, 417872, 119889, 611927, 148228, 36.8, 44.4, 1.00
A, 740973, 412105, 878873, 991692, 417839, 119812, 611974, 148209, 36.8, 44.4, 0.99
A, 741933, 412153, 880464, 993032, 418078, 120012, 612184, 148481, 36.8, 44.3, 1.00
A, 741752, 412234, 880242, 992929, 418123, 119994, 612096, 148311, 36.8, 44.3, 1.00
A, 741050, 412220, 879415, 992159, 417999, 119963, 612037, 148235, 36.8, 44.4, 1.00
A, 741005, 412128, 879341, 992136, 417978, 119878, 612042, 148212, 36.8, 44.4, 1.00
A, 741194, 412164, 879720, 992530, 418043, 119979, 612053, 148294, 36.8, 44.4, 1.01
A, 741273, 412233, 879597, 992250, 418011, 119959, 612142, 148159, 36.8, 44.4, 1.01
A, 741219, 412112, 879439, 992090, 418068, 119963, 612126, 148167, 36.8, 44.4, 1.00
A, 741013, 412193, 879455, 992291, 418081, 119972, 612159, 148154, 36.8, 44.4, 1.00
A, 740911, 412120, 879248, 992106, 417976, 119990, 612091, 148105, 36.8, 44.4, 0.99
A, 740916, 412076, 879171, 992053, 417992, 120002, 612105, 148176, 36.8, 44.4, 1.00
A, 741308, 412142, 879897, 992574, 418090, 120006, 612221, 148285, 36.8, 44.4, 1.00
A, 741359, 412183, 879964, 992576, 418124, 120009, 612278, 148232, 36.8, 44.4, 1.01
A, 741196, 412173, 879806, 992496, 418131, 120016, 612216, 148165, 36.8, 44.4, 1.00
A, 741365, 412160, 880120, 992875, 418219, 120067, 612335, 148217, 36.8, 44.4, 1.00
A, 741135, 412208, 879778, 992467, 418199, 119964, 612379, 148097, 36.8, 44.3, 1.00
A, 740997, 412084, 879571, 992479, 418042, 120025, 612276, 148158, 36.8, 44.3, 1.00
A, 741031, 412145, 879586, 992332, 418235, 120004, 612305, 148060, 36.8, 44.4, 0.99
A, 740981, 412022, 879603, 992253, 418081, 120061, 612271, 148009, 36.8, 44.4, 1.00
A, 741021, 412070, 879779, 992527, 418128, 120089, 612351, 148078, 36.8, 44.4, 1.00
A, 741206, 412106, 879987, 992717, 418180, 120053, 612397, 148156, 36.8, 44.4, 1.00
A, 742514, 412293, 881804, 994365, 418454, 120216, 612715, 148429, 36.8, 44.4, 1.00
A, 742593, 412506, 882108, 994564, 418550, 120238, 612850, 148388, 36.8, 44.4, 1.00
A, 742503, 412495, 881860, 994186, 418505, 120231, 612723, 148203, 36.8, 44.4, 1.00
A, 742165, 412430, 881510, 993712, 418510, 120274, 612643, 148227, 36.8, 44.4, 1.01
A, 742037, 412431, 881550, 994008, 418519, 120253, 612701, 148209, 36.8, 44.4, 1.01
A, 741923, 412412, 881381, 993858, 418479, 120199, 612672, 148209, 36.8, 44.4, 1.00
A, 741665, 412322, 881001, 993415, 418451, 120280, 612655, 148207, 36.8, 44.4, 1.00
A, 741997, 412435, 881614, 993833, 418459, 120267, 612706, 148216, 36.8, 44.4, 1.00
A, 741931, 412401, 881570, 993802, 418508, 120240, 612692, 148213, 36.8, 44.4, 1.00
A, 741665, 412373, 881195, 993519, 418489, 120188, 612656, 148108, 36.8, 44.4, 1.00
A, 741554, 412248, 881088, 993557, 418387, 120199, 612552, 148101, 36.8, 44.4, 1.01
A, 741434, 412247, 881079, 993455, 418439, 120215, 612637, 148081, 36.8, 44.4, 0.99
A, 741412, 412254, 881195, 993462, 418380, 120267, 612654, 148138, 36.8, 44.4, 1.00
A, 741921, 412311, 881530, 993449, 418485, 120288, 612732, 148073, 36.8, 44.4, 0.99
A, 741621, 412266, 881406, 993714, 418456, 120298, 612761, 148124, 36.8, 44.4, 1.00
A, 741380, 412262, 881060, 993329, 418492, 120324, 612769, 148056, 36.8, 44.4, 1.00
A, 741447, 412192, 880975, 993232, 418424, 120319, 612656, 148060, 36.8, 44.4, 0.99
A, 741194, 412228, 880829, 993085, 418480, 120251, 612691, 148016, 36.8, 44.4, 1.00
A, 741094, 412118, 880715, 992957, 418363, 120238, 612604, 147953, 36.8, 44.4, 1.00
A, 741243, 412061, 880975, 993134, 418422, 120226, 612677, 147961, 36.8, 44.4, 0.99
M, 738889, 411791, 876954, 988897, 418036, 119811, 612045, 146910, 36.8, 44.4, 0.11
M, 727113, 408898, 860528, 974776, 414692, 118559, 608111, 144406, 36.8, 44.4, 0.65
M, 721676, 406891, 852423, 967677, 412937, 117869, 606269, 143237, 36.8, 44.4, 0.72
M, 716402, 404961, 844216, 961143, 411682, 117169, 605467, 142065, 36.8, 44.4, 0.83
M, 712501, 403578, 836652, 955661, 411263, 116558, 605679, 141169, 36.9, 44.5, 0.88
M, 710421, 402617, 830963, 952125, 411238, 116032, 606303, 140553, 36.9, 44.5, 0.94
M, 709327, 401987, 825904, 949603, 411356, 115506, 606937, 140142, 36.9, 44.7, 0.96
M, 709187, 401424, 821408, 948255, 411528, 115094, 607675, 139771, 36.9, 44.7, 0.97
M, 708925, 400769, 816930, 946864, 411501, 114650, 608147, 139509, 36.9, 44.8, 0.98
M, 710217, 400502, 814784, 947513, 411771, 114385, 608797, 139398, 36.9, 44.8, 0.99
M, 711976, 400320, 813159, 948746, 412192, 114154, 609499, 139503, 36.9, 44.8, 0.99
M, 713515, 400080, 811501, 949819, 412457, 113990, 610133, 139599, 36.9, 44.8, 0.99
M, 715413, 400016, 810421, 951406, 412916, 113895, 610767, 139616, 36.8, 44.9, 0.99
M, 717698, 399864, 809557, 953231, 413285, 113785, 611509, 139662, 36.8, 44.9, 1.00
M, 719264, 399654, 808539, 954696, 413731, 113666, 612062, 139666, 36.9, 45.0, 1.00
M, 720933, 399531, 807738, 956279, 414054, 113634, 612602, 139768, 36.9, 45.0, 1.00
M, 722839, 399503, 807649, 958281, 414463, 113522, 613271, 139898, 36.9, 45.0, 1.00
M, 724248, 399382, 807072, 959819, 414885, 113482, 613847, 139990, 36.9, 45.0, 0.99
M, 726415, 399421, 807064, 961919, 415457, 113486, 614637, 140101, 36.9, 45.0, 1.00
M, 727745, 399339, 806926, 963588, 415848, 113459, 615187, 140109, 36.9, 45.0, 1.00
M, 730750, 399617, 808573, 967223, 416688, 113554, 616261, 140473, 36.9, 45.1, 0.99
M, 731214, 399528, 807840, 967903, 416961, 113491, 616662, 140443, 36.9, 45.1, 1.00
M, 732090, 399545, 806750, 968895, 417383, 113426, 617242, 140326, 36.9, 45.1, 1.00
M, 732436, 399281, 805938, 969252, 417451, 113383, 617443, 140230, 36.9, 45.1, 1.00
M, 733698, 399346, 806363, 971192, 417974, 113353, 618069, 140389, 36.9, 45.1, 1.00
M, 734954, 399447, 806505, 972764, 418428, 113353, 618610, 140430, 36.9, 45.1, 1.00
M, 736080, 399589, 806808, 974371, 418900, 113462, 619230, 140560, 36.9, 45.1, 1.00
M, 737479, 399794, 807509, 976237, 419475, 113530, 619942, 140715, 36.9, 45.1, 0.99
M, 738849, 399918, 807635, 977540, 419932, 113533, 620534, 140821, 36.9, 45.1, 1.00
M, 739634, 400140, 807796, 978739, 420332, 113539, 621078, 140780, 36.9, 45.1, 1.00
M, 740338, 400257, 807959, 980122, 420797, 113598, 621595, 140854, 36.9, 45.1, 1.00
M, 741372, 400495, 808408, 981682, 421236, 113640, 622139, 141014, 36.9, 45.1, 1.00
M, 742214, 400702, 808467, 982733, 421593, 113640, 622623, 141058, 36.9, 45.1, 1.00
M, 743365, 400968, 809300, 984274, 422063, 113704, 623245, 141167, 36.9, 45.1, 1.00
M, 744244, 401225, 809536, 985640, 422559, 113730, 623776, 141192, 36.9, 45.1, 1.00
M, 744730, 401468, 809559, 986496, 422891, 113766, 624186, 141304, 36.9, 45.2, 1.00
M, 745361, 401625, 809740, 987672, 423176, 113782, 624625, 141308, 36.9, 45.2, 1.00
M, 746323, 401973, 810304, 988967, 423651, 113859, 625126, 141385, 36.9, 45.2, 1.00
M, 746897, 402160, 810397, 990005, 423984, 113907, 625528, 141486, 36.9, 45.2, 1.00
M, 748001, 402607, 810966, 991002, 424438, 113975, 626068, 141515, 36.9, 45.2, 1.00
M, 749543, 402889, 812712, 993645, 424960, 114085, 626695, 141859, 36.9, 45.2, 1.01
M, 749431, 403278, 811856, 993581, 425271, 114033, 627050, 141703, 36.9, 45.2, 1.00
M, 749745, 403331, 811776, 994191, 425420, 114101, 627278, 141720, 36.9, 45.2, 1.00
M, 750379, 403633, 812403, 995315, 425751, 114149, 627602, 141890, 36.9, 45.2, 1.00
M, 751009, 403845, 812783, 996362, 426148, 114242, 628035, 141907, 36.9, 45.2, 1.00
M, 751689, 404173, 813022, 997150, 426482, 114280, 628396, 141940, 36.9, 45.2, 1.00
M, 752037, 404375, 813121, 997677, 426683, 114288, 628705, 141962, 36.9, 45.2, 1.00
M, 752310, 404599, 813195, 998653, 426865, 114276, 629004, 141979, 36.9, 45.2, 1.00
M, 752933, 404926, 813666, 999640, 427209, 114339, 629390, 142057, 36.9, 45.2, 1.00
M, 753322, 405063, 813727, 1000123, 427476, 114416, 629668, 142113, 36.9, 45.2, 1.01
M, 754030, 405386, 814390, 1001175, 427801, 114423, 630027, 142218, 36.9, 45.2, 1.01
M, 754179, 405654, 814231, 1001658, 427938, 114394, 630213, 142170, 36.9, 45.2, 1.00
M, 754454, 405882, 814433, 1002173, 428189, 114476, 630567, 142201, 36.9, 45.2, 1.00
M, 754893, 406058, 814579, 1002932, 428365, 114478, 630777, 142268, 36.9, 45.2, 1.00
M, 755458, 406295, 815098, 1003908, 428650, 114576, 631130, 142370, 36.9, 45.2, 1.00
M, 755775, 406538, 815193, 1004401, 428825, 114580, 631406, 142395, 36.9, 45.2, 0.99
M, 756487, 406832, 815819, 1005476, 429193, 114668, 631705, 142513, 36.9, 45.2, 1.00
M, 756951, 407060, 816174, 1006129, 429384, 114711, 632013, 142441, 36.9, 45.2, 0.99
M, 757070, 407242, 816126, 1006591, 429558, 114756, 632141, 142519, 36.9, 45.2, 1.01
M, 757424, 407460, 816203, 1006914, 429719, 114714, 632355, 142488, 36.9, 45.2, 1.00
M, 759235, 407909, 818346, 1009324, 430289, 114941, 633044, 142818, 36.9, 45.2, 1.00
M, 758816, 408172, 817725, 1008915, 430364, 114851, 633083, 142677, 36.9, 45.2, 0.99
M, 758347, 408241, 816797, 1008476, 430400, 114825, 633140, 142571, 36.9, 45.2, 1.00
M, 758116, 408178, 816627, 1008689, 430410, 114826, 633100, 142539, 36.9, 45.2, 1.00
M, 758303, 408343, 816579, 1009094, 430555, 114853, 633364, 142614, 36.9, 45.2, 1.00
M, 758422, 408471, 816563, 1009385, 430654, 114923, 633493, 142625, 36.9, 45.2, 0.99
M, 758998, 408633, 816924, 1009909, 430797, 114891, 633772, 142635, 36.9, 45.2, 1.00
M, 759132, 408751, 817049, 1010391, 430932, 114960, 633942, 142701, 36.9, 45.3, 1.00
M, 759802, 409007, 817866, 1011515, 431209, 115028, 634265, 142799, 36.9, 45.3, 0.99
M, 760105, 409243, 818100, 1012021, 431455, 115082, 634449, 142860, 36.9, 45.2, 1.01
M, 760733, 409442, 818674, 1012873, 431675, 115095, 634699, 142924, 36.9, 45.2, 1.01
M, 760999, 409641, 818865, 1013361, 431776, 115123, 634870, 142992, 36.9, 45.3, 1.00
M, 760080, 409751, 817360, 1012251, 431821, 115037, 634886, 142725, 36.9, 45.3, 1.00
M, 760759, 409804, 818108, 1012692, 431865, 115107, 634997, 142812, 36.9, 45.3, 1.00
M, 760752, 409856, 818318, 1013570, 431983, 115120, 635155, 142819, 36.9, 45.3, 1.00
M, 761508, 410114, 819044, 1014577, 432225, 115187, 635492, 143004, 36.9, 45.3, 1.01
M, 761945, 410222, 819200, 1015100, 432456, 115249, 635708, 143115, 36.9, 45.3, 1.00
M, 762522, 410459, 820016, 1015886, 432677, 115294, 635973, 143117, 36.9, 45.2, 1.00
M, 762943, 410709, 820440, 1016531, 432871, 115372, 636159, 143180, 36.9, 45.2, 1.00
M, 763031, 410879, 820556, 1016865, 433020, 115345, 636304, 143215, 36.9, 45.3, 0.99
M, 764630, 411183, 822481, 1019016, 433336, 115560, 636740, 143514, 36.9, 45.3, 1.00
M, 764184, 411431, 821808, 1018423, 433500, 115525, 636840, 143340, 36.9, 45.3, 1.00
M, 763828, 411400, 821500, 1018389, 433417, 115541, 636769, 143318, 36.9, 45.3, 1.00
M, 763491, 411511, 820937, 1017971, 433466, 115519, 636812, 143191, 36.9, 45.3, 1.00
M, 763676, 411451, 821150, 1018394, 433415, 115494, 636895, 143245, 36.9, 45.3, 1.00
M, 764008, 411667, 821632, 1019044, 433612, 115544, 637035, 143360, 36.9, 45.3, 1.00
M, 764450, 411724, 822002, 1019635, 433821, 115609, 637278, 143386, 36.9, 45.3, 1.00
M, 764733, 411935, 822382, 1020114, 433872, 115637, 637321, 143521, 36.9, 45.3, 1.00
M, 765339, 412144, 823164, 1020964, 434061, 115663, 637571, 143550, 36.9, 45.3, 1.00
M, 765656, 412278, 823477, 1021237, 434258, 115684, 637703, 143505, 36.9, 45.3, 1.01
M, 765797, 412387, 823712, 1021523, 434276, 115737, 637877, 143550, 36.9, 45.3, 1.00
M, 765820, 412461, 823774, 1021980, 434346, 115863, 637884, 143585, 36.9, 45.3, 1.00
M, 766166, 412746, 824315, 1022518, 434575, 115818, 638146, 143660, 36.9, 45.3, 1.00
M, 766362, 412747, 824370, 1022588, 434643, 115813, 638192, 143665, 36.9, 45.3, 0.99
M, 766817, 412951, 825094, 1023291, 434815, 115974, 638436, 143725, 36.9, 45.3, 1.00
M, 766912, 413121, 825329, 1023710, 434909, 115981, 638459, 143726, 36.9, 45.3, 1.00
M, 766940, 413164, 825324, 1023764, 435019, 116005, 638543, 143693, 36.9, 45.3, 1.00
M, 767165, 413265, 825699, 1024334, 435052, 116032, 638668, 143870, 36.9, 45.3, 1.00
M, 767249, 413341, 825840, 1024605, 435155, 116089, 638817, 143827, 36.9, 45.3, 1.00
M, 767678, 413582, 826183, 1024757, 435322, 116132, 638929, 143850, 36.9, 45.3, 1.00
M, 768871, 413844, 828018, 1026430, 435573, 116234, 639266, 144163, 36.9, 45.3, 1.00
M, 768505, 413974, 827648, 1026325, 435627, 116268, 639259, 144051, 36.9, 45.3, 1.00
M, 768016, 414007, 826986, 1025716, 435570, 116198, 639291, 143929, 36.9, 45.3, 1.00
M, 767923, 413956, 827010, 1025824, 435614, 116266, 639247, 143951, 36.9, 45.3, 1.00
M, 767856, 414103, 826997, 1025810, 435672, 116263, 639343, 143865, 36.9, 45.3, 0.99
M, 767746, 414053, 827004, 1025802, 435590, 116220, 639259, 143905, 36.9, 45.3, 1.00
M, 768020, 414080, 827341, 1026213, 435690, 116296, 639402, 143942, 36.9, 45.3, 1.00
M, 768149, 414149, 827555, 1026485, 435751, 116349, 639444, 143966, 36.9, 45.3, 1.01
M, 768092, 414180, 827629, 1026607, 435812, 116324, 639517, 143995, 36.9, 45.3, 1.00
M, 768389, 414359, 828115, 1027163, 435926, 116354, 639680, 144038, 36.9, 45.3, 1.00
M, 768706, 414420, 828405, 1027289, 435943, 116340, 639744, 144016, 36.9, 45.3, 1.00
M, 768320, 414418, 828111, 1026862, 435997, 116377, 639772, 143961, 36.9, 45.3, 1.00
M, 768122, 414431, 828040, 1027197, 435939, 116412, 639781, 143989, 36.9, 45.3, 1.00
M, 768754, 414585, 828564, 1027747, 436133, 116501, 639914, 144072, 36.9, 45.3, 1.00
M, 768815, 414595, 828821, 1028089, 436181, 116490, 640002, 144089, 36.9, 45.3, 1.00
M, 769275, 414793, 829462, 1028673, 436355, 116565, 640225, 144216, 36.9, 45.3, 1.00
M, 769586, 414867, 829755, 1028890, 436402, 116562, 640303, 144191, 36.9, 45.3, 1.01
M, 769453, 414957, 829852, 1028872, 436426, 116592, 640283, 144221, 36.9, 45.3, 1.00
M, 769354, 414925, 829859, 1029141, 436477, 116603, 640314, 144193, 36.9, 45.3, 1.00
M, 769719, 415119, 830292, 1029463, 436575, 116642, 640497, 144284, 36.9, 45.3, 1.01
M, 770981, 415250, 831935, 1031108, 436878, 116802, 640762, 144571, 36.9, 45.3, 1.00
M, 770820, 415475, 831776, 1030721, 436908, 116778, 640804, 144401, 36.9, 45.3, 1.00
M, 769892, 415303, 830889, 1030060, 436788, 116703, 640615, 144220, 36.9, 45.3, 1.00
M, 769474, 415227, 830427, 1029320, 436697, 116700, 640550, 144130, 36.9, 45.3, 1.00
M, 769127, 415128, 829981, 1029247, 436625, 116687, 640419, 144119, 36.9, 45.3, 1.00
M, 768665, 415116, 829438, 1028617, 436577, 116624, 640458, 144007, 36.9, 45.3, 1.00
M, 768927, 414949, 829574, 1028698, 436600, 116655, 640430, 144079, 36.9, 45.3, 1.00
M, 769177, 415049, 830366, 1029664, 436681, 116670, 640597, 144119, 36.9, 45.3, 1.01
M, 769525, 415144, 830819, 1030073, 436793, 116783, 640787, 144160, 36.9, 45.3, 1.00
M, 769713, 415208, 831000, 1030336, 436833, 116786, 640869, 144334, 36.9, 45.3, 0.99
M, 770366, 415354, 831703, 1030991, 436940, 116929, 641056, 144394, 36.9, 45.3, 1.00
M, 770561, 415436, 831988, 1031137, 437138, 116899, 641068, 144327, 36.9, 45.3, 1.00
M, 770578, 415466, 832083, 1031256, 437140, 116878, 641179, 144365, 36.9, 45.3, 1.00
M, 770556, 415470, 832318, 1031463, 437110, 116868, 641214, 144413, 36.9, 45.3, 1.00
M, 770995, 415504, 832896, 1032259, 437344, 116967, 641326, 144490, 36.9, 45.3, 1.00
M, 770938, 415617, 832870, 1032225, 437301, 116936, 641306, 144437, 36.9, 45.3, 1.00
M, 771379, 415803, 833568, 1032799, 437494, 117064, 641487, 144570, 36.9, 45.3, 1.00
M, 771601, 415935, 833849, 1032909, 437484, 116993, 641537, 144525, 36.9, 45.3, 1.01
M, 771487, 415906, 833895, 1032930, 437571, 117069, 641510, 144456, 36.9, 45.3, 1.00
M, 771449, 415985, 834079, 1033321, 437589, 117112, 641651, 144531, 36.9, 45.3, 1.00
M, 773073, 416227, 836076, 1035050, 437951, 117276, 642007, 144895, 37.0, 45.3, 1.00
M, 772836, 416377, 835933, 1034920, 437934, 117249, 641993, 144803, 37.0, 45.3, 1.01
M, 772169, 416315, 835174, 1033991, 437839, 117154, 641830, 144588, 36.9, 45.3, 1.00
M, 771712, 416235, 834701, 1033449, 437656, 117143, 641676, 144475, 36.9, 45.3, 1.00
M, 771004, 416223, 834128, 1032891, 437639, 117149, 641666, 144392, 37.0, 45.3, 1.00
M, 771050, 416044, 834244, 1033170, 437539, 117195, 641686, 144567, 37.0, 45.3, 1.00
M, 771724, 416148, 834869, 1033688, 437737, 117235, 641789, 144637, 37.0, 45.3, 1.00
M, 771889, 416304, 835318, 1034078, 437789, 117276, 641888, 144662, 37.0, 45.3, 1.00
M, 772143, 416376, 835797, 1034430, 437911, 117301, 641994, 144714, 37.0, 45.3, 1.00
M, 772128, 416327, 835219, 1033882, 437948, 117243, 641994, 144614, 37.0, 45.3, 1.00
M, 771810, 416302, 835541, 1034129, 437997, 117265, 642002, 144626, 37.0, 45.3, 1.00
M, 772274, 416370, 836175, 1034711, 438032, 117354, 642165, 144701, 37.0, 45.3, 1.00
M, 772213, 416369, 836303, 1034937, 437989, 117376, 642129, 144799, 37.0, 45.3, 1.00
M, 772677, 416594, 837024, 1035614, 438185, 117466, 642309, 144809, 37.0, 45.3, 1.00
M, 772966, 416629, 837437, 1035822, 438264, 117460, 642324, 144846, 37.0, 45.3, 1.00
M, 772859, 416623, 837499, 1035816, 438246, 117550, 642391, 144794, 37.0, 45.3, 1.00
M, 772764, 416636, 837483, 1035897, 438294, 117495, 642372, 144841, 37.0, 45.3, 1.00
M, 773212, 416726, 837884, 1036135, 438398, 117541, 642433, 144899, 37.0, 45.3, 1.00
M, 773176, 416808, 838115, 1036188, 438343, 117524, 642526, 144839, 37.0, 45.3, 1.00
M, 772996, 416803, 838057, 1036055, 438347, 117556, 642498, 144873, 37.0, 45.3, 1.00
M, 774180, 416878, 839756, 1037713, 438587, 117663, 642801, 145053, 37.0, 45.3, 1.00
M, 773938, 417065, 839604, 1037476, 438720, 117633, 642768, 145058, 37.0, 45.3, 1.00
M, 773330, 416979, 838933, 1036896, 438542, 117594, 642652, 144970, 37.0, 45.3, 1.01
M, 773502, 417048, 839069, 1036797, 438565, 117667, 642701, 144926, 37.0, 45.3, 1.00
M, 773450, 417009, 839191, 1036829, 438510, 117621, 642634, 144908, 37.0, 45.3, 0.99
M, 772962, 417091, 838944, 1036556, 438542, 117656, 642673, 144900, 37.0, 45.3, 1.01
M, 772898, 416984, 839007, 1036646, 438508, 117618, 642612, 144890, 37.0, 45.3, 1.00
M, 773361, 417055, 839510, 1036979, 438552, 117658, 642705, 145045, 37.0, 45.3, 0.99
M, 773527, 417101, 839877, 1037291, 438613, 117726, 642850, 145016, 37.0, 45.3, 1.00
M, 773511, 417162, 839956, 1037168, 438667, 117802, 642817, 145028, 37.0, 45.3, 1.00
M, 773254, 417031, 839574, 1036832, 438574, 117742, 642691, 144993, 37.0, 45.3, 1.00
M, 773193, 417016, 839857, 1037144, 438604, 117756, 642751, 144982, 37.0, 45.3, 1.00
M, 773222, 417067, 840020, 1037276, 438647, 117766, 642796, 144944, 37.0, 45.3, 1.01
M, 773186, 417004, 840095, 1037317, 438612, 117821, 642861, 145041, 37.0, 45.3, 1.00
M, 773795, 417159, 840770, 1037965, 438835, 117876, 643021, 145130, 37.0, 45.3, 1.01
M, 773917, 417236, 841059, 1038029, 438868, 117876, 643032, 145072, 37.0, 45.3, 0.99
M, 773860, 417268, 841108, 1038009, 438845, 117876, 643038, 145126, 37.0, 45.3, 1.00
M, 773847, 417228, 841210, 1037961, 438865, 117863, 643034, 145040, 37.0, 45.3, 1.00
M, 774137, 417328, 841750, 1038465, 438945, 117959, 643180, 145189, 37.0, 45.3, 1.00
M, 774085, 417314, 841830, 1038571, 438923, 117964, 643211, 145210, 37.0, 45.3, 1.00
M, 775739, 417655, 844169, 1040829, 439318, 118176, 643645, 145568, 37.0, 45.3, 1.01
M, 775749, 417821, 844252, 1040476, 439356, 118135, 643646, 145437, 37.0, 45.3, 1.00
M, 775324, 417808, 843931, 1040131, 439353, 118145, 643521, 145351, 37.0, 45.3, 1.00
M, 775192, 417862, 843960, 1040139, 439296, 118221, 643555, 145310, 37.0, 45.3, 1.00
M, 774895, 417774, 843632, 1039488, 439266, 118110, 643479, 145279, 37.0, 45.3, 0.99
M, 774675, 417689, 843580, 1039619, 439152, 118148, 643387, 145292, 37.0, 45.3, 0.99
M, 774563, 417795, 843467, 1039371, 439224, 118148, 643399, 145245, 37.0, 45.3, 1.00
M, 774422, 417629, 843495, 1039196, 439164, 118180, 643391, 145164, 37.0, 45.3, 1.00
M, 774419, 417625, 843722, 1039535, 439184, 118204, 643384, 145250, 37.0, 45.3, 1.00
M, 774437, 417642, 843857, 1039592, 439177, 118154, 643401, 145227, 37.0, 45.3, 1.01
M, 774424, 417723, 844011, 1039588, 439194, 118211, 643441, 145290, 37.0, 45.3, 1.00
M, 774957, 417721, 844544, 1040015, 439319, 118209, 643465, 145368, 37.0, 45.3, 0.99
M, 775025, 417744, 844896, 1040190, 439339, 118218, 643527, 145344, 37.0, 45.3, 1.00
M, 774776, 417787, 844782, 1040009, 439286, 118282, 643482, 145330, 37.0, 45.3, 1.00
M, 774762, 417769, 844883, 1040002, 439303, 118284, 643479, 145295, 37.0, 45.3, 1.00
M, 775176, 417833, 845498, 1040482, 439426, 118339, 643605, 145406, 37.0, 45.3, 1.00
M, 775051, 417903, 845403, 1040321, 439495, 118284, 643637, 145353, 37.0, 45.3, 1.00
M, 774729, 417769, 844941, 1039768, 439305, 118241, 643500, 145307, 37.0, 45.3, 1.00
M, 774626, 417763, 845108, 1040057, 439288, 118311, 643544, 145317, 37.0, 45.3, 1.00
M, 774754, 417718, 845540, 1040380, 439430, 118342, 643625, 145364, 37.0, 45.3, 1.01
M, 776010, 418028, 847389, 1042015, 439639, 118483, 643913, 145687, 37.0, 45.3, 1.00
M, 775850, 418089, 847046, 1041479, 439681, 118463, 643855, 145578, 37.0, 45.3, 1.01
M, 775159, 417979, 846435, 1040681, 439453, 118431, 643705, 145396, 37.0, 45.3, 1.00
M, 774539, 417811, 845692, 1039870, 439405, 118385, 643529, 145281, 37.0, 45.3, 1.00
M, 774286, 417747, 845647, 1039825, 439365, 118424, 643511, 145274, 37.0, 45.3, 1.00
M, 774188, 417711, 845518, 1039564, 439357, 118368, 643580, 145286, 37.0, 45.3, 1.00
M, 774179, 417653, 845719, 1039925, 439259, 118424, 643613, 145387, 37.0, 45.3, 0.99
M, 774416, 417724, 846028, 1039895, 439417, 118398, 643687, 145359, 37.0, 45.3, 1.00
M, 774401, 417618, 846099, 1039996, 439351, 118434, 643582, 145337, 37.0, 45.3, 1.01
M, 774698, 417676, 846556, 1040450, 439497, 118463, 643746, 145383, 37.0, 45.3, 1.00
M, 774843, 417689, 846877, 1040743, 439475, 118456, 643768, 145425, 37.0, 45.3, 1.00
M, 774923, 417718, 847100, 1040718, 439515, 118546, 643866, 145506, 37.0, 45.3, 1.00
M, 775430, 417867, 847790, 1041378, 439678, 118556, 643991, 145624, 37.0, 45.3, 1.00
M, 775521, 417972, 848058, 1041453, 439662, 118597, 643996, 145578, 37.0, 45.3, 0.99
M, 775487, 417916, 848102, 1041345, 439665, 118585, 644010, 145563, 37.0, 45.3, 0.99
M, 775395, 417950, 848209, 1041569, 439727, 118624, 643992, 145544, 37.0, 45.3, 1.00
M, 775698, 417953, 848684, 1041977, 439738, 118607, 644083, 145624, 37.0, 45.3, 1.00
M, 775719, 417996, 848737, 1041873, 439748, 118692, 644124, 145661, 37.0, 45.3, 1.00
M, 776095, 417993, 849361, 1042294, 439830, 118680, 644124, 145674, 37.0, 45.3, 1.00
M, 776121, 418135, 849624, 1042486, 439917, 118716, 644187, 145667, 37.0, 45.3, 1.00
M, 777316, 418417, 851462, 1044022, 440102, 118882, 644474, 145950, 37.0, 45.3, 1.00
M, 777003, 418427, 851067, 1043482, 440155, 118848, 644408, 145815, 37.0, 45.3, 1.00
M, 776318, 418311, 850437, 1042912, 440008, 118780, 644255, 145781, 37.0, 45.3, 1.01
M, 775949, 418186, 849958, 1042181, 439909, 118819, 644178, 145665, 37.0, 45.3, 0.99
M, 775757, 418093, 849882, 1041990, 439882, 118820, 644116, 145608, 37.0, 45.3, 1.00
M, 775783, 418203, 850354, 1042401, 439843, 118791, 644080, 145646, 37.0, 45.3, 1.00
M, 775340, 418180, 849891, 1041831, 439818, 118726, 644098, 145540, 37.0, 45.3, 0.99
M, 775390, 418160, 849927, 1041928, 439769, 118779, 644098, 145620, 37.0, 45.3, 1.00
M, 775352, 418215, 850107, 1041867, 439870, 118818, 644117, 145593, 37.0, 45.3, 1.01
M, 775367, 418068, 850162, 1041703, 439778, 118741, 644056, 145582, 37.0, 45.3, 1.00
M, 775624, 418142, 850457, 1042064, 439851, 118833, 644139, 145647, 37.0, 45.3, 0.99
M, 775617, 418143, 850681, 1042076, 439871, 118836, 644194, 145643, 37.0, 45.3, 1.00
M, 775314, 418014, 850607, 1042035, 439765, 118899, 644131, 145693, 37.0, 45.3, 1.01
M, 775761, 418173, 851189, 1042518, 439966, 118876, 644244, 145755, 37.0, 45.3, 1.00
M, 776077, 418117, 851603, 1042538, 439973, 118891, 644296, 145693, 37.0, 45.3, 1.00
M, 775912, 418159, 851584, 1042556, 439952, 118875, 644234, 145682, 37.0, 45.3, 0.99
M, 775696, 418110, 851639, 1042590, 439950, 118936, 644290, 145701, 37.0, 45.3, 1.00
M, 775714, 418167, 851782, 1042753, 439940, 118969, 644298, 145799, 37.0, 45.3, 1.01
M, 775872, 418207, 851999, 1042727, 439966, 118931, 644318, 145810, 37.0, 45.3, 0.99
M, 776280, 418280, 852551, 1043260, 440098, 118999, 644431, 145874, 37.0, 45.3, 1.01
A, 783375, 419416, 862629, 1053246, 441584, 119890, 646251, 147816, 37.0, 45.3, 0.61
A, 793568, 421928, 876213, 1065380, 444039, 120920, 648620, 149864, 37.0, 45.3, 0.57
A, 799684, 424047, 885581, 1073951, 445695, 121785, 650097, 151163, 37.0, 45.3, 0.75
A, 804900, 426110, 893853, 1080711, 447058, 122582, 651232, 152257, 37.0, 45.3, 0.83
A, 808049, 427657, 899782, 1085115, 447866, 123123, 651806, 152968, 37.0, 45.3, 0.89
A, 810650, 429454, 905741, 1088978, 448548, 123771, 652217, 153447, 37.0, 45.3, 0.94
A, 811502, 430454, 909250, 1090970, 448660, 124166, 652104, 153713, 37.0, 45.3, 0.96
A, 811131, 431633, 911588, 1091199, 448686, 124506, 651774, 153739, 37.0, 45.3, 0.98
A, 811092, 432056, 913754, 1091749, 448554, 124728, 651419, 153867, 37.0, 45.3, 0.98
A, 809171, 432863, 914844, 1090415, 448200, 124936, 650602, 153746, 37.0, 45.2, 0.99
A, 808852, 433198, 916298, 1090154, 447921, 125108, 650215, 153781, 37.0, 45.2, 1.00
A, 808375, 433728, 918219, 1090276, 447774, 125350, 649797, 153829, 37.0, 45.2, 0.99
A, 807401, 434176, 919684, 1089620, 447446, 125520, 649198, 153900, 37.0, 45.2, 1.00
A, 805890, 434505, 920194, 1088300, 447038, 125627, 648587, 153854, 37.0, 45.2, 1.00
A, 805033, 434762, 921641, 1087648, 446744, 125753, 648077, 153913, 37.0, 45.2, 1.00
A, 803743, 434959, 922477, 1086055, 446262, 125876, 647385, 153773, 37.0, 45.2, 1.00
A, 802309, 435026, 922888, 1084519, 445717, 125952, 646620, 153696, 37.0, 45.1, 1.00
A, 800759, 435028, 923139, 1083073, 445270, 126042, 645889, 153562, 37.0, 45.1, 1.00
A, 799627, 435131, 924020, 1081887, 444877, 126038, 645303, 153522, 37.0, 45.1, 1.00
A, 798179, 435078, 924330, 1080426, 444389, 126117, 644692, 153520, 37.0, 45.1, 1.00
A, 798476, 435366, 926856, 1081083, 444232, 126390, 644413, 153868, 37.0, 45.1, 1.00
A, 796466, 435299, 926357, 1078368, 443644, 126340, 643557, 153511, 37.0, 45.1, 1.01
A, 794323, 434989, 925635, 1075884, 443011, 126262, 642778, 153235, 37.0, 45.1, 1.00
A, 792643, 434628, 925315, 1074259, 442444, 126298, 642040, 153175, 37.0, 45.1, 1.00
A, 790908, 434373, 924790, 1072055, 441831, 126286, 641361, 152963, 37.0, 45.1, 1.00
A, 789872, 434162, 925004, 1070799, 441423, 126245, 640757, 152946, 37.0, 45.1, 1.00
A, 788748, 433959, 925350, 1069226, 440972, 126298, 640221, 152879, 37.0, 45.0, 1.00
A, 787678, 433654, 925288, 1067831, 440471, 126283, 639672, 152756, 37.0, 45.0, 1.00
A, 786240, 433434, 925286, 1066058, 439931, 126239, 639008, 152668, 37.0, 45.0, 1.00
A, 785274, 433074, 925211, 1065046, 439662, 126260, 638532, 152595, 37.0, 45.0, 1.00
A, 784378, 432854, 925353, 1063874, 439232, 126216, 638099, 152654, 37.0, 45.0, 1.00
A, 783654, 432597, 925623, 1062781, 438853, 126265, 637630, 152589, 37.0, 45.0, 1.00
A, 782728, 432261, 925969, 1061541, 438503, 126298, 637087, 152435, 37.0, 45.0, 1.00
A, 781751, 431947, 925791, 1060076, 438043, 126228, 636620, 152374, 37.0, 44.9, 1.00
A, 780748, 431649, 925513, 1058883, 437704, 126204, 636190, 152312, 37.0, 44.9, 0.99
A, 780090, 431367, 925944, 1057940, 437380, 126236, 635792, 152281, 37.0, 44.9, 1.00
A, 779264, 431034, 925866, 1056970, 437064, 126228, 635352, 152223, 37.0, 44.9, 1.00
A, 778726, 430894, 926197, 1056279, 436774, 126250, 635066, 152317, 37.0, 44.9, 1.00
A, 778031, 430523, 926454, 1055070, 436360, 126195, 634614, 152182, 37.0, 44.9, 1.00
A, 777091, 430245, 926207, 1053834, 436082, 126162, 634211, 152074, 37.0, 44.9, 1.00
A, 777465, 430097, 927737, 1054329, 436001, 126317, 634076, 152357, 37.0, 44.9, 1.00
A, 776473, 429828, 927319, 1052856, 435742, 126267, 633664, 152118, 37.0, 44.9, 0.98
A, 774995, 429328, 926221, 1050660, 435143, 126128, 633051, 151795, 37.0, 44.9, 1.00
A, 774084, 428957, 925814, 1049400, 434799, 126066, 632641, 151776, 37.0, 44.9, 1.00
A, 773558, 428678, 925910, 1048835, 434599, 126042, 632350, 151834, 37.0, 44.9, 1.00
A, 772713, 428338, 925716, 1047706, 434202, 126050, 631984, 151711, 37.0, 44.9, 1.00
A, 772321, 428048, 925881, 1047247, 434037, 125996, 631745, 151719, 37.0, 44.9, 1.00
A, 771242, 427753, 925228, 1045513, 433724, 125952, 631292, 151470, 37.0, 44.8, 1.00
A, 770621, 427336, 925001, 1044421, 433374, 125886, 630952, 151476, 37.0, 44.8, 1.00
A, 769748, 427004, 924617, 1043448, 433116, 125808, 630634, 151376, 37.0, 44.8, 1.00
A, 769314, 426736, 924617, 1042985, 432825, 125837, 630359, 151297, 37.0, 44.8, 1.01
A, 769211, 426424, 925040, 1042468, 432687, 125842, 630203, 151395, 37.0, 44.8, 0.99
A, 768726, 426161, 924984, 1041687, 432523, 125795, 629923, 151295, 37.0, 44.8, 1.00
A, 768251, 425976, 924895, 1040929, 432312, 125860, 629651, 151307, 37.0, 44.8, 1.00
A, 767710, 425669, 924652, 1040044, 432065, 125802, 629470, 151239, 37.0, 44.8, 1.00
A, 767306, 425432, 924796, 1039740, 431902, 125764, 629178, 151196, 37.0, 44.8, 1.00
A, 767137, 425231, 925108, 1039383, 431700, 125733, 629001, 151249, 37.0, 44.8, 1.00
A, 766685, 424895, 925048, 1038702, 431545, 125737, 628801, 151214, 37.0, 44.8, 1.01
A, 765832, 424616, 924353, 1037624, 431312, 125635, 628492, 151063, 37.0, 44.8, 0.99
A, 765742, 424399, 924662, 1037094, 431175, 125660, 628291, 151086, 37.0, 44.8, 1.00
A, 766786, 424370, 926522, 1038166, 431221, 125827, 628439, 151372, 37.0, 44.8, 1.00
A, 766482, 424352, 926501, 1037734, 431184, 125779, 628303, 151272, 37.0, 44.8, 1.00
A, 765646, 424117, 925940, 1036543, 430857, 125711, 627933, 151126, 37.0, 44.8, 1.00
A, 765211, 423832, 926017, 1036173, 430729, 125766, 627777, 151194, 37.0, 44.8, 1.00
A, 764873, 423677, 926002, 1035710, 430596, 125732, 627621, 151168, 37.0, 44.8, 1.00
A, 764807, 423546, 926339, 1035253, 430501, 125644, 627406, 151131, 37.0, 44.8, 1.00
A, 764265, 423228, 925991, 1034455, 430288, 125659, 627163, 151009, 37.0, 44.8, 1.00
A, 763632, 422979, 925602, 1033773, 430021, 125610, 626983, 150931, 37.0, 44.8, 1.00
A, 763329, 422861, 925586, 1032965, 429947, 125570, 626759, 150834, 37.0, 44.8, 1.00
A, 762829, 422574, 925310, 1032527, 429734, 125547, 626505, 150837, 37.0, 44.8, 1.00
A, 762308, 422424, 925023, 1031593, 429642, 125487, 626352, 150736, 37.0, 44.7, 1.00
A, 761987, 422117, 924704, 1031079, 429355, 125471, 626154, 150654, 37.0, 44.7, 1.00
A, 761927, 422076, 925245, 1031062, 429335, 125484, 626149, 150735, 37.0, 44.7, 1.00
A, 761595, 421862, 925221, 1030643, 429219, 125463, 625924, 150692, 37.0, 44.7, 1.00
A, 761352, 421634, 925163, 1030242, 429105, 125462, 625755, 150724, 37.0, 44.7, 1.00
A, 761425, 421570, 925394, 1030055, 429017, 125468, 625710, 150776, 37.0, 44.7, 1.00
A, 761151, 421473, 925735, 1029756, 428918, 125405, 625599, 150631, 37.0, 44.7, 1.00
A, 760903, 421252, 925499, 1029219, 428745, 125333, 625405, 150648, 37.0, 44.7, 1.00
A, 760510, 421125, 925207, 1028669, 428607, 125385, 625272, 150589, 37.0, 44.7, 1.00
A, 760489, 420971, 925625, 1028466, 428582, 125365, 625192, 150657, 37.0, 44.7, 1.01
A, 761663, 421090, 927505, 1029748, 428811, 125502, 625343, 150937, 37.0, 44.7, 1.00
A, 760538, 420948, 926175, 1028149, 428563, 125374, 625027, 150622, 37.0, 44.7, 1.00
A, 759898, 420735, 925863, 1027557, 428335, 125312, 624827, 150510, 37.0, 44.7, 1.00
A, 758974, 420284, 924867, 1026268, 428088, 125235, 624468, 150345, 37.0, 44.7, 1.00
A, 758497, 420092, 924612, 1025833, 427955, 125221, 624331, 150354, 37.0, 44.7, 0.99
A, 758189, 419949, 924519, 1025470, 427795, 125248, 624261, 150364, 37.0, 44.7, 1.00
A, 758548, 419898, 924993, 1025345, 427761, 125222, 624220, 150372, 37.0, 44.7, 0.99
A, 758100, 419690, 924832, 1024836, 427655, 125185, 624048, 150292, 37.0, 44.7, 1.00
A, 758174, 419581, 924971, 1024869, 427634, 125220, 624037, 150386, 37.0, 44.7, 1.00
A, 757671, 419510, 924630, 1024057, 427516, 125153, 623847, 150218, 37.0, 44.7, 1.00
A, 757330, 419267, 924458, 1023789, 427308, 125119, 623655, 150249, 37.0, 44.7, 1.00
A, 757072, 419173, 924262, 1023061, 427306, 125075, 623566, 150154, 37.0, 44.7, 1.00
A, 756993, 419030, 924222, 1022986, 427118, 125034, 623460, 150099, 37.0, 44.7, 0.99
A, 756970, 418929, 924553, 1023100, 427144, 125073, 623456, 150235, 37.0, 44.7, 1.00
A, 756843, 418773, 924582, 1022831, 427086, 125079, 623351, 150135, 37.0, 44.7, 1.00
A, 756814, 418751, 924585, 1022535, 427020, 125083, 623203, 150229, 37.0, 44.7, 1.01
A, 756765, 418702, 924824, 1022558, 427049, 125088, 623202, 150240, 37.0, 44.7, 1.00
A, 756732, 418615, 924928, 1022237, 426870, 125006, 623202, 150223, 37.0, 44.7, 1.00
A, 756536, 418490, 924665, 1021791, 426806, 124995, 623087, 150093, 37.0, 44.7, 1.00
A, 756286, 418358, 924647, 1021645, 426762, 124930, 622924, 150124, 37.0, 44.7, 0.99
A, 757692, 418489, 926935, 1023351, 426964, 125182, 623276, 150485, 37.0, 44.7, 1.00
A, 756898, 418493, 926101, 1022383, 426845, 125071, 622996, 150336, 37.0, 44.7, 1.00
A, 756585, 418332, 925630, 1021794, 426696, 125054, 622918, 150200, 37.0, 44.7, 1.00
A, 756290, 418137, 925702, 1021395, 426615, 124986, 622765, 150144, 37.0, 44.7, 1.00
A, 755889, 418045, 925484, 1020972, 426583, 124929, 622600, 150113, 37.0, 44.7, 1.00
A, 755934, 417953, 925458, 1020754, 426530, 124978, 622603, 150056, 37.0, 44.7, 1.00
A, 755430, 417809, 925229, 1020252, 426442, 124929, 622418, 150030, 37.0, 44.7, 1.00
A, 754963, 417784, 924841, 1019660, 426328, 124838, 622288, 149963, 37.0, 44.7, 1.00
A, 754982, 417575, 924676, 1019103, 426112, 124782, 622198, 149904, 37.0, 44.7, 1.00
A, 754670, 417457, 924605, 1019141, 426055, 124817, 622078, 149831, 37.0, 44.7, 0.99
A, 754401, 417341, 924293, 1018613, 426017, 124768, 622096, 149800, 37.0, 44.7, 1.00
A, 754232, 417241, 924134, 1018342, 425904, 124753, 621910, 149844, 37.0, 44.7, 0.99
A, 753717, 417111, 923562, 1017546, 425829, 124622, 621793, 149709, 37.0, 44.6, 1.00
A, 753662, 416928, 923590, 1017378, 425705, 124683, 621720, 149688, 37.0, 44.6, 1.00
A, 753800, 416933, 923863, 1017573, 425749, 124691, 621685, 149750, 37.0, 44.6, 1.00
A, 753853, 416835, 924038, 1017523, 425650, 124659, 621677, 149756, 37.0, 44.7, 1.00
A, 753690, 416757, 924118, 1017478, 425596, 124698, 621659, 149803, 37.0, 44.7, 1.00
A, 754032, 416807, 924639, 1017697, 425700, 124713, 621686, 149851, 37.0, 44.7, 1.00
A, 754017, 416747, 924695, 1017343, 425760, 124654, 621617, 149733, 37.0, 44.7, 1.00
A, 753860, 416639, 924516, 1017178, 425629, 124614, 621508, 149726, 37.0, 44.7, 1.00
A, 754793, 416786, 926170, 1018642, 425749, 124812, 621731, 150022, 37.0, 44.7, 1.00
A, 754734, 416972, 926330, 1018427, 425847, 124825, 621699, 149971, 37.0, 44.6, 1.00
A, 754491, 416798, 926071, 1017899, 425729, 124807, 621642, 149924, 37.0, 44.6, 1.01
A, 754399, 416756, 926181, 1017962, 425683, 124779, 621570, 149958, 37.0, 44.7, 1.00
A, 754121, 416721, 926020, 1017472, 425598, 124727, 621466, 149895, 37.0, 44.7, 1.00
A, 753770, 416600, 925498, 1016857, 425488, 124717, 621323, 149845, 37.0, 44.7, 1.01
A, 753686, 416533, 925665, 1016986, 425430, 124695, 621243, 149801, 37.0, 44.7, 1.00
A, 753364, 416403, 925345, 1016451, 425368, 124677, 621137, 149770, 37.0, 44.6, 1.00
A, 753419, 416425, 925446, 1016143, 425317, 124651, 621135, 149743, 37.0, 44.6, 1.00
A, 753055, 416304, 925065, 1015682, 425209, 124609, 620975, 149617, 37.0, 44.6, 1.00
A, 752885, 416207, 925177, 1015824, 425251, 124607, 620970, 149692, 37.0, 44.6, 1.00
A, 752413, 416069, 924406, 1014924, 425075, 124599, 620791, 149519, 37.0, 44.6, 1.00
A, 752173, 415903, 924331, 1014654, 424940, 124501, 620686, 149548, 37.0, 44.6, 1.00
A, 751843, 415909, 924106, 1014291, 424958, 124488, 620616, 149502, 37.0, 44.6, 1.00
A, 751647, 415744, 923887, 1013959, 424750, 124439, 620528, 149501, 37.0, 44.6, 1.00
A, 751892, 415654, 924308, 1014273, 424840, 124418, 620467, 149438, 37.0, 44.6, 1.00
A, 751622, 415607, 923923, 1013878, 424691, 124393, 620467, 149395, 37.0, 44.6, 1.00
A, 751345, 415432, 923665, 1013618, 424607, 124454, 620342, 149422, 37.0, 44.6, 1.00
A, 751616, 415500, 924231, 1013883, 424692, 124422, 620403, 149532, 37.0, 44.6, 1.00
A, 751755, 415443, 924332, 1013712, 424716, 124355, 620392, 149438, 37.0, 44.6, 1.00
A, 752953, 415607, 925976, 1015085, 424927, 124462, 620610, 149749, 37.0, 44.6, 1.00
A, 752409, 415644, 925369, 1014516, 424844, 124437, 620553, 149578, 37.0, 44.6, 1.00
A, 751693, 415484, 924445, 1013539, 424639, 124381, 620349, 149458, 37.0, 44.6, 1.00
A, 751112, 415315, 923975, 1013013, 424516, 124335, 620167, 149431, 37.0, 44.6, 1.00
A, 751117, 415196, 923891, 1012859, 424488, 124370, 620115, 149359, 37.0, 44.6, 1.00
A, 751220, 415151, 924167, 1012720, 424481, 124241, 620140, 149405, 37.0, 44.6, 1.00
A, 751088, 415061, 924127, 1012762, 424455, 124278, 620146, 149389, 37.0, 44.6, 1.00
A, 751189, 415108, 924232, 1012938, 424434, 124272, 620124, 149446, 37.0, 44.6, 1.00
A, 751132, 415058, 924235, 1012759, 424359, 124283, 620092, 149462, 37.0, 44.6, 1.00
A, 751338, 415048, 924645, 1012855, 424452, 124323, 620119, 149468, 37.0, 44.6, 1.00
A, 751241, 415064, 924480, 1012549, 424416, 124223, 620044, 149354, 37.0, 44.6, 1.00
A, 750983, 415006, 924285, 1012418, 424333, 124261, 619982, 149355, 37.0, 44.6, 1.00
A, 750748, 414963, 924014, 1012012, 424305, 124247, 619965, 149324, 37.0, 44.6, 1.00
A, 750503, 414807, 923824, 1011933, 424271, 124276, 619833, 149309, 37.0, 44.6, 1.00
A, 750395, 414840, 923487, 1011393, 424254, 124160, 619797, 149268, 37.0, 44.6, 1.00
A, 750300, 414651, 923418, 1011101, 424127, 124159, 619766, 149176, 37.0, 44.6, 1.00
A, 750431, 414648, 923799, 1011536, 424159, 124161, 619734, 149197, 37.0, 44.6, 1.00
A, 750342, 414558, 923784, 1011387, 424054, 124163, 619790, 149260, 37.0, 44.6, 0.99
A, 750276, 414471, 923546, 1011282, 424135, 124098, 619650, 149285, 37.0, 44.6, 1.00
A, 750557, 414553, 924064, 1011506, 424154, 124157, 619811, 149345, 37.0, 44.6, 1.00
A, 751919, 414798, 926247, 1013229, 424399, 124326, 620072, 149607, 37.0, 44.6, 1.00
A, 751160, 414790, 925154, 1012116, 424313, 124190, 619940, 149366, 37.0, 44.6, 1.00
A, 750706, 414669, 924713, 1011637, 424211, 124108, 619676, 149226, 37.0, 44.6, 1.00
A, 750131, 414463, 923957, 1010984, 424064, 124071, 619539, 149136, 37.0, 44.6, 1.00
A, 749908, 414319, 923748, 1010747, 423947, 124098, 619452, 149206, 37.0, 44.6, 1.00
A, 750136, 414412, 924166, 1011051, 424051, 124146, 619580, 149256, 37.0, 44.6, 1.00
A, 750134, 414401, 924109, 1010728, 423950, 124004, 619518, 149201, 37.0, 44.6, 1.00
A, 749979, 414359, 923997, 1010508, 423923, 124008, 619394, 149185, 37.0, 44.6, 1.00
A, 750088, 414328, 924121, 1010756, 423966, 124044, 619445, 149271, 37.0, 44.6, 1.01
A, 750029, 414270, 924107, 1010554, 423923, 124069, 619451, 149153, 37.0, 44.6, 1.00
A, 750068, 414291, 924410, 1010816, 423939, 124064, 619453, 149275, 37.0, 44.6, 1.00
A, 750033, 414333, 924148, 1010402, 423900, 124062, 619461, 149225, 37.0, 44.6, 1.00
A, 749869, 414252, 924229, 1010223, 423798, 123979, 619350, 149174, 37.0, 44.6, 1.00
A, 749289, 414111, 923379, 1009533, 423784, 123904, 619220, 149090, 37.0, 44.6, 1.00
A, 749204, 414014, 923330, 1009530, 423601, 123913, 619171, 149095, 37.0, 44.6, 0.99
A, 749480, 414061, 923741, 1009740, 423660, 123943, 619256, 149120, 37.0, 44.6, 1.00
A, 749652, 414080, 923891, 1009735, 423732, 123913, 619302, 149145, 37.0, 44.6, 1.00
A, 749511, 414066, 924002, 1009841, 423749, 123945, 619267, 149130, 37.0, 44.6, 1.00
A, 749371, 413986, 923727, 1009528, 423641, 123889, 619198, 149092, 37.0, 44.6, 1.00
A, 749337, 413869, 923767, 1009439, 423631, 123878, 619124, 149068, 37.0, 44.6, 1.00
A, 750852, 414120, 925983, 1011442, 423917, 124061, 619490, 149414, 37.0, 44.6, 1.00
A, 750106, 414119, 925092, 1010510, 423852, 124002, 619358, 149228, 37.0, 44.6, 1.00
A, 750111, 414142, 925229, 1010529, 423884, 124027, 619385, 149256, 37.0, 44.6, 1.00
A, 749992, 414056, 925161, 1010246, 423775, 123909, 619240, 149130, 37.0, 44.6, 1.00
A, 749728, 413977, 924718, 1009809, 423684, 123959, 619156, 149108, 37.0, 44.6, 1.00
A, 749378, 413898, 924350, 1009490, 423657, 123927, 619119, 149120, 37.0, 44.6, 1.00
A, 749579, 413970, 924581, 1009585, 423632, 123866, 619114, 149151, 37.0, 44.6, 1.00
A, 749360, 413901, 924531, 1009451, 423541, 123913, 619047, 149106, 37.0, 44.6, 1.00
A, 749339, 413884, 924624, 1009556, 423596, 123895, 619021, 149142, 37.0, 44.6, 1.00
A, 749076, 413868, 924355, 1009014, 423516, 123841, 618969, 149026, 37.0, 44.6, 1.00
A, 749016, 413832, 924190, 1008930, 423438, 123822, 618885, 149010, 37.0, 44.6, 1.01
A, 749050, 413703, 924271, 1008981, 423505, 123845, 619010, 149063, 37.0, 44.6, 1.00
A, 748861, 413731, 923800, 1008438, 423442, 123736, 618890, 148924, 37.0, 44.6, 1.00
A, 748597, 413637, 923712, 1008218, 423315, 123769, 618771, 148911, 37.0, 44.6, 1.00
A, 747796, 413565, 922670, 1007256, 423195, 123738, 618553, 148843, 37.0, 44.6, 1.01
A, 747824, 413316, 922640, 1007293, 423079, 123629, 618517, 148764, 37.0, 44.6, 1.00
A, 748082, 413397, 923090, 1007680, 423220, 123748, 618645, 148917, 37.0, 44.6, 1.00
A, 748197, 413391, 923258, 1007791, 423258, 123756, 618701, 148957, 37.0, 44.6, 1.00
A, 748408, 413376, 923189, 1007549, 423191, 123714, 618695, 148879, 37.0, 44.6, 1.00
A, 748065, 413316, 923063, 1007602, 423149, 123686, 618637, 148863, 37.0, 44.6, 1.00
A, 749966, 413654, 925878, 1009846, 423606, 123855, 619084, 149258, 37.0, 44.6, 0.99
A, 749283, 413688, 924917, 1008944, 423496, 123799, 618967, 149052, 37.0, 44.6, 1.00
A, 748873, 413554, 924294, 1008384, 423423, 123741, 618848, 149015, 37.0, 44.6, 1.00
A, 748304, 413453, 923490, 1007585, 423230, 123708, 618695, 148907, 37.0, 44.6, 1.00
A, 747799, 413264, 922786, 1006923, 423118, 123654, 618560, 148712, 37.0, 44.6, 1.00
A, 747292, 413160, 922070, 1006266, 422998, 123570, 618416, 148622, 37.0, 44.6, 1.00
A, 747440, 413083, 922337, 1006395, 422926, 123530, 618442, 148749, 37.0, 44.6, 1.00
A, 747782, 413115, 922724, 1006833, 423022, 123585, 618528, 148815, 37.0, 44.6, 1.00
A, 747584, 413098, 922710, 1006913, 423033, 123579, 618525, 148813, 37.0, 44.6, 1.00
A, 747987, 413156, 923300, 1007328, 423144, 123627, 618613, 148908, 37.0, 44.6, 1.00
A, 748221, 413155, 923416, 1007275, 423214, 123632, 618642, 148872, 37.0, 44.6, 1.00
A, 748068, 413096, 923264, 1007093, 423141, 123591, 618603, 148808, 37.0, 44.6, 1.00
A, 747954, 413101, 923084, 1007012, 423079, 123536, 618512, 148795, 37.0, 44.6, 1.00
A, 748039, 413120, 923191, 1006974, 423123, 123589, 618577, 148881, 37.0, 44.6, 1.00
A, 747938, 413077, 923061, 1006999, 423019, 123492, 618530, 148825, 37.0, 44.6, 1.00
A, 747840, 413073, 922806, 1006603, 423139, 123529, 618530, 148768, 37.0, 44.6, 1.00
A, 747760, 412912, 922962, 1006505, 422955, 123474, 618386, 148737, 37.0, 44.6, 1.00
A, 747981, 412920, 923229, 1006984, 423039, 123521, 618521, 148822, 37.0, 44.6, 1.00
A, 747972, 413002, 923218, 1007033, 423080, 123579, 618539, 148815, 37.0, 44.6, 1.00
A, 748044, 413026, 923243, 1006905, 423059, 123581, 618533, 148854, 37.0, 44.6, 0.99
A, 749694, 413297, 925685, 1008862, 423435, 123751, 618902, 149177, 37.0, 44.6, 1.00
A, 748960, 413404, 924796, 1007956, 423345, 123615, 618783, 149010, 37.0, 44.6, 0.99
A, 747998, 413160, 923555, 1006935, 423184, 123533, 618517, 148779, 37.0, 44.6, 1.00
A, 747607, 412925, 922962, 1006306, 422947, 123494, 618375, 148705, 37.0, 44.6, 1.00
A, 747817, 412960, 923387, 1006716, 423046, 123549, 618416, 148829, 37.0, 44.6, 0.99
A, 747808, 412996, 923360, 1006684, 423033, 123446, 618504, 148829, 37.0, 44.6, 1.00
A, 748062, 413058, 923795, 1007075, 423167, 123570, 618530, 148863, 37.0, 44.6, 1.01
A, 748209, 413043, 923953, 1007135, 423122, 123537, 618530, 148808, 37.0, 44.6, 1.00
A, 748062, 413019, 923839, 1007039, 423083, 123558, 618475, 148800, 37.0, 44.6, 1.00
A, 748148, 413028, 923764, 1006874, 423109, 123535, 618594, 148845, 37.0, 44.6, 0.99
A, 748151, 413029, 923932, 1006815, 423105, 123535, 618499, 148809, 37.0, 44.6, 1.00
A, 748315, 413084, 924081, 1006966, 423160, 123504, 618572, 148812, 37.0, 44.6, 1.00
A, 747898, 413037, 923698, 1006638, 423028, 123410, 618516, 148820, 37.0, 44.7, 1.00
A, 747753, 412926, 923580, 1006487, 423027, 123380, 618399, 148730, 37.0, 44.7, 1.01
A, 747414, 412871, 923105, 1006060, 422975, 123434, 618371, 148712, 37.0, 44.6, 0.99
A, 747287, 412718, 923072, 1006045, 422881, 123408, 618265, 148759, 37.0, 44.6, 1.00
A, 747322, 412857, 923017, 1005860, 422962, 123378, 618349, 148624, 37.0, 44.6, 1.00
A, 747165, 412742, 922909, 1005629, 422824, 123323, 618312, 148638, 37.0, 44.6, 1.00
A, 747322, 412768, 923137, 1006079, 422829, 123357, 618309, 148692, 37.0, 44.6, 1.01
A, 747415, 412726, 923139, 1006106, 422870, 123341, 618296, 148694, 37.0, 44.7, 1.01
A, 748680, 412846, 925057, 1007649, 423148, 123547, 618616, 149031, 37.0, 44.7, 1.00
A, 748437, 413018, 924673, 1007247, 423113, 123480, 618568, 148886, 37.0, 44.6, 1.00
A, 748276, 412996, 924327, 1006745, 423132, 123458, 618487, 148839, 37.0, 44.6, 1.00
A, 747930, 412900, 924070, 1006386, 423029, 123422, 618356, 148750, 37.0, 44.6, 1.00
A, 747700, 412811, 923889, 1006453, 422929, 123404, 618322, 148706, 37.0, 44.6, 1.00
A, 747765, 412859, 924111, 1006493, 422968, 123412, 618338, 148794, 37.0, 44.6, 1.01
A, 747730, 412818, 923843, 1006231, 422913, 123433, 618387, 148789, 37.0, 44.6, 1.00
A, 747890, 412922, 924278, 1006497, 422937, 123446, 618368, 148809, 37.0, 44.6, 1.00
A, 747721, 412764, 924067, 1006172, 422921, 123400, 618280, 148728, 37.0, 44.6, 0.99
A, 746858, 412612, 922993, 1005338, 422706, 123292, 618095, 148541, 37.0, 44.6, 1.00
A, 745971, 412558, 921686, 1004330, 422521, 123225, 617934, 148387, 37.0, 44.6, 1.00
A, 746311, 412382, 922111, 1004566, 422565, 123173, 617977, 148448, 37.0, 44.6, 1.00
A, 746626, 412464, 922642, 1005109, 422657, 123240, 618110, 148655, 37.0, 44.6, 1.00
A, 747010, 412471, 922833, 1004888, 422731, 123267, 618087, 148543, 37.0, 44.6, 1.00
A, 746845, 412450, 922823, 1005154, 422689, 123248, 618071, 148551, 37.0, 44.6, 1.01
A, 746667, 412588, 922656, 1004858, 422738, 123205, 618117, 148546, 37.0, 44.6, 1.00
A, 746689, 412378, 922552, 1004943, 422624, 123297, 618056, 148570, 37.0, 44.6, 1.00
A, 746807, 412387, 922726, 1005082, 422654, 123236, 618057, 148600, 37.0, 44.6, 1.00
A, 746863, 412384, 923047, 1005306, 422674, 123267, 618085, 148654, 37.0, 44.6, 0.99
A, 747229, 412489, 923267, 1005288, 422746, 123233, 618145, 148562, 37.0, 44.6, 1.00
A, 748470, 412637, 925184, 1006833, 423020, 123424, 618458, 148918, 37.0, 44.6, 1.00
A, 747269, 412694, 923851, 1005919, 422893, 123270, 618272, 148707, 37.0, 44.6, 1.00
A, 747248, 412590, 923605, 1005506, 422778, 123246, 618156, 148578, 37.0, 44.6, 0.99
A, 746874, 412449, 922904, 1004938, 422662, 123195, 618062, 148649, 37.0, 44.6, 1.00
A, 746792, 412407, 922903, 1004728, 422620, 123204, 618046, 148556, 37.0, 44.6, 1.00
A, 746462, 412285, 922549, 1004543, 422539, 123137, 617937, 148451, 37.0, 44.6, 1.00
A, 746368, 412210, 922558, 1004476, 422542, 123116, 617934, 148479, 37.0, 44.6, 1.00
A, 746798, 412254, 922974, 1004907, 422610, 123205, 617987, 148604, 37.0, 44.6, 0.99
A, 746800, 412316, 923138, 1004993, 422675, 123184, 618048, 148567, 37.0, 44.7, 1.00
A, 747038, 412363, 923376, 1005214, 422728, 123250, 618118, 148658, 37.0, 44.7, 1.00
A, 747227, 412425, 923347, 1004852, 422828, 123166, 618121, 148552, 37.0, 44.6, 1.00
A, 746749, 412299, 923092, 1004872, 422614, 123189, 618040, 148511, 37.0, 44.6, 1.00
A, 746953, 412248, 923424, 1005076, 422712, 123210, 618112, 148529, 37.0, 44.6, 1.00
A, 746993, 412317, 923224, 1005016, 422660, 123155, 618051, 148619, 37.0, 44.6, 1.00
A, 746956, 412370, 923520, 1004938, 422739, 123179, 618097, 148562, 37.0, 44.6, 1.00
A, 746868, 412374, 923270, 1004796, 422621, 123132, 617987, 148540, 37.0, 44.6, 1.00
A, 746625, 412348, 922931, 1004430, 422675, 123102, 618070, 148496, 37.0, 44.6, 1.00
A, 746472, 412165, 922972, 1004568, 422633, 123114, 617914, 148487, 37.0, 44.6, 1.00
A, 746707, 412211, 923212, 1004834, 422661, 123118, 617992, 148563, 37.0, 44.6, 1.01
A, 746714, 412199, 923390, 1004843, 422603, 123147, 618043, 148573, 37.0, 44.6, 1.00
A, 748422, 412499, 925550, 1006580, 422939, 123309, 618408, 148880, 37.0, 44.6, 1.00
A, 747582, 412540, 924346, 1005420, 422820, 123184, 618180, 148649, 37.0, 44.6, 1.00
A, 746758, 412282, 923568, 1004852, 422639, 123134, 618019, 148539, 37.0, 44.6, 1.00
A, 746384, 412271, 923137, 1004449, 422543, 123063, 617962, 148425, 37.0, 44.6, 1.00
A, 746453, 412173, 923110, 1004398, 422472, 123056, 617933, 148492, 37.0, 44.6, 1.00
A, 746739, 412238, 923594, 1004819, 422616, 123110, 618013, 148529, 37.0, 44.6, 1.00
A, 746874, 412315, 923540, 1004568, 422626, 123109, 618030, 148521, 37.0, 44.6, 1.00
A, 746611, 412233, 923269, 1004334, 422572, 123045, 617934, 148446, 37.0, 44.6, 1.00
A, 746402, 412177, 923205, 1004397, 422561, 123045, 617975, 148482, 37.0, 44.6, 1.00
A, 746668, 412227, 923511, 1004594, 422632, 123048, 617983, 148559, 37.0, 44.6, 1.00
A, 746697, 412203, 923459, 1004474, 422549, 123109, 617947, 148582, 37.0, 44.6, 1.00
A, 746907, 412223, 923803, 1004717, 422601, 123152, 618062, 148602, 37.0, 44.6, 1.00
A, 746816, 412298, 923793, 1004719, 422676, 123101, 618031, 148507, 37.0, 44.6, 1.00
A, 746248, 412226, 923213, 1004081, 422544, 123010, 617904, 148475, 37.0, 44.6, 1.00
A, 746487, 412242, 923480, 1004407, 422560, 123038, 617920, 148520, 37.0, 44.6, 1.00
A, 746078, 412204, 922872, 1003809, 422449, 123048, 617822, 148392, 37.0, 44.6, 1.00
A, 746057, 412059, 922842, 1003874, 422473, 123055, 617859, 148433, 37.0, 44.6, 1.00
A, 746069, 412138, 922905, 1003695, 422398, 122986, 617848, 148330, 37.0, 44.6, 1.00
A, 745919, 411976, 922723, 1003580, 422391, 122892, 617729, 148340, 37.0, 44.6, 1.00
A, 746069, 411997, 922948, 1003913, 422447, 122967, 617835, 148427, 37.0, 44.6, 1.00
A, 747427, 412249, 924858, 1005602, 422669, 123142, 618184, 148714, 37.0, 44.6, 1.00
A, 747107, 412237, 924322, 1004981, 422684, 123132, 618070, 148604, 37.0, 44.6, 1.00
A, 747168, 412297, 924547, 1005144, 422731, 123113, 618089, 148648, 37.0, 44.6, 1.00
A, 747166, 412288, 924421, 1004879, 422667, 123091, 618092, 148623, 37.0, 44.6, 1.00
A, 746966, 412274, 924237, 1004488, 422622, 123052, 617962, 148508, 37.0, 44.6, 1.00
A, 746647, 412227, 923901, 1004589, 422634, 123062, 617941, 148514, 37.0, 44.6, 1.00
A, 746669, 412234, 924134, 1004635, 422553, 123070, 617980, 148525, 37.0, 44.6, 1.00
A, 746637, 412183, 923941, 1004406, 422507, 123014, 617895, 148547, 37.0, 44.6, 1.00
A, 746703, 412208, 923926, 1004313, 422563, 123014, 617941, 148475, 37.0, 44.6, 1.00
A, 746356, 412110, 923675, 1004223, 422469, 123015, 617842, 148457, 37.0, 44.6, 1.00
A, 746366, 412100, 923740, 1004155, 422450, 122932, 617837, 148477, 37.0, 44.7, 1.00
A, 746321, 412105, 923599, 1004066, 422498, 122979, 617814, 148447, 37.0, 44.7, 0.99
A, 746458, 412067, 924003, 1004290, 422458, 122962, 617825, 148482, 37.0, 44.7, 0.99
A, 746425, 412123, 923676, 1003911, 422431, 122990, 617850, 148457, 37.0, 44.7, 1.00
A, 746205, 412044, 923578, 1003675, 422419, 122892, 617815, 148399, 37.0, 44.6, 1.00
A, 746333, 412100, 923691, 1004079, 422486, 122912, 617870, 148442, 37.0, 44.6, 1.00
A, 745847, 412013, 923178, 1003483, 422388, 122890, 617816, 148353, 37.0, 44.6, 1.00
A, 745889, 411980, 922977, 1003458, 422327, 122927, 617722, 148370, 37.0, 44.6, 1.00
A, 745806, 412042, 923009, 1003373, 422404, 122854, 617837, 148357, 37.0, 44.6, 1.00
A, 745707, 411946, 922975, 1003298, 422268, 122895, 617699, 148390, 37.0, 44.6, 1.00
A, 747289, 412156, 925118, 1005034, 422615, 123105, 618048, 148671, 37.0, 44.6, 1.00
A, 746766, 412186, 924445, 1004417, 422552, 122971, 618019, 148516, 37.0, 44.6, 1.00
A, 746222, 412109, 923726, 1003825, 422388, 122979, 617821, 148474, 37.0, 44.6, 1.00
A, 745954, 412090, 923375, 1003557, 422457, 122963, 617720, 148437, 37.0, 44.6, 1.00
A, 745698, 411912, 922989, 1003068, 422394, 122880, 617637, 148254, 37.0, 44.6, 1.00
A, 745254, 411757, 922384, 1002615, 422200, 122845, 617577, 148256, 37.0, 44.6, 1.00
A, 745165, 411678, 922375, 1002734, 422161, 122861, 617578, 148309, 37.0, 44.6, 1.01
A, 745647, 411829, 922772, 1003156, 422377, 122848, 617680, 148384, 37.0, 44.6, 1.00
A, 745734, 411789, 922942, 1003221, 422362, 122829, 617704, 148407, 37.0, 44.6, 1.00
A, 746061, 411834, 923610, 1003718, 422380, 122875, 617829, 148486, 37.0, 44.6, 1.00
A, 746246, 411950, 923733, 1003764, 422375, 122887, 617849, 148452, 37.0, 44.6, 1.00
A, 746155, 411853, 923645, 1003644, 422430, 122891, 617775, 148433, 37.0, 44.6, 1.00
A, 746223, 411957, 923750, 1003865, 422412, 122878, 617818, 148455, 37.0, 44.6, 1.00
A, 746150, 411894, 923810, 1003806, 422449, 122871, 617773, 148450, 37.0, 44.6, 1.00
A, 746538, 411985, 924055, 1003917, 422486, 122854, 617829, 148398, 37.0, 44.6, 1.00
A, 746038, 411901, 923446, 1003383, 422429, 122890, 617755, 148377, 37.0, 44.6, 1.01
A, 745977, 411973, 923622, 1003636, 422384, 122818, 617804, 148474, 37.0, 44.6, 1.00
A, 745676, 411863, 923122, 1002956, 422346, 122809, 617745, 148302, 37.0, 44.6, 1.00
A, 745717, 411772, 923058, 1003155, 422333, 122809, 617695, 148353, 37.0, 44.6, 1.00
A, 745538, 411751, 922764, 1002777, 422316, 122771, 617683, 148294, 37.0, 44.6, 0.99
A, 746544, 411890, 924260, 1003960, 422480, 122892, 617818, 148526, 37.0, 44.6, 1.00
A, 746206, 411911, 923919, 1003799, 422423, 122866, 617828, 148402, 37.0, 44.6, 1.00
A, 745739, 411757, 923180, 1003171, 422324, 122740, 617702, 148299, 37.0, 44.6, 0.99
A, 745216, 411724, 922561, 1002560, 422157, 122755, 617506, 148302, 37.0, 44.6, 1.00
A, 745553, 411690, 922850, 1002910, 422307, 122843, 617681, 148357, 37.0, 44.6, 1.00
A, 745741, 411669, 923037, 1002907, 422269, 122822, 617674, 148269, 37.0, 44.6, 1.00
A, 745615, 411701, 922985, 1002801, 422215, 122754, 617641, 148338, 37.0, 44.6, 1.00
A, 745651, 411677, 922934, 1002800, 422277, 122814, 617661, 148269, 37.0, 44.6, 1.00
A, 745453, 411671, 922857, 1002831, 422353, 122757, 617649, 148292, 37.0, 44.6, 1.00
A, 745494, 411605, 922894, 1002823, 422219, 122783, 617617, 148277, 37.0, 44.6, 1.00
A, 745747, 411670, 923231, 1003164, 422270, 122743, 617714, 148365, 37.0, 44.6, 1.00
A, 746010, 411690, 923597, 1003298, 422403, 122785, 617809, 148324, 37.0, 44.6, 1.00
A, 745852, 411734, 923400, 1003181, 422376, 122793, 617724, 148333, 37.0, 44.6, 1.00
A, 745873, 411748, 923615, 1003401, 422369, 122818, 617794, 148399, 37.0, 44.6, 1.00
A, 745662, 411675, 923034, 1002943, 422264, 122764, 617707, 148339, 37.0, 44.6, 1.00
A, 746006, 411746, 923569, 1003415, 422442, 122797, 617742, 148344, 37.0, 44.6, 1.00
A, 745952, 411784, 923481, 1003247, 422422, 122816, 617813, 148385, 37.0, 44.6, 1.00
A, 745921, 411704, 923451, 1003063, 422372, 122732, 617783, 148346, 37.0, 44.6, 0.99
A, 745600, 411714, 923260, 1002970, 422346, 122737, 617704, 148321, 37.0, 44.6, 1.00
A, 745632, 411671, 923173, 1002948, 422279, 122746, 617693, 148338, 37.0, 44.6, 1.00
M, 739571, 410722, 913980, 994488, 420987, 121962, 615904, 146527, 37.0, 44.6, 0.64
M, 733328, 408911, 904882, 986582, 419063, 121173, 613660, 145083, 37.0, 44.6, 0.57
M, 726767, 406688, 895073, 978560, 416950, 120394, 611364, 143712, 37.0, 44.6, 0.74
M, 721566, 404758, 886505, 971580, 415664, 119641, 610451, 142595, 37.1, 44.7, 0.81
M, 717661, 403159, 879411, 965952, 414972, 118962, 610288, 141744, 37.1, 44.7, 0.88
M, 714854, 401985, 873495, 961960, 414745, 118400, 610510, 141053, 37.1, 44.8, 0.92
M, 712691, 400694, 867389, 957844, 414621, 117808, 610886, 140459, 37.1, 44.8, 0.95
M, 710866, 399576, 861880, 954491, 414313, 117317, 611112, 139889, 37.1, 44.9, 0.96
M, 710277, 398772, 858563, 953355, 414360, 116926, 611441, 139642, 37.1, 44.9, 0.98
M, 710617, 398058, 855964, 952904, 414535, 116708, 612032, 139474, 37.1, 45.0, 0.99
M, 711087, 397469, 853489, 952448, 414647, 116460, 612476, 139461, 37.1, 45.0, 0.98
M, 712131, 396955, 851838, 952929, 414934, 116191, 613037, 139369, 37.1, 45.1, 1.00
M, 713238, 396513, 850171, 953528, 415262, 116066, 613742, 139351, 37.1, 45.1, 1.00
M, 714174, 396183, 848678, 954184, 415588, 115846, 614206, 139320, 37.1, 45.1, 1.00
M, 715635, 395933, 847895, 955365, 415970, 115698, 614893, 139321, 37.1, 45.1, 1.00
M, 716930, 395679, 846926, 956713, 416300, 115618, 615528, 139436, 37.1, 45.1, 1.00
M, 718405, 395582, 846510, 958193, 416721, 115523, 616122, 139616, 37.1, 45.1, 1.01
M, 720161, 395412, 845741, 959613, 417263, 115449, 616839, 139615, 37.1, 45.2, 1.00
M, 721507, 395223, 845433, 961141, 417600, 115420, 617516, 139706, 37.1, 45.2, 1.00
M, 722842, 395240, 844809, 962625, 418110, 115292, 618215, 139784, 37.1, 45.2, 1.01
M, 725008, 395347, 845992, 965278, 418628, 115421, 618905, 140001, 37.1, 45.2, 1.00
M, 726628, 395498, 846066, 966926, 419150, 115364, 619605, 140178, 37.1, 45.2, 1.00
M, 728044, 395504, 845960, 968562, 419628, 115358, 620152, 140247, 37.1, 45.3, 1.01
M, 729439, 395657, 845872, 970134, 420085, 115330, 620883, 140303, 37.1, 45.3, 1.00
M, 730602, 395744, 845522, 971382, 420463, 115147, 621355, 140341, 37.1, 45.3, 1.00
M, 731543, 395857, 845524, 972940, 420893, 115329, 621962, 140446, 37.1, 45.3, 1.00
M, 732995, 396048, 845707, 974651, 421447, 115321, 622569, 140511, 37.1, 45.3, 1.00
M, 733946, 396252, 845776, 976026, 421844, 115348, 623124, 140717, 37.1, 45.3, 1.01
M, 735466, 396559, 846213, 977750, 422390, 115419, 623767, 140817, 37.1, 45.3, 1.00
M, 736700, 396763, 846491, 979330, 422844, 115336, 624401, 140852, 37.1, 45.3, 1.00
M, 737583, 397040, 846484, 980681, 423216, 115367, 624866, 140978, 37.1, 45.3, 1.00
M, 738532, 397252, 846436, 981711, 423676, 115400, 625399, 141006, 37.1, 45.3, 1.00
M, 739731, 397534, 846887, 983387, 424033, 115406, 625883, 141157, 37.1, 45.3, 1.00
M, 740581, 397782, 846818, 984535, 424516, 115457, 626387, 141209, 37.1, 45.3, 1.00
M, 741409, 398022, 846701, 985508, 424792, 115445, 626815, 141228, 37.1, 45.3, 1.00
M, 742301, 398269, 847247, 987080, 425232, 115494, 627336, 141334, 37.1, 45.3, 1.00
M, 743077, 398619, 847387, 988211, 425585, 115548, 627809, 141350, 37.1, 45.3, 1.00
M, 744014, 398816, 847702, 989487, 425954, 115501, 628248, 141550, 37.1, 45.3, 1.00
M, 745003, 399218, 847847, 990619, 426384, 115540, 628757, 141555, 37.1, 45.3, 0.99
M, 745164, 399337, 847372, 991089, 426524, 115484, 628954, 141510, 37.1, 45.3, 1.00
M, 747523, 399987, 849413, 994154, 427295, 115724, 629880, 141856, 37.1, 45.3, 1.00
M, 747636, 400100, 849101, 994308, 427447, 115694, 630006, 141847, 37.1, 45.3, 1.00
M, 748018, 400346, 849034, 995162, 427745, 115734, 630347, 141851, 37.1, 45.3, 1.00
M, 748281, 400633, 848643, 995677, 427994, 115720, 630621, 141829, 37.1, 45.3, 1.00
M, 748678, 400802, 848453, 996101, 428239, 115718, 630989, 141823, 37.1, 45.3, 1.00
M, 749269, 401030, 848544, 996951, 428471, 115693, 631289, 141842, 37.1, 45.3, 1.00
M, 749697, 401307, 848598, 997999, 428701, 115753, 631625, 141924, 37.1, 45.3, 1.00
M, 750601, 401605, 849246, 999275, 429028, 115766, 632052, 142071, 37.1, 45.3, 0.99
M, 750864, 401877, 849002, 999547, 429278, 115786, 632316, 142078, 37.1, 45.3, 1.00
M, 751836, 402153, 849734, 1000976, 429645, 115835, 632649, 142183, 37.1, 45.3, 1.00
M, 752463, 402441, 849940, 1001803, 429868, 115941, 633053, 142273, 37.1, 45.3, 1.00
M, 752640, 402718, 849602, 1002211, 430111, 115888, 633299, 142201, 37.1, 45.3, 1.00
M, 753537, 402899, 850440, 1003567, 430475, 115945, 633646, 142347, 37.1, 45.3, 1.00
M, 753844, 403194, 850489, 1004167, 430664, 115966, 633928, 142384, 37.1, 45.3, 1.00
M, 754309, 403457, 850579, 1004870, 430846, 115941, 634189, 142493, 37.1, 45.3, 1.00
M, 754761, 403696, 850629, 1005454, 431025, 116011, 634442, 142465, 37.1, 45.3, 1.00
M, 755706, 404069, 851585, 1006775, 431437, 116063, 634897, 142562, 37.1, 45.3, 1.00
M, 755996, 404346, 851733, 1007562, 431639, 116056, 635119, 142559, 37.1, 45.3, 1.00
M, 756790, 404617, 852226, 1008416, 431916, 116084, 635403, 142686, 37.1, 45.3, 1.00
M, 757070, 404955, 852236, 1008899, 432099, 116152, 635695, 142732, 37.1, 45.3, 1.00
M, 758444, 405210, 853775, 1010895, 432438, 116355, 636091, 143006, 37.1, 45.3, 1.00
M, 757724, 405631, 852478, 1009547, 432609, 116229, 636175, 142676, 37.1, 45.3, 1.00
M, 757557, 405480, 852006, 1010118, 432539, 116254, 636109, 142691, 37.1, 45.3, 1.00
M, 758147, 405729, 852541, 1011099, 432738, 116294, 636468, 142887, 37.1, 45.3, 1.00
M, 758718, 406000, 852990, 1011964, 432984, 116294, 636778, 142916, 37.1, 45.3, 1.01
M, 759275, 406175, 853359, 1012453, 433192, 116367, 636937, 143015, 37.1, 45.3, 1.00
M, 760063, 406543, 854146, 1013704, 433425, 116387, 637256, 143112, 37.1, 45.4, 1.01
M, 760567, 406814, 854479, 1014446, 433730, 116406, 637492, 143164, 37.1, 45.4, 1.00
M, 760834, 407000, 854625, 1014786, 433913, 116506, 637718, 143186, 37.1, 45.3, 1.00
M, 761010, 407187, 854787, 1015364, 433955, 116543, 637881, 143268, 37.1, 45.3, 0.99
M, 761619, 407433, 855404, 1016293, 434257, 116567, 638148, 143342, 37.1, 45.3, 0.99
M, 762036, 407695, 855537, 1016555, 434318, 116572, 638358, 143272, 37.1, 45.3, 1.00
M, 762029, 407891, 855412, 1016834, 434475, 116635, 638449, 143294, 37.2, 45.4, 1.01
M, 761991, 407968, 855404, 1017114, 434541, 116631, 638499, 143317, 37.2, 45.4, 1.00
M, 762153, 408111, 855407, 1017530, 434614, 116641, 638625, 143291, 37.2, 45.4, 1.00
M, 762421, 408196, 855582, 1017830, 434756, 116639, 638741, 143403, 37.2, 45.4, 1.00
M, 763180, 408594, 856332, 1018911, 435040, 116736, 639069, 143456, 37.2, 45.3, 0.99
M, 763376, 408716, 856554, 1019195, 435186, 116670, 639217, 143505, 37.2, 45.3, 1.00
M, 763614, 408835, 856630, 1019529, 435216, 116767, 639372, 143497, 37.2, 45.3, 1.01
M, 763998, 409127, 857086, 1020418, 435421, 116750, 639549, 143612, 37.2, 45.3, 0.99
M, 765476, 409574, 858861, 1022278, 435847, 116932, 640010, 143936, 37.2, 45.4, 1.00
M, 765414, 409722, 858726, 1022319, 435874, 116942, 640097, 143844, 37.2, 45.4, 1.00
M, 765082, 409888, 858314, 1022137, 435971, 116979, 640159, 143680, 37.2, 45.4, 1.00
M, 765017, 409958, 858188, 1022120, 435926, 116877, 640084, 143725, 37.2, 45.4, 1.00
M, 765339, 410050, 858437, 1022602, 436076, 116968, 640253, 143747, 37.2, 45.4, 1.00
M, 765424, 410139, 858387, 1022789, 436096, 116965, 640378, 143775, 37.2, 45.4, 1.00
M, 765490, 410149, 858696, 1023169, 436200, 117010, 640447, 143824, 37.2, 45.4, 1.00
M, 765942, 410473, 859201, 1023876, 436406, 117035, 640576, 143934, 37.2, 45.4, 1.01
M, 766198, 410572, 859287, 1023995, 436456, 117015, 640703, 143894, 37.2, 45.4, 1.00
M, 766062, 410669, 859331, 1024149, 436482, 117024, 640798, 143860, 37.2, 45.4, 1.00
M, 765854, 410699, 858985, 1024221, 436531, 117063, 640789, 143866, 37.2, 45.4, 1.00
M, 766238, 410900, 859480, 1024827, 436649, 117064, 640986, 143936, 37.2, 45.4, 0.99
M, 766501, 410972, 859758, 1025054, 436712, 117128, 641098, 144000, 37.2, 45.4, 1.00
M, 767025, 411233, 860215, 1025635, 436913, 117192, 641295, 143957, 37.2, 45.3, 1.00
M, 766909, 411287, 859885, 1025720, 436940, 117169, 641323, 143938, 37.2, 45.3, 1.00
M, 767251, 411409, 860478, 1026182, 437083, 117177, 641501, 143964, 37.2, 45.4, 1.01
M, 767146, 411429, 860486, 1026370, 437116, 117265, 641540, 144091, 37.2, 45.4, 1.00
M, 767581, 411671, 860993, 1027060, 437278, 117268, 641713, 144172, 37.2, 45.3, 1.01
M, 767810, 411805, 861081, 1026982, 437318, 117279, 641746, 144161, 37.2, 45.3, 1.00
M, 767688, 411804, 860530, 1026423, 437302, 117206, 641798, 144071, 37.2, 45.3, 1.00
M, 768653, 411979, 862300, 1028648, 437520, 117367, 642094, 144406, 37.2, 45.3, 0.99
M, 768339, 412268, 861578, 1027994, 437682, 117373, 642097, 144226, 37.2, 45.4, 1.00
M, 767942, 412072, 861298, 1027699, 437543, 117352, 642032, 144184, 37.2, 45.4, 0.99
M, 767402, 412153, 860461, 1027166, 437537, 117359, 642042, 144092, 37.2, 45.3, 1.00
M, 766934, 411957, 859876, 1026650, 437393, 117241, 641889, 143972, 37.2, 45.3, 1.00
M, 767355, 412067, 860531, 1027508, 437550, 117383, 641994, 144138, 37.2, 45.3, 1.00
M, 767815, 412174, 861005, 1028027, 437699, 117324, 642226, 144143, 37.2, 45.4, 1.00
M, 768035, 412222, 861179, 1028416, 437731, 117376, 642378, 144284, 37.2, 45.4, 1.00
M, 768663, 412504, 862077, 1029208, 437925, 117455, 642558, 144358, 37.2, 45.4, 1.00
M, 769146, 412540, 862473, 1029699, 438136, 117496, 642727, 144330, 37.2, 45.4, 1.00
M, 769153, 412612, 862451, 1029853, 438177, 117526, 642794, 144385, 37.2, 45.4, 1.00
M, 769298, 412730, 862570, 1030114, 438161, 117569, 642863, 144458, 37.2, 45.4, 1.01
M, 769556, 412897, 863112, 1030596, 438268, 117584, 642949, 144497, 37.2, 45.4, 1.00
M, 769752, 412922, 863289, 1030936, 438399, 117612, 643065, 144534, 37.2, 45.4, 0.99
M, 769801, 413084, 863612, 1031326, 438469, 117657, 643203, 144582, 37.2, 45.4, 1.00
M, 770130, 413136, 863950, 1031641, 438511, 117656, 643234, 144554, 37.2, 45.4, 1.00
M, 770213, 413231, 864040, 1031689, 438600, 117704, 643320, 144591, 37.2, 45.4, 1.00
M, 770343, 413371, 864302, 1032100, 438710, 117741, 643372, 144636, 37.2, 45.4, 1.00
M, 770632, 413425, 864601, 1032388, 438745, 117719, 643500, 144673, 37.2, 45.4, 0.99
M, 770987, 413590, 865005, 1032747, 438876, 117777, 643596, 144678, 37.2, 45.4, 0.99
M, 771996, 413749, 866353, 1034026, 439058, 117904, 643829, 144955, 37.2, 45.4, 0.99
M, 771708, 413956, 866021, 1033834, 439141, 117851, 643881, 144833, 37.2, 45.4, 1.00
M, 770797, 413868, 865117, 1032810, 438954, 117802, 643663, 144686, 37.2, 45.4, 0.99
M, 770639, 413737, 865090, 1032964, 438914, 117850, 643689, 144735, 37.2, 45.4, 1.00
M, 770627, 413869, 864996, 1032717, 438966, 117834, 643744, 144581, 37.2, 45.4, 1.00
M, 770624, 413769, 865053, 1032944, 438913, 117825, 643698, 144636, 37.2, 45.4, 1.01
M, 770891, 413889, 865438, 1033476, 439034, 117829, 643816, 144737, 37.2, 45.4, 1.00
M, 771031, 414006, 865665, 1033689, 439103, 117892, 643894, 144747, 37.2, 45.4, 1.00
M, 771119, 414020, 865775, 1033796, 439100, 117956, 643930, 144788, 37.2, 45.4, 1.00
M, 771607, 414124, 866445, 1034385, 439358, 117979, 644038, 144897, 37.2, 45.4, 1.00
M, 771156, 414146, 865901, 1033725, 439201, 117885, 644052, 144745, 37.2, 45.4, 1.00
M, 771097, 414094, 865742, 1033868, 439221, 117862, 644052, 144507, 37.2, 45.4, 1.01
M, 770311, 413855, 864933, 1033209, 439023, 117871, 643874, 144645, 37.2, 45.4, 1.01
M, 770693, 413985, 865362, 1033631, 439102, 117845, 644027, 144682, 37.2, 45.3, 0.99
M, 770950, 414039, 865689, 1034078, 439272, 117979, 644122, 144858, 37.2, 45.3, 1.00
M, 771703, 414286, 866612, 1034877, 439441, 117990, 644337, 144912, 37.2, 45.4, 1.00
M, 772005, 414341, 867170, 1035352, 439510, 118049, 644511, 144941, 37.2, 45.4, 0.99
M, 771767, 414332, 866862, 1035149, 439514, 117970, 644401, 144870, 37.2, 45.3, 1.00
M, 772160, 414435, 867235, 1035499, 439606, 118093, 644491, 144984, 37.2, 45.3, 1.00
M, 772263, 414516, 867597, 1035779, 439707, 118141, 644637, 145002, 37.2, 45.4, 1.00
M, 773862, 414899, 869728, 1037772, 440001, 118267, 644961, 145304, 37.2, 45.4, 1.01
M, 773722, 415014, 869369, 1037391, 440015, 118210, 645000, 145204, 37.2, 45.4, 1.00
M, 773667, 415054, 869697, 1037700, 440059, 118219, 645046, 145269, 37.2, 45.4, 1.00
M, 773171, 415077, 869119, 1037189, 440040, 118285, 644905, 145114, 37.2, 45.4, 0.99
M, 772965, 414994, 869018, 1037136, 439923, 118296, 644872, 145170, 37.2, 45.4, 0.99
M, 772889, 415079, 868964, 1036927, 439992, 118218, 644839, 145072, 37.2, 45.4, 1.01
M, 772796, 415063, 868824, 1036837, 439990, 118252, 644848, 145093, 37.2, 45.4, 0.99
M, 773026, 415093, 869171, 1037219, 440014, 118287, 644931, 145202, 37.2, 45.4, 0.99
M, 772914, 415001, 869244, 1037262, 440039, 118305, 645016, 145129, 37.2, 45.4, 0.99
M, 772859, 415056, 869313, 1037376, 439993, 118314, 644932, 145160, 37.2, 45.4, 1.00
M, 773243, 415168, 869917, 1037931, 440135, 118310, 645048, 145265, 37.2, 45.4, 1.00
M, 773504, 415342, 869990, 1037637, 440130, 118332, 645162, 145176, 37.2, 45.4, 1.00
M, 773407, 415251, 869989, 1037768, 440214, 118337, 645131, 145249, 37.2, 45.4, 1.00
M, 773312, 415310, 870074, 1038078, 440190, 118400, 645152, 145212, 37.2, 45.4, 1.00
M, 773567, 415434, 870572, 1038375, 440284, 118401, 645269, 145300, 37.2, 45.4, 1.00
M, 773345, 415311, 870229, 1037965, 440230, 118400, 645178, 145224, 37.2, 45.4, 0.99
M, 773820, 415418, 870998, 1038633, 440263, 118388, 645286, 145353, 37.2, 45.4, 1.00
M, 773823, 415451, 871199, 1038815, 440362, 118470, 645358, 145367, 37.2, 45.4, 1.01
M, 773822, 415568, 871170, 1038654, 440360, 118509, 645336, 145327, 37.2, 45.4, 1.00
M, 773854, 415610, 871324, 1039047, 440413, 118456, 645402, 145368, 37.2, 45.4, 0.99
M, 775346, 415777, 873352, 1040907, 440667, 118642, 645719, 145700, 37.2, 45.4, 1.00
M, 774966, 415898, 873059, 1040486, 440767, 118649, 645736, 145682, 37.2, 45.4, 1.01
M, 774486, 415887, 872290, 1039534, 440585, 118580, 645594, 145462, 37.2, 45.4, 1.00
M, 773756, 415765, 871714, 1039043, 440493, 118535, 645391, 145342, 37.2, 45.4, 1.00
M, 773206, 415624, 870957, 1038304, 440417, 118494, 645333, 145291, 37.2, 45.4, 1.00
M, 772941, 415526, 870746, 1038104, 440310, 118479, 645259, 145226, 37.2, 45.4, 1.00
M, 772926, 415673, 870888, 1038260, 440289, 118450, 645359, 145311, 37.2, 45.4, 1.00
M, 773018, 415502, 870919, 1038158, 440301, 118539, 645307, 145310, 37.2, 45.4, 1.00
M, 773461, 415545, 871641, 1038921, 440432, 118472, 645422, 145348, 37.2, 45.4, 1.00
M, 773680, 415565, 871822, 1039084, 440426, 118548, 645543, 145385, 37.2, 45.4, 1.00
M, 773688, 415649, 871979, 1039291, 440544, 118618, 645536, 145456, 37.2, 45.4, 1.00
M, 774173, 415842, 872683, 1039880, 440676, 118710, 645674, 145506, 37.2, 45.4, 1.00
M, 774399, 415841, 872869, 1039846, 440683, 118657, 645707, 145475, 37.2, 45.4, 1.00
M, 774294, 415761, 872855, 1039827, 440711, 118659, 645733, 145502, 37.2, 45.4, 0.99
M, 773855, 415715, 872395, 1039555, 440668, 118599, 645673, 145458, 37.2, 45.4, 1.00
M, 774269, 415798, 873015, 1040150, 440707, 118686, 645784, 145496, 37.2, 45.4, 1.01
M, 774277, 415872, 873319, 1040328, 440784, 118704, 645794, 145638, 37.2, 45.4, 1.00
M, 774736, 415970, 873828, 1040813, 440866, 118711, 645925, 145675, 37.2, 45.4, 0.99
M, 774377, 415869, 873310, 1040026, 440698, 118680, 645839, 145517, 37.2, 45.4, 1.00
M, 774439, 415922, 873482, 1040265, 440772, 118693, 645809, 145536, 37.2, 45.4, 1.00
M, 775731, 416154, 875342, 1042186, 441117, 118884, 646207, 145853, 37.2, 45.4, 1.00
M, 775524, 416338, 875082, 1041757, 441123, 118857, 646236, 145821, 37.2, 45.4, 1.01
M, 775019, 416202, 874662, 1041282, 441033, 118847, 646087, 145758, 37.2, 45.4, 1.00
M, 774794, 416090, 874455, 1040934, 441021, 118805, 646002, 145591, 37.2, 45.4, 1.00
M, 774731, 416102, 874407, 1040903, 440913, 118792, 645982, 145680, 37.2, 45.4, 1.00
M, 774722, 416124, 874492, 1040958, 441036, 118836, 646077, 145645, 37.2, 45.4, 0.99
M, 774663, 416078, 874620, 1041192, 440972, 118905, 646054, 145673, 37.2, 45.4, 1.01
M, 774958, 416180, 875108, 1041605, 441019, 118924, 646128, 145834, 37.2, 45.4, 1.00
M, 775222, 416258, 875491, 1041810, 441122, 118930, 646166, 145798, 37.2, 45.4, 1.00
M, 775332, 416281, 875715, 1041834, 441236, 118962, 646256, 145705, 37.2, 45.4, 1.00
M, 775367, 416281, 875663, 1041801, 441214, 118856, 646196, 145734, 37.2, 45.4, 1.00
M, 775028, 416275, 875621, 1041819, 441131, 118938, 646166, 145761, 37.2, 45.4, 1.01
M, 775234, 416332, 875730, 1041909, 441142, 118960, 646234, 145854, 37.2, 45.4, 1.00
M, 775259, 416300, 876050, 1042082, 441176, 118996, 646336, 145842, 37.2, 45.4, 0.99
M, 775622, 416454, 876700, 1042623, 441269, 119046, 646380, 145903, 37.2, 45.4, 1.00
M, 775826, 416531, 876918, 1042532, 441320, 119046, 646391, 145881, 37.2, 45.4, 1.00
M, 775684, 416461, 876907, 1042529, 441316, 119105, 646373, 145896, 37.2, 45.4, 1.01
M, 775765, 416576, 877153, 1042799, 441354, 119098, 646469, 145930, 37.2, 45.4, 1.00
M, 775689, 416597, 877264, 1042846, 441300, 119107, 646388, 145929, 37.2, 45.4, 1.00
M, 775981, 416610, 877678, 1042957, 441409, 119065, 646515, 146015, 37.2, 45.4, 1.00
M, 777393, 416885, 879736, 1044996, 441726, 119288, 646891, 146372, 37.2, 45.4, 1.01
M, 777003, 417040, 879332, 1044344, 441736, 119213, 646825, 146188, 37.2, 45.4, 1.00
M, 776635, 416940, 878895, 1043952, 441583, 119277, 646699, 146099, 37.2, 45.4, 1.00
M, 776527, 416914, 879054, 1043997, 441548, 119258, 646674, 146096, 37.2, 45.4, 0.99
M, 776126, 416921, 878627, 1043473, 441580, 119203, 646597, 146043, 37.2, 45.3, 1.01
M, 776041, 416855, 878458, 1043008, 441458, 119194, 646490, 145945, 37.2, 45.3, 1.00
M, 775467, 416850, 878112, 1042811, 441406, 119169, 646421, 145906, 37.2, 45.4, 1.01
M, 775348, 416640, 878012, 1042745, 441301, 119122, 646354, 145914, 37.2, 45.4, 1.00
M, 775691, 416714, 878426, 1043012, 441472, 119182, 646462, 145998, 37.2, 45.4, 1.00
M, 775669, 416725, 878500, 1043016, 441375, 119207, 646438, 145984, 37.3, 45.3, 1.00
M, 775646, 416693, 878655, 1042981, 441416, 119220, 646481, 145955, 37.3, 45.3, 1.00
M, 775453, 416695, 878611, 1043009, 441373, 119218, 646388, 146034, 37.2, 45.4, 1.00
M, 776010, 416827, 879409, 1043281, 441579, 119291, 646584, 146043, 37.2, 45.4, 1.00
M, 775855, 416738, 879337, 1043314, 441462, 119253, 646533, 146072, 37.2, 45.3, 1.00
M, 775622, 416716, 879164, 1043333, 441468, 119249, 646538, 146074, 37.2, 45.3, 1.00
M, 775875, 416788, 879564, 1043696, 441539, 119286, 646597, 146111, 37.2, 45.3, 1.00
M, 776014, 416797, 879773, 1043456, 441509, 119302, 646640, 146028, 37.2, 45.3, 1.00
M, 775780, 416804, 879612, 1043246, 441462, 119233, 646564, 146018, 37.3, 45.4, 1.00
M, 775594, 416786, 879581, 1043325, 441446, 119243, 646580, 146069, 37.3, 45.4, 1.00
M, 776066, 416779, 879951, 1043617, 441508, 119343, 646621, 146119, 37.3, 45.4, 1.00
M, 777233, 417063, 881844, 1045322, 441838, 119439, 646925, 146384, 37.3, 45.4, 0.99
M, 776909, 417075, 881551, 1044973, 441820, 119467, 646832, 146309, 37.3, 45.3, 1.01
M, 776396, 417007, 880871, 1044028, 441656, 119372, 646736, 146103, 37.3, 45.3, 1.00
M, 775742, 416870, 880196, 1043329, 441463, 119355, 646531, 145978, 37.3, 45.3, 1.00
M, 775455, 416821, 880054, 1043380, 441419, 119347, 646576, 146076, 37.3, 45.3, 1.00
M, 774914, 416700, 879177, 1042443, 441301, 119328, 646432, 145958, 37.3, 45.3, 1.01
M, 774980, 416600, 879534, 1042521, 441262, 119293, 646451, 146063, 37.3, 45.3, 0.99
M, 774816, 416657, 879427, 1042581, 441394, 119260, 646504, 145993, 37.3, 45.3, 1.00
M, 774929, 416601, 879663, 1042636, 441311, 119318, 646487, 146019, 37.3, 45.3, 1.00
M, 775389, 416602, 880179, 1043239, 441424, 119379, 646542, 146084, 37.3, 45.3, 0.99
M, 775536, 416672, 880494, 1043508, 441474, 119345, 646670, 146091, 37.3, 45.3, 1.00
M, 775643, 416658, 880707, 1043683, 441548, 119413, 646677, 146260, 37.3, 45.3, 1.01
M, 776187, 416801, 881423, 1044237, 441653, 119471, 646860, 146335, 37.3, 45.3, 0.99
M, 776348, 416947, 881785, 1044256, 441759, 119487, 646810, 146311, 37.3, 45.3, 1.00
M, 776291, 416872, 881838, 1044285, 441728, 119472, 646823, 146260, 37.3, 45.3, 1.00
M, 775985, 416767, 881327, 1043977, 441594, 119433, 646820, 146247, 37.3, 45.3, 1.00
M, 776341, 416787, 881952, 1044434, 441718, 119545, 646833, 146362, 37.3, 45.3, 1.01
M, 775996, 416831, 881825, 1044290, 441705, 119502, 646833, 146288, 37.3, 45.3, 1.01
M, 776506, 416949, 882543, 1044814, 441778, 119526, 646938, 146379, 37.3, 45.3, 1.01
M, 776762, 416971, 882957, 1044852, 441836, 119564, 647021, 146313, 37.3, 45.3, 0.99
