State, OV, Alc, H2, AC1, NH3, AC2, VOC, LP, Temp, Hud, AirFlow
A, 684353, 361712, 1016870, 941050, 372799, 125233, 542202, 154756, 39.3, 45.9, 0.00
A, 673893, 358995, 998776, 927419, 369887, 123829, 538927, 152258, 39.3, 45.9, 0.59
A, 665515, 356308, 983671, 915952, 367457, 122551, 536672, 150143, 39.2, 45.9, 0.72
A, 657895, 353927, 969382, 906312, 365730, 121278, 535830, 148308, 39.2, 45.9, 0.83
A, 652864, 352313, 958115, 899195, 365035, 120339, 536182, 147046, 39.1, 45.8, 0.89
A, 649362, 351249, 948838, 894073, 364764, 119536, 536944, 146203, 39.1, 45.8, 0.93
A, 647588, 350672, 941462, 890548, 364917, 118800, 538100, 145640, 39.0, 45.7, 0.95
A, 646492, 350256, 934098, 887583, 365292, 118161, 539449, 145208, 39.0, 45.7, 0.98
A, 646052, 349994, 928606, 885998, 365742, 117655, 540768, 144950, 38.9, 45.5, 0.99
A, 646314, 350004, 924387, 885539, 366319, 117188, 542044, 144829, 38.9, 45.5, 0.98
A, 647335, 350268, 919935, 885399, 367110, 116803, 543634, 144892, 38.8, 45.4, 0.99
A, 648479, 350359, 917397, 885714, 367690, 116588, 544715, 144955, 38.8, 45.4, 0.99
A, 650514, 350874, 914202, 886851, 368822, 116241, 546698, 145044, 38.8, 45.3, 1.00
A, 651874, 351143, 912440, 887617, 369428, 116052, 547723, 145122, 38.8, 45.3, 1.00
A, 654055, 351685, 911264, 889132, 370252, 115907, 549165, 145304, 38.8, 45.3, 0.99
A, 656212, 352211, 909871, 890764, 371199, 115762, 550630, 145498, 38.8, 45.1, 1.00
A, 658130, 352634, 908567, 892387, 372085, 115587, 551907, 145725, 38.8, 45.1, 1.00
A, 660581, 353386, 908091, 894573, 373059, 115519, 553333, 145934, 38.7, 45.0, 1.01
A, 663131, 354225, 907324, 896476, 374065, 115428, 554850, 146140, 38.7, 45.0, 1.00
A, 665233, 354831, 906466, 898153, 374964, 115346, 556184, 146262, 38.7, 44.9, 0.99
A, 668493, 355691, 908081, 901921, 376096, 115520, 557845, 146831, 38.7, 44.9, 0.99
A, 670779, 356640, 907780, 903806, 377162, 115441, 559187, 146911, 38.6, 44.9, 1.00
A, 671828, 357233, 906282, 904719, 377836, 115357, 560158, 147013, 38.6, 44.9, 1.01
A, 674105, 357965, 904937, 904826, 378651, 115214, 561357, 146881, 38.6, 44.8, 1.01
A, 675445, 358582, 904496, 907541, 379432, 115219, 562607, 147107, 38.6, 44.8, 0.99
A, 677139, 359423, 904134, 909131, 380255, 115228, 563758, 147252, 38.6, 44.8, 1.01
A, 678700, 360135, 903810, 910763, 381065, 115223, 564789, 147386, 38.6, 44.8, 0.99
A, 680751, 360978, 903965, 912865, 381959, 115169, 566035, 147605, 38.6, 44.7, 1.02
A, 682492, 361731, 903815, 914375, 382827, 115286, 567142, 147760, 38.6, 44.7, 1.00
A, 684618, 362785, 904058, 916517, 383757, 115238, 568466, 147932, 38.5, 44.6, 1.00
A, 686019, 363545, 903860, 918063, 384487, 115278, 569404, 147987, 38.5, 44.6, 0.99
A, 687555, 364389, 903255, 919220, 385278, 115257, 570498, 147982, 38.5, 44.6, 1.00
A, 688640, 365023, 903136, 920640, 385875, 115284, 571252, 148216, 38.5, 44.6, 1.01
A, 690329, 366224, 902863, 922374, 386804, 115321, 572569, 148310, 38.5, 44.5, 1.00
A, 691468, 366664, 902587, 923220, 387337, 115307, 573269, 148435, 38.5, 44.5, 1.00
A, 692627, 367470, 902692, 924846, 387956, 115330, 574096, 148491, 38.5, 44.5, 1.00
A, 693967, 368293, 902787, 926169, 388687, 115351, 575013, 148672, 38.5, 44.5, 1.01
A, 695033, 368942, 902634, 927434, 389314, 115430, 575868, 148773, 38.5, 44.5, 0.99
A, 696698, 369876, 903065, 929119, 390067, 115535, 576784, 148917, 38.5, 44.4, 1.02
A, 698019, 370615, 903144, 930323, 390814, 115507, 577771, 148945, 38.5, 44.4, 1.00
A, 700549, 371607, 905093, 933224, 391671, 115715, 578848, 149370, 38.4, 44.4, 1.00
A, 701401, 372464, 905171, 934277, 392271, 115740, 579679, 149421, 38.4, 44.4, 1.00
A, 702079, 373242, 904755, 935118, 392835, 115744, 580330, 149398, 38.4, 44.4, 1.00
A, 702870, 373871, 904534, 935986, 393317, 115743, 580973, 149523, 38.4, 44.4, 1.01
A, 703653, 374529, 904276, 936930, 393901, 115732, 581650, 149498, 38.4, 44.4, 0.99
A, 704537, 375404, 903993, 937669, 394394, 115734, 582382, 149455, 38.4, 44.4, 1.00
A, 704957, 375953, 903402, 938221, 394837, 115739, 582956, 149456, 38.4, 44.3, 1.01
A, 705461, 376476, 903076, 939020, 395283, 115824, 583567, 149520, 38.4, 44.3, 1.00
A, 706510, 377244, 903295, 940146, 395845, 115831, 584273, 149661, 38.4, 44.3, 1.01
A, 707215, 377744, 903216, 940977, 396295, 115886, 584830, 149683, 38.4, 44.3, 1.01
A, 708249, 378655, 903354, 942049, 396882, 115906, 585687, 149774, 38.4, 44.3, 1.00
A, 708720, 379208, 903152, 942603, 397247, 115895, 586149, 149747, 38.4, 44.3, 1.00
A, 708920, 379815, 902239, 943019, 397705, 115925, 586732, 149690, 38.3, 44.2, 1.01
A, 709384, 380190, 902167, 943683, 398010, 115905, 587158, 149795, 38.3, 44.2, 1.00
A, 710475, 380819, 902436, 944792, 398467, 115972, 587737, 149899, 38.3, 44.2, 1.00
A, 711305, 381472, 902665, 945830, 398941, 116041, 588295, 149979, 38.3, 44.2, 0.99
A, 712068, 382058, 902934, 946727, 399476, 116083, 588976, 150066, 38.3, 44.2, 1.00
A, 712264, 382699, 901751, 946269, 399757, 115990, 589458, 149914, 38.3, 44.2, 1.00
A, 712745, 382988, 901950, 947502, 400073, 116040, 589845, 149980, 38.3, 44.2, 1.00
A, 713749, 383666, 902640, 948844, 400571, 116101, 590465, 150180, 38.3, 44.2, 1.00
A, 716038, 384428, 905088, 951690, 401288, 116314, 591333, 150656, 38.3, 44.2, 0.99
A, 716773, 385273, 905518, 952682, 401847, 116396, 591939, 150678, 38.3, 44.2, 1.01
A, 717414, 385813, 905398, 953143, 402205, 116438, 592350, 150614, 38.3, 44.2, 1.00
A, 717505, 386360, 905048, 953546, 402470, 116404, 592708, 150579, 38.3, 44.2, 1.00
A, 717850, 386787, 904987, 954188, 402733, 116463, 593109, 150654, 38.3, 44.2, 1.00
A, 718063, 387224, 904392, 954266, 403056, 116496, 593482, 150522, 38.3, 44.2, 1.00
A, 718394, 387703, 904348, 954781, 403235, 116497, 593882, 150596, 38.3, 44.2, 1.01
A, 719177, 388223, 904587, 955556, 403665, 116521, 594388, 150655, 38.3, 44.1, 0.99
A, 719283, 388619, 904285, 955906, 403985, 116487, 594707, 150551, 38.3, 44.1, 1.01
A, 719895, 389078, 904601, 956709, 404323, 116580, 595131, 150672, 38.3, 44.1, 1.00
A, 720131, 389562, 904370, 957230, 404542, 116626, 595450, 150658, 38.3, 44.1, 1.00
A, 720524, 389961, 904195, 957625, 404949, 116586, 595906, 150668, 38.3, 44.1, 1.01
A, 720874, 390370, 904060, 957911, 405154, 116662, 596206, 150677, 38.3, 44.1, 1.00
A, 720943, 390786, 903600, 958388, 405417, 116641, 596597, 150662, 38.2, 44.1, 1.00
A, 721067, 391013, 903661, 958713, 405551, 116688, 596785, 150634, 38.2, 44.1, 1.00
A, 721837, 391393, 903910, 959481, 405905, 116732, 597204, 150785, 38.2, 44.1, 1.00
A, 722276, 391851, 904065, 960114, 406233, 116743, 597543, 150778, 38.2, 44.1, 0.99
A, 722580, 392260, 903894, 960392, 406396, 116767, 597938, 150748, 38.2, 44.1, 1.01
A, 722582, 392495, 903642, 960859, 406605, 116767, 598178, 150830, 38.2, 44.1, 1.01
A, 723488, 392920, 904287, 961794, 407010, 116847, 598646, 150796, 38.2, 44.1, 1.01
A, 725459, 393540, 906479, 964231, 407493, 117047, 599312, 151216, 38.2, 44.1, 1.00
A, 725300, 394149, 906110, 964305, 407799, 117055, 599589, 151197, 38.2, 44.1, 1.00
A, 725489, 394346, 905669, 964337, 407884, 117049, 599761, 151134, 38.2, 44.1, 1.00
A, 725508, 394665, 905412, 964410, 408081, 117037, 599994, 151025, 38.2, 44.1, 1.00
A, 725454, 394875, 904885, 964377, 408149, 117039, 600147, 150979, 38.2, 44.0, 1.00
A, 725460, 395070, 904478, 964539, 408377, 117089, 600415, 150951, 38.2, 44.0, 1.00
A, 725781, 395425, 904614, 964991, 408576, 117095, 600653, 150992, 38.2, 44.0, 1.00
A, 725825, 395689, 904336, 965284, 408678, 117038, 600829, 150994, 38.2, 44.0, 1.00
A, 726205, 395982, 904533, 965804, 408941, 117104, 601139, 151042, 38.2, 44.0, 1.01
A, 726557, 396264, 904355, 966033, 409158, 117121, 601387, 151004, 38.2, 44.0, 0.99
A, 726557, 396546, 904156, 966196, 409274, 117097, 601596, 150927, 38.2, 44.0, 1.00
A, 726528, 396683, 903787, 966449, 409393, 117125, 601806, 150987, 38.2, 44.0, 1.00
A, 726922, 396984, 903788, 966538, 409666, 117174, 602125, 150870, 38.2, 44.0, 1.00
A, 726889, 397036, 903621, 966960, 409705, 117119, 602141, 150957, 38.2, 44.0, 1.00
A, 726266, 397362, 902166, 966394, 409874, 117121, 602396, 150778, 38.2, 44.0, 1.00
A, 726620, 397359, 902192, 966412, 409815, 117036, 602522, 150707, 38.2, 44.0, 1.00
A, 727077, 397531, 902606, 967351, 410111, 117150, 602757, 150849, 38.2, 44.0, 0.99
A, 727458, 397778, 902748, 967895, 410277, 117153, 603003, 150871, 38.2, 44.0, 1.00
A, 727787, 398076, 902784, 968373, 410489, 117235, 603361, 150949, 38.2, 44.0, 1.00
A, 728437, 398344, 903124, 968972, 410789, 117304, 603672, 151035, 38.2, 44.0, 1.01
A, 730759, 398999, 906243, 971917, 411410, 117516, 604393, 151437, 38.2, 44.0, 1.00
A, 730636, 399355, 905778, 971790, 411548, 117506, 604535, 151359, 38.2, 44.0, 1.01
A, 730762, 399547, 905631, 971938, 411660, 117519, 604698, 151317, 38.2, 44.0, 1.00
A, 730626, 399670, 905171, 972044, 411709, 117482, 604772, 151219, 38.1, 44.0, 1.00
A, 730630, 399925, 905024, 972111, 411854, 117553, 604939, 151276, 38.1, 44.0, 1.00
A, 730644, 400010, 904921, 972252, 411963, 117575, 605105, 151264, 38.1, 44.0, 1.00
A, 730865, 400221, 904770, 972473, 412077, 117530, 605282, 151177, 38.1, 44.0, 1.00
A, 730720, 400392, 904456, 972630, 412198, 117573, 605364, 151119, 38.1, 44.0, 1.01
A, 730609, 400403, 904012, 972564, 412296, 117574, 605512, 151151, 38.1, 44.0, 1.00
A, 731024, 400734, 904150, 972914, 412474, 117611, 605728, 151173, 38.1, 44.0, 0.99
A, 731092, 400841, 904041, 973014, 412541, 117616, 605886, 151052, 38.1, 44.0, 1.01
A, 731049, 400967, 903638, 972920, 412654, 117593, 605962, 151058, 38.1, 44.0, 0.99
A, 731096, 401078, 903455, 973041, 412704, 117582, 606115, 151023, 38.1, 44.0, 1.00
A, 730963, 401235, 902862, 972995, 412847, 117610, 606251, 150922, 38.1, 44.0, 0.99
A, 730982, 401230, 902899, 973347, 412833, 117603, 606350, 151016, 38.1, 44.0, 1.00
A, 731237, 401471, 902713, 973388, 413022, 117601, 606554, 150913, 38.1, 44.0, 0.99
A, 731353, 401561, 902531, 973549, 413091, 117607, 606653, 150949, 38.1, 44.0, 1.01
A, 731590, 401620, 902805, 974155, 413219, 117642, 606918, 151035, 38.1, 44.0, 0.99
A, 731839, 401811, 902899, 974480, 413362, 117663, 607029, 151039, 38.1, 44.0, 1.00
A, 731962, 401939, 902899, 974707, 413494, 117674, 607121, 150950, 38.1, 44.0, 1.00
A, 734100, 402387, 905475, 977357, 413994, 117913, 607766, 151506, 38.1, 44.0, 1.00
A, 734061, 402823, 905152, 977083, 414204, 117914, 607986, 151310, 38.1, 44.0, 0.99
A, 733918, 402794, 904658, 976894, 414181, 117885, 607981, 151243, 38.1, 44.0, 1.00
A, 733848, 402850, 904627, 977267, 414283, 117921, 608113, 151265, 38.1, 44.0, 1.00
A, 733471, 402933, 903996, 976918, 414232, 117873, 608097, 151106, 38.1, 44.0, 1.00
A, 733336, 402946, 903460, 976615, 414255, 117815, 608175, 151036, 38.1, 44.0, 1.01
A, 733608, 403055, 903482, 976982, 414419, 117880, 608337, 151122, 38.1, 44.0, 0.99
A, 733640, 403235, 903731, 977343, 414498, 117880, 608453, 151086, 38.1, 44.0, 1.00
A, 733629, 403301, 903377, 977325, 414576, 117885, 608580, 151043, 38.1, 44.0, 1.00
A, 734004, 403375, 903651, 977701, 414674, 117899, 608774, 151118, 38.1, 44.0, 1.00
A, 734029, 403466, 903462, 978017, 414729, 117880, 608840, 151133, 38.1, 44.0, 1.02
A, 733906, 403545, 902947, 977653, 414804, 117835, 608905, 150975, 38.1, 44.0, 1.00
A, 733972, 403564, 902672, 977618, 414911, 117962, 609049, 150968, 38.1, 44.0, 1.02
A, 733919, 403673, 902664, 978013, 414966, 117911, 609056, 150941, 38.1, 44.0, 1.00
A, 734008, 403837, 902505, 978140, 415159, 117940, 609329, 150965, 38.1, 44.0, 1.00
A, 734129, 403918, 902405, 978361, 415122, 117954, 609370, 150944, 38.1, 44.0, 1.00
A, 734152, 404047, 902161, 978394, 415352, 117968, 609523, 150907, 38.1, 44.0, 1.02
A, 734274, 404040, 902092, 978480, 415287, 118004, 609526, 150884, 38.1, 44.0, 1.00
A, 734624, 404230, 902281, 978868, 415434, 117988, 609670, 150951, 38.1, 44.0, 0.99
A, 734557, 404184, 902202, 979041, 415529, 117985, 609833, 150856, 38.1, 44.0, 1.00
A, 736314, 404490, 904599, 981344, 415938, 118277, 610256, 151340, 38.1, 44.0, 1.00
A, 736673, 404820, 904811, 981724, 416155, 118256, 610562, 151282, 38.1, 44.0, 1.00
A, 736604, 404873, 904443, 981416, 416183, 118179, 610600, 151189, 38.1, 44.0, 1.00
A, 736342, 404955, 904035, 981328, 416093, 118222, 610659, 151131, 38.1, 44.0, 1.01
A, 736358, 405028, 904129, 981578, 416214, 118234, 610723, 151169, 38.1, 44.0, 1.00
A, 736191, 405161, 903880, 981647, 416245, 118229, 610717, 151106, 38.1, 44.1, 1.00
A, 736304, 405182, 903759, 981585, 416252, 118242, 610764, 151083, 38.1, 44.1, 1.00
A, 736555, 405257, 903916, 981966, 416464, 118263, 610847, 151125, 38.1, 44.1, 1.00
A, 736613, 405312, 903803, 981969, 416493, 118277, 610969, 151029, 38.1, 44.1, 1.00
A, 736493, 405382, 903499, 981844, 416523, 118303, 611075, 150984, 38.1, 44.1, 1.00
A, 736295, 405323, 903256, 982000, 416500, 118309, 611105, 150974, 38.1, 44.1, 1.00
A, 736565, 405443, 903554, 982316, 416616, 118338, 611301, 151074, 38.1, 44.1, 1.00
A, 736508, 405570, 903258, 982324, 416644, 118365, 611326, 151065, 38.1, 44.1, 1.00
A, 736918, 405703, 903551, 982569, 416806, 118298, 611465, 151032, 38.1, 44.1, 1.00
A, 736706, 405635, 903341, 982613, 416843, 118345, 611511, 150959, 38.1, 44.1, 1.00
A, 736657, 405787, 902913, 982477, 416890, 118300, 611547, 150932, 38.1, 44.1, 1.00
A, 736628, 405667, 902922, 982626, 416891, 118359, 611569, 150944, 38.1, 44.1, 1.00
A, 736489, 405763, 902465, 982440, 416950, 118353, 611680, 150864, 38.1, 44.1, 1.00
A, 736556, 405707, 902206, 982365, 416918, 118375, 611672, 150839, 38.1, 44.1, 1.00
A, 736542, 405750, 902288, 982667, 416906, 118276, 611706, 150783, 38.1, 44.1, 1.00
A, 738408, 406125, 904861, 985093, 417359, 118461, 612240, 151208, 38.1, 44.1, 1.00
A, 738187, 406248, 904473, 984783, 417455, 118511, 612283, 151141, 38.1, 44.1, 1.00
A, 738261, 406365, 904468, 984968, 417559, 118604, 612363, 151160, 38.1, 44.1, 1.00
A, 737942, 406312, 903809, 984450, 417498, 118470, 612377, 150958, 38.1, 44.1, 1.00
A, 737673, 406270, 903326, 984181, 417516, 118524, 612399, 150880, 38.0, 44.1, 1.00
A, 737757, 406335, 903284, 984452, 417501, 118452, 612393, 150916, 38.0, 44.1, 1.00
A, 737667, 406360, 903145, 984346, 417578, 118523, 612459, 150912, 38.0, 44.1, 1.00
A, 737610, 406410, 903108, 984541, 417614, 118539, 612523, 150884, 38.0, 44.1, 1.00
A, 737999, 406563, 903374, 984958, 417766, 118513, 612646, 150949, 38.0, 44.1, 1.00
A, 738129, 406565, 903377, 984901, 417819, 118532, 612728, 150895, 38.0, 44.1, 1.00
A, 738013, 406613, 903149, 984862, 417811, 118518, 612746, 150882, 38.0, 44.1, 1.00
A, 738045, 406641, 903255, 985250, 417867, 118612, 612871, 150896, 38.0, 44.1, 1.00
A, 738128, 406678, 903198, 985357, 417910, 118570, 612915, 150924, 38.0, 44.1, 1.00
A, 738281, 406693, 903153, 985502, 417942, 118619, 613001, 150930, 38.0, 44.1, 1.00
A, 738493, 406815, 903301, 985711, 418127, 118690, 613119, 150860, 38.0, 44.1, 1.00
A, 738271, 406801, 902855, 985487, 418019, 118614, 613126, 150840, 38.0, 44.1, 1.00
A, 738100, 406857, 902662, 985419, 418087, 118634, 613134, 150830, 38.0, 44.1, 1.00
A, 738039, 406805, 902588, 985554, 418074, 118599, 613162, 150808, 38.0, 44.1, 1.00
A, 738343, 406894, 902858, 986015, 418111, 118669, 613346, 150887, 38.0, 44.1, 1.00
A, 738626, 406969, 903022, 986198, 418315, 118677, 613371, 150917, 38.0, 44.1, 0.99
A, 740666, 407339, 905893, 988733, 418771, 118887, 613902, 151301, 38.0, 44.1, 1.00
A, 740312, 407451, 905305, 988165, 418729, 118840, 613934, 151121, 38.0, 44.1, 0.99
A, 739942, 407431, 904710, 987906, 418725, 118845, 613804, 151010, 38.0, 44.1, 1.00
A, 739899, 407503, 904778, 987987, 418741, 118847, 613906, 150997, 38.0, 44.1, 1.00
A, 739662, 407439, 904369, 987746, 418716, 118894, 613849, 151000, 38.0, 44.1, 0.99
A, 739819, 407568, 904589, 988067, 418847, 118911, 613940, 151036, 38.0, 44.1, 1.00
A, 739519, 407538, 904063, 987558, 418765, 118803, 613944, 150852, 38.0, 44.1, 0.99
A, 739267, 407511, 903729, 987485, 418810, 118863, 613939, 150808, 38.0, 44.1, 1.01
A, 738962, 407505, 903256, 987261, 418652, 118892, 613930, 150756, 38.0, 44.1, 1.00
A, 739084, 407494, 903414, 987499, 418733, 118858, 613986, 150827, 38.0, 44.1, 0.99
A, 739251, 407479, 903421, 987611, 418756, 118816, 614018, 150809, 38.0, 44.1, 1.00
A, 739466, 407551, 903583, 987672, 418861, 118878, 614131, 150796, 38.0, 44.1, 1.00
A, 739361, 407602, 903307, 987672, 418863, 118830, 614090, 150762, 38.0, 44.1, 0.99
A, 739385, 407561, 903485, 987856, 418926, 118937, 614210, 150727, 38.0, 44.1, 1.01
A, 739324, 407570, 903370, 987960, 418883, 118941, 614153, 150748, 38.0, 44.1, 1.00
A, 739365, 407587, 903268, 987938, 419109, 118918, 614287, 150711, 38.0, 44.1, 1.00
A, 739505, 407590, 903110, 987775, 418991, 118918, 614344, 150712, 38.0, 44.1, 1.00
A, 739196, 407622, 902753, 987799, 419020, 118905, 614332, 150643, 38.0, 44.1, 1.00
A, 739128, 407585, 902735, 987850, 418919, 118876, 614338, 150629, 38.0, 44.1, 1.00
A, 739496, 407546, 903028, 988108, 419015, 118927, 614444, 150668, 38.0, 44.1, 1.00
A, 741105, 407897, 905310, 990166, 419439, 119143, 614913, 151068, 38.0, 44.1, 0.99
A, 741121, 408077, 905087, 990034, 419559, 119080, 614958, 150983, 38.0, 44.1, 1.00
A, 740765, 408092, 904698, 989952, 419453, 119152, 614902, 150979, 38.0, 44.1, 1.00
A, 740787, 408094, 904837, 990007, 419530, 119036, 614987, 150925, 38.0, 44.1, 1.01
A, 740515, 408092, 904426, 989754, 419466, 119081, 614868, 150816, 38.0, 44.1, 1.00
A, 739852, 407997, 903413, 989007, 419364, 119118, 614753, 150719, 38.0, 44.1, 0.99
A, 739834, 407950, 903455, 989142, 419391, 119092, 614829, 150753, 38.0, 44.1, 1.00
A, 739999, 407957, 903428, 989115, 419392, 119052, 614844, 150639, 38.0, 44.1, 1.00
A, 739917, 407892, 903213, 988995, 419455, 119029, 614891, 150656, 38.0, 44.1, 1.00
A, 739863, 407881, 902968, 989104, 419434, 119031, 614924, 150651, 38.0, 44.1, 1.00
A, 740129, 408007, 903318, 989334, 419573, 119074, 615010, 150669, 38.0, 44.1, 0.99
A, 739953, 407936, 903275, 989396, 419569, 119113, 615044, 150634, 38.0, 44.1, 0.99
A, 740229, 407997, 903593, 989767, 419577, 119154, 615102, 150685, 38.0, 44.1, 1.00
A, 740457, 408045, 903541, 989670, 419652, 119153, 615205, 150654, 38.0, 44.1, 1.00
A, 740202, 408001, 903273, 989594, 419609, 119090, 615193, 150576, 38.0, 44.1, 0.99
A, 740065, 407998, 903061, 989621, 419601, 119061, 615159, 150570, 38.0, 44.1, 1.00
A, 740075, 408015, 902817, 989450, 419700, 119087, 615248, 150525, 38.0, 44.1, 1.00
A, 740098, 407965, 902830, 989595, 419692, 119175, 615301, 150565, 38.0, 44.1, 0.99
A, 739947, 408034, 902757, 989537, 419762, 119107, 615370, 150529, 38.0, 44.1, 1.00
A, 740020, 407981, 902431, 989556, 419679, 119154, 615334, 150451, 38.0, 44.1, 1.00
A, 741891, 408264, 905291, 992094, 420132, 119321, 615805, 150956, 38.0, 44.1, 1.00
A, 741858, 408444, 905149, 991972, 420206, 119314, 615864, 150809, 38.0, 44.1, 1.00
A, 741549, 408458, 904751, 991659, 420192, 119300, 615842, 150874, 38.0, 44.1, 1.00
A, 741703, 408562, 904949, 991827, 420219, 119360, 615906, 150816, 38.0, 44.2, 1.00
A, 741611, 408537, 904899, 991757, 420229, 119333, 615821, 150712, 38.0, 44.2, 1.00
A, 741433, 408449, 904395, 991418, 420137, 119366, 615806, 150670, 38.0, 44.2, 1.00
A, 741395, 408439, 904311, 991523, 420155, 119335, 615841, 150674, 38.0, 44.2, 1.00
A, 741178, 408508, 904104, 991329, 420165, 119304, 615788, 150619, 38.0, 44.2, 1.00
A, 741043, 408399, 903971, 991350, 420113, 119318, 615802, 150603, 38.0, 44.2, 1.00
A, 741241, 408433, 904222, 991616, 420201, 119362, 615885, 150686, 38.0, 44.2, 1.00
A, 741364, 408529, 904357, 991738, 420256, 119335, 616007, 150600, 38.0, 44.2, 1.00
A, 741129, 408451, 903961, 991545, 420255, 119346, 615905, 150554, 38.0, 44.2, 1.00
A, 741153, 408411, 903984, 991598, 420237, 119332, 615943, 150637, 38.0, 44.2, 1.00
A, 741077, 408376, 903921, 991600, 420187, 119358, 615987, 150569, 38.0, 44.2, 1.00
A, 741395, 408551, 904169, 991723, 420328, 119352, 616101, 150573, 38.0, 44.2, 1.00
A, 741176, 408494, 903851, 991555, 420296, 119334, 615981, 150517, 38.0, 44.2, 1.00
A, 741155, 408463, 903629, 991522, 420262, 119311, 616047, 150547, 38.0, 44.2, 1.00
A, 740958, 408416, 903441, 991425, 420325, 119321, 616100, 150439, 38.0, 44.2, 1.00
A, 740921, 408423, 903391, 991531, 420292, 119330, 616037, 150525, 38.0, 44.2, 1.00
A, 740759, 408481, 902972, 991081, 420309, 119342, 616086, 150382, 38.0, 44.2, 1.00
A, 742108, 408632, 904996, 992929, 420517, 119500, 616324, 150729, 38.0, 44.2, 1.00
A, 742114, 408736, 904987, 993149, 420685, 119513, 616499, 150686, 38.0, 44.2, 1.00
A, 741923, 408761, 904746, 992956, 420628, 119530, 616431, 150631, 38.0, 44.2, 1.00
A, 741834, 408710, 904434, 992665, 420587, 119511, 616393, 150595, 38.0, 44.2, 1.00
A, 741757, 408718, 904457, 992613, 420597, 119494, 616424, 150539, 38.0, 44.2, 1.00
A, 741646, 408667, 904158, 992383, 420552, 119508, 616419, 150476, 38.0, 44.2, 1.00
A, 741145, 408510, 903383, 991699, 420484, 119392, 616288, 150407, 38.0, 44.2, 1.00
A, 741226, 408538, 903548, 992201, 420488, 119467, 616327, 150416, 38.0, 44.2, 1.01
A, 741180, 408566, 903567, 992261, 420512, 119461, 616330, 150404, 38.0, 44.2, 1.00
A, 741143, 408547, 903416, 992193, 420543, 119476, 616360, 150432, 38.0, 44.2, 1.00
A, 741572, 408620, 903806, 992634, 420665, 119485, 616524, 150494, 38.0, 44.2, 1.00
A, 741682, 408550, 904066, 992790, 420727, 119523, 616618, 150494, 38.0, 44.2, 1.00
A, 741506, 408594, 903761, 992611, 420637, 119484, 616498, 150393, 38.0, 44.2, 1.00
A, 741480, 408625, 903457, 992495, 420637, 119496, 616517, 150424, 38.0, 44.2, 1.00
A, 741691, 408614, 903970, 992844, 420728, 119510, 616594, 150418, 38.0, 44.2, 1.00
A, 741637, 408568, 903871, 992922, 420760, 119569, 616597, 150453, 38.0, 44.2, 0.99
A, 741892, 408694, 903999, 992924, 420822, 119476, 616623, 150462, 38.0, 44.2, 1.00
A, 741725, 408595, 903922, 993051, 420775, 119545, 616641, 150382, 38.0, 44.2, 1.00
A, 741535, 408612, 903506, 992784, 420836, 119498, 616631, 150299, 38.0, 44.2, 1.00
A, 741362, 408568, 903388, 992795, 420775, 119518, 616629, 150377, 38.0, 44.2, 0.99
A, 743610, 409019, 906453, 995405, 421329, 119700, 617197, 150736, 38.0, 44.2, 1.00
A, 743374, 409078, 905960, 994905, 421233, 119763, 617166, 150645, 38.0, 44.2, 1.00
A, 743044, 409066, 905692, 994779, 421242, 119676, 617110, 150590, 38.0, 44.2, 1.00
A, 742220, 408885, 904451, 993747, 421020, 119692, 616894, 150423, 38.0, 44.2, 1.00
A, 741869, 408791, 904113, 993492, 420935, 119654, 616811, 150344, 38.0, 44.2, 1.00
A, 741142, 408608, 903170, 992741, 420747, 119581, 616633, 150263, 38.0, 44.2, 1.01
A, 741385, 408592, 903195, 992518, 420803, 119528, 616790, 150183, 38.0, 44.2, 1.00
A, 741366, 408473, 903081, 992638, 420822, 119562, 616610, 150236, 38.0, 44.2, 1.00
A, 741309, 408583, 903124, 992925, 420820, 119553, 616729, 150165, 38.0, 44.2, 1.00
A, 741659, 408604, 903537, 993268, 420945, 119618, 616854, 150288, 38.0, 44.2, 1.00
A, 741700, 408525, 903423, 993051, 420934, 119562, 616918, 150246, 38.0, 44.2, 1.00
A, 741934, 408538, 903817, 993639, 420983, 119694, 616965, 150360, 38.0, 44.2, 0.99
A, 741981, 408651, 903884, 993717, 421103, 119634, 617039, 150356, 38.0, 44.2, 1.00
A, 741990, 408639, 903636, 993488, 421046, 119587, 617024, 150292, 38.0, 44.2, 1.00
A, 741907, 408649, 903670, 993762, 421086, 119607, 617013, 150259, 38.0, 44.2, 1.00
A, 742155, 408713, 904003, 994073, 421098, 119656, 617126, 150279, 38.0, 44.2, 1.00
A, 742191, 408736, 903865, 993886, 421174, 119667, 617158, 150348, 38.0, 44.2, 1.00
A, 742494, 408816, 904106, 994054, 421244, 119705, 617211, 150251, 38.0, 44.2, 1.00
A, 742235, 408745, 904065, 994102, 421231, 119649, 617203, 150281, 38.0, 44.2, 1.00
A, 742089, 408794, 903554, 993877, 421245, 119688, 617145, 150236, 38.0, 44.2, 1.00
A, 743375, 408855, 905623, 995626, 421416, 119841, 617499, 150563, 38.0, 44.2, 1.00
A, 743528, 409103, 905919, 995934, 421554, 119884, 617568, 150537, 38.0, 44.2, 1.00
A, 743381, 409093, 905790, 995781, 421523, 119854, 617536, 150541, 38.0, 44.2, 1.01
A, 743364, 409107, 905634, 995378, 421466, 119786, 617465, 150377, 38.0, 44.2, 1.00
A, 743006, 409062, 905172, 995045, 421410, 119770, 617389, 150343, 38.0, 44.2, 1.00
A, 742741, 408999, 904937, 995102, 421363, 119823, 617397, 150334, 38.0, 44.2, 0.99
A, 742817, 409008, 905062, 995318, 421497, 119796, 617485, 150403, 38.0, 44.2, 1.00
A, 742682, 408984, 904828, 994959, 421375, 119836, 617496, 150270, 38.0, 44.2, 1.01
A, 742824, 408999, 905150, 995247, 421504, 119829, 617553, 150368, 38.0, 44.2, 1.00
A, 742694, 409026, 905032, 995157, 421462, 119832, 617479, 150327, 38.0, 44.2, 1.01
A, 742581, 408994, 904715, 994946, 421415, 119801, 617500, 150252, 38.0, 44.2, 1.00
A, 742444, 408870, 904533, 994967, 421367, 119815, 617491, 150259, 38.0, 44.2, 1.00
A, 742605, 408953, 904773, 995190, 421447, 119843, 617499, 150193, 38.0, 44.2, 1.00
A, 742426, 408963, 904639, 995026, 421390, 119904, 617524, 150252, 38.0, 44.2, 1.01
A, 742843, 408984, 905017, 995395, 421572, 119856, 617534, 150324, 38.0, 44.2, 1.00
A, 742850, 409008, 905075, 995415, 421553, 119860, 617607, 150247, 38.0, 44.2, 1.00
A, 742619, 408921, 904831, 995216, 421465, 119869, 617553, 150184, 38.0, 44.2, 1.00
A, 742833, 409006, 904899, 995295, 421512, 119865, 617594, 150247, 38.0, 44.2, 1.00
A, 742485, 408961, 904584, 994993, 421476, 119841, 617522, 150132, 38.0, 44.2, 1.00
A, 742296, 408872, 904238, 994747, 421384, 119824, 617496, 150082, 38.0, 44.2, 1.00
A, 743793, 409137, 906423, 996585, 421803, 119994, 617870, 150431, 38.0, 44.2, 1.00
A, 743543, 409210, 906176, 996513, 421747, 119960, 617849, 150342, 38.0, 44.2, 1.00
A, 743493, 409257, 906174, 996602, 421817, 119986, 617844, 150412, 38.0, 44.2, 1.00
A, 743285, 409211, 905957, 996248, 421737, 120056, 617860, 150334, 38.0, 44.2, 0.99
A, 743249, 409144, 905650, 995973, 421670, 119931, 617768, 150208, 38.0, 44.2, 1.00
A, 742785, 409012, 905356, 995741, 421637, 119981, 617683, 150250, 38.0, 44.2, 1.00
A, 742582, 409094, 905040, 995490, 421655, 119956, 617705, 150136, 38.0, 44.2, 1.00
A, 742521, 408972, 904775, 995340, 421586, 119970, 617688, 150149, 38.0, 44.2, 1.00
A, 742665, 408937, 905045, 995669, 421666, 119904, 617723, 150196, 38.0, 44.2, 0.99
A, 742492, 408953, 904851, 995567, 421556, 119962, 617664, 150126, 38.0, 44.2, 1.00
A, 742553, 408955, 904581, 995187, 421585, 119955, 617712, 150093, 38.0, 44.2, 1.00
A, 742438, 408934, 904506, 995041, 421621, 119967, 617686, 149996, 38.0, 44.2, 0.99
A, 742258, 408797, 904407, 995216, 421544, 119904, 617700, 150084, 38.0, 44.2, 1.00
A, 742462, 408867, 904623, 995470, 421549, 119950, 617689, 150113, 38.0, 44.2, 1.00
A, 742524, 408889, 904471, 995311, 421534, 119972, 617768, 150088, 38.0, 44.2, 1.00
A, 742747, 408889, 904987, 995685, 421707, 119965, 617818, 150140, 38.0, 44.2, 1.00
A, 742626, 408889, 904870, 995585, 421702, 119988, 617802, 150117, 38.0, 44.2, 1.00
A, 742419, 408851, 904463, 995293, 421576, 119921, 617765, 150063, 38.0, 44.2, 1.00
A, 742612, 408863, 904802, 995723, 421623, 119899, 617833, 150082, 38.0, 44.2, 1.00
A, 742353, 408739, 904233, 995265, 421711, 119908, 617771, 149995, 38.0, 44.2, 1.00
A, 743576, 408975, 906148, 997095, 421903, 120142, 618039, 150398, 38.0, 44.2, 1.00
A, 743374, 409157, 905722, 996532, 421941, 120029, 618138, 150189, 38.0, 44.2, 0.99
A, 743169, 409034, 905540, 996364, 421874, 120058, 618030, 150166, 38.0, 44.2, 1.00
A, 743166, 409001, 905502, 996523, 421857, 120103, 618013, 150186, 38.0, 44.2, 1.00
A, 743030, 408979, 905298, 996222, 421790, 120024, 618008, 150115, 38.0, 44.2, 1.00
A, 742947, 408957, 905256, 996252, 421782, 120099, 617999, 150173, 38.0, 44.2, 1.00
A, 743147, 408972, 905548, 996550, 421868, 120064, 618036, 150161, 38.0, 44.2, 1.01
A, 743147, 409017, 905472, 996285, 421890, 120106, 618103, 150116, 38.0, 44.2, 1.00
A, 743049, 408972, 905387, 996241, 421924, 120085, 618021, 150045, 38.0, 44.2, 1.00
A, 742797, 408858, 905063, 996205, 421803, 120106, 618047, 150065, 38.0, 44.2, 1.00
A, 742748, 408850, 904971, 996140, 421782, 120070, 618012, 150079, 38.0, 44.2, 1.00
A, 742715, 408874, 904904, 996001, 421800, 120015, 618056, 150021, 38.0, 44.2, 1.01
A, 743060, 408893, 905345, 996439, 421790, 120067, 618098, 150141, 38.0, 44.2, 1.00
A, 742982, 408831, 905285, 996422, 421919, 120066, 618089, 150045, 38.0, 44.2, 1.00
A, 742889, 408870, 905007, 996225, 421778, 120056, 618098, 150046, 38.0, 44.2, 1.01
A, 742727, 408905, 904961, 996333, 421871, 120047, 618075, 150053, 38.0, 44.2, 1.01
A, 743033, 408879, 905268, 996612, 421925, 120046, 618127, 150045, 38.0, 44.3, 1.00
A, 743006, 408965, 905153, 996207, 421971, 120100, 618138, 150045, 38.0, 44.3, 1.00
A, 742814, 408876, 904999, 996082, 421935, 120071, 618097, 149982, 38.0, 44.3, 1.00
A, 742961, 408814, 905183, 996532, 421985, 120113, 618179, 150013, 38.0, 44.3, 1.00
A, 744668, 409206, 907432, 998471, 422378, 120287, 618607, 150395, 38.0, 44.3, 1.00
A, 744464, 409233, 907220, 998096, 422309, 120263, 618585, 150324, 38.0, 44.3, 1.00
A, 743771, 409271, 906463, 997570, 422223, 120225, 618490, 150143, 38.0, 44.2, 1.00
A, 743442, 409078, 906079, 997178, 422155, 120175, 618312, 150127, 38.0, 44.2, 1.00
A, 743540, 409055, 906088, 997230, 422155, 120166, 618340, 150116, 38.0, 44.2, 1.00
A, 743365, 409121, 905948, 997099, 422120, 120224, 618283, 150052, 38.0, 44.2, 1.00
A, 743148, 409003, 905632, 996948, 422084, 120170, 618232, 150044, 38.0, 44.2, 1.00
A, 743283, 409019, 905911, 997166, 422134, 120222, 618330, 150125, 38.0, 44.3, 1.01
A, 743415, 409036, 905881, 996948, 422108, 120164, 618290, 149993, 38.0, 44.3, 1.00
A, 743042, 408998, 905553, 996745, 422085, 120224, 618291, 149947, 38.0, 44.3, 1.00
A, 743018, 408932, 905537, 996871, 422091, 120213, 618324, 149955, 38.0, 44.3, 1.01
A, 743093, 408896, 905376, 996775, 422047, 120160, 618315, 149946, 38.0, 44.3, 1.00
A, 743042, 408932, 905413, 996814, 421968, 120158, 618279, 149986, 38.0, 44.3, 1.00
A, 743070, 408875, 905518, 996928, 422098, 120112, 618255, 150046, 38.0, 44.3, 1.00
A, 743104, 408943, 905585, 996753, 422029, 120116, 618277, 149932, 38.0, 44.3, 1.00
A, 742947, 408826, 905494, 996706, 422047, 120067, 618281, 149926, 38.0, 44.3, 1.00
A, 742845, 408817, 905238, 996795, 422068, 120157, 618245, 149942, 38.0, 44.3, 1.00
A, 743004, 408857, 905522, 997001, 422070, 120214, 618335, 149949, 38.0, 44.3, 1.00
A, 743226, 408859, 905611, 996890, 422020, 120213, 618376, 149941, 38.0, 44.3, 1.00
A, 743442, 408888, 905810, 997166, 422164, 120197, 618378, 149923, 38.0, 44.3, 1.00
M, 741217, 408663, 902029, 993177, 421847, 119860, 617818, 149027, 38.0, 44.3, 0.11
M, 731672, 406410, 888309, 981487, 419042, 118789, 614466, 146849, 38.0, 44.3, 0.58
M, 724912, 404156, 878572, 973226, 416819, 118024, 611849, 145367, 38.0, 44.3, 0.74
M, 718250, 401642, 868107, 964637, 414698, 117156, 609879, 143984, 38.0, 44.4, 0.84
M, 714793, 400165, 862598, 960154, 413731, 116646, 609241, 143198, 38.0, 44.4, 0.89
M, 711899, 398833, 856770, 956252, 413110, 116136, 609101, 142674, 38.0, 44.4, 0.94
M, 709643, 397462, 851418, 952767, 412644, 115650, 609114, 142013, 38.0, 44.5, 0.95
M, 708167, 396388, 846337, 949664, 412456, 115137, 609269, 141510, 38.0, 44.5, 0.97
M, 707596, 395425, 842419, 948084, 412314, 114711, 609540, 141125, 38.0, 44.7, 0.98
M, 707599, 394648, 839595, 947571, 412346, 114446, 609858, 141001, 38.0, 44.7, 0.98
M, 708363, 394216, 837511, 947716, 412526, 114227, 610288, 140879, 38.1, 44.8, 0.98
M, 709111, 393642, 835642, 947928, 412716, 114047, 610831, 140862, 38.1, 44.8, 1.00
M, 710010, 393209, 833829, 948428, 412990, 113821, 611263, 140730, 38.1, 44.8, 0.99
M, 711467, 392832, 832357, 949394, 413280, 113756, 611890, 140801, 38.1, 44.8, 0.99
M, 712882, 392420, 831190, 950423, 413668, 113588, 612431, 140761, 38.1, 44.9, 1.00
M, 714154, 392217, 830590, 951931, 413928, 113489, 612965, 140836, 38.1, 44.9, 1.00
M, 715921, 391996, 830197, 953617, 414387, 113395, 613590, 140944, 38.1, 44.9, 1.00
M, 717315, 391937, 829621, 955068, 414759, 113359, 614173, 141062, 38.1, 44.9, 1.01
M, 719276, 391863, 829534, 957079, 415228, 113333, 614920, 141184, 38.1, 44.9, 1.00
M, 721015, 391783, 829593, 958974, 415729, 113333, 615586, 141299, 38.1, 44.9, 1.00
M, 724073, 391979, 831617, 962662, 416518, 113479, 616577, 141664, 38.1, 44.9, 1.01
M, 725668, 392187, 831554, 964204, 416979, 113420, 617227, 141693, 38.1, 44.9, 0.99
M, 726669, 392145, 830902, 965563, 417457, 113412, 617771, 141671, 38.1, 44.9, 1.00
M, 727046, 392079, 829918, 966216, 417525, 113343, 617971, 141743, 38.1, 44.9, 1.00
M, 728778, 392205, 829904, 968046, 418140, 113291, 618775, 141760, 38.1, 45.0, 0.99
M, 729526, 392188, 829886, 969311, 418436, 113295, 619055, 141771, 38.1, 45.0, 1.00
M, 730868, 392290, 830240, 971030, 418830, 113384, 619702, 142030, 38.1, 45.0, 0.99
M, 732059, 392451, 830308, 972506, 419224, 113415, 620245, 142043, 38.2, 45.0, 1.00
M, 733031, 392605, 830258, 973713, 419650, 113483, 620751, 142184, 38.2, 45.0, 1.00
M, 734378, 392803, 830638, 975447, 420090, 113466, 621278, 142220, 38.2, 45.0, 1.00
M, 735643, 392995, 830950, 977037, 420560, 113501, 621885, 142373, 38.2, 45.0, 1.00
M, 736666, 393188, 831069, 978431, 420928, 113452, 622354, 142491, 38.2, 45.0, 1.01
M, 737690, 393406, 831574, 980006, 421274, 113580, 622861, 142534, 38.2, 45.0, 1.00
M, 738721, 393586, 831679, 981352, 421689, 113532, 623339, 142625, 38.2, 45.0, 0.99
M, 739793, 393917, 831989, 982495, 422036, 113578, 623738, 142663, 38.2, 45.0, 1.00
M, 740447, 394067, 831984, 983592, 422437, 113542, 624179, 142671, 38.2, 45.0, 1.00
M, 741087, 394275, 832018, 984829, 422724, 113611, 624538, 142823, 38.2, 45.0, 1.00
M, 742233, 394545, 832659, 986326, 423152, 113723, 625055, 142937, 38.2, 45.0, 1.00
M, 742988, 394751, 832921, 987364, 423431, 113673, 625445, 143000, 38.2, 45.0, 1.01
M, 743747, 395043, 833229, 988623, 423842, 113821, 625867, 143104, 38.2, 45.0, 1.00
M, 746613, 395692, 836015, 992168, 424589, 114039, 626744, 143613, 38.2, 45.0, 1.01
M, 747174, 396069, 836003, 992725, 424969, 114049, 627054, 143560, 38.2, 45.0, 0.99
M, 747543, 396296, 836143, 993781, 425159, 114039, 627320, 143572, 38.2, 45.0, 1.00
M, 747599, 396549, 835502, 993893, 425327, 114045, 627582, 143503, 38.2, 45.0, 0.99
M, 747911, 396685, 835457, 994644, 425462, 114104, 627713, 143537, 38.2, 45.0, 1.01
M, 748539, 397068, 835684, 995494, 425869, 114115, 628168, 143553, 38.2, 45.0, 0.99
M, 748874, 397150, 835626, 996096, 425896, 114132, 628329, 143605, 38.2, 45.0, 1.01
M, 749375, 397236, 835645, 996782, 426173, 114118, 628557, 143653, 38.2, 45.0, 0.99
M, 749928, 397514, 836110, 997699, 426408, 114207, 628850, 143717, 38.2, 45.0, 0.99
M, 750276, 397779, 836232, 998554, 426551, 114228, 629145, 143785, 38.2, 45.0, 1.00
M, 751197, 398042, 836932, 999836, 426976, 114282, 629540, 143960, 38.2, 44.9, 0.99
M, 751864, 398399, 837359, 1000567, 427204, 114270, 629803, 143956, 38.2, 44.9, 1.00
M, 752260, 398645, 837438, 1001310, 427383, 114326, 630041, 143994, 38.2, 45.0, 1.00
M, 752769, 398838, 837828, 1002331, 427615, 114413, 630338, 144116, 38.2, 45.0, 1.01
M, 753148, 399048, 837878, 1002947, 427870, 114428, 630515, 144168, 38.2, 45.0, 1.00
M, 753608, 399278, 838124, 1003560, 428021, 114422, 630731, 144184, 38.2, 45.0, 1.00
M, 754317, 399586, 838805, 1004644, 428259, 114535, 631050, 144316, 38.2, 45.0, 1.00
M, 754890, 399906, 839047, 1005337, 428445, 114567, 631285, 144332, 38.2, 45.0, 1.00
M, 755117, 400010, 839120, 1005745, 428558, 114557, 631537, 144345, 38.2, 45.0, 1.00
M, 755157, 400214, 839190, 1006426, 428742, 114643, 631633, 144370, 38.2, 45.0, 1.00
M, 757469, 400677, 842025, 1009503, 429347, 114788, 632336, 144848, 38.2, 45.0, 1.01
M, 757833, 401049, 841891, 1009608, 429585, 114840, 632471, 144845, 38.2, 45.0, 1.00
M, 758243, 401354, 842234, 1010147, 429732, 114877, 632706, 144804, 38.2, 45.0, 0.99
M, 757866, 401416, 841977, 1010451, 429739, 114876, 632729, 144794, 38.2, 45.0, 1.01
M, 758020, 401696, 841725, 1010378, 429893, 114935, 632775, 144796, 38.2, 45.0, 0.99
M, 758047, 401729, 841826, 1010856, 429834, 114941, 632878, 144805, 38.2, 45.0, 1.00
M, 757980, 401969, 841439, 1010758, 430008, 114889, 633048, 144748, 38.2, 45.0, 1.01
M, 757813, 401938, 840948, 1010510, 429944, 114834, 633019, 144698, 38.2, 45.0, 0.99
M, 758093, 402028, 841603, 1011604, 430117, 114908, 633237, 144823, 38.2, 45.0, 1.01
M, 758430, 402163, 841757, 1012033, 430229, 114952, 633333, 144850, 38.2, 44.9, 0.99
M, 758596, 402322, 841840, 1012407, 430276, 115006, 633484, 144870, 38.2, 44.9, 0.99
M, 759165, 402635, 842461, 1013324, 430510, 115069, 633734, 145030, 38.2, 45.0, 1.00
M, 759363, 402752, 842211, 1013346, 430622, 115036, 633838, 144916, 38.2, 45.0, 1.00
M, 759507, 402855, 842483, 1013655, 430711, 115064, 633950, 144988, 38.2, 44.9, 1.01
M, 759895, 402955, 842669, 1014462, 430899, 115154, 634161, 145016, 38.2, 44.9, 1.01
M, 760040, 403127, 842905, 1014714, 430925, 115170, 634244, 145028, 38.3, 44.9, 0.99
M, 760333, 403261, 843112, 1015283, 431028, 115157, 634339, 145141, 38.3, 44.9, 0.99
M, 760894, 403507, 843738, 1016133, 431263, 115250, 634564, 145262, 38.3, 44.9, 1.00
M, 761446, 403672, 844170, 1016567, 431401, 115341, 634768, 145308, 38.3, 44.9, 0.99
M, 761514, 403883, 844214, 1016910, 431487, 115282, 634821, 145337, 38.3, 44.9, 1.01
M, 763171, 404206, 846500, 1019497, 431935, 115514, 635324, 145756, 38.3, 44.9, 1.01
M, 763473, 404589, 846820, 1019786, 432162, 115528, 635535, 145711, 38.3, 44.9, 0.99
M, 763394, 404705, 846635, 1019917, 432162, 115523, 635540, 145702, 38.3, 44.9, 1.01
M, 763718, 404809, 846703, 1020104, 432274, 115567, 635654, 145710, 38.3, 44.9, 1.01
M, 763530, 404877, 846574, 1020038, 432254, 115560, 635643, 145658, 38.3, 44.9, 1.00
M, 763238, 405066, 846345, 1020018, 432347, 115580, 635676, 145608, 38.3, 44.9, 1.00
M, 763260, 404951, 846389, 1020292, 432269, 115588, 635700, 145638, 38.3, 44.9, 0.99
M, 763627, 405135, 846773, 1020824, 432402, 115635, 635824, 145715, 38.3, 44.9, 1.01
M, 763931, 405279, 847096, 1021225, 432506, 115695, 636030, 145841, 38.3, 44.9, 1.01
M, 764151, 405405, 847387, 1021533, 432627, 115645, 635985, 145774, 38.3, 44.9, 0.99
M, 764154, 405561, 847315, 1021589, 432583, 115703, 636063, 145774, 38.3, 44.9, 1.00
M, 764072, 405535, 847162, 1021762, 432641, 115695, 636134, 145772, 38.3, 44.9, 1.00
M, 764520, 405641, 847854, 1022355, 432712, 115740, 636243, 145850, 38.3, 44.9, 1.01
M, 764311, 405640, 847761, 1022495, 432752, 115795, 636250, 145881, 38.3, 44.9, 1.00
M, 764813, 405913, 848401, 1023097, 432893, 115888, 636463, 145974, 38.3, 44.9, 0.99
M, 765161, 406081, 848731, 1023386, 433025, 115867, 636575, 145991, 38.3, 44.9, 0.99
M, 764799, 406057, 848435, 1023244, 432974, 115929, 636514, 145896, 38.3, 44.9, 1.00
M, 764629, 406096, 848275, 1023314, 433010, 115912, 636522, 145988, 38.3, 44.9, 1.01
M, 765067, 406185, 848830, 1024044, 433115, 115993, 636678, 146064, 38.3, 44.9, 1.00
M, 765289, 406253, 849054, 1024315, 433163, 115984, 636694, 146119, 38.3, 44.9, 1.00
M, 767576, 406760, 852210, 1027212, 433707, 116236, 637318, 146598, 38.3, 44.9, 0.99
M, 767568, 406933, 852024, 1026957, 433788, 116237, 637377, 146478, 38.3, 44.9, 0.99
M, 767164, 406983, 851768, 1026658, 433762, 116237, 637327, 146391, 38.3, 44.9, 1.00
M, 767070, 406979, 851854, 1026907, 433707, 116182, 637331, 146439, 38.3, 44.9, 1.01
M, 766621, 407128, 851468, 1026376, 433724, 116230, 637273, 146386, 38.3, 44.9, 0.99
M, 766540, 407053, 851285, 1026140, 433729, 116236, 637258, 146273, 38.3, 44.9, 1.01
M, 766154, 407084, 850956, 1026161, 433672, 116236, 637234, 146279, 38.3, 44.9, 1.01
M, 766072, 406972, 850925, 1026073, 433593, 116227, 637167, 146260, 38.3, 44.9, 0.99
M, 766328, 407043, 851313, 1026325, 433638, 116195, 637202, 146317, 38.3, 44.9, 0.99
M, 766360, 407056, 851463, 1026508, 433686, 116282, 637281, 146284, 38.3, 44.9, 1.01
M, 766383, 407099, 851474, 1026486, 433774, 116317, 637325, 146332, 38.3, 44.9, 0.99
M, 766266, 407121, 851470, 1026800, 433752, 116329, 637325, 146415, 38.3, 44.9, 1.01
M, 766873, 407295, 852231, 1027333, 433824, 116359, 637529, 146460, 38.3, 44.9, 1.00
M, 766741, 407259, 852278, 1027389, 433861, 116359, 637504, 146463, 38.3, 44.9, 1.00
M, 766670, 407335, 852258, 1027444, 433887, 116471, 637530, 146493, 38.3, 44.9, 1.01
M, 767011, 407466, 852749, 1028004, 434056, 116484, 637644, 146593, 38.3, 44.8, 1.00
M, 767211, 407477, 852964, 1028004, 434058, 116473, 637730, 146551, 38.3, 44.8, 1.00
M, 766978, 407511, 852751, 1027890, 433990, 116444, 637688, 146544, 38.3, 44.8, 1.00
M, 766929, 407494, 852814, 1028009, 434007, 116467, 637702, 146570, 38.3, 44.8, 1.00
M, 767157, 407568, 853248, 1028281, 434177, 116509, 637817, 146601, 38.3, 44.8, 0.99
M, 768408, 407796, 854985, 1030082, 434416, 116660, 638081, 146903, 38.3, 44.8, 1.00
M, 768555, 408004, 855230, 1030283, 434494, 116755, 638149, 146892, 38.3, 44.8, 1.01
M, 768473, 407991, 855202, 1029994, 434551, 116707, 638158, 146841, 38.3, 44.8, 1.00
M, 767972, 407981, 854750, 1029689, 434435, 116680, 638072, 146761, 38.3, 44.8, 1.01
M, 768134, 407956, 855092, 1029976, 434431, 116665, 638130, 146828, 38.3, 44.8, 1.01
M, 767763, 408003, 854505, 1029312, 434459, 116718, 638087, 146756, 38.3, 44.8, 0.99
M, 767575, 407889, 854585, 1029476, 434303, 116690, 638025, 146772, 38.3, 44.8, 0.99
M, 767129, 407935, 854183, 1029073, 434349, 116698, 638030, 146743, 38.3, 44.8, 1.00
M, 767273, 407835, 854210, 1029050, 434301, 116721, 637992, 146708, 38.3, 44.8, 1.00
M, 767368, 407863, 854585, 1029480, 434356, 116748, 638039, 146785, 38.3, 44.8, 0.99
M, 767504, 407880, 854837, 1029665, 434285, 116725, 638068, 146716, 38.3, 44.8, 0.99
M, 767395, 407854, 854878, 1029795, 434407, 116788, 638133, 146832, 38.3, 44.8, 1.00
M, 767901, 408016, 855564, 1030397, 434629, 116840, 638289, 146929, 38.3, 44.8, 0.99
M, 768138, 408115, 855773, 1030521, 434645, 116787, 638323, 146920, 38.3, 44.8, 0.99
M, 768077, 408109, 855906, 1030579, 434610, 116824, 638352, 146901, 38.3, 44.8, 1.00
M, 768291, 408126, 856083, 1030884, 434654, 116874, 638335, 146967, 38.3, 44.8, 1.01
M, 768363, 408194, 856326, 1030941, 434670, 116923, 638442, 146979, 38.3, 44.8, 1.00
M, 768316, 408186, 856431, 1031131, 434694, 116939, 638423, 146999, 38.3, 44.8, 0.99
M, 768688, 408332, 856971, 1031622, 434808, 116959, 638556, 147134, 38.3, 44.8, 1.00
M, 768835, 408325, 857314, 1031868, 434830, 117014, 638643, 147115, 38.3, 44.8, 1.01
M, 770115, 408605, 859110, 1033601, 435096, 117134, 638899, 147402, 38.3, 44.8, 1.01
M, 770153, 408768, 859295, 1033601, 435203, 117178, 639026, 147443, 38.3, 44.8, 1.00
M, 769959, 408757, 859118, 1033355, 435132, 117142, 638938, 147336, 38.3, 44.8, 0.99
M, 770055, 408822, 859309, 1033324, 435146, 117179, 638939, 147328, 38.3, 44.8, 1.00
M, 768751, 408727, 858221, 1032294, 435024, 117124, 638794, 147194, 38.3, 44.8, 1.00
M, 768925, 408637, 858286, 1032484, 435011, 117175, 638747, 147177, 38.3, 44.8, 1.00
M, 767771, 408424, 856846, 1030948, 434780, 117022, 638479, 146969, 38.3, 44.8, 0.99
M, 767821, 408345, 857078, 1031225, 434723, 117099, 638457, 147061, 38.3, 44.8, 1.00
M, 767985, 408445, 857111, 1031133, 434845, 117132, 638548, 146995, 38.3, 44.8, 0.99
M, 767961, 408393, 857276, 1031276, 434761, 117082, 638526, 147054, 38.3, 44.8, 1.00
M, 768347, 408431, 857778, 1031862, 434822, 117129, 638648, 147190, 38.3, 44.8, 1.00
M, 768529, 408478, 858064, 1032146, 434928, 117152, 638741, 147178, 38.3, 44.8, 1.00
M, 768521, 408468, 858036, 1032067, 434843, 117192, 638691, 147240, 38.3, 44.8, 0.99
M, 768932, 408565, 858871, 1032760, 435072, 117256, 638906, 147352, 38.3, 44.8, 1.01
M, 769176, 408569, 859186, 1033010, 435152, 117306, 638999, 147331, 38.3, 44.8, 1.00
M, 769213, 408630, 859115, 1032995, 435183, 117272, 639017, 147323, 38.3, 44.8, 1.01
M, 768985, 408582, 859072, 1032961, 435073, 117294, 638902, 147281, 38.3, 44.8, 0.99
M, 769141, 408699, 859313, 1033198, 435046, 117306, 638998, 147372, 38.3, 44.8, 1.00
M, 769152, 408681, 859476, 1033368, 435181, 117337, 639030, 147427, 38.3, 44.8, 0.99
M, 769701, 408743, 860200, 1033835, 435322, 117406, 639174, 147527, 38.3, 44.8, 0.99
M, 771803, 409151, 863190, 1036702, 435743, 117569, 639657, 147904, 38.3, 44.8, 1.00
M, 771395, 409347, 862813, 1036105, 435781, 117581, 639642, 147852, 38.3, 44.8, 1.00
M, 771315, 409346, 862706, 1035976, 435708, 117598, 639594, 147831, 38.3, 44.8, 1.00
M, 771107, 409363, 862715, 1035646, 435644, 117558, 639496, 147788, 38.3, 44.7, 0.99
M, 771047, 409350, 862690, 1035594, 435640, 117603, 639549, 147700, 38.3, 44.7, 0.99
M, 770626, 409300, 862255, 1035117, 435615, 117613, 639426, 147677, 38.4, 44.7, 1.00
M, 770653, 409392, 862612, 1035501, 435629, 117600, 639405, 147661, 38.4, 44.7, 1.01
M, 770024, 409236, 861999, 1034783, 435471, 117604, 639344, 147616, 38.3, 44.7, 1.01
M, 769848, 409195, 861961, 1034698, 435503, 117600, 639269, 147645, 38.3, 44.7, 0.99
M, 769793, 409213, 861999, 1034563, 435507, 117579, 639286, 147589, 38.4, 44.7, 0.99
M, 769700, 409150, 861869, 1034452, 435398, 117631, 639177, 147587, 38.4, 44.7, 1.00
M, 769853, 409200, 862165, 1034945, 435457, 117621, 639284, 147692, 38.4, 44.7, 1.01
M, 770001, 409202, 862398, 1034989, 435463, 117626, 639255, 147660, 38.4, 44.7, 1.00
M, 769930, 409145, 862617, 1035060, 435458, 117694, 639319, 147690, 38.4, 44.7, 1.00
M, 770220, 409239, 863144, 1035607, 435595, 117734, 639342, 147812, 38.4, 44.7, 1.00
M, 770412, 409283, 863206, 1035152, 435622, 117687, 639341, 147699, 38.4, 44.7, 0.99
M, 770194, 409283, 863143, 1035186, 435542, 117656, 639393, 147723, 38.4, 44.7, 0.99
M, 770133, 409203, 863282, 1035517, 435460, 117706, 639364, 147809, 38.4, 44.7, 1.00
M, 770110, 409267, 863369, 1035469, 435579, 117756, 639416, 147824, 38.4, 44.7, 1.01
M, 770185, 409276, 863509, 1035366, 435529, 117745, 639431, 147787, 38.4, 44.7, 1.00
M, 772393, 409651, 866561, 1038201, 435985, 117971, 639947, 148330, 38.4, 44.7, 1.01
M, 772082, 409803, 866246, 1037666, 436110, 117981, 639918, 148154, 38.4, 44.7, 1.00
M, 771694, 409781, 865790, 1037270, 435966, 117960, 639793, 148040, 38.4, 44.7, 1.00
M, 771289, 409662, 865576, 1037006, 435886, 117983, 639671, 148011, 38.4, 44.7, 1.00
M, 771281, 409671, 865798, 1037145, 435830, 118005, 639696, 148066, 38.4, 44.7, 0.99
M, 771052, 409606, 865627, 1036858, 435808, 118006, 639701, 148047, 38.4, 44.7, 0.99
M, 771323, 409774, 865954, 1036899, 435907, 117936, 639739, 148043, 38.4, 44.7, 1.00
M, 770761, 409675, 865460, 1036310, 435817, 117916, 639609, 148007, 38.4, 44.7, 0.99
M, 770510, 409615, 865120, 1036077, 435715, 117889, 639503, 147943, 38.4, 44.7, 0.99
M, 770230, 409442, 865142, 1036066, 435589, 117974, 639445, 147940, 38.4, 44.7, 1.00
M, 770572, 409531, 865619, 1036460, 435710, 117956, 639508, 147994, 38.4, 44.7, 0.99
M, 770663, 409564, 865835, 1036638, 435708, 117968, 639584, 148045, 38.4, 44.7, 1.01
M, 770710, 409635, 866024, 1036495, 435688, 117996, 639603, 148015, 38.4, 44.7, 1.00
M, 770570, 409523, 865882, 1036265, 435708, 117944, 639549, 148010, 38.4, 44.7, 1.00
M, 770451, 409492, 865674, 1036228, 435656, 117999, 639535, 147947, 38.4, 44.7, 0.99
M, 770645, 409603, 866178, 1036638, 435742, 118046, 639537, 148068, 38.4, 44.7, 0.99
M, 770792, 409548, 866341, 1036583, 435736, 118082, 639570, 148142, 38.4, 44.7, 1.01
M, 771079, 409692, 866957, 1037272, 435921, 118112, 639679, 148223, 38.4, 44.7, 1.00
M, 771098, 409737, 867171, 1037237, 435908, 118149, 639623, 148169, 38.4, 44.7, 1.00
M, 771117, 409698, 867139, 1037142, 435816, 118126, 639714, 148227, 38.4, 44.7, 1.00
M, 772655, 409941, 869470, 1039370, 436182, 118284, 640104, 148523, 38.4, 44.7, 1.01
M, 772508, 410103, 869347, 1039050, 436275, 118322, 640064, 148452, 38.4, 44.7, 1.00
M, 772339, 410096, 869016, 1038462, 436215, 118228, 640010, 148398, 38.4, 44.7, 1.00
M, 771925, 410008, 868692, 1038047, 436077, 118257, 639879, 148338, 38.4, 44.7, 0.99
M, 771515, 409954, 868590, 1038010, 436033, 118261, 639838, 148312, 38.4, 44.7, 1.00
M, 771404, 409888, 868708, 1038134, 436047, 118270, 639817, 148312, 38.4, 44.7, 1.00
M, 771458, 409861, 868571, 1037811, 436021, 118280, 639799, 148339, 38.4, 44.7, 0.99
M, 771433, 410010, 868747, 1037786, 436047, 118241, 639853, 148309, 38.4, 44.7, 1.00
M, 771083, 409854, 868499, 1037559, 435924, 118301, 639738, 148297, 38.4, 44.7, 1.01
M, 770903, 409857, 868346, 1037238, 435932, 118216, 639685, 148206, 38.4, 44.7, 1.01
M, 770837, 409777, 868400, 1037385, 435782, 118278, 639612, 148198, 38.4, 44.7, 1.00
M, 771057, 409781, 868720, 1037764, 435898, 118316, 639682, 148343, 38.4, 44.7, 0.99
M, 771100, 409851, 869001, 1037848, 435943, 118339, 639691, 148376, 38.4, 44.7, 1.00
M, 771266, 409813, 869203, 1037721, 435977, 118352, 639725, 148358, 38.4, 44.7, 1.00
M, 771135, 409810, 869071, 1037530, 435936, 118249, 639715, 148313, 38.4, 44.7, 0.99
M, 770949, 409827, 869087, 1037694, 435885, 118319, 639753, 148339, 38.4, 44.7, 1.00
M, 771282, 409853, 869396, 1037907, 435978, 118367, 639798, 148477, 38.4, 44.7, 1.00
M, 771196, 409820, 869658, 1037993, 435978, 118350, 639811, 148421, 38.4, 44.7, 1.00
M, 771424, 409910, 870118, 1038411, 436028, 118401, 639854, 148509, 38.4, 44.7, 1.01
M, 771552, 409911, 870056, 1038078, 435981, 118414, 639825, 148473, 38.4, 44.7, 1.00
M, 773168, 410151, 872492, 1040213, 436405, 118615, 640217, 148812, 38.4, 44.7, 1.00
M, 773078, 410275, 872538, 1040280, 436415, 118565, 640264, 148797, 38.4, 44.7, 1.01
M, 772605, 410243, 872236, 1039975, 436395, 118610, 640161, 148774, 38.4, 44.7, 1.00
M, 772398, 410187, 871959, 1039425, 436236, 118581, 640015, 148761, 38.4, 44.7, 1.00
M, 772558, 410214, 872330, 1039720, 436229, 118532, 640059, 148728, 38.4, 44.7, 1.00
M, 772141, 410195, 872282, 1039440, 436258, 118585, 640018, 148648, 38.4, 44.7, 1.00
M, 772008, 410073, 872007, 1039078, 436133, 118528, 639899, 148600, 38.4, 44.7, 0.99
M, 772059, 410218, 872242, 1039318, 436206, 118615, 639945, 148694, 38.4, 44.7, 0.99
M, 771682, 410138, 871795, 1038722, 436137, 118569, 639881, 148590, 38.4, 44.6, 0.99
M, 771510, 410044, 871560, 1038346, 436059, 118583, 639745, 148584, 38.4, 44.6, 1.01
M, 770991, 410013, 871295, 1037999, 435977, 118598, 639736, 148453, 38.4, 44.6, 1.01
M, 770914, 409903, 871303, 1038014, 435960, 118488, 639611, 148493, 38.4, 44.6, 1.00
M, 771166, 409875, 871531, 1038236, 435978, 118587, 639718, 148667, 38.4, 44.6, 1.00
M, 771262, 409931, 871715, 1038356, 435948, 118630, 639756, 148609, 38.4, 44.6, 1.00
M, 771220, 409889, 871868, 1038238, 435953, 118611, 639713, 148626, 38.4, 44.6, 1.01
M, 771074, 409794, 871855, 1038314, 435988, 118627, 639752, 148662, 38.4, 44.6, 1.00
M, 771521, 409919, 872461, 1038603, 436059, 118673, 639832, 148725, 38.4, 44.6, 1.00
M, 771223, 409885, 872306, 1038311, 436005, 118549, 639808, 148537, 38.4, 44.6, 1.00
M, 771187, 409838, 872261, 1038410, 435965, 118619, 639770, 148646, 38.4, 44.6, 1.01
M, 771198, 409884, 872412, 1038442, 436039, 118621, 639772, 148686, 38.4, 44.6, 1.00
A, 777802, 410746, 880777, 1046147, 437184, 119330, 641216, 150366, 38.4, 44.6, 0.00
A, 788798, 413689, 896777, 1060986, 440112, 120602, 644308, 152904, 38.4, 44.6, 0.54
A, 795131, 415726, 906355, 1069381, 441865, 121442, 646099, 154282, 38.4, 44.6, 0.74
A, 800238, 417768, 914474, 1076118, 443306, 122171, 647457, 155372, 38.4, 44.6, 0.81
A, 803502, 419342, 920558, 1080698, 444258, 122727, 648287, 156093, 38.4, 44.6, 0.88
A, 805797, 420951, 925719, 1084182, 444962, 123243, 648854, 156616, 38.3, 44.6, 0.94
A, 807182, 422314, 929721, 1086241, 445449, 123710, 649138, 156920, 38.3, 44.6, 0.97
A, 807195, 423281, 932267, 1086761, 445599, 124044, 649020, 156985, 38.3, 44.5, 0.98
A, 807056, 424109, 934425, 1087574, 445662, 124302, 648899, 157167, 38.3, 44.5, 0.98
A, 806246, 425039, 936168, 1087140, 445582, 124534, 648534, 157152, 38.3, 44.5, 1.00
A, 805695, 425421, 937475, 1086808, 445437, 124709, 648259, 157217, 38.3, 44.5, 0.99
A, 804302, 426258, 939073, 1085956, 445230, 124868, 647732, 157178, 38.3, 44.5, 1.00
A, 803326, 426506, 939831, 1085047, 444947, 125014, 647240, 157107, 38.3, 44.5, 0.99
A, 802496, 426905, 940948, 1084457, 444714, 125219, 646850, 157095, 38.3, 44.5, 1.00
A, 801232, 427309, 941828, 1083277, 444406, 125231, 646284, 157137, 38.3, 44.4, 1.00
A, 799829, 427433, 942169, 1081962, 443991, 125362, 645767, 157050, 38.3, 44.4, 1.00
A, 798573, 427637, 942781, 1080523, 443653, 125351, 645212, 156997, 38.3, 44.4, 1.00
A, 797230, 427784, 943431, 1078951, 443215, 125481, 644549, 156882, 38.3, 44.4, 1.01
A, 795618, 427757, 943466, 1077073, 442846, 125492, 643908, 156714, 38.2, 44.4, 1.00
A, 793997, 427749, 943413, 1075688, 442446, 125531, 643345, 156719, 38.2, 44.4, 1.00
A, 794900, 428159, 946477, 1076716, 442393, 125857, 643233, 157085, 38.2, 44.4, 0.99
A, 793285, 428190, 946435, 1074835, 442008, 125824, 642730, 156859, 38.2, 44.4, 1.00
A, 791873, 428121, 946481, 1073335, 441576, 125855, 642124, 156780, 38.2, 44.4, 1.00
A, 790282, 428018, 946227, 1071094, 440931, 125777, 641402, 156575, 38.2, 44.4, 1.00
A, 788591, 427758, 945862, 1069211, 440483, 125713, 640727, 156410, 38.2, 44.3, 1.00
A, 787000, 427542, 945321, 1067441, 440026, 125701, 640192, 156289, 38.2, 44.3, 1.00
A, 785759, 427338, 945333, 1066026, 439604, 125743, 639637, 156250, 38.2, 44.3, 1.00
A, 784448, 427083, 945031, 1063984, 439120, 125671, 639012, 156044, 38.2, 44.3, 1.00
A, 782948, 426786, 944510, 1062099, 438655, 125682, 638441, 155880, 38.2, 44.3, 1.00
A, 781722, 426541, 944344, 1060858, 438310, 125657, 637976, 155832, 38.2, 44.3, 0.99
A, 780226, 426156, 943792, 1058606, 437741, 125537, 637400, 155699, 38.2, 44.3, 1.01
A, 779324, 425833, 943598, 1057634, 437472, 125572, 637034, 155651, 38.2, 44.3, 1.00
A, 777836, 425514, 943032, 1055651, 436996, 125419, 636441, 155480, 38.2, 44.3, 1.00
A, 777135, 425249, 942954, 1054359, 436647, 125461, 636067, 155398, 38.2, 44.3, 1.01
A, 776357, 424911, 943067, 1053799, 436455, 125385, 635746, 155386, 38.2, 44.3, 0.99
A, 775552, 424707, 943013, 1052623, 436055, 125408, 635359, 155275, 38.2, 44.3, 1.00
A, 774575, 424357, 942541, 1051278, 435789, 125381, 634985, 155288, 38.2, 44.3, 1.00
A, 774283, 424184, 942983, 1050599, 435543, 125431, 634733, 155256, 38.2, 44.3, 1.00
A, 773520, 423877, 942995, 1049443, 435296, 125373, 634362, 155162, 38.2, 44.3, 1.00
A, 772596, 423620, 942683, 1048209, 434955, 125387, 633993, 155075, 38.2, 44.3, 0.99
A, 773505, 423530, 944921, 1049239, 434965, 125481, 634045, 155395, 38.2, 44.3, 1.00
A, 772912, 423504, 944931, 1048519, 434826, 125474, 633746, 155285, 38.2, 44.3, 1.00
A, 771825, 423213, 944243, 1047097, 434550, 125367, 633378, 155201, 38.2, 44.3, 1.00
A, 771187, 422975, 944313, 1046270, 434273, 125399, 633088, 155147, 38.2, 44.3, 1.00
A, 770440, 422581, 944063, 1044979, 434026, 125380, 632714, 155016, 38.2, 44.3, 1.00
A, 769503, 422298, 943608, 1043732, 433699, 125291, 632388, 154871, 38.2, 44.2, 1.00
A, 768582, 421969, 943018, 1042544, 433373, 125213, 632026, 154781, 38.2, 44.2, 1.00
A, 768279, 421794, 943093, 1041863, 433165, 125265, 631802, 154773, 38.2, 44.2, 1.00
A, 767653, 421507, 942910, 1041067, 432989, 125203, 631497, 154743, 38.2, 44.2, 1.00
A, 767217, 421239, 942877, 1040140, 432810, 125251, 631331, 154682, 38.2, 44.2, 1.00
A, 766417, 420985, 942597, 1039077, 432543, 125118, 630951, 154489, 38.2, 44.2, 1.00
A, 765551, 420693, 942109, 1037924, 432322, 125113, 630731, 154401, 38.2, 44.2, 1.00
A, 765079, 420381, 941847, 1037473, 432092, 125122, 630522, 154481, 38.2, 44.2, 1.00
A, 764341, 420126, 941465, 1036122, 431915, 125007, 630225, 154297, 38.2, 44.2, 1.00
A, 763777, 419779, 941110, 1035362, 431707, 124944, 629937, 154157, 38.2, 44.2, 1.00
A, 763459, 419509, 941219, 1035024, 431474, 124922, 629796, 154217, 38.2, 44.2, 1.00
A, 763053, 419382, 941036, 1034296, 431326, 124939, 629573, 154150, 38.2, 44.2, 1.00
A, 762793, 419160, 941044, 1033725, 431158, 124887, 629336, 154197, 38.2, 44.2, 0.99
A, 762679, 418902, 941379, 1033561, 431150, 124951, 629349, 154175, 38.2, 44.2, 1.00
A, 762273, 418702, 941101, 1032628, 430916, 124854, 629136, 154038, 38.2, 44.2, 1.00
A, 763571, 418790, 943372, 1034105, 431138, 125000, 629334, 154441, 38.2, 44.2, 1.00
A, 762999, 418765, 943345, 1033623, 431093, 124950, 629203, 154280, 38.2, 44.2, 1.00
A, 762117, 418466, 942384, 1032373, 430760, 124901, 628806, 154120, 38.2, 44.2, 1.00
A, 761467, 418157, 941847, 1031450, 430551, 124867, 628633, 154092, 38.2, 44.2, 1.00
A, 761247, 418056, 942021, 1030919, 430424, 124911, 628439, 154115, 38.2, 44.2, 1.00
A, 760691, 417683, 941630, 1030110, 430255, 124827, 628224, 153953, 38.2, 44.2, 1.00
A, 760072, 417547, 941162, 1029196, 430040, 124693, 627948, 153863, 38.1, 44.2, 1.00
A, 759549, 417288, 940823, 1028550, 429844, 124637, 627794, 153758, 38.1, 44.2, 1.00
A, 759016, 417086, 940509, 1027989, 429786, 124707, 627599, 153732, 38.1, 44.2, 0.99
A, 758744, 416815, 940316, 1027505, 429547, 124653, 627474, 153754, 38.1, 44.2, 0.99
A, 758819, 416789, 940417, 1026909, 429592, 124628, 627438, 153709, 38.1, 44.2, 1.00
A, 758200, 416572, 940288, 1026532, 429313, 124610, 627166, 153592, 38.1, 44.2, 1.00
A, 757638, 416369, 939839, 1025721, 429284, 124591, 627092, 153535, 38.1, 44.2, 1.00
A, 757562, 416109, 939526, 1025290, 429104, 124485, 626904, 153514, 38.1, 44.2, 0.99
A, 757572, 416059, 940026, 1025404, 429106, 124556, 626847, 153602, 38.1, 44.2, 0.99
A, 757332, 415924, 940093, 1025096, 428969, 124521, 626781, 153484, 38.1, 44.2, 1.00
A, 757256, 415799, 940044, 1024548, 428939, 124439, 626630, 153537, 38.1, 44.2, 1.00
A, 756858, 415572, 939787, 1023893, 428787, 124461, 626474, 153426, 38.1, 44.2, 1.00
A, 756449, 415386, 939555, 1023616, 428704, 124479, 626373, 153392, 38.1, 44.2, 1.00
A, 756336, 415304, 939631, 1023385, 428602, 124368, 626281, 153399, 38.1, 44.2, 1.00
A, 757696, 415477, 941709, 1025004, 428925, 124590, 626580, 153794, 38.1, 44.2, 1.00
A, 757700, 415466, 941974, 1024685, 428875, 124573, 626515, 153698, 38.1, 44.2, 1.00
A, 757111, 415372, 941628, 1023998, 428785, 124497, 626310, 153552, 38.1, 44.2, 1.00
A, 756469, 415184, 941054, 1023176, 428527, 124364, 626072, 153407, 38.1, 44.2, 1.00
A, 756055, 414931, 940614, 1022286, 428371, 124449, 625913, 153381, 38.1, 44.2, 1.00
A, 755945, 414866, 940643, 1022231, 428339, 124390, 625849, 153378, 38.1, 44.2, 0.99
A, 755405, 414670, 940286, 1021637, 428203, 124378, 625749, 153370, 38.1, 44.2, 1.00
A, 755451, 414566, 940147, 1021105, 428145, 124275, 625649, 153258, 38.1, 44.2, 1.00
A, 754809, 414447, 939925, 1020807, 427970, 124326, 625447, 153115, 38.1, 44.2, 1.00
A, 754559, 414240, 939801, 1020414, 427877, 124297, 625300, 153108, 38.1, 44.2, 1.00
A, 754205, 414079, 939361, 1019886, 427804, 124238, 625163, 153098, 38.1, 44.2, 1.01
A, 753898, 414006, 939101, 1019157, 427686, 124141, 625109, 152998, 38.1, 44.2, 1.01
A, 753083, 413700, 938071, 1018100, 427433, 124090, 624755, 152850, 38.1, 44.2, 1.00
A, 752672, 413455, 937491, 1017385, 427326, 124065, 624685, 152830, 38.1, 44.2, 1.00
A, 752542, 413359, 937678, 1017310, 427244, 123988, 624558, 152789, 38.1, 44.2, 1.00
A, 752644, 413282, 937974, 1017446, 427237, 124039, 624603, 152882, 38.1, 44.2, 1.00
A, 752497, 413219, 937992, 1017296, 427170, 124113, 624564, 152796, 38.1, 44.2, 1.01
A, 752597, 413128, 937902, 1016900, 427117, 123972, 624457, 152825, 38.1, 44.2, 1.01
A, 752259, 412944, 937556, 1016660, 427077, 123966, 624333, 152797, 38.1, 44.2, 1.00
A, 752481, 412949, 938172, 1016908, 427107, 123902, 624382, 152786, 38.1, 44.2, 1.00
A, 753858, 413114, 940525, 1018721, 427346, 124135, 624712, 153118, 38.1, 44.2, 1.01
A, 753734, 413231, 940383, 1018242, 427357, 124154, 624673, 153030, 38.1, 44.2, 1.00
A, 753325, 413103, 939883, 1017741, 427287, 124091, 624486, 152945, 38.1, 44.2, 1.00
A, 752911, 412955, 939287, 1016798, 427109, 124025, 624347, 152841, 38.1, 44.2, 1.00
A, 752329, 412763, 938528, 1016088, 426973, 123964, 624186, 152753, 38.1, 44.2, 1.00
A, 751888, 412624, 938296, 1015727, 426805, 123880, 623955, 152680, 38.1, 44.2, 1.01
A, 751844, 412556, 938367, 1015640, 426773, 123879, 623973, 152663, 38.1, 44.2, 0.99
A, 751494, 412450, 938020, 1015215, 426701, 123919, 623919, 152647, 38.1, 44.2, 1.00
A, 751594, 412389, 938120, 1015150, 426713, 123861, 623897, 152650, 38.1, 44.2, 1.00
A, 751419, 412319, 938052, 1014708, 426619, 123824, 623745, 152592, 38.1, 44.2, 1.00
A, 750993, 412182, 937626, 1014238, 426482, 123788, 623645, 152481, 38.1, 44.2, 1.01
A, 751042, 412058, 937725, 1014165, 426525, 123834, 623647, 152504, 38.1, 44.2, 0.99
A, 750391, 411904, 937064, 1013464, 426348, 123693, 623452, 152424, 38.1, 44.2, 1.00
A, 750237, 411756, 936970, 1013318, 426294, 123704, 623383, 152444, 38.1, 44.2, 1.01
A, 750123, 411727, 936704, 1012839, 426261, 123635, 623296, 152345, 38.1, 44.2, 1.00
A, 749870, 411573, 936562, 1012608, 426154, 123631, 623215, 152300, 38.1, 44.2, 0.99
A, 749678, 411457, 936528, 1012563, 426116, 123638, 623221, 152331, 38.1, 44.2, 1.01
A, 749692, 411444, 936460, 1012444, 426077, 123662, 623188, 152323, 38.1, 44.2, 0.99
A, 749800, 411351, 936391, 1012216, 426048, 123634, 623146, 152375, 38.1, 44.2, 1.00
A, 750033, 411397, 936888, 1012526, 426091, 123600, 623181, 152425, 38.1, 44.2, 1.00
A, 751859, 411635, 939518, 1014541, 426455, 123785, 623577, 152791, 38.1, 44.2, 1.00
A, 751305, 411703, 938913, 1013716, 426451, 123738, 623477, 152594, 38.1, 44.2, 1.01
A, 750965, 411656, 938719, 1013548, 426391, 123782, 623309, 152576, 38.1, 44.2, 1.00
A, 750553, 411479, 938173, 1013011, 426208, 123731, 623222, 152479, 38.1, 44.2, 1.00
A, 750087, 411338, 937531, 1012406, 426065, 123625, 623104, 152401, 38.1, 44.2, 0.99
A, 750234, 411321, 937728, 1012395, 426092, 123653, 623029, 152491, 38.1, 44.2, 1.00
A, 749894, 411240, 937647, 1012183, 426046, 123627, 623025, 152367, 38.1, 44.2, 0.99
A, 749504, 411156, 937277, 1011609, 425946, 123607, 622909, 152287, 38.1, 44.2, 1.00
A, 749309, 411057, 936955, 1011334, 425867, 123553, 622799, 152201, 38.1, 44.2, 1.00
A, 749055, 410992, 936772, 1011168, 425711, 123501, 622671, 152222, 38.1, 44.2, 1.00
A, 749269, 410957, 936846, 1010916, 425833, 123532, 622677, 152213, 38.1, 44.2, 1.01
A, 748940, 410836, 936411, 1010428, 425677, 123503, 622574, 152127, 38.1, 44.2, 1.01
A, 748762, 410724, 936668, 1010517, 425617, 123456, 622581, 152152, 38.1, 44.2, 1.00
A, 748274, 410625, 935871, 1009752, 425550, 123407, 622433, 152056, 38.1, 44.2, 0.99
A, 748163, 410574, 935786, 1009680, 425450, 123435, 622323, 152085, 38.1, 44.2, 1.00
A, 747973, 410510, 935521, 1009299, 425515, 123349, 622375, 151985, 38.1, 44.2, 0.99
A, 747828, 410350, 935279, 1009001, 425362, 123295, 622265, 151943, 38.1, 44.2, 0.99
A, 747988, 410311, 935471, 1009109, 425375, 123277, 622227, 151964, 38.1, 44.2, 1.00
A, 748009, 410234, 935711, 1009168, 425427, 123330, 622242, 152006, 38.1, 44.2, 1.01
A, 747895, 410237, 935583, 1009116, 425355, 123315, 622232, 152028, 38.1, 44.2, 1.00
A, 749980, 410545, 938499, 1011598, 425745, 123515, 622699, 152467, 38.1, 44.2, 1.01
A, 749788, 410621, 938146, 1010962, 425815, 123454, 622600, 152282, 38.1, 44.2, 1.00
A, 749244, 410580, 937610, 1010363, 425646, 123397, 622493, 152203, 38.1, 44.2, 0.99
A, 748758, 410486, 937159, 1010081, 425549, 123431, 622364, 152138, 38.1, 44.2, 1.00
A, 748703, 410449, 937100, 1009907, 425540, 123433, 622288, 152100, 38.1, 44.2, 1.00
A, 748421, 410353, 936818, 1009421, 425484, 123369, 622220, 152076, 38.1, 44.2, 0.99
A, 747921, 410211, 936049, 1008738, 425305, 123332, 622081, 151971, 38.1, 44.2, 1.00
A, 746746, 409885, 934528, 1007320, 425037, 123151, 621799, 151637, 38.1, 44.2, 1.00
A, 746882, 409821, 934126, 1006673, 424913, 123152, 621690, 151645, 38.1, 44.2, 1.00
A, 746556, 409702, 934284, 1007039, 424892, 123121, 621614, 151634, 38.1, 44.2, 1.00
A, 746840, 409702, 934747, 1007439, 424929, 123207, 621756, 151727, 38.1, 44.3, 1.00
A, 747043, 409728, 934743, 1007236, 424968, 123138, 621729, 151711, 38.1, 44.3, 0.99
A, 746933, 409674, 934536, 1007033, 424939, 123108, 621681, 151679, 38.1, 44.2, 1.01
A, 746875, 409592, 934766, 1007331, 424968, 123112, 621721, 151776, 38.1, 44.2, 1.00
A, 746653, 409612, 934295, 1006666, 424900, 123042, 621714, 151690, 38.1, 44.2, 0.99
A, 746560, 409490, 934293, 1006838, 424830, 123064, 621589, 151694, 38.1, 44.2, 1.00
A, 745913, 409411, 933422, 1006051, 424821, 123034, 621496, 151538, 38.1, 44.2, 1.01
A, 746206, 409323, 933511, 1005920, 424654, 122941, 621498, 151567, 38.1, 44.2, 0.99
A, 746407, 409245, 934012, 1006486, 424696, 122970, 621479, 151624, 38.1, 44.2, 1.00
A, 746424, 409328, 934078, 1006536, 424719, 123003, 621518, 151596, 38.1, 44.2, 1.01
A, 747959, 409421, 936360, 1008414, 425034, 123187, 621929, 152056, 38.1, 44.2, 0.99
A, 748170, 409689, 936488, 1008420, 425140, 123141, 621961, 152021, 38.1, 44.2, 1.00
A, 747930, 409573, 936210, 1007869, 425079, 123105, 621825, 151841, 38.1, 44.2, 1.00
A, 747530, 409562, 935697, 1007432, 425023, 123112, 621800, 151805, 38.1, 44.2, 1.00
A, 747205, 409518, 935355, 1007109, 424895, 123033, 621624, 151635, 38.1, 44.2, 1.00
A, 747184, 409447, 935447, 1006969, 424870, 123020, 621622, 151672, 38.1, 44.2, 0.99
A, 746899, 409325, 935200, 1006865, 424781, 123035, 621535, 151710, 38.1, 44.2, 1.00
A, 747126, 409400, 935454, 1007014, 424875, 123067, 621581, 151758, 38.1, 44.2, 1.01
A, 746227, 409356, 934336, 1005966, 424748, 122994, 621351, 151532, 38.1, 44.2, 1.01
A, 746128, 409209, 934261, 1005798, 424654, 122986, 621341, 151517, 38.1, 44.3, 0.99
A, 746085, 409196, 934361, 1005942, 424598, 122996, 621266, 151560, 38.1, 44.3, 1.00
A, 746184, 409135, 934257, 1005891, 424670, 122994, 621357, 151511, 38.1, 44.3, 0.99
A, 746483, 409148, 934607, 1006022, 424744, 122984, 621336, 151518, 38.1, 44.3, 1.00
A, 746193, 409125, 934220, 1005642, 424653, 122902, 621257, 151522, 38.1, 44.3, 1.01
A, 745992, 408971, 933964, 1005365, 424498, 122859, 621197, 151454, 38.1, 44.3, 1.00
A, 745761, 408954, 933729, 1005174, 424523, 122865, 621211, 151403, 38.1, 44.3, 1.01
A, 745562, 408881, 933633, 1005145, 424478, 122845, 621112, 151456, 38.1, 44.3, 1.00
A, 745449, 408850, 933257, 1004525, 424507, 122860, 621096, 151248, 38.1, 44.3, 0.99
A, 745407, 408726, 933028, 1004385, 424382, 122789, 620992, 151302, 38.1, 44.3, 0.99
A, 745426, 408738, 933390, 1004800, 424420, 122772, 621067, 151341, 38.1, 44.3, 1.01
A, 747153, 408914, 935963, 1006816, 424781, 123058, 621465, 151768, 38.1, 44.3, 1.00
A, 747046, 409055, 935607, 1006426, 424850, 122935, 621413, 151683, 38.1, 44.3, 1.01
A, 746866, 409090, 935484, 1006345, 424769, 122897, 621371, 151597, 38.1, 44.3, 0.99
A, 746473, 408923, 935153, 1006006, 424583, 122887, 621268, 151579, 38.1, 44.3, 1.01
A, 746685, 409070, 935055, 1005744, 424675, 122938, 621225, 151562, 38.1, 44.3, 1.00
A, 746172, 408886, 934682, 1005542, 424584, 122844, 621147, 151406, 38.1, 44.3, 1.01
A, 746031, 408895, 934646, 1005286, 424560, 122851, 621137, 151402, 38.1, 44.3, 1.00
A, 745660, 408796, 934165, 1004998, 424434, 122815, 621014, 151398, 38.1, 44.3, 0.99
A, 745749, 408785, 934031, 1004802, 424410, 122777, 621002, 151291, 38.1, 44.3, 1.00
A, 745486, 408757, 933866, 1004518, 424365, 122736, 620919, 151319, 38.1, 44.3, 1.01
A, 745202, 408626, 933414, 1004138, 424249, 122699, 620810, 151317, 38.1, 44.3, 1.00
A, 745128, 408613, 933388, 1004134, 424272, 122705, 620833, 151251, 38.1, 44.3, 1.01
A, 745025, 408611, 933319, 1004028, 424208, 122680, 620780, 151229, 38.1, 44.3, 1.01
A, 744600, 408465, 932725, 1003523, 424185, 122677, 620725, 151183, 38.1, 44.3, 1.01
A, 744895, 408446, 932576, 1003360, 424182, 122633, 620749, 151142, 38.1, 44.3, 0.99
A, 744708, 408362, 932794, 1003368, 424059, 122554, 620649, 151144, 38.1, 44.3, 1.01
A, 744480, 408390, 932352, 1003187, 424115, 122568, 620727, 151137, 38.1, 44.3, 1.01
A, 744349, 408274, 932316, 1003184, 424099, 122577, 620653, 151111, 38.1, 44.3, 1.00
A, 744856, 408272, 932782, 1003467, 424078, 122604, 620714, 151202, 38.1, 44.3, 1.00
A, 744930, 408257, 932938, 1003623, 424100, 122558, 620720, 151218, 38.1, 44.3, 1.00
A, 746784, 408498, 935689, 1005787, 424552, 122821, 621197, 151614, 38.1, 44.3, 0.99
A, 746534, 408739, 935079, 1005276, 424546, 122816, 621100, 151475, 38.1, 44.3, 1.01
A, 746112, 408602, 934738, 1004996, 424491, 122780, 621015, 151335, 38.1, 44.3, 1.00
A, 746044, 408635, 934797, 1004900, 424404, 122741, 621015, 151376, 38.1, 44.3, 1.01
A, 745556, 408590, 934246, 1004460, 424349, 122720, 620898, 151360, 38.1, 44.3, 0.99
A, 745804, 408651, 934390, 1004551, 424399, 122715, 620932, 151383, 38.1, 44.3, 1.00
A, 745535, 408563, 934196, 1004277, 424299, 122704, 620835, 151262, 38.1, 44.3, 1.00
A, 745112, 408478, 933657, 1003672, 424216, 122659, 620756, 151175, 38.1, 44.3, 1.00
A, 744939, 408346, 933437, 1003533, 424138, 122610, 620634, 151200, 38.1, 44.3, 1.01
A, 745055, 408444, 933608, 1003656, 424136, 122625, 620698, 151151, 38.1, 44.3, 1.01
A, 744800, 408329, 933401, 1003457, 424067, 122645, 620582, 151185, 38.1, 44.3, 1.00
A, 744887, 408341, 933463, 1003526, 424149, 122559, 620673, 151226, 38.1, 44.3, 1.00
A, 744877, 408306, 933441, 1003445, 424153, 122605, 620625, 151112, 38.1, 44.3, 1.01
A, 744669, 408257, 933231, 1003167, 424071, 122552, 620583, 151049, 38.1, 44.3, 0.99
A, 744654, 408209, 933202, 1003174, 424034, 122569, 620486, 151087, 38.1, 44.3, 1.00
A, 744369, 408162, 932772, 1002530, 424002, 122544, 620455, 151017, 38.1, 44.3, 1.00
A, 744172, 408023, 932423, 1002381, 423896, 122481, 620342, 150934, 38.1, 44.3, 1.00
A, 743657, 407985, 931734, 1001834, 423866, 122487, 620250, 150958, 38.1, 44.3, 1.00
A, 743623, 407853, 931616, 1001744, 423737, 122444, 620261, 150905, 38.1, 44.3, 1.00
A, 743862, 407836, 932031, 1002095, 423817, 122475, 620292, 150958, 38.1, 44.3, 0.99
A, 745640, 408173, 934618, 1004371, 424200, 122659, 620718, 151375, 38.1, 44.3, 1.01
A, 745557, 408317, 934223, 1003640, 424204, 122579, 620732, 151149, 38.1, 44.3, 1.00
A, 744977, 408168, 933601, 1003392, 424073, 122563, 620560, 151153, 38.1, 44.3, 0.99
A, 745085, 408204, 933818, 1003447, 424156, 122551, 620645, 151101, 38.1, 44.3, 0.99
A, 744646, 408079, 933328, 1002976, 424033, 122510, 620531, 151038, 38.1, 44.3, 1.00
A, 744636, 408058, 933130, 1002772, 423996, 122451, 620458, 151060, 38.1, 44.3, 1.00
A, 744420, 408077, 933143, 1002632, 423908, 122519, 620407, 151043, 38.1, 44.3, 1.01
A, 744227, 407975, 932700, 1002172, 423867, 122396, 620389, 150925, 38.1, 44.3, 1.00
A, 743929, 407880, 932192, 1001793, 423735, 122328, 620208, 150924, 38.1, 44.3, 0.99
A, 743637, 407797, 932015, 1001719, 423769, 122363, 620135, 150814, 38.1, 44.3, 1.00
A, 743822, 407770, 932195, 1001935, 423752, 122405, 620218, 150904, 38.1, 44.3, 1.00
A, 743547, 407752, 931937, 1001762, 423712, 122356, 620167, 150935, 38.1, 44.3, 1.01
A, 743819, 407763, 932098, 1001911, 423803, 122377, 620255, 150907, 38.1, 44.3, 1.01
A, 743770, 407803, 932131, 1001694, 423734, 122333, 620234, 150845, 38.1, 44.3, 1.01
A, 743588, 407659, 931826, 1001473, 423694, 122299, 620184, 150777, 38.1, 44.3, 0.99
A, 743794, 407607, 931773, 1001583, 423694, 122321, 620199, 150873, 38.1, 44.3, 1.01
A, 743455, 407646, 931433, 1001131, 423659, 122295, 620167, 150724, 38.1, 44.3, 0.99
A, 743227, 407512, 931249, 1001150, 423543, 122271, 620044, 150765, 38.1, 44.3, 1.01
A, 742977, 407576, 930767, 1000433, 423580, 122253, 620001, 150605, 38.1, 44.3, 0.99
A, 742905, 407399, 930701, 1000534, 423463, 122183, 619983, 150604, 38.1, 44.3, 1.01
A, 744780, 407699, 933287, 1002908, 423917, 122432, 620376, 151094, 38.1, 44.3, 1.01
A, 744558, 407801, 933066, 1002679, 423916, 122380, 620432, 151022, 38.1, 44.3, 1.00
A, 744334, 407767, 932569, 1002109, 423844, 122347, 620269, 150938, 38.1, 44.3, 0.99
A, 744425, 407734, 932804, 1002359, 423868, 122371, 620335, 150994, 38.1, 44.3, 1.00
A, 744052, 407766, 932433, 1001954, 423812, 122337, 620263, 150871, 38.1, 44.3, 1.00
A, 743817, 407658, 931955, 1001477, 423731, 122257, 620185, 150738, 38.1, 44.3, 0.99
A, 743708, 407537, 931782, 1001448, 423656, 122259, 620103, 150781, 38.1, 44.3, 1.00
A, 743707, 407623, 931957, 1001508, 423658, 122288, 620192, 150802, 38.1, 44.3, 1.00
A, 743581, 407550, 931727, 1001423, 423642, 122267, 620144, 150849, 38.1, 44.3, 1.00
A, 743569, 407527, 931512, 1001181, 423599, 122192, 620107, 150802, 38.1, 44.3, 1.00
A, 743543, 407493, 931689, 1001328, 423669, 122251, 620070, 150742, 38.1, 44.3, 1.00
A, 743413, 407440, 931359, 1001086, 423595, 122223, 620050, 150751, 38.1, 44.3, 1.00
A, 743500, 407446, 931557, 1001086, 423634, 122265, 620083, 150767, 38.1, 44.3, 1.01
A, 743420, 407465, 931491, 1001052, 423696, 122167, 620062, 150788, 38.1, 44.3, 0.99
A, 743301, 407419, 931119, 1000707, 423583, 122166, 620021, 150706, 38.1, 44.3, 0.99
A, 743121, 407281, 930702, 1000442, 423517, 122209, 619995, 150649, 38.1, 44.3, 1.01
A, 743137, 407338, 931048, 1000798, 423502, 122101, 619961, 150625, 38.1, 44.3, 1.00
A, 742749, 407239, 930338, 1000143, 423483, 122106, 619889, 150605, 38.1, 44.3, 1.00
A, 742642, 407117, 930265, 1000091, 423406, 122085, 619826, 150637, 38.1, 44.3, 1.00
A, 742376, 407222, 929788, 999608, 423391, 122044, 619816, 150476, 38.1, 44.3, 0.99
A, 743665, 407143, 931573, 1001201, 423525, 122220, 620039, 150794, 38.1, 44.3, 1.00
A, 743858, 407389, 931689, 1001347, 423707, 122205, 620149, 150783, 38.1, 44.3, 1.00
A, 743823, 407318, 931522, 1001130, 423579, 122150, 620009, 150718, 38.1, 44.3, 1.00
A, 743546, 407349, 931347, 1001170, 423617, 122201, 620074, 150729, 38.1, 44.3, 1.01
A, 743794, 407376, 931734, 1001374, 423668, 122206, 620150, 150794, 38.1, 44.3, 1.00
A, 743603, 407355, 931510, 1000870, 423641, 122141, 620005, 150718, 38.1, 44.3, 0.99
A, 743081, 407194, 930765, 1000366, 423465, 122052, 619909, 150541, 38.1, 44.3, 1.00
A, 743131, 407198, 930879, 1000625, 423476, 122131, 619977, 150611, 38.1, 44.3, 1.01
A, 742928, 407189, 930584, 1000422, 423462, 122087, 619891, 150631, 38.1, 44.3, 0.99
A, 743082, 407204, 930605, 1000230, 423435, 122130, 619892, 150614, 38.1, 44.3, 0.99
A, 743162, 407181, 930784, 1000544, 423453, 122107, 619925, 150678, 38.1, 44.3, 1.00
A, 743143, 407183, 930836, 1000442, 423522, 122066, 619987, 150647, 38.1, 44.3, 0.99
A, 743093, 407131, 930505, 1000259, 423486, 122071, 619904, 150612, 38.1, 44.3, 1.01
A, 743135, 407139, 930819, 1000569, 423495, 122118, 619972, 150693, 38.1, 44.3, 1.00
A, 742965, 407086, 930600, 1000358, 423424, 122020, 619871, 150611, 38.1, 44.3, 0.99
A, 743111, 407061, 930650, 1000473, 423470, 122077, 619986, 150670, 38.1, 44.3, 0.99
A, 743201, 407131, 930775, 1000373, 423497, 122029, 619936, 150553, 38.1, 44.3, 1.01
A, 742951, 407133, 930540, 1000262, 423382, 122003, 619886, 150588, 38.1, 44.3, 1.00
A, 742792, 407061, 930071, 999865, 423411, 121986, 619858, 150512, 38.1, 44.3, 1.01
A, 742636, 407012, 930013, 999728, 423298, 121981, 619794, 150477, 38.1, 44.3, 0.99
A, 744664, 407476, 933015, 1002313, 423772, 122222, 620371, 150982, 38.1, 44.3, 0.99
A, 744350, 407489, 932503, 1001768, 423778, 122204, 620275, 150824, 38.1, 44.3, 1.01
A, 744107, 407392, 932307, 1001710, 423707, 122139, 620208, 150749, 38.1, 44.3, 0.99
A, 743789, 407298, 931908, 1001276, 423636, 122124, 620026, 150674, 38.1, 44.3, 0.99
A, 743226, 407256, 931183, 1000707, 423588, 122061, 619949, 150643, 38.1, 44.3, 1.00
A, 743095, 407200, 931068, 1000643, 423448, 122076, 619885, 150628, 38.1, 44.3, 1.00
A, 743193, 407219, 931013, 1000283, 423476, 122037, 619937, 150535, 38.1, 44.3, 0.99
A, 742873, 407086, 930675, 1000097, 423427, 122013, 619772, 150548, 38.1, 44.3, 1.01
A, 742760, 407120, 930387, 999499, 423358, 121935, 619787, 150475, 38.1, 44.3, 0.99
A, 742375, 406940, 929869, 999454, 423270, 121901, 619696, 150404, 38.1, 44.3, 1.00
A, 742344, 406949, 929963, 999643, 423247, 121967, 619654, 150436, 38.1, 44.3, 1.01
A, 742652, 407004, 930339, 999867, 423341, 121962, 619815, 150544, 38.1, 44.3, 1.00
A, 742816, 406996, 930428, 999701, 423313, 121986, 619786, 150514, 38.1, 44.3, 0.99
A, 742548, 406942, 930080, 999546, 423285, 121893, 619711, 150439, 38.1, 44.3, 1.00
A, 742549, 406887, 930137, 999768, 423303, 121946, 619756, 150499, 38.1, 44.3, 0.99
A, 742388, 406833, 930001, 999653, 423259, 121921, 619738, 150502, 38.1, 44.3, 1.01
A, 742286, 406863, 929773, 999325, 423221, 121955, 619665, 150430, 38.1, 44.3, 1.00
A, 742303, 406828, 929661, 999213, 423236, 121887, 619746, 150385, 38.1, 44.3, 1.01
A, 742149, 406791, 929508, 999154, 423206, 121846, 619639, 150385, 38.1, 44.3, 1.00
A, 741902, 406784, 929022, 998801, 423186, 121800, 619544, 150328, 38.1, 44.3, 0.99
A, 743161, 406831, 930988, 1000503, 423354, 121937, 619809, 150680, 38.1, 44.3, 1.00
A, 743246, 407087, 931205, 1000666, 423521, 121986, 619899, 150708, 38.1, 44.3, 1.01
A, 743148, 407058, 930971, 1000469, 423504, 121962, 619866, 150659, 38.1, 44.3, 1.00
A, 743104, 407064, 930874, 1000315, 423372, 121944, 619852, 150538, 38.1, 44.3, 1.00
A, 742873, 406936, 930550, 999873, 423363, 121841, 619822, 150486, 38.1, 44.3, 1.00
A, 742463, 406833, 929957, 999589, 423281, 121922, 619721, 150424, 38.1, 44.3, 1.01
A, 742633, 406851, 930092, 999682, 423339, 121921, 619748, 150470, 38.1, 44.3, 1.01
A, 742508, 406907, 930028, 999601, 423239, 121910, 619671, 150436, 38.1, 44.3, 1.00
A, 742633, 406916, 930307, 999825, 423321, 121859, 619696, 150441, 38.1, 44.3, 1.01
A, 742436, 406777, 929808, 999199, 423198, 121848, 619666, 150297, 38.1, 44.3, 1.00
A, 742208, 406744, 929586, 999162, 423188, 121792, 619583, 150321, 38.1, 44.3, 0.99
A, 741960, 406724, 929284, 998954, 423179, 121862, 619661, 150368, 38.1, 44.3, 1.00
A, 742161, 406754, 929538, 999153, 423211, 121828, 619621, 150321, 38.1, 44.3, 0.99
A, 742244, 406767, 929542, 999066, 423208, 121834, 619619, 150365, 38.1, 44.3, 1.00
A, 742383, 406734, 929835, 999450, 423271, 121822, 619708, 150500, 38.1, 44.3, 1.01
A, 742441, 406761, 929750, 999359, 423284, 121834, 619731, 150388, 38.1, 44.3, 1.00
A, 742285, 406694, 929536, 999154, 423205, 121794, 619662, 150329, 38.1, 44.3, 1.01
A, 742326, 406700, 929717, 999405, 423196, 121869, 619607, 150443, 38.1, 44.3, 1.01
A, 742105, 406755, 929347, 998860, 423207, 121834, 619621, 150307, 38.1, 44.3, 1.01
A, 742036, 406684, 928958, 998491, 423141, 121815, 619549, 150223, 38.1, 44.3, 1.00
A, 743534, 406956, 931368, 1000780, 423510, 121963, 619995, 150659, 38.1, 44.3, 1.00
A, 743351, 406993, 930948, 1000418, 423493, 121898, 619918, 150532, 38.1, 44.3, 1.00
A, 743179, 406966, 930758, 1000204, 423420, 121919, 619859, 150573, 38.1, 44.3, 1.00
A, 742963, 406909, 930436, 999850, 423307, 121873, 619749, 150486, 38.1, 44.3, 0.99
A, 742666, 406889, 930004, 999409, 423312, 121796, 619714, 150432, 38.1, 44.3, 0.99
A, 742224, 406741, 929184, 998753, 423141, 121791, 619534, 150314, 38.1, 44.3, 1.00
A, 742385, 406745, 929718, 999156, 423193, 121783, 619659, 150331, 38.1, 44.3, 1.01
A, 742055, 406708, 929398, 999056, 423136, 121824, 619550, 150322, 38.1, 44.3, 1.01
A, 741896, 406577, 929065, 998747, 423057, 121785, 619509, 150308, 38.1, 44.3, 0.99
A, 742000, 406650, 929297, 998898, 423104, 121732, 619583, 150314, 38.1, 44.3, 0.99
A, 741017, 406453, 927772, 997605, 423018, 121580, 619310, 150094, 38.1, 44.3, 1.00
A, 741084, 406320, 927835, 997566, 422863, 121673, 619238, 150033, 38.1, 44.3, 1.00
A, 740989, 406363, 927713, 997610, 422841, 121596, 619247, 150066, 38.1, 44.3, 1.00
A, 741308, 406275, 928046, 997973, 422890, 121625, 619310, 150145, 38.1, 44.3, 1.00
A, 741282, 406280, 927994, 998018, 422935, 121646, 619365, 150206, 38.1, 44.3, 1.00
A, 741247, 406263, 927922, 997944, 422888, 121621, 619361, 150149, 38.1, 44.3, 1.01
A, 741463, 406283, 928038, 997805, 422934, 121616, 619377, 150080, 38.1, 44.3, 1.00
A, 741395, 406268, 927862, 997739, 422931, 121535, 619378, 150114, 38.1, 44.3, 0.99
A, 741513, 406294, 928016, 998092, 422953, 121619, 619431, 150178, 38.1, 44.3, 0.99
A, 741392, 406310, 927536, 997276, 423052, 121561, 619399, 150087, 38.1, 44.4, 0.99
A, 742473, 406317, 929415, 999242, 423138, 121672, 619618, 150420, 38.1, 44.4, 1.01
A, 742243, 406554, 929034, 998941, 423197, 121705, 619697, 150301, 38.1, 44.3, 0.99
A, 742049, 406493, 928786, 998694, 423075, 121630, 619528, 150178, 38.1, 44.3, 1.00
A, 742196, 406474, 928952, 998867, 423174, 121651, 619598, 150272, 38.1, 44.3, 1.00
A, 742136, 406465, 928775, 998753, 423117, 121649, 619591, 150243, 38.1, 44.3, 1.00
A, 741883, 406436, 928545, 998573, 423057, 121625, 619505, 150305, 38.1, 44.3, 0.99
A, 741978, 406414, 928707, 998716, 423088, 121635, 619500, 150279, 38.1, 44.3, 1.00
A, 741677, 406458, 928300, 998343, 423106, 121618, 619562, 150119, 38.1, 44.3, 1.00
A, 741640, 406318, 928205, 998183, 423017, 121564, 619472, 150162, 38.1, 44.3, 0.99
A, 741547, 406229, 927875, 998102, 423008, 121563, 619419, 150154, 38.1, 44.3, 0.99
A, 741697, 406281, 928187, 998318, 423011, 121595, 619470, 150116, 38.1, 44.3, 0.99
A, 741613, 406304, 928081, 998350, 422975, 121590, 619439, 150156, 38.1, 44.3, 1.00
A, 741921, 406356, 928479, 998593, 423068, 121596, 619537, 150213, 38.1, 44.3, 1.00
A, 742010, 406430, 928607, 998588, 423064, 121550, 619531, 150160, 38.1, 44.3, 0.99
A, 741847, 406392, 928446, 998523, 423059, 121501, 619488, 150150, 38.1, 44.3, 1.00
A, 741916, 406395, 928414, 998642, 423112, 121574, 619541, 150252, 38.1, 44.3, 1.00
A, 741859, 406349, 928402, 998547, 423023, 121628, 619530, 150178, 38.1, 44.3, 0.99
A, 741837, 406313, 928176, 998186, 423027, 121538, 619451, 150113, 38.1, 44.3, 1.00
A, 741523, 406244, 927736, 997926, 422971, 121514, 619401, 150014, 38.1, 44.3, 1.01
A, 741528, 406271, 927812, 998113, 422966, 121562, 619392, 150057, 38.1, 44.3, 0.99
M, 737830, 405721, 921836, 991863, 422277, 120951, 618271, 148634, 38.1, 44.3, 0.00
M, 730944, 404007, 912105, 984336, 420239, 120251, 615892, 147306, 38.1, 44.3, 0.62
M, 721686, 400987, 897759, 972167, 417172, 119036, 612287, 145198, 38.2, 44.4, 0.76
M, 717245, 399307, 890816, 966129, 415607, 118462, 610785, 144184, 38.2, 44.4, 0.82
M, 713110, 397608, 883921, 961222, 414487, 117903, 609976, 143429, 38.2, 44.4, 0.89
M, 709535, 395959, 877213, 956341, 413635, 117246, 609679, 142601, 38.2, 44.5, 0.93
M, 707361, 394722, 871947, 952668, 413180, 116788, 609782, 142056, 38.2, 44.5, 0.95
M, 706200, 393700, 867986, 950451, 413098, 116328, 610197, 141696, 38.2, 44.6, 0.98
M, 705443, 392681, 863965, 948613, 413130, 115970, 610589, 141309, 38.2, 44.6, 0.98
M, 704793, 391844, 860166, 946944, 413137, 115606, 610822, 141023, 38.2, 44.8, 0.99
M, 705314, 391143, 858228, 947002, 413290, 115381, 611237, 140960, 38.2, 44.8, 0.99
M, 705825, 390605, 856148, 947051, 413475, 115188, 611781, 140851, 38.2, 44.8, 1.00
M, 706680, 390041, 854502, 947441, 413731, 115027, 612242, 140920, 38.2, 44.8, 1.00
M, 708013, 389737, 853494, 948479, 414124, 114890, 612880, 140978, 38.3, 44.9, 0.99
M, 709638, 389365, 852591, 949683, 414481, 114751, 613508, 140938, 38.3, 44.9, 0.99
M, 710931, 389109, 851582, 950758, 414795, 114582, 613946, 140950, 38.3, 44.9, 1.00
M, 712356, 388913, 851046, 952211, 415195, 114539, 614575, 141037, 38.3, 44.9, 1.00
M, 713914, 388740, 850609, 953546, 415554, 114557, 615168, 141226, 38.3, 44.9, 1.00
M, 715351, 388636, 850677, 955428, 415972, 114468, 615725, 141311, 38.3, 44.9, 1.00
M, 717140, 388603, 850314, 957078, 416452, 114403, 616367, 141346, 38.3, 44.9, 0.99
M, 720002, 388727, 852342, 960455, 417065, 114493, 617163, 141780, 38.3, 44.9, 1.01
M, 721229, 388841, 851563, 961763, 417647, 114462, 617841, 141823, 38.3, 44.9, 1.00
M, 721961, 388769, 851088, 962741, 417796, 114454, 618141, 141853, 38.3, 44.9, 1.00
M, 723319, 388824, 850562, 964217, 418222, 114412, 618743, 141851, 38.3, 44.9, 1.00
M, 724168, 388764, 850301, 965115, 418438, 114343, 619023, 141859, 38.3, 44.9, 0.99
M, 725346, 388814, 850477, 966852, 418877, 114374, 619576, 142040, 38.3, 44.9, 1.00
M, 726558, 388945, 850495, 968339, 419262, 114395, 620099, 142134, 38.3, 44.9, 1.00
M, 726680, 388939, 849400, 968799, 419414, 114365, 620375, 142020, 38.3, 44.9, 1.00
M, 727939, 388936, 849514, 970103, 419755, 114370, 620800, 142075, 38.3, 44.9, 0.99
M, 728642, 388948, 848536, 970619, 420024, 114260, 621185, 142087, 38.3, 44.9, 1.00
M, 729970, 389087, 849142, 972299, 420432, 114326, 621763, 142255, 38.3, 44.9, 1.00
M, 731009, 389249, 849579, 974173, 420841, 114375, 622217, 142374, 38.3, 44.9, 1.00
M, 732493, 389633, 850269, 976056, 421356, 114426, 622751, 142529, 38.3, 45.0, 0.99
M, 733690, 389827, 850507, 977298, 421672, 114438, 623263, 142587, 38.3, 45.0, 1.00
M, 735074, 390204, 851486, 979116, 422178, 114528, 623832, 142832, 38.3, 44.9, 1.00
M, 736183, 390504, 851867, 980664, 422598, 114529, 624297, 142900, 38.3, 44.9, 1.00
M, 737022, 390734, 852110, 981942, 422911, 114576, 624731, 142980, 38.4, 44.9, 1.00
M, 738152, 391009, 852659, 983538, 423295, 114632, 625105, 143099, 38.4, 44.9, 1.00
M, 738950, 391248, 852911, 984668, 423612, 114674, 625573, 143169, 38.3, 45.0, 1.00
M, 739808, 391573, 853389, 985960, 423940, 114775, 625956, 143381, 38.3, 45.0, 1.01
M, 742905, 392270, 856418, 989439, 424792, 114969, 626844, 143790, 38.4, 44.9, 1.00
M, 743250, 392622, 856310, 990188, 425033, 114914, 627134, 143746, 38.4, 44.9, 1.01
M, 743345, 392890, 855867, 990774, 425256, 114948, 627347, 143702, 38.4, 44.9, 1.00
M, 743604, 392998, 855531, 991195, 425327, 114977, 627503, 143749, 38.4, 44.9, 1.00
M, 744283, 393273, 856108, 992342, 425613, 114967, 627867, 143881, 38.4, 44.9, 1.00
M, 744843, 393528, 856244, 993162, 425854, 115103, 628145, 143881, 38.4, 44.9, 1.00
M, 745524, 393804, 856390, 993793, 426082, 115076, 628467, 143859, 38.4, 44.9, 0.99
M, 745828, 394016, 856372, 994342, 426281, 115083, 628607, 143915, 38.4, 44.9, 1.00
M, 746011, 394180, 856244, 995253, 426401, 115092, 628835, 143953, 38.4, 44.9, 0.99
M, 746689, 394487, 856670, 996258, 426698, 115125, 629059, 144062, 38.4, 44.9, 1.00
M, 747139, 394699, 856691, 996726, 426893, 115168, 629315, 144086, 38.4, 44.9, 1.00
M, 747916, 394971, 857147, 997432, 427182, 115228, 629736, 144047, 38.4, 44.9, 1.00
M, 747924, 395189, 856992, 998204, 427247, 115248, 629848, 144251, 38.4, 44.9, 1.00
M, 748256, 395424, 857006, 998865, 427475, 115245, 629998, 144260, 38.4, 44.9, 1.00
M, 748712, 395549, 857158, 999450, 427615, 115264, 630216, 144288, 38.4, 44.9, 1.01
M, 749372, 395859, 857755, 1000587, 427904, 115313, 630587, 144404, 38.4, 44.9, 1.00
M, 749774, 396113, 857887, 1001117, 428014, 115350, 630685, 144520, 38.4, 44.9, 1.00
M, 750487, 396344, 858471, 1002161, 428298, 115418, 630985, 144552, 38.4, 44.9, 0.99
M, 750959, 396641, 858755, 1002877, 428444, 115443, 631205, 144596, 38.4, 44.9, 1.00
M, 751139, 396776, 858689, 1003336, 428560, 115474, 631376, 144612, 38.4, 44.9, 0.99
M, 753208, 397205, 860922, 1005916, 429003, 115643, 631895, 145006, 38.4, 44.9, 1.00
M, 753564, 397695, 861116, 1006249, 429321, 115674, 632218, 144997, 38.4, 44.9, 1.00
M, 753384, 397775, 860634, 1006307, 429315, 115637, 632192, 144929, 38.4, 44.9, 1.00
M, 753227, 397932, 860218, 1006225, 429423, 115629, 632264, 144855, 38.4, 44.9, 1.00
M, 753057, 397987, 859959, 1006385, 429363, 115651, 632278, 144856, 38.4, 44.9, 1.00
M, 753362, 398049, 860285, 1007102, 429479, 115622, 632427, 144893, 38.4, 44.9, 1.00
M, 753574, 398177, 860313, 1007452, 429578, 115642, 632536, 144916, 38.4, 44.9, 1.00
M, 753787, 398367, 860206, 1007611, 429633, 115604, 632652, 144935, 38.4, 44.9, 1.00
M, 753964, 398471, 860254, 1007993, 429735, 115706, 632737, 145000, 38.4, 44.9, 1.00
M, 754298, 398762, 860522, 1008575, 430013, 115747, 632956, 145000, 38.4, 44.9, 1.01
M, 754483, 398812, 860733, 1009060, 430068, 115721, 633090, 145141, 38.4, 44.9, 1.00
M, 755087, 398973, 861188, 1009912, 430161, 115810, 633280, 145164, 38.4, 44.9, 1.00
M, 755445, 399229, 861398, 1010435, 430328, 115861, 633435, 145228, 38.4, 44.9, 0.99
M, 755731, 399399, 861370, 1010650, 430472, 115804, 633541, 145211, 38.4, 44.9, 1.00
M, 755957, 399535, 861507, 1010915, 430519, 115839, 633660, 145174, 38.4, 44.9, 1.00
M, 755950, 399579, 861662, 1011698, 430630, 115875, 633773, 145249, 38.4, 44.9, 1.00
M, 756566, 399874, 862243, 1011896, 430779, 115938, 633991, 145352, 38.4, 44.9, 0.99
M, 756567, 399957, 862026, 1012446, 430818, 115955, 634035, 145418, 38.4, 44.9, 1.00
M, 757172, 400211, 862687, 1013192, 431042, 116018, 634270, 145542, 38.4, 44.9, 0.99
M, 757203, 400287, 862581, 1013412, 431081, 116003, 634328, 145449, 38.4, 44.9, 1.00
M, 759096, 400780, 865120, 1015980, 431559, 116202, 634846, 145913, 38.4, 44.9, 1.00
M, 759529, 401029, 865441, 1016474, 431757, 116264, 635062, 145903, 38.4, 44.9, 1.00
M, 759051, 401130, 864747, 1016069, 431782, 116248, 634981, 145766, 38.4, 44.9, 1.00
M, 758800, 401152, 864577, 1016107, 431672, 116202, 634953, 145791, 38.4, 44.9, 1.01
M, 758880, 401396, 864499, 1016159, 431761, 116214, 634975, 145701, 38.4, 44.8, 1.00
M, 758656, 401290, 864298, 1016044, 431706, 116207, 635002, 145724, 38.4, 44.8, 1.00
M, 758802, 401386, 864381, 1016451, 431704, 116249, 635124, 145738, 38.4, 44.8, 1.00
M, 759054, 401501, 864566, 1016864, 431797, 116275, 635135, 145820, 38.4, 44.8, 1.00
M, 759207, 401613, 864730, 1017095, 431915, 116237, 635283, 145841, 38.4, 44.8, 1.00
M, 759800, 401817, 865297, 1017878, 432039, 116387, 635472, 145986, 38.5, 44.8, 1.00
M, 760000, 401916, 865337, 1017953, 432113, 116333, 635571, 145967, 38.5, 44.8, 1.00
M, 759925, 401988, 865469, 1018039, 432146, 116362, 635557, 145903, 38.5, 44.8, 1.01
M, 759848, 402055, 865395, 1018401, 432179, 116319, 635619, 145972, 38.5, 44.8, 1.01
M, 760276, 402273, 865934, 1019011, 432256, 116455, 635784, 146069, 38.5, 44.8, 1.00
M, 760600, 402253, 866013, 1019261, 432381, 116461, 635874, 146164, 38.5, 44.8, 1.00
M, 761082, 402560, 866797, 1019986, 432534, 116558, 636060, 146279, 38.5, 44.8, 1.00
M, 761112, 402680, 866974, 1020358, 432615, 116543, 636106, 146250, 38.5, 44.8, 1.00
M, 761158, 402754, 866877, 1020435, 432641, 116537, 636139, 146212, 38.5, 44.8, 1.00
M, 761515, 402808, 867303, 1020951, 432723, 116578, 636225, 146346, 38.5, 44.8, 1.00
M, 761584, 402897, 867410, 1021109, 432738, 116625, 636200, 146333, 38.5, 44.8, 0.99
M, 763742, 403368, 869946, 1023422, 433218, 116763, 636781, 146763, 38.5, 44.8, 1.00
M, 763374, 403492, 869625, 1023086, 433246, 116774, 636800, 146616, 38.5, 44.8, 1.02
M, 763244, 403583, 869699, 1023520, 433272, 116790, 636758, 146643, 38.5, 44.8, 1.00
M, 762794, 403594, 868908, 1022798, 433215, 116818, 636692, 146482, 38.5, 44.8, 1.00
M, 762679, 403553, 868859, 1022828, 433129, 116747, 636666, 146542, 38.5, 44.8, 1.00
M, 762360, 403703, 868626, 1022731, 433200, 116747, 636676, 146500, 38.5, 44.8, 1.01
M, 762278, 403599, 868517, 1022573, 433085, 116774, 636605, 146467, 38.5, 44.8, 1.00
M, 762400, 403622, 868758, 1022911, 433137, 116780, 636675, 146490, 38.5, 44.8, 1.00
M, 761836, 403524, 868060, 1022290, 432959, 116728, 636542, 146357, 38.5, 44.8, 1.00
M, 761931, 403588, 868104, 1022572, 432969, 116764, 636593, 146455, 38.5, 44.8, 1.00
M, 762357, 403762, 868742, 1023267, 433186, 116804, 636792, 146576, 38.5, 44.8, 1.00
M, 762698, 403781, 869032, 1023463, 433272, 116886, 636910, 146607, 38.5, 44.8, 1.00
M, 762690, 403880, 868947, 1023573, 433285, 116858, 636929, 146582, 38.5, 44.8, 1.00
M, 762632, 403863, 869076, 1023825, 433261, 116816, 636909, 146646, 38.5, 44.8, 1.00
M, 762977, 404008, 869391, 1024180, 433367, 116934, 637055, 146754, 38.5, 44.8, 1.00
M, 763151, 404102, 869665, 1024485, 433396, 116976, 637059, 146759, 38.5, 44.8, 1.00
M, 763568, 404212, 870295, 1025104, 433524, 116974, 637273, 146865, 38.5, 44.8, 1.00
M, 763777, 404251, 870416, 1025066, 433631, 116999, 637228, 146859, 38.5, 44.8, 1.01
M, 763790, 404322, 870562, 1025174, 433650, 117008, 637285, 146842, 38.5, 44.7, 1.01
M, 763961, 404376, 870784, 1025761, 433679, 117037, 637351, 146901, 38.5, 44.7, 1.00
M, 765759, 404809, 873342, 1028130, 434058, 117219, 637816, 147341, 38.5, 44.7, 1.00
M, 765923, 404960, 873478, 1028030, 434229, 117258, 637912, 147333, 38.5, 44.7, 1.00
M, 765507, 405114, 872922, 1027613, 434093, 117216, 637765, 147136, 38.5, 44.7, 1.00
M, 765068, 405003, 872725, 1027430, 434074, 117221, 637652, 147170, 38.5, 44.7, 1.00
M, 764692, 404993, 872209, 1026825, 433975, 117197, 637653, 147006, 38.5, 44.7, 1.00
M, 764540, 404943, 872108, 1027049, 433931, 117178, 637549, 147093, 38.5, 44.7, 0.99
M, 764159, 404910, 871255, 1026250, 433901, 117183, 637534, 147022, 38.5, 44.7, 0.99
M, 764184, 404900, 871930, 1026919, 433901, 117157, 637541, 147083, 38.5, 44.7, 1.00
M, 764442, 404996, 872103, 1026899, 434006, 117142, 637633, 147026, 38.5, 44.7, 1.00
M, 764401, 405000, 872041, 1026942, 433945, 117106, 637635, 147015, 38.5, 44.7, 1.00
M, 764039, 404943, 871831, 1026802, 433814, 117218, 637529, 147107, 38.5, 44.7, 1.00
M, 764467, 405007, 872277, 1027293, 433938, 117227, 637675, 147160, 38.5, 44.7, 1.00
M, 764664, 405037, 872511, 1027593, 433958, 117254, 637735, 147181, 38.5, 44.7, 1.00
M, 765000, 405185, 873208, 1028197, 434117, 117303, 637822, 147270, 38.5, 44.7, 1.01
M, 765221, 405239, 873316, 1028254, 434146, 117288, 637883, 147284, 38.5, 44.7, 1.00
M, 765098, 405248, 873359, 1028174, 434226, 117292, 637910, 147255, 38.5, 44.7, 1.00
M, 765153, 405236, 873287, 1028330, 434123, 117339, 637868, 147283, 38.5, 44.7, 1.00
M, 765424, 405381, 873866, 1028849, 434222, 117429, 637998, 147416, 38.5, 44.7, 1.00
M, 765561, 405446, 873887, 1028713, 434249, 117313, 637980, 147335, 38.5, 44.7, 1.00
M, 765128, 405340, 873387, 1028267, 434194, 117327, 637856, 147260, 38.5, 44.7, 1.00
M, 766601, 405589, 875735, 1030620, 434494, 117520, 638254, 147637, 38.5, 44.7, 1.01
M, 766769, 405814, 875942, 1030717, 434622, 117511, 638338, 147610, 38.5, 44.7, 1.01
M, 766625, 405795, 875820, 1030573, 434590, 117468, 638335, 147616, 38.5, 44.7, 1.00
M, 766574, 405942, 875717, 1030408, 434600, 117514, 638338, 147560, 38.5, 44.7, 1.00
M, 766360, 405852, 875380, 1030021, 434481, 117533, 638199, 147512, 38.5, 44.7, 1.00
M, 765971, 405881, 875155, 1029801, 434465, 117531, 638148, 147460, 38.5, 44.7, 0.99
M, 765735, 405816, 875018, 1029842, 434426, 117552, 638161, 147494, 38.5, 44.7, 1.00
M, 765991, 405895, 875384, 1030051, 434495, 117610, 638231, 147581, 38.5, 44.7, 0.99
M, 766102, 405870, 875589, 1030205, 434458, 117618, 638229, 147601, 38.5, 44.7, 1.00
M, 766138, 405919, 875648, 1030165, 434521, 117547, 638279, 147573, 38.5, 44.7, 1.00
M, 765950, 405860, 875655, 1030297, 434418, 117586, 638236, 147610, 38.5, 44.7, 1.00
M, 766398, 405954, 876270, 1030712, 434634, 117710, 638389, 147719, 38.5, 44.7, 1.00
M, 766274, 406018, 876193, 1030465, 434502, 117639, 638308, 147617, 38.5, 44.7, 1.00
M, 766381, 406000, 876417, 1030866, 434596, 117683, 638349, 147745, 38.5, 44.7, 1.00
M, 766339, 406080, 876467, 1031007, 434620, 117685, 638378, 147715, 38.5, 44.7, 1.00
M, 766686, 406075, 876880, 1031176, 434661, 117707, 638425, 147770, 38.5, 44.7, 0.99
M, 766589, 406109, 876757, 1030983, 434597, 117677, 638411, 147710, 38.5, 44.7, 1.00
M, 766343, 406030, 876708, 1031059, 434620, 117692, 638408, 147732, 38.5, 44.7, 1.00
M, 766596, 406131, 877051, 1031313, 434660, 117747, 638413, 147820, 38.5, 44.6, 1.00
M, 766511, 406156, 877151, 1031417, 434679, 117727, 638465, 147811, 38.5, 44.6, 1.00
M, 768697, 406519, 879952, 1034144, 435128, 118009, 638913, 148278, 38.5, 44.6, 0.99
M, 768592, 406726, 879897, 1033579, 435152, 117991, 638886, 148205, 38.5, 44.6, 1.00
M, 768163, 406682, 879563, 1033138, 435053, 117966, 638811, 148046, 38.5, 44.6, 1.00
M, 767824, 406619, 879450, 1033279, 435012, 117972, 638700, 147971, 38.5, 44.6, 1.00
M, 767101, 406546, 878568, 1032263, 434844, 117868, 638604, 147963, 38.5, 44.6, 1.00
M, 766949, 406430, 878387, 1032128, 434798, 117890, 638442, 147973, 38.5, 44.6, 1.00
M, 766857, 406571, 878365, 1031996, 434869, 117874, 638509, 147946, 38.5, 44.6, 1.00
M, 766539, 406441, 878193, 1031813, 434674, 117834, 638406, 147857, 38.5, 44.6, 1.00
M, 766853, 406415, 878575, 1032065, 434744, 117922, 638488, 147951, 38.5, 44.6, 1.00
M, 766949, 406478, 878739, 1032137, 434807, 117948, 638496, 147982, 38.5, 44.6, 0.99
M, 766606, 406434, 878477, 1032117, 434762, 117919, 638462, 148030, 38.5, 44.6, 1.00
M, 766997, 406528, 879061, 1032518, 434843, 117972, 638575, 148113, 38.5, 44.6, 1.00
M, 767176, 406577, 879353, 1032616, 434841, 117959, 638623, 148043, 38.5, 44.6, 1.00
M, 767072, 406536, 879196, 1032429, 434789, 117912, 638534, 148018, 38.5, 44.6, 1.00
M, 766846, 406477, 879068, 1032461, 434765, 117962, 638528, 148047, 38.5, 44.6, 1.00
M, 767236, 406564, 879467, 1032852, 434852, 117990, 638547, 148091, 38.5, 44.6, 1.00
M, 767071, 406480, 879530, 1032692, 434888, 118030, 638618, 148131, 38.5, 44.6, 1.00
M, 767394, 406533, 880093, 1033221, 434898, 118087, 638703, 148259, 38.5, 44.6, 1.00
M, 767488, 406641, 880276, 1033250, 434975, 118113, 638697, 148216, 38.5, 44.6, 1.00
M, 767367, 406671, 880235, 1033113, 434951, 118112, 638693, 148204, 38.5, 44.6, 1.00
M, 768955, 406945, 882455, 1035281, 435185, 118238, 639014, 148639, 38.5, 44.6, 1.01
M, 768953, 407127, 882599, 1035324, 435330, 118255, 639103, 148619, 38.5, 44.6, 1.00
M, 768816, 407167, 882307, 1034685, 435299, 118188, 638960, 148456, 38.5, 44.6, 1.00
M, 768236, 407062, 881891, 1034307, 435108, 118245, 638876, 148373, 38.5, 44.6, 1.00
M, 767828, 406975, 881611, 1034084, 435105, 118240, 638793, 148391, 38.5, 44.6, 1.00
M, 767743, 407018, 881411, 1033642, 435041, 118164, 638721, 148314, 38.5, 44.6, 1.00
M, 767487, 406867, 881337, 1033745, 434987, 118194, 638670, 148381, 38.5, 44.6, 1.01
M, 767216, 406873, 881053, 1033286, 434979, 118205, 638635, 148262, 38.5, 44.6, 1.00
M, 767137, 406706, 880927, 1033007, 434853, 118181, 638509, 148247, 38.5, 44.6, 1.00
M, 767181, 406746, 881285, 1033514, 434890, 118235, 638637, 148318, 38.5, 44.6, 1.00
M, 766928, 406733, 881065, 1033245, 434776, 118168, 638534, 148210, 38.5, 44.6, 1.00
M, 766906, 406659, 880995, 1033193, 434784, 118211, 638536, 148329, 38.5, 44.6, 1.00
M, 767304, 406736, 881507, 1033468, 434839, 118185, 638614, 148360, 38.5, 44.6, 1.01
M, 767419, 406792, 881729, 1033588, 434931, 118201, 638691, 148411, 38.5, 44.6, 1.00
M, 767219, 406723, 881711, 1033560, 434872, 118214, 638650, 148367, 38.6, 44.6, 1.01
M, 767253, 406742, 881666, 1033390, 434829, 118235, 638574, 148336, 38.6, 44.6, 1.01
M, 767461, 406751, 882024, 1033856, 434907, 118256, 638643, 148439, 38.5, 44.6, 0.99
M, 767456, 406836, 882136, 1033850, 434890, 118264, 638630, 148507, 38.5, 44.6, 1.00
M, 767681, 406882, 882574, 1034238, 434974, 118350, 638743, 148568, 38.6, 44.6, 1.01
M, 767910, 406875, 882940, 1034323, 435021, 118321, 638736, 148494, 38.6, 44.6, 1.00
M, 769458, 407128, 885152, 1036524, 435276, 118526, 639188, 148890, 38.6, 44.6, 1.00
M, 769345, 407293, 884985, 1036360, 435426, 118497, 639134, 148889, 38.6, 44.6, 1.01
M, 769157, 407251, 884726, 1035920, 435356, 118485, 639013, 148831, 38.6, 44.6, 1.00
M, 768684, 407177, 884416, 1035287, 435188, 118421, 638961, 148691, 38.6, 44.6, 1.00
M, 768203, 407106, 884021, 1034918, 435092, 118372, 638804, 148654, 38.6, 44.6, 1.00
M, 768300, 407103, 884242, 1034991, 435087, 118401, 638806, 148680, 38.6, 44.6, 1.00
M, 767681, 407055, 883522, 1034373, 435009, 118378, 638670, 148521, 38.6, 44.6, 1.01
M, 767488, 406970, 883521, 1034392, 434923, 118458, 638634, 148618, 38.6, 44.6, 1.00
M, 767327, 406953, 883259, 1033903, 434905, 118302, 638619, 148480, 38.6, 44.6, 1.00
M, 767278, 406906, 883306, 1033839, 434811, 118368, 638582, 148529, 38.6, 44.6, 1.00
M, 767376, 406922, 883557, 1034280, 434943, 118431, 638619, 148600, 38.6, 44.6, 1.01
M, 767410, 406881, 883719, 1034345, 434892, 118467, 638666, 148616, 38.6, 44.6, 1.00
M, 767405, 406858, 883610, 1034116, 434857, 118382, 638572, 148587, 38.6, 44.6, 0.99
M, 767747, 406936, 884150, 1034638, 434976, 118452, 638654, 148706, 38.6, 44.5, 1.01
M, 767698, 407002, 884197, 1034458, 434964, 118437, 638717, 148668, 38.6, 44.5, 1.01
M, 767754, 406955, 884076, 1034276, 435006, 118488, 638620, 148681, 38.6, 44.5, 1.00
M, 767708, 406900, 884443, 1034721, 434972, 118436, 638654, 148682, 38.6, 44.5, 1.00
M, 767571, 406893, 884378, 1034568, 434905, 118525, 638632, 148715, 38.6, 44.5, 1.00
M, 767644, 406899, 884302, 1034533, 434883, 118497, 638649, 148723, 38.6, 44.5, 0.99
M, 768017, 406990, 884889, 1034930, 435036, 118481, 638772, 148796, 38.6, 44.5, 1.00
M, 770013, 407351, 887858, 1037479, 435408, 118800, 639317, 149191, 38.6, 44.5, 0.99
M, 769609, 407481, 887467, 1036964, 435454, 118744, 639193, 149120, 38.6, 44.5, 1.00
M, 769569, 407430, 887418, 1036880, 435438, 118707, 639068, 149138, 38.6, 44.5, 1.00
M, 769024, 407446, 887031, 1036537, 435260, 118714, 638955, 149022, 38.6, 44.5, 1.01
M, 768992, 407386, 886997, 1036507, 435277, 118740, 639034, 149031, 38.6, 44.5, 0.99
M, 768890, 407443, 886809, 1035998, 435234, 118677, 638872, 148911, 38.6, 44.5, 1.00
M, 768287, 407286, 886534, 1035681, 435054, 118659, 638752, 148936, 38.6, 44.5, 1.01
M, 767923, 407317, 886105, 1035238, 435096, 118633, 638773, 148874, 38.6, 44.5, 1.00
M, 767774, 407201, 885964, 1035170, 434967, 118611, 638676, 148885, 38.6, 44.5, 1.01
M, 767581, 407225, 885897, 1034842, 434997, 118647, 638688, 148840, 38.6, 44.5, 1.00
M, 767486, 407084, 885621, 1034531, 434888, 118636, 638506, 148811, 38.6, 44.5, 1.00
M, 767716, 407074, 886013, 1034994, 434954, 118612, 638623, 148831, 38.6, 44.5, 1.00
M, 767640, 407058, 886087, 1034854, 434946, 118630, 638553, 148874, 38.6, 44.5, 1.01
M, 767538, 407049, 886103, 1035007, 434825, 118624, 638584, 148904, 38.6, 44.5, 1.00
M, 767905, 407070, 886677, 1035397, 434934, 118688, 638689, 148983, 38.6, 44.5, 1.00
M, 767964, 407088, 886697, 1035149, 434968, 118683, 638645, 148918, 38.6, 44.5, 1.00
M, 767858, 407087, 886651, 1035124, 434947, 118677, 638632, 148906, 38.6, 44.5, 1.00
M, 767589, 407072, 886577, 1035150, 434878, 118664, 638606, 148944, 38.6, 44.5, 1.00
M, 767865, 407064, 887038, 1035417, 434968, 118632, 638614, 148972, 38.6, 44.5, 1.00
M, 767808, 407044, 886961, 1035266, 434914, 118668, 638569, 149021, 38.6, 44.5, 1.00
