State, OV, Alc, H2, AC1, NH3, AC2, VOC, LP, Temp, Hud, AirFlow
A, 646061, 339773, 929071, 891273, 364742, 117133, 531015, 153822, 40.8, 45.5, 0.00
A, 635584, 337247, 912003, 878485, 361826, 115871, 527794, 151133, 40.8, 45.6, 0.65
A, 626547, 334539, 896434, 866785, 359071, 114711, 525067, 148797, 40.8, 45.6, 0.77
A, 619795, 332481, 883699, 857814, 356971, 113683, 523311, 147124, 40.7, 45.3, 0.83
A, 615420, 331119, 873955, 851553, 355751, 112953, 522841, 146060, 40.7, 45.3, 0.89
A, 611944, 330086, 865032, 846477, 354961, 112237, 522951, 145117, 40.5, 45.0, 0.93
A, 609520, 329398, 856744, 842329, 354595, 111551, 523395, 144406, 40.5, 45.0, 0.96
A, 608387, 329038, 850363, 839772, 354433, 110989, 523926, 143994, 40.4, 44.7, 0.98
A, 607860, 328765, 845570, 838476, 354570, 110537, 524598, 143737, 40.4, 44.7, 0.99
A, 608250, 328781, 841665, 837943, 354905, 110248, 525640, 143666, 40.3, 44.5, 1.00
A, 608923, 328833, 838219, 837724, 355201, 109946, 526564, 143706, 40.3, 44.5, 1.00
A, 610437, 329192, 835120, 838064, 355865, 109713, 527834, 143713, 40.3, 44.2, 1.00
A, 611673, 329372, 832844, 838734, 356365, 109446, 528834, 143708, 40.3, 44.2, 0.99
A, 613365, 329788, 830264, 839519, 356989, 109252, 530147, 143856, 40.2, 44.0, 0.99
A, 614704, 330013, 828952, 840417, 357516, 109096, 530960, 143915, 40.2, 44.0, 1.01
A, 616685, 330529, 828106, 842114, 358215, 109054, 532190, 144166, 40.2, 44.0, 1.01
A, 618754, 331093, 827184, 843726, 358959, 108922, 533399, 144359, 40.2, 43.9, 1.00
A, 621072, 331749, 826353, 845249, 359863, 108861, 534727, 144507, 40.2, 43.9, 1.00
A, 623113, 332331, 825323, 846805, 360626, 108773, 535949, 144652, 40.1, 43.7, 1.00
A, 624812, 332933, 824702, 848572, 361278, 108792, 536944, 144773, 40.1, 43.7, 1.00
A, 628567, 333807, 826708, 852320, 362420, 108934, 538579, 145444, 40.1, 43.6, 1.00
A, 629994, 334545, 825581, 853138, 363149, 108817, 539597, 145440, 40.1, 43.6, 1.01
A, 631977, 335277, 825482, 855047, 363905, 108869, 540687, 145606, 40.0, 43.4, 1.00
A, 633838, 336088, 824847, 856434, 364722, 108824, 541844, 145706, 40.0, 43.4, 0.99
A, 635431, 336822, 824234, 857854, 365374, 108804, 542875, 145789, 40.0, 43.3, 1.01
A, 637062, 337473, 823957, 859462, 366091, 108846, 543744, 145849, 40.0, 43.3, 0.99
A, 638685, 338172, 823682, 860800, 366801, 108824, 544864, 146044, 39.9, 43.2, 0.99
A, 640239, 338842, 823592, 862331, 367493, 108856, 545836, 146255, 39.9, 43.2, 1.00
A, 641831, 339676, 823321, 863758, 368115, 108889, 546786, 146364, 39.9, 43.1, 1.02
A, 643582, 340537, 823350, 865371, 368950, 108873, 547899, 146421, 39.9, 43.1, 1.00
A, 644710, 341261, 822912, 866528, 369537, 108914, 548790, 146526, 39.9, 43.0, 1.01
A, 646387, 342080, 822787, 867876, 370182, 108901, 549677, 146692, 39.9, 43.0, 1.00
A, 647775, 342842, 822425, 869066, 370994, 108985, 550676, 146700, 39.8, 43.0, 1.00
A, 648676, 343392, 822233, 870235, 371377, 108970, 551341, 146834, 39.8, 43.0, 1.00
A, 650404, 344518, 822113, 871501, 372344, 109047, 552528, 146879, 39.8, 42.9, 0.99
A, 651208, 345007, 821959, 872607, 372683, 109082, 553091, 146927, 39.8, 42.9, 1.00
A, 652488, 345644, 821981, 873903, 373315, 109089, 553908, 147136, 39.8, 42.9, 1.00
A, 653707, 346433, 821897, 875052, 373882, 109099, 554684, 147135, 39.8, 42.7, 0.99
A, 654936, 347192, 821968, 876154, 374504, 109226, 555507, 147310, 39.8, 42.7, 1.00
A, 656337, 348106, 822051, 877595, 375198, 109234, 556392, 147318, 39.7, 42.7, 1.00
A, 658442, 348923, 823901, 880332, 375910, 109355, 557430, 147772, 39.7, 42.7, 1.00
A, 659583, 349826, 823863, 881253, 376559, 109417, 558211, 147810, 39.7, 42.6, 1.00
A, 660200, 350427, 823446, 881921, 376995, 109478, 558807, 147737, 39.7, 42.6, 0.99
A, 661108, 351158, 823437, 882886, 377481, 109452, 559501, 147837, 39.7, 42.6, 1.01
A, 661911, 351903, 822961, 883291, 377939, 109472, 560123, 147791, 39.7, 42.6, 0.99
A, 662504, 352519, 822571, 884073, 378396, 109498, 560686, 147723, 39.7, 42.5, 1.00
A, 663174, 353134, 822431, 885051, 378866, 109538, 561242, 147821, 39.7, 42.5, 1.00
A, 663877, 353764, 822199, 885757, 379216, 109544, 561812, 147853, 39.6, 42.5, 1.00
A, 664758, 354392, 822271, 886519, 379711, 109639, 562494, 147978, 39.6, 42.5, 1.01
A, 665088, 354988, 821742, 887022, 380117, 109613, 562953, 147978, 39.6, 42.4, 1.01
A, 665840, 355597, 821478, 887750, 380549, 109650, 563595, 147993, 39.6, 42.4, 1.01
A, 666493, 356135, 821178, 888345, 380821, 109628, 564085, 147888, 39.6, 42.4, 1.02
A, 667233, 356718, 821191, 889285, 381282, 109671, 564650, 147971, 39.6, 42.4, 1.00
A, 667947, 357523, 821015, 890129, 381784, 109714, 565316, 148026, 39.6, 42.3, 1.00
A, 668359, 357855, 820899, 890598, 382102, 109810, 565671, 148055, 39.6, 42.3, 1.00
A, 669236, 358683, 820823, 891575, 382631, 109830, 566390, 148126, 39.5, 42.3, 1.00
A, 669667, 359028, 820698, 892157, 382811, 109789, 566693, 148164, 39.5, 42.3, 1.00
A, 670581, 359622, 820870, 893062, 383272, 109893, 567246, 148226, 39.5, 42.3, 1.00
A, 671406, 360226, 821178, 894090, 383668, 109948, 567842, 148349, 39.5, 42.3, 1.00
A, 672279, 360788, 821560, 895035, 384151, 110072, 568352, 148403, 39.5, 42.3, 1.00
A, 674820, 361688, 824507, 898327, 384909, 110264, 569331, 148948, 39.5, 42.2, 1.00
A, 675544, 362462, 824492, 898820, 385401, 110250, 569846, 148844, 39.5, 42.2, 1.00
A, 675744, 362982, 824103, 899265, 385636, 110353, 570244, 148857, 39.5, 42.2, 1.00
A, 676113, 363528, 824013, 899833, 385929, 110417, 570624, 148850, 39.5, 42.2, 1.00
A, 676340, 363938, 823677, 900241, 386170, 110418, 570997, 148853, 39.5, 42.2, 1.00
A, 677069, 364537, 823692, 900718, 386491, 110366, 571412, 148804, 39.5, 42.2, 1.01
A, 677236, 364931, 823298, 901056, 386828, 110455, 571759, 148719, 39.5, 42.2, 1.00
A, 677369, 365341, 822931, 901433, 386928, 110527, 572136, 148769, 39.5, 42.2, 0.99
A, 677927, 365760, 823012, 902078, 387306, 110574, 572521, 148820, 39.4, 42.1, 1.00
A, 678128, 366289, 822712, 902511, 387542, 110545, 572803, 148867, 39.4, 42.1, 1.00
A, 678743, 366721, 823059, 903221, 387835, 110638, 573228, 148912, 39.4, 42.1, 1.00
A, 679315, 367106, 823134, 903564, 388182, 110609, 573638, 148843, 39.4, 42.1, 1.00
A, 679545, 367545, 822743, 904003, 388360, 110648, 573885, 148811, 39.4, 42.1, 0.99
A, 679629, 367923, 822505, 904386, 388538, 110654, 574182, 148813, 39.4, 42.1, 0.99
A, 680092, 368455, 822186, 904706, 388813, 110657, 574587, 148752, 39.4, 42.0, 1.00
A, 680312, 368666, 822263, 905140, 388992, 110800, 574814, 148865, 39.4, 42.0, 1.00
A, 680633, 369179, 822017, 905639, 389319, 110757, 575271, 148834, 39.4, 42.0, 1.00
A, 680917, 369462, 821790, 905951, 389499, 110728, 575425, 148817, 39.4, 42.0, 0.99
A, 681477, 369782, 822169, 906720, 389779, 110811, 575872, 148860, 39.4, 42.0, 0.99
A, 681739, 370088, 822063, 907159, 389955, 110835, 576135, 148866, 39.4, 42.0, 1.00
A, 683510, 370662, 824096, 909448, 390468, 111020, 576778, 149291, 39.4, 42.0, 1.00
A, 683982, 371256, 824137, 909995, 390887, 111016, 577162, 149273, 39.4, 42.0, 1.00
A, 684244, 371598, 824091, 910137, 391051, 111092, 577396, 149205, 39.4, 42.0, 1.00
A, 684136, 371840, 823504, 910195, 391119, 111066, 577563, 149059, 39.3, 42.0, 1.00
A, 684457, 372229, 823426, 910695, 391302, 111097, 577849, 149093, 39.3, 42.0, 1.00
A, 684347, 372439, 822784, 910511, 391390, 111126, 577961, 149087, 39.3, 42.0, 1.00
A, 684759, 372767, 823019, 911157, 391646, 111149, 578287, 149077, 39.3, 42.0, 1.00
A, 684935, 373068, 822943, 911513, 391871, 111213, 578610, 149064, 39.3, 42.0, 1.00
A, 685344, 373356, 823020, 911836, 392023, 111218, 578863, 149023, 39.3, 42.0, 0.99
A, 685506, 373544, 822750, 912196, 392213, 111178, 579071, 149038, 39.3, 42.0, 0.99
A, 685543, 373874, 822408, 912347, 392309, 111321, 579209, 148990, 39.3, 42.0, 1.00
A, 685945, 374115, 822632, 912917, 392545, 111309, 579530, 149100, 39.3, 42.0, 1.00
A, 686200, 374357, 822308, 913065, 392706, 111290, 579767, 148959, 39.3, 42.0, 0.99
A, 686241, 374644, 822096, 913163, 392825, 111290, 579988, 148870, 39.3, 41.9, 1.00
A, 686350, 374815, 821855, 913545, 392993, 111363, 580141, 148915, 39.3, 41.9, 1.01
A, 686554, 375088, 821624, 913862, 393164, 111362, 580456, 148941, 39.3, 42.0, 1.00
A, 686641, 375300, 821606, 914178, 393182, 111383, 580589, 148919, 39.3, 42.0, 1.00
A, 686896, 375573, 821096, 914206, 393512, 111449, 580884, 148893, 39.3, 41.9, 1.00
A, 687038, 375707, 821051, 914357, 393575, 111367, 580973, 148778, 39.3, 41.9, 1.00
A, 687403, 375913, 821325, 915178, 393740, 111468, 581247, 148898, 39.3, 41.9, 1.00
A, 689282, 376329, 823422, 917461, 394265, 111644, 581885, 149265, 39.3, 42.0, 1.00
A, 689381, 376798, 823152, 917465, 394399, 111680, 582075, 149261, 39.3, 42.0, 1.00
A, 689715, 377048, 823426, 917973, 394654, 111715, 582356, 149269, 39.2, 41.9, 1.00
A, 689701, 377313, 822979, 917998, 394687, 111748, 582465, 149145, 39.2, 41.9, 1.00
A, 689589, 377414, 822624, 918042, 394834, 111696, 582604, 149133, 39.2, 41.9, 1.00
A, 689872, 377602, 822669, 918499, 394912, 111705, 582740, 149107, 39.2, 41.9, 1.00
A, 689909, 377733, 822439, 918665, 395048, 111812, 582962, 149017, 39.2, 41.9, 1.00
A, 690090, 377977, 822564, 919053, 395205, 111830, 583145, 149126, 39.2, 41.9, 1.00
A, 690278, 378172, 822440, 919340, 395355, 111852, 583367, 149062, 39.2, 41.9, 1.01
A, 690473, 378370, 822279, 919456, 395509, 111822, 583461, 148938, 39.2, 41.9, 1.00
A, 690431, 378449, 821901, 919415, 395481, 111796, 583589, 148894, 39.2, 41.9, 1.00
A, 690613, 378640, 821793, 919911, 395662, 111821, 583798, 148942, 39.2, 41.9, 1.00
A, 690791, 378789, 821824, 920037, 395752, 111916, 584005, 149034, 39.2, 41.9, 1.02
A, 690942, 378949, 821725, 920331, 395876, 111908, 584105, 148933, 39.2, 41.9, 1.01
A, 691210, 379193, 821637, 920498, 396065, 111884, 584369, 148911, 39.2, 41.9, 1.00
A, 691351, 379222, 821656, 920952, 396139, 111939, 584498, 148835, 39.2, 41.9, 1.00
A, 691504, 379461, 821430, 921124, 396316, 111996, 584719, 148893, 39.2, 41.9, 0.99
A, 691487, 379528, 821250, 921344, 396344, 111995, 584774, 148907, 39.2, 41.9, 1.00
A, 691684, 379834, 821037, 921507, 396532, 111997, 585058, 148868, 39.2, 41.9, 1.00
A, 691808, 379826, 820823, 921531, 396516, 111992, 585027, 148759, 39.2, 41.9, 1.00
A, 693492, 380203, 823222, 924090, 397032, 112184, 585633, 149213, 39.2, 41.9, 1.01
A, 693661, 380469, 823018, 924079, 397226, 112216, 585795, 149163, 39.2, 41.9, 1.01
A, 693617, 380600, 822647, 924100, 397191, 112235, 585862, 149089, 39.2, 41.9, 0.99
A, 693705, 380786, 822751, 924342, 397388, 112233, 586044, 149052, 39.2, 41.9, 0.99
A, 693891, 380887, 822405, 924240, 397455, 112222, 586175, 148974, 39.2, 41.9, 1.00
A, 693780, 380976, 822166, 924233, 397483, 112267, 586207, 148914, 39.1, 41.9, 1.00
A, 693858, 381075, 822265, 924777, 397595, 112240, 586376, 148972, 39.1, 41.9, 1.00
A, 693917, 381153, 821983, 924954, 397717, 112312, 586508, 148906, 39.1, 41.9, 1.00
A, 693949, 381246, 821834, 924946, 397727, 112314, 586633, 148892, 39.1, 41.9, 1.00
A, 694289, 381447, 822195, 925441, 397845, 112345, 586853, 148943, 39.1, 41.9, 1.00
A, 694486, 381564, 821977, 925610, 398043, 112420, 586993, 148831, 39.1, 41.9, 1.00
A, 694326, 381688, 821437, 925394, 397966, 112365, 586984, 148812, 39.1, 41.9, 1.00
A, 694369, 381714, 821422, 925755, 398060, 112399, 587152, 148819, 39.1, 41.9, 1.00
A, 694568, 381909, 821461, 926123, 398148, 112414, 587301, 148800, 39.1, 41.9, 1.00
A, 694658, 382000, 821398, 926255, 398289, 112421, 587455, 148860, 39.1, 41.9, 1.01
A, 695114, 382203, 821695, 926590, 398553, 112531, 587669, 148846, 39.1, 41.9, 1.00
A, 695226, 382243, 821622, 926912, 398530, 112455, 587762, 148834, 39.1, 41.9, 1.00
A, 695002, 382407, 821120, 926871, 398659, 112526, 587865, 148771, 39.1, 41.9, 1.00
A, 695127, 382378, 821143, 927112, 398644, 112568, 587903, 148761, 39.1, 41.9, 1.00
A, 695627, 382486, 821562, 927835, 398803, 112621, 588142, 148854, 39.1, 41.9, 1.00
A, 697534, 382964, 824017, 930200, 399266, 112854, 588726, 149218, 39.1, 41.9, 0.99
A, 697645, 383292, 823857, 930065, 399493, 112831, 588861, 149129, 39.1, 41.9, 1.00
A, 697461, 383347, 823124, 929170, 399481, 112791, 588829, 148913, 39.1, 41.9, 1.00
A, 696905, 383296, 822727, 929717, 399431, 112796, 588904, 148913, 39.1, 41.9, 1.00
A, 697187, 383429, 822871, 930087, 399530, 112794, 588995, 148936, 39.1, 41.9, 1.00
A, 697166, 383423, 822599, 929950, 399616, 112830, 589109, 148949, 39.1, 41.9, 1.00
A, 697510, 383678, 823005, 930438, 399678, 112839, 589187, 148942, 39.1, 41.9, 1.00
A, 697482, 383681, 822778, 930446, 399794, 112869, 589368, 148877, 39.1, 41.9, 1.00
A, 697421, 383712, 822484, 930398, 399808, 112941, 589383, 148832, 39.1, 41.9, 1.00
A, 697610, 383839, 822600, 930838, 399900, 112917, 589497, 148825, 39.1, 41.9, 1.01
A, 697627, 383821, 822463, 930943, 399979, 112934, 589576, 148809, 39.1, 41.9, 1.01
A, 697514, 383889, 822271, 930917, 400013, 112955, 589723, 148842, 39.1, 41.9, 1.00
A, 697940, 384137, 822533, 931457, 400099, 112998, 589828, 148850, 39.1, 41.9, 1.00
A, 698068, 384197, 822539, 931595, 400225, 112974, 589887, 148810, 39.1, 41.9, 1.00
A, 697908, 384238, 822210, 931643, 400186, 113021, 589986, 148752, 39.1, 41.9, 1.00
A, 697940, 384201, 822018, 931560, 400235, 113033, 589995, 148718, 39.1, 41.9, 1.01
A, 698027, 384358, 821843, 931606, 400366, 113020, 590198, 148703, 39.0, 42.0, 1.00
A, 697701, 384351, 821328, 931285, 400286, 113013, 590180, 148599, 39.0, 42.0, 0.99
A, 697683, 384415, 821125, 931271, 400398, 113052, 590259, 148549, 39.1, 42.0, 1.01
A, 697782, 384371, 821237, 931716, 400393, 113011, 590325, 148546, 39.1, 42.0, 1.00
A, 699744, 384703, 823696, 934160, 400851, 113236, 590837, 149001, 39.1, 42.0, 1.00
A, 699770, 384994, 823656, 934355, 401021, 113314, 590978, 148955, 39.0, 42.0, 1.00
A, 699785, 385009, 823265, 934055, 401048, 113223, 590997, 148810, 39.0, 42.0, 1.00
A, 699604, 385060, 822993, 933958, 401049, 113275, 591020, 148808, 39.0, 42.0, 0.99
A, 699679, 385095, 823184, 934360, 401098, 113267, 591148, 148802, 39.0, 42.0, 1.00
A, 699610, 385189, 822885, 934321, 401141, 113295, 591191, 148691, 39.0, 42.0, 1.01
A, 699856, 385203, 823106, 934640, 401172, 113371, 591324, 148741, 39.0, 42.0, 1.00
A, 699573, 385189, 822678, 934531, 401250, 113349, 591301, 148633, 39.0, 42.0, 1.00
A, 699988, 385330, 822688, 934535, 401351, 113378, 591433, 148680, 39.0, 42.0, 1.00
A, 699777, 385351, 822530, 934499, 401347, 113365, 591501, 148583, 39.0, 42.0, 1.00
A, 699418, 385300, 821992, 934430, 401300, 113363, 591499, 148536, 39.0, 42.0, 1.00
A, 699698, 385383, 822294, 934885, 401448, 113412, 591611, 148561, 39.0, 42.0, 1.00
A, 699842, 385455, 822113, 934957, 401521, 113423, 591712, 148645, 39.0, 42.0, 1.00
A, 700210, 385503, 822619, 935443, 401584, 113447, 591869, 148665, 39.0, 42.0, 1.00
A, 700320, 385593, 822575, 935500, 401613, 113483, 591918, 148619, 39.0, 42.0, 1.01
A, 700173, 385638, 822361, 935519, 401715, 113466, 591999, 148551, 39.0, 42.0, 0.99
A, 699999, 385631, 821940, 935473, 401634, 113478, 592025, 148479, 39.0, 42.0, 1.00
A, 700082, 385684, 821877, 935547, 401775, 113496, 592113, 148437, 39.0, 42.0, 1.00
A, 700136, 385674, 821842, 935776, 401772, 113548, 592126, 148520, 39.0, 42.0, 1.00
A, 700280, 385828, 821858, 935855, 401891, 113528, 592302, 148436, 39.0, 42.0, 1.00
A, 701626, 386008, 823689, 937655, 402154, 113689, 592634, 148723, 39.0, 42.0, 1.00
A, 701785, 386172, 823710, 937895, 402322, 113690, 592808, 148745, 39.0, 42.0, 0.99
A, 701781, 386219, 823525, 937877, 402298, 113680, 592827, 148669, 39.0, 42.0, 1.00
A, 701482, 386203, 823250, 937765, 402333, 113735, 592820, 148655, 39.0, 42.0, 1.00
A, 701850, 386341, 823580, 938125, 402410, 113750, 592996, 148657, 39.0, 42.0, 1.00
A, 701858, 386405, 823390, 937994, 402441, 113692, 593021, 148566, 39.0, 42.0, 1.00
A, 701720, 386387, 823206, 937925, 402450, 113712, 592985, 148507, 39.0, 42.0, 1.00
A, 701803, 386393, 823212, 938274, 402543, 113827, 593059, 148542, 39.0, 42.0, 1.00
A, 701763, 386488, 823126, 938314, 402544, 113794, 593177, 148498, 39.0, 42.0, 0.99
A, 701826, 386465, 822982, 938344, 402655, 113832, 593223, 148494, 39.0, 42.0, 1.00
A, 701457, 386552, 822629, 938105, 402633, 113819, 593243, 148464, 39.0, 42.1, 1.00
A, 701614, 386527, 822608, 938355, 402681, 113807, 593276, 148385, 39.0, 42.1, 1.00
A, 700939, 386283, 821370, 937396, 402440, 113730, 593103, 148247, 39.0, 42.1, 1.00
A, 700777, 386238, 821204, 937492, 402443, 113821, 593112, 148171, 39.0, 42.1, 1.01
A, 701366, 386365, 821840, 938105, 402648, 113801, 593350, 148313, 39.0, 42.1, 1.00
A, 701686, 386417, 821845, 938205, 402711, 113835, 593469, 148299, 39.0, 42.1, 1.00
A, 701744, 386514, 821974, 938348, 402750, 113746, 593517, 148223, 39.0, 42.1, 1.00
A, 701680, 386496, 821929, 938768, 402843, 113841, 593621, 148229, 39.0, 42.1, 1.00
A, 701871, 386599, 821832, 938802, 402910, 113890, 593777, 148207, 39.0, 42.1, 0.99
A, 701946, 386597, 821860, 938968, 402950, 113840, 593766, 148318, 39.0, 42.1, 1.00
A, 704222, 387102, 824812, 941818, 403490, 114047, 594413, 148678, 39.0, 42.1, 1.00
A, 704003, 387253, 824547, 941507, 403534, 114094, 594396, 148566, 39.0, 42.1, 1.00
A, 703995, 387202, 824527, 941583, 403589, 114097, 594499, 148544, 39.0, 42.1, 1.00
A, 703828, 387153, 824181, 941546, 403553, 114146, 594432, 148457, 38.9, 42.1, 0.99
A, 703615, 387234, 823873, 941325, 403532, 114181, 594419, 148427, 38.9, 42.1, 0.99
A, 703725, 387254, 824054, 941619, 403613, 114153, 594484, 148469, 38.9, 42.1, 1.00
A, 703682, 387331, 823970, 941525, 403629, 114148, 594524, 148398, 38.9, 42.1, 1.01
A, 703490, 387263, 823563, 941374, 403607, 114202, 594527, 148316, 38.9, 42.1, 1.00
A, 703150, 387297, 823248, 941254, 403624, 114157, 594526, 148311, 38.9, 42.1, 1.00
A, 703327, 387235, 823061, 941283, 403622, 114141, 594553, 148266, 38.9, 42.1, 1.00
A, 703586, 387373, 823433, 941637, 403715, 114165, 594697, 148321, 38.9, 42.1, 1.00
A, 703607, 387394, 823474, 941768, 403821, 114265, 594754, 148310, 38.9, 42.1, 1.00
A, 703774, 387473, 823524, 941745, 403880, 114208, 594886, 148248, 38.9, 42.1, 1.00
A, 703655, 387411, 823397, 941869, 403813, 114231, 594856, 148226, 38.9, 42.1, 1.00
A, 703528, 387369, 823194, 941905, 403765, 114270, 594917, 148222, 38.9, 42.1, 0.99
A, 703865, 387477, 823516, 942362, 403945, 114343, 594944, 148254, 38.9, 42.1, 1.00
A, 704009, 387531, 823488, 942226, 403993, 114303, 595068, 148156, 38.9, 42.1, 1.00
A, 703847, 387468, 823192, 942114, 404001, 114278, 595035, 148130, 38.9, 42.1, 1.00
A, 703278, 387406, 822560, 941822, 403878, 114245, 594956, 148047, 38.9, 42.1, 1.00
A, 703076, 387468, 821588, 940983, 403949, 114215, 595017, 147934, 38.9, 42.1, 1.00
A, 704375, 387513, 823955, 943348, 404092, 114452, 595331, 148301, 38.9, 42.1, 1.00
A, 704379, 387714, 823530, 942930, 404228, 114429, 595395, 148177, 38.9, 42.1, 1.00
A, 704334, 387651, 823365, 942796, 404242, 114374, 595422, 148154, 38.9, 42.1, 1.00
A, 704412, 387695, 823651, 943372, 404278, 114367, 595482, 148141, 38.9, 42.1, 1.00
A, 704472, 387688, 823678, 943510, 404328, 114431, 595543, 148192, 38.9, 42.1, 1.00
A, 704451, 387741, 823480, 943449, 404283, 114434, 595591, 148186, 38.9, 42.1, 1.00
A, 704833, 387740, 823877, 943874, 404446, 114504, 595734, 148190, 38.9, 42.1, 1.00
A, 704876, 387809, 823914, 943818, 404488, 114504, 595748, 148122, 38.9, 42.1, 1.00
A, 704701, 387803, 823704, 943774, 404535, 114496, 595735, 148096, 38.9, 42.2, 1.00
A, 704865, 387906, 823910, 944022, 404506, 114515, 595835, 148121, 38.9, 42.2, 1.00
A, 704550, 387851, 823488, 943964, 404517, 114552, 595836, 148033, 38.9, 42.2, 1.00
A, 704591, 387773, 823446, 943970, 404482, 114542, 595816, 148094, 38.9, 42.2, 1.00
A, 704942, 387889, 823882, 944458, 404667, 114591, 595907, 148163, 38.9, 42.2, 1.00
A, 705116, 387962, 824057, 944528, 404758, 114544, 596077, 148082, 38.9, 42.2, 1.00
A, 704963, 387877, 823837, 944562, 404696, 114585, 596031, 148023, 38.9, 42.2, 1.00
A, 704984, 387939, 823734, 944497, 404738, 114591, 596063, 148022, 38.9, 42.2, 1.00
A, 705291, 387923, 824043, 944958, 404767, 114627, 596168, 148024, 38.9, 42.2, 1.00
A, 705311, 387976, 824017, 944986, 404829, 114639, 596284, 148074, 38.9, 42.2, 1.00
A, 705518, 388177, 824251, 945154, 404977, 114684, 596306, 148021, 38.9, 42.2, 1.01
A, 705516, 388064, 824241, 945105, 404958, 114656, 596285, 147986, 38.9, 42.2, 1.00
A, 707175, 388483, 826522, 947470, 405403, 114890, 596814, 148465, 38.9, 42.2, 1.00
A, 707049, 388551, 826360, 947288, 405420, 114867, 596833, 148379, 38.9, 42.2, 1.01
A, 706462, 388537, 825466, 946557, 405350, 114830, 596684, 148118, 38.9, 42.2, 1.00
A, 706208, 388373, 825092, 946266, 405275, 114777, 596668, 148123, 38.9, 42.2, 1.01
A, 706045, 388401, 825039, 946396, 405220, 114836, 596659, 148083, 38.9, 42.2, 1.00
A, 705857, 388342, 824864, 946183, 405158, 114786, 596616, 147972, 38.9, 42.2, 1.00
A, 705821, 388373, 824711, 946138, 405178, 114891, 596651, 148014, 38.9, 42.2, 1.00
A, 705894, 388293, 824725, 946240, 405239, 114872, 596676, 147973, 38.9, 42.2, 1.00
A, 705933, 388402, 824566, 946038, 405277, 114883, 596753, 147945, 38.9, 42.2, 1.00
A, 705655, 388303, 824189, 945799, 405266, 114821, 596721, 147855, 38.9, 42.2, 1.00
A, 705813, 388294, 824557, 946243, 405301, 114854, 596733, 147940, 38.9, 42.2, 1.00
A, 705661, 388258, 824423, 946212, 405298, 114887, 596789, 147886, 38.8, 42.2, 1.00
A, 705891, 388287, 824504, 946428, 405333, 114941, 596829, 147979, 38.8, 42.2, 1.00
A, 705933, 388320, 824610, 946584, 405414, 114916, 596909, 147936, 38.8, 42.2, 1.00
A, 706096, 388207, 824628, 946593, 405411, 114836, 596968, 147858, 38.8, 42.2, 1.00
A, 705922, 388343, 824516, 946519, 405374, 114907, 596992, 147850, 38.8, 42.2, 1.00
A, 705811, 388303, 824463, 946533, 405428, 114945, 596995, 147813, 38.8, 42.2, 1.00
A, 706149, 388371, 824672, 946927, 405476, 114952, 597092, 147865, 38.8, 42.3, 1.00
A, 706059, 388328, 824596, 946981, 405510, 114973, 597144, 147887, 38.8, 42.3, 1.00
A, 706455, 388398, 824820, 947075, 405690, 115019, 597257, 147874, 38.8, 42.3, 1.00
A, 707848, 388729, 826936, 949131, 405942, 115168, 597587, 148158, 38.8, 42.3, 1.00
A, 707293, 388824, 826179, 948419, 405989, 115118, 597549, 148032, 38.8, 42.3, 1.00
A, 707112, 388689, 825885, 948301, 405855, 115082, 597481, 147992, 38.8, 42.3, 1.00
A, 707155, 388672, 825992, 948431, 405865, 115145, 597509, 147941, 38.8, 42.3, 1.00
A, 707152, 388721, 825982, 948469, 405857, 115083, 597531, 147906, 38.8, 42.3, 1.00
A, 706942, 388688, 825635, 948129, 405888, 115118, 597499, 147873, 38.8, 42.3, 1.00
A, 706754, 388736, 825376, 947892, 405826, 115115, 597475, 147818, 38.8, 42.3, 1.00
A, 706599, 388608, 825213, 947986, 405808, 115126, 597479, 147688, 38.8, 42.3, 1.00
A, 706713, 388668, 825466, 948243, 405852, 115176, 597604, 147784, 38.8, 42.3, 1.00
A, 706639, 388612, 825144, 948009, 405836, 115163, 597552, 147758, 38.8, 42.3, 1.00
A, 706752, 388654, 825335, 948199, 405919, 115172, 597668, 147759, 38.8, 42.3, 0.99
A, 706645, 388567, 825212, 948115, 405898, 115113, 597578, 147665, 38.8, 42.3, 1.01
A, 706426, 388511, 824887, 947918, 405874, 115160, 597591, 147647, 38.8, 42.3, 1.00
A, 706669, 388520, 825182, 948196, 405905, 115160, 597703, 147722, 38.8, 42.3, 1.00
A, 706731, 388534, 825213, 948428, 406001, 115170, 597715, 147706, 38.8, 42.3, 1.00
A, 706768, 388609, 825231, 948484, 405971, 115250, 597770, 147711, 38.8, 42.3, 1.00
A, 707063, 388661, 825645, 948895, 406090, 115203, 597937, 147780, 38.8, 42.3, 1.00
A, 707288, 388678, 825842, 949049, 406150, 115274, 597948, 147734, 38.8, 42.3, 1.00
A, 707098, 388721, 825682, 948969, 406187, 115269, 597940, 147659, 38.8, 42.3, 1.00
A, 707000, 388686, 825395, 948863, 406125, 115335, 597944, 147720, 38.8, 42.3, 1.00
A, 709025, 389064, 828228, 951335, 406691, 115501, 598499, 148138, 38.8, 42.3, 1.00
A, 708540, 389147, 827297, 950511, 406660, 115379, 598418, 147826, 38.8, 42.3, 1.00
A, 707837, 389065, 826398, 949769, 406523, 115361, 598258, 147790, 38.8, 42.3, 1.00
A, 707630, 388955, 826354, 949748, 406392, 115323, 598183, 147652, 38.8, 42.3, 1.00
A, 707604, 388908, 826406, 949892, 406413, 115414, 598227, 147703, 38.8, 42.3, 1.00
A, 707572, 388885, 826307, 949861, 406363, 115437, 598232, 147714, 38.8, 42.3, 1.00
A, 707546, 388868, 826034, 949580, 406367, 115466, 598221, 147616, 38.8, 42.3, 1.00
A, 707285, 388840, 825754, 949430, 406355, 115382, 598201, 147611, 38.8, 42.4, 1.01
A, 707648, 388968, 826253, 949961, 406438, 115449, 598334, 147642, 38.8, 42.4, 0.99
A, 707428, 388866, 826133, 949824, 406434, 115440, 598341, 147655, 38.8, 42.4, 0.99
A, 707694, 388901, 826279, 949814, 406481, 115481, 598437, 147603, 38.8, 42.4, 1.00
A, 707429, 388807, 825913, 949789, 406454, 115471, 598412, 147560, 38.8, 42.4, 1.00
A, 707204, 388763, 825493, 949366, 406511, 115417, 598350, 147506, 38.8, 42.4, 1.00
A, 707075, 388690, 825120, 949096, 406392, 115387, 598350, 147419, 38.8, 42.4, 1.00
A, 707110, 388657, 825520, 949605, 406451, 115441, 598432, 147500, 38.8, 42.4, 1.00
A, 707231, 388698, 825544, 949726, 406496, 115439, 598459, 147514, 38.8, 42.4, 1.00
A, 707235, 388667, 825535, 949755, 406514, 115481, 598439, 147508, 38.8, 42.4, 1.00
A, 707672, 388802, 825959, 950124, 406652, 115548, 598704, 147502, 38.8, 42.4, 1.00
A, 707830, 388810, 826020, 950218, 406667, 115441, 598635, 147494, 38.8, 42.4, 1.00
A, 707602, 388770, 825743, 950116, 406656, 115497, 598666, 147482, 38.8, 42.4, 1.00
A, 709092, 388969, 827880, 952015, 406931, 115674, 598947, 147823, 38.8, 42.4, 1.00
A, 708889, 389098, 827535, 951768, 407073, 115673, 599060, 147747, 38.8, 42.4, 1.00
A, 708697, 389084, 827284, 951639, 406967, 115707, 598987, 147658, 38.8, 42.4, 1.00
A, 708391, 389147, 826952, 951289, 407043, 115575, 598901, 147536, 38.8, 42.4, 1.00
A, 708269, 389039, 826793, 951086, 406911, 115615, 598939, 147505, 38.8, 42.4, 1.00
A, 708183, 389048, 826768, 951296, 406892, 115607, 598969, 147528, 38.8, 42.4, 0.99
A, 708211, 388986, 826708, 951215, 406890, 115605, 598957, 147522, 38.8, 42.4, 0.99
A, 708235, 388934, 826731, 951216, 406867, 115689, 598970, 147497, 38.8, 42.4, 1.00
A, 708558, 389015, 827060, 951665, 407032, 115707, 599079, 147504, 38.8, 42.4, 1.00
A, 708551, 389037, 826967, 951487, 406997, 115706, 599122, 147548, 38.8, 42.4, 0.99
A, 708477, 389063, 826822, 951333, 407070, 115732, 599072, 147464, 38.8, 42.4, 1.00
A, 708463, 389020, 826985, 951605, 407061, 115662, 599129, 147460, 38.8, 42.4, 1.00
A, 708286, 389042, 826813, 951612, 407055, 115728, 599135, 147438, 38.8, 42.4, 1.00
A, 708619, 389066, 826946, 951767, 407127, 115720, 599204, 147489, 38.8, 42.4, 1.00
A, 708506, 389106, 826993, 951724, 407126, 115784, 599229, 147528, 38.8, 42.4, 1.00
A, 708563, 389056, 827108, 951898, 407137, 115755, 599250, 147472, 38.8, 42.4, 1.00
A, 708454, 389085, 826918, 951791, 407105, 115726, 599247, 147400, 38.8, 42.5, 1.00
A, 708389, 389005, 826801, 951713, 407126, 115752, 599299, 147347, 38.8, 42.5, 1.00
A, 708687, 389120, 827191, 952146, 407190, 115797, 599364, 147484, 38.8, 42.5, 1.00
A, 708556, 389096, 827080, 952081, 407211, 115813, 599437, 147471, 38.8, 42.5, 1.00
A, 710603, 389473, 829622, 954251, 407617, 115998, 599899, 147766, 38.8, 42.5, 1.00
A, 710170, 389506, 829298, 954032, 407643, 115982, 599793, 147685, 38.8, 42.5, 1.01
A, 709590, 389487, 828461, 953283, 407567, 115920, 599745, 147560, 38.8, 42.5, 1.00
A, 709355, 389398, 828033, 953058, 407407, 115870, 599662, 147553, 38.8, 42.5, 1.00
A, 708828, 389315, 827632, 952587, 407390, 115890, 599556, 147390, 38.8, 42.5, 1.00
A, 708665, 389214, 827308, 952256, 407284, 115881, 599515, 147323, 38.8, 42.5, 1.00
A, 708823, 389216, 827477, 952385, 407338, 115847, 599555, 147314, 38.8, 42.5, 1.00
A, 708808, 389171, 827423, 952392, 407345, 115854, 599597, 147341, 38.8, 42.5, 1.00
A, 708280, 389112, 826886, 952068, 407253, 115830, 599500, 147231, 38.8, 42.5, 1.00
A, 708498, 389038, 827110, 952426, 407350, 115884, 599516, 147333, 38.8, 42.5, 1.00
A, 708731, 389154, 827129, 952305, 407399, 115861, 599642, 147287, 38.8, 42.5, 1.00
A, 708635, 389112, 827087, 952224, 407371, 115907, 599587, 147212, 38.8, 42.5, 1.00
A, 708641, 389101, 827290, 952669, 407435, 115890, 599678, 147337, 38.8, 42.5, 1.00
A, 708688, 389069, 827223, 952545, 407380, 115967, 599662, 147263, 38.8, 42.5, 1.00
A, 708657, 388969, 827207, 952526, 407385, 115929, 599710, 147279, 38.8, 42.5, 1.01
A, 709047, 389145, 827690, 953049, 407544, 115911, 599796, 147345, 38.8, 42.5, 1.00
A, 709160, 389130, 827638, 953002, 407524, 115979, 599830, 147274, 38.8, 42.5, 1.00
A, 709046, 389152, 827628, 952861, 407499, 115921, 599840, 147253, 38.8, 42.5, 0.99
A, 708930, 389074, 827409, 953013, 407533, 115958, 599831, 147220, 38.8, 42.5, 1.00
A, 709160, 389087, 827760, 953352, 407594, 115961, 599911, 147318, 38.8, 42.5, 1.00
A, 710703, 389358, 829733, 955178, 407947, 116131, 600264, 147716, 38.8, 42.5, 1.01
A, 710792, 389638, 829824, 955090, 408065, 116171, 600402, 147523, 38.8, 42.5, 1.00
A, 710266, 389524, 829359, 954722, 407890, 116073, 600219, 147403, 38.8, 42.5, 1.00
A, 709970, 389529, 828771, 954104, 407921, 116121, 600232, 147325, 38.8, 42.5, 1.00
A, 709629, 389390, 828605, 954084, 407779, 116123, 600162, 147266, 38.8, 42.5, 1.00
A, 709080, 389356, 827814, 953379, 407775, 116054, 600043, 147171, 38.8, 42.5, 1.00
A, 709090, 389254, 827589, 953099, 407587, 116079, 599975, 147173, 38.8, 42.5, 1.00
A, 709060, 389176, 827910, 953532, 407698, 116008, 600001, 147164, 38.8, 42.5, 0.99
A, 709145, 389215, 827781, 953493, 407688, 116081, 600031, 147087, 38.8, 42.5, 1.01
A, 708995, 389223, 827624, 953415, 407727, 116048, 600072, 147134, 38.8, 42.5, 1.00
A, 709318, 389246, 828074, 953811, 407804, 116141, 600214, 147223, 38.8, 42.5, 1.00
A, 709140, 389164, 827627, 953372, 407748, 116079, 600146, 147125, 38.8, 42.5, 1.00
A, 708976, 389073, 827406, 953285, 407781, 116095, 600116, 147142, 38.8, 42.5, 1.00
A, 709197, 389172, 827702, 953651, 407856, 116066, 600211, 147129, 38.8, 42.5, 1.00
A, 709303, 389178, 827951, 953681, 407843, 116164, 600214, 147133, 38.8, 42.6, 1.00
A, 709519, 389183, 828215, 954129, 407870, 116189, 600330, 147240, 38.8, 42.6, 1.00
A, 709561, 389128, 828286, 954249, 407898, 116156, 600353, 147269, 38.8, 42.6, 1.00
A, 709787, 389212, 828255, 954128, 407948, 116147, 600437, 147171, 38.8, 42.6, 1.00
A, 709585, 389146, 828122, 953974, 407976, 116172, 600396, 147116, 38.8, 42.6, 1.00
A, 709359, 389156, 828019, 954148, 407937, 116151, 600329, 147108, 38.8, 42.6, 1.00
M, 705984, 388682, 822258, 947983, 407294, 115615, 599302, 145720, 38.8, 42.6, 0.00
M, 697195, 386421, 810527, 937921, 404623, 114710, 596202, 143885, 38.8, 42.6, 0.63
M, 690627, 384252, 801012, 929492, 402536, 113980, 593992, 142421, 38.8, 42.6, 0.75
M, 685693, 382479, 793605, 923243, 401259, 113401, 592869, 141361, 38.8, 42.6, 0.84
M, 681891, 380962, 787053, 918105, 400327, 112819, 592252, 140501, 38.8, 42.8, 0.89
M, 679001, 379700, 781322, 913905, 399770, 112364, 591911, 139851, 38.8, 42.8, 0.94
M, 677081, 378423, 776042, 910341, 399201, 111808, 591679, 139257, 38.8, 42.8, 0.97
M, 675743, 377493, 772249, 908389, 398848, 111490, 591577, 138852, 38.8, 42.8, 0.98
M, 674842, 376524, 768162, 906453, 398616, 111103, 591675, 138578, 38.8, 42.9, 0.99
M, 674810, 375817, 765993, 905907, 398439, 110873, 591734, 138424, 38.8, 42.9, 0.99
M, 675239, 375231, 764300, 905979, 398548, 110644, 592130, 138405, 38.8, 42.9, 0.99
M, 675793, 374710, 762637, 906157, 398628, 110468, 592490, 138333, 38.8, 42.9, 0.99
M, 676807, 374172, 761036, 906470, 398825, 110309, 593041, 138308, 38.8, 42.9, 0.99
M, 677583, 373684, 759733, 906915, 399063, 110233, 593485, 138308, 38.8, 43.0, 0.99
M, 678426, 373385, 758804, 907985, 399257, 110073, 593968, 138272, 38.8, 43.0, 0.99
M, 679778, 373116, 758352, 909269, 399629, 109990, 594667, 138406, 38.8, 43.0, 0.99
M, 680917, 372895, 757677, 910188, 399979, 109928, 595222, 138494, 38.8, 43.0, 1.00
M, 682441, 372851, 757670, 911809, 400490, 109939, 595934, 138626, 38.8, 43.0, 1.01
M, 683733, 372710, 757343, 913245, 400903, 109867, 596650, 138624, 38.8, 43.0, 1.01
M, 684862, 372584, 757077, 914293, 401299, 109777, 597324, 138688, 38.8, 43.0, 0.99
M, 687635, 372790, 758776, 917724, 402055, 109960, 598240, 139085, 38.8, 43.0, 1.00
M, 688960, 372965, 758899, 919153, 402636, 109959, 598968, 139155, 38.8, 43.0, 1.00
M, 689760, 372994, 758400, 920117, 402947, 109882, 599507, 139211, 38.8, 43.0, 1.00
M, 691015, 373088, 758599, 921537, 403449, 109904, 600150, 139296, 38.8, 43.0, 0.99
M, 692224, 373219, 758571, 922914, 403947, 109897, 600806, 139281, 38.8, 43.0, 1.00
M, 693079, 373225, 758154, 923983, 404322, 109880, 601320, 139320, 38.8, 43.0, 1.01
M, 693979, 373381, 757904, 924878, 404730, 109911, 601904, 139343, 38.8, 43.0, 1.00
M, 695093, 373499, 758012, 926265, 405226, 109907, 602564, 139363, 38.8, 43.0, 1.01
M, 695907, 373608, 757709, 927213, 405561, 109877, 603081, 139420, 38.8, 43.0, 1.00
M, 696848, 373920, 757517, 928359, 406030, 109885, 603732, 139493, 38.8, 43.0, 0.99
M, 697458, 373849, 757663, 929508, 406338, 109867, 604065, 139527, 38.8, 43.0, 1.01
M, 698611, 374151, 758042, 930858, 406751, 109946, 604646, 139669, 38.8, 43.0, 1.00
M, 699616, 374332, 758206, 932147, 407204, 109975, 605195, 139724, 38.8, 43.1, 0.99
M, 700795, 374566, 758439, 933340, 407690, 109987, 605837, 139726, 38.8, 43.1, 1.00
M, 701382, 374710, 758430, 934290, 408003, 110032, 606303, 139849, 38.8, 43.1, 0.99
M, 702711, 375107, 759131, 936107, 408545, 110091, 606944, 139889, 38.8, 43.1, 0.99
M, 703421, 375351, 759202, 937060, 408849, 110061, 607364, 139988, 38.8, 43.1, 1.00
M, 704405, 375606, 759633, 938305, 409269, 110137, 607915, 140074, 38.8, 43.1, 1.00
M, 705274, 375886, 759840, 939420, 409622, 110172, 608402, 140165, 38.8, 43.1, 0.99
M, 706397, 376230, 760081, 940590, 410064, 110171, 608952, 140244, 38.8, 43.1, 1.00
M, 708601, 376766, 762306, 943500, 410708, 110364, 609698, 140535, 38.8, 43.1, 1.00
M, 709248, 377183, 762568, 944596, 411122, 110425, 610148, 140613, 38.8, 43.1, 1.00
M, 709505, 377354, 762327, 945197, 411331, 110458, 610448, 140599, 38.8, 43.1, 1.00
M, 710004, 377695, 762188, 945782, 411600, 110491, 610767, 140633, 38.8, 43.1, 1.00
M, 710610, 377915, 762314, 946520, 411932, 110460, 611121, 140657, 38.8, 43.1, 1.00
M, 711038, 378192, 762353, 947250, 412168, 110431, 611532, 140616, 38.8, 43.1, 0.99
M, 711278, 378343, 762140, 947761, 412451, 110514, 611811, 140603, 38.8, 43.1, 0.99
M, 711643, 378566, 762115, 948498, 412675, 110531, 612122, 140626, 38.8, 43.1, 1.01
M, 712171, 378900, 762037, 949145, 413015, 110544, 612481, 140678, 38.8, 43.1, 1.00
M, 712404, 378964, 762092, 949789, 413060, 110513, 612752, 140720, 38.8, 43.1, 1.01
M, 713214, 379347, 762245, 950692, 413461, 110501, 613169, 140721, 38.8, 43.1, 0.99
M, 713236, 379392, 762024, 950874, 413579, 110562, 613318, 140625, 38.8, 43.1, 1.00
M, 713851, 379744, 762387, 951951, 413824, 110571, 613651, 140811, 38.8, 43.1, 1.00
M, 714358, 379949, 762517, 952699, 414064, 110640, 613911, 140855, 38.8, 43.1, 1.00
M, 715014, 380195, 762809, 953592, 414367, 110757, 614290, 140909, 38.8, 43.1, 1.00
M, 715889, 380518, 763440, 954652, 414637, 110689, 614670, 140979, 38.8, 43.1, 1.00
M, 716500, 380801, 763696, 955364, 414940, 110791, 615042, 141094, 38.8, 43.1, 1.01
M, 716822, 381008, 763792, 955887, 415151, 110830, 615272, 141078, 38.8, 43.1, 1.01
M, 717403, 381351, 764191, 957003, 415337, 110843, 615535, 141140, 38.8, 43.1, 1.00
M, 717794, 381505, 764409, 957650, 415603, 110922, 615824, 141149, 38.8, 43.1, 1.01
M, 719752, 382046, 766522, 960083, 416142, 111102, 616457, 141626, 38.8, 43.1, 1.01
M, 720353, 382372, 766915, 960736, 416433, 111184, 616830, 141606, 38.8, 43.1, 0.99
M, 720423, 382712, 766635, 960660, 416623, 111145, 617027, 141532, 38.8, 43.1, 1.00
M, 720281, 382820, 766366, 961301, 416664, 111114, 617085, 141455, 38.8, 43.1, 1.00
M, 720544, 383002, 766384, 961730, 416835, 111190, 617274, 141451, 38.8, 43.1, 1.01
M, 721109, 383242, 766769, 962452, 417063, 111167, 617581, 141546, 38.8, 43.2, 0.99
M, 721389, 383487, 766682, 962702, 417167, 111169, 617799, 141570, 38.8, 43.2, 0.99
M, 721401, 383582, 766533, 962805, 417321, 111219, 617919, 141473, 38.8, 43.2, 0.99
M, 721494, 383635, 766619, 963497, 417367, 111248, 618066, 141466, 38.8, 43.2, 1.00
M, 721665, 383963, 766535, 963668, 417621, 111241, 618279, 141612, 38.8, 43.2, 0.99
M, 721889, 384093, 766518, 964110, 417674, 111288, 618424, 141580, 38.8, 43.2, 1.00
M, 721640, 384188, 765897, 963886, 417759, 111260, 618557, 141417, 38.8, 43.2, 1.00
M, 721600, 384269, 765797, 964086, 417837, 111240, 618633, 141442, 38.8, 43.2, 1.00
M, 721387, 384146, 765275, 963838, 417799, 111194, 618663, 141412, 38.8, 43.2, 0.99
M, 721999, 384383, 765786, 964716, 418041, 111244, 618938, 141510, 38.8, 43.2, 1.01
M, 722440, 384581, 766093, 965608, 418177, 111342, 619278, 141618, 38.8, 43.2, 1.00
M, 723245, 384910, 766917, 966670, 418488, 111405, 619564, 141764, 38.8, 43.2, 1.00
M, 723938, 385045, 767452, 967391, 418793, 111444, 619810, 141726, 38.8, 43.2, 1.00
M, 724231, 385227, 767531, 967788, 418895, 111435, 619971, 141771, 38.8, 43.2, 0.99
M, 724238, 385436, 767559, 968296, 418984, 111502, 620175, 141802, 38.8, 43.2, 1.00
M, 726679, 385910, 770355, 971205, 419538, 111715, 620820, 142268, 38.8, 43.2, 1.00
M, 726806, 386194, 770409, 971496, 419834, 111695, 621026, 142272, 38.8, 43.2, 1.01
M, 727195, 386456, 770693, 972194, 419955, 111844, 621198, 142283, 38.8, 43.2, 1.00
M, 727450, 386608, 770750, 972241, 420029, 111805, 621285, 142259, 38.8, 43.2, 0.99
M, 727390, 386753, 770758, 972375, 420085, 111779, 621363, 142183, 38.8, 43.2, 1.00
M, 727130, 386814, 770410, 972510, 420133, 111819, 621408, 142208, 38.8, 43.2, 1.01
M, 727290, 386933, 770503, 972818, 420233, 111799, 621563, 142166, 38.8, 43.2, 1.01
M, 727474, 387055, 770501, 972893, 420319, 111814, 621643, 142127, 38.8, 43.2, 1.00
M, 727470, 387179, 770417, 973035, 420373, 111891, 621715, 142136, 38.8, 43.2, 0.99
M, 727366, 387213, 770335, 973203, 420393, 111803, 621771, 142115, 38.8, 43.2, 0.99
M, 727522, 387385, 770305, 973237, 420566, 111806, 621958, 142123, 38.8, 43.2, 1.00
M, 727556, 387488, 770368, 973830, 420567, 111837, 622050, 142192, 38.8, 43.2, 1.00
M, 727714, 387648, 770419, 973954, 420754, 111873, 622207, 142103, 38.8, 43.2, 0.99
M, 727763, 387597, 770275, 973888, 420803, 111938, 622280, 142149, 38.8, 43.2, 1.01
M, 728117, 387673, 770883, 974730, 420929, 111951, 622459, 142185, 38.8, 43.2, 1.00
M, 728343, 387887, 770998, 975121, 420948, 111996, 622629, 142234, 38.8, 43.2, 1.00
M, 728530, 387996, 771118, 975486, 421123, 112013, 622717, 142366, 38.8, 43.2, 0.99
M, 729137, 388152, 771669, 976228, 421326, 112095, 622924, 142401, 38.8, 43.2, 0.99
M, 729453, 388397, 771950, 976476, 421465, 112125, 623082, 142391, 38.8, 43.2, 1.00
M, 729344, 388373, 771869, 976589, 421449, 112108, 623127, 142357, 38.8, 43.2, 1.00
M, 731131, 388736, 773914, 978887, 421898, 112290, 623615, 142730, 38.8, 43.2, 1.01
M, 731451, 389027, 774316, 979316, 422102, 112291, 623807, 142701, 38.8, 43.2, 1.00
M, 731203, 389174, 774101, 979368, 422053, 112310, 623802, 142679, 38.8, 43.2, 1.01
M, 731326, 389213, 774252, 979681, 422188, 112381, 623859, 142800, 38.8, 43.2, 1.00
M, 731448, 389294, 774335, 979771, 422161, 112395, 623945, 142675, 38.8, 43.2, 1.00
M, 731104, 389325, 773977, 979465, 422194, 112353, 624020, 142592, 38.8, 43.2, 1.00
M, 730939, 389326, 773825, 979640, 422215, 112363, 623982, 142630, 38.8, 43.2, 1.01
M, 731378, 389558, 774189, 980016, 422277, 112392, 624142, 142646, 38.8, 43.2, 0.99
M, 731270, 389463, 774081, 980086, 422358, 112416, 624132, 142679, 38.8, 43.2, 0.99
M, 731570, 389706, 774370, 980319, 422497, 112484, 624290, 142644, 38.8, 43.2, 0.99
M, 731401, 389744, 774311, 980329, 422511, 112377, 624319, 142616, 38.8, 43.2, 1.00
M, 730928, 389739, 773668, 979983, 422441, 112459, 624297, 142518, 38.8, 43.2, 1.01
M, 730948, 389666, 773650, 980074, 422448, 112460, 624271, 142549, 38.8, 43.2, 1.00
M, 730921, 389785, 773543, 979869, 422572, 112441, 624451, 142501, 38.8, 43.2, 0.99
M, 730872, 389725, 773326, 979923, 422461, 112428, 624405, 142511, 38.8, 43.2, 1.01
M, 731237, 389771, 773906, 980734, 422635, 112473, 624613, 142623, 38.8, 43.2, 1.00
M, 731010, 389825, 773359, 980256, 422634, 112433, 624658, 142431, 38.8, 43.2, 1.01
M, 731209, 389851, 773612, 980646, 422636, 112451, 624668, 142544, 38.8, 43.2, 1.00
M, 731870, 389898, 774492, 981695, 422862, 112558, 624956, 142682, 38.8, 43.2, 1.00
M, 732128, 390100, 774599, 981820, 423009, 112532, 625085, 142736, 38.8, 43.2, 1.00
M, 733959, 390429, 776786, 984127, 423321, 112738, 625595, 142991, 38.8, 43.2, 0.99
M, 733946, 390584, 776934, 984376, 423387, 112746, 625655, 142933, 38.8, 43.2, 0.99
M, 733703, 390654, 776747, 984420, 423485, 112774, 625632, 142961, 38.8, 43.2, 1.01
M, 733612, 390674, 776526, 984218, 423499, 112773, 625662, 142974, 38.8, 43.2, 1.00
M, 733662, 390769, 776476, 984205, 423466, 112757, 625683, 142908, 38.8, 43.2, 1.00
M, 733727, 390736, 776599, 984304, 423541, 112754, 625727, 142879, 38.8, 43.2, 1.01
M, 733564, 390827, 776462, 984271, 423588, 112798, 625777, 142947, 38.8, 43.2, 1.00
M, 733594, 390849, 776605, 984381, 423598, 112810, 625798, 142923, 38.8, 43.2, 0.99
M, 733962, 391020, 776902, 984908, 423727, 112834, 625961, 142929, 38.8, 43.2, 1.00
M, 733938, 391013, 777002, 985110, 423726, 112926, 626025, 142995, 38.8, 43.2, 0.99
M, 734433, 391249, 777309, 985358, 423887, 112881, 626174, 143029, 38.8, 43.3, 0.99
M, 734208, 391135, 777435, 985499, 423865, 112917, 626194, 142984, 38.8, 43.3, 1.00
M, 734065, 391303, 777165, 985439, 423950, 112919, 626263, 142982, 38.8, 43.3, 1.00
M, 733972, 391194, 777207, 985601, 423887, 112946, 626252, 142954, 38.8, 43.3, 1.01
M, 734501, 391337, 777809, 986111, 424004, 112995, 626418, 143013, 38.8, 43.3, 1.01
M, 734663, 391383, 777997, 986466, 424125, 113008, 626522, 143119, 38.8, 43.3, 0.99
M, 734820, 391512, 778262, 986579, 424260, 113077, 626609, 143054, 38.8, 43.3, 1.01
M, 734889, 391530, 778062, 986529, 424193, 113020, 626624, 143051, 38.8, 43.3, 1.01
M, 734838, 391437, 778272, 986839, 424238, 113138, 626616, 143085, 38.8, 43.3, 1.00
M, 735167, 391634, 778669, 987276, 424341, 113120, 626767, 143109, 38.8, 43.3, 0.99
M, 736778, 391926, 780811, 989449, 424709, 113249, 627206, 143556, 38.8, 43.3, 0.99
M, 737058, 392125, 781107, 989736, 424883, 113312, 627360, 143503, 38.8, 43.3, 1.01
M, 736969, 392286, 781099, 989595, 424982, 113272, 627363, 143406, 38.8, 43.3, 1.00
M, 736549, 392248, 780721, 989268, 424869, 113305, 627292, 143358, 38.8, 43.3, 1.00
M, 736670, 392282, 780987, 989385, 424891, 113319, 627343, 143372, 38.8, 43.3, 0.99
M, 736507, 392326, 780865, 989409, 424903, 113342, 627367, 143321, 38.8, 43.3, 1.00
M, 736413, 392279, 780696, 989403, 424863, 113379, 627285, 143384, 38.8, 43.3, 1.01
M, 736522, 392399, 781059, 989710, 424993, 113357, 627437, 143375, 38.8, 43.3, 0.99
M, 736655, 392432, 781208, 989830, 424941, 113402, 627436, 143343, 38.8, 43.3, 1.00
M, 736457, 392466, 781017, 989599, 424997, 113376, 627363, 143314, 38.8, 43.3, 1.00
M, 736255, 392417, 780942, 989654, 424986, 113409, 627433, 143350, 38.8, 43.3, 1.01
M, 736402, 392491, 781088, 989665, 425069, 113402, 627537, 143291, 38.8, 43.3, 1.01
M, 736290, 392482, 780854, 989480, 425027, 113393, 627556, 143296, 38.8, 43.3, 1.00
M, 736129, 392499, 780701, 989316, 425054, 113443, 627555, 143278, 38.8, 43.3, 0.99
M, 735962, 392362, 780776, 989421, 424959, 113427, 627439, 143270, 38.8, 43.3, 1.00
M, 736228, 392522, 781059, 989840, 425058, 113461, 627624, 143349, 38.8, 43.3, 1.00
M, 736459, 392523, 781377, 990135, 425064, 113480, 627709, 143387, 38.8, 43.3, 1.00
M, 736691, 392613, 781546, 990051, 425125, 113464, 627740, 143322, 38.8, 43.3, 0.99
M, 736446, 392462, 781429, 990251, 425104, 113493, 627726, 143352, 38.8, 43.3, 1.00
M, 736915, 392617, 782103, 990942, 425313, 113556, 627918, 143366, 38.8, 43.3, 1.00
M, 738589, 392977, 784236, 993021, 425633, 113715, 628317, 143764, 38.8, 43.3, 1.00
M, 738765, 393216, 784417, 993026, 425819, 113754, 628412, 143764, 38.8, 43.3, 1.00
M, 738575, 393215, 784362, 993032, 425736, 113781, 628460, 143720, 38.8, 43.3, 1.00
M, 738257, 393245, 783991, 992593, 425729, 113738, 628321, 143641, 38.8, 43.3, 1.00
M, 738031, 393181, 783630, 992146, 425631, 113690, 628312, 143502, 38.8, 43.3, 0.99
M, 737926, 393178, 783880, 992481, 425665, 113721, 628302, 143537, 38.8, 43.3, 0.99
M, 737742, 393146, 783713, 992410, 425671, 113775, 628273, 143550, 38.8, 43.3, 1.00
M, 737602, 393120, 783713, 992311, 425645, 113837, 628315, 143660, 38.8, 43.3, 1.00
M, 737904, 393160, 784048, 992645, 425663, 113881, 628421, 143638, 38.8, 43.3, 1.00
M, 737923, 393202, 784153, 992580, 425756, 113819, 628423, 143604, 38.8, 43.3, 1.01
M, 737705, 393177, 784087, 992501, 425745, 113859, 628428, 143605, 38.8, 43.3, 1.01
M, 737889, 393197, 784050, 992607, 425689, 113768, 628448, 143546, 38.8, 43.3, 1.00
M, 737353, 393145, 783559, 992074, 425693, 113792, 628390, 143445, 38.8, 43.3, 1.00
M, 737219, 393080, 783580, 992268, 425637, 113826, 628331, 143542, 38.8, 43.3, 1.01
M, 737516, 393211, 783849, 992225, 425735, 113835, 628517, 143491, 38.8, 43.3, 1.00
M, 737405, 393079, 783924, 992404, 425667, 113823, 628478, 143488, 38.8, 43.3, 1.01
M, 737724, 393104, 784290, 992879, 425770, 113889, 628599, 143573, 38.8, 43.3, 1.00
M, 737547, 393122, 784168, 992823, 425705, 113847, 628550, 143539, 38.8, 43.3, 1.00
M, 737764, 393128, 784401, 992814, 425871, 113923, 628632, 143596, 38.8, 43.3, 1.01
M, 738272, 393254, 785043, 993446, 425927, 113955, 628755, 143620, 38.8, 43.3, 1.00
M, 740302, 393686, 787735, 996059, 426474, 114140, 629336, 144067, 38.8, 43.3, 0.99
M, 740022, 393795, 787328, 995555, 426449, 114146, 629314, 143908, 38.8, 43.3, 0.99
M, 739793, 393801, 787359, 995677, 426428, 114121, 629257, 143966, 38.8, 43.3, 0.99
M, 739500, 393788, 787116, 995455, 426383, 114177, 629206, 143908, 38.8, 43.3, 1.01
M, 739515, 393780, 787182, 995418, 426402, 114179, 629188, 143896, 38.8, 43.3, 1.00
M, 739388, 393769, 787012, 995223, 426279, 114123, 629206, 143911, 38.8, 43.3, 1.00
M, 739345, 393747, 787241, 995354, 426349, 114093, 629164, 143836, 38.8, 43.3, 1.01
M, 739119, 393790, 787119, 995225, 426283, 114165, 629162, 143789, 38.8, 43.3, 1.00
M, 738979, 393735, 786958, 994918, 426270, 114189, 629102, 143816, 38.8, 43.3, 1.01
M, 739288, 393780, 787373, 995429, 426367, 114157, 629174, 143839, 38.8, 43.3, 1.00
M, 739179, 393794, 787280, 995107, 426362, 114239, 629199, 143772, 38.8, 43.3, 0.99
M, 739080, 393752, 787043, 994863, 426281, 114178, 629198, 143749, 38.8, 43.3, 0.99
M, 738903, 393755, 787132, 995007, 426321, 114206, 629227, 143695, 38.8, 43.3, 1.01
M, 738568, 393807, 786796, 994462, 426307, 114164, 629238, 143709, 38.8, 43.3, 0.99
M, 738328, 393600, 786726, 994639, 426243, 114226, 629166, 143724, 38.8, 43.3, 1.00
M, 738274, 393609, 786698, 994519, 426347, 114147, 629173, 143658, 38.8, 43.3, 1.01
M, 738192, 393527, 786634, 994300, 426196, 114165, 629168, 143650, 38.8, 43.3, 1.00
M, 738457, 393546, 786927, 994709, 426260, 114227, 629241, 143731, 38.8, 43.3, 1.01
M, 738697, 393595, 787161, 994912, 426365, 114255, 629232, 143709, 38.8, 43.3, 1.00
M, 738702, 393640, 787378, 995093, 426395, 114183, 629275, 143784, 38.8, 43.3, 1.00
M, 740900, 394081, 790294, 997938, 426844, 114529, 629904, 144293, 38.8, 43.3, 1.01
M, 740898, 394199, 790161, 997534, 426912, 114475, 629923, 144134, 38.8, 43.3, 1.01
M, 740482, 394152, 789846, 997200, 426798, 114452, 629826, 144030, 38.8, 43.3, 1.00
M, 740357, 394216, 789839, 997272, 426822, 114434, 629883, 144082, 38.8, 43.3, 0.99
M, 740114, 394207, 789790, 997155, 426829, 114481, 629855, 144066, 38.8, 43.3, 1.01
M, 740368, 394245, 790000, 997256, 426856, 114527, 629824, 144084, 38.8, 43.3, 1.00
M, 740246, 394273, 789977, 997337, 426856, 114532, 629824, 144036, 38.8, 43.3, 1.00
M, 740126, 394212, 789955, 997154, 426876, 114484, 629864, 144005, 38.8, 43.3, 1.00
M, 739924, 394155, 789795, 996876, 426816, 114478, 629807, 143972, 38.8, 43.3, 1.01
M, 739878, 394160, 789768, 996916, 426777, 114551, 629754, 143963, 38.8, 43.3, 0.99
M, 740015, 394179, 790114, 997210, 426832, 114546, 629851, 144015, 38.8, 43.3, 0.99
M, 740019, 394206, 790070, 996901, 426858, 114464, 629892, 144010, 38.8, 43.3, 1.00
M, 739748, 394122, 789935, 996732, 426783, 114543, 629801, 143933, 38.8, 43.3, 1.01
M, 739643, 394068, 789996, 996877, 426818, 114529, 629804, 143906, 38.8, 43.3, 1.00
M, 739629, 394101, 789833, 996599, 426857, 114564, 629921, 143925, 38.8, 43.3, 0.99
M, 739633, 394166, 789981, 996726, 426781, 114592, 629919, 143980, 38.8, 43.3, 1.00
M, 739448, 394198, 789937, 996691, 426841, 114499, 629956, 143871, 38.8, 43.3, 0.99
M, 739520, 394047, 789904, 996559, 426792, 114493, 629857, 143875, 38.8, 43.3, 1.00
M, 739630, 394084, 790281, 997123, 426862, 114595, 629926, 143977, 38.8, 43.3, 1.00
M, 739691, 394101, 790408, 997165, 426880, 114599, 629960, 143999, 38.8, 43.3, 1.00
M, 741322, 394347, 792572, 999272, 427244, 114792, 630456, 144420, 38.8, 43.3, 0.99
M, 741553, 394598, 792963, 999412, 427396, 114827, 630488, 144374, 38.8, 43.3, 1.00
M, 741426, 394550, 792738, 999099, 427319, 114838, 630459, 144242, 38.8, 43.3, 1.00
M, 741040, 394436, 792371, 998668, 427282, 114767, 630384, 144228, 38.8, 43.3, 1.00
M, 740872, 394483, 792225, 998551, 427239, 114812, 630263, 144200, 38.8, 43.3, 1.00
M, 740700, 394467, 792164, 998345, 427185, 114761, 630316, 144114, 38.8, 43.3, 1.01
M, 740810, 394455, 792390, 998610, 427217, 114813, 630325, 144211, 38.8, 43.3, 1.01
M, 740640, 394458, 792442, 998608, 427214, 114796, 630381, 144172, 38.8, 43.3, 1.00
M, 740831, 394469, 792650, 998592, 427268, 114818, 630385, 144170, 38.8, 43.3, 1.00
M, 740547, 394417, 792347, 998363, 427193, 114708, 630271, 144075, 38.8, 43.3, 1.00
M, 740175, 394356, 792103, 998125, 427151, 114816, 630262, 144041, 38.8, 43.3, 1.00
M, 740316, 394420, 792311, 998382, 427190, 114855, 630358, 144148, 38.8, 43.4, 1.01
M, 740096, 394342, 792053, 997994, 427050, 114764, 630270, 144036, 38.8, 43.4, 0.99
M, 740547, 394383, 792614, 998323, 427259, 114846, 630354, 144143, 38.8, 43.3, 0.99
M, 740506, 394365, 792681, 998364, 427237, 114902, 630380, 144140, 38.8, 43.3, 1.01
M, 740426, 394422, 792593, 998357, 427291, 114808, 630392, 144167, 38.8, 43.3, 1.01
M, 740358, 394353, 792724, 998505, 427220, 114890, 630452, 144193, 38.8, 43.3, 1.00
M, 740206, 394337, 792477, 998034, 427228, 114786, 630377, 144078, 38.8, 43.4, 1.01
M, 740179, 394274, 792587, 998099, 427227, 114848, 630299, 143978, 38.8, 43.4, 1.00
M, 740388, 394268, 792952, 998593, 427281, 114926, 630431, 144122, 38.8, 43.4, 1.01
A, 746782, 395216, 801007, 1006365, 428469, 115601, 632023, 145826, 38.8, 43.4, 0.09
A, 758418, 398269, 816968, 1021811, 431679, 116890, 635108, 148363, 38.9, 43.3, 0.64
A, 763505, 399906, 824235, 1028529, 432945, 117491, 636296, 149446, 38.9, 43.3, 0.76
A, 768311, 401634, 831474, 1034946, 434118, 118069, 637355, 150444, 38.9, 43.3, 0.84
A, 771605, 403171, 837125, 1039546, 435021, 118681, 638011, 151101, 38.9, 43.3, 0.91
A, 773654, 404502, 841676, 1042951, 435495, 119165, 638404, 151608, 38.9, 43.3, 0.94
A, 775494, 405746, 845862, 1045814, 435961, 119579, 638691, 151960, 38.9, 43.3, 0.96
A, 776524, 406970, 849298, 1047292, 436275, 119953, 638779, 152209, 38.9, 43.3, 0.98
A, 776556, 407723, 851645, 1048100, 436335, 120223, 638526, 152282, 38.9, 43.3, 0.98
A, 776150, 408491, 853313, 1048446, 436290, 120490, 638202, 152379, 38.9, 43.3, 0.99
A, 775865, 409153, 855264, 1048764, 436233, 120666, 637933, 152500, 38.8, 43.3, 1.00
A, 775281, 409632, 856573, 1048256, 436056, 120908, 637488, 152487, 38.8, 43.3, 0.99
A, 774529, 410219, 857971, 1047980, 435804, 121042, 637024, 152518, 38.8, 43.2, 1.00
A, 773531, 410606, 858881, 1046848, 435520, 121206, 636411, 152451, 38.8, 43.2, 0.99
A, 771987, 410838, 859137, 1045296, 435083, 121245, 635716, 152279, 38.8, 43.2, 1.00
A, 770624, 411011, 859649, 1044432, 434701, 121343, 635163, 152233, 38.8, 43.2, 0.99
A, 769633, 411204, 860500, 1043425, 434371, 121422, 634576, 152247, 38.8, 43.2, 1.00
A, 768511, 411240, 860743, 1042077, 433925, 121505, 634016, 152199, 38.8, 43.2, 1.00
A, 767294, 411416, 861430, 1040681, 433510, 121577, 633333, 152077, 38.8, 43.2, 1.00
A, 765765, 411316, 861456, 1039233, 433068, 121555, 632714, 151972, 38.8, 43.2, 1.01
A, 766157, 411751, 864117, 1039853, 432956, 121836, 632432, 152248, 38.8, 43.2, 1.00
A, 764880, 411739, 863962, 1038400, 432484, 121780, 631845, 152133, 38.8, 43.2, 1.00
A, 763466, 411575, 864036, 1037107, 432052, 121869, 631258, 152124, 38.8, 43.2, 1.00
A, 762020, 411411, 863889, 1035434, 431578, 121869, 630632, 151915, 38.8, 43.2, 1.00
A, 760632, 411347, 863924, 1033585, 431041, 121868, 629898, 151758, 38.8, 43.2, 1.00
A, 759171, 411104, 863479, 1031765, 430619, 121800, 629286, 151612, 38.8, 43.1, 1.00
A, 757650, 410828, 863207, 1030298, 430082, 121812, 628684, 151447, 38.8, 43.1, 0.99
A, 756624, 410626, 863328, 1029062, 429653, 121786, 628153, 151452, 38.8, 43.1, 1.00
A, 755485, 410368, 863249, 1027597, 429241, 121822, 627616, 151377, 38.8, 43.1, 1.00
A, 754753, 410144, 863485, 1026642, 428897, 121851, 627151, 151310, 38.8, 43.1, 1.00
A, 753521, 409898, 863426, 1025122, 428503, 121829, 626638, 151222, 38.8, 43.1, 1.00
A, 752357, 409623, 863089, 1023624, 428047, 121744, 626067, 151037, 38.8, 43.1, 1.00
A, 751460, 409283, 863148, 1022727, 427670, 121787, 625605, 151044, 38.8, 43.1, 1.00
A, 750540, 409057, 863112, 1021521, 427386, 121766, 625137, 150915, 38.8, 43.1, 0.99
A, 749968, 408835, 863247, 1020579, 426987, 121823, 624795, 150977, 38.8, 43.1, 1.00
A, 749061, 408516, 863078, 1019092, 426694, 121762, 624316, 150898, 38.8, 43.1, 1.00
A, 748118, 408192, 863243, 1018234, 426328, 121718, 623880, 150779, 38.8, 43.1, 1.00
A, 747210, 407917, 862909, 1017078, 425937, 121684, 623464, 150695, 38.8, 43.1, 0.99
A, 746491, 407620, 862921, 1015942, 425639, 121724, 623080, 150712, 38.8, 43.1, 1.01
A, 745564, 407259, 862671, 1014778, 425343, 121669, 622629, 150544, 38.8, 43.1, 1.00
A, 746449, 407215, 864727, 1015790, 425323, 121849, 622550, 150937, 38.8, 43.1, 1.01
A, 745241, 407064, 864122, 1014211, 425048, 121738, 622231, 150665, 38.8, 43.1, 1.00
A, 744465, 406721, 863895, 1013292, 424656, 121666, 621841, 150593, 38.8, 43.1, 1.00
A, 743578, 406434, 863604, 1012224, 424418, 121768, 621450, 150572, 38.8, 43.1, 1.00
A, 742945, 406145, 863570, 1011361, 424130, 121688, 621107, 150510, 38.8, 43.1, 0.99
A, 742292, 405813, 863417, 1010110, 423816, 121673, 620735, 150384, 38.8, 43.1, 1.00
A, 741526, 405483, 863155, 1009374, 423572, 121642, 620358, 150351, 38.8, 43.1, 1.00
A, 741206, 405308, 863387, 1008689, 423308, 121639, 620110, 150324, 38.8, 43.1, 1.00
A, 740418, 404965, 863067, 1007588, 423041, 121503, 619787, 150177, 38.8, 43.1, 0.99
A, 739908, 404599, 863178, 1007070, 422866, 121608, 619534, 150220, 38.8, 43.1, 1.00
A, 739367, 404393, 863072, 1006290, 422616, 121543, 619320, 150194, 38.8, 43.1, 1.00
A, 738836, 404076, 862840, 1005079, 422374, 121467, 618891, 150090, 38.8, 43.1, 1.01
A, 737855, 403730, 862262, 1003998, 422037, 121457, 618555, 149840, 38.8, 43.1, 1.00
A, 737351, 403424, 862281, 1003510, 421818, 121443, 618351, 149905, 38.8, 43.1, 1.00
A, 737196, 403285, 862520, 1003189, 421726, 121400, 618103, 149879, 38.8, 43.0, 1.00
A, 736815, 402997, 862462, 1002400, 421475, 121425, 617911, 149882, 38.8, 43.0, 1.00
A, 736745, 402809, 862890, 1002365, 421376, 121406, 617724, 149906, 38.8, 43.1, 1.00
A, 736225, 402595, 862886, 1001448, 421278, 121379, 617494, 149858, 38.8, 43.1, 1.00
A, 735799, 402361, 862636, 1000717, 421049, 121376, 617275, 149725, 38.8, 43.0, 1.01
A, 735319, 402101, 862505, 1000174, 420839, 121387, 617079, 149763, 38.8, 43.0, 1.00
A, 736679, 402178, 864954, 1001722, 421099, 121514, 617373, 150157, 38.8, 43.0, 0.98
A, 736078, 402144, 864607, 1001045, 420973, 121483, 617099, 150058, 38.8, 43.0, 1.01
A, 735237, 401893, 864133, 999801, 420743, 121507, 616738, 149898, 38.8, 43.0, 0.99
A, 734632, 401591, 863598, 999014, 420456, 121400, 616392, 149725, 38.8, 43.0, 1.00
A, 733783, 401359, 863010, 998023, 420202, 121386, 616158, 149655, 38.8, 43.0, 1.01
A, 733495, 400991, 862877, 997327, 420006, 121279, 615947, 149627, 38.8, 43.0, 1.00
A, 733063, 400765, 862851, 996847, 419858, 121318, 615780, 149583, 38.8, 43.0, 0.99
A, 733019, 400678, 863158, 996704, 419756, 121302, 615667, 149631, 38.8, 43.0, 1.00
A, 732701, 400475, 863302, 996057, 419620, 121271, 615458, 149459, 38.8, 43.0, 1.01
A, 732193, 400181, 863070, 995513, 419424, 121216, 615245, 149421, 38.8, 43.0, 0.99
A, 731962, 400046, 862949, 995042, 419325, 121275, 615116, 149527, 38.8, 43.0, 0.99
A, 731547, 399869, 862884, 994614, 419220, 121223, 614923, 149465, 38.8, 43.0, 1.00
A, 730102, 399624, 861620, 992998, 419011, 121165, 614693, 149147, 38.8, 43.0, 1.00
A, 730012, 399245, 861457, 992323, 418741, 121045, 614375, 149138, 38.8, 43.0, 1.00
A, 728801, 398874, 860230, 990980, 418347, 121011, 613919, 148954, 38.8, 43.0, 0.99
A, 729229, 398737, 860851, 991139, 418391, 121031, 614089, 149073, 38.8, 43.0, 1.00
A, 729134, 398643, 861095, 991137, 418332, 121060, 613936, 149091, 38.8, 43.0, 1.00
A, 729361, 398540, 861692, 991285, 418340, 121081, 613919, 149194, 38.8, 43.0, 1.01
A, 729329, 398438, 861819, 990797, 418214, 121017, 613774, 149104, 38.8, 43.0, 1.00
A, 729033, 398278, 861728, 990412, 418146, 121013, 613694, 149068, 38.8, 43.0, 1.00
A, 730378, 398313, 863970, 992261, 418418, 121235, 613846, 149472, 38.8, 43.0, 1.00
A, 730041, 398349, 863522, 991334, 418414, 121091, 613769, 149325, 38.8, 43.0, 1.00
A, 729502, 398138, 863384, 990957, 418126, 121109, 613634, 149271, 38.8, 43.0, 1.01
A, 728781, 398002, 862728, 990006, 418058, 121084, 613417, 149148, 38.8, 43.0, 1.00
A, 728545, 397824, 862514, 989443, 417817, 121044, 613186, 149099, 38.8, 43.0, 1.00
A, 728427, 397679, 862679, 989412, 417771, 121084, 613140, 149063, 38.8, 43.0, 1.00
A, 728125, 397477, 862660, 989021, 417681, 120953, 612927, 149038, 38.8, 43.0, 1.00
A, 727635, 397343, 862245, 988342, 417547, 121032, 612840, 149021, 38.8, 43.0, 1.00
A, 727763, 397301, 862654, 988435, 417491, 121039, 612745, 149088, 38.8, 43.0, 1.00
A, 727509, 397048, 862661, 987901, 417403, 120948, 612627, 148980, 38.8, 43.0, 1.00
A, 727109, 396931, 862350, 987414, 417203, 120949, 612403, 148854, 38.8, 43.0, 1.00
A, 726685, 396709, 861876, 986771, 417110, 120910, 612268, 148859, 38.8, 43.0, 1.00
A, 726605, 396597, 862084, 986578, 417051, 120940, 612230, 148873, 38.8, 43.0, 1.00
A, 725828, 396392, 861176, 985614, 416832, 120788, 611929, 148725, 38.8, 43.0, 1.00
A, 726121, 396297, 861761, 985926, 416937, 120911, 611993, 148856, 38.8, 43.0, 1.00
A, 726053, 396279, 861980, 985795, 416857, 120872, 611959, 148741, 38.8, 43.0, 1.00
A, 726010, 396162, 862029, 985525, 416748, 120866, 611858, 148802, 38.8, 43.0, 0.99
A, 725645, 396097, 861829, 985204, 416720, 120822, 611772, 148821, 38.8, 43.0, 1.00
A, 725785, 395997, 862189, 985285, 416691, 120886, 611760, 148811, 38.8, 43.0, 1.00
A, 725772, 395926, 862087, 984796, 416659, 120791, 611617, 148748, 38.8, 43.0, 1.00
A, 727138, 396034, 864382, 986645, 416921, 121018, 611971, 149104, 38.8, 43.0, 0.98
A, 727033, 396147, 864276, 986332, 416907, 120983, 611888, 149035, 38.8, 43.0, 1.00
A, 726085, 395938, 863504, 985185, 416710, 120879, 611648, 148883, 38.8, 43.0, 1.00
A, 725711, 395744, 863210, 984917, 416534, 120890, 611480, 148846, 38.8, 43.0, 1.00
A, 725259, 395684, 862688, 983946, 416448, 120807, 611316, 148700, 38.8, 43.0, 1.00
A, 724954, 395524, 862442, 983455, 416225, 120762, 611203, 148616, 38.8, 43.0, 1.00
A, 724806, 395373, 862568, 983622, 416227, 120793, 611089, 148744, 38.8, 43.0, 1.01
A, 724499, 395243, 862407, 983186, 416123, 120793, 610966, 148561, 38.8, 43.0, 1.00
A, 724326, 395163, 862253, 982820, 416055, 120746, 610874, 148574, 38.8, 43.0, 1.01
A, 724215, 395088, 862296, 982500, 415992, 120754, 610835, 148654, 38.8, 43.0, 1.00
A, 724131, 395013, 862229, 982249, 415999, 120774, 610783, 148549, 38.8, 43.0, 0.99
A, 723809, 394923, 862009, 981873, 415865, 120679, 610645, 148529, 38.8, 43.0, 1.00
A, 723457, 394670, 861652, 981546, 415681, 120657, 610478, 148508, 38.8, 43.0, 1.01
A, 723565, 394706, 862051, 981564, 415687, 120710, 610511, 148521, 38.8, 43.0, 1.01
A, 723362, 394565, 861989, 981413, 415709, 120663, 610437, 148531, 38.8, 43.0, 1.00
A, 723598, 394543, 862321, 981574, 415687, 120678, 610428, 148582, 38.8, 43.0, 1.00
A, 723571, 394441, 862471, 981302, 415721, 120665, 610354, 148478, 38.8, 43.0, 1.00
A, 723282, 394400, 862343, 980984, 415578, 120666, 610306, 148505, 38.8, 43.0, 1.01
A, 723152, 394307, 862037, 980587, 415521, 120618, 610185, 148416, 38.8, 43.0, 1.00
A, 723184, 394242, 862442, 980712, 415578, 120670, 610195, 148534, 38.8, 43.0, 1.00
A, 724567, 394409, 864583, 982608, 415780, 120820, 610485, 148937, 38.8, 43.0, 0.99
A, 724471, 394566, 864432, 982079, 415842, 120795, 610472, 148721, 38.8, 43.0, 1.01
A, 724020, 394469, 864088, 981573, 415705, 120747, 610275, 148633, 38.8, 43.0, 0.99
A, 723188, 394255, 863218, 980567, 415524, 120642, 610042, 148531, 38.8, 43.0, 1.00
A, 722731, 394055, 862933, 980282, 415342, 120629, 609903, 148472, 38.8, 43.0, 1.00
A, 722958, 394020, 863199, 980137, 415343, 120610, 609850, 148483, 38.8, 43.0, 1.00
A, 722806, 393971, 863216, 980024, 415360, 120613, 609811, 148512, 38.8, 43.0, 0.99
A, 722578, 393953, 863101, 979605, 415223, 120610, 609758, 148415, 38.8, 43.0, 1.00
A, 722207, 393780, 862685, 979158, 415105, 120601, 609673, 148386, 38.8, 43.0, 1.00
A, 721915, 393718, 862433, 978862, 414985, 120560, 609499, 148304, 38.8, 43.0, 1.00
A, 722032, 393640, 862712, 978923, 414991, 120613, 609529, 148358, 38.8, 43.0, 0.99
A, 721680, 393498, 862503, 978552, 414961, 120533, 609409, 148384, 38.8, 43.0, 1.00
A, 721927, 393557, 862853, 978757, 415034, 120549, 609428, 148377, 38.8, 43.0, 1.00
A, 721991, 393530, 862966, 978573, 414934, 120562, 609393, 148335, 38.8, 43.0, 0.99
A, 721642, 393420, 862648, 978164, 414870, 120566, 609328, 148293, 38.8, 43.0, 1.00
A, 721406, 393298, 862335, 977865, 414781, 120458, 609181, 148283, 38.8, 43.0, 1.00
A, 721514, 393298, 862754, 977922, 414747, 120496, 609237, 148311, 38.8, 43.0, 1.01
A, 721252, 393197, 862638, 977705, 414711, 120500, 609187, 148311, 38.8, 43.0, 0.99
A, 721383, 393186, 862926, 977870, 414733, 120459, 609145, 148360, 38.8, 43.0, 1.00
A, 721372, 393162, 862935, 977690, 414730, 120473, 609071, 148225, 38.8, 43.0, 0.99
A, 722741, 393296, 865136, 979477, 414913, 120575, 609372, 148597, 38.8, 43.0, 0.99
A, 722530, 393447, 864879, 979174, 415022, 120621, 609374, 148595, 38.8, 43.0, 1.00
A, 722017, 393294, 864243, 978047, 414829, 120568, 609140, 148357, 38.8, 43.0, 0.99
A, 721494, 393199, 863703, 977569, 414654, 120506, 609015, 148279, 38.8, 43.0, 1.00
A, 720591, 393050, 862302, 976023, 414506, 120429, 608786, 148008, 38.8, 43.0, 1.00
A, 719621, 392661, 861396, 975405, 414196, 120320, 608438, 147921, 38.8, 43.0, 1.00
A, 718964, 392629, 860739, 974854, 414143, 120326, 608393, 147942, 38.8, 43.0, 1.00
A, 719425, 392447, 861394, 975096, 414154, 120299, 608363, 148010, 38.8, 43.0, 0.99
A, 719405, 392352, 861193, 974696, 414109, 120261, 608326, 147940, 38.8, 43.0, 1.00
A, 719141, 392256, 861124, 974723, 414051, 120285, 608331, 148016, 38.8, 43.0, 0.99
A, 719682, 392273, 861811, 975225, 414150, 120315, 608377, 148045, 38.8, 43.0, 0.99
A, 719540, 392149, 861774, 975046, 414078, 120250, 608313, 148001, 38.8, 43.0, 1.00
A, 719714, 392245, 861896, 975126, 414111, 120320, 608332, 148068, 38.8, 43.0, 1.00
A, 719772, 392226, 862123, 975030, 414082, 120278, 608312, 148052, 38.8, 43.1, 1.00
A, 719658, 392225, 862044, 974817, 414074, 120265, 608237, 148006, 38.8, 43.1, 0.99
A, 719364, 392045, 861744, 974520, 414040, 120194, 608221, 147973, 38.8, 43.0, 1.00
A, 719374, 391995, 861895, 974619, 413942, 120263, 608166, 147972, 38.8, 43.0, 1.01
A, 719401, 392033, 862012, 974630, 413895, 120273, 608127, 147972, 38.8, 43.0, 1.00
A, 719217, 391991, 861842, 974421, 413934, 120211, 608130, 147997, 38.8, 43.0, 1.00
A, 719475, 391959, 862203, 974679, 414000, 120308, 608143, 148061, 38.8, 43.0, 1.00
A, 721356, 392289, 865005, 976799, 414414, 120434, 608616, 148389, 38.8, 43.0, 1.00
A, 720891, 392334, 864470, 976121, 414340, 120383, 608483, 148270, 38.8, 43.0, 1.00
A, 720669, 392253, 864088, 975902, 414249, 120373, 608370, 148244, 38.8, 43.0, 0.99
A, 719957, 392140, 863369, 974978, 414128, 120332, 608221, 148077, 38.8, 43.1, 0.99
A, 719604, 392030, 863089, 974703, 413922, 120288, 608063, 148046, 38.8, 43.1, 1.00
A, 719177, 392032, 862553, 973969, 413957, 120269, 608014, 147982, 38.8, 43.1, 1.00
A, 718631, 391797, 862091, 973563, 413753, 120208, 607825, 147845, 38.8, 43.1, 1.01
A, 718768, 391819, 862364, 973695, 413732, 120244, 607824, 147935, 38.8, 43.1, 1.00
A, 718817, 391710, 862351, 973591, 413741, 120192, 607783, 147919, 38.8, 43.1, 1.00
A, 718689, 391629, 862131, 973365, 413728, 120188, 607786, 147963, 38.8, 43.1, 1.00
A, 718958, 391655, 862705, 973667, 413747, 120205, 607801, 147967, 38.8, 43.0, 1.00
A, 718831, 391673, 862686, 973546, 413787, 120165, 607809, 147937, 38.8, 43.0, 1.00
A, 718719, 391597, 862521, 973204, 413659, 120185, 607715, 147853, 38.8, 43.1, 1.00
A, 718132, 391381, 861875, 972694, 413518, 120124, 607579, 147826, 38.8, 43.1, 1.00
A, 718409, 391449, 862359, 973003, 413614, 120203, 607627, 147904, 38.8, 43.1, 1.00
A, 718425, 391420, 862080, 972489, 413495, 120125, 607542, 147831, 38.8, 43.1, 1.00
A, 718182, 391275, 861989, 972251, 413504, 120110, 607489, 147744, 38.8, 43.1, 1.00
A, 717833, 391160, 861786, 972259, 413394, 120047, 607386, 147736, 38.8, 43.1, 1.00
A, 718123, 391230, 862130, 972483, 413462, 120014, 607477, 147832, 38.8, 43.1, 0.98
A, 718034, 391257, 861922, 972272, 413435, 120085, 607444, 147839, 38.8, 43.1, 1.00
A, 719731, 391427, 864536, 974318, 413767, 120276, 607869, 148242, 38.8, 43.1, 1.00
A, 719436, 391573, 864185, 973736, 413779, 120209, 607865, 148094, 38.8, 43.1, 1.00
A, 719102, 391515, 863714, 973340, 413718, 120219, 607638, 147976, 38.8, 43.1, 0.98
A, 718541, 391378, 863140, 972848, 413550, 120136, 607494, 147880, 38.8, 43.1, 1.00
A, 718096, 391328, 862629, 972215, 413507, 120061, 607352, 147804, 38.8, 43.1, 1.00
A, 717699, 391122, 862365, 971985, 413286, 120088, 607289, 147796, 38.8, 43.1, 1.01
A, 717556, 391158, 862038, 971603, 413344, 120061, 607223, 147699, 38.8, 43.1, 1.00
A, 717380, 391028, 861987, 971425, 413243, 120060, 607170, 147701, 38.8, 43.1, 1.00
A, 717494, 390977, 862035, 971383, 413240, 120057, 607161, 147719, 38.8, 43.1, 1.00
A, 717354, 390876, 861971, 971411, 413191, 120056, 607178, 147740, 38.8, 43.1, 1.00
A, 717301, 390857, 862073, 971315, 413138, 119968, 607068, 147679, 38.8, 43.1, 1.00
A, 717671, 390929, 862428, 971539, 413150, 120010, 607163, 147767, 38.8, 43.1, 1.00
A, 717689, 390939, 862446, 971308, 413176, 119984, 607105, 147730, 38.8, 43.1, 1.00
A, 717413, 390795, 862320, 971196, 413159, 119938, 607043, 147639, 38.8, 43.1, 1.01
A, 717466, 390809, 862447, 971382, 413206, 120022, 607086, 147696, 38.8, 43.1, 1.01
A, 717285, 390747, 861848, 970564, 413112, 119980, 606959, 147672, 38.8, 43.1, 1.00
A, 716591, 390559, 861263, 970036, 412885, 119882, 606793, 147564, 38.8, 43.1, 1.00
A, 717121, 390574, 861758, 970451, 413086, 119949, 606974, 147622, 38.8, 43.1, 1.00
A, 716844, 390641, 861669, 970417, 413004, 119937, 606884, 147597, 38.8, 43.1, 1.00
A, 717081, 390507, 861931, 970579, 413019, 119896, 606906, 147643, 38.8, 43.1, 1.00
A, 718658, 390765, 864250, 972665, 413335, 120099, 607303, 148074, 38.8, 43.1, 1.00
A, 718649, 391000, 864442, 972528, 413426, 120086, 607322, 148005, 38.8, 43.1, 0.99
A, 718421, 390966, 863887, 971717, 413341, 120090, 607216, 147864, 38.8, 43.1, 1.00
A, 717773, 390686, 863462, 971333, 413227, 119984, 607067, 147715, 38.8, 43.1, 1.00
A, 717691, 390817, 863375, 971440, 413215, 120008, 607054, 147801, 38.8, 43.1, 1.00
A, 717124, 390695, 862489, 970494, 413063, 119909, 606884, 147613, 38.8, 43.1, 1.00
A, 716926, 390588, 862448, 970288, 412967, 119912, 606755, 147671, 38.8, 43.1, 1.00
A, 716564, 390503, 862034, 969872, 412957, 119820, 606720, 147498, 38.8, 43.1, 1.00
A, 716391, 390477, 861780, 969579, 412852, 119860, 606636, 147532, 38.8, 43.1, 1.00
A, 716612, 390397, 862114, 969828, 412899, 119805, 606673, 147543, 38.8, 43.1, 1.00
A, 716485, 390370, 862098, 969821, 412845, 119858, 606673, 147479, 38.8, 43.1, 1.00
A, 716111, 390242, 861617, 969458, 412774, 119798, 606626, 147485, 38.8, 43.1, 1.00
A, 716344, 390236, 861977, 969651, 412784, 119863, 606644, 147601, 38.8, 43.1, 1.00
A, 716567, 390313, 862230, 969593, 412807, 119820, 606616, 147539, 38.8, 43.1, 1.00
A, 716463, 390196, 862008, 969378, 412791, 119847, 606586, 147481, 38.8, 43.1, 0.99
A, 716393, 390244, 862076, 969561, 412761, 119873, 606598, 147545, 38.8, 43.1, 1.00
A, 716451, 390192, 862024, 969473, 412745, 119777, 606512, 147505, 38.8, 43.1, 1.01
A, 716222, 390162, 861924, 969374, 412772, 119784, 606537, 147504, 38.8, 43.1, 1.00
A, 716467, 390230, 862334, 969612, 412816, 119823, 606580, 147634, 38.8, 43.1, 1.00
A, 716631, 390166, 862378, 969425, 412754, 119804, 606609, 147556, 38.8, 43.1, 0.99
A, 718055, 390350, 864622, 971464, 413039, 119940, 606915, 147913, 38.8, 43.1, 1.00
A, 717935, 390501, 864453, 971294, 413168, 120006, 606954, 147850, 38.8, 43.1, 1.00
A, 717454, 390407, 863978, 970778, 413035, 119935, 606832, 147797, 38.8, 43.1, 1.00
A, 717447, 390404, 864050, 970670, 413058, 119941, 606762, 147804, 38.8, 43.1, 1.01
A, 717222, 390411, 863640, 970180, 412952, 119882, 606679, 147606, 38.8, 43.1, 1.00
A, 716706, 390320, 863226, 969852, 412803, 119859, 606576, 147646, 38.8, 43.1, 1.00
A, 716446, 390272, 862835, 969419, 412821, 119776, 606492, 147542, 38.8, 43.1, 1.01
A, 716110, 390088, 862670, 969174, 412641, 119799, 606410, 147499, 38.8, 43.1, 1.00
A, 715869, 390047, 862054, 968631, 412677, 119776, 606364, 147439, 38.8, 43.1, 1.00
A, 715549, 389912, 861758, 967993, 412427, 119677, 606166, 147284, 38.8, 43.1, 1.00
A, 715655, 389887, 862088, 968511, 412525, 119726, 606226, 147402, 38.8, 43.1, 1.01
A, 715545, 389856, 861949, 968384, 412494, 119773, 606214, 147403, 38.7, 43.1, 1.00
A, 715466, 389804, 861702, 968198, 412490, 119745, 606231, 147371, 38.7, 43.1, 1.00
A, 715403, 389750, 861740, 968015, 412441, 119674, 606214, 147406, 38.8, 43.1, 1.00
A, 715502, 389733, 861869, 968061, 412533, 119670, 606222, 147391, 38.8, 43.1, 1.00
A, 715334, 389738, 861654, 967850, 412439, 119681, 606161, 147391, 38.8, 43.1, 1.00
A, 715606, 389745, 861991, 968134, 412483, 119657, 606191, 147405, 38.8, 43.1, 1.00
A, 715535, 389703, 861987, 968155, 412455, 119660, 606147, 147350, 38.8, 43.1, 1.00
A, 715430, 389581, 861861, 968095, 412481, 119697, 606159, 147416, 38.8, 43.1, 1.00
A, 715682, 389719, 862276, 968390, 412519, 119732, 606273, 147488, 38.8, 43.1, 1.00
A, 717614, 389972, 864917, 970658, 412909, 119887, 606701, 147857, 38.8, 43.1, 1.00
A, 717234, 390162, 864516, 970012, 412878, 119878, 606612, 147691, 38.8, 43.1, 1.00
A, 716984, 390128, 864266, 969946, 412780, 119780, 606548, 147728, 38.8, 43.1, 1.01
A, 716674, 390034, 863826, 969389, 412719, 119842, 606431, 147622, 38.8, 43.1, 1.00
A, 716628, 390041, 863907, 969376, 412725, 119820, 606376, 147643, 38.8, 43.1, 1.00
A, 716303, 389991, 863547, 968867, 412684, 119798, 606290, 147532, 38.8, 43.1, 0.99
A, 715753, 389828, 862907, 968285, 412495, 119702, 606097, 147393, 38.8, 43.1, 1.01
A, 715462, 389800, 862469, 967850, 412451, 119638, 606091, 147375, 38.8, 43.1, 1.01
A, 715163, 389643, 862265, 967732, 412361, 119714, 606002, 147375, 38.8, 43.1, 1.00
A, 715465, 389693, 862504, 967816, 412417, 119653, 606047, 147465, 38.8, 43.1, 0.99
A, 715425, 389686, 862634, 967828, 412419, 119668, 606072, 147483, 38.8, 43.1, 1.00
A, 715347, 389627, 862590, 967800, 412385, 119717, 606034, 147397, 38.8, 43.1, 1.00
A, 715247, 389569, 862385, 967542, 412354, 119716, 605981, 147380, 38.8, 43.1, 0.99
A, 715091, 389488, 862282, 967279, 412327, 119585, 605902, 147294, 38.8, 43.1, 1.00
A, 715206, 389552, 862524, 967641, 412353, 119605, 605926, 147380, 38.8, 43.1, 1.00
A, 715044, 389475, 862301, 967392, 412272, 119679, 605901, 147393, 38.8, 43.1, 1.00
A, 715218, 389487, 862541, 967576, 412339, 119616, 605985, 147431, 38.8, 43.1, 1.00
A, 715365, 389473, 862766, 967616, 412401, 119586, 605980, 147335, 38.8, 43.1, 1.00
A, 715160, 389466, 862488, 967284, 412290, 119639, 605952, 147328, 38.8, 43.1, 1.00
A, 714915, 389344, 862160, 967123, 412217, 119594, 605844, 147344, 38.8, 43.1, 1.00
A, 716681, 389694, 864389, 968684, 412587, 119735, 606259, 147752, 38.8, 43.1, 1.00
A, 716129, 389747, 863850, 968428, 412619, 119680, 606131, 147527, 38.8, 43.1, 1.00
A, 715576, 389589, 863135, 967773, 412405, 119661, 606021, 147410, 38.8, 43.1, 1.00
A, 715333, 389459, 863005, 967528, 412306, 119620, 605934, 147333, 38.8, 43.1, 1.00
A, 715322, 389477, 863152, 967746, 412356, 119620, 605883, 147369, 38.8, 43.1, 1.00
A, 715085, 389390, 862829, 967374, 412278, 119578, 605827, 147372, 38.8, 43.1, 0.99
A, 715227, 389432, 862703, 967192, 412304, 119575, 605841, 147395, 38.8, 43.1, 1.00
A, 714980, 389394, 862533, 967014, 412240, 119550, 605758, 147287, 38.8, 43.1, 1.00
A, 714412, 389354, 861849, 966309, 412133, 119550, 605701, 147188, 38.8, 43.1, 1.00
A, 714264, 389227, 861738, 966306, 412051, 119503, 605625, 147179, 38.8, 43.1, 1.00
A, 714423, 389260, 861987, 966626, 412080, 119575, 605679, 147295, 38.8, 43.1, 1.00
A, 714557, 389168, 862144, 966585, 412097, 119579, 605743, 147303, 38.7, 43.1, 1.00
A, 714633, 389085, 862016, 966313, 412134, 119507, 605689, 147252, 38.7, 43.1, 1.00
A, 714468, 389123, 861787, 966092, 411994, 119467, 605579, 147182, 38.8, 43.1, 1.01
A, 714026, 389061, 861433, 965955, 412010, 119438, 605575, 147171, 38.8, 43.1, 1.00
A, 714371, 389014, 861851, 966220, 412046, 119434, 605638, 147253, 38.8, 43.1, 0.99
A, 714200, 388986, 861782, 966142, 412017, 119521, 605616, 147253, 38.8, 43.1, 0.99
A, 714676, 389028, 862127, 966430, 412045, 119486, 605699, 147280, 38.7, 43.1, 1.00
A, 714670, 389068, 862300, 966369, 412102, 119449, 605676, 147270, 38.7, 43.1, 1.00
A, 714440, 388970, 862002, 966226, 412068, 119453, 605576, 147184, 38.7, 43.1, 1.01
A, 716002, 389232, 864167, 968101, 412316, 119621, 605982, 147619, 38.7, 43.1, 1.00
A, 715998, 389403, 864209, 968069, 412400, 119586, 606038, 147544, 38.7, 43.1, 1.00
A, 715634, 389397, 863827, 967753, 412457, 119626, 605944, 147491, 38.7, 43.1, 0.99
A, 715577, 389343, 863935, 967775, 412369, 119651, 605920, 147558, 38.7, 43.1, 1.00
A, 715439, 389352, 863724, 967333, 412353, 119577, 605844, 147422, 38.7, 43.1, 1.00
A, 715003, 389267, 863194, 967003, 412220, 119532, 605779, 147273, 38.7, 43.1, 1.00
A, 714902, 389238, 863116, 966919, 412191, 119562, 605748, 147392, 38.7, 43.1, 1.00
A, 714580, 389145, 862664, 966291, 412139, 119510, 605675, 147199, 38.7, 43.1, 1.01
A, 714318, 389054, 862311, 966180, 412009, 119467, 605552, 147221, 38.7, 43.1, 1.00
A, 714210, 389064, 861991, 965692, 412011, 119418, 605563, 147162, 38.8, 43.1, 1.00
A, 713982, 388912, 861991, 965594, 411846, 119387, 605430, 147060, 38.8, 43.1, 0.99
A, 714151, 388917, 862243, 965965, 411933, 119466, 605515, 147146, 38.8, 43.1, 0.99
A, 714039, 388878, 862132, 965836, 411961, 119420, 605428, 147146, 38.7, 43.1, 1.00
A, 713751, 388882, 861550, 965289, 411887, 119380, 605407, 147104, 38.7, 43.1, 1.00
A, 714150, 388896, 862117, 965720, 411946, 119380, 605487, 147208, 38.8, 43.1, 0.99
A, 714207, 388882, 862292, 965985, 411978, 119364, 605519, 147210, 38.8, 43.1, 1.00
A, 714073, 388850, 862146, 965756, 411931, 119360, 605430, 147135, 38.7, 43.1, 1.00
A, 714278, 388859, 862349, 965860, 411942, 119382, 605468, 147221, 38.7, 43.1, 1.00
A, 714182, 388795, 862320, 965782, 411944, 119419, 605484, 147193, 38.7, 43.1, 1.00
A, 714192, 388879, 862116, 965564, 411950, 119343, 605451, 147131, 38.7, 43.1, 1.00
A, 715719, 389048, 864272, 967384, 412223, 119508, 605808, 147538, 38.7, 43.1, 1.00
A, 715589, 389175, 864298, 967519, 412235, 119476, 605844, 147437, 38.7, 43.1, 0.99
A, 715108, 389127, 863781, 967039, 412141, 119481, 605674, 147411, 38.7, 43.1, 1.01
A, 714802, 389041, 863224, 966437, 412043, 119435, 605618, 147302, 38.7, 43.1, 1.00
A, 714892, 389024, 863407, 966595, 412140, 119494, 605636, 147283, 38.8, 43.1, 1.00
A, 714642, 389015, 863251, 966255, 412073, 119449, 605565, 147273, 38.8, 43.1, 1.00
A, 713735, 388858, 862076, 965292, 411862, 119395, 605346, 147073, 38.8, 43.1, 1.00
A, 713909, 388794, 862384, 965410, 411836, 119358, 605349, 147118, 38.8, 43.1, 1.00
A, 713583, 388792, 861906, 964993, 411850, 119315, 605304, 147078, 38.8, 43.1, 1.00
A, 713425, 388713, 861716, 965000, 411759, 119332, 605251, 147111, 38.8, 43.1, 1.00
A, 713358, 388709, 861558, 964687, 411792, 119303, 605297, 147027, 38.8, 43.1, 1.00
A, 713341, 388595, 861386, 964610, 411678, 119276, 605169, 146973, 38.8, 43.1, 1.00
A, 713365, 388587, 861702, 964896, 411675, 119319, 605272, 147090, 38.8, 43.1, 1.00
A, 713405, 388608, 861731, 964917, 411752, 119270, 605250, 147092, 38.8, 43.1, 1.00
A, 712949, 388405, 861031, 964283, 411599, 119242, 605156, 146982, 38.8, 43.1, 1.00
A, 711656, 388357, 859761, 963340, 411542, 119163, 605004, 146824, 38.8, 43.1, 1.00
A, 712787, 388270, 860576, 963796, 411513, 119132, 605024, 146845, 38.8, 43.1, 1.01
A, 712945, 388232, 860806, 963900, 411553, 119129, 605107, 146969, 38.8, 43.1, 1.00
A, 713169, 388311, 861267, 964460, 411707, 119179, 605216, 147022, 38.8, 43.1, 1.00
A, 713280, 388334, 861391, 964637, 411678, 119232, 605275, 147027, 38.8, 43.1, 1.00
A, 715090, 388568, 863537, 966695, 412066, 119404, 605606, 147482, 38.8, 43.1, 1.00
A, 715215, 388848, 863917, 966680, 412135, 119411, 605745, 147410, 38.8, 43.1, 1.00
A, 714991, 388808, 863710, 966558, 412109, 119369, 605666, 147351, 38.8, 43.1, 0.99
A, 714618, 388730, 863271, 966193, 411998, 119364, 605553, 147287, 38.7, 43.1, 1.00
A, 714442, 388706, 863199, 965958, 411994, 119341, 605538, 147249, 38.7, 43.1, 1.00
A, 714426, 388697, 863208, 966003, 411951, 119342, 605449, 147211, 38.8, 43.1, 1.00
A, 714325, 388678, 862860, 965573, 411913, 119344, 605456, 147142, 38.8, 43.1, 1.00
A, 714044, 388608, 862544, 965090, 411841, 119293, 605323, 147136, 38.8, 43.1, 1.00
A, 714036, 388662, 862712, 965414, 411824, 119281, 605384, 147127, 38.8, 43.1, 1.00
A, 713436, 388510, 861917, 964730, 411708, 119249, 605285, 147008, 38.8, 43.1, 1.00
A, 713470, 388487, 861810, 964650, 411693, 119213, 605205, 147066, 38.8, 43.1, 1.00
A, 713208, 388485, 861652, 964324, 411696, 119243, 605188, 146942, 38.8, 43.1, 1.00
A, 713034, 388297, 861434, 964166, 411596, 119206, 605173, 147001, 38.8, 43.1, 1.00
A, 713139, 388321, 861499, 964250, 411600, 119163, 605145, 146969, 38.8, 43.1, 1.00
A, 713238, 388343, 861675, 964255, 411629, 119162, 605159, 146989, 38.7, 43.1, 1.00
A, 713221, 388338, 861716, 964444, 411680, 119189, 605136, 147030, 38.7, 43.1, 0.99
A, 713513, 388366, 862105, 964827, 411750, 119231, 605243, 147098, 38.8, 43.1, 1.01
A, 713634, 388436, 862190, 964746, 411770, 119173, 605251, 147047, 38.8, 43.1, 1.00
A, 713441, 388301, 862033, 964524, 411648, 119148, 605251, 146949, 38.7, 43.1, 1.00
A, 713519, 388331, 862249, 964828, 411756, 119275, 605228, 147041, 38.7, 43.1, 1.00
A, 715202, 388597, 864525, 966904, 412081, 119366, 605651, 147460, 38.8, 43.1, 1.00
A, 715246, 388844, 864634, 966813, 412150, 119406, 605648, 147434, 38.8, 43.1, 1.00
A, 714981, 388814, 864381, 966608, 412014, 119425, 605589, 147369, 38.8, 43.1, 1.01
A, 714855, 388760, 864105, 966114, 412010, 119370, 605516, 147311, 38.8, 43.1, 0.99
A, 714303, 388701, 863577, 965558, 411966, 119351, 605428, 147188, 38.8, 43.1, 1.00
A, 714081, 388691, 863470, 965627, 411920, 119304, 605362, 147218, 38.8, 43.1, 1.00
A, 713833, 388661, 863145, 965209, 411747, 119260, 605339, 147099, 38.7, 43.1, 1.00
A, 713877, 388584, 863046, 965075, 411797, 119178, 605256, 147027, 38.7, 43.1, 1.00
A, 713588, 388517, 862651, 964640, 411799, 119205, 605208, 147008, 38.8, 43.1, 1.00
A, 713424, 388439, 862739, 964817, 411711, 119193, 605183, 147076, 38.8, 43.1, 1.00
A, 713051, 388432, 862080, 963963, 411642, 119149, 605071, 146953, 38.8, 43.1, 1.00
A, 712909, 388288, 861953, 964036, 411479, 119130, 604980, 146861, 38.8, 43.1, 1.00
A, 712353, 388300, 861255, 963380, 411547, 119087, 604964, 146887, 38.8, 43.1, 1.00
A, 712270, 388124, 860890, 962874, 411443, 119056, 604808, 146785, 38.8, 43.1, 1.00
A, 712380, 388063, 861261, 963405, 411378, 119101, 604890, 146848, 38.8, 43.1, 1.01
A, 712462, 388056, 861282, 963384, 411417, 119091, 604888, 146828, 38.8, 43.1, 1.00
A, 712401, 388021, 861249, 963411, 411368, 119103, 604831, 146915, 38.8, 43.1, 1.00
A, 712917, 388094, 861819, 963845, 411554, 119121, 605030, 146980, 38.8, 43.1, 1.00
A, 712985, 388163, 861919, 963781, 411526, 119093, 605051, 146959, 38.8, 43.1, 1.01
A, 712792, 388076, 861722, 963591, 411524, 119041, 604972, 146965, 38.8, 43.2, 1.00
M, 710963, 387903, 858163, 959882, 411154, 118670, 604467, 145990, 38.8, 43.2, 0.12
M, 702820, 385943, 847278, 950510, 408885, 117852, 601645, 144225, 38.8, 43.1, 0.60
M, 695291, 383615, 836160, 940718, 406491, 116942, 598922, 142550, 38.8, 43.1, 0.73
M, 689718, 381683, 827410, 933328, 404880, 116208, 597499, 141360, 38.8, 43.2, 0.82
M, 685378, 380076, 820602, 927853, 403976, 115569, 596882, 140471, 38.8, 43.2, 0.89
M, 682451, 378827, 814735, 923320, 403384, 115050, 596727, 139762, 38.8, 43.3, 0.93
M, 680041, 377654, 809713, 919788, 402950, 114566, 596735, 139248, 38.8, 43.3, 0.96
M, 678820, 376612, 805812, 917442, 402766, 114237, 596826, 138861, 38.8, 43.4, 0.97
M, 677816, 375701, 801962, 915155, 402590, 113787, 597097, 138491, 38.8, 43.4, 0.98
M, 677263, 374791, 798701, 913800, 402442, 113491, 597256, 138287, 38.8, 43.4, 0.99
M, 677349, 374163, 796575, 913342, 402549, 113254, 597546, 138148, 38.8, 43.4, 0.98
M, 677496, 373504, 793945, 912659, 402677, 112953, 597930, 137960, 38.8, 43.4, 1.00
M, 677825, 372985, 792597, 912818, 402744, 112854, 598228, 138013, 38.8, 43.4, 1.00
M, 679016, 372439, 790872, 913183, 403007, 112589, 598904, 137892, 38.8, 43.5, 0.98
M, 679732, 372145, 790051, 913913, 403218, 112563, 599237, 137945, 38.8, 43.5, 0.99
M, 680795, 371883, 789351, 914867, 403562, 112445, 599788, 138074, 38.8, 43.5, 0.99
M, 681982, 371625, 788809, 916060, 403920, 112382, 600360, 138149, 38.8, 43.5, 1.00
M, 683255, 371477, 788328, 916990, 404173, 112309, 600908, 138252, 38.8, 43.5, 1.01
M, 684851, 371412, 788440, 918749, 404637, 112205, 601521, 138291, 38.8, 43.5, 0.99
M, 686233, 371302, 788167, 920238, 405098, 112209, 602238, 138395, 38.8, 43.5, 0.99
M, 689176, 371472, 790100, 923501, 405838, 112334, 603213, 138806, 38.8, 43.5, 1.00
M, 690357, 371677, 790013, 924815, 406350, 112311, 603874, 138902, 38.8, 43.5, 1.00
M, 691213, 371653, 789510, 925874, 406659, 112245, 604364, 138905, 38.8, 43.5, 1.00
M, 692409, 371654, 789057, 926782, 407040, 112228, 604917, 138964, 38.8, 43.5, 1.00
M, 693196, 371681, 788749, 927842, 407336, 112208, 605313, 138934, 38.8, 43.5, 1.00
M, 694007, 371699, 788477, 929046, 407703, 112199, 605799, 139010, 38.8, 43.5, 1.00
M, 695106, 371820, 788537, 930419, 408093, 112166, 606430, 139136, 38.8, 43.5, 1.01
M, 696017, 371879, 788475, 931432, 408413, 112176, 606873, 139178, 38.8, 43.5, 1.01
M, 697390, 372138, 788877, 933173, 408923, 112271, 607506, 139320, 38.8, 43.5, 1.00
M, 698385, 372303, 788866, 934328, 409392, 112193, 608032, 139405, 38.8, 43.5, 1.00
M, 699391, 372514, 788754, 935400, 409716, 112229, 608533, 139387, 38.8, 43.5, 0.99
M, 700364, 372658, 789055, 936849, 410115, 112231, 609041, 139505, 38.8, 43.5, 1.00
M, 700986, 372873, 788765, 937765, 410520, 112305, 609580, 139563, 38.8, 43.5, 1.00
M, 701683, 373025, 788740, 938585, 410786, 112278, 609953, 139654, 38.8, 43.5, 1.00
M, 702773, 373354, 788813, 940031, 411285, 112354, 610538, 139658, 38.8, 43.6, 1.01
M, 703340, 373467, 788879, 940731, 411449, 112247, 610846, 139722, 38.8, 43.6, 0.99
M, 704439, 373672, 789168, 942051, 411842, 112303, 611314, 139780, 38.8, 43.6, 1.01
M, 705182, 373954, 789407, 943248, 412228, 112345, 611813, 139917, 38.8, 43.5, 1.01
M, 705944, 374082, 789607, 944325, 412537, 112402, 612202, 139988, 38.8, 43.5, 1.00
M, 707038, 374466, 790134, 945790, 412947, 112414, 612741, 140173, 38.8, 43.6, 1.01
M, 709928, 375065, 793028, 949067, 413784, 112640, 613744, 140567, 38.8, 43.6, 1.00
M, 710310, 375470, 792812, 949810, 414068, 112631, 614005, 140540, 38.8, 43.6, 1.00
M, 710748, 375671, 792727, 950591, 414365, 112651, 614373, 140564, 38.8, 43.6, 1.01
M, 711102, 375994, 792539, 951172, 414550, 112685, 614610, 140613, 38.8, 43.6, 0.99
M, 711508, 376096, 792428, 951605, 414739, 112636, 614847, 140571, 38.8, 43.6, 0.99
M, 712231, 376343, 792759, 952711, 415028, 112652, 615206, 140656, 38.8, 43.6, 1.00
M, 712534, 376672, 792317, 952659, 415240, 112668, 615481, 140532, 38.8, 43.6, 1.00
M, 712773, 376795, 792021, 953516, 415493, 112648, 615764, 140601, 38.8, 43.6, 0.99
M, 713085, 377093, 792209, 954247, 415657, 112726, 616060, 140647, 38.8, 43.6, 1.01
M, 713857, 377294, 792603, 955248, 416004, 112762, 616423, 140748, 38.8, 43.6, 0.99
M, 714485, 377607, 792590, 955754, 416225, 112747, 616725, 140727, 38.8, 43.6, 1.00
M, 714870, 377794, 792515, 956466, 416477, 112755, 616940, 140715, 38.8, 43.6, 0.99
M, 715204, 378066, 792743, 957374, 416641, 112740, 617298, 140833, 38.8, 43.6, 1.00
M, 715489, 378332, 792329, 957599, 416860, 112797, 617490, 140756, 38.8, 43.6, 1.00
M, 715456, 378262, 792143, 957784, 416940, 112725, 617636, 140792, 38.8, 43.6, 1.00
M, 716020, 378605, 792306, 958681, 417273, 112794, 618047, 140811, 38.8, 43.6, 1.00
M, 716358, 378700, 792193, 958955, 417408, 112798, 618231, 140820, 38.8, 43.6, 1.00
M, 717109, 378992, 792930, 960308, 417648, 112819, 618525, 140956, 38.8, 43.6, 1.01
M, 717683, 379257, 793243, 961108, 417812, 112884, 618850, 141013, 38.8, 43.6, 1.01
M, 718169, 379501, 793337, 961785, 418081, 112887, 619049, 141126, 38.8, 43.6, 1.00
M, 720525, 380079, 796092, 964879, 418740, 113110, 619819, 141663, 38.8, 43.6, 1.00
M, 720998, 380501, 796213, 965098, 419002, 113160, 620048, 141505, 38.8, 43.6, 1.00
M, 720913, 380646, 795836, 965206, 419048, 113076, 620232, 141393, 38.8, 43.6, 1.00
M, 720928, 380684, 795529, 965597, 419132, 113150, 620273, 141430, 38.8, 43.6, 1.01
M, 721338, 380977, 795856, 966147, 419341, 113179, 620470, 141486, 38.8, 43.6, 1.00
M, 721569, 381097, 795770, 966604, 419429, 113170, 620746, 141483, 38.8, 43.6, 1.01
M, 721960, 381403, 796210, 967410, 419631, 113208, 620943, 141572, 38.8, 43.6, 1.00
M, 722392, 381594, 796382, 967740, 419803, 113188, 621136, 141484, 38.8, 43.6, 1.01
M, 722510, 381774, 796326, 968040, 419919, 113262, 621301, 141565, 38.8, 43.6, 1.00
M, 722583, 381900, 796203, 968458, 419993, 113256, 621408, 141549, 38.8, 43.6, 0.99
M, 722975, 382162, 796398, 969187, 420129, 113290, 621667, 141686, 38.8, 43.6, 1.01
M, 723311, 382302, 796577, 969492, 420321, 113275, 621858, 141704, 38.8, 43.6, 1.00
M, 723807, 382616, 796937, 970225, 420625, 113361, 622055, 141678, 38.8, 43.6, 0.99
M, 723946, 382744, 796833, 970338, 420625, 113349, 622216, 141689, 38.8, 43.6, 1.00
M, 724014, 382913, 796702, 970695, 420780, 113357, 622333, 141724, 38.8, 43.6, 1.01
M, 724096, 383008, 796761, 971040, 420820, 113444, 622483, 141726, 38.8, 43.6, 1.00
M, 724577, 383115, 797162, 971681, 420963, 113375, 622625, 141824, 38.8, 43.6, 0.99
M, 724902, 383351, 797339, 972264, 421056, 113461, 622833, 141881, 38.8, 43.6, 1.01
M, 725252, 383555, 797669, 972651, 421236, 113434, 622952, 141838, 38.8, 43.6, 1.00
M, 725354, 383625, 797519, 972816, 421368, 113454, 623094, 141814, 38.8, 43.6, 0.99
M, 727102, 383991, 799653, 975286, 421752, 113639, 623646, 142269, 38.8, 43.6, 1.01
M, 727462, 384447, 799867, 975653, 421965, 113683, 623896, 142215, 38.8, 43.6, 1.00
M, 727357, 384476, 799789, 975753, 422047, 113710, 623921, 142267, 38.8, 43.6, 1.00
M, 727600, 384692, 799982, 976231, 422140, 113672, 624074, 142261, 38.8, 43.6, 1.00
M, 727750, 384798, 799912, 976394, 422279, 113661, 624141, 142205, 38.8, 43.6, 0.99
M, 727649, 384936, 799696, 976371, 422258, 113663, 624124, 142175, 38.8, 43.6, 1.00
M, 727515, 384988, 799546, 976476, 422370, 113672, 624265, 142257, 38.8, 43.6, 1.00
M, 727796, 385151, 799769, 976972, 422431, 113721, 624465, 142269, 38.8, 43.6, 0.99
M, 727924, 385223, 799715, 977061, 422503, 113701, 624469, 142255, 38.8, 43.6, 1.00
M, 728231, 385404, 800158, 977685, 422615, 113730, 624550, 142263, 38.8, 43.6, 1.00
M, 728395, 385533, 800221, 977959, 422741, 113804, 624766, 142295, 38.8, 43.6, 1.00
M, 728450, 385635, 800111, 978003, 422773, 113730, 624837, 142306, 38.8, 43.6, 0.99
M, 728784, 385763, 800454, 978566, 422939, 113853, 624972, 142333, 38.8, 43.6, 1.00
M, 728619, 385905, 800129, 978484, 423035, 113861, 625076, 142276, 38.8, 43.6, 0.99
M, 728808, 385966, 800168, 978522, 422987, 113867, 625113, 142257, 38.8, 43.6, 1.01
M, 728670, 386098, 799652, 977988, 422978, 113695, 625135, 142233, 38.8, 43.6, 1.01
M, 728426, 385996, 799734, 978804, 422993, 113793, 625177, 142286, 38.8, 43.6, 0.99
M, 729033, 386048, 800150, 979243, 423131, 113824, 625392, 142454, 38.8, 43.6, 1.00
M, 729316, 386265, 800477, 979741, 423235, 113834, 625525, 142426, 38.8, 43.6, 1.00
M, 729533, 386396, 800677, 980016, 423329, 113943, 625595, 142442, 38.8, 43.6, 1.00
M, 730948, 386606, 802555, 982225, 423683, 114078, 626068, 142824, 38.8, 43.6, 1.01
M, 731472, 387048, 803135, 982647, 423940, 114059, 626295, 142801, 38.8, 43.6, 1.00
M, 731271, 387064, 802820, 982642, 423880, 114018, 626242, 142679, 38.9, 43.6, 1.00
M, 731321, 387155, 802787, 982817, 423974, 114156, 626308, 142792, 38.9, 43.6, 1.00
M, 731323, 387256, 802827, 982925, 424067, 114130, 626401, 142766, 38.8, 43.6, 1.00
M, 731484, 387385, 802742, 982880, 424094, 114077, 626424, 142715, 38.8, 43.6, 1.00
M, 731191, 387379, 802454, 982709, 424056, 114077, 626398, 142647, 38.8, 43.6, 1.00
M, 731282, 387426, 802541, 983026, 424132, 114120, 626511, 142746, 38.8, 43.6, 1.00
M, 731312, 387566, 802550, 983108, 424110, 114082, 626560, 142676, 38.9, 43.6, 1.00
M, 731340, 387527, 802538, 983355, 424220, 114141, 626619, 142720, 38.9, 43.6, 1.00
M, 731723, 387687, 803084, 983931, 424312, 114179, 626793, 142806, 38.8, 43.6, 0.99
M, 731888, 387736, 803075, 983812, 424328, 114168, 626879, 142755, 38.8, 43.6, 0.99
M, 731817, 387803, 803086, 984029, 424341, 114216, 626881, 142754, 38.9, 43.6, 1.00
M, 731880, 387902, 803171, 984506, 424467, 114197, 627000, 142773, 38.9, 43.6, 1.00
M, 731514, 387894, 802405, 983817, 424431, 114135, 626931, 142748, 38.9, 43.6, 1.01
M, 731579, 387868, 802762, 984067, 424384, 114133, 626900, 142738, 38.9, 43.6, 1.01
M, 731710, 388015, 802689, 984288, 424617, 114245, 627108, 142756, 38.9, 43.6, 0.99
M, 731827, 388014, 802810, 984371, 424506, 114220, 627142, 142746, 38.9, 43.6, 0.99
M, 732210, 388055, 803213, 985025, 424605, 114194, 627194, 142860, 38.9, 43.6, 1.00
M, 732384, 388103, 803495, 985430, 424737, 114279, 627351, 142864, 38.9, 43.6, 1.00
M, 733891, 388471, 805568, 987519, 425103, 114409, 627841, 143330, 38.9, 43.6, 1.01
M, 734323, 388769, 805961, 987850, 425321, 114471, 627990, 143281, 38.9, 43.6, 1.00
M, 734409, 388860, 806052, 987863, 425337, 114516, 627976, 143199, 38.9, 43.6, 1.00
M, 734141, 388814, 805715, 987732, 425304, 114489, 627919, 143159, 38.9, 43.6, 1.00
M, 733890, 388889, 805318, 987556, 425247, 114466, 627901, 143104, 38.9, 43.6, 1.01
M, 734061, 388941, 805720, 987781, 425304, 114495, 628049, 143226, 38.9, 43.6, 1.00
M, 734033, 388985, 805690, 987954, 425334, 114443, 628004, 143150, 38.9, 43.6, 1.01
M, 734160, 389126, 805909, 988239, 425418, 114540, 628172, 143180, 38.9, 43.6, 0.99
M, 734373, 389196, 806091, 988252, 425468, 114557, 628149, 143111, 38.9, 43.6, 1.00
M, 734175, 389220, 805898, 988296, 425371, 114461, 628169, 143153, 38.9, 43.6, 1.00
M, 733999, 389193, 805758, 988354, 425420, 114570, 628166, 143133, 38.9, 43.6, 1.00
M, 734231, 389298, 806115, 988685, 425505, 114578, 628311, 143193, 38.9, 43.6, 1.02
M, 734467, 389268, 806206, 988579, 425554, 114521, 628301, 143165, 38.9, 43.6, 1.00
M, 734166, 389267, 805913, 988508, 425504, 114495, 628296, 143179, 38.9, 43.6, 1.02
M, 734431, 389433, 806187, 988860, 425571, 114537, 628388, 143241, 38.9, 43.6, 1.00
M, 734147, 389386, 805859, 988558, 425617, 114536, 628395, 143147, 38.9, 43.6, 1.01
M, 734151, 389368, 805958, 988815, 425578, 114553, 628399, 143185, 38.9, 43.6, 1.00
M, 734139, 389494, 805780, 988552, 425685, 114567, 628404, 143181, 38.9, 43.6, 0.99
M, 734084, 389390, 805848, 988605, 425611, 114571, 628453, 143096, 38.9, 43.6, 1.01
M, 734258, 389402, 806186, 989116, 425700, 114563, 628513, 143199, 38.9, 43.6, 1.01
M, 736224, 389778, 808651, 991587, 426085, 114711, 629077, 143587, 38.9, 43.6, 1.00
M, 736155, 390017, 808474, 991323, 426210, 114740, 629067, 143540, 38.9, 43.6, 1.00
M, 736257, 389993, 808695, 991458, 426227, 114817, 629118, 143590, 38.9, 43.6, 1.00
M, 735649, 389986, 807897, 990674, 426084, 114778, 628950, 143396, 38.9, 43.6, 0.99
M, 735440, 389999, 807831, 990659, 426039, 114743, 628945, 143402, 38.9, 43.6, 1.01
M, 735491, 389960, 808030, 991158, 426126, 114771, 628952, 143412, 38.9, 43.6, 1.01
M, 735516, 389978, 807977, 991071, 426079, 114733, 629080, 143397, 38.9, 43.6, 0.99
M, 735166, 389959, 807671, 990834, 426079, 114776, 629030, 143404, 38.9, 43.6, 1.00
M, 735444, 390069, 808072, 991221, 426196, 114809, 629038, 143412, 38.9, 43.6, 1.00
M, 735603, 390124, 808299, 991311, 426176, 114792, 629121, 143405, 38.9, 43.6, 1.00
M, 735496, 390056, 808232, 991227, 426174, 114770, 629155, 143451, 38.9, 43.6, 1.01
M, 735534, 390017, 808138, 990975, 426153, 114758, 629111, 143389, 38.9, 43.6, 1.00
M, 735550, 390127, 808354, 991336, 426250, 114820, 629159, 143507, 38.9, 43.6, 1.01
M, 735671, 390135, 808421, 991613, 426257, 114869, 629221, 143484, 38.9, 43.6, 1.01
M, 736022, 390227, 808757, 991825, 426415, 114887, 629401, 143542, 38.9, 43.6, 1.01
M, 735802, 390244, 808682, 991932, 426371, 114821, 629343, 143471, 38.9, 43.6, 1.01
M, 735616, 390227, 808346, 991545, 426312, 114800, 629343, 143442, 38.9, 43.6, 0.99
M, 735464, 390219, 808274, 991664, 426301, 114844, 629352, 143504, 38.9, 43.6, 1.00
M, 735532, 390323, 808282, 991633, 426424, 114808, 629420, 143444, 38.9, 43.6, 1.01
M, 735658, 390276, 808347, 991558, 426367, 114864, 629393, 143467, 38.9, 43.6, 1.00
M, 737423, 390553, 810897, 994169, 426763, 115041, 629835, 143883, 38.9, 43.6, 0.99
M, 737445, 390778, 810806, 993920, 426861, 115036, 629897, 143764, 38.9, 43.6, 1.00
M, 737147, 390682, 810599, 993833, 426790, 115060, 629842, 143800, 38.9, 43.6, 1.00
M, 736347, 390726, 809943, 993310, 426775, 115056, 629830, 143701, 38.9, 43.6, 1.00
M, 736870, 390687, 810019, 993188, 426775, 115005, 629795, 143694, 38.9, 43.6, 1.00
M, 736635, 390646, 810042, 993091, 426681, 115023, 629749, 143614, 38.9, 43.6, 1.00
M, 736651, 390665, 810330, 993518, 426765, 115080, 629822, 143668, 38.9, 43.6, 1.00
M, 736620, 390728, 810261, 993525, 426758, 115056, 629817, 143655, 38.9, 43.6, 1.00
M, 736865, 390786, 810530, 993755, 426802, 115045, 629910, 143754, 38.9, 43.6, 1.01
M, 736956, 390752, 810704, 993796, 426841, 115119, 629954, 143708, 38.9, 43.6, 1.00
M, 737017, 390908, 810722, 993873, 426908, 115060, 630012, 143765, 38.9, 43.6, 0.99
M, 736892, 390884, 810626, 993774, 426844, 115036, 629950, 143728, 38.9, 43.6, 1.01
M, 736833, 390828, 810662, 993896, 426849, 115093, 629979, 143777, 38.9, 43.6, 0.99
M, 736991, 390846, 811012, 994296, 426951, 115136, 630114, 143811, 38.9, 43.6, 1.01
M, 736968, 390964, 810971, 994235, 426964, 115163, 630068, 143757, 38.9, 43.6, 1.00
M, 737096, 390962, 811141, 994006, 427000, 115126, 630085, 143745, 38.9, 43.6, 1.00
M, 736944, 390913, 811192, 994208, 426917, 115164, 630103, 143784, 38.9, 43.6, 0.99
M, 736850, 391093, 810945, 994164, 427008, 115214, 630160, 143725, 38.9, 43.6, 0.99
M, 736928, 390902, 811023, 994186, 426981, 115133, 630108, 143749, 38.9, 43.6, 1.01
M, 737206, 390965, 811613, 994675, 427075, 115224, 630271, 143875, 38.9, 43.6, 0.99
M, 739111, 391323, 814068, 997091, 427422, 115382, 630696, 144298, 38.9, 43.6, 1.00
M, 739079, 391502, 813950, 996657, 427518, 115353, 630764, 144106, 38.9, 43.6, 1.00
M, 738614, 391489, 813515, 996222, 427448, 115289, 630621, 144045, 38.9, 43.6, 1.00
M, 738343, 391394, 813217, 996184, 427426, 115392, 630580, 144001, 38.9, 43.6, 1.00
M, 738312, 391447, 813455, 996298, 427484, 115369, 630551, 144025, 38.9, 43.6, 1.00
M, 738244, 391463, 813310, 996081, 427406, 115338, 630611, 144073, 38.9, 43.6, 1.00
M, 738420, 391521, 813753, 996462, 427503, 115389, 630718, 144048, 38.9, 43.6, 1.01
M, 738217, 391539, 813734, 996411, 427524, 115459, 630669, 144048, 38.9, 43.6, 1.01
M, 738139, 391549, 813418, 996138, 427359, 115371, 630600, 144006, 38.9, 43.6, 0.99
M, 738044, 391460, 813452, 996140, 427408, 115428, 630606, 143983, 38.9, 43.6, 1.00
M, 738218, 391591, 813838, 996476, 427439, 115455, 630661, 144081, 38.9, 43.6, 1.00
M, 738170, 391597, 813529, 996112, 427445, 115450, 630637, 144018, 38.9, 43.6, 1.00
M, 737993, 391543, 813396, 995710, 427385, 115409, 630576, 143954, 38.9, 43.6, 1.00
M, 737573, 391431, 813169, 995746, 427305, 115426, 630581, 143884, 38.9, 43.6, 1.00
M, 737865, 391494, 813602, 996146, 427331, 115352, 630601, 143919, 38.9, 43.6, 1.00
M, 737111, 391323, 812575, 995160, 427206, 115344, 630466, 143837, 38.9, 43.6, 1.00
M, 736852, 391287, 811183, 993033, 427191, 115280, 630410, 143619, 38.9, 43.6, 0.99
M, 736440, 391059, 811758, 994340, 426999, 115309, 630275, 143771, 38.9, 43.6, 1.00
M, 736261, 391073, 811495, 993972, 427027, 115226, 630343, 143735, 38.9, 43.6, 0.99
M, 736315, 391058, 811763, 994475, 427016, 115352, 630295, 143735, 38.9, 43.6, 1.01
M, 738582, 391247, 814541, 997169, 427502, 115533, 630856, 144307, 38.9, 43.6, 1.00
M, 738739, 391526, 814819, 997273, 427698, 115484, 631022, 144223, 38.9, 43.6, 1.00
M, 738947, 391639, 814989, 997256, 427727, 115537, 631003, 144156, 38.9, 43.6, 1.01
M, 738752, 391613, 814717, 996969, 427678, 115550, 630988, 144123, 38.9, 43.6, 1.00
M, 738490, 391613, 814546, 997058, 427613, 115561, 630973, 144163, 38.9, 43.6, 0.99
M, 738606, 391651, 814952, 997317, 427737, 115563, 630970, 144157, 38.9, 43.6, 0.99
M, 738523, 391599, 814854, 997214, 427593, 115564, 631043, 144212, 38.9, 43.6, 1.00
M, 738793, 391687, 815310, 997672, 427770, 115569, 631108, 144220, 38.9, 43.6, 1.00
M, 738959, 391722, 815341, 997379, 427675, 115559, 631117, 144175, 38.9, 43.6, 1.00
M, 738759, 391763, 815257, 997159, 427703, 115537, 631093, 144129, 38.9, 43.6, 1.00
M, 738781, 391681, 815478, 997615, 427692, 115587, 631114, 144160, 38.9, 43.6, 1.00
M, 738687, 391699, 815416, 997658, 427661, 115627, 631105, 144166, 38.9, 43.6, 1.01
M, 738641, 391680, 815341, 997555, 427671, 115597, 631126, 144227, 38.9, 43.6, 1.00
M, 738949, 391795, 815891, 997804, 427820, 115627, 631166, 144281, 38.9, 43.6, 0.99
M, 738891, 391736, 816040, 997959, 427799, 115629, 631218, 144211, 38.9, 43.6, 1.01
M, 738843, 391791, 815917, 997728, 427816, 115634, 631216, 144217, 38.9, 43.6, 1.01
M, 739040, 391843, 816316, 998157, 427806, 115681, 631244, 144226, 38.9, 43.6, 0.99
M, 738795, 391812, 815920, 997773, 427853, 115611, 631211, 144224, 38.9, 43.6, 1.00
M, 738513, 391734, 815889, 997790, 427769, 115585, 631189, 144264, 38.9, 43.6, 1.01
M, 738654, 391852, 816036, 997704, 427902, 115639, 631230, 144228, 38.9, 43.6, 0.99
M, 740014, 391998, 817772, 999468, 428073, 115829, 631468, 144478, 38.9, 43.6, 1.00
M, 740027, 392173, 817949, 999453, 428173, 115825, 631614, 144535, 38.9, 43.6, 0.99
M, 739924, 392155, 817817, 999307, 428098, 115786, 631553, 144464, 38.9, 43.6, 1.01
M, 739425, 392025, 817291, 998727, 428040, 115770, 631325, 144341, 38.9, 43.6, 1.01
M, 739622, 392118, 817693, 999097, 428038, 115818, 631459, 144438, 38.9, 43.6, 0.99
M, 739606, 392156, 817793, 998983, 428077, 115824, 631490, 144427, 38.9, 43.6, 1.00
M, 739463, 392210, 817747, 998863, 428005, 115791, 631420, 144376, 38.9, 43.6, 1.00
M, 739273, 392088, 817566, 998862, 427967, 115737, 631372, 144327, 38.9, 43.6, 1.00
M, 739451, 392181, 817966, 999038, 428034, 115789, 631480, 144446, 38.9, 43.6, 0.99
M, 739525, 392194, 817897, 998784, 428083, 115856, 631452, 144366, 38.9, 43.6, 0.99
M, 738876, 392037, 817227, 998168, 427908, 115807, 631347, 144326, 38.9, 43.6, 1.00
M, 738649, 391964, 817167, 998176, 427878, 115770, 631280, 144280, 38.9, 43.6, 0.99
M, 739060, 392043, 817558, 998618, 428022, 115764, 631343, 144386, 38.9, 43.6, 1.00
M, 739058, 391988, 817787, 998673, 427925, 115822, 631390, 144435, 38.9, 43.6, 1.00
M, 739210, 392110, 818038, 998860, 428010, 115865, 631451, 144475, 38.9, 43.6, 1.01
M, 739004, 391943, 817648, 998354, 427976, 115837, 631339, 144333, 38.9, 43.6, 1.00
M, 738967, 391954, 817840, 998354, 427917, 115818, 631356, 144327, 38.9, 43.6, 0.99
M, 738998, 392033, 818121, 998805, 428013, 115834, 631440, 144375, 38.9, 43.6, 1.00
M, 738930, 392124, 817841, 998427, 428072, 115858, 631466, 144371, 38.9, 43.6, 0.99
M, 738920, 392040, 817895, 998413, 427993, 115839, 631391, 144402, 38.9, 43.6, 1.00
