State, OV, Alc, H2, AC1, NH3, AC2, VOC, LP, Temp, Hud, AirFlow
A, 609681, 328395, 761904, 847162, 363100, 109815, 527314, 150661, 41.9, 47.6, 0.00
A, 598490, 325577, 745035, 832481, 359794, 108550, 523657, 147773, 41.9, 47.6, 0.62
A, 590286, 323163, 732473, 821814, 357001, 107631, 520754, 145752, 41.8, 47.4, 0.73
A, 583985, 321082, 722037, 813775, 354513, 106839, 518119, 144259, 41.8, 47.4, 0.83
A, 579193, 319494, 712954, 807206, 352664, 106146, 516578, 143039, 41.6, 46.9, 0.89
A, 575761, 318401, 704559, 801722, 351296, 105460, 515845, 141988, 41.6, 46.9, 0.92
A, 573577, 317688, 698115, 798194, 350559, 104935, 515768, 141444, 41.5, 46.3, 0.97
A, 572611, 317358, 693341, 796282, 350195, 104548, 515957, 141100, 41.5, 46.3, 0.98
A, 572427, 317156, 688915, 794702, 350149, 104162, 516376, 140868, 41.3, 45.9, 0.97
A, 572744, 317124, 685765, 794333, 350217, 103938, 517097, 140807, 41.3, 45.9, 0.99
A, 573572, 317254, 682345, 793922, 350480, 103628, 518039, 140729, 41.2, 45.6, 1.00
A, 574664, 317385, 679961, 794214, 350748, 103441, 518750, 140735, 41.2, 45.6, 1.00
A, 576289, 317719, 677722, 795085, 351392, 103199, 519829, 140846, 41.2, 45.2, 1.00
A, 577670, 317894, 676527, 795956, 351728, 103141, 520546, 140909, 41.2, 45.2, 0.99
A, 579572, 318297, 675540, 797288, 352251, 103020, 521631, 141081, 41.2, 45.2, 0.99
A, 581768, 318888, 674635, 798767, 352881, 102955, 522717, 141283, 41.1, 44.9, 0.99
A, 583984, 319420, 673843, 800486, 353659, 102858, 523837, 141387, 41.1, 44.9, 1.01
A, 586104, 319947, 673018, 801877, 354310, 102824, 524968, 141563, 41.0, 44.6, 0.99
A, 588050, 320521, 672416, 803529, 354952, 102789, 525972, 141739, 41.0, 44.6, 1.00
A, 590347, 321090, 672296, 805349, 355604, 102763, 527022, 141885, 40.9, 44.4, 1.00
A, 593573, 321938, 673720, 808782, 356631, 102915, 528442, 142481, 40.9, 44.4, 1.00
A, 595837, 322792, 673690, 810509, 357398, 102937, 529543, 142615, 40.9, 44.2, 1.01
A, 597899, 323524, 673126, 811971, 358191, 102954, 530660, 142686, 40.9, 44.2, 0.99
A, 599555, 324203, 672605, 813367, 358770, 102962, 531569, 142756, 40.8, 44.0, 1.01
A, 601003, 324739, 672113, 814615, 359404, 102967, 532475, 142880, 40.8, 44.0, 1.00
A, 602938, 325557, 672153, 816369, 360045, 103004, 533477, 143034, 40.8, 43.8, 0.99
A, 604584, 326209, 671986, 817730, 360715, 103006, 534344, 143128, 40.8, 43.8, 0.99
A, 606442, 326941, 672043, 819523, 361425, 103021, 535306, 143283, 40.7, 43.7, 1.00
A, 608380, 327789, 671955, 820766, 362083, 103110, 536372, 143389, 40.7, 43.7, 1.00
A, 609811, 328502, 671645, 821960, 362742, 103103, 537173, 143496, 40.7, 43.5, 1.00
A, 611002, 329287, 671335, 823193, 363263, 103150, 538042, 143501, 40.7, 43.5, 0.99
A, 612508, 330001, 670869, 824344, 363945, 103187, 538986, 143647, 40.6, 43.4, 1.00
A, 613565, 330485, 670722, 825337, 364323, 103211, 539533, 143675, 40.6, 43.4, 1.01
A, 615390, 331533, 670632, 826994, 365212, 103221, 540715, 143778, 40.6, 43.2, 1.00
A, 616326, 332051, 670705, 828032, 365626, 103306, 541348, 143852, 40.6, 43.2, 1.00
A, 617856, 332782, 670907, 829359, 366174, 103375, 542121, 144034, 40.6, 43.2, 1.00
A, 619240, 333498, 670930, 830759, 366774, 103444, 542970, 144099, 40.5, 43.1, 1.00
A, 620312, 334220, 670940, 831837, 367257, 103409, 543678, 144202, 40.5, 43.1, 0.99
A, 621901, 335029, 671439, 833389, 367997, 103559, 544551, 144349, 40.5, 43.0, 0.99
A, 623313, 335888, 671543, 834691, 368583, 103554, 545400, 144482, 40.5, 43.0, 1.00
A, 625741, 336759, 673368, 837557, 369372, 103792, 546456, 144907, 40.5, 42.9, 1.00
A, 626691, 337633, 673262, 838439, 369953, 103843, 547160, 144875, 40.5, 42.9, 1.00
A, 627534, 338222, 672856, 838985, 370325, 103899, 547659, 144867, 40.4, 42.8, 1.01
A, 628660, 339088, 672856, 839978, 370881, 103951, 548476, 144908, 40.4, 42.8, 1.00
A, 629098, 339699, 672341, 840376, 371312, 103991, 548963, 144873, 40.4, 42.7, 1.00
A, 629767, 340205, 672099, 841179, 371634, 103940, 549476, 144866, 40.4, 42.7, 1.00
A, 630729, 340979, 672214, 842246, 372124, 104056, 550131, 144966, 40.4, 42.6, 0.99
A, 631368, 341472, 672026, 842868, 372475, 104040, 550621, 145003, 40.4, 42.6, 1.00
A, 632339, 342185, 672323, 843938, 372934, 104169, 551265, 145151, 40.3, 42.5, 0.99
A, 633419, 342979, 672187, 844663, 373437, 104171, 551890, 145103, 40.3, 42.5, 1.00
A, 633971, 343559, 671986, 845436, 373780, 104267, 552375, 145072, 40.3, 42.5, 1.00
A, 634685, 344052, 672058, 846346, 374188, 104311, 552988, 145149, 40.3, 42.5, 0.99
A, 635322, 344639, 671694, 846786, 374575, 104350, 553478, 145133, 40.3, 42.4, 1.00
A, 634903, 345203, 670599, 846831, 374790, 104311, 553803, 145119, 40.3, 42.4, 1.00
A, 636250, 345858, 670851, 847725, 375228, 104399, 554433, 145105, 40.3, 42.3, 1.00
A, 636136, 346109, 669973, 847470, 375317, 104338, 554609, 145026, 40.3, 42.3, 1.00
A, 637055, 346665, 670358, 848787, 375634, 104454, 555203, 145131, 40.3, 42.3, 1.00
A, 637970, 347166, 670703, 849744, 376105, 104408, 555702, 145192, 40.2, 42.3, 1.01
A, 638833, 347760, 670828, 850654, 376517, 104551, 556240, 145325, 40.2, 42.3, 1.00
A, 640189, 348380, 671566, 852068, 377002, 104648, 556922, 145498, 40.2, 42.2, 1.00
A, 642927, 349433, 674274, 855394, 377844, 104876, 557985, 145985, 40.2, 42.2, 0.99
A, 643444, 350109, 674253, 855924, 378242, 104933, 558439, 145938, 40.2, 42.2, 0.99
A, 644094, 350665, 674242, 856536, 378561, 104945, 558787, 145863, 40.2, 42.2, 1.01
A, 644551, 351117, 674258, 857325, 378894, 105067, 559241, 145942, 40.1, 42.1, 1.00
A, 644830, 351613, 674212, 857915, 379112, 105083, 559610, 145988, 40.1, 42.1, 0.99
A, 645626, 352223, 674486, 858814, 379481, 105151, 560067, 146057, 40.1, 42.1, 1.01
A, 646340, 352801, 674629, 859512, 379839, 105172, 560521, 145999, 40.1, 42.1, 1.00
A, 646672, 353217, 674363, 859938, 380046, 105218, 560859, 145976, 40.1, 42.0, 1.01
A, 647215, 353734, 674427, 860499, 380340, 105328, 561152, 146087, 40.1, 42.0, 1.00
A, 647680, 354137, 674477, 861157, 380590, 105403, 561541, 146063, 40.1, 42.0, 1.00
A, 648219, 354791, 674570, 861583, 380912, 105441, 561999, 146120, 40.1, 42.0, 1.00
A, 648455, 355177, 674369, 862003, 381101, 105402, 562226, 146042, 40.1, 42.0, 1.00
A, 648974, 355515, 674554, 862635, 381417, 105468, 562609, 146046, 40.1, 42.0, 1.00
A, 649101, 355974, 674059, 862761, 381619, 105590, 562934, 146019, 40.0, 41.9, 1.00
A, 649330, 356284, 674012, 863254, 381735, 105594, 563161, 146052, 40.0, 41.9, 1.00
A, 649946, 356836, 673879, 863762, 382110, 105562, 563642, 146010, 40.0, 41.9, 1.00
A, 650204, 357026, 673872, 864155, 382181, 105644, 563800, 145862, 40.0, 41.9, 1.00
A, 650640, 357427, 674133, 864967, 382483, 105701, 564155, 146062, 40.0, 41.9, 1.00
A, 651060, 357819, 674116, 865446, 382702, 105754, 564489, 146074, 40.0, 41.9, 1.00
A, 651552, 358189, 674245, 865868, 382925, 105786, 564791, 146156, 40.0, 41.9, 1.00
A, 653840, 358895, 676640, 868744, 383551, 105998, 565583, 146603, 40.0, 41.9, 1.00
A, 654171, 359493, 676357, 868843, 383899, 106024, 565902, 146464, 40.0, 41.9, 1.00
A, 654109, 359794, 675963, 868963, 383994, 106046, 566105, 146357, 40.0, 41.8, 1.00
A, 654133, 359978, 675762, 869344, 384119, 106150, 566281, 146310, 40.0, 41.8, 1.00
A, 654555, 360293, 675734, 869814, 384296, 106158, 566558, 146350, 39.9, 41.8, 1.00
A, 654684, 360634, 675494, 869867, 384461, 106195, 566809, 146319, 39.9, 41.8, 1.00
A, 655158, 360964, 675687, 870420, 384651, 106292, 567101, 146386, 39.9, 41.8, 1.00
A, 655220, 361346, 675499, 870769, 384840, 106292, 567284, 146293, 39.9, 41.8, 0.99
A, 655332, 361631, 675231, 870924, 384950, 106352, 567530, 146292, 39.9, 41.8, 0.99
A, 655497, 361773, 675166, 871145, 385027, 106327, 567699, 146267, 39.9, 41.8, 1.00
A, 656122, 362259, 675374, 871975, 385307, 106408, 568067, 146262, 39.9, 41.8, 1.00
A, 656060, 362362, 675058, 872009, 385369, 106448, 568216, 146301, 39.9, 41.8, 1.00
A, 656743, 362765, 675322, 872597, 385704, 106477, 568533, 146291, 39.9, 41.8, 1.00
A, 656893, 362946, 675231, 873189, 385805, 106537, 568761, 146261, 39.9, 41.8, 1.00
A, 656980, 363361, 675047, 873275, 386032, 106554, 569033, 146241, 39.9, 41.7, 1.00
A, 657217, 363458, 674857, 873490, 386040, 106566, 569117, 146202, 39.9, 41.7, 1.00
A, 657229, 363650, 674478, 873577, 386269, 106568, 569379, 146161, 39.8, 41.7, 1.00
A, 657457, 363856, 674504, 873804, 386296, 106640, 569508, 146117, 39.8, 41.7, 1.00
A, 658054, 364133, 674745, 874540, 386542, 106723, 569816, 146205, 39.8, 41.7, 1.00
A, 658404, 364370, 674948, 875052, 386729, 106760, 570055, 146123, 39.8, 41.7, 1.00
A, 659809, 364693, 676488, 877140, 387097, 106937, 570562, 146548, 39.8, 41.7, 1.01
A, 660335, 365161, 676685, 877688, 387419, 106946, 570884, 146502, 39.8, 41.7, 1.00
A, 660622, 365397, 676463, 877723, 387549, 107026, 571090, 146444, 39.8, 41.7, 1.00
A, 660506, 365587, 676123, 877757, 387609, 107034, 571223, 146354, 39.8, 41.7, 1.01
A, 660356, 365745, 675954, 877952, 387683, 107024, 571358, 146412, 39.8, 41.7, 1.00
A, 660834, 366012, 676158, 878596, 387909, 107113, 571624, 146368, 39.8, 41.7, 1.00
A, 661062, 366159, 676004, 878688, 387967, 107098, 571703, 146363, 39.8, 41.7, 1.00
A, 661367, 366470, 676171, 879305, 388163, 107183, 572004, 146404, 39.8, 41.7, 1.00
A, 661714, 366720, 676091, 879441, 388291, 107180, 572174, 146331, 39.8, 41.7, 0.99
A, 661799, 366880, 675969, 879590, 388458, 107222, 572308, 146265, 39.7, 41.7, 1.00
A, 662053, 367047, 676109, 880236, 388535, 107314, 572557, 146330, 39.7, 41.7, 1.00
A, 662125, 367222, 675996, 880456, 388588, 107308, 572728, 146297, 39.7, 41.7, 1.00
A, 662607, 367365, 676122, 880921, 388799, 107383, 572947, 146351, 39.7, 41.7, 1.00
A, 662856, 367648, 676174, 881270, 388998, 107377, 573122, 146263, 39.7, 41.7, 1.00
A, 662809, 367705, 675994, 881428, 389065, 107447, 573249, 146215, 39.7, 41.7, 1.00
A, 663006, 367980, 675803, 881540, 389201, 107428, 573465, 146251, 39.7, 41.7, 1.00
A, 663051, 367972, 675667, 881802, 389230, 107421, 573541, 146229, 39.7, 41.7, 0.99
A, 663470, 368202, 676012, 882492, 389403, 107478, 573807, 146319, 39.7, 41.7, 1.00
A, 663875, 368420, 676194, 883007, 389546, 107554, 573992, 146369, 39.7, 41.7, 1.00
A, 664238, 368688, 676297, 883318, 389743, 107628, 574229, 146285, 39.7, 41.7, 1.00
A, 666032, 368968, 678286, 885526, 390152, 107760, 574735, 146588, 39.7, 41.7, 1.00
A, 665873, 369269, 677952, 885683, 390291, 107840, 574911, 146584, 39.7, 41.7, 0.99
A, 666019, 369472, 677894, 885944, 390457, 107858, 575076, 146577, 39.7, 41.7, 1.00
A, 666108, 369679, 677828, 886062, 390451, 107878, 575079, 146534, 39.7, 41.7, 1.00
A, 666396, 369812, 677977, 886499, 390637, 107897, 575295, 146499, 39.6, 41.7, 1.00
A, 666542, 369952, 677910, 886580, 390756, 107958, 575446, 146424, 39.6, 41.7, 1.00
A, 666461, 370054, 677647, 886568, 390831, 108022, 575534, 146407, 39.6, 41.7, 1.00
A, 666410, 370164, 677500, 886780, 390835, 108012, 575669, 146323, 39.6, 41.7, 1.01
A, 666811, 370381, 677590, 887262, 391025, 108102, 575817, 146428, 39.6, 41.7, 1.00
A, 666877, 370436, 677511, 887385, 391087, 108056, 575969, 146399, 39.6, 41.7, 1.01
A, 667278, 370621, 677832, 887876, 391206, 108141, 576178, 146431, 39.6, 41.7, 1.00
A, 667418, 370778, 677995, 888322, 391348, 108175, 576312, 146401, 39.6, 41.7, 1.00
A, 667389, 370830, 677813, 888351, 391402, 108222, 576404, 146304, 39.6, 41.7, 1.00
A, 667859, 370967, 677938, 888821, 391559, 108262, 576632, 146413, 39.6, 41.7, 1.00
A, 667666, 371164, 677660, 888814, 391569, 108236, 576670, 146307, 39.6, 41.7, 1.00
A, 667872, 371210, 677402, 888766, 391638, 108331, 576745, 146236, 39.6, 41.7, 0.99
A, 667681, 371341, 677202, 888976, 391692, 108346, 576895, 146170, 39.6, 41.7, 1.00
A, 667835, 371351, 677227, 889194, 391672, 108289, 576921, 146147, 39.6, 41.7, 1.00
A, 668171, 371480, 677550, 889763, 391892, 108405, 577198, 146279, 39.6, 41.7, 1.00
A, 668514, 371667, 677661, 890143, 391970, 108463, 577338, 146288, 39.5, 41.7, 1.00
A, 670494, 372088, 679897, 892542, 392476, 108649, 577940, 146611, 39.5, 41.7, 1.00
A, 670437, 372350, 679750, 892663, 392550, 108695, 578041, 146605, 39.5, 41.8, 1.01
A, 670667, 372437, 679796, 892845, 392742, 108685, 578198, 146538, 39.5, 41.8, 1.00
A, 670577, 372520, 679533, 892687, 392738, 108688, 578168, 146426, 39.5, 41.7, 1.00
A, 670351, 372514, 679235, 892781, 392701, 108695, 578261, 146401, 39.5, 41.7, 1.00
A, 670545, 372711, 679400, 893106, 392834, 108778, 578437, 146440, 39.5, 41.8, 1.00
A, 670704, 372793, 679252, 893076, 392913, 108762, 578412, 146275, 39.5, 41.8, 1.00
A, 670625, 372810, 679078, 893131, 392907, 108795, 578479, 146279, 39.5, 41.8, 1.00
A, 670419, 372829, 678868, 893292, 392931, 108827, 578561, 146307, 39.5, 41.8, 1.00
A, 670591, 372958, 678856, 893506, 393042, 108887, 578720, 146267, 39.5, 41.8, 1.00
A, 670496, 373020, 678524, 893277, 393059, 108882, 578754, 146247, 39.5, 41.8, 1.00
A, 670683, 373081, 678751, 893693, 393158, 108924, 578883, 146252, 39.5, 41.8, 1.00
A, 670921, 373115, 678694, 893974, 393219, 108906, 579016, 146184, 39.5, 41.8, 0.99
A, 671047, 373184, 678677, 893993, 393295, 108922, 579107, 146115, 39.5, 41.8, 1.00
A, 671310, 373265, 678858, 894645, 393435, 109048, 579260, 146182, 39.5, 41.8, 1.00
A, 671175, 373323, 678540, 894582, 393477, 109058, 579375, 146117, 39.5, 41.8, 1.01
A, 671313, 373413, 678542, 894686, 393492, 109044, 579423, 146138, 39.5, 41.8, 1.00
A, 671425, 373583, 678538, 894981, 393650, 109131, 579598, 146067, 39.4, 41.8, 1.00
A, 671250, 373417, 678365, 894820, 393637, 109128, 579596, 146059, 39.4, 41.8, 1.00
A, 671684, 373571, 678606, 895400, 393776, 109225, 579704, 146087, 39.4, 41.8, 1.00
A, 673622, 374045, 680886, 897813, 394174, 109312, 580318, 146508, 39.4, 41.8, 1.00
A, 673569, 374182, 680718, 897858, 394255, 109364, 580473, 146452, 39.4, 41.8, 1.00
A, 673814, 374334, 680886, 898180, 394362, 109390, 580607, 146458, 39.4, 41.8, 1.00
A, 673983, 374355, 680895, 898276, 394422, 109431, 580598, 146324, 39.4, 41.8, 1.00
A, 673652, 374370, 680548, 898128, 394527, 109431, 580619, 146243, 39.4, 41.9, 1.01
A, 673483, 374427, 680284, 898199, 394457, 109509, 580664, 146214, 39.4, 41.9, 1.01
A, 673780, 374501, 680472, 898536, 394581, 109561, 580847, 146259, 39.4, 41.9, 1.00
A, 673964, 374619, 680418, 898455, 394643, 109559, 580920, 146213, 39.4, 41.9, 1.00
A, 673637, 374480, 679861, 898214, 394606, 109450, 580910, 146094, 39.4, 41.9, 0.99
A, 673677, 374600, 679887, 898456, 394670, 109508, 580947, 146073, 39.4, 41.9, 0.99
A, 674002, 374720, 680271, 898849, 394774, 109597, 581161, 146079, 39.4, 41.9, 1.01
A, 674039, 374657, 680146, 899106, 394776, 109655, 581152, 146146, 39.4, 41.9, 1.01
A, 674022, 374767, 680193, 899326, 394900, 109637, 581274, 146082, 39.4, 41.9, 0.99
A, 674412, 374868, 680285, 899493, 394954, 109652, 581370, 146072, 39.4, 41.9, 1.00
A, 674380, 374886, 680214, 899589, 395033, 109647, 581475, 145999, 39.4, 41.9, 1.00
A, 674572, 374984, 680445, 900129, 395163, 109727, 581596, 146081, 39.4, 41.9, 1.00
A, 674624, 375079, 680261, 899901, 395226, 109778, 581693, 146029, 39.4, 41.9, 1.00
A, 674681, 375099, 680247, 900271, 395173, 109766, 581768, 146043, 39.4, 41.9, 1.00
A, 674725, 375260, 680125, 900305, 395370, 109825, 581872, 145997, 39.4, 41.9, 1.00
A, 674805, 375071, 680153, 900441, 395325, 109817, 581958, 146001, 39.4, 41.9, 1.00
A, 676696, 375389, 682402, 902954, 395766, 110033, 582427, 146358, 39.4, 41.9, 1.00
A, 676776, 375631, 682506, 903061, 395841, 110033, 582521, 146248, 39.4, 42.0, 1.00
A, 676457, 375677, 682105, 902885, 395864, 110074, 582560, 146196, 39.4, 42.0, 1.00
A, 676829, 375797, 682274, 903230, 395935, 110141, 582682, 146246, 39.4, 42.0, 1.01
A, 676856, 375834, 682333, 903290, 395945, 110176, 582722, 146133, 39.4, 42.0, 1.00
A, 676698, 375917, 682073, 903177, 396046, 110145, 582740, 146059, 39.3, 42.0, 1.00
A, 676366, 375807, 681624, 902813, 395981, 110181, 582720, 146073, 39.3, 42.0, 1.00
A, 676636, 375779, 681816, 903132, 396048, 110121, 582793, 145996, 39.3, 42.0, 1.00
A, 676678, 375900, 681798, 903499, 396105, 110232, 582957, 146070, 39.3, 42.0, 0.99
A, 677017, 376027, 682214, 904026, 396167, 110259, 583040, 146178, 39.3, 42.0, 1.00
A, 677131, 376063, 682393, 904271, 396319, 110278, 583191, 146047, 39.3, 42.0, 1.00
A, 677131, 376118, 682378, 904275, 396285, 110338, 583203, 145990, 39.3, 42.0, 0.99
A, 676979, 376082, 682050, 904197, 396339, 110270, 583235, 146008, 39.3, 42.0, 0.99
A, 677390, 376119, 682438, 904702, 396471, 110397, 583417, 146055, 39.3, 42.0, 0.99
A, 677537, 376228, 682450, 904717, 396438, 110363, 583478, 145988, 39.3, 42.0, 1.01
A, 677377, 376324, 682253, 904684, 396457, 110391, 583461, 145882, 39.3, 42.1, 1.01
A, 677532, 376319, 682341, 905090, 396502, 110484, 583598, 146036, 39.3, 42.1, 1.01
A, 677487, 376334, 682076, 904832, 396604, 110475, 583598, 145870, 39.3, 42.1, 1.00
A, 677366, 376256, 682080, 905105, 396588, 110489, 583617, 145884, 39.3, 42.1, 1.00
A, 677527, 376379, 682149, 905045, 396702, 110520, 583775, 145798, 39.3, 42.1, 0.99
A, 678785, 376521, 683716, 906857, 396963, 110617, 584070, 146086, 39.3, 42.1, 0.99
A, 678993, 376711, 683843, 907183, 397118, 110657, 584213, 146104, 39.3, 42.1, 1.00
A, 678892, 376715, 683603, 907165, 397135, 110685, 584292, 146057, 39.3, 42.1, 1.00
A, 678882, 376751, 683593, 907027, 397099, 110726, 584265, 146089, 39.3, 42.1, 1.01
A, 679153, 376795, 683894, 907457, 397238, 110774, 584384, 146066, 39.3, 42.1, 1.00
A, 679050, 376830, 683281, 907058, 397295, 110742, 584413, 145892, 39.3, 42.1, 1.00
A, 678749, 376769, 683214, 907037, 397138, 110815, 584395, 145912, 39.3, 42.1, 1.00
A, 678722, 376757, 683294, 907248, 397196, 110785, 584459, 145843, 39.3, 42.1, 1.00
A, 678921, 376901, 683534, 907682, 397319, 110812, 584571, 145872, 39.3, 42.1, 1.01
A, 679043, 376863, 683548, 907767, 397317, 110805, 584709, 145886, 39.3, 42.1, 1.00
A, 679429, 376994, 683827, 908111, 397449, 110869, 584768, 145949, 39.2, 42.1, 1.00
A, 679237, 376988, 683729, 908006, 397425, 110877, 584744, 145840, 39.2, 42.1, 1.01
A, 679232, 376970, 683751, 908147, 397507, 110966, 584820, 145825, 39.2, 42.1, 0.99
A, 679538, 376925, 683816, 908364, 397578, 110936, 584907, 145835, 39.2, 42.1, 0.99
A, 679471, 377059, 683978, 908645, 397581, 110991, 584962, 145819, 39.2, 42.1, 1.00
A, 679845, 377127, 684288, 909113, 397746, 111045, 585072, 145871, 39.2, 42.1, 1.00
A, 679985, 377291, 684182, 909029, 397755, 110986, 585220, 145854, 39.2, 42.2, 1.00
A, 679918, 377174, 684258, 909182, 397741, 111002, 585205, 145811, 39.2, 42.2, 1.00
A, 679802, 377304, 684109, 909176, 397807, 110991, 585298, 145777, 39.2, 42.2, 1.00
A, 679727, 377179, 684016, 909352, 397827, 111141, 585299, 145723, 39.2, 42.2, 0.99
A, 681824, 377663, 686462, 911765, 398407, 111341, 585913, 146155, 39.2, 42.2, 1.01
A, 681716, 377735, 686153, 911478, 398330, 111280, 585881, 146005, 39.2, 42.2, 1.00
A, 681546, 377702, 686137, 911610, 398324, 111315, 585898, 145967, 39.2, 42.2, 1.00
A, 681439, 377741, 685891, 911461, 398288, 111329, 585791, 145918, 39.2, 42.2, 1.00
A, 681261, 377699, 685688, 911340, 398279, 111376, 585855, 145869, 39.2, 42.2, 0.99
A, 681319, 377729, 685877, 911527, 398441, 111424, 585963, 145930, 39.2, 42.2, 1.00
A, 681351, 377736, 685774, 911268, 398415, 111336, 585913, 145847, 39.2, 42.2, 1.00
A, 681116, 377663, 685468, 911120, 398371, 111385, 585898, 145731, 39.2, 42.2, 1.00
A, 680809, 377674, 685385, 911226, 398286, 111413, 585893, 145686, 39.2, 42.2, 1.00
A, 681026, 377651, 685545, 911547, 398373, 111444, 586022, 145676, 39.2, 42.2, 0.99
A, 681118, 377711, 685544, 911465, 398415, 111431, 586042, 145736, 39.2, 42.2, 1.00
A, 681417, 377799, 685969, 912114, 398571, 111511, 586183, 145797, 39.2, 42.3, 1.00
A, 681453, 377777, 685838, 911972, 398585, 111510, 586203, 145731, 39.2, 42.3, 1.01
A, 681415, 377751, 685682, 911798, 398603, 111553, 586285, 145659, 39.2, 42.3, 0.99
A, 681191, 377680, 685647, 912011, 398541, 111503, 586271, 145580, 39.2, 42.3, 1.00
A, 681561, 377786, 685809, 912312, 398673, 111569, 586429, 145651, 39.2, 42.3, 0.99
A, 681391, 377808, 685812, 912328, 398697, 111626, 586410, 145672, 39.2, 42.3, 1.00
A, 681786, 377928, 686167, 912633, 398797, 111607, 586594, 145681, 39.2, 42.3, 0.98
A, 680985, 377685, 685200, 911721, 398603, 111593, 586376, 145507, 39.2, 42.3, 1.00
A, 681074, 377707, 685064, 911809, 398683, 111664, 586424, 145470, 39.1, 42.4, 0.99
A, 682313, 377826, 686848, 913531, 398849, 111791, 586730, 145800, 39.1, 42.4, 1.00
A, 682726, 378084, 687183, 914066, 399116, 111824, 586932, 145804, 39.1, 42.4, 0.99
A, 682722, 378082, 687245, 914191, 399137, 111867, 586999, 145787, 39.2, 42.4, 1.00
A, 682860, 378149, 687259, 914030, 399225, 111805, 587068, 145701, 39.2, 42.4, 0.99
A, 682711, 378090, 687044, 914029, 399115, 111890, 587034, 145703, 39.1, 42.4, 1.00
A, 682361, 378012, 686745, 914051, 399160, 111913, 587043, 145682, 39.1, 42.4, 1.01
A, 682355, 378090, 686688, 913931, 399153, 111858, 587030, 145580, 39.1, 42.4, 0.99
A, 682497, 378031, 686715, 913896, 399164, 111848, 587068, 145586, 39.1, 42.4, 1.00
A, 682776, 378067, 687159, 914538, 399192, 111941, 587205, 145635, 39.1, 42.4, 1.00
A, 682747, 378158, 687193, 914558, 399333, 111888, 587256, 145583, 39.1, 42.4, 1.00
A, 682889, 378130, 687097, 914598, 399295, 111963, 587319, 145599, 39.1, 42.4, 1.01
A, 683111, 378204, 687371, 914881, 399404, 112034, 587439, 145564, 39.1, 42.4, 1.00
A, 682948, 378201, 687425, 915010, 399430, 112112, 587475, 145565, 39.1, 42.4, 1.00
A, 683104, 378198, 687534, 915236, 399470, 112092, 587493, 145613, 39.1, 42.4, 1.00
A, 683413, 378350, 687657, 915363, 399554, 112113, 587607, 145524, 39.1, 42.5, 0.99
A, 683188, 378317, 687682, 915471, 399525, 112145, 587597, 145552, 39.1, 42.5, 1.00
A, 683351, 378312, 687896, 915663, 399626, 112189, 587730, 145546, 39.1, 42.5, 0.99
A, 683400, 378275, 687736, 915612, 399596, 112169, 587685, 145542, 39.1, 42.5, 1.00
A, 683465, 378346, 687806, 915778, 399704, 112238, 587781, 145495, 39.1, 42.5, 1.01
A, 683339, 378318, 687703, 915634, 399693, 112185, 587740, 145506, 39.1, 42.5, 1.01
A, 685043, 378567, 689763, 917779, 400118, 112372, 588304, 145863, 39.1, 42.5, 0.99
A, 684808, 378632, 689566, 917636, 400100, 112324, 588280, 145686, 39.1, 42.5, 1.00
A, 684686, 378611, 689382, 917685, 400132, 112329, 588251, 145751, 39.1, 42.5, 1.00
A, 684622, 378629, 689425, 917558, 400101, 112394, 588221, 145691, 39.1, 42.5, 0.99
A, 684543, 378639, 689172, 917344, 400175, 112336, 588184, 145555, 39.1, 42.5, 1.00
A, 684220, 378635, 688851, 917041, 399975, 112416, 588216, 145432, 39.1, 42.5, 1.00
A, 683978, 378467, 688771, 916980, 400066, 112386, 588199, 145436, 39.1, 42.5, 0.99
A, 684208, 378530, 688860, 917219, 400083, 112365, 588259, 145465, 39.1, 42.6, 0.99
A, 684136, 378503, 688929, 917246, 400030, 112471, 588291, 145469, 39.1, 42.6, 1.00
A, 684338, 378647, 689113, 917653, 400161, 112454, 588401, 145496, 39.1, 42.6, 1.00
A, 684459, 378583, 689072, 917320, 400205, 112435, 588433, 145524, 39.1, 42.6, 1.00
A, 683956, 378548, 688668, 916905, 400142, 112437, 588407, 145342, 39.1, 42.5, 0.99
A, 683861, 378387, 688515, 917092, 400103, 112448, 588383, 145306, 39.1, 42.5, 0.99
A, 684125, 378465, 688909, 917501, 400217, 112567, 588528, 145407, 39.1, 42.5, 1.01
A, 684168, 378460, 688837, 917491, 400263, 112555, 588478, 145429, 39.1, 42.5, 1.00
A, 684667, 378645, 689356, 918099, 400281, 112615, 588601, 145439, 39.1, 42.6, 1.01
A, 684300, 378505, 688954, 917665, 400267, 112554, 588678, 145334, 39.1, 42.6, 1.00
A, 684301, 378463, 688899, 917559, 400275, 112571, 588666, 145292, 39.1, 42.6, 1.01
A, 684583, 378555, 689232, 918237, 400339, 112626, 588780, 145383, 39.1, 42.6, 1.01
A, 684083, 378481, 688592, 917505, 400327, 112612, 588663, 145225, 39.1, 42.6, 1.00
A, 685347, 378634, 690290, 919361, 400598, 112703, 589022, 145590, 39.1, 42.6, 1.00
A, 685501, 378825, 690324, 919276, 400718, 112755, 589204, 145429, 39.1, 42.6, 0.99
A, 685333, 378703, 690142, 919185, 400665, 112744, 589079, 145348, 39.1, 42.6, 1.01
A, 685512, 378704, 690302, 919481, 400731, 112818, 589221, 145450, 39.1, 42.6, 1.00
A, 685442, 378795, 690339, 919489, 400735, 112778, 589161, 145365, 39.0, 42.6, 1.00
A, 685436, 378728, 690424, 919623, 400673, 112812, 589198, 145362, 39.0, 42.6, 1.00
A, 685725, 378851, 690779, 919949, 400789, 112866, 589355, 145526, 39.0, 42.6, 1.01
A, 685843, 378851, 690739, 919844, 400883, 112885, 589407, 145336, 39.0, 42.6, 1.00
A, 685583, 378835, 690626, 919945, 400884, 112859, 589351, 145340, 39.0, 42.7, 0.99
A, 685480, 378744, 690485, 919857, 400848, 112915, 589334, 145310, 39.0, 42.7, 0.99
A, 685609, 378778, 690762, 920174, 400924, 112919, 589429, 145341, 39.0, 42.7, 1.00
A, 685729, 378801, 690733, 919891, 400908, 112900, 589494, 145213, 39.0, 42.7, 1.00
A, 685604, 378804, 690495, 919851, 400928, 112947, 589450, 145258, 39.0, 42.7, 1.00
A, 685479, 378774, 690380, 919907, 400870, 112945, 589442, 145239, 39.0, 42.7, 1.00
A, 685584, 378702, 690406, 919970, 400901, 112974, 589527, 145220, 39.0, 42.7, 0.99
A, 685120, 378607, 690215, 919658, 400868, 112928, 589419, 145125, 39.0, 42.7, 0.99
A, 684392, 378578, 689217, 918850, 400740, 112832, 589291, 144976, 39.0, 42.7, 1.01
A, 685115, 378537, 689945, 919377, 400902, 112874, 589450, 145037, 39.0, 42.7, 1.00
A, 685254, 378586, 690004, 919734, 400912, 112981, 589583, 145068, 39.0, 42.8, 1.01
A, 685504, 378618, 690417, 920206, 400996, 113001, 589683, 145128, 39.0, 42.8, 1.01
A, 687384, 378992, 692484, 922439, 401455, 113175, 590196, 145495, 39.0, 42.8, 0.99
A, 687398, 379053, 692600, 922301, 401465, 113207, 590179, 145481, 39.0, 42.8, 0.99
A, 686975, 379167, 692222, 922062, 401540, 113187, 590167, 145360, 39.0, 42.8, 1.00
A, 686796, 378995, 692031, 921813, 401362, 113177, 590140, 145265, 39.0, 42.8, 0.99
A, 687017, 379013, 692300, 922247, 401523, 113172, 590179, 145242, 39.0, 42.8, 1.00
A, 686952, 379037, 692266, 922259, 401534, 113227, 590178, 145196, 39.0, 42.8, 0.99
A, 686753, 379064, 692229, 922097, 401497, 113234, 590181, 145319, 39.0, 42.8, 1.01
A, 687004, 379082, 692536, 922508, 401576, 113338, 590341, 145315, 39.0, 42.8, 1.00
A, 687159, 379141, 692629, 922573, 401627, 113302, 590349, 145277, 39.0, 42.8, 1.01
A, 686968, 379138, 692474, 922392, 401601, 113291, 590296, 145170, 39.0, 42.8, 1.00
A, 686927, 379033, 692263, 922290, 401587, 113347, 590261, 145163, 39.0, 42.8, 1.00
A, 687225, 379092, 692655, 922683, 401595, 113315, 590391, 145224, 39.0, 42.8, 1.00
A, 687021, 379134, 692483, 922578, 401688, 113375, 590446, 145197, 39.0, 42.8, 0.99
A, 687332, 379100, 692875, 922910, 401762, 113387, 590551, 145232, 39.0, 42.8, 1.00
A, 687408, 379218, 693141, 922994, 401777, 113469, 590573, 145211, 39.0, 42.8, 1.00
A, 687216, 379275, 692980, 923019, 401817, 113457, 590570, 145115, 39.0, 42.9, 1.00
A, 687312, 379199, 693151, 923263, 401821, 113505, 590695, 145187, 39.0, 42.9, 0.99
A, 687254, 379193, 693074, 923258, 401854, 113516, 590687, 145186, 39.0, 42.9, 1.00
A, 687693, 379255, 693303, 923415, 401897, 113461, 590743, 145148, 39.0, 42.9, 1.01
A, 687465, 379166, 693169, 923143, 401918, 113492, 590718, 145112, 39.0, 42.9, 1.00
A, 688829, 379385, 694955, 925146, 402175, 113636, 591057, 145469, 39.0, 42.9, 1.00
A, 688629, 379600, 694779, 924841, 402258, 113702, 591218, 145336, 39.0, 42.9, 0.99
A, 688328, 379497, 694456, 924636, 402168, 113650, 591071, 145276, 39.0, 42.9, 1.00
A, 687935, 379422, 694129, 924148, 402164, 113664, 591029, 145156, 39.0, 43.0, 1.01
A, 687888, 379354, 694002, 923965, 402101, 113595, 590959, 145110, 39.0, 43.0, 0.99
A, 687902, 379392, 694134, 924159, 402128, 113715, 590994, 145125, 39.0, 43.0, 1.01
A, 687786, 379365, 693970, 924108, 402161, 113661, 590996, 145099, 39.0, 43.0, 1.00
A, 687761, 379293, 693940, 924077, 402096, 113699, 591060, 145118, 39.0, 43.0, 1.01
A, 687939, 379360, 694219, 924251, 402178, 113730, 591063, 145176, 39.0, 43.0, 1.01
A, 687931, 379366, 694332, 924240, 402192, 113689, 591122, 145100, 39.0, 43.0, 1.00
A, 687778, 379331, 694167, 924260, 402179, 113716, 591166, 145043, 38.9, 43.0, 1.01
A, 687711, 379216, 694069, 924206, 402187, 113793, 591132, 145038, 38.9, 43.0, 1.01
A, 687653, 379227, 694033, 924169, 402116, 113660, 591066, 144959, 38.9, 43.0, 0.99
A, 687671, 379218, 694211, 924326, 402204, 113711, 591145, 145096, 38.9, 43.0, 1.01
A, 688010, 379317, 694478, 924845, 402327, 113766, 591361, 145106, 38.9, 43.0, 0.99
A, 688323, 379320, 694729, 924835, 402353, 113849, 591304, 145074, 38.9, 43.0, 1.00
A, 687963, 379302, 694424, 924580, 402286, 113785, 591260, 144933, 38.9, 43.0, 1.00
A, 688207, 379276, 694712, 924851, 402339, 113839, 591330, 144998, 38.9, 43.0, 1.00
A, 688217, 379251, 694902, 924951, 402391, 113865, 591360, 145041, 38.9, 43.0, 0.99
A, 688388, 379359, 694998, 925101, 402409, 113859, 591473, 144992, 38.9, 43.0, 1.00
A, 689849, 379553, 696767, 926994, 402709, 113989, 591781, 145360, 38.9, 43.1, 1.01
A, 689838, 379635, 696873, 927002, 402894, 114070, 591841, 145268, 38.9, 43.1, 1.00
A, 689138, 379620, 696140, 926275, 402764, 114058, 591783, 145096, 38.9, 43.1, 0.99
A, 688881, 379531, 695952, 926187, 402663, 114001, 591703, 145107, 38.9, 43.1, 1.00
A, 688632, 379545, 695622, 925719, 402693, 114015, 591711, 144966, 38.9, 43.1, 1.01
A, 688539, 379447, 695536, 925540, 402581, 113994, 591651, 144914, 38.9, 43.1, 0.99
A, 688534, 379384, 695576, 925835, 402623, 113998, 591623, 144970, 38.9, 43.1, 0.99
A, 688718, 379412, 695643, 925868, 402641, 114054, 591668, 144979, 38.9, 43.1, 0.99
A, 688600, 379460, 695746, 925944, 402715, 114045, 591707, 144946, 38.9, 43.1, 1.00
A, 688756, 379376, 696114, 926217, 402703, 114067, 591807, 145046, 38.9, 43.1, 1.00
A, 688960, 379403, 695956, 926026, 402755, 114065, 591857, 144947, 38.9, 43.1, 0.99
A, 688829, 379417, 696063, 925968, 402750, 114077, 591825, 144917, 38.9, 43.1, 1.01
A, 688686, 379380, 695950, 926183, 402765, 114093, 591868, 144903, 38.9, 43.1, 1.00
A, 688821, 379340, 696284, 926542, 402822, 114144, 591929, 144963, 38.9, 43.1, 1.01
A, 688963, 379393, 696196, 926393, 402843, 114155, 591933, 145016, 38.9, 43.1, 1.01
A, 689227, 379429, 696700, 926705, 402921, 114145, 592032, 145013, 38.9, 43.1, 1.01
A, 689195, 379511, 696734, 926899, 402935, 114180, 592083, 145016, 38.9, 43.1, 1.01
A, 689130, 379406, 696613, 926781, 402943, 114205, 592101, 144968, 38.9, 43.1, 1.00
A, 689294, 379414, 696961, 927099, 402963, 114217, 592137, 144954, 38.9, 43.1, 1.00
A, 689372, 379467, 696987, 927184, 402964, 114218, 592111, 144973, 38.9, 43.1, 0.99
M, 687170, 379217, 693644, 923052, 402654, 113825, 591519, 143936, 38.9, 43.1, 0.05
M, 677846, 377042, 682165, 911519, 399959, 112906, 588358, 141838, 38.9, 43.1, 0.56
M, 671113, 374916, 673817, 903416, 397878, 112189, 586248, 140350, 38.9, 43.1, 0.76
M, 664515, 372796, 665070, 894986, 396222, 111411, 584551, 138957, 38.9, 43.2, 0.84
M, 661230, 371424, 660053, 890476, 395119, 110937, 583671, 138245, 38.9, 43.2, 0.89
M, 656961, 369716, 652958, 884311, 393953, 110274, 582723, 137276, 38.9, 43.3, 0.95
M, 655186, 368608, 649532, 881531, 393309, 109920, 582200, 136850, 38.9, 43.3, 0.97
M, 653896, 367659, 646347, 879407, 392795, 109565, 581875, 136455, 38.9, 43.3, 0.98
M, 653060, 366714, 643242, 877602, 392414, 109241, 581844, 136145, 38.9, 43.2, 0.98
M, 652463, 365880, 640843, 876683, 392208, 109063, 581887, 136017, 38.9, 43.2, 0.98
M, 652729, 365252, 639266, 876420, 392182, 108813, 582129, 135972, 38.9, 43.3, 0.98
M, 653203, 364559, 637534, 876162, 392204, 108599, 582591, 135819, 38.9, 43.3, 0.99
M, 653596, 364085, 635997, 876167, 392395, 108438, 582900, 135766, 38.9, 43.3, 0.99
M, 654044, 363652, 634948, 876677, 392497, 108368, 583353, 135736, 38.9, 43.3, 1.00
M, 655167, 363236, 634290, 877514, 392822, 108282, 583964, 135818, 38.9, 43.3, 0.99
M, 655993, 363000, 633807, 878274, 393131, 108146, 584512, 135847, 38.9, 43.3, 0.99
M, 657295, 362767, 633525, 879486, 393607, 108116, 585219, 135960, 38.9, 43.3, 1.00
M, 658584, 362602, 633080, 880470, 393964, 108044, 585983, 135979, 38.9, 43.3, 0.99
M, 659469, 362438, 632741, 881431, 394394, 107935, 586556, 136009, 38.9, 43.3, 1.00
M, 660489, 362247, 632585, 882754, 394792, 107955, 587267, 136059, 38.9, 43.3, 1.00
M, 663148, 362494, 634289, 886000, 395617, 108068, 588301, 136505, 38.9, 43.3, 1.00
M, 664439, 362680, 634127, 887062, 396206, 108086, 589081, 136573, 38.9, 43.3, 1.00
M, 665274, 362726, 633682, 888033, 396672, 108051, 589712, 136492, 38.9, 43.3, 1.01
M, 665941, 362690, 633403, 888899, 397064, 108038, 590289, 136497, 38.9, 43.3, 1.00
M, 666943, 362736, 632907, 889746, 397583, 108022, 591008, 136508, 38.9, 43.3, 1.01
M, 667658, 362762, 632891, 890857, 397833, 108029, 591424, 136538, 38.9, 43.3, 0.99
M, 668766, 362934, 633124, 892226, 398301, 108076, 592145, 136621, 38.9, 43.3, 0.99
M, 669870, 363072, 633326, 893519, 398847, 108121, 592794, 136815, 38.9, 43.4, 0.99
M, 671115, 363243, 633418, 894723, 399321, 108103, 593503, 136794, 38.9, 43.4, 0.99
M, 671987, 363427, 633239, 895659, 399813, 108072, 594083, 136824, 38.9, 43.4, 1.00
M, 672667, 363551, 633268, 896862, 400153, 108175, 594636, 136894, 38.9, 43.4, 1.00
M, 673959, 363863, 633605, 898282, 400694, 108164, 595310, 136991, 38.9, 43.4, 1.00
M, 674541, 364008, 633418, 899063, 400991, 108205, 595735, 137022, 38.9, 43.4, 1.00
M, 675861, 364302, 634010, 900649, 401584, 108250, 596416, 137208, 38.9, 43.4, 1.00
M, 676925, 364593, 634173, 901806, 402084, 108261, 597066, 137234, 38.9, 43.4, 1.01
M, 677784, 364825, 634354, 902856, 402481, 108284, 597564, 137245, 38.9, 43.4, 0.99
M, 678475, 365007, 634355, 903836, 402806, 108325, 598034, 137317, 38.9, 43.4, 1.00
M, 679549, 365312, 634899, 905305, 403325, 108410, 598660, 137404, 38.9, 43.4, 1.00
M, 680441, 365677, 634913, 906224, 403767, 108427, 599162, 137399, 38.9, 43.4, 1.00
M, 681148, 365932, 634975, 907043, 404074, 108418, 599650, 137400, 38.9, 43.4, 1.00
M, 683049, 366361, 636640, 909851, 404790, 108640, 600406, 137799, 38.9, 43.4, 1.00
M, 684063, 366833, 636918, 910937, 405176, 108641, 600956, 137838, 38.9, 43.4, 0.99
M, 684393, 367113, 636857, 911626, 405447, 108697, 601283, 137838, 38.9, 43.4, 1.00
M, 685123, 367370, 636813, 912260, 405874, 108656, 601834, 137777, 38.9, 43.5, 0.99
M, 685556, 367637, 636723, 912826, 406133, 108731, 602142, 137839, 38.9, 43.5, 0.99
M, 685849, 367918, 636595, 913621, 406480, 108709, 602559, 137778, 38.9, 43.5, 1.01
M, 686245, 368022, 636718, 914233, 406595, 108793, 602810, 137822, 38.9, 43.5, 0.99
M, 686944, 368339, 636956, 915267, 406958, 108811, 603222, 137963, 38.9, 43.5, 1.00
M, 687527, 368516, 637081, 915997, 407202, 108792, 603603, 137940, 38.9, 43.5, 1.00
M, 688370, 368919, 637392, 916950, 407625, 108857, 604055, 137929, 38.9, 43.5, 1.00
M, 688807, 369160, 637323, 917591, 407877, 108861, 604413, 138010, 38.9, 43.5, 1.01
M, 689222, 369372, 637556, 918381, 408121, 108927, 604682, 138072, 38.9, 43.5, 1.01
M, 689974, 369644, 637889, 919229, 408515, 108906, 605096, 138086, 38.8, 43.5, 1.00
M, 690386, 369906, 637898, 920091, 408684, 108981, 605440, 138153, 38.8, 43.5, 0.99
M, 691053, 370264, 638346, 921052, 409038, 109038, 605807, 138189, 38.8, 43.5, 0.99
M, 691809, 370532, 638536, 921732, 409280, 109078, 606175, 138218, 38.8, 43.5, 0.99
M, 692027, 370743, 638417, 922142, 409514, 109079, 606464, 138190, 38.8, 43.5, 1.01
M, 692348, 370856, 638546, 922950, 409694, 109098, 606726, 138247, 38.8, 43.5, 1.00
M, 693043, 371236, 638902, 923878, 410047, 109144, 607148, 138317, 38.8, 43.5, 1.00
M, 693512, 371501, 639181, 924602, 410313, 109181, 607447, 138341, 38.8, 43.5, 1.01
M, 695924, 372101, 641601, 927672, 410956, 109438, 608170, 138779, 38.8, 43.6, 0.99
M, 696325, 372513, 641499, 927913, 411277, 109464, 608492, 138758, 38.8, 43.6, 0.99
M, 696316, 372664, 641307, 928088, 411356, 109405, 608656, 138678, 38.8, 43.6, 0.99
M, 696627, 372937, 641473, 928883, 411565, 109533, 608896, 138690, 38.8, 43.6, 1.00
M, 696377, 373157, 641025, 928824, 411733, 109533, 609061, 138586, 38.8, 43.6, 0.99
M, 696675, 373223, 640932, 929168, 411777, 109576, 609171, 138667, 38.8, 43.6, 1.01
M, 696905, 373536, 640915, 929621, 412061, 109540, 609536, 138630, 38.8, 43.6, 1.00
M, 696951, 373579, 640861, 929866, 412116, 109568, 609645, 138622, 38.8, 43.6, 0.99
M, 697523, 373788, 641232, 930469, 412326, 109586, 609850, 138657, 38.8, 43.6, 1.00
M, 697746, 373986, 641292, 930992, 412430, 109632, 610054, 138625, 38.8, 43.6, 1.00
M, 697989, 374168, 641333, 931490, 412694, 109695, 610296, 138684, 38.8, 43.6, 1.00
M, 698609, 374424, 641852, 932399, 412876, 109730, 610628, 138817, 38.8, 43.6, 0.99
M, 699084, 374669, 642072, 933052, 413192, 109764, 610898, 138728, 38.8, 43.6, 1.00
M, 699347, 374798, 642098, 933357, 413261, 109784, 611035, 138726, 38.8, 43.6, 1.00
M, 699403, 374934, 642042, 933762, 413421, 109806, 611235, 138775, 38.8, 43.6, 0.99
M, 699945, 375124, 642363, 934551, 413615, 109801, 611451, 138880, 38.8, 43.6, 1.00
M, 700255, 375380, 642412, 934724, 413735, 109795, 611710, 138781, 38.8, 43.6, 1.00
M, 700411, 375532, 642408, 935098, 413922, 109862, 611872, 138759, 38.8, 43.6, 1.00
M, 700648, 375671, 642474, 935557, 414007, 109891, 612000, 138807, 38.8, 43.6, 1.00
M, 701012, 375850, 642927, 936299, 414230, 109943, 612273, 138834, 38.8, 43.6, 1.00
M, 702764, 376220, 644696, 938594, 414680, 110120, 612856, 139178, 38.8, 43.6, 1.00
M, 703027, 376635, 644854, 938990, 414894, 110128, 613134, 139241, 38.8, 43.7, 1.00
M, 703191, 376764, 644826, 939168, 415043, 110163, 613233, 139069, 38.8, 43.7, 1.00
M, 702995, 376826, 644465, 939136, 415040, 110121, 613263, 139070, 38.8, 43.7, 1.00
M, 703162, 376981, 644642, 939646, 415136, 110123, 613396, 139133, 38.8, 43.7, 1.00
M, 703058, 377126, 644238, 939295, 415228, 110190, 613540, 139026, 38.8, 43.7, 1.00
M, 703030, 377137, 644194, 939657, 415257, 110208, 613650, 139039, 38.8, 43.7, 1.00
M, 703108, 377393, 643998, 939612, 415466, 110180, 613740, 138948, 38.8, 43.7, 1.00
M, 702638, 377223, 643446, 939256, 415252, 110123, 613644, 138884, 38.8, 43.7, 1.00
M, 703150, 377393, 643986, 940206, 415526, 110203, 613940, 139012, 38.8, 43.7, 1.00
M, 703503, 377411, 644245, 940726, 415679, 110221, 614079, 138980, 38.8, 43.7, 1.00
M, 703356, 377544, 643902, 940652, 415647, 110196, 614226, 138991, 38.8, 43.7, 1.00
M, 703819, 377695, 644122, 941090, 415875, 110306, 614402, 138984, 38.8, 43.7, 1.01
M, 703961, 377835, 644086, 941186, 416074, 110250, 614523, 138944, 38.8, 43.7, 1.00
M, 704156, 377853, 644364, 941746, 416146, 110308, 614699, 138987, 38.8, 43.8, 1.00
M, 704511, 378014, 644587, 942292, 416181, 110297, 614865, 139087, 38.8, 43.8, 1.00
M, 705140, 378248, 645191, 943198, 416496, 110414, 615173, 139106, 38.8, 43.8, 0.99
M, 705321, 378369, 645242, 943557, 416553, 110373, 615348, 139229, 38.8, 43.8, 1.00
M, 705398, 378411, 645435, 943917, 416663, 110471, 615444, 139219, 38.8, 43.8, 1.01
M, 706037, 378700, 645851, 944531, 416921, 110480, 615691, 139143, 38.8, 43.8, 1.00
M, 707929, 379001, 647844, 946981, 417334, 110697, 616192, 139552, 38.8, 43.8, 1.00
M, 708063, 379332, 648010, 947386, 417549, 110677, 616427, 139591, 38.8, 43.8, 1.01
M, 708082, 379465, 647962, 947401, 417623, 110739, 616494, 139533, 38.8, 43.8, 1.01
M, 708132, 379501, 647796, 947335, 417670, 110724, 616591, 139438, 38.8, 43.8, 1.00
M, 707812, 379567, 647544, 947304, 417685, 110743, 616549, 139428, 38.8, 43.8, 1.00
M, 708080, 379678, 647962, 947761, 417788, 110816, 616683, 139460, 38.8, 43.8, 1.00
M, 707806, 379847, 647493, 947595, 417851, 110775, 616785, 139403, 38.8, 43.8, 1.00
M, 707923, 379869, 647583, 947829, 417867, 110841, 616752, 139385, 38.8, 43.8, 0.99
M, 708133, 380006, 647616, 947987, 417968, 110732, 616937, 139354, 38.8, 43.8, 1.00
M, 708088, 379975, 647665, 948128, 418048, 110818, 616972, 139309, 38.8, 43.8, 1.01
M, 708336, 380071, 648021, 948769, 418089, 110880, 617253, 139419, 38.8, 43.8, 1.00
M, 708411, 380091, 648031, 949048, 418201, 110930, 617253, 139361, 38.8, 43.8, 1.00
M, 708670, 380199, 648241, 949144, 418280, 110947, 617370, 139425, 38.8, 43.8, 1.00
M, 709275, 380411, 648811, 949951, 418365, 110938, 617540, 139496, 38.8, 43.8, 1.00
M, 709542, 380537, 648715, 950027, 418580, 111052, 617696, 139442, 38.8, 43.8, 0.99
M, 709366, 380596, 648758, 950223, 418662, 111040, 617769, 139428, 38.8, 43.9, 1.01
M, 709434, 380672, 648948, 950701, 418677, 111031, 617874, 139459, 38.8, 43.9, 1.00
M, 709870, 380817, 649348, 951148, 418809, 111100, 618047, 139516, 38.8, 43.9, 1.00
M, 709922, 380835, 649221, 951190, 418885, 111163, 618156, 139601, 38.8, 43.9, 0.99
M, 710412, 380932, 649762, 951923, 419015, 111162, 618260, 139639, 38.8, 43.9, 0.99
M, 712309, 381463, 652070, 954447, 419492, 111353, 618911, 139944, 38.8, 43.9, 1.00
M, 711996, 381512, 651673, 954063, 419618, 111292, 618901, 139843, 38.8, 43.9, 1.00
M, 711906, 381599, 651560, 954093, 419572, 111308, 618856, 139803, 38.8, 43.9, 1.00
M, 711752, 381672, 651505, 954156, 419559, 111417, 618957, 139771, 38.8, 43.9, 1.01
M, 711863, 381686, 651606, 954393, 419625, 111369, 619024, 139788, 38.8, 43.9, 1.00
M, 712071, 381897, 651645, 954372, 419753, 111436, 619086, 139809, 38.8, 43.9, 1.01
M, 711885, 381870, 651655, 954477, 419735, 111323, 619135, 139684, 38.8, 43.9, 0.99
M, 711495, 381894, 651362, 954261, 419718, 111394, 619120, 139692, 38.8, 43.9, 1.00
M, 711529, 381857, 651282, 954368, 419733, 111468, 619184, 139684, 38.8, 43.9, 1.00
M, 711595, 382057, 651345, 954341, 419809, 111433, 619308, 139602, 38.8, 44.0, 0.99
M, 711533, 381907, 651250, 954401, 419744, 111446, 619273, 139558, 38.8, 44.0, 1.01
M, 711855, 381953, 651558, 954981, 419894, 111414, 619332, 139607, 38.8, 44.0, 1.00
M, 712062, 382112, 651779, 955149, 419997, 111552, 619497, 139640, 38.8, 44.0, 0.99
M, 712084, 382115, 651935, 955481, 420020, 111541, 619520, 139722, 38.8, 44.0, 0.99
M, 712513, 382225, 652365, 956030, 420141, 111585, 619725, 139747, 38.8, 44.0, 1.00
M, 712794, 382362, 652505, 956091, 420287, 111632, 619858, 139773, 38.8, 44.0, 1.01
M, 712606, 382321, 652499, 956204, 420274, 111640, 619856, 139702, 38.8, 44.0, 1.01
M, 712565, 382397, 652553, 956463, 420270, 111654, 619894, 139676, 38.8, 44.0, 1.00
M, 712831, 382463, 652880, 956865, 420381, 111702, 620063, 139769, 38.8, 44.0, 1.01
M, 713082, 382525, 653074, 957113, 420469, 111710, 620144, 139809, 38.8, 44.0, 1.01
M, 715041, 382964, 655456, 959745, 420984, 111887, 620699, 140260, 38.8, 44.0, 1.00
M, 715196, 383220, 655332, 959434, 421088, 111920, 620763, 140129, 38.8, 44.0, 0.99
M, 714881, 383146, 655113, 959284, 421062, 111841, 620701, 139980, 38.8, 44.0, 1.00
M, 714902, 383212, 655283, 959664, 421078, 111961, 620746, 140026, 38.8, 44.0, 0.99
M, 714743, 383231, 655224, 959549, 421123, 111948, 620827, 140042, 38.8, 44.0, 0.99
M, 714849, 383287, 655288, 959714, 421110, 111913, 620812, 140057, 38.8, 44.0, 1.00
M, 714585, 383338, 654995, 959320, 421092, 111934, 620798, 139857, 38.8, 44.0, 1.01
M, 714330, 383226, 654910, 959264, 421080, 111926, 620798, 139883, 38.8, 44.0, 1.00
M, 714189, 383288, 654690, 959068, 421122, 111958, 620792, 139871, 38.8, 44.0, 1.01
M, 714197, 383211, 654792, 959268, 421077, 111972, 620790, 139867, 38.8, 44.0, 0.99
M, 714333, 383332, 655111, 959651, 421170, 112005, 620922, 139964, 38.8, 44.0, 0.99
M, 714539, 383388, 655377, 959906, 421250, 112012, 621010, 139970, 38.8, 44.0, 0.99
M, 714673, 383409, 655445, 959959, 421287, 112062, 621088, 139894, 38.8, 44.0, 1.00
M, 714422, 383323, 655241, 959715, 421245, 112010, 621070, 139866, 38.8, 44.0, 0.99
M, 714425, 383381, 655340, 959981, 421257, 111996, 621085, 139858, 38.8, 44.0, 1.01
M, 714770, 383428, 655763, 960529, 421401, 112087, 621261, 140009, 38.8, 44.0, 1.01
M, 714863, 383464, 655934, 960646, 421456, 112166, 621343, 140008, 38.8, 44.0, 1.01
M, 715354, 383654, 656419, 961165, 421628, 112199, 621425, 140013, 38.8, 44.0, 0.99
M, 715529, 383701, 656521, 961257, 421612, 112150, 621530, 139978, 38.8, 44.0, 0.99
M, 715543, 383713, 656508, 961356, 421587, 112203, 621564, 139958, 38.8, 44.0, 1.00
M, 717043, 383998, 658426, 963585, 421986, 112415, 621985, 140352, 38.8, 44.0, 1.00
M, 717200, 384213, 658622, 963567, 422083, 112377, 622104, 140283, 38.8, 44.1, 1.00
M, 716988, 384142, 658381, 963390, 422081, 112400, 622072, 140344, 38.8, 44.1, 1.00
M, 717147, 384229, 658687, 963718, 422111, 112437, 622104, 140266, 38.8, 44.1, 1.00
M, 716903, 384273, 658664, 963647, 422171, 112431, 622099, 140211, 38.8, 44.1, 1.00
M, 716688, 384226, 658452, 963589, 422115, 112432, 622060, 140145, 38.8, 44.1, 1.01
M, 716676, 384251, 658573, 963471, 422145, 112374, 622128, 140153, 38.8, 44.1, 1.00
M, 716484, 384205, 658360, 963210, 422156, 112444, 622106, 140099, 38.8, 44.1, 1.01
M, 716221, 384226, 658065, 962997, 422070, 112388, 622063, 140068, 38.8, 44.1, 1.00
M, 716167, 384255, 658110, 963082, 422132, 112446, 622096, 140049, 38.8, 44.1, 0.99
M, 716024, 384170, 658068, 962993, 422080, 112456, 622065, 139954, 38.8, 44.1, 1.00
M, 716285, 384244, 658407, 963469, 422132, 112515, 622147, 140120, 38.8, 44.1, 1.01
M, 716373, 384279, 658566, 963646, 422177, 112563, 622297, 140131, 38.8, 44.1, 1.00
M, 716614, 384297, 658819, 963641, 422311, 112598, 622334, 140075, 38.8, 44.1, 1.00
M, 716465, 384328, 658808, 963810, 422153, 112506, 622332, 140088, 38.8, 44.1, 1.00
M, 716769, 384448, 659140, 964251, 422387, 112605, 622433, 140080, 38.8, 44.1, 1.00
M, 716187, 384345, 658520, 963455, 422236, 112535, 622311, 140007, 38.8, 44.1, 0.99
M, 716280, 384228, 658620, 962878, 422187, 112421, 622310, 139687, 38.8, 44.1, 1.00
M, 715910, 384056, 658198, 963283, 422161, 112541, 622351, 139992, 38.8, 44.1, 1.00
M, 716201, 384172, 658425, 963238, 422227, 112502, 622340, 139870, 38.8, 44.1, 1.00
M, 718010, 384469, 660593, 965702, 422688, 112747, 622880, 140315, 38.8, 44.1, 0.99
M, 718183, 384610, 660934, 966157, 422811, 112804, 623020, 140314, 38.8, 44.1, 1.00
M, 717982, 384668, 660863, 966078, 422860, 112771, 623047, 140354, 38.8, 44.1, 0.99
M, 718160, 384725, 660982, 966186, 422863, 112794, 623074, 140320, 38.8, 44.1, 1.01
M, 718063, 384740, 661049, 966314, 422980, 112871, 623014, 140310, 38.8, 44.1, 1.00
M, 718304, 384831, 661365, 966453, 423001, 112926, 623180, 140275, 38.8, 44.1, 1.00
M, 717881, 384685, 660867, 965936, 422893, 112786, 623065, 140192, 38.8, 44.1, 1.01
M, 718095, 384728, 661255, 966471, 422905, 112866, 623179, 140254, 38.8, 44.1, 1.00
M, 717779, 384782, 661033, 965961, 422962, 112899, 623172, 140207, 38.8, 44.2, 0.99
M, 717656, 384701, 661012, 966199, 422940, 112936, 623158, 140233, 38.8, 44.2, 1.01
M, 717703, 384812, 661029, 966146, 422998, 112894, 623160, 140121, 38.8, 44.2, 1.01
M, 717682, 384665, 661088, 966218, 423001, 112908, 623187, 140165, 38.8, 44.2, 0.99
M, 717947, 384811, 661463, 966563, 423038, 112998, 623277, 140275, 38.8, 44.2, 1.00
M, 718084, 384768, 661608, 966643, 423090, 113010, 623303, 140248, 38.8, 44.2, 1.00
M, 718099, 384851, 661788, 966918, 423113, 113013, 623362, 140266, 38.8, 44.2, 0.99
M, 718427, 384912, 662248, 967324, 423232, 113021, 623510, 140327, 38.8, 44.2, 1.00
M, 718742, 385014, 662593, 967536, 423246, 113007, 623576, 140290, 38.8, 44.2, 1.00
M, 718471, 384931, 662531, 967441, 423241, 113014, 623557, 140217, 38.8, 44.2, 1.01
M, 718381, 385001, 662508, 967485, 423228, 113059, 623609, 140259, 38.8, 44.2, 1.01
M, 718672, 385033, 662839, 967916, 423393, 113163, 623677, 140344, 38.8, 44.2, 0.99
M, 720463, 385303, 664926, 970012, 423714, 113307, 624089, 140693, 38.8, 44.2, 1.01
M, 720625, 385562, 665263, 970444, 423918, 113263, 624286, 140656, 38.8, 44.2, 1.00
M, 720518, 385562, 664968, 969980, 423800, 113305, 624139, 140529, 38.8, 44.2, 0.99
M, 720166, 385500, 664785, 969623, 423735, 113282, 624041, 140418, 38.8, 44.2, 1.00
M, 720052, 385483, 664856, 969744, 423670, 113317, 624059, 140438, 38.8, 44.2, 1.00
M, 719648, 385430, 664587, 969349, 423724, 113338, 623966, 140390, 38.8, 44.2, 0.99
M, 719863, 385502, 664812, 969342, 423719, 113342, 624011, 140380, 38.8, 44.2, 1.01
M, 719619, 385476, 664675, 969189, 423673, 113341, 623986, 140324, 38.8, 44.2, 1.01
M, 719471, 385492, 664778, 969494, 423758, 113348, 624045, 140409, 38.8, 44.2, 1.01
M, 719279, 385485, 664376, 968841, 423705, 113360, 623997, 140347, 38.8, 44.2, 1.01
M, 719166, 385374, 664503, 969038, 423675, 113374, 623964, 140391, 38.8, 44.2, 1.00
M, 718945, 385499, 664355, 968849, 423684, 113323, 624028, 140350, 38.8, 44.2, 1.00
M, 719083, 385383, 664375, 968698, 423643, 113289, 623959, 140247, 38.8, 44.2, 1.00
M, 718874, 385312, 664537, 968954, 423597, 113340, 623944, 140262, 38.8, 44.2, 1.00
M, 719129, 385330, 664743, 969156, 423692, 113410, 624054, 140304, 38.8, 44.2, 1.00
M, 719038, 385313, 664860, 969203, 423722, 113403, 624072, 140348, 38.8, 44.2, 1.01
M, 719460, 385425, 665343, 969616, 423828, 113477, 624274, 140476, 38.8, 44.2, 1.00
M, 719736, 385361, 665558, 969808, 423897, 113445, 624292, 140417, 38.8, 44.2, 1.00
M, 719626, 385443, 665567, 969757, 423859, 113483, 624253, 140397, 38.8, 44.2, 1.01
M, 719707, 385398, 665600, 969864, 423844, 113539, 624355, 140421, 38.8, 44.2, 1.00
M, 721637, 385781, 667989, 972378, 424352, 113708, 624805, 140780, 38.8, 44.2, 0.99
M, 721416, 385879, 667859, 972199, 424341, 113644, 624829, 140737, 38.8, 44.2, 1.00
M, 721437, 385912, 667973, 972282, 424406, 113660, 624847, 140684, 38.8, 44.3, 1.00
M, 721278, 385887, 668023, 972058, 424304, 113728, 624806, 140632, 38.8, 44.3, 1.01
M, 721016, 385876, 667788, 971798, 424341, 113677, 624780, 140575, 38.8, 44.3, 0.99
M, 720766, 385855, 667677, 971696, 424315, 113689, 624720, 140586, 38.8, 44.3, 0.99
M, 720806, 385910, 667850, 971778, 424304, 113699, 624766, 140640, 38.8, 44.3, 1.00
M, 720760, 385882, 667927, 971713, 424311, 113707, 624702, 140580, 38.8, 44.3, 0.99
M, 721010, 385959, 668108, 971850, 424356, 113749, 624805, 140552, 38.8, 44.3, 1.01
M, 720795, 385927, 668057, 971677, 424358, 113774, 624761, 140527, 38.8, 44.3, 1.00
M, 720500, 385916, 667918, 971435, 424343, 113749, 624760, 140461, 38.8, 44.3, 1.01
M, 720377, 385772, 667888, 971467, 424251, 113719, 624593, 140438, 38.8, 44.3, 0.99
M, 720195, 385843, 667695, 970946, 424279, 113791, 624694, 140417, 38.8, 44.3, 1.00
M, 720058, 385714, 667641, 970945, 424205, 113752, 624617, 140424, 38.8, 44.3, 1.01
M, 720170, 385735, 668061, 971347, 424213, 113760, 624721, 140538, 38.8, 44.3, 1.00
M, 720236, 385740, 668115, 971457, 424231, 113771, 624789, 140411, 38.8, 44.3, 1.00
M, 720264, 385695, 668114, 971378, 424213, 113766, 624752, 140425, 38.8, 44.3, 0.99
M, 720651, 385737, 668766, 971859, 424324, 113867, 624856, 140583, 38.8, 44.3, 1.01
M, 720381, 385704, 668377, 971513, 424319, 113812, 624789, 140396, 38.8, 44.3, 1.00
M, 720378, 385663, 668329, 971377, 424351, 113806, 624811, 140431, 38.8, 44.3, 1.00
A, 726484, 386429, 675323, 979149, 425434, 114405, 626267, 141918, 38.8, 44.3, 0.00
A, 736008, 388890, 687329, 992406, 428029, 115552, 628912, 144231, 38.8, 44.3, 0.67
A, 743959, 391244, 696940, 1002163, 430097, 116375, 630791, 145766, 38.8, 44.3, 0.76
A, 748747, 392999, 703621, 1008549, 431298, 117071, 631800, 146719, 38.8, 44.3, 0.83
A, 752144, 394507, 708785, 1013691, 432139, 117698, 632449, 147395, 38.8, 44.3, 0.90
A, 754568, 395834, 713017, 1017335, 432785, 118197, 632914, 147853, 38.8, 44.3, 0.93
A, 756330, 397087, 716349, 1019922, 433246, 118604, 633180, 148332, 38.8, 44.3, 0.96
A, 757250, 398052, 719413, 1021770, 433538, 118933, 633220, 148552, 38.8, 44.2, 0.98
A, 757916, 399133, 722208, 1023298, 433705, 119233, 633210, 148718, 38.8, 44.2, 0.99
A, 757715, 399876, 723865, 1023627, 433652, 119453, 632913, 148760, 38.8, 44.2, 0.99
A, 757466, 400447, 725428, 1024006, 433622, 119729, 632643, 148828, 38.8, 44.2, 0.99
A, 756527, 401099, 726535, 1023237, 433390, 119926, 632142, 148786, 38.8, 44.2, 0.99
A, 755759, 401358, 727318, 1022889, 433098, 120018, 631646, 148785, 38.8, 44.2, 1.00
A, 754683, 401971, 728411, 1021864, 432761, 120211, 631041, 148699, 38.8, 44.2, 0.99
A, 753718, 401984, 728853, 1021155, 432395, 120263, 630513, 148642, 38.8, 44.2, 0.99
A, 752955, 402278, 729693, 1020485, 432085, 120366, 630074, 148676, 38.8, 44.2, 0.98
A, 751962, 402474, 730265, 1019534, 431759, 120491, 629510, 148613, 38.8, 44.2, 1.00
A, 750898, 402580, 730791, 1018602, 431360, 120509, 628841, 148596, 38.8, 44.2, 1.00
A, 750036, 402709, 731515, 1017879, 431025, 120736, 628380, 148575, 38.8, 44.2, 1.01
A, 748865, 402803, 732074, 1016470, 430575, 120751, 627766, 148456, 38.8, 44.2, 1.00
A, 749268, 403039, 734278, 1017304, 430471, 120932, 627488, 148754, 38.8, 44.2, 0.99
A, 748099, 403181, 734382, 1016073, 430151, 120963, 626981, 148593, 38.8, 44.2, 1.00
A, 746435, 403026, 734205, 1014317, 429601, 120981, 626210, 148462, 38.8, 44.2, 1.00
A, 745064, 402838, 734104, 1012451, 429022, 120956, 625541, 148242, 38.8, 44.2, 0.99
A, 743460, 402635, 733756, 1010702, 428518, 120954, 624772, 148115, 38.8, 44.2, 1.01
A, 741949, 402372, 733545, 1009379, 427985, 120908, 624189, 148035, 38.8, 44.2, 1.00
A, 741129, 402153, 733726, 1008182, 427539, 120938, 623666, 147969, 38.8, 44.2, 1.00
A, 739962, 401989, 733747, 1006923, 427131, 120968, 623111, 147853, 38.8, 44.2, 1.01
A, 739161, 401826, 734079, 1005979, 426750, 120948, 622641, 147841, 38.8, 44.2, 1.01
A, 738109, 401547, 734118, 1004366, 426302, 120979, 622086, 147739, 38.8, 44.2, 0.99
A, 736878, 401243, 733977, 1003016, 425815, 120908, 621491, 147633, 38.8, 44.2, 1.00
A, 736125, 400998, 734149, 1002290, 425546, 121021, 621083, 147673, 38.8, 44.2, 1.00
A, 734742, 400667, 733761, 1000519, 425101, 120938, 620459, 147491, 38.7, 44.2, 1.01
A, 733727, 400352, 733520, 999272, 424650, 120866, 620021, 147411, 38.7, 44.2, 1.00
A, 732518, 399983, 733457, 997865, 424197, 120783, 619433, 147278, 38.7, 44.2, 1.01
A, 731890, 399643, 733465, 997114, 423873, 120784, 619038, 147252, 38.7, 44.2, 1.01
A, 731515, 399483, 733854, 996487, 423605, 120847, 618702, 147267, 38.7, 44.2, 0.99
A, 730817, 399136, 734120, 995773, 423317, 120820, 618339, 147233, 38.7, 44.2, 1.00
A, 730205, 398923, 734088, 994909, 422977, 120870, 617981, 147210, 38.7, 44.2, 0.99
A, 729849, 398724, 734583, 994426, 422799, 120900, 617732, 147260, 38.7, 44.2, 1.00
A, 731100, 398792, 737218, 995963, 422968, 121073, 617805, 147585, 38.7, 44.2, 1.00
A, 730198, 398604, 736783, 994603, 422700, 121107, 617370, 147468, 38.7, 44.2, 0.99
A, 729386, 398353, 736652, 993697, 422386, 121051, 617029, 147428, 38.7, 44.2, 0.99
A, 728531, 398002, 736308, 992422, 421930, 121023, 616591, 147238, 38.7, 44.2, 1.00
A, 727687, 397664, 736309, 991499, 421629, 120961, 616160, 147199, 38.7, 44.2, 1.00
A, 727213, 397486, 736559, 990911, 421405, 120933, 615901, 147210, 38.7, 44.2, 1.00
A, 726461, 397127, 736503, 989821, 421119, 120888, 615425, 147082, 38.7, 44.2, 1.01
A, 725660, 396869, 736249, 988797, 420785, 120915, 615087, 146941, 38.7, 44.2, 1.00
A, 725022, 396419, 736231, 988106, 420570, 120935, 614803, 146996, 38.7, 44.2, 1.00
A, 724341, 396206, 736119, 987203, 420247, 120972, 614463, 146941, 38.7, 44.2, 1.01
A, 723906, 395981, 736296, 986280, 420050, 120839, 614107, 146779, 38.7, 44.2, 1.00
A, 723248, 395593, 735949, 985203, 419788, 120785, 613786, 146731, 38.7, 44.2, 0.99
A, 722447, 395280, 735687, 984562, 419458, 120767, 613444, 146672, 38.7, 44.2, 1.00
A, 721961, 395009, 735676, 983660, 419295, 120773, 613182, 146623, 38.7, 44.2, 1.01
A, 721466, 394751, 735608, 983149, 419026, 120778, 612945, 146546, 38.7, 44.2, 0.99
A, 720720, 394461, 735383, 981978, 418868, 120725, 612642, 146527, 38.7, 44.2, 0.99
A, 720321, 394108, 735356, 981160, 418567, 120651, 612360, 146415, 38.7, 44.2, 1.00
A, 720019, 393857, 735595, 981136, 418321, 120722, 612177, 146443, 38.7, 44.2, 1.00
A, 719685, 393638, 735635, 980615, 418248, 120674, 612030, 146449, 38.7, 44.2, 1.00
A, 719367, 393437, 735630, 979991, 418035, 120648, 611726, 146449, 38.7, 44.2, 1.00
A, 721064, 393544, 738219, 981959, 418330, 120885, 612080, 146901, 38.7, 44.2, 1.01
A, 720310, 393375, 738033, 980902, 418101, 120791, 611781, 146685, 38.7, 44.2, 1.00
A, 719535, 393151, 737702, 979983, 417911, 120794, 611454, 146634, 38.7, 44.2, 1.01
A, 718995, 392927, 737561, 979373, 417703, 120732, 611219, 146553, 38.7, 44.2, 1.00
A, 718725, 392678, 737580, 979020, 417509, 120782, 610992, 146490, 38.7, 44.2, 1.00
A, 717541, 392292, 736674, 977501, 417123, 120704, 610590, 146379, 38.7, 44.2, 1.00
A, 717412, 392080, 737039, 977346, 417096, 120733, 610548, 146436, 38.7, 44.2, 0.99
A, 717236, 391956, 737235, 976752, 416965, 120689, 610337, 146289, 38.7, 44.2, 1.00
A, 716668, 391604, 737073, 976055, 416715, 120668, 610040, 146254, 38.7, 44.2, 1.01
A, 716451, 391513, 737059, 975751, 416606, 120642, 609907, 146249, 38.7, 44.2, 1.00
A, 716142, 391242, 737044, 975169, 416428, 120574, 609710, 146129, 38.7, 44.2, 1.00
A, 715980, 391110, 737403, 975086, 416365, 120647, 609668, 146272, 38.7, 44.2, 1.00
A, 715624, 390870, 737314, 974390, 416213, 120588, 609408, 146261, 38.7, 44.2, 1.01
A, 715329, 390688, 737342, 973908, 416107, 120547, 609226, 146138, 38.7, 44.2, 1.00
A, 714742, 390461, 737006, 973241, 416013, 120544, 609033, 146099, 38.7, 44.2, 1.01
A, 714338, 390215, 737013, 972899, 415726, 120582, 608893, 146131, 38.7, 44.2, 1.00
A, 713916, 390137, 736897, 972132, 415655, 120493, 608652, 146080, 38.7, 44.2, 1.01
A, 713735, 389870, 736802, 971582, 415516, 120453, 608539, 145922, 38.7, 44.2, 1.01
A, 713535, 389674, 737106, 971581, 415472, 120506, 608415, 146033, 38.7, 44.2, 1.00
A, 713289, 389490, 737070, 971197, 415274, 120478, 608297, 146019, 38.7, 44.2, 1.00
A, 714764, 389650, 739228, 972961, 415501, 120698, 608506, 146401, 38.7, 44.2, 1.00
A, 714723, 389692, 739486, 972721, 415576, 120656, 608511, 146318, 38.7, 44.2, 1.01
A, 714234, 389551, 738982, 971649, 415307, 120600, 608261, 146212, 38.7, 44.2, 1.00
A, 713656, 389262, 738768, 970854, 415181, 120513, 607989, 146141, 38.7, 44.2, 1.01
A, 713066, 389088, 738584, 970587, 415044, 120537, 607806, 146042, 38.7, 44.2, 1.01
A, 712437, 388769, 738022, 969589, 414792, 120443, 607578, 145932, 38.7, 44.2, 0.99
A, 712148, 388628, 737934, 969219, 414609, 120468, 607457, 145984, 38.7, 44.2, 1.00
A, 712129, 388555, 738250, 969087, 414655, 120484, 607382, 145952, 38.7, 44.2, 0.99
A, 711894, 388339, 738396, 968657, 414507, 120450, 607225, 145953, 38.7, 44.2, 1.00
A, 711523, 388237, 738255, 968214, 414424, 120462, 607080, 145895, 38.7, 44.2, 1.00
A, 711557, 388046, 738560, 968327, 414340, 120445, 607038, 145918, 38.7, 44.2, 1.01
A, 711257, 387939, 738528, 967986, 414270, 120458, 606927, 145922, 38.7, 44.2, 1.00
A, 711186, 387855, 738715, 967710, 414269, 120465, 606822, 145979, 38.7, 44.2, 0.99
A, 710706, 387769, 738239, 966676, 414150, 120438, 606685, 145841, 38.7, 44.2, 1.01
A, 710479, 387470, 738365, 966475, 413957, 120383, 606555, 145740, 38.7, 44.2, 1.00
A, 709835, 387254, 737912, 965846, 413842, 120336, 606338, 145784, 38.7, 44.2, 1.01
A, 709853, 387151, 737977, 965659, 413717, 120305, 606230, 145728, 38.7, 44.2, 0.99
A, 709920, 387032, 738491, 965862, 413730, 120376, 606221, 145805, 38.7, 44.2, 1.00
A, 709944, 386992, 738745, 965745, 413672, 120308, 606091, 145793, 38.7, 44.2, 1.00
A, 709945, 386905, 738832, 965436, 413673, 120288, 606075, 145766, 38.7, 44.2, 1.01
A, 711450, 387017, 740960, 967136, 413856, 120518, 606370, 146111, 38.7, 44.2, 1.00
A, 710954, 387052, 740777, 966854, 413856, 120520, 606266, 146002, 38.7, 44.2, 1.00
A, 710659, 387012, 740681, 966474, 413764, 120481, 606178, 145997, 38.7, 44.3, 1.01
A, 710352, 386819, 740505, 965872, 413663, 120448, 605998, 146008, 38.7, 44.3, 0.99
A, 710318, 386731, 740784, 965756, 413616, 120465, 605900, 145964, 38.7, 44.3, 1.00
A, 709619, 386525, 740296, 964793, 413413, 120375, 605656, 145816, 38.7, 44.3, 1.00
A, 709066, 386383, 740009, 964386, 413259, 120377, 605499, 145729, 38.7, 44.3, 1.00
A, 709135, 386245, 740252, 964231, 413227, 120340, 605488, 145793, 38.7, 44.3, 1.01
A, 708845, 386126, 740180, 963890, 413156, 120355, 605328, 145712, 38.7, 44.3, 1.00
A, 708781, 386108, 740439, 963889, 413162, 120395, 605297, 145843, 38.7, 44.3, 0.99
A, 708610, 385986, 740400, 963642, 413012, 120350, 605204, 145800, 38.7, 44.3, 1.00
A, 708780, 385935, 740855, 963663, 413105, 120394, 605255, 145788, 38.7, 44.3, 0.99
A, 708321, 385803, 740576, 963140, 412909, 120328, 605101, 145688, 38.7, 44.3, 1.01
A, 708080, 385740, 740397, 962749, 412805, 120311, 604934, 145760, 38.7, 44.3, 1.01
A, 707685, 385552, 740134, 962064, 412691, 120319, 604791, 145553, 38.7, 44.3, 1.01
A, 707453, 385395, 740013, 961661, 412515, 120268, 604670, 145632, 38.7, 44.3, 1.00
A, 707107, 385327, 739788, 961164, 412534, 120246, 604533, 145528, 38.7, 44.3, 1.00
A, 706967, 385138, 739805, 960966, 412416, 120144, 604431, 145472, 38.7, 44.3, 1.00
A, 706838, 385069, 740034, 961088, 412362, 120215, 604405, 145598, 38.7, 44.3, 1.01
A, 706742, 385047, 740083, 960823, 412221, 120147, 604377, 145577, 38.7, 44.3, 1.01
A, 708612, 385252, 742392, 962805, 412682, 120397, 604779, 145909, 38.7, 44.3, 1.01
A, 708248, 385287, 742104, 962358, 412639, 120322, 604673, 145832, 38.7, 44.3, 1.00
A, 708002, 385162, 742295, 962214, 412581, 120398, 604571, 145789, 38.7, 44.3, 1.00
A, 707567, 385026, 742033, 961597, 412470, 120242, 604434, 145720, 38.7, 44.3, 1.00
A, 707268, 384915, 741775, 961136, 412355, 120259, 604282, 145665, 38.7, 44.3, 1.00
A, 707205, 384844, 742060, 961169, 412303, 120350, 604276, 145670, 38.7, 44.3, 0.99
A, 706806, 384770, 741838, 960678, 412227, 120231, 604128, 145672, 38.7, 44.3, 0.99
A, 706975, 384791, 741973, 960433, 412197, 120265, 604102, 145685, 38.7, 44.3, 0.99
A, 706518, 384582, 741874, 960322, 412067, 120234, 604004, 145564, 38.7, 44.3, 1.00
A, 706446, 384524, 741927, 960040, 412060, 120291, 603893, 145564, 38.7, 44.3, 1.00
A, 706173, 384436, 741691, 959652, 411939, 120189, 603785, 145599, 38.7, 44.3, 1.01
A, 706294, 384424, 742095, 959635, 411947, 120263, 603804, 145609, 38.7, 44.3, 0.99
A, 706066, 384313, 741867, 959161, 411868, 120175, 603703, 145534, 38.7, 44.3, 1.00
A, 705638, 384197, 741735, 958770, 411774, 120143, 603571, 145498, 38.7, 44.3, 0.99
A, 705616, 384107, 741964, 958859, 411783, 120129, 603548, 145465, 38.7, 44.3, 1.01
A, 705084, 384029, 741404, 958130, 411671, 120154, 603429, 145391, 38.7, 44.3, 1.00
A, 704874, 383808, 741384, 957967, 411556, 120141, 603268, 145443, 38.7, 44.3, 0.99
A, 704760, 383801, 741352, 957503, 411487, 120060, 603223, 145308, 38.7, 44.3, 1.01
A, 704657, 383653, 741342, 957298, 411366, 120053, 603126, 145348, 38.7, 44.3, 1.00
A, 704647, 383590, 741524, 957443, 411374, 120047, 603110, 145347, 38.7, 44.3, 1.00
A, 706189, 383804, 743675, 959523, 411666, 120271, 603509, 145726, 38.7, 44.3, 1.00
A, 706101, 383875, 743659, 958947, 411705, 120182, 603455, 145715, 38.7, 44.3, 0.99
A, 706018, 383844, 743702, 958989, 411692, 120197, 603374, 145658, 38.7, 44.3, 1.01
A, 705755, 383735, 743562, 958447, 411517, 120169, 603235, 145570, 38.7, 44.3, 1.01
A, 705275, 383595, 743223, 957761, 411473, 120133, 603082, 145526, 38.7, 44.3, 1.00
A, 704925, 383531, 743011, 957593, 411430, 120149, 602988, 145471, 38.7, 44.3, 1.00
A, 704905, 383467, 743159, 957602, 411358, 120144, 602969, 145499, 38.7, 44.3, 1.00
A, 704720, 383416, 742994, 957236, 411315, 120112, 602943, 145521, 38.7, 44.3, 1.00
A, 704775, 383352, 743237, 956987, 411269, 120118, 602877, 145444, 38.7, 44.3, 1.00
A, 704251, 383215, 742956, 956612, 411150, 120069, 602735, 145391, 38.7, 44.3, 1.00
A, 704155, 383205, 743037, 956568, 411122, 120078, 602765, 145406, 38.7, 44.3, 0.99
A, 704117, 383118, 742917, 956302, 411084, 120088, 602636, 145403, 38.7, 44.3, 1.00
A, 704112, 383096, 743258, 956427, 411102, 120091, 602625, 145375, 38.7, 44.3, 1.00
A, 704077, 382972, 742993, 955803, 411013, 120000, 602612, 145322, 38.7, 44.3, 0.99
A, 703471, 382773, 742483, 955065, 410874, 119916, 602396, 145247, 38.7, 44.3, 1.01
A, 703181, 382728, 742507, 955139, 410760, 119973, 602351, 145259, 38.7, 44.3, 1.00
A, 702983, 382658, 742363, 954805, 410824, 119962, 602328, 145232, 38.7, 44.3, 1.01
A, 702988, 382516, 742381, 954645, 410685, 119898, 602229, 145253, 38.7, 44.3, 1.00
A, 702817, 382549, 742319, 954387, 410699, 119843, 602220, 145166, 38.7, 44.3, 1.01
A, 702601, 382319, 742333, 954137, 410629, 119881, 602083, 145191, 38.7, 44.3, 1.00
A, 704445, 382613, 744676, 956384, 410983, 120078, 602553, 145614, 38.7, 44.3, 1.00
A, 704171, 382666, 744614, 956112, 410978, 120049, 602506, 145525, 38.7, 44.3, 1.01
A, 703858, 382613, 744207, 955654, 410910, 120032, 602404, 145422, 38.7, 44.3, 1.00
A, 703778, 382594, 744470, 955707, 410893, 120054, 602381, 145460, 38.7, 44.3, 1.01
A, 703752, 382546, 744343, 955252, 410801, 119971, 602323, 145409, 38.7, 44.3, 1.01
A, 703331, 382455, 744184, 954928, 410731, 119958, 602176, 145324, 38.7, 44.3, 1.00
A, 702925, 382332, 743835, 954528, 410644, 119969, 602079, 145267, 38.7, 44.3, 1.00
A, 703106, 382346, 743985, 954523, 410657, 119997, 602068, 145316, 38.7, 44.3, 1.00
A, 702904, 382248, 743924, 954355, 410557, 119938, 601984, 145272, 38.7, 44.3, 1.00
A, 702961, 382268, 744264, 954445, 410588, 119950, 601976, 145360, 38.7, 44.3, 1.01
A, 702940, 382174, 744242, 954013, 410556, 119903, 601955, 145321, 38.7, 44.3, 1.00
A, 702592, 382021, 744140, 953744, 410449, 119914, 601819, 145229, 38.7, 44.3, 1.00
A, 702615, 382032, 744195, 953995, 410433, 119935, 601868, 145288, 38.7, 44.3, 1.01
A, 702504, 381995, 744288, 953810, 410435, 119894, 601785, 145273, 38.6, 44.3, 0.99
A, 702577, 382006, 744392, 953737, 410444, 119899, 601864, 145297, 38.6, 44.3, 0.99
A, 702549, 381971, 744419, 953507, 410408, 119899, 601818, 145252, 38.7, 44.3, 1.00
A, 702241, 381854, 744324, 953324, 410321, 119834, 601678, 145227, 38.7, 44.3, 0.99
A, 701524, 381677, 743462, 952162, 410186, 119739, 601449, 145011, 38.7, 44.3, 1.00
A, 701275, 381521, 743338, 952145, 410052, 119724, 601429, 145077, 38.7, 44.3, 1.00
A, 700093, 381271, 742015, 950689, 409838, 119654, 601155, 144865, 38.6, 44.3, 1.01
A, 701679, 381321, 743757, 952122, 409957, 119738, 601333, 145142, 38.6, 44.3, 1.00
A, 701901, 381506, 744345, 952720, 410173, 119799, 601564, 145254, 38.6, 44.3, 1.01
A, 701872, 381472, 744444, 952658, 410167, 119787, 601473, 145093, 38.6, 44.3, 1.00
A, 701690, 381484, 744348, 952500, 410164, 119758, 601486, 145235, 38.6, 44.3, 0.99
A, 702050, 381487, 744716, 952700, 410240, 119832, 601557, 145250, 38.6, 44.3, 1.01
A, 701974, 381361, 744783, 952354, 410200, 119801, 601483, 145217, 38.6, 44.3, 1.01
A, 701692, 381407, 744567, 952146, 410092, 119744, 601460, 145174, 38.6, 44.4, 1.00
A, 701749, 381298, 744811, 952150, 410072, 119753, 601405, 145163, 38.6, 44.4, 1.00
A, 701673, 381288, 744823, 952218, 410117, 119755, 601426, 145176, 38.6, 44.4, 1.00
A, 701562, 381299, 744830, 952117, 410048, 119774, 601335, 145183, 38.6, 44.4, 0.99
A, 701820, 381324, 745193, 952368, 410091, 119804, 601420, 145255, 38.7, 44.4, 1.00
A, 701826, 381259, 745406, 952315, 410066, 119790, 601381, 145106, 38.7, 44.4, 1.01
A, 701558, 381248, 745154, 951924, 410085, 119750, 601295, 145146, 38.6, 44.4, 1.00
A, 701541, 381214, 745318, 952096, 410015, 119801, 601327, 145198, 38.6, 44.4, 0.99
A, 701500, 381162, 745409, 951876, 410022, 119731, 601277, 145167, 38.6, 44.4, 0.98
A, 701624, 381231, 745578, 952125, 410002, 119838, 601300, 145205, 38.6, 44.4, 1.00
A, 701435, 381158, 745551, 951723, 409978, 119725, 601252, 145118, 38.6, 44.4, 1.01
A, 701388, 381118, 745488, 951496, 409899, 119714, 601237, 145102, 38.6, 44.4, 0.99
A, 700880, 381028, 745113, 951094, 409888, 119686, 601065, 145052, 38.6, 44.4, 1.00
A, 700887, 380975, 745149, 950958, 409776, 119713, 601056, 145073, 38.6, 44.4, 0.99
A, 702605, 381240, 747327, 953131, 410172, 119912, 601445, 145513, 38.6, 44.4, 0.99
A, 702589, 381409, 747403, 952945, 410256, 119891, 601515, 145383, 38.6, 44.4, 1.00
A, 702290, 381277, 747356, 952706, 410202, 119834, 601352, 145316, 38.6, 44.4, 1.00
A, 701861, 381201, 746971, 952171, 410097, 119824, 601312, 145259, 38.6, 44.4, 1.00
A, 701602, 381131, 746647, 951790, 409984, 119816, 601180, 145281, 38.6, 44.4, 1.00
A, 701523, 381086, 746943, 951836, 409930, 119745, 601169, 145220, 38.6, 44.4, 1.00
A, 700729, 381020, 746038, 950879, 409717, 119719, 600941, 145079, 38.6, 44.4, 0.99
A, 700866, 380930, 746344, 951111, 409807, 119693, 600914, 145209, 38.6, 44.4, 1.00
A, 700939, 380914, 746500, 951018, 409814, 119652, 600912, 145087, 38.6, 44.4, 1.01
A, 700698, 380874, 746306, 950616, 409681, 119713, 600851, 145086, 38.6, 44.4, 1.00
A, 700394, 380778, 746120, 950495, 409630, 119665, 600770, 145066, 38.6, 44.4, 0.99
A, 700702, 380768, 746477, 950649, 409734, 119706, 600844, 145136, 38.6, 44.4, 1.00
A, 700677, 380720, 746450, 950404, 409713, 119706, 600818, 145053, 38.6, 44.4, 1.01
A, 700420, 380693, 746331, 950103, 409613, 119662, 600730, 145045, 38.6, 44.4, 0.99
A, 700197, 380506, 746149, 949878, 409492, 119595, 600608, 144964, 38.6, 44.4, 1.00
A, 700078, 380519, 746220, 949815, 409492, 119578, 600608, 144997, 38.6, 44.4, 1.00
A, 700041, 380475, 746198, 949740, 409458, 119606, 600638, 145077, 38.6, 44.4, 1.00
A, 700160, 380597, 746367, 949780, 409582, 119629, 600719, 145064, 38.6, 44.4, 0.99
A, 700085, 380431, 746341, 949635, 409475, 119549, 600602, 144997, 38.6, 44.4, 1.00
A, 699757, 380442, 746192, 949340, 409468, 119633, 600576, 145000, 38.6, 44.4, 1.00
A, 701017, 380473, 747785, 951041, 409638, 119726, 600809, 145330, 38.6, 44.4, 1.01
A, 701167, 380665, 748109, 951045, 409791, 119717, 600914, 145321, 38.6, 44.4, 1.00
A, 700927, 380643, 747851, 950787, 409740, 119667, 600804, 145248, 38.6, 44.4, 1.00
A, 700687, 380544, 747755, 950344, 409662, 119678, 600716, 145172, 38.6, 44.4, 1.01
A, 700352, 380545, 747321, 949842, 409587, 119657, 600605, 145086, 38.6, 44.4, 1.00
A, 700158, 380397, 747320, 949850, 409464, 119604, 600596, 145049, 38.6, 44.4, 1.01
A, 700137, 380463, 747411, 949813, 409537, 119681, 600558, 145056, 38.6, 44.4, 0.99
A, 699893, 380344, 747309, 949584, 409457, 119621, 600540, 145113, 38.6, 44.4, 1.01
A, 700218, 380396, 747608, 949805, 409469, 119642, 600631, 145153, 38.6, 44.4, 1.00
A, 700082, 380350, 747562, 949457, 409480, 119620, 600556, 145058, 38.6, 44.4, 1.01
A, 699912, 380281, 747410, 949177, 409385, 119550, 600480, 145007, 38.6, 44.5, 1.00
A, 699884, 380275, 747436, 949368, 409381, 119590, 600480, 145036, 38.6, 44.5, 1.01
A, 699833, 380246, 747573, 949205, 409361, 119553, 600378, 144964, 38.6, 44.4, 0.99
A, 699959, 380247, 747762, 949448, 409441, 119630, 600515, 145061, 38.6, 44.4, 1.00
A, 699771, 380289, 747774, 949345, 409319, 119594, 600421, 145120, 38.6, 44.5, 0.99
A, 700110, 380304, 748140, 949406, 409441, 119598, 600507, 145100, 38.6, 44.5, 1.01
A, 699779, 380166, 747868, 949109, 409386, 119578, 600456, 145009, 38.6, 44.5, 1.00
A, 699802, 380201, 748046, 949153, 409332, 119582, 600417, 145101, 38.6, 44.5, 1.01
A, 699487, 380127, 747686, 948421, 409314, 119555, 600375, 144949, 38.6, 44.5, 0.99
A, 699350, 380000, 747595, 948546, 409213, 119515, 600264, 144978, 38.6, 44.5, 0.99
A, 701341, 380421, 750318, 951024, 409731, 119721, 600816, 145427, 38.6, 44.5, 0.99
A, 701076, 380455, 749976, 950491, 409621, 119655, 600710, 145307, 38.6, 44.5, 1.00
A, 700860, 380510, 749934, 950382, 409628, 119683, 600670, 145284, 38.6, 44.5, 1.00
A, 700611, 380423, 749618, 950000, 409493, 119656, 600557, 145203, 38.6, 44.5, 1.00
A, 700125, 380312, 749202, 949572, 409481, 119645, 600463, 145208, 38.6, 44.5, 1.00
A, 699928, 380315, 749088, 949302, 409338, 119633, 600372, 145171, 38.6, 44.5, 1.01
A, 699468, 380201, 748587, 948526, 409296, 119522, 600233, 144977, 38.6, 44.5, 1.00
A, 699063, 380002, 748395, 948228, 409156, 119583, 600136, 144952, 38.6, 44.5, 0.99
A, 699198, 379898, 748397, 948274, 409155, 119527, 600176, 145010, 38.6, 44.5, 1.00
A, 699023, 379879, 748503, 948142, 409104, 119480, 600085, 144992, 38.6, 44.5, 1.01
A, 698929, 379873, 748259, 947892, 409063, 119452, 600053, 144903, 38.6, 44.5, 1.00
A, 698874, 379852, 748131, 947638, 409098, 119474, 600005, 144937, 38.6, 44.5, 1.00
A, 698686, 379785, 748292, 947729, 409026, 119478, 599982, 144868, 38.6, 44.5, 1.00
A, 698845, 379698, 748506, 947881, 409044, 119494, 600074, 144981, 38.6, 44.5, 0.99
A, 698592, 379764, 748335, 947696, 409021, 119499, 600015, 144968, 38.6, 44.5, 1.00
A, 698963, 379770, 748700, 947778, 409073, 119449, 600076, 144999, 38.6, 44.5, 0.98
A, 698906, 379730, 748778, 947579, 409112, 119447, 600036, 144911, 38.6, 44.5, 0.99
A, 698602, 379691, 748527, 947436, 408986, 119436, 599951, 144890, 38.6, 44.5, 1.00
A, 698829, 379690, 748669, 947548, 408982, 119434, 599965, 144935, 38.6, 44.5, 1.00
A, 698410, 379565, 748360, 947138, 408907, 119368, 599872, 144856, 38.6, 44.5, 1.01
A, 699641, 379680, 749993, 948845, 409245, 119562, 600179, 145231, 38.6, 44.5, 1.00
A, 699352, 379873, 749802, 948248, 409246, 119495, 600246, 145037, 38.6, 44.5, 1.01
A, 699235, 379723, 749687, 947968, 409081, 119491, 600091, 145051, 38.6, 44.5, 0.99
A, 699087, 379659, 749715, 948140, 409143, 119541, 600059, 145087, 38.6, 44.5, 1.01
A, 698943, 379646, 749665, 947952, 409067, 119426, 600034, 145073, 38.6, 44.5, 1.00
A, 698858, 379609, 749526, 947618, 409032, 119482, 599945, 145030, 38.6, 44.5, 1.00
A, 698946, 379626, 749685, 947905, 409081, 119449, 599923, 144971, 38.6, 44.5, 1.00
A, 698924, 379589, 749697, 947563, 409016, 119517, 599918, 144994, 38.6, 44.5, 1.00
A, 698741, 379503, 749385, 947163, 408954, 119401, 599871, 144926, 38.6, 44.5, 1.00
A, 698246, 379423, 749137, 946990, 408866, 119360, 599801, 144848, 38.6, 44.5, 0.99
A, 698452, 379382, 749462, 947246, 408969, 119429, 599824, 144937, 38.6, 44.5, 1.01
A, 698364, 379400, 749413, 947150, 408926, 119421, 599788, 144952, 38.6, 44.5, 0.99
A, 698702, 379464, 749742, 947294, 408931, 119420, 599879, 145010, 38.6, 44.5, 1.01
A, 698651, 379416, 749945, 947336, 408946, 119433, 599887, 144957, 38.6, 44.5, 1.00
A, 698031, 379372, 749261, 946675, 408842, 119378, 599701, 144879, 38.6, 44.5, 0.99
A, 698328, 379319, 749626, 946838, 408841, 119371, 599771, 144909, 38.6, 44.5, 1.00
A, 698279, 379295, 749638, 946931, 408848, 119383, 599749, 144945, 38.6, 44.5, 1.01
A, 698239, 379248, 749685, 946892, 408821, 119396, 599779, 144962, 38.6, 44.5, 1.01
A, 698618, 379340, 749835, 946840, 408896, 119376, 599735, 144912, 38.6, 44.5, 1.00
A, 698336, 379307, 749868, 946967, 408842, 119300, 599728, 144920, 38.6, 44.5, 1.01
A, 699938, 379614, 752132, 948874, 409258, 119508, 600267, 145332, 38.6, 44.5, 1.00
A, 699724, 379667, 751777, 948451, 409277, 119463, 600115, 145205, 38.6, 44.5, 1.00
A, 699099, 379649, 751238, 947725, 409115, 119464, 600003, 145020, 38.6, 44.5, 1.00
A, 698739, 379449, 750834, 947205, 408974, 119398, 599840, 144921, 38.6, 44.5, 0.99
A, 698652, 379376, 750807, 947283, 408936, 119372, 599806, 144924, 38.6, 44.5, 1.01
A, 698493, 379305, 750763, 946924, 408852, 119369, 599750, 144901, 38.6, 44.5, 1.00
A, 698174, 379273, 750552, 946864, 408807, 119344, 599630, 144901, 38.6, 44.5, 1.00
A, 698405, 379235, 750816, 946998, 408836, 119385, 599741, 144985, 38.6, 44.5, 1.01
A, 698282, 379291, 750696, 946597, 408790, 119298, 599681, 144880, 38.6, 44.5, 1.00
A, 698119, 379165, 750579, 946479, 408765, 119287, 599658, 144867, 38.6, 44.5, 1.01
A, 698031, 379190, 750719, 946601, 408750, 119338, 599668, 144913, 38.6, 44.5, 1.00
A, 697859, 379088, 750661, 946525, 408701, 119360, 599649, 144900, 38.6, 44.5, 1.01
A, 698213, 379182, 750977, 946606, 408806, 119363, 599664, 144943, 38.6, 44.5, 1.01
A, 698126, 379113, 750961, 946648, 408796, 119384, 599657, 144935, 38.6, 44.5, 1.00
A, 698363, 379223, 751207, 946675, 408841, 119384, 599670, 144977, 38.6, 44.5, 1.01
A, 698231, 379126, 750950, 946338, 408737, 119354, 599655, 144927, 38.6, 44.5, 1.00
A, 698080, 379216, 751131, 946558, 408765, 119335, 599582, 144878, 38.6, 44.5, 1.00
A, 697886, 379141, 751039, 946416, 408795, 119346, 599651, 144909, 38.6, 44.5, 1.00
A, 698032, 379155, 751200, 946534, 408775, 119348, 599615, 145002, 38.6, 44.5, 1.00
A, 698075, 379087, 751248, 946274, 408707, 119380, 599577, 144886, 38.6, 44.6, 1.00
A, 699287, 379307, 753119, 948065, 408965, 119421, 599893, 145210, 38.6, 44.6, 1.00
A, 698909, 379406, 752503, 947270, 409066, 119420, 599879, 145117, 38.6, 44.5, 1.00
A, 698610, 379276, 752382, 947122, 408891, 119405, 599734, 145092, 38.6, 44.5, 1.01
A, 698436, 379294, 752291, 947005, 408844, 119375, 599700, 145012, 38.6, 44.5, 1.00
A, 698386, 379223, 752170, 946873, 408773, 119362, 599652, 145057, 38.6, 44.6, 1.00
A, 698329, 379171, 752296, 946735, 408768, 119372, 599648, 144963, 38.6, 44.6, 1.00
A, 698086, 379127, 752055, 946330, 408731, 119362, 599566, 144955, 38.6, 44.5, 1.00
A, 697721, 379062, 751770, 946141, 408683, 119324, 599547, 144965, 38.6, 44.5, 0.99
A, 697784, 379086, 751956, 946250, 408688, 119304, 599476, 144956, 38.6, 44.6, 1.00
A, 697823, 379078, 751961, 946029, 408641, 119281, 599442, 144968, 38.6, 44.6, 1.00
A, 697948, 379058, 752169, 946391, 408768, 119337, 599563, 144996, 38.6, 44.6, 1.00
A, 697850, 379016, 752166, 946092, 408652, 119337, 599542, 144875, 38.6, 44.6, 1.00
A, 697755, 378995, 752027, 945826, 408607, 119266, 599464, 144894, 38.6, 44.6, 1.00
A, 697769, 378936, 752196, 946030, 408584, 119297, 599409, 144899, 38.6, 44.6, 1.00
A, 697571, 378925, 752107, 945907, 408631, 119287, 599413, 144907, 38.6, 44.6, 1.00
A, 697658, 378933, 752258, 945888, 408600, 119297, 599429, 144985, 38.6, 44.6, 1.00
A, 697694, 378917, 752317, 945942, 408597, 119296, 599456, 144968, 38.6, 44.6, 1.01
A, 697906, 379000, 752729, 946257, 408647, 119340, 599481, 145015, 38.6, 44.6, 1.00
A, 697659, 378882, 752563, 945929, 408572, 119296, 599367, 144909, 38.6, 44.6, 0.99
A, 697658, 378926, 752637, 945871, 408585, 119338, 599413, 144961, 38.6, 44.6, 1.00
A, 699318, 379216, 754911, 947855, 408991, 119496, 599849, 145295, 38.6, 44.6, 0.99
A, 698960, 379268, 754317, 947249, 408949, 119418, 599736, 145143, 38.6, 44.6, 1.00
A, 698304, 379230, 753708, 946636, 408769, 119312, 599557, 145083, 38.6, 44.6, 1.01
A, 697970, 379074, 753378, 946320, 408677, 119294, 599446, 144954, 38.6, 44.6, 0.99
A, 697815, 379020, 753496, 946293, 408664, 119389, 599406, 145054, 38.6, 44.6, 1.00
A, 697709, 378933, 753386, 946184, 408588, 119364, 599419, 144942, 38.6, 44.6, 1.00
A, 697639, 378966, 753261, 945725, 408601, 119253, 599327, 144847, 38.6, 44.6, 1.00
A, 697308, 378837, 752942, 945382, 408499, 119210, 599232, 144765, 38.6, 44.6, 1.01
A, 696664, 378719, 752257, 944725, 408366, 119226, 599155, 144766, 38.6, 44.6, 1.00
A, 696966, 378772, 752571, 945034, 408430, 119218, 599182, 144815, 38.6, 44.6, 1.00
A, 696825, 378636, 752541, 944925, 408340, 119224, 599106, 144836, 38.6, 44.6, 0.99
A, 697045, 378684, 752899, 945148, 408420, 119212, 599235, 144881, 38.6, 44.6, 1.00
A, 697012, 378598, 752897, 944830, 408456, 119220, 599172, 144867, 38.6, 44.6, 1.00
A, 696909, 378582, 752742, 944742, 408325, 119191, 599117, 144811, 38.6, 44.6, 1.00
A, 696895, 378528, 752757, 944766, 408371, 119165, 599157, 144823, 38.6, 44.6, 1.00
A, 696544, 378537, 752619, 944592, 408329, 119168, 599067, 144784, 38.6, 44.6, 0.99
A, 696774, 378529, 752922, 944774, 408358, 119169, 599146, 144834, 38.6, 44.6, 0.99
A, 696835, 378544, 753074, 944961, 408390, 119242, 599192, 144905, 38.6, 44.6, 1.01
A, 696931, 378522, 753145, 944877, 408398, 119180, 599161, 144904, 38.6, 44.6, 1.01
A, 696810, 378455, 752928, 944545, 408361, 119154, 599125, 144864, 38.6, 44.6, 1.00
A, 698246, 378630, 755000, 946684, 408600, 119328, 599455, 145114, 38.6, 44.6, 1.00
A, 697992, 378813, 754688, 946049, 408773, 119319, 599462, 145062, 38.6, 44.6, 1.00
A, 697627, 378737, 754375, 945881, 408594, 119266, 599360, 145119, 38.6, 44.6, 1.00
A, 697400, 378788, 754155, 945396, 408574, 119198, 599311, 144952, 38.6, 44.6, 1.01
A, 697123, 378640, 753916, 945174, 408476, 119221, 599158, 144894, 38.6, 44.6, 0.99
A, 697195, 378621, 753976, 945210, 408454, 119253, 599150, 144946, 38.6, 44.6, 1.00
A, 697125, 378619, 754033, 945107, 408471, 119246, 599160, 144921, 38.6, 44.6, 0.99
A, 697038, 378571, 753982, 945076, 408441, 119189, 599142, 144844, 38.6, 44.6, 1.00
A, 697155, 378584, 754288, 945294, 408418, 119159, 599171, 144962, 38.6, 44.6, 1.00
A, 697167, 378475, 754368, 945108, 408438, 119245, 599245, 144929, 38.6, 44.6, 1.01
A, 696964, 378537, 754228, 945047, 408390, 119111, 599101, 144877, 38.6, 44.6, 1.00
A, 696927, 378561, 754293, 945031, 408382, 119210, 599094, 144889, 38.6, 44.6, 0.99
A, 696789, 378536, 754224, 944962, 408377, 119154, 599112, 144908, 38.6, 44.6, 0.99
A, 697088, 378501, 754494, 944940, 408379, 119174, 599155, 144921, 38.6, 44.6, 0.99
A, 696810, 378419, 754119, 944498, 408317, 119130, 599015, 144809, 38.6, 44.6, 1.00
A, 696803, 378467, 754231, 944627, 408337, 119148, 599029, 144864, 38.6, 44.6, 1.00
A, 696593, 378314, 754083, 944335, 408264, 119102, 598987, 144807, 38.6, 44.6, 0.99
A, 696704, 378312, 754423, 944693, 408324, 119166, 599003, 144900, 38.6, 44.6, 1.00
A, 696611, 378358, 754315, 944537, 408263, 119120, 598973, 144885, 38.6, 44.6, 1.01
A, 696834, 378307, 754591, 944562, 408283, 119074, 599061, 144838, 38.6, 44.6, 1.00
M, 692991, 377850, 749025, 938401, 407608, 118494, 597912, 143502, 38.6, 44.6, 0.00
M, 684244, 375667, 737817, 927738, 404884, 117605, 594834, 141596, 38.6, 44.6, 0.57
M, 677505, 373468, 728927, 919346, 402823, 116695, 592506, 140196, 38.6, 44.6, 0.73
M, 672449, 371779, 721924, 912864, 401465, 116092, 591253, 139079, 38.6, 44.6, 0.83
M, 668128, 370179, 715537, 907093, 400429, 115424, 590544, 138261, 38.6, 44.7, 0.89
M, 665085, 368900, 710272, 902415, 399584, 114924, 590144, 137565, 38.6, 44.7, 0.94
M, 662274, 367540, 704834, 898098, 399014, 114346, 589865, 136893, 38.6, 44.7, 0.97
M, 660650, 366468, 701158, 895413, 398648, 114001, 589777, 136552, 38.6, 44.7, 0.97
M, 659425, 365527, 697510, 893009, 398425, 113571, 589918, 136132, 38.6, 44.7, 0.99
M, 659014, 364840, 695493, 892076, 398279, 113361, 590038, 136023, 38.6, 44.7, 0.99
M, 659124, 364239, 693852, 891751, 398306, 113153, 590307, 136037, 38.6, 44.7, 0.99
M, 659510, 363690, 692192, 891547, 398439, 112939, 590719, 135967, 38.6, 44.7, 0.98
M, 660191, 363167, 690815, 891560, 398581, 112736, 591113, 135808, 38.6, 44.7, 1.00
M, 660794, 362667, 689544, 891508, 398830, 112586, 591513, 135746, 38.6, 44.7, 0.99
M, 661225, 362282, 688444, 892053, 398943, 112427, 591957, 135825, 38.6, 44.7, 0.99
M, 662467, 362006, 688001, 893007, 399208, 112353, 592441, 135873, 38.6, 44.8, 1.01
M, 663381, 361785, 687473, 893801, 399596, 112271, 593006, 135884, 38.6, 44.8, 0.99
M, 664706, 361591, 687315, 895110, 399957, 112248, 593550, 136033, 38.6, 44.8, 0.99
M, 666019, 361483, 687023, 896181, 400371, 112145, 594219, 136083, 38.6, 44.8, 1.00
M, 666982, 361384, 686633, 897177, 400762, 112088, 594690, 136150, 38.6, 44.8, 1.00
M, 669126, 361438, 687907, 899814, 401322, 112203, 595602, 136528, 38.6, 44.8, 1.00
M, 670398, 361585, 687835, 900940, 401800, 112184, 596203, 136565, 38.6, 44.8, 1.00
M, 671038, 361549, 687352, 901560, 402115, 112100, 596595, 136589, 38.6, 44.8, 1.00
M, 672172, 361627, 687490, 903024, 402574, 112107, 597301, 136706, 38.6, 44.8, 1.01
M, 673266, 361620, 687343, 904351, 403037, 112121, 597901, 136770, 38.6, 44.8, 1.00
M, 674169, 361697, 687029, 905234, 403366, 112100, 598403, 136739, 38.6, 44.8, 1.01
M, 675205, 361840, 687294, 906492, 403752, 112118, 598940, 136826, 38.6, 44.8, 1.01
M, 676054, 361976, 686960, 907390, 404216, 112097, 599577, 136815, 38.6, 44.8, 0.99
M, 676929, 362070, 686850, 908089, 404546, 112018, 599905, 136856, 38.6, 44.8, 1.01
M, 677603, 362219, 686541, 909302, 404975, 112005, 600510, 136893, 38.6, 44.8, 1.00
M, 678375, 362246, 686657, 910209, 405265, 112028, 600931, 136940, 38.6, 44.8, 0.99
M, 679519, 362499, 686843, 911407, 405657, 112085, 601545, 137145, 38.6, 44.8, 0.99
M, 680399, 362629, 687037, 912608, 406061, 112151, 601974, 137185, 38.6, 44.8, 1.00
M, 681343, 362846, 687276, 913842, 406503, 112125, 602612, 137242, 38.6, 44.8, 0.99
M, 682006, 363029, 687229, 914631, 406761, 112112, 602947, 137231, 38.6, 44.8, 1.00
M, 683122, 363301, 687636, 915936, 407238, 112141, 603511, 137377, 38.6, 44.8, 1.01
M, 683771, 363536, 687683, 917045, 407550, 112138, 604003, 137390, 38.6, 44.8, 1.00
M, 684499, 363693, 687742, 917915, 407917, 112212, 604414, 137511, 38.6, 44.8, 1.00
M, 685487, 364033, 688253, 919233, 408371, 112292, 604958, 137619, 38.6, 44.8, 1.00
M, 686516, 364364, 688400, 920196, 408726, 112272, 605440, 137633, 38.6, 44.8, 1.01
M, 688726, 364876, 690393, 922937, 409397, 112402, 606234, 138009, 38.6, 44.8, 0.99
M, 689225, 365238, 690460, 923920, 409835, 112448, 606645, 137981, 38.6, 44.8, 1.00
M, 689801, 365404, 690295, 924425, 410041, 112465, 606970, 138009, 38.6, 44.8, 1.00
M, 690213, 365725, 690494, 925310, 410347, 112511, 607345, 138059, 38.6, 44.8, 1.00
M, 690639, 365955, 690433, 926065, 410561, 112550, 607671, 138082, 38.6, 44.8, 1.01
M, 691286, 366225, 690467, 926494, 410873, 112470, 608010, 138131, 38.6, 44.8, 1.00
M, 691567, 366449, 690322, 927091, 411074, 112528, 608326, 138049, 38.6, 44.8, 1.02
M, 692116, 366678, 690439, 928071, 411364, 112606, 608626, 138121, 38.6, 44.8, 1.00
M, 692395, 366930, 690129, 928331, 411606, 112600, 608966, 138111, 38.6, 44.8, 1.00
M, 692709, 367023, 690164, 928729, 411745, 112621, 609167, 138179, 38.6, 44.8, 0.99
M, 693241, 367379, 690209, 929723, 412149, 112614, 609634, 138177, 38.6, 44.8, 1.01
M, 693521, 367518, 690310, 930284, 412263, 112554, 609803, 138203, 38.6, 44.8, 0.99
M, 694336, 367725, 690761, 931085, 412567, 112612, 610177, 138309, 38.6, 44.8, 0.99
M, 694848, 368067, 690921, 932043, 412801, 112635, 610479, 138353, 38.6, 44.9, 1.00
M, 695179, 368247, 690901, 932521, 413024, 112638, 610784, 138378, 38.6, 44.9, 0.99
M, 695854, 368519, 691415, 933549, 413262, 112706, 611130, 138497, 38.6, 44.9, 1.00
M, 696694, 368827, 691807, 934400, 413595, 112701, 611424, 138497, 38.6, 44.9, 1.01
M, 696961, 369062, 691840, 934921, 413808, 112774, 611714, 138517, 38.6, 44.9, 1.01
M, 696877, 369232, 691283, 934990, 413945, 112756, 611897, 138496, 38.6, 44.9, 0.99
M, 697229, 369312, 691460, 935493, 414095, 112834, 612072, 138553, 38.6, 44.9, 1.01
M, 698852, 369745, 692808, 937359, 414525, 112863, 612632, 138838, 38.6, 44.9, 1.00
M, 699159, 370113, 692868, 937760, 414809, 112913, 612909, 138748, 38.6, 44.9, 1.00
M, 699525, 370271, 693170, 938403, 415005, 112906, 613153, 138780, 38.6, 44.9, 1.01
M, 699437, 370437, 692663, 938559, 415020, 112931, 613188, 138720, 38.6, 44.9, 0.99
M, 699798, 370657, 692926, 939208, 415187, 112929, 613492, 138803, 38.6, 44.9, 1.01
M, 700077, 370831, 692985, 939714, 415374, 112959, 613700, 138854, 38.6, 44.9, 1.01
M, 700627, 371127, 693220, 940173, 415570, 112987, 613937, 138804, 38.6, 44.9, 1.00
M, 700552, 371226, 692819, 940145, 415737, 113003, 614077, 138770, 38.6, 44.9, 1.00
M, 700921, 371399, 693102, 941019, 415873, 113028, 614294, 138856, 38.6, 44.9, 1.01
M, 701057, 371621, 692941, 941084, 416079, 112970, 614499, 138780, 38.6, 44.9, 0.99
M, 701309, 371701, 693039, 941729, 416092, 113056, 614643, 138792, 38.6, 44.9, 1.01
M, 701764, 372021, 693132, 942030, 416443, 113016, 614978, 138921, 38.6, 44.9, 1.00
M, 701850, 372047, 693224, 942342, 416399, 112962, 615021, 138839, 38.6, 44.9, 1.00
M, 702466, 372318, 693610, 943345, 416604, 113115, 615284, 138946, 38.6, 44.9, 0.99
M, 702824, 372453, 693904, 943906, 416852, 113065, 615519, 139005, 38.6, 44.9, 0.99
M, 703196, 372675, 693988, 944377, 416951, 113149, 615663, 139013, 38.6, 44.9, 0.99
M, 703833, 372941, 694505, 945111, 417229, 113232, 615955, 139166, 38.6, 44.9, 1.00
M, 704162, 373115, 694823, 945766, 417384, 113201, 616201, 139145, 38.6, 44.9, 1.00
M, 704295, 373275, 694736, 945894, 417502, 113183, 616331, 139186, 38.6, 44.9, 1.01
M, 704531, 373409, 694819, 946402, 417621, 113244, 616480, 139168, 38.6, 44.9, 1.01
M, 706732, 373896, 697211, 949223, 418199, 113443, 617165, 139531, 38.6, 44.9, 1.00
M, 706657, 374195, 697057, 949292, 418326, 113435, 617266, 139562, 38.6, 44.9, 1.01
M, 706835, 374340, 697180, 949600, 418504, 113503, 617461, 139560, 38.6, 44.9, 1.00
M, 706998, 374530, 697188, 949676, 418559, 113418, 617521, 139460, 38.6, 44.9, 1.00
M, 706805, 374693, 696891, 949744, 418550, 113413, 617544, 139445, 38.6, 44.9, 1.00
M, 707004, 374826, 696985, 950059, 418669, 113468, 617707, 139495, 38.6, 44.9, 1.00
M, 707033, 374900, 696895, 950156, 418672, 113481, 617777, 139478, 38.6, 44.9, 1.01
M, 706766, 375044, 696244, 949471, 418766, 113443, 617761, 139320, 38.6, 44.9, 0.99
M, 706818, 374994, 696307, 950032, 418741, 113461, 617904, 139381, 38.6, 44.9, 0.99
M, 706885, 375099, 696386, 950242, 418890, 113452, 617957, 139346, 38.6, 44.9, 0.99
M, 706929, 375327, 696354, 950500, 419012, 113486, 618132, 139334, 38.6, 44.9, 1.01
M, 706966, 375304, 696405, 950824, 418932, 113440, 618167, 139384, 38.6, 44.9, 0.99
M, 707189, 375537, 696459, 951047, 419154, 113472, 618361, 139408, 38.6, 44.9, 1.01
M, 707034, 375513, 696127, 950904, 419185, 113479, 618353, 139246, 38.6, 44.9, 0.99
M, 707218, 375556, 696409, 951412, 419246, 113529, 618457, 139378, 38.6, 44.9, 0.99
M, 707256, 375678, 696252, 951523, 419248, 113493, 618603, 139382, 38.6, 44.9, 1.00
M, 707637, 375672, 696512, 952016, 419349, 113518, 618735, 139469, 38.6, 44.9, 1.01
M, 707957, 375876, 696765, 952484, 419550, 113557, 618884, 139460, 38.6, 44.9, 1.00
M, 708409, 376007, 696957, 952727, 419722, 113609, 619073, 139492, 38.6, 44.9, 1.00
M, 708461, 376075, 696935, 952788, 419793, 113574, 619107, 139467, 38.6, 44.9, 1.01
M, 709910, 376390, 698677, 955101, 420058, 113703, 619547, 139756, 38.6, 44.9, 1.00
M, 710323, 376661, 699104, 955601, 420363, 113732, 619814, 139833, 38.6, 44.9, 1.00
M, 710374, 376859, 699045, 955662, 420391, 113748, 619825, 139774, 38.6, 44.9, 1.00
M, 710754, 376933, 699502, 956185, 420553, 113847, 620044, 139885, 38.6, 44.9, 1.00
M, 710749, 377069, 699513, 956397, 420600, 113774, 620098, 139840, 38.6, 44.9, 1.01
M, 710676, 377159, 699354, 956306, 420629, 113757, 620103, 139777, 38.6, 44.9, 1.00
M, 710774, 377185, 699408, 956596, 420663, 113850, 620177, 139784, 38.6, 44.9, 1.00
M, 710994, 377361, 699701, 956995, 420779, 113836, 620407, 139783, 38.6, 44.9, 1.01
M, 710940, 377413, 699635, 957122, 420779, 113880, 620442, 139903, 38.6, 44.9, 1.00
M, 711372, 377550, 699799, 957319, 420956, 113889, 620588, 139820, 38.6, 44.9, 1.01
M, 711339, 377623, 699872, 957546, 420917, 113872, 620550, 139822, 38.6, 44.9, 1.00
M, 711064, 377747, 699547, 957409, 421038, 113884, 620643, 139797, 38.6, 44.9, 1.00
M, 711160, 377637, 699538, 957574, 420960, 113935, 620672, 139810, 38.6, 44.9, 1.00
M, 711480, 377874, 699972, 958089, 421077, 113888, 620802, 139836, 38.6, 44.9, 0.99
M, 711652, 377921, 700172, 958467, 421171, 113923, 620908, 139914, 38.6, 44.9, 1.00
M, 711959, 378018, 700412, 958524, 421353, 114005, 621081, 139918, 38.6, 44.9, 1.00
M, 712011, 378187, 700344, 958700, 421345, 113955, 621061, 139867, 38.6, 45.0, 1.01
M, 711986, 378191, 700460, 959003, 421395, 113953, 621158, 139924, 38.6, 45.0, 1.01
M, 712318, 378293, 700859, 959509, 421506, 114021, 621315, 139940, 38.6, 44.9, 1.00
M, 712376, 378392, 700797, 959550, 421557, 114025, 621332, 140000, 38.6, 44.9, 1.00
M, 714442, 378756, 703255, 962203, 422049, 114255, 621931, 140415, 38.6, 45.0, 0.99
M, 714328, 378962, 703288, 962252, 422190, 114298, 622018, 140322, 38.6, 45.0, 1.01
M, 713976, 379059, 702865, 961868, 422100, 114241, 621937, 140184, 38.6, 45.0, 1.00
M, 714133, 379052, 703043, 962058, 422086, 114226, 621989, 140266, 38.6, 45.0, 0.99
M, 713996, 379124, 702873, 962013, 422170, 114257, 621955, 140151, 38.6, 45.0, 1.01
M, 713988, 379156, 702941, 962014, 422228, 114290, 622104, 140230, 38.6, 45.0, 1.00
M, 713866, 379294, 702893, 962152, 422196, 114227, 622098, 140201, 38.6, 45.0, 1.01
M, 714286, 379323, 703272, 962608, 422317, 114267, 622176, 140224, 38.6, 45.0, 1.01
M, 713977, 379348, 703093, 962519, 422297, 114346, 622160, 140121, 38.6, 45.0, 1.01
M, 714118, 379432, 703178, 962579, 422334, 114354, 622256, 140225, 38.6, 45.0, 1.00
M, 713968, 379500, 702987, 962430, 422372, 114349, 622282, 140114, 38.6, 45.0, 1.00
M, 713883, 379468, 702813, 962224, 422298, 114269, 622231, 140098, 38.6, 45.0, 0.99
M, 713594, 379452, 702543, 962008, 422309, 114332, 622279, 140084, 38.6, 45.0, 1.01
M, 713604, 379476, 702621, 962291, 422260, 114228, 622233, 140024, 38.6, 45.0, 1.00
M, 713922, 379483, 702902, 962672, 422378, 114341, 622362, 140184, 38.6, 45.0, 0.99
M, 714035, 379574, 703087, 962955, 422393, 114321, 622389, 140203, 38.6, 45.0, 1.01
M, 714106, 379564, 703088, 962755, 422483, 114266, 622490, 140068, 38.6, 45.0, 0.99
M, 713962, 379583, 702932, 962767, 422434, 114308, 622471, 140154, 38.6, 45.0, 1.01
M, 714433, 379713, 703570, 963527, 422622, 114345, 622666, 140249, 38.6, 45.0, 1.00
M, 714300, 379689, 703518, 963729, 422612, 114295, 622750, 140203, 38.6, 45.0, 1.00
M, 716125, 380018, 705598, 965643, 423018, 114527, 623104, 140508, 38.6, 45.0, 1.00
M, 716304, 380311, 705891, 965956, 423140, 114550, 623276, 140479, 38.6, 45.0, 1.00
M, 716138, 380344, 705499, 965506, 423147, 114572, 623213, 140442, 38.6, 45.0, 0.99
M, 715850, 380332, 705193, 965262, 423099, 114559, 623173, 140401, 38.6, 45.0, 1.00
M, 715730, 380359, 705386, 965598, 423050, 114498, 623209, 140383, 38.6, 45.0, 1.01
M, 715668, 380293, 705316, 965469, 423032, 114525, 623215, 140323, 38.6, 45.0, 0.99
M, 715545, 380345, 705185, 965392, 423045, 114481, 623183, 140354, 38.6, 45.0, 1.00
M, 715528, 380397, 705175, 965474, 423093, 114551, 623234, 140387, 38.6, 45.0, 1.01
M, 715718, 380437, 705465, 965636, 423162, 114524, 623266, 140311, 38.6, 45.0, 1.01
M, 715500, 380386, 705238, 965421, 423141, 114579, 623274, 140367, 38.6, 45.0, 0.99
M, 715784, 380490, 705610, 965856, 423214, 114615, 623349, 140348, 38.6, 45.0, 0.99
M, 715567, 380494, 705305, 965558, 423258, 114585, 623383, 140280, 38.6, 45.0, 0.99
M, 715372, 380419, 705253, 965770, 423212, 114630, 623337, 140387, 38.6, 45.0, 1.01
M, 715477, 380546, 705282, 965673, 423258, 114597, 623418, 140283, 38.6, 45.0, 1.01
M, 715451, 380504, 705347, 965637, 423144, 114600, 623444, 140253, 38.6, 45.0, 1.00
M, 715373, 380452, 705278, 965712, 423183, 114602, 623407, 140322, 38.6, 45.0, 1.00
M, 715595, 380558, 705464, 965982, 423293, 114679, 623523, 140359, 38.6, 45.0, 1.00
M, 715718, 380556, 705672, 966223, 423274, 114605, 623567, 140418, 38.6, 45.0, 0.99
M, 716131, 380700, 706156, 966801, 423399, 114679, 623693, 140414, 38.6, 45.0, 0.99
M, 716334, 380741, 706308, 966736, 423506, 114698, 623790, 140451, 38.6, 45.0, 1.01
M, 717954, 381008, 708367, 968866, 423862, 114864, 624264, 140808, 38.6, 45.0, 1.00
M, 717963, 381224, 708379, 969145, 423958, 114887, 624314, 140731, 38.6, 45.0, 0.99
M, 717601, 381247, 708159, 968887, 423916, 114863, 624193, 140687, 38.6, 45.0, 1.01
M, 717767, 381221, 708238, 968889, 423957, 114912, 624291, 140739, 38.6, 45.0, 0.99
M, 717604, 381264, 708249, 968798, 423886, 114935, 624270, 140668, 38.6, 45.0, 1.01
M, 717825, 381407, 708607, 969259, 424015, 114880, 624330, 140677, 38.6, 45.0, 1.00
M, 717454, 381400, 708308, 968917, 423990, 114962, 624269, 140633, 38.6, 45.0, 0.99
M, 717408, 381303, 708295, 968844, 423957, 114910, 624227, 140603, 38.6, 45.0, 0.99
M, 717544, 381378, 708427, 969077, 424016, 114949, 624330, 140671, 38.6, 45.0, 1.01
M, 717558, 381407, 708289, 968780, 423977, 114941, 624339, 140565, 38.6, 45.0, 1.00
M, 717321, 381362, 708098, 968466, 423936, 114949, 624265, 140576, 38.6, 45.0, 0.99
M, 717021, 381337, 708042, 968691, 423869, 114924, 624274, 140546, 38.6, 45.0, 0.99
M, 716891, 381411, 707940, 968486, 423983, 114938, 624330, 140551, 38.6, 45.0, 1.00
M, 716968, 381314, 707933, 968471, 423894, 114905, 624227, 140557, 38.6, 45.0, 1.00
M, 716955, 381444, 707987, 968453, 423932, 114912, 624394, 140533, 38.6, 45.0, 0.99
M, 716590, 381251, 707644, 968170, 423841, 114866, 624226, 140446, 38.6, 45.0, 1.00
M, 716877, 381282, 708061, 968526, 423872, 114905, 624333, 140481, 38.6, 45.0, 1.01
M, 717026, 381292, 708238, 968720, 423898, 114870, 624354, 140552, 38.6, 45.0, 1.00
M, 717014, 381313, 708311, 968910, 423998, 114930, 624431, 140587, 38.6, 45.0, 0.99
M, 717433, 381387, 708833, 969450, 424109, 115018, 624556, 140663, 38.6, 45.0, 1.00
M, 719464, 381760, 711279, 971848, 424519, 115116, 625066, 140983, 38.6, 45.0, 1.00
M, 719211, 381886, 710926, 971412, 424580, 115124, 625043, 140857, 38.6, 45.0, 1.00
M, 719018, 381991, 710914, 971525, 424552, 115129, 625018, 140923, 38.6, 45.0, 1.00
M, 718846, 381953, 710587, 971220, 424515, 115132, 624996, 140874, 38.6, 45.0, 1.00
M, 718842, 381980, 710866, 971396, 424495, 115105, 625032, 140900, 38.6, 45.0, 1.01
M, 718841, 381995, 710768, 971240, 424491, 115154, 625051, 140866, 38.6, 45.0, 1.00
M, 718979, 381963, 710986, 971369, 424536, 115119, 625009, 140821, 38.6, 45.0, 1.01
M, 718783, 382010, 710874, 971064, 424581, 115135, 625036, 140819, 38.6, 45.0, 1.00
M, 718669, 382080, 711001, 971320, 424526, 115164, 624988, 140877, 38.6, 45.0, 1.00
M, 718498, 382022, 710917, 971316, 424546, 115184, 624959, 140820, 38.6, 45.0, 1.01
M, 718783, 382074, 711049, 971337, 424623, 115176, 625047, 140790, 38.6, 45.0, 1.00
M, 718546, 382003, 710856, 970933, 424541, 115214, 625034, 140762, 38.6, 45.0, 0.99
M, 718404, 382039, 711104, 971290, 424552, 115212, 625059, 140818, 38.6, 45.0, 1.01
M, 718175, 382032, 710657, 970693, 424551, 115171, 625009, 140688, 38.6, 45.0, 1.00
M, 717932, 381907, 710558, 970812, 424423, 115153, 624928, 140707, 38.6, 45.0, 0.99
M, 717842, 381953, 710438, 970573, 424500, 115115, 624991, 140713, 38.6, 45.0, 0.99
M, 717857, 381835, 710320, 970333, 424388, 115150, 624867, 140657, 38.6, 45.0, 1.01
M, 718093, 381834, 710807, 970929, 424477, 115171, 624946, 140715, 38.6, 45.0, 1.00
M, 718102, 381870, 710968, 971068, 424453, 115172, 625024, 140692, 38.6, 45.0, 1.00
M, 718039, 381817, 710943, 971105, 424509, 115162, 625074, 140716, 38.6, 45.0, 1.00
M, 720109, 382200, 713366, 973624, 424938, 115329, 625537, 141166, 38.6, 45.0, 1.01
M, 720130, 382427, 713265, 973261, 425043, 115379, 625599, 141070, 38.6, 45.0, 1.00
M, 719684, 382414, 712973, 972863, 424931, 115396, 625499, 140991, 38.6, 45.0, 1.00
M, 719538, 382388, 712776, 972725, 424942, 115364, 625439, 140974, 38.6, 45.0, 1.00
M, 719425, 382320, 712967, 972806, 424928, 115394, 625456, 140933, 38.6, 45.0, 1.00
M, 719261, 382320, 712835, 972774, 424928, 115377, 625461, 140921, 38.6, 45.0, 1.01
M, 719372, 382354, 713045, 972905, 424995, 115401, 625503, 140933, 38.6, 45.0, 0.99
M, 719477, 382418, 713100, 972750, 424913, 115353, 625552, 140917, 38.6, 45.0, 0.99
M, 719277, 382333, 712997, 972560, 424857, 115359, 625354, 140865, 38.6, 45.0, 1.00
M, 719155, 382325, 713015, 972776, 424866, 115446, 625470, 140968, 38.6, 45.0, 1.01
M, 719098, 382344, 712909, 972652, 424883, 115403, 625433, 140918, 38.6, 45.0, 1.00
M, 719337, 382356, 713348, 972965, 425007, 115425, 625539, 140984, 38.6, 45.0, 1.00
M, 719092, 382330, 712954, 972421, 424947, 115369, 625489, 140853, 38.6, 45.0, 0.99
M, 719033, 382281, 712985, 972484, 424822, 115351, 625436, 140860, 38.6, 45.0, 1.01
M, 718899, 382347, 712989, 972399, 424932, 115343, 625443, 140848, 38.6, 45.0, 0.99
M, 718520, 382150, 712576, 972105, 424803, 115339, 625381, 140764, 38.6, 45.0, 1.01
M, 718069, 382092, 712165, 971468, 424730, 115264, 625323, 140733, 38.6, 45.0, 1.00
M, 718196, 382034, 712149, 971421, 424659, 115273, 625250, 140686, 38.6, 45.0, 0.99
M, 718378, 382023, 712684, 972114, 424806, 115391, 625408, 140733, 38.6, 45.0, 0.99
M, 718411, 382066, 712694, 971980, 424753, 115368, 625510, 140809, 38.7, 45.0, 1.01
M, 720228, 382300, 714883, 974174, 425134, 115556, 625910, 141199, 38.7, 45.0, 1.01
M, 720502, 382552, 715218, 974609, 425313, 115547, 626005, 141165, 38.7, 45.0, 1.00
M, 720241, 382533, 714809, 974006, 425241, 115519, 625902, 141037, 38.7, 45.0, 1.00
M, 719986, 382523, 714579, 973711, 425262, 115543, 625905, 141032, 38.6, 45.0, 1.00
M, 719786, 382438, 714621, 973836, 425108, 115461, 625864, 141028, 38.6, 45.0, 0.99
M, 719958, 382476, 714904, 974100, 425212, 115562, 625951, 141001, 38.7, 45.0, 1.01
M, 719801, 382470, 714805, 973996, 425170, 115508, 625907, 141050, 38.7, 45.0, 1.01
M, 720181, 382620, 715131, 974303, 425281, 115617, 625990, 141099, 38.7, 45.0, 1.01
M, 720131, 382552, 715296, 974209, 425258, 115519, 625964, 141083, 38.7, 45.0, 1.00
M, 719861, 382577, 715120, 974053, 425319, 115534, 625986, 141073, 38.6, 45.0, 1.01
M, 720055, 382624, 715397, 974161, 425324, 115590, 625968, 141075, 38.6, 45.0, 1.00
M, 720011, 382587, 715434, 974383, 425260, 115603, 626004, 141081, 38.6, 45.0, 0.99
M, 720029, 382609, 715615, 974475, 425313, 115617, 625997, 141110, 38.6, 45.0, 1.00
M, 720090, 382629, 715450, 974199, 425308, 115631, 626039, 141058, 38.6, 45.0, 1.01
M, 719741, 382510, 715296, 973912, 425156, 115546, 625849, 140961, 38.6, 45.0, 1.01
M, 719355, 382515, 715074, 973748, 425257, 115582, 625930, 141008, 38.6, 45.0, 1.01
M, 719497, 382533, 715191, 973924, 425163, 115572, 625924, 141060, 38.6, 45.0, 1.01
M, 719842, 382497, 715691, 974414, 425291, 115630, 626047, 141072, 38.6, 45.0, 1.01
M, 720024, 382583, 715910, 974478, 425367, 115606, 626053, 141107, 38.7, 45.0, 1.00
M, 719842, 382588, 715733, 974138, 425281, 115626, 626008, 141053, 38.7, 45.0, 0.99
