State, OV, Alc, H2, AC1, NH3, AC2, VOC, LP, Temp, Hud, AirFlow
A, 559231, 341890, 629765, 771230, 368934, 107878, 531206, 150039, 42.3, 52.3, 0.00
A, 549714, 339309, 617127, 759712, 365859, 106873, 527923, 147424, 42.3, 52.3, 0.63
A, 541512, 336516, 605335, 748763, 362801, 105893, 524646, 145120, 42.3, 52.3, 0.75
A, 535085, 334070, 595861, 740497, 360024, 105108, 521676, 143414, 42.1, 51.8, 0.81
A, 530341, 332057, 588270, 734340, 357968, 104460, 519848, 142202, 42.1, 51.8, 0.89
A, 526916, 330470, 581802, 729484, 356591, 103923, 518959, 141331, 41.9, 51.3, 0.93
A, 524357, 329287, 576633, 725831, 355731, 103383, 518533, 140557, 41.9, 51.3, 0.96
A, 522829, 328266, 572411, 723333, 355198, 102979, 518486, 140106, 41.8, 50.8, 0.97
A, 521700, 327318, 568241, 720959, 354935, 102597, 518719, 139632, 41.8, 50.8, 0.98
A, 521145, 326663, 565169, 719765, 354909, 102257, 519097, 139402, 41.7, 50.5, 0.99
A, 521073, 326116, 562818, 719158, 355093, 102103, 519598, 139346, 41.7, 50.5, 1.00
A, 521275, 325617, 560087, 718337, 355287, 101838, 520295, 139169, 41.6, 50.2, 1.00
A, 521768, 325207, 558484, 718105, 355574, 101691, 520838, 139074, 41.6, 50.2, 1.00
A, 521800, 324777, 555996, 717700, 355961, 101391, 521563, 138893, 41.5, 49.9, 1.00
A, 522518, 324547, 555054, 718033, 356161, 101298, 522184, 139049, 41.5, 49.9, 1.01
A, 523122, 324211, 553603, 718172, 356550, 101169, 522805, 139028, 41.5, 49.9, 1.01
A, 524600, 324283, 553187, 719117, 357205, 101167, 523849, 139165, 41.5, 49.6, 1.00
A, 526058, 324283, 552458, 720014, 357873, 101029, 524844, 139332, 41.5, 49.6, 1.01
A, 527065, 324265, 552150, 720954, 358358, 101051, 525549, 139322, 41.4, 49.4, 0.99
A, 528922, 324503, 552172, 722365, 359140, 100969, 526736, 139579, 41.4, 49.4, 1.00
A, 531361, 324795, 553282, 724811, 360104, 101064, 527902, 140024, 41.3, 49.2, 0.99
A, 532657, 325100, 552972, 725794, 360721, 101093, 528843, 140134, 41.3, 49.2, 1.00
A, 533768, 325295, 552506, 726601, 361334, 101050, 529708, 140225, 41.3, 49.1, 1.00
A, 534974, 325495, 551906, 727255, 361983, 101023, 530619, 140211, 41.3, 49.1, 1.00
A, 536015, 325739, 551448, 727958, 362515, 100955, 531477, 140165, 41.2, 48.9, 1.00
A, 537152, 326029, 551442, 728957, 363135, 100975, 532246, 140350, 41.2, 48.9, 1.00
A, 538400, 326402, 551204, 730066, 363823, 101061, 533059, 140471, 41.2, 48.8, 0.99
A, 539678, 326753, 551251, 731073, 364435, 101010, 534022, 140642, 41.2, 48.8, 0.99
A, 540698, 327074, 551073, 732057, 364997, 100998, 534826, 140636, 41.1, 48.6, 1.00
A, 542286, 327570, 551148, 733223, 365766, 101103, 535791, 140817, 41.1, 48.6, 1.00
A, 543285, 327834, 550831, 733965, 366277, 101037, 536415, 140917, 41.1, 48.5, 1.00
A, 544317, 328302, 550855, 734897, 366860, 101134, 537229, 141015, 41.1, 48.5, 1.00
A, 545199, 328751, 550434, 735562, 367429, 101152, 538106, 141090, 41.1, 48.4, 1.00
A, 545954, 328946, 550363, 736237, 367845, 101184, 538591, 141121, 41.1, 48.4, 1.00
A, 547286, 329557, 550033, 737128, 368682, 101157, 539546, 141175, 41.0, 48.3, 1.00
A, 547779, 329750, 549833, 737370, 368949, 101103, 539989, 141132, 41.0, 48.3, 1.00
A, 548497, 330084, 549692, 738222, 369437, 101118, 540638, 141221, 41.0, 48.3, 1.00
A, 549605, 330604, 549754, 739209, 369973, 101188, 541316, 141376, 41.0, 48.1, 1.00
A, 550472, 330977, 549817, 739953, 370539, 101300, 541960, 141525, 41.0, 48.1, 0.99
A, 551653, 331521, 550135, 741029, 371047, 101300, 542742, 141564, 40.9, 48.0, 1.00
A, 554073, 332216, 552010, 743659, 371982, 101469, 543847, 142045, 40.9, 48.0, 1.00
A, 554628, 332763, 551642, 743966, 372451, 101466, 544504, 142010, 40.9, 48.0, 1.00
A, 555245, 333106, 551523, 744578, 372903, 101495, 544976, 142042, 40.9, 48.0, 0.99
A, 555875, 333556, 551318, 745112, 373270, 101522, 545499, 142017, 40.9, 47.9, 1.00
A, 556343, 333966, 550978, 745450, 373660, 101595, 545984, 142046, 40.9, 47.9, 1.00
A, 557162, 334447, 551126, 746299, 374171, 101555, 546573, 142232, 40.9, 47.9, 0.99
A, 557888, 334894, 551167, 746863, 374562, 101611, 547177, 142149, 40.9, 47.9, 1.00
A, 558284, 335240, 550786, 747216, 374964, 101571, 547644, 142133, 40.8, 47.8, 1.00
A, 559019, 335682, 550718, 747778, 375323, 101667, 548089, 142244, 40.8, 47.8, 1.00
A, 559395, 336053, 550439, 748065, 375623, 101673, 548661, 142233, 40.8, 47.7, 1.00
A, 560143, 336463, 550636, 748907, 376126, 101702, 549090, 142313, 40.8, 47.7, 1.00
A, 560810, 336978, 550554, 749339, 376545, 101748, 549739, 142314, 40.8, 47.7, 1.01
A, 561176, 337242, 550406, 749749, 376835, 101679, 550050, 142312, 40.8, 47.7, 1.00
A, 561702, 337793, 550081, 750099, 377247, 101748, 550599, 142317, 40.7, 47.6, 0.99
A, 561991, 337962, 549951, 750572, 377463, 101722, 550896, 142308, 40.7, 47.6, 1.00
A, 562662, 338532, 549689, 750875, 377870, 101760, 551460, 142311, 40.7, 47.6, 1.00
A, 563107, 338794, 549624, 751160, 378079, 101819, 551778, 142304, 40.7, 47.6, 0.99
A, 563553, 339122, 549752, 751950, 378437, 101807, 552251, 142398, 40.7, 47.6, 1.00
A, 564113, 339470, 549703, 752411, 378762, 101817, 552628, 142405, 40.7, 47.6, 1.00
A, 564883, 339820, 549872, 753101, 379132, 101900, 553068, 142539, 40.7, 47.6, 1.00
A, 567161, 340590, 552045, 755796, 379874, 102031, 554015, 143038, 40.7, 47.5, 1.00
A, 567755, 341112, 551842, 756053, 380269, 102074, 554461, 142931, 40.7, 47.5, 1.00
A, 567987, 341461, 551634, 756255, 380523, 102119, 554733, 142946, 40.6, 47.5, 1.00
A, 568177, 341781, 551480, 756719, 380762, 102132, 555033, 142880, 40.6, 47.5, 1.00
A, 568671, 342190, 551532, 757260, 381037, 102183, 555477, 142988, 40.6, 47.5, 1.00
A, 569032, 342472, 551392, 757443, 381232, 102226, 555682, 142959, 40.6, 47.5, 1.00
A, 569681, 342903, 551718, 758174, 381606, 102285, 556170, 143046, 40.6, 47.4, 1.00
A, 570134, 343327, 551633, 758587, 381894, 102302, 556540, 142954, 40.6, 47.4, 1.00
A, 570278, 343580, 551380, 758709, 382067, 102229, 556730, 142994, 40.6, 47.4, 1.00
A, 570722, 343884, 551445, 759342, 382374, 102276, 557075, 143035, 40.6, 47.4, 1.01
A, 571085, 344234, 551378, 759695, 382663, 102301, 557421, 143010, 40.5, 47.4, 1.01
A, 571486, 344550, 551453, 760060, 382774, 102331, 557668, 143026, 40.5, 47.4, 1.00
A, 571904, 344902, 551253, 760216, 383088, 102333, 558022, 143071, 40.5, 47.4, 1.00
A, 572071, 345133, 551117, 760548, 383236, 102361, 558227, 143040, 40.5, 47.4, 1.00
A, 572159, 345500, 550800, 760769, 383535, 102405, 558623, 142995, 40.5, 47.4, 1.00
A, 572484, 345666, 550832, 761034, 383587, 102444, 558809, 143055, 40.5, 47.4, 0.99
A, 572978, 345849, 550906, 761592, 383849, 102407, 559038, 143061, 40.5, 47.4, 0.99
A, 573410, 346263, 551038, 762121, 384091, 102485, 559342, 143118, 40.5, 47.4, 0.99
A, 573892, 346607, 551127, 762536, 384345, 102535, 559695, 143132, 40.5, 47.4, 1.01
A, 574203, 346814, 551069, 762752, 384510, 102562, 559894, 143101, 40.5, 47.3, 1.00
A, 575630, 347280, 552526, 764864, 385010, 102644, 560471, 143459, 40.5, 47.3, 1.00
A, 576152, 347722, 552602, 765309, 385320, 102689, 560799, 143484, 40.5, 47.3, 1.00
A, 576275, 348004, 552292, 765333, 385408, 102723, 561122, 143460, 40.5, 47.3, 1.00
A, 576697, 348308, 552564, 765774, 385671, 102790, 561372, 143484, 40.4, 47.3, 1.00
A, 576909, 348605, 552439, 765996, 385880, 102807, 561507, 143302, 40.4, 47.3, 0.99
A, 576898, 348779, 552120, 765982, 385972, 102746, 561677, 143361, 40.4, 47.3, 0.99
A, 577202, 349053, 552244, 766554, 386088, 102840, 561957, 143407, 40.4, 47.3, 1.01
A, 577405, 349264, 551960, 766581, 386280, 102847, 562115, 143340, 40.4, 47.3, 1.00
A, 577684, 349463, 552063, 767002, 386480, 102837, 562351, 143340, 40.4, 47.3, 1.00
A, 577941, 349655, 552045, 767381, 386575, 102907, 562549, 143455, 40.4, 47.3, 0.99
A, 578587, 350048, 552367, 767943, 386879, 102925, 562890, 143451, 40.4, 47.3, 1.00
A, 578724, 350289, 552133, 768123, 387029, 102907, 562992, 143371, 40.4, 47.3, 0.99
A, 578988, 350414, 552078, 768358, 387141, 102992, 563288, 143483, 40.4, 47.3, 1.00
A, 579003, 350712, 551773, 768407, 387190, 102919, 563404, 143307, 40.4, 47.3, 1.00
A, 579161, 350828, 551618, 768516, 387356, 102978, 563614, 143343, 40.4, 47.3, 1.01
A, 579177, 351126, 551275, 768609, 387491, 102921, 563787, 143255, 40.3, 47.3, 1.01
A, 579357, 351187, 551261, 768840, 387556, 102993, 563895, 143237, 40.3, 47.3, 1.00
A, 579526, 351294, 551245, 769095, 387744, 103001, 564074, 143318, 40.3, 47.3, 1.00
A, 579889, 351499, 551391, 769696, 387908, 103032, 564313, 143361, 40.3, 47.3, 1.01
A, 580419, 351764, 551380, 769965, 388056, 103032, 564505, 143279, 40.3, 47.3, 1.00
A, 581728, 352077, 552708, 771609, 388410, 103130, 564962, 143646, 40.3, 47.3, 1.00
A, 582191, 352537, 552916, 772310, 388759, 103203, 565328, 143603, 40.3, 47.3, 0.99
A, 582257, 352755, 552706, 772433, 388809, 103221, 565462, 143582, 40.3, 47.3, 1.00
A, 582327, 352826, 552458, 772406, 388895, 103273, 565600, 143574, 40.3, 47.3, 1.00
A, 582395, 352972, 552398, 772646, 389016, 103211, 565706, 143587, 40.3, 47.3, 1.00
A, 582605, 353185, 552073, 772650, 389079, 103277, 565820, 143455, 40.3, 47.3, 1.01
A, 582741, 353351, 551860, 772653, 389174, 103246, 565851, 143403, 40.3, 47.4, 1.00
A, 582711, 353435, 551775, 773036, 389251, 103283, 566050, 143402, 40.3, 47.4, 1.00
A, 583062, 353631, 551957, 773388, 389441, 103303, 566263, 143444, 40.3, 47.3, 1.00
A, 583257, 353782, 551752, 773509, 389453, 103316, 566402, 143494, 40.3, 47.3, 1.00
A, 583744, 354001, 552201, 774076, 389702, 103343, 566637, 143529, 40.3, 47.4, 0.99
A, 583993, 354208, 552108, 774308, 389804, 103401, 566766, 143476, 40.3, 47.4, 0.99
A, 583956, 354270, 551947, 774486, 389936, 103404, 566886, 143460, 40.2, 47.4, 1.01
A, 584330, 354469, 552124, 774934, 390063, 103405, 566994, 143475, 40.2, 47.4, 1.00
A, 584354, 354652, 551797, 774950, 390154, 103430, 567159, 143390, 40.2, 47.4, 1.01
A, 584294, 354706, 551672, 775058, 390147, 103434, 567260, 143358, 40.2, 47.4, 1.00
A, 584694, 354932, 551648, 775391, 390266, 103443, 567426, 143365, 40.2, 47.4, 1.01
A, 584793, 354931, 551585, 775456, 390337, 103414, 567513, 143336, 40.2, 47.4, 1.00
A, 585056, 355116, 551825, 776079, 390494, 103518, 567658, 143352, 40.2, 47.4, 1.01
A, 585257, 355300, 551663, 776208, 390651, 103510, 567831, 143432, 40.2, 47.4, 0.99
A, 586727, 355579, 553390, 778294, 390968, 103671, 568323, 143785, 40.2, 47.4, 1.01
A, 587302, 355901, 553567, 778629, 391236, 103622, 568472, 143693, 40.2, 47.4, 0.99
A, 587330, 356180, 553361, 778533, 391276, 103707, 568545, 143672, 40.2, 47.4, 0.99
A, 587072, 356148, 553017, 778299, 391229, 103701, 568582, 143532, 40.2, 47.4, 1.00
A, 587051, 356249, 552774, 778500, 391258, 103685, 568605, 143528, 40.2, 47.4, 1.00
A, 587190, 356286, 552880, 778764, 391371, 103733, 568715, 143548, 40.2, 47.4, 1.00
A, 587443, 356489, 552819, 778882, 391410, 103716, 568861, 143637, 40.2, 47.4, 0.99
A, 587693, 356634, 553043, 779301, 391628, 103774, 569029, 143576, 40.2, 47.4, 1.00
A, 587722, 356724, 552994, 779472, 391672, 103832, 569129, 143446, 40.2, 47.4, 1.00
A, 587687, 356804, 552806, 779501, 391674, 103798, 569166, 143503, 40.2, 47.5, 1.00
A, 587996, 356926, 552952, 779848, 391836, 103838, 569280, 143530, 40.2, 47.5, 0.99
A, 588115, 356987, 552963, 780130, 391929, 103856, 569344, 143532, 40.1, 47.5, 0.99
A, 588457, 357192, 552937, 780204, 392032, 103906, 569542, 143490, 40.1, 47.5, 1.00
A, 588276, 357124, 552770, 780067, 392004, 103853, 569528, 143414, 40.1, 47.5, 0.99
A, 588289, 357194, 552696, 780445, 392024, 103888, 569694, 143463, 40.1, 47.5, 1.01
A, 588286, 357348, 552551, 780389, 392162, 103894, 569749, 143353, 40.1, 47.5, 1.00
A, 588438, 357405, 552339, 780484, 392111, 103905, 569749, 143343, 40.1, 47.5, 1.00
A, 588391, 357520, 552318, 780523, 392242, 103867, 569869, 143270, 40.1, 47.5, 1.01
A, 588365, 357493, 552214, 780609, 392275, 103878, 569875, 143218, 40.1, 47.5, 1.00
A, 588614, 357537, 552390, 780924, 392254, 103984, 570047, 143326, 40.1, 47.5, 1.01
A, 590267, 357837, 554131, 783022, 392780, 104118, 570528, 143733, 40.1, 47.5, 1.01
A, 590249, 358019, 553963, 782912, 392811, 104039, 570626, 143613, 40.1, 47.5, 0.99
A, 590363, 358178, 553988, 783191, 392886, 104170, 570704, 143634, 40.1, 47.5, 1.00
A, 590411, 358317, 553914, 783200, 392947, 104119, 570772, 143493, 40.1, 47.5, 1.01
A, 590353, 358299, 553682, 783008, 392933, 104120, 570779, 143469, 40.1, 47.5, 0.99
A, 590190, 358390, 553408, 783170, 392961, 104103, 570790, 143410, 40.1, 47.5, 1.00
A, 590429, 358388, 553602, 783433, 393037, 104188, 570940, 143434, 40.1, 47.5, 1.01
A, 590415, 358505, 553498, 783590, 393074, 104178, 570977, 143416, 40.1, 47.5, 1.01
A, 590685, 358605, 553678, 783912, 393204, 104255, 571080, 143500, 40.1, 47.6, 1.00
A, 590850, 358720, 553542, 783861, 393311, 104180, 571124, 143390, 40.1, 47.6, 1.00
A, 590746, 358677, 553588, 783873, 393262, 104248, 571214, 143325, 40.1, 47.6, 1.01
A, 590819, 358720, 553550, 784142, 393321, 104216, 571282, 143359, 40.1, 47.6, 1.00
A, 590782, 358780, 553451, 784272, 393357, 104272, 571266, 143333, 40.0, 47.6, 1.01
A, 591147, 358890, 553540, 784415, 393420, 104253, 571450, 143342, 40.0, 47.6, 0.99
A, 590964, 358903, 553240, 784283, 393409, 104234, 571371, 143237, 40.0, 47.6, 1.01
A, 590984, 359002, 553360, 784550, 393477, 104305, 571516, 143208, 40.0, 47.6, 0.99
A, 590922, 358997, 553106, 784169, 393476, 104263, 571519, 143165, 40.0, 47.6, 1.00
A, 590481, 358858, 552505, 784074, 393405, 104279, 571431, 143125, 40.0, 47.6, 1.00
A, 590623, 358993, 552390, 784059, 393491, 104307, 571494, 142996, 40.0, 47.6, 1.00
A, 590630, 358888, 552346, 784138, 393449, 104263, 571493, 143000, 40.0, 47.6, 1.01
A, 592307, 359228, 554342, 786371, 393900, 104409, 572027, 143479, 40.0, 47.6, 0.99
A, 592376, 359372, 554217, 786365, 394015, 104462, 572205, 143392, 40.0, 47.6, 0.99
A, 592199, 359413, 553923, 786246, 393953, 104417, 572117, 143419, 40.0, 47.6, 0.99
A, 592484, 359522, 554059, 786596, 394094, 104527, 572239, 143337, 40.0, 47.6, 1.00
A, 592409, 359521, 554025, 786559, 394090, 104441, 572263, 143245, 40.0, 47.6, 1.00
A, 592305, 359595, 553852, 786455, 394104, 104526, 572332, 143156, 40.0, 47.7, 1.00
A, 592261, 359568, 553706, 786435, 394129, 104431, 572354, 143180, 40.0, 47.7, 1.00
A, 592524, 359667, 553923, 786877, 394212, 104508, 572486, 143212, 40.0, 47.7, 1.00
A, 592474, 359713, 553807, 787014, 394246, 104520, 572507, 143275, 40.0, 47.7, 1.00
A, 592721, 359815, 553985, 787337, 394317, 104587, 572601, 143191, 40.0, 47.7, 0.99
A, 593042, 359886, 554179, 787464, 394376, 104562, 572701, 143185, 40.0, 47.7, 0.99
A, 592943, 359901, 553912, 787404, 394430, 104541, 572731, 143164, 40.0, 47.7, 1.00
A, 593029, 359932, 554033, 787670, 394494, 104654, 572811, 143164, 40.0, 47.7, 1.00
A, 593050, 360045, 553927, 787758, 394529, 104605, 572881, 143194, 40.0, 47.8, 1.01
A, 593057, 359995, 553850, 787828, 394537, 104619, 572947, 143143, 40.0, 47.8, 0.99
A, 593380, 360085, 553998, 788075, 394626, 104647, 572993, 143107, 40.0, 47.7, 1.00
A, 593419, 360112, 553984, 788069, 394645, 104643, 573035, 143132, 40.0, 47.7, 1.00
A, 593290, 360172, 553772, 788211, 394680, 104674, 573124, 143102, 40.0, 47.8, 1.00
A, 593298, 360140, 553729, 788256, 394644, 104711, 573076, 143098, 40.0, 47.8, 1.01
A, 593285, 360216, 553517, 788087, 394750, 104671, 573141, 143016, 39.9, 47.8, 1.01
A, 594390, 360376, 554808, 789682, 394936, 104770, 573381, 143277, 39.9, 47.8, 1.00
A, 594515, 360454, 554896, 789878, 395041, 104810, 573566, 143206, 39.9, 47.8, 1.00
A, 594513, 360512, 554778, 789877, 395086, 104836, 573589, 143124, 39.9, 47.8, 0.99
A, 594454, 360510, 554634, 789692, 395028, 104823, 573548, 143141, 39.9, 47.8, 1.00
A, 594550, 360642, 554741, 790186, 395187, 104854, 573621, 143252, 39.9, 47.8, 1.01
A, 594585, 360662, 554620, 789935, 395133, 104866, 573652, 143119, 39.9, 47.8, 1.00
A, 594534, 360605, 554433, 789917, 395141, 104847, 573636, 143122, 39.9, 47.8, 1.00
A, 594456, 360663, 554425, 790153, 395140, 104836, 573687, 143015, 39.9, 47.8, 0.99
A, 594613, 360612, 554507, 790369, 395194, 104872, 573722, 143056, 39.9, 47.8, 1.00
A, 594504, 360695, 554413, 790302, 395135, 104885, 573774, 143101, 39.9, 47.8, 0.99
A, 594901, 360696, 554703, 790679, 395322, 104938, 573879, 143149, 39.9, 47.9, 1.01
A, 594933, 360783, 554696, 790696, 395326, 104938, 573886, 143036, 39.9, 47.9, 0.99
A, 594799, 360795, 554578, 790645, 395363, 104952, 573921, 142965, 39.9, 47.9, 1.00
A, 594934, 360861, 554659, 790904, 395320, 104927, 573965, 142976, 39.9, 47.9, 1.00
A, 594971, 360810, 554738, 791082, 395405, 104966, 574030, 143033, 39.9, 47.9, 0.99
A, 595010, 360883, 554669, 791146, 395406, 104947, 574032, 143000, 39.9, 47.9, 1.01
A, 595183, 360912, 554681, 791183, 395560, 104921, 574150, 142980, 39.9, 47.9, 0.99
A, 594583, 360807, 553705, 790191, 395425, 104951, 574002, 142778, 39.9, 47.9, 0.99
A, 594416, 360796, 553742, 790599, 395378, 104958, 573962, 142734, 39.9, 47.9, 1.01
A, 594470, 360726, 553857, 790775, 395409, 104979, 574014, 142822, 39.9, 47.9, 1.00
A, 596275, 360970, 555809, 792987, 395790, 105111, 574462, 143254, 39.9, 47.9, 0.99
A, 596204, 361132, 555780, 792997, 395856, 105122, 574553, 143157, 39.9, 47.9, 1.01
A, 596230, 361159, 555635, 792787, 395842, 105164, 574553, 143078, 39.9, 47.9, 1.00
A, 596083, 361145, 555428, 792491, 395851, 105097, 574503, 142977, 39.9, 47.9, 1.00
A, 595869, 361134, 555301, 792657, 395776, 105140, 574500, 142974, 39.9, 47.9, 1.00
A, 595979, 361162, 555408, 792874, 395814, 105103, 574495, 142965, 39.9, 48.0, 1.01
A, 595876, 361196, 555271, 792721, 395820, 105186, 574532, 142992, 39.9, 48.0, 0.99
A, 596234, 361269, 555524, 793042, 395897, 105233, 574651, 142965, 39.9, 48.0, 1.00
A, 596171, 361200, 555642, 793208, 395962, 105200, 574682, 142944, 39.9, 48.0, 1.01
A, 596019, 361183, 555399, 792879, 395866, 105182, 574613, 142764, 39.8, 48.0, 0.99
A, 596050, 361195, 555304, 792923, 395927, 105171, 574653, 142885, 39.8, 48.0, 1.00
A, 596147, 361227, 555412, 793236, 395992, 105266, 574730, 142917, 39.8, 48.0, 1.00
A, 596132, 361247, 555462, 793240, 395991, 105210, 574746, 142885, 39.8, 48.0, 1.00
A, 596393, 361250, 555747, 793630, 396063, 105301, 574844, 142897, 39.8, 48.1, 0.99
A, 596541, 361291, 555833, 793934, 396079, 105318, 574872, 142839, 39.8, 48.1, 1.00
A, 596376, 361369, 555662, 793758, 396142, 105258, 574851, 142861, 39.8, 48.1, 1.00
A, 596475, 361336, 555786, 793906, 396225, 105396, 574953, 142898, 39.8, 48.1, 0.99
A, 596101, 361316, 555264, 793388, 396098, 105272, 574830, 142750, 39.8, 48.1, 1.00
A, 596070, 361248, 555135, 793346, 396016, 105292, 574836, 142653, 39.8, 48.1, 1.00
A, 595920, 361231, 554871, 793221, 396059, 105287, 574834, 142638, 39.8, 48.1, 1.01
A, 597024, 361352, 556326, 794719, 396219, 105426, 575114, 142945, 39.8, 48.1, 1.00
A, 597234, 361525, 556456, 794973, 396416, 105442, 575256, 142994, 39.8, 48.1, 1.00
A, 597047, 361475, 556298, 794915, 396394, 105353, 575146, 142866, 39.8, 48.1, 1.00
A, 597187, 361557, 556259, 794697, 396406, 105402, 575243, 142819, 39.8, 48.1, 0.99
A, 596912, 361386, 556034, 794667, 396341, 105483, 575201, 142831, 39.8, 48.1, 0.99
A, 597157, 361497, 556400, 795034, 396433, 105451, 575284, 142805, 39.8, 48.1, 1.00
A, 596920, 361425, 556194, 795071, 396351, 105407, 575246, 142682, 39.8, 48.1, 1.01
A, 596953, 361474, 556114, 794958, 396366, 105437, 575205, 142779, 39.8, 48.1, 1.01
A, 597173, 361440, 556371, 795327, 396455, 105477, 575303, 142806, 39.8, 48.2, 1.01
A, 597073, 361506, 556228, 795074, 396502, 105411, 575298, 142750, 39.8, 48.2, 1.01
A, 597138, 361410, 556016, 794964, 396420, 105544, 575301, 142727, 39.8, 48.2, 1.00
A, 596903, 361417, 556019, 795118, 396383, 105445, 575306, 142620, 39.8, 48.2, 0.99
A, 597094, 361443, 556159, 795400, 396462, 105497, 575345, 142706, 39.8, 48.2, 1.01
A, 596909, 361416, 556039, 795377, 396455, 105498, 575330, 142734, 39.8, 48.2, 1.01
A, 597348, 361528, 556441, 795691, 396593, 105552, 575447, 142764, 39.8, 48.2, 0.99
A, 597333, 361519, 556444, 795726, 396604, 105516, 575423, 142627, 39.8, 48.2, 1.00
A, 597199, 361460, 556301, 795638, 396554, 105590, 575494, 142644, 39.8, 48.2, 1.01
A, 597148, 361480, 556275, 795599, 396530, 105585, 575451, 142609, 39.8, 48.2, 1.01
A, 597203, 361508, 556238, 795682, 396558, 105569, 575466, 142590, 39.8, 48.2, 1.01
A, 597032, 361420, 556184, 795640, 396506, 105584, 575414, 142585, 39.8, 48.2, 0.99
A, 598961, 361828, 558319, 797921, 397045, 105665, 575976, 142963, 39.8, 48.2, 0.99
A, 598840, 361862, 558114, 797760, 397078, 105741, 575965, 142877, 39.8, 48.2, 1.00
A, 598599, 361919, 557934, 797684, 396922, 105796, 575973, 142789, 39.8, 48.2, 1.00
A, 598337, 361765, 557708, 797380, 396986, 105688, 575834, 142669, 39.8, 48.3, 1.01
A, 598200, 361823, 557499, 797171, 396904, 105746, 575780, 142772, 39.8, 48.3, 1.01
A, 598232, 361837, 557651, 797427, 396880, 105772, 575816, 142694, 39.8, 48.3, 1.00
A, 598123, 361776, 557501, 797127, 396884, 105775, 575778, 142617, 39.8, 48.3, 1.00
A, 597924, 361630, 557226, 796842, 396755, 105715, 575728, 142573, 39.8, 48.3, 1.00
A, 597718, 361559, 557023, 796904, 396778, 105673, 575671, 142518, 39.8, 48.3, 0.99
A, 597833, 361610, 557300, 797089, 396830, 105770, 575746, 142595, 39.8, 48.3, 1.00
A, 597823, 361640, 557179, 797093, 396780, 105824, 575754, 142618, 39.8, 48.3, 1.00
A, 598066, 361673, 557434, 797368, 396917, 105824, 575831, 142655, 39.7, 48.3, 1.01
A, 598000, 361650, 557551, 797423, 396857, 105765, 575854, 142581, 39.7, 48.3, 1.01
A, 597854, 361593, 557359, 797284, 396864, 105808, 575795, 142458, 39.7, 48.3, 1.00
A, 597926, 361643, 557516, 797355, 396919, 105851, 575921, 142597, 39.7, 48.3, 1.00
A, 597423, 361436, 556807, 796842, 396693, 105829, 575748, 142407, 39.7, 48.3, 1.00
A, 596630, 361331, 555845, 795790, 396552, 105700, 575478, 142245, 39.7, 48.3, 1.00
A, 596876, 361236, 555916, 795903, 396556, 105733, 575575, 142216, 39.7, 48.3, 0.99
A, 597106, 361219, 556399, 796409, 396623, 105710, 575587, 142244, 39.7, 48.3, 0.99
A, 596929, 361284, 556130, 796316, 396685, 105684, 575669, 142184, 39.7, 48.3, 0.99
A, 598042, 361357, 557535, 797821, 396888, 105890, 575921, 142660, 39.7, 48.3, 1.00
A, 598111, 361574, 557498, 797700, 397060, 105849, 576096, 142441, 39.7, 48.3, 0.98
A, 598013, 361473, 557364, 797537, 396908, 105851, 575929, 142421, 39.7, 48.3, 1.01
A, 598118, 361416, 557436, 797779, 397005, 105885, 576043, 142411, 39.7, 48.3, 1.00
A, 598089, 361412, 557462, 797843, 396955, 105867, 576001, 142424, 39.7, 48.4, 1.01
A, 597922, 361354, 557396, 797923, 396917, 105919, 575995, 142402, 39.7, 48.4, 1.01
A, 598222, 361436, 557684, 798201, 397038, 105900, 576079, 142421, 39.7, 48.4, 0.99
A, 598421, 361502, 557859, 798073, 397066, 105964, 576136, 142367, 39.7, 48.4, 1.00
A, 598305, 361394, 557717, 798156, 397050, 105938, 576096, 142347, 39.7, 48.4, 1.00
A, 598223, 361385, 557815, 798428, 397076, 105959, 576122, 142376, 39.7, 48.4, 0.99
A, 598337, 361374, 557887, 798497, 397115, 105961, 576178, 142386, 39.7, 48.4, 1.01
A, 598138, 361348, 557735, 798296, 397031, 105966, 576110, 142392, 39.7, 48.4, 1.00
A, 598522, 361406, 558075, 798721, 397171, 106031, 576229, 142450, 39.7, 48.4, 1.00
A, 598528, 361455, 558042, 798672, 397225, 105986, 576270, 142395, 39.7, 48.4, 1.01
A, 598429, 361422, 558005, 798483, 397079, 105986, 576162, 142291, 39.7, 48.4, 1.00
A, 598529, 361423, 558170, 798879, 397217, 106040, 576305, 142375, 39.7, 48.4, 1.00
A, 598485, 361445, 558221, 799010, 397218, 106016, 576263, 142343, 39.7, 48.4, 1.01
A, 598747, 361436, 558295, 799158, 397241, 106128, 576282, 142459, 39.7, 48.4, 1.00
A, 598490, 361415, 558098, 798826, 397188, 106020, 576277, 142275, 39.7, 48.5, 1.00
A, 598296, 361394, 558021, 798711, 397172, 106038, 576218, 142226, 39.7, 48.5, 0.99
A, 599873, 361729, 559733, 800719, 397595, 106233, 576654, 142671, 39.7, 48.5, 1.00
A, 599699, 361696, 559654, 800509, 397568, 106282, 576655, 142610, 39.7, 48.5, 1.00
A, 599214, 361775, 559150, 800085, 397496, 106161, 576571, 142388, 39.7, 48.5, 1.01
A, 599105, 361562, 558856, 799605, 397411, 106215, 576412, 142335, 39.7, 48.5, 1.00
A, 599046, 361590, 559041, 799925, 397410, 106125, 576413, 142380, 39.7, 48.5, 1.00
A, 598886, 361520, 558983, 799885, 397415, 106180, 576415, 142321, 39.7, 48.5, 1.01
A, 598713, 361508, 558765, 799661, 397276, 106141, 576349, 142229, 39.7, 48.5, 0.99
A, 598890, 361427, 558916, 799833, 397331, 106182, 576380, 142374, 39.7, 48.5, 1.00
A, 598910, 361432, 558856, 799651, 397348, 106148, 576407, 142248, 39.7, 48.5, 1.00
A, 598429, 361325, 558477, 799271, 397283, 106162, 576281, 142173, 39.7, 48.5, 1.01
A, 598408, 361348, 558435, 799305, 397195, 106170, 576275, 142178, 39.7, 48.5, 1.01
A, 598545, 361313, 558660, 799527, 397266, 106171, 576370, 142180, 39.7, 48.5, 0.99
A, 598588, 361311, 558704, 799576, 397248, 106153, 576386, 142192, 39.7, 48.5, 1.00
A, 598696, 361360, 558922, 799854, 397344, 106165, 576438, 142239, 39.7, 48.5, 0.99
A, 598849, 361386, 558950, 799777, 397326, 106223, 576442, 142183, 39.7, 48.5, 1.00
A, 598740, 361302, 558853, 799713, 397328, 106247, 576377, 142101, 39.7, 48.5, 1.00
A, 598620, 361236, 558900, 799901, 397379, 106226, 576506, 142105, 39.7, 48.5, 1.00
A, 598653, 361249, 558921, 799921, 397303, 106188, 576424, 142222, 39.7, 48.6, 0.99
A, 598722, 361246, 559051, 800018, 397364, 106275, 576509, 142145, 39.7, 48.6, 0.99
A, 598984, 361261, 559212, 800132, 397425, 106263, 576578, 142161, 39.7, 48.6, 1.00
A, 600312, 361488, 560799, 801817, 397675, 106375, 576887, 142487, 39.7, 48.6, 1.00
A, 599897, 361665, 560455, 801491, 397778, 106371, 576897, 142411, 39.6, 48.6, 1.01
A, 599685, 361571, 560320, 801353, 397655, 106355, 576774, 142356, 39.6, 48.6, 0.99
A, 599703, 361460, 560399, 801484, 397690, 106436, 576815, 142363, 39.6, 48.6, 1.00
A, 599719, 361538, 560384, 801490, 397640, 106362, 576767, 142387, 39.6, 48.6, 1.00
A, 599661, 361495, 560426, 801314, 397631, 106398, 576761, 142271, 39.6, 48.6, 1.01
A, 599516, 361488, 560066, 801033, 397598, 106348, 576687, 142234, 39.6, 48.6, 0.99
A, 599174, 361440, 559884, 800893, 397531, 106408, 576667, 142149, 39.6, 48.6, 1.00
A, 599227, 361355, 560029, 800938, 397510, 106412, 576631, 142160, 39.6, 48.6, 1.00
A, 599141, 361334, 560001, 800982, 397509, 106388, 576619, 142219, 39.6, 48.6, 0.99
A, 599386, 361375, 560297, 801289, 397590, 106392, 576703, 142248, 39.6, 48.6, 1.01
A, 599352, 361337, 560383, 801167, 397585, 106373, 576691, 142171, 39.6, 48.6, 1.00
A, 599200, 361294, 560225, 801154, 397498, 106363, 576660, 142139, 39.6, 48.6, 1.00
A, 598993, 361209, 560085, 801071, 397489, 106415, 576590, 142046, 39.6, 48.6, 1.01
A, 599205, 361266, 560298, 801257, 397511, 106468, 576625, 142146, 39.6, 48.6, 1.01
A, 599086, 361301, 560288, 801193, 397540, 106431, 576655, 142081, 39.6, 48.6, 1.00
A, 599380, 361271, 560521, 801546, 397559, 106462, 576724, 142173, 39.6, 48.6, 1.01
A, 599431, 361237, 560597, 801569, 397565, 106492, 576735, 142157, 39.6, 48.6, 1.01
A, 599257, 361240, 560518, 801363, 397563, 106457, 576721, 142061, 39.6, 48.6, 1.01
A, 599248, 361269, 560609, 801542, 397612, 106513, 576704, 142132, 39.6, 48.6, 1.01
A, 600666, 361515, 562202, 803211, 397919, 106624, 577088, 142465, 39.6, 48.7, 1.00
A, 600414, 361499, 561896, 802715, 397906, 106573, 576985, 142333, 39.6, 48.7, 1.02
A, 599775, 361464, 561379, 802222, 397806, 106508, 576888, 142219, 39.6, 48.7, 1.01
A, 599480, 361373, 561110, 801995, 397671, 106568, 576782, 142025, 39.6, 48.7, 1.00
A, 599604, 361394, 561207, 802030, 397693, 106608, 576851, 142156, 39.6, 48.7, 1.01
A, 599626, 361239, 561192, 801931, 397630, 106565, 576788, 142086, 39.6, 48.7, 0.99
A, 599373, 361211, 560956, 801698, 397642, 106546, 576696, 141940, 39.6, 48.7, 1.00
A, 598932, 361159, 560574, 801324, 397483, 106494, 576524, 141992, 39.6, 48.6, 0.99
A, 599157, 361082, 560902, 801679, 397582, 106594, 576680, 142032, 39.6, 48.6, 1.00
A, 599074, 361066, 560905, 801588, 397552, 106499, 576640, 141981, 39.6, 48.7, 1.00
A, 599069, 360973, 560922, 801717, 397512, 106554, 576685, 141930, 39.6, 48.7, 1.00
A, 599080, 361051, 560958, 801772, 397508, 106572, 576661, 142003, 39.6, 48.7, 1.01
A, 599191, 361022, 561020, 801705, 397558, 106551, 576666, 141970, 39.6, 48.7, 1.00
A, 599035, 360988, 560893, 801505, 397494, 106615, 576660, 141880, 39.6, 48.7, 1.01
A, 598944, 360957, 560721, 801454, 397517, 106587, 576631, 141918, 39.6, 48.7, 1.00
A, 599130, 360949, 561023, 801707, 397559, 106569, 576605, 141940, 39.6, 48.7, 1.00
A, 599014, 360925, 560940, 801723, 397510, 106644, 576643, 141985, 39.6, 48.7, 0.99
A, 599243, 360965, 561296, 802020, 397599, 106685, 576729, 142018, 39.6, 48.7, 0.99
A, 599182, 360945, 561089, 801682, 397537, 106628, 576742, 141906, 39.6, 48.7, 0.99
A, 598902, 360878, 560989, 801674, 397506, 106595, 576685, 141848, 39.6, 48.7, 1.00
A, 600235, 361033, 562495, 803448, 397796, 106768, 577015, 142176, 39.6, 48.7, 0.99
A, 600118, 361159, 562289, 802927, 397844, 106755, 577032, 142068, 39.6, 48.7, 1.01
A, 599818, 361059, 562092, 802865, 397818, 106693, 576893, 142122, 39.6, 48.7, 1.00
A, 599516, 361091, 561832, 802475, 397750, 106702, 576860, 141883, 39.6, 48.7, 1.01
A, 599476, 360945, 561573, 802194, 397616, 106657, 576777, 141921, 39.6, 48.7, 1.00
A, 599417, 360943, 561703, 802438, 397608, 106740, 576794, 141945, 39.6, 48.7, 0.99
A, 599368, 360841, 561759, 802487, 397587, 106671, 576794, 141884, 39.6, 48.7, 0.99
A, 599206, 360912, 561636, 802330, 397596, 106700, 576746, 141849, 39.6, 48.7, 1.00
A, 599375, 360897, 561893, 802571, 397623, 106747, 576832, 141957, 39.6, 48.7, 1.00
A, 599465, 360889, 561926, 802520, 397698, 106781, 576829, 141937, 39.6, 48.7, 0.99
A, 599380, 360784, 561860, 802460, 397614, 106742, 576828, 141927, 39.6, 48.8, 1.00
A, 599205, 360755, 561698, 802318, 397576, 106741, 576778, 141837, 39.6, 48.8, 1.00
A, 599259, 360683, 561975, 802494, 397670, 106761, 576814, 141899, 39.6, 48.8, 1.00
A, 599379, 360814, 561967, 802629, 397661, 106795, 576856, 141884, 39.6, 48.8, 1.00
A, 599628, 360802, 562324, 802921, 397688, 106767, 576906, 142005, 39.6, 48.8, 1.00
A, 599682, 360844, 562387, 802974, 397707, 106815, 576911, 141953, 39.6, 48.8, 1.00
A, 599512, 360769, 562291, 802980, 397681, 106805, 576847, 141860, 39.6, 48.8, 0.99
A, 599508, 360785, 562362, 803027, 397684, 106780, 576900, 141828, 39.6, 48.8, 1.00
A, 599524, 360753, 562341, 802942, 397733, 106878, 576861, 141915, 39.6, 48.8, 1.01
A, 599487, 360705, 562267, 802835, 397666, 106828, 576857, 141879, 39.6, 48.8, 1.01
M, 596031, 360219, 557723, 797285, 396977, 106356, 575790, 140501, 39.6, 48.8, 0.00
M, 588048, 358091, 548733, 787760, 394330, 105591, 572811, 138581, 39.6, 48.8, 0.61
M, 581982, 356031, 541596, 780093, 392224, 104885, 570545, 137125, 39.6, 48.8, 0.74
M, 577255, 354304, 535756, 774184, 390642, 104417, 568907, 136113, 39.6, 48.8, 0.84
M, 573475, 352787, 530847, 769129, 389194, 103958, 567466, 135199, 39.6, 48.7, 0.90
M, 570443, 351377, 526654, 765095, 388002, 103555, 566318, 134505, 39.6, 48.7, 0.94
M, 567944, 350072, 522395, 761312, 386800, 103139, 565236, 133794, 39.7, 48.6, 0.97
M, 566465, 349060, 519558, 758848, 385964, 102852, 564512, 133375, 39.7, 48.6, 0.98
M, 565037, 348015, 516532, 756780, 385338, 102543, 564009, 133045, 39.7, 48.5, 0.99
M, 564558, 347322, 514891, 755849, 384872, 102303, 563759, 132802, 39.7, 48.5, 0.98
M, 564563, 346677, 513426, 755166, 384719, 102146, 563767, 132743, 39.7, 48.5, 0.99
M, 564533, 346054, 512192, 754882, 384523, 102082, 563877, 132655, 39.7, 48.4, 0.99
M, 564768, 345506, 510970, 754748, 384457, 101836, 564029, 132339, 39.7, 48.4, 0.99
M, 565053, 344896, 509926, 754727, 384463, 101714, 564265, 132401, 39.7, 48.3, 0.99
M, 565435, 344466, 509197, 755049, 384596, 101679, 564618, 132398, 39.7, 48.3, 1.00
M, 566381, 344164, 508894, 755878, 384826, 101633, 565057, 132469, 39.7, 48.3, 1.00
M, 566902, 343915, 508473, 756381, 384995, 101620, 565435, 132522, 39.7, 48.3, 1.00
M, 567809, 343616, 508341, 757361, 385398, 101565, 566046, 132540, 39.7, 48.2, 1.00
M, 568827, 343374, 508163, 758217, 385676, 101536, 566586, 132563, 39.7, 48.2, 1.01
M, 569483, 343185, 507867, 758922, 386013, 101440, 567070, 132655, 39.7, 48.2, 1.00
M, 571523, 343290, 509141, 761480, 386640, 101643, 567930, 132976, 39.7, 48.2, 1.00
M, 572416, 343307, 509019, 762291, 387045, 101600, 568489, 133000, 39.7, 48.1, 1.01
M, 572758, 343175, 508836, 762764, 387350, 101579, 568993, 133000, 39.7, 48.1, 1.00
M, 573741, 343118, 508902, 763830, 387802, 101559, 569493, 133174, 39.7, 48.1, 1.00
M, 574470, 343014, 508728, 764526, 388106, 101573, 570046, 133122, 39.7, 48.1, 0.99
M, 575039, 342996, 508575, 765271, 388452, 101558, 570572, 133136, 39.7, 48.1, 1.00
M, 575737, 342976, 508679, 766217, 388798, 101620, 571056, 133233, 39.7, 48.1, 1.00
M, 576329, 343059, 508318, 766778, 389165, 101567, 571587, 133276, 39.7, 48.1, 1.01
M, 576699, 342980, 508216, 767218, 389352, 101599, 571885, 133273, 39.7, 48.1, 0.99
M, 577512, 343068, 508228, 768311, 389876, 101601, 572561, 133215, 39.7, 48.1, 1.00
M, 577996, 342994, 508241, 768970, 390164, 101630, 572884, 133348, 39.7, 48.1, 1.00
M, 578867, 343203, 508482, 770035, 390552, 101624, 573390, 133512, 39.7, 48.1, 1.00
M, 579531, 343219, 508626, 770785, 390804, 101607, 573879, 133495, 39.7, 48.1, 1.00
M, 580058, 343351, 508667, 771598, 391175, 101670, 574364, 133540, 39.7, 48.1, 1.01
M, 580981, 343486, 509103, 772658, 391606, 101719, 574856, 133662, 39.7, 48.0, 0.99
M, 581884, 343648, 509289, 773638, 391998, 101715, 575404, 133720, 39.7, 48.0, 0.99
M, 582238, 343763, 509238, 774237, 392322, 101713, 575764, 133780, 39.7, 48.0, 1.00
M, 582982, 343912, 509422, 775117, 392670, 101821, 576273, 133861, 39.7, 48.0, 1.00
M, 583387, 344124, 509277, 775554, 392916, 101822, 576599, 133837, 39.7, 48.0, 0.99
M, 583983, 344258, 509370, 776254, 393276, 101804, 576925, 133863, 39.7, 48.0, 1.00
M, 585684, 344562, 510821, 778558, 393783, 101945, 577785, 134199, 39.7, 48.0, 1.00
M, 586320, 344925, 511138, 779448, 394279, 101962, 578185, 134288, 39.7, 48.0, 1.00
M, 586633, 345020, 510975, 779823, 394476, 101974, 578513, 134278, 39.7, 48.0, 1.00
M, 586979, 345179, 510919, 780305, 394680, 101999, 578783, 134283, 39.7, 48.0, 1.00
M, 587347, 345274, 510870, 780867, 394893, 101995, 579090, 134318, 39.7, 47.9, 1.01
M, 588018, 345596, 511141, 781538, 395231, 102056, 579462, 134300, 39.7, 47.9, 1.01
M, 588212, 345660, 510983, 781897, 395424, 102042, 579741, 134331, 39.7, 47.9, 1.01
M, 588751, 345888, 511154, 782772, 395697, 102107, 580057, 134438, 39.7, 47.9, 0.99
M, 588925, 346028, 510988, 782987, 395887, 102070, 580410, 134380, 39.7, 47.9, 0.99
M, 589194, 346087, 510978, 783417, 396019, 102132, 580540, 134422, 39.7, 47.9, 1.00
M, 589665, 346348, 510910, 783914, 396377, 102131, 580988, 134435, 39.7, 47.9, 1.01
M, 589879, 346334, 510981, 784274, 396460, 102094, 581041, 134410, 39.7, 47.9, 0.99
M, 590369, 346523, 511250, 785210, 396675, 102190, 581429, 134540, 39.7, 47.9, 1.00
M, 590855, 346766, 511368, 785699, 396979, 102203, 581754, 134556, 39.7, 47.9, 0.99
M, 591272, 346969, 511408, 786232, 397116, 102218, 581990, 134618, 39.7, 47.9, 0.99
M, 591910, 347120, 511891, 787057, 397455, 102274, 582369, 134707, 39.7, 47.9, 1.00
M, 592376, 347277, 512038, 787753, 397650, 102298, 582604, 134594, 39.7, 47.9, 1.00
M, 592589, 347482, 512020, 788145, 397801, 102301, 582848, 134743, 39.7, 47.9, 1.00
M, 592935, 347581, 512111, 788688, 397966, 102349, 583078, 134780, 39.7, 47.9, 1.00
M, 593561, 347921, 512448, 789428, 398272, 102394, 583417, 134854, 39.7, 47.9, 1.00
M, 595580, 348280, 514164, 791794, 398922, 102518, 584146, 135266, 39.7, 47.9, 1.00
M, 595648, 348567, 514000, 791821, 399082, 102523, 584353, 135160, 39.7, 47.9, 1.01
M, 595808, 348765, 514056, 792469, 399185, 102546, 584497, 135139, 39.7, 47.9, 1.00
M, 595849, 348921, 513968, 792581, 399334, 102574, 584609, 135145, 39.7, 47.9, 1.01
M, 596142, 349048, 513917, 792968, 399401, 102574, 584821, 135161, 39.7, 47.9, 1.00
M, 596225, 349188, 514020, 793305, 399552, 102654, 584907, 135208, 39.7, 47.8, 1.01
M, 596474, 349332, 513970, 793593, 399810, 102647, 585164, 135110, 39.7, 47.8, 1.00
M, 596562, 349454, 513809, 793772, 399867, 102668, 585285, 135182, 39.7, 47.9, 0.99
M, 596925, 349565, 514059, 794412, 399997, 102720, 585519, 135233, 39.7, 47.9, 1.00
M, 596935, 349790, 513788, 794339, 400102, 102649, 585649, 135159, 39.7, 47.8, 1.00
M, 596969, 349798, 513802, 794801, 400143, 102691, 585748, 135192, 39.7, 47.8, 1.01
M, 597351, 349996, 513867, 795040, 400453, 102689, 586024, 135258, 39.7, 47.8, 0.99
M, 597424, 349986, 513884, 795339, 400381, 102690, 586017, 135192, 39.7, 47.8, 1.01
M, 597803, 350202, 514098, 796004, 400623, 102797, 586313, 135293, 39.7, 47.8, 0.99
M, 598246, 350319, 514185, 796405, 400737, 102800, 586466, 135314, 39.7, 47.8, 1.00
M, 598388, 350475, 514293, 796809, 400853, 102745, 586641, 135363, 39.7, 47.8, 1.00
M, 598947, 350647, 514696, 797600, 401020, 102830, 586849, 135467, 39.7, 47.8, 1.00
M, 599306, 350848, 514844, 797854, 401143, 102858, 587063, 135435, 39.7, 47.8, 1.01
M, 599510, 350903, 514870, 798185, 401320, 102866, 587216, 135446, 39.8, 47.9, 1.00
M, 599635, 351080, 515034, 798699, 401436, 102892, 587359, 135495, 39.8, 47.9, 1.00
M, 601540, 351479, 516861, 801039, 401991, 103074, 587953, 135896, 39.8, 47.8, 0.99
M, 601621, 351690, 516718, 801054, 402090, 103113, 588056, 135831, 39.8, 47.8, 0.99
M, 601900, 351861, 516874, 801446, 402255, 103094, 588235, 135906, 39.7, 47.9, 1.00
M, 601955, 351992, 516881, 801724, 402323, 103102, 588343, 135800, 39.7, 47.9, 0.99
M, 601689, 352013, 516562, 801598, 402237, 103085, 588394, 135765, 39.7, 47.8, 1.00
M, 601682, 352093, 516455, 801736, 402320, 103072, 588346, 135747, 39.7, 47.8, 0.99
M, 602025, 352205, 516620, 802173, 402435, 103125, 588540, 135832, 39.7, 47.8, 0.99
M, 602124, 352303, 516473, 802155, 402450, 103132, 588629, 135758, 39.7, 47.8, 0.99
M, 602143, 352396, 516498, 802115, 402540, 103130, 588727, 135774, 39.7, 47.8, 0.99
M, 602178, 352367, 516425, 802617, 402650, 103147, 588821, 135755, 39.7, 47.8, 0.99
M, 601910, 352504, 516087, 802402, 402634, 103092, 588910, 135746, 39.8, 47.9, 1.00
M, 602130, 352514, 516070, 802576, 402681, 103153, 588871, 135769, 39.8, 47.9, 1.00
M, 602257, 352675, 516138, 802935, 402812, 103187, 589068, 135760, 39.7, 47.8, 1.01
M, 602290, 352677, 516214, 803086, 402757, 103148, 589137, 135733, 39.7, 47.8, 0.99
M, 602775, 352785, 516616, 803714, 402952, 103207, 589259, 135766, 39.7, 47.8, 0.99
M, 602863, 352854, 516552, 803978, 402993, 103247, 589380, 135828, 39.7, 47.9, 0.99
M, 602988, 352921, 516670, 804325, 403099, 103259, 589548, 135897, 39.7, 47.9, 0.99
M, 603532, 353006, 517059, 805002, 403304, 103285, 589714, 135871, 39.7, 47.8, 1.00
M, 603890, 353175, 517270, 805338, 403378, 103240, 589811, 135919, 39.7, 47.8, 1.00
M, 603805, 353286, 517114, 805352, 403385, 103307, 589854, 135909, 39.7, 47.9, 0.99
M, 605238, 353579, 518615, 807405, 403780, 103471, 590362, 136272, 39.7, 47.9, 1.00
M, 605775, 353824, 518999, 807879, 404038, 103480, 590575, 136325, 39.7, 47.8, 1.00
M, 605737, 353925, 518932, 807998, 404048, 103530, 590661, 136283, 39.7, 47.8, 1.01
M, 605964, 354027, 519060, 808335, 404153, 103538, 590751, 136324, 39.7, 47.8, 0.99
M, 605986, 354151, 519082, 808294, 404218, 103566, 590762, 136313, 39.7, 47.8, 1.00
M, 605892, 354118, 518981, 808377, 404196, 103547, 590851, 136268, 39.8, 47.8, 1.00
M, 605982, 354268, 518983, 808655, 404240, 103532, 590885, 136225, 39.8, 47.8, 1.01
M, 605973, 354331, 518999, 808810, 404304, 103612, 590910, 136243, 39.8, 47.8, 0.99
M, 606363, 354437, 519237, 809162, 404397, 103610, 591086, 136385, 39.8, 47.8, 1.00
M, 606522, 354512, 519248, 809256, 404505, 103574, 591137, 136292, 39.8, 47.9, 0.99
M, 606329, 354625, 519243, 809525, 404507, 103625, 591190, 136284, 39.8, 47.9, 1.00
M, 606271, 354631, 519004, 809371, 404549, 103621, 591253, 136280, 39.7, 47.9, 1.01
M, 606392, 354698, 519173, 809734, 404522, 103620, 591276, 136349, 39.7, 47.9, 1.00
M, 606476, 354852, 518954, 809662, 404613, 103664, 591354, 136290, 39.8, 47.9, 1.00
M, 606481, 354693, 519009, 809656, 404618, 103593, 591349, 136244, 39.8, 47.9, 1.00
M, 606728, 354813, 519410, 810339, 404688, 103670, 591509, 136304, 39.8, 47.9, 1.00
M, 606905, 354870, 519368, 810568, 404737, 103639, 591577, 136355, 39.7, 47.8, 1.00
M, 606891, 354893, 519419, 810621, 404749, 103684, 591611, 136383, 39.7, 47.8, 1.00
M, 607301, 355009, 519705, 811138, 404882, 103779, 591760, 136458, 39.8, 47.8, 1.00
M, 607420, 355053, 519772, 811265, 404935, 103706, 591861, 136336, 39.8, 47.8, 1.00
M, 608875, 355354, 521361, 813206, 405325, 103868, 592247, 136601, 39.8, 47.8, 1.01
M, 608907, 355612, 521339, 813302, 405378, 103893, 592354, 136720, 39.8, 47.8, 1.00
M, 608708, 355565, 521142, 813251, 405417, 103911, 592289, 136691, 39.8, 47.8, 1.00
M, 608692, 355582, 521126, 813419, 405456, 103923, 592295, 136676, 39.8, 47.8, 1.00
M, 608793, 355684, 521205, 813468, 405393, 103978, 592399, 136619, 39.8, 47.9, 1.00
M, 609102, 355875, 521466, 813810, 405559, 103937, 592493, 136647, 39.8, 47.9, 0.99
M, 609055, 355833, 521292, 813744, 405564, 103899, 592483, 136629, 39.8, 47.8, 1.00
M, 608748, 355824, 521206, 813808, 405499, 103984, 592457, 136638, 39.8, 47.8, 1.01
M, 609199, 355940, 521338, 814088, 405621, 103940, 592575, 136686, 39.8, 47.8, 0.99
M, 609160, 355977, 521491, 814256, 405617, 103983, 592642, 136705, 39.8, 47.8, 1.00
M, 609392, 356085, 521645, 814589, 405689, 104004, 592734, 136627, 39.8, 47.8, 1.00
M, 609357, 356049, 521690, 814500, 405744, 104021, 592794, 136745, 39.8, 47.8, 1.00
M, 609349, 356147, 521555, 814545, 405781, 104027, 592787, 136629, 39.8, 47.9, 1.00
M, 609267, 356099, 521497, 814740, 405761, 104019, 592728, 136651, 39.8, 47.9, 0.99
M, 609543, 356154, 521687, 814973, 405761, 104082, 592824, 136777, 39.8, 47.9, 1.00
M, 609687, 356179, 521942, 815251, 405866, 104105, 592906, 136771, 39.8, 47.9, 1.01
M, 609358, 356181, 521536, 814997, 405810, 104082, 592853, 136670, 39.8, 47.9, 0.99
M, 608467, 356051, 520560, 813895, 405530, 103945, 592583, 136365, 39.8, 47.9, 1.00
M, 608742, 355969, 520901, 814283, 405616, 104018, 592674, 136535, 39.8, 47.9, 0.99
M, 609289, 356099, 521385, 815133, 405757, 104003, 592874, 136628, 39.8, 47.9, 1.00
M, 610829, 356366, 523118, 817161, 406153, 104151, 593323, 137030, 39.8, 47.9, 0.99
M, 610695, 356605, 523066, 817253, 406353, 104205, 593558, 136946, 39.8, 47.9, 1.00
M, 611250, 356670, 523373, 817479, 406378, 104237, 593534, 137012, 39.8, 47.9, 0.99
M, 611032, 356752, 523209, 817426, 406341, 104291, 593574, 136941, 39.8, 47.9, 1.00
M, 611094, 356788, 523357, 817765, 406407, 104298, 593624, 137012, 39.8, 47.9, 1.00
M, 611158, 356795, 523364, 817696, 406370, 104287, 593588, 136991, 39.8, 47.9, 1.00
M, 611152, 356799, 523386, 817815, 406456, 104290, 593604, 137008, 39.8, 47.9, 0.99
M, 611445, 356944, 523706, 818306, 406491, 104303, 593769, 137076, 39.8, 47.9, 0.99
M, 611535, 356980, 523885, 818285, 406537, 104364, 593817, 137031, 39.8, 47.9, 0.99
M, 611465, 357015, 523802, 818471, 406505, 104356, 593778, 136967, 39.8, 47.9, 0.99
M, 611563, 357039, 523870, 818644, 406512, 104337, 593759, 137003, 39.8, 47.9, 1.01
M, 611566, 357126, 523711, 818434, 406580, 104400, 593786, 137007, 39.8, 47.9, 0.99
M, 611456, 357152, 523738, 818420, 406597, 104345, 593777, 136943, 39.8, 47.9, 0.99
M, 611292, 357078, 523589, 818408, 406622, 104368, 593854, 136934, 39.8, 47.9, 1.00
M, 611262, 357052, 523614, 818536, 406550, 104378, 593801, 136929, 39.8, 47.9, 1.01
M, 611503, 357119, 523895, 818942, 406647, 104432, 593935, 137070, 39.8, 47.9, 1.00
M, 611782, 357131, 524123, 819219, 406623, 104455, 593966, 137135, 39.8, 47.9, 1.00
M, 611913, 357225, 524208, 819223, 406725, 104467, 594089, 137021, 39.8, 47.9, 1.01
M, 611744, 357229, 524182, 819381, 406710, 104502, 594060, 137028, 39.8, 47.9, 1.00
M, 612006, 357291, 524358, 819702, 406755, 104468, 594077, 137047, 39.8, 47.9, 1.00
M, 613551, 357500, 526076, 821630, 407088, 104653, 594529, 137430, 39.8, 47.9, 0.99
M, 613655, 357765, 526158, 821775, 407319, 104641, 594605, 137366, 39.8, 47.9, 1.00
M, 613524, 357771, 526045, 821702, 407220, 104691, 594689, 137455, 39.8, 47.9, 1.00
M, 613583, 357812, 526123, 821728, 407219, 104658, 594610, 137395, 39.8, 47.9, 1.00
M, 613334, 357809, 525834, 821492, 407228, 104692, 594525, 137184, 39.8, 47.9, 1.00
M, 613324, 357809, 526022, 821584, 407168, 104680, 594548, 137331, 39.8, 47.9, 1.00
M, 613243, 357819, 526000, 821658, 407217, 104710, 594548, 137282, 39.8, 47.9, 1.00
M, 613318, 357844, 526095, 821854, 407189, 104748, 594562, 137361, 39.8, 47.9, 1.00
M, 613200, 357919, 526103, 821827, 407209, 104703, 594591, 137196, 39.8, 47.9, 0.99
M, 613463, 357955, 526319, 821980, 407243, 104730, 594605, 137316, 39.8, 47.9, 1.00
M, 613271, 357937, 526148, 821840, 407180, 104727, 594561, 137280, 39.8, 47.9, 1.00
M, 613246, 357938, 526245, 822055, 407253, 104775, 594645, 137300, 39.8, 47.9, 1.00
M, 613226, 357928, 526094, 821806, 407253, 104754, 594613, 137322, 39.8, 47.9, 0.99
M, 613088, 357871, 526044, 821901, 407202, 104790, 594541, 137312, 39.8, 47.9, 0.99
M, 613144, 357979, 526021, 821805, 407291, 104806, 594680, 137256, 39.8, 47.9, 1.00
M, 613092, 357904, 526051, 821847, 407210, 104761, 594565, 137182, 39.8, 47.9, 1.00
M, 613143, 357959, 526302, 822186, 407197, 104756, 594630, 137282, 39.8, 47.9, 1.00
M, 613243, 357952, 526271, 822283, 407179, 104700, 594620, 137278, 39.8, 47.9, 1.00
M, 613366, 357918, 526403, 822416, 407278, 104770, 594711, 137359, 39.8, 47.9, 1.00
M, 613644, 358045, 526770, 822742, 407355, 104851, 594746, 137405, 39.8, 47.9, 1.00
M, 615442, 358330, 528816, 825094, 407805, 104975, 595283, 137787, 39.8, 47.9, 1.00
M, 615106, 358448, 528557, 824765, 407781, 104974, 595254, 137604, 39.8, 47.9, 1.00
M, 615187, 358507, 528510, 824782, 407805, 104993, 595229, 137696, 39.8, 47.9, 1.00
M, 614997, 358531, 528420, 824768, 407752, 105024, 595157, 137610, 39.8, 47.9, 1.00
M, 615030, 358572, 528234, 824466, 407774, 104960, 595188, 137566, 39.8, 47.9, 1.00
M, 614785, 358478, 528078, 824118, 407624, 105016, 595068, 137503, 39.8, 47.9, 1.00
M, 614652, 358401, 528189, 824500, 407643, 104991, 595113, 137513, 39.8, 47.9, 1.01
M, 614557, 358416, 528118, 824302, 407598, 104981, 595065, 137488, 39.8, 47.9, 1.00
M, 614438, 358463, 528011, 824233, 407578, 105046, 595041, 137527, 39.8, 47.9, 1.01
M, 614587, 358534, 528181, 824422, 407669, 105095, 595159, 137541, 39.8, 47.9, 1.01
M, 614563, 358492, 528249, 824448, 407601, 105031, 595089, 137542, 39.8, 47.9, 1.01
M, 614408, 358454, 528134, 824356, 407569, 105008, 595053, 137405, 39.8, 47.9, 1.01
M, 614453, 358452, 528247, 824349, 407592, 104978, 595062, 137551, 39.8, 47.9, 1.00
M, 614452, 358480, 528159, 824481, 407676, 105044, 595125, 137545, 39.8, 47.9, 1.00
M, 614279, 358411, 528179, 824484, 407621, 105069, 595064, 137553, 39.8, 47.9, 0.99
M, 614321, 358487, 528201, 824437, 407664, 105060, 595109, 137509, 39.8, 47.9, 1.00
M, 614247, 358320, 528184, 824416, 407565, 105047, 595069, 137413, 39.8, 47.9, 1.01
M, 614419, 358391, 528430, 824742, 407599, 105065, 595143, 137442, 39.8, 47.9, 1.00
M, 614502, 358456, 528550, 824920, 407638, 105084, 595194, 137559, 39.8, 47.9, 1.01
M, 614571, 358359, 528617, 825036, 407653, 105081, 595179, 137602, 39.8, 47.9, 0.99
M, 616411, 358684, 530651, 827400, 408068, 105243, 595681, 138003, 39.8, 48.0, 1.00
M, 616394, 358907, 530506, 826951, 408210, 105222, 595672, 137878, 39.8, 48.0, 1.00
M, 616117, 358830, 530273, 826661, 408064, 105238, 595573, 137767, 39.8, 48.0, 1.01
M, 615684, 358828, 530014, 826605, 407985, 105253, 595520, 137784, 39.8, 48.0, 1.01
M, 615855, 358821, 530203, 826722, 407987, 105222, 595561, 137772, 39.8, 48.0, 1.00
M, 615653, 358799, 530075, 826565, 407975, 105270, 595470, 137788, 39.8, 48.0, 1.02
M, 615832, 358870, 530363, 826784, 408030, 105305, 595536, 137852, 39.8, 48.0, 0.99
M, 615731, 358906, 530248, 826784, 408016, 105348, 595574, 137796, 39.8, 48.0, 1.01
M, 615576, 358881, 530195, 826650, 407947, 105366, 595534, 137739, 39.8, 48.0, 1.00
M, 615664, 358848, 530343, 826778, 407952, 105284, 595522, 137714, 39.8, 48.0, 0.99
M, 615566, 358801, 530320, 826865, 407966, 105348, 595531, 137782, 39.8, 48.0, 1.00
M, 615853, 358828, 530344, 826725, 408018, 105301, 595553, 137739, 39.8, 48.0, 1.01
M, 615623, 358792, 530235, 826444, 407956, 105324, 595478, 137716, 39.8, 48.0, 1.00
M, 615085, 358763, 529887, 826256, 407838, 105262, 595362, 137638, 39.8, 48.0, 1.00
M, 615049, 358658, 529874, 826231, 407895, 105299, 595410, 137584, 39.7, 48.0, 1.00
M, 615105, 358653, 529918, 826319, 407826, 105283, 595383, 137708, 39.7, 48.0, 1.00
M, 614961, 358653, 529867, 826140, 407857, 105286, 595446, 137632, 39.8, 48.0, 1.01
M, 614966, 358606, 529839, 826029, 407772, 105289, 595367, 137583, 39.8, 48.0, 0.99
M, 615194, 358645, 530158, 826516, 407810, 105308, 595412, 137640, 39.8, 48.0, 1.00
M, 614991, 358579, 530010, 826198, 407797, 105253, 595412, 137548, 39.7, 48.0, 1.00
M, 616507, 358767, 531705, 828387, 408163, 105422, 595799, 137999, 39.7, 48.0, 1.00
M, 616729, 359024, 531978, 828580, 408265, 105461, 595945, 138004, 39.8, 48.0, 1.00
M, 616703, 358916, 531843, 828340, 408282, 105396, 595865, 137940, 39.8, 48.0, 1.00
M, 616429, 358978, 531617, 828137, 408195, 105437, 595809, 137866, 39.7, 48.0, 1.00
M, 616209, 358926, 531570, 828132, 408149, 105519, 595849, 137710, 39.7, 48.0, 1.00
M, 616456, 358971, 531849, 828304, 408222, 105464, 595831, 137923, 39.8, 48.0, 1.00
M, 616396, 358952, 531817, 828252, 408233, 105501, 595767, 137917, 39.8, 48.0, 1.00
M, 616611, 359028, 532047, 828624, 408218, 105503, 595863, 137927, 39.8, 48.0, 1.01
M, 616602, 359090, 532058, 828422, 408249, 105517, 595855, 137912, 39.8, 48.0, 1.00
M, 616430, 359036, 531986, 828271, 408224, 105541, 595856, 137887, 39.8, 48.0, 1.00
M, 616522, 359010, 532155, 828639, 408193, 105525, 595862, 137915, 39.8, 48.0, 1.00
M, 616406, 358999, 532075, 828548, 408149, 105525, 595821, 137927, 39.8, 48.0, 0.99
M, 616621, 359056, 532323, 828697, 408219, 105574, 595835, 137978, 39.8, 48.0, 1.01
M, 616645, 359140, 532353, 828671, 408273, 105573, 595929, 137912, 39.8, 48.0, 0.99
M, 616405, 359017, 532358, 828699, 408251, 105566, 595984, 137826, 39.8, 48.0, 1.00
M, 616238, 359045, 532149, 828286, 408259, 105618, 595845, 137908, 39.7, 48.0, 0.99
M, 616218, 358930, 532154, 828502, 408138, 105539, 595821, 137872, 39.7, 48.0, 1.00
M, 615937, 359013, 531982, 828249, 408179, 105521, 595765, 137821, 39.7, 48.0, 1.00
M, 616097, 358875, 531937, 828115, 408123, 105512, 595809, 137829, 39.7, 48.0, 0.99
M, 616286, 358890, 532310, 828670, 408192, 105599, 595877, 137870, 39.7, 48.0, 0.99
A, 621771, 359716, 538164, 835360, 409351, 106150, 597300, 139474, 39.7, 48.0, 0.00
A, 631912, 362507, 549947, 849150, 412572, 107240, 600717, 141895, 39.8, 48.0, 0.67
A, 636696, 364001, 555298, 855040, 413891, 107716, 602007, 142976, 39.8, 48.0, 0.74
A, 641064, 365735, 560849, 861226, 415229, 108269, 603360, 143912, 39.8, 48.0, 0.84
A, 644651, 367282, 565362, 865962, 416486, 108739, 604472, 144772, 39.7, 48.0, 0.89
A, 647083, 368568, 568811, 869330, 417213, 109099, 605198, 145345, 39.7, 48.0, 0.94
A, 649062, 369867, 571873, 872223, 417886, 109540, 605867, 145776, 39.7, 48.0, 0.96
A, 650543, 371083, 574433, 874057, 418355, 109742, 606095, 146070, 39.7, 48.0, 0.98
A, 651144, 372002, 576189, 875173, 418647, 110101, 606188, 146235, 39.7, 48.1, 0.99
A, 651343, 372728, 577595, 876077, 418745, 110231, 606126, 146373, 39.7, 48.1, 0.99
A, 651601, 373518, 579088, 876738, 418868, 110423, 606008, 146435, 39.7, 48.1, 0.99
A, 651409, 374057, 579937, 876791, 418827, 110563, 605801, 146538, 39.7, 48.1, 0.99
A, 651478, 374737, 581237, 877027, 418728, 110673, 605547, 146614, 39.7, 48.1, 1.00
A, 650924, 375265, 582071, 876799, 418548, 110828, 605106, 146620, 39.7, 48.1, 1.01
A, 650086, 375644, 582511, 876049, 418333, 110935, 604607, 146465, 39.7, 48.1, 1.00
A, 649485, 375888, 582864, 875543, 418016, 110969, 604188, 146466, 39.7, 48.1, 0.99
A, 648730, 376237, 583303, 875003, 417730, 111098, 603740, 146431, 39.7, 48.1, 1.01
A, 647889, 376365, 583565, 874214, 417426, 111135, 603248, 146408, 39.7, 48.1, 1.00
A, 647330, 376742, 584012, 873254, 417075, 111167, 602713, 146335, 39.6, 48.1, 1.01
A, 646433, 376806, 584191, 872563, 416676, 111214, 602153, 146228, 39.6, 48.1, 1.00
A, 646965, 377324, 586306, 873548, 416689, 111406, 602041, 146541, 39.6, 48.1, 0.99
A, 646230, 377431, 586159, 872664, 416365, 111417, 601610, 146498, 39.6, 48.1, 1.00
A, 644432, 377394, 585768, 870649, 415755, 111357, 600725, 146223, 39.6, 48.1, 1.01
A, 643453, 377217, 585441, 869455, 415321, 111314, 600194, 146107, 39.6, 48.1, 0.99
A, 642657, 377172, 585709, 868764, 415011, 111342, 599749, 146050, 39.6, 48.1, 1.01
A, 641658, 377112, 585680, 867643, 414603, 111406, 599251, 146002, 39.6, 48.2, 1.00
A, 640795, 376908, 585557, 866717, 414188, 111436, 598685, 145912, 39.6, 48.2, 0.99
A, 640133, 376933, 585732, 865958, 413859, 111418, 598297, 145897, 39.6, 48.2, 1.00
A, 639167, 376825, 585704, 864723, 413504, 111415, 597780, 145764, 39.6, 48.2, 1.00
A, 638175, 376587, 585551, 863562, 413037, 111306, 597216, 145653, 39.6, 48.2, 0.99
A, 637344, 376445, 585486, 862795, 412676, 111299, 596786, 145476, 39.6, 48.2, 0.99
A, 636694, 376334, 585780, 862251, 412421, 111377, 596434, 145619, 39.6, 48.2, 1.00
A, 636125, 376100, 585730, 861501, 412111, 111381, 595984, 145602, 39.6, 48.2, 1.01
A, 635733, 376008, 586134, 861003, 411858, 111434, 595703, 145576, 39.6, 48.2, 1.01
A, 634963, 375794, 586054, 859818, 411560, 111345, 595215, 145474, 39.6, 48.2, 1.01
A, 634177, 375602, 585994, 858869, 411169, 111372, 594778, 145358, 39.6, 48.2, 1.00
A, 633627, 375443, 586130, 858507, 410954, 111363, 594511, 145359, 39.6, 48.2, 0.99
A, 632925, 375207, 586134, 857693, 410656, 111307, 594104, 145297, 39.6, 48.3, 0.99
A, 632663, 375114, 586262, 857169, 410408, 111356, 593802, 145335, 39.6, 48.3, 1.00
A, 631597, 374833, 585865, 855774, 410027, 111256, 593349, 145133, 39.6, 48.3, 1.01
A, 632254, 374751, 587529, 856891, 409991, 111382, 593306, 145353, 39.6, 48.3, 1.01
A, 631359, 374685, 587126, 855470, 409789, 111321, 592903, 145278, 39.6, 48.3, 1.00
A, 630634, 374443, 586950, 854958, 409442, 111331, 592510, 145192, 39.6, 48.3, 1.00
A, 630195, 374247, 587070, 854362, 409221, 111391, 592266, 145203, 39.6, 48.3, 1.00
A, 629752, 374010, 587151, 853690, 409014, 111315, 591998, 145161, 39.6, 48.3, 0.99
A, 629140, 373869, 587149, 852883, 408734, 111291, 591599, 145042, 39.6, 48.3, 1.00
A, 628537, 373561, 586916, 852016, 408394, 111264, 591264, 144954, 39.6, 48.3, 1.00
A, 627703, 373398, 586741, 851320, 408270, 111255, 590927, 144835, 39.6, 48.3, 1.00
A, 627411, 373179, 586890, 850965, 408054, 111314, 590717, 145004, 39.6, 48.3, 1.00
A, 626907, 372897, 586822, 850265, 407794, 111236, 590441, 144917, 39.6, 48.3, 1.00
A, 626718, 372741, 587156, 850045, 407634, 111250, 590273, 144889, 39.5, 48.3, 1.01
A, 626227, 372526, 587059, 849170, 407383, 111174, 589975, 144826, 39.5, 48.3, 1.01
A, 625683, 372232, 586980, 848425, 407217, 111230, 589696, 144750, 39.5, 48.4, 1.01
A, 625331, 372094, 587111, 848209, 407049, 111279, 589514, 144743, 39.5, 48.4, 0.99
A, 624702, 371892, 587001, 847542, 406844, 111157, 589247, 144654, 39.5, 48.4, 1.00
A, 624645, 371717, 587178, 847233, 406685, 111230, 589064, 144688, 39.5, 48.4, 1.01
A, 624185, 371499, 587299, 846673, 406581, 111186, 588811, 144701, 39.5, 48.4, 1.01
A, 623769, 371335, 587378, 846197, 406388, 111165, 588621, 144540, 39.5, 48.4, 1.01
A, 623366, 371063, 587129, 845541, 406117, 111218, 588310, 144518, 39.5, 48.4, 0.99
A, 622848, 370850, 587023, 845021, 405947, 111100, 588070, 144490, 39.5, 48.4, 1.00
A, 624174, 370973, 589114, 846565, 406236, 111257, 588369, 144835, 39.5, 48.4, 0.99
A, 623664, 370906, 588713, 845537, 406082, 111196, 588140, 144695, 39.5, 48.4, 1.00
A, 622663, 370684, 588303, 844631, 405797, 111224, 587762, 144505, 39.5, 48.4, 0.99
A, 622110, 370381, 587998, 844051, 405575, 111152, 587494, 144465, 39.5, 48.4, 1.00
A, 621833, 370203, 588045, 843661, 405364, 111194, 587330, 144536, 39.5, 48.4, 1.00
A, 621433, 370099, 587540, 842571, 405240, 111095, 587083, 144374, 39.5, 48.4, 1.00
A, 620766, 369801, 587605, 842018, 404980, 111077, 586805, 144299, 39.5, 48.4, 0.99
A, 620225, 369604, 587516, 841622, 404824, 111060, 586613, 144225, 39.5, 48.4, 1.00
A, 620274, 369414, 587719, 841385, 404745, 111078, 586525, 144288, 39.5, 48.4, 1.01
A, 619812, 369183, 587660, 840771, 404549, 111101, 586233, 144265, 39.5, 48.4, 1.01
A, 619425, 369049, 587579, 840470, 404433, 111080, 586151, 144166, 39.5, 48.4, 1.01
A, 619332, 368885, 587799, 840235, 404370, 111013, 586037, 144234, 39.5, 48.5, 0.99
A, 619037, 368692, 587688, 839553, 404211, 111057, 585850, 144082, 39.5, 48.5, 0.99
A, 618625, 368545, 587652, 839120, 404070, 111002, 585585, 144088, 39.5, 48.5, 1.00
A, 618239, 368372, 587750, 838943, 403953, 111069, 585566, 144080, 39.5, 48.5, 1.01
A, 617999, 368208, 587622, 838426, 403850, 111020, 585367, 144034, 39.5, 48.5, 1.00
A, 617828, 368010, 587632, 838095, 403683, 110991, 585235, 144059, 39.5, 48.5, 0.99
A, 617772, 367890, 587935, 838127, 403699, 111032, 585179, 144053, 39.5, 48.5, 0.99
A, 617619, 367806, 587905, 837620, 403563, 110963, 585041, 144024, 39.5, 48.5, 1.00
A, 617188, 367495, 587811, 837016, 403403, 110920, 584830, 143953, 39.5, 48.5, 0.99
A, 618230, 367609, 589496, 838653, 403590, 111090, 585055, 144258, 39.5, 48.5, 1.00
A, 617723, 367689, 589062, 837755, 403575, 111007, 584920, 144047, 39.5, 48.5, 1.01
A, 617347, 367481, 588882, 837307, 403424, 111020, 584707, 144146, 39.5, 48.5, 1.00
A, 616703, 367353, 588606, 836457, 403216, 110968, 584492, 143950, 39.5, 48.5, 0.99
A, 616228, 367076, 588334, 835857, 403018, 110910, 584235, 143881, 39.5, 48.5, 0.99
A, 616122, 366901, 588458, 835651, 402940, 110949, 584164, 143932, 39.5, 48.5, 1.00
A, 615807, 366691, 588336, 835238, 402744, 110924, 584004, 143896, 39.5, 48.5, 1.00
A, 615528, 366638, 588253, 834910, 402754, 110970, 583885, 143869, 39.5, 48.5, 0.99
A, 615460, 366539, 588536, 834895, 402767, 110901, 583826, 143862, 39.5, 48.5, 1.00
A, 615235, 366357, 588544, 834479, 402550, 110870, 583661, 143779, 39.5, 48.5, 1.01
A, 614859, 366236, 588389, 834120, 402506, 110854, 583552, 143696, 39.5, 48.6, 1.01
A, 614467, 366046, 588187, 833536, 402317, 110821, 583372, 143612, 39.5, 48.6, 1.00
A, 614563, 365956, 588559, 833645, 402356, 110842, 583418, 143792, 39.5, 48.6, 1.01
A, 614401, 365844, 588513, 833275, 402274, 110860, 583226, 143755, 39.5, 48.6, 0.99
A, 614431, 365817, 588798, 833305, 402203, 110833, 583203, 143769, 39.5, 48.6, 0.99
A, 614369, 365682, 588775, 832902, 402160, 110836, 583070, 143700, 39.5, 48.6, 1.00
A, 614011, 365553, 588759, 832402, 402046, 110838, 582992, 143640, 39.5, 48.6, 1.00
A, 613805, 365442, 588815, 832461, 401985, 110824, 582925, 143709, 39.5, 48.6, 1.00
A, 613616, 365283, 588796, 832156, 401869, 110816, 582782, 143686, 39.5, 48.6, 1.00
A, 613352, 365181, 588690, 831603, 401731, 110770, 582608, 143510, 39.5, 48.6, 1.00
A, 614321, 365259, 590098, 832786, 401950, 110868, 582817, 143853, 39.5, 48.6, 0.99
A, 614009, 365259, 589982, 832469, 401925, 110839, 582761, 143616, 39.5, 48.6, 1.00
A, 613277, 365093, 589414, 831384, 401757, 110806, 582555, 143614, 39.5, 48.6, 0.98
A, 612917, 364844, 589133, 831196, 401601, 110758, 582354, 143586, 39.5, 48.6, 1.00
A, 612407, 364719, 588888, 830439, 401517, 110745, 582203, 143538, 39.5, 48.6, 0.99
A, 612244, 364598, 588751, 829895, 401307, 110693, 582064, 143421, 39.5, 48.6, 1.01
A, 612186, 364534, 588920, 830081, 401314, 110697, 581967, 143467, 39.5, 48.6, 1.00
A, 611924, 364392, 588836, 829712, 401237, 110702, 581878, 143403, 39.5, 48.6, 0.99
A, 611612, 364191, 588678, 829346, 401131, 110697, 581776, 143346, 39.5, 48.6, 1.01
A, 611804, 364239, 588992, 829420, 401117, 110730, 581789, 143440, 39.5, 48.6, 1.00
A, 611656, 364114, 589130, 829060, 401089, 110683, 581676, 143386, 39.5, 48.6, 1.00
A, 611347, 363929, 588881, 828621, 400989, 110686, 581583, 143291, 39.5, 48.6, 1.00
A, 611034, 363799, 588636, 828393, 400900, 110602, 581444, 143307, 39.5, 48.6, 1.01
A, 611062, 363683, 588993, 828262, 400796, 110624, 581438, 143285, 39.5, 48.6, 1.00
A, 610870, 363712, 589008, 828234, 400789, 110589, 581295, 143317, 39.5, 48.6, 1.00
A, 610954, 363684, 589267, 828328, 400807, 110608, 581401, 143374, 39.5, 48.6, 0.99
A, 610883, 363528, 589417, 828039, 400784, 110629, 581337, 143357, 39.5, 48.6, 1.00
A, 610659, 363392, 589266, 827681, 400674, 110599, 581134, 143260, 39.5, 48.7, 1.01
A, 610553, 363380, 589337, 827649, 400696, 110632, 581097, 143150, 39.5, 48.7, 0.99
A, 610310, 363191, 589202, 827322, 400554, 110638, 580962, 143221, 39.5, 48.7, 1.01
A, 611555, 363388, 590895, 828971, 400825, 110760, 581316, 143594, 39.5, 48.7, 1.00
A, 611425, 363454, 590879, 828460, 400831, 110726, 581295, 143439, 39.5, 48.7, 1.00
A, 610977, 363306, 590524, 828006, 400664, 110684, 581106, 143397, 39.5, 48.7, 1.00
A, 610534, 363239, 590219, 827322, 400573, 110648, 580915, 143307, 39.5, 48.7, 1.01
A, 610240, 363060, 590055, 827134, 400471, 110618, 580849, 143268, 39.5, 48.7, 1.01
A, 609754, 363063, 589693, 826236, 400369, 110581, 580667, 143177, 39.5, 48.7, 1.01
A, 609572, 362840, 589435, 825888, 400240, 110554, 580502, 143042, 39.5, 48.7, 1.00
A, 609335, 362713, 589563, 825906, 400176, 110502, 580459, 143081, 39.5, 48.7, 0.99
A, 609099, 362610, 589584, 825666, 400147, 110524, 580361, 143031, 39.5, 48.7, 1.01
A, 609002, 362498, 589508, 825355, 399994, 110493, 580317, 143072, 39.5, 48.7, 1.00
A, 609130, 362521, 589838, 825683, 400098, 110517, 580284, 143138, 39.5, 48.7, 1.00
A, 608904, 362432, 589697, 825177, 399967, 110477, 580228, 143094, 39.5, 48.7, 1.01
A, 608774, 362302, 589519, 824770, 399921, 110433, 580144, 142983, 39.5, 48.7, 1.00
A, 608603, 362185, 589554, 824783, 399821, 110381, 580027, 142962, 39.5, 48.7, 1.00
A, 608588, 362127, 589752, 824799, 399829, 110495, 580018, 143036, 39.5, 48.7, 1.00
A, 608377, 362081, 589648, 824502, 399758, 110441, 580018, 143027, 39.5, 48.7, 1.00
A, 608545, 362013, 589952, 824583, 399840, 110483, 580011, 143055, 39.4, 48.7, 1.00
A, 608004, 361789, 589475, 823764, 399685, 110397, 579801, 142849, 39.4, 48.7, 0.98
A, 606927, 361597, 588365, 822531, 399319, 110296, 579514, 142677, 39.5, 48.7, 0.99
A, 607247, 361478, 588881, 822838, 399309, 110297, 579520, 142748, 39.5, 48.7, 1.01
A, 608795, 361774, 590927, 824930, 399739, 110444, 579911, 143171, 39.5, 48.8, 0.98
A, 608830, 361849, 590991, 824866, 399819, 110464, 580025, 143156, 39.5, 48.8, 1.00
A, 608620, 361822, 590702, 824301, 399773, 110415, 579850, 143009, 39.4, 48.7, 1.01
A, 608311, 361711, 590700, 824031, 399673, 110403, 579757, 142959, 39.4, 48.7, 1.00
A, 607872, 361627, 589962, 823152, 399600, 110426, 579637, 142895, 39.5, 48.8, 0.99
A, 607468, 361458, 590074, 823201, 399457, 110426, 579517, 142872, 39.5, 48.8, 1.00
A, 607649, 361405, 590415, 823297, 399508, 110401, 579530, 142932, 39.5, 48.8, 0.99
A, 607692, 361382, 590591, 823258, 399420, 110386, 579481, 142959, 39.4, 48.8, 1.00
A, 607243, 361319, 590063, 822549, 399391, 110442, 579373, 142833, 39.4, 48.8, 1.00
A, 607199, 361292, 590083, 822346, 399272, 110409, 579310, 142836, 39.4, 48.8, 0.99
A, 606818, 361121, 589964, 822236, 399205, 110300, 579204, 142757, 39.4, 48.8, 1.00
A, 607010, 361137, 590298, 822299, 399229, 110325, 579235, 142825, 39.4, 48.8, 1.00
A, 606857, 361040, 590312, 822241, 399163, 110301, 579163, 142835, 39.4, 48.8, 1.00
A, 607148, 361022, 590573, 822347, 399244, 110378, 579203, 142878, 39.4, 48.8, 0.99
A, 607055, 361040, 590848, 822235, 399246, 110340, 579216, 142834, 39.4, 48.8, 1.00
A, 606758, 360931, 590616, 822012, 399126, 110317, 579123, 142801, 39.4, 48.8, 1.01
A, 606998, 360881, 590821, 821956, 399148, 110291, 579088, 142852, 39.4, 48.8, 1.00
A, 606866, 360890, 590868, 821988, 399148, 110237, 579097, 142835, 39.4, 48.8, 0.99
A, 606879, 360836, 591069, 822103, 399116, 110351, 579061, 142870, 39.4, 48.8, 1.00
A, 606844, 360852, 591145, 822026, 399113, 110403, 579053, 142899, 39.4, 48.8, 1.01
A, 608173, 361001, 592850, 823645, 399347, 110476, 579330, 143115, 39.4, 48.8, 1.00
A, 607835, 361099, 592583, 823140, 399404, 110494, 579294, 143062, 39.4, 48.8, 0.99
A, 607577, 361048, 592379, 822842, 399301, 110373, 579191, 143028, 39.4, 48.8, 0.99
A, 607165, 360910, 591971, 822071, 399240, 110347, 579066, 142840, 39.4, 48.8, 0.99
A, 606836, 360808, 591691, 821572, 399068, 110330, 578908, 142838, 39.4, 48.8, 0.99
A, 606281, 360684, 591278, 821009, 398946, 110319, 578718, 142746, 39.4, 48.8, 1.00
A, 606112, 360563, 591224, 820817, 398842, 110378, 578619, 142703, 39.4, 48.8, 1.01
A, 606152, 360551, 591356, 820955, 398875, 110366, 578633, 142770, 39.4, 48.8, 0.99
A, 606075, 360428, 591487, 820860, 398811, 110298, 578573, 142749, 39.4, 48.8, 1.00
A, 606018, 360464, 591377, 820462, 398774, 110254, 578569, 142669, 39.4, 48.8, 1.00
A, 605746, 360361, 591210, 820270, 398694, 110301, 578451, 142679, 39.4, 48.8, 1.00
A, 605867, 360380, 591663, 820625, 398755, 110312, 578504, 142703, 39.4, 48.8, 1.01
A, 605675, 360305, 591582, 820298, 398654, 110295, 578425, 142661, 39.4, 48.8, 1.01
A, 605388, 360135, 591267, 819892, 398558, 110164, 578307, 142633, 39.4, 48.8, 1.00
A, 605603, 360149, 591672, 820098, 398613, 110192, 578344, 142717, 39.4, 48.8, 1.00
A, 605425, 360119, 591459, 819719, 398579, 110178, 578315, 142604, 39.4, 48.8, 1.00
A, 605238, 360011, 591369, 819522, 398531, 110159, 578284, 142585, 39.4, 48.8, 1.00
A, 605265, 359987, 591517, 819656, 398505, 110200, 578198, 142537, 39.4, 48.8, 1.00
A, 605024, 359954, 591502, 819479, 398361, 110183, 578113, 142602, 39.4, 48.8, 1.00
A, 605074, 359958, 591688, 819475, 398439, 110226, 578141, 142630, 39.4, 48.8, 1.00
A, 606558, 360096, 593432, 821374, 398769, 110336, 578517, 142960, 39.4, 48.8, 1.00
A, 606532, 360258, 593569, 821009, 398920, 110280, 578525, 142892, 39.4, 48.8, 1.00
A, 606039, 360106, 593045, 820351, 398706, 110277, 578299, 142800, 39.4, 48.8, 1.00
A, 605617, 359953, 592727, 819978, 398516, 110184, 578164, 142694, 39.4, 48.8, 1.00
A, 605364, 360010, 592620, 819680, 398614, 110183, 578158, 142589, 39.4, 48.8, 1.00
A, 605073, 359914, 592387, 819376, 398412, 110179, 578078, 142653, 39.4, 48.8, 1.01
A, 604726, 359789, 592130, 818793, 398383, 110179, 577951, 142475, 39.4, 48.8, 1.01
A, 604601, 359711, 592059, 818703, 398245, 110165, 577864, 142477, 39.4, 48.8, 0.99
A, 604516, 359610, 592100, 818721, 398222, 110144, 577845, 142560, 39.4, 48.8, 0.99
A, 604428, 359624, 592153, 818644, 398170, 110149, 577815, 142410, 39.4, 48.8, 1.00
A, 604325, 359519, 591911, 818199, 398100, 110153, 577721, 142542, 39.4, 48.8, 1.00
A, 604511, 359515, 592363, 818614, 398143, 110107, 577754, 142520, 39.4, 48.9, 0.99
A, 604345, 359443, 592389, 818275, 398134, 110110, 577771, 142521, 39.4, 48.9, 0.99
A, 604299, 359409, 592158, 818115, 398064, 110091, 577662, 142439, 39.4, 48.8, 1.00
A, 604093, 359300, 592190, 818077, 398047, 110138, 577668, 142480, 39.4, 48.8, 1.00
A, 604177, 359380, 592451, 818066, 397994, 110195, 577649, 142476, 39.4, 48.8, 1.01
A, 603898, 359291, 592256, 817904, 398036, 110111, 577573, 142519, 39.4, 48.8, 1.00
A, 604181, 359305, 592577, 818082, 398056, 110146, 577601, 142535, 39.4, 48.8, 1.01
A, 604192, 359247, 592673, 817952, 397982, 110059, 577566, 142497, 39.4, 48.8, 1.00
A, 603840, 359163, 592516, 817802, 397992, 110100, 577554, 142380, 39.4, 48.8, 1.01
A, 605210, 359335, 594169, 819230, 398209, 110223, 577827, 142823, 39.4, 48.8, 1.01
A, 605224, 359493, 594304, 819342, 398341, 110159, 577873, 142736, 39.4, 48.9, 0.99
A, 604900, 359449, 593943, 818658, 398228, 110139, 577749, 142638, 39.4, 48.9, 0.99
A, 604475, 359322, 593538, 818191, 398070, 110103, 577509, 142484, 39.4, 48.8, 1.00
A, 604140, 359240, 593337, 817976, 398009, 110088, 577460, 142487, 39.4, 48.8, 1.00
A, 603807, 359215, 593094, 817438, 397968, 110040, 577385, 142384, 39.4, 48.8, 0.99
A, 603619, 359005, 592932, 817280, 397840, 109990, 577264, 142423, 39.4, 48.8, 1.00
A, 603358, 359046, 592810, 816889, 397888, 110088, 577307, 142352, 39.4, 48.9, 0.99
A, 603187, 358885, 592657, 816606, 397716, 110000, 577140, 142329, 39.4, 48.9, 1.00
A, 603274, 358907, 592828, 816805, 397737, 110019, 577215, 142353, 39.4, 48.9, 0.99
A, 603271, 358815, 592781, 816657, 397695, 110030, 577135, 142359, 39.4, 48.8, 1.00
A, 603073, 358798, 592882, 816634, 397649, 110018, 577100, 142359, 39.4, 48.8, 1.01
A, 603316, 358762, 593175, 816860, 397727, 110093, 577225, 142408, 39.4, 48.8, 1.00
A, 603328, 358697, 593247, 816642, 397707, 109974, 577116, 142380, 39.4, 48.8, 1.01
A, 602961, 358658, 592965, 816297, 397608, 109981, 577027, 142233, 39.4, 48.9, 1.01
A, 602826, 358602, 592854, 816106, 397583, 109953, 576951, 142310, 39.4, 48.9, 0.99
A, 602921, 358610, 593260, 816428, 397643, 109981, 577028, 142308, 39.4, 48.9, 1.00
A, 602949, 358504, 593122, 816268, 397592, 109989, 576998, 142343, 39.4, 48.9, 1.01
A, 603111, 358574, 593481, 816586, 397648, 109957, 577025, 142406, 39.4, 48.9, 1.00
A, 603118, 358582, 593534, 816393, 397607, 109933, 577006, 142352, 39.4, 48.9, 0.99
A, 604230, 358723, 594888, 817637, 397805, 110059, 577263, 142604, 39.4, 48.9, 1.00
A, 604197, 358881, 594986, 817658, 397929, 110055, 577274, 142587, 39.4, 48.9, 1.01
A, 603818, 358773, 594670, 817384, 397812, 110038, 577159, 142589, 39.4, 48.9, 1.01
A, 603437, 358678, 594302, 816873, 397657, 110027, 577070, 142459, 39.4, 48.9, 1.00
A, 603471, 358631, 594393, 816717, 397692, 110001, 576973, 142417, 39.4, 48.8, 1.01
A, 603091, 358565, 594206, 816455, 397619, 109995, 576943, 142310, 39.4, 48.8, 1.00
A, 602809, 358537, 593868, 815942, 397574, 109984, 576849, 142280, 39.4, 48.8, 1.00
A, 602568, 358441, 593822, 815667, 397435, 109975, 576738, 142271, 39.4, 48.8, 0.99
A, 602198, 358396, 593481, 815274, 397398, 109905, 576670, 142093, 39.4, 48.9, 1.00
A, 602037, 358166, 593203, 814901, 397327, 109853, 576512, 142119, 39.4, 48.9, 1.00
A, 602131, 358178, 593619, 815221, 397303, 109899, 576572, 142155, 39.4, 48.9, 1.01
A, 602037, 358162, 593556, 815161, 397331, 109842, 576569, 142145, 39.4, 48.8, 0.99
A, 601954, 358091, 593493, 815014, 397240, 109855, 576525, 142202, 39.4, 48.8, 1.00
A, 602085, 358097, 593740, 815224, 397279, 109847, 576605, 142256, 39.4, 48.8, 1.01
A, 602187, 358122, 593779, 815055, 397253, 109866, 576539, 142138, 39.4, 48.8, 0.99
A, 602065, 358109, 593742, 814854, 397220, 109854, 576516, 142157, 39.4, 48.8, 1.00
A, 602056, 358037, 593802, 814960, 397296, 109916, 576511, 142169, 39.4, 48.8, 1.00
A, 602034, 358015, 593846, 814826, 397276, 109878, 576514, 142224, 39.4, 48.8, 1.00
A, 602091, 357972, 594041, 815068, 397292, 109907, 576485, 142245, 39.4, 48.8, 1.00
A, 602037, 357931, 594012, 815005, 397216, 109871, 576483, 142246, 39.4, 48.8, 1.00
A, 603793, 358216, 596200, 816875, 397639, 110007, 576921, 142622, 39.4, 48.8, 0.99
A, 603390, 358296, 595771, 816364, 397602, 109961, 576844, 142430, 39.4, 48.9, 1.00
A, 603027, 358244, 595550, 816132, 397538, 109987, 576788, 142405, 39.4, 48.9, 1.00
A, 602665, 358161, 595184, 815733, 397455, 109951, 576691, 142325, 39.4, 48.9, 1.00
A, 602488, 358059, 595143, 815444, 397305, 109889, 576550, 142322, 39.4, 48.9, 1.01
A, 602492, 358192, 595129, 815305, 397365, 109925, 576513, 142266, 39.4, 48.9, 1.01
A, 602260, 358061, 594891, 814926, 397254, 109946, 576426, 142252, 39.4, 48.9, 1.01
A, 601857, 357960, 594604, 814617, 397203, 109817, 576369, 142133, 39.4, 48.9, 1.00
A, 601680, 357851, 594555, 814503, 397080, 109875, 576360, 142175, 39.4, 48.9, 1.00
A, 601784, 357872, 594696, 814645, 397154, 109877, 576328, 142194, 39.4, 48.9, 0.99
A, 601855, 357903, 594764, 814536, 397128, 109875, 576310, 142237, 39.4, 48.9, 1.00
A, 601773, 357838, 594850, 814426, 397071, 109872, 576257, 142171, 39.4, 48.9, 0.99
A, 601546, 357752, 594693, 814141, 396970, 109809, 576204, 142161, 39.4, 48.9, 1.01
A, 601388, 357713, 594461, 813982, 397014, 109819, 576145, 142114, 39.4, 48.9, 1.00
A, 601525, 357728, 594714, 814055, 396969, 109863, 576191, 142148, 39.4, 48.9, 1.00
A, 601480, 357657, 594693, 814066, 396979, 109835, 576200, 142139, 39.4, 48.9, 0.99
A, 601565, 357665, 595010, 814359, 397021, 109838, 576182, 142211, 39.4, 48.9, 1.01
A, 601672, 357682, 595308, 814213, 397008, 109803, 576211, 142151, 39.4, 48.9, 1.00
A, 601494, 357680, 595021, 814022, 397014, 109813, 576137, 142094, 39.4, 48.9, 0.99
A, 601427, 357579, 594990, 814041, 397002, 109836, 576165, 142192, 39.4, 48.9, 1.00
A, 602791, 357787, 596867, 815878, 397277, 109971, 576525, 142458, 39.4, 48.9, 1.00
A, 602930, 357925, 596966, 815767, 397369, 109978, 576559, 142434, 39.4, 48.9, 1.00
A, 602655, 357904, 596721, 815465, 397273, 109957, 576447, 142409, 39.4, 48.9, 1.00
A, 602414, 357859, 596585, 815217, 397273, 109915, 576413, 142337, 39.4, 48.9, 1.00
A, 602201, 357851, 596341, 814760, 397124, 109841, 576256, 142232, 39.4, 48.9, 0.98
A, 601774, 357673, 596046, 814448, 397043, 109872, 576155, 142209, 39.4, 48.9, 0.99
A, 601450, 357691, 595894, 814063, 396940, 109809, 576156, 142119, 39.4, 48.9, 1.01
A, 601319, 357574, 595660, 813634, 396944, 109817, 575963, 142025, 39.4, 48.9, 1.01
A, 600911, 357554, 595171, 813224, 396816, 109764, 575891, 142051, 39.4, 48.9, 1.01
A, 600714, 357427, 595145, 813136, 396749, 109740, 575789, 141990, 39.4, 48.9, 1.00
A, 600802, 357350, 595273, 813156, 396713, 109727, 575792, 141988, 39.4, 48.9, 1.00
A, 600629, 357277, 595111, 812855, 396686, 109739, 575802, 142037, 39.4, 48.9, 1.01
A, 600479, 357281, 595107, 812729, 396665, 109695, 575733, 141945, 39.4, 48.9, 1.00
A, 600372, 357175, 594936, 812534, 396658, 109689, 575722, 141834, 39.4, 48.9, 1.01
A, 600342, 357129, 595058, 812492, 396588, 109656, 575705, 141982, 39.4, 48.9, 1.00
A, 600555, 357118, 595345, 812787, 396651, 109690, 575716, 141961, 39.4, 48.9, 1.00
A, 600426, 357127, 595337, 812784, 396601, 109740, 575724, 142042, 39.4, 48.9, 1.01
A, 600655, 357157, 595568, 812995, 396682, 109722, 575826, 141971, 39.4, 48.9, 0.99
A, 600770, 357159, 595674, 812847, 396737, 109774, 575784, 142027, 39.4, 48.9, 0.99
A, 600651, 357132, 595567, 812744, 396682, 109722, 575667, 141978, 39.4, 48.9, 1.01
A, 601777, 357219, 596995, 814308, 396892, 109804, 576062, 142316, 39.4, 48.9, 1.00
A, 601571, 357306, 596828, 813932, 396879, 109798, 576022, 142226, 39.4, 48.9, 1.00
A, 601354, 357303, 596762, 813764, 396907, 109852, 575951, 142206, 39.4, 48.9, 0.99
A, 601327, 357332, 596905, 813877, 396902, 109745, 575996, 142233, 39.4, 48.9, 1.01
A, 601242, 357255, 596813, 813463, 396830, 109720, 575897, 142063, 39.4, 48.9, 1.01
A, 600979, 357171, 596594, 813135, 396743, 109719, 575775, 142064, 39.4, 48.9, 0.99
A, 600706, 357158, 596323, 813020, 396715, 109743, 575708, 142017, 39.4, 48.9, 1.00
A, 600647, 357156, 596146, 812648, 396674, 109730, 575713, 141999, 39.4, 48.9, 0.99
A, 600483, 357001, 596093, 812539, 396568, 109636, 575596, 142001, 39.4, 48.9, 1.00
A, 600189, 357043, 595853, 812290, 396586, 109648, 575568, 141878, 39.4, 48.9, 1.01
A, 600135, 356929, 595963, 812188, 396561, 109687, 575503, 141909, 39.4, 48.9, 1.00
A, 600288, 356944, 596167, 812507, 396583, 109652, 575515, 142017, 39.4, 48.9, 1.01
A, 600232, 356897, 596136, 812359, 396533, 109671, 575533, 141987, 39.4, 48.9, 1.00
A, 599994, 356851, 596049, 812115, 396409, 109633, 575414, 141944, 39.4, 48.9, 1.01
A, 600239, 356908, 596371, 812433, 396544, 109695, 575558, 142036, 39.4, 48.9, 1.00
A, 600368, 356919, 596496, 812372, 396527, 109598, 575528, 141895, 39.4, 48.9, 1.00
A, 600139, 356873, 596332, 812260, 396472, 109611, 575465, 141969, 39.4, 48.9, 1.00
A, 600192, 356749, 596299, 812151, 396468, 109611, 575513, 142003, 39.4, 48.9, 1.00
A, 600191, 356745, 596387, 812119, 396444, 109591, 575457, 141960, 39.4, 48.9, 0.99
A, 600283, 356822, 596679, 812409, 396484, 109606, 575539, 141973, 39.4, 48.9, 1.01
A, 601664, 357032, 598501, 814146, 396793, 109749, 575893, 142394, 39.4, 48.9, 1.00
A, 601790, 357174, 598609, 814140, 396976, 109776, 575942, 142316, 39.4, 48.9, 0.99
A, 601334, 357152, 598248, 813725, 396791, 109696, 575823, 142228, 39.4, 48.9, 1.00
A, 601127, 357099, 598053, 813523, 396763, 109727, 575709, 142159, 39.4, 48.9, 1.00
A, 600864, 357104, 597852, 813208, 396654, 109698, 575634, 142098, 39.4, 48.9, 0.99
A, 600680, 357021, 597687, 812773, 396576, 109678, 575561, 142030, 39.4, 48.9, 1.01
A, 600311, 356864, 597335, 812360, 396462, 109659, 575442, 141944, 39.4, 48.9, 1.01
A, 600160, 356862, 597157, 812209, 396440, 109586, 575378, 141958, 39.4, 48.9, 0.99
A, 599976, 356800, 597056, 811915, 396438, 109594, 575364, 141893, 39.4, 48.9, 0.99
A, 599722, 356723, 596870, 811741, 396313, 109636, 575276, 141974, 39.4, 48.9, 1.00
A, 599612, 356722, 596710, 811385, 396366, 109601, 575265, 141839, 39.4, 48.9, 1.00
A, 599474, 356507, 596619, 811163, 396204, 109564, 575173, 141773, 39.4, 48.9, 1.00
A, 599603, 356613, 596924, 811574, 396233, 109563, 575277, 141893, 39.4, 48.9, 1.00
A, 599461, 356500, 596839, 811354, 396283, 109570, 575202, 141818, 39.4, 48.9, 0.99
A, 599569, 356560, 596762, 811310, 396249, 109554, 575173, 141922, 39.4, 48.9, 1.00
A, 599759, 356573, 597276, 811616, 396303, 109536, 575234, 141946, 39.4, 48.9, 1.00
A, 599791, 356536, 597325, 811605, 396336, 109534, 575194, 141801, 39.4, 48.9, 0.99
A, 599676, 356552, 597228, 811432, 396235, 109572, 575222, 141850, 39.4, 48.9, 1.00
A, 599735, 356512, 597419, 811708, 396291, 109603, 575203, 141915, 39.4, 48.9, 1.00
A, 599798, 356572, 597379, 811585, 396250, 109582, 575164, 141885, 39.4, 48.9, 0.99
A, 600895, 356718, 599006, 813198, 396540, 109707, 575551, 142187, 39.4, 48.9, 1.00
A, 601038, 356887, 598980, 813118, 396638, 109699, 575590, 142227, 39.4, 48.9, 1.00
A, 600814, 356818, 599030, 812938, 396651, 109699, 575538, 142089, 39.4, 48.9, 1.01
A, 600480, 356752, 598603, 812520, 396582, 109609, 575401, 142029, 39.4, 48.9, 0.99
A, 600477, 356692, 598588, 812374, 396458, 109637, 575401, 142067, 39.4, 48.9, 0.99
A, 600217, 356676, 598577, 812132, 396414, 109630, 575325, 142024, 39.4, 48.9, 1.01
A, 599985, 356663, 598357, 811973, 396281, 109627, 575284, 141982, 39.4, 48.9, 0.99
A, 600081, 356702, 598434, 811859, 396417, 109651, 575316, 141985, 39.4, 48.9, 1.00
A, 599858, 356625, 598292, 811792, 396266, 109560, 575199, 142001, 39.4, 48.9, 1.01
A, 599438, 356521, 597917, 811232, 396276, 109550, 575120, 141841, 39.4, 48.9, 1.01
A, 599304, 356514, 597782, 811140, 396182, 109538, 575059, 141819, 39.4, 48.9, 0.99
A, 598952, 356409, 597502, 810651, 396130, 109467, 574975, 141771, 39.4, 48.9, 1.00
A, 598934, 356314, 597371, 810498, 395999, 109473, 574915, 141761, 39.4, 48.9, 1.00
A, 598908, 356268, 597616, 810733, 396015, 109521, 574968, 141784, 39.4, 48.9, 1.00
A, 598847, 356240, 597608, 810579, 395987, 109480, 574882, 141805, 39.4, 48.9, 1.01
A, 598875, 356256, 597613, 810616, 396008, 109483, 574940, 141794, 39.4, 48.9, 1.01
A, 598927, 356193, 597686, 810632, 396002, 109495, 574842, 141750, 39.4, 48.9, 0.99
A, 599080, 356171, 597791, 810514, 396020, 109469, 574963, 141762, 39.4, 48.9, 1.01
A, 599062, 356151, 597828, 810449, 396011, 109488, 574943, 141731, 39.4, 48.9, 0.99
A, 599025, 356123, 598007, 810740, 396069, 109463, 574896, 141857, 39.4, 48.9, 0.99
A, 600536, 356415, 599864, 812638, 396329, 109601, 575312, 142232, 39.4, 48.9, 1.00
A, 600339, 356465, 599645, 812184, 396417, 109647, 575287, 142107, 39.4, 48.9, 1.00
A, 600135, 356494, 599518, 812069, 396324, 109608, 575191, 142117, 39.4, 48.9, 1.00
A, 600085, 356517, 599595, 811973, 396314, 109573, 575203, 141889, 39.4, 48.9, 0.99
A, 599886, 356442, 599265, 811506, 396180, 109553, 575120, 141968, 39.4, 48.9, 1.00
A, 599627, 356401, 599048, 811416, 396121, 109537, 575048, 141904, 39.4, 48.9, 1.00
A, 599533, 356276, 599136, 811443, 396096, 109496, 575044, 141912, 39.4, 48.9, 1.01
A, 599230, 356219, 598850, 811059, 396027, 109466, 574916, 141860, 39.4, 48.9, 1.00
A, 599467, 356264, 599065, 810917, 396140, 109450, 574883, 141875, 39.4, 48.9, 1.01
A, 599176, 356197, 598936, 810865, 396044, 109456, 574922, 141859, 39.4, 48.9, 0.99
A, 598984, 356164, 598624, 810506, 396017, 109469, 574891, 141836, 39.4, 48.9, 0.99
A, 598889, 356075, 598584, 810436, 395934, 109447, 574790, 141791, 39.4, 48.9, 1.00
A, 598566, 356107, 598380, 810114, 395898, 109435, 574772, 141763, 39.4, 48.9, 0.99
A, 598404, 355975, 598229, 809873, 395861, 109426, 574681, 141640, 39.4, 48.9, 1.01
A, 598629, 355995, 598504, 810102, 395872, 109477, 574724, 141752, 39.4, 48.9, 1.00
A, 598458, 355894, 598464, 810082, 395793, 109446, 574752, 141759, 39.4, 48.9, 1.00
A, 598452, 355911, 598409, 809973, 395795, 109413, 574657, 141730, 39.4, 48.9, 1.00
A, 598575, 355896, 598690, 810234, 395868, 109395, 574698, 141745, 39.4, 48.9, 1.01
A, 598825, 355931, 598765, 810195, 395942, 109453, 574783, 141737, 39.4, 48.9, 0.99
A, 598616, 355901, 598623, 809940, 395814, 109431, 574639, 141684, 39.4, 48.9, 1.01
M, 596762, 355675, 595855, 806341, 395500, 109097, 574160, 140851, 39.4, 48.9, 0.00
M, 589279, 353910, 587111, 797729, 393227, 108314, 571443, 139060, 39.4, 48.9, 0.67
M, 582589, 351773, 578679, 788924, 390926, 107521, 568815, 137368, 39.4, 48.9, 0.76
M, 577259, 349887, 572087, 782081, 389142, 106943, 567084, 136205, 39.5, 48.9, 0.84
M, 573460, 348412, 567060, 777002, 387885, 106467, 565890, 135341, 39.5, 48.9, 0.89
M, 570192, 346917, 562290, 772526, 386723, 105972, 564825, 134522, 39.5, 48.9, 0.93
M, 567885, 345835, 558839, 769358, 385900, 105598, 564217, 134068, 39.5, 48.9, 0.95
M, 565838, 344595, 555226, 766270, 385183, 105167, 563577, 133499, 39.5, 48.8, 0.97
M, 564527, 343560, 552378, 763948, 384663, 104901, 563257, 133196, 39.5, 48.8, 0.98
M, 563543, 342658, 550122, 762354, 384279, 104651, 563135, 132868, 39.5, 48.8, 1.00
M, 563214, 341920, 548515, 761518, 384175, 104503, 563159, 132760, 39.5, 48.8, 0.99
M, 562938, 341193, 546717, 760527, 384094, 104266, 563289, 132619, 39.5, 48.7, 1.00
M, 562757, 340635, 545466, 760295, 383976, 104125, 563359, 132532, 39.5, 48.7, 1.00
M, 563130, 340029, 544219, 759998, 384103, 103949, 563757, 132460, 39.5, 48.7, 0.99
M, 563416, 339570, 543626, 760112, 384140, 103870, 563969, 132400, 39.5, 48.7, 1.00
M, 563992, 339174, 543239, 760713, 384315, 103793, 564355, 132507, 39.5, 48.7, 1.00
M, 564589, 338873, 542774, 761252, 384510, 103730, 564827, 132520, 39.5, 48.6, 1.01
M, 565347, 338572, 542361, 761927, 384779, 103624, 565217, 132603, 39.5, 48.6, 1.00
M, 565898, 338279, 541952, 762353, 385034, 103600, 565666, 132561, 39.5, 48.6, 1.00
M, 566793, 338094, 541767, 763250, 385332, 103573, 566200, 132456, 39.5, 48.6, 1.00
M, 568239, 337937, 542433, 764965, 385799, 103555, 566886, 132819, 39.5, 48.6, 1.01
M, 569280, 337905, 542533, 765751, 386279, 103590, 567481, 132930, 39.5, 48.6, 1.00
M, 570037, 337838, 542396, 766686, 386609, 103564, 567941, 132989, 39.5, 48.6, 1.01
M, 571058, 337866, 542289, 767554, 386956, 103559, 568542, 132973, 39.5, 48.6, 1.01
M, 571527, 337755, 541986, 768072, 387282, 103531, 568961, 133017, 39.5, 48.6, 1.01
M, 572433, 337765, 542299, 769329, 387606, 103529, 569388, 133116, 39.5, 48.6, 1.00
M, 573112, 337692, 542208, 770080, 387999, 103497, 569958, 133161, 39.5, 48.6, 1.00
M, 573736, 337721, 542096, 770837, 388288, 103463, 570315, 133298, 39.5, 48.6, 1.00
M, 574845, 337874, 542330, 771938, 388632, 103516, 570929, 133349, 39.5, 48.5, 0.99
M, 575671, 337884, 542518, 772833, 389096, 103515, 571402, 133407, 39.5, 48.5, 1.00
M, 576015, 337888, 542226, 773404, 389362, 103526, 571814, 133328, 39.5, 48.5, 1.00
M, 576661, 337986, 542298, 774117, 389649, 103535, 572245, 133451, 39.5, 48.5, 1.01
M, 577477, 338165, 542289, 775019, 390099, 103571, 572789, 133527, 39.5, 48.5, 1.01
M, 577939, 338181, 542394, 775788, 390281, 103629, 573070, 133565, 39.5, 48.5, 1.01
M, 578472, 338396, 541997, 776347, 390715, 103562, 573524, 133544, 39.5, 48.5, 1.01
M, 579028, 338399, 542184, 777006, 390910, 103553, 573879, 133638, 39.5, 48.5, 1.00
M, 579899, 338493, 542549, 778111, 391224, 103623, 574335, 133674, 39.5, 48.5, 0.99
M, 580655, 338699, 542702, 779072, 391593, 103622, 574774, 133757, 39.5, 48.5, 1.00
M, 581432, 338976, 542965, 779843, 391909, 103660, 575230, 133920, 39.5, 48.5, 0.99
M, 582220, 339122, 542941, 780485, 392235, 103712, 575616, 133963, 39.6, 48.5, 0.99
M, 584326, 339454, 545074, 783325, 392920, 103808, 576400, 134363, 39.6, 48.5, 1.00
M, 584456, 339764, 544665, 783453, 393248, 103833, 576782, 134281, 39.5, 48.5, 1.00
M, 584869, 339922, 544565, 784157, 393455, 103835, 577055, 134239, 39.5, 48.5, 1.00
M, 585269, 340063, 544642, 784818, 393673, 103807, 577320, 134399, 39.6, 48.5, 1.00
M, 585607, 340218, 544376, 785128, 393885, 103810, 577632, 134389, 39.6, 48.5, 1.00
M, 586114, 340377, 544672, 785741, 394160, 103846, 577929, 134436, 39.6, 48.4, 1.00
M, 586888, 340629, 545078, 786874, 394498, 103935, 578440, 134509, 39.6, 48.4, 1.00
M, 587019, 340766, 544803, 787135, 394658, 103893, 578619, 134398, 39.6, 48.4, 1.01
M, 587658, 340941, 545051, 787841, 394885, 103897, 578893, 134587, 39.6, 48.4, 1.00
M, 588075, 341134, 545142, 788532, 395131, 103939, 579254, 134602, 39.6, 48.4, 1.00
M, 588575, 341386, 545190, 788930, 395395, 103959, 579527, 134638, 39.6, 48.4, 0.99
M, 588916, 341556, 545160, 789376, 395643, 103901, 579808, 134608, 39.6, 48.4, 1.00
M, 589271, 341623, 545207, 790044, 395808, 104013, 580040, 134668, 39.6, 48.4, 0.99
M, 589556, 341937, 545229, 790467, 395986, 104018, 580324, 134610, 39.6, 48.4, 1.00
M, 589914, 341991, 545192, 790909, 396134, 104055, 580477, 134763, 39.6, 48.4, 1.01
M, 590364, 342281, 545339, 791563, 396425, 104006, 580870, 134762, 39.6, 48.4, 0.99
M, 590666, 342358, 545462, 791969, 396492, 104037, 581000, 134828, 39.6, 48.4, 1.01
M, 591281, 342517, 545734, 792676, 396749, 104047, 581301, 134886, 39.6, 48.4, 0.99
M, 591751, 342717, 545912, 793360, 397000, 104065, 581554, 134866, 39.6, 48.4, 1.00
M, 591999, 342916, 545965, 793940, 397155, 104151, 581801, 135032, 39.6, 48.4, 1.00
M, 594082, 343382, 548056, 796494, 397755, 104269, 582517, 135415, 39.6, 48.4, 1.00
M, 594522, 343702, 548157, 796816, 397998, 104231, 582709, 135355, 39.6, 48.4, 1.00
M, 594544, 343872, 547902, 797083, 398074, 104293, 582900, 135265, 39.6, 48.4, 1.00
M, 594712, 344076, 547954, 797411, 398215, 104365, 583074, 135323, 39.6, 48.4, 1.00
M, 594837, 344209, 547877, 797763, 398304, 104345, 583156, 135352, 39.6, 48.4, 1.00
M, 595318, 344348, 548096, 798350, 398522, 104353, 583410, 135412, 39.6, 48.4, 1.00
M, 595442, 344628, 548092, 798631, 398606, 104365, 583597, 135363, 39.6, 48.4, 1.00
M, 596023, 344814, 548273, 799096, 398768, 104423, 583761, 135393, 39.6, 48.4, 0.99
M, 596042, 344939, 548268, 799332, 398951, 104403, 583904, 135423, 39.6, 48.4, 1.00
M, 596243, 344996, 548322, 799850, 398985, 104398, 584051, 135439, 39.6, 48.4, 1.00
M, 596501, 345210, 548298, 800072, 399141, 104444, 584259, 135465, 39.6, 48.4, 0.99
M, 596942, 345346, 548556, 800520, 399268, 104451, 584448, 135504, 39.6, 48.4, 0.99
M, 596916, 345476, 548319, 800706, 399346, 104384, 584545, 135485, 39.6, 48.4, 0.99
M, 596889, 345572, 548258, 800936, 399430, 104435, 584597, 135483, 39.6, 48.4, 1.00
M, 597135, 345762, 548159, 801041, 399660, 104419, 584752, 135491, 39.6, 48.4, 1.00
M, 597238, 345721, 548248, 801478, 399634, 104435, 584945, 135556, 39.6, 48.4, 1.00
M, 597462, 345982, 548177, 801726, 399805, 104460, 585153, 135484, 39.6, 48.3, 1.00
M, 597707, 346064, 548215, 801865, 399801, 104413, 585162, 135581, 39.6, 48.3, 1.01
M, 598068, 346132, 548545, 802679, 400023, 104491, 585389, 135577, 39.6, 48.3, 1.00
M, 598334, 346341, 548676, 803097, 400071, 104480, 585552, 135669, 39.6, 48.4, 1.00
M, 599891, 346650, 550380, 805187, 400495, 104694, 586048, 135972, 39.6, 48.4, 1.00
M, 600322, 346902, 550576, 805610, 400757, 104688, 586311, 136091, 39.6, 48.4, 1.01
M, 600444, 347188, 550502, 805626, 400791, 104645, 586320, 135903, 39.6, 48.4, 1.00
M, 600361, 347193, 550281, 805581, 400844, 104658, 586413, 135896, 39.6, 48.3, 0.99
M, 600515, 347371, 550271, 805947, 400925, 104665, 586469, 135941, 39.6, 48.3, 0.99
M, 600575, 347411, 550218, 806045, 401030, 104694, 586584, 136019, 39.6, 48.4, 0.99
M, 600779, 347467, 550384, 806526, 401091, 104694, 586688, 135982, 39.6, 48.4, 0.99
M, 600900, 347618, 550373, 806781, 401151, 104720, 586789, 136000, 39.6, 48.3, 1.00
M, 601180, 347791, 550541, 807019, 401265, 104721, 586948, 136015, 39.6, 48.3, 1.01
M, 601221, 347893, 550446, 807160, 401341, 104741, 587039, 135945, 39.6, 48.3, 1.00
M, 601278, 347977, 550576, 807543, 401402, 104751, 587077, 135984, 39.6, 48.3, 1.00
M, 601519, 348034, 550627, 807739, 401452, 104779, 587224, 136098, 39.6, 48.3, 1.02
M, 601692, 348123, 550607, 807988, 401539, 104801, 587365, 136074, 39.6, 48.3, 1.00
M, 602162, 348314, 550933, 808469, 401714, 104784, 587488, 136100, 39.6, 48.3, 0.99
M, 602178, 348383, 550928, 808646, 401791, 104762, 587608, 136127, 39.6, 48.3, 1.01
M, 602221, 348520, 550837, 808814, 401868, 104838, 587735, 136163, 39.6, 48.3, 0.99
M, 602172, 348574, 550855, 809010, 401815, 104805, 587694, 136136, 39.6, 48.3, 1.00
M, 602546, 348654, 551058, 809354, 401974, 104898, 587866, 136219, 39.6, 48.3, 1.01
M, 602796, 348743, 551223, 809744, 402036, 104838, 587967, 136251, 39.6, 48.3, 1.01
M, 603065, 348902, 551509, 810149, 402164, 104822, 588123, 136273, 39.6, 48.3, 0.99
M, 604660, 349272, 553187, 812176, 402586, 104942, 588543, 136626, 39.6, 48.3, 1.01
M, 604617, 349365, 552937, 812084, 402642, 105025, 588611, 136612, 39.6, 48.3, 1.00
M, 604568, 349448, 552896, 812080, 402654, 105029, 588655, 136490, 39.6, 48.3, 1.01
M, 604432, 349500, 552753, 812181, 402678, 105024, 588705, 136550, 39.6, 48.3, 1.00
M, 604735, 349661, 552993, 812675, 402731, 105064, 588773, 136573, 39.6, 48.3, 1.00
M, 604912, 349775, 553089, 812865, 402911, 105033, 588867, 136507, 39.6, 48.3, 0.99
M, 604841, 349849, 552947, 812845, 402824, 105053, 588898, 136516, 39.6, 48.3, 1.00
M, 604877, 349883, 552995, 813072, 402876, 105055, 588973, 136457, 39.6, 48.3, 1.00
M, 604914, 349960, 552834, 813127, 402887, 104983, 588977, 136568, 39.6, 48.3, 1.00
M, 605144, 350071, 553091, 813311, 403008, 105062, 589140, 136504, 39.6, 48.3, 1.00
M, 605069, 350160, 552893, 813318, 402969, 105041, 589189, 136531, 39.6, 48.3, 1.00
M, 605246, 350140, 553144, 813577, 403024, 105101, 589254, 136546, 39.6, 48.3, 0.99
M, 605245, 350192, 553078, 813721, 403039, 105044, 589238, 136551, 39.6, 48.3, 0.99
M, 605250, 350197, 552999, 813877, 403099, 105107, 589282, 136521, 39.6, 48.3, 0.99
M, 605328, 350353, 553154, 814027, 403143, 105082, 589415, 136578, 39.6, 48.3, 1.00
M, 605542, 350337, 553172, 814131, 403216, 105060, 589464, 136553, 39.6, 48.3, 1.01
M, 605341, 350509, 552963, 814084, 403263, 105058, 589536, 136541, 39.6, 48.3, 1.01
M, 605341, 350498, 552966, 814290, 403248, 105058, 589480, 136494, 39.6, 48.3, 1.00
M, 605690, 350514, 553257, 814678, 403284, 105167, 589645, 136666, 39.6, 48.3, 1.00
M, 606006, 350661, 553451, 814987, 403413, 105125, 589664, 136727, 39.6, 48.3, 1.00
M, 607736, 350963, 555460, 817328, 403885, 105283, 590261, 136998, 39.6, 48.3, 1.00
M, 607615, 351157, 555191, 817021, 403897, 105271, 590241, 136990, 39.6, 48.3, 1.00
M, 607506, 351155, 555088, 817134, 403962, 105252, 590308, 136893, 39.6, 48.3, 1.00
M, 607675, 351289, 555205, 817361, 403962, 105288, 590344, 136930, 39.6, 48.3, 1.00
M, 607531, 351346, 555109, 817275, 403963, 105356, 590322, 136836, 39.6, 48.3, 0.99
M, 607719, 351437, 555234, 817477, 404035, 105368, 590446, 136992, 39.6, 48.3, 1.00
M, 607570, 351448, 555024, 817259, 403963, 105260, 590340, 136900, 39.6, 48.3, 1.00
M, 607429, 351400, 554867, 817268, 403975, 105328, 590394, 136910, 39.6, 48.3, 1.01
M, 607611, 351475, 554918, 817454, 404042, 105313, 590430, 136995, 39.6, 48.3, 1.01
M, 607533, 351526, 554941, 817403, 403997, 105380, 590426, 136961, 39.6, 48.3, 0.99
M, 607738, 351599, 555151, 817824, 404053, 105373, 590527, 136974, 39.6, 48.3, 1.00
M, 607800, 351622, 555187, 817994, 404111, 105324, 590602, 136985, 39.6, 48.3, 1.00
M, 608170, 351806, 555544, 818346, 404213, 105392, 590746, 136971, 39.6, 48.3, 0.99
M, 608091, 351792, 555388, 818362, 404168, 105365, 590689, 136979, 39.6, 48.3, 1.00
M, 607906, 351705, 555304, 818405, 404148, 105427, 590704, 136881, 39.6, 48.3, 1.00
M, 608130, 351864, 555413, 818323, 404315, 105448, 590798, 137010, 39.6, 48.3, 0.99
M, 608117, 351874, 555206, 818288, 404220, 105376, 590773, 136978, 39.6, 48.3, 1.01
M, 607800, 351933, 555101, 818249, 404298, 105392, 590776, 136912, 39.6, 48.3, 0.99
M, 607963, 351867, 555086, 818395, 404220, 105440, 590744, 136975, 39.6, 48.3, 1.01
M, 608129, 351938, 555399, 818853, 404329, 105397, 590824, 137028, 39.6, 48.3, 1.00
M, 609790, 352174, 557243, 820911, 404693, 105550, 591344, 137398, 39.6, 48.3, 1.00
M, 609894, 352429, 557029, 820653, 404778, 105578, 591372, 137267, 39.6, 48.3, 1.00
M, 609429, 352374, 556922, 820599, 404758, 105533, 591326, 137296, 39.7, 48.3, 1.00
M, 609706, 352512, 557104, 820793, 404808, 105615, 591399, 137262, 39.7, 48.3, 1.01
M, 609471, 352415, 556877, 820554, 404702, 105518, 591317, 137257, 39.6, 48.3, 0.99
M, 609592, 352547, 556918, 820804, 404804, 105567, 591415, 137260, 39.6, 48.3, 0.99
M, 609593, 352509, 556938, 820853, 404777, 105638, 591438, 137252, 39.7, 48.3, 1.00
M, 609671, 352647, 556996, 820972, 404816, 105604, 591484, 137233, 39.7, 48.3, 1.00
M, 609614, 352627, 556863, 820903, 404845, 105595, 591454, 137238, 39.7, 48.3, 1.00
M, 609521, 352557, 556904, 820985, 404766, 105521, 591429, 137161, 39.7, 48.3, 0.99
M, 609722, 352673, 557059, 821298, 404802, 105579, 591517, 137246, 39.7, 48.3, 1.01
M, 609608, 352750, 557018, 821255, 404845, 105606, 591538, 137335, 39.7, 48.3, 1.00
M, 609866, 352741, 557316, 821741, 404895, 105595, 591655, 137347, 39.7, 48.3, 1.00
M, 610032, 352840, 557421, 821679, 404931, 105595, 591651, 137282, 39.7, 48.3, 1.00
M, 609844, 352793, 557237, 821662, 404955, 105605, 591607, 137184, 39.7, 48.3, 1.01
M, 609880, 352809, 557171, 821664, 404930, 105648, 591689, 137257, 39.7, 48.3, 1.01
M, 609964, 352952, 557237, 821804, 405030, 105623, 591687, 137272, 39.7, 48.3, 0.99
M, 609830, 352821, 557187, 821806, 404995, 105615, 591725, 137304, 39.7, 48.3, 0.99
M, 610017, 352950, 557248, 821778, 405077, 105631, 591822, 137265, 39.7, 48.3, 1.00
M, 609921, 352874, 557362, 821815, 404991, 105657, 591763, 137271, 39.7, 48.3, 0.99
M, 611571, 353174, 559103, 824016, 405357, 105795, 592191, 137764, 39.7, 48.3, 1.01
M, 611648, 353370, 559092, 824090, 405493, 105830, 592273, 137662, 39.7, 48.3, 1.00
M, 611132, 353285, 558605, 823530, 405330, 105787, 592153, 137543, 39.7, 48.3, 1.01
M, 611382, 353331, 558929, 823696, 405404, 105824, 592216, 137639, 39.7, 48.3, 0.99
M, 611248, 353391, 558900, 823848, 405461, 105814, 592171, 137468, 39.7, 48.3, 1.00
M, 611133, 353413, 558703, 823587, 405370, 105796, 592189, 137511, 39.7, 48.3, 0.99
M, 611273, 353440, 558923, 823994, 405412, 105799, 592226, 137591, 39.7, 48.3, 0.99
M, 611329, 353446, 558946, 823959, 405477, 105867, 592276, 137520, 39.7, 48.3, 0.99
M, 611418, 353464, 559095, 824216, 405464, 105867, 592282, 137556, 39.7, 48.3, 1.00
M, 611479, 353546, 559178, 824395, 405489, 105812, 592316, 137652, 39.7, 48.3, 1.00
M, 611679, 353579, 559316, 824610, 405508, 105864, 592394, 137602, 39.7, 48.3, 1.00
M, 611442, 353561, 559246, 824384, 405446, 105845, 592383, 137552, 39.7, 48.3, 1.00
M, 611433, 353502, 559094, 824269, 405515, 105833, 592379, 137549, 39.7, 48.3, 1.01
M, 611749, 353659, 559497, 824644, 405536, 105876, 592420, 137637, 39.7, 48.3, 1.00
M, 611637, 353663, 559449, 824566, 405639, 105879, 592418, 137557, 39.7, 48.3, 1.00
M, 611571, 353674, 559256, 824506, 405491, 105900, 592385, 137592, 39.7, 48.3, 1.00
M, 611462, 353638, 559378, 824646, 405498, 105876, 592394, 137562, 39.7, 48.3, 1.00
M, 611528, 353733, 559294, 824543, 405531, 105822, 592450, 137585, 39.7, 48.3, 1.00
M, 611364, 353673, 559262, 824705, 405507, 105899, 592394, 137542, 39.7, 48.3, 1.00
M, 611355, 353706, 559213, 824489, 405578, 105806, 592470, 137565, 39.7, 48.3, 1.00
M, 612543, 353819, 560586, 826090, 405747, 105967, 592700, 137841, 39.7, 48.3, 0.99
M, 612743, 353984, 560743, 826381, 405936, 106058, 592846, 137842, 39.7, 48.3, 1.00
M, 612698, 354012, 560759, 826222, 405947, 105971, 592846, 137841, 39.7, 48.3, 1.01
M, 612599, 354005, 560634, 826201, 405915, 105989, 592846, 137867, 39.7, 48.3, 0.99
M, 612768, 354099, 560907, 826505, 405926, 106013, 592884, 137819, 39.7, 48.3, 1.00
M, 612790, 354077, 560840, 826262, 405949, 105982, 592838, 137836, 39.7, 48.3, 1.00
M, 612595, 354075, 560769, 826178, 405852, 106022, 592798, 137770, 39.7, 48.3, 1.00
M, 612601, 354122, 560865, 826469, 405908, 106049, 592934, 137816, 39.7, 48.3, 1.00
M, 612650, 354103, 560841, 826469, 405848, 106011, 592871, 137824, 39.7, 48.3, 1.01
M, 612725, 354114, 561036, 826648, 405905, 106079, 592953, 137899, 39.7, 48.3, 1.00
M, 612792, 354155, 561173, 826742, 405890, 106004, 592922, 137847, 39.7, 48.3, 1.01
M, 612853, 354270, 561219, 826751, 406007, 106105, 592952, 137775, 39.7, 48.3, 1.00
M, 612780, 354207, 561117, 826644, 405910, 106022, 592962, 137830, 39.7, 48.3, 0.99
M, 612681, 354213, 561053, 826743, 405860, 106039, 592868, 137809, 39.7, 48.3, 0.99
M, 612819, 354196, 561280, 826785, 405974, 106095, 592909, 137833, 39.7, 48.3, 0.99
M, 612875, 354314, 561135, 826701, 405973, 105993, 592969, 137800, 39.7, 48.3, 1.00
M, 612695, 354264, 561136, 826523, 405912, 106004, 592903, 137810, 39.7, 48.3, 1.00
M, 612581, 354228, 561116, 826680, 405926, 106011, 592940, 137867, 39.7, 48.3, 0.99
M, 612522, 354300, 560958, 826536, 405950, 106051, 592957, 137833, 39.7, 48.3, 1.00
M, 612598, 354193, 561052, 826642, 405950, 106026, 592904, 137831, 39.7, 48.3, 0.99
M, 614296, 354623, 563255, 829033, 406441, 106220, 593437, 138206, 39.7, 48.3, 1.01
M, 614275, 354720, 563084, 828776, 406457, 106224, 593462, 138042, 39.7, 48.3, 1.00
M, 614242, 354724, 563133, 828825, 406404, 106229, 593448, 138133, 39.7, 48.3, 1.01
M, 614046, 354745, 562985, 828737, 406303, 106175, 593382, 138129, 39.7, 48.3, 1.00
M, 613788, 354712, 562753, 828479, 406337, 106217, 593334, 138097, 39.7, 48.3, 1.00
M, 613972, 354685, 562914, 828695, 406273, 106236, 593366, 138089, 39.7, 48.3, 1.00
M, 613960, 354787, 562896, 828574, 406334, 106214, 593381, 138048, 39.7, 48.3, 1.00
M, 613711, 354661, 562606, 828261, 406260, 106259, 593298, 138001, 39.7, 48.3, 1.01
M, 613698, 354706, 562801, 828436, 406158, 106219, 593312, 138055, 39.7, 48.3, 0.99
M, 613665, 354666, 562703, 828395, 406229, 106231, 593310, 138050, 39.7, 48.3, 1.01
M, 613462, 354688, 562718, 828359, 406271, 106243, 593277, 138011, 39.7, 48.3, 1.00
M, 613856, 354642, 563078, 828765, 406293, 106310, 593364, 138108, 39.7, 48.3, 1.00
M, 613905, 354668, 563095, 828644, 406293, 106280, 593401, 138084, 39.7, 48.3, 1.00
M, 613745, 354668, 563094, 828597, 406205, 106166, 593362, 138021, 39.7, 48.3, 1.00
M, 613647, 354725, 562999, 828528, 406243, 106228, 593334, 138062, 39.7, 48.3, 0.99
M, 613745, 354761, 563131, 828862, 406285, 106269, 593363, 137970, 39.7, 48.3, 1.01
M, 613848, 354717, 563219, 828801, 406280, 106264, 593397, 138153, 39.7, 48.3, 1.00
M, 614167, 354829, 563456, 828921, 406435, 106331, 593515, 138154, 39.7, 48.3, 0.99
M, 613814, 354740, 563319, 828900, 406360, 106334, 593428, 138103, 39.7, 48.3, 0.99
M, 613743, 354828, 563281, 828728, 406337, 106283, 593484, 138130, 39.7, 48.3, 1.00
M, 614723, 354944, 564508, 830237, 406469, 106361, 593656, 138377, 39.7, 48.3, 1.00
M, 614467, 355086, 564056, 829580, 406635, 106404, 593663, 138226, 39.7, 48.3, 1.01
M, 614061, 354894, 563534, 828944, 406357, 106299, 593501, 138115, 39.7, 48.3, 0.99
M, 614000, 354884, 563817, 829336, 406384, 106367, 593480, 138111, 39.7, 48.3, 0.99
M, 614008, 354882, 563844, 829355, 406388, 106324, 593506, 138100, 39.7, 48.3, 1.00
M, 613913, 354818, 563760, 829242, 406308, 106360, 593538, 138162, 39.7, 48.3, 1.00
M, 614297, 354940, 564083, 829571, 406431, 106344, 593595, 138186, 39.7, 48.3, 1.01
M, 614274, 354990, 564140, 829454, 406461, 106348, 593574, 138163, 39.7, 48.3, 0.99
M, 614087, 354936, 563985, 829329, 406426, 106371, 593602, 138089, 39.7, 48.3, 0.99
M, 614276, 354940, 564267, 829659, 406401, 106360, 593625, 138204, 39.7, 48.3, 1.01
M, 614132, 354927, 564172, 829716, 406393, 106365, 593587, 138198, 39.7, 48.3, 1.00
M, 614281, 354872, 564405, 829844, 406447, 106385, 593594, 138242, 39.7, 48.3, 1.00
M, 614257, 354943, 564433, 829871, 406504, 106380, 593670, 138156, 39.7, 48.3, 0.99
M, 614411, 354933, 564588, 829928, 406492, 106415, 593652, 138228, 39.7, 48.3, 1.01
M, 614288, 354962, 564330, 829574, 406389, 106362, 593631, 138050, 39.7, 48.3, 1.01
M, 613986, 354943, 564138, 829508, 406348, 106378, 593580, 138146, 39.7, 48.3, 1.00
M, 613898, 354753, 564063, 829376, 406351, 106369, 593596, 138171, 39.7, 48.3, 1.00
M, 614081, 354797, 564287, 829598, 406268, 106408, 593596, 138210, 39.7, 48.3, 1.00
M, 614356, 354971, 564616, 829914, 406526, 106457, 593697, 138120, 39.7, 48.3, 1.01
M, 614434, 355007, 564767, 829877, 406472, 106420, 593697, 138249, 39.7, 48.3, 1.00
