State, OV, Alc, H2, AC1, NH3, AC2, VOC, LP, Temp, Hud, AirFlow
A, 554238, 327504, 669590, 771432, 352049, 109900, 511169, 149035, 42.5, 48.5, 0.00
A, 544422, 324962, 655903, 759522, 349070, 108827, 507800, 146443, 42.5, 48.6, 0.58
A, 535994, 322359, 643343, 748415, 346198, 107746, 504744, 144047, 42.5, 48.6, 0.73
A, 530642, 320416, 634946, 741612, 344115, 107049, 502650, 142738, 42.2, 48.3, 0.80
A, 525550, 318422, 626271, 734536, 342292, 106336, 501110, 141319, 42.2, 48.3, 0.90
A, 521865, 316993, 619203, 729555, 341213, 105619, 500325, 140294, 42.1, 47.9, 0.92
A, 519310, 315846, 613581, 725790, 340536, 105143, 500034, 139687, 42.1, 47.9, 0.96
A, 517684, 314908, 609180, 723211, 340112, 104731, 500018, 139176, 41.9, 47.6, 0.98
A, 516588, 314020, 604807, 720815, 339968, 104291, 500260, 138741, 41.9, 47.6, 0.98
A, 515971, 313420, 601474, 719426, 339983, 104037, 500560, 138490, 41.9, 47.4, 0.99
A, 515712, 312948, 598899, 718715, 340101, 103774, 501080, 138266, 41.9, 47.4, 0.99
A, 516194, 312548, 596899, 718484, 340405, 103525, 501691, 138321, 41.8, 47.2, 1.00
A, 516388, 312207, 594932, 718224, 340701, 103318, 502263, 138239, 41.8, 47.2, 0.99
A, 517356, 312079, 593819, 718757, 341095, 103135, 503042, 138332, 41.7, 47.0, 1.00
A, 518480, 311894, 592505, 719256, 341710, 103024, 503889, 138363, 41.7, 47.0, 1.00
A, 519473, 311819, 591528, 719934, 342237, 102935, 504616, 138382, 41.6, 46.8, 0.99
A, 520716, 311812, 590864, 720925, 342781, 102844, 505529, 138583, 41.6, 46.8, 0.99
A, 521927, 311883, 589686, 721613, 343413, 102763, 506477, 138605, 41.5, 46.7, 0.99
A, 522812, 311861, 589255, 722332, 343784, 102744, 506999, 138669, 41.5, 46.7, 1.00
A, 524511, 312146, 588546, 723667, 344713, 102597, 508235, 138783, 41.5, 46.6, 1.00
A, 526501, 312380, 589519, 725840, 345328, 102676, 509220, 139098, 41.5, 46.6, 1.01
A, 527967, 312684, 589448, 727067, 346102, 102779, 510123, 139270, 41.5, 46.6, 0.99
A, 529250, 312933, 588997, 728131, 346666, 102652, 510963, 139326, 41.4, 46.4, 1.00
A, 530456, 313309, 588546, 729038, 347279, 102655, 511790, 139446, 41.4, 46.4, 1.00
A, 531816, 313626, 588564, 730320, 347960, 102675, 512680, 139553, 41.4, 46.3, 1.00
A, 533282, 313988, 588257, 731462, 348596, 102635, 513576, 139634, 41.4, 46.3, 1.01
A, 534419, 314318, 587960, 732457, 349257, 102676, 514380, 139682, 41.3, 46.2, 1.00
A, 535479, 314693, 587478, 733317, 349786, 102691, 515085, 139854, 41.3, 46.2, 1.00
A, 536806, 315053, 587577, 734516, 350438, 102664, 515954, 139935, 41.3, 46.2, 1.00
A, 537899, 315389, 587352, 735573, 350980, 102665, 516704, 140033, 41.3, 46.2, 1.00
A, 539347, 315927, 587331, 736706, 351737, 102740, 517647, 140091, 41.2, 46.2, 1.01
A, 540261, 316287, 587118, 737620, 352208, 102617, 518213, 140119, 41.2, 46.2, 1.00
A, 541399, 316682, 587112, 738633, 352729, 102677, 519021, 140241, 41.2, 46.1, 1.00
A, 542173, 317023, 586838, 739377, 353243, 102745, 519598, 140332, 41.2, 46.1, 1.00
A, 543369, 317508, 586864, 740442, 353869, 102785, 520358, 140387, 41.2, 46.0, 1.01
A, 544479, 318013, 586868, 741285, 354412, 102827, 521078, 140437, 41.2, 46.0, 1.00
A, 545231, 318286, 586550, 741878, 354910, 102796, 521647, 140464, 41.1, 46.0, 1.00
A, 546176, 318747, 586587, 742874, 355391, 102846, 522330, 140562, 41.1, 46.0, 0.99
A, 546979, 319243, 586269, 743577, 356005, 102779, 523039, 140621, 41.1, 46.0, 1.00
A, 547573, 319451, 586113, 744256, 356285, 102830, 523444, 140600, 41.1, 46.0, 1.01
A, 550455, 320457, 588238, 747136, 357425, 103036, 524785, 141077, 41.1, 45.9, 1.00
A, 550888, 320818, 588043, 747584, 357748, 103025, 525187, 141095, 41.1, 45.9, 1.01
A, 551391, 321163, 587753, 748129, 358076, 103010, 525732, 141001, 41.1, 45.9, 1.00
A, 552031, 321679, 587512, 748669, 358570, 103068, 526263, 141085, 41.0, 45.9, 1.00
A, 552549, 322060, 587103, 749089, 358837, 103049, 526673, 141134, 41.0, 45.9, 1.00
A, 553398, 322521, 587289, 749812, 359344, 103124, 527317, 141171, 41.0, 45.8, 1.00
A, 553979, 322965, 587142, 750486, 359827, 103115, 527839, 141125, 41.0, 45.8, 1.01
A, 554482, 323385, 586779, 750879, 360184, 103109, 528343, 141014, 41.0, 45.8, 1.00
A, 554968, 323744, 586683, 751453, 360552, 103134, 528808, 141151, 41.0, 45.8, 1.00
A, 555822, 324234, 586776, 752265, 360983, 103211, 529353, 141239, 40.9, 45.8, 1.00
A, 555533, 324592, 585819, 752130, 361261, 103214, 529666, 141203, 40.9, 45.8, 1.00
A, 556517, 324854, 586149, 752994, 361644, 103169, 530182, 141244, 40.9, 45.8, 1.00
A, 556657, 325187, 585359, 752863, 361827, 103141, 530514, 141025, 40.9, 45.8, 1.00
A, 557174, 325580, 585305, 753467, 362194, 103126, 531007, 141113, 40.9, 45.8, 1.00
A, 558050, 325966, 585435, 754227, 362619, 103213, 531489, 141243, 40.9, 45.8, 1.01
A, 558613, 326403, 585561, 754885, 363009, 103251, 531925, 141286, 40.9, 45.8, 1.00
A, 559642, 326967, 585783, 755853, 363514, 103283, 532613, 141383, 40.9, 45.8, 1.00
A, 560049, 327332, 585666, 756302, 363779, 103323, 532966, 141248, 40.8, 45.8, 1.00
A, 560869, 327671, 586175, 757326, 364208, 103327, 533446, 141464, 40.8, 45.8, 1.01
A, 561466, 328265, 585954, 757806, 364559, 103371, 533988, 141494, 40.8, 45.7, 1.00
A, 562942, 328617, 587442, 759832, 365086, 103525, 534585, 141865, 40.8, 45.7, 1.00
A, 563658, 329311, 587292, 760338, 365620, 103500, 535153, 141726, 40.8, 45.7, 1.00
A, 563937, 329605, 587066, 760523, 365693, 103459, 535341, 141762, 40.8, 45.7, 1.00
A, 564263, 329907, 587009, 761110, 365992, 103555, 535673, 141643, 40.8, 45.7, 1.01
A, 564784, 330300, 587042, 761572, 366313, 103612, 536073, 141807, 40.8, 45.7, 1.00
A, 565219, 330630, 587028, 761991, 366576, 103582, 536426, 141872, 40.8, 45.7, 0.99
A, 565901, 331026, 587200, 762785, 366908, 103643, 536879, 141907, 40.7, 45.7, 0.99
A, 566423, 331440, 587104, 763029, 367232, 103667, 537225, 141907, 40.7, 45.7, 1.00
A, 566660, 331786, 587028, 763332, 367504, 103658, 537518, 141856, 40.7, 45.7, 1.00
A, 566756, 332085, 586790, 763759, 367614, 103685, 537760, 141778, 40.7, 45.7, 1.00
A, 567302, 332409, 586945, 764347, 367949, 103691, 538164, 141863, 40.7, 45.7, 0.99
A, 567741, 332734, 586820, 764670, 368184, 103757, 538433, 141933, 40.7, 45.7, 1.00
A, 568070, 333091, 586875, 765093, 368438, 103792, 538748, 141909, 40.7, 45.7, 1.00
A, 568618, 333461, 586998, 765700, 368753, 103763, 539087, 141919, 40.7, 45.7, 0.99
A, 568864, 333719, 586828, 766059, 368932, 103762, 539357, 141849, 40.7, 45.7, 1.01
A, 569407, 334002, 587071, 766671, 369190, 103785, 539762, 141994, 40.7, 45.7, 1.00
A, 569748, 334351, 587077, 767134, 369442, 103820, 539992, 142021, 40.7, 45.7, 1.00
A, 570177, 334698, 587235, 767687, 369682, 103899, 540368, 142064, 40.7, 45.7, 1.00
A, 570714, 335052, 587240, 767928, 369977, 103907, 540671, 142009, 40.6, 45.7, 1.00
A, 570842, 335305, 587089, 768330, 370135, 103904, 540853, 141974, 40.6, 45.7, 1.00
A, 572671, 335951, 588854, 770570, 370763, 104093, 541657, 142316, 40.6, 45.7, 1.00
A, 572821, 336207, 588585, 770609, 370861, 104113, 541711, 142302, 40.6, 45.7, 1.00
A, 572730, 336654, 588119, 770567, 371076, 104099, 541996, 142132, 40.6, 45.7, 1.00
A, 572699, 336657, 587754, 770469, 371112, 104045, 542095, 142125, 40.6, 45.7, 1.00
A, 572995, 336997, 587882, 770877, 371269, 104097, 542288, 142120, 40.6, 45.7, 1.00
A, 573138, 337171, 587613, 771087, 371404, 104022, 542442, 142073, 40.6, 45.7, 1.00
A, 573166, 337372, 587428, 771282, 371588, 104121, 542701, 142117, 40.6, 45.7, 1.00
A, 573612, 337666, 587659, 771746, 371817, 104166, 542967, 142220, 40.6, 45.8, 1.00
A, 573931, 337948, 587401, 771967, 371917, 104094, 543135, 142125, 40.6, 45.8, 1.01
A, 573953, 338171, 587194, 771971, 372074, 104188, 543346, 142072, 40.6, 45.8, 1.00
A, 574036, 338303, 587073, 772314, 372214, 104192, 543510, 141984, 40.6, 45.8, 0.99
A, 574557, 338597, 587248, 772815, 372376, 104212, 543810, 142108, 40.5, 45.8, 1.00
A, 574824, 338739, 587253, 773142, 372605, 104270, 544013, 142163, 40.5, 45.8, 1.00
A, 575234, 339097, 587463, 773747, 372818, 104257, 544247, 142191, 40.5, 45.8, 1.00
A, 575694, 339363, 587410, 773820, 372985, 104261, 544545, 142136, 40.5, 45.8, 1.00
A, 575684, 339545, 587226, 773996, 373116, 104312, 544719, 142083, 40.5, 45.8, 1.00
A, 575911, 339723, 587356, 774570, 373259, 104350, 544852, 142124, 40.5, 45.8, 1.00
A, 576062, 339948, 587181, 774818, 373463, 104338, 545067, 142162, 40.5, 45.8, 1.01
A, 576342, 340148, 587241, 775029, 373564, 104350, 545305, 142117, 40.5, 45.8, 1.00
A, 576557, 340399, 586911, 775035, 373761, 104382, 545470, 142093, 40.5, 45.8, 1.00
A, 577850, 340697, 588494, 776960, 374103, 104478, 545915, 142358, 40.5, 45.8, 0.99
A, 577980, 341047, 588201, 776957, 374361, 104523, 546213, 142329, 40.5, 45.9, 1.00
A, 577992, 341135, 588026, 777194, 374389, 104522, 546211, 142253, 40.5, 45.9, 0.99
A, 578189, 341352, 588031, 777472, 374488, 104552, 546326, 142312, 40.5, 45.9, 0.99
A, 578368, 341596, 587999, 777629, 374627, 104464, 546580, 142291, 40.5, 45.9, 1.00
A, 578671, 341675, 587993, 777879, 374778, 104491, 546716, 142241, 40.5, 45.9, 1.01
A, 578671, 341893, 587730, 777882, 374803, 104518, 546796, 142100, 40.4, 45.9, 1.00
A, 578615, 341961, 587425, 778072, 374891, 104621, 546949, 142132, 40.4, 45.9, 1.00
A, 578970, 342249, 587666, 778476, 375084, 104582, 547216, 142216, 40.4, 45.9, 1.00
A, 579157, 342344, 587578, 778664, 375162, 104602, 547312, 142227, 40.4, 45.9, 0.99
A, 579595, 342596, 587828, 779232, 375382, 104653, 547525, 142272, 40.4, 45.9, 1.00
A, 579760, 342783, 587722, 779281, 375477, 104679, 547715, 142200, 40.4, 45.9, 0.99
A, 579843, 342914, 587649, 779415, 375529, 104629, 547794, 142105, 40.4, 45.9, 1.00
A, 579698, 342981, 587188, 779450, 375633, 104682, 547932, 142145, 40.4, 45.9, 1.01
A, 580054, 343196, 587587, 780011, 375780, 104680, 548109, 142171, 40.4, 46.0, 1.00
A, 580345, 343340, 587473, 780107, 375876, 104686, 548262, 142225, 40.4, 46.0, 0.99
A, 580845, 343559, 587725, 780661, 376101, 104739, 548502, 142217, 40.4, 46.0, 1.00
A, 580734, 343728, 587640, 780865, 376135, 104788, 548611, 142203, 40.4, 46.0, 1.00
A, 581047, 343897, 587615, 781204, 376294, 104723, 548763, 142155, 40.4, 46.0, 1.01
A, 581110, 343991, 587598, 781409, 376384, 104801, 548794, 142239, 40.4, 46.0, 0.99
A, 582985, 344406, 589645, 783596, 376932, 104923, 549501, 142544, 40.4, 46.0, 1.00
A, 583038, 344724, 589310, 783455, 377021, 104953, 549556, 142430, 40.4, 46.0, 1.00
A, 582657, 344847, 588739, 783277, 377117, 104954, 549636, 142277, 40.3, 46.0, 1.00
A, 582467, 344856, 588512, 783238, 376956, 104937, 549582, 142219, 40.3, 46.0, 1.00
A, 582675, 344970, 588349, 783383, 377075, 104982, 549757, 142254, 40.3, 46.0, 1.00
A, 582729, 345060, 588257, 783473, 377170, 104960, 549801, 142248, 40.3, 46.0, 1.00
A, 582730, 345204, 588130, 783443, 377162, 104894, 549862, 142164, 40.3, 46.0, 1.00
A, 582548, 345157, 587946, 783539, 377211, 104913, 549954, 142175, 40.3, 46.1, 1.00
A, 582966, 345309, 588048, 783931, 377324, 104935, 550040, 142141, 40.3, 46.1, 1.00
A, 583068, 345557, 588010, 784096, 377442, 104958, 550245, 142114, 40.3, 46.1, 1.00
A, 583089, 345597, 587851, 784193, 377524, 105019, 550338, 142132, 40.3, 46.1, 1.00
A, 583406, 345719, 588072, 784652, 377682, 105011, 550478, 142163, 40.3, 46.1, 1.00
A, 583349, 345804, 587691, 784406, 377682, 105022, 550521, 142105, 40.3, 46.1, 1.00
A, 583385, 345914, 587568, 784507, 377719, 105019, 550610, 142044, 40.3, 46.1, 1.01
A, 583443, 346020, 587536, 784757, 377807, 105015, 550644, 142103, 40.3, 46.1, 1.00
A, 583752, 346063, 587669, 785122, 377948, 105041, 550861, 142046, 40.3, 46.1, 0.99
A, 583895, 346159, 587679, 785324, 377977, 105069, 550984, 142085, 40.3, 46.1, 0.99
A, 584229, 346347, 588015, 785806, 378150, 105162, 551173, 142148, 40.3, 46.1, 1.00
A, 584538, 346457, 588050, 786034, 378248, 105128, 551304, 142078, 40.3, 46.1, 1.00
A, 584536, 346609, 587984, 786074, 378281, 105120, 551368, 142039, 40.3, 46.1, 1.00
A, 585877, 346791, 589484, 788035, 378715, 105298, 551789, 142419, 40.3, 46.1, 1.00
A, 585923, 347162, 589112, 787838, 378822, 105262, 551894, 142206, 40.3, 46.1, 1.00
A, 585772, 347147, 588947, 787794, 378775, 105272, 551904, 142303, 40.3, 46.1, 1.00
A, 585600, 347238, 588622, 787679, 378865, 105216, 552021, 142164, 40.3, 46.2, 1.00
A, 585565, 347245, 588551, 787686, 378778, 105261, 551995, 142126, 40.3, 46.2, 1.01
A, 585742, 347381, 588585, 787901, 378889, 105315, 552087, 142133, 40.3, 46.2, 1.00
A, 585800, 347466, 588529, 788206, 378973, 105290, 552126, 142087, 40.2, 46.2, 1.00
A, 585835, 347505, 588366, 788250, 379014, 105336, 552259, 142130, 40.2, 46.2, 1.00
A, 586084, 347579, 588580, 788598, 379119, 105350, 552365, 142184, 40.2, 46.2, 1.00
A, 586226, 347713, 588550, 788778, 379189, 105289, 552432, 142057, 40.2, 46.2, 1.01
A, 586277, 347756, 588397, 788803, 379269, 105333, 552555, 142041, 40.2, 46.2, 0.99
A, 586115, 347784, 588188, 788796, 379220, 105350, 552573, 142007, 40.2, 46.2, 0.99
A, 586495, 347994, 588397, 789116, 379376, 105429, 552704, 142101, 40.2, 46.2, 1.00
A, 586591, 348047, 588239, 789122, 379442, 105352, 552794, 141985, 40.2, 46.2, 1.00
A, 586505, 348060, 588102, 789141, 379403, 105303, 552806, 141965, 40.2, 46.3, 1.00
A, 586465, 348030, 587994, 789271, 379496, 105366, 552867, 141917, 40.2, 46.3, 1.00
A, 586748, 348201, 588232, 789674, 379614, 105400, 552939, 141975, 40.2, 46.3, 1.00
A, 586784, 348242, 588065, 789777, 379588, 105421, 553041, 142000, 40.2, 46.3, 1.00
A, 587118, 348362, 588457, 790213, 379756, 105437, 553215, 142035, 40.2, 46.3, 0.99
A, 587318, 348363, 588382, 790327, 379829, 105454, 553289, 141966, 40.2, 46.3, 1.00
A, 588696, 348726, 590013, 792216, 380181, 105627, 553734, 142283, 40.2, 46.3, 1.00
A, 588775, 348897, 589984, 792326, 380314, 105580, 553836, 142185, 40.2, 46.3, 1.00
A, 588476, 348974, 589472, 791860, 380339, 105545, 553808, 142129, 40.2, 46.3, 1.00
A, 588309, 348936, 589253, 791927, 380265, 105587, 553768, 142101, 40.2, 46.3, 1.00
A, 588189, 349077, 588784, 791620, 380311, 105584, 553825, 141978, 40.2, 46.4, 1.00
A, 588021, 348969, 588659, 791517, 380263, 105534, 553745, 141895, 40.2, 46.4, 1.00
A, 588277, 349075, 588801, 791949, 380302, 105585, 553909, 141949, 40.2, 46.4, 0.99
A, 588223, 349088, 588729, 792078, 380304, 105634, 553929, 141927, 40.2, 46.4, 1.00
A, 588236, 349174, 588651, 792103, 380382, 105583, 553950, 141821, 40.2, 46.4, 1.00
A, 588580, 349195, 588786, 792385, 380471, 105596, 554092, 141955, 40.2, 46.4, 1.00
A, 588656, 349321, 588937, 792625, 380530, 105620, 554179, 141880, 40.2, 46.4, 1.00
A, 588597, 349358, 588871, 792691, 380583, 105621, 554248, 141864, 40.2, 46.4, 1.00
A, 588700, 349324, 588732, 792682, 380611, 105625, 554314, 141891, 40.2, 46.4, 1.00
A, 588682, 349419, 588670, 792850, 380589, 105716, 554326, 141881, 40.1, 46.5, 1.00
A, 588749, 349510, 588554, 792852, 380675, 105663, 554420, 141677, 40.1, 46.5, 1.00
A, 588846, 349502, 588332, 792773, 380737, 105715, 554445, 141795, 40.1, 46.4, 1.00
A, 588839, 349522, 588361, 793170, 380749, 105692, 554494, 141765, 40.1, 46.4, 1.01
A, 589098, 349633, 588650, 793507, 380823, 105723, 554601, 141775, 40.1, 46.4, 1.01
A, 589023, 349631, 588438, 793501, 380891, 105746, 554683, 141696, 40.1, 46.4, 1.00
A, 589481, 349743, 588820, 793921, 380993, 105742, 554841, 141888, 40.1, 46.5, 1.00
A, 591133, 350164, 590708, 796021, 381401, 105882, 555309, 142202, 40.1, 46.5, 1.00
A, 590867, 350232, 590413, 795729, 381520, 105907, 555396, 142085, 40.1, 46.5, 1.00
A, 590937, 350348, 590311, 795739, 381513, 105883, 555342, 142023, 40.1, 46.5, 1.00
A, 590523, 350335, 589662, 795347, 381474, 105929, 555307, 141934, 40.1, 46.5, 0.99
A, 590275, 350313, 589443, 795252, 381401, 105822, 555241, 141888, 40.1, 46.5, 1.00
A, 590190, 350298, 589207, 795100, 381433, 105945, 555342, 141816, 40.1, 46.5, 1.00
A, 589996, 350245, 588977, 794959, 381359, 105901, 555280, 141739, 40.1, 46.5, 1.00
A, 590188, 350326, 589145, 795324, 381434, 105930, 555359, 141784, 40.1, 46.5, 1.00
A, 590243, 350379, 589153, 795454, 381524, 105943, 555401, 141791, 40.1, 46.5, 1.01
A, 590351, 350362, 589169, 795474, 381506, 105925, 555409, 141828, 40.1, 46.5, 1.00
A, 590642, 350447, 589429, 795946, 381556, 105911, 555569, 141851, 40.1, 46.6, 1.00
A, 590819, 350517, 589358, 796055, 381644, 105944, 555672, 141772, 40.1, 46.6, 1.00
A, 590780, 350539, 589261, 796070, 381732, 105972, 555671, 141735, 40.1, 46.6, 1.00
A, 590548, 350494, 588926, 795896, 381599, 106013, 555632, 141737, 40.1, 46.6, 1.00
A, 590860, 350594, 589284, 796364, 381750, 106001, 555761, 141803, 40.1, 46.6, 0.99
A, 590828, 350621, 589165, 796484, 381798, 106031, 555770, 141767, 40.1, 46.6, 1.00
A, 591209, 350739, 589505, 796793, 381866, 106059, 555945, 141839, 40.1, 46.6, 1.00
A, 591369, 350794, 589687, 797069, 381950, 106076, 556023, 141769, 40.1, 46.6, 1.00
A, 591339, 350800, 589591, 797127, 381980, 106067, 556108, 141748, 40.1, 46.6, 0.99
A, 591536, 350864, 589792, 797364, 382033, 106093, 556161, 141811, 40.1, 46.6, 1.00
A, 593038, 351149, 591504, 799354, 382384, 106245, 556613, 142142, 40.0, 46.6, 1.00
A, 593141, 351307, 591338, 799204, 382507, 106208, 556650, 141960, 40.0, 46.6, 1.00
A, 592812, 351326, 590878, 798746, 382461, 106228, 556577, 141876, 40.0, 46.6, 0.99
A, 592600, 351332, 590829, 798958, 382445, 106207, 556546, 141887, 40.0, 46.6, 1.01
A, 592194, 351292, 590257, 798404, 382411, 106189, 556505, 141766, 40.0, 46.7, 1.00
A, 592108, 351298, 590024, 798428, 382344, 106180, 556460, 141798, 40.0, 46.7, 1.00
A, 591949, 351303, 589814, 798161, 382429, 106177, 556533, 141647, 40.0, 46.7, 1.00
A, 591758, 351277, 589629, 798001, 382279, 106130, 556453, 141606, 40.0, 46.7, 1.01
A, 592031, 351278, 589719, 798294, 382343, 106208, 556545, 141635, 40.0, 46.7, 1.00
A, 592053, 351291, 589833, 798380, 382373, 106228, 556558, 141613, 40.0, 46.7, 1.00
A, 591996, 351281, 589783, 798624, 382442, 106231, 556584, 141642, 40.0, 46.7, 1.01
A, 592318, 351341, 590034, 798984, 382447, 106212, 556702, 141697, 40.0, 46.7, 1.00
A, 592440, 351358, 590070, 798977, 382529, 106177, 556780, 141570, 40.0, 46.7, 1.00
A, 592444, 351381, 589908, 799000, 382522, 106216, 556772, 141606, 40.0, 46.8, 1.00
A, 592541, 351463, 590108, 799330, 382614, 106300, 556842, 141665, 40.0, 46.8, 1.00
A, 592545, 351475, 590108, 799466, 382560, 106327, 556898, 141529, 40.0, 46.8, 1.01
A, 592804, 351522, 590307, 799682, 382670, 106383, 556974, 141670, 40.0, 46.8, 1.00
A, 592950, 351548, 590379, 799956, 382754, 106352, 557020, 141628, 40.0, 46.8, 1.00
A, 593272, 351694, 590659, 800202, 382835, 106371, 557225, 141687, 40.0, 46.8, 1.00
A, 593172, 351739, 590548, 800154, 382845, 106427, 557177, 141654, 40.0, 46.8, 1.00
A, 594354, 351879, 592082, 801972, 383155, 106491, 557517, 142028, 40.0, 46.8, 1.00
A, 594450, 352099, 592154, 802036, 383308, 106512, 557656, 141908, 40.0, 46.8, 1.02
A, 594439, 352106, 591744, 801628, 383266, 106483, 557584, 141785, 40.0, 46.8, 0.99
A, 593977, 352105, 591327, 801240, 383227, 106505, 557518, 141691, 40.0, 46.9, 0.99
A, 593881, 352064, 591328, 801497, 383149, 106476, 557548, 141690, 40.0, 46.9, 1.01
A, 593527, 352047, 590781, 800834, 383139, 106477, 557422, 141585, 40.0, 46.9, 1.00
A, 593513, 351950, 590723, 800988, 383079, 106462, 557424, 141648, 40.0, 46.9, 1.00
A, 593291, 352031, 590474, 800683, 383113, 106430, 557497, 141483, 40.0, 46.9, 1.00
A, 593235, 351958, 590334, 800600, 383052, 106430, 557385, 141480, 40.0, 46.9, 1.00
A, 593328, 351901, 590597, 801120, 383102, 106488, 557441, 141515, 40.0, 46.9, 1.01
A, 593403, 351937, 590574, 801221, 383092, 106474, 557533, 141486, 40.0, 46.9, 1.00
A, 593409, 351947, 590556, 801213, 383128, 106527, 557522, 141500, 40.0, 46.9, 1.00
A, 593709, 352035, 590816, 801606, 383183, 106521, 557613, 141458, 40.0, 46.9, 0.99
A, 593671, 351956, 590639, 801377, 383164, 106512, 557635, 141464, 40.0, 46.9, 1.00
A, 593608, 351990, 590595, 801441, 383251, 106498, 557612, 141463, 40.0, 46.9, 1.00
A, 593712, 352041, 590552, 801522, 383229, 106535, 557672, 141468, 40.0, 46.9, 1.00
A, 593921, 352071, 590906, 801925, 383335, 106599, 557757, 141523, 40.0, 46.9, 1.00
A, 593829, 352017, 590802, 801971, 383300, 106613, 557779, 141457, 40.0, 46.9, 1.00
A, 594135, 352186, 591107, 802409, 383419, 106530, 557924, 141521, 40.0, 46.9, 1.00
A, 594317, 352223, 591217, 802493, 383474, 106657, 558039, 141521, 40.0, 46.9, 1.00
A, 595740, 352387, 592795, 804269, 383792, 106738, 558385, 141815, 40.0, 46.9, 1.00
A, 595682, 352593, 592812, 804384, 383897, 106760, 558488, 141796, 40.0, 46.9, 1.00
A, 595521, 352546, 592534, 804136, 383888, 106687, 558379, 141589, 39.9, 47.0, 0.99
A, 595432, 352639, 592575, 804234, 383860, 106762, 558381, 141716, 39.9, 47.0, 1.00
A, 595317, 352651, 592220, 803866, 383876, 106764, 558332, 141605, 39.9, 47.0, 1.00
A, 595057, 352563, 592010, 803662, 383779, 106735, 558245, 141506, 39.9, 47.0, 1.00
A, 594449, 352466, 591286, 803077, 383680, 106668, 558211, 141383, 39.9, 47.0, 1.00
A, 594398, 352432, 591263, 803087, 383567, 106664, 558107, 141409, 39.9, 47.0, 1.00
A, 594296, 352421, 591008, 802737, 383613, 106694, 558150, 141314, 39.9, 47.0, 1.00
A, 594241, 352308, 590866, 802774, 383553, 106697, 558073, 141309, 39.9, 47.0, 1.00
A, 594334, 352329, 591083, 803249, 383626, 106697, 558206, 141363, 39.9, 47.0, 1.00
A, 594436, 352287, 591231, 803220, 383657, 106711, 558218, 141333, 39.9, 47.0, 1.00
A, 594466, 352253, 591138, 803236, 383665, 106746, 558269, 141384, 39.9, 47.0, 1.00
A, 594513, 352366, 591222, 803412, 383683, 106658, 558313, 141313, 39.9, 47.0, 1.00
A, 594639, 352330, 591193, 803438, 383745, 106694, 558399, 141292, 39.9, 47.0, 1.00
A, 594627, 352339, 591103, 803435, 383717, 106718, 558368, 141221, 39.9, 47.0, 1.00
A, 594676, 352354, 591260, 803782, 383782, 106718, 558376, 141266, 39.9, 47.0, 1.00
A, 594936, 352407, 591534, 804057, 383790, 106719, 558520, 141304, 39.9, 47.1, 1.00
A, 594900, 352385, 591505, 804114, 383940, 106843, 558586, 141337, 39.9, 47.1, 1.00
A, 595160, 352458, 591686, 804397, 383901, 106789, 558598, 141379, 39.9, 47.1, 1.00
A, 596997, 352835, 593828, 806563, 384424, 106956, 559104, 141733, 39.9, 47.1, 1.00
A, 596746, 352971, 593620, 806238, 384431, 106954, 559134, 141654, 39.9, 47.1, 1.00
A, 596636, 352926, 593406, 806317, 384398, 106958, 559150, 141638, 39.9, 47.1, 1.00
A, 596317, 352876, 593233, 806084, 384322, 107008, 559019, 141584, 39.9, 47.1, 1.00
A, 596415, 352928, 593209, 806158, 384408, 106957, 559086, 141548, 39.9, 47.1, 1.00
A, 596261, 352988, 592888, 805830, 384369, 106944, 559022, 141461, 39.9, 47.1, 1.00
A, 595993, 352908, 592844, 805758, 384265, 106971, 558967, 141396, 39.9, 47.1, 1.00
A, 595668, 352862, 592419, 805458, 384348, 106933, 558989, 141397, 39.9, 47.1, 1.01
A, 595542, 352807, 592275, 805357, 384158, 106927, 558856, 141317, 39.9, 47.1, 1.00
A, 595843, 352830, 592524, 805659, 384270, 107064, 558977, 141363, 39.9, 47.1, 1.01
A, 595923, 352858, 592653, 805866, 384300, 106958, 559042, 141393, 39.9, 47.1, 1.01
A, 595949, 352861, 592705, 805772, 384323, 107002, 559036, 141241, 39.9, 47.1, 1.00
A, 595922, 352813, 592454, 805636, 384314, 106969, 559081, 141270, 39.9, 47.2, 1.00
A, 595854, 352822, 592489, 805881, 384270, 106923, 558996, 141274, 39.9, 47.2, 1.00
A, 596048, 352866, 592703, 806117, 384321, 107014, 559095, 141267, 39.9, 47.2, 1.01
A, 595936, 352858, 592678, 806157, 384326, 106988, 559112, 141372, 39.9, 47.2, 1.00
A, 596307, 352914, 592918, 806468, 384379, 107000, 559172, 141361, 39.9, 47.2, 1.00
A, 596395, 352983, 593101, 806523, 384492, 107050, 559253, 141275, 39.9, 47.2, 1.00
A, 596247, 352965, 593005, 806443, 384484, 107014, 559216, 141317, 39.9, 47.2, 1.00
A, 596429, 352947, 593077, 806659, 384472, 107121, 559273, 141401, 39.9, 47.2, 1.00
A, 597787, 353216, 594793, 808449, 384803, 107199, 559666, 141672, 39.9, 47.2, 1.00
A, 597778, 353399, 594778, 808551, 384927, 107253, 559723, 141645, 39.9, 47.2, 1.00
A, 597608, 353403, 594613, 808389, 384909, 107239, 559706, 141604, 39.9, 47.2, 1.00
A, 597768, 353390, 594787, 808538, 384947, 107182, 559711, 141506, 39.9, 47.2, 1.00
A, 597445, 353347, 594458, 808236, 384820, 107171, 559600, 141510, 39.9, 47.2, 1.00
A, 597281, 353334, 594367, 808205, 384804, 107172, 559565, 141425, 39.9, 47.2, 0.99
A, 597063, 353321, 594016, 807649, 384750, 107229, 559527, 141363, 39.9, 47.2, 1.00
A, 596850, 353254, 593750, 807536, 384697, 107213, 559511, 141289, 39.9, 47.2, 1.00
A, 596537, 353211, 593314, 807120, 384656, 107199, 559477, 141125, 39.9, 47.2, 1.00
A, 596338, 353123, 593277, 807103, 384563, 107164, 559364, 141182, 39.9, 47.2, 1.00
A, 596573, 353114, 593523, 807425, 384627, 107171, 559432, 141180, 39.9, 47.2, 1.00
A, 596502, 353150, 593482, 807494, 384621, 107233, 559383, 141214, 39.8, 47.2, 1.00
A, 596150, 352913, 592818, 806587, 384510, 107128, 559310, 140999, 39.8, 47.2, 1.00
A, 595100, 352760, 591716, 805689, 384308, 107021, 559023, 140867, 39.8, 47.3, 0.99
A, 595741, 352777, 592515, 806519, 384407, 107119, 559243, 140957, 39.8, 47.3, 1.00
A, 595732, 352781, 592505, 806612, 384403, 107139, 559166, 140965, 39.8, 47.3, 1.00
A, 595922, 352764, 592575, 806747, 384437, 107160, 559321, 141102, 39.8, 47.3, 1.00
A, 596335, 352865, 593168, 807263, 384590, 107183, 559508, 141123, 39.8, 47.3, 1.00
A, 596396, 352909, 593152, 807370, 384619, 107148, 559518, 141119, 39.8, 47.3, 1.00
A, 596448, 352850, 593096, 807318, 384663, 107182, 559500, 140946, 39.8, 47.3, 1.00
A, 597828, 353098, 594932, 809399, 384952, 107356, 559881, 141462, 39.8, 47.3, 1.00
A, 598071, 353334, 595058, 809460, 385133, 107375, 560008, 141421, 39.8, 47.3, 1.00
A, 597737, 353212, 594768, 809300, 385028, 107377, 559989, 141372, 39.8, 47.3, 1.00
A, 597851, 353299, 594950, 809451, 385073, 107343, 559992, 141316, 39.8, 47.3, 1.00
A, 597917, 353364, 594902, 809354, 385120, 107463, 559994, 141313, 39.8, 47.3, 1.00
A, 597618, 353335, 594668, 809075, 385010, 107341, 559907, 141218, 39.8, 47.3, 1.00
A, 597635, 353209, 594594, 809179, 385056, 107363, 559959, 141281, 39.8, 47.3, 1.00
A, 597366, 353351, 594315, 808808, 384993, 107348, 559917, 141136, 39.8, 47.3, 0.99
A, 597242, 353190, 594208, 808863, 385003, 107366, 559832, 141177, 39.8, 47.3, 1.00
A, 597145, 353210, 594137, 808541, 385021, 107403, 559826, 141092, 39.8, 47.3, 1.00
A, 597123, 353119, 594096, 808566, 384962, 107365, 559862, 141109, 39.8, 47.3, 1.00
A, 597016, 353112, 594002, 808649, 384861, 107311, 559794, 141097, 39.8, 47.3, 1.00
A, 596954, 353108, 593974, 808665, 384907, 107372, 559816, 141109, 39.8, 47.3, 1.01
A, 596772, 353102, 593648, 808274, 384824, 107332, 559831, 141045, 39.8, 47.3, 1.00
A, 597135, 352993, 594211, 808877, 384959, 107304, 559935, 141105, 39.8, 47.4, 1.00
A, 597240, 353083, 594378, 808919, 384985, 107398, 559958, 141040, 39.8, 47.4, 1.00
A, 597224, 353019, 594162, 808861, 384939, 107397, 559947, 140999, 39.8, 47.4, 1.00
A, 597199, 353028, 594318, 809144, 384961, 107366, 559958, 141075, 39.8, 47.4, 1.00
A, 597439, 353129, 594621, 809493, 385091, 107442, 560013, 141127, 39.8, 47.4, 1.00
A, 597426, 353132, 594599, 809513, 385044, 107445, 560011, 141053, 39.8, 47.4, 1.00
A, 599329, 353440, 596823, 811746, 385499, 107597, 560517, 141601, 39.8, 47.4, 0.99
A, 599255, 353659, 596795, 811664, 385583, 107612, 560557, 141472, 39.8, 47.4, 1.00
A, 598931, 353552, 596316, 811330, 385519, 107540, 560521, 141389, 39.8, 47.4, 1.00
A, 598705, 353570, 596075, 810998, 385427, 107572, 560417, 141275, 39.8, 47.4, 1.00
A, 598635, 353499, 596185, 811104, 385483, 107546, 560423, 141311, 39.8, 47.4, 1.00
A, 598460, 353547, 595918, 810816, 385404, 107554, 560330, 141206, 39.8, 47.4, 1.01
A, 598258, 353451, 595648, 810488, 385281, 107556, 560297, 141104, 39.8, 47.4, 1.00
A, 598220, 353476, 595829, 810760, 385301, 107492, 560350, 141167, 39.8, 47.4, 1.01
A, 597855, 353462, 595335, 810208, 385312, 107573, 560258, 141109, 39.8, 47.4, 1.00
A, 597530, 353348, 595187, 810165, 385186, 107553, 560152, 141052, 39.8, 47.4, 1.00
A, 597611, 353367, 595063, 810052, 385237, 107515, 560158, 140984, 39.8, 47.4, 1.00
A, 597544, 353214, 595012, 809799, 385109, 107485, 560079, 140959, 39.8, 47.4, 1.01
A, 597696, 353251, 595229, 810207, 385160, 107526, 560177, 141035, 39.8, 47.4, 1.00
A, 597248, 353252, 594856, 809880, 385245, 107531, 560180, 140926, 39.8, 47.4, 1.00
A, 597600, 353176, 595119, 810099, 385168, 107569, 560143, 140930, 39.8, 47.4, 1.00
A, 597898, 353199, 595492, 810499, 385251, 107548, 560226, 141081, 39.8, 47.5, 0.99
A, 597969, 353252, 595605, 810391, 385311, 107589, 560309, 140999, 39.8, 47.5, 1.00
A, 597898, 353155, 595520, 810380, 385286, 107506, 560204, 140967, 39.8, 47.5, 1.00
A, 597725, 353225, 595425, 810476, 385164, 107460, 560251, 140963, 39.8, 47.5, 1.00
A, 597932, 353262, 595636, 810709, 385318, 107589, 560303, 141013, 39.8, 47.5, 1.00
A, 599410, 353492, 597376, 812476, 385626, 107737, 560730, 141404, 39.8, 47.5, 1.00
A, 599579, 353627, 597613, 812685, 385781, 107796, 560778, 141348, 39.8, 47.5, 1.00
A, 599238, 353609, 597306, 812372, 385669, 107740, 560759, 141163, 39.8, 47.5, 1.00
A, 599027, 353592, 596901, 812015, 385614, 107721, 560646, 141210, 39.8, 47.5, 1.00
A, 598934, 353570, 597080, 812173, 385622, 107727, 560681, 141165, 39.8, 47.5, 1.00
A, 598810, 353573, 596878, 812041, 385606, 107785, 560596, 141151, 39.8, 47.5, 1.00
A, 598635, 353496, 596718, 811808, 385565, 107659, 560574, 141066, 39.8, 47.5, 1.00
A, 598863, 353602, 596943, 811853, 385608, 107738, 560557, 141024, 39.8, 47.5, 1.00
A, 598599, 353488, 596729, 811767, 385548, 107733, 560606, 141050, 39.8, 47.5, 0.99
A, 598372, 353502, 596333, 811353, 385544, 107754, 560534, 141020, 39.8, 47.5, 1.01
A, 598195, 353381, 596348, 811317, 385430, 107705, 560448, 140938, 39.8, 47.5, 1.00
A, 597964, 353450, 596067, 811063, 385468, 107790, 560505, 140923, 39.8, 47.5, 0.99
A, 597931, 353300, 595976, 810911, 385336, 107710, 560373, 140769, 39.8, 47.5, 0.99
A, 598096, 353322, 596341, 811336, 385437, 107771, 560436, 140909, 39.8, 47.5, 1.00
A, 598163, 353305, 596334, 811419, 385432, 107752, 560439, 140973, 39.8, 47.5, 1.00
A, 597931, 353224, 596208, 811258, 385393, 107661, 560417, 140901, 39.8, 47.5, 1.00
A, 598273, 353301, 596639, 811640, 385488, 107828, 560550, 140994, 39.8, 47.6, 1.00
A, 598367, 353331, 596674, 811627, 385477, 107741, 560566, 140959, 39.8, 47.6, 1.00
A, 597988, 353204, 596122, 811111, 385447, 107727, 560429, 140895, 39.8, 47.6, 1.00
A, 597913, 353124, 596100, 811304, 385426, 107795, 560423, 140860, 39.8, 47.6, 1.00
M, 595086, 352751, 591924, 806159, 384771, 107276, 559523, 139575, 39.8, 47.6, 0.00
M, 587225, 350755, 582658, 796872, 382314, 106586, 556615, 137693, 39.8, 47.6, 0.58
M, 581383, 348816, 575334, 789248, 380247, 105919, 554350, 136404, 39.8, 47.6, 0.75
M, 576573, 347045, 569300, 783312, 378659, 105377, 552675, 135337, 39.8, 47.6, 0.83
M, 572668, 345519, 564182, 778281, 377249, 104944, 551234, 134467, 39.8, 47.5, 0.89
M, 569412, 344113, 559493, 773738, 375897, 104465, 549832, 133697, 39.8, 47.5, 0.93
M, 567241, 342965, 555844, 770631, 374825, 104148, 548842, 133282, 39.9, 47.4, 0.96
M, 565352, 341728, 552424, 767572, 373909, 103727, 547973, 132725, 39.9, 47.4, 0.97
M, 563976, 340712, 549597, 765530, 373223, 103466, 547346, 132353, 39.9, 47.3, 0.98
M, 563449, 340029, 547744, 764416, 372852, 103274, 547144, 132179, 39.9, 47.3, 0.99
M, 562906, 339160, 546001, 763592, 372503, 103137, 546993, 132022, 39.9, 47.2, 0.98
M, 562813, 338531, 544678, 763042, 372401, 102938, 547035, 131983, 39.9, 47.2, 1.00
M, 562969, 337956, 543251, 762584, 372308, 102740, 547212, 131819, 39.9, 47.1, 1.00
M, 562696, 337437, 542011, 762321, 372258, 102651, 547372, 131666, 39.9, 47.1, 1.00
M, 563196, 336840, 541084, 762449, 372408, 102516, 547771, 131694, 39.9, 47.1, 0.99
M, 563466, 336403, 540560, 762869, 372456, 102480, 547977, 131601, 39.9, 47.1, 1.01
M, 564262, 336107, 539947, 763355, 372808, 102366, 548565, 131708, 39.9, 47.1, 0.99
M, 564781, 335852, 539573, 763676, 372903, 102368, 548916, 131685, 39.9, 47.1, 0.99
M, 565695, 335567, 539469, 764745, 373210, 102307, 549369, 131774, 39.9, 47.1, 1.00
M, 566354, 335304, 539361, 765507, 373512, 102300, 549875, 131845, 39.9, 47.0, 1.00
M, 568490, 335426, 540808, 768149, 374118, 102383, 550754, 132231, 39.9, 47.0, 1.00
M, 569408, 335470, 540859, 769063, 374611, 102401, 551350, 132311, 39.9, 47.0, 1.00
M, 570107, 335431, 540540, 769526, 374933, 102400, 551867, 132295, 39.9, 47.0, 1.01
M, 570665, 335259, 540193, 770281, 375218, 102305, 552348, 132218, 39.9, 47.0, 1.01
M, 571131, 335187, 540100, 771065, 375508, 102352, 552767, 132287, 39.9, 47.0, 1.01
M, 572071, 335230, 540239, 772157, 375947, 102377, 553319, 132409, 39.9, 47.0, 1.00
M, 572794, 335257, 540232, 772840, 376222, 102417, 553798, 132537, 39.9, 47.0, 1.00
M, 573707, 335284, 540423, 773959, 376587, 102363, 554383, 132594, 39.9, 47.0, 1.00
M, 574580, 335321, 540373, 774779, 377084, 102398, 554878, 132492, 39.9, 47.0, 0.99
M, 575234, 335424, 540237, 775440, 377423, 102403, 555299, 132649, 39.9, 46.9, 1.00
M, 575745, 335405, 540306, 776417, 377666, 102432, 555777, 132678, 39.9, 46.9, 0.99
M, 576608, 335640, 540644, 777590, 378103, 102417, 556284, 132810, 39.9, 46.9, 1.00
M, 577290, 335692, 540656, 778245, 378382, 102467, 556803, 132911, 39.9, 46.9, 1.00
M, 578437, 335901, 541008, 779487, 378950, 102526, 557332, 132965, 39.9, 46.9, 1.00
M, 578966, 335915, 540975, 780153, 379245, 102449, 557740, 132982, 39.9, 46.9, 1.00
M, 579493, 336101, 540832, 780761, 379505, 102501, 558209, 132979, 39.9, 46.9, 1.01
M, 579966, 336238, 540943, 781493, 379739, 102524, 558536, 133063, 39.9, 46.9, 1.01
M, 580780, 336387, 541324, 782690, 380147, 102591, 558999, 133184, 39.9, 46.9, 0.99
M, 581590, 336610, 541615, 783577, 380461, 102598, 559452, 133280, 39.9, 46.9, 1.00
M, 582466, 336855, 541841, 784495, 380911, 102646, 559912, 133296, 39.9, 46.9, 1.00
M, 584423, 337222, 543452, 787013, 381463, 102770, 560681, 133624, 39.9, 46.9, 1.00
M, 584814, 337480, 543333, 787599, 381744, 102801, 561014, 133649, 39.9, 46.9, 1.00
M, 585261, 337756, 543418, 788276, 382039, 102824, 561417, 133671, 39.9, 46.9, 0.99
M, 585709, 337837, 543402, 788643, 382264, 102832, 561690, 133714, 39.9, 46.9, 0.99
M, 586381, 338060, 543655, 789634, 382606, 102895, 562061, 133745, 39.9, 46.9, 0.99
M, 586836, 338341, 543665, 790217, 382885, 102855, 562433, 133725, 39.9, 46.9, 0.99
M, 587182, 338413, 543487, 790543, 383037, 102898, 562703, 133727, 39.9, 46.9, 0.99
M, 587701, 338703, 543768, 791523, 383315, 102962, 563014, 133852, 39.9, 46.9, 1.01
M, 588007, 338796, 543716, 792083, 383571, 102988, 563232, 133822, 39.9, 46.9, 1.00
M, 588634, 339041, 543882, 792712, 383695, 102997, 563546, 133838, 39.9, 46.9, 0.99
M, 589145, 339235, 544009, 793238, 384008, 103015, 563906, 133998, 39.9, 46.9, 0.99
M, 589559, 339412, 544206, 794024, 384239, 102993, 564260, 133920, 39.9, 46.9, 1.00
M, 589882, 339634, 544214, 794484, 384451, 103128, 564522, 133985, 39.9, 46.9, 1.01
M, 590473, 339804, 544434, 795144, 384732, 103094, 564802, 134040, 39.9, 46.9, 1.00
M, 590762, 340076, 544273, 795593, 384916, 103144, 565053, 133999, 39.9, 46.9, 0.99
M, 590885, 340089, 544169, 796080, 384981, 103044, 565179, 134058, 39.9, 46.9, 1.01
M, 591460, 340383, 544309, 796618, 385334, 103170, 565542, 134077, 39.9, 46.9, 1.00
M, 591714, 340466, 544318, 797096, 385404, 103078, 565678, 134097, 39.9, 46.9, 1.00
M, 592187, 340604, 544633, 797791, 385626, 103098, 566014, 134230, 39.9, 46.9, 0.99
M, 592582, 340822, 544820, 798440, 385808, 103198, 566268, 134167, 39.9, 46.9, 1.00
M, 594728, 341339, 546630, 800901, 386400, 103371, 566905, 134596, 39.9, 46.9, 1.00
M, 594674, 341528, 546473, 801109, 386592, 103354, 567056, 134599, 39.9, 46.9, 1.01
M, 595228, 341686, 546623, 801716, 386769, 103326, 567330, 134439, 39.9, 46.9, 1.00
M, 595378, 341987, 546451, 801949, 386872, 103388, 567531, 134487, 39.9, 46.9, 0.99
M, 595456, 342042, 546450, 802298, 387010, 103424, 567674, 134546, 39.9, 46.9, 1.00
M, 595901, 342313, 546676, 802917, 387203, 103401, 567896, 134588, 39.9, 46.9, 1.00
M, 596148, 342449, 546538, 802913, 387367, 103431, 568112, 134560, 39.9, 46.9, 1.00
M, 596131, 342556, 546327, 803172, 387426, 103395, 568143, 134521, 40.0, 46.9, 1.00
M, 596451, 342667, 546498, 803811, 387597, 103518, 568371, 134560, 40.0, 46.9, 0.99
M, 596681, 342800, 546507, 804231, 387688, 103507, 568602, 134643, 40.0, 46.8, 1.00
M, 597088, 343017, 546801, 804730, 387870, 103545, 568845, 134701, 40.0, 46.8, 0.99
M, 597363, 343069, 546920, 805307, 387964, 103588, 569029, 134712, 40.0, 46.8, 1.01
M, 597817, 343394, 547054, 805846, 388211, 103555, 569265, 134652, 40.0, 46.8, 1.00
M, 598037, 343537, 546873, 805795, 388254, 103586, 569370, 134698, 40.0, 46.9, 1.00
M, 597853, 343518, 546794, 806209, 388350, 103625, 569453, 134722, 40.0, 46.9, 1.01
M, 598101, 343712, 546846, 806595, 388521, 103604, 569649, 134741, 40.0, 46.9, 1.01
M, 598310, 343810, 546942, 806989, 388552, 103636, 569789, 134736, 40.0, 46.9, 1.00
M, 598757, 344017, 546961, 807408, 388773, 103649, 570021, 134789, 40.0, 46.8, 0.99
M, 598685, 344074, 546765, 807373, 388764, 103660, 570023, 134724, 40.0, 46.8, 1.00
M, 599163, 344145, 547058, 808100, 388888, 103617, 570241, 134858, 40.0, 46.8, 1.00
M, 600845, 344483, 548689, 810071, 389373, 103826, 570780, 135211, 40.0, 46.9, 0.99
M, 600975, 344737, 548794, 810506, 389543, 103824, 570951, 135145, 40.0, 46.9, 1.00
M, 601308, 345004, 549011, 811047, 389671, 103863, 571164, 135176, 40.0, 46.8, 1.00
M, 601553, 345023, 549074, 811170, 389823, 103819, 571216, 135138, 40.0, 46.8, 1.01
M, 601630, 345144, 548999, 811423, 389868, 103848, 571352, 135146, 40.0, 46.8, 0.99
M, 601551, 345242, 548806, 811660, 389927, 103886, 571458, 135130, 40.0, 46.8, 1.00
M, 601946, 345407, 549107, 812179, 390068, 103927, 571612, 135209, 40.0, 46.8, 0.99
M, 602008, 345521, 549083, 812335, 390105, 103924, 571703, 135226, 40.0, 46.8, 0.99
M, 602513, 345729, 549392, 813096, 390271, 103983, 571925, 135236, 40.0, 46.9, 1.01
M, 602683, 345824, 549406, 813194, 390410, 104007, 572033, 135245, 40.0, 46.9, 1.00
M, 602733, 345895, 549321, 813390, 390507, 103964, 572126, 135209, 40.0, 46.9, 1.00
M, 602859, 345969, 549312, 813732, 390495, 104022, 572231, 135279, 40.0, 46.9, 1.00
M, 603167, 346133, 549639, 814196, 390584, 104000, 572378, 135290, 40.0, 46.8, 0.99
M, 603376, 346256, 549575, 814146, 390756, 104015, 572516, 135267, 40.0, 46.8, 1.00
M, 603500, 346266, 549582, 814571, 390813, 104048, 572614, 135299, 40.0, 46.9, 0.99
M, 603468, 346363, 549611, 814909, 390854, 103996, 572662, 135297, 40.0, 46.9, 0.99
M, 603703, 346558, 549562, 815050, 391024, 104080, 572844, 135340, 40.0, 46.8, 0.99
M, 603786, 346526, 549716, 815323, 391012, 104098, 572885, 135336, 40.0, 46.8, 1.00
M, 603880, 346784, 549632, 815567, 391180, 104036, 573133, 135352, 40.0, 46.9, 1.00
M, 604047, 346730, 549733, 815790, 391171, 104059, 573086, 135275, 40.0, 46.9, 1.00
M, 605724, 347043, 551616, 818192, 391536, 104172, 573598, 135685, 40.0, 46.9, 1.01
M, 605924, 347275, 551600, 818329, 391713, 104238, 573720, 135666, 40.0, 46.8, 1.00
M, 605791, 347346, 551420, 818392, 391737, 104256, 573813, 135697, 40.0, 46.8, 1.00
M, 605961, 347457, 551519, 818685, 391811, 104325, 573913, 135623, 40.0, 46.9, 1.01
M, 605866, 347520, 551213, 818410, 391815, 104258, 573876, 135576, 40.0, 46.9, 1.00
M, 605934, 347570, 551191, 818527, 391819, 104246, 573871, 135573, 40.0, 46.9, 0.99
M, 605945, 347621, 551099, 818770, 391887, 104313, 574009, 135584, 40.0, 46.9, 1.01
M, 606324, 347740, 551435, 819130, 392030, 104304, 574123, 135657, 40.0, 46.9, 1.00
M, 606406, 347820, 551530, 819542, 392097, 104420, 574233, 135658, 40.0, 46.9, 0.99
M, 606777, 347981, 551848, 820043, 392202, 104356, 574411, 135703, 40.0, 46.9, 1.00
M, 606974, 348126, 552000, 820202, 392333, 104417, 574512, 135765, 40.0, 46.9, 1.00
M, 606958, 348181, 551942, 820489, 392329, 104412, 574527, 135740, 40.0, 46.9, 1.00
M, 607218, 348244, 552148, 820843, 392434, 104476, 574714, 135808, 40.0, 46.9, 1.01
M, 607242, 348368, 552161, 821134, 392468, 104466, 574729, 135722, 40.0, 46.9, 0.99
M, 607492, 348369, 552288, 821240, 392521, 104447, 574807, 135846, 40.0, 46.9, 1.00
M, 607944, 348554, 552652, 821740, 392681, 104504, 574987, 135819, 40.0, 46.9, 0.98
M, 607832, 348640, 552473, 821856, 392683, 104502, 575042, 135813, 40.0, 46.9, 1.00
M, 607796, 348713, 552424, 821837, 392840, 104492, 575078, 135810, 40.0, 46.9, 1.00
M, 607837, 348681, 552345, 822098, 392698, 104558, 575092, 135809, 40.0, 46.9, 1.00
M, 607785, 348831, 552207, 821933, 392788, 104490, 575169, 135754, 40.0, 46.9, 1.01
M, 608886, 348914, 553474, 823420, 393026, 104704, 575508, 135960, 40.0, 46.9, 1.00
M, 609157, 349057, 553713, 823876, 393114, 104649, 575656, 136056, 40.0, 46.9, 1.00
M, 609001, 349039, 553535, 823810, 393157, 104680, 575638, 136013, 40.0, 46.9, 1.01
M, 608999, 349123, 553336, 823780, 393131, 104598, 575616, 136002, 40.0, 46.9, 1.00
M, 609289, 349184, 553732, 824162, 393255, 104680, 575838, 136040, 40.0, 46.9, 1.00
M, 609363, 349398, 553715, 824369, 393310, 104686, 575813, 136008, 40.0, 46.9, 1.00
M, 609391, 349383, 553708, 824433, 393326, 104703, 575958, 135951, 40.0, 46.9, 1.00
M, 609322, 349496, 553672, 824655, 393320, 104714, 575857, 135993, 40.0, 46.9, 1.00
M, 609665, 349607, 554000, 825096, 393396, 104717, 576090, 136053, 40.0, 46.9, 1.00
M, 609668, 349599, 553941, 825171, 393520, 104800, 576081, 136114, 40.0, 46.9, 0.99
M, 609994, 349719, 554335, 825736, 393626, 104812, 576243, 136054, 40.0, 46.9, 1.01
M, 610238, 349799, 554510, 825908, 393726, 104871, 576345, 136127, 40.0, 46.9, 1.01
M, 610191, 349848, 554436, 825839, 393642, 104828, 576310, 136074, 40.0, 46.9, 0.99
M, 610172, 349792, 554301, 825945, 393698, 104826, 576378, 136163, 40.0, 46.9, 1.00
M, 609930, 349822, 554119, 825750, 393679, 104825, 576322, 136056, 40.0, 46.9, 1.00
M, 610062, 349726, 554295, 826111, 393671, 104843, 576406, 136131, 40.0, 46.9, 1.01
M, 610456, 350013, 554556, 826498, 393922, 104847, 576511, 136038, 40.0, 46.9, 1.00
M, 610550, 350030, 554743, 826785, 393880, 104895, 576637, 136144, 40.0, 46.9, 1.01
M, 610468, 350137, 554652, 826814, 393928, 104953, 576670, 136187, 40.0, 46.9, 1.01
M, 610525, 350101, 554685, 826993, 393925, 104845, 576635, 136165, 40.0, 46.9, 0.99
M, 612320, 350419, 556654, 829144, 394321, 105014, 577196, 136630, 40.0, 46.9, 1.00
M, 612419, 350652, 556714, 829260, 394464, 105090, 577303, 136523, 40.0, 46.9, 1.01
M, 612433, 350701, 556609, 829328, 394460, 105091, 577297, 136443, 40.0, 46.9, 1.00
M, 612236, 350721, 556446, 829149, 394458, 105083, 577254, 136319, 40.0, 46.9, 1.00
M, 612044, 350655, 556365, 829182, 394411, 105027, 577257, 136343, 40.0, 46.9, 1.00
M, 612214, 350739, 556492, 829469, 394510, 105094, 577293, 136364, 40.0, 46.9, 1.00
M, 612166, 350781, 556436, 829383, 394487, 105159, 577393, 136477, 40.0, 46.9, 1.00
M, 612509, 350863, 556885, 829982, 394589, 105109, 577448, 136438, 40.0, 46.9, 1.01
M, 612689, 350956, 556982, 830088, 394615, 105150, 577513, 136427, 40.0, 46.9, 1.01
M, 612499, 350979, 556799, 829989, 394544, 105126, 577466, 136430, 40.0, 46.9, 0.99
M, 612680, 351040, 556982, 830244, 394642, 105176, 577618, 136509, 40.0, 46.9, 1.01
M, 612714, 351059, 556980, 830155, 394668, 105233, 577605, 136474, 40.0, 46.9, 1.00
M, 612673, 351051, 557023, 830476, 394711, 105235, 577639, 136485, 40.0, 46.9, 0.99
M, 612908, 351174, 557257, 830834, 394770, 105241, 577745, 136565, 40.0, 46.9, 1.01
M, 613088, 351286, 557516, 831063, 394862, 105274, 577799, 136505, 40.0, 46.9, 1.01
M, 612926, 351256, 557343, 830921, 394774, 105258, 577792, 136492, 40.0, 47.0, 1.01
M, 612902, 351310, 557320, 830997, 394815, 105267, 577840, 136603, 40.0, 47.0, 1.00
M, 613026, 351304, 557257, 830897, 394845, 105309, 577861, 136503, 40.0, 46.9, 1.01
M, 612853, 351253, 557158, 830866, 394812, 105263, 577788, 136485, 40.0, 46.9, 1.01
M, 612685, 351335, 557068, 830864, 394847, 105243, 577846, 136358, 40.0, 47.0, 1.01
M, 613948, 351430, 558332, 832408, 395056, 105353, 578107, 136765, 40.0, 47.0, 1.00
M, 614165, 351640, 558687, 832869, 395194, 105412, 578290, 136706, 40.0, 47.0, 0.99
M, 614230, 351671, 558658, 832880, 395175, 105467, 578291, 136725, 40.0, 47.0, 0.99
M, 614281, 351707, 558636, 832734, 395202, 105406, 578289, 136735, 40.0, 47.0, 1.01
M, 613852, 351701, 558175, 832215, 395178, 105412, 578208, 136617, 40.0, 46.9, 1.00
M, 613768, 351652, 558261, 832480, 395149, 105397, 578180, 136641, 40.0, 46.9, 1.00
M, 613875, 351691, 558496, 832865, 395185, 105372, 578216, 136628, 40.0, 46.9, 1.01
M, 614018, 351733, 558489, 832793, 395220, 105452, 578289, 136735, 40.0, 46.9, 1.00
M, 614140, 351826, 558755, 833169, 395213, 105492, 578389, 136745, 40.0, 46.9, 1.01
M, 614255, 351884, 558817, 833193, 395306, 105456, 578478, 136722, 40.0, 46.9, 1.00
M, 614048, 351884, 558704, 833169, 395308, 105500, 578405, 136579, 40.0, 47.0, 1.00
M, 614131, 351862, 558995, 833538, 395270, 105537, 578505, 136696, 40.0, 47.0, 1.00
M, 614399, 351901, 559079, 833702, 395413, 105524, 578552, 136773, 40.0, 47.0, 1.01
M, 613961, 351892, 558774, 833324, 395339, 105557, 578491, 136711, 40.0, 47.0, 1.00
M, 613246, 351811, 557857, 832552, 395136, 105470, 578265, 136492, 40.0, 47.0, 1.01
M, 613709, 351793, 558357, 832959, 395251, 105514, 578374, 136591, 40.0, 47.0, 0.99
M, 613860, 351741, 558433, 833076, 395237, 105501, 578481, 136580, 40.0, 47.0, 1.01
M, 614037, 351831, 558658, 833374, 395291, 105473, 578499, 136697, 40.0, 47.0, 1.01
M, 614329, 351932, 558940, 833736, 395473, 105562, 578644, 136718, 40.0, 47.0, 0.99
M, 614330, 351968, 559098, 834083, 395426, 105557, 578694, 136794, 40.0, 47.0, 0.99
M, 616615, 352395, 561489, 836630, 396039, 105802, 579334, 137235, 40.0, 47.0, 0.99
M, 616445, 352479, 561411, 836405, 396040, 105734, 579322, 137043, 40.0, 47.0, 1.00
M, 616355, 352544, 561322, 836602, 396028, 105765, 579267, 137114, 40.0, 47.0, 1.01
M, 616140, 352563, 561325, 836446, 396019, 105778, 579278, 137021, 40.0, 47.0, 0.99
M, 616070, 352502, 561027, 836311, 395990, 105737, 579256, 137065, 40.0, 47.0, 1.00
M, 616205, 352589, 561388, 836541, 395966, 105796, 579263, 137048, 40.0, 47.0, 1.00
M, 616109, 352579, 561311, 836465, 396036, 105820, 579273, 136983, 40.0, 47.0, 1.00
M, 615863, 352590, 561044, 836293, 395997, 105797, 579306, 136884, 40.0, 47.0, 1.00
M, 615901, 352518, 561125, 836397, 395892, 105771, 579239, 136999, 40.0, 47.0, 1.00
M, 616040, 352638, 561376, 836695, 396027, 105864, 579332, 136991, 40.0, 47.0, 1.00
M, 616014, 352716, 561398, 836717, 396075, 105896, 579323, 137063, 40.0, 47.0, 0.99
M, 616379, 352761, 561719, 837052, 396122, 105924, 579445, 137057, 40.0, 47.0, 0.99
M, 616517, 352735, 561934, 837293, 396121, 105953, 579407, 137078, 40.0, 47.0, 1.00
M, 616308, 352844, 561779, 837147, 396056, 105894, 579420, 137078, 40.0, 47.0, 1.00
M, 615947, 352649, 561383, 836652, 396003, 105828, 579284, 137009, 40.0, 47.0, 1.01
M, 616108, 352671, 561637, 836837, 396093, 105927, 579391, 137036, 40.0, 47.0, 1.01
M, 616133, 352791, 561680, 836914, 396115, 105927, 579425, 137036, 40.0, 47.0, 1.01
M, 616110, 352803, 561637, 836890, 396073, 105900, 579437, 136903, 40.0, 47.0, 0.99
M, 616082, 352741, 561707, 837179, 396061, 105956, 579431, 137043, 40.0, 47.0, 1.01
M, 616118, 352810, 561656, 837077, 396149, 105982, 579451, 136996, 40.0, 47.0, 1.01
M, 617196, 352960, 563097, 838781, 396327, 106141, 579786, 137423, 40.0, 47.0, 1.00
M, 617226, 353188, 562999, 838541, 396508, 106026, 579840, 137174, 40.0, 47.0, 0.99
M, 617014, 353035, 562895, 838353, 396345, 106083, 579723, 137159, 40.0, 47.0, 1.00
M, 617046, 353092, 562981, 838487, 396405, 106051, 579740, 137092, 40.0, 47.0, 1.01
M, 617115, 353043, 562999, 838441, 396320, 106073, 579761, 137195, 40.0, 47.0, 0.99
M, 616973, 353057, 562942, 838511, 396310, 106057, 579748, 137187, 40.0, 47.0, 1.00
M, 617150, 353150, 563232, 838729, 396406, 106129, 579812, 137223, 40.0, 47.0, 1.00
M, 617209, 353132, 563240, 838621, 396418, 106087, 579786, 137153, 40.0, 47.0, 0.99
M, 617134, 353115, 563223, 838558, 396391, 106100, 579754, 137194, 40.0, 47.0, 1.00
M, 616978, 353124, 563197, 838707, 396319, 106093, 579733, 137184, 40.0, 47.0, 1.00
M, 617114, 353195, 563435, 839017, 396383, 106188, 579844, 137252, 40.0, 47.0, 1.01
M, 617240, 353159, 563298, 838821, 396396, 106104, 579856, 137268, 40.0, 47.0, 1.00
M, 617287, 353168, 563644, 839051, 396432, 106147, 579875, 137315, 40.0, 47.0, 1.01
M, 617334, 353217, 563769, 839348, 396508, 106173, 579933, 137263, 40.0, 47.0, 1.00
M, 617376, 353292, 563747, 839275, 396481, 106140, 579928, 137267, 40.0, 47.0, 1.01
M, 617448, 353251, 564041, 839702, 396525, 106211, 580071, 137325, 40.0, 47.0, 1.01
M, 617546, 353271, 563976, 839584, 396512, 106181, 580042, 137250, 40.0, 47.0, 1.00
M, 617530, 353281, 563960, 839324, 396554, 106180, 580100, 137245, 40.0, 47.0, 0.99
M, 617483, 353299, 563983, 839337, 396539, 106185, 579978, 137218, 40.0, 47.0, 1.00
M, 617182, 353246, 563795, 839441, 396413, 106191, 579975, 137264, 40.0, 47.0, 1.01
M, 619011, 353618, 565775, 841543, 396963, 106426, 580489, 137597, 40.0, 47.0, 1.00
M, 618886, 353682, 565739, 841336, 396960, 106357, 580431, 137548, 40.0, 47.0, 1.00
M, 618430, 353721, 565304, 840974, 396923, 106325, 580422, 137489, 40.0, 47.0, 1.01
M, 618266, 353598, 565127, 840727, 396785, 106316, 580335, 137385, 40.0, 47.0, 1.01
M, 618241, 353583, 565302, 840775, 396724, 106343, 580227, 137384, 40.0, 47.0, 1.00
M, 618137, 353552, 565190, 840795, 396787, 106352, 580274, 137412, 40.0, 47.0, 1.01
M, 617962, 353482, 565033, 840632, 396692, 106313, 580213, 137376, 40.0, 47.0, 1.00
M, 618155, 353597, 565410, 840909, 396770, 106334, 580254, 137397, 40.0, 47.0, 1.01
M, 618256, 353539, 565455, 840951, 396787, 106343, 580320, 137402, 40.0, 47.0, 1.00
M, 618255, 353553, 565405, 840823, 396777, 106372, 580331, 137382, 40.0, 47.1, 0.99
M, 618037, 353622, 565357, 840880, 396702, 106428, 580278, 137281, 40.0, 47.1, 1.00
M, 618311, 353562, 565590, 841005, 396753, 106388, 580305, 137367, 40.0, 47.1, 1.00
M, 617915, 353507, 565379, 840827, 396653, 106338, 580204, 137391, 40.0, 47.1, 1.01
M, 618218, 353594, 565722, 841275, 396812, 106442, 580397, 137472, 40.0, 47.0, 1.00
M, 618405, 353684, 565881, 841096, 396856, 106394, 580434, 137487, 40.0, 47.0, 1.00
M, 618260, 353587, 565879, 841127, 396823, 106416, 580353, 137443, 40.0, 47.1, 0.99
M, 618377, 353687, 565953, 841404, 396835, 106458, 580399, 137471, 40.0, 47.1, 1.00
M, 618187, 353634, 565987, 841429, 396790, 106423, 580414, 137479, 40.0, 47.1, 1.01
M, 618367, 353691, 566029, 841451, 396897, 106478, 580413, 137519, 40.0, 47.1, 1.00
M, 618624, 353706, 566293, 841569, 396895, 106522, 580498, 137501, 40.0, 47.0, 0.99
A, 623868, 354418, 572216, 848372, 398052, 107081, 581909, 138884, 40.0, 47.0, 0.00
A, 633304, 356955, 583691, 861056, 400886, 108049, 584984, 141344, 40.0, 47.1, 0.52
A, 639162, 358742, 590506, 868640, 402553, 108708, 586700, 142584, 40.0, 47.1, 0.77
A, 644084, 360772, 596824, 875348, 404097, 109330, 588251, 143657, 40.0, 47.1, 0.87
A, 646722, 361878, 600427, 878968, 404938, 109690, 588991, 144252, 40.0, 47.1, 0.90
A, 649405, 363245, 604304, 882723, 405778, 110107, 589876, 144830, 40.0, 47.1, 0.93
A, 651228, 364436, 607308, 885401, 406390, 110485, 590397, 145136, 39.9, 47.0, 0.95
A, 652664, 365646, 610055, 887285, 406933, 110748, 590709, 145426, 39.9, 47.0, 0.98
A, 653292, 366589, 611859, 888553, 407178, 110981, 590820, 145594, 39.9, 47.0, 0.98
A, 653525, 367317, 613328, 889514, 407307, 111225, 590792, 145766, 39.9, 47.0, 0.99
A, 653816, 368064, 614909, 890182, 407471, 111416, 590781, 145900, 39.9, 47.1, 0.99
A, 653692, 368646, 615891, 890202, 407435, 111582, 590580, 145988, 39.9, 47.1, 1.01
A, 653626, 369256, 617088, 890442, 407424, 111764, 590373, 146047, 39.9, 47.1, 0.99
A, 652978, 369790, 617763, 889962, 407185, 111849, 589918, 145915, 39.9, 47.1, 1.00
A, 652204, 370175, 617940, 889041, 406936, 111897, 589509, 145824, 39.9, 47.1, 1.00
A, 651365, 370395, 618309, 888458, 406623, 112006, 588979, 145791, 39.9, 47.1, 1.01
A, 650853, 370726, 619007, 888164, 406403, 112082, 588671, 145778, 39.9, 47.1, 1.00
A, 649890, 370906, 619235, 887325, 406055, 112088, 588233, 145743, 39.9, 47.1, 1.00
A, 649660, 371165, 619968, 886977, 405914, 112186, 587873, 145831, 39.9, 47.1, 0.99
A, 648731, 371341, 620295, 886047, 405518, 112238, 587311, 145699, 39.9, 47.1, 1.01
A, 649291, 371766, 622202, 887030, 405579, 112442, 587196, 146065, 39.8, 47.1, 1.01
A, 648563, 371937, 622288, 886051, 405274, 112431, 586803, 145924, 39.8, 47.1, 1.00
A, 646936, 371976, 621899, 884351, 404843, 112471, 586105, 145684, 39.8, 47.1, 1.00
A, 646044, 371844, 621742, 883395, 404311, 112447, 585627, 145630, 39.8, 47.1, 0.99
A, 644634, 371809, 621529, 881583, 403889, 112373, 584985, 145404, 39.8, 47.1, 1.00
A, 643802, 371670, 621533, 880843, 403505, 112409, 584569, 145383, 39.8, 47.1, 0.99
A, 643115, 371604, 621672, 880143, 403179, 112448, 584122, 145336, 39.8, 47.1, 1.00
A, 642102, 371522, 621647, 879064, 402874, 112475, 583643, 145329, 39.8, 47.2, 1.00
A, 641430, 371318, 621693, 878038, 402489, 112441, 583150, 145237, 39.8, 47.2, 0.99
A, 640832, 371320, 622093, 877655, 402262, 112483, 582813, 145237, 39.8, 47.2, 1.00
A, 639973, 371217, 622084, 876477, 401908, 112498, 582398, 144996, 39.8, 47.2, 1.00
A, 639128, 370974, 621951, 875465, 401481, 112471, 581984, 145068, 39.8, 47.2, 1.00
A, 638503, 370832, 622046, 874925, 401317, 112505, 581601, 145037, 39.8, 47.2, 1.00
A, 637721, 370687, 621992, 873958, 400989, 112519, 581209, 144958, 39.8, 47.2, 1.00
A, 636978, 370487, 621972, 872971, 400610, 112388, 580845, 144866, 39.8, 47.2, 1.00
A, 636673, 370440, 622316, 872549, 400473, 112490, 580556, 144926, 39.8, 47.2, 1.00
A, 635934, 370215, 622442, 871748, 400171, 112496, 580162, 144832, 39.8, 47.2, 0.99
A, 635136, 370087, 622334, 870831, 399812, 112462, 579737, 144772, 39.8, 47.2, 1.00
A, 634722, 369924, 622506, 870104, 399617, 112436, 579417, 144756, 39.8, 47.2, 1.00
A, 633902, 369619, 622359, 869344, 399399, 112445, 579099, 144661, 39.8, 47.3, 1.00
A, 634958, 369749, 624342, 870479, 399430, 112536, 579145, 144903, 39.8, 47.3, 1.00
A, 634080, 369629, 623877, 869231, 399178, 112506, 578823, 144855, 39.8, 47.3, 1.00
A, 633439, 369374, 623879, 868632, 398924, 112605, 578492, 144817, 39.8, 47.3, 1.00
A, 632193, 369098, 623257, 867033, 398524, 112460, 578009, 144602, 39.8, 47.3, 1.00
A, 631479, 368842, 622959, 866319, 398219, 112412, 577742, 144491, 39.8, 47.3, 0.99
A, 630508, 368567, 622693, 865124, 397963, 112413, 577276, 144346, 39.8, 47.3, 1.00
A, 629958, 368288, 622460, 864304, 397623, 112420, 576952, 144316, 39.8, 47.3, 1.00
A, 629143, 368025, 621906, 863176, 397360, 112326, 576584, 144175, 39.8, 47.3, 1.00
A, 628707, 367786, 622111, 862641, 397145, 112395, 576372, 144203, 39.8, 47.3, 1.00
A, 628055, 367549, 622095, 862196, 396911, 112338, 576099, 144201, 39.8, 47.3, 1.00
A, 628034, 367389, 622503, 861931, 396824, 112368, 575932, 144183, 39.8, 47.3, 1.00
A, 627450, 367149, 622258, 860877, 396603, 112278, 575658, 144076, 39.8, 47.3, 1.00
A, 626980, 366988, 622325, 860340, 396380, 112261, 575393, 144061, 39.8, 47.3, 1.00
A, 625986, 366563, 621603, 859261, 396053, 112200, 574969, 143911, 39.8, 47.3, 1.00
A, 625667, 366383, 621881, 858978, 395890, 112186, 574868, 143934, 39.8, 47.3, 1.00
A, 625581, 366174, 622069, 858568, 395802, 112236, 574700, 143928, 39.8, 47.3, 1.00
A, 625329, 366037, 622160, 858243, 395672, 112177, 574491, 143849, 39.8, 47.4, 1.00
A, 625157, 365834, 622509, 857900, 395588, 112287, 574378, 143867, 39.8, 47.4, 1.00
A, 624784, 365675, 622433, 857318, 395410, 112222, 574125, 143808, 39.8, 47.4, 1.00
A, 624528, 365531, 622655, 857180, 395377, 112293, 574073, 143874, 39.8, 47.4, 1.00
A, 625568, 365515, 624403, 858566, 395469, 112386, 574196, 144207, 39.8, 47.4, 1.00
A, 625425, 365515, 624457, 857662, 395390, 112349, 574053, 144074, 39.8, 47.4, 1.00
A, 624596, 365289, 624043, 856948, 395184, 112300, 573721, 143958, 39.7, 47.4, 1.00
A, 623802, 365072, 623646, 856213, 394982, 112255, 573439, 143894, 39.7, 47.4, 1.00
A, 623372, 364881, 623366, 855217, 394842, 112236, 573300, 143807, 39.7, 47.4, 1.00
A, 622836, 364603, 623190, 854671, 394543, 112239, 573022, 143735, 39.7, 47.4, 0.99
A, 622072, 364361, 622841, 853902, 394400, 112185, 572767, 143613, 39.7, 47.4, 1.00
A, 621832, 364162, 622793, 853273, 394245, 112142, 572559, 143522, 39.7, 47.4, 1.00
A, 621592, 364045, 622972, 853306, 394123, 112188, 572437, 143603, 39.7, 47.4, 1.00
A, 621367, 363896, 622985, 852770, 393993, 112169, 572330, 143546, 39.7, 47.4, 1.00
A, 620961, 363646, 622881, 852288, 393826, 112162, 572155, 143586, 39.7, 47.4, 1.00
A, 620843, 363575, 623152, 852175, 393826, 112204, 572041, 143514, 39.7, 47.4, 1.00
A, 620733, 363363, 623249, 851694, 393770, 112162, 571880, 143532, 39.7, 47.4, 1.00
A, 620270, 363288, 623097, 851149, 393536, 112150, 571743, 143489, 39.7, 47.4, 1.00
A, 620174, 363122, 623124, 851005, 393388, 112116, 571640, 143456, 39.7, 47.4, 1.00
A, 619443, 362831, 622855, 850247, 393352, 112106, 571410, 143406, 39.7, 47.5, 1.00
A, 619329, 362695, 622904, 849978, 393140, 112092, 571297, 143410, 39.7, 47.5, 1.00
A, 619357, 362660, 623296, 850033, 393146, 112099, 571227, 143474, 39.7, 47.5, 1.00
A, 619198, 362517, 623430, 849506, 393075, 112087, 571113, 143403, 39.7, 47.5, 1.00
A, 618889, 362342, 623263, 849157, 393001, 112094, 570977, 143352, 39.7, 47.5, 0.99
A, 619903, 362367, 624912, 850660, 393178, 112249, 571196, 143693, 39.7, 47.5, 1.00
A, 619721, 362420, 624936, 850299, 393165, 112201, 571132, 143502, 39.7, 47.5, 1.00
A, 619362, 362275, 624794, 849674, 393040, 112225, 570936, 143577, 39.7, 47.5, 1.00
A, 619052, 362204, 624734, 849159, 393012, 112160, 570760, 143531, 39.7, 47.5, 1.00
A, 618557, 361981, 624403, 848502, 392783, 112149, 570587, 143434, 39.7, 47.5, 1.00
A, 617962, 361795, 624042, 847698, 392603, 112090, 570363, 143283, 39.7, 47.5, 0.99
A, 617531, 361611, 623854, 847395, 392390, 112087, 570148, 143234, 39.7, 47.5, 1.00
A, 617392, 361510, 624004, 847182, 392370, 112065, 570163, 143253, 39.7, 47.5, 1.00
A, 617270, 361378, 624042, 846966, 392317, 112102, 570033, 143251, 39.7, 47.5, 1.00
A, 617137, 361229, 624162, 846618, 392253, 112050, 569921, 143196, 39.7, 47.5, 1.00
A, 616717, 361099, 623933, 846068, 392057, 112000, 569747, 143147, 39.7, 47.5, 1.00
A, 616458, 360918, 623776, 845791, 392023, 112052, 569640, 143163, 39.7, 47.5, 1.00
A, 616466, 360898, 624056, 845598, 391990, 112036, 569641, 143218, 39.7, 47.5, 1.00
A, 616063, 360802, 624017, 845301, 391860, 112051, 569474, 143157, 39.7, 47.5, 1.00
A, 616186, 360648, 624329, 845396, 391850, 112010, 569410, 143202, 39.7, 47.5, 1.00
A, 616126, 360557, 624373, 844862, 391830, 112029, 569345, 143118, 39.7, 47.5, 1.00
A, 615753, 360457, 624218, 844580, 391674, 111972, 569163, 143075, 39.7, 47.5, 1.00
A, 615541, 360344, 624348, 844470, 391698, 111941, 569139, 143063, 39.7, 47.5, 1.00
A, 615388, 360238, 624330, 844163, 391537, 112044, 569086, 142986, 39.7, 47.6, 1.00
A, 615377, 360173, 624503, 844014, 391492, 111967, 569015, 143129, 39.7, 47.6, 1.00
A, 616708, 360327, 626433, 845808, 391788, 112144, 569239, 143486, 39.7, 47.6, 1.00
A, 616641, 360399, 626401, 845336, 391867, 112083, 569284, 143340, 39.7, 47.6, 1.00
A, 615917, 360239, 625914, 844530, 391607, 112090, 569025, 143285, 39.7, 47.6, 1.01
A, 615369, 360016, 625455, 844041, 391468, 112084, 568820, 143156, 39.7, 47.6, 1.00
A, 614919, 359919, 625185, 843205, 391357, 112033, 568649, 143044, 39.7, 47.6, 0.99
A, 614610, 359683, 624969, 842599, 391236, 111968, 568524, 142932, 39.7, 47.6, 1.00
A, 614044, 359588, 624522, 842002, 391022, 111895, 568350, 142828, 39.7, 47.6, 1.00
A, 613704, 359384, 624556, 841880, 390936, 111873, 568167, 142834, 39.7, 47.6, 1.00
A, 613788, 359345, 624629, 841654, 390861, 111957, 568174, 142911, 39.7, 47.6, 1.00
A, 613658, 359183, 624759, 841474, 390843, 111984, 568093, 142897, 39.7, 47.6, 1.00
A, 613430, 359170, 624606, 841115, 390781, 111869, 567973, 142787, 39.7, 47.6, 1.01
A, 613138, 358946, 624495, 840831, 390619, 111899, 567820, 142839, 39.7, 47.6, 1.00
A, 613308, 358945, 624987, 840905, 390704, 111899, 567908, 142810, 39.7, 47.6, 1.00
A, 613078, 358812, 624816, 840654, 390675, 111885, 567763, 142837, 39.7, 47.6, 1.00
A, 612847, 358749, 624882, 840564, 390621, 111884, 567767, 142819, 39.7, 47.6, 1.00
A, 612767, 358656, 624856, 840220, 390586, 111877, 567661, 142817, 39.7, 47.6, 1.00
A, 612849, 358636, 625032, 840129, 390576, 111862, 567599, 142805, 39.7, 47.6, 1.00
A, 612538, 358456, 624824, 839702, 390422, 111865, 567549, 142721, 39.7, 47.6, 1.00
A, 612470, 358431, 624993, 839792, 390386, 111921, 567529, 142774, 39.7, 47.6, 1.00
A, 612268, 358361, 624815, 839429, 390354, 111863, 567350, 142694, 39.7, 47.6, 1.00
A, 613401, 358441, 626671, 840989, 390602, 111959, 567661, 143086, 39.7, 47.6, 1.00
A, 613456, 358567, 626813, 840887, 390677, 112083, 567721, 143018, 39.7, 47.7, 1.00
A, 613244, 358487, 626537, 840133, 390512, 111876, 567537, 142906, 39.7, 47.7, 1.00
A, 612744, 358366, 626183, 839836, 390409, 111950, 567354, 142801, 39.7, 47.7, 1.00
A, 612238, 358169, 625932, 839344, 390224, 111864, 567240, 142779, 39.7, 47.7, 0.99
A, 611517, 358093, 625042, 838234, 390048, 111765, 567004, 142580, 39.7, 47.7, 1.00
A, 611320, 357836, 625164, 838055, 389934, 111803, 566861, 142582, 39.7, 47.7, 1.00
A, 610801, 357741, 624727, 837361, 389875, 111796, 566779, 142479, 39.7, 47.7, 1.00
A, 610723, 357572, 624691, 837202, 389787, 111728, 566708, 142422, 39.7, 47.7, 1.00
A, 610787, 357474, 624935, 837396, 389739, 111741, 566658, 142533, 39.7, 47.7, 1.00
A, 610685, 357448, 624886, 837016, 389721, 111732, 566616, 142515, 39.7, 47.7, 1.01
A, 610320, 357376, 624718, 836671, 389679, 111745, 566557, 142512, 39.7, 47.7, 1.00
A, 610563, 357401, 625154, 837041, 389754, 111821, 566632, 142456, 39.7, 47.7, 0.99
A, 610709, 357300, 625382, 836987, 389727, 111788, 566555, 142559, 39.7, 47.7, 1.00
A, 610401, 357225, 625217, 836601, 389547, 111680, 566486, 142465, 39.7, 47.7, 1.00
A, 610313, 357108, 625076, 836387, 389576, 111703, 566383, 142485, 39.7, 47.7, 1.00
A, 610090, 356986, 625023, 836002, 389459, 111687, 566257, 142484, 39.7, 47.7, 1.00
A, 610142, 356959, 625265, 836228, 389499, 111702, 566337, 142510, 39.7, 47.7, 1.00
A, 610101, 356927, 625378, 836234, 389485, 111759, 566348, 142546, 39.7, 47.7, 1.00
A, 610354, 356935, 625779, 836308, 389550, 111684, 566261, 142480, 39.7, 47.7, 1.00
A, 611689, 357144, 627626, 838078, 389805, 111849, 566656, 142856, 39.7, 47.7, 1.00
A, 611398, 357210, 627351, 837609, 389824, 111850, 566642, 142784, 39.7, 47.7, 1.00
A, 611003, 357152, 627006, 837126, 389721, 111857, 566486, 142583, 39.7, 47.7, 0.99
A, 610744, 357022, 626785, 836638, 389608, 111776, 566336, 142618, 39.7, 47.7, 1.00
A, 610316, 356877, 626450, 836086, 389507, 111700, 566239, 142496, 39.7, 47.7, 0.99
A, 610092, 356790, 626219, 835858, 389451, 111726, 566087, 142415, 39.7, 47.7, 1.00
A, 609773, 356753, 626086, 835336, 389339, 111675, 566021, 142354, 39.7, 47.7, 0.99
A, 609468, 356568, 625977, 835161, 389255, 111644, 565907, 142386, 39.7, 47.7, 1.01
A, 609209, 356538, 625652, 834491, 389215, 111660, 565826, 142299, 39.7, 47.7, 1.00
A, 609088, 356404, 625693, 834375, 389097, 111633, 565718, 142236, 39.7, 47.7, 1.00
A, 609112, 356368, 625898, 834588, 389101, 111656, 565757, 142295, 39.7, 47.7, 1.00
A, 608987, 356272, 625893, 834420, 389091, 111644, 565659, 142348, 39.7, 47.7, 0.99
A, 608846, 356239, 625750, 834202, 389006, 111663, 565618, 142350, 39.7, 47.7, 1.00
A, 608990, 356200, 626153, 834295, 389069, 111696, 565672, 142374, 39.6, 47.7, 1.00
A, 608976, 356163, 626242, 834146, 389095, 111687, 565630, 142328, 39.6, 47.7, 1.00
A, 608790, 356154, 626121, 833886, 388998, 111616, 565562, 142186, 39.6, 47.7, 1.00
A, 608810, 356119, 626400, 834094, 389010, 111646, 565564, 142330, 39.6, 47.7, 1.00
A, 608684, 356028, 626233, 833890, 388945, 111631, 565493, 142300, 39.6, 47.8, 1.00
A, 608818, 355998, 626410, 833952, 388982, 111648, 565536, 142377, 39.6, 47.8, 1.00
A, 608735, 355949, 626552, 833854, 388913, 111647, 565483, 142280, 39.6, 47.8, 1.00
A, 610384, 356257, 628796, 835844, 389314, 111800, 565874, 142756, 39.6, 47.8, 1.01
A, 609994, 356240, 628392, 835262, 389301, 111757, 565800, 142569, 39.6, 47.8, 1.00
A, 609714, 356203, 628081, 834926, 389206, 111713, 565673, 142587, 39.6, 47.8, 1.00
A, 609363, 356155, 627895, 834350, 389075, 111717, 565548, 142470, 39.6, 47.8, 1.00
A, 609055, 356046, 627607, 834210, 389042, 111712, 565459, 142454, 39.6, 47.8, 1.00
A, 608977, 356036, 627603, 833842, 389004, 111702, 565457, 142337, 39.6, 47.8, 0.99
A, 608557, 355831, 627427, 833507, 388856, 111634, 565284, 142347, 39.6, 47.8, 1.00
A, 608107, 355831, 627006, 832895, 388767, 111565, 565168, 142200, 39.6, 47.8, 1.00
A, 607964, 355668, 626864, 832708, 388676, 111630, 565080, 142279, 39.6, 47.8, 0.99
A, 607667, 355642, 626654, 832180, 388607, 111574, 565012, 142174, 39.6, 47.8, 0.99
A, 607478, 355550, 626444, 831937, 388544, 111580, 564952, 142147, 39.6, 47.8, 1.00
A, 607386, 355483, 626549, 832021, 388526, 111589, 564890, 142048, 39.6, 47.8, 1.00
A, 607377, 355322, 626590, 831783, 388446, 111526, 564816, 142088, 39.6, 47.8, 1.01
A, 607259, 355306, 626567, 831758, 388398, 111519, 564780, 142112, 39.6, 47.8, 1.00
A, 606900, 355192, 626089, 831153, 388351, 111523, 564731, 142045, 39.6, 47.8, 1.00
A, 605495, 355111, 624564, 829593, 388285, 111422, 564464, 141813, 39.6, 47.8, 0.99
A, 606143, 354840, 625389, 830021, 388144, 111397, 564423, 141850, 39.6, 47.8, 1.00
A, 606306, 354794, 625863, 830489, 388103, 111396, 564470, 141897, 39.6, 47.8, 1.00
A, 606408, 354819, 625990, 830582, 388154, 111448, 564462, 141983, 39.6, 47.8, 1.00
A, 606690, 354780, 626328, 830734, 388221, 111481, 564547, 142031, 39.6, 47.8, 1.00
A, 608181, 355061, 628389, 832755, 388579, 111622, 564990, 142423, 39.6, 47.8, 1.00
A, 608284, 355264, 628488, 832596, 388687, 111586, 565002, 142338, 39.6, 47.8, 1.00
A, 607962, 355103, 628095, 832122, 388570, 111554, 564870, 142286, 39.6, 47.8, 1.00
A, 607761, 355174, 628190, 832143, 388575, 111580, 564875, 142278, 39.6, 47.8, 0.99
A, 607566, 355020, 628048, 831930, 388489, 111575, 564778, 142234, 39.6, 47.8, 1.00
A, 607263, 354908, 627808, 831586, 388427, 111568, 564628, 142150, 39.6, 47.8, 1.00
A, 607453, 355003, 627988, 831426, 388367, 111534, 564653, 142139, 39.6, 47.8, 1.00
A, 607022, 354876, 627771, 831070, 388298, 111448, 564567, 142054, 39.6, 47.8, 1.00
A, 606769, 354861, 627433, 830603, 388282, 111490, 564511, 142052, 39.6, 47.8, 1.00
A, 606656, 354778, 627304, 830515, 388176, 111472, 564387, 142051, 39.6, 47.8, 1.00
A, 606580, 354719, 627526, 830679, 388187, 111446, 564413, 142029, 39.6, 47.8, 1.00
A, 606648, 354716, 627600, 830505, 388204, 111469, 564404, 142081, 39.6, 47.8, 1.00
A, 606689, 354595, 627721, 830273, 388235, 111456, 564396, 142049, 39.6, 47.8, 1.00
A, 606441, 354650, 627614, 830106, 388114, 111493, 564323, 142017, 39.6, 47.8, 0.99
A, 606297, 354586, 627435, 830133, 388064, 111457, 564317, 142001, 39.6, 47.8, 1.00
A, 606167, 354523, 627356, 829824, 388070, 111367, 564239, 141893, 39.6, 47.8, 1.00
A, 606086, 354464, 627376, 829749, 388008, 111461, 564249, 142007, 39.6, 47.8, 1.00
A, 606347, 354528, 627747, 830067, 388071, 111483, 564248, 142049, 39.6, 47.8, 1.00
A, 606337, 354426, 627883, 829928, 388045, 111394, 564281, 142014, 39.6, 47.8, 1.00
A, 606219, 354417, 627815, 829718, 388025, 111464, 564179, 141958, 39.6, 47.8, 1.00
A, 607475, 354583, 629445, 831494, 388288, 111580, 564567, 142320, 39.6, 47.8, 1.00
A, 607536, 354739, 629599, 831500, 388386, 111642, 564571, 142280, 39.6, 47.8, 1.00
A, 607156, 354618, 629359, 831066, 388292, 111586, 564440, 142264, 39.6, 47.8, 1.00
A, 607271, 354666, 629431, 831099, 388316, 111515, 564470, 142205, 39.6, 47.8, 1.00
A, 607058, 354672, 629420, 830825, 388254, 111527, 564444, 142155, 39.6, 47.8, 1.00
A, 606621, 354557, 629081, 830336, 388130, 111445, 564270, 142058, 39.6, 47.8, 1.00
A, 606484, 354459, 628839, 830057, 388049, 111446, 564176, 142053, 39.6, 47.8, 1.00
A, 606271, 354443, 628748, 829830, 388086, 111508, 564100, 141973, 39.6, 47.9, 1.00
A, 605984, 354330, 628495, 829307, 387889, 111400, 564046, 141964, 39.6, 47.9, 1.00
A, 605652, 354296, 628216, 828861, 387864, 111390, 563955, 141897, 39.6, 47.9, 1.00
A, 605494, 354136, 628078, 828880, 387755, 111329, 563793, 141850, 39.6, 47.9, 1.00
A, 605562, 354146, 628226, 828884, 387743, 111399, 563912, 141942, 39.6, 47.9, 1.00
A, 605550, 354139, 628320, 828966, 387771, 111422, 563781, 141851, 39.6, 47.9, 1.00
A, 605562, 354021, 628330, 828742, 387781, 111359, 563872, 141882, 39.6, 47.9, 0.99
A, 605358, 354052, 628369, 828528, 387665, 111410, 563733, 141885, 39.6, 47.9, 1.00
A, 605559, 354061, 628695, 828844, 387816, 111405, 563817, 141880, 39.6, 47.9, 1.00
A, 605471, 354009, 628541, 828743, 387742, 111366, 563824, 141779, 39.6, 47.9, 1.00
A, 605541, 353910, 628790, 828835, 387709, 111343, 563798, 141903, 39.6, 47.9, 0.99
A, 605432, 353913, 628776, 828664, 387711, 111397, 563746, 141882, 39.6, 47.9, 1.00
A, 605608, 353950, 628747, 828479, 387723, 111343, 563823, 141896, 39.6, 47.9, 1.00
A, 606659, 354075, 630456, 830062, 387942, 111460, 564089, 142188, 39.6, 47.9, 1.01
A, 606597, 354238, 630425, 830140, 388075, 111501, 564124, 142138, 39.6, 47.9, 1.00
A, 606290, 354136, 630178, 829647, 387934, 111441, 563957, 142033, 39.6, 47.9, 1.00
A, 605974, 354075, 629840, 829161, 387854, 111444, 563800, 142069, 39.6, 47.9, 1.00
A, 605980, 354061, 629969, 829127, 387814, 111460, 563859, 142059, 39.6, 47.9, 1.00
A, 605633, 354043, 629658, 828765, 387725, 111394, 563764, 141872, 39.6, 47.9, 1.01
A, 605387, 353913, 629438, 828418, 387661, 111350, 563661, 141766, 39.6, 47.9, 1.00
A, 605150, 353795, 629234, 828248, 387522, 111412, 563583, 141880, 39.6, 47.9, 0.99
A, 604933, 353757, 629101, 827885, 387606, 111346, 563539, 141749, 39.6, 47.9, 1.00
A, 604697, 353684, 629005, 827803, 387498, 111364, 563442, 141804, 39.6, 47.9, 1.00
A, 604676, 353721, 628882, 827490, 387482, 111277, 563429, 141750, 39.6, 47.9, 1.00
A, 604493, 353563, 628821, 827372, 387393, 111260, 563338, 141718, 39.6, 47.9, 1.00
A, 604660, 353576, 628926, 827481, 387363, 111310, 563368, 141712, 39.6, 47.9, 1.00
A, 604606, 353514, 628975, 827370, 387384, 111212, 563373, 141773, 39.6, 47.9, 1.00
A, 604373, 353464, 628934, 827305, 387334, 111268, 563298, 141767, 39.6, 47.9, 1.01
A, 604653, 353523, 629220, 827450, 387414, 111300, 563370, 141846, 39.6, 47.9, 1.00
A, 604785, 353595, 629354, 827347, 387392, 111265, 563373, 141851, 39.6, 47.9, 1.00
A, 604556, 353496, 629333, 827289, 387443, 111301, 563389, 141743, 39.6, 47.9, 1.00
A, 604602, 353425, 629360, 827340, 387374, 111244, 563328, 141716, 39.6, 47.9, 1.01
A, 604391, 353345, 629243, 827150, 387389, 111295, 563318, 141703, 39.6, 47.9, 1.00
A, 605745, 353500, 631036, 828784, 387655, 111452, 563589, 142174, 39.6, 47.9, 1.00
A, 605872, 353806, 631188, 828830, 387727, 111446, 563721, 142108, 39.6, 47.9, 1.01
A, 605366, 353605, 630843, 828478, 387715, 111409, 563552, 141934, 39.6, 47.9, 1.01
A, 605188, 353543, 630463, 827984, 387510, 111329, 563397, 141875, 39.6, 47.9, 0.99
A, 605118, 353586, 630654, 828048, 387559, 111385, 563476, 141972, 39.6, 47.9, 1.00
A, 604916, 353535, 630403, 827697, 387473, 111321, 563339, 141766, 39.6, 47.9, 0.99
A, 604748, 353460, 630117, 827216, 387428, 111262, 563326, 141804, 39.6, 47.9, 1.00
A, 604423, 353336, 629976, 826837, 387260, 111238, 563239, 141670, 39.6, 47.9, 1.00
A, 604355, 353294, 630003, 827030, 387243, 111233, 563176, 141718, 39.6, 47.9, 1.00
A, 604065, 353262, 629446, 826362, 387193, 111203, 563072, 141649, 39.6, 47.9, 1.01
A, 603898, 353126, 629461, 826281, 387214, 111223, 563041, 141741, 39.6, 47.9, 0.99
A, 603692, 353226, 629299, 826013, 387192, 111162, 563032, 141631, 39.6, 47.9, 1.00
A, 603550, 353068, 629264, 825826, 387090, 111175, 562881, 141529, 39.6, 47.9, 0.99
A, 603743, 353045, 629581, 826181, 387093, 111217, 562984, 141662, 39.6, 47.9, 1.00
A, 603788, 353010, 629578, 826157, 387098, 111237, 563023, 141629, 39.6, 47.9, 1.00
A, 603616, 353051, 629540, 825975, 387146, 111184, 562906, 141652, 39.6, 47.9, 0.99
A, 603551, 352925, 629525, 826049, 387054, 111180, 562907, 141696, 39.6, 47.9, 1.00
A, 603792, 352996, 629749, 825969, 387110, 111100, 562932, 141615, 39.6, 47.9, 1.01
A, 603708, 352888, 629642, 825900, 387058, 111120, 562926, 141590, 39.6, 47.9, 1.00
A, 603610, 352936, 629790, 826060, 387082, 111214, 562961, 141550, 39.6, 47.9, 1.00
A, 605233, 353135, 631666, 827897, 387395, 111301, 563356, 142047, 39.6, 48.0, 1.00
A, 605231, 353319, 631836, 827941, 387535, 111348, 563392, 142014, 39.6, 48.0, 1.00
A, 604928, 353282, 631655, 827497, 387454, 111347, 563325, 141968, 39.6, 48.0, 1.00
A, 605077, 353252, 631827, 827415, 387439, 111286, 563313, 141828, 39.6, 48.0, 0.99
A, 604695, 353191, 631464, 827260, 387377, 111277, 563214, 141837, 39.6, 48.0, 1.01
A, 604301, 353177, 631147, 826845, 387255, 111240, 563090, 141788, 39.6, 48.0, 1.00
A, 604327, 353072, 631278, 826929, 387237, 111200, 563046, 141833, 39.6, 48.0, 0.99
A, 604300, 353084, 631017, 826442, 387257, 111232, 562995, 141740, 39.6, 48.0, 1.00
A, 603993, 352889, 630858, 826176, 387154, 111182, 562920, 141609, 39.6, 48.0, 1.00
A, 603664, 352864, 630694, 826013, 387019, 111149, 562856, 141569, 39.6, 48.0, 1.00
A, 603518, 352906, 630467, 825631, 387037, 111170, 562833, 141630, 39.6, 47.9, 1.00
A, 603381, 352838, 630419, 825662, 386944, 111165, 562808, 141626, 39.6, 47.9, 1.00
A, 603307, 352838, 630143, 825271, 386985, 111107, 562756, 141562, 39.6, 48.0, 1.00
A, 603200, 352722, 630163, 824980, 386911, 111117, 562670, 141514, 39.6, 48.0, 1.01
A, 603201, 352650, 630468, 825333, 386900, 111190, 562694, 141537, 39.6, 48.0, 1.00
A, 603195, 352640, 630398, 825341, 386917, 111092, 562748, 141529, 39.6, 48.0, 1.00
A, 603219, 352711, 630390, 825180, 386957, 111107, 562649, 141633, 39.6, 48.0, 0.99
A, 603266, 352599, 630515, 825267, 386926, 111172, 562741, 141646, 39.6, 48.0, 1.00
A, 603305, 352644, 630552, 825262, 386976, 111071, 562727, 141606, 39.6, 48.0, 1.01
A, 603141, 352615, 630533, 825100, 386902, 111122, 562676, 141553, 39.6, 48.0, 1.00
A, 604504, 352729, 632375, 826833, 387172, 111283, 563041, 141881, 39.6, 48.0, 0.99
A, 604582, 352959, 632329, 826921, 387297, 111227, 563004, 141868, 39.6, 48.0, 1.00
A, 604245, 352934, 632187, 826576, 387198, 111240, 562994, 141843, 39.6, 48.0, 1.00
A, 604331, 352906, 632354, 826582, 387266, 111297, 563008, 141895, 39.6, 48.0, 1.00
A, 604282, 352924, 632184, 826367, 387150, 111231, 562942, 141723, 39.6, 48.0, 0.99
A, 603929, 352838, 631914, 826075, 387081, 111240, 562851, 141693, 39.6, 48.0, 1.00
A, 603682, 352763, 631732, 825808, 387025, 111187, 562810, 141639, 39.6, 48.0, 1.00
A, 603762, 352804, 631855, 825680, 387039, 111200, 562773, 141696, 39.6, 48.0, 1.00
A, 603579, 352697, 631747, 825702, 387019, 111174, 562744, 141640, 39.6, 48.0, 1.01
A, 603634, 352737, 631885, 825546, 387007, 111172, 562767, 141684, 39.6, 48.0, 1.00
A, 603375, 352616, 631797, 825321, 386901, 111148, 562750, 141625, 39.6, 48.0, 1.01
A, 603156, 352669, 631408, 825008, 386885, 111095, 562589, 141541, 39.6, 48.0, 1.00
A, 603002, 352535, 631433, 825021, 386863, 111111, 562564, 141567, 39.6, 48.0, 1.00
A, 602752, 352536, 631204, 824632, 386818, 111095, 562516, 141494, 39.6, 48.0, 1.00
A, 602634, 352406, 630951, 824287, 386650, 110994, 562398, 141442, 39.6, 48.0, 1.00
A, 602768, 352374, 631302, 824657, 386772, 111073, 562454, 141515, 39.6, 48.0, 1.00
A, 602723, 352402, 631280, 824579, 386739, 111072, 562433, 141411, 39.6, 48.0, 1.00
A, 602649, 352233, 631135, 824369, 386664, 111014, 562429, 141550, 39.6, 48.0, 1.00
A, 602764, 352283, 631391, 824630, 386765, 111064, 562492, 141521, 39.6, 48.0, 1.01
A, 602855, 352333, 631318, 824318, 386727, 111053, 562385, 141470, 39.6, 48.0, 1.00
A, 604185, 352608, 633120, 825996, 387026, 111196, 562765, 141856, 39.6, 48.0, 0.99
A, 604151, 352703, 633151, 826175, 387145, 111172, 562757, 141774, 39.6, 48.0, 1.00
A, 603431, 352542, 632382, 825354, 386903, 111113, 562650, 141621, 39.6, 48.0, 1.00
A, 603378, 352530, 632254, 825125, 386847, 111071, 562528, 141656, 39.6, 48.0, 0.99
A, 603320, 352485, 632309, 825031, 386859, 111100, 562526, 141642, 39.6, 48.0, 0.99
A, 603153, 352407, 632272, 824870, 386862, 111034, 562541, 141575, 39.6, 48.0, 1.00
A, 602960, 352392, 632081, 824645, 386790, 111042, 562493, 141486, 39.6, 48.0, 1.00
A, 602790, 352298, 632026, 824613, 386687, 111070, 562377, 141529, 39.6, 48.0, 1.00
A, 602950, 352251, 632273, 824801, 386712, 111050, 562431, 141517, 39.6, 48.0, 0.99
A, 602782, 352305, 632148, 824623, 386732, 111019, 562387, 141546, 39.6, 48.0, 1.01
A, 603010, 352354, 632283, 824518, 386826, 111111, 562485, 141575, 39.6, 48.0, 1.00
A, 602843, 352238, 632235, 824523, 386713, 111086, 562427, 141518, 39.6, 48.0, 1.01
A, 602487, 352273, 631936, 824129, 386715, 111005, 562396, 141510, 39.6, 48.0, 1.00
A, 602507, 352160, 631901, 824165, 386666, 111004, 562298, 141540, 39.6, 48.0, 1.00
A, 602546, 352175, 632056, 824294, 386665, 110995, 562280, 141581, 39.6, 48.0, 1.00
A, 602717, 352190, 632326, 824434, 386654, 111070, 562332, 141533, 39.6, 48.0, 1.00
A, 602480, 352112, 632000, 823949, 386618, 111010, 562317, 141447, 39.6, 48.0, 1.00
A, 602381, 352070, 631861, 823759, 386522, 110973, 562273, 141394, 39.6, 48.0, 1.01
A, 602199, 352073, 631886, 823783, 386541, 110986, 562232, 141441, 39.6, 48.0, 1.00
A, 602290, 352002, 632045, 824023, 386536, 111049, 562312, 141425, 39.6, 48.0, 1.00
A, 603727, 352258, 633765, 825543, 386883, 111137, 562590, 141832, 39.6, 48.0, 1.00
A, 603896, 352420, 634002, 825658, 387006, 111188, 562656, 141835, 39.6, 48.0, 1.00
A, 603641, 352405, 633798, 825419, 386979, 111059, 562637, 141764, 39.6, 48.0, 1.00
A, 603321, 352377, 633585, 825076, 386833, 111062, 562477, 141670, 39.6, 48.0, 1.00
A, 603295, 352342, 633673, 825123, 386840, 111123, 562516, 141657, 39.6, 48.0, 1.00
A, 603140, 352243, 633494, 824936, 386814, 111101, 562437, 141609, 39.6, 48.0, 1.00
A, 602896, 352228, 633344, 824721, 386680, 111001, 562422, 141588, 39.6, 48.0, 1.00
A, 602993, 352276, 633547, 824794, 386771, 111160, 562423, 141625, 39.6, 48.0, 0.99
A, 603021, 352215, 633556, 824727, 386834, 111056, 562451, 141593, 39.6, 48.0, 1.00
A, 602694, 352154, 633296, 824436, 386718, 111059, 562298, 141541, 39.6, 48.0, 1.01
A, 602502, 352131, 632981, 824155, 386614, 110964, 562229, 141472, 39.6, 48.0, 1.00
A, 602524, 352131, 633147, 824062, 386669, 111006, 562286, 141540, 39.6, 48.0, 1.00
A, 602309, 352032, 632863, 823759, 386546, 110949, 562177, 141468, 39.6, 48.0, 1.00
A, 602033, 352071, 632455, 823364, 386478, 110990, 562139, 141396, 39.6, 48.0, 1.00
A, 602008, 351961, 632601, 823405, 386485, 110949, 562070, 141423, 39.6, 48.0, 1.00
A, 602053, 351890, 632776, 823617, 386527, 111012, 562106, 141461, 39.6, 48.0, 1.00
A, 602232, 351917, 632974, 823747, 386464, 110951, 562139, 141471, 39.6, 48.0, 0.99
A, 602227, 351988, 633088, 823546, 386543, 111037, 562181, 141419, 39.6, 48.0, 1.00
A, 602004, 351912, 632839, 823390, 386488, 110955, 562085, 141505, 39.6, 48.0, 1.00
A, 602276, 351936, 633365, 823743, 386534, 110894, 562132, 141515, 39.6, 48.0, 1.00
A, 603555, 352086, 635091, 825458, 386796, 111134, 562527, 141845, 39.6, 48.0, 1.00
A, 603689, 352316, 635154, 825444, 386931, 111091, 562577, 141778, 39.6, 48.0, 1.00
A, 603431, 352265, 634913, 825275, 386896, 111158, 562462, 141731, 39.6, 48.0, 1.00
A, 603364, 352324, 634712, 824815, 386826, 111101, 562463, 141710, 39.6, 48.0, 1.00
A, 602657, 352145, 633901, 823952, 386653, 111035, 562153, 141511, 39.6, 48.0, 1.00
A, 602291, 352045, 633818, 823890, 386523, 111006, 562067, 141398, 39.6, 48.0, 1.00
A, 602366, 352041, 633903, 823932, 386571, 111079, 562155, 141515, 39.6, 48.0, 1.00
A, 602241, 351929, 633769, 823761, 386503, 110954, 562098, 141514, 39.6, 48.0, 1.00
A, 602360, 351962, 634006, 823832, 386573, 111010, 562185, 141510, 39.6, 48.0, 1.00
A, 602331, 351908, 633951, 823652, 386485, 110978, 562177, 141488, 39.6, 48.0, 1.00
A, 601999, 351815, 633668, 823316, 386393, 110842, 561962, 141418, 39.6, 48.0, 1.00
A, 601989, 351870, 633727, 823261, 386412, 110967, 562011, 141397, 39.6, 48.0, 1.00
A, 601851, 351871, 633595, 823108, 386387, 110996, 561999, 141417, 39.6, 48.0, 1.00
A, 601700, 351766, 633511, 823118, 386338, 110988, 561935, 141444, 39.6, 48.0, 1.00
A, 601624, 351790, 633484, 822998, 386371, 110866, 561954, 141379, 39.6, 48.0, 1.00
A, 601546, 351709, 633358, 822826, 386222, 110908, 561835, 141285, 39.6, 48.0, 1.00
A, 601635, 351647, 633569, 823081, 386329, 110973, 561925, 141402, 39.6, 48.0, 1.00
A, 601524, 351627, 633461, 822916, 386298, 110886, 561945, 141322, 39.6, 48.0, 1.00
A, 601576, 351601, 633533, 822835, 386251, 110919, 561882, 141405, 39.6, 48.0, 1.00
A, 601815, 351634, 633870, 823146, 386294, 110914, 561975, 141445, 39.6, 48.0, 1.00
M, 598643, 351325, 629584, 818370, 385746, 110447, 561032, 140248, 39.6, 48.0, 0.06
M, 591867, 349532, 620930, 809538, 383493, 109709, 558372, 138594, 39.6, 48.0, 0.70
M, 586003, 347671, 613342, 802153, 381503, 109049, 556183, 137166, 39.6, 48.0, 0.76
M, 580932, 345878, 606735, 795554, 379877, 108442, 554417, 136044, 39.6, 48.1, 0.82
M, 576901, 344425, 601162, 790160, 378503, 107957, 553117, 135176, 39.6, 48.1, 0.89
M, 573718, 343012, 596549, 785678, 377391, 107420, 552043, 134455, 39.7, 48.0, 0.93
M, 570864, 341600, 592035, 781765, 376425, 106964, 551197, 133799, 39.7, 48.0, 0.96
M, 568829, 340435, 588538, 778757, 375706, 106662, 550561, 133259, 39.7, 47.9, 0.97
M, 567458, 339473, 585864, 776588, 375157, 106368, 550221, 132979, 39.7, 47.9, 0.98
M, 566684, 338705, 583743, 775157, 374833, 106105, 550015, 132806, 39.7, 47.9, 0.99
M, 566054, 337910, 581848, 774095, 374605, 105892, 549991, 132625, 39.7, 47.9, 0.99
M, 565936, 337131, 580179, 773150, 374543, 105673, 550089, 132494, 39.7, 47.8, 1.01
M, 565726, 336562, 578848, 772750, 374389, 105516, 550146, 132325, 39.7, 47.8, 1.00
M, 565733, 335970, 577411, 772245, 374444, 105354, 550443, 132238, 39.7, 47.8, 0.99
M, 565893, 335559, 576676, 772338, 374450, 105250, 550600, 132294, 39.7, 47.8, 0.99
M, 566364, 334918, 575614, 772481, 374673, 105174, 551007, 132264, 39.7, 47.8, 1.01
M, 566599, 334555, 574850, 772472, 374651, 104976, 551199, 132178, 39.7, 47.8, 1.00
M, 567398, 334227, 574777, 773256, 374944, 104894, 551652, 132244, 39.7, 47.8, 1.01
M, 568130, 334039, 574683, 774030, 375245, 104922, 552147, 132351, 39.7, 47.8, 1.00
M, 568823, 333777, 574382, 774902, 375463, 104903, 552549, 132397, 39.7, 47.8, 1.01
M, 571350, 333971, 576314, 777827, 376190, 105030, 553496, 132903, 39.7, 47.7, 1.01
M, 572202, 333905, 575994, 778381, 376594, 104987, 554013, 132837, 39.7, 47.7, 1.00
M, 572640, 333707, 575543, 778818, 376748, 104892, 554375, 132796, 39.7, 47.7, 1.01
M, 573310, 333677, 575453, 779731, 377181, 104932, 554844, 132882, 39.7, 47.7, 1.00
M, 573935, 333655, 575208, 780364, 377405, 104831, 555267, 132816, 39.7, 47.7, 0.99
M, 574891, 333611, 575363, 781433, 377805, 104850, 555721, 132967, 39.7, 47.7, 1.00
M, 575544, 333634, 575312, 782229, 378112, 104915, 556210, 133045, 39.7, 47.7, 1.00
M, 576462, 333673, 575237, 782951, 378402, 104866, 556648, 133072, 39.7, 47.7, 1.00
M, 577020, 333637, 575196, 783615, 378697, 104848, 557105, 133137, 39.7, 47.7, 1.00
M, 577570, 333656, 575098, 784597, 378999, 104876, 557515, 133206, 39.7, 47.7, 1.01
M, 578519, 333752, 575383, 785639, 379408, 104847, 557992, 133270, 39.7, 47.7, 1.01
M, 579134, 333819, 575206, 786283, 379692, 104861, 558422, 133337, 39.7, 47.7, 0.99
M, 580157, 334009, 575558, 787473, 380078, 104853, 558968, 133347, 39.7, 47.7, 1.01
M, 580695, 334065, 575610, 788109, 380356, 104928, 559340, 133414, 39.7, 47.7, 1.00
M, 581435, 334257, 575462, 788863, 380828, 104939, 559861, 133524, 39.7, 47.7, 0.99
M, 581846, 334252, 575591, 789584, 380908, 104900, 560050, 133561, 39.7, 47.7, 0.99
M, 582746, 334405, 575933, 790676, 381311, 104989, 560546, 133710, 39.7, 47.7, 0.99
M, 583496, 334680, 576107, 791682, 381594, 104969, 560967, 133776, 39.8, 47.6, 1.00
M, 584280, 334839, 576274, 792540, 382012, 105040, 561378, 133756, 39.8, 47.6, 1.01
M, 584767, 335031, 576363, 793165, 382268, 105005, 561788, 133862, 39.8, 47.7, 1.01
M, 586589, 335342, 578048, 795594, 382851, 105196, 562462, 134234, 39.8, 47.7, 1.00
M, 587417, 335715, 578205, 796456, 383228, 105167, 562913, 134173, 39.8, 47.7, 1.00
M, 587810, 335838, 578118, 797009, 383388, 105202, 563150, 134255, 39.8, 47.7, 0.99
M, 588393, 336027, 578314, 797763, 383687, 105159, 563506, 134269, 39.8, 47.6, 0.99
M, 588931, 336252, 578281, 798231, 383933, 105213, 563781, 134301, 39.8, 47.6, 0.98
M, 589208, 336370, 578149, 798500, 384068, 105197, 564074, 134305, 39.8, 47.6, 0.98
M, 589682, 336587, 578274, 799445, 384336, 105273, 564418, 134399, 39.8, 47.6, 0.99
M, 590098, 336747, 578239, 799963, 384531, 105236, 564617, 134353, 39.8, 47.6, 0.99
M, 590555, 336789, 578150, 800476, 384780, 105275, 564866, 134483, 39.8, 47.6, 1.00
M, 591104, 337161, 578555, 801234, 384998, 105301, 565295, 134534, 39.8, 47.6, 1.01
M, 591659, 337370, 578647, 802016, 385287, 105309, 565583, 134574, 39.8, 47.6, 1.00
M, 591849, 337416, 578608, 802523, 385473, 105305, 565791, 134450, 39.8, 47.6, 1.01
M, 592267, 337633, 578595, 802976, 385586, 105279, 566020, 134536, 39.8, 47.6, 1.00
M, 592781, 337850, 578649, 803416, 385858, 105364, 566336, 134538, 39.8, 47.6, 1.01
M, 593109, 337941, 578459, 803639, 386013, 105324, 566504, 134564, 39.8, 47.6, 0.99
M, 592825, 338156, 577921, 803647, 386074, 105305, 566635, 134463, 39.8, 47.6, 0.99
M, 592932, 338128, 577800, 804160, 386163, 105344, 566766, 134518, 39.8, 47.6, 1.01
M, 592872, 338183, 577323, 803985, 386159, 105337, 566883, 134392, 39.8, 47.6, 0.99
M, 593607, 338377, 577759, 804852, 386423, 105373, 567181, 134525, 39.8, 47.6, 1.00
M, 594318, 338529, 578093, 805610, 386739, 105361, 567576, 134692, 39.8, 47.6, 1.00
M, 595910, 338944, 579923, 807970, 387183, 105525, 568061, 135030, 39.8, 47.6, 1.00
M, 596859, 339408, 580388, 808859, 387526, 105555, 568501, 135092, 39.8, 47.6, 0.99
M, 597005, 339490, 580392, 809159, 387693, 105598, 568623, 135125, 39.8, 47.6, 1.01
M, 596583, 339589, 579499, 808863, 387621, 105495, 568654, 134929, 39.8, 47.6, 1.00
M, 596976, 339706, 579706, 809428, 387746, 105467, 568819, 135036, 39.8, 47.6, 1.01
M, 597717, 339939, 580061, 810060, 388004, 105559, 569149, 135006, 39.8, 47.6, 1.00
M, 597850, 340070, 580003, 810473, 388206, 105528, 569300, 135034, 39.8, 47.6, 1.00
M, 597860, 340236, 579928, 810777, 388213, 105526, 569444, 135075, 39.8, 47.6, 1.00
M, 598243, 340362, 579964, 811156, 388431, 105554, 569707, 135033, 39.8, 47.6, 1.00
M, 598654, 340550, 580210, 811701, 388516, 105601, 569828, 135166, 39.8, 47.6, 1.01
M, 599287, 340779, 580702, 812616, 388784, 105645, 570131, 135264, 39.8, 47.6, 1.01
M, 599815, 341036, 580864, 813054, 389016, 105644, 570345, 135294, 39.8, 47.6, 1.00
M, 599981, 341137, 580887, 813414, 389094, 105708, 570561, 135283, 39.8, 47.6, 1.00
M, 600145, 341228, 581007, 814029, 389197, 105634, 570641, 135305, 39.8, 47.6, 1.01
M, 600372, 341440, 581007, 814238, 389389, 105680, 570847, 135305, 39.8, 47.6, 1.00
M, 600680, 341530, 580954, 814627, 389422, 105681, 570986, 135402, 39.8, 47.6, 1.00
M, 600862, 341830, 580967, 814814, 389643, 105720, 571190, 135411, 39.8, 47.6, 0.99
M, 601040, 341771, 581007, 815171, 389584, 105680, 571214, 135382, 39.8, 47.6, 1.00
M, 601584, 342022, 581411, 815867, 389822, 105771, 571466, 135501, 39.8, 47.6, 1.00
M, 601994, 342121, 581583, 816347, 390019, 105761, 571665, 135535, 39.8, 47.6, 1.00
M, 603360, 342458, 583252, 818460, 390362, 105954, 572196, 135905, 39.8, 47.6, 1.00
M, 603881, 342836, 583575, 818991, 390619, 105923, 572387, 135937, 39.8, 47.6, 1.00
M, 604076, 342948, 583595, 819280, 390673, 106000, 572555, 135820, 39.8, 47.6, 1.01
M, 604061, 343119, 583328, 819299, 390721, 105936, 572535, 135835, 39.8, 47.6, 0.99
M, 604110, 343241, 583404, 819673, 390842, 105962, 572683, 135865, 39.8, 47.6, 1.00
M, 604284, 343279, 583369, 819863, 390889, 105936, 572783, 135840, 39.8, 47.6, 0.99
M, 604616, 343460, 583670, 820361, 391038, 105991, 572993, 135920, 39.8, 47.6, 1.01
M, 604799, 343638, 583672, 820633, 391118, 106055, 573083, 135923, 39.8, 47.5, 1.00
M, 605116, 343775, 583794, 820957, 391220, 106021, 573194, 135897, 39.8, 47.5, 1.00
M, 605081, 343860, 583774, 820972, 391236, 106034, 573242, 135913, 39.8, 47.5, 1.00
M, 604928, 343883, 583371, 821071, 391219, 106005, 573275, 135798, 39.8, 47.5, 1.00
M, 605288, 344032, 583822, 821648, 391427, 106056, 573444, 135986, 39.8, 47.5, 1.01
M, 605538, 344168, 583754, 821746, 391537, 106040, 573592, 135932, 39.8, 47.5, 1.00
M, 605556, 344246, 583684, 821722, 391530, 106024, 573629, 135920, 39.8, 47.5, 1.01
M, 605563, 344327, 583662, 822153, 391578, 106073, 573633, 135929, 39.8, 47.5, 1.00
M, 605761, 344475, 583662, 822134, 391640, 105993, 573818, 135952, 39.8, 47.5, 1.00
M, 605904, 344512, 583781, 822744, 391724, 106100, 573890, 135958, 39.8, 47.5, 1.01
M, 605975, 344688, 583739, 822849, 391889, 106106, 574098, 135942, 39.8, 47.5, 0.99
M, 606192, 344714, 583844, 822964, 391854, 106058, 574056, 135993, 39.8, 47.5, 0.99
M, 606513, 344766, 584205, 823716, 391971, 106140, 574234, 136059, 39.8, 47.5, 0.99
M, 608294, 345182, 586115, 825873, 392365, 106253, 574805, 136471, 39.8, 47.5, 1.01
M, 608254, 345338, 585955, 825936, 392513, 106279, 574891, 136349, 39.8, 47.5, 1.01
M, 608461, 345571, 585954, 826086, 392666, 106336, 574932, 136457, 39.8, 47.5, 1.00
M, 608527, 345627, 586067, 826235, 392633, 106239, 575010, 136347, 39.8, 47.5, 0.99
M, 608380, 345620, 585800, 826221, 392641, 106242, 574969, 136343, 39.8, 47.5, 1.01
M, 608626, 345746, 585875, 826461, 392619, 106226, 575106, 136392, 39.8, 47.5, 1.00
M, 608557, 345744, 585956, 826581, 392695, 106307, 575144, 136350, 39.8, 47.5, 1.00
M, 608721, 345933, 586156, 826958, 392797, 106317, 575260, 136419, 39.8, 47.5, 0.99
M, 608748, 346016, 586109, 827030, 392797, 106337, 575267, 136370, 39.8, 47.5, 1.00
M, 608878, 346057, 586137, 827256, 392878, 106359, 575413, 136357, 39.8, 47.5, 1.00
M, 608816, 346159, 586029, 827248, 392926, 106320, 575397, 136342, 39.8, 47.5, 1.00
M, 608822, 346145, 585962, 827355, 392922, 106309, 575485, 136437, 39.8, 47.5, 0.99
M, 609218, 346287, 586206, 827791, 393047, 106363, 575532, 136371, 39.8, 47.5, 1.00
M, 609314, 346288, 586305, 828010, 393114, 106371, 575570, 136425, 39.8, 47.5, 1.00
M, 609663, 346524, 586559, 828329, 393186, 106332, 575761, 136499, 39.8, 47.5, 1.00
M, 609630, 346571, 586495, 828401, 393214, 106376, 575791, 136417, 39.8, 47.5, 1.00
M, 609569, 346682, 586485, 828485, 393314, 106452, 575966, 136479, 39.8, 47.5, 0.99
M, 609521, 346678, 586348, 828581, 393190, 106409, 575849, 136455, 39.8, 47.5, 1.00
M, 609631, 346754, 586340, 828577, 393313, 106409, 575953, 136495, 39.8, 47.5, 0.99
M, 609736, 346753, 586332, 828754, 393342, 106431, 575946, 136491, 39.8, 47.5, 0.99
M, 611362, 347072, 588287, 831174, 393710, 106583, 576424, 136930, 39.8, 47.5, 0.99
M, 611339, 347230, 588177, 831045, 393843, 106590, 576548, 136807, 39.8, 47.5, 1.00
M, 611328, 347376, 587935, 830764, 393812, 106529, 576495, 136740, 39.8, 47.5, 0.99
M, 611441, 347407, 588265, 831333, 393875, 106594, 576655, 136842, 39.8, 47.5, 1.00
M, 611482, 347479, 588120, 831195, 393882, 106591, 576634, 136652, 39.8, 47.5, 1.00
M, 611486, 347485, 587919, 831028, 393880, 106597, 576698, 136735, 39.8, 47.5, 0.99
M, 611434, 347469, 588191, 831523, 393882, 106531, 576688, 136755, 39.8, 47.5, 1.00
M, 611534, 347647, 588098, 831603, 393942, 106583, 576724, 136779, 39.8, 47.5, 0.99
M, 611625, 347692, 588260, 831765, 394000, 106667, 576811, 136774, 39.8, 47.5, 1.00
M, 611761, 347833, 588366, 831944, 394059, 106614, 576870, 136874, 39.8, 47.5, 1.00
M, 611845, 347797, 588504, 832116, 394106, 106634, 576979, 136839, 39.8, 47.5, 1.01
M, 611693, 347847, 588281, 831966, 394071, 106579, 576915, 136749, 39.8, 47.5, 1.00
M, 611677, 347858, 588344, 832065, 394071, 106612, 576976, 136794, 39.8, 47.5, 1.00
M, 612015, 347943, 588591, 832580, 394225, 106672, 577080, 136879, 39.8, 47.5, 1.01
M, 611940, 347952, 588449, 832589, 394167, 106637, 577126, 136861, 39.8, 47.5, 1.00
M, 612423, 348066, 588707, 832843, 394309, 106713, 577275, 136885, 39.8, 47.5, 1.00
M, 612331, 348048, 588791, 833034, 394215, 106648, 577208, 136820, 39.8, 47.5, 1.00
M, 611936, 348136, 588312, 832613, 394257, 106642, 577234, 136801, 39.8, 47.5, 0.99
M, 611913, 348070, 588337, 832752, 394245, 106738, 577233, 136768, 39.8, 47.5, 0.99
M, 611992, 348216, 588339, 832866, 394347, 106658, 577310, 136836, 39.8, 47.5, 1.01
M, 613219, 348264, 589725, 834313, 394508, 106786, 577537, 137113, 39.8, 47.5, 1.00
M, 613521, 348487, 589844, 834632, 394635, 106835, 577708, 137110, 39.8, 47.5, 1.00
M, 613415, 348551, 589885, 834638, 394684, 106853, 577709, 137032, 39.8, 47.5, 1.00
M, 613304, 348581, 589738, 834645, 394708, 106824, 577762, 137094, 39.8, 47.5, 1.00
M, 613476, 348618, 589982, 835120, 394697, 106815, 577877, 137101, 39.8, 47.5, 1.00
M, 613686, 348706, 590051, 834857, 394781, 106793, 577854, 137068, 39.8, 47.5, 0.99
M, 613366, 348726, 589744, 834747, 394702, 106797, 577804, 137060, 39.8, 47.5, 1.00
M, 613552, 348767, 590007, 835219, 394790, 106836, 577860, 137087, 39.8, 47.5, 1.00
M, 613497, 348747, 589958, 835344, 394832, 106935, 577955, 137072, 39.8, 47.5, 0.99
M, 613582, 348748, 589997, 835270, 394746, 106872, 577956, 137137, 39.8, 47.5, 1.00
M, 613914, 348896, 590522, 835838, 394864, 106886, 578122, 137177, 39.8, 47.5, 1.00
M, 614014, 348984, 590418, 835777, 394952, 106911, 578087, 137056, 39.8, 47.5, 1.00
M, 614006, 349004, 590250, 835760, 394937, 106886, 578113, 137145, 39.8, 47.5, 0.99
M, 613928, 348988, 590301, 835944, 394941, 106947, 578145, 137129, 39.8, 47.5, 1.01
M, 614010, 349009, 590556, 836151, 394994, 106890, 578223, 137164, 39.8, 47.5, 1.01
M, 614055, 349152, 590507, 836311, 395015, 106944, 578169, 137153, 39.8, 47.5, 1.00
M, 614414, 349164, 590714, 836504, 395119, 106913, 578329, 137216, 39.9, 47.5, 1.01
M, 614128, 349139, 590566, 836298, 395056, 106877, 578278, 137195, 39.9, 47.5, 1.00
M, 614204, 349244, 590479, 836318, 395169, 106916, 578347, 137223, 39.8, 47.5, 1.00
M, 614156, 349149, 590644, 836401, 395001, 106911, 578349, 137197, 39.8, 47.5, 1.01
M, 615744, 349488, 592469, 838681, 395431, 107068, 578801, 137630, 39.8, 47.5, 1.00
M, 615809, 349637, 592521, 838666, 395622, 107094, 578867, 137581, 39.9, 47.5, 1.00
M, 615827, 349713, 592566, 838504, 395526, 107146, 578901, 137514, 39.9, 47.5, 1.01
M, 615657, 349672, 592322, 838359, 395490, 107036, 578829, 137420, 39.9, 47.5, 1.00
M, 615435, 349719, 592233, 838385, 395460, 107080, 578806, 137447, 39.9, 47.5, 0.99
M, 615651, 349834, 592402, 838532, 395587, 107163, 578878, 137468, 39.8, 47.5, 1.00
M, 615671, 349780, 592422, 838518, 395596, 107132, 578904, 137486, 39.8, 47.5, 0.99
M, 615821, 349873, 592640, 839084, 395560, 107096, 578986, 137512, 39.9, 47.5, 1.00
M, 615754, 349918, 592634, 838779, 395572, 107119, 578949, 137398, 39.9, 47.5, 1.00
M, 615613, 349864, 592354, 838564, 395554, 107153, 578878, 137403, 39.9, 47.4, 1.00
M, 615640, 349858, 592580, 838946, 395572, 107168, 578963, 137529, 39.9, 47.4, 1.01
M, 615674, 349920, 592577, 838988, 395590, 107196, 578989, 137449, 39.9, 47.4, 1.00
M, 615562, 349871, 592451, 838960, 395537, 107094, 579026, 137409, 39.9, 47.4, 1.00
M, 616100, 350037, 592905, 839306, 395696, 107186, 579056, 137588, 39.9, 47.5, 1.00
M, 616114, 350138, 593134, 839600, 395718, 107154, 579072, 137534, 39.9, 47.5, 0.99
M, 615998, 350100, 593040, 839463, 395725, 107198, 579118, 137520, 39.9, 47.4, 0.99
M, 615979, 350161, 593025, 839421, 395645, 107229, 579157, 137556, 39.9, 47.4, 0.99
M, 616078, 350212, 593025, 839544, 395760, 107173, 579172, 137497, 39.9, 47.5, 0.99
M, 616032, 350158, 592960, 839432, 395696, 107142, 579159, 137447, 39.9, 47.5, 1.01
M, 615450, 350190, 592543, 839032, 395631, 107078, 579111, 137446, 39.9, 47.4, 1.01
M, 616748, 350174, 594047, 840752, 395879, 107305, 579341, 137726, 39.9, 47.4, 1.00
M, 616950, 350414, 594267, 841014, 396045, 107341, 579508, 137740, 39.9, 47.4, 1.00
M, 616936, 350426, 594317, 841025, 396008, 107317, 579533, 137759, 39.9, 47.4, 1.00
M, 617032, 350536, 594285, 840914, 396041, 107299, 579472, 137725, 39.9, 47.4, 1.00
M, 616759, 350469, 594104, 840886, 395982, 107276, 579388, 137770, 39.9, 47.4, 1.01
M, 616947, 350591, 594299, 840985, 396035, 107320, 579559, 137689, 39.9, 47.4, 1.00
M, 616901, 350510, 594176, 840955, 395987, 107291, 579523, 137664, 39.9, 47.4, 1.00
M, 616931, 350534, 594391, 841081, 396009, 107282, 579538, 137701, 39.9, 47.4, 1.00
M, 616995, 350607, 594498, 841315, 396035, 107321, 579559, 137733, 39.9, 47.4, 1.00
M, 617221, 350639, 594656, 841245, 396131, 107365, 579595, 137782, 39.9, 47.4, 1.00
M, 617070, 350648, 594574, 841209, 396086, 107355, 579588, 137738, 39.9, 47.4, 1.01
M, 617120, 350677, 594692, 841488, 396057, 107332, 579665, 137747, 39.9, 47.4, 1.00
M, 617039, 350665, 594711, 841453, 396052, 107368, 579562, 137688, 39.9, 47.4, 1.00
M, 617078, 350667, 594683, 841413, 396074, 107374, 579622, 137736, 39.9, 47.4, 0.99
M, 617255, 350763, 595029, 841872, 396153, 107381, 579689, 137819, 39.9, 47.5, 1.00
M, 617340, 350768, 595024, 841716, 396089, 107396, 579684, 137746, 39.9, 47.5, 1.00
M, 617308, 350766, 594944, 841648, 396150, 107350, 579714, 137774, 39.9, 47.4, 0.99
M, 616949, 350693, 594691, 841510, 396083, 107307, 579624, 137630, 39.9, 47.4, 1.00
M, 616923, 350706, 594716, 841480, 396055, 107347, 579698, 137725, 39.9, 47.4, 0.99
M, 616849, 350712, 594714, 841614, 396086, 107372, 579638, 137668, 39.9, 47.4, 0.98
M, 618886, 351165, 597046, 844119, 396629, 107528, 580297, 138176, 39.9, 47.4, 1.01
M, 618718, 351176, 596770, 843673, 396528, 107466, 580200, 138035, 39.9, 47.4, 1.00
M, 618588, 351206, 596629, 843632, 396453, 107576, 580181, 138097, 39.9, 47.4, 1.00
M, 618475, 351219, 596536, 843442, 396470, 107577, 580121, 138057, 39.9, 47.4, 1.00
M, 618287, 351249, 596453, 843440, 396502, 107593, 580087, 138082, 39.9, 47.4, 1.01
M, 618421, 351240, 596623, 843581, 396481, 107546, 580141, 138107, 39.9, 47.4, 1.00
M, 618449, 351217, 596712, 843300, 396455, 107483, 580158, 137957, 39.9, 47.4, 0.99
M, 618285, 351164, 596483, 843267, 396435, 107511, 580117, 137907, 39.9, 47.4, 1.00
M, 618183, 351264, 596608, 843468, 396444, 107578, 580135, 138027, 39.9, 47.4, 1.01
M, 618103, 351284, 596561, 843384, 396437, 107604, 580132, 138000, 39.9, 47.4, 0.99
M, 617800, 351153, 596361, 843067, 396322, 107548, 580067, 137961, 39.9, 47.4, 1.00
M, 618173, 351257, 596751, 843567, 396440, 107609, 580152, 138042, 39.9, 47.4, 1.00
M, 618279, 351307, 596806, 843571, 396471, 107564, 580159, 137940, 39.9, 47.4, 1.00
M, 618237, 351289, 596688, 843459, 396446, 107606, 580160, 138034, 39.9, 47.4, 1.00
M, 618041, 351301, 596728, 843479, 396468, 107639, 580112, 138027, 39.9, 47.4, 1.01
M, 618350, 351290, 597035, 843839, 396481, 107578, 580165, 138056, 39.9, 47.4, 0.99
M, 618369, 351299, 597049, 843531, 396438, 107559, 580173, 137992, 39.9, 47.4, 1.00
M, 618187, 351284, 596891, 843501, 396444, 107579, 580115, 137903, 39.9, 47.4, 0.99
M, 618024, 351174, 596818, 843569, 396374, 107581, 580098, 137986, 39.9, 47.4, 1.00
M, 618128, 351294, 596772, 843353, 396512, 107591, 580161, 137996, 39.9, 47.4, 0.99
M, 619219, 351463, 598343, 845057, 396641, 107716, 580476, 138346, 39.9, 47.4, 1.01
M, 618983, 351658, 598061, 844751, 396831, 107730, 580493, 138219, 39.9, 47.4, 0.99
M, 618866, 351571, 597864, 844530, 396668, 107707, 580436, 138048, 39.9, 47.4, 1.00
M, 618933, 351506, 598075, 844757, 396650, 107718, 580405, 138195, 39.9, 47.4, 1.00
M, 618727, 351561, 597894, 844537, 396651, 107682, 580361, 138135, 39.9, 47.4, 1.00
M, 618557, 351526, 597766, 844557, 396613, 107660, 580362, 138135, 39.9, 47.4, 1.00
M, 618869, 351537, 598189, 844821, 396680, 107715, 580452, 138129, 39.9, 47.4, 1.00
M, 618985, 351609, 598210, 844789, 396641, 107712, 580417, 138133, 39.9, 47.4, 0.99
M, 618799, 351590, 598100, 844606, 396586, 107739, 580380, 138128, 39.9, 47.4, 1.00
M, 618834, 351621, 598088, 844629, 396672, 107778, 580404, 138158, 39.9, 47.4, 1.00
M, 618780, 351459, 598163, 844627, 396623, 107730, 580410, 138162, 39.9, 47.4, 0.99
M, 618975, 351654, 598423, 845046, 396661, 107784, 580527, 138256, 39.9, 47.4, 1.00
M, 618970, 351635, 598528, 845074, 396754, 107761, 580523, 138254, 39.9, 47.4, 1.00
M, 619171, 351638, 598728, 845089, 396781, 107802, 580523, 138217, 39.9, 47.4, 1.00
M, 619023, 351642, 598580, 845071, 396729, 107761, 580534, 138174, 39.9, 47.4, 1.00
M, 619004, 351702, 598712, 845245, 396748, 107755, 580548, 138250, 39.9, 47.4, 0.99
M, 619009, 351682, 598758, 845246, 396710, 107794, 580533, 138107, 39.9, 47.4, 1.00
M, 619085, 351684, 598805, 845272, 396756, 107717, 580559, 138222, 39.9, 47.4, 1.00
M, 619373, 351733, 599049, 845406, 396802, 107795, 580643, 138207, 39.9, 47.4, 0.99
M, 619221, 351719, 598983, 845403, 396791, 107853, 580632, 138279, 39.9, 47.4, 1.00
