State, OV, Alc, H2, AC1, NH3, AC2, VOC, LP, Temp, Hud, AirFlow
A, 559255, 336134, 640770, 775216, 360349, 108409, 521043, 149470, 42.6, 50.3, 0.00
A, 548798, 333307, 626133, 761548, 357075, 107271, 517365, 146598, 42.6, 50.3, 0.67
A, 541162, 330825, 615072, 751574, 354314, 106319, 514360, 144483, 42.6, 50.1, 0.72
A, 535317, 328542, 606331, 744064, 351850, 105598, 511836, 143030, 42.6, 50.1, 0.84
A, 530619, 326570, 598598, 737856, 349957, 104903, 510176, 141764, 42.3, 49.7, 0.90
A, 527212, 325170, 592236, 733051, 348645, 104374, 509293, 140902, 42.3, 49.7, 0.94
A, 524928, 324032, 587069, 729555, 347916, 103936, 508963, 140284, 42.2, 49.2, 0.96
A, 522893, 322900, 581920, 726348, 347490, 103399, 508938, 139604, 42.2, 49.2, 0.97
A, 521739, 322007, 578116, 724293, 347193, 103028, 508987, 139137, 42.1, 48.9, 0.98
A, 521496, 321451, 575530, 723391, 347199, 102766, 509391, 139147, 42.1, 48.9, 0.98
A, 521162, 320811, 572406, 722328, 347346, 102470, 509972, 138902, 42.0, 48.6, 0.99
A, 521181, 320374, 570539, 721958, 347461, 102283, 510334, 138891, 42.0, 48.6, 1.00
A, 521946, 319961, 568289, 721878, 347914, 102021, 511177, 138731, 41.9, 48.3, 1.00
A, 522420, 319715, 567252, 722029, 348151, 101945, 511705, 138796, 41.9, 48.3, 1.01
A, 523397, 319526, 566249, 722595, 348655, 101850, 512477, 138818, 41.9, 48.3, 1.00
A, 524497, 319435, 565336, 723243, 349105, 101714, 513300, 138954, 41.8, 48.1, 1.00
A, 525557, 319332, 564723, 724005, 349659, 101645, 514121, 139078, 41.8, 48.1, 1.00
A, 526972, 319471, 564331, 725155, 350255, 101604, 515085, 139195, 41.8, 47.9, 1.00
A, 528400, 319481, 563758, 726152, 350945, 101589, 516027, 139379, 41.8, 47.9, 1.00
A, 529586, 319710, 563261, 726976, 351525, 101487, 516882, 139430, 41.7, 47.7, 0.99
A, 532048, 320030, 564506, 729585, 352435, 101596, 518181, 139878, 41.7, 47.7, 1.00
A, 533422, 320420, 564289, 730726, 353176, 101585, 519105, 140030, 41.6, 47.5, 1.00
A, 534667, 320640, 563529, 731478, 353864, 101563, 519977, 139985, 41.6, 47.5, 1.01
A, 535742, 320918, 563036, 732230, 354466, 101545, 520928, 140045, 41.6, 47.4, 1.00
A, 536728, 321203, 562611, 733142, 355048, 101495, 521638, 140153, 41.6, 47.4, 1.00
A, 538152, 321535, 562545, 734365, 355688, 101568, 522580, 140204, 41.5, 47.2, 1.00
A, 539335, 321889, 562428, 735369, 356303, 101529, 523359, 140361, 41.5, 47.2, 0.99
A, 540821, 322313, 562385, 736735, 356932, 101560, 524312, 140622, 41.5, 47.1, 1.00
A, 542171, 322821, 562112, 737677, 357683, 101544, 525184, 140665, 41.5, 47.1, 1.00
A, 543253, 323213, 561890, 738535, 358218, 101539, 525967, 140710, 41.4, 47.0, 1.00
A, 544206, 323527, 561702, 739576, 358786, 101611, 526680, 140749, 41.4, 47.0, 1.01
A, 545496, 324108, 561553, 740560, 359522, 101615, 527598, 140807, 41.4, 46.9, 1.00
A, 546220, 324347, 561304, 741275, 359855, 101619, 528093, 140953, 41.4, 46.9, 1.01
A, 547603, 324947, 561135, 742251, 360571, 101646, 528987, 141043, 41.4, 46.8, 1.01
A, 548281, 325203, 561111, 743008, 360998, 101630, 529502, 141067, 41.4, 46.8, 1.00
A, 549449, 325637, 561186, 743941, 361471, 101663, 530201, 141196, 41.4, 46.8, 1.00
A, 550356, 326027, 561184, 744810, 361975, 101670, 530860, 141274, 41.3, 46.7, 1.00
A, 551178, 326453, 561132, 745547, 362455, 101728, 531487, 141356, 41.3, 46.7, 1.00
A, 552242, 326918, 561347, 746611, 363007, 101782, 532120, 141450, 41.3, 46.6, 1.00
A, 553231, 327268, 561293, 747380, 363574, 101768, 532838, 141460, 41.3, 46.6, 1.00
A, 555224, 327962, 562821, 749635, 364282, 102003, 533776, 141795, 41.2, 46.6, 1.00
A, 555823, 328509, 562794, 750227, 364854, 101988, 534418, 141855, 41.2, 46.6, 0.99
A, 556418, 328941, 562464, 750592, 365213, 102029, 534896, 141863, 41.2, 46.5, 1.00
A, 557100, 329358, 562477, 751292, 365640, 102014, 535441, 141951, 41.2, 46.5, 1.00
A, 557675, 329744, 562315, 751830, 366050, 101979, 535966, 141996, 41.2, 46.5, 1.01
A, 558438, 330270, 562347, 752386, 366494, 102105, 536544, 141982, 41.2, 46.5, 1.00
A, 558859, 330583, 562089, 752722, 366875, 102128, 536966, 141979, 41.2, 46.4, 1.00
A, 559468, 330920, 562076, 753387, 367254, 102145, 537502, 142069, 41.2, 46.4, 0.99
A, 559898, 331367, 561870, 753764, 367632, 102144, 537964, 142102, 41.1, 46.3, 1.00
A, 560586, 331783, 561769, 754177, 367990, 102188, 538421, 142047, 41.1, 46.3, 1.00
A, 560739, 332099, 561398, 754434, 368244, 102131, 538812, 141997, 41.1, 46.3, 1.01
A, 561322, 332514, 561485, 755090, 368570, 102260, 539348, 142058, 41.1, 46.3, 1.01
A, 561738, 332908, 561086, 755106, 369091, 102165, 539853, 142032, 41.1, 46.3, 0.99
A, 562072, 333105, 561012, 755715, 369284, 102190, 540139, 142014, 41.1, 46.3, 1.00
A, 562568, 333721, 560733, 756161, 369801, 102268, 540750, 142070, 41.0, 46.3, 1.00
A, 563109, 333914, 560708, 756453, 369946, 102234, 540995, 142110, 41.0, 46.3, 1.00
A, 563630, 334289, 560892, 757184, 370286, 102265, 541430, 142216, 41.0, 46.3, 1.00
A, 564185, 334613, 560980, 757821, 370674, 102349, 541936, 142179, 41.0, 46.2, 1.01
A, 564716, 334994, 561071, 758361, 370944, 102350, 542372, 142245, 41.0, 46.2, 1.00
A, 565686, 335516, 561517, 759322, 371466, 102443, 542924, 142463, 41.0, 46.2, 1.00
A, 567980, 336247, 563616, 761825, 372182, 102539, 543798, 142801, 41.0, 46.2, 1.00
A, 568254, 336665, 563302, 762013, 372473, 102588, 544167, 142738, 41.0, 46.1, 1.00
A, 568593, 337009, 563191, 762363, 372800, 102577, 544511, 142754, 41.0, 46.1, 1.00
A, 568798, 337311, 563076, 762737, 372996, 102636, 544796, 142747, 40.9, 46.1, 1.00
A, 569119, 337717, 562933, 762999, 373252, 102651, 545074, 142785, 40.9, 46.1, 1.00
A, 569582, 338081, 563085, 763537, 373494, 102734, 545438, 142855, 40.9, 46.1, 0.99
A, 569960, 338511, 563075, 763903, 373821, 102722, 545818, 142780, 40.9, 46.1, 1.01
A, 570155, 338753, 562777, 764031, 374068, 102789, 546074, 142713, 40.9, 46.1, 0.99
A, 570267, 339037, 562421, 764233, 374215, 102760, 546305, 142661, 40.9, 46.1, 1.01
A, 570638, 339307, 562308, 764556, 374407, 102752, 546639, 142727, 40.9, 46.1, 1.01
A, 571223, 339692, 562639, 765179, 374708, 102784, 547009, 142754, 40.9, 46.1, 1.00
A, 571638, 340044, 562523, 765510, 375042, 102814, 547363, 142796, 40.8, 46.1, 0.98
A, 571820, 340241, 562371, 765752, 375163, 102804, 547563, 142701, 40.8, 46.1, 1.00
A, 571993, 340614, 562190, 765952, 375466, 102834, 547965, 142746, 40.8, 46.1, 1.00
A, 572247, 340899, 562211, 766182, 375509, 102894, 548088, 142785, 40.8, 46.1, 1.00
A, 572524, 341249, 561913, 766405, 375873, 102899, 548449, 142714, 40.8, 46.1, 1.00
A, 572691, 341362, 561766, 766607, 375975, 102876, 548592, 142707, 40.8, 46.1, 1.01
A, 573124, 341621, 561924, 767174, 376199, 102945, 548918, 142753, 40.8, 46.1, 1.00
A, 573432, 341910, 561952, 767583, 376405, 103002, 549212, 142717, 40.8, 46.1, 1.00
A, 573419, 342133, 561445, 767371, 376477, 103014, 549342, 142718, 40.8, 46.1, 1.00
A, 575451, 342672, 563593, 769994, 377068, 103114, 550058, 143171, 40.8, 46.1, 1.00
A, 575690, 343056, 563296, 769939, 377413, 103123, 550404, 142957, 40.8, 46.1, 0.99
A, 575785, 343247, 562938, 769942, 377470, 103117, 550476, 142919, 40.7, 46.1, 1.01
A, 575720, 343467, 562800, 770323, 377592, 103103, 550705, 142988, 40.7, 46.1, 1.01
A, 576115, 343733, 562906, 770632, 377800, 103205, 550972, 142984, 40.7, 46.1, 1.00
A, 576223, 343948, 562635, 770750, 377918, 103161, 551137, 142995, 40.7, 46.1, 0.99
A, 576794, 344264, 562874, 771331, 378224, 103257, 551449, 143028, 40.7, 46.1, 1.00
A, 576948, 344553, 562826, 771502, 378363, 103190, 551667, 142954, 40.7, 46.1, 1.01
A, 577022, 344642, 562546, 771538, 378529, 103312, 551806, 142879, 40.7, 46.1, 1.00
A, 577451, 344949, 562687, 772009, 378643, 103323, 552092, 142968, 40.7, 46.1, 0.99
A, 577580, 345149, 562631, 772394, 378801, 103324, 552336, 142995, 40.7, 46.1, 1.01
A, 577768, 345379, 562503, 772623, 378973, 103293, 552489, 142997, 40.7, 46.1, 1.00
A, 578297, 345638, 562565, 772902, 379233, 103376, 552786, 143009, 40.7, 46.1, 1.00
A, 578335, 345841, 562574, 773211, 379244, 103362, 552884, 142931, 40.7, 46.1, 1.00
A, 578432, 346112, 562316, 773262, 379471, 103375, 553177, 142888, 40.6, 46.1, 1.00
A, 578464, 346118, 562173, 773478, 379549, 103371, 553251, 142942, 40.6, 46.1, 0.99
A, 578721, 346384, 561923, 773596, 379754, 103369, 553506, 142865, 40.6, 46.1, 1.00
A, 578898, 346530, 561848, 773717, 379741, 103340, 553532, 142842, 40.6, 46.1, 1.00
A, 579189, 346714, 562003, 774259, 379965, 103435, 553803, 142922, 40.6, 46.1, 1.00
A, 579373, 346889, 561786, 774309, 380040, 103453, 553884, 142854, 40.6, 46.1, 1.00
A, 580875, 347206, 563405, 776300, 380456, 103582, 554503, 143212, 40.6, 46.1, 0.99
A, 581271, 347539, 563628, 776718, 380802, 103597, 554741, 143226, 40.6, 46.1, 0.99
A, 581368, 347740, 563418, 776617, 380875, 103605, 554883, 143165, 40.6, 46.1, 1.01
A, 581288, 347919, 563094, 776681, 380918, 103625, 554911, 143121, 40.6, 46.1, 1.00
A, 581394, 348034, 563055, 777070, 381003, 103640, 555141, 143090, 40.6, 46.1, 1.00
A, 580928, 348220, 562322, 776652, 381084, 103610, 555143, 142869, 40.6, 46.1, 1.00
A, 581214, 348244, 562208, 776592, 381087, 103635, 555192, 142991, 40.6, 46.1, 1.01
A, 580928, 348243, 561772, 776520, 381113, 103645, 555266, 142844, 40.6, 46.2, 1.00
A, 581271, 348469, 561853, 776862, 381283, 103604, 555528, 142860, 40.6, 46.2, 1.01
A, 581573, 348591, 561914, 777037, 381393, 103659, 555673, 142825, 40.5, 46.2, 1.00
A, 581867, 348769, 562143, 777735, 381590, 103719, 555885, 142897, 40.5, 46.2, 1.00
A, 582215, 348976, 562266, 778080, 381698, 103753, 556079, 142916, 40.5, 46.2, 1.01
A, 582549, 349123, 562411, 778512, 381832, 103724, 556267, 143013, 40.5, 46.2, 1.00
A, 582884, 349355, 562439, 778822, 382036, 103775, 556479, 142965, 40.5, 46.2, 1.01
A, 582981, 349450, 562402, 779035, 382111, 103777, 556614, 142915, 40.5, 46.2, 1.00
A, 583051, 349674, 562152, 779066, 382290, 103767, 556792, 142917, 40.5, 46.2, 0.99
A, 583163, 349687, 562290, 779286, 382258, 103781, 556818, 142963, 40.5, 46.2, 1.01
A, 583673, 349886, 562630, 780069, 382444, 103835, 557052, 143043, 40.5, 46.2, 1.01
A, 583998, 350045, 562697, 780404, 382667, 103877, 557287, 143070, 40.5, 46.2, 1.00
A, 584357, 350172, 562874, 780754, 382799, 103866, 557437, 143003, 40.5, 46.2, 1.00
A, 585843, 350594, 564423, 782621, 383185, 104025, 557940, 143361, 40.5, 46.2, 1.00
A, 585712, 350872, 564290, 782707, 383306, 104047, 558049, 143290, 40.5, 46.2, 1.00
A, 585832, 350984, 564152, 782871, 383443, 104062, 558110, 143202, 40.5, 46.2, 1.00
A, 585753, 351063, 563859, 782596, 383422, 104073, 558182, 143210, 40.5, 46.2, 1.00
A, 585965, 351182, 563936, 783021, 383512, 104057, 558304, 143186, 40.5, 46.2, 1.00
A, 585960, 351397, 563789, 782918, 383591, 104058, 558396, 143102, 40.5, 46.2, 1.01
A, 586043, 351440, 563605, 782930, 383649, 104150, 558443, 143116, 40.5, 46.3, 1.00
A, 585970, 351500, 563503, 783119, 383658, 104135, 558541, 143045, 40.5, 46.3, 1.00
A, 586019, 351643, 563323, 783225, 383712, 104110, 558607, 143004, 40.4, 46.3, 1.01
A, 586083, 351692, 563283, 783353, 383808, 104161, 558691, 143021, 40.4, 46.3, 1.00
A, 586509, 351929, 563586, 783821, 383923, 104154, 558849, 143131, 40.4, 46.3, 1.01
A, 586660, 351972, 563612, 784133, 384060, 104165, 559047, 143035, 40.4, 46.3, 1.01
A, 586625, 352104, 563534, 784162, 384056, 104266, 559100, 143000, 40.4, 46.3, 1.01
A, 586982, 352176, 563734, 784442, 384226, 104260, 559199, 143053, 40.4, 46.3, 1.00
A, 587004, 352329, 563430, 784370, 384290, 104266, 559318, 142979, 40.4, 46.3, 0.99
A, 586966, 352306, 563322, 784440, 384333, 104261, 559352, 142969, 40.4, 46.3, 1.00
A, 586907, 352475, 563053, 784396, 384309, 104267, 559449, 142879, 40.4, 46.3, 1.01
A, 586923, 352471, 563022, 784687, 384350, 104256, 559467, 142918, 40.4, 46.3, 1.01
A, 587220, 352621, 563170, 784999, 384455, 104380, 559612, 142910, 40.4, 46.3, 1.00
A, 587427, 352655, 563307, 785291, 384588, 104269, 559736, 142870, 40.4, 46.3, 1.00
A, 589225, 353083, 565150, 787346, 385025, 104468, 560298, 143308, 40.4, 46.3, 1.00
A, 589049, 353193, 564926, 787259, 385143, 104457, 560366, 143203, 40.4, 46.4, 0.99
A, 589203, 353332, 564933, 787519, 385187, 104503, 560450, 143201, 40.4, 46.4, 0.99
A, 589070, 353391, 564658, 787328, 385191, 104433, 560413, 143041, 40.4, 46.4, 0.99
A, 588847, 353425, 564361, 787328, 385152, 104489, 560491, 143011, 40.4, 46.4, 1.00
A, 589077, 353493, 564611, 787611, 385266, 104543, 560600, 143046, 40.3, 46.4, 1.01
A, 589095, 353547, 564315, 787363, 385285, 104508, 560606, 143020, 40.3, 46.4, 0.99
A, 588930, 353596, 564214, 787378, 385292, 104581, 560614, 142944, 40.3, 46.4, 1.00
A, 589013, 353690, 564142, 787607, 385366, 104582, 560737, 142939, 40.3, 46.4, 1.00
A, 588899, 353676, 564022, 787678, 385386, 104546, 560812, 142909, 40.3, 46.4, 0.99
A, 589226, 353845, 564182, 787850, 385442, 104614, 560897, 143015, 40.3, 46.4, 1.01
A, 589341, 353859, 564146, 788124, 385548, 104513, 560928, 142955, 40.3, 46.4, 0.99
A, 589386, 353959, 564108, 788145, 385615, 104631, 561012, 142835, 40.3, 46.4, 1.00
A, 589395, 353977, 563908, 788116, 385671, 104635, 561053, 142857, 40.3, 46.5, 1.00
A, 589537, 354051, 564102, 788527, 385699, 104612, 561155, 142773, 40.3, 46.5, 1.00
A, 589336, 354105, 563775, 788251, 385735, 104645, 561179, 142792, 40.3, 46.5, 1.00
A, 589309, 354042, 563704, 788378, 385688, 104612, 561253, 142787, 40.3, 46.5, 1.00
A, 589499, 354230, 563714, 788558, 385833, 104667, 561393, 142732, 40.3, 46.5, 0.99
A, 589504, 354194, 563666, 788622, 385806, 104624, 561356, 142685, 40.3, 46.5, 1.00
A, 589837, 354301, 563837, 789051, 385975, 104663, 561544, 142830, 40.3, 46.5, 1.00
A, 591324, 354607, 565546, 791046, 386309, 104836, 561984, 143149, 40.3, 46.5, 1.01
A, 591426, 354722, 565466, 790928, 386434, 104803, 562101, 143102, 40.3, 46.5, 0.99
A, 591562, 354794, 565577, 791169, 386471, 104829, 562154, 143087, 40.3, 46.5, 1.01
A, 591620, 354918, 565563, 791164, 386519, 104842, 562164, 142971, 40.3, 46.5, 1.01
A, 591348, 354956, 565154, 791038, 386492, 104863, 562132, 142894, 40.3, 46.6, 1.00
A, 591239, 354948, 565086, 791111, 386539, 104905, 562164, 142924, 40.3, 46.6, 1.00
A, 590807, 354836, 564479, 790689, 386361, 104889, 562096, 142675, 40.3, 46.6, 1.01
A, 591139, 354962, 564745, 790942, 386523, 104816, 562167, 142838, 40.3, 46.6, 1.01
A, 591305, 355011, 564807, 791216, 386534, 104907, 562298, 142783, 40.3, 46.6, 1.00
A, 591588, 355105, 565036, 791576, 386685, 104933, 562415, 142835, 40.3, 46.6, 1.00
A, 591430, 355100, 564680, 791243, 386646, 104934, 562389, 142730, 40.3, 46.6, 0.99
A, 591545, 355234, 564858, 791637, 386727, 104910, 562451, 142791, 40.3, 46.6, 1.00
A, 591511, 355234, 564741, 791721, 386728, 104974, 562544, 142825, 40.2, 46.6, 1.01
A, 591869, 355330, 564969, 791867, 386880, 105005, 562641, 142758, 40.2, 46.6, 1.00
A, 591588, 355198, 564675, 791794, 386877, 104942, 562681, 142681, 40.2, 46.6, 1.01
A, 591717, 355342, 564861, 792048, 386892, 105032, 562745, 142699, 40.2, 46.6, 1.00
A, 591633, 355419, 564462, 791773, 386908, 105014, 562735, 142674, 40.2, 46.7, 0.99
A, 591538, 355369, 564415, 791822, 386887, 105032, 562786, 142688, 40.2, 46.7, 1.00
A, 591519, 355438, 564306, 791900, 386977, 105050, 562867, 142534, 40.2, 46.7, 0.99
A, 591586, 355386, 564183, 791924, 386949, 105034, 562775, 142559, 40.2, 46.7, 1.00
A, 593212, 355620, 566056, 794217, 387342, 105186, 563301, 142958, 40.2, 46.7, 1.00
A, 593340, 355814, 566066, 794140, 387530, 105149, 563434, 142907, 40.2, 46.7, 1.00
A, 593086, 355799, 565809, 793983, 387412, 105189, 563370, 142885, 40.2, 46.7, 1.00
A, 593219, 355892, 565850, 794188, 387460, 105211, 563412, 142814, 40.2, 46.7, 1.00
A, 593283, 355928, 565881, 794178, 387498, 105164, 563504, 142753, 40.2, 46.7, 1.00
A, 593046, 355941, 565636, 793981, 387445, 105182, 563461, 142735, 40.2, 46.8, 1.01
A, 592954, 355886, 565380, 794041, 387483, 105197, 563421, 142690, 40.2, 46.8, 1.01
A, 593238, 355918, 565602, 794240, 387551, 105234, 563492, 142707, 40.2, 46.8, 1.00
A, 592861, 356015, 565030, 793976, 387571, 105186, 563481, 142609, 40.2, 46.8, 1.00
A, 592830, 355957, 565175, 794113, 387508, 105237, 563538, 142611, 40.2, 46.8, 1.00
A, 593065, 356035, 565339, 794290, 387579, 105256, 563668, 142621, 40.2, 46.8, 1.00
A, 593067, 355936, 565240, 794332, 387564, 105258, 563650, 142574, 40.2, 46.8, 0.99
A, 593225, 356064, 565401, 794665, 387683, 105272, 563743, 142628, 40.2, 46.8, 1.01
A, 593192, 356048, 565332, 794790, 387712, 105290, 563789, 142602, 40.2, 46.8, 1.01
A, 593579, 356128, 565575, 795050, 387773, 105304, 563857, 142614, 40.2, 46.8, 0.99
A, 593590, 356153, 565599, 795016, 387855, 105303, 563903, 142651, 40.2, 46.8, 1.01
A, 593599, 356163, 565453, 795161, 387807, 105326, 563954, 142544, 40.2, 46.8, 0.99
A, 593603, 356283, 565339, 795086, 387882, 105310, 564038, 142500, 40.1, 46.9, 1.00
A, 593484, 356222, 565309, 795202, 387880, 105382, 564021, 142550, 40.1, 46.9, 0.99
A, 593417, 356317, 565092, 795115, 387938, 105328, 564057, 142442, 40.1, 46.9, 1.00
A, 594599, 356355, 566340, 796441, 388109, 105453, 564353, 142724, 40.1, 46.9, 0.99
A, 594643, 356571, 566467, 796780, 388216, 105452, 564496, 142689, 40.1, 46.9, 0.99
A, 594500, 356509, 566224, 796694, 388218, 105466, 564406, 142628, 40.1, 46.9, 0.99
A, 594468, 356537, 566077, 796564, 388179, 105500, 564461, 142606, 40.1, 46.9, 1.00
A, 594546, 356540, 566187, 796560, 388179, 105454, 564402, 142605, 40.1, 46.9, 1.01
A, 594580, 356648, 566019, 796525, 388233, 105531, 564495, 142412, 40.1, 46.9, 1.00
A, 594364, 356493, 565810, 796414, 388243, 105482, 564449, 142502, 40.1, 46.9, 1.00
A, 594196, 356485, 565752, 796564, 388164, 105497, 564423, 142378, 40.1, 46.9, 1.01
A, 594430, 356596, 565912, 796797, 388248, 105513, 564525, 142474, 40.1, 46.9, 0.99
A, 594382, 356536, 565788, 796841, 388289, 105494, 564553, 142356, 40.1, 46.9, 0.99
A, 594703, 356613, 566114, 797151, 388331, 105574, 564682, 142527, 40.1, 47.0, 1.01
A, 594773, 356626, 566209, 797266, 388461, 105570, 564743, 142503, 40.1, 47.0, 0.99
A, 594833, 356655, 566057, 797193, 388495, 105538, 564722, 142393, 40.1, 47.0, 1.00
A, 594792, 356675, 565963, 797320, 388456, 105645, 564794, 142429, 40.1, 47.0, 1.00
A, 594989, 356724, 566301, 797664, 388586, 105644, 564867, 142487, 40.1, 47.0, 1.01
A, 594987, 356730, 566230, 797888, 388639, 105621, 564905, 142506, 40.1, 47.0, 1.00
A, 595281, 356876, 566452, 797950, 388759, 105668, 564993, 142503, 40.1, 47.0, 0.99
A, 595242, 356831, 566363, 798137, 388627, 105659, 564987, 142427, 40.1, 47.0, 1.00
A, 595114, 356844, 566238, 798009, 388670, 105580, 565091, 142361, 40.1, 47.0, 0.99
A, 595030, 356807, 566130, 797905, 388611, 105696, 565008, 142314, 40.1, 47.0, 1.00
A, 596569, 357022, 567930, 799826, 388959, 105784, 565406, 142796, 40.1, 47.0, 0.99
A, 596694, 357245, 567982, 800049, 389164, 105807, 565532, 142730, 40.1, 47.0, 0.99
A, 596536, 357327, 567868, 799931, 389103, 105844, 565531, 142554, 40.1, 47.0, 1.01
A, 596327, 357232, 567503, 799664, 389087, 105808, 565441, 142563, 40.1, 47.0, 1.00
A, 596207, 357215, 567472, 799703, 389024, 105783, 565469, 142502, 40.1, 47.0, 1.01
A, 596309, 357208, 567500, 799818, 389032, 105853, 565464, 142542, 40.1, 47.1, 1.00
A, 596161, 357288, 567431, 799766, 389094, 105855, 565490, 142399, 40.1, 47.1, 1.00
A, 596376, 357280, 567600, 799930, 389072, 105877, 565564, 142538, 40.1, 47.1, 0.99
A, 596337, 357296, 567577, 799983, 389125, 105860, 565565, 142462, 40.1, 47.1, 0.99
A, 596274, 357251, 567418, 799899, 389073, 105813, 565549, 142453, 40.0, 47.1, 0.98
A, 596320, 357256, 567395, 800062, 389144, 105882, 565584, 142396, 40.0, 47.1, 1.00
A, 596288, 357274, 567449, 799913, 389096, 105911, 565614, 142381, 40.0, 47.1, 1.00
A, 596332, 357370, 567474, 800065, 389131, 105926, 565575, 142379, 40.0, 47.1, 1.00
A, 596218, 357311, 567299, 799945, 389121, 105927, 565636, 142336, 40.0, 47.1, 1.01
A, 596260, 357265, 567378, 800210, 389142, 105961, 565661, 142326, 40.0, 47.1, 1.01
A, 596212, 357294, 567380, 800277, 389170, 105912, 565581, 142334, 40.0, 47.1, 1.01
A, 596259, 357349, 567424, 800372, 389215, 105949, 565693, 142384, 40.0, 47.1, 1.00
A, 596312, 357339, 567296, 800190, 389242, 105924, 565743, 142339, 40.0, 47.2, 0.99
A, 596157, 357184, 567159, 800129, 389180, 105952, 565741, 142220, 40.0, 47.2, 1.00
A, 596005, 357201, 566916, 800059, 389204, 105940, 565731, 142179, 40.0, 47.2, 1.00
A, 597141, 357392, 568221, 801560, 389359, 106045, 565981, 142495, 40.0, 47.2, 0.99
A, 597279, 357524, 568505, 801835, 389531, 106048, 566096, 142488, 40.0, 47.2, 1.00
A, 597265, 357569, 568494, 801789, 389484, 106108, 566082, 142447, 40.0, 47.2, 1.01
A, 597158, 357547, 568107, 801389, 389529, 106019, 566047, 142343, 40.0, 47.2, 1.00
A, 596993, 357438, 567877, 801177, 389474, 106102, 566018, 142327, 40.0, 47.2, 0.99
A, 596807, 357432, 567954, 801339, 389409, 106038, 565953, 142278, 40.0, 47.2, 1.00
A, 596806, 357437, 567903, 801434, 389467, 106055, 565982, 142228, 40.0, 47.2, 1.00
A, 596928, 357439, 567864, 801444, 389467, 106085, 565972, 142283, 40.0, 47.2, 1.00
A, 597060, 357410, 568109, 801574, 389500, 106059, 566079, 142262, 40.0, 47.2, 0.99
A, 596766, 357411, 567760, 801265, 389495, 106120, 566065, 142167, 40.0, 47.2, 1.00
A, 596658, 357411, 567586, 801219, 389444, 106041, 565966, 142035, 40.0, 47.2, 0.99
A, 596876, 357348, 567889, 801585, 389446, 106063, 566073, 142220, 40.0, 47.2, 1.00
A, 596890, 357331, 567917, 801780, 389465, 106107, 566069, 142156, 40.0, 47.3, 1.01
A, 597051, 357446, 568151, 802044, 389550, 106135, 566237, 142224, 40.0, 47.3, 1.00
A, 597055, 357444, 568185, 802064, 389590, 106191, 566185, 142248, 40.0, 47.3, 0.99
A, 597394, 357495, 568550, 802418, 389702, 106221, 566404, 142283, 40.0, 47.3, 1.00
A, 597312, 357551, 568379, 802391, 389662, 106204, 566268, 142200, 40.0, 47.3, 1.01
A, 597471, 357477, 568427, 802528, 389717, 106200, 566366, 142228, 40.0, 47.3, 0.99
A, 597219, 357549, 568198, 802251, 389735, 106185, 566309, 142129, 40.0, 47.3, 1.01
A, 597146, 357428, 568059, 802324, 389614, 106258, 566310, 142107, 40.0, 47.3, 0.99
A, 599054, 357918, 570309, 804511, 390167, 106411, 566890, 142578, 40.0, 47.3, 1.00
A, 598898, 357934, 570185, 804446, 390211, 106347, 566869, 142485, 40.0, 47.3, 1.00
A, 598720, 357928, 570089, 804398, 390080, 106401, 566843, 142426, 40.0, 47.3, 1.01
A, 598557, 357923, 569827, 804324, 390139, 106414, 566825, 142387, 40.0, 47.3, 1.00
A, 598393, 357900, 569501, 803875, 390078, 106352, 566692, 142323, 40.0, 47.3, 1.00
A, 598516, 357972, 569821, 804144, 390095, 106407, 566736, 142419, 40.0, 47.3, 1.01
A, 598321, 357875, 569722, 804071, 390126, 106366, 566756, 142194, 40.0, 47.3, 1.00
A, 598155, 357756, 569467, 803889, 389969, 106430, 566636, 142218, 40.0, 47.3, 1.00
A, 598225, 357819, 569573, 804006, 390026, 106396, 566692, 142192, 40.0, 47.3, 1.00
A, 598077, 357841, 569342, 803898, 389990, 106458, 566711, 142146, 40.0, 47.3, 1.00
A, 598287, 357923, 569499, 803908, 390034, 106389, 566681, 142175, 40.0, 47.3, 1.01
A, 598035, 357817, 569305, 803631, 389990, 106440, 566686, 142103, 40.0, 47.3, 0.99
A, 597965, 357729, 569353, 803989, 389999, 106379, 566652, 142088, 40.0, 47.3, 1.01
A, 597869, 357658, 569254, 803879, 389994, 106408, 566620, 142130, 39.9, 47.4, 0.99
A, 597889, 357684, 569100, 803775, 390008, 106436, 566670, 142060, 39.9, 47.4, 0.99
A, 598107, 357778, 569553, 804115, 390071, 106440, 566720, 142146, 39.9, 47.4, 1.01
A, 598120, 357791, 569465, 804113, 390130, 106445, 566794, 141953, 39.9, 47.4, 1.01
A, 597971, 357678, 569296, 803878, 389973, 106455, 566711, 141999, 39.9, 47.4, 0.99
A, 598147, 357728, 569521, 804371, 390108, 106512, 566838, 142110, 39.9, 47.4, 1.01
A, 597827, 357683, 569129, 803923, 390047, 106409, 566795, 141989, 39.9, 47.4, 1.01
A, 598777, 357711, 570404, 805465, 390173, 106549, 567051, 142294, 39.9, 47.4, 1.01
A, 598676, 357941, 570091, 804966, 390336, 106537, 567004, 142089, 39.9, 47.4, 1.00
A, 598373, 357797, 569882, 804739, 390170, 106505, 566900, 142078, 39.9, 47.4, 1.01
A, 598502, 357835, 570039, 804959, 390236, 106569, 566985, 142123, 39.9, 47.4, 1.00
A, 598449, 357840, 569995, 805090, 390220, 106614, 566958, 142093, 39.9, 47.4, 1.00
A, 598562, 357733, 570074, 805080, 390176, 106556, 567010, 142169, 39.9, 47.4, 1.01
A, 598740, 357847, 570359, 805396, 390285, 106660, 567113, 142163, 39.9, 47.4, 1.01
A, 598792, 357879, 570412, 805284, 390337, 106608, 567113, 142054, 39.9, 47.4, 1.00
A, 598687, 357803, 570332, 805262, 390365, 106604, 567036, 142050, 39.9, 47.4, 1.00
A, 598455, 357747, 570149, 805256, 390241, 106632, 567072, 142093, 39.9, 47.4, 1.00
A, 598676, 357788, 570392, 805459, 390321, 106626, 567037, 142041, 39.9, 47.5, 1.01
A, 598701, 357776, 570289, 805411, 390317, 106655, 567131, 142122, 39.9, 47.5, 1.00
A, 598941, 357831, 570572, 805680, 390346, 106661, 567153, 142040, 39.9, 47.5, 1.01
A, 598638, 357792, 570426, 805548, 390312, 106638, 567141, 141886, 39.9, 47.5, 1.00
A, 598818, 357764, 570554, 805796, 390377, 106646, 567232, 142026, 39.9, 47.5, 1.01
A, 598824, 357821, 570595, 805915, 390342, 106688, 567181, 142054, 39.9, 47.5, 1.00
A, 599042, 357818, 570857, 806111, 390425, 106715, 567250, 142098, 39.9, 47.5, 1.00
A, 599153, 357875, 570758, 805910, 390388, 106698, 567274, 142053, 39.9, 47.5, 0.99
A, 598942, 357802, 570645, 805734, 390446, 106711, 567219, 141956, 39.9, 47.5, 0.99
A, 599000, 357838, 570793, 806180, 390387, 106694, 567242, 142005, 39.9, 47.5, 1.00
A, 600408, 358091, 572363, 807785, 390819, 106892, 567682, 142361, 39.9, 47.5, 0.99
A, 600220, 358188, 572310, 807634, 390800, 106868, 567636, 142322, 39.9, 47.5, 1.01
A, 599834, 358136, 571874, 807264, 390780, 106826, 567598, 142132, 39.9, 47.6, 1.00
A, 599527, 358082, 571653, 806941, 390612, 106793, 567392, 141999, 39.9, 47.6, 0.99
A, 599649, 358080, 571753, 806982, 390673, 106841, 567433, 142120, 39.9, 47.6, 1.00
A, 599458, 358037, 571598, 806971, 390589, 106830, 567381, 142062, 39.9, 47.6, 1.01
A, 599313, 357970, 571486, 806894, 390545, 106846, 567427, 142072, 39.9, 47.6, 1.00
A, 599473, 358022, 571739, 807071, 390578, 106915, 567427, 142036, 39.9, 47.6, 1.00
A, 599458, 358030, 571758, 807036, 390671, 106822, 567442, 142020, 39.9, 47.6, 1.00
A, 599084, 357939, 571330, 806568, 390487, 106876, 567339, 141896, 39.9, 47.6, 1.00
A, 598740, 357890, 571107, 806498, 390425, 106840, 567332, 141916, 39.9, 47.6, 1.00
A, 599161, 357868, 571360, 806793, 390527, 106864, 567334, 141928, 39.9, 47.6, 0.99
A, 599101, 357863, 571488, 806868, 390494, 106811, 567401, 141953, 39.9, 47.6, 1.00
A, 599351, 357899, 571755, 807211, 390580, 106883, 567477, 141948, 39.9, 47.6, 1.00
A, 599530, 357891, 571889, 807187, 390610, 106912, 567460, 141920, 39.9, 47.6, 1.00
A, 599453, 357817, 571864, 807209, 390569, 106893, 567437, 141938, 39.9, 47.6, 1.00
A, 599400, 357875, 571859, 807307, 390564, 106844, 567476, 141952, 39.9, 47.6, 0.99
A, 599374, 357866, 571882, 807403, 390621, 106913, 567494, 141933, 39.9, 47.6, 1.00
A, 599416, 357813, 571792, 807159, 390626, 106968, 567472, 141901, 39.9, 47.6, 1.00
A, 599130, 357820, 571370, 806696, 390542, 106868, 567410, 141783, 39.9, 47.6, 0.99
A, 600278, 357943, 573053, 808579, 390804, 107002, 567716, 142198, 39.9, 47.6, 0.99
A, 600197, 358073, 572874, 808197, 390917, 106956, 567770, 142046, 39.8, 47.6, 0.99
A, 599980, 358006, 572698, 808260, 390862, 107017, 567692, 142062, 39.8, 47.6, 0.99
A, 599798, 357959, 572422, 807748, 390767, 106971, 567620, 141901, 39.8, 47.7, 0.99
A, 599559, 357882, 572273, 807503, 390687, 106989, 567517, 141854, 39.8, 47.7, 1.00
A, 599610, 357968, 572372, 807820, 390683, 106998, 567558, 141894, 39.8, 47.7, 0.99
A, 599399, 357828, 572194, 807597, 390604, 107038, 567519, 141734, 39.8, 47.7, 1.00
A, 599340, 357780, 572084, 807537, 390648, 106991, 567533, 141858, 39.8, 47.7, 1.00
A, 599624, 357809, 572338, 807838, 390708, 107045, 567596, 141823, 39.8, 47.7, 1.00
A, 599635, 357804, 572472, 807823, 390742, 107020, 567614, 141802, 39.8, 47.7, 1.00
A, 599433, 357735, 572365, 807746, 390704, 107034, 567601, 141720, 39.8, 47.7, 1.00
A, 599456, 357768, 572309, 807710, 390599, 107020, 567585, 141806, 39.8, 47.7, 1.00
A, 599661, 357732, 572553, 808219, 390739, 107043, 567655, 141863, 39.8, 47.7, 0.99
A, 599542, 357646, 572569, 808096, 390726, 107041, 567599, 141863, 39.8, 47.7, 1.00
A, 599699, 357713, 572842, 808416, 390767, 107075, 567630, 141762, 39.8, 47.7, 1.00
A, 599961, 357830, 573100, 808509, 390770, 107108, 567647, 141868, 39.8, 47.7, 1.01
A, 599820, 357746, 572942, 808366, 390837, 107095, 567699, 141793, 39.8, 47.7, 1.00
A, 599920, 357834, 573053, 808586, 390896, 107095, 567757, 141936, 39.8, 47.7, 0.99
A, 599902, 357822, 572992, 808576, 390866, 107114, 567697, 141820, 39.8, 47.7, 1.02
A, 600131, 357820, 573280, 808920, 390924, 107151, 567815, 141894, 39.8, 47.7, 1.00
A, 601766, 358145, 575283, 810875, 391352, 107361, 568283, 142118, 39.8, 47.7, 1.00
A, 601490, 358268, 574877, 810300, 391262, 107271, 568174, 142131, 39.8, 47.7, 1.00
A, 600837, 358182, 574368, 809731, 391207, 107205, 568063, 141899, 39.8, 47.7, 1.00
A, 600582, 358036, 574098, 809609, 391041, 107251, 567914, 141953, 39.8, 47.7, 1.00
A, 600169, 357992, 573756, 809233, 391018, 107195, 567887, 141864, 39.8, 47.7, 1.00
A, 600118, 357866, 573652, 808961, 390931, 107205, 567772, 141764, 39.8, 47.7, 1.00
A, 599978, 357932, 573653, 809134, 390921, 107211, 567761, 141674, 39.8, 47.7, 1.00
A, 599479, 357755, 573082, 808424, 390771, 107157, 567605, 141549, 39.8, 47.8, 1.00
A, 598609, 357550, 572094, 807495, 390543, 107140, 567402, 141543, 39.8, 47.8, 1.00
A, 599106, 357528, 572623, 808024, 390654, 107141, 567525, 141559, 39.8, 47.8, 1.01
A, 599360, 357504, 572823, 808061, 390627, 107164, 567577, 141595, 39.8, 47.8, 1.00
A, 599319, 357544, 572822, 808066, 390678, 107162, 567549, 141584, 39.8, 47.8, 1.00
A, 599390, 357462, 573061, 808386, 390699, 107183, 567601, 141589, 39.8, 47.8, 1.00
A, 599574, 357555, 573258, 808704, 390829, 107191, 567690, 141675, 39.8, 47.8, 0.99
A, 599691, 357527, 573239, 808777, 390791, 107201, 567645, 141706, 39.8, 47.8, 1.00
A, 599518, 357505, 573252, 808591, 390709, 107177, 567731, 141628, 39.8, 47.8, 1.00
A, 599702, 357507, 573412, 808797, 390791, 107203, 567737, 141749, 39.8, 47.8, 1.00
A, 599603, 357472, 573415, 808777, 390831, 107253, 567794, 141540, 39.8, 47.8, 1.01
A, 599856, 357542, 573716, 809094, 390900, 107283, 567865, 141725, 39.8, 47.8, 1.00
A, 599957, 357573, 573738, 809306, 390916, 107289, 567872, 141726, 39.8, 47.8, 1.00
M, 598115, 357357, 571085, 805723, 390647, 106963, 567344, 140793, 39.8, 47.8, 0.07
M, 589699, 355314, 561202, 795348, 387968, 106151, 564192, 138686, 39.8, 47.8, 0.54
M, 583619, 353393, 554180, 787955, 385907, 105551, 561781, 137263, 39.8, 47.8, 0.76
M, 577554, 351252, 546756, 780199, 383852, 104899, 559582, 135841, 39.8, 47.8, 0.84
M, 574236, 349774, 542566, 775894, 382555, 104466, 558368, 135149, 39.8, 47.8, 0.89
M, 571205, 348323, 538454, 771942, 381391, 104038, 557200, 134503, 39.8, 47.8, 0.94
M, 568586, 346912, 534693, 768378, 380280, 103703, 556101, 133989, 39.8, 47.7, 0.96
M, 566625, 345665, 531279, 765389, 379264, 103342, 555116, 133409, 39.8, 47.7, 0.97
M, 564486, 344502, 527764, 762530, 378404, 102973, 554258, 132904, 39.8, 47.6, 0.99
M, 563426, 343449, 525658, 760998, 377663, 102751, 553647, 132606, 39.8, 47.6, 0.98
M, 563133, 342661, 524217, 760458, 377296, 102513, 553393, 132549, 39.9, 47.6, 0.99
M, 563073, 341845, 522805, 759848, 376984, 102422, 553240, 132447, 39.9, 47.6, 1.01
M, 563433, 341309, 522026, 759980, 376951, 102284, 553349, 132458, 39.9, 47.5, 0.99
M, 563691, 340683, 521246, 760174, 376858, 102183, 553505, 132374, 39.9, 47.5, 1.00
M, 563930, 340190, 520485, 760324, 376801, 102027, 553652, 132244, 39.9, 47.4, 1.01
M, 564643, 339738, 520029, 760837, 376837, 102075, 553895, 132372, 39.9, 47.4, 1.00
M, 565279, 339467, 519655, 761580, 376984, 101915, 554218, 132380, 39.9, 47.4, 1.00
M, 566071, 339187, 519587, 762337, 377225, 101966, 554653, 132484, 39.9, 47.4, 1.00
M, 566855, 338990, 519396, 763256, 377495, 101949, 555073, 132537, 39.9, 47.4, 1.00
M, 567942, 338767, 519445, 764240, 377802, 101910, 555627, 132520, 39.9, 47.4, 1.00
M, 569900, 338733, 520764, 766784, 378405, 101989, 556401, 133019, 39.9, 47.3, 1.00
M, 570766, 338814, 520671, 767583, 378688, 102069, 556915, 133026, 39.9, 47.3, 1.00
M, 571238, 338583, 520083, 767980, 378993, 101991, 557290, 132923, 40.0, 47.3, 1.01
M, 571718, 338492, 519879, 768525, 379167, 101949, 557725, 132974, 40.0, 47.3, 1.00
M, 572369, 338394, 519516, 769195, 379497, 101951, 558151, 132965, 39.9, 47.3, 1.00
M, 572733, 338282, 519538, 769842, 379637, 101937, 558467, 133020, 39.9, 47.3, 1.01
M, 573485, 338220, 519483, 770680, 379919, 101894, 558853, 133083, 39.9, 47.3, 1.00
M, 574375, 338263, 519576, 771727, 380235, 101905, 559344, 133162, 40.0, 47.3, 0.99
M, 575316, 338323, 519690, 772653, 380676, 101982, 559883, 133161, 40.0, 47.3, 1.00
M, 575712, 338273, 519601, 773288, 380870, 101967, 560170, 133281, 40.0, 47.2, 1.00
M, 576890, 338437, 520176, 774715, 381283, 101953, 560788, 133357, 40.0, 47.2, 0.99
M, 577510, 338534, 520196, 775592, 381630, 102076, 561253, 133380, 40.0, 47.3, 1.00
M, 578236, 338584, 520304, 776321, 381869, 102127, 561562, 133513, 40.0, 47.3, 1.00
M, 579150, 338723, 520670, 777510, 382297, 102078, 562132, 133571, 40.0, 47.2, 1.00
M, 579976, 338902, 520680, 778319, 382680, 102054, 562542, 133610, 40.0, 47.2, 1.00
M, 580530, 339021, 520772, 778983, 382895, 102125, 562885, 133702, 40.0, 47.2, 1.01
M, 581031, 339042, 520860, 779994, 383167, 102131, 563241, 133779, 40.0, 47.2, 1.00
M, 581919, 339213, 521220, 781051, 383469, 102181, 563688, 133809, 40.0, 47.2, 1.00
M, 582479, 339381, 521264, 781737, 383667, 102178, 564076, 133896, 40.0, 47.2, 1.00
M, 583411, 339666, 521706, 782788, 384122, 102266, 564545, 134013, 40.0, 47.2, 1.00
M, 585723, 340073, 523738, 785693, 384781, 102453, 565367, 134446, 40.0, 47.2, 1.00
M, 586054, 340340, 523468, 786130, 385043, 102452, 565698, 134290, 40.0, 47.2, 1.01
M, 586490, 340512, 523591, 786694, 385298, 102469, 565944, 134406, 40.0, 47.2, 1.01
M, 586667, 340649, 523247, 786910, 385503, 102481, 566185, 134325, 40.0, 47.2, 1.00
M, 586770, 340771, 523109, 787359, 385599, 102485, 566342, 134407, 40.0, 47.2, 0.99
M, 587408, 341017, 523141, 788040, 385896, 102525, 566748, 134380, 40.0, 47.2, 1.00
M, 587566, 341012, 523147, 788505, 385975, 102479, 566923, 134359, 40.0, 47.2, 1.00
M, 588004, 341189, 523224, 789134, 386175, 102554, 567230, 134367, 40.0, 47.2, 0.98
M, 588556, 341365, 523394, 789723, 386433, 102503, 567409, 134451, 40.0, 47.2, 1.00
M, 589040, 341430, 523505, 790449, 386630, 102589, 567759, 134519, 40.0, 47.2, 1.00
M, 589806, 341738, 523976, 791412, 386896, 102623, 568117, 134640, 40.0, 47.2, 1.00
M, 590305, 341972, 524089, 791984, 387135, 102622, 568362, 134667, 40.0, 47.2, 0.99
M, 590702, 342137, 524109, 792444, 387291, 102658, 568628, 134701, 40.0, 47.1, 1.00
M, 590598, 342143, 523841, 792703, 387412, 102657, 568752, 134657, 40.0, 47.1, 1.00
M, 591362, 342318, 524228, 793692, 387651, 102677, 569042, 134748, 40.0, 47.1, 0.99
M, 591849, 342487, 524451, 794280, 387865, 102769, 569326, 134866, 40.0, 47.1, 1.00
M, 592581, 342833, 524951, 795240, 388155, 102823, 569671, 134982, 40.0, 47.1, 1.01
M, 593103, 342965, 525161, 795949, 388319, 102810, 569887, 135003, 40.0, 47.1, 0.99
M, 593407, 343170, 525198, 796449, 388461, 102814, 570032, 134900, 40.0, 47.1, 0.99
M, 593864, 343321, 525559, 797191, 388647, 102910, 570237, 135041, 40.0, 47.1, 1.00
M, 595727, 343775, 527248, 799586, 389081, 103003, 570929, 135477, 40.0, 47.1, 1.01
M, 596185, 344144, 527342, 799946, 389428, 103067, 571184, 135451, 40.0, 47.1, 0.99
M, 596180, 344239, 527062, 799945, 389437, 103092, 571267, 135357, 40.0, 47.1, 1.01
M, 596120, 344369, 526901, 800224, 389522, 103110, 571331, 135328, 40.0, 47.1, 1.00
M, 596169, 344515, 526775, 800432, 389640, 103106, 571550, 135220, 40.0, 47.1, 1.01
M, 596350, 344534, 526692, 800691, 389639, 103076, 571555, 135379, 40.0, 47.1, 1.00
M, 596573, 344826, 526650, 800966, 389881, 103144, 571820, 135314, 40.0, 47.1, 1.01
M, 596694, 344807, 526648, 801271, 389863, 103138, 571837, 135328, 40.0, 47.1, 1.01
M, 597223, 344970, 526906, 801892, 390053, 103161, 572087, 135388, 40.0, 47.1, 0.99
M, 597261, 345127, 526935, 802096, 390135, 103160, 572215, 135413, 40.0, 47.1, 1.00
M, 597350, 345149, 526811, 802504, 390168, 103172, 572277, 135413, 40.0, 47.1, 1.00
M, 598041, 345415, 527341, 803445, 390409, 103228, 572599, 135594, 40.0, 47.1, 1.00
M, 598510, 345547, 527624, 803922, 390583, 103223, 572727, 135497, 40.0, 47.1, 1.01
M, 598762, 345714, 527648, 804226, 390668, 103263, 572909, 135580, 40.0, 47.1, 0.99
M, 599060, 345850, 527889, 804904, 390792, 103296, 573079, 135541, 40.0, 47.1, 1.00
M, 599307, 345999, 527876, 805255, 390957, 103345, 573198, 135629, 40.0, 47.1, 1.00
M, 599707, 346087, 528284, 805984, 391062, 103390, 573458, 135771, 40.0, 47.1, 1.00
M, 600103, 346336, 528510, 806460, 391217, 103394, 573607, 135817, 40.0, 47.1, 1.00
M, 600390, 346481, 528633, 806712, 391371, 103384, 573778, 135798, 40.0, 47.1, 1.00
M, 600563, 346551, 528742, 807034, 391389, 103435, 573852, 135819, 40.0, 47.1, 0.99
M, 602087, 346809, 530324, 809320, 391740, 103539, 574324, 136132, 40.0, 47.1, 1.00
M, 602445, 347156, 530432, 809723, 392007, 103606, 574562, 136165, 40.0, 47.1, 1.01
M, 602535, 347242, 530338, 809760, 392032, 103605, 574563, 136167, 40.0, 47.1, 1.00
M, 602915, 347491, 530503, 810212, 392203, 103625, 574752, 136148, 40.0, 47.1, 0.99
M, 602701, 347570, 530487, 810320, 392188, 103636, 574761, 136075, 40.0, 47.1, 1.00
M, 602697, 347658, 530327, 810212, 392210, 103657, 574811, 136039, 40.0, 47.1, 1.01
M, 602594, 347592, 530252, 810514, 392148, 103662, 574835, 136111, 40.0, 47.1, 0.99
M, 602637, 347825, 530002, 810525, 392320, 103685, 574950, 136043, 40.0, 47.1, 1.00
M, 602765, 347783, 529910, 810485, 392242, 103642, 574908, 136062, 40.0, 47.1, 0.99
M, 603013, 347893, 530337, 811142, 392327, 103735, 575102, 136139, 40.0, 47.1, 1.00
M, 603092, 347991, 530408, 811458, 392376, 103759, 575180, 136088, 40.0, 47.1, 1.00
M, 603198, 348029, 530323, 811649, 392494, 103747, 575215, 136025, 40.0, 47.1, 1.00
M, 603718, 348216, 530770, 812300, 392614, 103805, 575515, 136245, 40.0, 47.1, 0.99
M, 604011, 348337, 530918, 812554, 392736, 103833, 575515, 136176, 40.0, 47.1, 1.00
M, 603962, 348348, 530805, 812650, 392744, 103786, 575631, 136271, 40.0, 47.1, 1.00
M, 603974, 348442, 530752, 812792, 392697, 103827, 575627, 136208, 40.0, 47.1, 1.00
M, 604419, 348527, 531165, 813426, 392904, 103828, 575863, 136291, 40.0, 47.0, 1.00
M, 604534, 348642, 531257, 813831, 392955, 103867, 575915, 136337, 40.0, 47.0, 1.00
M, 604984, 348771, 531632, 814462, 393082, 103911, 576068, 136429, 40.0, 47.0, 1.00
M, 605236, 348880, 531818, 814692, 393194, 103918, 576207, 136395, 40.0, 47.0, 0.99
M, 606751, 349228, 533444, 816735, 393548, 104062, 576618, 136705, 40.0, 47.0, 1.00
M, 606856, 349440, 533506, 817097, 393690, 104100, 576797, 136669, 40.0, 47.0, 1.00
M, 606840, 349507, 533276, 816983, 393731, 104041, 576699, 136711, 40.0, 47.0, 1.01
M, 606807, 349564, 533278, 817062, 393671, 104115, 576774, 136718, 40.0, 47.0, 1.00
M, 606916, 349721, 533302, 817099, 393726, 104152, 576818, 136608, 40.0, 47.0, 1.00
M, 606877, 349726, 533236, 817151, 393731, 104168, 576856, 136636, 40.0, 47.0, 1.01
M, 606655, 349779, 533011, 817139, 393801, 104135, 576865, 136618, 40.0, 47.0, 1.00
M, 606626, 349794, 532985, 817319, 393743, 104131, 576881, 136604, 40.0, 47.0, 0.99
M, 606882, 349882, 533241, 817711, 393799, 104197, 576933, 136679, 40.0, 47.0, 1.01
M, 607168, 349955, 533532, 818122, 393926, 104220, 577123, 136793, 40.0, 47.0, 1.01
M, 607382, 350084, 533653, 818296, 393891, 104205, 577170, 136694, 40.0, 47.0, 1.00
M, 607370, 350018, 533550, 818249, 393946, 104204, 577190, 136748, 40.0, 47.0, 1.00
M, 607415, 350068, 533577, 818459, 393917, 104171, 577190, 136737, 40.0, 47.0, 1.00
M, 607618, 350221, 533828, 818872, 394073, 104301, 577340, 136765, 40.0, 47.0, 1.00
M, 607709, 350227, 534002, 819140, 394059, 104240, 577376, 136842, 40.0, 47.0, 1.00
M, 608089, 350382, 534289, 819724, 394286, 104369, 577527, 136916, 40.0, 47.0, 0.99
M, 608262, 350515, 534448, 819895, 394330, 104301, 577649, 136896, 40.0, 47.0, 1.00
M, 608343, 350477, 534445, 820028, 394333, 104334, 577633, 136846, 40.0, 47.0, 1.00
M, 608330, 350592, 534550, 820327, 394382, 104364, 577682, 136809, 40.0, 47.0, 1.00
M, 608424, 350621, 534537, 820458, 394419, 104379, 577781, 136979, 40.1, 47.0, 0.99
M, 609969, 350882, 536235, 822480, 394776, 104536, 578185, 137308, 40.1, 47.0, 1.00
M, 610241, 351105, 536483, 822761, 394901, 104563, 578332, 137264, 40.1, 47.0, 1.00
M, 610117, 351197, 536260, 822480, 394838, 104536, 578292, 137169, 40.1, 47.0, 1.00
M, 609892, 351149, 536024, 822302, 394787, 104546, 578245, 137140, 40.1, 47.0, 1.00
M, 609703, 351128, 535914, 822357, 394732, 104587, 578233, 137146, 40.1, 47.0, 1.00
M, 609769, 351272, 535879, 822363, 394851, 104542, 578306, 137113, 40.1, 47.0, 1.00
M, 609776, 351168, 535777, 822335, 394802, 104541, 578248, 137127, 40.1, 47.0, 0.99
M, 609621, 351279, 535718, 822371, 394829, 104519, 578280, 137073, 40.1, 47.0, 0.99
M, 609576, 351283, 535798, 822483, 394783, 104540, 578266, 136959, 40.1, 47.0, 1.00
M, 609918, 351342, 536089, 822869, 394848, 104620, 578410, 137176, 40.1, 47.0, 1.00
M, 609848, 351338, 536054, 822955, 394864, 104617, 578380, 137113, 40.1, 47.0, 1.01
M, 609910, 351297, 536092, 823099, 394976, 104645, 578457, 137053, 40.1, 47.0, 0.99
M, 609834, 351336, 536025, 823083, 394872, 104622, 578478, 137202, 40.1, 47.0, 1.00
M, 610401, 351490, 536568, 823814, 395056, 104661, 578576, 137261, 40.1, 47.0, 0.99
M, 610420, 351548, 536653, 823945, 394999, 104657, 578642, 137219, 40.0, 47.0, 1.00
M, 610411, 351569, 536694, 824097, 395070, 104699, 578743, 137210, 40.0, 47.0, 1.01
M, 610786, 351670, 537080, 824542, 395193, 104769, 578832, 137294, 40.1, 47.0, 1.01
M, 610926, 351805, 537207, 824761, 395190, 104774, 578881, 137400, 40.1, 47.0, 1.00
M, 611230, 351771, 537517, 825376, 395261, 104757, 578952, 137409, 40.1, 47.0, 1.01
M, 611525, 351892, 537766, 825543, 395401, 104892, 579079, 137416, 40.1, 47.0, 1.00
M, 612977, 352258, 539454, 827434, 395690, 104900, 579385, 137755, 40.1, 47.0, 1.00
M, 613035, 352361, 539481, 827595, 395811, 105001, 579542, 137808, 40.1, 47.0, 1.00
M, 612767, 352405, 539207, 827403, 395731, 104915, 579493, 137671, 40.1, 47.0, 1.00
M, 612669, 352367, 539101, 827154, 395721, 104957, 579385, 137607, 40.1, 47.0, 1.01
M, 612498, 352450, 539018, 827051, 395686, 104962, 579343, 137609, 40.1, 47.0, 0.99
M, 612235, 352354, 538874, 826994, 395674, 104969, 579328, 137460, 40.1, 47.0, 1.00
M, 612228, 352438, 538836, 826798, 395694, 104959, 579344, 137577, 40.1, 47.0, 0.99
M, 612104, 352396, 538799, 826973, 395616, 105008, 579312, 137559, 40.1, 47.0, 1.00
M, 612104, 352483, 538635, 826803, 395658, 104974, 579322, 137492, 40.1, 47.0, 0.98
M, 612035, 352444, 538702, 826714, 395564, 105006, 579374, 137523, 40.1, 47.0, 1.00
M, 612222, 352462, 538926, 827264, 395675, 105075, 579415, 137567, 40.1, 47.0, 1.00
M, 612107, 352389, 538828, 827186, 395662, 105038, 579389, 137489, 40.0, 47.0, 0.99
M, 612000, 352412, 538895, 827203, 395614, 105078, 579381, 137505, 40.0, 47.0, 1.00
M, 612550, 352588, 539205, 827729, 395734, 105063, 579543, 137703, 40.1, 47.0, 1.00
M, 612695, 352641, 539462, 827998, 395758, 105066, 579565, 137664, 40.1, 47.0, 0.99
M, 612714, 352664, 539568, 827970, 395816, 105136, 579590, 137707, 40.1, 47.0, 1.01
M, 612688, 352589, 539560, 828076, 395806, 105129, 579586, 137685, 40.1, 47.0, 1.00
M, 613054, 352708, 539948, 828448, 395929, 105160, 579765, 137777, 40.1, 47.0, 1.00
M, 612917, 352738, 539911, 828642, 395891, 105150, 579758, 137734, 40.1, 47.0, 1.00
M, 613302, 352811, 540336, 829061, 396025, 105293, 579840, 137858, 40.1, 47.0, 1.00
M, 615092, 353176, 542247, 831275, 396395, 105360, 580347, 138162, 40.1, 47.0, 0.99
M, 614818, 353333, 542036, 831050, 396460, 105408, 580353, 138072, 40.1, 47.0, 1.00
M, 614671, 353383, 541965, 830989, 396379, 105410, 580334, 138022, 40.1, 47.0, 1.01
M, 614645, 353278, 541750, 830773, 396415, 105364, 580210, 138030, 40.1, 47.0, 1.00
M, 614381, 353335, 541673, 830441, 396272, 105380, 580160, 137930, 40.1, 47.0, 1.00
M, 614147, 353251, 541379, 830208, 396247, 105401, 580126, 137894, 40.1, 47.0, 1.00
M, 613971, 353188, 541354, 830189, 396215, 105355, 580034, 137885, 40.1, 47.0, 1.00
M, 613875, 353290, 541232, 830060, 396245, 105413, 580054, 137813, 40.1, 47.0, 1.00
M, 613594, 353182, 540984, 829989, 396045, 105367, 579995, 137892, 40.1, 47.0, 1.00
M, 613495, 353234, 540981, 829691, 396237, 105371, 580022, 137853, 40.1, 47.0, 1.00
M, 613616, 353197, 541027, 829838, 396057, 105346, 579972, 137813, 40.1, 47.0, 1.00
M, 613779, 353197, 541349, 830311, 396136, 105451, 580085, 137926, 40.1, 47.0, 0.99
M, 613779, 353251, 541476, 830429, 396265, 105437, 580119, 137943, 40.1, 47.1, 1.00
M, 613932, 353269, 541549, 830493, 396194, 105458, 580088, 137955, 40.1, 47.1, 1.00
M, 614294, 353282, 541878, 831005, 396257, 105435, 580181, 138077, 40.1, 47.1, 1.00
M, 614272, 353357, 542055, 831047, 396322, 105473, 580267, 138013, 40.1, 47.1, 0.99
M, 614297, 353351, 541954, 830928, 396326, 105451, 580251, 137979, 40.0, 47.1, 1.00
M, 614492, 353441, 542339, 831426, 396324, 105563, 580315, 138086, 40.0, 47.1, 1.00
M, 614390, 353316, 542306, 831450, 396295, 105532, 580325, 138047, 40.0, 47.1, 1.00
M, 614594, 353492, 542522, 831763, 396389, 105548, 580350, 138189, 40.0, 47.1, 0.99
M, 616345, 353761, 544346, 833841, 396755, 105745, 580865, 138499, 40.1, 47.1, 1.00
M, 616524, 353959, 544750, 833966, 396979, 105729, 580999, 138463, 40.1, 47.1, 1.00
M, 616099, 353934, 544367, 833624, 396880, 105761, 580866, 138407, 40.1, 47.1, 1.01
M, 616120, 353927, 544327, 833571, 396847, 105704, 580796, 138340, 40.1, 47.1, 0.99
M, 615918, 353911, 544286, 833581, 396730, 105657, 580740, 138310, 40.1, 47.1, 1.00
M, 615656, 353893, 544111, 833425, 396747, 105761, 580733, 138327, 40.1, 47.1, 0.99
M, 615990, 354022, 544219, 833417, 396815, 105761, 580758, 138308, 40.1, 47.1, 0.98
M, 615699, 353889, 544222, 833436, 396667, 105712, 580685, 138308, 40.1, 47.1, 0.99
M, 615421, 353992, 543843, 833014, 396677, 105721, 580665, 138269, 40.1, 47.1, 1.00
M, 615266, 353897, 543887, 833109, 396596, 105787, 580637, 138228, 40.1, 47.1, 1.00
M, 614632, 353844, 543228, 832266, 396523, 105747, 580482, 138137, 40.1, 47.1, 1.00
M, 614639, 353692, 543297, 832099, 396485, 105650, 580414, 138068, 40.1, 47.1, 1.00
M, 614885, 353650, 543536, 832602, 396475, 105702, 580516, 138187, 40.1, 47.1, 1.00
M, 615104, 353727, 543763, 832689, 396505, 105728, 580520, 138149, 40.1, 47.1, 1.00
M, 615014, 353739, 543842, 832923, 396570, 105790, 580555, 138208, 40.1, 47.1, 1.00
M, 615407, 353813, 544276, 833485, 396627, 105827, 580689, 138306, 40.1, 47.1, 1.00
M, 615557, 353790, 544295, 833285, 396617, 105780, 580715, 138286, 40.1, 47.1, 0.99
M, 615508, 353831, 544337, 833357, 396671, 105791, 580693, 138281, 40.1, 47.1, 1.01
M, 615637, 353799, 544655, 833838, 396751, 105869, 580773, 138339, 40.1, 47.1, 1.00
M, 615686, 353899, 544753, 834000, 396643, 105883, 580753, 138268, 40.1, 47.1, 1.00
M, 617086, 354099, 546402, 835788, 396988, 105994, 581159, 138741, 40.1, 47.1, 1.00
M, 617374, 354296, 546618, 836010, 397176, 106019, 581221, 138704, 40.1, 47.1, 1.00
M, 617236, 354348, 546439, 835615, 397095, 106031, 581243, 138618, 40.1, 47.1, 1.00
M, 616705, 354234, 545910, 835124, 396983, 106023, 581072, 138546, 40.1, 47.1, 1.01
M, 616676, 354212, 546089, 835396, 396983, 105973, 581109, 138550, 40.1, 47.1, 1.00
M, 616555, 354130, 546092, 835261, 396919, 106002, 581090, 138490, 40.1, 47.1, 1.00
M, 616490, 354271, 545984, 835186, 396931, 105984, 581080, 138576, 40.1, 47.1, 1.01
M, 616775, 354314, 546301, 835330, 397024, 105982, 581119, 138550, 40.1, 47.1, 0.99
M, 616536, 354244, 546221, 835170, 396924, 106052, 581058, 138492, 40.1, 47.1, 1.00
M, 616417, 354283, 546034, 834990, 396997, 106030, 581036, 138513, 40.1, 47.1, 1.00
M, 616349, 354213, 546155, 835023, 396886, 106008, 580992, 138445, 40.1, 47.1, 0.99
M, 616584, 354268, 546379, 835409, 396963, 106054, 581092, 138647, 40.1, 47.1, 0.99
M, 616660, 354263, 546625, 835663, 397004, 106058, 581106, 138670, 40.1, 47.1, 1.00
M, 616791, 354354, 546816, 835687, 397019, 106095, 581154, 138622, 40.1, 47.1, 1.00
M, 616725, 354330, 546735, 835616, 396974, 106101, 581151, 138576, 40.1, 47.1, 1.00
M, 616532, 354253, 546639, 835674, 396935, 106116, 581067, 138487, 40.1, 47.1, 1.00
M, 616795, 354264, 547018, 836008, 397025, 106156, 581138, 138569, 40.1, 47.1, 1.00
M, 616926, 354364, 547110, 835829, 397001, 106167, 581149, 138677, 40.1, 47.1, 1.00
M, 617116, 354390, 547373, 836450, 397052, 106144, 581245, 138745, 40.1, 47.1, 1.00
M, 617217, 354413, 547560, 836424, 397058, 106193, 581210, 138647, 40.1, 47.1, 0.99
M, 618560, 354584, 549079, 838138, 397380, 106272, 581646, 138995, 40.1, 47.1, 1.00
M, 618530, 354822, 549199, 838281, 397530, 106347, 581698, 138995, 40.1, 47.1, 1.00
M, 618258, 354780, 548979, 838005, 397441, 106371, 581615, 138876, 40.1, 47.1, 1.01
M, 617977, 354671, 548655, 837663, 397352, 106273, 581469, 138883, 40.1, 47.1, 1.00
M, 617972, 354713, 548683, 837610, 397301, 106325, 581435, 138855, 40.1, 47.1, 1.00
M, 617628, 354623, 548575, 837281, 397250, 106287, 581361, 138718, 40.1, 47.1, 1.00
M, 617507, 354569, 548366, 837070, 397150, 106267, 581282, 138695, 40.1, 47.1, 0.98
M, 617052, 354535, 548078, 836588, 397079, 106284, 581244, 138745, 40.1, 47.1, 1.00
M, 616448, 354433, 547437, 836016, 396940, 106290, 581127, 138587, 40.1, 47.1, 0.99
M, 616501, 354402, 546964, 834601, 396918, 106119, 580911, 138320, 40.1, 47.1, 1.00
M, 615805, 354163, 546837, 835194, 396767, 106120, 580911, 138394, 40.1, 47.1, 1.01
M, 615911, 354073, 547063, 835562, 396745, 106195, 580878, 138528, 40.1, 47.1, 1.00
M, 616280, 354214, 547516, 835997, 396846, 106346, 581022, 138603, 40.1, 47.1, 1.01
M, 616655, 354263, 547929, 836412, 396973, 106279, 581111, 138573, 40.1, 47.1, 1.00
M, 617060, 354372, 548180, 836635, 397047, 106307, 581228, 138731, 40.1, 47.1, 0.99
M, 617016, 354242, 548290, 836871, 396999, 106288, 581261, 138774, 40.1, 47.1, 1.00
M, 617456, 354410, 548853, 837401, 397169, 106350, 581335, 138861, 40.1, 47.1, 1.00
M, 617024, 354419, 548530, 837007, 397169, 106381, 581305, 138803, 40.1, 47.1, 1.01
M, 617472, 354371, 548967, 837492, 397198, 106401, 581390, 138801, 40.1, 47.1, 1.00
M, 617551, 354445, 549084, 837661, 397249, 106438, 581338, 138858, 40.1, 47.1, 1.01
A, 624124, 355541, 556794, 846726, 398748, 107136, 583267, 140863, 40.1, 47.1, 0.53
A, 632803, 357748, 566448, 857292, 401313, 107954, 586089, 142808, 40.1, 47.1, 0.54
A, 638474, 359674, 573230, 864915, 403043, 108601, 587940, 144094, 40.1, 47.1, 0.74
A, 643248, 361470, 579079, 871250, 404579, 109222, 589571, 145114, 40.1, 47.1, 0.82
A, 646390, 362946, 583234, 875371, 405730, 109637, 590680, 145867, 40.1, 47.1, 0.91
A, 649147, 364448, 587192, 879193, 406700, 110103, 591666, 146452, 40.0, 47.1, 0.95
A, 650986, 365762, 590208, 881756, 407551, 110458, 592357, 146805, 40.0, 47.1, 0.96
A, 652079, 366872, 592285, 883144, 408060, 110784, 592757, 147083, 40.0, 47.1, 0.97
A, 652590, 367775, 593978, 884452, 408273, 110915, 592969, 147213, 40.0, 47.1, 0.98
A, 652821, 368821, 595599, 885011, 408594, 111216, 593005, 147343, 40.0, 47.1, 0.99
A, 652577, 369273, 596317, 885163, 408609, 111300, 592918, 147371, 40.0, 47.1, 1.00
A, 652361, 370119, 597575, 885007, 408651, 111487, 592718, 147468, 40.0, 47.1, 1.00
A, 651754, 370434, 597869, 884469, 408437, 111555, 592412, 147292, 40.0, 47.1, 1.00
A, 651584, 370944, 598679, 884450, 408399, 111650, 592202, 147408, 40.0, 47.1, 1.00
A, 651085, 371375, 599413, 884113, 408287, 111799, 591921, 147479, 39.9, 47.1, 0.99
A, 650427, 371735, 599883, 883704, 408061, 111877, 591589, 147477, 39.9, 47.1, 1.00
A, 649980, 372094, 600536, 883135, 407973, 111943, 591281, 147367, 39.9, 47.1, 1.00
A, 649244, 372429, 601011, 882106, 407763, 111929, 590868, 147300, 39.9, 47.1, 1.01
A, 648202, 372593, 601075, 881252, 407429, 112021, 590393, 147218, 39.9, 47.1, 1.00
A, 647580, 372788, 601440, 880717, 407147, 112094, 590037, 147260, 39.9, 47.1, 0.99
A, 648196, 373075, 603421, 881773, 407255, 112259, 589991, 147397, 39.9, 47.2, 1.00
A, 647580, 373371, 603598, 880675, 407006, 112250, 589649, 147444, 39.9, 47.2, 1.00
A, 646416, 373458, 603490, 879609, 406708, 112359, 589149, 147375, 39.9, 47.2, 1.00
A, 645478, 373489, 603601, 878488, 406372, 112313, 588623, 147217, 39.9, 47.2, 1.01
A, 644352, 373374, 603269, 876997, 405896, 112272, 588113, 147152, 39.9, 47.2, 1.00
A, 643487, 373338, 603319, 876198, 405640, 112305, 587702, 147008, 39.9, 47.2, 1.00
A, 642522, 373341, 603254, 875129, 405308, 112305, 587282, 146985, 39.9, 47.2, 0.99
A, 641578, 373287, 603160, 874022, 404998, 112263, 586847, 146928, 39.9, 47.2, 1.00
A, 640822, 373159, 603295, 872964, 404702, 112332, 586415, 146737, 39.9, 47.2, 1.00
A, 639746, 372986, 603090, 871827, 404298, 112268, 585962, 146691, 39.9, 47.2, 0.99
A, 638586, 372820, 602574, 870268, 403937, 112217, 585525, 146556, 39.9, 47.3, 0.99
A, 637891, 372644, 602636, 869497, 403620, 112236, 585085, 146565, 39.9, 47.3, 1.00
A, 636677, 372491, 602326, 868078, 403252, 112140, 584611, 146311, 39.9, 47.3, 0.99
A, 636053, 372294, 602186, 867165, 403005, 112124, 584222, 146266, 39.9, 47.3, 1.01
A, 635470, 372067, 602339, 866674, 402758, 112186, 583963, 146275, 39.9, 47.3, 0.99
A, 634846, 371883, 602351, 865738, 402435, 112141, 583600, 146199, 39.8, 47.3, 1.00
A, 634135, 371775, 602318, 865097, 402296, 112124, 583366, 146161, 39.8, 47.3, 1.00
A, 633730, 371658, 602529, 864588, 402063, 112178, 583133, 146133, 39.8, 47.3, 1.01
A, 633041, 371412, 602360, 863354, 401799, 112085, 582749, 146016, 39.8, 47.3, 1.00
A, 632411, 371198, 602254, 862532, 401561, 112052, 582402, 145983, 39.8, 47.3, 1.00
A, 633203, 371223, 603864, 863715, 401616, 112215, 582475, 146303, 39.8, 47.3, 1.00
A, 632720, 371204, 603978, 863028, 401588, 112227, 582337, 146184, 39.8, 47.3, 1.00
A, 631930, 370992, 603715, 862145, 401303, 112232, 582002, 146102, 39.8, 47.3, 1.01
A, 631537, 370908, 603887, 861631, 401122, 112164, 581762, 146087, 39.8, 47.4, 1.00
A, 630922, 370612, 603722, 860475, 400819, 112170, 581390, 145965, 39.8, 47.4, 1.00
A, 629993, 370332, 603403, 859570, 400597, 112059, 581075, 145825, 39.8, 47.4, 1.01
A, 629295, 370116, 603177, 858859, 400356, 112064, 580781, 145792, 39.8, 47.4, 1.01
A, 628897, 370025, 603226, 858370, 400281, 112100, 580622, 145678, 39.8, 47.4, 1.01
A, 628036, 369645, 602816, 857161, 399867, 112103, 580225, 145705, 39.8, 47.4, 1.00
A, 627813, 369554, 603014, 856600, 399766, 112047, 580111, 145561, 39.8, 47.4, 0.98
A, 627247, 369294, 602808, 855858, 399536, 112059, 579864, 145522, 39.8, 47.4, 1.00
A, 626499, 369047, 602591, 855042, 399393, 111975, 579545, 145471, 39.8, 47.4, 1.00
A, 626022, 368851, 602584, 854627, 399174, 111949, 579320, 145408, 39.8, 47.4, 1.00
A, 625816, 368699, 602751, 854359, 399120, 111974, 579228, 145389, 39.8, 47.4, 1.01
A, 625560, 368515, 602907, 853843, 398971, 111995, 579051, 145437, 39.8, 47.5, 1.00
A, 625258, 368351, 602995, 853335, 398804, 111917, 578893, 145361, 39.8, 47.5, 1.00
A, 624843, 368143, 602870, 852683, 398713, 111940, 578673, 145319, 39.8, 47.5, 1.00
A, 624394, 367945, 602815, 852175, 398510, 111943, 578504, 145303, 39.8, 47.5, 1.00
A, 624221, 367815, 602997, 851817, 398442, 111894, 578318, 145229, 39.8, 47.5, 1.00
A, 623772, 367678, 602894, 851427, 398329, 111910, 578165, 145297, 39.8, 47.5, 1.01
A, 625153, 367723, 604923, 853117, 398576, 112055, 578470, 145661, 39.8, 47.5, 0.99
A, 624734, 367728, 604989, 852224, 398512, 112015, 578309, 145531, 39.8, 47.5, 1.00
A, 624053, 367549, 604527, 851422, 398286, 112016, 578039, 145337, 39.8, 47.5, 0.99
A, 623639, 367354, 604457, 850996, 398155, 111998, 577857, 145299, 39.8, 47.5, 1.00
A, 623082, 367127, 604138, 850242, 398017, 111973, 577649, 145126, 39.8, 47.5, 1.00
A, 622521, 366947, 603956, 849598, 397788, 111791, 577425, 145171, 39.8, 47.5, 1.00
A, 622037, 366730, 603754, 848983, 397669, 111928, 577241, 145114, 39.8, 47.6, 0.99
A, 621743, 366627, 603720, 848410, 397521, 111894, 577076, 145040, 39.8, 47.6, 0.99
A, 621243, 366426, 603534, 847677, 397355, 111863, 576912, 144986, 39.7, 47.5, 0.99
A, 620895, 366217, 603484, 847302, 397255, 111819, 576703, 144995, 39.7, 47.5, 0.99
A, 620443, 366035, 603456, 846617, 397164, 111804, 576588, 144769, 39.7, 47.6, 1.01
A, 619988, 365864, 603052, 845772, 396938, 111804, 576285, 144758, 39.7, 47.6, 1.00
A, 619358, 365616, 602779, 845123, 396828, 111726, 576174, 144783, 39.7, 47.6, 0.99
A, 619054, 365373, 602703, 844952, 396650, 111707, 575956, 144681, 39.7, 47.6, 1.00
A, 619081, 365309, 603067, 844842, 396652, 111793, 575955, 144767, 39.7, 47.6, 1.00
A, 618900, 365143, 603097, 844431, 396618, 111722, 575865, 144703, 39.7, 47.6, 1.00
A, 618742, 364999, 603146, 844039, 396515, 111718, 575797, 144689, 39.7, 47.6, 1.00
A, 618372, 364876, 603113, 843814, 396412, 111720, 575679, 144696, 39.7, 47.6, 1.00
A, 618598, 364866, 603646, 843831, 396409, 111717, 575661, 144706, 39.7, 47.6, 0.99
A, 618297, 364675, 603489, 843484, 396293, 111746, 575493, 144636, 39.7, 47.6, 0.99
A, 619268, 364788, 605066, 844889, 396495, 111729, 575744, 144998, 39.7, 47.6, 1.00
A, 619064, 364866, 605071, 844527, 396565, 111877, 575722, 144900, 39.7, 47.6, 1.00
A, 618694, 364673, 604672, 843562, 396412, 111784, 575482, 144705, 39.7, 47.6, 0.99
A, 617949, 364408, 604210, 842733, 396126, 111723, 575241, 144647, 39.7, 47.6, 1.00
A, 617746, 364265, 604203, 842536, 396080, 111711, 575112, 144631, 39.7, 47.6, 1.00
A, 617244, 364098, 603912, 841879, 395897, 111693, 574965, 144556, 39.7, 47.6, 0.99
A, 617139, 364036, 604114, 841779, 395904, 111654, 574921, 144592, 39.7, 47.6, 1.00
A, 616799, 363871, 604012, 841426, 395778, 111690, 574792, 144527, 39.7, 47.7, 1.00
A, 616556, 363732, 603951, 840751, 395730, 111643, 574630, 144428, 39.7, 47.7, 1.00
A, 616156, 363595, 603681, 840222, 395558, 111581, 574461, 144335, 39.7, 47.7, 1.00
A, 615699, 363416, 603404, 839813, 395527, 111557, 574349, 144265, 39.7, 47.7, 1.01
A, 615545, 363348, 603333, 839318, 395447, 111530, 574257, 144289, 39.7, 47.7, 1.00
A, 615242, 363165, 603294, 839077, 395267, 111554, 574173, 144281, 39.7, 47.7, 1.01
A, 614793, 363104, 603135, 838544, 395296, 111494, 574020, 144143, 39.7, 47.7, 0.99
A, 614623, 362875, 602983, 838196, 395086, 111510, 573887, 144144, 39.7, 47.7, 1.01
A, 614646, 362784, 603290, 838318, 395144, 111512, 573824, 144130, 39.7, 47.7, 1.00
A, 614527, 362689, 603287, 838106, 394996, 111479, 573791, 144138, 39.7, 47.7, 1.00
A, 614360, 362645, 603347, 837895, 395001, 111503, 573707, 144172, 39.7, 47.7, 1.00
A, 614398, 362539, 603602, 837936, 395032, 111515, 573766, 144168, 39.7, 47.7, 1.00
A, 614376, 362428, 603834, 837665, 394994, 111508, 573708, 144125, 39.7, 47.7, 1.01
A, 615582, 362577, 605458, 839135, 395200, 111600, 573989, 144489, 39.7, 47.7, 1.00
A, 615515, 362592, 605392, 838967, 395274, 111645, 573880, 144477, 39.7, 47.7, 1.01
A, 615050, 362530, 605094, 838244, 395121, 111589, 573786, 144311, 39.7, 47.7, 0.99
A, 614893, 362416, 605146, 838153, 395024, 111602, 573701, 144320, 39.7, 47.7, 0.99
A, 614393, 362286, 604956, 837670, 394937, 111569, 573577, 144268, 39.7, 47.7, 1.00
A, 614360, 362252, 605111, 837404, 394901, 111555, 573467, 144166, 39.7, 47.7, 1.00
A, 614004, 362148, 604823, 836914, 394790, 111481, 573305, 144120, 39.7, 47.8, 0.99
A, 613421, 361980, 604449, 836293, 394712, 111506, 573175, 144085, 39.7, 47.8, 0.99
A, 613258, 361883, 604499, 836256, 394626, 111449, 573147, 144021, 39.7, 47.8, 1.01
A, 613124, 361729, 604294, 835654, 394555, 111494, 573044, 143973, 39.7, 47.8, 1.01
A, 612809, 361670, 604097, 835127, 394394, 111419, 572901, 143904, 39.7, 47.8, 0.99
A, 612245, 361453, 603624, 834660, 394293, 111383, 572734, 143831, 39.7, 47.8, 1.00
A, 612012, 361344, 603595, 834212, 394256, 111339, 572669, 143790, 39.7, 47.8, 1.00
A, 611819, 361228, 603578, 834125, 394166, 111361, 572556, 143812, 39.7, 47.8, 1.00
A, 611420, 361063, 603136, 833207, 394029, 111289, 572398, 143643, 39.7, 47.8, 0.99
A, 611210, 360843, 603099, 833015, 393975, 111269, 572374, 143605, 39.7, 47.8, 1.00
A, 611281, 360900, 603358, 833283, 393949, 111257, 572376, 143701, 39.7, 47.8, 1.00
A, 611238, 360745, 603531, 833196, 393937, 111261, 572329, 143706, 39.7, 47.8, 1.00
A, 611144, 360686, 603374, 832855, 393884, 111287, 572211, 143668, 39.7, 47.8, 0.99
A, 611221, 360673, 603710, 832934, 393889, 111283, 572238, 143665, 39.7, 47.8, 1.00
A, 612826, 360819, 605717, 834833, 394267, 111405, 572692, 144089, 39.7, 47.8, 1.00
A, 612415, 360892, 605409, 834304, 394282, 111446, 572606, 143930, 39.7, 47.8, 0.99
A, 612233, 360855, 605421, 834252, 394198, 111393, 572528, 143951, 39.7, 47.8, 1.01
A, 611826, 360746, 605065, 833703, 394021, 111361, 572345, 143867, 39.7, 47.8, 1.00
A, 611565, 360662, 605090, 833483, 394046, 111412, 572306, 143773, 39.7, 47.8, 1.00
A, 611417, 360584, 604922, 833138, 393936, 111359, 572179, 143827, 39.7, 47.8, 1.00
A, 611408, 360580, 605006, 832910, 393898, 111224, 572112, 143729, 39.7, 47.8, 1.00
A, 611075, 360441, 604726, 832410, 393812, 111259, 572033, 143706, 39.7, 47.8, 1.00
A, 610838, 360282, 604620, 832257, 393753, 111259, 572005, 143658, 39.7, 47.8, 0.99
A, 610570, 360181, 604592, 831900, 393746, 111280, 571888, 143577, 39.7, 47.9, 1.01
A, 610407, 360058, 604445, 831696, 393605, 111282, 571785, 143622, 39.7, 47.9, 1.00
A, 610190, 360067, 604294, 831191, 393581, 111131, 571743, 143501, 39.7, 47.9, 0.98
A, 609897, 359881, 604231, 830962, 393502, 111220, 571629, 143450, 39.7, 47.9, 0.99
A, 609650, 359894, 603935, 830508, 393452, 111098, 571562, 143404, 39.7, 47.9, 1.00
A, 609430, 359697, 603904, 830332, 393305, 111103, 571490, 143434, 39.7, 47.9, 0.99
A, 609609, 359652, 604224, 830395, 393309, 111147, 571519, 143471, 39.7, 47.9, 0.99
A, 609602, 359631, 604304, 830429, 393372, 111125, 571477, 143441, 39.7, 47.9, 1.01
A, 609547, 359618, 604359, 830289, 393378, 111170, 571437, 143297, 39.7, 47.9, 1.00
A, 609311, 359511, 604314, 830020, 393241, 111123, 571353, 143341, 39.7, 47.9, 1.01
A, 609233, 359395, 604286, 829949, 393248, 111100, 571370, 143389, 39.7, 47.9, 0.99
A, 610747, 359630, 606227, 831856, 393535, 111219, 571727, 143703, 39.7, 47.9, 1.00
A, 610451, 359734, 606029, 831414, 393616, 111274, 571694, 143662, 39.7, 47.9, 0.99
A, 610433, 359681, 605988, 831240, 393568, 111243, 571630, 143692, 39.6, 47.9, 1.00
A, 610185, 359624, 605944, 830866, 393424, 111193, 571513, 143505, 39.6, 47.9, 1.00
A, 609784, 359443, 605609, 830434, 393365, 111143, 571407, 143413, 39.6, 47.9, 1.00
A, 609650, 359443, 605487, 830253, 393298, 111239, 571303, 143481, 39.6, 47.9, 1.01
A, 609199, 359322, 605234, 829705, 393197, 111149, 571165, 143335, 39.7, 47.9, 1.01
A, 609125, 359228, 605186, 829389, 393134, 111141, 571168, 143317, 39.7, 47.9, 1.00
A, 608778, 359145, 604935, 828962, 393103, 111068, 571100, 143185, 39.6, 47.9, 1.00
A, 608549, 359051, 604913, 828828, 392994, 111081, 570958, 143243, 39.6, 47.9, 1.01
A, 608606, 359059, 605098, 829000, 393012, 111052, 571003, 143269, 39.6, 48.0, 0.99
A, 608351, 358912, 604867, 828617, 392974, 111056, 570887, 143280, 39.6, 48.0, 0.99
A, 608386, 358952, 604885, 828321, 392944, 111046, 570894, 143187, 39.6, 48.0, 1.00
A, 608199, 358739, 604847, 828190, 392859, 111034, 570784, 143171, 39.6, 48.0, 1.01
A, 607831, 358752, 604575, 827669, 392876, 110940, 570744, 143042, 39.6, 48.0, 1.00
A, 607769, 358650, 604493, 827664, 392726, 110960, 570664, 143177, 39.6, 48.0, 0.99
A, 607856, 358577, 604767, 827789, 392745, 111002, 570687, 143151, 39.6, 48.0, 1.00
A, 607832, 358527, 604915, 827810, 392785, 110987, 570657, 143136, 39.6, 48.0, 1.00
A, 607896, 358511, 604907, 827506, 392786, 111004, 570686, 143083, 39.6, 48.0, 1.01
A, 607699, 358447, 604756, 827094, 392692, 110974, 570563, 143097, 39.6, 48.0, 1.00
A, 608762, 358634, 606365, 828961, 392938, 111131, 570863, 143424, 39.6, 48.0, 1.00
A, 608714, 358665, 606369, 828792, 392986, 111034, 570910, 143344, 39.6, 48.0, 1.00
A, 608461, 358606, 605951, 828201, 392916, 111068, 570792, 143335, 39.6, 48.0, 1.00
A, 608314, 358599, 606109, 828130, 392924, 111119, 570751, 143262, 39.6, 48.0, 1.01
A, 608115, 358499, 605917, 827797, 392878, 111050, 570658, 143204, 39.6, 48.0, 1.01
A, 607722, 358427, 605668, 827397, 392763, 110972, 570533, 142982, 39.6, 48.0, 1.00
A, 607692, 358327, 605671, 827339, 392658, 110981, 570473, 143063, 39.6, 48.0, 1.00
A, 607436, 358307, 605633, 827146, 392634, 110958, 570387, 143112, 39.6, 48.0, 1.00
A, 607331, 358252, 605513, 826970, 392605, 110942, 570325, 143073, 39.6, 48.0, 0.99
A, 607318, 358230, 605669, 827017, 392664, 111022, 570435, 143077, 39.6, 48.0, 1.00
A, 607415, 358178, 605760, 826769, 392599, 110944, 570392, 142971, 39.6, 48.0, 0.99
A, 607096, 358104, 605607, 826524, 392520, 110879, 570290, 142990, 39.6, 48.0, 0.99
A, 606986, 357999, 605387, 826290, 392514, 110937, 570256, 142994, 39.6, 48.0, 1.00
A, 606881, 358027, 605437, 826135, 392536, 110889, 570208, 142942, 39.6, 48.1, 1.00
A, 606737, 357895, 605363, 825951, 392381, 110921, 570129, 142937, 39.6, 48.1, 0.99
A, 606576, 357943, 605280, 825653, 392426, 110884, 570105, 142873, 39.6, 48.1, 0.99
A, 606406, 357764, 605206, 825568, 392324, 110907, 570000, 142842, 39.6, 48.1, 1.00
A, 606473, 357696, 605393, 825767, 392313, 110878, 570096, 142919, 39.6, 48.1, 1.00
A, 606477, 357741, 605544, 825700, 392309, 110904, 570104, 142915, 39.6, 48.1, 1.00
A, 606434, 357678, 605468, 825562, 392346, 110842, 569999, 142941, 39.6, 48.1, 1.00
A, 608382, 358041, 607850, 827819, 392750, 111028, 570574, 143357, 39.6, 48.0, 1.00
A, 607970, 358068, 607583, 827412, 392743, 110924, 570461, 143147, 39.6, 48.0, 0.99
A, 607699, 358028, 607347, 827109, 392730, 111030, 570342, 143170, 39.6, 48.1, 1.00
A, 607353, 357933, 607061, 826704, 392561, 111019, 570235, 143133, 39.6, 48.1, 1.01
A, 607304, 357911, 607108, 826673, 392478, 110892, 570201, 143052, 39.6, 48.1, 1.01
A, 607086, 357874, 606792, 825993, 392444, 110926, 570068, 142935, 39.6, 48.1, 1.00
A, 606671, 357719, 606504, 825528, 392334, 110855, 569964, 142870, 39.6, 48.1, 1.00
A, 606455, 357652, 606521, 825638, 392311, 110828, 569928, 142847, 39.6, 48.1, 1.00
A, 606257, 357638, 606394, 825363, 392272, 110842, 569832, 142882, 39.6, 48.1, 1.00
A, 606117, 357506, 606224, 825070, 392195, 110830, 569791, 142882, 39.6, 48.1, 1.00
A, 606019, 357503, 606229, 824887, 392147, 110868, 569773, 142877, 39.6, 48.1, 1.00
A, 605769, 357426, 606002, 824439, 392084, 110802, 569684, 142748, 39.6, 48.1, 0.99
A, 605599, 357299, 605967, 824325, 392026, 110791, 569640, 142742, 39.6, 48.1, 0.99
A, 605719, 357281, 606153, 824559, 392087, 110817, 569660, 142780, 39.6, 48.1, 1.01
A, 605268, 357210, 605801, 824020, 392026, 110732, 569573, 142708, 39.6, 48.1, 1.01
A, 605233, 357123, 605824, 824039, 391940, 110760, 569518, 142715, 39.6, 48.1, 0.98
A, 605142, 357174, 605752, 823680, 391929, 110735, 569438, 142590, 39.6, 48.1, 1.01
A, 605030, 357018, 605704, 823705, 391902, 110768, 569388, 142617, 39.6, 48.1, 1.00
A, 605154, 356964, 605890, 823853, 391925, 110781, 569438, 142698, 39.6, 48.1, 1.01
A, 605294, 356973, 606011, 823812, 391912, 110752, 569458, 142700, 39.6, 48.1, 1.00
A, 606616, 357181, 607722, 825669, 392273, 110865, 569874, 143061, 39.6, 48.1, 1.01
A, 606624, 357323, 607952, 825613, 392374, 110905, 569873, 143049, 39.6, 48.1, 1.01
A, 606643, 357322, 607817, 825317, 392276, 110861, 569793, 142874, 39.6, 48.1, 1.00
A, 606203, 357170, 607584, 824957, 392136, 110795, 569707, 142905, 39.6, 48.1, 1.00
A, 606120, 357214, 607597, 824846, 392129, 110847, 569633, 142897, 39.6, 48.1, 1.01
A, 605794, 357169, 607420, 824633, 392101, 110830, 569619, 142836, 39.6, 48.1, 1.01
A, 605947, 357088, 607480, 824435, 392147, 110868, 569522, 142784, 39.6, 48.1, 1.01
A, 605555, 357027, 607118, 823937, 391976, 110718, 569437, 142629, 39.6, 48.1, 1.00
A, 605417, 356938, 607190, 823969, 391949, 110755, 569477, 142599, 39.6, 48.1, 1.01
A, 605314, 356910, 606983, 823738, 391824, 110717, 569363, 142706, 39.6, 48.1, 1.00
A, 605028, 356850, 606922, 823592, 391845, 110762, 569298, 142614, 39.6, 48.1, 1.00
A, 605201, 356864, 607154, 823627, 391829, 110754, 569306, 142690, 39.6, 48.1, 0.99
A, 605115, 356861, 607006, 823232, 391853, 110701, 569297, 142613, 39.6, 48.1, 1.00
A, 604940, 356760, 606949, 823099, 391829, 110734, 569206, 142579, 39.6, 48.1, 1.01
A, 604626, 356725, 606753, 823054, 391667, 110653, 569117, 142471, 39.6, 48.1, 0.99
A, 604552, 356662, 606564, 822658, 391695, 110696, 569154, 142515, 39.6, 48.1, 1.00
A, 604398, 356570, 606554, 822595, 391639, 110640, 569053, 142558, 39.6, 48.1, 1.00
A, 604236, 356598, 606521, 822280, 391660, 110609, 569087, 142450, 39.6, 48.1, 0.99
A, 604024, 356426, 606386, 822203, 391545, 110575, 568960, 142365, 39.6, 48.1, 0.99
A, 604348, 356422, 606709, 822390, 391640, 110610, 568958, 142516, 39.6, 48.1, 1.00
A, 605791, 356676, 608627, 824370, 391897, 110794, 569439, 142849, 39.6, 48.1, 0.99
A, 605546, 356742, 608399, 824104, 391955, 110692, 569427, 142836, 39.6, 48.1, 1.01
A, 605557, 356711, 608447, 823994, 391948, 110774, 569401, 142785, 39.6, 48.1, 0.99
A, 605446, 356735, 608436, 823877, 391887, 110760, 569332, 142675, 39.6, 48.1, 1.00
A, 605041, 356582, 608066, 823314, 391771, 110675, 569200, 142604, 39.6, 48.1, 1.00
A, 604910, 356620, 607990, 823256, 391776, 110664, 569157, 142615, 39.6, 48.1, 1.00
A, 604809, 356499, 607805, 822961, 391724, 110670, 569103, 142572, 39.6, 48.2, 0.99
A, 604908, 356539, 608023, 823112, 391701, 110662, 569038, 142585, 39.6, 48.2, 0.99
A, 604733, 356465, 608106, 823087, 391735, 110707, 569165, 142572, 39.6, 48.2, 1.00
A, 604245, 356493, 607553, 822267, 391647, 110628, 568906, 142445, 39.6, 48.2, 1.00
A, 604047, 356256, 607299, 822007, 391500, 110565, 568860, 142399, 39.6, 48.2, 1.00
A, 603124, 356041, 606307, 820986, 391215, 110503, 568571, 142254, 39.6, 48.2, 1.00
A, 603437, 356106, 606720, 821397, 391314, 110559, 568649, 142359, 39.6, 48.2, 1.01
A, 603585, 356026, 606809, 821263, 391367, 110556, 568712, 142294, 39.6, 48.2, 1.01
A, 603396, 355967, 606745, 821138, 391361, 110512, 568694, 142289, 39.6, 48.2, 1.01
A, 603264, 355994, 606698, 821107, 391316, 110556, 568616, 142219, 39.6, 48.2, 0.99
A, 603387, 355987, 606853, 821002, 391378, 110438, 568683, 142316, 39.6, 48.2, 1.00
A, 603385, 355904, 606836, 821185, 391286, 110563, 568642, 142354, 39.6, 48.2, 0.99
A, 603403, 355920, 606781, 820993, 391388, 110521, 568663, 142282, 39.6, 48.2, 1.01
A, 603393, 355822, 606799, 820712, 391226, 110508, 568646, 142268, 39.6, 48.2, 0.99
A, 604932, 356129, 608904, 822981, 391648, 110678, 569003, 142632, 39.6, 48.2, 1.00
A, 604762, 356204, 608836, 822821, 391722, 110652, 569071, 142594, 39.6, 48.2, 1.00
A, 604493, 356142, 608567, 822445, 391649, 110622, 568911, 142587, 39.6, 48.2, 1.01
A, 604564, 356179, 608592, 822444, 391642, 110688, 568960, 142553, 39.6, 48.2, 1.01
A, 604332, 356129, 608454, 822050, 391608, 110549, 568898, 142434, 39.6, 48.2, 1.00
A, 604070, 356033, 608102, 821666, 391467, 110599, 568745, 142290, 39.6, 48.2, 0.99
A, 603968, 356005, 608352, 821731, 391524, 110534, 568776, 142431, 39.6, 48.2, 1.00
A, 603615, 355862, 607967, 821493, 391326, 110446, 568616, 142317, 39.6, 48.2, 1.01
A, 603720, 355890, 608074, 821497, 391455, 110521, 568713, 142415, 39.6, 48.2, 0.99
A, 603660, 355921, 608027, 821411, 391371, 110548, 568703, 142318, 39.6, 48.2, 1.00
A, 603730, 355856, 608175, 821370, 391403, 110544, 568686, 142310, 39.6, 48.2, 1.00
A, 603582, 355833, 608052, 821168, 391378, 110524, 568664, 142315, 39.6, 48.2, 1.00
A, 603195, 355705, 607658, 820856, 391243, 110468, 568535, 142278, 39.6, 48.2, 0.99
A, 603427, 355740, 607944, 821085, 391340, 110521, 568570, 142326, 39.6, 48.2, 1.00
A, 603356, 355764, 608068, 821117, 391347, 110548, 568558, 142313, 39.6, 48.2, 1.01
A, 603596, 355743, 608253, 821156, 391304, 110482, 568634, 142291, 39.6, 48.2, 0.99
A, 603499, 355752, 608264, 820830, 391301, 110468, 568607, 142300, 39.6, 48.2, 1.00
A, 603254, 355729, 608039, 820787, 391198, 110468, 568520, 142226, 39.6, 48.2, 1.00
A, 603048, 355597, 607933, 820627, 391173, 110451, 568501, 142226, 39.6, 48.2, 0.99
A, 603398, 355568, 608252, 820883, 391289, 110541, 568554, 142320, 39.6, 48.2, 1.01
A, 604921, 355931, 610245, 822822, 391630, 110659, 568960, 142713, 39.6, 48.2, 1.00
A, 604771, 355975, 610184, 822601, 391733, 110608, 568935, 142569, 39.6, 48.2, 1.01
A, 604275, 355952, 609732, 821961, 391581, 110582, 568840, 142436, 39.6, 48.2, 1.00
A, 604090, 355866, 609520, 821711, 391410, 110442, 568683, 142410, 39.6, 48.2, 1.00
A, 604106, 355879, 609574, 821861, 391494, 110621, 568759, 142381, 39.6, 48.2, 0.99
A, 603837, 355791, 609421, 821535, 391380, 110505, 568691, 142412, 39.6, 48.2, 0.99
A, 603840, 355777, 609585, 821621, 391453, 110593, 568649, 142430, 39.5, 48.2, 1.01
A, 603843, 355811, 609502, 821458, 391440, 110550, 568612, 142354, 39.5, 48.2, 1.00
A, 603501, 355657, 609401, 821195, 391304, 110523, 568457, 142267, 39.6, 48.2, 1.01
A, 603630, 355755, 609327, 821193, 391335, 110577, 568569, 142362, 39.6, 48.2, 0.99
A, 603415, 355755, 609165, 820912, 391210, 110521, 568453, 142297, 39.6, 48.2, 1.00
A, 603182, 355558, 609164, 820824, 391220, 110540, 568430, 142278, 39.6, 48.2, 1.00
A, 603357, 355568, 609412, 821015, 391211, 110525, 568446, 142366, 39.6, 48.2, 1.01
A, 603323, 355650, 609420, 820833, 391283, 110472, 568463, 142252, 39.6, 48.2, 1.00
A, 603243, 355634, 609428, 820781, 391223, 110476, 568432, 142265, 39.5, 48.2, 0.99
A, 602999, 355579, 609243, 820639, 391186, 110464, 568371, 142273, 39.5, 48.2, 1.01
A, 603115, 355524, 608751, 819873, 391191, 110430, 568348, 142071, 39.5, 48.2, 1.01
A, 602785, 355461, 608970, 819963, 391054, 110390, 568172, 142107, 39.5, 48.2, 0.99
A, 602407, 355335, 608654, 819763, 391120, 110413, 568218, 142080, 39.5, 48.2, 0.99
A, 602319, 355298, 608745, 819773, 390970, 110415, 568165, 142127, 39.5, 48.2, 1.00
A, 604003, 355550, 610787, 821831, 391352, 110610, 568549, 142476, 39.5, 48.2, 1.01
A, 603917, 355666, 610725, 821661, 391440, 110562, 568629, 142488, 39.6, 48.2, 1.00
A, 603727, 355668, 610421, 821155, 391410, 110503, 568448, 142359, 39.6, 48.2, 1.00
A, 603460, 355553, 609986, 820653, 391265, 110481, 568412, 142248, 39.5, 48.2, 1.00
A, 603019, 355463, 609836, 820646, 391166, 110514, 568295, 142174, 39.5, 48.2, 1.01
A, 602880, 355416, 609690, 820401, 391103, 110424, 568248, 142194, 39.5, 48.2, 1.00
A, 602672, 355371, 609540, 820173, 391064, 110420, 568145, 142187, 39.5, 48.2, 1.00
A, 602952, 355387, 609778, 820315, 391099, 110424, 568233, 142224, 39.5, 48.2, 1.00
A, 602753, 355313, 609864, 820196, 391135, 110445, 568192, 142125, 39.5, 48.2, 1.01
A, 602613, 355314, 609664, 819902, 391029, 110409, 568123, 142112, 39.6, 48.2, 1.01
A, 602557, 355258, 609659, 819800, 391047, 110415, 568065, 142117, 39.6, 48.2, 1.00
A, 602588, 355235, 609859, 820023, 391034, 110411, 568163, 142117, 39.6, 48.2, 0.99
A, 602531, 355227, 609769, 819845, 390967, 110439, 568166, 142140, 39.6, 48.2, 1.01
A, 602677, 355217, 610064, 820128, 391046, 110505, 568183, 142196, 39.6, 48.2, 0.99
A, 602747, 355256, 609996, 819804, 391023, 110399, 568128, 142081, 39.6, 48.2, 1.00
A, 602451, 355153, 609832, 819710, 390941, 110418, 568110, 142068, 39.5, 48.2, 1.00
A, 602276, 355081, 609711, 819626, 390898, 110377, 568028, 142068, 39.5, 48.2, 1.01
A, 602288, 355093, 609751, 819365, 390995, 110330, 568040, 141979, 39.5, 48.2, 0.99
A, 602103, 355027, 609607, 819294, 390865, 110376, 567952, 142036, 39.5, 48.2, 1.00
A, 602038, 355079, 609445, 819117, 390924, 110317, 568009, 141989, 39.5, 48.2, 1.01
A, 603007, 355102, 610877, 820362, 391008, 110427, 568195, 142231, 39.5, 48.2, 1.00
A, 603146, 355217, 611068, 820636, 391200, 110454, 568311, 142302, 39.5, 48.2, 1.01
A, 602894, 355221, 610796, 820262, 391068, 110421, 568214, 142199, 39.5, 48.2, 1.00
A, 602755, 355189, 610674, 820113, 391066, 110472, 568140, 142174, 39.5, 48.2, 1.00
A, 602852, 355139, 610738, 820087, 391047, 110443, 568103, 142234, 39.5, 48.2, 1.00
A, 602751, 355126, 610842, 820027, 391000, 110422, 568180, 142128, 39.5, 48.2, 0.99
A, 602461, 355107, 610586, 819651, 390971, 110417, 568044, 141981, 39.5, 48.3, 0.99
A, 602521, 355113, 610678, 819777, 391021, 110347, 568049, 142068, 39.5, 48.3, 1.00
A, 602315, 354956, 610461, 819563, 390901, 110335, 567971, 142083, 39.5, 48.3, 1.00
A, 602319, 354976, 610603, 819606, 390924, 110348, 568001, 142074, 39.5, 48.3, 1.00
A, 602369, 354984, 610722, 819685, 390926, 110321, 567998, 141990, 39.5, 48.3, 0.99
A, 602367, 354928, 610741, 819701, 390970, 110325, 568002, 142117, 39.5, 48.3, 1.00
A, 602017, 354903, 610366, 819170, 390872, 110327, 567850, 141957, 39.5, 48.3, 0.99
A, 601813, 354873, 610238, 819039, 390740, 110332, 567855, 142001, 39.5, 48.3, 0.99
A, 602130, 354863, 610595, 819238, 390805, 110360, 567896, 142051, 39.5, 48.3, 0.99
A, 602140, 354898, 610596, 819051, 390882, 110287, 567901, 141960, 39.5, 48.3, 1.00
A, 601882, 354812, 610433, 818886, 390800, 110276, 567838, 141902, 39.5, 48.3, 0.99
A, 601832, 354800, 610518, 818924, 390776, 110278, 567799, 142037, 39.5, 48.3, 1.00
A, 601682, 354793, 610290, 818737, 390744, 110352, 567784, 141939, 39.5, 48.3, 1.01
A, 601424, 354741, 610083, 818603, 390625, 110272, 567716, 141987, 39.5, 48.3, 1.00
A, 603361, 355050, 612464, 820853, 391177, 110437, 568319, 142337, 39.5, 48.3, 0.99
A, 603191, 355202, 612308, 820483, 391229, 110475, 568251, 142263, 39.5, 48.3, 1.01
A, 602970, 355071, 612075, 820345, 391107, 110407, 568135, 142166, 39.5, 48.3, 1.00
A, 602705, 354958, 611931, 820098, 391067, 110435, 568071, 142045, 39.5, 48.3, 1.01
A, 602528, 354956, 611805, 819844, 390959, 110395, 568053, 142137, 39.5, 48.3, 1.01
A, 602220, 354995, 611634, 819745, 390980, 110350, 567971, 142038, 39.5, 48.3, 1.00
A, 601976, 354811, 611070, 818933, 390794, 110335, 567850, 141962, 39.5, 48.3, 1.00
A, 601735, 354710, 610888, 818658, 390786, 110318, 567728, 141918, 39.5, 48.3, 0.99
A, 601799, 354707, 611163, 819056, 390741, 110387, 567784, 141983, 39.5, 48.3, 1.01
A, 601549, 354713, 610865, 818546, 390624, 110219, 567669, 141879, 39.5, 48.3, 0.99
A, 601429, 354620, 610791, 818447, 390657, 110282, 567706, 141983, 39.5, 48.3, 1.00
A, 601531, 354596, 610922, 818505, 390662, 110331, 567695, 141980, 39.5, 48.3, 1.00
A, 601542, 354635, 611041, 818593, 390689, 110235, 567704, 141894, 39.5, 48.3, 1.00
A, 601461, 354570, 610993, 818464, 390642, 110222, 567723, 141809, 39.5, 48.3, 1.00
A, 601418, 354526, 611026, 818456, 390627, 110209, 567654, 141917, 39.5, 48.3, 1.00
A, 601584, 354552, 611259, 818712, 390764, 110250, 567743, 141937, 39.5, 48.3, 1.00
A, 601533, 354513, 611206, 818596, 390685, 110260, 567717, 141953, 39.5, 48.3, 0.99
A, 601911, 354623, 611505, 818610, 390765, 110259, 567781, 141900, 39.5, 48.3, 0.99
A, 601693, 354522, 611460, 818749, 390714, 110278, 567728, 141908, 39.5, 48.3, 1.01
A, 601340, 354589, 611158, 818354, 390716, 110263, 567684, 141771, 39.5, 48.3, 1.01
A, 602519, 354624, 612512, 819818, 390852, 110377, 567986, 142217, 39.5, 48.3, 1.00
A, 602205, 354775, 612275, 819210, 390862, 110298, 567955, 141996, 39.5, 48.3, 0.99
A, 601959, 354628, 611996, 818922, 390781, 110295, 567840, 141971, 39.5, 48.3, 1.01
A, 602087, 354660, 612154, 819081, 390809, 110351, 567849, 141982, 39.5, 48.3, 1.00
A, 601762, 354621, 611898, 818649, 390717, 110288, 567633, 141953, 39.5, 48.3, 0.99
A, 601503, 354484, 611766, 818653, 390725, 110257, 567675, 141912, 39.5, 48.3, 1.00
A, 601687, 354492, 612035, 818891, 390747, 110217, 567776, 141959, 39.5, 48.3, 0.99
A, 601751, 354516, 612033, 818670, 390701, 110241, 567749, 141921, 39.5, 48.3, 1.00
A, 601555, 354434, 611862, 818414, 390626, 110244, 567688, 141857, 39.5, 48.3, 1.00
A, 601464, 354523, 611966, 818614, 390642, 110146, 567654, 141899, 39.5, 48.3, 0.99
A, 601359, 354367, 611772, 818405, 390520, 110187, 567617, 141863, 39.5, 48.3, 0.99
A, 601372, 354380, 611863, 818367, 390568, 110203, 567626, 141852, 39.5, 48.3, 1.00
A, 601556, 354392, 612177, 818669, 390688, 110236, 567656, 141939, 39.5, 48.3, 0.99
A, 601610, 354480, 612075, 818372, 390670, 110201, 567674, 141888, 39.5, 48.3, 1.01
A, 601386, 354353, 612085, 818270, 390584, 110185, 567623, 141918, 39.5, 48.3, 1.00
A, 601249, 354325, 612011, 818318, 390607, 110223, 567617, 141917, 39.5, 48.3, 0.99
A, 601334, 354297, 612141, 818469, 390582, 110213, 567618, 141902, 39.5, 48.3, 1.01
A, 601372, 354350, 612045, 818312, 390580, 110236, 567574, 141905, 39.5, 48.3, 1.00
A, 601511, 354295, 612286, 818405, 390651, 110234, 567666, 141919, 39.5, 48.3, 1.00
A, 601170, 354259, 612028, 818135, 390520, 110226, 567561, 141843, 39.5, 48.3, 1.00
M, 598028, 353929, 607680, 812699, 389836, 109679, 566616, 140527, 39.5, 48.3, 0.00
M, 592120, 352400, 600649, 806057, 387980, 109112, 564405, 139198, 39.5, 48.3, 0.62
M, 583756, 349917, 590099, 795207, 385226, 108200, 561095, 137195, 39.6, 48.3, 0.79
M, 579749, 348332, 584932, 789826, 383687, 107692, 559478, 136281, 39.6, 48.3, 0.84
M, 575868, 346742, 579907, 784955, 382320, 107174, 558057, 135488, 39.6, 48.3, 0.90
M, 572415, 345153, 575197, 780388, 381054, 106707, 556918, 134634, 39.6, 48.3, 0.93
M, 569775, 343856, 571343, 776821, 380165, 106293, 556127, 134089, 39.6, 48.3, 0.96
M, 568072, 342752, 568268, 774115, 379463, 105988, 555589, 133753, 39.6, 48.3, 0.98
M, 566545, 341562, 565452, 771771, 378861, 105685, 555086, 133296, 39.6, 48.3, 0.98
M, 565279, 340536, 562953, 769956, 378279, 105345, 554719, 133055, 39.6, 48.3, 0.99
M, 564564, 339747, 560918, 768657, 377938, 105155, 554520, 132804, 39.6, 48.3, 1.00
M, 564327, 339040, 559564, 767991, 377687, 104991, 554431, 132760, 39.6, 48.3, 1.00
M, 564339, 338377, 558321, 767638, 377651, 104891, 554580, 132678, 39.6, 48.3, 1.00
M, 564624, 337807, 557585, 767808, 377637, 104679, 554703, 132666, 39.6, 48.2, 1.00
M, 565277, 337352, 557014, 768099, 377761, 104600, 555061, 132558, 39.6, 48.2, 0.99
M, 565668, 336934, 556290, 768470, 377845, 104514, 555270, 132613, 39.7, 48.2, 0.99
M, 566339, 336527, 555984, 769084, 377984, 104489, 555662, 132648, 39.7, 48.2, 1.00
M, 567067, 336320, 555663, 769780, 378205, 104467, 556062, 132744, 39.7, 48.1, 1.00
M, 567829, 336075, 555520, 770481, 378359, 104353, 556395, 132770, 39.7, 48.1, 1.00
M, 568930, 335853, 555441, 771497, 378810, 104280, 556902, 132861, 39.7, 48.1, 1.00
M, 570930, 335859, 556842, 773983, 379227, 104397, 557611, 133193, 39.7, 48.1, 1.00
M, 571593, 335841, 556397, 774552, 379631, 104356, 558143, 133159, 39.7, 48.1, 0.99
M, 571952, 335665, 556169, 775038, 379738, 104318, 558276, 133181, 39.7, 48.1, 1.00
M, 572746, 335568, 555817, 775688, 380090, 104339, 558849, 133234, 39.7, 48.1, 1.00
M, 573291, 335449, 555577, 776291, 380220, 104297, 558998, 133225, 39.7, 48.1, 1.00
M, 574089, 335381, 555741, 777423, 380500, 104281, 559485, 133271, 39.7, 48.1, 1.00
M, 574304, 335316, 555130, 777631, 380648, 104252, 559712, 133268, 39.7, 48.1, 1.00
M, 575165, 335229, 555237, 778449, 380948, 104261, 560071, 133358, 39.7, 48.1, 1.00
M, 576166, 335351, 555752, 779889, 381316, 104299, 560620, 133544, 39.7, 48.1, 1.00
M, 577132, 335346, 555874, 780873, 381675, 104356, 561157, 133446, 39.7, 48.1, 1.00
M, 577626, 335421, 555574, 781334, 381844, 104279, 561471, 133578, 39.7, 48.1, 1.00
M, 578499, 335493, 555990, 782636, 382218, 104275, 561828, 133695, 39.7, 48.1, 1.00
M, 579253, 335594, 556148, 783578, 382465, 104320, 562264, 133788, 39.7, 48.1, 1.00
M, 579859, 335698, 556210, 784338, 382800, 104359, 562657, 133771, 39.7, 48.1, 1.01
M, 580946, 335839, 556581, 785521, 383161, 104421, 563093, 134002, 39.7, 48.0, 1.00
M, 581685, 336014, 556761, 786348, 383440, 104456, 563498, 133964, 39.7, 48.0, 0.99
M, 582299, 336111, 556855, 787246, 383705, 104445, 563851, 134042, 39.7, 48.0, 1.00
M, 582943, 336200, 556948, 787960, 383941, 104441, 564223, 134109, 39.7, 48.0, 1.00
M, 583686, 336409, 557445, 789120, 384253, 104516, 564597, 134252, 39.7, 48.0, 1.00
M, 584379, 336576, 557580, 789896, 384490, 104545, 564942, 134317, 39.7, 48.0, 1.01
M, 587081, 337148, 559809, 793022, 385321, 104741, 565828, 134785, 39.8, 48.0, 1.00
M, 587358, 337369, 559804, 793621, 385512, 104751, 566156, 134712, 39.8, 48.0, 1.00
M, 587507, 337605, 559400, 793879, 385733, 104686, 566343, 134701, 39.8, 47.9, 1.00
M, 587699, 337534, 559320, 794209, 385761, 104702, 566476, 134636, 39.8, 47.9, 1.00
M, 588437, 337799, 559651, 794959, 386015, 104737, 566797, 134797, 39.8, 47.9, 1.00
M, 588823, 337957, 559666, 795782, 386228, 104796, 567055, 134826, 39.8, 47.9, 1.00
M, 589292, 338181, 559767, 796278, 386496, 104803, 567345, 134737, 39.8, 47.9, 1.01
M, 589601, 338354, 559587, 796595, 386558, 104796, 567493, 134825, 39.8, 47.9, 0.99
M, 589937, 338413, 559675, 797228, 386731, 104808, 567723, 134843, 39.8, 47.9, 1.00
M, 590489, 338558, 559905, 798099, 386953, 104826, 568014, 134968, 39.8, 47.9, 1.00
M, 590772, 338695, 559878, 798421, 387160, 104862, 568239, 134904, 39.8, 47.9, 1.00
M, 591516, 338919, 560291, 799299, 387323, 104825, 568517, 135095, 39.8, 47.9, 1.00
M, 591999, 339148, 560531, 800025, 387510, 104912, 568816, 135090, 39.8, 47.9, 0.99
M, 592346, 339284, 560538, 800475, 387721, 104821, 568957, 135111, 39.8, 47.9, 1.01
M, 592849, 339521, 560698, 801149, 387812, 104961, 569228, 135228, 39.8, 47.9, 1.00
M, 593216, 339672, 560905, 801654, 388065, 104977, 569452, 135236, 39.8, 47.9, 1.00
M, 593634, 339837, 560826, 802148, 388213, 104984, 569661, 135123, 39.8, 47.9, 1.00
M, 593950, 339982, 560821, 802527, 388352, 105016, 569827, 135320, 39.8, 47.9, 1.00
M, 594123, 340156, 560962, 803189, 388463, 105000, 570032, 135276, 39.8, 47.9, 1.00
M, 594660, 340314, 561330, 803806, 388636, 105051, 570210, 135363, 39.8, 47.9, 0.99
M, 596253, 340651, 562981, 806079, 389060, 105267, 570781, 135700, 39.8, 47.9, 1.00
M, 596843, 341022, 563061, 806332, 389338, 105194, 571021, 135711, 39.8, 47.9, 1.00
M, 596896, 341153, 562812, 806566, 389371, 105191, 571089, 135698, 39.8, 47.9, 1.00
M, 596742, 341237, 562395, 806541, 389458, 105187, 571218, 135633, 39.8, 47.8, 1.00
M, 596854, 341294, 562382, 806757, 389439, 105188, 571262, 135640, 39.8, 47.8, 1.00
M, 597270, 341464, 562678, 807512, 389638, 105206, 571419, 135725, 39.8, 47.8, 1.00
M, 597574, 341570, 562928, 807967, 389768, 105262, 571600, 135740, 39.8, 47.8, 1.00
M, 597953, 341832, 563044, 808253, 389912, 105277, 571749, 135724, 39.8, 47.8, 1.00
M, 598115, 341841, 562864, 808400, 389962, 105243, 571810, 135754, 39.8, 47.8, 1.00
M, 598254, 341972, 562949, 808964, 390018, 105279, 571961, 135787, 39.8, 47.8, 0.99
M, 598677, 342138, 563215, 809551, 390149, 105310, 572195, 135869, 39.8, 47.8, 1.00
M, 598824, 342304, 563206, 809802, 390263, 105341, 572342, 135923, 39.8, 47.8, 1.00
M, 599243, 342447, 563474, 810218, 390334, 105305, 572459, 135927, 39.8, 47.8, 1.01
M, 599246, 342517, 563339, 810421, 390463, 105261, 572539, 135880, 39.8, 47.8, 1.00
M, 599489, 342664, 563342, 810736, 390507, 105299, 572628, 135933, 39.8, 47.8, 1.00
M, 599981, 342778, 563756, 811603, 390602, 105339, 572848, 135962, 39.8, 47.8, 1.00
M, 600133, 342937, 563822, 811993, 390826, 105421, 572963, 136049, 39.8, 47.8, 1.00
M, 600375, 343040, 563894, 812290, 390881, 105413, 573084, 136053, 39.8, 47.8, 0.99
M, 600944, 343317, 564427, 813081, 391045, 105445, 573339, 136239, 39.8, 47.8, 1.01
M, 601375, 343444, 564699, 813604, 391187, 105474, 573499, 136192, 39.8, 47.8, 1.00
M, 602988, 343794, 566347, 815773, 391579, 105617, 573944, 136605, 39.8, 47.8, 1.00
M, 603237, 344028, 566434, 816018, 391784, 105668, 574109, 136612, 39.8, 47.8, 1.01
M, 603034, 344136, 566084, 815781, 391828, 105610, 574156, 136469, 39.8, 47.8, 1.01
M, 602915, 344157, 565911, 815847, 391665, 105642, 574066, 136495, 39.8, 47.8, 1.00
M, 602943, 344358, 565762, 815774, 391859, 105642, 574182, 136399, 39.8, 47.8, 1.00
M, 602852, 344281, 565610, 815985, 391704, 105608, 574144, 136406, 39.8, 47.8, 1.00
M, 603150, 344415, 565845, 816408, 391835, 105621, 574348, 136522, 39.8, 47.8, 1.00
M, 603266, 344459, 565956, 816797, 391945, 105696, 574427, 136535, 39.8, 47.8, 1.00
M, 603484, 344650, 566078, 816840, 391888, 105662, 574482, 136527, 39.8, 47.8, 1.00
M, 604023, 344899, 566489, 817567, 392139, 105711, 574724, 136578, 39.8, 47.8, 0.99
M, 603883, 344815, 566376, 817671, 392143, 105656, 574674, 136513, 39.8, 47.8, 0.99
M, 604253, 345005, 566596, 818105, 392283, 105756, 574881, 136653, 39.8, 47.8, 1.00
M, 604237, 345075, 566595, 818266, 392264, 105747, 574896, 136657, 39.8, 47.8, 0.99
M, 604662, 345257, 566875, 818777, 392359, 105730, 575039, 136721, 39.8, 47.7, 1.00
M, 604831, 345287, 566857, 818664, 392416, 105707, 574991, 136706, 39.8, 47.7, 1.00
M, 604848, 345305, 566885, 818956, 392416, 105737, 575109, 136697, 39.8, 47.7, 1.00
M, 605006, 345506, 567118, 819537, 392488, 105826, 575235, 136758, 39.8, 47.7, 1.00
M, 605165, 345497, 567134, 819688, 392562, 105789, 575328, 136784, 39.8, 47.7, 1.00
M, 605259, 345591, 567109, 819813, 392575, 105829, 575380, 136816, 39.8, 47.7, 1.00
M, 605731, 345717, 567611, 820548, 392799, 105829, 575489, 136896, 39.8, 47.7, 1.00
M, 607394, 346198, 569444, 822649, 393154, 106050, 576021, 137143, 39.8, 47.7, 1.00
M, 607322, 346324, 569236, 822504, 393283, 106001, 576046, 137178, 39.8, 47.7, 1.00
M, 607399, 346349, 569314, 822760, 393225, 106024, 576092, 137160, 39.8, 47.7, 1.00
M, 607000, 346382, 568791, 822330, 393327, 105977, 576055, 137086, 39.8, 47.7, 1.00
M, 606901, 346413, 568724, 822409, 393182, 105983, 575999, 137037, 39.8, 47.7, 1.00
M, 606947, 346528, 568642, 822479, 393236, 106035, 576138, 137079, 39.8, 47.7, 1.00
M, 606890, 346531, 568629, 822480, 393185, 105967, 576070, 137039, 39.8, 47.7, 1.00
M, 607120, 346661, 568755, 822781, 393252, 105978, 576156, 137083, 39.8, 47.7, 0.99
M, 607174, 346659, 568745, 822951, 393293, 106025, 576190, 137126, 39.9, 47.7, 1.01
M, 607265, 346782, 568921, 823216, 393273, 106027, 576286, 137096, 39.9, 47.7, 1.00
M, 607556, 346806, 569249, 823677, 393376, 106037, 576383, 137186, 39.9, 47.7, 1.00
M, 607320, 346817, 568968, 823218, 393389, 106068, 576361, 137128, 39.9, 47.7, 1.00
M, 606598, 346615, 567938, 822513, 393144, 105916, 576121, 136925, 39.9, 47.7, 1.00
M, 607020, 346743, 568430, 823166, 393264, 105994, 576252, 137038, 39.9, 47.7, 1.00
M, 607221, 346814, 568721, 823520, 393297, 106022, 576367, 137082, 39.9, 47.7, 1.00
M, 607775, 346991, 569047, 823973, 393525, 106060, 576507, 137136, 39.9, 47.7, 1.00
M, 607777, 347020, 569069, 824068, 393501, 106032, 576573, 137141, 39.9, 47.7, 1.00
M, 608039, 347150, 569433, 824675, 393563, 106080, 576742, 137179, 39.9, 47.7, 1.01
M, 608194, 347153, 569472, 824754, 393699, 106112, 576751, 137264, 39.9, 47.7, 1.00
M, 608373, 347206, 569600, 825096, 393673, 106109, 576752, 137259, 39.9, 47.7, 0.99
M, 610151, 347608, 571727, 827455, 394132, 106319, 577364, 137686, 39.8, 47.7, 0.99
M, 610258, 347863, 571709, 827233, 394171, 106295, 577424, 137594, 39.8, 47.7, 1.00
M, 610057, 347865, 571437, 827116, 394196, 106272, 577359, 137550, 39.9, 47.7, 1.00
M, 609918, 347859, 571283, 827260, 394185, 106301, 577388, 137545, 39.9, 47.7, 1.01
M, 609939, 347932, 571208, 827105, 394213, 106265, 577349, 137495, 39.9, 47.7, 1.00
M, 609689, 347899, 571119, 826991, 394134, 106298, 577279, 137554, 39.9, 47.7, 0.99
M, 609588, 348014, 571036, 827024, 394177, 106261, 577367, 137485, 39.9, 47.7, 1.00
M, 609605, 347965, 570995, 827066, 394169, 106361, 577370, 137431, 39.9, 47.7, 1.00
M, 609962, 348003, 571354, 827605, 394207, 106374, 577437, 137576, 39.9, 47.7, 1.00
M, 609982, 348085, 571402, 827784, 394230, 106293, 577469, 137615, 39.9, 47.7, 1.01
M, 609964, 348109, 571487, 827918, 394244, 106367, 577553, 137652, 39.9, 47.7, 1.01
M, 610326, 348189, 571821, 828260, 394306, 106403, 577657, 137603, 39.9, 47.7, 1.00
M, 610592, 348348, 571968, 828369, 394431, 106382, 577676, 137636, 39.9, 47.7, 1.01
M, 610285, 348298, 571695, 828199, 394269, 106398, 577639, 137644, 39.9, 47.6, 1.00
M, 610461, 348369, 571875, 828557, 394371, 106338, 577681, 137622, 39.9, 47.6, 1.00
M, 610601, 348408, 572042, 828711, 394388, 106386, 577736, 137713, 39.9, 47.7, 1.00
M, 610851, 348488, 572402, 829219, 394458, 106422, 577838, 137812, 39.9, 47.7, 1.00
M, 611036, 348533, 572597, 829531, 394530, 106480, 577893, 137866, 39.9, 47.6, 1.00
M, 611223, 348680, 572776, 829573, 394634, 106491, 577968, 137807, 39.9, 47.6, 1.00
M, 611145, 348653, 572687, 829653, 394573, 106446, 578012, 137804, 39.9, 47.6, 1.00
M, 612559, 348873, 574293, 831557, 394896, 106646, 578390, 138139, 39.9, 47.6, 1.00
M, 612708, 349109, 574521, 831792, 395043, 106616, 578534, 138053, 39.9, 47.6, 0.99
M, 612616, 349103, 574345, 831545, 395021, 106668, 578382, 138122, 39.9, 47.6, 1.00
M, 612659, 349282, 574412, 831609, 395074, 106657, 578463, 138096, 39.9, 47.6, 1.01
M, 612456, 349213, 574197, 831478, 394940, 106705, 578376, 138093, 39.9, 47.6, 1.00
M, 612317, 349276, 574015, 831272, 394925, 106619, 578366, 138007, 39.9, 47.6, 1.00
M, 612089, 349243, 573892, 831341, 394942, 106674, 578294, 138019, 39.9, 47.6, 1.00
M, 611951, 349323, 573659, 830925, 394874, 106591, 578304, 137879, 39.9, 47.6, 1.00
M, 611777, 349170, 573656, 830787, 394803, 106592, 578271, 137934, 39.9, 47.6, 0.99
M, 612019, 349186, 573967, 831243, 394874, 106706, 578314, 138051, 39.9, 47.6, 1.00
M, 612076, 349280, 574027, 831343, 394838, 106560, 578355, 137973, 39.9, 47.6, 1.00
M, 612098, 349292, 573971, 831369, 394929, 106632, 578346, 138027, 39.9, 47.6, 1.00
M, 612390, 349339, 574349, 831759, 394992, 106657, 578430, 138129, 39.9, 47.6, 1.01
M, 612365, 349393, 574370, 831779, 394996, 106646, 578463, 138054, 39.9, 47.6, 1.00
M, 612304, 349405, 574310, 831746, 394919, 106636, 578442, 137981, 39.9, 47.6, 1.00
M, 612275, 349387, 574420, 831816, 394917, 106673, 578375, 138032, 39.9, 47.6, 1.00
M, 612578, 349418, 574670, 832315, 395073, 106727, 578574, 138101, 39.9, 47.6, 1.00
M, 612506, 349445, 574699, 832310, 394997, 106706, 578478, 138121, 39.9, 47.6, 1.00
M, 612842, 349584, 575040, 832763, 395124, 106766, 578639, 138165, 39.9, 47.6, 1.00
M, 613027, 349631, 575189, 832876, 395125, 106759, 578719, 138188, 39.9, 47.6, 0.99
M, 614476, 349901, 576935, 834720, 395500, 106905, 579124, 138546, 39.9, 47.6, 1.00
M, 614520, 350008, 576875, 834838, 395554, 106953, 579174, 138558, 39.9, 47.6, 1.00
M, 614363, 350025, 576795, 834553, 395481, 106878, 579066, 138467, 39.9, 47.6, 1.00
M, 614089, 350140, 576635, 834555, 395459, 106883, 579026, 138451, 39.9, 47.6, 1.00
M, 614008, 350154, 576425, 834225, 395432, 106877, 579073, 138299, 39.9, 47.6, 1.00
M, 613886, 350152, 576436, 834188, 395384, 106904, 578983, 138374, 39.9, 47.6, 1.00
M, 613538, 350101, 576127, 833892, 395334, 106874, 578967, 138329, 39.9, 47.6, 1.00
M, 613419, 349998, 576014, 833849, 395261, 106863, 578831, 138317, 39.9, 47.6, 1.01
M, 613598, 350085, 576316, 834035, 395320, 106883, 578892, 138452, 39.9, 47.6, 1.00
M, 613728, 350109, 576510, 834250, 395368, 106942, 578951, 138441, 39.9, 47.6, 1.00
M, 613772, 350134, 576668, 834484, 395372, 106915, 579007, 138414, 39.9, 47.6, 1.00
M, 613734, 350129, 576586, 834297, 395366, 106881, 579013, 138265, 39.9, 47.6, 1.00
M, 613692, 350115, 576568, 834411, 395358, 106964, 578980, 138413, 39.9, 47.6, 1.00
M, 613922, 350196, 576882, 834849, 395350, 106949, 579006, 138414, 39.9, 47.6, 0.99
M, 613876, 350164, 576934, 834801, 395396, 106955, 579066, 138534, 39.9, 47.6, 1.00
M, 614191, 350249, 577286, 835108, 395398, 106999, 579142, 138479, 39.9, 47.6, 1.00
M, 614183, 350317, 577308, 835108, 395490, 106942, 579109, 138495, 39.9, 47.6, 1.00
M, 614188, 350301, 577259, 835094, 395522, 106971, 579120, 138490, 39.9, 47.6, 1.00
M, 614377, 350324, 577364, 835321, 395501, 106993, 579107, 138559, 39.9, 47.6, 1.01
M, 614404, 350370, 577419, 835379, 395538, 107018, 579184, 138613, 39.9, 47.6, 1.00
M, 615840, 350650, 579263, 837236, 395841, 107141, 579564, 138931, 39.9, 47.6, 1.00
M, 615702, 350770, 579094, 836937, 395950, 107141, 579582, 138713, 39.9, 47.6, 1.00
M, 615681, 350698, 579092, 837007, 395853, 107046, 579570, 138857, 39.9, 47.6, 1.00
M, 615446, 350757, 578944, 836994, 395839, 107138, 579502, 138743, 39.9, 47.6, 1.00
M, 615176, 350719, 578833, 836767, 395752, 107149, 579457, 138804, 39.9, 47.6, 1.00
M, 615373, 350771, 578797, 836594, 395765, 107070, 579452, 138746, 39.9, 47.6, 1.00
M, 615042, 350769, 578701, 836398, 395687, 107116, 579333, 138640, 39.9, 47.6, 1.00
M, 614765, 350768, 578424, 836158, 395659, 107155, 579342, 138617, 39.9, 47.6, 1.01
M, 614685, 350665, 578321, 836136, 395583, 107072, 579282, 138660, 39.9, 47.6, 0.99
M, 614865, 350733, 578680, 836472, 395549, 107166, 579312, 138735, 39.9, 47.6, 1.00
M, 614907, 350717, 578757, 836544, 395642, 107123, 579366, 138726, 39.9, 47.6, 1.00
M, 615017, 350775, 578813, 836436, 395699, 107149, 579350, 138699, 39.9, 47.6, 1.00
M, 614893, 350716, 578672, 836216, 395635, 107096, 579367, 138670, 39.9, 47.6, 1.00
M, 614565, 350666, 578426, 836202, 395513, 107129, 579253, 138627, 39.9, 47.6, 1.00
M, 614704, 350668, 578804, 836512, 395588, 107084, 579255, 138647, 39.9, 47.6, 1.01
M, 614777, 350698, 578816, 836563, 395581, 107174, 579342, 138717, 39.9, 47.6, 1.00
M, 615167, 350758, 579267, 836925, 395668, 107171, 579382, 138827, 39.9, 47.6, 1.00
M, 615177, 350762, 579375, 836984, 395663, 107139, 579416, 138781, 39.9, 47.6, 0.99
M, 615106, 350762, 579288, 836893, 395660, 107129, 579418, 138704, 39.9, 47.6, 0.99
M, 615223, 350806, 579510, 837053, 395670, 107206, 579445, 138802, 39.9, 47.6, 1.00
M, 616780, 351120, 581285, 839191, 396053, 107352, 579873, 139168, 39.9, 47.6, 1.00
M, 616831, 351217, 581461, 839177, 396159, 107415, 579953, 139199, 39.9, 47.6, 1.00
M, 616559, 351295, 581249, 838979, 396106, 107353, 579903, 139090, 39.9, 47.6, 1.00
M, 616532, 351170, 581116, 838735, 396050, 107357, 579848, 139018, 39.9, 47.6, 0.99
M, 616146, 351248, 580866, 838391, 395957, 107332, 579726, 139023, 39.9, 47.6, 1.00
M, 616133, 351193, 580829, 838438, 395963, 107327, 579757, 139034, 39.9, 47.6, 1.00
M, 615850, 351164, 580570, 838068, 395851, 107340, 579696, 138952, 39.9, 47.6, 1.01
M, 615619, 351111, 580464, 838007, 395835, 107338, 579585, 138931, 39.9, 47.6, 1.00
M, 615609, 351141, 580263, 837666, 395883, 107297, 579578, 138938, 39.9, 47.6, 1.00
M, 615512, 351115, 580445, 837714, 395749, 107284, 579515, 138923, 39.9, 47.6, 1.00
M, 615660, 351114, 580668, 838023, 395763, 107340, 579593, 138934, 39.9, 47.6, 1.00
M, 615722, 351129, 580683, 838099, 395859, 107349, 579679, 138994, 39.9, 47.6, 1.00
M, 615763, 351144, 580701, 838097, 395793, 107413, 579637, 139040, 39.9, 47.6, 1.00
M, 615996, 351199, 581145, 838381, 395924, 107385, 579699, 139112, 39.9, 47.6, 1.00
M, 616128, 351273, 581281, 838585, 395953, 107423, 579726, 139113, 39.9, 47.6, 1.00
M, 615981, 351261, 581260, 838560, 395875, 107396, 579696, 138919, 39.9, 47.6, 1.00
M, 615879, 351225, 581251, 838574, 395863, 107402, 579695, 139025, 39.9, 47.6, 1.00
M, 616162, 351305, 581548, 838822, 395872, 107376, 579760, 139136, 39.9, 47.6, 1.00
M, 616212, 351221, 581488, 838628, 395950, 107383, 579759, 139016, 39.9, 47.6, 1.00
M, 616163, 351224, 581420, 838547, 395922, 107398, 579705, 139070, 39.9, 47.6, 1.00
M, 617385, 351463, 583138, 840502, 396188, 107502, 580082, 139358, 39.9, 47.6, 0.99
M, 617452, 351625, 583256, 840567, 396282, 107599, 580210, 139385, 39.9, 47.6, 1.00
M, 617344, 351606, 582921, 840139, 396295, 107571, 580081, 139363, 39.9, 47.6, 1.00
M, 617302, 351659, 583210, 840331, 396282, 107556, 580050, 139422, 39.9, 47.6, 1.00
M, 617088, 351602, 583000, 839938, 396265, 107544, 580058, 139348, 39.9, 47.6, 0.99
M, 616472, 351609, 582522, 839437, 396145, 107497, 579955, 139133, 39.9, 47.6, 1.00
M, 616538, 351466, 582531, 839501, 396024, 107512, 579914, 139188, 39.9, 47.6, 1.00
M, 616437, 351493, 582454, 839298, 396004, 107531, 579890, 139189, 39.9, 47.5, 1.00
M, 616326, 351476, 582350, 839281, 395973, 107526, 579851, 139207, 39.9, 47.5, 1.00
M, 616256, 351491, 582329, 839129, 396024, 107507, 579819, 139183, 39.9, 47.5, 1.00
M, 616159, 351399, 582341, 839106, 395965, 107508, 579818, 139126, 39.9, 47.5, 0.99
M, 616331, 351462, 582489, 839371, 395922, 107497, 579750, 139151, 39.9, 47.5, 1.00
M, 616324, 351435, 582620, 839468, 395976, 107581, 579905, 139280, 39.9, 47.5, 1.00
M, 616401, 351397, 582679, 839486, 395996, 107555, 579871, 139284, 39.9, 47.5, 1.01
M, 616736, 351520, 583049, 839911, 396070, 107629, 579911, 139328, 39.9, 47.5, 1.00
M, 616797, 351551, 583143, 839730, 396073, 107544, 579948, 139278, 39.9, 47.5, 1.00
M, 616609, 351490, 583152, 839632, 395964, 107533, 579889, 139259, 39.9, 47.5, 1.00
M, 616448, 351465, 582938, 839617, 395968, 107532, 579873, 139212, 39.9, 47.5, 1.00
M, 616464, 351427, 582964, 839660, 396003, 107512, 579853, 139258, 39.9, 47.5, 1.00
M, 616585, 351528, 583093, 839710, 396029, 107569, 579868, 139313, 39.9, 47.5, 1.00
