State, OV, Alc, H2, AC1, NH3, AC2, VOC, LP, Temp, Hud, AirFlow
A, 559879, 336469, 632166, 777949, 359087, 108339, 519145, 148256, 42.9, 49.9, 0.00
A, 552016, 334385, 621731, 768812, 356632, 107443, 516415, 146097, 42.9, 49.9, 0.63
A, 544800, 332020, 611503, 759182, 354110, 106615, 513715, 144267, 42.9, 49.9, 0.71
A, 538239, 329617, 601839, 750686, 351368, 105781, 510792, 142541, 42.7, 49.7, 0.81
A, 532683, 327370, 592728, 743062, 348950, 104990, 508530, 141102, 42.7, 49.7, 0.91
A, 528885, 325697, 585839, 737737, 347529, 104333, 507437, 140054, 42.6, 49.1, 0.94
A, 526264, 324534, 580632, 734261, 346643, 103894, 506946, 139358, 42.6, 49.1, 0.97
A, 524529, 323506, 576181, 731518, 346155, 103422, 506794, 138892, 42.4, 48.7, 0.97
A, 523477, 322615, 572537, 729533, 345870, 103080, 506869, 138519, 42.4, 48.7, 0.98
A, 523089, 322002, 569642, 728494, 345789, 102851, 507208, 138406, 42.3, 48.3, 0.99
A, 522800, 321424, 566608, 727189, 345919, 102498, 507614, 138149, 42.3, 48.3, 0.99
A, 522881, 320883, 564367, 726719, 346064, 102254, 508072, 138123, 42.2, 48.0, 1.00
A, 523563, 320595, 562942, 726863, 346344, 102170, 508659, 138083, 42.2, 48.0, 1.00
A, 524133, 320303, 561422, 727037, 346746, 102006, 509395, 138101, 42.1, 47.8, 1.00
A, 524982, 320075, 560500, 727589, 347130, 101859, 510008, 138227, 42.1, 47.8, 1.00
A, 526058, 319980, 559518, 728127, 347601, 101759, 510805, 138282, 42.0, 47.6, 1.00
A, 527536, 319966, 558984, 729193, 348200, 101744, 511761, 138385, 42.0, 47.6, 1.00
A, 528549, 319961, 558232, 729862, 348678, 101667, 512550, 138448, 42.0, 47.4, 1.00
A, 529475, 319912, 557515, 730616, 349229, 101581, 513302, 138509, 42.0, 47.4, 1.00
A, 530849, 320113, 556694, 731417, 349930, 101507, 514292, 138624, 41.9, 47.2, 0.99
A, 532739, 320249, 557660, 733548, 350551, 101576, 515164, 139055, 41.9, 47.2, 1.00
A, 534410, 320717, 557120, 734594, 351454, 101497, 516384, 139070, 41.9, 47.0, 1.00
A, 535287, 320772, 556737, 735165, 351853, 101495, 516989, 139122, 41.9, 47.0, 1.00
A, 536613, 321076, 556657, 736509, 352496, 101568, 517818, 139260, 41.9, 47.0, 0.99
A, 537780, 321332, 556404, 737498, 353054, 101523, 518669, 139439, 41.8, 46.8, 1.00
A, 538927, 321614, 556116, 738338, 353615, 101538, 519440, 139521, 41.8, 46.8, 1.00
A, 540372, 322003, 556208, 739550, 354312, 101576, 520374, 139693, 41.7, 46.7, 1.00
A, 541654, 322380, 556148, 740701, 355009, 101531, 521147, 139681, 41.7, 46.7, 1.00
A, 542709, 322636, 555878, 741515, 355439, 101536, 521906, 139761, 41.7, 46.5, 1.00
A, 543655, 323028, 555679, 742224, 356017, 101592, 522587, 139896, 41.7, 46.5, 1.00
A, 544909, 323365, 555702, 743378, 356700, 101615, 523418, 140018, 41.6, 46.4, 1.00
A, 545807, 323650, 555613, 744192, 357168, 101663, 524029, 140109, 41.6, 46.4, 1.00
A, 547280, 324262, 555671, 745060, 357794, 101601, 524932, 140223, 41.6, 46.4, 1.00
A, 547985, 324589, 555486, 745919, 358305, 101723, 525552, 140250, 41.6, 46.4, 1.00
A, 548982, 324993, 555663, 746932, 358830, 101715, 526306, 140374, 41.5, 46.3, 1.00
A, 549736, 325337, 555344, 747486, 359330, 101682, 526844, 140463, 41.5, 46.3, 1.01
A, 550910, 325775, 555616, 748528, 359848, 101798, 527595, 140589, 41.5, 46.2, 1.00
A, 551612, 326228, 555418, 749030, 360380, 101749, 528289, 140559, 41.5, 46.2, 1.01
A, 552355, 326570, 555188, 749542, 360859, 101778, 528849, 140589, 41.5, 46.1, 1.00
A, 553116, 326973, 555175, 750211, 361273, 101827, 529433, 140659, 41.5, 46.1, 1.00
A, 555448, 327773, 556921, 752878, 362235, 102022, 530580, 141065, 41.4, 46.1, 1.00
A, 555910, 328129, 556789, 753264, 362567, 102013, 531018, 141116, 41.4, 46.1, 0.99
A, 556508, 328750, 556278, 753575, 363103, 101985, 531697, 140970, 41.4, 46.0, 1.00
A, 556805, 328937, 555900, 753612, 363344, 101998, 532006, 141026, 41.4, 46.0, 1.00
A, 557391, 329283, 555904, 754430, 363775, 102062, 532528, 141113, 41.4, 46.0, 1.00
A, 557977, 329706, 555756, 754880, 364174, 102088, 533048, 141026, 41.4, 46.0, 1.00
A, 558560, 330063, 555613, 755355, 364512, 102095, 533483, 141094, 41.4, 46.0, 1.00
A, 559384, 330530, 555823, 756198, 364964, 102095, 534045, 141204, 41.3, 45.9, 1.01
A, 560018, 330969, 555652, 756494, 365405, 102121, 534633, 141236, 41.3, 45.9, 1.00
A, 560428, 331277, 555513, 756835, 365662, 102168, 535054, 141229, 41.3, 45.9, 1.01
A, 561045, 331732, 555563, 757509, 366085, 102236, 535578, 141329, 41.3, 45.9, 1.00
A, 561583, 332086, 555467, 758017, 366434, 102288, 535987, 141329, 41.3, 45.8, 1.00
A, 562224, 332538, 555531, 758611, 366849, 102279, 536461, 141449, 41.3, 45.8, 1.00
A, 562812, 332800, 555484, 759113, 367150, 102293, 536891, 141415, 41.2, 45.8, 1.00
A, 563542, 333364, 555785, 759931, 367542, 102290, 537433, 141494, 41.2, 45.8, 1.00
A, 563909, 333733, 555555, 760281, 367818, 102362, 537913, 141436, 41.2, 45.8, 1.00
A, 564539, 334080, 555771, 760857, 368274, 102417, 538275, 141601, 41.2, 45.8, 1.00
A, 565091, 334488, 555761, 761461, 368576, 102399, 538723, 141631, 41.2, 45.7, 0.99
A, 565638, 334814, 555853, 761965, 368942, 102505, 539148, 141726, 41.2, 45.7, 1.00
A, 566483, 335363, 556008, 762536, 369337, 102493, 539682, 141688, 41.2, 45.7, 1.00
A, 568172, 335869, 557677, 764908, 369892, 102675, 540385, 142090, 41.2, 45.7, 1.00
A, 568436, 336478, 557317, 764922, 370276, 102673, 540802, 141976, 41.1, 45.7, 1.00
A, 568577, 336666, 557096, 765174, 370478, 102682, 541036, 141995, 41.1, 45.7, 1.00
A, 568783, 337111, 556764, 765229, 370804, 102690, 541419, 141910, 41.1, 45.7, 1.00
A, 569018, 337299, 556482, 765236, 370868, 102672, 541535, 141878, 41.1, 45.7, 1.00
A, 569427, 337626, 556628, 765772, 371107, 102750, 541941, 141944, 41.1, 45.7, 0.99
A, 569777, 337857, 556414, 766035, 371459, 102711, 542240, 141954, 41.1, 45.7, 1.00
A, 570007, 338298, 556391, 766538, 371674, 102721, 542573, 141996, 41.1, 45.7, 1.00
A, 570630, 338583, 556647, 767129, 371860, 102754, 542911, 142011, 41.1, 45.6, 1.00
A, 571123, 338980, 556677, 767508, 372211, 102843, 543334, 142025, 41.1, 45.6, 1.01
A, 570826, 339190, 555819, 766950, 372268, 102826, 543447, 141858, 41.0, 45.6, 1.00
A, 571154, 339403, 555857, 767561, 372485, 102795, 543669, 141900, 41.0, 45.6, 0.99
A, 571746, 339743, 556110, 768193, 372773, 102853, 543993, 141840, 41.0, 45.6, 1.00
A, 572260, 340065, 556281, 768703, 372986, 102939, 544379, 142025, 41.0, 45.6, 0.99
A, 572880, 340426, 556618, 769434, 373311, 102967, 544777, 142129, 41.0, 45.6, 1.00
A, 573337, 340846, 556603, 769729, 373623, 102985, 545085, 142125, 41.0, 45.6, 1.00
A, 573657, 341073, 556552, 769957, 373796, 102902, 545280, 142061, 41.0, 45.6, 0.99
A, 574097, 341382, 556789, 770716, 374031, 103048, 545702, 142180, 41.0, 45.6, 1.00
A, 574347, 341633, 556694, 771056, 374255, 103057, 545946, 142196, 41.0, 45.6, 1.00
A, 574713, 341910, 556670, 771355, 374503, 103089, 546207, 142207, 41.0, 45.6, 1.00
A, 576687, 342520, 558585, 773660, 375142, 103221, 546953, 142546, 40.9, 45.6, 1.00
A, 576717, 342924, 558358, 773708, 375317, 103272, 547171, 142534, 40.9, 45.6, 1.00
A, 576692, 343179, 557811, 773464, 375475, 103295, 547344, 142413, 40.9, 45.6, 1.00
A, 576684, 343321, 557722, 773726, 375502, 103316, 547444, 142353, 40.9, 45.6, 1.00
A, 576983, 343599, 557770, 774048, 375663, 103294, 547647, 142483, 40.9, 45.6, 0.99
A, 577149, 343781, 557725, 774317, 375847, 103327, 547876, 142430, 40.9, 45.6, 1.00
A, 577452, 344087, 557747, 774542, 375967, 103359, 548069, 142394, 40.9, 45.6, 1.01
A, 577472, 344297, 557339, 774516, 376109, 103309, 548275, 142333, 40.9, 45.6, 1.01
A, 577420, 344433, 557083, 774652, 376158, 103322, 548368, 142326, 40.9, 45.6, 1.00
A, 577831, 344645, 557337, 775158, 376401, 103406, 548702, 142305, 40.9, 45.7, 1.01
A, 578150, 344880, 557326, 775428, 376583, 103405, 548910, 142378, 40.9, 45.7, 0.99
A, 578538, 345093, 557214, 775733, 376707, 103467, 549079, 142360, 40.8, 45.7, 0.99
A, 578838, 345375, 557392, 776023, 376948, 103471, 549352, 142354, 40.8, 45.7, 1.00
A, 579057, 345578, 557314, 776195, 377101, 103504, 549445, 142324, 40.8, 45.6, 0.99
A, 579286, 345806, 557369, 776744, 377250, 103526, 549749, 142369, 40.8, 45.6, 0.99
A, 579417, 345962, 557242, 776887, 377315, 103545, 549967, 142380, 40.8, 45.6, 1.00
A, 579951, 346218, 557523, 777279, 377599, 103564, 550180, 142405, 40.8, 45.6, 1.01
A, 579975, 346338, 557289, 777342, 377644, 103580, 550268, 142318, 40.8, 45.7, 1.01
A, 580147, 346560, 557429, 777853, 377822, 103565, 550459, 142372, 40.8, 45.7, 1.01
A, 580336, 346724, 557322, 778146, 378002, 103664, 550662, 142327, 40.8, 45.7, 1.01
A, 581955, 347094, 558910, 779869, 378350, 103747, 551187, 142761, 40.8, 45.7, 1.00
A, 582151, 347508, 558742, 779953, 378636, 103808, 551432, 142668, 40.7, 45.7, 1.01
A, 582042, 347639, 558477, 779823, 378661, 103771, 551481, 142599, 40.7, 45.7, 1.01
A, 581863, 347806, 557941, 779675, 378730, 103750, 551576, 142456, 40.7, 45.7, 1.00
A, 581806, 347841, 557819, 779774, 378684, 103824, 551600, 142403, 40.7, 45.7, 1.00
A, 582134, 348079, 557953, 780126, 378851, 103842, 551832, 142402, 40.7, 45.7, 0.99
A, 582204, 348134, 557821, 780276, 378951, 103844, 551923, 142467, 40.7, 45.7, 0.99
A, 582405, 348256, 557809, 780426, 379125, 103846, 552101, 142450, 40.7, 45.7, 1.00
A, 582422, 348385, 557520, 780373, 379144, 103846, 552214, 142346, 40.7, 45.7, 1.00
A, 582537, 348477, 557459, 780676, 379230, 103868, 552347, 142359, 40.7, 45.7, 1.01
A, 582298, 348629, 557115, 780512, 379340, 103855, 552483, 142381, 40.7, 45.7, 1.00
A, 582706, 348712, 557194, 780899, 379363, 103839, 552504, 142334, 40.7, 45.7, 1.00
A, 583080, 348967, 557522, 781482, 379615, 103925, 552815, 142466, 40.7, 45.7, 1.01
A, 583411, 349126, 557613, 781649, 379719, 103912, 552952, 142387, 40.7, 45.7, 1.01
A, 583507, 349257, 557501, 781814, 379893, 103955, 553081, 142313, 40.7, 45.8, 1.00
A, 583794, 349426, 557595, 782242, 379913, 103935, 553294, 142422, 40.7, 45.8, 0.99
A, 583826, 349512, 557554, 782457, 380018, 103982, 553385, 142299, 40.6, 45.8, 1.00
A, 584294, 349631, 557869, 782853, 380151, 104058, 553521, 142462, 40.6, 45.8, 1.00
A, 584494, 349875, 557877, 783216, 380313, 104022, 553702, 142458, 40.6, 45.8, 1.00
A, 584777, 349989, 557976, 783545, 380367, 104032, 553875, 142427, 40.6, 45.8, 1.00
A, 586327, 350370, 559576, 785327, 380833, 104309, 554345, 142732, 40.6, 45.8, 1.00
A, 586501, 350659, 559510, 785593, 381013, 104267, 554534, 142718, 40.6, 45.8, 1.00
A, 586027, 350725, 558888, 785094, 381036, 104229, 554530, 142441, 40.6, 45.8, 1.00
A, 586033, 350742, 558607, 785034, 380942, 104217, 554517, 142480, 40.6, 45.8, 1.00
A, 585804, 350917, 558268, 784903, 381052, 104237, 554632, 142428, 40.6, 45.8, 1.00
A, 585787, 350925, 558111, 784985, 381049, 104217, 554640, 142404, 40.6, 45.8, 0.99
A, 586056, 351082, 558218, 785195, 381115, 104310, 554806, 142453, 40.6, 45.8, 1.00
A, 586088, 351025, 558125, 785300, 381219, 104278, 554914, 142362, 40.6, 45.8, 1.00
A, 586213, 351173, 558109, 785556, 381276, 104292, 554969, 142412, 40.6, 45.8, 1.00
A, 586542, 351350, 558309, 785973, 381361, 104319, 555181, 142471, 40.6, 45.8, 1.00
A, 586789, 351528, 558453, 786300, 381568, 104383, 555277, 142383, 40.6, 45.8, 1.00
A, 586765, 351537, 558289, 786419, 381581, 104313, 555368, 142390, 40.6, 45.9, 0.99
A, 586708, 351655, 558024, 786398, 381632, 104388, 555469, 142369, 40.6, 45.9, 1.00
A, 587031, 351755, 558276, 786792, 381762, 104411, 555606, 142352, 40.6, 45.9, 1.00
A, 587244, 351853, 558222, 786772, 381820, 104384, 555725, 142332, 40.6, 45.9, 1.00
A, 587175, 351878, 557968, 786763, 381870, 104365, 555762, 142325, 40.5, 45.9, 1.00
A, 587467, 351962, 558063, 787198, 381943, 104424, 555870, 142299, 40.5, 45.9, 1.00
A, 587504, 352046, 558200, 787278, 382022, 104406, 555995, 142321, 40.5, 45.9, 1.00
A, 587757, 352191, 558343, 787780, 382154, 104535, 556107, 142385, 40.5, 45.9, 1.01
A, 587877, 352287, 558338, 787996, 382173, 104467, 556201, 142403, 40.5, 46.0, 1.00
A, 589507, 352604, 559907, 789738, 382608, 104608, 556688, 142616, 40.5, 46.0, 1.00
A, 589400, 352844, 559669, 789633, 382712, 104615, 556799, 142524, 40.5, 46.0, 1.00
A, 589333, 352919, 559547, 789793, 382718, 104626, 556791, 142539, 40.5, 46.0, 1.00
A, 589145, 352947, 558999, 789256, 382754, 104619, 556806, 142362, 40.5, 46.0, 1.00
A, 588948, 352945, 558960, 789440, 382677, 104638, 556825, 142392, 40.5, 46.0, 1.00
A, 588985, 353028, 558636, 789313, 382809, 104612, 556940, 142244, 40.5, 46.0, 1.00
A, 588916, 353037, 558491, 789241, 382745, 104630, 556853, 142242, 40.5, 46.0, 0.99
A, 589099, 353064, 558691, 789724, 382824, 104697, 557041, 142267, 40.5, 46.0, 1.01
A, 589190, 353123, 558673, 789884, 382893, 104586, 557111, 142222, 40.5, 46.0, 1.00
A, 589192, 353224, 558510, 789871, 382943, 104699, 557136, 142270, 40.5, 46.0, 1.00
A, 589662, 353319, 558890, 790464, 383074, 104695, 557321, 142399, 40.5, 46.0, 0.99
A, 589851, 353364, 558981, 790634, 383173, 104710, 557432, 142296, 40.5, 46.0, 1.00
A, 589809, 353446, 558852, 790641, 383158, 104675, 557523, 142220, 40.5, 46.0, 1.00
A, 589994, 353470, 558933, 790911, 383261, 104766, 557601, 142349, 40.5, 46.0, 0.99
A, 590052, 353591, 558879, 790953, 383341, 104768, 557651, 142291, 40.4, 46.0, 1.01
A, 590303, 353677, 559090, 791326, 383457, 104835, 557795, 142334, 40.4, 46.0, 0.99
A, 590420, 353743, 559088, 791641, 383480, 104793, 557848, 142271, 40.4, 46.1, 1.00
A, 590668, 353868, 559245, 791868, 383602, 104798, 558005, 142259, 40.4, 46.1, 1.00
A, 590632, 353898, 559123, 791956, 383630, 104874, 558018, 142259, 40.4, 46.1, 1.00
A, 590746, 353933, 559276, 792288, 383690, 104895, 558101, 142246, 40.4, 46.1, 1.01
A, 592222, 354321, 560824, 794049, 384027, 104981, 558565, 142653, 40.4, 46.1, 0.98
A, 592379, 354491, 560827, 794026, 384189, 105026, 558680, 142507, 40.4, 46.1, 1.01
A, 592120, 354513, 560440, 793821, 384163, 105052, 558594, 142409, 40.4, 46.1, 0.98
A, 591942, 354463, 560169, 793633, 384182, 105040, 558645, 142426, 40.4, 46.1, 1.00
A, 591727, 354609, 559827, 793447, 384122, 105069, 558677, 142278, 40.4, 46.1, 1.00
A, 591625, 354524, 559683, 793479, 384126, 105058, 558641, 142325, 40.4, 46.1, 1.00
A, 591573, 354590, 559449, 793260, 384158, 105008, 558695, 142214, 40.4, 46.2, 1.01
A, 591492, 354565, 559355, 793322, 384136, 105064, 558732, 142132, 40.4, 46.2, 0.99
A, 591551, 354616, 559400, 793660, 384218, 105087, 558725, 142202, 40.4, 46.2, 1.00
A, 591741, 354694, 559491, 793884, 384210, 105043, 558845, 142238, 40.4, 46.2, 1.01
A, 591772, 354646, 559429, 793859, 384276, 105074, 558892, 142217, 40.4, 46.2, 1.00
A, 592132, 354791, 559774, 794433, 384402, 105117, 559065, 142285, 40.4, 46.2, 1.01
A, 592169, 354838, 559711, 794402, 384466, 105181, 559091, 142081, 40.4, 46.2, 1.01
A, 592182, 354852, 559607, 794346, 384463, 105187, 559163, 142145, 40.3, 46.2, 1.01
A, 592106, 354894, 559542, 794532, 384459, 105162, 559167, 142188, 40.3, 46.2, 1.00
A, 592508, 354966, 559722, 794967, 384574, 105156, 559255, 142215, 40.3, 46.2, 1.00
A, 592400, 354936, 559647, 795032, 384585, 105222, 559326, 142156, 40.3, 46.2, 0.99
A, 592873, 355046, 560006, 795309, 384752, 105252, 559440, 142212, 40.3, 46.3, 1.00
A, 592952, 355166, 560088, 795583, 384816, 105275, 559558, 142050, 40.3, 46.3, 1.00
A, 592409, 355055, 559403, 794957, 384640, 105219, 559424, 142043, 40.3, 46.3, 1.00
A, 592915, 355049, 559954, 795693, 384786, 105288, 559559, 142207, 40.3, 46.3, 1.00
A, 593363, 355259, 560342, 796107, 384964, 105275, 559742, 142197, 40.3, 46.3, 0.98
A, 593318, 355401, 560200, 796319, 384997, 105314, 559772, 142205, 40.3, 46.3, 1.00
A, 593642, 355461, 560336, 796448, 385116, 105334, 559927, 142180, 40.3, 46.3, 1.00
A, 593592, 355446, 560341, 796604, 385119, 105373, 559887, 142198, 40.3, 46.3, 1.00
A, 593469, 355498, 560143, 796517, 385218, 105333, 560020, 142102, 40.3, 46.3, 0.99
A, 593331, 355467, 559969, 796494, 385030, 105311, 559933, 141965, 40.3, 46.3, 1.00
A, 593094, 355456, 559555, 796146, 385096, 105348, 560002, 141956, 40.3, 46.4, 1.01
A, 593110, 355466, 559515, 796119, 385007, 105327, 559892, 141894, 40.3, 46.4, 1.00
A, 593399, 355354, 559721, 796592, 385148, 105370, 560117, 142020, 40.3, 46.4, 1.00
A, 593539, 355473, 559766, 796720, 385135, 105403, 560043, 141953, 40.3, 46.4, 1.01
A, 593530, 355446, 559848, 796978, 385224, 105429, 560238, 142031, 40.3, 46.4, 1.00
A, 593926, 355639, 560211, 797449, 385396, 105469, 560325, 142045, 40.3, 46.4, 1.00
A, 594194, 355622, 560373, 797333, 385402, 105474, 560454, 142052, 40.3, 46.4, 1.00
A, 594096, 355662, 560262, 797610, 385420, 105462, 560426, 142016, 40.3, 46.4, 1.01
A, 594194, 355697, 560219, 797747, 385480, 105469, 560498, 142029, 40.3, 46.4, 1.00
A, 594386, 355741, 560440, 798105, 385627, 105517, 560550, 142035, 40.3, 46.4, 1.00
A, 594468, 355770, 560561, 798291, 385616, 105583, 560612, 142090, 40.3, 46.4, 1.01
A, 594762, 355876, 560768, 798645, 385733, 105503, 560707, 142053, 40.3, 46.4, 1.00
A, 594880, 355995, 560761, 798773, 385788, 105645, 560844, 141994, 40.3, 46.4, 1.00
A, 596141, 356155, 562059, 800116, 386100, 105722, 561181, 142315, 40.3, 46.5, 1.00
A, 596083, 356320, 562139, 800490, 386171, 105749, 561270, 142265, 40.3, 46.5, 1.01
A, 595874, 356262, 561948, 800386, 386109, 105715, 561221, 142188, 40.3, 46.5, 1.01
A, 595683, 356264, 561632, 800059, 386067, 105738, 561175, 142093, 40.3, 46.5, 0.99
A, 595852, 356358, 561728, 800154, 386125, 105725, 561236, 142093, 40.2, 46.5, 1.00
A, 595571, 356346, 561551, 800031, 386078, 105752, 561180, 142033, 40.2, 46.5, 1.00
A, 595454, 356370, 561136, 799776, 386083, 105771, 561189, 141989, 40.2, 46.5, 1.00
A, 594585, 356204, 560301, 799011, 385873, 105665, 561001, 141813, 40.2, 46.5, 0.99
A, 594650, 356198, 560141, 798972, 385963, 105682, 561032, 141796, 40.2, 46.5, 1.00
A, 594727, 356119, 560189, 798964, 385890, 105632, 561009, 141674, 40.2, 46.5, 1.00
A, 595002, 356150, 560589, 799566, 385952, 105712, 561108, 141788, 40.2, 46.5, 0.99
A, 595012, 356189, 560436, 799465, 385974, 105682, 561136, 141781, 40.2, 46.5, 1.00
A, 594983, 356154, 560502, 799719, 386010, 105788, 561225, 141823, 40.2, 46.5, 1.01
A, 595405, 356269, 560921, 800260, 386207, 105769, 561344, 141787, 40.2, 46.6, 1.00
A, 595573, 356329, 560859, 800205, 386259, 105815, 561435, 141865, 40.2, 46.6, 1.00
A, 595608, 356255, 560809, 800262, 386211, 105765, 561496, 141750, 40.2, 46.6, 1.01
A, 595728, 356319, 560917, 800536, 386280, 105795, 561491, 141833, 40.2, 46.6, 1.00
A, 596024, 356421, 561198, 800869, 386356, 105911, 561602, 141898, 40.2, 46.6, 0.99
A, 595997, 356388, 561261, 801103, 386352, 105883, 561700, 141898, 40.2, 46.6, 0.99
A, 596381, 356460, 561600, 801571, 386451, 105888, 561765, 141908, 40.2, 46.6, 1.00
A, 598187, 356860, 563618, 803529, 386861, 106030, 562254, 142307, 40.2, 46.6, 1.00
A, 597984, 356921, 563257, 803347, 387043, 106008, 562283, 142179, 40.2, 46.6, 0.99
A, 597745, 356992, 563230, 803383, 386917, 106062, 562258, 142187, 40.2, 46.6, 1.00
A, 597598, 356937, 563035, 803328, 386984, 106099, 562208, 141992, 40.2, 46.7, 0.98
A, 597516, 356969, 562886, 803137, 386862, 106013, 562172, 142045, 40.2, 46.7, 1.00
A, 597660, 357136, 562950, 803174, 387026, 106106, 562290, 142033, 40.2, 46.7, 0.99
A, 597438, 357029, 562749, 803123, 386956, 106106, 562188, 141995, 40.2, 46.7, 1.01
A, 597143, 357050, 562474, 802932, 386892, 106083, 562174, 141913, 40.2, 46.7, 1.01
A, 597081, 356960, 562396, 802936, 386801, 106126, 562145, 141910, 40.2, 46.7, 0.99
A, 597174, 357035, 562537, 803125, 386921, 106131, 562193, 141843, 40.2, 46.7, 1.00
A, 597213, 357058, 562643, 803303, 386994, 106165, 562276, 141868, 40.2, 46.7, 1.01
A, 597289, 357066, 562654, 803183, 386913, 106162, 562301, 141847, 40.2, 46.7, 0.99
A, 597159, 356975, 562451, 803045, 386920, 106062, 562295, 141754, 40.2, 46.8, 1.00
A, 597057, 356921, 562225, 803060, 386937, 106105, 562263, 141781, 40.2, 46.8, 1.00
A, 597327, 356966, 562565, 803434, 386924, 106147, 562346, 141807, 40.1, 46.8, 1.01
A, 597285, 357001, 562593, 803575, 386978, 106136, 562342, 141849, 40.1, 46.8, 1.01
A, 597547, 357055, 562927, 803883, 386991, 106237, 562465, 141887, 40.1, 46.8, 1.00
A, 597761, 357165, 563115, 803871, 387150, 106206, 562560, 141868, 40.1, 46.8, 1.00
A, 597657, 357036, 562995, 804028, 387136, 106211, 562550, 141818, 40.1, 46.8, 1.01
A, 597713, 357098, 563059, 804226, 387113, 106212, 562575, 141844, 40.1, 46.8, 1.00
A, 599153, 357401, 564711, 806074, 387486, 106393, 562954, 142177, 40.1, 46.8, 0.99
A, 599376, 357594, 564906, 806091, 387640, 106390, 563073, 142206, 40.1, 46.8, 1.01
A, 599132, 357543, 564646, 806064, 387534, 106372, 562955, 142068, 40.1, 46.8, 1.00
A, 598936, 357573, 564448, 805780, 387523, 106373, 562929, 142015, 40.1, 46.8, 1.00
A, 598696, 357441, 564148, 805424, 387509, 106355, 562913, 141931, 40.1, 46.9, 1.00
A, 598375, 357387, 563883, 805213, 387354, 106351, 562769, 141791, 40.1, 46.9, 1.00
A, 598405, 357490, 563862, 805244, 387467, 106320, 562853, 141856, 40.1, 46.9, 0.98
A, 598297, 357412, 563645, 804926, 387351, 106356, 562777, 141712, 40.1, 46.9, 1.00
A, 597992, 357373, 563342, 804764, 387371, 106331, 562844, 141673, 40.1, 46.9, 1.00
A, 597808, 357228, 563231, 804826, 387250, 106311, 562733, 141649, 40.1, 46.9, 1.00
A, 598078, 357258, 563440, 804986, 387300, 106428, 562793, 141788, 40.1, 46.9, 1.00
A, 598198, 357361, 563618, 805105, 387350, 106435, 562853, 141745, 40.1, 46.9, 1.00
A, 598185, 357404, 563613, 805186, 387376, 106409, 562868, 141756, 40.1, 46.9, 1.01
A, 597990, 357317, 563454, 805060, 387384, 106394, 562861, 141698, 40.1, 46.9, 1.00
A, 598049, 357268, 563464, 805088, 387306, 106399, 562883, 141696, 40.1, 46.9, 1.00
A, 598157, 357205, 563538, 805282, 387425, 106411, 562884, 141695, 40.1, 46.9, 1.00
A, 598102, 357221, 563575, 805385, 387409, 106439, 562907, 141648, 40.1, 46.9, 1.00
A, 598327, 357249, 563933, 805903, 387440, 106487, 563057, 141721, 40.1, 46.9, 1.00
A, 598590, 357325, 563954, 805791, 387504, 106472, 563051, 141702, 40.1, 46.9, 1.00
A, 598341, 357303, 563795, 805648, 387449, 106462, 563062, 141654, 40.1, 47.0, 1.00
A, 599663, 357447, 565337, 807565, 387804, 106649, 563357, 141936, 40.1, 47.0, 1.01
A, 599666, 357646, 565124, 807302, 387841, 106654, 563481, 141907, 40.1, 47.0, 1.00
A, 599346, 357591, 564952, 807140, 387775, 106613, 563319, 141877, 40.1, 47.0, 1.00
A, 599465, 357582, 565088, 807316, 387873, 106595, 563477, 141879, 40.1, 47.0, 1.00
A, 599453, 357625, 565111, 807134, 387814, 106650, 563367, 141764, 40.1, 47.0, 1.01
A, 599217, 357559, 564843, 806992, 387770, 106576, 563345, 141680, 40.1, 47.0, 0.99
A, 598989, 357533, 564598, 806881, 387739, 106546, 563205, 141680, 40.1, 47.0, 0.99
A, 599113, 357592, 564608, 806830, 387729, 106617, 563317, 141685, 40.1, 47.0, 0.99
A, 598899, 357443, 564486, 806907, 387773, 106643, 563272, 141616, 40.1, 47.0, 1.00
A, 598863, 357469, 564347, 806712, 387735, 106618, 563312, 141576, 40.0, 47.0, 1.00
A, 598624, 357416, 564299, 806605, 387708, 106650, 563235, 141460, 40.0, 47.0, 0.99
A, 598907, 357353, 564526, 806980, 387726, 106648, 563327, 141565, 40.0, 47.0, 1.00
A, 598965, 357414, 564662, 807073, 387770, 106729, 563363, 141570, 40.0, 47.0, 0.99
A, 598882, 357393, 564591, 807134, 387821, 106668, 563354, 141643, 40.0, 47.0, 1.00
A, 599117, 357466, 564917, 807452, 387860, 106714, 563452, 141584, 40.0, 47.1, 1.01
A, 599394, 357494, 565106, 807673, 387885, 106726, 563499, 141630, 40.0, 47.1, 1.00
A, 599267, 357461, 564986, 807634, 387861, 106749, 563494, 141540, 40.0, 47.1, 1.01
A, 599239, 357446, 564940, 807568, 387866, 106690, 563499, 141617, 40.0, 47.1, 0.99
A, 599545, 357524, 565186, 807883, 387976, 106765, 563586, 141640, 40.0, 47.1, 1.01
A, 599528, 357462, 565288, 808050, 387964, 106743, 563601, 141635, 40.0, 47.1, 1.00
A, 601206, 357839, 567341, 810229, 388350, 106975, 564150, 142064, 40.0, 47.1, 1.00
A, 601149, 357986, 567267, 810111, 388488, 106960, 564152, 141928, 40.0, 47.1, 0.99
A, 600787, 357854, 566817, 809767, 388342, 106932, 563981, 141872, 40.0, 47.1, 1.00
A, 600617, 357896, 566834, 809586, 388306, 106931, 563928, 141823, 40.0, 47.1, 1.00
A, 600508, 357828, 566656, 809542, 388323, 106935, 563932, 141746, 40.0, 47.1, 0.99
A, 600425, 357869, 566441, 809196, 388259, 106918, 563941, 141721, 40.0, 47.1, 1.00
A, 600110, 357770, 566172, 808882, 388209, 106913, 563841, 141638, 40.0, 47.1, 0.99
A, 600052, 357718, 566193, 809001, 388156, 106885, 563785, 141633, 40.0, 47.1, 1.00
A, 599774, 357757, 565867, 808621, 388155, 106953, 563772, 141572, 40.0, 47.1, 0.99
A, 599641, 357661, 565821, 808746, 388020, 106906, 563735, 141594, 40.0, 47.1, 1.00
A, 599662, 357656, 565690, 808382, 388143, 106894, 563791, 141546, 40.0, 47.2, 0.99
A, 599471, 357590, 565713, 808331, 387984, 106855, 563592, 141483, 40.0, 47.2, 1.01
A, 599560, 357498, 565895, 808802, 388062, 106954, 563756, 141535, 40.0, 47.2, 1.00
A, 599654, 357486, 565944, 808774, 388024, 106897, 563782, 141534, 40.0, 47.2, 1.00
A, 599603, 357530, 565829, 808746, 388051, 106915, 563782, 141535, 40.0, 47.2, 0.99
A, 599949, 357585, 566251, 809108, 388196, 106973, 563824, 141587, 40.0, 47.2, 1.00
A, 599884, 357537, 566262, 809126, 388199, 106938, 563925, 141513, 40.0, 47.2, 0.99
A, 599685, 357544, 566118, 809026, 388124, 106962, 563772, 141336, 40.0, 47.2, 1.01
A, 599685, 357421, 566122, 809152, 388141, 106973, 563809, 141500, 40.0, 47.2, 0.99
A, 599935, 357556, 566368, 809433, 388187, 106985, 563865, 141499, 40.0, 47.2, 1.01
A, 601198, 357685, 567917, 811028, 388539, 107146, 564242, 141841, 40.0, 47.2, 1.00
A, 601464, 357927, 568074, 811282, 388670, 107181, 564373, 141732, 40.0, 47.2, 1.00
A, 601290, 357894, 567988, 811128, 388610, 107154, 564309, 141727, 40.0, 47.2, 1.01
A, 601031, 357881, 567713, 810805, 388494, 107108, 564206, 141683, 40.0, 47.2, 1.00
A, 600973, 357821, 567702, 810665, 388485, 107197, 564184, 141674, 40.0, 47.2, 1.00
A, 600750, 357776, 567524, 810393, 388380, 107103, 564102, 141508, 40.0, 47.2, 1.00
A, 600630, 357716, 567442, 810572, 388472, 107149, 564157, 141589, 40.0, 47.2, 1.00
A, 600740, 357787, 567570, 810540, 388424, 107154, 564190, 141459, 40.0, 47.2, 1.00
A, 600606, 357721, 567448, 810493, 388406, 107179, 564099, 141492, 40.0, 47.2, 1.01
A, 600333, 357754, 567168, 810196, 388351, 107178, 564130, 141465, 40.0, 47.3, 0.98
A, 600128, 357600, 566995, 810155, 388358, 107109, 564030, 141470, 40.0, 47.3, 0.99
A, 600032, 357639, 566862, 809868, 388357, 107120, 564033, 141330, 40.0, 47.3, 1.00
A, 599882, 357516, 566726, 809716, 388220, 107112, 563988, 141297, 40.0, 47.3, 1.00
A, 599946, 357480, 566884, 809929, 388252, 107153, 564025, 141307, 40.0, 47.3, 0.99
A, 599703, 357413, 566583, 809647, 388182, 107134, 563919, 141311, 40.0, 47.3, 0.99
A, 599826, 357367, 566764, 809828, 388224, 107090, 563965, 141339, 40.0, 47.3, 1.00
A, 600163, 357434, 567092, 810208, 388280, 107186, 564060, 141381, 40.0, 47.3, 1.00
A, 600315, 357501, 567141, 810191, 388295, 107154, 564098, 141377, 40.0, 47.3, 1.01
A, 600136, 357354, 567172, 810006, 388273, 107118, 564091, 141276, 39.9, 47.3, 1.01
A, 600258, 357407, 567377, 810612, 388357, 107152, 564148, 141318, 39.9, 47.3, 1.01
A, 601798, 357716, 569128, 812421, 388752, 107337, 564557, 141757, 39.9, 47.3, 1.00
A, 601727, 357827, 568944, 812095, 388760, 107298, 564572, 141726, 39.9, 47.3, 0.99
A, 601531, 357757, 568792, 812006, 388711, 107299, 564471, 141638, 39.9, 47.3, 1.00
A, 601367, 357748, 568688, 811919, 388719, 107313, 564465, 141508, 39.9, 47.3, 1.00
A, 601183, 357675, 568490, 811658, 388636, 107230, 564454, 141437, 39.9, 47.3, 1.00
A, 601169, 357701, 568634, 811895, 388661, 107341, 564390, 141464, 39.9, 47.3, 1.00
A, 601085, 357670, 568521, 811764, 388571, 107324, 564375, 141438, 39.9, 47.3, 1.00
A, 600904, 357637, 568391, 811689, 388536, 107352, 564380, 141406, 39.9, 47.3, 1.00
A, 601199, 357668, 568625, 811584, 388654, 107351, 564408, 141433, 39.9, 47.3, 0.99
A, 600947, 357609, 568577, 811652, 388595, 107317, 564359, 141358, 39.9, 47.3, 1.01
A, 600808, 357624, 568255, 811390, 388635, 107371, 564378, 141270, 39.9, 47.3, 1.01
A, 600799, 357496, 568247, 811356, 388564, 107336, 564304, 141307, 39.9, 47.3, 1.00
A, 600479, 357506, 568071, 811121, 388525, 107355, 564292, 141264, 39.9, 47.4, 1.01
A, 600412, 357414, 567907, 810909, 388458, 107332, 564253, 141251, 39.9, 47.4, 0.99
A, 600523, 357408, 568195, 811288, 388529, 107355, 564264, 141220, 39.9, 47.4, 1.00
A, 600421, 357389, 568201, 811259, 388455, 107362, 564272, 141213, 39.9, 47.4, 1.00
A, 600421, 357333, 568097, 811308, 388470, 107336, 564280, 141252, 39.9, 47.4, 1.00
A, 600689, 357423, 568433, 811619, 388605, 107415, 564414, 141321, 39.9, 47.4, 1.00
A, 600777, 357345, 568512, 811579, 388605, 107405, 564400, 141355, 39.9, 47.4, 1.00
A, 601064, 357375, 568920, 812140, 388622, 107436, 564484, 141365, 39.9, 47.4, 1.01
A, 602744, 357747, 570868, 814306, 389014, 107623, 564956, 141654, 39.9, 47.4, 1.00
A, 602624, 357879, 570642, 813916, 389104, 107627, 564966, 141673, 39.9, 47.4, 1.01
A, 602371, 357890, 570475, 813831, 389053, 107621, 564864, 141582, 39.9, 47.4, 1.00
A, 602054, 357827, 570179, 813360, 388981, 107613, 564754, 141524, 39.9, 47.4, 1.01
A, 601963, 357725, 570165, 813180, 388944, 107605, 564755, 141456, 39.9, 47.4, 1.01
A, 601678, 357707, 569798, 812887, 388866, 107553, 564688, 141381, 39.9, 47.4, 0.99
A, 601556, 357687, 569862, 813029, 388847, 107579, 564676, 141392, 39.9, 47.4, 1.01
A, 601345, 357624, 569743, 812824, 388762, 107529, 564637, 141350, 39.9, 47.4, 1.00
A, 601268, 357592, 569653, 812584, 388749, 107577, 564606, 141377, 39.9, 47.4, 1.01
A, 601428, 357564, 569742, 812762, 388755, 107555, 564583, 141276, 39.9, 47.4, 0.98
A, 601222, 357502, 569573, 812551, 388764, 107578, 564613, 141213, 39.9, 47.4, 1.00
A, 600948, 357530, 569480, 812312, 388773, 107556, 564528, 141246, 39.9, 47.4, 1.00
A, 600937, 357435, 569358, 812388, 388677, 107559, 564517, 141204, 39.9, 47.4, 1.00
A, 600884, 357395, 569152, 812121, 388698, 107582, 564481, 141273, 39.9, 47.4, 1.01
A, 600904, 357386, 569503, 812513, 388644, 107583, 564514, 141247, 39.9, 47.5, 1.00
A, 601014, 357441, 569614, 812478, 388669, 107610, 564555, 141247, 39.9, 47.5, 1.00
A, 600888, 357328, 569498, 812373, 388648, 107637, 564496, 141180, 39.9, 47.5, 1.00
A, 600766, 357271, 569457, 812410, 388624, 107583, 564491, 141091, 39.9, 47.5, 1.01
A, 600978, 357262, 569615, 812624, 388660, 107582, 564560, 141240, 39.9, 47.5, 1.00
A, 600921, 357275, 569699, 812631, 388651, 107592, 564515, 141246, 39.9, 47.5, 1.00
M, 598042, 356822, 565607, 807569, 388007, 107159, 563613, 139981, 39.9, 47.5, 0.00
M, 590060, 354721, 556547, 798066, 385516, 106405, 560609, 137999, 39.9, 47.5, 0.56
M, 583967, 352746, 549285, 790309, 383438, 105707, 558283, 136654, 39.9, 47.5, 0.73
M, 579064, 351048, 543495, 784257, 381719, 105203, 556413, 135543, 39.9, 47.5, 0.84
M, 575112, 349356, 538421, 779051, 380288, 104666, 554949, 134637, 39.9, 47.5, 0.89
M, 571891, 347838, 534206, 774750, 379038, 104312, 553701, 134008, 39.9, 47.5, 0.94
M, 569603, 346547, 530581, 771448, 377926, 103908, 552468, 133503, 39.9, 47.3, 0.95
M, 567652, 345273, 527236, 768371, 376843, 103621, 551466, 132945, 39.9, 47.3, 0.97
M, 566206, 344241, 524639, 766226, 376068, 103305, 550779, 132565, 40.0, 47.3, 0.97
M, 565470, 343336, 522684, 765172, 375549, 103113, 550411, 132398, 40.0, 47.3, 1.00
M, 564829, 342522, 520922, 764126, 375079, 102841, 550044, 132170, 40.0, 47.2, 0.99
M, 564693, 341755, 519639, 763499, 374783, 102742, 549948, 132127, 40.0, 47.2, 0.99
M, 564975, 341181, 518561, 763431, 374771, 102616, 550075, 132018, 40.0, 47.1, 1.00
M, 564897, 340464, 517612, 763324, 374644, 102528, 550112, 131924, 40.0, 47.1, 0.99
M, 565271, 340032, 516599, 763251, 374706, 102376, 550360, 131864, 40.0, 47.1, 0.99
M, 565558, 339599, 516191, 763753, 374661, 102297, 550553, 131900, 40.0, 47.1, 1.01
M, 566322, 339315, 515954, 764497, 374899, 102298, 550952, 132006, 40.0, 47.1, 1.01
M, 566963, 338941, 515739, 765178, 375106, 102255, 551381, 132050, 40.1, 47.0, 0.99
M, 567948, 338714, 515592, 766048, 375419, 102215, 551876, 132068, 40.1, 47.0, 0.99
M, 568597, 338460, 515267, 766676, 375606, 102204, 552239, 132075, 40.1, 47.0, 1.00
M, 570507, 338487, 516520, 769047, 376183, 102263, 552995, 132471, 40.1, 47.0, 1.00
M, 571175, 338439, 516332, 769773, 376506, 102232, 553556, 132402, 40.1, 46.9, 1.00
M, 571784, 338228, 516281, 770616, 376812, 102290, 553963, 132537, 40.1, 46.9, 1.01
M, 572760, 338309, 516353, 771667, 377149, 102259, 554418, 132677, 40.1, 46.9, 1.01
M, 573131, 338135, 515813, 771823, 377418, 102219, 554820, 132505, 40.1, 46.9, 0.99
M, 573785, 338060, 515819, 772665, 377686, 102235, 555256, 132581, 40.1, 46.9, 1.00
M, 574578, 338083, 515925, 773740, 378102, 102245, 555759, 132674, 40.1, 46.9, 0.99
M, 575337, 338078, 515944, 774657, 378388, 102209, 556274, 132714, 40.1, 46.9, 1.00
M, 576275, 338138, 516231, 775625, 378725, 102321, 556693, 132845, 40.1, 46.9, 1.00
M, 577139, 338160, 516299, 776622, 379135, 102340, 557220, 132831, 40.1, 46.8, 1.01
M, 577524, 338229, 516147, 777249, 379328, 102274, 557605, 132892, 40.1, 46.8, 1.00
M, 578415, 338352, 516412, 778267, 379781, 102388, 558108, 132970, 40.1, 46.8, 0.99
M, 578924, 338360, 516384, 779126, 379963, 102339, 558442, 133050, 40.1, 46.8, 1.00
M, 579935, 338483, 516651, 780078, 380459, 102381, 559073, 133120, 40.1, 46.7, 0.99
M, 580644, 338655, 516661, 780797, 380641, 102344, 559359, 133186, 40.1, 46.7, 0.99
M, 581148, 338792, 516669, 781649, 381084, 102408, 559846, 133230, 40.1, 46.8, 1.00
M, 581596, 338857, 516736, 782325, 381214, 102455, 560042, 133258, 40.1, 46.8, 1.00
M, 582458, 338958, 517151, 783368, 381661, 102460, 560561, 133326, 40.1, 46.8, 0.99
M, 583167, 339098, 517307, 784268, 381960, 102541, 560949, 133486, 40.1, 46.7, 0.99
M, 583999, 339335, 517567, 785072, 382257, 102565, 561472, 133520, 40.1, 46.7, 1.00
M, 585918, 339617, 519199, 787572, 382844, 102705, 562094, 133858, 40.1, 46.7, 1.00
M, 586442, 339984, 519184, 788211, 383164, 102701, 562476, 133872, 40.1, 46.7, 1.00
M, 586809, 340113, 519185, 788790, 383405, 102676, 562811, 133854, 40.1, 46.7, 1.00
M, 587095, 340210, 519172, 789407, 383541, 102737, 563018, 133884, 40.1, 46.7, 1.00
M, 587830, 340467, 519403, 790271, 383886, 102767, 563400, 133993, 40.2, 46.7, 0.99
M, 588375, 340675, 519506, 790770, 384158, 102777, 563720, 133988, 40.2, 46.7, 1.00
M, 588581, 340772, 519405, 791289, 384301, 102821, 563942, 133954, 40.2, 46.7, 1.00
M, 588996, 340960, 519472, 791934, 384520, 102837, 564224, 133989, 40.2, 46.7, 1.00
M, 589434, 341156, 519512, 792499, 384690, 102889, 564508, 133865, 40.2, 46.6, 1.00
M, 590029, 341183, 519891, 793408, 384957, 102908, 564847, 134142, 40.2, 46.6, 1.00
M, 590495, 341442, 520003, 794060, 385211, 102941, 565181, 134195, 40.2, 46.6, 1.01
M, 591194, 341649, 520171, 794676, 385429, 102941, 565431, 134224, 40.2, 46.6, 1.00
M, 591439, 341885, 520286, 795035, 385561, 102982, 565655, 134169, 40.2, 46.6, 1.01
M, 591739, 341993, 520303, 795778, 385756, 102932, 565868, 134220, 40.2, 46.6, 1.00
M, 592331, 342253, 520360, 796300, 386027, 102972, 566195, 134177, 40.2, 46.6, 1.00
M, 592288, 342227, 520055, 796505, 386056, 103025, 566260, 134296, 40.2, 46.6, 0.99
M, 592869, 342511, 520299, 797249, 386394, 103014, 566634, 134340, 40.2, 46.6, 1.01
M, 593128, 342601, 520489, 797679, 386473, 103088, 566715, 134362, 40.2, 46.6, 0.99
M, 593784, 342861, 520886, 798404, 386743, 103089, 567043, 134483, 40.2, 46.6, 1.00
M, 594190, 342992, 521026, 799155, 386929, 103141, 567280, 134495, 40.2, 46.6, 1.00
M, 595405, 343324, 522076, 800949, 387310, 103312, 567712, 134774, 40.2, 46.6, 1.01
M, 594716, 343565, 521311, 800495, 387506, 103251, 567904, 134689, 40.2, 46.6, 1.00
M, 595923, 343659, 522004, 801397, 387638, 103223, 568150, 134678, 40.2, 46.6, 0.99
M, 596175, 343804, 522093, 801915, 387726, 103284, 568295, 134692, 40.2, 46.6, 1.00
M, 596496, 344020, 522210, 802556, 387906, 103344, 568524, 134749, 40.2, 46.6, 1.00
M, 597056, 344212, 522406, 803133, 388049, 103348, 568719, 134893, 40.2, 46.6, 1.00
M, 597401, 344346, 522636, 803536, 388287, 103389, 568953, 134837, 40.2, 46.6, 1.01
M, 597653, 344511, 522617, 803957, 388415, 103376, 569097, 134888, 40.2, 46.6, 1.00
M, 598091, 344640, 522840, 804604, 388534, 103500, 569298, 134964, 40.2, 46.6, 0.99
M, 598319, 344785, 522999, 805096, 388639, 103480, 569447, 134961, 40.2, 46.6, 1.01
M, 598768, 344955, 523254, 805815, 388835, 103478, 569677, 135038, 40.2, 46.6, 1.00
M, 599004, 345177, 523504, 806318, 389033, 103565, 569910, 135102, 40.2, 46.5, 1.00
M, 599501, 345301, 523645, 806540, 389108, 103490, 570008, 134994, 40.2, 46.5, 1.01
M, 599652, 345415, 523651, 807018, 389190, 103533, 570168, 135074, 40.2, 46.5, 1.00
M, 599734, 345518, 523659, 807425, 389320, 103592, 570258, 135103, 40.2, 46.5, 1.01
M, 600128, 345761, 523802, 807835, 389551, 103612, 570477, 135113, 40.2, 46.5, 1.01
M, 600340, 345793, 523907, 808274, 389554, 103631, 570603, 135176, 40.2, 46.5, 1.01
M, 600570, 346105, 523962, 808735, 389728, 103644, 570877, 135125, 40.2, 46.5, 1.00
M, 600867, 346097, 524111, 808899, 389802, 103700, 570956, 135228, 40.2, 46.5, 0.99
M, 601217, 346256, 524431, 809693, 389937, 103734, 571113, 135280, 40.2, 46.5, 0.99
M, 602980, 346573, 526225, 811963, 390333, 103862, 571598, 135622, 40.2, 46.5, 0.99
M, 603077, 346901, 526229, 812250, 390616, 103884, 571841, 135598, 40.2, 46.5, 1.00
M, 603337, 347078, 526136, 812411, 390655, 103900, 571868, 135650, 40.2, 46.5, 1.01
M, 603329, 347143, 526100, 812505, 390699, 103884, 571984, 135555, 40.2, 46.5, 1.00
M, 603267, 347227, 526058, 812703, 390765, 103861, 571991, 135504, 40.2, 46.5, 1.01
M, 603188, 347339, 525724, 812692, 390721, 103908, 572094, 135575, 40.2, 46.5, 1.00
M, 603445, 347399, 525976, 813077, 390869, 103961, 572187, 135544, 40.2, 46.5, 1.01
M, 603759, 347551, 526233, 813587, 390951, 103994, 572281, 135639, 40.2, 46.5, 1.01
M, 603916, 347636, 526326, 813989, 391045, 104010, 572456, 135681, 40.2, 46.5, 1.00
M, 604252, 347726, 526575, 814306, 391158, 104030, 572555, 135696, 40.2, 46.5, 1.00
M, 604371, 347851, 526610, 814591, 391213, 104027, 572647, 135638, 40.2, 46.5, 1.00
M, 604321, 347941, 526569, 814790, 391226, 104065, 572686, 135657, 40.2, 46.5, 1.01
M, 604882, 348037, 526848, 815324, 391378, 104101, 572833, 135790, 40.2, 46.5, 1.01
M, 605058, 348190, 527000, 815604, 391490, 104108, 572995, 135723, 40.2, 46.5, 1.00
M, 605070, 348222, 527004, 815718, 391516, 104098, 573013, 135734, 40.2, 46.5, 1.00
M, 605278, 348330, 527145, 816048, 391568, 104138, 573076, 135768, 40.2, 46.5, 0.99
M, 605440, 348489, 527146, 816384, 391718, 104116, 573311, 135736, 40.2, 46.5, 1.00
M, 605455, 348454, 527210, 816622, 391710, 104133, 573312, 135838, 40.2, 46.5, 1.00
M, 605715, 348673, 527281, 816850, 391860, 104185, 573455, 135784, 40.2, 46.5, 1.00
M, 605830, 348662, 527376, 817131, 391893, 104180, 573524, 135866, 40.2, 46.5, 1.00
M, 607404, 348995, 529149, 819459, 392268, 104382, 574027, 136191, 40.2, 46.5, 1.00
M, 607596, 349262, 529157, 819577, 392381, 104364, 574097, 136149, 40.2, 46.5, 1.00
M, 607569, 349328, 529126, 819556, 392422, 104388, 574118, 136144, 40.2, 46.5, 1.00
M, 607746, 349390, 529323, 819911, 392507, 104429, 574228, 136181, 40.2, 46.5, 1.00
M, 607839, 349540, 529207, 819965, 392590, 104384, 574275, 136073, 40.2, 46.5, 1.00
M, 607789, 349518, 529095, 819938, 392572, 104469, 574267, 136128, 40.2, 46.5, 1.00
M, 607829, 349589, 529313, 820430, 392608, 104434, 574325, 136142, 40.2, 46.5, 1.00
M, 607936, 349646, 529327, 820541, 392631, 104506, 574458, 136149, 40.2, 46.5, 1.00
M, 608104, 349822, 529493, 820911, 392767, 104517, 574562, 136230, 40.2, 46.5, 1.00
M, 608384, 349892, 529683, 821200, 392801, 104583, 574627, 136298, 40.2, 46.5, 1.01
M, 608608, 350007, 529991, 821586, 392901, 104496, 574724, 136231, 40.2, 46.5, 1.00
M, 608593, 350035, 529895, 821674, 392922, 104563, 574739, 136223, 40.2, 46.5, 1.00
M, 608830, 350026, 530103, 821932, 392934, 104566, 574843, 136298, 40.2, 46.5, 1.00
M, 608921, 350143, 530158, 822241, 392937, 104606, 574897, 136261, 40.2, 46.5, 1.00
M, 608932, 350213, 530116, 822368, 393038, 104579, 574886, 136304, 40.2, 46.5, 1.01
M, 609380, 350335, 530394, 822649, 393158, 104664, 575091, 136315, 40.2, 46.5, 0.99
M, 609284, 350397, 530518, 822949, 393164, 104649, 575099, 136325, 40.2, 46.5, 1.00
M, 609106, 350473, 530272, 822828, 393205, 104678, 575104, 136276, 40.2, 46.5, 1.01
M, 609126, 350404, 530302, 822944, 393119, 104711, 575135, 136340, 40.2, 46.5, 0.99
M, 609169, 350506, 530337, 823046, 393241, 104712, 575235, 136294, 40.2, 46.5, 0.99
M, 610333, 350665, 531527, 824446, 393464, 104729, 575475, 136577, 40.2, 46.5, 1.00
M, 610586, 350901, 531702, 824795, 393590, 104822, 575626, 136523, 40.2, 46.5, 1.01
M, 610380, 350825, 531511, 824488, 393553, 104827, 575566, 136542, 40.2, 46.5, 0.99
M, 610305, 350864, 531415, 824692, 393500, 104777, 575550, 136512, 40.2, 46.5, 0.99
M, 610477, 350951, 531690, 825091, 393652, 104855, 575699, 136551, 40.2, 46.5, 0.99
M, 610655, 351015, 531782, 825118, 393631, 104813, 575749, 136534, 40.2, 46.5, 0.99
M, 610600, 351063, 531629, 825105, 393668, 104866, 575721, 136509, 40.2, 46.5, 0.99
M, 610729, 351032, 531869, 825546, 393700, 104880, 575742, 136482, 40.2, 46.5, 0.99
M, 610769, 351090, 531963, 825734, 393698, 104910, 575879, 136482, 40.2, 46.5, 1.00
M, 611094, 351225, 532303, 826108, 393813, 104886, 575972, 136680, 40.2, 46.5, 1.00
M, 611281, 351278, 532416, 826469, 393941, 104956, 576036, 136674, 40.2, 46.4, 0.99
M, 611674, 351445, 532827, 826822, 393997, 104976, 576131, 136684, 40.2, 46.4, 1.00
M, 611613, 351400, 532798, 826818, 393977, 104991, 576149, 136643, 40.2, 46.5, 0.99
M, 611551, 351419, 532838, 827104, 394029, 105015, 576203, 136692, 40.2, 46.5, 1.00
M, 611820, 351512, 533170, 827479, 394123, 105030, 576327, 136731, 40.2, 46.5, 1.00
M, 611874, 351553, 533053, 827484, 394053, 105014, 576264, 136781, 40.2, 46.5, 1.00
M, 612245, 351654, 533434, 827783, 394223, 105138, 576449, 136743, 40.2, 46.5, 1.00
M, 612108, 351720, 533400, 827897, 394144, 105065, 576390, 136710, 40.2, 46.5, 1.00
M, 612116, 351834, 533318, 827719, 394240, 105101, 576480, 136771, 40.2, 46.5, 0.99
M, 612084, 351739, 533420, 828093, 394163, 105084, 576410, 136771, 40.2, 46.5, 1.00
M, 613870, 352196, 535392, 830415, 394725, 105298, 577012, 137179, 40.2, 46.5, 1.01
M, 613859, 352310, 535198, 830138, 394731, 105303, 576999, 137070, 40.2, 46.5, 1.00
M, 613355, 352221, 534900, 829998, 394617, 105271, 576870, 137046, 40.2, 46.5, 1.01
M, 613367, 352238, 534845, 829856, 394576, 105198, 576868, 136944, 40.2, 46.5, 1.00
M, 613134, 352202, 534780, 829909, 394570, 105329, 576838, 137018, 40.2, 46.5, 0.99
M, 613335, 352346, 535042, 830167, 394612, 105309, 576948, 136970, 40.2, 46.5, 1.01
M, 613481, 352363, 535038, 830148, 394719, 105351, 576939, 136974, 40.2, 46.5, 1.00
M, 613319, 352299, 534835, 829926, 394601, 105264, 576971, 136968, 40.2, 46.5, 0.99
M, 613391, 352360, 535082, 830341, 394623, 105373, 576947, 136997, 40.2, 46.5, 1.00
M, 613435, 352400, 535088, 830285, 394641, 105293, 577014, 137041, 40.2, 46.4, 0.99
M, 613564, 352479, 535419, 830807, 394757, 105360, 577058, 137061, 40.2, 46.4, 1.00
M, 613730, 352566, 535452, 830855, 394780, 105437, 577092, 137085, 40.3, 46.5, 1.00
M, 613775, 352512, 535585, 830861, 394763, 105411, 577152, 137057, 40.3, 46.5, 1.00
M, 613549, 352514, 535367, 830712, 394766, 105360, 577108, 137014, 40.2, 46.5, 1.00
M, 613678, 352517, 535664, 831202, 394777, 105437, 577154, 137056, 40.2, 46.5, 1.00
M, 613741, 352636, 535758, 831276, 394777, 105478, 577218, 137030, 40.2, 46.5, 1.00
M, 613809, 352614, 535820, 831406, 394846, 105514, 577210, 137140, 40.2, 46.5, 1.01
M, 614089, 352713, 536065, 831624, 394940, 105474, 577338, 137233, 40.2, 46.5, 1.00
M, 614069, 352672, 535962, 831560, 394847, 105443, 577287, 137057, 40.2, 46.5, 1.00
M, 613989, 352729, 535997, 831649, 394933, 105534, 577374, 137112, 40.2, 46.5, 1.00
M, 615083, 352820, 537365, 833330, 395109, 105595, 577609, 137378, 40.2, 46.5, 1.01
M, 615243, 353016, 537460, 833439, 395304, 105653, 577715, 137278, 40.2, 46.5, 0.99
M, 615288, 353042, 537474, 833458, 395253, 105656, 577761, 137390, 40.2, 46.5, 1.00
M, 615311, 353121, 537609, 833552, 395248, 105666, 577739, 137323, 40.2, 46.5, 1.00
M, 615161, 353129, 537503, 833332, 395237, 105676, 577748, 137322, 40.2, 46.5, 1.00
M, 615044, 353073, 537359, 833268, 395210, 105698, 577663, 137340, 40.2, 46.5, 1.00
M, 615076, 353100, 537524, 833486, 395206, 105692, 577686, 137306, 40.2, 46.5, 1.00
M, 615039, 353115, 537554, 833528, 395204, 105708, 577646, 137337, 40.2, 46.5, 1.01
M, 615244, 353279, 537864, 833930, 395296, 105795, 577759, 137437, 40.2, 46.5, 1.01
M, 615396, 353176, 538088, 834049, 395285, 105731, 577842, 137406, 40.2, 46.5, 0.99
M, 615281, 353174, 537980, 833988, 395245, 105732, 577768, 137400, 40.2, 46.5, 1.01
M, 615332, 353278, 538125, 834145, 395337, 105748, 577861, 137422, 40.2, 46.5, 0.99
M, 615341, 353260, 538088, 834188, 395325, 105834, 577838, 137382, 40.2, 46.5, 1.00
M, 615524, 353336, 538505, 834610, 395343, 105810, 577931, 137470, 40.2, 46.5, 1.00
M, 615687, 353338, 538638, 834775, 395415, 105818, 577958, 137475, 40.2, 46.5, 0.99
M, 615865, 353432, 538678, 834869, 395465, 105836, 577999, 137491, 40.2, 46.5, 1.00
M, 615717, 353443, 538581, 834694, 395414, 105814, 577912, 137409, 40.3, 46.5, 1.00
M, 615782, 353375, 538820, 835108, 395456, 105890, 577990, 137495, 40.3, 46.5, 1.01
M, 615546, 353399, 538619, 834716, 395438, 105845, 578010, 137348, 40.2, 46.5, 0.99
M, 615722, 353387, 538688, 834720, 395435, 105843, 577979, 137450, 40.2, 46.5, 1.00
M, 617072, 353709, 540409, 836830, 395847, 106076, 578395, 137780, 40.2, 46.5, 1.01
M, 617019, 353763, 540357, 836796, 395789, 106029, 578402, 137724, 40.2, 46.5, 1.00
M, 617023, 353822, 540403, 836683, 395817, 106100, 578373, 137771, 40.2, 46.5, 1.00
M, 616903, 353900, 540393, 836659, 395777, 106066, 578388, 137697, 40.2, 46.5, 1.00
M, 616805, 353783, 540283, 836454, 395735, 106061, 578320, 137702, 40.2, 46.5, 1.00
M, 616548, 353784, 540131, 836439, 395672, 106077, 578265, 137723, 40.2, 46.5, 1.00
M, 616866, 353869, 540557, 836790, 395756, 106079, 578341, 137706, 40.2, 46.5, 1.00
M, 616718, 353872, 540468, 836697, 395750, 106125, 578356, 137630, 40.2, 46.5, 1.00
M, 616737, 353909, 540556, 836758, 395766, 106111, 578368, 137750, 40.2, 46.5, 1.00
M, 616631, 353900, 540482, 836859, 395721, 106113, 578355, 137648, 40.2, 46.5, 1.00
M, 616980, 353968, 540837, 836973, 395850, 106092, 578411, 137654, 40.2, 46.5, 1.00
M, 616712, 353905, 540612, 836629, 395737, 106133, 578350, 137625, 40.3, 46.5, 1.01
M, 616718, 353940, 540725, 836984, 395767, 106169, 578361, 137719, 40.3, 46.5, 1.00
M, 616782, 353922, 540814, 836937, 395722, 106126, 578345, 137705, 40.3, 46.5, 0.99
M, 616667, 353829, 540781, 836989, 395728, 106198, 578376, 137680, 40.3, 46.5, 1.01
M, 616898, 353918, 541138, 837394, 395807, 106203, 578435, 137785, 40.3, 46.5, 1.00
M, 616974, 353976, 541312, 837220, 395827, 106162, 578497, 137709, 40.3, 46.5, 1.00
M, 616832, 353874, 541176, 837226, 395831, 106195, 578380, 137777, 40.2, 46.5, 1.01
M, 616678, 353907, 541155, 837255, 395752, 106212, 578414, 137677, 40.2, 46.5, 1.00
M, 616683, 353909, 541111, 837086, 395810, 106241, 578395, 137644, 40.3, 46.5, 1.00
M, 617886, 354070, 542500, 838690, 396042, 106349, 578719, 138079, 40.3, 46.5, 1.01
M, 617619, 354215, 542309, 838422, 396122, 106284, 578709, 137830, 40.3, 46.5, 1.00
M, 617244, 354122, 541835, 837913, 395928, 106292, 578587, 137825, 40.3, 46.5, 1.00
M, 617354, 354076, 542032, 838189, 395954, 106297, 578581, 137855, 40.3, 46.5, 1.00
M, 617321, 354042, 542119, 838219, 395988, 106345, 578618, 137811, 40.3, 46.5, 0.99
M, 617298, 354049, 542065, 838238, 395957, 106339, 578571, 137909, 40.3, 46.5, 1.00
M, 617501, 354180, 542472, 838618, 396031, 106359, 578672, 137857, 40.2, 46.5, 1.00
M, 617543, 354088, 542492, 838582, 395985, 106363, 578682, 137898, 40.2, 46.5, 1.01
M, 617448, 354127, 542501, 838531, 395970, 106365, 578603, 137842, 40.2, 46.5, 1.01
M, 617594, 354164, 542634, 838702, 395996, 106388, 578704, 137947, 40.2, 46.5, 0.99
M, 617609, 354183, 542775, 838763, 396004, 106421, 578684, 137900, 40.3, 46.5, 1.00
M, 617769, 354209, 543027, 838975, 396066, 106442, 578740, 137882, 40.3, 46.5, 1.00
M, 617582, 354137, 542809, 838707, 395959, 106401, 578652, 137817, 40.2, 46.5, 1.01
M, 617586, 354157, 542958, 838828, 396015, 106435, 578632, 137835, 40.2, 46.5, 1.01
M, 617699, 354141, 543076, 839102, 396060, 106467, 578774, 137934, 40.2, 46.5, 1.00
M, 617504, 354157, 543082, 839037, 395983, 106410, 578719, 137961, 40.2, 46.5, 1.01
M, 617927, 354257, 543385, 839415, 396100, 106429, 578826, 137972, 40.2, 46.5, 1.00
M, 617912, 354253, 543565, 839353, 396091, 106491, 578834, 137934, 40.2, 46.5, 0.99
M, 617835, 354239, 543485, 839259, 396051, 106464, 578793, 137914, 40.2, 46.5, 1.00
M, 617651, 354203, 543370, 839264, 396077, 106451, 578705, 137926, 40.2, 46.5, 1.00
M, 619351, 354484, 545306, 841416, 396512, 106627, 579284, 138385, 40.2, 46.5, 1.01
M, 619164, 354561, 545067, 841192, 396414, 106676, 579193, 138257, 40.2, 46.5, 1.00
M, 618801, 354579, 544807, 840518, 396384, 106601, 579133, 138153, 40.2, 46.5, 0.99
M, 618610, 354475, 544647, 840443, 396319, 106603, 579027, 138120, 40.2, 46.5, 0.99
M, 618574, 354509, 544745, 840583, 396335, 106642, 579044, 138181, 40.2, 46.5, 0.99
M, 618421, 354403, 544726, 840531, 396279, 106575, 578979, 138066, 40.2, 46.5, 1.00
M, 618440, 354437, 544632, 840380, 396263, 106628, 578929, 138113, 40.2, 46.5, 1.00
M, 618637, 354529, 545038, 840608, 396292, 106693, 578995, 138187, 40.2, 46.5, 0.99
M, 618534, 354541, 545046, 840584, 396241, 106702, 579023, 138079, 40.2, 46.5, 1.00
M, 618379, 354477, 544957, 840399, 396244, 106711, 578933, 138076, 40.2, 46.5, 1.00
M, 618429, 354400, 545049, 840629, 396208, 106677, 578925, 138083, 40.2, 46.5, 1.00
M, 618307, 354491, 545019, 840548, 396237, 106738, 578976, 138132, 40.2, 46.5, 1.00
M, 618415, 354487, 545179, 840756, 396266, 106695, 578966, 138152, 40.2, 46.5, 1.00
M, 618555, 354420, 545307, 840820, 396238, 106714, 579055, 138206, 40.3, 46.5, 0.99
M, 618545, 354476, 545445, 840848, 396284, 106755, 579011, 138180, 40.3, 46.5, 1.00
M, 618463, 354375, 545382, 840698, 396200, 106694, 578972, 138152, 40.3, 46.5, 1.00
M, 618402, 354446, 545377, 840717, 396236, 106764, 578988, 138202, 40.3, 46.5, 1.01
M, 618615, 354466, 545735, 840990, 396277, 106778, 579027, 138163, 40.3, 46.5, 1.01
M, 618537, 354461, 545717, 840948, 396279, 106811, 579063, 138154, 40.3, 46.5, 1.00
M, 618391, 354382, 545645, 840788, 396252, 106778, 578989, 138008, 40.3, 46.5, 1.00
A, 623905, 355070, 551506, 847726, 397386, 107327, 580451, 139670, 40.3, 46.5, 0.08
A, 633451, 357678, 562578, 860437, 400220, 108294, 583564, 142021, 40.3, 46.5, 0.53
A, 639199, 359525, 569227, 867805, 401953, 109004, 585364, 143230, 40.3, 46.5, 0.77
A, 644168, 361539, 575570, 874617, 403697, 109671, 587109, 144434, 40.2, 46.5, 0.86
A, 646643, 362621, 578881, 878188, 404468, 109960, 587946, 145017, 40.2, 46.5, 0.90
A, 649224, 364074, 582480, 881633, 405363, 110417, 588864, 145548, 40.2, 46.5, 0.94
A, 651263, 365321, 585562, 884474, 406165, 110750, 589613, 145989, 40.2, 46.5, 0.96
A, 652620, 366546, 588277, 886509, 406732, 111123, 590087, 146263, 40.2, 46.5, 0.97
A, 653310, 367537, 590024, 887566, 407073, 111364, 590308, 146418, 40.1, 46.5, 0.99
A, 653524, 368251, 591391, 888349, 407243, 111510, 590300, 146566, 40.1, 46.5, 0.99
A, 653906, 369024, 592976, 889070, 407379, 111724, 590278, 146619, 40.1, 46.5, 0.99
A, 653677, 369731, 593913, 889286, 407404, 111874, 590104, 146717, 40.1, 46.5, 1.01
A, 653667, 370331, 595099, 889420, 407457, 112054, 590027, 146821, 40.1, 46.5, 0.99
A, 653245, 370909, 595862, 888979, 407319, 112119, 589713, 146761, 40.1, 46.5, 1.00
A, 652539, 371290, 596260, 888406, 407120, 112244, 589367, 146690, 40.1, 46.6, 1.01
A, 651594, 371568, 596618, 887729, 406798, 112273, 588996, 146718, 40.1, 46.6, 0.99
A, 651221, 371984, 597135, 887198, 406683, 112347, 588635, 146649, 40.0, 46.6, 1.00
A, 650350, 372104, 597491, 886554, 406409, 112482, 588264, 146603, 40.0, 46.6, 1.01
A, 649783, 372481, 597969, 885976, 406268, 112561, 587900, 146629, 40.0, 46.6, 1.00
A, 648963, 372593, 598287, 884901, 405887, 112514, 587426, 146529, 40.0, 46.6, 1.00
A, 649429, 372930, 600087, 885700, 405867, 112667, 587268, 146783, 40.0, 46.6, 1.00
A, 648301, 373089, 599710, 884346, 405558, 112661, 586852, 146584, 40.0, 46.6, 0.99
A, 646578, 373114, 599141, 882380, 405075, 112604, 586120, 146252, 40.0, 46.7, 1.00
A, 645724, 372957, 598964, 881491, 404696, 112678, 585713, 146327, 40.0, 46.7, 1.00
A, 644400, 372978, 598948, 879912, 404226, 112683, 585085, 146171, 40.0, 46.7, 0.99
A, 643592, 372902, 598874, 879125, 403920, 112679, 584695, 146143, 40.0, 46.7, 0.99
A, 642972, 372857, 599162, 878286, 403687, 112705, 584357, 146080, 40.0, 46.7, 1.00
A, 642151, 372815, 599227, 877472, 403365, 112676, 583912, 146038, 40.0, 46.7, 1.01
A, 641050, 372631, 598828, 876181, 402924, 112627, 583469, 145894, 40.0, 46.7, 1.00
A, 640578, 372573, 599216, 875620, 402767, 112670, 583145, 145910, 40.0, 46.8, 1.00
A, 639803, 372415, 599323, 874749, 402487, 112687, 582787, 145741, 40.0, 46.8, 0.99
A, 639022, 372299, 599276, 873795, 402083, 112614, 582361, 145720, 40.0, 46.8, 1.01
A, 638135, 372182, 599137, 872749, 401816, 112621, 582008, 145565, 40.0, 46.8, 1.00
A, 637841, 372028, 599433, 872193, 401633, 112660, 581720, 145702, 39.9, 46.8, 1.00
A, 636970, 371890, 599406, 871141, 401319, 112635, 581301, 145561, 39.9, 46.8, 1.00
A, 636197, 371674, 599185, 870149, 400993, 112581, 580899, 145463, 39.9, 46.8, 0.99
A, 635743, 371511, 599347, 869637, 400816, 112680, 580620, 145496, 39.9, 46.8, 1.00
A, 635009, 371230, 599335, 868724, 400599, 112578, 580292, 145379, 39.9, 46.9, 1.00
A, 634604, 371199, 599571, 868369, 400379, 112621, 580097, 145440, 39.9, 46.9, 1.00
A, 633951, 370964, 599573, 867701, 400102, 112591, 579745, 145406, 39.9, 46.9, 1.01
A, 635125, 371157, 601663, 869021, 400305, 112678, 579953, 145702, 39.9, 46.9, 1.01
A, 634310, 371055, 601437, 867794, 400097, 112772, 579640, 145555, 39.9, 46.9, 0.99
A, 633547, 370856, 601205, 867087, 399829, 112718, 579264, 145396, 39.9, 46.9, 1.00
A, 632456, 370646, 600588, 865413, 399450, 112607, 578802, 145289, 39.9, 46.9, 1.00
A, 631804, 370362, 600349, 864786, 399189, 112618, 578529, 145230, 39.9, 46.9, 0.99
A, 630779, 370106, 600065, 863547, 398963, 112617, 578137, 145003, 39.9, 46.9, 1.00
A, 630234, 369829, 599837, 862725, 398621, 112545, 577876, 145012, 39.9, 46.9, 1.00
A, 629736, 369577, 599885, 862277, 398446, 112502, 577646, 144992, 39.9, 46.9, 1.01
A, 629167, 369474, 599860, 861555, 398246, 112546, 577411, 144936, 39.9, 47.0, 1.00
A, 628602, 369168, 599700, 860897, 398032, 112539, 577172, 144800, 39.9, 47.0, 1.01
A, 628499, 369043, 599939, 860474, 397915, 112465, 576971, 144920, 39.9, 47.0, 0.99
A, 628037, 368780, 600042, 859920, 397769, 112429, 576719, 144798, 39.9, 47.0, 1.00
A, 627432, 368597, 599914, 859081, 397534, 112449, 576564, 144790, 39.9, 47.0, 1.00
A, 627225, 368525, 600095, 858697, 397400, 112494, 576372, 144762, 39.9, 47.0, 1.00
A, 626729, 368254, 600019, 858261, 397201, 112453, 576138, 144682, 39.9, 47.0, 0.99
A, 626266, 368000, 599938, 857683, 397040, 112440, 575900, 144723, 39.9, 47.0, 0.99
A, 626043, 367847, 600061, 857206, 396981, 112402, 575797, 144733, 39.9, 47.0, 0.99
A, 625612, 367659, 600182, 856795, 396786, 112430, 575573, 144596, 39.9, 47.0, 1.00
A, 625092, 367455, 599985, 856108, 396627, 112360, 575333, 144536, 39.9, 47.1, 1.00
A, 624596, 367247, 599833, 855480, 396490, 112326, 575121, 144449, 39.9, 47.1, 0.99
A, 626063, 367382, 601906, 857213, 396722, 112510, 575442, 144953, 39.8, 47.1, 1.00
A, 624888, 367237, 601018, 855588, 396550, 112464, 575146, 144572, 39.8, 47.1, 0.99
A, 624306, 366989, 600097, 853383, 396237, 112299, 574714, 144198, 39.8, 47.1, 1.00
A, 623015, 366487, 599598, 853135, 395942, 112295, 574356, 144307, 39.8, 47.1, 1.01
A, 622599, 366347, 599512, 852665, 395769, 112266, 574220, 144195, 39.8, 47.1, 1.00
A, 622365, 366137, 599558, 852307, 395623, 112235, 574036, 144262, 39.8, 47.1, 1.00
A, 621927, 366020, 599582, 851567, 395583, 112223, 573919, 144195, 39.8, 47.1, 1.00
A, 621662, 365801, 599537, 851305, 395435, 112205, 573734, 144170, 39.8, 47.1, 1.00
A, 621465, 365668, 599705, 851140, 395372, 112267, 573700, 144200, 39.8, 47.1, 1.00
A, 621282, 365506, 599756, 850883, 395193, 112193, 573544, 144100, 39.8, 47.1, 1.01
A, 621015, 365363, 599829, 850379, 395130, 112205, 573506, 144177, 39.8, 47.1, 1.00
A, 621184, 365300, 600225, 850555, 395187, 112278, 573439, 144209, 39.8, 47.2, 1.00
A, 620930, 365156, 600261, 849975, 395073, 112177, 573252, 144089, 39.8, 47.2, 1.00
A, 620604, 364977, 600191, 849491, 394890, 112204, 573156, 144063, 39.8, 47.2, 1.00
A, 620443, 364800, 600393, 849579, 394852, 112245, 573048, 144098, 39.8, 47.2, 1.01
A, 620237, 364762, 600374, 849138, 394780, 112191, 572903, 144056, 39.8, 47.2, 1.00
A, 619742, 364597, 600051, 848473, 394637, 112182, 572767, 144026, 39.8, 47.2, 1.00
A, 619833, 364440, 600498, 848498, 394598, 112269, 572770, 144105, 39.8, 47.2, 1.00
A, 619602, 364372, 600658, 848185, 394582, 112175, 572634, 144005, 39.8, 47.2, 1.01
A, 619267, 364229, 600532, 847770, 394478, 112173, 572440, 143947, 39.8, 47.2, 1.00
A, 620473, 364256, 602224, 849163, 394637, 112338, 572784, 144327, 39.8, 47.2, 1.00
A, 620317, 364396, 602343, 848892, 394705, 112307, 572692, 144261, 39.8, 47.2, 1.00
A, 619720, 364252, 601927, 848235, 394543, 112243, 572518, 144134, 39.8, 47.2, 0.99
A, 619398, 364092, 601702, 847380, 394404, 112139, 572332, 143979, 39.8, 47.3, 0.99
A, 618912, 363843, 601527, 846999, 394235, 112163, 572121, 143909, 39.8, 47.3, 1.00
A, 618313, 363780, 601193, 846248, 394157, 112182, 572004, 143863, 39.8, 47.3, 0.99
A, 617918, 363601, 601077, 845917, 393952, 112215, 571811, 143909, 39.8, 47.3, 1.00
A, 617472, 363424, 600823, 845140, 393850, 112085, 571646, 143736, 39.8, 47.3, 1.01
A, 617155, 363169, 600538, 844655, 393682, 111977, 571524, 143642, 39.8, 47.3, 0.99
A, 617167, 363126, 600811, 844583, 393713, 112072, 571418, 143677, 39.8, 47.3, 1.00
A, 616928, 362988, 600775, 844183, 393626, 112042, 571325, 143663, 39.8, 47.3, 0.99
A, 616596, 362845, 600735, 843989, 393464, 112107, 571203, 143679, 39.8, 47.3, 1.00
A, 616665, 362694, 601092, 843996, 393478, 112103, 571170, 143663, 39.8, 47.3, 1.01
A, 616564, 362646, 601110, 843546, 393413, 112065, 571127, 143631, 39.8, 47.3, 1.01
A, 616135, 362510, 600927, 843056, 393324, 112006, 571049, 143599, 39.8, 47.3, 1.00
A, 616111, 362425, 601160, 843103, 393317, 112045, 570966, 143611, 39.8, 47.3, 1.00
A, 615852, 362291, 601044, 842789, 393252, 112032, 570907, 143502, 39.8, 47.3, 1.00
A, 615914, 362256, 601299, 842769, 393152, 112008, 570832, 143561, 39.8, 47.3, 0.99
A, 615713, 362145, 601262, 842506, 393094, 112035, 570719, 143550, 39.8, 47.4, 1.00
A, 615549, 362000, 601296, 842103, 393059, 111984, 570651, 143541, 39.8, 47.4, 1.00
A, 616800, 362183, 602848, 843508, 393287, 112059, 570993, 143822, 39.8, 47.4, 1.00
A, 616473, 362189, 602891, 843375, 393291, 112128, 570864, 143744, 39.8, 47.4, 1.00
A, 615967, 362071, 602539, 842667, 393105, 112043, 570661, 143646, 39.8, 47.4, 1.00
A, 615705, 361997, 602267, 842209, 393021, 112114, 570559, 143625, 39.8, 47.4, 1.00
A, 615477, 361854, 602332, 841821, 393002, 112021, 570438, 143573, 39.7, 47.4, 1.00
A, 614960, 361678, 602123, 841380, 392854, 112007, 570331, 143513, 39.7, 47.4, 0.99
A, 614706, 361638, 601793, 840584, 392774, 111995, 570219, 143449, 39.7, 47.4, 0.99
A, 614307, 361427, 601695, 840391, 392617, 111923, 569959, 143366, 39.7, 47.4, 1.00
A, 613805, 361289, 601261, 839643, 392502, 111896, 569884, 143263, 39.8, 47.4, 1.00
A, 613543, 361153, 601037, 839104, 392330, 111861, 569736, 143195, 39.8, 47.4, 1.00
A, 613538, 360996, 601394, 839449, 392322, 111898, 569676, 143245, 39.8, 47.4, 1.01
A, 613383, 360912, 601275, 839035, 392297, 111857, 569635, 143194, 39.7, 47.4, 1.00
A, 613071, 360852, 601181, 838786, 392163, 111880, 569553, 143238, 39.7, 47.4, 1.00
A, 613236, 360789, 601510, 838852, 392278, 111874, 569596, 143214, 39.7, 47.5, 0.99
A, 613224, 360755, 601533, 838532, 392171, 111854, 569530, 143205, 39.7, 47.5, 0.99
A, 612875, 360526, 601362, 838132, 392119, 111799, 569409, 143108, 39.7, 47.5, 1.00
A, 612900, 360470, 601402, 838106, 392097, 111792, 569340, 143217, 39.7, 47.5, 1.00
A, 612704, 360398, 601576, 837889, 392068, 111833, 569281, 143147, 39.7, 47.5, 1.00
A, 612729, 360349, 601774, 837986, 392000, 111805, 569326, 143152, 39.7, 47.5, 0.99
A, 612641, 360357, 601856, 837884, 392001, 111797, 569205, 143221, 39.7, 47.5, 0.99
A, 614229, 360525, 603861, 839664, 392337, 111981, 569628, 143535, 39.7, 47.5, 1.00
A, 613886, 360547, 603608, 839041, 392309, 111905, 569533, 143379, 39.7, 47.5, 1.00
A, 613506, 360531, 603485, 838945, 392179, 111936, 569406, 143372, 39.7, 47.5, 1.01
A, 613093, 360381, 603140, 838381, 392114, 111896, 569285, 143236, 39.7, 47.5, 1.00
A, 612864, 360255, 602994, 837939, 392016, 111890, 569139, 143220, 39.7, 47.5, 0.99
A, 612635, 360235, 602932, 837526, 391962, 111866, 569106, 143139, 39.7, 47.5, 1.00
A, 612340, 360067, 602604, 836996, 391854, 111825, 568888, 143084, 39.7, 47.5, 1.00
A, 611809, 359920, 602288, 836465, 391773, 111749, 568811, 142956, 39.7, 47.5, 1.00
A, 611520, 359838, 602223, 836348, 391613, 111793, 568696, 142988, 39.7, 47.5, 1.01
A, 611542, 359746, 602303, 836241, 391635, 111830, 568702, 142971, 39.7, 47.5, 1.01
A, 611517, 359609, 602400, 836110, 391520, 111731, 568595, 143071, 39.7, 47.5, 1.01
A, 611439, 359663, 602512, 835944, 391569, 111787, 568571, 143003, 39.7, 47.5, 1.00
A, 611161, 359496, 602349, 835505, 391449, 111733, 568458, 142909, 39.7, 47.5, 1.01
A, 610780, 359379, 601977, 835031, 391371, 111679, 568384, 142887, 39.7, 47.5, 1.00
A, 610807, 359374, 602156, 835036, 391359, 111687, 568355, 142912, 39.7, 47.6, 1.00
A, 610692, 359221, 602079, 834870, 391304, 111700, 568231, 142869, 39.7, 47.6, 1.00
A, 610829, 359235, 602447, 835052, 391328, 111668, 568281, 142936, 39.7, 47.6, 0.99
A, 610763, 359123, 602633, 834838, 391321, 111657, 568308, 142860, 39.7, 47.6, 1.00
A, 610523, 359093, 602472, 834600, 391211, 111663, 568196, 142854, 39.7, 47.6, 1.00
A, 610455, 359001, 602521, 834628, 391212, 111638, 568189, 142812, 39.7, 47.6, 1.00
A, 611793, 359186, 604269, 836248, 391475, 111773, 568463, 143092, 39.7, 47.6, 0.99
A, 611836, 359347, 604361, 836034, 391597, 111824, 568527, 143174, 39.7, 47.6, 1.00
A, 611496, 359283, 604184, 835729, 391496, 111773, 568407, 143054, 39.7, 47.6, 1.00
A, 610715, 359155, 603223, 834586, 391269, 111719, 568137, 142900, 39.7, 47.6, 1.00
A, 610345, 358958, 603162, 834205, 391145, 111638, 568014, 142793, 39.7, 47.6, 0.98
A, 610022, 358767, 602991, 833965, 391034, 111676, 567963, 142789, 39.7, 47.6, 1.00
A, 609904, 358780, 602931, 833558, 391114, 111646, 567920, 142673, 39.7, 47.6, 1.00
A, 609827, 358672, 602867, 833255, 390929, 111599, 567784, 142684, 39.7, 47.6, 0.99
A, 609354, 358645, 602390, 832814, 390890, 111551, 567728, 142624, 39.7, 47.6, 1.00
A, 609144, 358473, 602320, 832552, 390756, 111528, 567578, 142578, 39.7, 47.6, 1.00
A, 609277, 358447, 602521, 832561, 390774, 111564, 567548, 142673, 39.7, 47.6, 1.00
A, 609306, 358272, 602704, 832634, 390792, 111574, 567658, 142711, 39.7, 47.6, 1.01
A, 609151, 358284, 602624, 832320, 390748, 111565, 567477, 142625, 39.7, 47.6, 1.00
A, 608870, 358189, 602635, 832266, 390761, 111568, 567474, 142610, 39.7, 47.6, 1.00
A, 609150, 358240, 603061, 832425, 390761, 111562, 567535, 142639, 39.7, 47.6, 1.00
A, 609051, 358141, 602990, 832311, 390664, 111532, 567442, 142592, 39.7, 47.6, 1.00
A, 609069, 358165, 603113, 832348, 390717, 111523, 567507, 142675, 39.7, 47.6, 1.00
A, 608936, 358098, 603058, 832249, 390725, 111647, 567444, 142531, 39.7, 47.6, 1.00
A, 609110, 358038, 603271, 832150, 390629, 111515, 567440, 142646, 39.7, 47.6, 1.00
A, 608858, 357937, 603081, 831767, 390651, 111445, 567332, 142566, 39.7, 47.6, 1.00
A, 610026, 358134, 604666, 833387, 390931, 111629, 567624, 142903, 39.7, 47.6, 1.00
A, 610052, 358261, 604801, 833265, 390911, 111640, 567741, 142800, 39.7, 47.7, 1.01
A, 609631, 358179, 604517, 832943, 390844, 111649, 567605, 142798, 39.7, 47.7, 1.00
A, 609605, 358098, 604587, 832819, 390834, 111642, 567526, 142804, 39.7, 47.7, 1.00
A, 609325, 358065, 604336, 832229, 390810, 111661, 567477, 142652, 39.7, 47.7, 1.00
A, 609006, 358008, 604081, 831864, 390599, 111537, 567294, 142615, 39.7, 47.7, 1.00
A, 608741, 357917, 603841, 831634, 390571, 111517, 567168, 142577, 39.7, 47.7, 1.00
A, 608513, 357837, 603658, 831217, 390515, 111515, 567140, 142550, 39.7, 47.7, 0.98
A, 608281, 357679, 603596, 830990, 390436, 111457, 567023, 142506, 39.7, 47.7, 1.00
A, 607920, 357696, 603418, 830599, 390397, 111441, 567002, 142431, 39.7, 47.7, 1.00
A, 607849, 357508, 603346, 830360, 390328, 111466, 566893, 142373, 39.7, 47.7, 0.99
A, 607833, 357499, 603476, 830544, 390331, 111382, 566927, 142459, 39.7, 47.7, 1.00
A, 607795, 357425, 603540, 830490, 390304, 111395, 566900, 142397, 39.7, 47.7, 1.00
A, 607665, 357323, 603503, 830319, 390292, 111433, 566893, 142460, 39.7, 47.7, 0.99
A, 607912, 357431, 603832, 830534, 390355, 111429, 566871, 142407, 39.7, 47.7, 1.00
A, 607851, 357343, 603980, 830419, 390295, 111453, 566900, 142438, 39.7, 47.7, 1.00
A, 607717, 357324, 603885, 830176, 390210, 111405, 566777, 142428, 39.7, 47.7, 1.00
A, 607793, 357294, 603897, 830188, 390244, 111405, 566802, 142448, 39.7, 47.7, 1.00
A, 607718, 357224, 603987, 830041, 390234, 111471, 566774, 142417, 39.7, 47.7, 1.00
A, 607825, 357249, 604193, 830235, 390221, 111400, 566797, 142489, 39.7, 47.7, 1.00
A, 609198, 357391, 606086, 832146, 390550, 111531, 567180, 142873, 39.7, 47.7, 0.99
A, 609283, 357592, 606197, 831960, 390645, 111572, 567167, 142691, 39.7, 47.7, 1.00
A, 608745, 357524, 605797, 831427, 390548, 111470, 567006, 142602, 39.7, 47.7, 1.00
A, 608365, 357411, 605469, 830890, 390398, 111530, 566944, 142613, 39.7, 47.7, 1.00
A, 608420, 357404, 605562, 830902, 390421, 111511, 566835, 142528, 39.7, 47.7, 1.01
A, 608133, 357360, 605300, 830420, 390306, 111476, 566780, 142430, 39.7, 47.7, 1.00
A, 607767, 357234, 604916, 829911, 390243, 111341, 566638, 142416, 39.7, 47.7, 1.00
A, 607578, 357175, 604909, 829796, 390203, 111407, 566558, 142425, 39.7, 47.7, 1.00
A, 607068, 357083, 604441, 829177, 390079, 111341, 566526, 142287, 39.7, 47.7, 1.00
A, 606864, 356970, 604369, 829002, 389946, 111412, 566409, 142334, 39.7, 47.7, 1.00
A, 606758, 356864, 604179, 828589, 389914, 111327, 566351, 142229, 39.7, 47.8, 0.98
A, 606525, 356763, 604116, 828416, 389803, 111303, 566206, 142174, 39.7, 47.8, 1.00
A, 606599, 356751, 604331, 828688, 389833, 111315, 566259, 142172, 39.7, 47.8, 1.00
A, 606521, 356730, 604440, 828585, 389844, 111354, 566253, 142233, 39.7, 47.8, 1.00
A, 606507, 356599, 604263, 828365, 389834, 111387, 566209, 142226, 39.7, 47.8, 1.00
A, 606616, 356703, 604687, 828576, 389847, 111328, 566281, 142317, 39.6, 47.8, 1.00
A, 606563, 356577, 604643, 828360, 389798, 111329, 566209, 142184, 39.6, 47.8, 1.00
A, 606331, 356564, 604364, 827969, 389737, 111288, 566197, 142172, 39.6, 47.8, 1.00
A, 606418, 356556, 604575, 828224, 389719, 111247, 566165, 142148, 39.6, 47.8, 1.00
A, 606260, 356408, 604595, 828152, 389740, 111268, 566120, 142155, 39.7, 47.8, 1.00
A, 607563, 356634, 606310, 829789, 389994, 111440, 566448, 142535, 39.7, 47.8, 0.99
A, 607711, 356779, 606437, 829782, 390103, 111385, 566516, 142538, 39.6, 47.8, 1.00
A, 607542, 356815, 606376, 829462, 390075, 111359, 566450, 142406, 39.6, 47.8, 1.00
A, 607164, 356681, 606109, 829103, 390016, 111327, 566311, 142313, 39.6, 47.8, 1.00
A, 606616, 356589, 605474, 828489, 389790, 111359, 566086, 142248, 39.6, 47.8, 1.00
A, 606710, 356555, 605704, 828440, 389828, 111317, 566172, 142286, 39.6, 47.8, 1.01
A, 606432, 356454, 605437, 828077, 389755, 111292, 566137, 142155, 39.6, 47.8, 1.00
A, 606159, 356330, 605222, 827651, 389650, 111271, 566008, 142142, 39.6, 47.8, 1.00
A, 606097, 356294, 605217, 827633, 389617, 111272, 565960, 142110, 39.6, 47.8, 1.00
A, 605804, 356336, 604968, 827232, 389599, 111216, 565950, 142074, 39.6, 47.8, 0.98
A, 605626, 356167, 604860, 827214, 389537, 111220, 565855, 141991, 39.6, 47.8, 1.00
A, 605494, 356140, 604772, 826874, 389548, 111185, 565743, 141982, 39.6, 47.8, 1.00
A, 605364, 356061, 604677, 826582, 389444, 111178, 565756, 141966, 39.6, 47.8, 1.01
A, 605388, 356057, 604858, 826790, 389425, 111140, 565709, 141944, 39.6, 47.8, 1.00
A, 605457, 355923, 604896, 826708, 389417, 111195, 565741, 142021, 39.6, 47.8, 0.99
A, 605448, 355978, 605035, 826793, 389371, 111206, 565798, 142042, 39.6, 47.8, 0.99
A, 605590, 355927, 605269, 827067, 389443, 111147, 565811, 142104, 39.6, 47.8, 1.00
A, 605752, 355955, 605330, 826803, 389470, 111177, 565752, 142040, 39.6, 47.8, 1.00
A, 605487, 355901, 605345, 826626, 389407, 111136, 565753, 141966, 39.6, 47.8, 1.00
A, 605524, 355816, 605396, 826861, 389434, 111187, 565765, 142002, 39.6, 47.8, 1.00
A, 606937, 356112, 607271, 828651, 389746, 111251, 566124, 142342, 39.6, 47.8, 1.00
A, 607006, 356159, 607285, 828387, 389828, 111276, 566144, 142336, 39.6, 47.8, 1.00
A, 606727, 356154, 607096, 828207, 389762, 111239, 566032, 142253, 39.6, 47.8, 1.01
A, 606375, 356134, 606934, 827815, 389690, 111269, 565971, 142112, 39.6, 47.8, 1.00
A, 606114, 356078, 606502, 827304, 389569, 111200, 565790, 142127, 39.6, 47.8, 1.00
A, 605768, 355961, 606391, 827160, 389491, 111247, 565807, 142061, 39.6, 47.8, 1.00
A, 605779, 355929, 606416, 827140, 389474, 111181, 565749, 142067, 39.6, 47.8, 1.00
A, 605451, 355896, 606243, 826879, 389470, 111182, 565639, 142010, 39.6, 47.8, 1.00
A, 605708, 355911, 606365, 826678, 389431, 111199, 565727, 142049, 39.6, 47.9, 1.00
A, 605419, 355819, 606266, 826594, 389392, 111195, 565611, 142037, 39.6, 47.9, 1.00
A, 605205, 355846, 605943, 826139, 389387, 111073, 565549, 141963, 39.6, 47.9, 1.00
A, 605028, 355620, 605907, 826086, 389284, 111170, 565537, 141975, 39.6, 47.9, 1.00
A, 604793, 355721, 605705, 825736, 389181, 111027, 565480, 141910, 39.6, 47.9, 0.99
A, 604645, 355561, 605582, 825439, 389180, 111080, 565338, 141776, 39.6, 47.9, 0.99
A, 604810, 355566, 605848, 825731, 389182, 111070, 565422, 141921, 39.6, 47.9, 1.00
A, 604682, 355536, 605893, 825622, 389143, 111102, 565370, 141886, 39.6, 47.9, 1.00
A, 604620, 355474, 605850, 825569, 389116, 111084, 565354, 141889, 39.6, 47.9, 1.00
A, 604804, 355439, 606090, 825764, 389154, 111080, 565351, 141937, 39.6, 47.9, 0.99
A, 604872, 355439, 606081, 825629, 389219, 111056, 565420, 141851, 39.6, 47.9, 1.00
A, 604716, 355404, 606012, 825454, 389176, 111092, 565389, 141862, 39.6, 47.9, 1.00
A, 605829, 355583, 607655, 827143, 389432, 111234, 565653, 142158, 39.6, 47.9, 1.00
A, 605904, 355732, 607600, 827019, 389503, 111176, 565751, 142145, 39.6, 47.9, 1.00
A, 605628, 355562, 607381, 826681, 389354, 111161, 565606, 142053, 39.6, 47.9, 1.00
A, 605598, 355672, 607529, 826728, 389392, 111226, 565596, 142067, 39.6, 47.9, 1.00
A, 605493, 355588, 607351, 826281, 389376, 111087, 565557, 142037, 39.6, 47.9, 1.00
A, 605197, 355548, 607159, 826001, 389275, 111155, 565471, 141980, 39.6, 47.9, 1.00
A, 604893, 355383, 606981, 825873, 389218, 111117, 565338, 141973, 39.6, 47.9, 1.00
A, 604936, 355445, 607165, 825893, 389197, 111169, 565408, 141931, 39.6, 47.9, 1.00
A, 604825, 355432, 606982, 825593, 389171, 111111, 565342, 141975, 39.6, 47.9, 1.00
A, 604982, 355448, 607062, 825608, 389198, 111081, 565404, 141921, 39.6, 47.9, 1.00
A, 604670, 355333, 606944, 825342, 389114, 111100, 565247, 141816, 39.6, 47.9, 1.00
A, 604403, 355257, 606749, 825092, 389164, 111048, 565226, 141831, 39.6, 47.9, 1.00
A, 604279, 355189, 606657, 825013, 389020, 111039, 565159, 141830, 39.6, 47.9, 1.01
A, 604384, 355226, 606912, 825174, 389040, 111038, 565194, 141916, 39.6, 47.9, 1.00
A, 604393, 355201, 606969, 825199, 389095, 111128, 565177, 141879, 39.6, 47.9, 1.00
A, 604227, 355149, 606942, 824914, 389009, 111022, 565142, 141800, 39.6, 47.9, 1.01
A, 604230, 355106, 606873, 824775, 389003, 110975, 565104, 141794, 39.6, 47.9, 1.00
A, 604004, 355049, 606687, 824599, 388928, 111031, 565044, 141702, 39.6, 47.9, 1.00
A, 604309, 355117, 606952, 824757, 388937, 111015, 565152, 141771, 39.6, 47.9, 1.00
A, 604094, 354941, 606912, 824776, 388930, 111008, 565073, 141799, 39.6, 47.9, 1.00
A, 605769, 355279, 609046, 826865, 389281, 111073, 565537, 142242, 39.6, 47.9, 1.00
A, 605705, 355363, 608957, 826405, 389383, 111164, 565560, 142053, 39.6, 47.9, 1.00
A, 605353, 355313, 608633, 826128, 389296, 111107, 565386, 142007, 39.6, 48.0, 1.00
A, 605178, 355319, 608625, 826076, 389245, 111059, 565354, 142002, 39.6, 48.0, 0.99
A, 604704, 355256, 608158, 825571, 389150, 111060, 565246, 141870, 39.6, 48.0, 1.00
A, 604598, 355177, 608115, 825161, 389063, 111071, 565152, 141867, 39.6, 48.0, 1.00
A, 604595, 355148, 608245, 825341, 389120, 111066, 565206, 141930, 39.6, 48.0, 1.00
A, 604491, 355156, 608165, 825133, 389049, 111106, 565142, 141755, 39.6, 48.0, 1.00
A, 604388, 355112, 607933, 824887, 389064, 111077, 565031, 141827, 39.6, 48.0, 1.00
A, 604201, 355043, 607958, 824887, 388987, 111012, 565004, 141818, 39.6, 48.0, 1.00
A, 604132, 355090, 607838, 824618, 388958, 111019, 564988, 141803, 39.6, 48.0, 1.00
A, 603893, 354979, 607637, 824166, 388906, 111031, 564878, 141707, 39.6, 48.0, 1.00
A, 603539, 354857, 607413, 823884, 388848, 111006, 564875, 141710, 39.6, 48.0, 1.00
A, 603436, 354782, 607406, 823917, 388738, 110995, 564788, 141669, 39.6, 48.0, 1.00
A, 603672, 354782, 607605, 824041, 388819, 110985, 564880, 141736, 39.6, 48.0, 1.00
A, 603701, 354777, 607597, 823952, 388822, 111006, 564858, 141736, 39.6, 48.0, 1.00
A, 603723, 354831, 607712, 823942, 388821, 110924, 564855, 141700, 39.6, 48.0, 1.00
A, 603565, 354722, 607669, 823933, 388740, 111024, 564846, 141750, 39.6, 48.0, 0.99
A, 603886, 354765, 608052, 824074, 388842, 110954, 564901, 141741, 39.6, 48.0, 1.00
A, 603697, 354711, 608024, 824121, 388823, 110947, 564845, 141737, 39.6, 48.0, 1.00
A, 604974, 354915, 609665, 825730, 389061, 111110, 565218, 142095, 39.6, 48.0, 1.00
A, 605044, 355046, 609805, 825762, 389241, 111122, 565278, 142040, 39.6, 48.0, 1.00
A, 604807, 355010, 609461, 825258, 389149, 111018, 565135, 141931, 39.6, 48.0, 1.00
A, 604404, 354874, 609102, 824797, 388981, 111001, 564983, 141832, 39.6, 48.0, 1.01
A, 604041, 354861, 608871, 824560, 388901, 111057, 564963, 141704, 39.6, 48.0, 1.00
A, 604107, 354883, 608924, 824526, 388883, 111040, 564939, 141817, 39.6, 48.0, 1.00
A, 603878, 354770, 608877, 824366, 388847, 111014, 564886, 141808, 39.6, 48.0, 1.00
A, 604016, 354844, 609100, 824623, 388897, 111061, 564878, 141855, 39.6, 48.0, 1.00
A, 604012, 354857, 608864, 824088, 388857, 110989, 564847, 141769, 39.6, 48.0, 1.00
A, 603722, 354747, 608857, 823953, 388822, 110963, 564777, 141673, 39.6, 48.0, 1.00
A, 603467, 354663, 608615, 823907, 388641, 110927, 564753, 141699, 39.6, 48.0, 1.00
A, 603355, 354683, 608478, 823578, 388739, 110911, 564703, 141661, 39.6, 48.0, 1.00
A, 603227, 354578, 608495, 823409, 388649, 110918, 564641, 141700, 39.6, 48.0, 1.00
A, 603044, 354509, 608315, 823168, 388659, 110842, 564594, 141571, 39.6, 48.0, 1.00
A, 602895, 354481, 608258, 823067, 388590, 110891, 564568, 141522, 39.6, 48.0, 1.00
A, 603106, 354475, 608491, 823328, 388548, 110904, 564655, 141633, 39.6, 48.0, 1.00
A, 603111, 354372, 608521, 823384, 388583, 110867, 564615, 141664, 39.6, 48.0, 1.00
A, 603084, 354422, 608524, 823322, 388570, 110918, 564575, 141641, 39.6, 48.0, 0.99
A, 603254, 354499, 608873, 823572, 388629, 110911, 564621, 141682, 39.6, 48.0, 1.00
A, 603344, 354459, 608979, 823454, 388674, 110936, 564713, 141632, 39.6, 48.0, 1.00
A, 604680, 354626, 610689, 825202, 388931, 111045, 564996, 141996, 39.6, 48.0, 1.00
A, 604574, 354736, 610577, 825094, 389013, 111036, 565064, 141827, 39.6, 48.0, 1.00
A, 603874, 354662, 609678, 824150, 388867, 110982, 564773, 141739, 39.6, 48.0, 1.00
A, 603660, 354534, 609669, 823975, 388740, 110927, 564758, 141739, 39.6, 48.0, 1.00
A, 602891, 354318, 608811, 823027, 388531, 110966, 564491, 141609, 39.6, 48.0, 1.00
A, 603046, 354325, 608992, 822960, 388604, 110872, 564493, 141599, 39.6, 48.0, 1.00
A, 602918, 354301, 608982, 823110, 388542, 110876, 564474, 141577, 39.6, 48.0, 1.00
A, 602788, 354289, 608887, 822883, 388465, 110902, 564501, 141608, 39.6, 48.0, 1.01
A, 602965, 354294, 609242, 823227, 388594, 110849, 564569, 141706, 39.6, 48.0, 1.00
A, 603214, 354334, 609341, 823146, 388592, 110890, 564551, 141645, 39.6, 48.0, 1.00
A, 602997, 354252, 609212, 822963, 388553, 110888, 564533, 141550, 39.6, 48.0, 1.00
A, 602782, 354187, 609113, 822856, 388496, 110859, 564524, 141513, 39.6, 48.0, 1.00
A, 602764, 354216, 609144, 822715, 388530, 110809, 564458, 141529, 39.6, 48.0, 1.00
A, 602673, 354166, 609099, 822749, 388416, 110876, 564423, 141550, 39.6, 48.0, 1.00
A, 602726, 354193, 608948, 822475, 388495, 110838, 564416, 141479, 39.6, 48.0, 1.00
A, 602603, 354127, 609031, 822345, 388482, 110782, 564427, 141488, 39.6, 48.0, 1.00
A, 602660, 354162, 609219, 822698, 388454, 110830, 564371, 141543, 39.6, 48.0, 1.00
A, 602780, 354051, 609307, 822790, 388457, 110762, 564397, 141557, 39.6, 48.0, 1.00
A, 602692, 354078, 609314, 822696, 388478, 110834, 564419, 141602, 39.6, 48.0, 1.00
A, 602948, 354104, 609606, 822960, 388544, 110867, 564535, 141640, 39.6, 48.0, 1.00
A, 604640, 354420, 611771, 824972, 388880, 110993, 564980, 141988, 39.6, 48.0, 0.99
A, 604277, 354463, 611473, 824503, 388918, 110978, 564925, 141836, 39.6, 48.0, 1.00
A, 604276, 354534, 611497, 824467, 388874, 111007, 564836, 141913, 39.6, 48.0, 1.00
A, 603921, 354371, 611244, 824273, 388844, 110943, 564783, 141766, 39.6, 48.0, 1.00
A, 603430, 354356, 610711, 823646, 388683, 110814, 564608, 141695, 39.6, 48.0, 1.00
A, 603320, 354308, 610708, 823459, 388648, 110897, 564586, 141658, 39.6, 48.0, 1.00
A, 603533, 354328, 610936, 823604, 388688, 110957, 564662, 141687, 39.6, 48.0, 1.00
A, 603363, 354295, 610725, 823375, 388608, 110884, 564566, 141627, 39.6, 48.0, 1.00
A, 603122, 354230, 610619, 823212, 388595, 110905, 564508, 141646, 39.6, 48.0, 1.00
A, 603270, 354264, 610756, 823290, 388561, 110893, 564526, 141658, 39.6, 48.0, 1.00
A, 603008, 354178, 610647, 823173, 388554, 110848, 564476, 141652, 39.6, 48.0, 1.00
A, 603090, 354200, 610817, 823080, 388619, 110889, 564546, 141656, 39.6, 48.0, 1.00
A, 602991, 354170, 610763, 822870, 388530, 110866, 564477, 141586, 39.6, 48.0, 1.00
A, 602698, 354217, 610492, 822677, 388534, 110812, 564418, 141555, 39.6, 48.0, 1.00
A, 602525, 354029, 610404, 822558, 388405, 110741, 564268, 141552, 39.6, 48.0, 1.00
A, 602443, 354093, 610340, 822267, 388480, 110771, 564331, 141479, 39.6, 48.0, 0.98
A, 602348, 353948, 610244, 822096, 388339, 110715, 564245, 141451, 39.6, 48.0, 1.00
A, 602466, 353941, 610389, 822470, 388415, 110793, 564296, 141422, 39.6, 48.0, 1.00
A, 602344, 353898, 610456, 822242, 388354, 110790, 564314, 141456, 39.6, 48.0, 1.00
A, 602412, 353873, 610434, 822328, 388297, 110855, 564237, 141555, 39.6, 48.0, 1.00
A, 604074, 354155, 612592, 824512, 388708, 110941, 564716, 141982, 39.6, 48.0, 1.00
A, 604031, 354352, 612356, 823937, 388799, 110985, 564720, 141856, 39.6, 48.0, 1.00
A, 603626, 354243, 612050, 823457, 388692, 110916, 564570, 141761, 39.6, 48.0, 0.99
A, 603491, 354260, 612066, 823693, 388654, 110833, 564514, 141698, 39.6, 48.0, 1.00
A, 603209, 354154, 611877, 823329, 388538, 110906, 564415, 141658, 39.6, 48.0, 1.01
A, 603092, 354022, 611657, 823127, 388501, 110912, 564428, 141703, 39.6, 48.0, 1.01
A, 603139, 354050, 611886, 823170, 388543, 110830, 564418, 141656, 39.6, 48.1, 1.01
A, 602949, 354098, 611785, 822863, 388563, 110880, 564441, 141637, 39.6, 48.1, 0.99
A, 602678, 354086, 611591, 822604, 388448, 110876, 564355, 141476, 39.6, 48.0, 1.00
A, 602618, 353995, 611435, 822614, 388368, 110860, 564289, 141510, 39.6, 48.0, 1.00
A, 602765, 353980, 611688, 822745, 388440, 110796, 564304, 141606, 39.6, 48.1, 1.00
A, 602534, 353936, 611549, 822578, 388407, 110869, 564255, 141606, 39.6, 48.1, 1.00
A, 602688, 353929, 611600, 822405, 388390, 110832, 564245, 141594, 39.6, 48.1, 1.00
A, 602484, 353891, 611645, 822269, 388325, 110762, 564227, 141545, 39.6, 48.1, 1.00
A, 602159, 353906, 611315, 821980, 388332, 110791, 564161, 141401, 39.6, 48.1, 1.01
A, 602145, 353810, 611227, 821895, 388249, 110834, 564117, 141499, 39.6, 48.1, 0.99
A, 602363, 353848, 611657, 822236, 388253, 110731, 564124, 141589, 39.6, 48.1, 1.00
A, 602434, 353846, 611775, 822368, 388346, 110847, 564185, 141579, 39.6, 48.1, 1.00
A, 602528, 353833, 611743, 822121, 388357, 110829, 564212, 141552, 39.6, 48.1, 1.00
A, 602334, 353756, 611646, 821849, 388238, 110690, 564085, 141428, 39.6, 48.1, 1.00
M, 600534, 353627, 608930, 818629, 387954, 110445, 563657, 140595, 39.6, 48.1, 0.11
M, 593234, 351909, 600232, 809954, 385715, 109696, 560901, 138900, 39.6, 48.1, 0.56
M, 586376, 349738, 591713, 800897, 383398, 108881, 558239, 137239, 39.6, 48.1, 0.75
M, 581125, 347882, 585079, 794186, 381639, 108260, 556238, 136030, 39.6, 48.1, 0.81
M, 577097, 346384, 579859, 788995, 380222, 107750, 554942, 135208, 39.6, 48.1, 0.89
M, 573489, 344697, 574935, 784215, 378940, 107249, 553736, 134301, 39.6, 48.1, 0.93
M, 571344, 343613, 571457, 780934, 378035, 106859, 552895, 133948, 39.6, 48.1, 0.95
M, 569268, 342461, 568216, 778165, 377232, 106601, 552267, 133462, 39.7, 48.0, 0.97
M, 567803, 341239, 565076, 775576, 376684, 106170, 551803, 133056, 39.7, 48.0, 0.98
M, 566721, 340230, 562809, 773893, 376186, 105891, 551513, 132802, 39.7, 47.9, 0.99
M, 566202, 339534, 561117, 773079, 375916, 105687, 551381, 132610, 39.7, 47.9, 1.00
M, 565912, 338858, 559552, 772180, 375655, 105581, 551350, 132490, 39.7, 47.9, 0.99
M, 565883, 338260, 558319, 771715, 375649, 105405, 551396, 132473, 39.7, 47.9, 1.00
M, 566290, 337578, 557515, 771783, 375701, 105242, 551666, 132361, 39.7, 47.8, 0.99
M, 566433, 337186, 556626, 771861, 375728, 105147, 551769, 132318, 39.7, 47.8, 0.99
M, 566895, 336626, 555783, 771897, 375818, 104978, 552078, 132304, 39.7, 47.8, 0.99
M, 567275, 336278, 555373, 772360, 375873, 104970, 552280, 132285, 39.7, 47.8, 0.99
M, 567892, 335921, 554528, 772777, 376148, 104862, 552782, 132346, 39.8, 47.8, 0.99
M, 568420, 335627, 554229, 773222, 376265, 104825, 552978, 132279, 39.8, 47.8, 1.00
M, 569294, 335331, 554415, 774322, 376483, 104757, 553433, 132442, 39.8, 47.8, 1.00
M, 571554, 335429, 555996, 777011, 377132, 104902, 554200, 132866, 39.8, 47.8, 1.00
M, 572082, 335319, 555669, 777509, 377421, 104879, 554628, 132898, 39.8, 47.8, 1.00
M, 572847, 335264, 555557, 778377, 377726, 104831, 555078, 132886, 39.8, 47.8, 1.00
M, 573754, 335233, 555346, 778999, 377996, 104804, 555464, 132831, 39.8, 47.8, 0.99
M, 574175, 334979, 554901, 779414, 378248, 104776, 555821, 132897, 39.8, 47.7, 0.99
M, 574755, 334895, 554850, 780323, 378469, 104726, 556193, 132942, 39.8, 47.7, 0.99
M, 575548, 334901, 554895, 781122, 378694, 104762, 556570, 133009, 39.8, 47.7, 1.01
M, 576181, 334876, 554941, 782087, 379054, 104736, 556998, 133117, 39.8, 47.7, 1.00
M, 576966, 334878, 554906, 782894, 379351, 104732, 557447, 133136, 39.8, 47.7, 1.00
M, 577770, 334976, 555038, 783856, 379679, 104799, 557879, 133196, 39.8, 47.7, 1.01
M, 578560, 335030, 555112, 784633, 380017, 104748, 558302, 133299, 39.8, 47.7, 1.01
M, 579094, 335088, 555077, 785541, 380281, 104834, 558683, 133341, 39.8, 47.7, 1.01
M, 580015, 335181, 555374, 786633, 380641, 104833, 559137, 133402, 39.8, 47.7, 1.00
M, 580807, 335292, 555667, 787413, 380970, 104884, 559556, 133572, 39.8, 47.7, 0.99
M, 581670, 335449, 555735, 788428, 381268, 104926, 560022, 133609, 39.8, 47.6, 0.99
M, 582286, 335519, 555818, 789249, 381560, 104943, 560340, 133685, 39.8, 47.6, 1.00
M, 582959, 335718, 555912, 790084, 381886, 104935, 560739, 133709, 39.8, 47.6, 1.01
M, 583345, 335693, 555935, 790758, 382062, 104879, 561036, 133709, 39.8, 47.6, 1.00
M, 584180, 335887, 556318, 791736, 382379, 104940, 561400, 133728, 39.8, 47.6, 1.00
M, 584991, 336139, 556538, 792590, 382686, 104992, 561786, 133936, 39.9, 47.6, 1.00
M, 587290, 336504, 558729, 795588, 383313, 105147, 562624, 134373, 39.9, 47.6, 1.01
M, 587786, 336860, 558620, 796025, 383686, 105126, 562933, 134274, 39.9, 47.6, 1.00
M, 588090, 336942, 558361, 796456, 383811, 105190, 563087, 134310, 39.9, 47.6, 0.99
M, 588661, 337174, 558668, 797243, 384083, 105230, 563446, 134388, 39.9, 47.6, 1.01
M, 588931, 337321, 558556, 797780, 384187, 105186, 563686, 134366, 39.9, 47.6, 1.01
M, 589622, 337455, 558858, 798708, 384530, 105197, 563995, 134495, 39.9, 47.6, 1.00
M, 590079, 337699, 558940, 799257, 384701, 105255, 564292, 134420, 39.9, 47.6, 1.00
M, 590334, 337826, 558786, 799604, 384895, 105234, 564465, 134516, 39.9, 47.5, 1.00
M, 590510, 337885, 558670, 800015, 385032, 105251, 564635, 134529, 39.9, 47.5, 0.99
M, 591144, 338111, 559007, 800873, 385279, 105258, 564978, 134497, 39.9, 47.5, 0.99
M, 591707, 338281, 559052, 801429, 385449, 105304, 565232, 134642, 39.9, 47.5, 0.99
M, 591975, 338536, 559157, 802004, 385655, 105320, 565463, 134638, 39.9, 47.5, 1.00
M, 592588, 338600, 559291, 802669, 385893, 105342, 565714, 134687, 39.9, 47.5, 0.99
M, 592918, 338783, 559436, 803048, 385998, 105318, 565976, 134724, 39.9, 47.5, 0.99
M, 593241, 338962, 559441, 803672, 386193, 105368, 566154, 134763, 39.9, 47.5, 0.99
M, 593468, 339178, 559314, 803976, 386379, 105381, 566360, 134687, 39.9, 47.5, 1.01
M, 593999, 339249, 559540, 804506, 386517, 105402, 566564, 134783, 39.9, 47.5, 1.00
M, 594203, 339439, 559431, 804968, 386702, 105402, 566834, 134810, 39.9, 47.5, 0.99
M, 594503, 339427, 559470, 805535, 386760, 105372, 566904, 134869, 39.9, 47.5, 1.01
M, 595137, 339678, 559896, 806138, 386988, 105470, 567177, 135022, 39.9, 47.5, 1.00
M, 597008, 340151, 561932, 808784, 387542, 105623, 567890, 135401, 39.9, 47.4, 1.00
M, 597411, 340460, 561796, 809071, 387749, 105563, 568026, 135250, 39.9, 47.4, 1.00
M, 597412, 340583, 561745, 809409, 387823, 105680, 568169, 135314, 39.9, 47.4, 1.00
M, 597922, 340790, 562085, 810070, 387953, 105658, 568397, 135335, 39.9, 47.4, 1.01
M, 597964, 340898, 561871, 810219, 388145, 105688, 568443, 135281, 39.9, 47.4, 1.00
M, 598301, 341068, 562047, 810722, 388201, 105617, 568668, 135354, 39.9, 47.4, 1.01
M, 598485, 341176, 562026, 811070, 388311, 105700, 568742, 135343, 39.9, 47.4, 1.01
M, 599095, 341407, 562352, 811729, 388491, 105684, 569036, 135425, 39.9, 47.4, 1.00
M, 599092, 341514, 562174, 811771, 388534, 105707, 569097, 135420, 39.9, 47.4, 1.00
M, 599176, 341523, 562021, 812051, 388592, 105697, 569242, 135417, 39.9, 47.4, 0.99
M, 599689, 341756, 562345, 812588, 388721, 105798, 569414, 135476, 39.9, 47.4, 1.00
M, 599757, 341896, 562403, 813071, 388843, 105753, 569554, 135535, 39.9, 47.4, 0.99
M, 600198, 342092, 562785, 813595, 389047, 105803, 569731, 135623, 39.9, 47.4, 1.00
M, 600585, 342261, 562978, 813936, 389163, 105820, 569818, 135570, 39.9, 47.4, 0.99
M, 600621, 342296, 562804, 814167, 389202, 105756, 569931, 135511, 39.9, 47.4, 1.01
M, 600715, 342399, 562713, 814464, 389280, 105822, 570048, 135649, 39.9, 47.4, 1.00
M, 601101, 342668, 562880, 814753, 389456, 105834, 570279, 135664, 39.9, 47.3, 0.99
M, 601160, 342687, 562874, 815167, 389417, 105883, 570288, 135721, 39.9, 47.3, 1.00
M, 601390, 342904, 563003, 815565, 389702, 105888, 570503, 135644, 39.9, 47.3, 1.00
M, 601602, 342923, 563033, 815740, 389652, 105901, 570539, 135672, 39.9, 47.3, 1.01
M, 603470, 343280, 564978, 818252, 390067, 106035, 571068, 136091, 39.9, 47.3, 0.99
M, 603596, 343514, 565045, 818483, 390323, 106038, 571304, 136070, 39.9, 47.3, 1.00
M, 603492, 343634, 564803, 818436, 390292, 105998, 571253, 136092, 39.9, 47.3, 1.01
M, 603754, 343759, 565031, 818929, 390458, 106104, 571408, 136051, 39.9, 47.3, 1.00
M, 603988, 343875, 565046, 819155, 390506, 106048, 571489, 135998, 39.9, 47.3, 0.99
M, 603728, 343944, 564653, 818898, 390440, 105982, 571443, 135984, 39.9, 47.3, 1.00
M, 603960, 344026, 564761, 819257, 390546, 106062, 571527, 136079, 39.9, 47.3, 1.01
M, 604169, 344079, 564947, 819433, 390555, 106094, 571645, 136033, 40.0, 47.3, 0.99
M, 604273, 344198, 564854, 819571, 390651, 106050, 571757, 135974, 40.0, 47.3, 1.00
M, 604219, 344272, 564691, 819796, 390685, 106046, 571840, 135919, 40.0, 47.3, 1.00
M, 604429, 344344, 564825, 820139, 390693, 106081, 571871, 136007, 40.0, 47.3, 0.99
M, 604670, 344402, 565109, 820644, 390844, 106124, 572047, 136161, 40.0, 47.3, 1.00
M, 604765, 344542, 565166, 820817, 390887, 106141, 572072, 136185, 40.0, 47.3, 0.99
M, 605233, 344693, 565502, 821457, 391053, 106194, 572341, 136172, 40.0, 47.3, 1.01
M, 605578, 344866, 565729, 821654, 391173, 106156, 572373, 136249, 40.0, 47.3, 1.01
M, 605552, 344919, 565641, 821780, 391209, 106119, 572476, 136225, 40.0, 47.3, 1.02
M, 605671, 345008, 565600, 822088, 391243, 106174, 572473, 136256, 40.0, 47.3, 0.99
M, 605791, 345148, 565730, 822255, 391356, 106228, 572618, 136232, 40.0, 47.3, 0.99
M, 605796, 345024, 565789, 822471, 391346, 106255, 572654, 136225, 40.0, 47.3, 1.00
M, 605865, 345200, 565578, 822321, 391433, 106219, 572747, 136216, 40.0, 47.3, 1.00
M, 607100, 345377, 567035, 824115, 391573, 106278, 573025, 136511, 40.0, 47.3, 0.99
M, 607410, 345663, 567259, 824627, 391836, 106299, 573223, 136606, 40.0, 47.3, 0.99
M, 607434, 345647, 567152, 824667, 391839, 106283, 573349, 136523, 40.0, 47.3, 1.00
M, 607547, 345817, 567167, 824773, 391914, 106413, 573317, 136576, 40.0, 47.3, 0.99
M, 607847, 345924, 567559, 825146, 392013, 106430, 573471, 136625, 40.0, 47.3, 0.99
M, 607918, 345898, 567679, 825527, 392060, 106396, 573545, 136626, 40.0, 47.3, 1.00
M, 607914, 346085, 567588, 825588, 392039, 106415, 573547, 136580, 40.0, 47.3, 1.00
M, 608105, 346151, 567730, 826011, 392121, 106404, 573672, 136652, 40.0, 47.3, 1.00
M, 608109, 346177, 567687, 826114, 392176, 106396, 573665, 136634, 40.0, 47.3, 1.00
M, 608164, 346247, 567784, 826218, 392195, 106460, 573719, 136627, 40.0, 47.3, 1.01
M, 608717, 346375, 568180, 826743, 392326, 106494, 573921, 136729, 40.0, 47.3, 0.99
M, 608901, 346509, 568376, 827185, 392367, 106468, 573961, 136741, 40.0, 47.3, 1.00
M, 608793, 346567, 568265, 827078, 392380, 106468, 573987, 136733, 40.0, 47.3, 0.99
M, 608725, 346490, 568035, 827018, 392352, 106410, 573977, 136694, 40.0, 47.3, 1.00
M, 609047, 346634, 568436, 827485, 392496, 106596, 574089, 136853, 40.0, 47.2, 0.99
M, 609208, 346759, 568579, 827636, 392539, 106533, 574206, 136784, 40.0, 47.2, 1.00
M, 609194, 346760, 568394, 827679, 392544, 106578, 574235, 136729, 40.0, 47.2, 1.01
M, 608272, 346626, 567463, 826813, 392335, 106483, 574022, 136596, 40.0, 47.2, 1.00
M, 608537, 346741, 567663, 827131, 392437, 106452, 574134, 136559, 40.0, 47.2, 0.99
M, 608678, 346820, 567893, 827453, 392450, 106511, 574226, 136776, 40.0, 47.2, 1.01
M, 610804, 347291, 570206, 830094, 393082, 106709, 574859, 137114, 40.0, 47.2, 1.00
M, 610549, 347312, 569848, 829680, 392989, 106649, 574769, 137050, 40.0, 47.2, 1.00
M, 610610, 347415, 569905, 829967, 393065, 106689, 574818, 137104, 40.0, 47.2, 1.00
M, 610749, 347421, 569909, 830033, 393100, 106725, 574785, 137078, 40.0, 47.2, 1.00
M, 610628, 347488, 569968, 830184, 393146, 106709, 574844, 137038, 40.0, 47.2, 1.00
M, 610811, 347485, 570095, 830528, 393178, 106725, 574981, 137152, 40.0, 47.2, 1.00
M, 611026, 347639, 570225, 830434, 393197, 106730, 575001, 137108, 40.0, 47.2, 1.00
M, 610821, 347614, 570122, 830465, 393203, 106690, 574941, 137055, 40.0, 47.2, 0.99
M, 610993, 347748, 570306, 830836, 393183, 106802, 575047, 137160, 40.0, 47.2, 1.00
M, 610984, 347789, 570359, 830964, 393231, 106778, 575029, 137133, 40.0, 47.2, 1.00
M, 611165, 347793, 570332, 831029, 393229, 106785, 575094, 137080, 40.0, 47.2, 1.01
M, 611181, 347838, 570456, 831261, 393261, 106768, 575127, 137183, 40.0, 47.2, 1.01
M, 611323, 347906, 570679, 831507, 393400, 106758, 575209, 137096, 40.0, 47.2, 0.99
M, 611486, 347987, 570635, 831649, 393392, 106841, 575228, 137223, 40.0, 47.2, 1.00
M, 611450, 347977, 570754, 831789, 393437, 106860, 575351, 137257, 40.0, 47.2, 1.00
M, 611770, 348104, 571189, 832289, 393519, 106870, 575439, 137275, 40.0, 47.2, 1.00
M, 611909, 348233, 571090, 832114, 393494, 106839, 575433, 137197, 40.0, 47.2, 1.00
M, 611918, 348233, 571236, 832315, 393504, 106838, 575464, 137251, 40.0, 47.2, 0.99
M, 611931, 348185, 571335, 832568, 393548, 106862, 575514, 137256, 40.0, 47.2, 1.00
M, 611807, 348355, 570880, 832085, 393556, 106906, 575541, 137182, 40.0, 47.2, 0.99
M, 612792, 348370, 572210, 833717, 393694, 106911, 575743, 137528, 40.0, 47.2, 0.99
M, 612635, 348586, 572030, 833559, 393888, 106884, 575875, 137417, 40.0, 47.2, 1.01
M, 612627, 348586, 572039, 833583, 393748, 106986, 575831, 137315, 40.0, 47.2, 1.00
M, 612846, 348621, 572339, 833896, 393880, 106947, 575864, 137418, 40.0, 47.2, 0.99
M, 612853, 348614, 572318, 834093, 393832, 107029, 575879, 137473, 40.0, 47.2, 1.00
M, 612484, 348621, 571940, 833542, 393800, 106965, 575860, 137408, 40.0, 47.2, 1.01
M, 612787, 348649, 572254, 834002, 393893, 106980, 575929, 137457, 40.0, 47.2, 0.99
M, 612971, 348719, 572502, 834242, 393895, 107013, 575989, 137446, 40.0, 47.2, 1.01
M, 612993, 348765, 572447, 834247, 393885, 107044, 575963, 137435, 40.0, 47.2, 1.01
M, 612890, 348742, 572440, 834373, 393829, 107045, 575982, 137417, 40.0, 47.2, 1.00
M, 613146, 348848, 572671, 834537, 393978, 106989, 576011, 137494, 40.0, 47.2, 1.00
M, 613177, 348785, 572740, 834841, 393953, 107050, 576095, 137597, 40.0, 47.2, 1.00
M, 613488, 349051, 573168, 835262, 394098, 107093, 576207, 137641, 40.0, 47.2, 1.00
M, 613683, 349083, 573389, 835187, 394104, 107074, 576244, 137556, 40.0, 47.2, 0.99
M, 613555, 348989, 573258, 835355, 394099, 107021, 576189, 137572, 40.0, 47.2, 1.00
M, 613508, 349045, 573205, 835546, 394149, 107064, 576241, 137556, 40.0, 47.2, 1.01
M, 613587, 349151, 573413, 835579, 394096, 107113, 576284, 137623, 40.0, 47.2, 0.99
M, 613809, 349216, 573586, 835621, 394164, 107101, 576299, 137664, 40.0, 47.2, 0.99
M, 614167, 349282, 573916, 836177, 394360, 107180, 576479, 137689, 40.0, 47.2, 0.99
M, 614035, 349271, 573836, 836127, 394172, 107143, 576401, 137627, 40.0, 47.2, 1.00
M, 615753, 349620, 575880, 838324, 394713, 107379, 576980, 138103, 40.0, 47.2, 0.99
M, 615527, 349757, 575700, 838228, 394710, 107348, 576930, 138025, 40.0, 47.2, 0.99
M, 615147, 349815, 575100, 837550, 394680, 107305, 576843, 137885, 40.0, 47.2, 0.99
M, 614950, 349639, 574944, 837218, 394536, 107253, 576738, 137823, 40.0, 47.2, 1.00
M, 614933, 349690, 575078, 837552, 394561, 107251, 576715, 137898, 40.0, 47.2, 1.01
M, 614755, 349704, 575002, 837427, 394525, 107270, 576674, 137819, 40.0, 47.2, 1.01
M, 614655, 349613, 574717, 837255, 394486, 107307, 576673, 137800, 40.0, 47.2, 1.00
M, 614853, 349718, 575162, 837520, 394477, 107261, 576672, 137894, 40.0, 47.1, 1.00
M, 614715, 349760, 574966, 837344, 394461, 107267, 576701, 137820, 40.0, 47.1, 1.00
M, 614628, 349692, 574969, 837257, 394446, 107238, 576647, 137846, 40.0, 47.1, 1.00
M, 614787, 349788, 575310, 837591, 394477, 107262, 576693, 137864, 40.0, 47.1, 1.00
M, 614810, 349760, 575237, 837760, 394504, 107298, 576727, 137826, 40.0, 47.1, 1.00
M, 614708, 349766, 575168, 837690, 394448, 107219, 576727, 137895, 40.0, 47.1, 0.99
M, 615019, 349868, 575613, 838177, 394604, 107329, 576847, 137947, 40.0, 47.1, 1.00
M, 615159, 349940, 575784, 838241, 394625, 107327, 576867, 137945, 40.0, 47.1, 1.00
M, 615119, 349911, 575694, 838080, 394580, 107374, 576867, 137863, 40.0, 47.1, 1.01
M, 614914, 349895, 575434, 838014, 394518, 107368, 576788, 137866, 40.0, 47.1, 1.00
M, 615187, 349895, 575779, 838268, 394581, 107358, 576867, 137904, 40.0, 47.1, 1.01
M, 615213, 349904, 575893, 838519, 394594, 107375, 576909, 137983, 40.0, 47.1, 1.01
M, 615456, 350067, 576262, 838771, 394689, 107381, 577008, 138027, 40.0, 47.1, 1.01
M, 616862, 350262, 577935, 840454, 395003, 107549, 577371, 138301, 40.0, 47.1, 0.99
M, 616485, 350466, 577459, 840042, 395061, 107533, 577405, 138197, 40.0, 47.1, 1.01
M, 616182, 350322, 577296, 839932, 394934, 107472, 577232, 138163, 40.0, 47.1, 1.00
M, 616373, 350398, 577421, 840038, 394976, 107496, 577303, 138224, 40.0, 47.1, 1.00
M, 615869, 350249, 576957, 839450, 394863, 107515, 577154, 138102, 40.0, 47.1, 1.01
M, 615174, 350226, 576250, 838665, 394683, 107392, 576971, 137938, 40.0, 47.1, 0.99
M, 615073, 350058, 576303, 838646, 394672, 107454, 576904, 137944, 40.0, 47.1, 1.00
M, 615193, 350128, 576390, 838827, 394637, 107474, 576962, 138038, 40.0, 47.1, 0.99
M, 615513, 350092, 576887, 839341, 394777, 107435, 577132, 138087, 40.0, 47.1, 1.01
M, 615426, 350194, 576719, 839362, 394792, 107433, 577096, 138125, 40.0, 47.1, 1.01
M, 615853, 350295, 577224, 839753, 394862, 107510, 577199, 138143, 40.0, 47.1, 1.01
M, 616174, 350335, 577498, 839939, 394927, 107541, 577251, 138140, 40.0, 47.1, 1.01
M, 616018, 350336, 577486, 839979, 394884, 107507, 577256, 138136, 40.0, 47.1, 1.01
M, 616011, 350321, 577388, 839951, 394857, 107529, 577250, 138142, 40.0, 47.1, 1.00
M, 616222, 350416, 577682, 840284, 395001, 107619, 577337, 138240, 40.0, 47.1, 1.00
M, 616224, 350424, 577800, 840356, 394898, 107561, 577357, 138238, 40.0, 47.1, 0.99
M, 616558, 350548, 578118, 840642, 395045, 107569, 577442, 138245, 40.0, 47.1, 0.99
M, 616454, 350530, 578187, 840613, 395062, 107578, 577403, 138237, 40.0, 47.1, 0.99
M, 616660, 350564, 578421, 840869, 395089, 107615, 577481, 138229, 40.0, 47.1, 0.99
M, 616507, 350493, 578372, 840937, 395080, 107653, 577479, 138297, 40.0, 47.1, 1.01
M, 618388, 350940, 580386, 842978, 395521, 107833, 578035, 138728, 40.1, 47.1, 1.01
M, 618186, 351066, 580257, 842749, 395522, 107752, 577879, 138510, 40.1, 47.1, 1.00
M, 617602, 351067, 579727, 842153, 395452, 107762, 577827, 138471, 40.1, 47.1, 0.99
M, 617421, 350966, 579566, 842092, 395310, 107719, 577695, 138449, 40.1, 47.1, 1.01
M, 617443, 350885, 579764, 842234, 395358, 107783, 577683, 138533, 40.1, 47.1, 1.00
M, 617354, 350990, 579586, 842136, 395301, 107714, 577651, 138421, 40.0, 47.1, 1.00
M, 617145, 350889, 579252, 841573, 395148, 107800, 577644, 138430, 40.0, 47.1, 1.01
M, 616806, 350818, 579186, 841428, 395130, 107718, 577569, 138389, 40.0, 47.1, 0.99
M, 617133, 350902, 579631, 841991, 395222, 107758, 577690, 138434, 40.0, 47.1, 0.99
M, 617046, 350942, 579547, 841802, 395202, 107723, 577608, 138366, 40.1, 47.1, 1.00
M, 616901, 350934, 579392, 841773, 395183, 107805, 577579, 138350, 40.1, 47.1, 1.00
M, 617277, 350905, 579824, 841926, 395317, 107796, 577688, 138540, 40.0, 47.1, 0.99
M, 617225, 350928, 579838, 841899, 395207, 107738, 577641, 138399, 40.0, 47.1, 0.99
M, 616992, 350928, 579722, 841822, 395250, 107796, 577654, 138433, 40.0, 47.1, 1.01
M, 617015, 350877, 579718, 841783, 395166, 107791, 577610, 138432, 40.0, 47.1, 1.01
M, 617204, 350913, 580132, 842242, 395266, 107799, 577733, 138540, 40.1, 47.1, 1.01
M, 616999, 350919, 579950, 842172, 395245, 107821, 577643, 138504, 40.1, 47.1, 1.01
M, 617301, 350977, 580376, 842479, 395301, 107827, 577769, 138644, 40.1, 47.1, 1.00
M, 616775, 350892, 579789, 841774, 395175, 107772, 577584, 138429, 40.1, 47.1, 1.00
M, 616825, 350903, 579721, 841701, 395147, 107774, 577609, 138381, 40.1, 47.1, 1.01
M, 618258, 351057, 581438, 843732, 395500, 107969, 577983, 138771, 40.1, 47.1, 1.01
M, 618274, 351324, 581474, 843419, 395602, 107936, 578079, 138711, 40.1, 47.1, 1.00
M, 618034, 351242, 581327, 843390, 395495, 107937, 577989, 138722, 40.1, 47.1, 1.01
M, 617851, 351192, 581103, 843010, 395461, 107849, 577949, 138628, 40.0, 47.1, 0.99
M, 617703, 351175, 581080, 842782, 395404, 107921, 577843, 138577, 40.0, 47.1, 1.01
M, 617661, 351183, 581254, 843172, 395371, 107921, 577941, 138613, 40.0, 47.1, 1.01
M, 617670, 351253, 581264, 843171, 395432, 107917, 577912, 138648, 40.1, 47.1, 1.01
M, 617700, 351160, 581152, 843107, 395378, 107941, 577892, 138676, 40.1, 47.1, 1.01
M, 617955, 351247, 581642, 843425, 395382, 107923, 577946, 138744, 40.1, 47.1, 1.00
M, 618059, 351246, 581880, 843551, 395553, 107920, 577979, 138734, 40.1, 47.1, 0.99
M, 617873, 351291, 581721, 843401, 395457, 107971, 577962, 138658, 40.1, 47.1, 0.99
M, 618082, 351325, 581881, 843608, 395513, 107994, 577954, 138675, 40.1, 47.1, 1.00
M, 618038, 351261, 581979, 843700, 395436, 107985, 577943, 138703, 40.1, 47.1, 1.01
M, 617922, 351210, 581916, 843657, 395474, 107946, 577970, 138699, 40.1, 47.1, 1.00
M, 618212, 351325, 582338, 843999, 395548, 107999, 578034, 138699, 40.1, 47.1, 1.00
M, 618353, 351400, 582518, 844111, 395620, 108030, 578085, 138753, 40.1, 47.1, 1.00
M, 618214, 351385, 582426, 843952, 395532, 108012, 578060, 138767, 40.1, 47.1, 1.00
M, 618119, 351294, 582338, 843854, 395508, 108045, 577983, 138732, 40.1, 47.1, 1.01
M, 618326, 351305, 582627, 844133, 395533, 108091, 578104, 138823, 40.1, 47.1, 1.01
M, 618345, 351423, 582653, 843982, 395555, 108005, 578074, 138798, 40.1, 47.1, 1.00
