State, OV, Alc, H2, AC1, NH3, AC2, VOC, LP, Temp, Hud, AirFlow
A, 631957, 345935, 927021, 882203, 346023, 125543, 501053, 155939, 41.1, 48.6, 0.00
A, 621551, 343462, 909636, 869021, 343194, 124154, 497840, 153291, 41.1, 48.6, 0.63
A, 613175, 340938, 894994, 857896, 340786, 122861, 495350, 151073, 41.1, 48.6, 0.71
A, 605559, 338513, 880952, 847737, 338906, 121516, 493884, 149031, 41.1, 48.6, 0.83
A, 600469, 337030, 870201, 840743, 338033, 120505, 493685, 147660, 40.9, 48.4, 0.88
A, 597304, 336115, 861887, 836164, 337831, 119759, 494203, 146831, 40.9, 48.4, 0.94
A, 595709, 335587, 854973, 833073, 338002, 119114, 495148, 146240, 40.8, 48.2, 0.95
A, 595204, 335374, 849126, 831311, 338647, 118496, 496480, 145881, 40.8, 48.2, 0.97
A, 595309, 335370, 844263, 830386, 339219, 117993, 497644, 145685, 40.7, 48.0, 0.98
A, 596099, 335516, 840774, 830591, 339955, 117660, 498773, 145733, 40.7, 48.0, 0.99
A, 597173, 335703, 837617, 831049, 340683, 117331, 500077, 145639, 40.6, 47.9, 0.99
A, 598583, 336001, 835015, 831983, 341420, 117062, 501259, 145739, 40.6, 47.9, 1.00
A, 600745, 336495, 833326, 833768, 342356, 116843, 502614, 145974, 40.5, 47.8, 0.99
A, 603195, 337072, 831414, 835388, 343368, 116558, 504124, 146060, 40.5, 47.8, 1.00
A, 605081, 337545, 829662, 837119, 344255, 116367, 505340, 146153, 40.5, 47.8, 1.01
A, 607250, 338088, 828465, 839038, 345101, 116342, 506562, 146327, 40.5, 47.8, 0.99
A, 610135, 338899, 827339, 841388, 346296, 116223, 508082, 146579, 40.4, 47.7, 1.00
A, 612034, 339377, 826754, 843347, 346954, 116128, 509094, 146754, 40.4, 47.7, 0.99
A, 615243, 340414, 825872, 846391, 348279, 116096, 510807, 146995, 40.3, 47.7, 1.00
A, 617275, 340936, 825434, 848157, 348951, 115964, 511759, 147085, 40.3, 47.7, 1.00
A, 620846, 341868, 827107, 852274, 350143, 116167, 513274, 147616, 40.3, 47.7, 0.99
A, 622986, 342784, 826218, 854208, 351142, 116098, 514561, 147683, 40.3, 47.6, 1.00
A, 624731, 343463, 825249, 855991, 351826, 116056, 515548, 147779, 40.3, 47.6, 0.99
A, 627289, 344314, 824875, 858255, 352743, 116044, 516743, 147934, 40.3, 47.6, 0.99
A, 629803, 345265, 824864, 861011, 353810, 116021, 518076, 148132, 40.3, 47.6, 1.00
A, 632094, 346186, 824734, 863187, 354648, 116128, 519100, 148271, 40.2, 47.6, 1.00
A, 634279, 347026, 824799, 865563, 355508, 116158, 520247, 148491, 40.2, 47.6, 1.01
A, 636521, 347915, 824999, 867947, 356444, 116121, 521346, 148668, 40.2, 47.5, 0.99
A, 638726, 348830, 825173, 870428, 357268, 116199, 522476, 148823, 40.2, 47.5, 0.99
A, 640816, 349821, 825314, 872685, 358140, 116215, 523594, 149033, 40.1, 47.5, 1.00
A, 643133, 350825, 825496, 875088, 359097, 116269, 524771, 149129, 40.1, 47.5, 0.99
A, 644932, 351658, 825489, 877026, 359886, 116378, 525759, 149214, 40.1, 47.5, 0.99
A, 646473, 352542, 825260, 878942, 360623, 116301, 526666, 149362, 40.1, 47.5, 1.01
A, 648582, 353467, 825662, 881107, 361420, 116416, 527694, 149563, 40.1, 47.5, 0.99
A, 650366, 354476, 825538, 883048, 362262, 116402, 528723, 149613, 40.1, 47.5, 0.99
A, 651954, 355344, 825402, 884781, 362962, 116465, 529607, 149707, 40.0, 47.5, 1.00
A, 653254, 356180, 825383, 886533, 363620, 116552, 530409, 149729, 40.0, 47.5, 1.00
A, 654773, 357109, 825006, 888082, 364445, 116575, 531439, 149785, 40.0, 47.5, 1.00
A, 655942, 357786, 825021, 889579, 364965, 116594, 532037, 149897, 40.0, 47.5, 1.00
A, 657835, 358988, 825127, 891569, 365857, 116649, 533108, 149944, 40.0, 47.5, 1.01
A, 659876, 359699, 826470, 894093, 366465, 116736, 534025, 150280, 40.0, 47.5, 0.99
A, 660792, 360604, 826151, 895381, 367141, 116800, 534769, 150325, 40.0, 47.5, 1.00
A, 662101, 361445, 826239, 896920, 367727, 116825, 535503, 150340, 40.0, 47.5, 1.00
A, 663359, 362172, 826220, 898195, 368270, 116899, 536196, 150446, 40.0, 47.5, 0.99
A, 664862, 363020, 826713, 900203, 369014, 116978, 537065, 150579, 39.9, 47.5, 1.00
A, 666144, 364018, 826759, 901632, 369674, 116910, 537893, 150581, 39.9, 47.5, 1.00
A, 667259, 364794, 826597, 902923, 370156, 117042, 538561, 150594, 39.9, 47.5, 1.00
A, 668323, 365513, 826867, 904488, 370743, 117163, 539255, 150722, 39.9, 47.5, 1.00
A, 669370, 366256, 826458, 905475, 371292, 117138, 539899, 150727, 39.9, 47.5, 1.00
A, 670162, 367013, 826673, 906801, 371822, 117106, 540557, 150873, 39.9, 47.5, 1.00
A, 671528, 367823, 827150, 908353, 372387, 117264, 541214, 150940, 39.9, 47.5, 0.99
A, 672532, 368724, 827081, 909757, 372929, 117314, 541992, 150991, 39.9, 47.5, 1.00
A, 673430, 369348, 827217, 910896, 373449, 117365, 542546, 151025, 39.8, 47.6, 1.01
A, 674236, 370001, 827144, 911814, 373916, 117400, 543169, 151009, 39.8, 47.6, 0.99
A, 675045, 370688, 827183, 913082, 374381, 117401, 543736, 151044, 39.8, 47.6, 1.01
A, 675919, 371390, 827278, 914257, 374792, 117493, 544297, 151176, 39.8, 47.6, 1.00
A, 677373, 372336, 827719, 915661, 375476, 117587, 545093, 151251, 39.8, 47.6, 0.99
A, 677786, 372805, 827676, 916758, 375893, 117584, 545618, 151216, 39.8, 47.6, 1.00
A, 678552, 373616, 827443, 917675, 376380, 117566, 546252, 151286, 39.8, 47.6, 0.99
A, 679220, 374112, 827628, 918703, 376666, 117640, 546615, 151402, 39.8, 47.6, 1.00
A, 682029, 375249, 830221, 922174, 377667, 117903, 547728, 151730, 39.8, 47.6, 1.01
A, 682440, 375810, 830001, 922646, 377973, 117896, 548173, 151645, 39.8, 47.6, 1.00
A, 683184, 376438, 830173, 923757, 378380, 117937, 548606, 151705, 39.8, 47.6, 1.01
A, 683818, 377050, 830101, 924545, 378756, 118044, 549050, 151711, 39.7, 47.6, 0.99
A, 684251, 377594, 830153, 925375, 379091, 118072, 549517, 151802, 39.7, 47.6, 1.00
A, 685128, 378299, 830515, 926542, 379529, 118145, 550059, 151895, 39.7, 47.6, 0.99
A, 685790, 378983, 830572, 927244, 379946, 118161, 550560, 151838, 39.7, 47.6, 1.00
A, 686212, 379480, 830468, 928049, 380298, 118190, 550944, 151816, 39.7, 47.6, 1.01
A, 686867, 380023, 830624, 929110, 380629, 118300, 551421, 151892, 39.7, 47.6, 0.99
A, 687307, 380476, 830617, 929849, 380983, 118268, 551806, 151931, 39.7, 47.7, 0.99
A, 688214, 381055, 831185, 930828, 381396, 118352, 552293, 152019, 39.7, 47.7, 1.00
A, 688666, 381556, 831206, 931704, 381630, 118416, 552745, 151982, 39.7, 47.7, 1.00
A, 689259, 382133, 831278, 932465, 382040, 118395, 553212, 151981, 39.7, 47.7, 1.01
A, 689736, 382638, 831159, 933006, 382355, 118517, 553549, 151968, 39.7, 47.7, 0.99
A, 690011, 383089, 831139, 933793, 382580, 118552, 553882, 152022, 39.7, 47.7, 1.00
A, 690674, 383566, 831505, 934742, 382963, 118560, 554358, 152050, 39.6, 47.7, 1.01
A, 690994, 383978, 831314, 935259, 383297, 118566, 554698, 152136, 39.6, 47.7, 0.99
A, 691813, 384585, 831830, 936282, 383669, 118657, 555152, 152105, 39.6, 47.7, 1.01
A, 692076, 384914, 831714, 936886, 383816, 118655, 555456, 152108, 39.6, 47.7, 0.99
A, 692382, 385450, 831340, 937308, 384184, 118719, 555918, 152085, 39.6, 47.7, 1.01
A, 693613, 385832, 832870, 939025, 384472, 118810, 556290, 152330, 39.6, 47.7, 1.01
A, 693368, 386539, 831815, 938868, 384886, 118812, 556674, 152142, 39.6, 47.7, 1.00
A, 693282, 386689, 831220, 938666, 384989, 118824, 556810, 151974, 39.6, 47.7, 1.00
A, 693605, 386945, 831214, 939395, 385148, 118833, 557051, 152048, 39.6, 47.7, 1.01
A, 693652, 387190, 830881, 939655, 385332, 118810, 557308, 151984, 39.6, 47.8, 1.00
A, 693967, 387593, 831107, 940405, 385543, 118920, 557694, 152100, 39.6, 47.8, 1.00
A, 694768, 387994, 831560, 941422, 385967, 118972, 558102, 152176, 39.6, 47.8, 0.99
A, 695459, 388410, 831779, 942041, 386164, 118985, 558440, 152073, 39.6, 47.8, 1.00
A, 695693, 388773, 831460, 942432, 386466, 119009, 558734, 152108, 39.6, 47.8, 0.99
A, 696255, 389126, 831954, 943419, 386733, 119106, 559135, 152192, 39.6, 47.8, 1.00
A, 696723, 389438, 832164, 943998, 386976, 119166, 559446, 152210, 39.5, 47.9, 1.00
A, 697032, 389765, 832318, 944666, 387236, 119176, 559765, 152250, 39.5, 47.9, 1.01
A, 697589, 390213, 832721, 945665, 387507, 119246, 560073, 152389, 39.5, 47.9, 1.00
A, 698181, 390554, 832991, 946128, 387820, 119272, 560431, 152341, 39.5, 47.9, 1.00
A, 698396, 390881, 832869, 946599, 388064, 119307, 560687, 152329, 39.5, 47.9, 1.00
A, 698564, 391191, 832824, 947148, 388191, 119343, 560905, 152329, 39.5, 47.9, 1.00
A, 699053, 391582, 833252, 948034, 388457, 119370, 561256, 152365, 39.5, 48.0, 1.01
A, 699494, 391836, 833468, 948422, 388723, 119424, 561554, 152455, 39.5, 48.0, 0.99
A, 700128, 392268, 833737, 949218, 389014, 119547, 561936, 152400, 39.5, 48.0, 0.99
A, 700272, 392481, 833699, 949525, 389179, 119577, 562165, 152449, 39.5, 48.0, 0.99
A, 701911, 393149, 835816, 951930, 389740, 119723, 562734, 152762, 39.5, 48.0, 1.00
A, 701591, 393307, 835135, 951704, 389800, 119733, 562830, 152584, 39.5, 48.0, 1.00
A, 701420, 393546, 834650, 951657, 389929, 119688, 562968, 152570, 39.5, 48.0, 0.99
A, 701638, 393725, 834668, 952002, 390117, 119762, 563186, 152549, 39.5, 48.0, 1.01
A, 702063, 394058, 834940, 952517, 390182, 119781, 563497, 152516, 39.5, 48.0, 1.00
A, 702218, 394247, 834614, 952668, 390352, 119783, 563683, 152464, 39.5, 48.1, 1.00
A, 702275, 394448, 834695, 953098, 390591, 119893, 563829, 152474, 39.5, 48.1, 1.00
A, 702083, 394605, 834170, 953069, 390610, 119862, 564022, 152312, 39.5, 48.1, 1.00
A, 701446, 394799, 832364, 951571, 390728, 119821, 564092, 152199, 39.5, 48.1, 0.99
A, 702157, 394896, 833713, 953465, 390851, 119894, 564367, 152377, 39.5, 48.1, 1.00
A, 702858, 395199, 834361, 954033, 391123, 119911, 564636, 152410, 39.5, 48.1, 1.00
A, 703053, 395373, 834386, 954630, 391346, 119967, 564812, 152397, 39.4, 48.1, 1.01
A, 703481, 395725, 834856, 955445, 391534, 120051, 565194, 152512, 39.4, 48.1, 1.00
A, 703698, 395916, 835018, 955844, 391753, 120048, 565373, 152393, 39.4, 48.1, 1.00
A, 703719, 396086, 834657, 955828, 391769, 120035, 565503, 152435, 39.4, 48.1, 1.00
A, 704220, 396257, 835092, 956705, 392007, 120123, 565758, 152495, 39.4, 48.1, 0.99
A, 704671, 396546, 835395, 957145, 392256, 120172, 566017, 152487, 39.4, 48.1, 1.00
A, 704872, 396738, 835517, 957459, 392391, 120218, 566283, 152420, 39.4, 48.2, 1.00
A, 705144, 396926, 835699, 958134, 392624, 120280, 566486, 152494, 39.4, 48.2, 0.99
A, 705360, 397278, 835867, 958540, 392974, 120293, 566724, 152532, 39.4, 48.2, 1.01
A, 706588, 397478, 837259, 960175, 393079, 120453, 567088, 152821, 39.4, 48.2, 0.99
A, 706193, 397858, 836668, 959870, 393305, 120420, 567267, 152593, 39.4, 48.2, 1.00
A, 706310, 397865, 836567, 960046, 393287, 120466, 567261, 152617, 39.4, 48.2, 1.00
A, 706602, 398113, 836721, 960439, 393397, 120490, 567500, 152600, 39.4, 48.2, 0.99
A, 706719, 398249, 836921, 960715, 393550, 120517, 567723, 152643, 39.4, 48.2, 1.00
A, 706814, 398436, 836925, 961046, 393650, 120552, 567876, 152583, 39.4, 48.2, 0.99
A, 707373, 398639, 837377, 961793, 393986, 120650, 568083, 152708, 39.4, 48.2, 1.00
A, 707604, 398874, 837772, 962292, 394110, 120655, 568321, 152620, 39.4, 48.2, 1.01
A, 707571, 399042, 837619, 962406, 394180, 120675, 568434, 152614, 39.4, 48.3, 1.01
A, 707725, 399152, 837673, 962781, 394326, 120699, 568646, 152616, 39.4, 48.3, 1.00
A, 707781, 399395, 837602, 962994, 394403, 120704, 568778, 152612, 39.4, 48.3, 1.00
A, 708381, 399493, 838071, 963469, 394669, 120715, 569036, 152646, 39.4, 48.3, 1.00
A, 708270, 399720, 837788, 963443, 394660, 120842, 569115, 152575, 39.4, 48.3, 0.99
A, 708459, 399782, 837926, 963876, 394758, 120844, 569238, 152587, 39.4, 48.3, 0.99
A, 708433, 399889, 838003, 964049, 394846, 120837, 569367, 152577, 39.4, 48.3, 1.01
A, 708599, 399935, 838103, 964364, 394997, 120913, 569536, 152570, 39.4, 48.3, 1.01
A, 709005, 400236, 838515, 965029, 395158, 120947, 569757, 152627, 39.3, 48.3, 1.00
A, 709246, 400382, 838663, 965276, 395387, 120948, 569914, 152628, 39.3, 48.3, 1.01
A, 709069, 400404, 838317, 965134, 395361, 120929, 569968, 152527, 39.3, 48.3, 1.00
A, 708993, 400567, 838214, 965402, 395392, 120973, 570117, 152537, 39.3, 48.3, 1.00
A, 710749, 401012, 840373, 967434, 395978, 121208, 570696, 152852, 39.3, 48.4, 1.00
A, 710399, 401060, 839855, 967116, 395923, 121169, 570685, 152716, 39.3, 48.4, 0.99
A, 709760, 401198, 838841, 966416, 395987, 121121, 570710, 152575, 39.3, 48.4, 0.99
A, 709337, 401002, 838270, 965986, 395891, 121111, 570597, 152413, 39.3, 48.4, 1.00
A, 709289, 401062, 838316, 966302, 395926, 121128, 570707, 152393, 39.3, 48.4, 1.00
A, 709191, 401076, 837994, 966371, 396009, 121136, 570755, 152382, 39.3, 48.4, 1.01
A, 709468, 401181, 838368, 966788, 396107, 121238, 570950, 152457, 39.3, 48.4, 1.00
A, 710141, 401398, 838977, 967511, 396312, 121180, 571229, 152568, 39.3, 48.4, 1.00
A, 710573, 401558, 839440, 967978, 396459, 121248, 571446, 152505, 39.3, 48.4, 1.00
A, 710573, 401700, 839534, 968291, 396536, 121275, 571518, 152503, 39.3, 48.5, 1.00
A, 710983, 401752, 839757, 968750, 396713, 121347, 571684, 152550, 39.3, 48.5, 1.00
A, 711181, 401866, 840003, 969004, 396775, 121306, 571828, 152585, 39.3, 48.5, 1.00
A, 711296, 402032, 840018, 969424, 396880, 121439, 571970, 152645, 39.3, 48.5, 1.00
A, 711759, 402238, 840663, 969998, 397117, 121502, 572221, 152693, 39.3, 48.5, 0.99
A, 711987, 402351, 840987, 970445, 397302, 121514, 572383, 152672, 39.3, 48.5, 1.00
A, 711970, 402489, 840890, 970556, 397324, 121544, 572450, 152627, 39.3, 48.5, 1.01
A, 711844, 402513, 840801, 970570, 397351, 121585, 572514, 152643, 39.3, 48.5, 1.00
A, 712370, 402685, 841266, 971158, 397527, 121635, 572690, 152700, 39.3, 48.6, 1.00
A, 712450, 402772, 841262, 971223, 397660, 121697, 572777, 152612, 39.3, 48.6, 1.01
A, 712276, 402830, 841081, 971263, 397672, 121693, 572908, 152518, 39.3, 48.6, 1.02
A, 713626, 403202, 842829, 972940, 397938, 121780, 573239, 152791, 39.3, 48.6, 1.00
A, 713182, 403251, 842131, 972358, 398065, 121781, 573329, 152616, 39.3, 48.6, 0.99
A, 712701, 403170, 841500, 972033, 397947, 121865, 573186, 152583, 39.3, 48.6, 0.99
A, 712286, 403251, 840901, 971375, 397971, 121756, 573266, 152396, 39.3, 48.6, 1.00
A, 712182, 403152, 840904, 971565, 397973, 121782, 573218, 152380, 39.3, 48.6, 1.00
A, 712382, 403262, 841275, 972138, 398039, 121839, 573414, 152470, 39.3, 48.6, 1.00
A, 712553, 403311, 841403, 972443, 398203, 121891, 573556, 152510, 39.3, 48.6, 1.00
A, 712787, 403361, 841622, 972543, 398241, 121881, 573659, 152425, 39.3, 48.6, 1.00
A, 713314, 403548, 842248, 973308, 398510, 121905, 573862, 152560, 39.2, 48.6, 1.01
A, 713433, 403679, 842333, 973494, 398493, 121909, 573970, 152561, 39.2, 48.6, 1.00
A, 713467, 403736, 842282, 973470, 398617, 121990, 574049, 152516, 39.2, 48.6, 1.00
A, 713652, 403783, 842702, 974046, 398745, 122006, 574197, 152542, 39.2, 48.6, 1.00
A, 713776, 403859, 842781, 974344, 398794, 122092, 574335, 152552, 39.2, 48.7, 1.01
A, 714043, 403997, 843178, 974703, 398888, 122112, 574520, 152627, 39.2, 48.7, 0.99
A, 714300, 404100, 843269, 975019, 398983, 122115, 574533, 152680, 39.2, 48.7, 1.00
A, 714133, 404120, 843183, 974958, 399075, 122140, 574608, 152501, 39.2, 48.7, 1.01
A, 714199, 404171, 843272, 974946, 399087, 122153, 574662, 152519, 39.2, 48.7, 1.00
A, 714215, 404238, 843167, 975097, 399089, 122201, 574760, 152441, 39.2, 48.7, 1.00
A, 714434, 404260, 843671, 975658, 399318, 122211, 574873, 152539, 39.2, 48.7, 1.01
A, 714590, 404370, 843694, 975808, 399342, 122253, 574996, 152580, 39.2, 48.7, 0.99
A, 716473, 404851, 846101, 977962, 399783, 122438, 575510, 152911, 39.2, 48.7, 1.00
A, 715805, 404874, 845450, 977470, 399777, 122385, 575523, 152711, 39.2, 48.7, 1.01
A, 714982, 404806, 844286, 976527, 399693, 122327, 575356, 152492, 39.2, 48.7, 1.00
A, 714735, 404718, 844195, 976537, 399620, 122370, 575275, 152537, 39.2, 48.7, 0.99
A, 714726, 404800, 844003, 976375, 399701, 122385, 575382, 152380, 39.2, 48.7, 1.01
A, 714678, 404729, 843819, 976207, 399644, 122393, 575402, 152417, 39.2, 48.7, 1.00
A, 714941, 404833, 844233, 976715, 399724, 122365, 575488, 152434, 39.2, 48.7, 0.99
A, 714960, 404798, 844289, 976895, 399777, 122399, 575639, 152409, 39.2, 48.8, 1.01
A, 715108, 404957, 844549, 977166, 399866, 122504, 575718, 152403, 39.2, 48.8, 1.00
A, 715404, 404958, 844914, 977650, 400023, 122517, 575873, 152526, 39.2, 48.8, 1.00
A, 715584, 405099, 845075, 977586, 400125, 122551, 575997, 152545, 39.2, 48.8, 1.00
A, 715526, 405097, 844971, 977628, 400136, 122516, 575986, 152365, 39.2, 48.8, 1.00
A, 715540, 405233, 845274, 978140, 400248, 122587, 576160, 152446, 39.2, 48.8, 1.01
A, 715534, 405181, 845201, 978067, 400280, 122601, 576178, 152450, 39.2, 48.8, 1.00
A, 715854, 405277, 845585, 978407, 400362, 122654, 576307, 152545, 39.2, 48.8, 1.00
A, 716000, 405235, 845762, 978737, 400399, 122692, 576422, 152554, 39.2, 48.8, 1.00
A, 716334, 405484, 846208, 979101, 400568, 122722, 576549, 152527, 39.2, 48.8, 0.99
A, 716357, 405546, 846058, 979088, 400576, 122720, 576588, 152507, 39.2, 48.9, 1.00
A, 716240, 405443, 846185, 979347, 400643, 122779, 576625, 152527, 39.2, 48.9, 1.00
A, 716523, 405644, 846573, 979736, 400796, 122801, 576801, 152573, 39.2, 48.9, 1.00
A, 717657, 405838, 848161, 981265, 400991, 122921, 577047, 152800, 39.2, 48.9, 1.00
A, 717887, 406022, 848278, 981198, 401163, 122970, 577245, 152678, 39.2, 48.9, 1.00
A, 717420, 406014, 847887, 980907, 401110, 122916, 577176, 152556, 39.2, 48.9, 1.01
A, 717189, 406083, 847550, 980603, 401157, 122962, 577180, 152545, 39.2, 48.9, 1.00
A, 717035, 405965, 847487, 980580, 401033, 122953, 577078, 152498, 39.2, 48.9, 1.01
A, 717150, 406040, 847792, 980962, 401162, 123046, 577220, 152541, 39.2, 48.9, 1.00
A, 717297, 406097, 847777, 981065, 401198, 123056, 577271, 152594, 39.2, 48.9, 0.99
A, 717416, 406166, 848156, 981089, 401224, 123069, 577413, 152490, 39.2, 48.9, 1.00
A, 717264, 406145, 847952, 981020, 401268, 123073, 577360, 152448, 39.2, 48.9, 0.99
A, 717014, 406161, 847739, 981098, 401231, 123064, 577375, 152444, 39.2, 48.9, 1.00
A, 717207, 406210, 848118, 981402, 401387, 123157, 577518, 152498, 39.2, 48.9, 1.01
A, 717256, 406168, 848106, 981247, 401417, 123105, 577554, 152474, 39.2, 48.9, 1.00
A, 717515, 406248, 848616, 981868, 401486, 123133, 577691, 152518, 39.2, 49.0, 1.00
A, 717420, 406254, 848571, 981796, 401562, 123065, 577735, 152466, 39.2, 49.0, 1.00
A, 717508, 406358, 848517, 981759, 401557, 123141, 577751, 152400, 39.1, 49.0, 1.00
A, 717602, 406366, 848799, 982101, 401661, 123236, 577856, 152468, 39.1, 49.0, 1.01
A, 717553, 406350, 848831, 982150, 401650, 123248, 577884, 152399, 39.1, 49.0, 1.00
A, 717647, 406381, 848778, 981881, 401676, 123311, 577856, 152351, 39.1, 49.0, 1.00
A, 717526, 406405, 848636, 981902, 401671, 123202, 577913, 152276, 39.1, 49.0, 1.00
A, 717062, 406273, 848206, 981709, 401597, 123249, 577847, 152228, 39.1, 49.0, 1.00
A, 718605, 406505, 850365, 983753, 401903, 123350, 578302, 152672, 39.1, 49.0, 1.01
A, 717538, 406469, 848911, 982240, 401805, 123395, 578081, 152302, 39.1, 49.0, 1.00
A, 717317, 406409, 848551, 981975, 401771, 123226, 578135, 152190, 39.1, 49.0, 1.00
A, 716971, 406304, 848195, 981622, 401746, 123236, 578108, 152090, 39.1, 49.0, 1.01
A, 716601, 406305, 847679, 981176, 401754, 123245, 578038, 152077, 39.1, 49.0, 0.99
A, 716589, 406184, 847819, 981586, 401713, 123205, 578023, 152069, 39.1, 49.0, 1.01
A, 717045, 406276, 848357, 982072, 401751, 123292, 578150, 152212, 39.1, 49.0, 1.00
A, 717488, 406416, 848935, 982556, 401971, 123398, 578431, 152313, 39.1, 49.1, 1.00
A, 717850, 406426, 849345, 982887, 402069, 123376, 578530, 152225, 39.1, 49.1, 1.00
A, 717940, 406466, 849311, 982957, 402127, 123417, 578528, 152247, 39.1, 49.1, 0.99
A, 717819, 406473, 849357, 983181, 402139, 123357, 578589, 152268, 39.1, 49.1, 1.01
A, 718272, 406549, 849865, 983511, 402258, 123496, 578694, 152273, 39.1, 49.1, 1.00
A, 718309, 406610, 850035, 983761, 402247, 123551, 578790, 152306, 39.1, 49.1, 0.99
A, 718718, 406720, 850602, 984355, 402402, 123629, 578948, 152448, 39.1, 49.1, 1.00
A, 718812, 406778, 850772, 984205, 402488, 123586, 578983, 152279, 39.1, 49.1, 1.01
A, 718462, 406723, 850396, 983940, 402446, 123579, 578969, 152225, 39.1, 49.2, 1.01
A, 718669, 406748, 850698, 984466, 402558, 123628, 579094, 152301, 39.1, 49.2, 0.99
A, 718672, 406780, 850857, 984600, 402615, 123659, 579095, 152262, 39.1, 49.2, 1.00
A, 719029, 406825, 851285, 984788, 402673, 123645, 579182, 152371, 39.1, 49.2, 1.00
A, 719021, 406850, 851441, 985013, 402734, 123652, 579294, 152376, 39.1, 49.2, 1.01
A, 720517, 407228, 853570, 986931, 403074, 123913, 579701, 152677, 39.1, 49.2, 1.00
A, 719977, 407261, 852819, 986142, 403135, 123811, 579642, 152419, 39.1, 49.2, 1.00
A, 719653, 407215, 852418, 985901, 402966, 123816, 579587, 152350, 39.1, 49.2, 0.99
A, 718871, 407071, 851436, 984955, 402899, 123818, 579403, 152228, 39.1, 49.2, 1.00
A, 718654, 406975, 851398, 985000, 402822, 123802, 579403, 152254, 39.1, 49.2, 1.00
A, 718886, 407093, 851666, 985156, 402975, 123789, 579499, 152146, 39.1, 49.2, 1.00
A, 718789, 406999, 851548, 985201, 402944, 123796, 579509, 152228, 39.1, 49.2, 1.01
A, 719151, 407032, 851975, 985463, 402978, 123865, 579577, 152280, 39.1, 49.2, 1.00
A, 719229, 407132, 852190, 985625, 403013, 123836, 579609, 152237, 39.1, 49.2, 1.00
A, 719238, 407141, 852478, 985891, 403097, 123932, 579718, 152322, 39.1, 49.2, 1.00
A, 719634, 407263, 852904, 986370, 403218, 123936, 579904, 152348, 39.1, 49.2, 0.99
A, 719876, 407309, 853300, 986477, 403267, 123963, 579959, 152260, 39.1, 49.2, 1.00
A, 719798, 407283, 853422, 986621, 403286, 123918, 579943, 152305, 39.1, 49.3, 1.00
A, 719944, 407358, 853529, 986880, 403422, 124072, 580037, 152357, 39.1, 49.3, 1.01
A, 719986, 407392, 853638, 986980, 403374, 124081, 580070, 152329, 39.1, 49.3, 1.00
A, 720048, 407472, 853719, 986903, 403478, 124017, 580099, 152270, 39.1, 49.3, 1.01
A, 719885, 407375, 853585, 986680, 403440, 124055, 580077, 152220, 39.1, 49.3, 1.00
A, 719796, 407424, 853726, 986937, 403506, 124045, 580106, 152273, 39.1, 49.3, 1.00
A, 719983, 407395, 853809, 987019, 403478, 124064, 580144, 152280, 39.1, 49.3, 1.01
A, 719927, 407425, 854074, 987180, 403555, 124144, 580209, 152299, 39.1, 49.3, 1.01
A, 721538, 407773, 856326, 989134, 403886, 124354, 580666, 152596, 39.1, 49.3, 0.99
A, 721087, 407814, 855653, 988227, 403900, 124273, 580563, 152459, 39.1, 49.3, 1.01
A, 720725, 407732, 855327, 987988, 403819, 124241, 580506, 152343, 39.1, 49.3, 0.99
A, 720549, 407706, 855268, 988192, 403782, 124267, 580559, 152337, 39.1, 49.3, 1.00
A, 720336, 407716, 854875, 987554, 403767, 124287, 580527, 152259, 39.1, 49.4, 0.99
A, 720199, 407604, 854947, 987555, 403696, 124211, 580468, 152229, 39.1, 49.4, 1.00
A, 719945, 407632, 854761, 987491, 403807, 124259, 580541, 152175, 39.1, 49.3, 1.00
A, 719826, 407572, 854643, 987348, 403683, 124232, 580468, 152140, 39.1, 49.3, 1.00
A, 720100, 407598, 855136, 987841, 403728, 124327, 580577, 152192, 39.1, 49.3, 1.00
A, 720086, 407569, 855129, 987795, 403823, 124320, 580577, 152140, 39.1, 49.4, 1.00
A, 720076, 407618, 855183, 987928, 403814, 124387, 580730, 152288, 39.1, 49.4, 1.01
A, 720411, 407729, 855822, 988313, 403935, 124363, 580789, 152315, 39.1, 49.3, 1.01
A, 720653, 407759, 856046, 988479, 403959, 124404, 580799, 152182, 39.1, 49.3, 1.01
A, 720411, 407658, 855813, 988235, 403957, 124398, 580765, 152177, 39.1, 49.4, 1.00
A, 720245, 407638, 855686, 988230, 403968, 124338, 580812, 152145, 39.1, 49.4, 1.00
A, 720613, 407804, 856189, 988548, 404037, 124434, 580876, 152181, 39.1, 49.4, 1.00
A, 720621, 407710, 856423, 988668, 404094, 124442, 580973, 152215, 39.1, 49.4, 1.00
A, 720879, 407846, 856755, 989147, 404175, 124552, 581038, 152310, 39.1, 49.4, 1.00
A, 721045, 407908, 857123, 989127, 404251, 124511, 581120, 152212, 39.1, 49.4, 1.00
A, 720919, 407903, 857015, 989161, 404199, 124545, 581059, 152215, 39.1, 49.4, 1.00
A, 721964, 408064, 858537, 990661, 404433, 124713, 581328, 152537, 39.1, 49.4, 0.99
A, 721606, 408196, 858200, 990126, 404527, 124672, 581378, 152433, 39.1, 49.4, 1.00
A, 721139, 408039, 857497, 989247, 404334, 124596, 581189, 152200, 39.1, 49.4, 1.00
A, 720516, 407923, 856651, 988662, 404200, 124584, 581015, 152039, 39.1, 49.4, 1.01
A, 720100, 407776, 856324, 988368, 404172, 124488, 581016, 152041, 39.1, 49.4, 1.00
A, 719626, 407726, 855829, 987782, 404117, 124486, 580960, 151919, 39.1, 49.4, 1.01
A, 719823, 407619, 856023, 988048, 404033, 124520, 580957, 151954, 39.1, 49.4, 0.99
A, 719918, 407699, 856150, 988077, 404186, 124505, 581097, 151911, 39.1, 49.4, 1.00
A, 719995, 407592, 856418, 988138, 404176, 124575, 581100, 151937, 39.1, 49.4, 1.00
A, 720292, 407641, 856739, 988792, 404225, 124569, 581182, 152052, 39.1, 49.4, 1.00
A, 720449, 407636, 857071, 989002, 404283, 124627, 581248, 151940, 39.1, 49.4, 0.99
A, 720640, 407619, 857203, 989175, 404340, 124607, 581291, 152033, 39.1, 49.4, 1.00
A, 721079, 407761, 857964, 989624, 404493, 124734, 581493, 152163, 39.0, 49.5, 1.00
A, 721193, 407838, 858154, 989800, 404504, 124708, 581537, 152114, 39.0, 49.5, 1.01
A, 721071, 407885, 858194, 989710, 404555, 124690, 581549, 152083, 39.0, 49.5, 0.99
A, 721184, 407890, 858308, 989977, 404623, 124753, 581596, 152152, 39.0, 49.5, 1.00
A, 721097, 407853, 858361, 990016, 404617, 124721, 581685, 152088, 39.0, 49.5, 1.00
A, 721357, 407872, 858857, 990320, 404731, 124817, 581686, 152183, 39.0, 49.5, 1.00
A, 721333, 407864, 858886, 990466, 404738, 124820, 581826, 152199, 39.0, 49.5, 1.01
A, 721795, 408028, 859467, 990722, 404846, 124867, 581845, 152136, 39.0, 49.5, 1.01
A, 722997, 408198, 861208, 992281, 405077, 125021, 582178, 152450, 39.0, 49.5, 1.00
A, 722575, 408329, 860768, 991957, 405144, 125038, 582179, 152328, 39.0, 49.5, 1.00
A, 722097, 408234, 860193, 991167, 405026, 125036, 582008, 152177, 39.0, 49.5, 0.99
A, 721579, 408117, 859667, 990790, 404859, 124967, 581923, 152131, 39.0, 49.5, 1.01
A, 721351, 408062, 859360, 990356, 404814, 124844, 581886, 151989, 39.0, 49.5, 0.99
A, 721306, 408034, 859634, 990509, 404831, 124916, 581883, 152032, 39.0, 49.5, 1.01
A, 721253, 408065, 859365, 990417, 404867, 124928, 581956, 151937, 39.0, 49.5, 1.00
A, 721236, 408024, 859602, 990582, 404874, 124987, 581926, 152020, 39.0, 49.5, 0.99
A, 721152, 408027, 859493, 990293, 404840, 124961, 581968, 151916, 39.0, 49.5, 1.01
A, 720994, 407879, 859250, 990032, 404842, 124951, 581938, 151867, 39.0, 49.5, 1.00
A, 721130, 407939, 859785, 990661, 404910, 124921, 582076, 151975, 39.0, 49.5, 1.00
A, 721369, 407995, 859989, 990663, 405000, 124998, 582127, 152016, 39.0, 49.5, 0.99
A, 721529, 408049, 860207, 990951, 405025, 125052, 582163, 152047, 39.0, 49.5, 1.00
A, 721891, 408084, 860900, 991454, 405111, 125107, 582235, 152093, 39.0, 49.6, 1.00
A, 722044, 408176, 860864, 991313, 405152, 125105, 582378, 152036, 39.0, 49.6, 1.01
A, 721958, 408096, 860991, 991114, 405167, 125077, 582317, 152034, 39.0, 49.6, 1.00
A, 722031, 408093, 861344, 991747, 405210, 125069, 582339, 152083, 39.0, 49.6, 1.00
A, 722008, 408160, 861410, 991800, 405159, 125126, 582325, 152072, 39.0, 49.6, 1.00
A, 722332, 408239, 861756, 991971, 405352, 125180, 582514, 152147, 39.0, 49.6, 1.01
A, 722375, 408273, 862022, 992090, 405340, 125176, 582497, 152157, 39.0, 49.6, 1.00
A, 723796, 408575, 864121, 993942, 405697, 125398, 582886, 152435, 39.0, 49.6, 1.00
A, 723168, 408612, 863350, 993064, 405634, 125314, 582761, 152226, 39.0, 49.6, 1.00
A, 722732, 408489, 862906, 992786, 405522, 125309, 582674, 152128, 39.0, 49.6, 1.01
A, 722564, 408429, 862907, 992640, 405504, 125288, 582663, 152112, 39.0, 49.6, 0.99
A, 722630, 408427, 863126, 992829, 405548, 125335, 582740, 152226, 39.0, 49.6, 1.00
A, 722674, 408483, 863104, 992497, 405525, 125320, 582673, 152095, 39.0, 49.6, 1.00
A, 722418, 408398, 863046, 992539, 405437, 125342, 582708, 152067, 39.0, 49.6, 1.00
A, 722236, 408468, 862736, 992144, 405488, 125255, 582689, 152058, 39.0, 49.6, 0.99
A, 722143, 408288, 862793, 992178, 405411, 125327, 582614, 152045, 39.0, 49.6, 1.00
A, 722469, 408438, 863350, 992649, 405563, 125381, 582762, 152067, 39.0, 49.6, 1.00
A, 722585, 408377, 863635, 992914, 405540, 125403, 582769, 152116, 39.0, 49.6, 1.00
A, 722680, 408410, 863905, 992683, 405552, 125460, 582834, 152067, 39.0, 49.6, 1.01
A, 722624, 408442, 863755, 992621, 405598, 125338, 582784, 152024, 39.0, 49.6, 0.99
A, 722423, 408382, 863804, 992816, 405582, 125430, 582809, 152048, 39.0, 49.6, 1.00
A, 722618, 408415, 864031, 993013, 405638, 125493, 582860, 152095, 39.0, 49.6, 1.00
A, 722563, 408385, 864016, 992798, 405664, 125470, 582918, 152075, 39.0, 49.6, 0.99
A, 722855, 408515, 864665, 993120, 405672, 125549, 582974, 152156, 39.0, 49.6, 1.00
A, 722764, 408543, 864735, 993262, 405788, 125483, 582945, 152057, 39.0, 49.6, 1.00
A, 722686, 408518, 864574, 992965, 405746, 125556, 582961, 152023, 39.0, 49.7, 0.99
A, 722754, 408527, 864840, 993336, 405743, 125551, 582996, 152081, 39.0, 49.7, 1.00
A, 723997, 408767, 866763, 995015, 406034, 125703, 583323, 152363, 39.0, 49.7, 0.99
A, 723961, 408860, 866716, 994907, 406097, 125758, 583402, 152358, 39.0, 49.7, 1.01
A, 723767, 408811, 866474, 994577, 406020, 125692, 583345, 152305, 39.0, 49.7, 1.01
A, 723766, 408802, 866777, 994567, 406020, 125663, 583304, 152226, 39.0, 49.7, 1.00
A, 723394, 408817, 866461, 994306, 405955, 125662, 583236, 152124, 39.0, 49.7, 1.00
A, 723151, 408678, 866152, 993987, 405970, 125788, 583247, 152122, 39.0, 49.7, 1.00
A, 723121, 408779, 866178, 993714, 405955, 125653, 583258, 152083, 39.0, 49.7, 1.00
A, 722722, 408640, 865852, 993274, 405887, 125655, 583164, 152016, 39.0, 49.7, 0.99
A, 721715, 408595, 864719, 992147, 405710, 125548, 582997, 151821, 39.0, 49.7, 0.99
A, 721714, 408355, 864772, 992439, 405652, 125547, 582923, 151779, 39.0, 49.7, 1.01
A, 721215, 408187, 863952, 991711, 405578, 125544, 582824, 151753, 39.0, 49.7, 1.00
A, 721435, 408151, 864529, 992031, 405662, 125535, 582924, 151795, 39.0, 49.7, 1.00
A, 721940, 408161, 864952, 992273, 405710, 125550, 583040, 151782, 39.0, 49.7, 1.01
A, 721836, 408221, 865034, 992362, 405770, 125591, 583054, 151838, 39.0, 49.7, 0.99
A, 722336, 408282, 865915, 993183, 405879, 125671, 583179, 151936, 39.0, 49.7, 1.01
A, 722343, 408284, 865986, 993198, 405980, 125601, 583268, 151918, 39.0, 49.7, 1.00
A, 722111, 408212, 865710, 992883, 405839, 125629, 583175, 151892, 39.0, 49.7, 0.99
A, 722612, 408297, 866399, 993339, 406007, 125626, 583301, 151929, 39.0, 49.7, 1.00
A, 722678, 408272, 866248, 993215, 406039, 125645, 583353, 151870, 39.0, 49.7, 1.00
A, 722603, 408328, 866345, 993147, 406076, 125668, 583345, 151865, 39.0, 49.7, 1.01
M, 720308, 407924, 862562, 989121, 405693, 125247, 582787, 150835, 39.0, 49.7, 0.10
M, 711530, 405944, 850710, 978783, 403227, 124275, 579798, 148895, 39.0, 49.7, 0.56
M, 703650, 403374, 839337, 968277, 400666, 123229, 576852, 147056, 39.0, 49.7, 0.74
M, 697485, 400994, 830263, 960382, 398683, 122328, 574851, 145723, 39.0, 49.7, 0.83
M, 692720, 399174, 823005, 954399, 397262, 121643, 573563, 144801, 39.0, 49.7, 0.90
M, 685533, 397143, 811391, 944395, 395498, 120578, 571743, 143130, 39.1, 49.7, 0.93
M, 682825, 395228, 806024, 940802, 394335, 120099, 570878, 142664, 39.1, 49.7, 0.97
M, 682467, 394219, 802513, 939017, 394105, 119642, 570902, 142450, 39.1, 49.6, 0.98
M, 682397, 393480, 800097, 938065, 393836, 119251, 570929, 142195, 39.1, 49.6, 0.98
M, 682626, 392771, 797664, 937540, 393798, 119016, 571135, 142140, 39.1, 49.6, 0.98
M, 683122, 392337, 796433, 937863, 393838, 118828, 571344, 142087, 39.1, 49.6, 0.99
M, 684188, 391839, 795386, 938575, 393975, 118755, 571753, 142166, 39.1, 49.6, 1.00
M, 685308, 391490, 794367, 939323, 394129, 118616, 572216, 142259, 39.1, 49.5, 1.00
M, 686720, 391111, 793558, 940316, 394456, 118443, 572735, 142219, 39.1, 49.5, 0.99
M, 687840, 390871, 792702, 941340, 394657, 118326, 573168, 142329, 39.1, 49.5, 1.00
M, 688984, 390596, 792254, 942649, 394986, 118289, 573607, 142330, 39.1, 49.5, 1.00
M, 690463, 390449, 792263, 944155, 395302, 118242, 574200, 142460, 39.1, 49.4, 1.00
M, 691685, 390152, 792133, 945597, 395642, 118216, 574781, 142640, 39.1, 49.4, 1.00
M, 693339, 390242, 792196, 947456, 396150, 118227, 575362, 142773, 39.1, 49.4, 1.00
M, 694832, 390155, 792279, 949004, 396617, 118165, 576113, 142815, 39.1, 49.4, 1.00
M, 697241, 390320, 794020, 951997, 397231, 118410, 576878, 143207, 39.1, 49.4, 1.00
M, 697999, 390410, 793506, 953153, 397601, 118349, 577462, 143229, 39.1, 49.4, 1.00
M, 698566, 390251, 792880, 953862, 397934, 118310, 577873, 143181, 39.1, 49.4, 1.00
M, 699312, 390158, 792564, 954706, 398195, 118252, 578367, 143259, 39.1, 49.4, 1.00
M, 700558, 390259, 792951, 956414, 398614, 118274, 578913, 143457, 39.1, 49.4, 1.00
M, 702023, 390348, 793137, 957959, 399107, 118329, 579513, 143498, 39.1, 49.4, 1.00
M, 702957, 390431, 793302, 959164, 399566, 118357, 580066, 143520, 39.1, 49.4, 1.00
M, 703812, 390547, 793406, 960490, 399898, 118328, 580550, 143669, 39.1, 49.4, 1.01
M, 704963, 390782, 793734, 961982, 400472, 118346, 581286, 143789, 39.1, 49.4, 1.00
M, 705752, 390771, 793754, 962974, 400748, 118456, 581569, 143893, 39.1, 49.4, 1.01
M, 706976, 391131, 794106, 964706, 401358, 118484, 582374, 143975, 39.1, 49.4, 1.00
M, 707564, 391146, 794292, 965675, 401569, 118466, 582703, 144060, 39.1, 49.4, 1.00
M, 708694, 391382, 794836, 967067, 402001, 118453, 583274, 144199, 39.1, 49.4, 1.00
M, 709671, 391594, 795230, 968172, 402390, 118585, 583748, 144277, 39.1, 49.4, 1.00
M, 710394, 391697, 795516, 969504, 402739, 118619, 584233, 144351, 39.1, 49.4, 1.00
M, 711495, 392151, 796246, 971140, 403200, 118700, 584803, 144530, 39.1, 49.4, 1.00
M, 712445, 392326, 796596, 972237, 403577, 118724, 585311, 144490, 39.1, 49.4, 1.00
M, 713180, 392571, 796780, 973221, 403958, 118730, 585744, 144645, 39.1, 49.4, 1.00
M, 713877, 392847, 797174, 974359, 404363, 118885, 586207, 144768, 39.1, 49.4, 0.99
M, 714567, 393064, 797366, 975359, 404694, 118894, 586620, 144791, 39.1, 49.4, 1.01
M, 716895, 393662, 799579, 978058, 405382, 118979, 587484, 145157, 39.1, 49.4, 1.00
M, 716895, 393898, 798957, 978172, 405607, 119049, 587720, 145041, 39.1, 49.4, 0.99
M, 717367, 394119, 799204, 979246, 405872, 119049, 588105, 145162, 39.1, 49.4, 0.99
M, 717526, 394257, 799073, 979582, 406075, 119091, 588405, 145080, 39.1, 49.4, 1.01
M, 717977, 394461, 799176, 980400, 406334, 119084, 588677, 145202, 39.1, 49.4, 1.00
M, 718769, 394684, 799721, 981513, 406685, 119179, 589196, 145273, 39.1, 49.4, 1.00
M, 719570, 395102, 800128, 982416, 407048, 119278, 589534, 145286, 39.1, 49.4, 1.00
M, 719835, 395245, 800192, 983004, 407295, 119243, 589851, 145330, 39.1, 49.4, 1.00
M, 720217, 395409, 800300, 983770, 407540, 119334, 590222, 145401, 39.1, 49.4, 0.99
M, 720818, 395788, 800454, 984365, 407869, 119343, 590518, 145405, 39.1, 49.4, 1.00
M, 721152, 395910, 800697, 985220, 408036, 119338, 590769, 145495, 39.1, 49.4, 1.00
M, 721498, 396283, 800723, 985858, 408513, 119324, 591264, 145520, 39.1, 49.4, 1.00
M, 721963, 396290, 800920, 986381, 408578, 119438, 591448, 145513, 39.1, 49.4, 1.01
M, 722605, 396552, 801568, 987492, 408803, 119462, 591746, 145660, 39.1, 49.4, 1.00
M, 723073, 396805, 801939, 988275, 409134, 119468, 592095, 145756, 39.1, 49.4, 1.00
M, 723477, 397047, 802125, 988935, 409320, 119499, 592375, 145821, 39.1, 49.4, 0.99
M, 724107, 397321, 802483, 989720, 409619, 119600, 592666, 145838, 39.1, 49.4, 1.01
M, 724736, 397553, 802968, 990616, 409939, 119630, 593077, 145917, 39.1, 49.4, 1.00
M, 724986, 397777, 803169, 991192, 410115, 119667, 593317, 145886, 39.1, 49.4, 1.00
M, 725561, 398032, 803540, 992006, 410358, 119695, 593547, 146023, 39.1, 49.4, 1.00
M, 727224, 398445, 805656, 994338, 410861, 119947, 594221, 146384, 39.1, 49.4, 1.00
M, 727236, 398837, 805282, 994273, 411094, 119958, 594383, 146262, 39.1, 49.4, 1.00
M, 726889, 398826, 804584, 994016, 411087, 119819, 594436, 146120, 39.1, 49.4, 1.00
M, 726708, 398803, 804306, 994000, 411143, 119823, 594508, 146097, 39.1, 49.4, 1.00
M, 726786, 399001, 804343, 994539, 411330, 119870, 594761, 146103, 39.1, 49.4, 1.00
M, 726747, 399061, 804011, 994549, 411420, 119855, 594846, 146179, 39.1, 49.4, 1.00
M, 727465, 399363, 804889, 995602, 411624, 119896, 595235, 146289, 39.1, 49.4, 1.00
M, 728041, 399485, 805171, 996224, 411888, 119934, 595461, 146249, 39.1, 49.4, 1.00
M, 728428, 399706, 805512, 996800, 412062, 119962, 595732, 146355, 39.1, 49.4, 0.99
M, 728698, 399901, 805705, 997248, 412182, 119962, 595944, 146338, 39.1, 49.4, 1.00
M, 728932, 400133, 806026, 997919, 412482, 120038, 596189, 146352, 39.1, 49.4, 1.00
M, 729194, 400209, 806068, 998378, 412584, 120088, 596325, 146465, 39.1, 49.4, 1.00
M, 729661, 400556, 806559, 998754, 412897, 120108, 596721, 146448, 39.1, 49.4, 0.99
M, 729661, 400544, 806599, 999244, 412922, 120116, 596737, 146506, 39.1, 49.4, 1.00
M, 730224, 400713, 807180, 1000125, 413193, 120222, 597033, 146636, 39.1, 49.4, 0.99
M, 730572, 400928, 807484, 1000662, 413382, 120273, 597314, 146643, 39.1, 49.4, 0.99
M, 730962, 401075, 807747, 1001057, 413417, 120301, 597499, 146735, 39.1, 49.4, 1.00
M, 731554, 401352, 808591, 1002088, 413784, 120361, 597826, 146813, 39.1, 49.4, 1.00
M, 731819, 401593, 808910, 1002582, 413904, 120358, 598041, 146804, 39.1, 49.4, 1.00
M, 732103, 401727, 809004, 1002765, 414058, 120450, 598188, 146868, 39.1, 49.4, 1.00
M, 733340, 401991, 810822, 1004903, 414356, 120561, 598525, 147166, 39.1, 49.4, 1.00
M, 733363, 402249, 810687, 1005018, 414625, 120569, 598800, 147072, 39.1, 49.4, 1.00
M, 733040, 402318, 810283, 1004680, 414653, 120546, 598790, 147068, 39.1, 49.4, 1.00
M, 733285, 402458, 810274, 1004862, 414708, 120579, 598911, 147081, 39.1, 49.4, 1.01
M, 733086, 402458, 810105, 1004901, 414776, 120585, 599024, 146915, 39.1, 49.4, 1.01
M, 733246, 402548, 810414, 1005293, 414877, 120615, 599138, 147053, 39.1, 49.4, 1.00
M, 733624, 402685, 810818, 1005759, 415064, 120676, 599335, 147086, 39.1, 49.4, 1.00
M, 733804, 402836, 811211, 1006321, 415176, 120684, 599518, 147175, 39.1, 49.4, 1.00
M, 734054, 402911, 811290, 1006701, 415321, 120741, 599660, 147205, 39.1, 49.4, 1.00
M, 734773, 403260, 811972, 1007350, 415644, 120840, 599968, 147312, 39.1, 49.4, 1.00
M, 734783, 403261, 812286, 1007789, 415613, 120821, 600037, 147279, 39.1, 49.4, 0.99
M, 734797, 403463, 812337, 1007998, 415799, 120866, 600302, 147333, 39.1, 49.4, 1.00
M, 734727, 403478, 812432, 1008157, 415874, 120871, 600330, 147345, 39.1, 49.4, 1.00
M, 734818, 403688, 812449, 1008260, 415953, 120880, 600509, 147252, 39.1, 49.4, 1.01
M, 734893, 403621, 812337, 1008169, 415974, 120886, 600546, 147292, 39.1, 49.4, 0.99
M, 735199, 403757, 812895, 1008925, 416070, 120911, 600673, 147350, 39.1, 49.4, 1.00
M, 735509, 403817, 813223, 1009360, 416259, 120997, 600844, 147356, 39.1, 49.5, 1.00
M, 735608, 403926, 813388, 1009779, 416375, 120980, 601008, 147474, 39.1, 49.5, 1.00
M, 736190, 404116, 814247, 1010504, 416528, 121088, 601239, 147553, 39.1, 49.4, 1.00
M, 736474, 404270, 814526, 1010539, 416667, 121054, 601393, 147541, 39.1, 49.4, 1.00
M, 737759, 404591, 816352, 1012549, 417027, 121231, 601759, 147847, 39.1, 49.4, 0.99
M, 737504, 404771, 816050, 1012564, 417106, 121231, 601849, 147746, 39.1, 49.4, 1.00
M, 737012, 404740, 815475, 1011995, 417047, 121288, 601781, 147668, 39.1, 49.4, 1.00
M, 737103, 404746, 815766, 1012006, 417025, 121296, 601782, 147726, 39.1, 49.4, 1.00
M, 737470, 404898, 816348, 1012883, 417267, 121294, 602048, 147815, 39.1, 49.5, 1.00
M, 737603, 404988, 816482, 1012907, 417348, 121293, 602203, 147750, 39.1, 49.5, 1.01
M, 737584, 404974, 816420, 1012779, 417456, 121343, 602257, 147754, 39.1, 49.4, 1.00
M, 737552, 405063, 816628, 1013248, 417419, 121363, 602313, 147818, 39.1, 49.4, 1.00
M, 737870, 405221, 817105, 1013812, 417563, 121381, 602452, 147855, 39.1, 49.4, 1.00
M, 737958, 405263, 817315, 1013883, 417701, 121436, 602593, 147887, 39.1, 49.4, 1.00
M, 738384, 405405, 817666, 1014161, 417874, 121490, 602720, 147917, 39.1, 49.5, 1.00
M, 738238, 405527, 817831, 1014290, 417885, 121466, 602792, 147912, 39.1, 49.5, 1.00
M, 738246, 405563, 817672, 1014221, 417973, 121513, 602909, 147932, 39.1, 49.5, 1.00
M, 738161, 405540, 818004, 1014464, 418002, 121527, 602958, 147917, 39.1, 49.5, 1.00
M, 738600, 405613, 818502, 1015157, 418134, 121571, 603067, 147985, 39.1, 49.5, 1.00
M, 738812, 405711, 818818, 1015589, 418213, 121651, 603272, 148140, 39.1, 49.5, 1.00
M, 738730, 405850, 818875, 1015211, 418301, 121594, 603317, 147982, 39.1, 49.5, 1.00
M, 738748, 405818, 818908, 1015421, 418347, 121657, 603339, 147971, 39.1, 49.5, 1.00
M, 738672, 405858, 818994, 1015670, 418295, 121599, 603363, 148054, 39.1, 49.5, 1.00
M, 738943, 405941, 819555, 1016158, 418496, 121667, 603537, 148069, 39.1, 49.4, 1.00
M, 740287, 406198, 821332, 1017808, 418860, 121840, 603913, 148435, 39.1, 49.4, 1.00
M, 740424, 406439, 821555, 1018038, 419011, 121821, 604056, 148445, 39.1, 49.5, 1.00
M, 740272, 406449, 821526, 1017787, 418994, 121868, 604078, 148329, 39.1, 49.5, 1.00
M, 740242, 406406, 821392, 1017655, 418904, 121836, 604060, 148282, 39.1, 49.5, 1.00
M, 740101, 406497, 821544, 1017944, 419044, 121876, 604079, 148306, 39.1, 49.5, 1.00
M, 740239, 406572, 821903, 1018196, 419111, 121953, 604218, 148351, 39.1, 49.5, 1.00
M, 740216, 406656, 822004, 1018312, 419130, 121905, 604325, 148376, 39.1, 49.5, 1.00
M, 740658, 406786, 822553, 1018775, 419269, 122032, 604409, 148426, 39.1, 49.5, 1.00
M, 740799, 406851, 822816, 1019082, 419353, 122031, 604526, 148457, 39.1, 49.5, 1.00
M, 740613, 406840, 822883, 1019008, 419386, 122038, 604547, 148415, 39.1, 49.5, 1.00
M, 740574, 406897, 822912, 1018910, 419418, 122106, 604545, 148458, 39.1, 49.5, 1.00
M, 740718, 406897, 823110, 1019132, 419517, 122117, 604706, 148433, 39.1, 49.5, 0.99
M, 740566, 406959, 823105, 1018958, 419492, 122041, 604689, 148443, 39.1, 49.5, 1.00
M, 740433, 406944, 823116, 1018903, 419585, 122079, 604804, 148384, 39.1, 49.5, 1.00
M, 740374, 406960, 823278, 1019191, 419535, 122068, 604757, 148365, 39.1, 49.5, 1.00
M, 740528, 406990, 823587, 1019439, 419641, 122169, 604893, 148492, 39.1, 49.5, 1.00
M, 740688, 407020, 823951, 1019752, 419681, 122196, 604954, 148514, 39.1, 49.5, 1.00
M, 740885, 407037, 824195, 1019729, 419734, 122149, 605075, 148468, 39.1, 49.5, 1.00
M, 740830, 407108, 824248, 1019947, 419759, 122142, 605039, 148512, 39.1, 49.5, 1.00
M, 741198, 407238, 824961, 1020444, 419919, 122211, 605224, 148555, 39.1, 49.5, 1.00
M, 742589, 407474, 826796, 1022229, 420208, 122397, 605597, 148880, 39.1, 49.5, 1.00
M, 742360, 407613, 826643, 1021932, 420264, 122414, 605666, 148828, 39.1, 49.5, 1.00
M, 741837, 407500, 826120, 1021411, 420235, 122339, 605559, 148683, 39.1, 49.5, 1.00
M, 741402, 407510, 825540, 1020599, 420169, 122334, 605476, 148577, 39.1, 49.5, 1.00
M, 740886, 407276, 825103, 1020180, 420044, 122291, 605393, 148495, 39.1, 49.5, 1.01
M, 740858, 407347, 825227, 1020514, 420050, 122362, 605450, 148549, 39.1, 49.5, 1.01
M, 741277, 407367, 825946, 1021081, 420264, 122408, 605655, 148703, 39.1, 49.5, 1.00
M, 741496, 407405, 826217, 1021254, 420297, 122442, 605713, 148702, 39.1, 49.5, 0.99
M, 741879, 407567, 826968, 1021881, 420470, 122477, 605917, 148819, 39.1, 49.5, 1.00
M, 741921, 407640, 827166, 1021878, 420592, 122501, 605929, 148794, 39.1, 49.5, 1.00
M, 742024, 407626, 827182, 1021887, 420564, 122475, 605981, 148808, 39.1, 49.5, 1.01
M, 741970, 407665, 827520, 1022178, 420541, 122533, 606090, 148844, 39.1, 49.5, 1.00
M, 741943, 407821, 827621, 1022141, 420677, 122594, 606134, 148828, 39.1, 49.5, 0.99
M, 741885, 407629, 827763, 1022312, 420623, 122548, 606106, 148887, 39.1, 49.5, 0.98
M, 742024, 407844, 827971, 1022273, 420734, 122594, 606228, 148848, 39.1, 49.5, 1.00
M, 741978, 407729, 828017, 1022309, 420668, 122564, 606271, 148810, 39.1, 49.5, 0.99
M, 742317, 407835, 828515, 1022776, 420846, 122618, 606373, 148953, 39.1, 49.5, 1.01
M, 742466, 407813, 828851, 1023031, 420908, 122673, 606391, 148947, 39.1, 49.5, 1.00
M, 742522, 407864, 829270, 1023281, 420933, 122775, 606539, 149020, 39.1, 49.5, 1.00
M, 742930, 408065, 829833, 1023903, 421114, 122794, 606705, 149144, 39.1, 49.5, 1.00
M, 744572, 408420, 832209, 1025805, 421531, 123007, 607087, 149437, 39.1, 49.5, 0.99
M, 743968, 408439, 831552, 1025105, 421450, 122925, 606951, 149193, 39.1, 49.5, 0.99
M, 743537, 408428, 831199, 1024757, 421344, 122992, 606896, 149236, 39.1, 49.5, 1.00
M, 743356, 408319, 831190, 1024703, 421352, 122944, 606924, 149195, 39.1, 49.5, 1.00
M, 743661, 408408, 831638, 1024848, 421383, 122961, 606986, 149251, 39.1, 49.5, 1.00
M, 743624, 408435, 831847, 1024994, 421437, 122978, 607050, 149260, 39.1, 49.5, 1.00
M, 743658, 408459, 831990, 1025032, 421472, 123004, 607073, 149227, 39.1, 49.5, 1.00
M, 743529, 408510, 831981, 1024891, 421474, 123005, 607071, 149182, 39.1, 49.5, 0.99
M, 743423, 408476, 832088, 1024972, 421567, 123039, 607108, 149267, 39.1, 49.5, 1.00
M, 743670, 408461, 832593, 1025329, 421554, 123101, 607286, 149321, 39.1, 49.5, 1.01
M, 743720, 408519, 832661, 1024973, 421593, 123140, 607182, 149294, 39.1, 49.5, 0.99
M, 743495, 408486, 832680, 1025024, 421618, 123087, 607230, 149218, 39.1, 49.5, 1.00
M, 743500, 408539, 832944, 1025336, 421623, 123116, 607274, 149274, 39.1, 49.5, 1.00
M, 743300, 408541, 832604, 1024830, 421652, 123052, 607229, 149191, 39.1, 49.5, 1.00
M, 743248, 408430, 832850, 1024888, 421570, 123106, 607151, 149243, 39.1, 49.5, 1.00
M, 743051, 408577, 832853, 1024765, 421648, 123049, 607276, 149240, 39.1, 49.5, 1.00
M, 742956, 408441, 832607, 1024423, 421618, 123055, 607217, 149174, 39.1, 49.5, 1.00
M, 743110, 408409, 833167, 1025019, 421700, 123157, 607325, 149291, 39.1, 49.5, 1.00
M, 743255, 408467, 833421, 1025226, 421713, 123099, 607414, 149267, 39.1, 49.5, 1.00
M, 743306, 408543, 833732, 1025439, 421766, 123253, 607457, 149369, 39.1, 49.5, 1.00
M, 745081, 408931, 836215, 1027661, 422200, 123438, 607970, 149743, 39.1, 49.6, 1.00
M, 745154, 408992, 836330, 1027387, 422238, 123415, 608031, 149620, 39.1, 49.6, 1.01
M, 744741, 409040, 835961, 1027049, 422212, 123379, 607913, 149550, 39.1, 49.5, 1.00
M, 744750, 408962, 836263, 1027291, 422200, 123415, 607929, 149608, 39.1, 49.5, 0.99
M, 744693, 409040, 836170, 1027086, 422223, 123453, 607893, 149559, 39.1, 49.5, 1.00
M, 744449, 408942, 836245, 1027100, 422164, 123499, 607888, 149574, 39.1, 49.5, 1.00
M, 744729, 409003, 836625, 1027417, 422330, 123518, 608047, 149645, 39.1, 49.5, 1.00
M, 744767, 409040, 837026, 1027249, 422320, 123472, 608029, 149614, 39.1, 49.5, 1.01
M, 744445, 408950, 836696, 1026891, 422247, 123444, 607993, 149542, 39.1, 49.5, 1.00
M, 744247, 408955, 836688, 1026894, 422214, 123459, 607973, 149543, 39.1, 49.5, 0.99
M, 744369, 408972, 837096, 1027215, 422310, 123501, 608032, 149580, 39.1, 49.5, 1.00
M, 744482, 409005, 837310, 1027231, 422318, 123515, 608103, 149605, 39.1, 49.5, 1.00
M, 744754, 409090, 837682, 1027442, 422448, 123544, 608233, 149603, 39.1, 49.5, 1.00
M, 744616, 409117, 837700, 1027414, 422405, 123573, 608121, 149611, 39.1, 49.5, 1.00
M, 744375, 409098, 837748, 1027154, 422428, 123560, 608229, 149591, 39.1, 49.6, 1.00
M, 744222, 409029, 837829, 1027241, 422327, 123604, 608148, 149628, 39.1, 49.6, 1.01
M, 744122, 408976, 837496, 1026709, 422431, 123583, 608161, 149525, 39.1, 49.6, 1.00
M, 743953, 408946, 837604, 1026487, 422321, 123569, 608086, 149520, 39.1, 49.6, 0.99
M, 744090, 409020, 837948, 1027116, 422384, 123631, 608238, 149651, 39.1, 49.6, 1.00
M, 744129, 408927, 838193, 1027117, 422452, 123582, 608213, 149615, 39.1, 49.6, 0.98
M, 745451, 409136, 840051, 1028737, 422685, 123755, 608568, 149904, 39.1, 49.6, 1.01
M, 745324, 409260, 840055, 1028455, 422744, 123834, 608586, 149853, 39.1, 49.6, 1.00
M, 744733, 409117, 839304, 1027663, 422663, 123722, 608417, 149690, 39.1, 49.6, 1.00
M, 744112, 409024, 838753, 1027072, 422505, 123613, 608331, 149580, 39.1, 49.6, 1.00
M, 743951, 408955, 838830, 1027116, 422551, 123662, 608352, 149584, 39.1, 49.6, 0.99
M, 744067, 408898, 839187, 1027241, 422509, 123612, 608330, 149674, 39.1, 49.6, 1.00
M, 744314, 408988, 839605, 1027672, 422617, 123793, 608495, 149771, 39.1, 49.6, 1.01
M, 744521, 409028, 839967, 1027926, 422620, 123749, 608574, 149805, 39.1, 49.6, 0.99
M, 744740, 409047, 840302, 1027895, 422707, 123786, 608566, 149767, 39.1, 49.6, 1.01
M, 744656, 409046, 840295, 1027841, 422703, 123786, 608614, 149713, 39.1, 49.6, 1.01
M, 744604, 409005, 840352, 1027902, 422769, 123803, 608649, 149777, 39.1, 49.6, 1.01
M, 744986, 409103, 841110, 1028307, 422909, 123874, 608735, 149908, 39.1, 49.6, 1.01
M, 744906, 409048, 841226, 1028542, 422919, 123883, 608836, 149947, 39.1, 49.6, 0.99
M, 744994, 409198, 841445, 1028494, 422988, 123900, 608880, 149877, 39.1, 49.6, 1.00
M, 745068, 409150, 841694, 1028491, 422908, 123934, 608886, 149874, 39.1, 49.6, 1.00
M, 744856, 409266, 841496, 1028266, 423024, 123949, 608929, 149862, 39.1, 49.6, 0.99
M, 744823, 409178, 841690, 1028543, 422977, 123950, 608879, 149880, 39.1, 49.6, 0.99
M, 745207, 409157, 842327, 1028791, 422984, 123975, 608932, 149950, 39.1, 49.6, 1.00
M, 745430, 409262, 842757, 1029135, 423079, 124068, 608995, 150008, 39.1, 49.6, 1.00
M, 745456, 409337, 843120, 1029210, 423182, 124049, 609073, 149996, 39.1, 49.6, 1.00
M, 746732, 409595, 844900, 1030895, 423436, 124155, 609418, 150292, 39.1, 49.6, 1.01
M, 746220, 409485, 844372, 1030344, 423399, 124137, 609345, 150133, 39.1, 49.6, 1.01
M, 745838, 409501, 844129, 1029930, 423302, 124117, 609274, 150100, 39.1, 49.6, 0.99
M, 745557, 409419, 844020, 1029698, 423289, 124128, 609213, 150082, 39.1, 49.6, 1.00
M, 745873, 409489, 844511, 1030039, 423310, 124169, 609296, 150212, 39.1, 49.6, 1.00
M, 745951, 409486, 844847, 1030044, 423394, 124121, 609395, 150057, 39.1, 49.6, 1.00
M, 745835, 409493, 844704, 1029843, 423362, 124229, 609301, 150043, 39.1, 49.6, 1.01
M, 745759, 409567, 844779, 1029798, 423382, 124239, 609383, 150145, 39.1, 49.6, 1.00
M, 746071, 409567, 845332, 1030122, 423472, 124246, 609365, 150171, 39.1, 49.6, 0.99
M, 745834, 409550, 845353, 1029406, 423392, 124182, 609301, 150008, 39.1, 49.6, 1.00
M, 745518, 409483, 845172, 1029867, 423437, 124247, 609340, 150139, 39.1, 49.6, 1.00
M, 744786, 409270, 844397, 1028787, 423233, 124236, 609165, 149932, 39.1, 49.6, 1.00
M, 744960, 409273, 844728, 1029040, 423258, 124224, 609227, 149981, 39.1, 49.6, 0.99
M, 745264, 409324, 845202, 1029498, 423307, 124238, 609362, 150047, 39.1, 49.6, 0.99
M, 745369, 409319, 845245, 1029200, 423424, 124231, 609365, 150081, 39.1, 49.6, 0.99
M, 745374, 409343, 845466, 1029403, 423368, 124310, 609373, 150046, 39.1, 49.6, 0.99
M, 745075, 409391, 845556, 1029255, 423482, 124216, 609416, 150081, 39.1, 49.6, 1.00
M, 744937, 409226, 845322, 1029028, 423321, 124266, 609281, 150020, 39.1, 49.6, 1.00
M, 745243, 409234, 846042, 1029652, 423400, 124255, 609395, 150133, 39.1, 49.6, 1.00
M, 745475, 409341, 846356, 1029843, 423501, 124311, 609489, 150193, 39.1, 49.6, 1.00
A, 752735, 410501, 856647, 1039905, 424959, 125262, 611333, 152290, 39.1, 49.6, 0.18
A, 761332, 412659, 868508, 1051090, 427163, 126299, 613520, 154295, 39.1, 49.6, 0.60
A, 769457, 415226, 880323, 1061537, 429298, 127479, 615590, 155917, 39.1, 49.6, 0.77
A, 774439, 417302, 888083, 1068217, 430693, 128258, 616959, 156954, 39.1, 49.6, 0.84
A, 778180, 418986, 894173, 1073161, 431755, 128928, 617928, 157755, 39.1, 49.6, 0.90
A, 780664, 420463, 899442, 1076811, 432578, 129574, 618674, 158264, 39.1, 49.6, 0.93
A, 782338, 422039, 903707, 1079391, 433272, 130009, 619212, 158661, 39.1, 49.6, 0.97
A, 783029, 423165, 906680, 1080716, 433671, 130395, 619403, 158766, 39.1, 49.6, 0.97
A, 783378, 424082, 909240, 1081691, 433857, 130700, 619465, 158942, 39.1, 49.6, 0.98
A, 783510, 424950, 911661, 1082493, 434079, 131008, 619460, 159080, 39.1, 49.6, 0.98
A, 783134, 425767, 913285, 1082440, 434026, 131298, 619265, 159145, 39.1, 49.6, 0.99
A, 782855, 426482, 915056, 1082349, 434087, 131504, 619132, 159216, 39.1, 49.6, 1.00
A, 782082, 427135, 916353, 1081406, 433914, 131718, 618722, 159042, 39.1, 49.6, 1.00
A, 780905, 427511, 916996, 1080349, 433728, 131857, 618291, 159063, 39.1, 49.6, 0.99
A, 780055, 427939, 918031, 1079859, 433434, 131995, 617931, 159048, 39.1, 49.6, 1.00
A, 778486, 428241, 918405, 1077980, 433090, 132101, 617367, 158848, 39.1, 49.6, 0.99
A, 777409, 428277, 918756, 1077125, 432747, 132208, 616912, 158829, 39.1, 49.6, 1.00
A, 775933, 428607, 919226, 1075014, 432403, 132279, 616195, 158671, 39.1, 49.6, 0.99
A, 774816, 428617, 919622, 1073959, 432021, 132312, 615731, 158589, 39.1, 49.6, 0.99
A, 773764, 428624, 919962, 1073017, 431732, 132432, 615298, 158592, 39.1, 49.6, 1.00
A, 774094, 428878, 922362, 1073550, 431635, 132655, 615153, 158788, 39.1, 49.6, 1.00
A, 772425, 429006, 921895, 1071309, 431235, 132593, 614506, 158576, 39.1, 49.6, 1.01
A, 771040, 428853, 921718, 1069530, 430736, 132628, 613928, 158396, 39.1, 49.6, 1.00
A, 769259, 428778, 921401, 1067560, 430226, 132593, 613255, 158276, 39.1, 49.6, 1.00
A, 767696, 428487, 920891, 1065554, 429698, 132470, 612608, 158076, 39.1, 49.6, 1.00
A, 766590, 428299, 920931, 1064321, 429306, 132500, 612137, 157915, 39.1, 49.6, 0.99
A, 765906, 428193, 921652, 1063556, 429009, 132569, 611713, 157943, 39.1, 49.6, 1.00
A, 764938, 428067, 921706, 1062352, 428718, 132575, 611254, 158005, 39.1, 49.6, 1.00
A, 764322, 427937, 922331, 1061596, 428496, 132569, 610928, 158002, 39.1, 49.6, 1.00
A, 763435, 427766, 922669, 1060239, 428090, 132651, 610464, 157858, 39.1, 49.6, 1.00
A, 762236, 427478, 922395, 1058821, 427699, 132636, 609946, 157750, 39.1, 49.6, 1.01
A, 761331, 427199, 922333, 1057572, 427337, 132697, 609543, 157651, 39.1, 49.6, 1.00
A, 760727, 427055, 922921, 1056762, 427073, 132617, 609133, 157705, 39.0, 49.6, 1.00
A, 759627, 426756, 922727, 1055258, 426739, 132612, 608721, 157541, 39.0, 49.6, 1.00
A, 758554, 426543, 922490, 1053915, 426369, 132552, 608214, 157413, 39.0, 49.6, 1.01
A, 758150, 426259, 922954, 1053339, 426150, 132601, 607896, 157427, 39.0, 49.6, 1.00
A, 756794, 425950, 922249, 1051488, 425741, 132627, 607391, 157197, 39.0, 49.7, 1.00
A, 756037, 425716, 922310, 1050743, 425508, 132551, 607081, 157216, 39.0, 49.7, 1.00
A, 755189, 425413, 922322, 1049275, 425068, 132494, 606637, 157128, 39.0, 49.7, 1.01
A, 754679, 425092, 922374, 1048445, 424816, 132473, 606391, 157086, 39.0, 49.7, 1.00
A, 755461, 425111, 924527, 1049688, 424900, 132705, 606408, 157470, 39.0, 49.7, 1.00
A, 754380, 424955, 923809, 1048069, 424622, 132637, 606012, 157104, 39.0, 49.7, 1.01
A, 753303, 424579, 923269, 1046610, 424270, 132523, 605574, 157059, 39.0, 49.7, 1.00
A, 752767, 424263, 923468, 1045974, 424054, 132627, 605277, 157041, 39.0, 49.7, 1.00
A, 752322, 424062, 923677, 1044918, 423842, 132532, 604937, 156953, 39.0, 49.7, 1.00
A, 751515, 423772, 923618, 1044000, 423506, 132512, 604616, 156871, 39.0, 49.7, 1.00
A, 751095, 423587, 923725, 1043602, 423336, 132592, 604395, 156887, 39.0, 49.7, 1.00
A, 750441, 423270, 923739, 1042754, 423121, 132502, 604060, 156781, 39.0, 49.7, 1.00
A, 749970, 423025, 923578, 1041737, 422903, 132453, 603794, 156807, 39.0, 49.7, 0.99
A, 749811, 422771, 924167, 1041490, 422763, 132493, 603618, 156864, 39.0, 49.7, 1.00
A, 749157, 422595, 924243, 1040663, 422525, 132522, 603299, 156739, 39.0, 49.7, 1.01
A, 748559, 422263, 924027, 1039789, 422299, 132448, 603099, 156691, 39.0, 49.7, 1.00
A, 748096, 422060, 924011, 1039120, 422096, 132430, 602822, 156661, 39.0, 49.7, 1.01
A, 747870, 421871, 924392, 1038793, 421987, 132499, 602620, 156650, 39.0, 49.7, 1.00
A, 747367, 421706, 924326, 1038002, 421777, 132468, 602356, 156662, 39.0, 49.7, 1.01
A, 747246, 421470, 924574, 1037178, 421647, 132477, 602197, 156531, 39.0, 49.7, 1.00
A, 746647, 421284, 924490, 1036810, 421472, 132424, 601965, 156449, 39.0, 49.7, 1.00
A, 745196, 420855, 923334, 1034941, 421158, 132335, 601524, 156250, 39.0, 49.7, 1.00
A, 745016, 420550, 923299, 1034441, 420965, 132275, 601269, 156271, 39.0, 49.7, 1.00
A, 744327, 420329, 923102, 1033560, 420760, 132229, 601024, 156186, 39.0, 49.7, 1.00
A, 745051, 420227, 924652, 1034342, 420776, 132414, 601058, 156420, 39.0, 49.7, 1.00
A, 744960, 420181, 925018, 1034065, 420713, 132369, 600947, 156369, 39.0, 49.7, 1.01
A, 744528, 419943, 924909, 1033352, 420552, 132314, 600714, 156320, 39.0, 49.7, 1.00
A, 743907, 419691, 924519, 1032691, 420375, 132335, 600548, 156222, 39.0, 49.7, 1.00
A, 743829, 419616, 924967, 1032609, 420255, 132332, 600409, 156304, 39.0, 49.7, 1.01
A, 743501, 419330, 924965, 1031751, 420128, 132336, 600183, 156120, 39.0, 49.7, 1.00
A, 743031, 419121, 924697, 1030917, 419903, 132292, 599986, 156095, 39.0, 49.8, 1.01
A, 742335, 418817, 924363, 1030284, 419720, 132222, 599702, 156057, 39.0, 49.8, 1.00
A, 742479, 418701, 924683, 1030062, 419654, 132287, 599557, 156064, 39.0, 49.8, 1.00
A, 742086, 418579, 924754, 1029722, 419561, 132260, 599504, 156074, 39.0, 49.8, 1.01
A, 742037, 418465, 925191, 1029565, 419470, 132232, 599389, 156117, 39.0, 49.8, 1.00
A, 741816, 418292, 925169, 1028727, 419361, 132232, 599156, 155954, 39.0, 49.8, 1.01
A, 741384, 418102, 925210, 1028376, 419266, 132252, 598993, 155940, 39.0, 49.8, 1.00
A, 741093, 417911, 924848, 1028059, 419102, 132231, 598826, 155909, 39.0, 49.8, 1.00
A, 740794, 417729, 925106, 1027722, 418957, 132210, 598710, 155921, 39.0, 49.8, 0.99
A, 740702, 417590, 925253, 1027242, 418929, 132176, 598623, 155935, 39.0, 49.8, 1.00
A, 740630, 417479, 925552, 1026979, 418854, 132220, 598495, 155870, 39.0, 49.8, 1.01
A, 740134, 417402, 925331, 1026471, 418707, 132141, 598328, 155871, 39.0, 49.8, 1.01
A, 739824, 417221, 925140, 1025790, 418625, 132148, 598161, 155781, 39.0, 49.8, 1.00
A, 739526, 416959, 925061, 1025617, 418430, 132108, 597980, 155725, 39.0, 49.8, 1.01
A, 740818, 417064, 927357, 1027161, 418688, 132276, 598181, 156098, 39.0, 49.8, 1.01
A, 740151, 417054, 926796, 1026177, 418495, 132259, 598027, 155928, 39.0, 49.8, 1.00
A, 739506, 416802, 926249, 1025122, 418343, 132093, 597751, 155724, 39.0, 49.8, 0.99
A, 738719, 416453, 925353, 1024036, 418009, 132019, 597455, 155597, 39.0, 49.8, 1.00
A, 737913, 416216, 924637, 1023179, 417854, 132014, 597215, 155431, 39.0, 49.8, 0.99
A, 737874, 416107, 924616, 1022770, 417748, 131981, 597150, 155456, 39.0, 49.8, 0.99
A, 737755, 415979, 924920, 1022684, 417681, 131967, 597022, 155561, 39.0, 49.8, 1.00
A, 737986, 415919, 925516, 1022950, 417743, 132039, 597050, 155578, 39.0, 49.8, 0.99
A, 738008, 415821, 925805, 1022628, 417662, 131990, 596958, 155519, 39.0, 49.8, 1.00
A, 737824, 415693, 925801, 1022244, 417561, 131923, 596872, 155509, 39.0, 49.8, 1.00
A, 737387, 415495, 925537, 1022050, 417479, 131955, 596666, 155517, 39.0, 49.8, 1.01
A, 737504, 415523, 926087, 1022008, 417428, 131995, 596733, 155597, 39.0, 49.9, 1.01
A, 737462, 415424, 926115, 1021669, 417387, 131947, 596588, 155484, 39.0, 49.9, 1.00
A, 737641, 415383, 926750, 1021889, 417436, 131977, 596562, 155567, 39.0, 49.9, 1.00
A, 737492, 415343, 926865, 1021666, 417398, 131993, 596486, 155516, 39.0, 49.9, 1.00
A, 737149, 415176, 926583, 1021174, 417258, 131988, 596365, 155464, 39.0, 49.9, 1.01
A, 737262, 415136, 926953, 1021196, 417230, 131963, 596270, 155551, 39.0, 49.9, 1.00
A, 736707, 415028, 926550, 1020438, 417056, 131929, 596183, 155388, 39.0, 49.9, 1.00
A, 736536, 414856, 926367, 1019823, 416948, 131883, 595970, 155360, 39.0, 49.9, 1.01
A, 736049, 414756, 926149, 1019426, 416874, 131899, 595886, 155279, 39.0, 49.9, 1.00
A, 736850, 414665, 927529, 1020647, 416920, 131929, 595936, 155520, 39.0, 49.9, 1.01
A, 736512, 414636, 927186, 1019853, 416936, 131935, 595896, 155418, 39.0, 49.9, 1.00
A, 735979, 414440, 926637, 1019178, 416704, 131854, 595705, 155373, 39.0, 49.9, 1.00
A, 735471, 414262, 926118, 1018396, 416601, 131748, 595462, 155189, 39.0, 49.9, 1.00
A, 735243, 414147, 926027, 1017896, 416466, 131775, 595381, 155168, 39.0, 49.9, 0.99
A, 735075, 414028, 926069, 1017822, 416382, 131756, 595252, 155139, 39.0, 49.9, 0.99
A, 735253, 413976, 926564, 1017869, 416439, 131765, 595299, 155215, 39.0, 49.9, 1.01
A, 734985, 413893, 926498, 1017750, 416351, 131798, 595175, 155261, 39.0, 49.9, 1.00
A, 735262, 413886, 927077, 1017975, 416380, 131793, 595187, 155297, 39.0, 49.9, 1.02
A, 735209, 413827, 927111, 1017562, 416334, 131759, 595155, 155169, 39.0, 49.9, 1.01
A, 734966, 413731, 926956, 1017239, 416248, 131737, 595027, 155102, 39.0, 49.9, 1.00
A, 734882, 413696, 927192, 1017362, 416179, 131775, 594967, 155185, 39.0, 49.9, 1.00
A, 734877, 413659, 927274, 1017142, 416221, 131736, 594965, 155153, 39.0, 49.9, 1.00
A, 734503, 413482, 927018, 1016713, 416050, 131695, 594806, 155099, 39.0, 49.9, 1.01
A, 734777, 413478, 927606, 1016960, 416113, 131768, 594812, 155181, 39.0, 49.9, 1.00
A, 734814, 413482, 927704, 1016627, 416044, 131729, 594779, 155096, 39.0, 49.9, 1.00
A, 734566, 413384, 927706, 1016310, 415997, 131679, 594669, 155114, 39.0, 49.9, 1.00
A, 734455, 413361, 927712, 1016378, 415976, 131658, 594644, 155079, 39.0, 49.9, 1.01
A, 733806, 413233, 926933, 1015413, 415868, 131640, 594492, 155009, 39.0, 49.9, 0.99
A, 733779, 413063, 926998, 1015247, 415735, 131545, 594385, 154981, 39.0, 49.9, 1.00
A, 735295, 413404, 929612, 1017226, 416148, 131824, 594732, 155341, 39.0, 49.9, 1.00
A, 734809, 413334, 928949, 1016575, 416043, 131735, 594567, 155215, 39.0, 49.9, 1.00
A, 734691, 413218, 928759, 1016081, 415901, 131763, 594513, 155178, 39.0, 49.9, 1.01
A, 734394, 413151, 928901, 1016060, 415886, 131737, 594354, 155121, 39.0, 49.9, 1.00
A, 734159, 413062, 928612, 1015727, 415730, 131723, 594252, 155098, 39.0, 49.9, 1.01
A, 734223, 413025, 929060, 1015797, 415793, 131743, 594256, 155167, 39.0, 49.9, 1.00
A, 734107, 413003, 929136, 1015551, 415637, 131645, 594147, 155063, 39.0, 49.9, 1.00
A, 733833, 412896, 928944, 1015160, 415599, 131653, 594070, 154996, 39.0, 49.9, 1.00
A, 733477, 412792, 928714, 1014823, 415460, 131628, 593934, 154964, 39.0, 49.9, 1.00
A, 733640, 412760, 929013, 1014823, 415486, 131691, 593946, 155039, 39.0, 49.9, 1.00
A, 733611, 412760, 928898, 1014443, 415474, 131598, 593881, 154947, 39.0, 49.9, 1.00
A, 733240, 412579, 928677, 1014086, 415415, 131603, 593783, 154908, 39.0, 49.9, 0.99
A, 732966, 412469, 928534, 1013724, 415345, 131549, 593626, 154838, 39.0, 49.9, 0.99
A, 733112, 412489, 928906, 1013866, 415345, 131549, 593678, 154901, 39.0, 49.9, 0.99
A, 732860, 412390, 928684, 1013690, 415232, 131555, 593548, 154927, 39.0, 49.9, 0.99
A, 732968, 412393, 929141, 1013852, 415231, 131612, 593612, 154968, 39.0, 49.9, 1.01
A, 732967, 412318, 929235, 1013567, 415204, 131530, 593604, 154878, 39.0, 49.9, 1.00
A, 732645, 412232, 928997, 1013125, 415165, 131557, 593442, 154924, 39.0, 49.9, 1.00
A, 732678, 412188, 929084, 1013286, 415101, 131482, 593405, 154897, 39.0, 49.9, 1.00
A, 732378, 412172, 928872, 1012577, 415032, 131527, 593296, 154818, 39.0, 49.9, 0.99
A, 733266, 412136, 930295, 1013946, 415151, 131644, 593516, 155094, 39.0, 49.9, 1.00
A, 732443, 412192, 929180, 1012601, 415143, 131481, 593350, 154853, 39.0, 49.9, 0.99
A, 732000, 412035, 928690, 1011834, 414839, 131439, 593114, 154655, 39.0, 49.9, 1.00
A, 731629, 411796, 928398, 1011639, 414714, 131367, 593042, 154634, 39.0, 49.9, 1.00
A, 731250, 411656, 928079, 1011311, 414646, 131379, 592908, 154593, 39.0, 49.9, 1.00
A, 730981, 411503, 927719, 1010724, 414537, 131273, 592763, 154580, 39.0, 49.9, 1.01
A, 731428, 411559, 928337, 1011236, 414618, 131380, 592847, 154667, 39.0, 49.9, 1.00
A, 731573, 411511, 928861, 1011378, 414659, 131285, 592858, 154612, 39.0, 49.9, 1.00
A, 731439, 411569, 928697, 1011165, 414639, 131271, 592843, 154655, 39.0, 49.9, 1.00
A, 731707, 411466, 929222, 1011414, 414658, 131338, 592857, 154699, 39.0, 49.9, 1.00
A, 731699, 411443, 929428, 1011502, 414630, 131362, 592767, 154708, 39.0, 50.0, 1.00
A, 731637, 411464, 929447, 1011420, 414589, 131376, 592767, 154693, 39.0, 50.0, 1.00
A, 732080, 411513, 929786, 1011488, 414743, 131383, 592854, 154771, 39.0, 49.9, 1.00
A, 731826, 411418, 929909, 1011500, 414678, 131363, 592798, 154639, 39.0, 49.9, 1.00
A, 731900, 411487, 930093, 1011540, 414642, 131397, 592770, 154699, 39.0, 50.0, 1.00
A, 731648, 411420, 929917, 1011228, 414595, 131360, 592712, 154765, 39.0, 50.0, 1.00
A, 731884, 411450, 930342, 1011445, 414613, 131379, 592703, 154802, 39.0, 50.0, 1.00
A, 731889, 411373, 930343, 1011253, 414634, 131314, 592734, 154664, 39.0, 50.0, 1.00
A, 731574, 411300, 930136, 1010916, 414511, 131351, 592621, 154671, 39.0, 50.0, 1.00
A, 731618, 411307, 930480, 1010924, 414499, 131333, 592601, 154682, 39.0, 50.0, 1.00
A, 732825, 411509, 932271, 1012454, 414789, 131417, 592903, 154972, 39.0, 50.0, 1.00
A, 732122, 411521, 931470, 1011667, 414666, 131463, 592741, 154866, 39.0, 50.0, 1.01
A, 731266, 411360, 930342, 1010328, 414501, 131280, 592465, 154575, 39.0, 50.0, 1.00
A, 730699, 411101, 929781, 1009714, 414272, 131202, 592272, 154474, 39.0, 50.0, 1.00
A, 730708, 411018, 929924, 1009877, 414215, 131153, 592241, 154567, 39.0, 50.0, 0.99
A, 730700, 410941, 930073, 1009939, 414246, 131281, 592262, 154566, 39.0, 50.0, 1.00
A, 730775, 410877, 930226, 1009785, 414127, 131157, 592180, 154566, 39.0, 50.0, 1.00
A, 731098, 410995, 930672, 1010121, 414275, 131141, 592212, 154593, 39.0, 50.0, 0.99
A, 731004, 410961, 930683, 1009864, 414245, 131183, 592176, 154503, 39.0, 50.0, 1.01
A, 730902, 410897, 930627, 1009612, 414252, 131152, 592144, 154509, 39.0, 50.0, 1.00
A, 730737, 410825, 930655, 1009697, 414170, 131249, 592141, 154532, 39.0, 50.0, 1.00
A, 730892, 410810, 930948, 1009891, 414211, 131300, 592226, 154595, 39.0, 50.0, 0.99
A, 730901, 410864, 930900, 1009618, 414180, 131247, 592076, 154641, 39.0, 50.0, 0.99
A, 731125, 410970, 931359, 1009879, 414268, 131238, 592137, 154600, 39.0, 50.0, 1.00
A, 731051, 410903, 931530, 1009839, 414226, 131221, 592159, 154543, 39.0, 50.0, 1.00
A, 730474, 410720, 930816, 1009154, 414069, 131162, 591926, 154498, 39.0, 50.0, 1.00
A, 730442, 410663, 930828, 1009074, 414033, 131099, 591870, 154468, 39.0, 50.0, 1.00
A, 730463, 410711, 931066, 1009181, 414089, 131173, 591922, 154487, 39.0, 50.0, 1.00
A, 730082, 410640, 930571, 1008661, 413978, 131125, 591813, 154477, 39.0, 50.0, 0.99
A, 730572, 410674, 931026, 1008808, 414018, 131151, 591880, 154446, 39.0, 50.0, 1.00
A, 731582, 410751, 933005, 1010471, 414270, 131262, 592155, 154751, 39.0, 50.0, 1.00
A, 730790, 410799, 931832, 1009277, 414177, 131200, 592026, 154530, 39.0, 50.0, 1.00
A, 730664, 410691, 931693, 1009145, 414024, 131132, 591862, 154552, 39.0, 50.0, 1.00
A, 730230, 410690, 931317, 1008540, 413962, 131132, 591802, 154397, 39.0, 50.0, 1.00
A, 730011, 410532, 931181, 1008345, 413886, 131032, 591665, 154411, 39.0, 50.0, 1.00
A, 730083, 410471, 931359, 1008502, 413885, 131084, 591671, 154373, 39.0, 50.0, 1.00
A, 730089, 410456, 931471, 1008308, 413883, 131104, 591668, 154405, 39.0, 50.0, 0.99
A, 730002, 410429, 931520, 1008373, 413842, 131022, 591601, 154401, 39.0, 50.0, 1.00
A, 730271, 410419, 931843, 1008662, 413898, 131087, 591668, 154425, 39.0, 50.0, 1.01
A, 730298, 410461, 931938, 1008349, 413827, 131015, 591578, 154438, 39.0, 50.0, 1.00
A, 730141, 410357, 931720, 1008105, 413798, 131038, 591546, 154403, 39.0, 50.0, 1.01
A, 730127, 410368, 931997, 1008368, 413798, 131054, 591625, 154460, 39.0, 50.0, 1.00
A, 730020, 410342, 932017, 1008378, 413862, 131055, 591598, 154419, 39.0, 50.0, 1.00
A, 730048, 410253, 932166, 1008246, 413781, 131071, 591487, 154428, 39.0, 50.0, 1.00
A, 730273, 410364, 932603, 1008572, 413869, 131108, 591600, 154497, 39.0, 50.0, 1.00
A, 730351, 410397, 932568, 1008298, 413883, 131017, 591582, 154472, 39.0, 50.0, 1.01
A, 730194, 410269, 932455, 1008074, 413819, 131016, 591493, 154428, 39.0, 50.1, 1.00
A, 729979, 410263, 932415, 1008037, 413746, 131054, 591481, 154389, 39.0, 50.1, 1.00
A, 730013, 410324, 932605, 1008238, 413691, 131037, 591455, 154445, 39.0, 50.1, 1.01
A, 729975, 410268, 932501, 1007990, 413734, 131032, 591441, 154533, 39.0, 50.1, 1.00
A, 731718, 410519, 935115, 1009979, 414125, 131147, 591829, 154758, 39.0, 50.0, 1.00
A, 730799, 410510, 934120, 1009101, 413927, 131075, 591651, 154544, 39.0, 50.0, 1.01
A, 729986, 410387, 932929, 1007714, 413805, 131036, 591367, 154344, 39.0, 50.1, 1.00
A, 729411, 410172, 932372, 1007383, 413556, 130969, 591247, 154304, 39.0, 50.1, 1.01
A, 729242, 410003, 932123, 1007087, 413527, 130977, 591170, 154327, 39.0, 50.1, 1.00
A, 728917, 409866, 931905, 1006778, 413483, 130930, 591113, 154304, 39.0, 50.1, 0.99
A, 729189, 409926, 932302, 1006963, 413466, 130912, 591097, 154245, 39.0, 50.1, 0.99
A, 729239, 409922, 932327, 1006784, 413462, 130900, 591127, 154267, 39.0, 50.1, 1.00
A, 729105, 409888, 932356, 1006854, 413399, 130904, 591084, 154231, 39.0, 50.1, 1.00
A, 729353, 409922, 932797, 1007200, 413486, 130842, 591182, 154309, 39.0, 50.1, 1.00
A, 729340, 409869, 932797, 1007040, 413495, 130849, 591069, 154331, 39.0, 50.1, 1.00
A, 729617, 409941, 933332, 1007441, 413578, 130959, 591220, 154405, 39.0, 50.1, 1.00
A, 729746, 409982, 933388, 1007305, 413584, 130925, 591226, 154365, 39.0, 50.1, 1.01
A, 729550, 409956, 933378, 1007071, 413487, 130880, 591139, 154303, 39.0, 50.1, 1.00
A, 729398, 409809, 933260, 1007158, 413473, 130893, 591099, 154293, 39.0, 50.1, 1.00
A, 729681, 409970, 933574, 1007378, 413519, 130949, 591176, 154382, 39.0, 50.1, 1.00
A, 729681, 409882, 933566, 1007172, 413503, 130899, 591167, 154366, 39.0, 50.1, 0.99
A, 729811, 409960, 934135, 1007470, 413569, 130918, 591175, 154399, 39.0, 50.1, 1.02
A, 729818, 409958, 934245, 1007533, 413581, 130866, 591143, 154346, 39.0, 50.1, 1.01
A, 729580, 409912, 934074, 1007276, 413509, 130867, 591092, 154358, 39.0, 50.1, 1.00
A, 730733, 410062, 935788, 1008747, 413755, 131118, 591346, 154657, 39.0, 50.1, 1.00
A, 730169, 410228, 934912, 1007787, 413722, 130949, 591246, 154397, 39.0, 50.1, 0.99
A, 729583, 409964, 934055, 1006804, 413542, 130889, 591093, 154270, 39.0, 50.1, 0.99
A, 728734, 409853, 933172, 1005959, 413308, 130805, 590858, 154110, 39.0, 50.1, 0.99
A, 728627, 409617, 933238, 1006117, 413252, 130760, 590779, 154137, 39.0, 50.1, 1.00
A, 728815, 409673, 933494, 1006229, 413325, 130784, 590825, 154239, 39.0, 50.1, 0.99
A, 728976, 409681, 933821, 1006382, 413302, 130815, 590830, 154267, 39.0, 50.1, 1.00
A, 729052, 409583, 933827, 1006170, 413316, 130754, 590802, 154174, 39.0, 50.1, 1.00
A, 728890, 409654, 933932, 1006291, 413323, 130836, 590776, 154222, 39.0, 50.1, 1.00
A, 729307, 409727, 934354, 1006586, 413358, 130801, 590857, 154262, 39.0, 50.1, 1.00
A, 729225, 409686, 934311, 1006366, 413344, 130755, 590832, 154180, 39.0, 50.1, 1.00
A, 728672, 409465, 933801, 1005905, 413147, 130745, 590705, 154157, 39.0, 50.1, 1.00
A, 727752, 409352, 932409, 1004853, 413080, 130603, 590489, 153968, 39.0, 50.1, 1.00
A, 728035, 409259, 932943, 1004857, 413016, 130603, 590441, 153986, 39.0, 50.1, 0.99
A, 728198, 409293, 933001, 1005079, 413001, 130571, 590497, 153966, 39.0, 50.1, 1.00
A, 728073, 409192, 933244, 1005225, 413042, 130631, 590515, 154012, 39.0, 50.1, 1.00
A, 728478, 409310, 933746, 1005620, 413115, 130661, 590660, 154169, 39.0, 50.1, 1.00
A, 728661, 409295, 933941, 1005693, 413125, 130672, 590637, 154184, 39.0, 50.1, 0.99
A, 728643, 409378, 934122, 1005780, 413241, 130708, 590688, 154172, 39.0, 50.1, 0.99
A, 728951, 409335, 934311, 1005755, 413283, 130677, 590732, 154181, 39.0, 50.1, 0.99
A, 730228, 409575, 936320, 1007419, 413480, 130922, 590992, 154489, 39.0, 50.1, 1.00
A, 729857, 409628, 936057, 1007255, 413483, 130824, 590985, 154389, 39.0, 50.1, 1.00
A, 729370, 409582, 935498, 1006578, 413406, 130803, 590846, 154324, 39.0, 50.1, 1.00
A, 729237, 409518, 935323, 1006490, 413313, 130767, 590748, 154336, 39.0, 50.1, 1.01
A, 729085, 409590, 935133, 1006191, 413368, 130756, 590732, 154219, 39.0, 50.1, 0.99
A, 728954, 409427, 935133, 1006026, 413255, 130777, 590671, 154205, 39.0, 50.1, 1.00
A, 729131, 409451, 935413, 1006218, 413246, 130778, 590689, 154229, 39.0, 50.1, 1.00
A, 729208, 409501, 935603, 1006156, 413236, 130752, 590681, 154293, 39.0, 50.1, 1.00
A, 728989, 409494, 935583, 1006148, 413212, 130731, 590655, 154264, 39.0, 50.1, 1.00
A, 729304, 409561, 935970, 1006592, 413343, 130782, 590718, 154351, 39.0, 50.1, 1.00
A, 729413, 409581, 936281, 1006377, 413286, 130718, 590714, 154289, 39.0, 50.1, 1.00
A, 729111, 409468, 936044, 1006210, 413242, 130714, 590644, 154207, 39.0, 50.1, 1.00
A, 728846, 409425, 935764, 1006019, 413200, 130689, 590535, 154219, 39.0, 50.1, 1.00
A, 729106, 409498, 936109, 1006292, 413258, 130708, 590623, 154242, 39.0, 50.1, 1.00
A, 729054, 409474, 936182, 1006309, 413206, 130712, 590636, 154268, 39.0, 50.1, 1.01
A, 729379, 409566, 936409, 1006337, 413347, 130748, 590708, 154282, 39.0, 50.1, 1.01
A, 729197, 409495, 936336, 1006110, 413237, 130708, 590607, 154226, 39.0, 50.1, 1.00
A, 729233, 409489, 936571, 1006094, 413246, 130676, 590661, 154255, 39.0, 50.1, 0.99
A, 729063, 409431, 936500, 1006114, 413179, 130716, 590617, 154245, 39.0, 50.1, 0.99
A, 729178, 409505, 936724, 1006262, 413279, 130757, 590603, 154300, 39.0, 50.1, 0.99
A, 730545, 409749, 938843, 1007721, 413562, 130829, 590843, 154595, 39.0, 50.1, 1.01
A, 729772, 409698, 937762, 1006670, 413381, 130796, 590709, 154349, 39.0, 50.1, 1.00
A, 729169, 409647, 937172, 1006303, 413264, 130731, 590560, 154225, 39.0, 50.1, 1.01
A, 728159, 409434, 935686, 1004751, 413068, 130647, 590315, 154019, 39.0, 50.1, 1.01
A, 727771, 409279, 935380, 1004619, 412924, 130521, 590195, 153970, 39.0, 50.1, 1.00
A, 727204, 409117, 934591, 1003707, 412828, 130445, 590153, 153867, 39.0, 50.1, 0.99
A, 727329, 408981, 934658, 1003722, 412775, 130470, 590086, 153878, 39.0, 50.1, 1.00
A, 727616, 409041, 935317, 1004375, 412759, 130483, 590167, 153947, 39.0, 50.1, 1.00
A, 727788, 408961, 935606, 1004583, 412815, 130528, 590190, 154005, 39.0, 50.1, 1.01
A, 727717, 408967, 935651, 1004604, 412828, 130512, 590205, 154046, 39.0, 50.1, 1.00
A, 728322, 409056, 936311, 1005018, 413002, 130560, 590312, 154201, 39.0, 50.1, 0.99
A, 728509, 409083, 936502, 1005043, 413017, 130510, 590371, 154099, 39.0, 50.1, 1.00
A, 728383, 409051, 936562, 1005082, 413026, 130567, 590294, 154114, 39.0, 50.1, 1.01
A, 728340, 409086, 936477, 1005027, 412948, 130557, 590305, 154056, 39.0, 50.1, 1.00
A, 728631, 409145, 937021, 1005322, 413049, 130601, 590365, 154191, 39.0, 50.1, 1.00
A, 728532, 409175, 936871, 1005301, 412996, 130557, 590385, 154164, 39.0, 50.1, 1.00
A, 728780, 409226, 937475, 1005771, 413081, 130580, 590380, 154278, 39.0, 50.1, 1.00
A, 728890, 409207, 937553, 1005580, 413057, 130477, 590368, 154063, 39.0, 50.1, 1.00
A, 728389, 409108, 937034, 1005096, 412997, 130537, 590279, 154087, 39.0, 50.1, 0.99
A, 728483, 409078, 937320, 1005386, 413050, 130609, 590313, 154154, 39.0, 50.1, 1.00
A, 729872, 409305, 939250, 1007019, 413260, 130720, 590622, 154506, 39.0, 50.1, 0.99
A, 729623, 409427, 939011, 1006583, 413351, 130702, 590596, 154429, 39.0, 50.1, 1.00
A, 729030, 409257, 938156, 1005635, 413196, 130580, 590467, 154140, 39.0, 50.1, 0.99
A, 728435, 409164, 937350, 1005033, 412985, 130561, 590259, 154032, 39.0, 50.1, 1.00
A, 728279, 409142, 937290, 1004851, 412967, 130523, 590230, 154052, 39.0, 50.1, 1.00
A, 728126, 409049, 937229, 1004832, 412855, 130573, 590186, 154054, 39.0, 50.1, 1.01
A, 728043, 409091, 937096, 1004431, 412949, 130455, 590174, 153999, 39.0, 50.1, 1.00
A, 727948, 408943, 937030, 1004379, 412835, 130410, 590081, 153937, 39.0, 50.1, 1.01
A, 728099, 408965, 937415, 1004709, 412908, 130432, 590123, 154063, 39.0, 50.1, 1.00
A, 728097, 408964, 937499, 1004717, 412870, 130482, 590132, 154070, 39.0, 50.1, 1.00
A, 728133, 408939, 937534, 1004528, 412870, 130448, 590126, 154045, 39.0, 50.1, 1.00
A, 728475, 409037, 938119, 1005138, 412948, 130497, 590221, 154139, 39.0, 50.1, 1.00
A, 728406, 409074, 938011, 1004894, 412921, 130442, 590199, 154116, 39.0, 50.1, 0.99
A, 728306, 408937, 937775, 1004645, 412876, 130387, 590111, 154109, 39.0, 50.1, 1.00
A, 728117, 408939, 937847, 1004742, 412902, 130419, 590164, 154019, 39.0, 50.1, 0.99
A, 728370, 408941, 938276, 1005044, 412899, 130447, 590199, 154093, 39.0, 50.1, 0.99
A, 728253, 408966, 938254, 1004986, 412915, 130437, 590170, 154175, 39.0, 50.1, 1.00
A, 728678, 409083, 938758, 1005321, 413018, 130543, 590199, 154244, 38.9, 50.1, 0.99
A, 728506, 409054, 938447, 1004925, 413019, 130426, 590187, 153995, 38.9, 50.1, 0.99
A, 728195, 408968, 938434, 1004774, 412875, 130459, 590150, 154075, 39.0, 50.1, 1.00
A, 729469, 409176, 940134, 1006261, 413127, 130628, 590373, 154316, 39.0, 50.1, 1.00
A, 729189, 409241, 939833, 1005844, 413127, 130538, 590406, 154232, 39.0, 50.1, 0.99
A, 728820, 409174, 939525, 1005656, 413001, 130586, 590252, 154306, 39.0, 50.1, 1.00
A, 729088, 409137, 939677, 1005444, 413072, 130455, 590308, 154225, 39.0, 50.1, 1.00
A, 728752, 409108, 939681, 1005415, 412983, 130545, 590228, 154167, 39.0, 50.1, 1.00
A, 728354, 409139, 939205, 1004850, 413008, 130466, 590219, 154125, 39.0, 50.1, 1.00
A, 728102, 409002, 939044, 1004838, 412867, 130413, 590060, 154083, 39.0, 50.1, 1.00
A, 727901, 409072, 938696, 1004420, 412829, 130389, 590025, 153995, 39.0, 50.1, 1.00
A, 727858, 408916, 938470, 1004036, 412804, 130361, 589925, 153977, 39.0, 50.1, 0.99
A, 728006, 408887, 938880, 1004440, 412816, 130424, 589984, 154021, 39.0, 50.1, 1.01
A, 727960, 408905, 938865, 1004363, 412831, 130366, 590047, 154006, 39.0, 50.1, 1.00
A, 727754, 408851, 938876, 1004243, 412777, 130396, 589916, 153999, 39.0, 50.1, 1.00
A, 728143, 408788, 939303, 1004567, 412819, 130437, 590015, 154071, 39.0, 50.1, 0.99
A, 728091, 408908, 939257, 1004234, 412840, 130429, 590006, 154029, 39.0, 50.1, 0.99
A, 728002, 408850, 939123, 1004196, 412808, 130347, 589933, 154073, 39.0, 50.1, 0.99
A, 727775, 408774, 939004, 1004210, 412786, 130383, 589944, 154017, 39.0, 50.1, 1.00
A, 727997, 408832, 939460, 1004515, 412806, 130377, 590013, 154064, 39.0, 50.1, 1.00
A, 728007, 408797, 939425, 1004233, 412754, 130403, 589967, 154097, 39.0, 50.1, 1.00
A, 728254, 408836, 939850, 1004751, 412828, 130427, 590007, 154148, 39.0, 50.1, 1.01
A, 728099, 408862, 939688, 1004351, 412762, 130396, 590014, 154057, 39.0, 50.1, 0.99
A, 729277, 408930, 941376, 1005751, 413022, 130483, 590251, 154330, 39.0, 50.1, 1.01
A, 728850, 409084, 941022, 1005517, 413013, 130537, 590189, 154228, 39.0, 50.1, 0.99
A, 728250, 408901, 940247, 1004767, 412874, 130424, 590007, 154017, 39.0, 50.1, 0.99
A, 727928, 408854, 939853, 1004394, 412812, 130400, 589986, 154098, 39.0, 50.1, 1.00
A, 727647, 408766, 939274, 1003622, 412699, 130345, 589833, 153935, 39.0, 50.1, 0.99
A, 727096, 408575, 938753, 1003141, 412546, 130322, 589782, 153849, 39.0, 50.1, 0.99
A, 727051, 408526, 938561, 1003051, 412598, 130238, 589729, 153881, 39.0, 50.2, 1.00
A, 727109, 408472, 938872, 1003217, 412497, 130286, 589714, 153887, 39.0, 50.2, 1.00
A, 727483, 408573, 939427, 1003790, 412577, 130319, 589806, 154016, 39.0, 50.2, 1.01
A, 727709, 408612, 939685, 1003989, 412687, 130293, 589859, 154039, 39.0, 50.1, 1.00
A, 727996, 408658, 940185, 1004064, 412713, 130303, 589932, 154067, 39.0, 50.1, 1.00
A, 727823, 408639, 940000, 1003946, 412737, 130276, 589886, 153981, 39.0, 50.1, 0.99
A, 727699, 408603, 939876, 1004057, 412687, 130297, 589872, 154003, 39.0, 50.1, 0.99
A, 727960, 408645, 940417, 1004302, 412785, 130341, 590022, 154092, 39.0, 50.1, 0.99
A, 727960, 408605, 940441, 1004188, 412721, 130314, 589917, 154147, 39.0, 50.1, 1.01
A, 728240, 408667, 940991, 1004761, 412827, 130336, 589989, 154183, 39.0, 50.1, 1.01
A, 728344, 408765, 941089, 1004569, 412847, 130265, 589954, 154108, 39.0, 50.1, 1.00
A, 728278, 408724, 940893, 1004402, 412726, 130314, 589928, 154077, 39.0, 50.1, 1.01
A, 728047, 408744, 940892, 1004559, 412788, 130366, 589908, 154061, 39.0, 50.1, 1.00
A, 728279, 408714, 941280, 1004768, 412853, 130408, 589979, 154182, 39.0, 50.1, 1.01
A, 729418, 408957, 943025, 1006129, 413066, 130512, 590304, 154501, 39.0, 50.1, 0.99
A, 729220, 409083, 942705, 1005736, 413085, 130448, 590281, 154329, 39.0, 50.2, 1.00
A, 728603, 408987, 941902, 1004961, 412950, 130397, 590045, 154127, 39.0, 50.2, 1.00
A, 727839, 408752, 941139, 1004272, 412811, 130339, 589897, 154067, 39.0, 50.1, 1.01
A, 727749, 408727, 940881, 1003818, 412678, 130346, 589749, 153999, 39.0, 50.1, 0.99
A, 727524, 408637, 940695, 1003615, 412687, 130312, 589745, 153972, 39.0, 50.2, 1.00
A, 727341, 408570, 940516, 1003432, 412664, 130216, 589738, 153974, 39.0, 50.2, 1.00
A, 727305, 408624, 940543, 1003304, 412713, 130236, 589740, 153928, 39.0, 50.2, 1.00
A, 727266, 408502, 940633, 1003513, 412561, 130219, 589710, 153950, 39.0, 50.2, 1.00
A, 727475, 408552, 940980, 1003847, 412638, 130237, 589775, 154092, 39.0, 50.2, 1.00
A, 727680, 408640, 941230, 1003955, 412684, 130286, 589837, 154117, 39.0, 50.1, 1.00
A, 727619, 408585, 941111, 1003628, 412635, 130225, 589766, 153986, 39.0, 50.1, 1.00
A, 727462, 408497, 941194, 1003712, 412579, 130236, 589719, 154046, 39.0, 50.1, 1.01
A, 727802, 408668, 941740, 1004146, 412688, 130210, 589859, 154083, 39.0, 50.1, 1.00
A, 727869, 408595, 941634, 1004100, 412723, 130308, 589790, 154032, 39.0, 50.1, 1.00
A, 727797, 408557, 941685, 1004110, 412686, 130234, 589786, 154000, 39.0, 50.1, 1.00
A, 728052, 408601, 942228, 1004418, 412766, 130333, 589869, 154128, 39.0, 50.1, 1.00
A, 728091, 408632, 942014, 1003964, 412769, 130198, 589857, 154041, 39.0, 50.1, 1.00
A, 727810, 408629, 941834, 1003793, 412716, 130227, 589799, 154026, 39.0, 50.2, 1.01
A, 727425, 408481, 941333, 1003605, 412560, 130197, 589709, 154004, 39.0, 50.2, 1.00
M, 725622, 408266, 937832, 999583, 412337, 129805, 589076, 152976, 39.0, 50.2, 0.00
M, 715804, 405890, 923761, 987780, 409359, 128555, 585584, 150719, 39.0, 50.2, 0.56
M, 708395, 403437, 912669, 978329, 406987, 127522, 582866, 149052, 39.0, 50.1, 0.73
M, 702980, 401335, 904065, 971201, 405060, 126709, 580946, 147895, 39.0, 50.1, 0.83
M, 698659, 399465, 896813, 965382, 403817, 125980, 579705, 146964, 39.0, 50.1, 0.89
M, 694670, 397839, 889902, 960033, 402629, 125316, 578707, 146172, 39.0, 50.1, 0.93
M, 692437, 396466, 884949, 956691, 401862, 124664, 578146, 145622, 39.0, 50.1, 0.95
M, 690628, 395136, 880195, 953489, 401203, 124152, 577756, 145108, 39.0, 50.1, 0.98
M, 689326, 394056, 876392, 951308, 400731, 123737, 577451, 144771, 39.0, 50.1, 0.98
M, 688520, 393165, 873280, 949971, 400526, 123406, 577452, 144620, 39.0, 50.1, 1.00
M, 688316, 392234, 870429, 948782, 400367, 123022, 577573, 144427, 39.0, 50.1, 0.99
M, 688237, 391617, 868693, 948538, 400285, 122836, 577705, 144323, 39.0, 50.1, 0.99
M, 688610, 390924, 866341, 948274, 400403, 122502, 578091, 144262, 39.0, 50.0, 1.00
M, 689092, 390409, 865116, 948353, 400400, 122406, 578268, 144191, 39.0, 50.0, 0.99
M, 689978, 389988, 864582, 949453, 400616, 122337, 578761, 144311, 39.0, 50.0, 0.99
M, 690814, 389548, 863820, 950188, 400847, 122147, 579138, 144389, 39.0, 50.0, 1.00
M, 691828, 389329, 863127, 951158, 401097, 122049, 579656, 144519, 39.0, 50.0, 1.00
M, 693347, 389074, 863267, 952586, 401523, 122004, 580236, 144677, 39.0, 49.9, 1.00
M, 694720, 388934, 863079, 954016, 401928, 121948, 580882, 144778, 39.0, 49.9, 1.00
M, 695661, 388765, 862792, 955076, 402196, 121811, 581337, 144782, 39.0, 49.9, 1.00
M, 698016, 388831, 864232, 957776, 402855, 122045, 582194, 145166, 39.0, 49.9, 1.00
M, 699326, 389003, 864406, 959348, 403304, 122006, 582779, 145283, 39.0, 49.9, 1.00
M, 700137, 388989, 863945, 960340, 403665, 121941, 583222, 145365, 39.0, 49.9, 1.00
M, 701685, 388999, 864215, 961812, 404198, 121988, 583902, 145416, 39.0, 49.9, 1.00
M, 702400, 388969, 863960, 962950, 404401, 121911, 584276, 145496, 39.0, 49.9, 1.00
M, 703487, 389010, 864133, 964422, 404827, 121945, 584864, 145583, 39.0, 49.9, 1.00
M, 704276, 389076, 864002, 965469, 405145, 121900, 585373, 145688, 39.0, 49.9, 1.00
M, 705539, 389254, 864343, 966990, 405566, 121941, 585878, 145848, 39.0, 49.9, 1.00
M, 706511, 389311, 864241, 968003, 406026, 121918, 586383, 145829, 39.0, 49.9, 1.00
M, 707305, 389520, 864266, 969046, 406385, 121930, 586882, 145957, 39.1, 49.9, 1.00
M, 708408, 389588, 864635, 970418, 406725, 121896, 587379, 145988, 39.1, 49.9, 1.00
M, 709130, 389821, 864290, 971424, 407140, 121918, 587929, 146050, 39.1, 49.9, 1.00
M, 709801, 389942, 864347, 972515, 407351, 121931, 588142, 146142, 39.1, 49.9, 1.00
M, 710935, 390201, 864564, 973694, 407897, 121914, 588836, 146222, 39.1, 49.9, 1.00
M, 711486, 390262, 864578, 974553, 408071, 121960, 589187, 146257, 39.1, 49.9, 1.00
M, 712449, 390414, 864960, 975932, 408486, 122028, 589617, 146379, 39.1, 49.9, 1.00
M, 713362, 390720, 865354, 977135, 408807, 122036, 590083, 146477, 39.0, 49.9, 1.00
M, 714130, 390879, 865484, 977973, 409136, 121997, 590468, 146600, 39.0, 49.9, 0.99
M, 715351, 391263, 866273, 979639, 409521, 122104, 590982, 146667, 39.1, 49.9, 1.00
M, 716148, 391474, 866492, 980632, 409924, 122076, 591450, 146750, 39.1, 49.9, 1.00
M, 718135, 392019, 868316, 983191, 410479, 122241, 592116, 147083, 39.1, 49.9, 1.00
M, 718332, 392250, 868154, 983756, 410736, 122287, 592427, 147030, 39.1, 49.9, 1.00
M, 718469, 392391, 867538, 984040, 410910, 122243, 592697, 147020, 39.1, 49.9, 1.00
M, 718615, 392435, 867107, 984297, 411106, 122205, 592909, 147056, 39.1, 49.9, 1.00
M, 719320, 392751, 867241, 985156, 411333, 122189, 593255, 147101, 39.1, 49.9, 1.00
M, 720003, 392958, 867543, 986133, 411639, 122244, 593617, 147113, 39.1, 49.9, 1.00
M, 720603, 393244, 867872, 987144, 411901, 122316, 594001, 147205, 39.1, 49.9, 1.00
M, 721498, 393512, 868380, 988206, 412257, 122398, 594371, 147342, 39.1, 49.9, 1.00
M, 722170, 393833, 868797, 989255, 412504, 122400, 594763, 147382, 39.1, 49.9, 1.00
M, 722746, 394074, 869205, 990373, 412849, 122454, 595143, 147502, 39.1, 49.9, 1.00
M, 723667, 394356, 869439, 991030, 413125, 122441, 595488, 147511, 39.1, 49.9, 1.00
M, 723963, 394574, 869742, 991866, 413359, 122483, 595788, 147552, 39.1, 49.9, 1.00
M, 724330, 394901, 869731, 992492, 413629, 122505, 596125, 147619, 39.1, 49.9, 1.00
M, 724655, 395098, 869843, 993166, 413766, 122505, 596265, 147687, 39.1, 49.9, 1.00
M, 725221, 395425, 869964, 993940, 414071, 122563, 596732, 147615, 39.1, 49.9, 1.00
M, 725608, 395513, 869911, 994251, 414235, 122511, 596837, 147700, 39.1, 49.9, 1.00
M, 725894, 395734, 870092, 994987, 414422, 122577, 597108, 147767, 39.1, 49.9, 1.00
M, 726589, 395943, 870306, 995684, 414645, 122604, 597391, 147796, 39.1, 49.9, 1.00
M, 726781, 396165, 870727, 996494, 414787, 122660, 597620, 147837, 39.1, 49.9, 1.00
M, 727429, 396392, 870919, 997294, 415005, 122726, 597907, 147935, 39.1, 49.9, 1.00
M, 729326, 396848, 873250, 999554, 415470, 122794, 598537, 148262, 39.1, 49.9, 1.00
M, 728982, 397103, 872432, 999152, 415705, 122788, 598628, 148108, 39.1, 49.9, 1.00
M, 728930, 397209, 872267, 999676, 415713, 122694, 598842, 148155, 39.1, 49.9, 1.00
M, 728799, 397307, 871856, 999730, 415796, 122720, 598939, 148039, 39.1, 49.9, 1.00
M, 729307, 397460, 872130, 1000295, 415962, 122749, 599144, 148212, 39.1, 49.9, 1.01
M, 730029, 397762, 872856, 1001401, 416301, 122863, 599448, 148272, 39.1, 49.9, 1.00
M, 730604, 398102, 873146, 1001893, 416512, 122845, 599698, 148293, 39.1, 49.9, 1.00
M, 730866, 398228, 873181, 1002290, 416560, 122796, 599829, 148301, 39.1, 49.8, 1.00
M, 731132, 398475, 873606, 1003270, 416777, 122942, 600056, 148394, 39.1, 49.8, 1.00
M, 731487, 398576, 873896, 1003816, 416952, 122894, 600345, 148459, 39.1, 49.8, 1.01
M, 731961, 398862, 874115, 1004297, 417113, 123001, 600519, 148612, 39.1, 49.8, 0.99
M, 732544, 399192, 874601, 1004952, 417355, 122934, 600817, 148527, 39.1, 49.8, 1.01
M, 732609, 399174, 874667, 1005449, 417441, 123046, 601019, 148601, 39.1, 49.8, 1.00
M, 732859, 399539, 874624, 1005662, 417671, 123022, 601233, 148557, 39.1, 49.8, 1.00
M, 733034, 399525, 874958, 1006083, 417731, 123076, 601235, 148631, 39.1, 49.8, 1.00
M, 733506, 399777, 875215, 1006916, 417906, 123104, 601488, 148730, 39.1, 49.8, 1.00
M, 733890, 400041, 875671, 1007686, 418118, 123153, 601779, 148821, 39.1, 49.8, 1.00
M, 734369, 400177, 876106, 1008088, 418246, 123184, 602012, 148817, 39.1, 49.8, 1.00
M, 734466, 400381, 876121, 1008250, 418415, 123158, 602065, 148833, 39.1, 49.8, 1.00
M, 734476, 400400, 876143, 1008688, 418394, 123190, 602162, 148872, 39.1, 49.8, 1.00
M, 736239, 400832, 878466, 1011098, 418879, 123357, 602699, 149208, 39.1, 49.9, 1.00
M, 736101, 401076, 878058, 1010640, 418954, 123285, 602753, 149064, 39.1, 49.9, 1.00
M, 736178, 401203, 878139, 1011188, 418981, 123255, 602838, 149130, 39.1, 49.8, 1.00
M, 736328, 401341, 878183, 1011254, 419104, 123345, 603040, 149112, 39.1, 49.8, 1.00
M, 736386, 401405, 878085, 1011326, 419233, 123403, 603104, 149063, 39.1, 49.8, 1.00
M, 736110, 401569, 877988, 1011550, 419311, 123416, 603190, 149141, 39.1, 49.8, 1.00
M, 736721, 401739, 878533, 1012315, 419457, 123457, 603352, 149194, 39.1, 49.8, 1.00
M, 736833, 401865, 878572, 1012506, 419587, 123444, 603500, 149264, 39.1, 49.8, 1.00
M, 737357, 402074, 879130, 1013175, 419691, 123587, 603688, 149325, 39.1, 49.8, 1.00
M, 737581, 402192, 879572, 1013625, 419843, 123541, 603871, 149348, 39.1, 49.8, 1.00
M, 737530, 402293, 879407, 1013737, 419890, 123563, 603960, 149302, 39.1, 49.8, 1.00
M, 737856, 402409, 879892, 1014158, 420047, 123599, 604161, 149421, 39.1, 49.8, 1.00
M, 737759, 402562, 879692, 1014170, 420128, 123607, 604274, 149385, 39.1, 49.8, 1.00
M, 737852, 402640, 879531, 1014219, 420137, 123518, 604249, 149358, 39.1, 49.8, 1.00
M, 737749, 402766, 879576, 1014464, 420230, 123594, 604384, 149328, 39.1, 49.8, 1.00
M, 737831, 402730, 879704, 1014646, 420209, 123601, 604418, 149382, 39.1, 49.8, 1.00
M, 738113, 402913, 880139, 1015261, 420375, 123663, 604642, 149484, 39.1, 49.8, 1.01
M, 738363, 402972, 880533, 1015686, 420484, 123664, 604755, 149530, 39.1, 49.8, 0.99
M, 738789, 403150, 880782, 1015881, 420626, 123711, 604887, 149511, 39.1, 49.8, 1.01
M, 738643, 403250, 880799, 1016142, 420665, 123715, 604905, 149548, 39.1, 49.8, 1.00
M, 740747, 403671, 883527, 1018638, 421146, 123902, 605542, 149938, 39.1, 49.8, 1.00
M, 740314, 403780, 882822, 1018073, 421108, 123873, 605495, 149736, 39.1, 49.8, 1.00
M, 739991, 403775, 882595, 1017967, 421092, 123866, 605519, 149718, 39.1, 49.8, 1.00
M, 739461, 403739, 881874, 1017619, 421028, 123878, 605480, 149666, 39.1, 49.8, 1.01
M, 739311, 403713, 881542, 1017018, 421048, 123800, 605462, 149606, 39.1, 49.8, 0.99
M, 739014, 403603, 881059, 1016833, 421004, 123709, 605463, 149524, 39.1, 49.8, 1.00
M, 739072, 403775, 881277, 1017339, 421033, 123778, 605570, 149580, 39.1, 49.8, 1.00
M, 739473, 403851, 882095, 1018071, 421222, 123924, 605707, 149723, 39.1, 49.8, 1.01
M, 739794, 404065, 882308, 1018202, 421283, 123813, 605832, 149783, 39.1, 49.8, 1.00
M, 740311, 404143, 883089, 1019146, 421519, 123957, 606066, 149894, 39.1, 49.8, 1.00
M, 740477, 404248, 883188, 1019230, 421536, 123926, 606144, 149863, 39.1, 49.8, 1.00
M, 740616, 404301, 883195, 1019228, 421611, 123913, 606245, 149775, 39.1, 49.8, 1.00
M, 740071, 404207, 882661, 1018985, 421567, 123886, 606146, 149730, 39.1, 49.8, 1.00
M, 739116, 404155, 881540, 1017915, 421519, 123813, 606092, 149510, 39.1, 49.8, 1.00
M, 739420, 404174, 881762, 1018445, 421524, 123802, 606090, 149737, 39.1, 49.8, 1.00
M, 739937, 404343, 882510, 1018982, 421747, 123880, 606411, 149740, 39.1, 49.8, 1.01
M, 740167, 404399, 882704, 1019225, 421795, 123901, 606468, 149777, 39.1, 49.8, 0.99
M, 740744, 404498, 883393, 1020018, 421879, 123953, 606661, 149900, 39.1, 49.8, 1.00
M, 740970, 404618, 883776, 1020431, 422060, 123965, 606780, 149921, 39.1, 49.8, 1.00
M, 741220, 404680, 884216, 1020939, 422140, 124060, 606924, 150049, 39.1, 49.8, 1.00
M, 742891, 405086, 886512, 1023134, 422436, 124278, 607385, 150417, 39.1, 49.8, 1.00
M, 742724, 405271, 886142, 1022527, 422545, 124168, 607366, 150254, 39.1, 49.8, 1.00
M, 742248, 405152, 885679, 1022085, 422421, 124148, 607294, 150147, 39.1, 49.8, 0.99
M, 741829, 405144, 885164, 1021956, 422381, 124094, 607304, 150142, 39.1, 49.8, 1.00
M, 742118, 405240, 885722, 1022503, 422561, 124195, 607408, 150182, 39.1, 49.8, 1.00
M, 742323, 405315, 885981, 1022680, 422649, 124234, 607470, 150282, 39.1, 49.8, 1.00
M, 742930, 405421, 886796, 1023466, 422797, 124256, 607677, 150413, 39.1, 49.8, 1.01
M, 743047, 405545, 886972, 1023490, 422864, 124318, 607803, 150355, 39.1, 49.8, 1.00
M, 743030, 405615, 887006, 1023593, 422924, 124354, 607876, 150329, 39.1, 49.8, 1.00
M, 743291, 405776, 887550, 1024212, 422968, 124358, 607948, 150412, 39.1, 49.8, 0.99
M, 743329, 405781, 887604, 1024348, 423014, 124372, 608042, 150421, 39.1, 49.8, 1.00
M, 743504, 405876, 887924, 1024618, 423139, 124420, 608122, 150510, 39.1, 49.8, 1.00
M, 743741, 406042, 888135, 1024679, 423188, 124383, 608164, 150472, 39.1, 49.8, 1.00
M, 743523, 406101, 888228, 1024865, 423161, 124503, 608169, 150498, 39.1, 49.8, 1.00
M, 743438, 406125, 887992, 1024576, 423262, 124384, 608257, 150424, 39.1, 49.8, 1.00
M, 743410, 406110, 888269, 1024691, 423196, 124451, 608182, 150487, 39.1, 49.8, 1.00
M, 743464, 406224, 888362, 1024784, 423305, 124484, 608378, 150445, 39.1, 49.8, 0.98
M, 743432, 406164, 888298, 1024710, 423278, 124440, 608345, 150419, 39.1, 49.8, 1.00
M, 743756, 406193, 888920, 1025346, 423319, 124481, 608448, 150510, 39.1, 49.8, 1.00
M, 743695, 406160, 888973, 1025394, 423315, 124456, 608397, 150538, 39.1, 49.8, 1.00
M, 744933, 406494, 890903, 1027134, 423698, 124680, 608780, 150901, 39.1, 49.8, 1.00
M, 744827, 406618, 890730, 1026882, 423777, 124629, 608848, 150777, 39.1, 49.8, 1.00
M, 744831, 406697, 890617, 1026704, 423681, 124671, 608854, 150686, 39.1, 49.8, 1.00
M, 744553, 406693, 890389, 1026476, 423677, 124661, 608871, 150633, 39.1, 49.8, 1.01
M, 744490, 406693, 890451, 1026559, 423717, 124683, 608901, 150659, 39.1, 49.8, 1.00
M, 744698, 406729, 890956, 1026886, 423791, 124590, 608913, 150690, 39.1, 49.8, 1.00
M, 744591, 406722, 891023, 1027075, 423836, 124707, 609008, 150740, 39.1, 49.8, 1.01
M, 744876, 406778, 891413, 1027393, 423883, 124742, 609136, 150844, 39.1, 49.8, 1.00
M, 745013, 406913, 891711, 1027374, 423909, 124699, 609192, 150709, 39.1, 49.8, 1.00
M, 744871, 406885, 891577, 1027266, 423875, 124725, 609127, 150725, 39.1, 49.8, 1.00
M, 744941, 407007, 891911, 1027660, 423998, 124797, 609226, 150837, 39.1, 49.8, 1.00
M, 744819, 407047, 891954, 1027658, 423988, 124761, 609278, 150809, 39.1, 49.8, 1.00
M, 745136, 407124, 892393, 1027967, 424020, 124809, 609349, 150905, 39.1, 49.8, 1.00
M, 745237, 407135, 892351, 1027862, 424112, 124828, 609410, 150865, 39.1, 49.8, 0.99
M, 744990, 407105, 892246, 1027642, 424022, 124828, 609380, 150863, 39.1, 49.8, 1.00
M, 744788, 407180, 892191, 1027608, 424116, 124748, 609395, 150800, 39.1, 49.8, 1.00
M, 744835, 407082, 892329, 1027708, 424035, 124852, 609376, 150875, 39.1, 49.8, 0.99
M, 744954, 407208, 892795, 1028086, 424095, 124854, 609494, 151009, 39.1, 49.8, 1.00
M, 745265, 407227, 893062, 1028318, 424234, 124866, 609589, 151024, 39.1, 49.8, 1.00
M, 745416, 407243, 893494, 1028571, 424268, 124904, 609687, 150989, 39.1, 49.8, 1.00
M, 746644, 407446, 895240, 1030195, 424563, 125087, 610005, 151271, 39.1, 49.8, 1.00
M, 746164, 407531, 894697, 1029477, 424540, 125022, 609958, 151151, 39.1, 49.8, 1.00
M, 745788, 407501, 894436, 1029109, 424458, 124979, 609823, 151015, 39.1, 49.8, 1.01
M, 745227, 407457, 893907, 1028724, 424332, 124953, 609691, 150992, 39.1, 49.8, 1.00
M, 745238, 407453, 893896, 1028670, 424343, 124951, 609747, 151004, 39.1, 49.8, 1.00
M, 745019, 407353, 893740, 1028311, 424289, 124924, 609732, 150911, 39.1, 49.8, 1.00
M, 745059, 407337, 893779, 1028339, 424335, 124965, 609771, 150942, 39.1, 49.8, 1.00
M, 745235, 407433, 894248, 1028826, 424403, 124971, 609854, 151021, 39.1, 49.8, 1.00
M, 745358, 407413, 894510, 1028976, 424463, 125023, 609899, 151055, 39.1, 49.8, 1.00
M, 745581, 407548, 894888, 1029298, 424479, 125079, 609956, 151192, 39.1, 49.8, 1.00
M, 745651, 407562, 894830, 1029227, 424555, 125017, 610020, 151060, 39.1, 49.8, 1.01
M, 745594, 407539, 894957, 1029281, 424601, 125044, 610023, 151128, 39.1, 49.8, 0.99
M, 745865, 407565, 895611, 1029626, 424659, 125079, 610120, 151131, 39.1, 49.8, 1.01
M, 745896, 407604, 895697, 1029854, 424628, 125080, 610128, 151212, 39.1, 49.8, 1.00
M, 746118, 407732, 896067, 1029939, 424748, 125161, 610258, 151218, 39.1, 49.8, 0.99
M, 746139, 407737, 896120, 1029804, 424759, 125154, 610244, 151148, 39.1, 49.8, 0.99
M, 745870, 407710, 895935, 1029805, 424793, 125166, 610317, 151170, 39.1, 49.8, 0.98
M, 745763, 407624, 896102, 1029849, 424662, 125120, 610229, 151236, 39.1, 49.8, 1.00
M, 746065, 407722, 896632, 1030204, 424759, 125168, 610366, 151303, 39.1, 49.8, 1.00
M, 746279, 407784, 896968, 1030392, 424838, 125223, 610407, 151337, 39.1, 49.8, 0.99
M, 747586, 408059, 898847, 1032008, 425083, 125272, 610786, 151551, 39.1, 49.8, 0.99
M, 746943, 407979, 898011, 1031384, 425049, 125285, 610609, 151448, 39.1, 49.8, 1.01
M, 746830, 408071, 898062, 1031177, 425033, 125260, 610661, 151408, 39.1, 49.8, 0.99
M, 746185, 407921, 897365, 1030586, 424883, 125226, 610522, 151272, 39.1, 49.8, 1.01
M, 746160, 407893, 897451, 1030599, 424886, 125224, 610514, 151357, 39.1, 49.8, 0.99
M, 746509, 407927, 898120, 1031077, 425065, 125339, 610622, 151407, 39.1, 49.8, 1.00
M, 746694, 408027, 898234, 1031042, 425023, 125291, 610591, 151355, 39.1, 49.8, 1.00
M, 746352, 407988, 897904, 1030682, 425014, 125306, 610626, 151328, 39.1, 49.8, 1.00
M, 746427, 407989, 898155, 1030913, 424973, 125295, 610700, 151354, 39.1, 49.8, 0.99
M, 746599, 407990, 898639, 1031283, 425085, 125338, 610729, 151471, 39.1, 49.8, 1.01
M, 746606, 408088, 898817, 1031384, 425100, 125406, 610777, 151483, 39.1, 49.8, 1.00
M, 746818, 408135, 899084, 1031665, 425160, 125436, 610873, 151545, 39.1, 49.8, 1.00
M, 747011, 408196, 899538, 1031558, 425230, 125421, 610823, 151474, 39.1, 49.8, 1.00
M, 746935, 408137, 899454, 1031508, 425183, 125341, 610868, 151482, 39.1, 49.8, 1.00
M, 746834, 408259, 899635, 1031917, 425248, 125451, 610905, 151504, 39.1, 49.8, 1.00
M, 746693, 408249, 899274, 1031308, 425194, 125420, 610928, 151428, 39.1, 49.8, 1.00
M, 746555, 408121, 899339, 1031352, 425218, 125405, 610832, 151487, 39.1, 49.8, 1.00
M, 746448, 408186, 899502, 1031315, 425206, 125355, 610921, 151428, 39.1, 49.8, 1.00
M, 746463, 408138, 899456, 1031210, 425157, 125389, 610840, 151393, 39.1, 49.8, 1.00
M, 746746, 408195, 900004, 1031745, 425209, 125440, 610970, 151537, 39.1, 49.8, 1.00
M, 748210, 408428, 902198, 1033684, 425604, 125637, 611346, 151885, 39.1, 49.8, 1.00
M, 747684, 408496, 901572, 1032955, 425544, 125666, 611256, 151794, 39.1, 49.8, 1.00
M, 747829, 408517, 901830, 1033205, 425562, 125587, 611308, 151840, 39.1, 49.8, 1.00
M, 747815, 408635, 902130, 1033183, 425605, 125597, 611356, 151701, 39.1, 49.8, 1.00
M, 747609, 408553, 901936, 1032888, 425547, 125610, 611209, 151721, 39.1, 49.8, 1.00
M, 747497, 408419, 901752, 1032761, 425476, 125615, 611216, 151743, 39.1, 49.8, 1.01
M, 747689, 408559, 902339, 1032931, 425578, 125666, 611306, 151771, 39.1, 49.8, 1.00
M, 747619, 408497, 902353, 1033090, 425536, 125657, 611268, 151771, 39.1, 49.8, 0.99
M, 747868, 408611, 902725, 1033245, 425575, 125675, 611349, 151771, 39.1, 49.8, 1.00
M, 747606, 408590, 902646, 1033153, 425560, 125645, 611312, 151760, 39.1, 49.8, 1.00
M, 747708, 408593, 903043, 1033355, 425572, 125695, 611398, 151785, 39.1, 49.8, 1.00
M, 747506, 408629, 902818, 1033082, 425581, 125712, 611336, 151811, 39.1, 49.8, 1.00
M, 747655, 408651, 903290, 1033355, 425691, 125658, 611408, 151849, 39.1, 49.8, 1.00
M, 747786, 408599, 903302, 1033131, 425655, 125678, 611392, 151760, 39.1, 49.8, 1.00
M, 747469, 408600, 903099, 1033006, 425615, 125729, 611362, 151712, 39.1, 49.8, 1.00
M, 747639, 408662, 903415, 1033255, 425633, 125712, 611419, 151787, 39.1, 49.8, 1.00
M, 747282, 408590, 903281, 1032764, 425624, 125664, 611396, 151713, 39.1, 49.8, 1.00
M, 747201, 408531, 903234, 1032866, 425498, 125744, 611352, 151767, 39.1, 49.8, 0.99
M, 747139, 408603, 903232, 1032515, 425548, 125674, 611411, 151661, 39.1, 49.8, 1.00
M, 747117, 408525, 903347, 1032546, 425495, 125696, 611391, 151758, 39.1, 49.8, 0.99
M, 748608, 408788, 905471, 1034775, 425892, 125912, 611773, 152133, 39.1, 49.8, 1.00
M, 748068, 408862, 904984, 1033997, 425820, 125821, 611626, 151940, 39.1, 49.8, 1.00
M, 747630, 408742, 904323, 1033320, 425719, 125782, 611549, 151849, 39.1, 49.8, 1.00
M, 747325, 408681, 904314, 1033042, 425668, 125761, 611557, 151879, 39.1, 49.8, 0.99
M, 747004, 408601, 903917, 1032663, 425635, 125752, 611454, 151778, 39.1, 49.8, 1.00
M, 746625, 408453, 903464, 1032154, 425508, 125701, 611342, 151668, 39.1, 49.8, 1.00
M, 746762, 408439, 903799, 1032478, 425551, 125760, 611384, 151712, 39.1, 49.8, 1.00
M, 747181, 408515, 904511, 1033038, 425665, 125756, 611505, 151790, 39.1, 49.8, 0.99
M, 747303, 408595, 904735, 1033258, 425663, 125823, 611573, 151963, 39.1, 49.8, 0.99
M, 747747, 408668, 905348, 1033630, 425842, 125848, 611705, 151982, 39.1, 49.8, 1.00
M, 747986, 408697, 905883, 1033941, 425837, 125923, 611695, 152032, 39.1, 49.8, 1.00
M, 747779, 408660, 905729, 1033787, 425855, 125898, 611692, 152005, 39.1, 49.8, 1.00
M, 748011, 408796, 906126, 1034055, 425885, 125884, 611793, 152049, 39.1, 49.8, 1.00
M, 748010, 408792, 906315, 1033991, 425840, 125895, 611794, 152014, 39.1, 49.8, 1.00
M, 748161, 408854, 906555, 1034121, 425988, 125952, 611885, 152006, 39.1, 49.8, 1.00
M, 747982, 408766, 906296, 1033845, 425907, 125840, 611886, 152004, 39.1, 49.8, 1.00
M, 748167, 408905, 906892, 1034372, 425997, 125941, 611844, 152100, 39.1, 49.8, 1.00
M, 747787, 408825, 906324, 1033823, 425948, 125939, 611831, 152003, 39.1, 49.8, 1.00
M, 747681, 408806, 906518, 1033892, 425893, 125968, 611777, 152040, 39.1, 49.8, 1.01
M, 747647, 408823, 906532, 1033754, 425894, 125925, 611874, 151967, 39.2, 49.8, 1.01
