State, OV, Alc, H2, AC1, NH3, AC2, VOC, LP, Temp, Hud, AirFlow
A, 644201, 357397, 778183, 894556, 355406, 119421, 507570, 150083, 43.1, 48.5, 0.00
A, 633069, 354485, 762579, 880882, 352275, 117999, 504160, 147248, 43.1, 48.5, 0.56
A, 624643, 351909, 749978, 869874, 349868, 116854, 501557, 145248, 43.1, 48.5, 0.72
A, 617296, 349370, 738313, 860377, 347215, 115782, 498788, 143471, 42.8, 47.9, 0.83
A, 611631, 347594, 727723, 852870, 345300, 114875, 496912, 142120, 42.8, 47.9, 0.88
A, 608039, 346408, 719463, 847778, 344322, 114063, 496234, 141170, 42.6, 47.3, 0.93
A, 606349, 345865, 713604, 845107, 343848, 113520, 496316, 140799, 42.6, 47.3, 0.96
A, 605591, 345525, 707833, 843252, 344026, 113004, 496902, 140417, 42.5, 46.8, 0.98
A, 605514, 345417, 704621, 842838, 344106, 112712, 497351, 140395, 42.5, 46.8, 0.98
A, 606619, 345561, 700398, 842945, 344705, 112225, 498460, 140323, 42.4, 46.5, 1.00
A, 607472, 345576, 698435, 843410, 345091, 112033, 499076, 140388, 42.4, 46.5, 0.99
A, 609087, 345879, 696588, 844751, 345715, 111806, 500016, 140587, 42.4, 46.5, 0.99
A, 610540, 346185, 694524, 845926, 346420, 111619, 501037, 140652, 42.3, 46.2, 1.00
A, 612477, 346533, 693401, 847626, 347009, 111523, 502032, 140940, 42.3, 46.2, 0.99
A, 614964, 347010, 692935, 849894, 347835, 111429, 503145, 141182, 42.2, 45.9, 1.00
A, 617427, 347636, 692189, 851954, 348770, 111349, 504456, 141421, 42.2, 45.9, 1.01
A, 619594, 348139, 691540, 854168, 349584, 111339, 505515, 141596, 42.1, 45.7, 1.00
A, 621599, 348660, 691017, 856205, 350345, 111293, 506534, 141832, 42.1, 45.7, 1.01
A, 624071, 349405, 690769, 858623, 351263, 111334, 507788, 142156, 42.0, 45.5, 0.99
A, 626201, 350007, 690722, 860697, 352060, 111304, 508882, 142323, 42.0, 45.5, 1.00
A, 629925, 350992, 692456, 864721, 353171, 111479, 510240, 142857, 41.9, 45.3, 1.00
A, 631762, 351783, 691670, 866441, 354115, 111495, 511378, 142954, 41.9, 45.3, 0.99
A, 633422, 352422, 690830, 867899, 354740, 111471, 512275, 142988, 41.9, 45.1, 1.00
A, 634879, 353063, 690370, 869419, 355454, 111476, 513160, 143154, 41.9, 45.1, 1.00
A, 637059, 353831, 690711, 871778, 356322, 111574, 514284, 143350, 41.8, 45.0, 0.99
A, 639374, 354688, 690832, 873898, 357245, 111574, 515436, 143541, 41.8, 45.0, 1.01
A, 641233, 355507, 690698, 875786, 358025, 111662, 516359, 143709, 41.7, 44.9, 1.00
A, 643055, 356262, 691020, 877925, 358802, 111697, 517395, 143920, 41.7, 44.9, 0.99
A, 644906, 357255, 690625, 879735, 359733, 111740, 518532, 144040, 41.7, 44.8, 0.99
A, 646267, 357812, 690862, 881272, 360201, 111868, 519213, 144262, 41.7, 44.8, 1.01
A, 648454, 359015, 690985, 883685, 361352, 111961, 520521, 144400, 41.6, 44.7, 0.99
A, 649682, 359508, 691003, 884966, 361841, 111989, 521138, 144487, 41.6, 44.7, 1.01
A, 651496, 360343, 691543, 886955, 362511, 112093, 522056, 144681, 41.6, 44.7, 1.00
A, 653059, 361191, 691626, 888765, 363290, 112106, 522923, 144845, 41.6, 44.6, 1.01
A, 654304, 361942, 691761, 890253, 363921, 112166, 523841, 144989, 41.6, 44.6, 1.00
A, 656203, 362875, 692355, 892293, 364702, 112204, 524754, 145184, 41.5, 44.5, 1.00
A, 658003, 363767, 692732, 894061, 365485, 112323, 525725, 145229, 41.5, 44.5, 0.99
A, 659227, 364621, 692782, 895528, 366167, 112440, 526411, 145274, 41.5, 44.4, 1.00
A, 660235, 365323, 692758, 896853, 366675, 112472, 527102, 145472, 41.5, 44.4, 0.99
A, 661757, 366151, 693239, 898570, 367374, 112610, 528021, 145676, 41.4, 44.4, 1.01
A, 663973, 367039, 694789, 901414, 368201, 112809, 529039, 146004, 41.4, 44.4, 1.00
A, 665000, 367992, 694713, 902397, 368871, 112881, 529761, 146036, 41.4, 44.3, 1.00
A, 666160, 368816, 694763, 903627, 369457, 112940, 530511, 146057, 41.4, 44.3, 1.00
A, 667141, 369573, 694755, 904830, 369981, 113002, 531153, 146062, 41.3, 44.2, 1.00
A, 667880, 370194, 694685, 905942, 370441, 113051, 531766, 146176, 41.3, 44.2, 0.99
A, 669137, 371055, 695033, 907432, 371097, 113184, 532482, 146358, 41.3, 44.2, 0.99
A, 670072, 371724, 695204, 908458, 371584, 113204, 533134, 146441, 41.3, 44.2, 1.01
A, 671461, 372688, 695721, 910047, 372245, 113310, 533975, 146545, 41.3, 44.1, 0.99
A, 672066, 373335, 695646, 910950, 372670, 113383, 534450, 146581, 41.3, 44.1, 0.99
A, 673008, 374178, 695617, 912188, 373318, 113499, 535205, 146608, 41.2, 44.1, 1.01
A, 673711, 374670, 695768, 913115, 373627, 113515, 535611, 146677, 41.2, 44.1, 1.00
A, 674591, 375319, 696119, 914363, 374149, 113662, 536213, 146866, 41.2, 44.1, 1.01
A, 675516, 376027, 696364, 915537, 374660, 113708, 536825, 146943, 41.2, 44.0, 1.00
A, 676696, 376842, 696771, 916777, 375144, 113784, 537466, 146904, 41.2, 44.0, 1.00
A, 677480, 377536, 696860, 917780, 375594, 113774, 538044, 147005, 41.2, 44.0, 1.00
A, 678016, 378074, 696880, 918662, 376034, 113976, 538527, 147057, 41.2, 44.0, 1.00
A, 679115, 378717, 697262, 919904, 376532, 113989, 539052, 147182, 41.1, 44.0, 0.99
A, 679798, 379377, 697570, 920855, 376963, 114139, 539664, 147247, 41.1, 44.0, 1.00
A, 681001, 380050, 698380, 922478, 377463, 114228, 540248, 147430, 41.1, 44.0, 1.01
A, 682015, 380753, 698839, 923628, 377975, 114343, 540918, 147476, 41.1, 44.0, 1.00
A, 683984, 381611, 700630, 926191, 378620, 114523, 541626, 147784, 41.1, 44.0, 1.00
A, 684626, 382235, 700935, 927210, 379096, 114667, 542168, 147831, 41.1, 44.0, 1.00
A, 684968, 382887, 700857, 927865, 379408, 114699, 542544, 147896, 41.0, 44.0, 1.00
A, 685685, 383518, 700904, 928384, 379781, 114742, 543005, 147856, 41.0, 44.0, 0.99
A, 685893, 384065, 700741, 928956, 380128, 114817, 543407, 147828, 41.0, 43.9, 1.00
A, 686291, 384499, 700855, 929671, 380387, 114849, 543851, 147866, 41.0, 43.9, 1.01
A, 686903, 384979, 701097, 930547, 380742, 114905, 544226, 147945, 41.0, 44.0, 1.01
A, 687391, 385495, 701323, 931258, 381067, 115003, 544620, 147993, 41.0, 44.0, 0.99
A, 688141, 386220, 701515, 932215, 381555, 115122, 545170, 148022, 40.9, 44.0, 1.00
A, 688612, 386669, 701877, 932725, 381838, 115198, 545543, 148048, 40.9, 44.0, 1.00
A, 688927, 387193, 701728, 933471, 382212, 115261, 545923, 148035, 40.9, 44.0, 1.00
A, 688748, 387301, 701256, 933519, 382258, 115252, 546037, 147956, 40.9, 44.0, 1.00
A, 689397, 387749, 701513, 934278, 382490, 115243, 546434, 148034, 40.9, 44.0, 1.01
A, 689086, 388048, 700742, 933886, 382679, 115245, 546621, 147956, 40.9, 44.0, 0.99
A, 689964, 388510, 701480, 935156, 383089, 115405, 547133, 148014, 40.9, 44.0, 1.00
A, 690612, 388997, 701640, 935951, 383451, 115433, 547516, 148049, 40.9, 44.0, 1.00
A, 691092, 389397, 702046, 936800, 383740, 115508, 547978, 148122, 40.9, 44.0, 1.00
A, 691919, 389887, 702710, 938044, 384134, 115682, 548375, 148166, 40.8, 43.9, 1.00
A, 692384, 390276, 702922, 938747, 384401, 115714, 548715, 148328, 40.8, 43.9, 1.00
A, 693137, 390751, 703488, 939871, 384770, 115869, 549178, 148408, 40.8, 44.0, 1.00
A, 695189, 391463, 705605, 942145, 385376, 116003, 549850, 148785, 40.8, 44.0, 1.00
A, 694964, 391869, 705055, 942076, 385527, 116068, 550080, 148524, 40.8, 44.0, 1.00
A, 694852, 392120, 704801, 942315, 385748, 116139, 550305, 148564, 40.8, 44.0, 1.00
A, 694854, 392444, 704498, 942324, 385838, 116146, 550481, 148482, 40.7, 44.0, 1.01
A, 694838, 392650, 704310, 942590, 386040, 116129, 550700, 148479, 40.7, 44.0, 1.01
A, 695547, 393000, 704876, 943663, 386345, 116261, 551108, 148564, 40.7, 44.0, 1.01
A, 696199, 393539, 705297, 944159, 386674, 116340, 551486, 148552, 40.7, 44.0, 0.99
A, 696417, 393769, 705380, 944686, 386920, 116436, 551754, 148607, 40.7, 44.0, 1.01
A, 696788, 394079, 705670, 945562, 387223, 116536, 552031, 148652, 40.7, 44.0, 1.01
A, 697032, 394508, 705583, 945696, 387406, 116565, 552350, 148641, 40.7, 44.0, 0.99
A, 697248, 394673, 705738, 946165, 387523, 116631, 552546, 148738, 40.7, 44.0, 1.01
A, 697742, 395192, 705982, 946949, 387893, 116704, 552980, 148712, 40.6, 44.0, 1.00
A, 697924, 395383, 706172, 947301, 387996, 116783, 553132, 148705, 40.6, 44.0, 0.99
A, 698560, 395599, 706692, 948233, 388271, 116848, 553403, 148742, 40.6, 44.0, 1.01
A, 698919, 395970, 707031, 948908, 388527, 116991, 553790, 148808, 40.6, 44.0, 1.00
A, 699147, 396191, 707291, 949449, 388743, 116962, 554042, 148873, 40.6, 44.0, 1.00
A, 699828, 396633, 707746, 950241, 389069, 117094, 554336, 148955, 40.6, 44.0, 0.99
A, 700356, 396976, 708151, 950862, 389310, 117079, 554676, 148917, 40.6, 44.0, 1.00
A, 700451, 397136, 708073, 951256, 389412, 117186, 554902, 148943, 40.6, 44.1, 1.00
A, 700548, 397406, 708173, 951571, 389592, 117229, 555038, 148953, 40.6, 44.1, 0.99
A, 702388, 397878, 710137, 953822, 390031, 117432, 555669, 149352, 40.6, 44.1, 1.00
A, 702135, 398243, 709737, 953498, 390259, 117533, 555869, 149097, 40.6, 44.1, 0.99
A, 701637, 398279, 709020, 953153, 390343, 117428, 555897, 148965, 40.5, 44.1, 1.00
A, 701829, 398426, 709199, 953441, 390356, 117516, 556085, 148993, 40.5, 44.1, 1.00
A, 702195, 398751, 709645, 954273, 390637, 117602, 556284, 148992, 40.5, 44.2, 0.99
A, 702348, 398896, 709712, 954589, 390761, 117643, 556561, 149089, 40.5, 44.2, 0.99
A, 702766, 399228, 710055, 955317, 391031, 117713, 556830, 149105, 40.5, 44.2, 1.00
A, 703277, 399532, 710381, 955644, 391253, 117839, 557072, 149104, 40.5, 44.2, 1.00
A, 703293, 399612, 710367, 955895, 391351, 117866, 557250, 149072, 40.5, 44.2, 1.00
A, 703464, 399752, 710648, 956549, 391579, 117887, 557455, 149139, 40.5, 44.2, 1.00
A, 703501, 400035, 710487, 956553, 391687, 118016, 557643, 149050, 40.5, 44.2, 1.01
A, 703500, 400142, 710465, 956688, 391709, 118055, 557703, 149058, 40.5, 44.2, 0.99
A, 703789, 400381, 710475, 956970, 392053, 118040, 557994, 149037, 40.4, 44.3, 1.00
A, 703883, 400378, 710789, 957180, 392021, 118061, 558076, 149007, 40.4, 44.3, 1.00
A, 704246, 400622, 711122, 958016, 392247, 118230, 558399, 149098, 40.4, 44.3, 1.00
A, 704494, 400879, 711379, 958612, 392398, 118264, 558621, 149122, 40.4, 44.3, 1.00
A, 704872, 400974, 711546, 958833, 392582, 118295, 558772, 149176, 40.4, 44.3, 1.00
A, 705455, 401202, 712234, 959592, 392838, 118370, 559087, 149258, 40.4, 44.3, 1.00
A, 705702, 401465, 712552, 960185, 392986, 118401, 559254, 149162, 40.4, 44.3, 1.00
A, 705859, 401631, 712672, 960519, 393094, 118556, 559493, 149254, 40.4, 44.3, 0.99
A, 707214, 401923, 714257, 962357, 393522, 118625, 559892, 149445, 40.4, 44.3, 1.00
A, 707205, 402170, 714161, 962449, 393725, 118772, 560118, 149444, 40.4, 44.4, 1.00
A, 707046, 402239, 713982, 962381, 393735, 118822, 560197, 149399, 40.4, 44.4, 0.99
A, 707214, 402455, 714379, 962810, 393886, 118841, 560407, 149427, 40.4, 44.4, 1.01
A, 707455, 402710, 714550, 963214, 393989, 118866, 560519, 149330, 40.4, 44.4, 1.00
A, 707360, 402751, 714478, 963283, 394135, 118946, 560591, 149343, 40.3, 44.4, 1.00
A, 707495, 402880, 714453, 963396, 394241, 118978, 560815, 149347, 40.3, 44.4, 1.00
A, 707739, 402934, 714761, 963794, 394399, 118998, 560980, 149337, 40.3, 44.4, 1.00
A, 707789, 403236, 714817, 963886, 394515, 119124, 561161, 149278, 40.3, 44.4, 1.00
A, 707666, 403137, 714722, 963842, 394582, 119127, 561256, 149251, 40.3, 44.5, 0.99
A, 708025, 403339, 715225, 964499, 394750, 119109, 561404, 149253, 40.3, 44.5, 1.01
A, 707770, 403440, 714853, 964428, 394785, 119211, 561570, 149209, 40.3, 44.5, 1.01
A, 707835, 403433, 714945, 964694, 394846, 119264, 561589, 149286, 40.3, 44.5, 1.00
A, 707827, 403641, 714816, 964577, 394989, 119307, 561807, 149168, 40.3, 44.5, 1.00
A, 707874, 403550, 714802, 964686, 395040, 119328, 561830, 149107, 40.3, 44.5, 1.00
A, 708088, 403678, 715372, 965526, 395151, 119388, 562038, 149266, 40.3, 44.5, 1.01
A, 708395, 403818, 715490, 965738, 395311, 119436, 562230, 149207, 40.3, 44.6, 1.00
A, 708698, 403868, 715781, 966237, 395472, 119466, 562358, 149268, 40.3, 44.6, 1.00
A, 709117, 404139, 716321, 966792, 395603, 119510, 562628, 149328, 40.2, 44.6, 1.01
A, 709502, 404233, 716604, 967105, 395795, 119568, 562816, 149332, 40.2, 44.6, 1.00
A, 710816, 404536, 718279, 968800, 396182, 119780, 563207, 149584, 40.2, 44.6, 0.99
A, 710582, 404742, 718129, 968861, 396248, 119838, 563336, 149511, 40.2, 44.6, 1.00
A, 710270, 404636, 717637, 968597, 396271, 119893, 563339, 149414, 40.2, 44.7, 0.99
A, 710060, 404681, 717269, 968347, 396215, 119777, 563313, 149344, 40.2, 44.7, 1.00
A, 710129, 404765, 717628, 968616, 396397, 119856, 563508, 149356, 40.2, 44.7, 0.99
A, 709971, 404835, 717410, 968590, 396413, 119848, 563554, 149240, 40.2, 44.7, 1.00
A, 710113, 404907, 717649, 968932, 396455, 119958, 563685, 149291, 40.2, 44.7, 1.00
A, 710677, 404991, 718175, 969679, 396685, 120031, 563949, 149319, 40.2, 44.7, 1.00
A, 710767, 405118, 718464, 970015, 396784, 120111, 564083, 149393, 40.2, 44.7, 1.02
A, 711128, 405312, 718783, 970571, 397016, 120170, 564348, 149430, 40.2, 44.7, 1.01
A, 711432, 405445, 719079, 970661, 397126, 120219, 564415, 149368, 40.2, 44.8, 1.00
A, 711545, 405398, 719355, 971012, 397116, 120252, 564547, 149374, 40.2, 44.8, 1.00
A, 711469, 405580, 719154, 971105, 397315, 120294, 564695, 149371, 40.1, 44.8, 1.02
A, 711666, 405614, 719414, 971412, 397347, 120261, 564726, 149367, 40.1, 44.8, 1.00
A, 712029, 405761, 719990, 972020, 397500, 120396, 564934, 149401, 40.1, 44.8, 1.00
A, 712318, 405864, 720372, 972482, 397634, 120518, 565152, 149423, 40.1, 44.8, 0.99
A, 712633, 405998, 720772, 972861, 397827, 120507, 565342, 149439, 40.1, 44.8, 1.00
A, 712748, 406071, 720908, 972959, 397952, 120634, 565423, 149424, 40.1, 44.8, 1.01
A, 712774, 406174, 720993, 973374, 397993, 120703, 565550, 149408, 40.1, 44.8, 1.01
A, 713135, 406168, 721484, 973869, 398152, 120686, 565724, 149528, 40.1, 44.9, 0.99
A, 714486, 406602, 723106, 975604, 398483, 120859, 566095, 149845, 40.1, 44.9, 0.99
A, 714513, 406818, 723071, 975501, 398621, 120945, 566245, 149784, 40.1, 44.9, 1.00
A, 713941, 406787, 722640, 975099, 398556, 120950, 566111, 149590, 40.1, 44.9, 1.00
A, 713397, 406665, 722209, 974701, 398533, 120990, 566114, 149462, 40.1, 45.0, 1.00
A, 713400, 406658, 722293, 974791, 398537, 120968, 566203, 149403, 40.1, 45.0, 1.00
A, 713909, 406738, 722810, 975392, 398716, 121044, 566362, 149513, 40.0, 45.0, 0.99
A, 714075, 406819, 722906, 975436, 398761, 121068, 566482, 149527, 40.0, 45.0, 1.00
A, 714062, 406844, 722967, 975482, 398821, 121060, 566565, 149441, 40.0, 45.0, 1.00
A, 713912, 406877, 723172, 975826, 398875, 121145, 566604, 149461, 40.0, 45.0, 1.00
A, 714199, 406956, 723534, 976269, 399000, 121209, 566770, 149520, 40.0, 45.1, 1.00
A, 714306, 407081, 723535, 976314, 399075, 121277, 566850, 149519, 40.0, 45.1, 1.01
A, 714595, 407201, 724130, 976748, 399270, 121292, 567062, 149514, 40.0, 45.1, 1.00
A, 714615, 407269, 723997, 976849, 399289, 121357, 567127, 149499, 40.0, 45.1, 1.00
A, 714586, 407366, 724229, 976903, 399389, 121449, 567198, 149464, 40.0, 45.1, 1.00
A, 714641, 407258, 724401, 977093, 399422, 121463, 567282, 149398, 40.0, 45.1, 0.99
A, 714924, 407296, 724845, 977702, 399529, 121525, 567415, 149562, 40.0, 45.1, 0.99
A, 715099, 407428, 725120, 978004, 399673, 121600, 567552, 149571, 40.0, 45.2, 1.00
A, 715284, 407514, 725453, 978059, 399728, 121597, 567643, 149526, 40.0, 45.2, 1.00
A, 715234, 407507, 725338, 978116, 399767, 121675, 567714, 149454, 40.0, 45.2, 1.00
A, 715068, 407530, 725308, 978290, 399845, 121714, 567811, 149457, 40.0, 45.2, 1.01
A, 716696, 407799, 727489, 980365, 400127, 121919, 568227, 149794, 40.0, 45.2, 1.00
A, 716303, 407925, 727053, 979848, 400322, 121890, 568266, 149675, 40.0, 45.2, 1.01
A, 716118, 407876, 726954, 979765, 400182, 121942, 568247, 149599, 40.0, 45.2, 1.00
A, 716337, 407934, 727003, 979747, 400296, 121971, 568387, 149534, 40.0, 45.2, 1.00
A, 716160, 407963, 727126, 979761, 400359, 122012, 568389, 149492, 39.9, 45.2, 1.01
A, 716032, 407931, 727195, 979938, 400373, 122020, 568366, 149557, 39.9, 45.2, 1.00
A, 716186, 407871, 727482, 980263, 400539, 122086, 568623, 149554, 39.9, 45.3, 1.00
A, 716340, 408032, 727627, 980390, 400563, 122122, 568631, 149540, 39.9, 45.3, 1.00
A, 716737, 408094, 728243, 980880, 400672, 122159, 568779, 149659, 39.9, 45.3, 1.00
A, 716843, 408212, 728532, 981137, 400791, 122222, 568915, 149600, 39.9, 45.3, 1.00
A, 716625, 408188, 728466, 981054, 400738, 122268, 568900, 149497, 39.9, 45.4, 1.02
A, 716866, 408234, 728846, 981328, 400812, 122279, 569018, 149549, 39.9, 45.4, 1.00
A, 716596, 408305, 728642, 981161, 400884, 122351, 569053, 149490, 39.9, 45.4, 0.99
A, 716455, 408199, 728247, 980729, 400902, 122332, 569061, 149444, 39.9, 45.4, 0.99
A, 716224, 408211, 728388, 980901, 400946, 122327, 569100, 149333, 39.9, 45.4, 0.99
A, 716276, 408074, 728535, 981046, 400926, 122405, 569119, 149374, 39.9, 45.4, 1.00
A, 716532, 408249, 728997, 981567, 400998, 122433, 569258, 149447, 39.9, 45.4, 1.00
A, 716907, 408274, 729297, 981911, 401164, 122535, 569386, 149500, 39.9, 45.5, 0.99
A, 717043, 408345, 729587, 982018, 401215, 122548, 569519, 149431, 39.9, 45.5, 1.00
A, 717056, 408344, 729792, 982342, 401262, 122537, 569596, 149527, 39.9, 45.5, 1.00
A, 718855, 408673, 732081, 984532, 401750, 122865, 570114, 149863, 39.9, 45.5, 1.00
A, 718614, 408792, 731766, 984066, 401726, 122809, 570098, 149713, 39.8, 45.5, 1.00
A, 718512, 408769, 731955, 984314, 401761, 122853, 570212, 149742, 39.8, 45.5, 1.00
A, 718322, 408840, 731939, 984268, 401827, 122858, 570139, 149667, 39.8, 45.5, 1.00
A, 718359, 408742, 731917, 983848, 401800, 122844, 570149, 149422, 39.8, 45.5, 1.01
A, 717819, 408673, 731522, 983551, 401754, 122898, 570115, 149499, 39.8, 45.6, 1.00
A, 717711, 408686, 731541, 983665, 401773, 122897, 570130, 149469, 39.8, 45.6, 1.01
A, 717832, 408712, 731821, 984012, 401848, 122959, 570241, 149470, 39.8, 45.6, 0.99
A, 717929, 408678, 732031, 984030, 401866, 123055, 570295, 149456, 39.8, 45.6, 1.00
A, 714709, 408253, 728169, 979818, 401337, 122685, 569666, 148638, 39.8, 45.7, 1.00
A, 712032, 407144, 724815, 976875, 400529, 122404, 568911, 148200, 39.8, 45.7, 0.99
A, 713350, 407168, 726407, 978375, 400843, 122516, 569335, 148473, 39.8, 45.7, 1.00
A, 714594, 407451, 727890, 980100, 401188, 122678, 569773, 148794, 39.8, 45.7, 1.00
A, 715168, 407636, 728617, 980904, 401495, 122761, 570128, 148916, 39.8, 45.7, 1.00
A, 715721, 407626, 729203, 981629, 401527, 122864, 570197, 149027, 39.8, 45.7, 1.00
A, 716624, 407887, 730301, 982605, 401942, 122951, 570516, 149061, 39.8, 45.8, 1.00
A, 717055, 407839, 730790, 983224, 401908, 122996, 570650, 149139, 39.8, 45.8, 1.01
A, 717812, 408066, 731552, 984080, 402151, 123090, 570865, 149286, 39.8, 45.8, 1.01
A, 718320, 408225, 732238, 984719, 402379, 123159, 571063, 149331, 39.8, 45.8, 1.00
A, 718660, 408262, 732947, 985423, 402505, 123254, 571275, 149421, 39.8, 45.8, 1.00
A, 720512, 408744, 735250, 987937, 402962, 123514, 571730, 149829, 39.7, 45.8, 1.01
A, 720480, 408962, 735258, 987566, 403072, 123486, 571784, 149589, 39.7, 45.8, 1.00
A, 719984, 408890, 734733, 987111, 402942, 123505, 571737, 149455, 39.7, 45.8, 1.01
A, 719555, 408782, 734339, 986778, 402899, 123507, 571583, 149410, 39.7, 45.8, 0.99
A, 719456, 408849, 734538, 986900, 402984, 123508, 571660, 149451, 39.7, 45.9, 1.01
A, 719753, 408814, 734996, 987253, 403060, 123629, 571768, 149450, 39.7, 45.9, 1.01
A, 720226, 408977, 735699, 987966, 403152, 123647, 571966, 149550, 39.7, 45.9, 1.00
A, 720519, 409134, 736102, 988268, 403319, 123711, 572103, 149545, 39.7, 45.9, 1.00
A, 720516, 409179, 736346, 988271, 403374, 123738, 572173, 149531, 39.7, 45.9, 1.01
A, 720397, 409255, 736462, 988406, 403422, 123823, 572216, 149513, 39.7, 45.9, 1.01
A, 720690, 409295, 736884, 988855, 403538, 123933, 572314, 149536, 39.7, 45.9, 1.01
A, 720910, 409361, 737186, 988874, 403599, 123953, 572418, 149466, 39.7, 45.9, 1.01
A, 720771, 409397, 737125, 988742, 403655, 123980, 572394, 149468, 39.7, 46.0, 1.00
A, 720816, 409452, 737478, 989264, 403647, 124006, 572507, 149515, 39.7, 46.0, 1.00
A, 720576, 409512, 737344, 988702, 403754, 124100, 572556, 149411, 39.7, 46.0, 1.00
A, 720589, 409414, 737580, 989101, 403675, 124038, 572502, 149457, 39.7, 46.0, 1.00
A, 720532, 409518, 737677, 989055, 403818, 124132, 572667, 149449, 39.7, 46.0, 1.00
A, 720751, 409455, 737868, 989003, 403755, 124108, 572656, 149418, 39.7, 46.0, 1.01
A, 720901, 409535, 738369, 989699, 403931, 124222, 572785, 149480, 39.7, 46.0, 1.00
A, 721039, 409563, 738709, 989834, 403944, 124243, 572801, 149497, 39.7, 46.0, 1.00
A, 722145, 409758, 740220, 991482, 404200, 124419, 573170, 149775, 39.7, 46.0, 0.99
A, 722162, 409931, 740278, 991247, 404262, 124470, 573222, 149745, 39.7, 46.1, 1.00
A, 721678, 409889, 740077, 990684, 404213, 124414, 573133, 149531, 39.7, 46.1, 1.00
A, 721084, 409667, 739429, 990055, 404114, 124424, 572984, 149436, 39.6, 46.1, 0.99
A, 720989, 409622, 739522, 990161, 404063, 124325, 573039, 149423, 39.6, 46.1, 1.01
A, 721400, 409735, 740193, 990500, 404232, 124544, 573199, 149561, 39.6, 46.2, 0.99
A, 721349, 409794, 740446, 990759, 404285, 124595, 573270, 149523, 39.6, 46.2, 1.00
A, 721730, 409891, 740938, 991222, 404408, 124594, 573336, 149631, 39.6, 46.2, 0.99
A, 721909, 409953, 741295, 991440, 404473, 124686, 573444, 149499, 39.6, 46.2, 1.00
A, 721709, 409916, 741306, 991229, 404459, 124641, 573442, 149539, 39.6, 46.2, 0.99
A, 721757, 409965, 741575, 991537, 404520, 124743, 573490, 149572, 39.6, 46.2, 1.00
A, 721814, 409980, 741722, 991544, 404539, 124795, 573645, 149517, 39.6, 46.2, 1.00
A, 722132, 410056, 742167, 991741, 404625, 124806, 573664, 149525, 39.6, 46.2, 1.00
A, 721712, 409949, 741864, 991306, 404597, 124799, 573570, 149408, 39.6, 46.2, 0.99
A, 721872, 409931, 742166, 991642, 404607, 124802, 573654, 149473, 39.6, 46.2, 1.00
A, 721551, 409899, 742042, 991343, 404625, 124841, 573671, 149402, 39.6, 46.3, 1.00
A, 721504, 409854, 742146, 991548, 404641, 124863, 573681, 149452, 39.6, 46.3, 1.00
A, 721463, 409902, 742165, 991236, 404716, 124885, 573765, 149339, 39.6, 46.3, 1.01
A, 721505, 409847, 742405, 991386, 404710, 124932, 573700, 149364, 39.6, 46.3, 1.00
A, 721664, 409820, 742853, 991898, 404791, 124991, 573836, 149429, 39.6, 46.3, 1.00
A, 723102, 410140, 744677, 993727, 405115, 125192, 574221, 149717, 39.6, 46.3, 1.00
A, 722724, 410214, 744297, 993000, 405087, 125125, 574191, 149614, 39.6, 46.3, 1.01
A, 722754, 410211, 744716, 993267, 405141, 125235, 574243, 149543, 39.6, 46.4, 1.01
A, 722744, 410226, 744849, 993266, 405207, 125164, 574289, 149559, 39.6, 46.4, 1.00
A, 722731, 410218, 744760, 993048, 405150, 125239, 574298, 149548, 39.5, 46.4, 1.01
A, 722657, 410199, 745017, 993342, 405160, 125287, 574323, 149473, 39.5, 46.4, 1.00
A, 722884, 410200, 745404, 993560, 405286, 125333, 574406, 149504, 39.5, 46.4, 1.00
A, 722686, 410244, 745453, 993634, 405281, 125366, 574477, 149596, 39.5, 46.4, 1.01
A, 723112, 410241, 746068, 993998, 405339, 125466, 574537, 149688, 39.5, 46.5, 1.00
A, 723116, 410321, 746280, 993995, 405429, 125465, 574616, 149563, 39.5, 46.5, 1.00
A, 722956, 410246, 746210, 993846, 405370, 125474, 574604, 149488, 39.5, 46.5, 1.00
A, 723065, 410298, 746458, 994012, 405438, 125538, 574634, 149595, 39.5, 46.5, 1.01
A, 722929, 410297, 746712, 994074, 405452, 125527, 574680, 149522, 39.5, 46.5, 1.00
A, 723061, 410331, 747006, 994342, 405487, 125579, 574704, 149614, 39.5, 46.5, 1.00
A, 723124, 410353, 746990, 994127, 405515, 125596, 574747, 149529, 39.5, 46.5, 1.00
A, 722913, 410281, 747126, 994116, 405472, 125591, 574737, 149371, 39.5, 46.5, 1.00
A, 722685, 410264, 747076, 993969, 405570, 125659, 574835, 149420, 39.5, 46.6, 1.00
A, 722673, 410209, 747177, 994144, 405563, 125624, 574751, 149507, 39.5, 46.6, 1.00
A, 723034, 410240, 747739, 994355, 405629, 125723, 574877, 149505, 39.5, 46.6, 1.01
A, 723165, 410253, 748065, 994705, 405626, 125774, 574860, 149507, 39.5, 46.6, 1.00
A, 724575, 410593, 750092, 996569, 406034, 125993, 575305, 149847, 39.5, 46.6, 1.00
A, 724058, 410640, 749452, 995622, 405950, 125933, 575299, 149634, 39.5, 46.6, 1.01
A, 723439, 410415, 749018, 995178, 405850, 125873, 575151, 149486, 39.5, 46.6, 1.00
A, 723209, 410310, 748861, 994857, 405808, 125940, 575122, 149456, 39.5, 46.7, 1.00
A, 722682, 410204, 748463, 994435, 405750, 125866, 574972, 149349, 39.5, 46.7, 1.00
A, 722870, 410262, 748666, 994550, 405758, 125864, 575027, 149423, 39.5, 46.7, 1.01
A, 722931, 410201, 749128, 994747, 405737, 125928, 575088, 149393, 39.5, 46.7, 1.00
A, 723061, 410163, 749233, 994838, 405797, 125962, 575181, 149414, 39.5, 46.7, 0.99
A, 723039, 410152, 749406, 994822, 405809, 126007, 575158, 149432, 39.5, 46.7, 1.01
A, 723366, 410242, 750076, 995410, 405989, 126100, 575340, 149439, 39.4, 46.7, 1.00
A, 723519, 410272, 750270, 995385, 406075, 126153, 575354, 149454, 39.4, 46.7, 1.00
A, 723423, 410215, 750353, 995301, 406002, 126154, 575340, 149400, 39.4, 46.8, 1.00
A, 723332, 410226, 750558, 995627, 406082, 126172, 575471, 149447, 39.4, 46.8, 1.01
A, 723656, 410259, 750982, 995853, 406155, 126182, 575453, 149459, 39.4, 46.8, 0.99
A, 723503, 410221, 751060, 995953, 406137, 126293, 575591, 149474, 39.4, 46.8, 1.00
A, 723887, 410334, 751601, 995894, 406235, 126302, 575677, 149473, 39.4, 46.8, 1.00
A, 723775, 410283, 751665, 996068, 406224, 126315, 575647, 149442, 39.4, 46.8, 1.00
A, 723483, 410262, 751435, 995728, 406209, 126312, 575653, 149357, 39.4, 46.9, 1.00
A, 723543, 410236, 751674, 995868, 406179, 126309, 575622, 149395, 39.4, 46.9, 1.00
A, 723850, 410275, 752263, 996418, 406337, 126432, 575758, 149448, 39.4, 46.9, 1.00
A, 725292, 410568, 754060, 998194, 406578, 126579, 576130, 149832, 39.4, 46.9, 1.00
A, 724745, 410665, 753613, 997257, 406637, 126537, 576012, 149540, 39.4, 46.9, 1.01
A, 724122, 410515, 753026, 996464, 406483, 126471, 575915, 149414, 39.4, 46.9, 1.00
A, 723610, 410339, 752659, 996225, 406392, 126463, 575834, 149368, 39.4, 46.9, 1.00
A, 723542, 410245, 752656, 996289, 406413, 126466, 575845, 149316, 39.4, 46.9, 1.00
A, 723649, 410222, 752868, 996167, 406368, 126463, 575855, 149375, 39.4, 46.9, 0.99
A, 724115, 410263, 753659, 996758, 406505, 126582, 575973, 149442, 39.4, 47.0, 1.00
A, 724155, 410376, 753960, 997010, 406630, 126659, 576092, 149453, 39.4, 47.0, 1.00
A, 724145, 410390, 754034, 996925, 406638, 126628, 576111, 149351, 39.4, 47.0, 0.99
A, 724080, 410332, 754100, 997031, 406624, 126671, 576089, 149419, 39.4, 47.0, 1.00
A, 724426, 410333, 754631, 997440, 406737, 126743, 576248, 149440, 39.4, 47.0, 1.00
A, 724326, 410358, 754719, 997559, 406730, 126777, 576217, 149517, 39.4, 47.0, 1.01
A, 724653, 410492, 754358, 996533, 406784, 126781, 576282, 149486, 39.4, 47.0, 0.99
A, 724232, 410358, 755070, 997340, 406772, 126783, 576277, 149366, 39.4, 47.0, 1.00
A, 722968, 409921, 753699, 995877, 406481, 126692, 575971, 149154, 39.4, 47.1, 1.00
A, 723402, 410014, 754146, 996372, 406543, 126686, 576070, 149168, 39.4, 47.1, 1.00
A, 723594, 410088, 754524, 996559, 406665, 126790, 576213, 149230, 39.4, 47.1, 1.00
A, 723697, 410020, 754681, 996653, 406688, 126758, 576223, 149205, 39.4, 47.1, 1.00
A, 723611, 410098, 754750, 996443, 406798, 126809, 576320, 149267, 39.4, 47.1, 1.00
A, 723613, 410015, 754968, 996820, 406716, 126767, 576297, 149236, 39.4, 47.1, 1.01
A, 725231, 410245, 757212, 998812, 407129, 127074, 576741, 149608, 39.4, 47.1, 1.01
A, 724980, 410379, 756802, 998386, 407112, 126998, 576692, 149506, 39.3, 47.1, 1.00
A, 724689, 410347, 756469, 997693, 407064, 127016, 576617, 149320, 39.3, 47.1, 1.00
A, 724428, 410200, 756601, 997813, 407056, 127055, 576607, 149379, 39.3, 47.2, 1.00
A, 724818, 410324, 757188, 998441, 407202, 127074, 576738, 149414, 39.3, 47.2, 1.00
A, 724898, 410272, 757497, 998471, 407165, 127132, 576798, 149364, 39.3, 47.2, 1.00
A, 724756, 410147, 757450, 998440, 407133, 127165, 576758, 149384, 39.3, 47.2, 1.01
A, 725226, 410304, 758183, 998977, 407255, 127239, 576912, 149458, 39.3, 47.2, 1.00
A, 725246, 410346, 758197, 998731, 407287, 127155, 576893, 149343, 39.3, 47.2, 1.00
A, 725129, 410366, 758364, 998655, 407299, 127276, 576907, 149363, 39.3, 47.2, 1.01
A, 725355, 410391, 758788, 999213, 407387, 127227, 576946, 149389, 39.3, 47.2, 1.00
A, 725227, 410367, 758847, 999229, 407369, 127312, 577053, 149378, 39.3, 47.2, 1.01
A, 725494, 410384, 759310, 999352, 407417, 127250, 577100, 149499, 39.3, 47.2, 1.00
A, 725587, 410422, 759676, 999519, 407570, 127431, 577096, 149518, 39.3, 47.3, 1.00
A, 725750, 410509, 759960, 999818, 407560, 127450, 577196, 149476, 39.3, 47.3, 1.00
A, 725514, 410499, 760042, 999668, 407588, 127483, 577244, 149460, 39.3, 47.3, 1.02
A, 725813, 410525, 760559, 1000098, 407627, 127512, 577336, 149459, 39.3, 47.3, 1.00
A, 725551, 410529, 760338, 999537, 407631, 127479, 577265, 149450, 39.3, 47.3, 1.00
A, 725418, 410423, 760342, 999652, 407613, 127523, 577279, 149437, 39.3, 47.3, 1.00
A, 725501, 410578, 760718, 999631, 407691, 127566, 577356, 149409, 39.3, 47.3, 0.99
A, 726444, 410607, 762118, 1000961, 407848, 127647, 577456, 149616, 39.3, 47.3, 1.00
A, 726490, 410736, 762297, 1001106, 407923, 127745, 577573, 149639, 39.3, 47.3, 1.00
A, 726406, 410748, 762321, 1000978, 407966, 127735, 577601, 149571, 39.3, 47.4, 0.99
A, 726336, 410704, 762530, 1000976, 407916, 127763, 577531, 149543, 39.3, 47.4, 1.00
A, 726510, 410783, 762896, 1001252, 407992, 127838, 577701, 149610, 39.3, 47.4, 1.00
A, 726496, 410797, 763102, 1001064, 407996, 127780, 577746, 149554, 39.3, 47.4, 1.00
A, 726242, 410680, 763036, 1000779, 408003, 127827, 577644, 149459, 39.3, 47.4, 1.00
A, 726291, 410722, 763302, 1001071, 408003, 127864, 577713, 149552, 39.3, 47.4, 1.00
A, 726139, 410688, 763288, 1000948, 407975, 127888, 577640, 149533, 39.3, 47.4, 0.99
A, 726182, 410680, 763503, 1000742, 407976, 127891, 577677, 149448, 39.3, 47.4, 1.00
A, 725961, 410623, 763395, 1000480, 407880, 127794, 577588, 149380, 39.2, 47.5, 1.00
A, 725591, 410584, 763403, 1000546, 407915, 127900, 577578, 149349, 39.2, 47.5, 1.01
A, 725964, 410633, 763803, 1000805, 407973, 127924, 577701, 149438, 39.2, 47.5, 1.00
A, 725985, 410647, 764013, 1000803, 407969, 127919, 577727, 149450, 39.2, 47.5, 1.00
A, 726247, 410685, 764561, 1001253, 408061, 128033, 577821, 149508, 39.2, 47.5, 1.00
A, 726340, 410765, 764672, 1000998, 408137, 127964, 577819, 149417, 39.2, 47.5, 1.01
A, 726108, 410676, 764734, 1000849, 408114, 128016, 577788, 149355, 39.2, 47.5, 1.00
A, 726163, 410703, 765125, 1001205, 408148, 128108, 577859, 149500, 39.2, 47.5, 1.00
A, 725814, 410662, 764800, 1000748, 408109, 128076, 577835, 149339, 39.2, 47.5, 1.01
A, 725837, 410468, 764796, 1000692, 408068, 128070, 577763, 149366, 39.2, 47.5, 1.00
M, 719287, 409524, 756700, 991955, 406714, 127180, 575981, 147474, 39.2, 47.6, 0.68
M, 712878, 407614, 748464, 983510, 404730, 126309, 573635, 145919, 39.2, 47.6, 0.55
M, 705670, 405213, 739168, 974273, 402327, 125380, 571053, 144387, 39.2, 47.6, 0.72
M, 699574, 402982, 730914, 966319, 400268, 124494, 568758, 143042, 39.3, 47.6, 0.82
M, 694780, 401030, 723955, 959795, 398509, 123741, 567089, 142187, 39.3, 47.6, 0.89
M, 691632, 399593, 718555, 955315, 397296, 123150, 566031, 141519, 39.3, 47.4, 0.93
M, 689127, 398184, 713624, 951184, 396207, 122494, 565209, 140844, 39.3, 47.4, 0.95
M, 687420, 397089, 709619, 948171, 395539, 122010, 564772, 140389, 39.3, 47.3, 0.97
M, 686205, 396132, 706326, 946330, 395098, 121641, 564577, 140088, 39.3, 47.3, 0.98
M, 686229, 395448, 704128, 945395, 394918, 121366, 564644, 139958, 39.2, 47.2, 0.98
M, 686060, 394779, 702266, 944749, 394876, 121096, 564809, 139798, 39.2, 47.2, 1.00
M, 686586, 394247, 700882, 944817, 394935, 120918, 565151, 139823, 39.2, 47.1, 0.99
M, 687185, 393709, 699449, 944827, 395055, 120706, 565619, 139701, 39.2, 47.1, 0.98
M, 687689, 393222, 698338, 945288, 395258, 120594, 566014, 139664, 39.2, 47.1, 1.00
M, 688279, 392794, 697358, 945839, 395456, 120457, 566440, 139715, 39.2, 47.1, 1.00
M, 689175, 392468, 696691, 946722, 395715, 120345, 566917, 139779, 39.2, 47.1, 1.00
M, 690738, 392299, 696562, 947936, 396192, 120242, 567658, 139859, 39.2, 47.1, 1.00
M, 691532, 392047, 696003, 948790, 396525, 120157, 568228, 139861, 39.2, 47.1, 1.00
M, 692637, 391832, 695952, 950308, 397021, 120202, 568826, 140034, 39.2, 47.1, 0.99
M, 693790, 391684, 695500, 951201, 397395, 120086, 569530, 140040, 39.2, 47.1, 1.00
M, 695489, 391673, 696607, 953600, 397955, 120268, 570249, 140401, 39.2, 47.1, 1.00
M, 696294, 391752, 695623, 954268, 398530, 120147, 570929, 140355, 39.2, 47.1, 1.00
M, 696748, 391511, 695183, 954623, 398702, 120094, 571302, 140258, 39.2, 47.1, 1.00
M, 697983, 391517, 695661, 956446, 399222, 120137, 571947, 140427, 39.2, 47.1, 1.00
M, 699199, 391566, 695865, 957877, 399729, 120206, 572630, 140526, 39.2, 47.1, 1.00
M, 700081, 391592, 696012, 959123, 400124, 120211, 573231, 140650, 39.2, 47.1, 1.00
M, 701630, 391794, 696517, 960710, 400707, 120180, 574003, 140870, 39.2, 47.1, 1.00
M, 702855, 391973, 696916, 962314, 401278, 120290, 574738, 140906, 39.2, 47.1, 1.00
M, 703758, 392158, 697038, 963489, 401756, 120377, 575347, 140987, 39.2, 47.1, 1.00
M, 704693, 392341, 697307, 964748, 402188, 120378, 575855, 141020, 39.2, 47.1, 1.00
M, 705997, 392558, 697882, 966399, 402725, 120417, 576554, 141200, 39.2, 47.1, 0.99
M, 706606, 392627, 697896, 967394, 403095, 120468, 577099, 141262, 39.2, 47.1, 1.00
M, 707869, 393054, 698545, 968997, 403650, 120508, 577787, 141435, 39.2, 47.1, 1.00
M, 709081, 393288, 699018, 970294, 404196, 120525, 578421, 141491, 39.2, 47.1, 1.00
M, 709890, 393510, 699211, 971457, 404655, 120605, 578953, 141503, 39.2, 47.1, 1.00
M, 710700, 393856, 699578, 972732, 405058, 120693, 579509, 141610, 39.2, 47.1, 1.00
M, 711561, 394062, 699769, 973769, 405424, 120695, 580028, 141701, 39.2, 47.1, 1.00
M, 712619, 394354, 700505, 975151, 405887, 120816, 580603, 141796, 39.2, 47.1, 1.00
M, 713574, 394760, 700597, 976230, 406413, 120866, 581167, 141909, 39.1, 47.1, 0.99
M, 714164, 394930, 700933, 977193, 406807, 120898, 581594, 141888, 39.1, 47.1, 1.00
M, 716251, 395541, 702823, 980015, 407541, 121103, 582502, 142285, 39.1, 47.2, 0.99
M, 716391, 395806, 702506, 980320, 407829, 121057, 582770, 142164, 39.1, 47.2, 1.00
M, 716816, 396121, 702346, 980865, 408134, 121034, 583246, 142068, 39.1, 47.2, 1.00
M, 717256, 396261, 702320, 981398, 408383, 121091, 583521, 142093, 39.1, 47.2, 1.00
M, 717682, 396482, 702614, 982469, 408663, 121150, 583911, 142202, 39.1, 47.2, 1.01
M, 718272, 396738, 702917, 983378, 409037, 121166, 584351, 142199, 39.1, 47.2, 1.00
M, 718834, 397007, 703154, 983979, 409345, 121196, 584698, 142257, 39.1, 47.2, 1.00
M, 719704, 397316, 703634, 985262, 409738, 121265, 585289, 142423, 39.1, 47.2, 1.00
M, 720351, 397666, 703835, 985894, 410106, 121307, 585678, 142419, 39.1, 47.2, 0.99
M, 720747, 397879, 703768, 986399, 410347, 121297, 585980, 142474, 39.1, 47.2, 1.00
M, 721129, 398139, 704151, 987473, 410651, 121426, 586323, 142444, 39.1, 47.2, 1.00
M, 721947, 398443, 704796, 988538, 410975, 121442, 586804, 142552, 39.1, 47.2, 0.99
M, 722423, 398741, 704930, 989331, 411253, 121537, 587176, 142663, 39.1, 47.2, 1.00
M, 723265, 399035, 705558, 990371, 411653, 121599, 587580, 142753, 39.1, 47.3, 1.00
M, 723903, 399313, 705964, 991221, 411982, 121628, 588015, 142759, 39.1, 47.3, 1.00
M, 724202, 399701, 706186, 991877, 412219, 121695, 588288, 142770, 39.1, 47.3, 1.00
M, 724807, 399872, 706669, 992758, 412540, 121729, 588605, 142835, 39.1, 47.3, 1.00
M, 725262, 400125, 706930, 993719, 412799, 121774, 588956, 142909, 39.1, 47.3, 1.00
M, 725715, 400363, 707220, 994419, 413073, 121818, 589288, 142952, 39.1, 47.3, 1.00
M, 726374, 400777, 707486, 994915, 413391, 121798, 589614, 142958, 39.1, 47.3, 1.01
M, 727785, 401152, 709267, 997190, 413849, 122021, 590224, 143190, 39.1, 47.3, 1.00
M, 727457, 401453, 708624, 996925, 414070, 121999, 590432, 143116, 39.1, 47.4, 1.00
M, 727295, 401466, 708275, 996792, 414077, 122017, 590470, 143068, 39.1, 47.4, 1.00
M, 727582, 401605, 708480, 997390, 414280, 121993, 590722, 143063, 39.1, 47.4, 1.00
M, 727624, 401844, 708468, 997654, 414420, 122062, 590989, 143058, 39.1, 47.4, 1.00
M, 727978, 402080, 708508, 997905, 414635, 122003, 591208, 142979, 39.1, 47.4, 1.00
M, 728308, 402139, 708668, 998505, 414822, 122029, 591461, 143116, 39.1, 47.4, 1.01
M, 728552, 402378, 709008, 999249, 415004, 122145, 591746, 143131, 39.1, 47.4, 1.00
M, 729315, 402589, 709818, 1000317, 415324, 122190, 592080, 143219, 39.1, 47.4, 1.00
M, 729742, 402828, 710025, 1000882, 415580, 122256, 592392, 143271, 39.1, 47.4, 1.00
M, 730524, 403149, 710785, 1001981, 415901, 122308, 592779, 143386, 39.1, 47.4, 1.00
M, 730958, 403386, 711248, 1002676, 416154, 122407, 593017, 143408, 39.1, 47.4, 0.99
M, 731151, 403616, 711428, 1003124, 416342, 122450, 593258, 143395, 39.1, 47.4, 1.00
M, 731611, 403855, 711955, 1003779, 416527, 122485, 593477, 143473, 39.1, 47.4, 1.00
M, 731822, 404020, 711930, 1004053, 416782, 122548, 593715, 143475, 39.1, 47.5, 0.99
M, 732232, 404228, 712313, 1004707, 416987, 122553, 593965, 143509, 39.1, 47.5, 1.00
M, 732467, 404395, 712353, 1004908, 417077, 122537, 594200, 143485, 39.1, 47.5, 1.00
M, 732772, 404532, 712961, 1005867, 417316, 122699, 594389, 143544, 39.1, 47.5, 1.00
M, 732801, 404617, 712995, 1006132, 417435, 122644, 594549, 143499, 39.1, 47.5, 1.01
M, 733248, 404824, 713342, 1006639, 417563, 122736, 594818, 143616, 39.1, 47.5, 1.00
M, 734915, 405353, 715327, 1008896, 418115, 122894, 595340, 143858, 39.1, 47.5, 1.00
M, 734616, 405469, 714913, 1008470, 418175, 122860, 595489, 143757, 39.1, 47.5, 1.00
M, 734091, 405621, 714224, 1007981, 418197, 122820, 595550, 143627, 39.1, 47.5, 1.00
M, 733899, 405543, 714147, 1008010, 418196, 122886, 595522, 143630, 39.1, 47.5, 1.00
M, 734277, 405708, 714697, 1008823, 418376, 122902, 595773, 143745, 39.1, 47.5, 1.01
M, 734677, 405825, 715141, 1009452, 418547, 123036, 596050, 143810, 39.1, 47.5, 1.00
M, 735227, 406094, 715500, 1009731, 418853, 123029, 596254, 143812, 39.1, 47.5, 1.00
M, 735233, 406224, 715570, 1010032, 418894, 123030, 596451, 143754, 39.1, 47.6, 1.00
M, 735179, 406269, 715756, 1010424, 419022, 123048, 596586, 143779, 39.1, 47.6, 1.00
M, 735662, 406361, 716194, 1010962, 419143, 123135, 596738, 143831, 39.1, 47.6, 1.00
M, 735923, 406588, 716568, 1011342, 419311, 123177, 596931, 143856, 39.1, 47.6, 1.01
M, 736407, 406777, 717133, 1012299, 419548, 123200, 597234, 143939, 39.0, 47.6, 1.00
M, 736730, 406986, 717363, 1012463, 419740, 123308, 597459, 143971, 39.0, 47.6, 0.99
M, 736926, 407077, 717606, 1012774, 419860, 123300, 597557, 143961, 39.1, 47.6, 0.99
M, 736940, 407166, 717814, 1013238, 419931, 123321, 597705, 143997, 39.1, 47.6, 1.00
M, 737384, 407333, 718405, 1013916, 420131, 123370, 597961, 144035, 39.0, 47.6, 1.00
M, 737431, 407462, 718527, 1014241, 420289, 123482, 598090, 144082, 39.0, 47.6, 1.00
M, 738102, 407664, 719229, 1014901, 420478, 123488, 598296, 144221, 39.0, 47.6, 1.00
M, 738280, 407799, 719637, 1015259, 420613, 123566, 598488, 144106, 39.0, 47.6, 1.00
M, 738356, 407917, 719673, 1015514, 420722, 123580, 598609, 144145, 39.0, 47.7, 1.00
M, 739568, 408141, 721357, 1017206, 421034, 123752, 598985, 144361, 39.0, 47.7, 1.00
M, 738930, 408337, 720635, 1016493, 421087, 123704, 599032, 144198, 39.0, 47.7, 1.00
M, 738857, 408263, 720621, 1016662, 421086, 123776, 599008, 144180, 39.0, 47.7, 1.00
M, 738761, 408430, 720563, 1016468, 421243, 123753, 599166, 144088, 39.0, 47.7, 1.01
M, 738755, 408431, 720641, 1016576, 421203, 123728, 599182, 144125, 39.0, 47.7, 1.00
M, 738989, 408519, 721004, 1017108, 421297, 123797, 599362, 144220, 39.0, 47.7, 1.00
M, 739065, 408648, 721302, 1017488, 421449, 123844, 599575, 144219, 39.0, 47.7, 1.00
M, 739452, 408684, 721658, 1017760, 421587, 123875, 599648, 144262, 39.0, 47.7, 1.00
M, 739981, 408940, 722467, 1018715, 421780, 123953, 599919, 144360, 39.0, 47.7, 1.00
M, 740243, 409010, 722830, 1018982, 421876, 123978, 600087, 144381, 39.0, 47.7, 1.00
M, 740335, 409121, 723061, 1019098, 421952, 124024, 600167, 144364, 39.0, 47.7, 1.00
M, 740328, 409146, 723134, 1019405, 422044, 124040, 600257, 144411, 39.0, 47.7, 1.01
M, 740647, 409320, 723781, 1019965, 422120, 124095, 600459, 144449, 39.0, 47.8, 1.00
M, 740842, 409357, 723979, 1019910, 422237, 124109, 600476, 144334, 39.0, 47.8, 1.01
M, 740870, 409461, 724015, 1020123, 422356, 124150, 600590, 144384, 39.0, 47.8, 1.00
M, 740927, 409486, 724202, 1020478, 422405, 124157, 600695, 144398, 39.0, 47.8, 1.00
M, 740785, 409578, 724382, 1020654, 422483, 124195, 600780, 144402, 39.0, 47.9, 1.00
M, 741199, 409640, 724807, 1020952, 422584, 124225, 600953, 144455, 39.0, 47.9, 1.00
M, 741229, 409739, 725141, 1021289, 422666, 124337, 601059, 144480, 39.0, 47.9, 1.00
M, 741588, 409936, 725631, 1021626, 422801, 124373, 601232, 144493, 39.0, 47.9, 1.01
M, 742810, 410198, 727054, 1023111, 423127, 124486, 601627, 144713, 39.0, 47.9, 1.00
M, 742482, 410239, 726920, 1022956, 423191, 124505, 601653, 144649, 39.0, 47.9, 1.00
M, 741645, 410221, 726122, 1022002, 423113, 124425, 601525, 144491, 39.0, 47.9, 1.00
M, 741330, 410024, 725810, 1021778, 423006, 124437, 601456, 144413, 39.0, 47.9, 1.00
M, 741001, 410012, 725631, 1021404, 423046, 124404, 601580, 144367, 39.0, 48.0, 1.00
M, 740787, 409990, 725421, 1021263, 422970, 124355, 601416, 144249, 39.0, 48.0, 1.00
M, 741297, 410000, 726015, 1021922, 423105, 124491, 601722, 144410, 39.0, 48.0, 1.00
M, 741583, 410113, 726609, 1022381, 423248, 124536, 601829, 144487, 39.0, 48.0, 1.00
M, 741819, 410184, 727113, 1022930, 423354, 124539, 601926, 144594, 39.0, 48.0, 0.99
M, 742324, 410230, 727697, 1023476, 423542, 124630, 602153, 144654, 39.0, 48.0, 1.00
M, 742758, 410441, 728274, 1024040, 423730, 124689, 602344, 144541, 39.0, 48.0, 0.99
M, 742754, 410434, 728500, 1024083, 423765, 124630, 602380, 144624, 39.0, 48.0, 1.00
M, 742678, 410545, 728529, 1024330, 423857, 124715, 602457, 144623, 39.0, 48.0, 1.01
M, 743101, 410668, 729184, 1024866, 423915, 124814, 602663, 144767, 39.0, 48.0, 1.00
M, 743048, 410686, 729220, 1024802, 423985, 124817, 602702, 144674, 39.0, 48.0, 1.00
M, 743154, 410730, 729611, 1025196, 424033, 124831, 602756, 144689, 39.0, 48.0, 1.00
M, 743615, 410783, 730030, 1025511, 424249, 124823, 602979, 144782, 39.0, 48.0, 1.00
M, 743615, 410892, 730342, 1025557, 424245, 124881, 603045, 144727, 39.0, 48.1, 1.00
M, 743870, 411005, 730794, 1026203, 424357, 124988, 603191, 144805, 39.0, 48.1, 1.01
M, 743889, 411025, 731012, 1026390, 424430, 124986, 603301, 144851, 38.9, 48.1, 1.00
M, 745687, 411428, 733096, 1028332, 424901, 125161, 603723, 145071, 38.9, 48.1, 1.00
M, 745061, 411436, 732537, 1027533, 424812, 125099, 603668, 144963, 38.9, 48.1, 1.01
M, 744521, 411373, 732177, 1027318, 424820, 125139, 603616, 144874, 38.9, 48.1, 1.00
M, 743932, 411386, 731564, 1026354, 424726, 125097, 603585, 144738, 38.9, 48.1, 1.00
M, 743891, 411255, 731782, 1026662, 424685, 125102, 603551, 144733, 38.9, 48.1, 1.00
M, 743825, 411475, 731943, 1026709, 424783, 125134, 603747, 144755, 38.9, 48.1, 1.00
M, 744038, 411299, 732060, 1026683, 424820, 125108, 603706, 144731, 38.9, 48.1, 1.01
M, 744213, 411411, 732644, 1027373, 424952, 125206, 603798, 144837, 38.9, 48.1, 1.00
M, 744414, 411476, 733054, 1027676, 424979, 125182, 603982, 144824, 38.9, 48.2, 1.01
M, 744531, 411505, 733280, 1027908, 425032, 125262, 603979, 144891, 38.9, 48.2, 1.00
M, 745020, 411604, 733891, 1028445, 425129, 125288, 604163, 144899, 38.9, 48.2, 0.99
M, 745382, 411776, 734397, 1028671, 425277, 125393, 604282, 144980, 38.9, 48.2, 1.00
M, 745269, 411736, 734536, 1028700, 425351, 125354, 604336, 144948, 38.9, 48.1, 1.00
M, 745296, 411748, 734664, 1028886, 425395, 125374, 604364, 144952, 38.9, 48.1, 1.00
M, 745678, 411900, 735235, 1029317, 425508, 125425, 604504, 145023, 38.9, 48.2, 1.00
M, 745635, 411919, 735473, 1029482, 425532, 125570, 604560, 145084, 38.9, 48.2, 1.00
M, 745991, 412085, 736093, 1030107, 425684, 125560, 604728, 145102, 38.9, 48.2, 1.00
M, 746235, 412087, 736580, 1030349, 425743, 125557, 604806, 145075, 38.9, 48.2, 1.01
M, 746152, 412117, 736586, 1030209, 425789, 125605, 604824, 145123, 38.9, 48.2, 0.99
M, 746230, 412169, 736869, 1030477, 425850, 125674, 604900, 145159, 38.9, 48.2, 1.00
M, 747529, 412477, 738675, 1032282, 426127, 125857, 605267, 145399, 38.9, 48.2, 1.00
M, 747268, 412618, 738515, 1031687, 426166, 125832, 605315, 145219, 38.9, 48.2, 1.00
M, 746477, 412435, 737879, 1030976, 426095, 125799, 605193, 145127, 38.9, 48.2, 1.01
M, 746396, 412414, 737838, 1030758, 425968, 125693, 605107, 145129, 38.9, 48.2, 1.00
M, 746289, 412375, 738043, 1030809, 426099, 125832, 605176, 145158, 38.9, 48.2, 1.00
M, 746181, 412377, 738128, 1030914, 426028, 125846, 605187, 145076, 38.9, 48.2, 1.00
M, 746144, 412413, 738202, 1030658, 426122, 125802, 605286, 145045, 38.9, 48.3, 1.00
M, 746157, 412289, 738357, 1030643, 426046, 125867, 605252, 145042, 38.9, 48.3, 1.00
M, 746242, 412397, 738804, 1031164, 426203, 125881, 605324, 145139, 38.9, 48.3, 0.99
M, 746263, 412405, 738975, 1031286, 426177, 126012, 605396, 145102, 38.9, 48.3, 1.00
M, 746483, 412459, 739276, 1031315, 426293, 125985, 605481, 145176, 38.9, 48.3, 0.99
M, 746806, 412583, 739929, 1031815, 426387, 126050, 605616, 145214, 38.9, 48.3, 1.00
M, 746798, 412592, 740105, 1031888, 426455, 126050, 605682, 145207, 38.9, 48.3, 1.00
M, 746890, 412618, 740220, 1031884, 426527, 126053, 605689, 145150, 38.9, 48.3, 1.00
M, 746767, 412597, 740405, 1032090, 426451, 126073, 605717, 145199, 38.9, 48.3, 1.00
M, 746975, 412595, 740950, 1032408, 426572, 126169, 605806, 145234, 38.9, 48.3, 1.00
M, 746940, 412648, 741025, 1032496, 426590, 126133, 605827, 145261, 38.9, 48.3, 1.00
M, 747438, 412749, 741645, 1032927, 426732, 126177, 605998, 145362, 38.9, 48.3, 1.00
M, 747552, 412833, 742106, 1033151, 426787, 126242, 606110, 145286, 38.9, 48.3, 1.00
M, 747497, 412839, 742177, 1033106, 426804, 126216, 606074, 145257, 38.9, 48.3, 0.99
M, 748669, 413021, 743806, 1034714, 427044, 126370, 606429, 145621, 38.9, 48.3, 1.00
M, 748827, 413206, 744297, 1034863, 427223, 126503, 606524, 145504, 38.9, 48.4, 1.00
M, 748585, 413171, 744185, 1034722, 427171, 126505, 606499, 145499, 38.9, 48.4, 1.00
M, 748676, 413272, 744417, 1034619, 427260, 126556, 606518, 145490, 38.9, 48.4, 1.00
M, 748256, 413123, 744397, 1034471, 427042, 126444, 606489, 145379, 38.9, 48.4, 1.00
M, 747926, 413204, 744173, 1034121, 427147, 126494, 606458, 145375, 38.9, 48.4, 1.00
M, 747785, 413055, 744218, 1034026, 427058, 126462, 606418, 145389, 38.9, 48.4, 0.99
M, 747629, 413202, 744257, 1033735, 427191, 126500, 606490, 145322, 38.9, 48.4, 1.00
M, 747578, 413071, 744292, 1033549, 427050, 126476, 606437, 145281, 38.9, 48.4, 1.00
M, 747686, 413012, 744601, 1033965, 427095, 126544, 606460, 145323, 38.9, 48.4, 1.00
M, 747725, 413075, 744864, 1033948, 427129, 126468, 606503, 145335, 38.9, 48.4, 0.99
M, 747661, 413060, 745143, 1034107, 427131, 126588, 606553, 145323, 38.9, 48.4, 1.00
M, 748042, 413138, 745811, 1034606, 427232, 126730, 606650, 145478, 38.9, 48.4, 1.00
M, 748173, 413173, 745943, 1034346, 427291, 126643, 606703, 145329, 38.9, 48.4, 1.00
M, 747463, 412964, 745440, 1033751, 427188, 126609, 606526, 145225, 38.9, 48.5, 1.00
M, 746069, 412604, 744005, 1032241, 426906, 126484, 606284, 145013, 38.9, 48.5, 1.00
M, 746649, 412711, 744771, 1033065, 426988, 126593, 606471, 145159, 38.9, 48.5, 1.00
M, 746979, 412714, 745339, 1033295, 427065, 126583, 606581, 145289, 38.9, 48.5, 1.00
M, 747529, 412871, 746095, 1034074, 427300, 126674, 606789, 145333, 38.8, 48.5, 1.00
M, 747725, 412886, 746584, 1034269, 427406, 126716, 606853, 145371, 38.8, 48.5, 1.00
M, 749228, 413113, 748282, 1035999, 427747, 126822, 607207, 145681, 38.8, 48.5, 1.00
M, 748951, 413251, 748361, 1035985, 427698, 126878, 607246, 145560, 38.8, 48.5, 0.99
M, 748360, 413153, 747919, 1035297, 427586, 126820, 607179, 145475, 38.8, 48.5, 1.00
M, 748135, 413126, 747916, 1035154, 427625, 126889, 607089, 145496, 38.8, 48.5, 1.00
M, 747960, 413036, 747664, 1034690, 427579, 126827, 607076, 145327, 38.8, 48.5, 1.00
M, 747947, 412968, 747975, 1034836, 427573, 126876, 607083, 145409, 38.8, 48.5, 1.00
M, 747997, 413042, 748181, 1034818, 427632, 126868, 607176, 145411, 38.8, 48.5, 1.01
M, 748059, 413026, 748468, 1034988, 427611, 126982, 607188, 145416, 38.8, 48.5, 1.00
M, 748439, 413122, 749147, 1035692, 427752, 126960, 607298, 145550, 38.8, 48.5, 1.00
M, 748724, 413067, 749566, 1035864, 427861, 127039, 607371, 145572, 38.8, 48.5, 1.00
M, 748797, 413178, 749998, 1035945, 427918, 126997, 607401, 145446, 38.8, 48.5, 1.00
M, 748891, 413225, 750139, 1036028, 427912, 127045, 607498, 145545, 38.8, 48.6, 1.00
M, 748750, 413156, 750291, 1036214, 427871, 127053, 607484, 145585, 38.8, 48.6, 1.00
M, 749075, 413300, 750801, 1036614, 428010, 127209, 607590, 145600, 38.8, 48.6, 1.00
M, 749178, 413310, 751049, 1036519, 428050, 127162, 607701, 145678, 38.8, 48.6, 1.00
M, 749172, 413342, 751319, 1036713, 428053, 127160, 607663, 145614, 38.8, 48.6, 1.00
M, 749229, 413387, 751752, 1036865, 428132, 127252, 607716, 145683, 38.8, 48.6, 1.00
M, 749321, 413342, 751863, 1036786, 428166, 127178, 607733, 145579, 38.8, 48.6, 1.00
M, 749355, 413333, 752346, 1037235, 428188, 127251, 607843, 145699, 38.8, 48.6, 1.01
M, 749427, 413342, 752498, 1037288, 428237, 127265, 607823, 145652, 38.8, 48.7, 1.01
M, 750609, 413661, 754201, 1038909, 428505, 127513, 608119, 146000, 38.8, 48.7, 0.99
M, 750272, 413745, 753861, 1037972, 428498, 127397, 608112, 145696, 38.8, 48.7, 1.00
M, 749529, 413526, 753356, 1037424, 428314, 127398, 608006, 145654, 38.8, 48.7, 1.01
M, 749120, 413436, 753224, 1037159, 428215, 127397, 607864, 145628, 38.8, 48.7, 1.00
M, 749497, 413515, 753735, 1037378, 428377, 127453, 607949, 145721, 38.8, 48.7, 1.00
M, 749402, 413483, 753854, 1037225, 428370, 127420, 608014, 145628, 38.8, 48.7, 1.00
M, 749291, 413480, 753908, 1037247, 428309, 127472, 607963, 145664, 38.8, 48.7, 1.01
M, 749144, 413473, 754073, 1037006, 428383, 127435, 608048, 145609, 38.8, 48.7, 1.00
M, 749086, 413405, 754217, 1037151, 428337, 127491, 608017, 145616, 38.8, 48.7, 1.00
M, 749292, 413431, 754634, 1037594, 428470, 127519, 608094, 145735, 38.8, 48.7, 1.00
M, 749396, 413490, 755021, 1037675, 428460, 127569, 608151, 145768, 38.8, 48.7, 1.00
M, 749704, 413546, 755473, 1037691, 428488, 127577, 608218, 145754, 38.8, 48.7, 1.00
M, 749443, 413431, 755356, 1037478, 428455, 127561, 608159, 145648, 38.8, 48.7, 1.00
M, 749268, 413408, 755571, 1037637, 428471, 127573, 608139, 145715, 38.8, 48.7, 1.00
M, 749590, 413454, 755978, 1037895, 428516, 127623, 608223, 145765, 38.8, 48.7, 1.00
M, 749544, 413467, 756276, 1037998, 428562, 127594, 608266, 145736, 38.8, 48.7, 1.00
M, 749885, 413595, 756902, 1038455, 428614, 127732, 608453, 145821, 38.8, 48.7, 1.01
M, 750162, 413588, 757161, 1038248, 428726, 127699, 608457, 145820, 38.8, 48.7, 1.00
M, 750027, 413578, 757336, 1038201, 428707, 127715, 608367, 145731, 38.8, 48.8, 1.00
M, 749787, 413500, 757400, 1038398, 428683, 127759, 608434, 145747, 38.8, 48.8, 1.00
A, 756325, 414596, 765286, 1046321, 429969, 128647, 609874, 147449, 38.8, 48.8, 0.00
A, 766906, 417133, 779393, 1060880, 432655, 130049, 612399, 149846, 38.8, 48.8, 0.61
A, 773688, 419338, 788665, 1070052, 434260, 131078, 614006, 151315, 38.9, 48.8, 0.77
A, 778515, 421209, 795561, 1076592, 435456, 131865, 615010, 152210, 38.9, 48.8, 0.84
A, 782439, 422924, 801969, 1082062, 436559, 132644, 616039, 152987, 38.8, 48.8, 0.90
A, 784862, 424360, 806579, 1085668, 437333, 133249, 616747, 153505, 38.8, 48.8, 0.94
A, 786865, 425776, 810885, 1088865, 437990, 133796, 617207, 153945, 38.8, 48.8, 0.96
A, 787866, 427082, 814198, 1090523, 438365, 134268, 617548, 154108, 38.8, 48.8, 0.98
A, 788216, 427948, 816707, 1091413, 438565, 134635, 617508, 154194, 38.8, 48.8, 0.98
A, 788261, 428824, 818841, 1092161, 438664, 134953, 617496, 154410, 38.8, 48.8, 0.99
A, 787818, 429607, 820628, 1091677, 438628, 135247, 617242, 154294, 38.8, 48.8, 1.00
A, 787208, 430129, 821833, 1091415, 438498, 135493, 616962, 154286, 38.8, 48.8, 0.99
A, 785950, 430705, 822952, 1090468, 438179, 135672, 616435, 154203, 38.8, 48.8, 1.00
A, 785289, 430968, 823720, 1089849, 438013, 135761, 616065, 154169, 38.8, 48.8, 0.99
A, 784574, 431313, 824984, 1089424, 437789, 135989, 615758, 154242, 38.8, 48.8, 1.00
A, 783482, 431557, 825600, 1088139, 437441, 136070, 615251, 154169, 38.8, 48.9, 1.00
A, 782397, 431685, 826269, 1087249, 437124, 136261, 614725, 154114, 38.8, 48.9, 0.99
A, 781699, 432046, 827467, 1085990, 436772, 136371, 614265, 154000, 38.8, 48.9, 1.00
A, 780420, 432045, 827809, 1085032, 436381, 136405, 613685, 153968, 38.8, 48.9, 1.00
A, 779404, 432156, 828479, 1083884, 436004, 136549, 613203, 153943, 38.8, 48.9, 1.00
A, 779435, 432310, 830291, 1084043, 435823, 136751, 612949, 154112, 38.8, 48.9, 1.00
A, 778124, 432335, 830452, 1082454, 435475, 136789, 612338, 153881, 38.8, 49.0, 1.00
A, 776202, 432090, 830014, 1080078, 434859, 136742, 611607, 153675, 38.8, 49.0, 1.00
A, 774610, 431836, 829463, 1078019, 434262, 136671, 610920, 153434, 38.8, 49.0, 1.00
A, 772854, 431614, 829181, 1076248, 433752, 136609, 610231, 153284, 38.8, 49.0, 1.00
A, 772128, 431386, 829892, 1075403, 433401, 136734, 609774, 153277, 38.8, 49.0, 1.00
A, 771082, 431226, 830068, 1074232, 433000, 136717, 609367, 153334, 38.8, 49.0, 1.00
A, 770674, 431048, 830792, 1073411, 432669, 136775, 608895, 153324, 38.8, 49.0, 1.00
A, 769735, 430903, 831207, 1072179, 432255, 136782, 608376, 153203, 38.8, 49.0, 1.00
A, 768615, 430592, 831210, 1070836, 431850, 136784, 607866, 153087, 38.8, 49.0, 1.00
A, 768026, 430430, 831707, 1070071, 431545, 136836, 607514, 153076, 38.8, 49.0, 1.00
A, 766683, 430155, 831594, 1068316, 431146, 136845, 606960, 152960, 38.8, 49.1, 1.00
A, 765960, 429864, 831702, 1067523, 430734, 136887, 606580, 152930, 38.8, 49.1, 1.00
A, 764875, 429556, 831965, 1065880, 430314, 136831, 606092, 152799, 38.8, 49.1, 1.00
A, 764253, 429277, 832102, 1065240, 430007, 136797, 605599, 152756, 38.8, 49.1, 1.00
A, 763680, 429004, 832331, 1064515, 429665, 136821, 605288, 152766, 38.8, 49.1, 1.00
A, 762910, 428734, 832578, 1063555, 429361, 136864, 604838, 152747, 38.8, 49.1, 1.00
A, 762349, 428403, 832918, 1062502, 429067, 136869, 604623, 152777, 38.8, 49.1, 1.00
A, 762078, 428307, 833551, 1062218, 428929, 136912, 604262, 152706, 38.8, 49.1, 0.99
A, 761308, 427993, 833942, 1061233, 428546, 136927, 603821, 152657, 38.8, 49.1, 1.00
A, 761904, 427906, 835541, 1061728, 428470, 136973, 603787, 152871, 38.8, 49.2, 1.00
A, 760850, 427718, 835325, 1060491, 428227, 137023, 603395, 152729, 38.8, 49.2, 1.00
A, 759644, 427349, 834725, 1058892, 427758, 136938, 602843, 152507, 38.8, 49.2, 1.01
A, 758545, 426838, 834173, 1056987, 427294, 136789, 602306, 152382, 38.8, 49.2, 0.99
A, 757747, 426467, 834182, 1056168, 426961, 136861, 601964, 152306, 38.8, 49.2, 1.00
A, 757065, 426136, 834242, 1055479, 426731, 136758, 601608, 152179, 38.8, 49.2, 0.99
A, 756675, 425923, 834629, 1054942, 426523, 136799, 601405, 152236, 38.8, 49.2, 1.00
A, 756314, 425695, 834879, 1054096, 426254, 136843, 601157, 152320, 38.8, 49.2, 1.00
A, 756085, 425446, 835463, 1053985, 426144, 136906, 600900, 152273, 38.8, 49.2, 1.00
A, 755368, 425167, 835387, 1052800, 425866, 136815, 600562, 152207, 38.8, 49.2, 0.99
A, 754844, 424851, 835330, 1051884, 425581, 136775, 600207, 152096, 38.8, 49.3, 1.00
A, 754538, 424603, 835840, 1051691, 425370, 136822, 600029, 152161, 38.8, 49.3, 1.00
A, 753556, 424346, 835368, 1050392, 425130, 136793, 599630, 152079, 38.8, 49.3, 1.02
A, 753155, 423940, 835549, 1049958, 424887, 136789, 599387, 152071, 38.8, 49.3, 1.00
A, 752704, 423760, 835730, 1048969, 424677, 136728, 599145, 151940, 38.7, 49.3, 1.00
A, 752040, 423357, 835178, 1047979, 424426, 136658, 598741, 151756, 38.7, 49.3, 1.00
A, 751580, 423140, 835311, 1047328, 424075, 136610, 598517, 151837, 38.7, 49.3, 1.00
A, 751382, 422836, 835769, 1046968, 423994, 136658, 598316, 151834, 38.7, 49.3, 1.02
A, 751050, 422618, 836028, 1046665, 423807, 136694, 598149, 151831, 38.7, 49.3, 1.00
A, 751166, 422515, 836892, 1046685, 423793, 136767, 598100, 151929, 38.7, 49.3, 1.00
A, 752462, 422528, 839148, 1047923, 423885, 136914, 598168, 152186, 38.7, 49.3, 1.00
A, 751826, 422434, 838925, 1047085, 423701, 136909, 597902, 152043, 38.7, 49.4, 1.00
A, 751278, 422165, 838881, 1046568, 423541, 136895, 597742, 152062, 38.7, 49.4, 1.00
A, 750807, 422023, 838902, 1045894, 423394, 136875, 597435, 152040, 38.7, 49.3, 1.00
A, 750430, 421805, 838878, 1045087, 423121, 136886, 597202, 151928, 38.7, 49.3, 1.00
A, 750203, 421668, 839201, 1044793, 423018, 136880, 597091, 151949, 38.7, 49.3, 1.00
A, 749825, 421429, 839282, 1044232, 422883, 136912, 596828, 151904, 38.7, 49.3, 1.00
A, 749275, 421168, 839136, 1043325, 422627, 136756, 596558, 151794, 38.7, 49.4, 1.00
A, 748428, 420833, 838659, 1042348, 422312, 136761, 596217, 151684, 38.7, 49.4, 1.00
A, 748038, 420609, 838737, 1041779, 422143, 136732, 596022, 151689, 38.7, 49.4, 1.01
A, 748072, 420474, 839203, 1041256, 422082, 136723, 595914, 151595, 38.7, 49.4, 1.01
A, 747467, 420216, 839078, 1040675, 421825, 136635, 595671, 151558, 38.7, 49.4, 1.01
A, 747286, 420007, 839318, 1040659, 421771, 136697, 595489, 151575, 38.7, 49.4, 1.01
A, 746693, 419827, 838962, 1039490, 421580, 136599, 595298, 151510, 38.7, 49.4, 1.01
A, 746431, 419504, 839150, 1039140, 421358, 136638, 595135, 151455, 38.7, 49.4, 1.00
A, 745624, 419307, 838619, 1038157, 421154, 136597, 594836, 151366, 38.7, 49.5, 1.00
A, 745344, 418923, 838528, 1037587, 420960, 136527, 594663, 151352, 38.7, 49.5, 1.00
A, 745301, 418844, 838943, 1037614, 420833, 136503, 594515, 151312, 38.7, 49.5, 1.00
A, 745265, 418745, 839328, 1037495, 420758, 136485, 594415, 151337, 38.7, 49.5, 1.00
A, 745051, 418576, 839171, 1036669, 420647, 136498, 594210, 151354, 38.7, 49.5, 1.00
A, 746334, 418654, 841698, 1038760, 420924, 136791, 594541, 151750, 38.7, 49.5, 1.00
A, 745712, 418555, 841125, 1037464, 420752, 136665, 594239, 151464, 38.7, 49.5, 1.00
A, 744806, 418223, 840418, 1036329, 420511, 136586, 593995, 151297, 38.7, 49.5, 1.00
A, 744104, 417982, 839789, 1035438, 420276, 136437, 593729, 151244, 38.7, 49.5, 1.00
A, 743892, 417751, 839963, 1035099, 420071, 136477, 593571, 151222, 38.7, 49.5, 1.00
A, 743784, 417582, 840231, 1035021, 420032, 136463, 593461, 151257, 38.7, 49.5, 1.00
A, 744125, 417573, 840978, 1035309, 420019, 136526, 593458, 151366, 38.7, 49.5, 1.00
A, 744192, 417509, 841407, 1035053, 419986, 136465, 593368, 151243, 38.7, 49.5, 1.00
A, 743954, 417365, 841480, 1034759, 419871, 136483, 593248, 151286, 38.7, 49.5, 1.00
A, 743926, 417276, 841724, 1034796, 419832, 136542, 593200, 151384, 38.7, 49.5, 1.00
A, 743679, 417163, 841841, 1034409, 419716, 136598, 593120, 151304, 38.7, 49.5, 1.00
A, 743580, 417021, 842112, 1034220, 419687, 136515, 592934, 151246, 38.7, 49.5, 1.00
A, 743616, 416940, 842429, 1033910, 419629, 136539, 592905, 151287, 38.7, 49.6, 1.00
A, 743267, 416813, 842446, 1033679, 419465, 136488, 592725, 151252, 38.7, 49.6, 1.00
A, 742960, 416707, 842500, 1033117, 419365, 136462, 592611, 151223, 38.7, 49.6, 1.00
A, 742762, 416493, 842530, 1032947, 419206, 136489, 592447, 151183, 38.7, 49.6, 1.00
A, 742488, 416382, 842444, 1032208, 419182, 136407, 592341, 151103, 38.7, 49.6, 0.99
A, 742348, 416193, 842519, 1031904, 418999, 136383, 592181, 151005, 38.7, 49.6, 1.00
A, 742298, 416137, 842954, 1032100, 419009, 136446, 592097, 151096, 38.7, 49.6, 0.99
A, 742223, 416026, 843186, 1031958, 418898, 136431, 592075, 151154, 38.7, 49.6, 1.00
A, 743305, 416201, 844824, 1033261, 419140, 136583, 592201, 151424, 38.7, 49.6, 1.00
A, 742632, 416118, 844424, 1032218, 418994, 136508, 592091, 151328, 38.7, 49.6, 1.01
A, 741988, 415958, 843805, 1031301, 418832, 136420, 591883, 151127, 38.7, 49.6, 1.00
A, 741633, 415781, 843834, 1030914, 418666, 136395, 591711, 151091, 38.7, 49.6, 1.00
A, 741561, 415648, 844075, 1030853, 418529, 136338, 591527, 151062, 38.7, 49.6, 1.00
A, 741071, 415434, 843725, 1030207, 418369, 136314, 591369, 150992, 38.7, 49.6, 1.00
A, 741015, 415380, 843864, 1030171, 418421, 136387, 591331, 151103, 38.7, 49.6, 0.99
A, 741352, 415354, 844668, 1030485, 418403, 136403, 591382, 151157, 38.7, 49.6, 1.00
A, 741491, 415342, 845168, 1030331, 418383, 136465, 591358, 151117, 38.7, 49.6, 1.00
A, 741316, 415114, 845184, 1030089, 418276, 136409, 591232, 151090, 38.7, 49.7, 0.99
A, 741375, 415156, 845435, 1030067, 418245, 136384, 591153, 151176, 38.7, 49.7, 1.00
A, 741206, 415059, 845773, 1030023, 418200, 136404, 591087, 151144, 38.7, 49.7, 1.00
A, 741257, 415084, 846091, 1030068, 418122, 136460, 591051, 151144, 38.7, 49.7, 1.00
A, 740854, 414883, 845926, 1029402, 418093, 136409, 590909, 151068, 38.7, 49.7, 1.00
A, 740812, 414782, 846093, 1029266, 417978, 136395, 590782, 151017, 38.7, 49.7, 1.00
A, 740466, 414711, 845939, 1028769, 417963, 136398, 590705, 150950, 38.7, 49.7, 1.00
A, 740250, 414672, 846012, 1028686, 417846, 136389, 590650, 151045, 38.7, 49.7, 1.00
A, 739849, 414496, 845834, 1027902, 417690, 136329, 590490, 150883, 38.7, 49.7, 1.00
A, 739779, 414399, 845895, 1027644, 417631, 136249, 590327, 150955, 38.7, 49.7, 1.00
A, 739836, 414346, 846440, 1028003, 417609, 136337, 590366, 150998, 38.7, 49.7, 1.01
A, 741255, 414507, 848431, 1029495, 417883, 136533, 590574, 151365, 38.7, 49.7, 1.00
A, 741077, 414552, 848484, 1029230, 417804, 136479, 590512, 151224, 38.7, 49.7, 1.00
A, 741060, 414552, 848840, 1029240, 417822, 136523, 590464, 151239, 38.7, 49.7, 1.01
A, 740827, 414438, 848584, 1028508, 417700, 136401, 590319, 151140, 38.7, 49.7, 1.00
A, 740444, 414357, 848539, 1027993, 417594, 136496, 590271, 151079, 38.6, 49.7, 1.00
A, 740010, 414181, 848438, 1027856, 417491, 136416, 590094, 151020, 38.6, 49.7, 1.00
A, 739843, 414154, 848479, 1027689, 417481, 136375, 589982, 151090, 38.7, 49.8, 1.00
A, 739669, 414109, 848540, 1027353, 417351, 136397, 589933, 151034, 38.7, 49.8, 1.00
A, 739928, 414037, 849193, 1027509, 417348, 136432, 589927, 151041, 38.6, 49.8, 1.00
A, 739650, 414040, 849049, 1027125, 417302, 136414, 589818, 151069, 38.6, 49.8, 1.00
A, 739420, 413851, 849003, 1026682, 417178, 136379, 589715, 150986, 38.6, 49.8, 1.00
A, 739505, 413833, 849446, 1026953, 417174, 136350, 589647, 151000, 38.6, 49.8, 1.01
A, 739298, 413743, 849479, 1026642, 417108, 136373, 589565, 150987, 38.6, 49.8, 1.00
A, 739040, 413641, 849464, 1026555, 416989, 136364, 589561, 151048, 38.6, 49.8, 1.00
A, 739309, 413681, 849960, 1026193, 417031, 136391, 589450, 150943, 38.6, 49.8, 1.00
A, 738731, 413613, 849513, 1025618, 416969, 136326, 589321, 150895, 38.6, 49.8, 1.00
A, 738468, 413459, 849400, 1025314, 416834, 136323, 589227, 150881, 38.6, 49.8, 1.00
A, 738382, 413333, 849463, 1025215, 416746, 136289, 589192, 150911, 38.6, 49.8, 1.01
A, 738645, 413326, 850091, 1025549, 416773, 136326, 589128, 150951, 38.6, 49.8, 1.01
A, 738675, 413320, 850375, 1025572, 416763, 136308, 589142, 150976, 38.6, 49.8, 1.00
A, 739987, 413534, 852537, 1027002, 417009, 136522, 589358, 151236, 38.6, 49.8, 1.00
A, 739364, 413472, 851776, 1025920, 416858, 136367, 589198, 151058, 38.6, 49.8, 1.00
A, 738541, 413234, 851089, 1025351, 416654, 136348, 589020, 150925, 38.6, 49.8, 1.00
A, 738185, 413119, 850693, 1024623, 416511, 136259, 588869, 150848, 38.6, 49.9, 1.00
A, 737706, 412924, 850363, 1024077, 416354, 136183, 588677, 150841, 38.6, 49.9, 1.00
A, 737919, 412879, 851057, 1024446, 416363, 136265, 588752, 150867, 38.6, 49.9, 1.00
A, 737923, 412871, 851337, 1024286, 416326, 136249, 588671, 150877, 38.6, 49.9, 1.00
A, 737749, 412712, 851309, 1024105, 416285, 136233, 588580, 150828, 38.6, 49.9, 1.00
A, 737726, 412746, 851448, 1024126, 416254, 136249, 588502, 150805, 38.6, 49.9, 1.00
A, 737837, 412677, 851909, 1024251, 416279, 136269, 588492, 150863, 38.6, 49.9, 1.00
A, 737529, 412626, 851665, 1023822, 416202, 136241, 588467, 150898, 38.6, 49.9, 1.00
A, 737927, 412628, 852302, 1023804, 416258, 136270, 588496, 150847, 38.6, 49.9, 1.00
A, 737771, 412630, 852417, 1023880, 416160, 136281, 588446, 150865, 38.6, 49.9, 1.00
A, 737786, 412553, 852779, 1024037, 416162, 136204, 588390, 150944, 38.6, 49.9, 1.00
A, 737711, 412517, 852695, 1023703, 416166, 136216, 588337, 150946, 38.6, 49.9, 1.00
A, 737392, 412533, 852730, 1023293, 416074, 136169, 588293, 150744, 38.6, 49.9, 1.00
A, 737211, 412397, 852460, 1022949, 415992, 136171, 588149, 150819, 38.6, 49.9, 1.00
A, 736928, 412295, 852452, 1022562, 415928, 136155, 588125, 150751, 38.6, 49.9, 1.00
A, 736862, 412200, 852646, 1022702, 415869, 136131, 588016, 150744, 38.6, 49.9, 1.00
A, 736903, 412091, 852770, 1022647, 415809, 136199, 588022, 150856, 38.6, 49.9, 1.00
A, 738156, 412379, 854763, 1024319, 416080, 136314, 588247, 151095, 38.6, 49.9, 0.99
A, 737820, 412414, 854280, 1023371, 416055, 136276, 588176, 150907, 38.6, 49.9, 1.00
A, 736992, 412193, 853755, 1022640, 415812, 136148, 588052, 150835, 38.6, 49.9, 1.01
A, 736888, 412109, 853714, 1022567, 415841, 136099, 587853, 150784, 38.6, 49.9, 1.00
A, 736662, 412012, 853754, 1022356, 415662, 136116, 587792, 150766, 38.6, 49.9, 1.00
A, 736947, 412006, 854223, 1022637, 415697, 136187, 587768, 150842, 38.6, 49.9, 1.00
A, 736975, 412043, 854367, 1022549, 415732, 136129, 587806, 150843, 38.6, 50.0, 1.00
A, 736922, 411969, 854502, 1022135, 415665, 136080, 587815, 150791, 38.6, 50.0, 1.00
A, 736728, 411879, 854456, 1021794, 415611, 136084, 587702, 150799, 38.6, 50.0, 1.01
A, 736543, 411805, 854511, 1021834, 415554, 136080, 587658, 150745, 38.6, 50.0, 1.00
A, 736607, 411778, 854869, 1022028, 415522, 136163, 587638, 150780, 38.6, 50.0, 1.01
A, 736643, 411754, 854954, 1021890, 415538, 136034, 587559, 150814, 38.6, 50.0, 1.01
A, 736728, 411783, 855502, 1022080, 415575, 136129, 587590, 150912, 38.6, 50.0, 1.00
A, 736766, 411742, 855531, 1022032, 415567, 136104, 587599, 150847, 38.6, 50.0, 1.00
A, 736456, 411693, 855514, 1021547, 415456, 136074, 587485, 150769, 38.6, 50.0, 1.00
A, 736696, 411668, 856016, 1021989, 415459, 136164, 587520, 150859, 38.6, 50.0, 1.00
A, 736257, 411619, 855605, 1021279, 415397, 136020, 587388, 150706, 38.6, 50.0, 1.00
A, 736058, 411466, 855606, 1021291, 415304, 136053, 587302, 150776, 38.6, 50.0, 1.00
A, 735966, 411525, 855756, 1020956, 415299, 135975, 587299, 150715, 38.6, 50.0, 1.00
A, 735863, 411377, 855917, 1020856, 415198, 135975, 587210, 150602, 38.6, 50.0, 0.99
A, 737194, 411572, 857802, 1022634, 415453, 136164, 587551, 150975, 38.6, 50.0, 1.00
A, 736656, 411535, 857210, 1021828, 415387, 136131, 587380, 150855, 38.6, 50.0, 1.00
A, 736366, 411500, 857075, 1021422, 415321, 136126, 587281, 150814, 38.6, 50.0, 1.00
A, 736617, 411559, 857656, 1021700, 415303, 136096, 587317, 150907, 38.6, 50.0, 1.00
A, 736585, 411529, 857726, 1021410, 415325, 136133, 587297, 150854, 38.6, 50.0, 1.01
A, 736344, 411463, 857803, 1021109, 415292, 136042, 587144, 150799, 38.6, 50.0, 1.00
A, 735799, 411281, 857301, 1020781, 415214, 136086, 587036, 150775, 38.6, 50.0, 1.00
A, 736089, 411327, 857713, 1021015, 415192, 136063, 587051, 150809, 38.6, 50.1, 1.00
A, 736029, 411363, 857787, 1020830, 415150, 136106, 587108, 150836, 38.6, 50.1, 1.00
A, 736317, 411326, 858489, 1021147, 415239, 136115, 587134, 150835, 38.6, 50.1, 1.00
A, 736219, 411335, 858601, 1021098, 415184, 136149, 587048, 150831, 38.6, 50.1, 1.00
A, 736195, 411346, 858629, 1020884, 415101, 136055, 587008, 150853, 38.6, 50.1, 1.00
A, 736171, 411325, 859008, 1021058, 415146, 136151, 586978, 150878, 38.6, 50.1, 1.00
A, 736147, 411277, 858952, 1020736, 415135, 136137, 586987, 150859, 38.6, 50.1, 1.00
A, 736038, 411250, 858932, 1020363, 415063, 135988, 586871, 150818, 38.6, 50.1, 1.00
A, 735196, 411013, 858000, 1019243, 414821, 135950, 586640, 150554, 38.6, 50.1, 0.99
A, 733977, 410775, 856756, 1018233, 414586, 135821, 586431, 150444, 38.6, 50.1, 1.00
A, 734005, 410682, 856825, 1018079, 414603, 135807, 586423, 150490, 38.6, 50.1, 1.00
A, 734133, 410578, 857059, 1018134, 414465, 135791, 586313, 150491, 38.6, 50.1, 1.00
A, 734024, 410618, 857193, 1018119, 414624, 135749, 586432, 150518, 38.6, 50.1, 1.00
A, 734986, 410594, 858589, 1019329, 414683, 135925, 586521, 150700, 38.6, 50.1, 1.00
A, 735140, 410816, 858830, 1019386, 414806, 135918, 586605, 150688, 38.6, 50.1, 1.00
A, 734825, 410685, 858527, 1018999, 414663, 135869, 586491, 150595, 38.6, 50.1, 1.00
A, 734484, 410558, 858226, 1018666, 414584, 135869, 586463, 150640, 38.6, 50.1, 1.00
A, 734502, 410610, 858312, 1018605, 414592, 135829, 586390, 150640, 38.6, 50.1, 1.00
A, 734492, 410481, 858391, 1018311, 414527, 135755, 586326, 150514, 38.6, 50.1, 1.00
A, 734516, 410448, 858711, 1018464, 414562, 135791, 586344, 150544, 38.6, 50.1, 1.00
A, 734779, 410492, 859203, 1018939, 414583, 135790, 586466, 150658, 38.6, 50.1, 1.01
A, 735043, 410479, 859415, 1019023, 414666, 135841, 586440, 150711, 38.6, 50.1, 1.01
A, 735110, 410528, 859821, 1019172, 414619, 135883, 586431, 150741, 38.6, 50.1, 1.00
A, 735435, 410596, 860432, 1019572, 414703, 135914, 586512, 150805, 38.6, 50.1, 1.00
A, 735631, 410649, 860824, 1019492, 414742, 135898, 586587, 150738, 38.6, 50.1, 1.00
A, 735457, 410557, 860864, 1019449, 414714, 135892, 586415, 150713, 38.6, 50.1, 1.00
A, 735522, 410557, 861178, 1019755, 414688, 135891, 586503, 150825, 38.6, 50.1, 1.00
A, 735354, 410604, 861171, 1019653, 414683, 135956, 586443, 150816, 38.6, 50.2, 1.00
A, 735724, 410629, 861720, 1019754, 414744, 135955, 586515, 150818, 38.6, 50.2, 1.01
A, 735693, 410708, 861801, 1019623, 414733, 135909, 586522, 150773, 38.6, 50.2, 0.99
A, 735443, 410579, 861808, 1019589, 414673, 135975, 586394, 150808, 38.6, 50.2, 1.00
A, 735374, 410671, 861793, 1019271, 414657, 135895, 586388, 150704, 38.6, 50.2, 1.00
A, 734959, 410458, 861529, 1018904, 414557, 135911, 586230, 150678, 38.6, 50.2, 1.00
A, 736204, 410651, 863321, 1020704, 414833, 136132, 586566, 151072, 38.6, 50.2, 1.00
A, 735876, 410733, 863179, 1020113, 414859, 136064, 586507, 150972, 38.6, 50.1, 1.00
A, 735468, 410599, 862853, 1019368, 414686, 135896, 586352, 150780, 38.6, 50.1, 1.00
A, 734955, 410472, 862248, 1018635, 414557, 135875, 586122, 150683, 38.6, 50.2, 1.00
A, 734583, 410440, 862158, 1018558, 414472, 135824, 586094, 150704, 38.6, 50.2, 1.01
A, 735007, 410429, 862713, 1018906, 414530, 135902, 586197, 150786, 38.5, 50.2, 1.00
A, 734979, 410467, 862892, 1018919, 414575, 135869, 586151, 150813, 38.5, 50.2, 1.00
A, 735290, 410513, 863534, 1019314, 414561, 135982, 586251, 150844, 38.6, 50.2, 1.00
A, 735320, 410484, 863667, 1019064, 414520, 135948, 586236, 150756, 38.6, 50.2, 1.00
A, 735115, 410466, 863730, 1018943, 414559, 135880, 586156, 150730, 38.5, 50.2, 1.00
A, 734774, 410350, 863537, 1018683, 414424, 135907, 586064, 150780, 38.5, 50.2, 1.00
A, 735018, 410441, 863919, 1019032, 414464, 135910, 586122, 150776, 38.5, 50.2, 1.00
A, 734949, 410375, 863999, 1018749, 414412, 135849, 586117, 150803, 38.5, 50.2, 1.00
A, 735338, 410472, 864538, 1018989, 414465, 135899, 586120, 150779, 38.5, 50.2, 1.00
A, 734887, 410369, 864449, 1018835, 414489, 135869, 586104, 150823, 38.5, 50.2, 1.00
A, 735101, 410390, 864737, 1018913, 414506, 135922, 586078, 150794, 38.5, 50.2, 1.00
A, 734911, 410384, 864783, 1018827, 414395, 135887, 586037, 150790, 38.5, 50.2, 1.00
A, 734950, 410425, 864909, 1018607, 414475, 135875, 586106, 150773, 38.5, 50.2, 1.00
A, 734750, 410323, 864602, 1018107, 414322, 135889, 585944, 150759, 38.5, 50.2, 1.00
A, 734351, 410323, 864586, 1017983, 414251, 135835, 585858, 150674, 38.5, 50.2, 1.00
A, 735260, 410260, 866032, 1019193, 414330, 135955, 585985, 150932, 38.5, 50.2, 1.00
A, 735068, 410370, 865852, 1018732, 414379, 135905, 585951, 150895, 38.5, 50.2, 1.00
A, 734956, 410325, 865859, 1018695, 414405, 135919, 585974, 150835, 38.5, 50.3, 1.00
A, 734838, 410311, 865958, 1018442, 414373, 135880, 585882, 150834, 38.5, 50.3, 1.00
A, 734511, 410177, 865661, 1018006, 414275, 135882, 585830, 150750, 38.5, 50.3, 1.00
A, 734389, 410177, 865744, 1017898, 414172, 135819, 585790, 150695, 38.5, 50.3, 1.00
A, 734536, 410192, 866211, 1018214, 414241, 135913, 585808, 150724, 38.5, 50.3, 1.00
A, 734363, 410105, 866159, 1017911, 414206, 135846, 585742, 150674, 38.5, 50.3, 1.01
A, 734335, 410082, 866207, 1017956, 414134, 135796, 585712, 150778, 38.5, 50.3, 1.00
A, 734421, 410084, 866418, 1017789, 414090, 135704, 585648, 150727, 38.5, 50.3, 1.00
A, 734267, 410076, 866391, 1017602, 414088, 135804, 585590, 150648, 38.5, 50.3, 1.00
A, 734000, 409993, 866392, 1017672, 414048, 135833, 585593, 150737, 38.5, 50.3, 1.00
A, 734242, 409973, 866726, 1017784, 414113, 135842, 585612, 150787, 38.5, 50.3, 1.00
A, 734177, 409948, 866996, 1017766, 414088, 135829, 585590, 150817, 38.5, 50.3, 1.00
A, 734387, 410031, 867437, 1018056, 414130, 135849, 585680, 150904, 38.5, 50.3, 1.00
A, 734395, 410064, 867405, 1017627, 414114, 135824, 585660, 150782, 38.5, 50.3, 1.00
A, 733932, 409890, 867119, 1017214, 414011, 135821, 585569, 150665, 38.5, 50.3, 1.00
A, 733978, 409919, 867417, 1017495, 414016, 135859, 585514, 150709, 38.5, 50.3, 1.01
A, 733748, 409866, 867095, 1017069, 413973, 135792, 585474, 150721, 38.5, 50.3, 1.00
A, 733724, 409822, 867294, 1016885, 413902, 135789, 585428, 150809, 38.5, 50.3, 1.00
A, 735342, 410158, 869693, 1019099, 414388, 135946, 585856, 151119, 38.5, 50.3, 1.00
A, 734751, 410154, 869078, 1018317, 414254, 135966, 585762, 150959, 38.5, 50.3, 1.00
A, 734344, 410044, 868735, 1017796, 414052, 135877, 585634, 150845, 38.5, 50.3, 1.00
A, 733866, 409869, 868117, 1017232, 413930, 135755, 585420, 150744, 38.5, 50.3, 1.00
A, 733285, 409704, 867748, 1016641, 413799, 135758, 585251, 150639, 38.5, 50.3, 1.00
A, 733321, 409673, 867774, 1016582, 413784, 135727, 585289, 150657, 38.5, 50.3, 1.00
A, 733511, 409683, 868288, 1016802, 413819, 135730, 585275, 150647, 38.5, 50.3, 1.00
A, 733415, 409602, 868265, 1016632, 413812, 135749, 585300, 150627, 38.5, 50.4, 0.99
A, 733367, 409638, 868282, 1016592, 413793, 135714, 585238, 150702, 38.5, 50.4, 1.00
A, 733668, 409716, 868724, 1016787, 413849, 135672, 585316, 150866, 38.5, 50.4, 1.00
A, 733704, 409629, 868938, 1016626, 413829, 135718, 585339, 150705, 38.5, 50.4, 1.00
A, 733495, 409620, 868805, 1016520, 413807, 135732, 585298, 150706, 38.5, 50.4, 1.01
A, 733364, 409522, 869006, 1016490, 413798, 135713, 585313, 150767, 38.5, 50.4, 1.00
A, 733660, 409561, 869385, 1016950, 413833, 135750, 585264, 150773, 38.5, 50.4, 1.00
A, 733519, 409502, 869488, 1016830, 413763, 135788, 585291, 150756, 38.5, 50.4, 1.00
A, 733406, 409588, 869574, 1016793, 413818, 135702, 585320, 150795, 38.5, 50.4, 1.00
A, 733787, 409571, 870056, 1016818, 413837, 135749, 585275, 150809, 38.5, 50.4, 1.00
A, 733575, 409495, 869953, 1016575, 413784, 135756, 585182, 150694, 38.5, 50.4, 0.99
A, 733401, 409511, 869876, 1016535, 413759, 135740, 585255, 150753, 38.5, 50.4, 1.00
A, 733329, 409473, 869916, 1016332, 413771, 135697, 585260, 150682, 38.5, 50.4, 1.00
A, 734270, 409538, 871367, 1017693, 413901, 135851, 585357, 151040, 38.5, 50.4, 1.00
A, 733465, 409600, 870410, 1016452, 413874, 135698, 585229, 150741, 38.5, 50.4, 1.00
A, 733127, 409308, 870054, 1015839, 413618, 135595, 585061, 150635, 38.5, 50.4, 1.00
A, 732901, 409303, 870021, 1015804, 413573, 135559, 584990, 150583, 38.5, 50.4, 1.00
A, 732927, 409274, 870195, 1015959, 413581, 135638, 584990, 150663, 38.5, 50.4, 1.00
A, 733065, 409251, 870363, 1016004, 413628, 135636, 585011, 150673, 38.5, 50.4, 1.00
A, 733457, 409336, 871040, 1016411, 413680, 135672, 585155, 150785, 38.5, 50.4, 1.00
A, 733523, 409304, 871376, 1016503, 413701, 135668, 585122, 150790, 38.5, 50.4, 1.00
A, 733327, 409311, 871374, 1016360, 413668, 135632, 585134, 150789, 38.5, 50.4, 1.00
A, 733329, 409334, 871471, 1016270, 413598, 135702, 585035, 150764, 38.5, 50.4, 1.00
A, 733487, 409317, 871902, 1016599, 413693, 135633, 585108, 150807, 38.5, 50.4, 1.00
A, 733362, 409268, 871814, 1016503, 413708, 135698, 585066, 150837, 38.5, 50.4, 1.00
A, 733794, 409390, 872317, 1016575, 413759, 135656, 585116, 150790, 38.5, 50.4, 1.00
A, 733510, 409286, 872429, 1016621, 413714, 135702, 585125, 150799, 38.5, 50.4, 1.00
A, 733544, 409272, 872609, 1016647, 413730, 135684, 585108, 150813, 38.5, 50.4, 1.00
A, 733449, 409316, 872472, 1016442, 413700, 135722, 585062, 150845, 38.5, 50.4, 1.00
A, 733638, 409372, 872949, 1016633, 413711, 135714, 585125, 150922, 38.5, 50.5, 1.00
A, 733521, 409296, 872974, 1016444, 413658, 135725, 585021, 150871, 38.5, 50.5, 1.00
A, 733201, 409261, 872790, 1016104, 413627, 135675, 584979, 150811, 38.5, 50.5, 1.00
A, 733367, 409315, 873257, 1016352, 413607, 135663, 584970, 150759, 38.5, 50.5, 1.00
A, 734453, 409458, 874895, 1017750, 413889, 135827, 585227, 151100, 38.5, 50.4, 1.00
A, 734004, 409401, 874306, 1017163, 413824, 135802, 585131, 151053, 38.5, 50.4, 1.00
A, 733585, 409457, 874032, 1016528, 413727, 135669, 585022, 150845, 38.5, 50.5, 1.00
A, 733421, 409364, 873851, 1016340, 413607, 135693, 584926, 150786, 38.5, 50.5, 0.99
A, 733243, 409324, 874001, 1016353, 413578, 135677, 584925, 150883, 38.5, 50.5, 1.00
A, 733102, 409254, 873975, 1016256, 413585, 135714, 584910, 150809, 38.5, 50.5, 1.00
A, 733061, 409182, 873909, 1016021, 413474, 135659, 584800, 150741, 38.5, 50.5, 1.00
A, 733246, 409212, 874349, 1016258, 413534, 135701, 584845, 150786, 38.5, 50.5, 1.00
A, 733233, 409267, 874306, 1015935, 413513, 135680, 584843, 150783, 38.5, 50.5, 1.00
A, 732995, 409155, 874320, 1015620, 413535, 135647, 584772, 150758, 38.5, 50.5, 1.00
A, 732827, 409065, 874228, 1015750, 413391, 135635, 584708, 150751, 38.5, 50.5, 1.00
A, 732975, 409144, 874760, 1015821, 413453, 135631, 584812, 150836, 38.5, 50.5, 1.00
A, 732920, 409094, 874610, 1015765, 413434, 135596, 584739, 150860, 38.5, 50.5, 1.00
A, 733111, 409090, 875133, 1015877, 413485, 135631, 584833, 150942, 38.5, 50.5, 1.00
A, 733072, 409072, 875179, 1015925, 413486, 135637, 584865, 150776, 38.5, 50.5, 1.00
A, 732855, 409098, 875194, 1015816, 413364, 135630, 584718, 150796, 38.5, 50.5, 1.00
A, 732793, 409041, 875108, 1015473, 413436, 135595, 584650, 150731, 38.5, 50.5, 1.00
A, 732556, 408933, 875185, 1015452, 413288, 135555, 584595, 150763, 38.5, 50.5, 1.00
A, 732916, 409011, 875423, 1015435, 413393, 135614, 584718, 150774, 38.5, 50.5, 1.00
A, 732633, 408939, 875187, 1015041, 413327, 135485, 584583, 150719, 38.5, 50.5, 1.00
A, 733624, 409082, 876996, 1016825, 413457, 135724, 584827, 151001, 38.5, 50.5, 1.00
A, 732798, 409115, 876016, 1015524, 413504, 135615, 584731, 150782, 38.5, 50.5, 1.00
A, 732484, 408954, 875482, 1015037, 413296, 135546, 584607, 150755, 38.5, 50.5, 1.00
A, 731711, 408857, 874799, 1014231, 413199, 135480, 584447, 150572, 38.5, 50.5, 1.00
A, 731361, 408655, 874308, 1013684, 413020, 135429, 584273, 150450, 38.5, 50.5, 1.00
A, 731135, 408481, 874175, 1013433, 412963, 135387, 584297, 150492, 38.5, 50.5, 1.00
A, 731451, 408487, 874703, 1013674, 412979, 135347, 584248, 150573, 38.5, 50.5, 1.00
A, 731557, 408467, 875034, 1014036, 412955, 135400, 584279, 150681, 38.5, 50.5, 1.00
A, 731977, 408581, 875697, 1014649, 413173, 135493, 584441, 150788, 38.5, 50.5, 1.00
A, 732308, 408572, 876079, 1014691, 413137, 135459, 584469, 150677, 38.5, 50.5, 1.00
A, 732218, 408538, 876154, 1014578, 413176, 135455, 584454, 150725, 38.5, 50.5, 0.99
A, 732135, 408586, 876093, 1014719, 413136, 135483, 584401, 150694, 38.5, 50.5, 1.01
A, 732294, 408602, 876523, 1014858, 413156, 135434, 584451, 150787, 38.5, 50.6, 1.00
A, 732316, 408553, 876635, 1014923, 413178, 135445, 584510, 150811, 38.5, 50.6, 1.00
A, 732575, 408637, 877276, 1015268, 413280, 135500, 584488, 150848, 38.5, 50.6, 1.00
A, 732784, 408708, 877394, 1015243, 413331, 135477, 584599, 150791, 38.5, 50.6, 1.00
A, 732692, 408672, 877466, 1014989, 413291, 135494, 584555, 150828, 38.5, 50.6, 1.01
A, 732718, 408718, 877839, 1015408, 413319, 135519, 584555, 150830, 38.5, 50.6, 1.00
A, 732633, 408617, 877854, 1015296, 413294, 135568, 584554, 150825, 38.5, 50.6, 1.00
A, 732916, 408779, 878252, 1015535, 413337, 135521, 584629, 150948, 38.5, 50.6, 1.00
A, 734410, 409052, 880406, 1017325, 413554, 135754, 584929, 151206, 38.5, 50.6, 1.00
A, 733561, 409049, 879560, 1016472, 413512, 135666, 584791, 151007, 38.5, 50.6, 1.00
A, 732695, 408876, 878570, 1015088, 413327, 135551, 584556, 150779, 38.5, 50.6, 1.00
A, 732159, 408664, 878107, 1014847, 413141, 135495, 584407, 150740, 38.5, 50.6, 1.00
A, 731792, 408641, 877828, 1014328, 413172, 135488, 584388, 150706, 38.5, 50.6, 1.00
A, 731915, 408499, 877698, 1014022, 413082, 135386, 584318, 150703, 38.5, 50.6, 1.00
A, 731975, 408484, 878359, 1014539, 413102, 135482, 584344, 150755, 38.5, 50.6, 1.00
A, 731955, 408506, 878416, 1014413, 413081, 135448, 584306, 150696, 38.5, 50.6, 1.00
A, 731856, 408464, 878347, 1014436, 413057, 135402, 584303, 150737, 38.5, 50.6, 1.00
A, 732323, 408529, 878918, 1014750, 413097, 135489, 584425, 150830, 38.5, 50.6, 1.00
A, 732253, 408539, 879155, 1014840, 413163, 135444, 584409, 150858, 38.5, 50.6, 1.00
A, 732574, 408638, 879526, 1015002, 413207, 135415, 584476, 150804, 38.5, 50.6, 1.00
A, 732405, 408630, 879508, 1014862, 413207, 135468, 584440, 150843, 38.5, 50.6, 1.00
A, 732364, 408520, 879739, 1014904, 413161, 135478, 584418, 150818, 38.5, 50.6, 1.00
A, 732201, 408569, 879742, 1014853, 413166, 135487, 584370, 150890, 38.5, 50.6, 0.99
A, 732459, 408501, 880082, 1015084, 413228, 135590, 584449, 150909, 38.5, 50.6, 1.00
A, 732422, 408527, 880236, 1014842, 413222, 135448, 584446, 150841, 38.5, 50.6, 1.00
A, 732309, 408535, 880049, 1014647, 413116, 135465, 584388, 150857, 38.5, 50.6, 0.99
A, 732177, 408534, 880204, 1014769, 413145, 135464, 584364, 150859, 38.5, 50.6, 1.00
A, 732221, 408455, 880264, 1014657, 413115, 135433, 584368, 150845, 38.5, 50.6, 1.00
M, 729679, 408155, 876204, 1009981, 412681, 134917, 583668, 149799, 38.5, 50.6, 0.08
M, 719235, 405668, 861908, 997165, 409703, 133500, 580111, 147432, 38.5, 50.6, 0.53
M, 712315, 403258, 852084, 988165, 407422, 132450, 577648, 145975, 38.5, 50.6, 0.75
M, 705499, 400829, 841854, 979086, 405214, 131321, 575313, 144449, 38.5, 50.6, 0.85
M, 701523, 399183, 835882, 974035, 403882, 130652, 574053, 143722, 38.5, 50.6, 0.89
M, 698315, 397685, 830022, 969349, 402774, 129986, 573031, 143101, 38.5, 50.6, 0.94
M, 695551, 396302, 824760, 965167, 401846, 129314, 572354, 142519, 38.5, 50.5, 0.96
M, 693306, 394845, 820002, 961718, 401126, 128752, 571856, 141952, 38.5, 50.5, 0.98
M, 691835, 393766, 816100, 959268, 400681, 128239, 571585, 141613, 38.5, 50.4, 0.98
M, 690963, 392840, 813136, 957619, 400317, 127880, 571486, 141380, 38.5, 50.4, 0.99
M, 690809, 392069, 811081, 956778, 400263, 127583, 571680, 141300, 38.5, 50.4, 1.00
M, 690680, 391307, 809119, 956371, 400246, 127357, 571829, 141207, 38.5, 50.4, 1.00
M, 691111, 390748, 807909, 956420, 400380, 127102, 572154, 141319, 38.5, 50.3, 1.00
M, 691712, 390203, 806473, 956543, 400482, 126784, 572543, 141174, 38.5, 50.3, 1.00
M, 692343, 389728, 805398, 956889, 400722, 126634, 572938, 141148, 38.5, 50.3, 1.00
M, 693120, 389355, 804761, 957655, 400922, 126597, 573457, 141345, 38.5, 50.3, 0.99
M, 693904, 389089, 804099, 958446, 401225, 126482, 573891, 141321, 38.5, 50.3, 1.00
M, 694885, 388804, 803696, 959226, 401546, 126329, 574406, 141428, 38.5, 50.3, 1.01
M, 696087, 388647, 803528, 960476, 401949, 126261, 574985, 141560, 38.5, 50.2, 1.00
M, 697347, 388518, 803315, 961742, 402373, 126196, 575700, 141648, 38.5, 50.2, 1.00
M, 699613, 388653, 804990, 964467, 403072, 126364, 576511, 141973, 38.5, 50.2, 1.00
M, 700632, 388764, 804831, 965634, 403535, 126295, 577133, 142129, 38.5, 50.2, 1.00
M, 701448, 388640, 804103, 966370, 403950, 126204, 577664, 142096, 38.5, 50.2, 0.99
M, 702314, 388633, 803897, 967211, 404222, 126157, 578095, 142058, 38.5, 50.2, 0.99
M, 703094, 388621, 803407, 968308, 404781, 126087, 578784, 142118, 38.5, 50.2, 1.00
M, 703819, 388603, 803346, 969291, 404967, 126083, 579179, 142184, 38.5, 50.2, 1.00
M, 704971, 388688, 803798, 970607, 405426, 126145, 579778, 142275, 38.5, 50.2, 1.00
M, 706232, 388844, 804057, 972051, 405895, 126099, 580347, 142409, 38.5, 50.2, 0.99
M, 707265, 389079, 804078, 973299, 406413, 126077, 580957, 142508, 38.5, 50.2, 1.00
M, 708073, 389179, 803945, 974230, 406797, 126115, 581517, 142571, 38.5, 50.2, 0.99
M, 709030, 389349, 804213, 975512, 407099, 126114, 582028, 142609, 38.5, 50.2, 1.00
M, 710154, 389551, 804586, 976899, 407581, 126175, 582635, 142728, 38.5, 50.1, 0.99
M, 710860, 389735, 804557, 977981, 408009, 126197, 583109, 142847, 38.5, 50.1, 1.01
M, 712160, 390057, 805252, 979406, 408455, 126215, 583690, 142962, 38.5, 50.2, 1.00
M, 713213, 390259, 805507, 980569, 408983, 126219, 584246, 143046, 38.5, 50.2, 1.00
M, 713854, 390546, 805544, 981519, 409371, 126193, 584696, 143038, 38.5, 50.1, 0.99
M, 714889, 390817, 805918, 982913, 409758, 126280, 585228, 143236, 38.5, 50.1, 1.00
M, 715659, 391100, 806166, 983881, 410115, 126344, 585713, 143307, 38.5, 50.1, 1.00
M, 716510, 391357, 806571, 985250, 410551, 126399, 586219, 143388, 38.5, 50.1, 1.01
M, 717416, 391690, 806999, 986331, 410900, 126447, 586685, 143495, 38.5, 50.1, 1.00
M, 719764, 392239, 809240, 989278, 411607, 126594, 587537, 143770, 38.5, 50.1, 1.00
M, 719781, 392514, 808559, 989333, 411914, 126507, 587911, 143704, 38.5, 50.1, 1.00
M, 719895, 392625, 808096, 989831, 412110, 126567, 588081, 143663, 38.5, 50.1, 1.00
M, 720011, 392906, 807460, 989748, 412391, 126483, 588386, 143574, 38.5, 50.2, 1.00
M, 720018, 392876, 807081, 990204, 412461, 126398, 588561, 143562, 38.5, 50.2, 1.00
M, 720956, 393340, 807429, 991359, 412996, 126484, 589139, 143633, 38.5, 50.2, 1.01
M, 721571, 393416, 807577, 991973, 413142, 126500, 589430, 143676, 38.5, 50.2, 1.00
M, 722418, 393763, 808240, 993328, 413490, 126533, 589841, 143822, 38.5, 50.2, 1.00
M, 723118, 394051, 808622, 994350, 413832, 126613, 590289, 143903, 38.5, 50.1, 1.00
M, 723608, 394321, 808860, 995096, 414142, 126628, 590649, 144008, 38.5, 50.1, 1.00
M, 724757, 394718, 809537, 996384, 414576, 126749, 591088, 144079, 38.5, 50.1, 1.00
M, 725365, 395065, 810097, 997358, 414827, 126739, 591546, 144151, 38.5, 50.1, 1.00
M, 725740, 395249, 810100, 998069, 415083, 126735, 591852, 144123, 38.5, 50.2, 1.00
M, 726262, 395530, 810271, 998699, 415363, 126775, 592099, 144186, 38.5, 50.2, 1.00
M, 726923, 395846, 810829, 999686, 415601, 126839, 592524, 144261, 38.5, 50.2, 1.00
M, 727384, 396057, 810967, 1000384, 415880, 126855, 592760, 144312, 38.5, 50.2, 1.00
M, 728158, 396443, 811516, 1001510, 416273, 126915, 593186, 144431, 38.5, 50.2, 1.00
M, 728871, 396705, 812104, 1002382, 416532, 126918, 593550, 144406, 38.5, 50.2, 1.00
M, 729032, 396975, 812061, 1002871, 416767, 126974, 593798, 144438, 38.5, 50.1, 1.00
M, 729531, 397212, 812412, 1003663, 417011, 127000, 594101, 144521, 38.5, 50.1, 1.00
M, 731305, 397699, 814252, 1005897, 417532, 127225, 594692, 144893, 38.5, 50.2, 1.00
M, 731406, 398046, 814071, 1005891, 417718, 127125, 594931, 144704, 38.5, 50.2, 1.01
M, 730959, 398104, 813312, 1005527, 417753, 127080, 594978, 144575, 38.4, 50.2, 1.00
M, 731086, 398307, 813149, 1005919, 417840, 127060, 595098, 144629, 38.4, 50.2, 1.00
M, 731359, 398569, 813323, 1006397, 418084, 127173, 595450, 144559, 38.5, 50.2, 1.00
M, 731279, 398513, 813117, 1006601, 418136, 127104, 595516, 144669, 38.5, 50.2, 0.99
M, 731714, 398925, 813354, 1007008, 418451, 127143, 595896, 144623, 38.5, 50.2, 1.00
M, 732040, 398972, 813520, 1007511, 418579, 127133, 596044, 144720, 38.5, 50.2, 1.00
M, 732435, 399161, 813891, 1008406, 418819, 127189, 596309, 144751, 38.5, 50.2, 0.99
M, 732818, 399378, 814069, 1008991, 418933, 127163, 596534, 144807, 38.5, 50.2, 1.00
M, 733127, 399582, 814445, 1009446, 419105, 127299, 596765, 144778, 38.5, 50.2, 1.00
M, 733824, 399800, 815079, 1010413, 419417, 127312, 597044, 144875, 38.4, 50.2, 0.99
M, 734050, 400163, 815144, 1010748, 419597, 127317, 597301, 144936, 38.4, 50.2, 1.00
M, 734400, 400319, 815333, 1011128, 419767, 127349, 597515, 144897, 38.4, 50.2, 1.00
M, 734437, 400402, 815487, 1011691, 419910, 127331, 597679, 144948, 38.4, 50.2, 1.01
M, 735087, 400615, 816003, 1012461, 420172, 127376, 597984, 145081, 38.4, 50.2, 1.00
M, 734289, 400595, 814947, 1011712, 420088, 127333, 597923, 144976, 38.4, 50.2, 1.00
M, 734273, 400808, 814667, 1011768, 420158, 127294, 598018, 144903, 38.4, 50.2, 1.00
M, 734152, 400647, 814408, 1011606, 420150, 127205, 598101, 144727, 38.4, 50.2, 1.01
M, 734671, 400826, 814787, 1012312, 420395, 127284, 598424, 144844, 38.4, 50.2, 1.00
M, 736469, 401302, 817013, 1014662, 420827, 127515, 598966, 145260, 38.4, 50.2, 1.00
M, 737027, 401674, 817701, 1015620, 421164, 127511, 599296, 145329, 38.4, 50.3, 1.00
M, 737242, 401809, 817772, 1015908, 421298, 127559, 599443, 145280, 38.4, 50.3, 1.00
M, 737868, 402099, 818224, 1016435, 421592, 127658, 599667, 145338, 38.4, 50.2, 1.00
M, 737860, 402243, 818477, 1016887, 421646, 127610, 599795, 145297, 38.4, 50.2, 0.99
M, 737827, 402459, 818253, 1016958, 421763, 127644, 600023, 145292, 38.4, 50.3, 1.00
M, 737924, 402502, 818459, 1017408, 421819, 127688, 600088, 145318, 38.4, 50.3, 1.00
M, 738069, 402668, 818596, 1017507, 421986, 127626, 600246, 145239, 38.4, 50.3, 1.00
M, 738102, 402714, 818501, 1017551, 422055, 127657, 600363, 145274, 38.4, 50.3, 1.01
M, 738533, 402931, 818930, 1018213, 422235, 127680, 600522, 145391, 38.4, 50.3, 1.00
M, 738635, 403002, 819085, 1018421, 422346, 127683, 600722, 145385, 38.4, 50.3, 1.00
M, 738800, 403032, 819403, 1018947, 422396, 127757, 600844, 145453, 38.4, 50.3, 1.00
M, 739284, 403370, 820073, 1019663, 422635, 127836, 601065, 145549, 38.4, 50.3, 1.00
M, 739672, 403524, 820254, 1019756, 422826, 127820, 601246, 145501, 38.4, 50.3, 1.00
M, 739673, 403630, 820249, 1019986, 422857, 127828, 601369, 145484, 38.4, 50.3, 1.00
M, 739650, 403635, 820450, 1020447, 422919, 127855, 601438, 145506, 38.4, 50.3, 1.00
M, 739943, 403839, 820829, 1021126, 423078, 127865, 601625, 145609, 38.4, 50.3, 1.00
M, 740200, 403904, 821095, 1021280, 423165, 127877, 601757, 145578, 38.4, 50.3, 1.00
M, 740673, 404156, 821763, 1022027, 423371, 127968, 601968, 145688, 38.4, 50.3, 1.00
M, 740848, 404361, 821816, 1022111, 423476, 127943, 602136, 145681, 38.4, 50.3, 1.00
M, 742225, 404691, 823534, 1023696, 423910, 128066, 602520, 145949, 38.4, 50.3, 1.00
M, 741971, 404780, 823433, 1023713, 423979, 128123, 602563, 145868, 38.4, 50.3, 1.00
M, 741445, 404794, 822780, 1023311, 423866, 128096, 602521, 145753, 38.4, 50.3, 1.00
M, 741263, 404867, 822613, 1023253, 423912, 128145, 602560, 145802, 38.4, 50.3, 1.00
M, 741085, 404797, 822393, 1022907, 423991, 128023, 602608, 145687, 38.4, 50.3, 0.98
M, 741072, 404800, 822493, 1023064, 423970, 128075, 602661, 145699, 38.4, 50.3, 1.00
M, 741220, 405048, 822462, 1023238, 424089, 128100, 602882, 145759, 38.4, 50.3, 1.00
M, 741336, 404987, 822859, 1023522, 424168, 128163, 602897, 145711, 38.4, 50.3, 1.01
M, 741623, 405120, 823349, 1024198, 424274, 128137, 603036, 145863, 38.4, 50.3, 1.00
M, 741947, 405290, 823776, 1024717, 424421, 128197, 603239, 145873, 38.4, 50.3, 1.01
M, 742264, 405458, 824207, 1024959, 424549, 128261, 603427, 145892, 38.4, 50.3, 1.00
M, 742311, 405470, 824177, 1024994, 424543, 128205, 603492, 145776, 38.4, 50.3, 1.00
M, 742167, 405417, 824198, 1025233, 424621, 128279, 603580, 145869, 38.4, 50.3, 1.00
M, 742521, 405581, 824569, 1025735, 424777, 128321, 603672, 145946, 38.4, 50.3, 1.00
M, 742734, 405746, 824994, 1025933, 424925, 128343, 603858, 145945, 38.4, 50.3, 1.00
M, 743118, 405886, 825541, 1026518, 425025, 128398, 604014, 145994, 38.4, 50.3, 0.99
M, 743294, 406046, 825763, 1026609, 425111, 128366, 604123, 146045, 38.4, 50.3, 1.00
M, 743338, 406011, 825758, 1026685, 425163, 128330, 604172, 146027, 38.4, 50.3, 1.00
M, 743549, 406068, 826343, 1027285, 425322, 128460, 604349, 146046, 38.4, 50.3, 0.99
M, 743534, 406207, 826397, 1027477, 425328, 128518, 604404, 146068, 38.4, 50.4, 0.99
M, 744796, 406403, 828158, 1029240, 425710, 128671, 604739, 146411, 38.4, 50.4, 1.00
M, 744886, 406694, 828183, 1029044, 425778, 128613, 604829, 146368, 38.4, 50.4, 0.99
M, 744408, 406621, 827814, 1028605, 425682, 128603, 604791, 146145, 38.4, 50.4, 1.00
M, 744107, 406607, 827574, 1028506, 425646, 128528, 604776, 146119, 38.4, 50.4, 1.00
M, 744074, 406584, 827612, 1028437, 425695, 128594, 604880, 146135, 38.4, 50.4, 1.00
M, 744148, 406722, 827827, 1028560, 425892, 128612, 604942, 146114, 38.4, 50.4, 1.00
M, 744075, 406679, 827891, 1028726, 425823, 128649, 604986, 146186, 38.4, 50.4, 0.99
M, 744127, 406855, 828119, 1028846, 425930, 128621, 605100, 146080, 38.4, 50.4, 1.00
M, 744127, 406790, 828115, 1028856, 425936, 128561, 605102, 146092, 38.4, 50.4, 1.00
M, 744325, 406840, 828454, 1029248, 425983, 128673, 605176, 146231, 38.4, 50.4, 1.00
M, 744398, 406888, 828696, 1029425, 426011, 128638, 605278, 146239, 38.4, 50.4, 1.00
M, 744014, 406916, 828491, 1029292, 426119, 128624, 605328, 146189, 38.4, 50.4, 1.00
M, 744758, 407030, 829346, 1029997, 426157, 128751, 605479, 146354, 38.4, 50.4, 1.01
M, 745054, 407147, 829704, 1030129, 426350, 128734, 605548, 146210, 38.4, 50.4, 1.00
M, 744793, 407123, 829352, 1029859, 426261, 128751, 605530, 146306, 38.4, 50.4, 1.00
M, 744989, 407223, 829894, 1030409, 426387, 128801, 605649, 146333, 38.4, 50.4, 1.01
M, 745026, 407239, 830009, 1030540, 426396, 128834, 605760, 146325, 38.4, 50.4, 1.00
M, 745112, 407378, 830206, 1030269, 426529, 128803, 605832, 146251, 38.4, 50.4, 1.00
M, 744980, 407290, 830066, 1030232, 426506, 128817, 605822, 146228, 38.4, 50.4, 1.00
M, 745102, 407304, 830407, 1030754, 426574, 128820, 605929, 146365, 38.4, 50.4, 1.00
M, 746375, 407652, 832396, 1032609, 426884, 129019, 606334, 146656, 38.4, 50.4, 0.99
M, 746621, 407769, 832711, 1032726, 427047, 129055, 606409, 146606, 38.4, 50.4, 1.00
M, 746398, 407784, 832538, 1032637, 427082, 129066, 606409, 146642, 38.4, 50.4, 1.00
M, 746652, 407896, 832729, 1032574, 427131, 129052, 606513, 146571, 38.4, 50.4, 1.01
M, 746331, 407840, 832554, 1032261, 427114, 128989, 606470, 146528, 38.4, 50.4, 1.00
M, 746198, 407903, 832837, 1032614, 427071, 129053, 606521, 146552, 38.4, 50.4, 1.00
M, 745750, 407953, 832307, 1031983, 427040, 129026, 606507, 146435, 38.4, 50.4, 1.00
M, 745758, 407789, 832278, 1031949, 426903, 128978, 606394, 146439, 38.4, 50.4, 1.00
M, 745492, 407930, 832276, 1031762, 427056, 128970, 606516, 146431, 38.4, 50.4, 1.00
M, 745396, 407736, 832302, 1031633, 427036, 129001, 606435, 146361, 38.4, 50.4, 1.00
M, 745557, 407857, 832607, 1031942, 427099, 128984, 606560, 146451, 38.4, 50.4, 1.00
M, 745811, 407830, 832903, 1032168, 427125, 129019, 606684, 146499, 38.4, 50.4, 1.00
M, 745801, 407867, 833017, 1032435, 427160, 129062, 606711, 146510, 38.4, 50.4, 1.00
M, 746168, 407970, 833661, 1032912, 427301, 129128, 606901, 146573, 38.4, 50.4, 1.00
M, 746272, 408049, 833944, 1032970, 427388, 129136, 606917, 146574, 38.4, 50.4, 1.00
M, 746253, 408065, 833983, 1032893, 427350, 129138, 606919, 146511, 38.4, 50.4, 1.00
M, 746070, 408045, 833809, 1033022, 427366, 129103, 606954, 146559, 38.4, 50.4, 1.00
M, 746399, 408115, 834454, 1033379, 427482, 129115, 607096, 146609, 38.4, 50.4, 1.00
M, 746358, 408125, 834623, 1033374, 427478, 129204, 607100, 146598, 38.4, 50.4, 1.00
M, 746701, 408190, 835059, 1033858, 427614, 129232, 607232, 146615, 38.4, 50.4, 1.00
M, 748277, 408537, 837133, 1035683, 427974, 129402, 607635, 146914, 38.4, 50.4, 1.00
M, 747608, 408511, 836525, 1034725, 427920, 129334, 607499, 146791, 38.4, 50.5, 1.00
M, 747066, 408422, 836033, 1034440, 427823, 129311, 607443, 146669, 38.4, 50.5, 1.00
M, 746555, 408322, 835526, 1033939, 427770, 129324, 607335, 146635, 38.4, 50.5, 1.00
M, 746416, 408293, 835380, 1033690, 427658, 129227, 607299, 146643, 38.4, 50.5, 1.01
M, 746257, 408281, 835233, 1033321, 427700, 129237, 607372, 146499, 38.4, 50.5, 1.00
M, 746154, 408172, 835342, 1033504, 427659, 129196, 607354, 146504, 38.4, 50.5, 0.99
M, 746233, 408230, 835512, 1033426, 427785, 129309, 607446, 146585, 38.4, 50.5, 1.00
M, 746194, 408169, 835686, 1033709, 427727, 129224, 607432, 146571, 38.4, 50.5, 1.00
M, 746163, 408284, 835797, 1033673, 427879, 129264, 607580, 146600, 38.4, 50.5, 1.01
M, 746345, 408258, 835774, 1033559, 427858, 129281, 607578, 146554, 38.4, 50.5, 1.00
M, 746588, 408309, 836555, 1034231, 427930, 129308, 607690, 146643, 38.4, 50.5, 0.99
M, 746736, 408306, 836685, 1034305, 427924, 129333, 607740, 146662, 38.4, 50.5, 1.00
M, 746649, 408373, 836788, 1034456, 427998, 129371, 607720, 146730, 38.4, 50.5, 1.00
M, 747269, 408421, 837438, 1034968, 428113, 129417, 607921, 146775, 38.4, 50.5, 1.00
M, 747339, 408486, 837733, 1035008, 428174, 129458, 607990, 146787, 38.4, 50.5, 1.00
M, 747265, 408506, 837729, 1034830, 428209, 129410, 608022, 146752, 38.4, 50.5, 1.00
M, 747230, 408495, 837902, 1035095, 428207, 129443, 608032, 146745, 38.4, 50.5, 1.00
M, 747589, 408600, 838553, 1035533, 428299, 129484, 608185, 146833, 38.4, 50.5, 1.00
M, 747486, 408588, 838657, 1035720, 428336, 129519, 608157, 146855, 38.4, 50.5, 1.01
M, 749165, 408924, 840955, 1037826, 428667, 129751, 608608, 147196, 38.4, 50.5, 1.00
M, 748661, 408986, 840434, 1036913, 428734, 129562, 608534, 146956, 38.4, 50.5, 1.00
M, 748066, 408856, 839747, 1036241, 428559, 129529, 608418, 146859, 38.4, 50.5, 1.01
M, 747664, 408802, 839470, 1036058, 428472, 129580, 608330, 146855, 38.4, 50.5, 1.00
M, 747697, 408768, 839611, 1036100, 428507, 129619, 608357, 146908, 38.4, 50.5, 1.00
M, 747967, 408816, 840143, 1036503, 428578, 129593, 608461, 146913, 38.4, 50.5, 1.01
M, 747898, 408849, 840153, 1036171, 428561, 129629, 608497, 146931, 38.4, 50.5, 1.00
M, 747970, 408897, 840191, 1036151, 428594, 129577, 608475, 146855, 38.4, 50.5, 1.00
M, 747720, 408922, 840171, 1036103, 428649, 129650, 608502, 146888, 38.4, 50.5, 1.00
M, 747634, 408747, 840341, 1036180, 428554, 129634, 608546, 146876, 38.4, 50.5, 1.00
M, 747936, 408911, 840753, 1036526, 428679, 129658, 608636, 146986, 38.4, 50.5, 1.00
M, 748196, 409000, 841151, 1036808, 428735, 129730, 608732, 147037, 38.4, 50.5, 1.00
M, 748358, 409012, 841591, 1036962, 428812, 129738, 608812, 146978, 38.4, 50.5, 0.99
M, 748228, 408903, 841590, 1036795, 428844, 129724, 608756, 146940, 38.4, 50.5, 1.00
M, 748194, 408984, 841534, 1036891, 428736, 129682, 608765, 146975, 38.4, 50.5, 1.00
M, 748448, 409031, 842176, 1037108, 428865, 129755, 608857, 146997, 38.4, 50.5, 1.00
M, 748344, 409111, 842243, 1037317, 428874, 129763, 608919, 147066, 38.4, 50.5, 0.99
M, 748669, 409061, 842803, 1037805, 429009, 129844, 609033, 147062, 38.4, 50.5, 1.00
M, 748479, 409089, 842822, 1037413, 428941, 129790, 608915, 146984, 38.4, 50.5, 1.00
M, 748364, 409077, 842750, 1037312, 428951, 129817, 608943, 147048, 38.4, 50.5, 1.00
M, 749436, 409264, 844217, 1038819, 429233, 129966, 609252, 147345, 38.4, 50.5, 1.00
M, 749248, 409371, 844162, 1038510, 429239, 129909, 609277, 147203, 38.4, 50.6, 0.99
M, 749006, 409270, 844094, 1038272, 429128, 129945, 609195, 147150, 38.4, 50.6, 0.99
M, 749313, 409351, 844568, 1038572, 429239, 129963, 609257, 147235, 38.4, 50.6, 1.00
M, 749342, 409430, 844673, 1038520, 429252, 129941, 609269, 147215, 38.4, 50.6, 0.99
M, 749095, 409407, 844669, 1038289, 429161, 129966, 609261, 147156, 38.4, 50.6, 1.00
M, 749231, 409403, 844976, 1038566, 429276, 130012, 609296, 147205, 38.4, 50.6, 1.00
M, 748872, 409427, 844663, 1038129, 429273, 129950, 609267, 147163, 38.4, 50.6, 1.00
M, 748757, 409363, 844796, 1038017, 429214, 130012, 609274, 147045, 38.4, 50.6, 1.00
M, 748411, 409280, 844531, 1037694, 429175, 129938, 609233, 147026, 38.4, 50.6, 1.00
M, 748061, 409221, 844185, 1037465, 429111, 129898, 609139, 147004, 38.4, 50.6, 1.00
M, 748450, 409247, 844927, 1037833, 429194, 129996, 609255, 147160, 38.4, 50.6, 1.00
M, 748526, 409259, 845238, 1037980, 429178, 129949, 609296, 147126, 38.4, 50.6, 1.01
M, 748587, 409248, 845280, 1038007, 429254, 129953, 609316, 147126, 38.4, 50.6, 1.00
M, 748473, 409231, 845402, 1038024, 429213, 130000, 609303, 147168, 38.4, 50.6, 1.01
M, 749048, 409371, 846319, 1038678, 429318, 129977, 609464, 147189, 38.4, 50.6, 1.00
M, 748992, 409326, 846334, 1038619, 429367, 130002, 609517, 147188, 38.4, 50.6, 1.00
M, 748830, 409415, 846256, 1038553, 429358, 130020, 609474, 147203, 38.4, 50.6, 1.01
M, 749174, 409399, 846823, 1038881, 429407, 130114, 609646, 147290, 38.4, 50.6, 1.00
M, 749208, 409364, 847029, 1038747, 429441, 130054, 609601, 147259, 38.4, 50.6, 1.00
M, 750291, 409612, 848612, 1040197, 429653, 130262, 609852, 147529, 38.4, 50.6, 1.00
M, 749789, 409602, 848029, 1039553, 429636, 130153, 609780, 147329, 38.4, 50.6, 0.99
M, 749147, 409513, 847544, 1038813, 429528, 130120, 609647, 147214, 38.4, 50.6, 1.00
M, 748852, 409471, 847295, 1038713, 429429, 130118, 609580, 147250, 38.4, 50.6, 1.00
M, 748566, 409407, 847080, 1038344, 429385, 130073, 609514, 147167, 38.4, 50.6, 1.00
M, 748594, 409342, 847251, 1038138, 429394, 130028, 609525, 147130, 38.4, 50.6, 1.00
M, 748413, 409202, 847301, 1038018, 429359, 130036, 609544, 147121, 38.4, 50.6, 0.99
M, 748578, 409273, 847470, 1038476, 429364, 130093, 609604, 147179, 38.4, 50.6, 0.99
M, 748533, 409333, 847531, 1038080, 429440, 130063, 609627, 147167, 38.4, 50.6, 1.00
M, 748559, 409252, 847794, 1038306, 429372, 130119, 609568, 147149, 38.4, 50.6, 0.99
M, 748293, 409282, 847641, 1038007, 429441, 130098, 609602, 147151, 38.4, 50.6, 0.98
M, 748432, 409215, 847761, 1038045, 429339, 129994, 609550, 147069, 38.4, 50.6, 1.00
M, 748698, 409210, 848462, 1038680, 429467, 130177, 609706, 147238, 38.4, 50.6, 1.00
M, 748888, 409274, 848809, 1038981, 429536, 130181, 609787, 147251, 38.4, 50.6, 1.01
M, 748875, 409272, 848999, 1038955, 429543, 130217, 609783, 147338, 38.4, 50.6, 1.01
M, 749226, 409374, 849442, 1039294, 429661, 130223, 609865, 147388, 38.4, 50.6, 1.00
M, 749439, 409426, 849999, 1039506, 429733, 130261, 609952, 147385, 38.4, 50.6, 1.00
M, 749341, 409355, 849947, 1039341, 429641, 130281, 609946, 147355, 38.4, 50.6, 1.00
M, 749237, 409346, 849860, 1039285, 429670, 130298, 609923, 147404, 38.4, 50.6, 1.00
M, 749603, 409457, 850462, 1039695, 429748, 130371, 610087, 147436, 38.4, 50.6, 1.00
