State, OV, Alc, H2, AC1, NH3, AC2, VOC, LP, Temp, Hud, AirFlow
A, 656902, 350956, 1044636, 922954, 353729, 139484, 506726, 157111, 40.2, 49.2, 0.00
A, 645278, 347928, 1023984, 907319, 350424, 137458, 503069, 154042, 40.2, 49.2, 0.61
A, 636801, 345343, 1008598, 896163, 348168, 135885, 500940, 151874, 40.1, 49.2, 0.73
A, 630202, 343262, 996006, 887540, 346880, 134653, 500139, 150333, 40.1, 49.2, 0.83
A, 625197, 341779, 985238, 880761, 346319, 133449, 500325, 149121, 40.0, 49.1, 0.89
A, 622112, 340739, 976504, 875513, 346211, 132569, 501136, 148254, 40.0, 49.1, 0.94
A, 619932, 340115, 969104, 872133, 346583, 131697, 502135, 147614, 39.9, 49.0, 0.97
A, 618447, 339609, 961941, 869064, 347158, 130875, 503322, 147096, 39.9, 49.0, 0.98
A, 618041, 339334, 956559, 867415, 347721, 130221, 504479, 146827, 39.8, 49.0, 1.00
A, 618392, 339212, 952748, 867113, 348444, 129761, 505616, 146793, 39.8, 49.0, 1.00
A, 619034, 339332, 948085, 866598, 349295, 129209, 506922, 146659, 39.7, 48.9, 1.00
A, 619853, 339378, 945714, 867007, 349824, 128888, 507899, 146716, 39.7, 48.9, 0.99
A, 621896, 339610, 942524, 868126, 351031, 128475, 509537, 146765, 39.7, 48.9, 0.99
A, 623185, 339930, 940973, 869023, 351716, 128303, 510545, 146817, 39.7, 48.9, 1.00
A, 625272, 340286, 939648, 870711, 352590, 128052, 511720, 147095, 39.7, 48.9, 1.00
A, 627416, 340712, 938372, 872469, 353566, 127892, 513035, 147240, 39.6, 48.9, 0.99
A, 629352, 341154, 937378, 874304, 354402, 127724, 514147, 147376, 39.6, 48.9, 1.01
A, 631581, 341670, 936418, 876236, 355323, 127621, 515410, 147500, 39.5, 48.9, 1.00
A, 633906, 342283, 935328, 878074, 356322, 127426, 516757, 147641, 39.5, 48.9, 1.01
A, 636049, 342803, 934565, 880277, 357243, 127301, 517862, 147835, 39.5, 48.9, 1.00
A, 636363, 343209, 931212, 880060, 357847, 127082, 518660, 147522, 39.5, 48.9, 1.00
A, 634743, 342953, 924018, 877152, 357794, 126485, 518785, 146678, 39.4, 48.9, 1.00
A, 634563, 342706, 919600, 876238, 357934, 126075, 519217, 146473, 39.4, 48.9, 1.00
A, 638119, 343407, 921276, 880213, 359158, 126157, 520707, 146998, 39.4, 48.9, 1.00
A, 641296, 344181, 922723, 883897, 360252, 126224, 522186, 147507, 39.4, 48.9, 1.00
A, 644981, 345194, 924841, 887948, 361558, 126342, 523696, 148030, 39.4, 48.9, 1.01
A, 648023, 346092, 926173, 891345, 362664, 126488, 525002, 148438, 39.4, 48.9, 1.00
A, 651145, 347061, 927717, 894796, 363784, 126673, 526473, 148787, 39.4, 48.9, 1.01
A, 654429, 348241, 928862, 897834, 364934, 126736, 527840, 148962, 39.4, 48.9, 1.00
A, 656517, 349050, 929200, 900715, 365956, 126740, 528854, 149189, 39.3, 49.0, 1.01
A, 658758, 349941, 929617, 903142, 366816, 126782, 529999, 149410, 39.3, 49.0, 1.01
A, 661302, 351034, 930100, 905829, 367861, 126855, 531327, 149605, 39.3, 49.0, 1.00
A, 662824, 351695, 930416, 907732, 368438, 126947, 532055, 149792, 39.3, 49.0, 1.00
A, 665414, 352914, 930740, 910572, 369635, 127059, 533405, 149889, 39.3, 49.0, 0.99
A, 666945, 353592, 930934, 912151, 370197, 127021, 534124, 149954, 39.3, 49.0, 0.99
A, 668675, 354433, 931555, 914534, 370992, 127023, 534998, 150207, 39.3, 49.0, 1.01
A, 670498, 355292, 931859, 916628, 371785, 127103, 535981, 150298, 39.3, 49.0, 0.99
A, 671883, 356116, 931923, 918322, 372469, 127259, 536851, 150435, 39.3, 49.0, 0.99
A, 673736, 357051, 932651, 920619, 373353, 127338, 537752, 150689, 39.2, 49.0, 1.00
A, 675504, 358035, 932959, 922486, 374073, 127379, 538704, 150661, 39.2, 49.0, 1.00
A, 678370, 359119, 935270, 926014, 375047, 127486, 539805, 151052, 39.2, 49.1, 1.00
A, 679637, 360015, 935249, 927515, 375786, 127637, 540643, 151149, 39.2, 49.1, 1.00
A, 680590, 360812, 934970, 928552, 376277, 127590, 541325, 151062, 39.2, 49.1, 0.99
A, 681636, 361605, 934960, 930128, 376908, 127640, 542047, 151211, 39.2, 49.1, 1.00
A, 682596, 362284, 934885, 931389, 377489, 127636, 542688, 151250, 39.2, 49.1, 0.99
A, 684009, 363268, 935186, 933050, 378138, 127718, 543505, 151331, 39.2, 49.1, 1.00
A, 684832, 363977, 934842, 934149, 378668, 127649, 544167, 151325, 39.1, 49.1, 0.99
A, 685758, 364684, 934664, 935370, 379225, 127762, 544747, 151437, 39.1, 49.1, 1.00
A, 686609, 365270, 934516, 936485, 379665, 127790, 545321, 151388, 39.1, 49.2, 0.99
A, 687739, 366112, 934614, 937656, 380203, 127747, 546064, 151444, 39.1, 49.2, 1.00
A, 688360, 366862, 934290, 938697, 380685, 127726, 546599, 151418, 39.1, 49.2, 0.99
A, 689289, 367455, 934313, 939917, 381153, 127794, 547169, 151504, 39.1, 49.2, 1.01
A, 689810, 368206, 933690, 940683, 381706, 127741, 547805, 151408, 39.1, 49.2, 1.01
A, 690389, 368575, 933607, 941561, 382024, 127808, 548178, 151544, 39.1, 49.2, 0.99
A, 691395, 369588, 933380, 942646, 382625, 127731, 548916, 151503, 39.1, 49.3, 1.01
A, 691975, 369948, 933398, 943399, 382896, 127772, 549308, 151511, 39.1, 49.3, 1.00
A, 692629, 370604, 933322, 944528, 383283, 127855, 549832, 151604, 39.1, 49.3, 1.00
A, 693348, 371133, 933407, 945701, 383848, 127886, 550388, 151678, 39.1, 49.3, 1.00
A, 694136, 371618, 933286, 946498, 384190, 127870, 550836, 151747, 39.1, 49.3, 1.01
A, 695449, 372396, 934280, 948223, 384755, 127989, 551501, 151845, 39.1, 49.3, 0.99
A, 698342, 373469, 937383, 951867, 385625, 128252, 552616, 152344, 39.1, 49.3, 0.99
A, 698737, 374248, 937092, 952453, 386134, 128242, 553074, 152360, 39.1, 49.3, 0.99
A, 699378, 374805, 937254, 953560, 386511, 128364, 553534, 152354, 39.1, 49.3, 1.01
A, 699841, 375281, 937109, 954189, 386814, 128326, 553899, 152363, 39.0, 49.4, 1.00
A, 700150, 375838, 936665, 954823, 387095, 128376, 554321, 152369, 39.0, 49.4, 1.01
A, 700988, 376478, 937158, 955888, 387526, 128414, 554874, 152436, 39.0, 49.4, 1.00
A, 701653, 377073, 937253, 956699, 387967, 128482, 555310, 152419, 39.0, 49.4, 1.00
A, 701866, 377447, 936874, 957260, 388269, 128424, 555679, 152413, 39.0, 49.4, 1.00
A, 702483, 378016, 936995, 958032, 388587, 128503, 556105, 152507, 39.0, 49.4, 1.00
A, 702873, 378396, 936925, 958699, 388882, 128465, 556493, 152471, 39.0, 49.5, 1.00
A, 703422, 379006, 937090, 959699, 389207, 128527, 556852, 152523, 39.0, 49.5, 1.00
A, 703954, 379528, 936970, 960212, 389601, 128459, 557282, 152465, 39.0, 49.5, 0.99
A, 704157, 379934, 936774, 960870, 389788, 128515, 557582, 152386, 39.0, 49.5, 1.01
A, 704432, 380409, 936434, 961259, 390231, 128571, 557987, 152483, 39.0, 49.5, 1.01
A, 704756, 380748, 936340, 961858, 390375, 128612, 558265, 152518, 39.0, 49.5, 1.01
A, 705263, 381330, 936267, 962434, 390839, 128542, 558710, 152422, 39.0, 49.5, 0.99
A, 705521, 381607, 936111, 962821, 390924, 128588, 558935, 152425, 39.0, 49.5, 1.00
A, 705888, 381975, 936059, 963504, 391185, 128607, 559266, 152502, 39.0, 49.5, 1.00
A, 706425, 382353, 936213, 964184, 391407, 128588, 559659, 152564, 39.0, 49.5, 1.00
A, 706745, 382706, 936347, 964922, 391744, 128653, 559951, 152588, 39.0, 49.5, 1.00
A, 709021, 383422, 939333, 967962, 392426, 128984, 560788, 153076, 38.9, 49.6, 1.00
A, 709537, 384053, 938957, 968141, 392812, 128879, 561151, 153018, 38.9, 49.6, 1.00
A, 709478, 384329, 938608, 968376, 392969, 128920, 561319, 152926, 38.9, 49.6, 1.00
A, 709465, 384673, 938309, 968757, 393105, 128908, 561563, 152847, 38.9, 49.6, 1.00
A, 709585, 384937, 937997, 969090, 393314, 128847, 561827, 152793, 38.9, 49.6, 1.00
A, 709766, 385251, 937738, 969226, 393486, 128913, 562047, 152792, 38.9, 49.6, 0.99
A, 710259, 385591, 938102, 970038, 393810, 128976, 562404, 152886, 38.9, 49.6, 0.99
A, 710460, 385954, 937917, 970471, 394057, 128970, 562695, 152852, 38.9, 49.6, 1.01
A, 710652, 386251, 937628, 970666, 394176, 128905, 562857, 152812, 38.9, 49.7, 0.99
A, 711030, 386540, 937989, 971522, 394387, 129026, 563172, 152786, 38.9, 49.7, 1.00
A, 711209, 386876, 937890, 971951, 394661, 129056, 563432, 152871, 38.9, 49.7, 0.99
A, 711400, 387194, 937773, 972285, 394823, 129037, 563665, 152915, 38.9, 49.7, 1.00
A, 711852, 387495, 937819, 972629, 395116, 129114, 563997, 152833, 38.9, 49.7, 1.00
A, 712005, 387751, 937735, 973081, 395191, 128999, 564230, 152893, 38.9, 49.7, 1.00
A, 712061, 388147, 937359, 973325, 395516, 129012, 564492, 152854, 38.9, 49.8, 0.99
A, 712284, 388236, 937366, 973697, 395580, 129034, 564654, 152802, 38.9, 49.8, 1.00
A, 712758, 388534, 937878, 974574, 395794, 129080, 565001, 152918, 38.9, 49.8, 1.00
A, 713211, 388887, 938047, 975181, 396089, 129168, 565240, 153001, 38.9, 49.8, 1.00
A, 713586, 389153, 938212, 975495, 396330, 129185, 565573, 152983, 38.9, 49.8, 1.00
A, 713636, 389383, 937964, 975654, 396400, 129184, 565728, 152894, 38.8, 49.8, 1.01
A, 715262, 389855, 940213, 978241, 396892, 129333, 566277, 153306, 38.8, 49.8, 1.01
A, 715519, 390247, 940228, 978570, 397186, 129390, 566568, 153351, 38.8, 49.8, 1.00
A, 715577, 390403, 939913, 978603, 397259, 129355, 566717, 153286, 38.8, 49.8, 1.00
A, 715917, 390804, 940120, 979088, 397435, 129432, 566863, 153272, 38.8, 49.8, 1.00
A, 715763, 391009, 939709, 979148, 397617, 129375, 567097, 153191, 38.8, 49.8, 1.00
A, 715632, 391068, 939251, 979089, 397688, 129403, 567188, 153119, 38.8, 49.9, 1.01
A, 715618, 391227, 939046, 979414, 397730, 129342, 567372, 153048, 38.8, 49.9, 1.00
A, 715903, 391475, 939227, 979773, 397958, 129452, 567593, 153120, 38.8, 49.9, 1.00
A, 715773, 391681, 938917, 979922, 398088, 129438, 567686, 153117, 38.8, 49.9, 1.00
A, 716269, 391914, 939204, 980412, 398290, 129475, 567926, 153140, 38.8, 49.9, 1.01
A, 716549, 392106, 939418, 980825, 398455, 129458, 568161, 153099, 38.8, 49.9, 1.00
A, 716396, 392242, 939027, 980932, 398622, 129510, 568305, 153039, 38.8, 49.9, 1.01
A, 716708, 392488, 939105, 981253, 398717, 129459, 568512, 153113, 38.8, 49.9, 1.00
A, 716735, 392651, 938796, 981272, 398943, 129486, 568702, 153048, 38.8, 50.0, 1.01
A, 716710, 392718, 938543, 981378, 398948, 129452, 568771, 153051, 38.8, 50.0, 1.00
A, 716773, 393002, 938402, 981522, 399107, 129489, 569016, 152978, 38.8, 50.0, 1.00
A, 716814, 392978, 938302, 981862, 399178, 129502, 569048, 152944, 38.8, 50.0, 1.00
A, 717187, 393279, 938617, 982468, 399308, 129516, 569262, 153108, 38.8, 50.0, 0.99
A, 717352, 393428, 938685, 982775, 399521, 129556, 569522, 153097, 38.8, 50.0, 1.00
A, 717758, 393607, 938778, 983008, 399694, 129548, 569645, 153018, 38.8, 50.0, 1.00
A, 719047, 393923, 940780, 984978, 400019, 129746, 570082, 153511, 38.8, 50.0, 1.00
A, 719334, 394336, 940953, 985578, 400310, 129754, 570349, 153354, 38.8, 50.0, 1.00
A, 719079, 394350, 940407, 985122, 400268, 129703, 570375, 153254, 38.8, 50.0, 1.00
A, 719155, 394491, 940394, 985417, 400317, 129685, 570449, 153236, 38.8, 50.0, 1.00
A, 719166, 394608, 940210, 985618, 400480, 129763, 570662, 153212, 38.8, 50.0, 1.00
A, 719252, 394722, 939812, 985364, 400632, 129720, 570716, 153148, 38.8, 50.0, 1.00
A, 719183, 394905, 939672, 985327, 400618, 129746, 570854, 153111, 38.8, 50.1, 1.00
A, 719045, 395015, 939524, 985715, 400726, 129721, 570955, 153119, 38.8, 50.1, 1.00
A, 719302, 395100, 939728, 986132, 400890, 129690, 571153, 153166, 38.8, 50.1, 0.99
A, 719273, 395155, 939412, 986072, 400934, 129751, 571294, 153186, 38.8, 50.1, 0.99
A, 719704, 395472, 940042, 986685, 401118, 129859, 571548, 153241, 38.8, 50.1, 1.00
A, 719611, 395544, 939584, 986623, 401239, 129849, 571612, 153150, 38.8, 50.1, 1.00
A, 719677, 395657, 939622, 986864, 401287, 129805, 571722, 153111, 38.8, 50.1, 1.00
A, 719939, 395829, 939853, 987372, 401399, 129863, 571892, 153123, 38.8, 50.1, 1.00
A, 719731, 395970, 939345, 987090, 401549, 129808, 571959, 153108, 38.8, 50.1, 1.00
A, 719762, 395917, 939169, 987356, 401517, 129795, 572077, 153154, 38.8, 50.1, 1.00
A, 719988, 396151, 939222, 987485, 401735, 129823, 572255, 153041, 38.8, 50.2, 1.00
A, 719967, 396176, 939248, 987631, 401801, 129848, 572276, 153057, 38.8, 50.2, 1.00
A, 720161, 396241, 939301, 988069, 401791, 129843, 572454, 153147, 38.8, 50.2, 1.00
A, 720266, 396341, 939124, 988066, 401923, 129891, 572454, 153085, 38.8, 50.2, 1.00
A, 721867, 396677, 941655, 990467, 402316, 130038, 573010, 153476, 38.8, 50.2, 1.00
A, 722299, 396932, 941926, 990756, 402580, 130150, 573339, 153547, 38.8, 50.2, 1.00
A, 722220, 397076, 941696, 990580, 402655, 130044, 573375, 153353, 38.8, 50.2, 1.00
A, 722051, 397239, 941477, 990526, 402656, 130144, 573396, 153307, 38.8, 50.2, 1.00
A, 721367, 397104, 940443, 990068, 402606, 130081, 573365, 153189, 38.8, 50.2, 1.01
A, 720954, 397074, 939853, 989792, 402618, 130087, 573357, 153145, 38.8, 50.2, 1.01
A, 719950, 397056, 937938, 988289, 402502, 129914, 573194, 152805, 38.8, 50.2, 1.01
A, 720364, 396912, 938084, 988617, 402457, 129889, 573284, 152914, 38.8, 50.3, 0.99
A, 720349, 396998, 938425, 989185, 402589, 129911, 573452, 152960, 38.8, 50.3, 1.00
A, 721114, 397124, 939039, 989848, 402766, 129991, 573679, 153014, 38.7, 50.3, 1.00
A, 721228, 397315, 939266, 990314, 402905, 129990, 573856, 153070, 38.7, 50.3, 1.01
A, 721679, 397496, 939850, 990918, 403092, 130113, 574014, 153183, 38.7, 50.3, 0.99
A, 722021, 397621, 939928, 991041, 403275, 130047, 574184, 153119, 38.7, 50.3, 1.00
A, 721929, 397604, 939916, 991077, 403298, 130036, 574261, 153105, 38.7, 50.3, 1.00
A, 722195, 397721, 940116, 991735, 403407, 130114, 574399, 153199, 38.7, 50.3, 1.01
A, 722163, 397865, 939641, 991418, 403541, 130116, 574515, 153060, 38.7, 50.3, 0.99
A, 722140, 397848, 939737, 991626, 403449, 130039, 574421, 153125, 38.7, 50.3, 1.01
A, 722222, 398050, 939707, 991922, 403649, 130110, 574610, 153059, 38.7, 50.3, 1.00
A, 722289, 398083, 939730, 992035, 403734, 130090, 574715, 153076, 38.7, 50.3, 1.00
A, 722695, 398172, 940218, 992584, 403799, 130149, 574905, 153135, 38.7, 50.3, 1.00
A, 724598, 398551, 942915, 995181, 404307, 130410, 575441, 153564, 38.7, 50.3, 1.00
A, 724488, 398799, 942723, 995010, 404457, 130447, 575528, 153506, 38.7, 50.3, 1.00
A, 724705, 398941, 942762, 995245, 404475, 130517, 575652, 153552, 38.7, 50.3, 1.00
A, 724637, 399039, 942731, 995181, 404548, 130424, 575670, 153402, 38.7, 50.3, 1.01
A, 724274, 398984, 942411, 994933, 404586, 130437, 575677, 153325, 38.7, 50.4, 1.00
A, 724334, 399093, 942295, 995177, 404577, 130449, 575694, 153354, 38.7, 50.4, 1.01
A, 724251, 399101, 942015, 994989, 404596, 130481, 575783, 153338, 38.7, 50.4, 1.00
A, 724186, 399157, 942004, 995104, 404647, 130482, 575850, 153315, 38.7, 50.4, 1.00
A, 724274, 399296, 942309, 995364, 404701, 130492, 575982, 153357, 38.7, 50.4, 1.00
A, 724461, 399349, 942282, 995295, 404778, 130454, 576057, 153273, 38.7, 50.4, 1.00
A, 724193, 399319, 942085, 995324, 404816, 130474, 576052, 153215, 38.7, 50.4, 1.00
A, 724198, 399444, 942048, 995397, 404824, 130520, 576131, 153218, 38.7, 50.4, 0.99
A, 724102, 399419, 941763, 995549, 404874, 130557, 576151, 153245, 38.7, 50.5, 1.00
A, 724416, 399526, 942059, 995473, 404976, 130523, 576287, 153148, 38.7, 50.5, 1.01
A, 724171, 399508, 941558, 995293, 404979, 130525, 576219, 153092, 38.7, 50.5, 1.01
A, 724242, 399590, 941893, 995757, 405107, 130508, 576434, 153187, 38.7, 50.5, 0.99
A, 724046, 399640, 941361, 995339, 405149, 130488, 576374, 153093, 38.7, 50.5, 1.00
A, 723935, 399573, 941347, 995498, 405087, 130493, 576411, 153134, 38.7, 50.5, 1.00
A, 723800, 399652, 940761, 995181, 405104, 130395, 576489, 153043, 38.7, 50.5, 1.01
A, 723864, 399528, 940904, 995051, 405108, 130445, 576522, 153024, 38.7, 50.5, 1.00
A, 725765, 399918, 943673, 997916, 405525, 130733, 576983, 153456, 38.7, 50.5, 1.00
A, 725630, 400076, 943499, 997736, 405670, 130720, 577091, 153380, 38.7, 50.5, 1.00
A, 725387, 400098, 943034, 997524, 405729, 130689, 577041, 153357, 38.7, 50.5, 1.00
A, 725582, 400221, 943240, 997706, 405706, 130675, 577142, 153396, 38.7, 50.5, 1.00
A, 725416, 400255, 943059, 997546, 405718, 130698, 577248, 153301, 38.7, 50.5, 1.00
A, 725213, 400210, 942679, 997346, 405726, 130653, 577192, 153190, 38.7, 50.5, 1.00
A, 725023, 400241, 942628, 997234, 405735, 130655, 577155, 153159, 38.7, 50.5, 1.00
A, 725132, 400238, 942807, 997599, 405787, 130703, 577338, 153148, 38.7, 50.6, 1.00
A, 725073, 400241, 942465, 997398, 405757, 130676, 577299, 153148, 38.7, 50.6, 1.00
A, 725183, 400373, 942781, 997841, 405921, 130708, 577442, 153291, 38.7, 50.6, 1.00
A, 725487, 400445, 943046, 997907, 405920, 130658, 577457, 153138, 38.7, 50.6, 1.00
A, 725318, 400394, 942844, 997835, 405954, 130646, 577511, 153173, 38.7, 50.6, 1.00
A, 725402, 400495, 942797, 998063, 406021, 130700, 577596, 153195, 38.7, 50.6, 0.99
A, 725328, 400543, 942745, 997968, 406062, 130705, 577566, 153147, 38.7, 50.6, 1.01
A, 725624, 400559, 943159, 998504, 406166, 130759, 577800, 153247, 38.7, 50.6, 1.00
A, 725512, 400652, 942819, 998301, 406241, 130787, 577817, 153110, 38.7, 50.6, 0.99
A, 725487, 400606, 943031, 998299, 406211, 130788, 577892, 153145, 38.7, 50.6, 1.01
A, 725396, 400645, 942644, 998251, 406285, 130741, 577885, 153171, 38.7, 50.6, 0.99
A, 725344, 400622, 942655, 998382, 406270, 130740, 577846, 153142, 38.7, 50.6, 1.00
A, 725630, 400741, 942954, 998606, 406284, 130783, 577990, 153194, 38.7, 50.6, 1.01
A, 727379, 401004, 945469, 1000788, 406703, 130959, 578470, 153581, 38.7, 50.6, 0.99
A, 727372, 401306, 945476, 1000850, 406926, 130940, 578559, 153508, 38.7, 50.6, 0.99
A, 727104, 401254, 944906, 1000364, 406762, 131038, 578440, 153369, 38.7, 50.7, 0.99
A, 726622, 401146, 944635, 1000105, 406780, 130945, 578420, 153289, 38.7, 50.7, 1.00
A, 726590, 401174, 944475, 1000128, 406786, 130925, 578468, 153147, 38.7, 50.7, 1.00
A, 726206, 401041, 943984, 999813, 406745, 130937, 578408, 153246, 38.7, 50.7, 1.01
A, 726337, 401148, 944105, 1000054, 406842, 130976, 578470, 153265, 38.7, 50.7, 1.00
A, 726390, 401181, 944286, 1000003, 406823, 130915, 578539, 153154, 38.7, 50.7, 1.00
A, 726231, 401118, 944068, 999902, 406765, 130913, 578541, 153053, 38.7, 50.7, 1.00
A, 726056, 401098, 943760, 999826, 406825, 130983, 578533, 153128, 38.7, 50.7, 1.00
A, 726370, 401217, 944116, 1000104, 406922, 130936, 578624, 153166, 38.7, 50.7, 1.00
A, 726310, 401216, 944202, 1000168, 406954, 131014, 578709, 153222, 38.7, 50.7, 1.00
A, 726573, 401311, 944612, 1000639, 407016, 131073, 578827, 153257, 38.7, 50.7, 1.00
A, 726720, 401358, 944725, 1000609, 407127, 131015, 578927, 153227, 38.7, 50.7, 1.00
A, 726583, 401402, 944580, 1000571, 407087, 130975, 578844, 153167, 38.6, 50.7, 1.00
A, 726595, 401374, 944671, 1000804, 407167, 131098, 578933, 153177, 38.6, 50.7, 0.99
A, 726484, 401371, 944161, 1000346, 407176, 131028, 578961, 153192, 38.6, 50.7, 1.00
A, 726396, 401307, 943968, 1000255, 407123, 130997, 578970, 153019, 38.6, 50.7, 0.99
A, 726007, 401301, 943609, 1000043, 407150, 131000, 578903, 152997, 38.6, 50.7, 1.00
A, 725886, 401355, 943597, 1000123, 407088, 130955, 578913, 153009, 38.6, 50.7, 1.00
A, 727759, 401519, 946346, 1002527, 407508, 131173, 579308, 153452, 38.6, 50.7, 1.00
A, 727575, 401654, 946141, 1002283, 407614, 131232, 579414, 153323, 38.6, 50.8, 1.00
A, 727525, 401697, 945681, 1001904, 407555, 131139, 579373, 153236, 38.6, 50.8, 1.00
A, 727178, 401658, 945371, 1001813, 407401, 131208, 579378, 153250, 38.6, 50.8, 1.00
A, 727433, 401722, 945966, 1002133, 407541, 131131, 579457, 153205, 38.6, 50.8, 1.00
A, 727207, 401691, 945579, 1001919, 407520, 131123, 579358, 153176, 38.6, 50.8, 0.99
A, 727141, 401707, 945601, 1002029, 407575, 131200, 579523, 153235, 38.6, 50.8, 1.01
A, 727245, 401751, 945517, 1001930, 407579, 131229, 579503, 153253, 38.6, 50.8, 1.00
A, 727134, 401785, 945397, 1001720, 407642, 131182, 579513, 153162, 38.6, 50.8, 1.01
A, 726904, 401760, 944909, 1001439, 407579, 131155, 579507, 153115, 38.6, 50.8, 1.01
A, 726780, 401788, 945042, 1001437, 407573, 131201, 579589, 153083, 38.6, 50.8, 1.00
A, 727005, 401767, 945252, 1001854, 407642, 131183, 579609, 153123, 38.6, 50.8, 1.00
A, 726758, 401722, 945037, 1001658, 407627, 131148, 579591, 153058, 38.6, 50.8, 1.00
A, 727058, 401759, 945301, 1002077, 407709, 131209, 579684, 153207, 38.6, 50.8, 1.00
A, 727065, 401815, 945431, 1001927, 407726, 131197, 579681, 153103, 38.6, 50.8, 1.00
A, 727004, 401830, 945205, 1001802, 407735, 131202, 579702, 153006, 38.6, 50.8, 0.99
A, 727016, 401845, 945340, 1002204, 407785, 131201, 579782, 153083, 38.6, 50.8, 1.00
A, 726785, 401794, 944818, 1001584, 407842, 131203, 579725, 152979, 38.6, 50.8, 0.99
A, 726638, 401681, 944837, 1001732, 407745, 131196, 579734, 153075, 38.6, 50.8, 1.00
A, 726654, 401825, 944622, 1001494, 407887, 131220, 579791, 152922, 38.6, 50.8, 1.00
A, 727946, 401863, 946681, 1003135, 408008, 131306, 580105, 153301, 38.6, 50.8, 0.99
A, 728049, 402072, 946918, 1003524, 408116, 131303, 580126, 153218, 38.6, 50.8, 1.00
A, 727916, 402047, 946751, 1003350, 408116, 131320, 580137, 153160, 38.6, 50.9, 1.00
A, 727826, 401973, 946338, 1003191, 408174, 131355, 580127, 153210, 38.6, 50.9, 1.02
A, 728059, 402130, 946729, 1003457, 408195, 131377, 580219, 153237, 38.6, 50.9, 1.00
A, 727895, 402080, 946755, 1003384, 408245, 131381, 580245, 153152, 38.6, 50.9, 1.01
A, 727640, 402059, 946251, 1003090, 408186, 131303, 580222, 153099, 38.6, 50.9, 1.00
A, 727577, 402066, 946228, 1002943, 408180, 131376, 580223, 153141, 38.6, 50.9, 1.00
A, 727607, 402084, 946471, 1003332, 408272, 131392, 580279, 153108, 38.6, 50.9, 1.01
A, 727566, 402096, 946305, 1003265, 408137, 131427, 580284, 153131, 38.6, 50.9, 1.01
A, 727839, 402092, 946660, 1003489, 408327, 131385, 580356, 153114, 38.6, 50.9, 0.99
A, 727922, 402152, 946907, 1003608, 408323, 131363, 580452, 153103, 38.6, 50.9, 1.00
A, 727701, 402185, 946661, 1003419, 408321, 131377, 580384, 153050, 38.6, 50.9, 1.01
A, 727878, 402161, 946744, 1003611, 408367, 131432, 580452, 153129, 38.6, 50.9, 1.00
A, 727773, 402188, 946622, 1003618, 408375, 131394, 580470, 153110, 38.6, 50.9, 1.01
A, 727762, 402115, 946670, 1003447, 408411, 131383, 580483, 153067, 38.6, 50.9, 1.00
A, 727555, 402133, 946259, 1003216, 408356, 131367, 580437, 153027, 38.6, 50.9, 1.00
A, 727732, 402115, 946633, 1003420, 408391, 131398, 580503, 153031, 38.6, 50.9, 1.01
A, 727346, 402161, 946118, 1003004, 408373, 131339, 580460, 152932, 38.6, 50.9, 1.00
A, 727218, 401978, 946021, 1003088, 408230, 131371, 580449, 152946, 38.6, 50.9, 1.00
A, 729481, 402577, 949350, 1005864, 408873, 131634, 581091, 153465, 38.6, 50.9, 1.00
A, 729230, 402578, 948888, 1005276, 408817, 131622, 580986, 153250, 38.6, 50.9, 1.01
A, 728863, 402598, 948526, 1005285, 408793, 131635, 580975, 153283, 38.6, 50.9, 1.01
A, 728576, 402494, 948344, 1005055, 408767, 131536, 580937, 153201, 38.6, 50.9, 1.00
A, 728502, 402480, 948111, 1004670, 408739, 131547, 580875, 153174, 38.6, 50.9, 1.00
A, 728282, 402405, 947916, 1004685, 408693, 131575, 580854, 153126, 38.6, 50.9, 1.01
A, 728291, 402435, 947701, 1004287, 408729, 131563, 580860, 153061, 38.6, 50.9, 1.01
A, 728080, 402397, 947412, 1003927, 408689, 131533, 580824, 153006, 38.6, 51.0, 1.00
A, 727768, 402305, 947226, 1004038, 408626, 131526, 580817, 153009, 38.6, 51.0, 1.00
A, 728011, 402398, 947596, 1004277, 408723, 131586, 580871, 153069, 38.6, 51.0, 1.00
A, 728058, 402425, 947337, 1004219, 408743, 131621, 580900, 153101, 38.6, 51.0, 0.99
A, 728204, 402422, 947847, 1004486, 408766, 131505, 581001, 153123, 38.6, 51.0, 1.00
A, 728161, 402367, 947865, 1004596, 408815, 131624, 581036, 153068, 38.6, 51.0, 1.00
A, 728001, 402357, 947679, 1004318, 408800, 131562, 580969, 152970, 38.6, 51.0, 0.99
A, 728201, 402407, 947945, 1004670, 408807, 131597, 581097, 153016, 38.6, 51.0, 1.00
A, 728194, 402354, 947972, 1004655, 408866, 131558, 581069, 153067, 38.6, 51.0, 1.00
A, 728230, 402360, 948047, 1004829, 408871, 131618, 581127, 153088, 38.6, 51.0, 1.00
A, 728447, 402521, 948129, 1004582, 408936, 131604, 581193, 153026, 38.6, 51.0, 1.00
A, 728132, 402342, 948055, 1004873, 408938, 131627, 581172, 153024, 38.6, 51.0, 1.00
A, 728021, 402483, 947771, 1004484, 408974, 131598, 581149, 153012, 38.6, 51.0, 1.00
A, 729358, 402613, 949597, 1006157, 409140, 131846, 581424, 153366, 38.6, 51.0, 1.00
A, 729011, 402832, 949160, 1005704, 409261, 131763, 581493, 153200, 38.6, 51.0, 1.00
A, 728709, 402584, 948871, 1005373, 409103, 131713, 581399, 153124, 38.6, 51.0, 0.99
A, 728832, 402660, 949043, 1005441, 409081, 131677, 581397, 153111, 38.6, 51.0, 1.00
A, 728672, 402592, 948903, 1005372, 409036, 131630, 581387, 153053, 38.6, 51.0, 1.00
A, 728419, 402537, 948634, 1005200, 409084, 131744, 581366, 153095, 38.6, 51.0, 1.00
A, 728555, 402606, 948927, 1005563, 409117, 131790, 581433, 153115, 38.6, 51.0, 1.00
A, 728660, 402664, 948973, 1005364, 409075, 131733, 581450, 153049, 38.6, 51.0, 1.00
A, 728387, 402567, 948666, 1005097, 409071, 131699, 581430, 152974, 38.6, 51.0, 1.00
A, 728119, 402574, 948374, 1005140, 409088, 131723, 581373, 152969, 38.6, 51.0, 1.00
A, 728435, 402603, 948738, 1005414, 409109, 131764, 581497, 153011, 38.6, 51.0, 1.01
A, 728357, 402537, 948763, 1005340, 409129, 131744, 581472, 153038, 38.6, 51.0, 1.00
A, 728715, 402607, 949251, 1005723, 409201, 131777, 581529, 153096, 38.6, 51.0, 1.00
A, 728834, 402637, 949192, 1005550, 409223, 131735, 581562, 153093, 38.6, 51.0, 0.99
A, 728654, 402684, 949173, 1005399, 409244, 131830, 581563, 153071, 38.6, 51.0, 1.00
A, 728759, 402685, 949329, 1005828, 409275, 131784, 581657, 153051, 38.6, 51.0, 1.00
A, 728639, 402635, 949223, 1005750, 409267, 131811, 581626, 153044, 38.6, 51.1, 0.99
A, 728478, 402503, 948954, 1005512, 409204, 131741, 581532, 153066, 38.6, 51.1, 1.01
A, 728755, 402743, 949354, 1005757, 409300, 131775, 581688, 153041, 38.6, 51.1, 1.00
A, 728489, 402659, 949103, 1005626, 409301, 131761, 581624, 153015, 38.6, 51.1, 1.00
A, 730338, 403022, 951875, 1007798, 409695, 132079, 582147, 153474, 38.6, 51.1, 1.00
A, 730167, 403041, 951565, 1007603, 409736, 132033, 582097, 153272, 38.6, 51.1, 1.00
A, 729432, 403004, 950760, 1006862, 409704, 131969, 582007, 153222, 38.6, 51.1, 1.00
A, 729213, 402894, 950161, 1006269, 409543, 131907, 581905, 153079, 38.6, 51.1, 0.99
A, 729186, 402919, 950417, 1006547, 409500, 131891, 581848, 153046, 38.6, 51.1, 1.00
A, 728885, 402930, 950134, 1006314, 409460, 131904, 581835, 153001, 38.6, 51.1, 1.00
A, 728642, 402782, 949836, 1006163, 409460, 131911, 581805, 153031, 38.6, 51.1, 1.00
A, 729012, 402843, 950188, 1006273, 409489, 131933, 581889, 153086, 38.6, 51.1, 1.00
A, 728925, 402790, 950042, 1006128, 409567, 131886, 581881, 153033, 38.6, 51.1, 0.99
A, 728645, 402720, 949813, 1005821, 409460, 131867, 581804, 152977, 38.6, 51.1, 1.00
A, 728770, 402692, 949960, 1006014, 409508, 131874, 581881, 152986, 38.6, 51.1, 1.01
A, 728738, 402784, 950025, 1006016, 409491, 131895, 581862, 153002, 38.6, 51.1, 1.00
A, 728480, 402683, 949783, 1006010, 409491, 131874, 581847, 153016, 38.6, 51.1, 1.01
A, 728779, 402774, 950256, 1006345, 409561, 131944, 581908, 153030, 38.6, 51.1, 0.99
A, 728913, 402739, 950301, 1006212, 409581, 131909, 581889, 152951, 38.6, 51.1, 1.01
A, 728771, 402755, 950126, 1006079, 409519, 131970, 581978, 152964, 38.6, 51.1, 1.00
A, 728736, 402727, 950237, 1006420, 409556, 131949, 581992, 153012, 38.6, 51.1, 1.00
A, 728792, 402720, 950193, 1006232, 409581, 131856, 581901, 153017, 38.6, 51.1, 1.00
A, 728778, 402729, 950274, 1006337, 409524, 131941, 581929, 152968, 38.6, 51.1, 0.99
A, 728759, 402731, 950099, 1006147, 409570, 131889, 582102, 152998, 38.6, 51.1, 1.00
A, 730279, 402886, 952449, 1007988, 409838, 132074, 582358, 153285, 38.6, 51.1, 1.00
A, 729764, 403143, 951757, 1007380, 409906, 132051, 582358, 153147, 38.6, 51.1, 1.00
A, 729416, 402920, 951435, 1007187, 409824, 132053, 582259, 153057, 38.6, 51.1, 1.00
A, 729442, 402925, 951337, 1007164, 409733, 132019, 582213, 153096, 38.6, 51.1, 0.99
A, 729347, 402908, 951293, 1007101, 409761, 132086, 582254, 153158, 38.6, 51.1, 1.00
A, 728934, 402788, 950960, 1006542, 409681, 131974, 582147, 152916, 38.6, 51.1, 1.00
A, 728634, 402792, 950440, 1006123, 409668, 131906, 582101, 152873, 38.6, 51.1, 1.00
A, 728594, 402699, 950375, 1006162, 409614, 131915, 582081, 152874, 38.6, 51.1, 1.01
A, 728947, 402880, 951006, 1006598, 409673, 131962, 582217, 152944, 38.6, 51.1, 0.99
A, 728800, 402763, 950909, 1006640, 409674, 131988, 582187, 152970, 38.6, 51.1, 1.00
A, 729178, 402797, 951397, 1007093, 409844, 132084, 582290, 153067, 38.6, 51.2, 1.00
A, 729214, 402825, 951484, 1007084, 409801, 132095, 582275, 153025, 38.6, 51.2, 1.00
A, 729105, 402804, 951298, 1006903, 409815, 132029, 582281, 152989, 38.6, 51.1, 0.99
A, 728877, 402801, 951008, 1006787, 409788, 132070, 582312, 152985, 38.6, 51.1, 0.99
A, 729120, 402901, 951391, 1007009, 409836, 132058, 582314, 153033, 38.6, 51.2, 0.99
A, 729067, 402771, 951291, 1006962, 409824, 131969, 582313, 152975, 38.6, 51.2, 0.99
A, 729447, 402883, 951828, 1007376, 409931, 132140, 582402, 153082, 38.6, 51.1, 1.00
A, 729486, 402935, 951959, 1007262, 409941, 132099, 582482, 153014, 38.6, 51.1, 0.99
A, 729336, 402891, 951892, 1007106, 409938, 132090, 582447, 152993, 38.6, 51.2, 1.00
A, 729131, 402856, 951712, 1007117, 409903, 132090, 582372, 153005, 38.6, 51.2, 0.99
A, 731089, 403245, 954556, 1009501, 410302, 132365, 582928, 153428, 38.6, 51.2, 0.99
A, 730958, 403345, 954324, 1009236, 410341, 132305, 582911, 153327, 38.6, 51.2, 1.00
A, 730152, 403321, 953373, 1008331, 410222, 132202, 582745, 153150, 38.6, 51.2, 1.00
A, 729869, 403146, 953012, 1008200, 410110, 132213, 582631, 153116, 38.6, 51.2, 1.00
A, 729946, 403160, 953288, 1008313, 410169, 132264, 582662, 153156, 38.6, 51.2, 1.00
A, 729805, 403171, 953237, 1008161, 410112, 132243, 582622, 153061, 38.6, 51.2, 1.00
A, 729535, 403152, 952735, 1007616, 410095, 132221, 582641, 153059, 38.6, 51.2, 1.00
A, 729350, 403042, 952560, 1007587, 410038, 132246, 582511, 152999, 38.6, 51.2, 0.99
A, 729668, 403160, 953154, 1007837, 410111, 132184, 582659, 153001, 38.6, 51.2, 0.99
A, 729505, 403099, 952901, 1007763, 410061, 132221, 582602, 152943, 38.6, 51.2, 1.00
A, 729176, 402968, 952482, 1007518, 410013, 132214, 582599, 153014, 38.6, 51.2, 1.00
A, 729398, 403052, 952886, 1007757, 410036, 132250, 582618, 153074, 38.6, 51.2, 1.00
A, 729415, 402975, 952726, 1007535, 410091, 132269, 582617, 153017, 38.6, 51.2, 1.00
A, 729165, 402959, 952438, 1007177, 410029, 132200, 582519, 152929, 38.6, 51.2, 1.00
A, 728950, 402845, 952343, 1007204, 409975, 132125, 582473, 152879, 38.6, 51.2, 1.00
A, 729184, 402902, 952798, 1007314, 410073, 132207, 582599, 153008, 38.6, 51.2, 1.00
A, 729061, 402788, 952598, 1007328, 409992, 132229, 582560, 152977, 38.6, 51.2, 1.00
A, 729406, 402849, 953153, 1007755, 410061, 132233, 582610, 153015, 38.6, 51.2, 1.00
A, 729304, 402875, 952793, 1007327, 410024, 132098, 582580, 152910, 38.6, 51.2, 1.00
A, 729106, 402824, 952628, 1007186, 410014, 132135, 582557, 152890, 38.6, 51.2, 1.00
M, 726914, 402643, 948461, 1003063, 409660, 131653, 582009, 151858, 38.6, 51.2, 0.00
M, 716845, 400148, 933988, 990743, 406802, 130441, 578616, 149570, 38.6, 51.2, 0.67
M, 710097, 397998, 923679, 982090, 404717, 129473, 576314, 148053, 38.6, 51.2, 0.75
M, 703262, 395678, 912654, 973168, 402631, 128368, 574177, 146554, 38.6, 51.1, 0.82
M, 699796, 394412, 906233, 968253, 401390, 127703, 572999, 145798, 38.6, 51.1, 0.88
M, 696717, 393112, 899948, 963786, 400240, 127128, 572085, 145060, 38.6, 51.1, 0.93
M, 694461, 392123, 894159, 960160, 399361, 126515, 571408, 144477, 38.6, 51.0, 0.95
M, 693025, 391272, 888922, 956914, 398734, 125937, 570974, 143989, 38.6, 51.0, 0.96
M, 692144, 390430, 884892, 954869, 398296, 125564, 570763, 143680, 38.6, 50.8, 0.98
M, 691691, 389835, 881838, 953948, 398049, 125231, 570739, 143457, 38.6, 50.8, 0.98
M, 691970, 389322, 879454, 953744, 398013, 124976, 570894, 143372, 38.6, 50.7, 1.00
M, 692397, 388872, 877247, 953404, 398006, 124702, 571132, 143271, 38.6, 50.7, 0.99
M, 693114, 388466, 875681, 953705, 398079, 124535, 571437, 143263, 38.6, 50.7, 1.00
M, 694011, 388108, 874144, 954304, 398262, 124283, 571777, 143161, 38.6, 50.7, 1.00
M, 694861, 387750, 873020, 954969, 398478, 124173, 572214, 143157, 38.6, 50.6, 1.00
M, 695930, 387460, 872446, 956126, 398687, 124093, 572676, 143269, 38.6, 50.6, 1.00
M, 696913, 387235, 871695, 957074, 398964, 124019, 573157, 143349, 38.6, 50.6, 1.00
M, 698069, 386959, 871304, 958330, 399347, 124008, 573672, 143490, 38.6, 50.6, 1.00
M, 699221, 386860, 871167, 959536, 399645, 123920, 574157, 143559, 38.6, 50.6, 1.00
M, 700479, 386747, 871050, 960940, 400126, 123898, 574857, 143641, 38.6, 50.6, 1.00
M, 702927, 386875, 872982, 964113, 400859, 124079, 575701, 143988, 38.6, 50.5, 1.00
M, 704077, 387014, 872705, 965288, 401272, 124020, 576279, 144134, 38.6, 50.5, 0.99
M, 704613, 386851, 871926, 965980, 401657, 124001, 576892, 144109, 38.6, 50.5, 1.00
M, 705091, 386767, 871635, 966821, 401826, 123962, 577199, 144156, 38.6, 50.5, 1.00
M, 706183, 386811, 871186, 967775, 402413, 123901, 577897, 144132, 38.6, 50.5, 1.00
M, 706393, 386710, 870698, 968441, 402588, 123866, 578225, 144093, 38.6, 50.5, 1.00
M, 706779, 386488, 870094, 969081, 402785, 123892, 578600, 144156, 38.6, 50.5, 1.00
M, 707683, 386545, 870102, 970323, 403296, 123906, 579183, 144328, 38.6, 50.5, 1.00
M, 707854, 386491, 869154, 970302, 403444, 123852, 579515, 144274, 38.6, 50.5, 1.00
M, 709232, 386670, 870191, 972217, 404057, 123931, 580274, 144448, 38.6, 50.5, 1.00
M, 710458, 386900, 870527, 973855, 404606, 123940, 580912, 144548, 38.6, 50.5, 1.00
M, 711288, 387010, 870743, 974849, 405000, 123944, 581420, 144672, 38.6, 50.5, 1.00
M, 712239, 387214, 871097, 976135, 405384, 124014, 581956, 144717, 38.6, 50.5, 1.00
M, 713348, 387466, 871753, 977661, 405865, 124091, 582582, 144855, 38.6, 50.5, 1.00
M, 714295, 387714, 871847, 978619, 406391, 124032, 583173, 144957, 38.6, 50.5, 1.00
M, 714926, 387880, 872031, 979421, 406691, 124075, 583575, 144971, 38.6, 50.5, 1.00
M, 715558, 388174, 872155, 980691, 407055, 124160, 584091, 145054, 38.6, 50.5, 1.00
M, 716514, 388317, 872725, 982033, 407540, 124220, 584637, 145225, 38.6, 50.5, 1.00
M, 717210, 388549, 872842, 982843, 407864, 124261, 585083, 145281, 38.6, 50.5, 1.00
M, 718196, 388940, 873454, 984195, 408329, 124380, 585590, 145449, 38.6, 50.5, 1.00
M, 720696, 389500, 876147, 987440, 409073, 124597, 586519, 145913, 38.6, 50.5, 0.99
M, 721041, 389966, 875987, 987829, 409456, 124590, 586916, 145823, 38.6, 50.5, 1.00
M, 721539, 390144, 876143, 988750, 409834, 124651, 587245, 145790, 38.6, 50.5, 1.00
M, 721607, 390301, 875515, 988932, 410058, 124652, 587617, 145765, 38.6, 50.5, 1.00
M, 721760, 390441, 875307, 989419, 410126, 124605, 587879, 145780, 38.6, 50.5, 1.00
M, 722346, 390869, 875341, 990166, 410672, 124573, 588399, 145820, 38.6, 50.5, 1.00
M, 722672, 390895, 875331, 990536, 410752, 124649, 588577, 145775, 38.6, 50.5, 1.00
M, 723136, 391147, 875443, 991391, 411081, 124705, 588954, 145878, 38.6, 50.5, 1.00
M, 723649, 391373, 875613, 992134, 411358, 124715, 589327, 145940, 38.6, 50.5, 1.00
M, 724012, 391615, 875805, 992790, 411591, 124803, 589629, 145978, 38.6, 50.5, 1.00
M, 724740, 391875, 876378, 993979, 411996, 124822, 590080, 146068, 38.6, 50.5, 1.00
M, 725298, 392192, 876507, 994390, 412282, 124803, 590423, 146105, 38.6, 50.5, 1.00
M, 725651, 392324, 876558, 995064, 412516, 124859, 590796, 146020, 38.6, 50.5, 1.00
M, 726120, 392625, 876949, 996041, 412795, 124932, 591145, 146207, 38.6, 50.5, 1.01
M, 726559, 392846, 877061, 996719, 413072, 124999, 591453, 146251, 38.6, 50.5, 1.00
M, 726969, 393081, 877219, 997176, 413319, 124962, 591746, 146332, 38.6, 50.5, 1.00
M, 727729, 393344, 877930, 998278, 413641, 125086, 592162, 146449, 38.6, 50.5, 1.00
M, 728202, 393657, 878126, 999129, 413880, 125037, 592460, 146479, 38.6, 50.5, 1.00
M, 728554, 393906, 878098, 999479, 414110, 125116, 592721, 146401, 38.6, 50.4, 1.00
M, 728979, 394066, 878489, 1000221, 414293, 125115, 593039, 146469, 38.6, 50.4, 1.00
M, 730994, 394652, 881003, 1002973, 414893, 125395, 593686, 146865, 38.6, 50.5, 1.00
M, 731515, 395061, 881103, 1003237, 415199, 125346, 594046, 146819, 38.6, 50.5, 1.00
M, 731336, 395249, 880662, 1003265, 415307, 125335, 594219, 146762, 38.6, 50.5, 1.00
M, 731452, 395441, 880827, 1003938, 415472, 125424, 594390, 146750, 38.6, 50.5, 1.00
M, 731122, 395536, 879983, 1003603, 415639, 125364, 594521, 146700, 38.6, 50.5, 1.00
M, 731205, 395553, 879929, 1003809, 415701, 125358, 594640, 146756, 38.6, 50.5, 1.00
M, 731291, 395860, 879823, 1004152, 415884, 125397, 594929, 146698, 38.6, 50.4, 1.01
M, 731334, 395937, 879786, 1004287, 415942, 125369, 595057, 146711, 38.6, 50.4, 1.00
M, 731909, 396120, 880202, 1005113, 416134, 125419, 595273, 146748, 38.6, 50.4, 1.01
M, 731975, 396191, 880308, 1005508, 416304, 125449, 595548, 146734, 38.6, 50.4, 1.00
M, 732199, 396353, 880327, 1005907, 416510, 125477, 595758, 146841, 38.6, 50.4, 1.00
M, 732826, 396635, 880800, 1006770, 416784, 125578, 596050, 146987, 38.6, 50.4, 1.00
M, 733239, 396865, 881117, 1007232, 416970, 125530, 596297, 146894, 38.6, 50.4, 1.00
M, 733350, 396973, 881061, 1007355, 417107, 125543, 596509, 146897, 38.6, 50.4, 1.00
M, 733313, 397090, 880943, 1007772, 417153, 125514, 596608, 146928, 38.6, 50.4, 1.00
M, 733755, 397279, 881106, 1008224, 417420, 125614, 596845, 146920, 38.6, 50.4, 1.01
M, 733909, 397381, 881426, 1008760, 417542, 125610, 597043, 146979, 38.6, 50.4, 1.00
M, 734528, 397627, 881994, 1009614, 417781, 125648, 597440, 147085, 38.6, 50.5, 1.00
M, 734955, 397830, 882293, 1009918, 417958, 125700, 597638, 147127, 38.6, 50.5, 1.00
M, 735036, 397970, 882341, 1010246, 418082, 125725, 597699, 147042, 38.6, 50.5, 1.00
M, 736708, 398329, 884597, 1012745, 418545, 125951, 598335, 147482, 38.6, 50.5, 1.00
M, 737011, 398731, 884754, 1013172, 418881, 126023, 598600, 147484, 38.6, 50.5, 1.00
M, 737054, 398884, 884777, 1013039, 418878, 125949, 598714, 147380, 38.6, 50.5, 1.00
M, 737257, 399068, 884834, 1013405, 419113, 126033, 598863, 147399, 38.6, 50.5, 1.01
M, 737043, 399107, 884466, 1013454, 419083, 125990, 598924, 147340, 38.6, 50.5, 1.00
M, 736685, 399212, 883991, 1013113, 419119, 125919, 598986, 147185, 38.6, 50.5, 1.01
M, 736602, 399157, 883791, 1013212, 419154, 125918, 599036, 147296, 38.6, 50.5, 1.00
M, 736584, 399326, 883499, 1013103, 419295, 125977, 599219, 147224, 38.6, 50.5, 1.00
M, 736693, 399329, 883508, 1013263, 419252, 126002, 599257, 147207, 38.6, 50.5, 1.00
M, 736899, 399436, 883984, 1013987, 419458, 125997, 599483, 147299, 38.6, 50.5, 1.00
M, 737135, 399466, 884096, 1014343, 419625, 126030, 599662, 147346, 38.6, 50.5, 1.00
M, 737271, 399639, 884069, 1014432, 419718, 126000, 599744, 147300, 38.6, 50.5, 1.00
M, 737778, 399837, 884694, 1015132, 419874, 126094, 600022, 147450, 38.6, 50.5, 1.00
M, 738053, 399893, 884868, 1015509, 419992, 126116, 600185, 147421, 38.6, 50.5, 1.00
M, 737935, 400035, 884676, 1015539, 420085, 126037, 600262, 147392, 38.6, 50.5, 1.00
M, 738092, 400047, 884884, 1015881, 420153, 126141, 600398, 147384, 38.6, 50.5, 1.00
M, 738529, 400192, 885471, 1016630, 420375, 126149, 600620, 147435, 38.6, 50.5, 1.00
M, 738408, 400247, 885319, 1016739, 420472, 126221, 600745, 147543, 38.6, 50.5, 1.00
M, 738945, 400492, 885867, 1017478, 420652, 126246, 600958, 147633, 38.6, 50.5, 1.00
M, 739022, 400544, 885865, 1017421, 420657, 126226, 601097, 147491, 38.6, 50.5, 1.00
M, 740833, 400909, 888299, 1019841, 421170, 126464, 601588, 147942, 38.6, 50.5, 1.00
M, 741010, 401162, 888386, 1020117, 421382, 126485, 601805, 147907, 38.6, 50.5, 1.00
M, 740922, 401270, 888214, 1020024, 421396, 126430, 601840, 147815, 38.6, 50.5, 1.00
M, 740948, 401358, 888416, 1020358, 421449, 126537, 601956, 147911, 38.6, 50.5, 1.00
M, 740826, 401449, 887985, 1020183, 421540, 126464, 602004, 147764, 38.6, 50.5, 1.00
M, 740729, 401446, 888091, 1020088, 421543, 126482, 602075, 147794, 38.6, 50.5, 1.00
M, 740543, 401594, 887718, 1020035, 421688, 126481, 602167, 147719, 38.6, 50.5, 1.00
M, 740278, 401538, 887597, 1020075, 421582, 126437, 602195, 147726, 38.6, 50.5, 1.01
M, 740748, 401659, 887992, 1020423, 421709, 126467, 602298, 147784, 38.6, 50.5, 1.00
M, 740909, 401747, 888289, 1020742, 421871, 126556, 602487, 147852, 38.6, 50.5, 1.00
M, 741007, 401807, 888334, 1020967, 421992, 126541, 602593, 147807, 38.6, 50.5, 1.00
M, 740964, 401892, 888235, 1021008, 421974, 126548, 602680, 147795, 38.6, 50.6, 1.00
M, 741022, 401882, 888342, 1021203, 422041, 126565, 602732, 147729, 38.6, 50.6, 1.00
M, 741433, 402033, 888880, 1021888, 422183, 126583, 602880, 147813, 38.6, 50.6, 1.01
M, 741414, 402092, 888874, 1021908, 422214, 126629, 603004, 147883, 38.6, 50.6, 1.00
M, 741775, 402247, 889389, 1022594, 422503, 126724, 603191, 147953, 38.6, 50.5, 1.00
M, 742019, 402376, 889761, 1022735, 422499, 126703, 603314, 147919, 38.6, 50.5, 1.00
M, 742021, 402370, 889709, 1022775, 422561, 126706, 603403, 147915, 38.6, 50.6, 1.00
M, 741947, 402301, 889535, 1022883, 422598, 126754, 603441, 147973, 38.6, 50.6, 1.00
M, 742257, 402513, 889829, 1023262, 422766, 126740, 603602, 148015, 38.6, 50.6, 1.00
M, 743908, 402838, 892279, 1025569, 423152, 127023, 604076, 148384, 38.6, 50.6, 1.00
M, 743887, 403095, 892089, 1025317, 423325, 126996, 604184, 148232, 38.6, 50.6, 1.00
M, 743590, 403060, 892024, 1025118, 423286, 126971, 604199, 148148, 38.6, 50.6, 1.00
M, 743663, 403103, 892049, 1025319, 423293, 126980, 604260, 148200, 38.6, 50.6, 1.00
M, 743411, 403079, 891897, 1025279, 423293, 127004, 604339, 148156, 38.6, 50.6, 0.99
M, 743497, 403217, 891866, 1025162, 423427, 127028, 604359, 148182, 38.6, 50.6, 1.00
M, 743440, 403190, 891836, 1025180, 423434, 126969, 604360, 148064, 38.6, 50.6, 1.00
M, 743023, 403178, 891361, 1024941, 423442, 127025, 604377, 148092, 38.6, 50.6, 1.00
M, 743035, 403251, 891460, 1025056, 423391, 126980, 604454, 148039, 38.6, 50.6, 1.00
M, 743265, 403228, 891967, 1025457, 423479, 127008, 604526, 148099, 38.6, 50.6, 1.00
M, 743474, 403319, 892217, 1025744, 423602, 127022, 604693, 148113, 38.6, 50.6, 1.01
M, 743680, 403369, 892217, 1025665, 423642, 126979, 604745, 148139, 38.6, 50.6, 1.00
M, 743541, 403332, 892050, 1025513, 423693, 127002, 604786, 148045, 38.6, 50.6, 1.00
M, 743421, 403355, 892220, 1025898, 423739, 127053, 604846, 148062, 38.6, 50.6, 1.01
M, 743705, 403485, 892707, 1026334, 423800, 127114, 604984, 148148, 38.6, 50.6, 0.99
M, 743642, 403477, 892588, 1026285, 423893, 127103, 604997, 148181, 38.6, 50.6, 1.00
M, 743979, 403525, 892935, 1026590, 423987, 127100, 605157, 148202, 38.6, 50.6, 1.00
M, 744056, 403607, 893105, 1026779, 424030, 127136, 605255, 148162, 38.6, 50.6, 1.00
M, 743970, 403668, 892978, 1026677, 424068, 127175, 605314, 148147, 38.6, 50.6, 1.00
M, 743879, 403596, 893112, 1026764, 424117, 127146, 605363, 148147, 38.6, 50.6, 1.00
M, 745941, 403979, 896028, 1029662, 424639, 127434, 605916, 148611, 38.6, 50.6, 1.00
M, 745835, 404190, 895979, 1029421, 424646, 127431, 605985, 148517, 38.6, 50.6, 1.00
M, 745817, 404303, 895810, 1029439, 424742, 127491, 606033, 148557, 38.6, 50.6, 1.00
M, 745737, 404324, 895902, 1029245, 424709, 127420, 606024, 148495, 38.6, 50.6, 1.01
M, 745481, 404262, 895628, 1029003, 424657, 127417, 606109, 148367, 38.6, 50.6, 0.99
M, 745322, 404274, 895513, 1028977, 424713, 127483, 606047, 148446, 38.6, 50.6, 1.00
M, 744783, 404164, 894935, 1028301, 424650, 127402, 606021, 148220, 38.6, 50.6, 1.00
M, 744646, 404088, 894829, 1028384, 424624, 127422, 606000, 148327, 38.6, 50.6, 1.00
M, 744726, 404237, 894727, 1028216, 424780, 127435, 606118, 148265, 38.6, 50.6, 1.00
M, 744683, 404125, 894937, 1028283, 424659, 127398, 606075, 148254, 38.6, 50.6, 0.99
M, 744833, 404173, 895256, 1028740, 424726, 127450, 606188, 148354, 38.6, 50.6, 1.00
M, 744935, 404213, 895501, 1028955, 424796, 127447, 606313, 148363, 38.6, 50.6, 1.01
M, 745113, 404231, 895579, 1029119, 424865, 127442, 606371, 148427, 38.6, 50.6, 1.01
M, 745514, 404392, 896207, 1029617, 424969, 127465, 606533, 148458, 38.6, 50.7, 1.00
M, 745599, 404386, 896564, 1029847, 425061, 127511, 606551, 148412, 38.6, 50.7, 1.00
M, 745538, 404391, 896451, 1029775, 425112, 127545, 606634, 148418, 38.6, 50.6, 0.99
M, 745832, 404542, 896961, 1030159, 425205, 127568, 606774, 148490, 38.6, 50.6, 1.00
M, 745830, 404585, 897132, 1030367, 425158, 127574, 606853, 148500, 38.6, 50.6, 1.00
M, 745784, 404570, 897080, 1030400, 425293, 127620, 606839, 148560, 38.6, 50.6, 1.00
M, 746368, 404660, 897569, 1030690, 425464, 127653, 607006, 148589, 38.6, 50.6, 1.01
M, 747803, 404987, 899909, 1032950, 425730, 127903, 607417, 148912, 38.6, 50.6, 1.00
M, 747790, 405218, 900101, 1032973, 425871, 127842, 607490, 148869, 38.6, 50.7, 0.99
M, 747482, 405157, 899627, 1032464, 425783, 127875, 607381, 148784, 38.6, 50.7, 0.99
M, 747451, 405166, 899773, 1032562, 425847, 127885, 607430, 148815, 38.6, 50.7, 1.00
M, 747225, 405198, 899589, 1032329, 425809, 127912, 607436, 148665, 38.6, 50.7, 1.00
M, 746792, 405137, 899113, 1031857, 425786, 127806, 607404, 148613, 38.6, 50.7, 0.98
M, 746785, 405140, 899404, 1032025, 425741, 127861, 607423, 148660, 38.6, 50.7, 1.00
M, 746405, 405123, 898907, 1031462, 425722, 127841, 607394, 148521, 38.6, 50.7, 1.01
M, 746174, 404956, 898866, 1031522, 425666, 127867, 607287, 148582, 38.6, 50.7, 1.00
M, 746230, 405029, 898769, 1031298, 425734, 127834, 607397, 148508, 38.6, 50.7, 1.00
M, 746096, 404983, 898769, 1031173, 425717, 127767, 607376, 148466, 38.6, 50.7, 1.00
M, 746047, 404978, 898966, 1031606, 425763, 127840, 607392, 148521, 38.6, 50.7, 1.00
M, 746300, 404955, 899206, 1031748, 425817, 127835, 607542, 148558, 38.6, 50.7, 1.00
M, 746421, 405043, 899416, 1031816, 425822, 127828, 607590, 148538, 38.6, 50.7, 0.99
M, 746769, 405123, 900074, 1032364, 425916, 127934, 607682, 148700, 38.6, 50.7, 1.00
M, 746918, 405196, 900159, 1032289, 425977, 127943, 607824, 148635, 38.6, 50.7, 0.99
M, 746769, 405102, 900108, 1032095, 426024, 127908, 607777, 148686, 38.6, 50.7, 1.00
M, 746573, 405041, 900037, 1032327, 426035, 127934, 607807, 148619, 38.6, 50.7, 1.00
M, 746868, 405179, 900538, 1032757, 426103, 128005, 607897, 148691, 38.6, 50.7, 1.00
M, 746929, 405180, 900517, 1032624, 426086, 127974, 607958, 148708, 38.6, 50.7, 1.00
M, 749078, 405565, 903684, 1035426, 426591, 128306, 608514, 149178, 38.6, 50.7, 1.00
M, 748858, 405834, 903373, 1035065, 426665, 128250, 608578, 149035, 38.6, 50.7, 1.00
M, 748420, 405779, 903100, 1034764, 426633, 128206, 608521, 148996, 38.6, 50.7, 1.00
M, 748391, 405761, 903136, 1034754, 426575, 128294, 608493, 148968, 38.6, 50.7, 1.00
M, 748065, 405740, 902945, 1034497, 426546, 128252, 608422, 148932, 38.6, 50.7, 1.00
M, 748042, 405704, 902615, 1033946, 426552, 128210, 608475, 148805, 38.6, 50.7, 1.00
M, 747705, 405646, 902459, 1033622, 426500, 128189, 608402, 148824, 38.6, 50.7, 1.00
M, 747638, 405647, 902616, 1034018, 426540, 128216, 608418, 148797, 38.6, 50.7, 1.00
M, 747084, 405561, 902108, 1033419, 426484, 128191, 608403, 148764, 38.6, 50.7, 1.01
M, 747133, 405532, 902106, 1033442, 426424, 128262, 608346, 148794, 38.6, 50.7, 1.01
M, 746943, 405549, 901992, 1033151, 426509, 128241, 608394, 148716, 38.6, 50.7, 1.00
M, 746782, 405444, 901798, 1033027, 426439, 128175, 608315, 148677, 38.6, 50.7, 1.01
M, 747145, 405427, 902342, 1033412, 426468, 128195, 608432, 148789, 38.6, 50.7, 0.99
M, 747239, 405551, 902649, 1033585, 426476, 128229, 608508, 148797, 38.6, 50.7, 1.01
M, 747171, 405470, 902651, 1033711, 426570, 128288, 608579, 148791, 38.6, 50.7, 1.00
M, 747472, 405548, 903169, 1034160, 426705, 128343, 608718, 148880, 38.6, 50.7, 1.00
M, 747677, 405607, 903326, 1034105, 426727, 128307, 608746, 148787, 38.6, 50.7, 1.00
M, 747616, 405592, 903344, 1033995, 426695, 128323, 608813, 148828, 38.6, 50.7, 1.01
M, 747658, 405571, 903605, 1034438, 426733, 128357, 608783, 148897, 38.6, 50.7, 1.01
M, 747744, 405559, 903739, 1034424, 426771, 128310, 608878, 148875, 38.6, 50.7, 1.00
M, 749402, 405864, 906164, 1036667, 427145, 128501, 609219, 149269, 38.6, 50.7, 1.00
M, 749645, 406074, 906475, 1036843, 427316, 128576, 609437, 149219, 38.6, 50.7, 1.00
M, 749386, 406073, 906182, 1036232, 427287, 128511, 609344, 149103, 38.6, 50.7, 1.00
M, 748741, 405999, 905598, 1035505, 427112, 128530, 609229, 148958, 38.6, 50.7, 1.00
M, 748442, 405941, 905397, 1035571, 427086, 128513, 609211, 148954, 38.6, 50.7, 1.00
M, 748382, 405921, 905519, 1035574, 427105, 128483, 609238, 149014, 38.6, 50.7, 0.99
M, 748280, 405917, 905238, 1035247, 427087, 128514, 609255, 149020, 38.6, 50.7, 1.00
M, 748308, 405866, 905401, 1035245, 427161, 128489, 609276, 148926, 38.6, 50.7, 1.01
M, 748148, 405839, 905401, 1035244, 427094, 128548, 609300, 148937, 38.6, 50.7, 1.00
M, 748185, 405921, 905447, 1034960, 427172, 128536, 609361, 148929, 38.6, 50.7, 0.99
M, 748067, 405772, 905417, 1035180, 427114, 128578, 609293, 148923, 38.6, 50.7, 1.00
M, 748241, 405839, 905920, 1035526, 427218, 128621, 609376, 149027, 38.6, 50.7, 1.00
M, 748317, 405918, 906153, 1035715, 427213, 128553, 609468, 149008, 38.6, 50.7, 1.00
M, 748556, 405941, 906496, 1035784, 427281, 128577, 609518, 148971, 38.6, 50.7, 1.00
M, 748484, 405897, 906344, 1035662, 427281, 128600, 609483, 148972, 38.6, 50.7, 1.00
M, 748180, 405896, 906133, 1035594, 427260, 128629, 609513, 148969, 38.6, 50.7, 1.00
M, 748430, 405941, 906563, 1035876, 427372, 128652, 609557, 149074, 38.6, 50.7, 0.99
M, 748399, 405883, 906658, 1035896, 427297, 128682, 609605, 149000, 38.6, 50.7, 1.00
M, 748794, 406021, 907274, 1036314, 427511, 128749, 609727, 149137, 38.6, 50.7, 1.00
M, 748922, 406038, 907324, 1036261, 427452, 128640, 609785, 149006, 38.6, 50.7, 1.00
M, 750431, 406179, 909737, 1038308, 427828, 128974, 610124, 149434, 38.6, 50.7, 1.00
M, 750367, 406399, 909760, 1038356, 427882, 128879, 610192, 149430, 38.6, 50.7, 0.99
M, 749959, 406308, 909436, 1037983, 427826, 128951, 610105, 149329, 38.6, 50.7, 1.00
M, 749959, 406390, 909406, 1037635, 427853, 128909, 610105, 149231, 38.6, 50.7, 1.01
M, 749578, 406357, 908998, 1037269, 427763, 128855, 610035, 149206, 38.6, 50.7, 1.00
M, 749429, 406274, 909009, 1037276, 427695, 128859, 609999, 149193, 38.6, 50.7, 1.00
M, 749292, 406288, 909087, 1037151, 427704, 128875, 610031, 149149, 38.6, 50.7, 0.98
M, 749076, 406245, 908919, 1036979, 427667, 128835, 610001, 149105, 38.6, 50.7, 1.00
M, 749119, 406206, 908932, 1036826, 427709, 128850, 610037, 149117, 38.6, 50.7, 1.00
M, 748955, 406165, 908764, 1036546, 427628, 128812, 609972, 149070, 38.6, 50.7, 1.00
M, 748641, 406158, 908550, 1036363, 427641, 128780, 610032, 149071, 38.6, 50.7, 1.00
M, 748467, 406077, 908603, 1036376, 427542, 128779, 609903, 149026, 38.6, 50.7, 1.00
M, 748642, 406107, 908883, 1036668, 427692, 128887, 610057, 149175, 38.6, 50.7, 1.00
M, 748846, 406156, 909060, 1036751, 427725, 128876, 610078, 149166, 38.6, 50.7, 1.00
M, 748958, 406080, 909371, 1036728, 427715, 128943, 610085, 149167, 38.6, 50.7, 1.00
M, 748830, 406152, 909196, 1036610, 427772, 128919, 610094, 149090, 38.6, 50.8, 1.00
M, 748716, 405978, 909224, 1036645, 427688, 128886, 610044, 149105, 38.6, 50.8, 1.00
M, 748995, 406099, 909761, 1036936, 427694, 128891, 610164, 149145, 38.6, 50.7, 1.00
M, 748944, 406095, 909851, 1037077, 427719, 128950, 610210, 149194, 38.6, 50.7, 1.00
M, 749242, 406160, 910278, 1037407, 427843, 128987, 610301, 149232, 38.6, 50.7, 1.00
A, 756991, 407350, 921698, 1048105, 429473, 130093, 612192, 151326, 38.6, 50.7, 0.09
A, 767001, 409855, 935992, 1060716, 432009, 131363, 614633, 153536, 38.6, 50.7, 0.59
A, 773325, 411980, 945727, 1069492, 433635, 132347, 616098, 154968, 38.6, 50.7, 0.77
A, 778738, 413949, 954436, 1076572, 435044, 133280, 617424, 156055, 38.7, 50.7, 0.83
A, 782230, 415613, 960721, 1081362, 435977, 133925, 618303, 156756, 38.7, 50.7, 0.89
A, 784862, 417044, 966376, 1085426, 436835, 134625, 619043, 157350, 38.6, 50.7, 0.94
A, 786922, 418491, 970861, 1088196, 437433, 135125, 619513, 157699, 38.6, 50.7, 0.97
A, 787628, 419557, 974035, 1089568, 437746, 135538, 619709, 157860, 38.6, 50.7, 0.98
A, 788139, 420534, 976829, 1090857, 437986, 135976, 619773, 158024, 38.6, 50.7, 0.98
A, 787759, 421426, 978802, 1090949, 437998, 136260, 619562, 158005, 38.6, 50.8, 0.98
A, 787506, 421906, 980072, 1090928, 437888, 136482, 619393, 158066, 38.6, 50.8, 1.00
A, 786635, 422680, 981956, 1090351, 437809, 136673, 618981, 157990, 38.6, 50.8, 1.00
A, 785824, 422928, 982554, 1089754, 437487, 136860, 618556, 157900, 38.6, 50.8, 1.00
A, 785286, 423416, 983889, 1089266, 437344, 137001, 618272, 158011, 38.6, 50.8, 1.00
A, 784428, 423794, 984919, 1088441, 437056, 137173, 617813, 157917, 38.6, 50.8, 1.00
A, 783384, 423971, 985570, 1087648, 436792, 137402, 617372, 157899, 38.6, 50.8, 1.00
A, 782665, 424237, 986599, 1086947, 436511, 137492, 616980, 157900, 38.6, 50.8, 1.00
A, 781592, 424457, 987320, 1085695, 436153, 137487, 616276, 157692, 38.6, 50.8, 1.00
A, 780081, 424519, 987247, 1084037, 435638, 137548, 615714, 157507, 38.6, 50.8, 1.00
A, 778855, 424475, 987203, 1082742, 435247, 137665, 615187, 157527, 38.6, 50.8, 1.00
A, 779867, 424828, 990570, 1084109, 435204, 137953, 615043, 157965, 38.6, 50.8, 1.00
A, 778386, 424938, 990426, 1082029, 434848, 137904, 614497, 157615, 38.6, 50.8, 1.00
A, 776693, 424729, 989962, 1080173, 434262, 137872, 613742, 157527, 38.6, 50.9, 1.00
A, 775564, 424719, 990119, 1078904, 433824, 137838, 613223, 157316, 38.6, 50.9, 1.00
A, 774069, 424441, 989893, 1077205, 433304, 137958, 612582, 157255, 38.6, 50.9, 1.00
A, 773126, 424228, 990023, 1076057, 432910, 138004, 612107, 157163, 38.6, 50.9, 1.00
A, 771742, 424048, 989611, 1074445, 432470, 137893, 611455, 157034, 38.6, 50.9, 1.00
A, 769941, 423733, 988872, 1072191, 431899, 137792, 610815, 156655, 38.6, 50.9, 1.00
A, 768749, 423352, 988570, 1070617, 431331, 137821, 610198, 156709, 38.6, 50.9, 1.00
A, 766714, 422768, 987114, 1068395, 430744, 137664, 609419, 156365, 38.6, 50.9, 1.00
A, 766095, 422581, 987623, 1067121, 430443, 137686, 609032, 156420, 38.6, 50.9, 1.00
A, 765439, 422401, 987806, 1066607, 430059, 137728, 608652, 156399, 38.6, 50.9, 1.00
A, 764476, 422164, 987927, 1065158, 429734, 137668, 608152, 156379, 38.6, 50.9, 1.00
A, 763992, 421898, 987960, 1064290, 429318, 137612, 607824, 156262, 38.6, 50.9, 1.00
A, 763442, 421586, 988515, 1063888, 429112, 137697, 607439, 156329, 38.6, 50.9, 1.00
A, 762788, 421308, 988664, 1062977, 428730, 137708, 607118, 156202, 38.6, 50.9, 1.00
A, 762067, 421108, 988789, 1062078, 428472, 137780, 606759, 156291, 38.6, 50.9, 1.00
A, 761805, 420881, 989346, 1061587, 428250, 137757, 606411, 156338, 38.6, 50.9, 1.00
A, 761215, 420650, 989679, 1060668, 428024, 137800, 606048, 156199, 38.6, 50.9, 1.01
A, 760407, 420349, 989528, 1059606, 427658, 137717, 605632, 156097, 38.6, 50.9, 1.00
A, 761416, 420390, 991968, 1060950, 427722, 137880, 605614, 156528, 38.6, 50.9, 1.00
A, 760953, 420286, 992124, 1060235, 427565, 137944, 605402, 156403, 38.6, 50.9, 1.00
A, 759974, 419932, 991761, 1059055, 427170, 137942, 605025, 156306, 38.6, 50.9, 1.00
A, 759451, 419719, 991843, 1058328, 426901, 137967, 604668, 156321, 38.6, 50.9, 1.00
A, 758670, 419455, 991854, 1057142, 426541, 137854, 604240, 156140, 38.6, 50.9, 1.00
A, 757784, 419092, 991314, 1055752, 426249, 137832, 603792, 155986, 38.6, 50.9, 0.99
A, 756982, 418785, 991239, 1055126, 425949, 137826, 603497, 156013, 38.6, 50.9, 1.00
A, 756510, 418428, 991039, 1054198, 425693, 137794, 603168, 155937, 38.6, 51.0, 1.00
A, 756023, 418313, 991171, 1053258, 425423, 137776, 602839, 155882, 38.6, 51.0, 1.00
A, 755132, 417933, 990768, 1052224, 425110, 137724, 602430, 155758, 38.6, 51.0, 1.00
A, 754770, 417606, 991008, 1051601, 424838, 137667, 602208, 155771, 38.6, 51.0, 0.99
A, 753658, 417298, 990201, 1050254, 424599, 137607, 601774, 155545, 38.6, 51.0, 1.00
A, 753160, 417036, 990222, 1049746, 424273, 137649, 601488, 155581, 38.6, 51.0, 1.00
A, 752512, 416683, 989900, 1048509, 423994, 137542, 601152, 155542, 38.6, 51.0, 0.99
A, 752011, 416343, 989739, 1047834, 423770, 137430, 600884, 155429, 38.6, 51.0, 1.00
A, 751697, 416196, 989959, 1047565, 423596, 137530, 600674, 155445, 38.6, 51.0, 1.00
A, 751339, 415907, 989922, 1046984, 423408, 137462, 600499, 155455, 38.6, 51.0, 1.00
A, 751047, 415632, 990121, 1046379, 423172, 137507, 600244, 155439, 38.6, 51.0, 1.01
A, 751063, 415444, 990675, 1046402, 423075, 137500, 600044, 155484, 38.6, 51.0, 1.00
A, 750764, 415302, 990648, 1045577, 422926, 137472, 599837, 155420, 38.6, 51.0, 1.00
A, 752034, 415284, 992980, 1047076, 423031, 137686, 599936, 155786, 38.6, 51.0, 1.00
A, 751564, 415215, 993073, 1046710, 422997, 137684, 599820, 155693, 38.6, 51.0, 1.01
A, 750833, 414877, 992741, 1045777, 422682, 137617, 599514, 155586, 38.6, 51.0, 0.99
A, 750535, 414857, 992673, 1045271, 422527, 137660, 599275, 155614, 38.6, 51.0, 1.00
A, 749898, 414527, 992179, 1044242, 422205, 137536, 599014, 155454, 38.6, 51.0, 1.00
A, 749432, 414323, 992152, 1043526, 422114, 137599, 598753, 155400, 38.6, 51.0, 1.00
A, 748844, 414066, 991635, 1042648, 421891, 137514, 598500, 155324, 38.6, 51.0, 1.00
A, 748649, 413871, 992035, 1042360, 421749, 137543, 598284, 155330, 38.6, 51.0, 1.00
A, 748234, 413679, 991915, 1041890, 421577, 137401, 598065, 155232, 38.6, 51.0, 1.00
A, 747989, 413455, 992076, 1041580, 421411, 137500, 597917, 155349, 38.6, 51.0, 1.01
A, 747722, 413221, 991744, 1040648, 421238, 137444, 597729, 155189, 38.6, 51.0, 1.00
A, 747127, 412987, 991694, 1040249, 421056, 137469, 597469, 155187, 38.6, 51.0, 1.00
A, 746555, 412790, 991180, 1039380, 420910, 137367, 597277, 155122, 38.6, 51.0, 1.00
A, 746296, 412586, 990974, 1038951, 420713, 137408, 597104, 155111, 38.6, 51.0, 0.99
A, 745710, 412395, 990871, 1038109, 420517, 137303, 596844, 155004, 38.6, 51.0, 1.01
A, 745421, 412155, 990572, 1037476, 420367, 137209, 596584, 154908, 38.6, 51.0, 1.00
A, 745448, 411938, 990902, 1037485, 420252, 137265, 596507, 155018, 38.6, 51.0, 1.00
A, 745196, 411751, 990912, 1036996, 420086, 137212, 596344, 154922, 38.6, 51.0, 1.00
A, 744911, 411602, 990968, 1036811, 419974, 137234, 596196, 154952, 38.6, 51.0, 1.00
A, 744977, 411461, 991386, 1036816, 419954, 137211, 596145, 155028, 38.6, 51.1, 1.00
A, 746740, 411644, 994189, 1038595, 420279, 137464, 596419, 155421, 38.6, 51.1, 1.00
A, 746257, 411689, 993699, 1037786, 420084, 137354, 596206, 155222, 38.6, 51.1, 1.00
A, 745724, 411474, 993609, 1037412, 419952, 137411, 596029, 155200, 38.6, 51.1, 1.00
A, 745239, 411339, 993069, 1036733, 419766, 137320, 595829, 155164, 38.6, 51.1, 1.01
A, 745062, 411214, 993216, 1036270, 419675, 137349, 595714, 155096, 38.6, 51.1, 1.00
A, 744687, 410971, 993025, 1035927, 419518, 137345, 595537, 155077, 38.6, 51.1, 1.00
A, 744615, 410877, 993019, 1035373, 419438, 137286, 595334, 155040, 38.6, 51.1, 0.99
A, 743750, 410598, 992171, 1034226, 419184, 137199, 595085, 154881, 38.6, 51.1, 1.01
A, 743635, 410479, 992517, 1034302, 419042, 137268, 594896, 154846, 38.6, 51.1, 1.00
A, 743221, 410293, 992321, 1033855, 418954, 137199, 594799, 154856, 38.6, 51.1, 1.00
A, 743359, 410243, 992427, 1033701, 418855, 137156, 594704, 154932, 38.6, 51.1, 0.99
A, 742964, 410074, 992289, 1033083, 418765, 137133, 594593, 154843, 38.6, 51.1, 1.00
A, 742591, 409854, 992219, 1032598, 418588, 137113, 594381, 154784, 38.6, 51.1, 1.00
A, 742215, 409755, 991769, 1031925, 418470, 137026, 594231, 154715, 38.6, 51.1, 1.00
A, 741961, 409566, 991700, 1031559, 418311, 137003, 594090, 154697, 38.6, 51.1, 1.00
A, 741970, 409442, 991970, 1031777, 418284, 137051, 593977, 154759, 38.6, 51.1, 1.00
A, 741876, 409413, 992221, 1031571, 418234, 137026, 593876, 154815, 38.6, 51.1, 1.01
A, 741953, 409314, 992415, 1031421, 418195, 136992, 593789, 154659, 38.6, 51.1, 1.00
A, 741760, 409149, 992136, 1030904, 418073, 136976, 593708, 154692, 38.6, 51.1, 0.99
A, 741295, 408998, 991952, 1030611, 417989, 137044, 593570, 154684, 38.6, 51.1, 1.00
A, 743077, 409247, 994856, 1032964, 418271, 137249, 593927, 155093, 38.6, 51.1, 1.00
A, 742841, 409300, 994665, 1032194, 418253, 137211, 593817, 155079, 38.6, 51.1, 1.00
A, 742708, 409188, 994700, 1032095, 418122, 137175, 593734, 154997, 38.6, 51.1, 0.99
A, 742156, 409059, 994311, 1031276, 418000, 137140, 593517, 154927, 38.6, 51.1, 1.00
A, 741668, 408894, 993771, 1030521, 417847, 137051, 593337, 154790, 38.6, 51.1, 1.00
A, 741493, 408784, 993827, 1030511, 417685, 137044, 593163, 154785, 38.6, 51.1, 1.00
A, 741142, 408688, 993562, 1030075, 417543, 137022, 593029, 154769, 38.6, 51.1, 1.00
A, 741020, 408567, 993573, 1029786, 417499, 137033, 592931, 154757, 38.6, 51.1, 0.99
A, 740855, 408532, 993413, 1029321, 417482, 136963, 592775, 154682, 38.6, 51.1, 1.00
A, 740499, 408261, 993384, 1029020, 417344, 136942, 592643, 154658, 38.6, 51.1, 0.99
A, 740123, 408227, 992844, 1028459, 417195, 136858, 592477, 154608, 38.6, 51.1, 1.01
A, 740117, 408094, 993144, 1028212, 417106, 136915, 592444, 154625, 38.6, 51.1, 1.00
A, 739794, 408022, 992755, 1027769, 417058, 136854, 592324, 154537, 38.6, 51.1, 0.99
A, 739552, 407814, 992502, 1027357, 416943, 136816, 592228, 154521, 38.6, 51.1, 1.00
A, 739205, 407742, 992247, 1026814, 416824, 136747, 592125, 154401, 38.6, 51.1, 1.00
A, 739048, 407573, 992263, 1026766, 416725, 136730, 591959, 154413, 38.6, 51.1, 1.01
A, 739084, 407536, 992442, 1026909, 416709, 136812, 591991, 154512, 38.6, 51.1, 1.00
A, 739090, 407381, 992658, 1026767, 416683, 136779, 591851, 154555, 38.6, 51.1, 1.00
A, 739184, 407369, 992771, 1026477, 416653, 136784, 591793, 154504, 38.6, 51.1, 1.00
A, 738906, 407199, 992522, 1026043, 416483, 136726, 591683, 154420, 38.6, 51.1, 1.00
A, 740202, 407422, 994928, 1028066, 416786, 136934, 592011, 154764, 38.6, 51.1, 1.01
A, 740249, 407428, 994867, 1027735, 416787, 136864, 591929, 154794, 38.6, 51.1, 1.00
A, 739813, 407392, 994610, 1027296, 416683, 136901, 591809, 154653, 38.6, 51.1, 1.00
A, 739791, 407349, 994725, 1027317, 416600, 136889, 591718, 154725, 38.6, 51.1, 1.00
A, 739632, 407322, 994528, 1026559, 416493, 136812, 591681, 154585, 38.6, 51.1, 1.01
A, 739148, 407151, 994073, 1026119, 416357, 136771, 591497, 154519, 38.6, 51.1, 1.00
A, 738953, 407049, 994085, 1026092, 416320, 136798, 591387, 154507, 38.6, 51.1, 1.00
A, 738600, 406959, 993655, 1025646, 416176, 136740, 591245, 154486, 38.6, 51.1, 1.01
A, 738715, 406888, 993964, 1025490, 416133, 136748, 591222, 154569, 38.6, 51.1, 1.00
A, 738561, 406883, 993921, 1025437, 416117, 136749, 591175, 154469, 38.6, 51.1, 1.00
A, 738649, 406828, 994234, 1025417, 416118, 136750, 591098, 154550, 38.6, 51.1, 1.00
A, 738173, 406743, 993604, 1024662, 415958, 136648, 590950, 154475, 38.6, 51.1, 1.00
A, 737917, 406564, 993509, 1024443, 415832, 136652, 590831, 154404, 38.6, 51.1, 1.00
A, 737655, 406484, 993093, 1024029, 415836, 136604, 590750, 154399, 38.6, 51.1, 1.01
A, 737405, 406366, 993094, 1023870, 415747, 136584, 590655, 154391, 38.6, 51.1, 1.00
A, 737364, 406297, 992956, 1023390, 415643, 136555, 590595, 154313, 38.6, 51.1, 1.00
A, 737014, 406100, 992747, 1023190, 415520, 136486, 590465, 154294, 38.6, 51.1, 1.00
A, 737180, 406122, 992978, 1023193, 415444, 136473, 590452, 154331, 38.6, 51.1, 1.00
A, 737124, 406004, 993042, 1023138, 415498, 136464, 590410, 154356, 38.6, 51.1, 1.00
A, 737053, 405978, 993058, 1023050, 415486, 136508, 590364, 154378, 38.6, 51.1, 1.00
A, 738996, 406252, 996150, 1025476, 415823, 136801, 590773, 154855, 38.6, 51.1, 1.00
A, 738899, 406450, 995966, 1024961, 415840, 136725, 590734, 154620, 38.6, 51.1, 1.00
A, 738372, 406283, 995423, 1024433, 415670, 136630, 590571, 154524, 38.6, 51.1, 0.99
A, 737795, 406164, 994823, 1023910, 415532, 136688, 590340, 154536, 38.6, 51.1, 1.01
A, 737703, 406055, 994918, 1023793, 415488, 136565, 590315, 154511, 38.6, 51.1, 1.00
A, 737572, 406096, 994799, 1023275, 415464, 136561, 590209, 154450, 38.6, 51.1, 1.00
A, 737212, 405894, 994309, 1022757, 415299, 136529, 590110, 154341, 38.6, 51.2, 0.99
A, 736757, 405798, 993834, 1022418, 415193, 136440, 589925, 154361, 38.6, 51.2, 1.00
A, 736591, 405654, 993632, 1022043, 415125, 136354, 589757, 154294, 38.6, 51.2, 1.01
A, 736758, 405696, 993979, 1022219, 415089, 136476, 589853, 154355, 38.6, 51.2, 1.00
A, 736531, 405652, 993932, 1022141, 415028, 136437, 589838, 154404, 38.6, 51.2, 1.01
A, 736622, 405605, 993830, 1021490, 415036, 136363, 589806, 154255, 38.6, 51.2, 0.99
A, 736289, 405426, 993671, 1021423, 415004, 136362, 589623, 154223, 38.6, 51.1, 1.00
A, 736040, 405373, 993485, 1021338, 414872, 136356, 589576, 154267, 38.6, 51.1, 1.00
A, 736124, 405397, 993383, 1020970, 414876, 136274, 589548, 154272, 38.6, 51.2, 1.00
A, 735949, 405263, 993380, 1020940, 414775, 136362, 589443, 154230, 38.6, 51.2, 1.00
A, 735708, 405237, 993087, 1020660, 414819, 136306, 589406, 154210, 38.6, 51.1, 1.00
A, 735686, 405156, 993126, 1020527, 414673, 136221, 589284, 154175, 38.6, 51.1, 1.00
A, 735871, 405139, 993558, 1020895, 414735, 136269, 589316, 154259, 38.6, 51.1, 1.00
A, 735817, 405015, 993616, 1020736, 414676, 136258, 589255, 154193, 38.6, 51.1, 1.00
A, 737198, 405236, 995854, 1022627, 414914, 136470, 589585, 154628, 38.6, 51.1, 1.00
A, 737378, 405442, 996141, 1022617, 415023, 136517, 589665, 154609, 38.6, 51.2, 1.01
A, 737093, 405422, 995833, 1022080, 414915, 136399, 589525, 154462, 38.6, 51.2, 1.00
A, 736668, 405284, 995321, 1021508, 414745, 136431, 589394, 154357, 38.6, 51.2, 0.99
A, 736292, 405129, 994826, 1021117, 414680, 136354, 589257, 154400, 38.6, 51.2, 1.00
A, 736352, 405134, 995134, 1021033, 414649, 136285, 589280, 154380, 38.6, 51.2, 1.00
A, 736086, 405093, 994859, 1020955, 414597, 136335, 589191, 154383, 38.6, 51.2, 1.00
A, 736172, 405156, 995074, 1020851, 414589, 136342, 589184, 154338, 38.6, 51.2, 1.00
A, 735933, 405067, 994815, 1020589, 414525, 136280, 589016, 154265, 38.6, 51.2, 1.00
A, 735791, 404923, 994813, 1020432, 414483, 136205, 588982, 154222, 38.6, 51.2, 1.01
A, 735665, 404915, 994454, 1020207, 414440, 136206, 588928, 154284, 38.6, 51.2, 0.99
A, 735654, 404917, 994839, 1020250, 414456, 136293, 588906, 154313, 38.6, 51.2, 1.00
A, 735688, 404846, 994749, 1019903, 414354, 136237, 588796, 154252, 38.6, 51.2, 1.00
A, 735310, 404746, 994411, 1019511, 414232, 136191, 588705, 154179, 38.6, 51.2, 1.00
A, 735070, 404637, 994054, 1019294, 414169, 136195, 588672, 154110, 38.6, 51.2, 1.01
A, 734907, 404664, 993885, 1018834, 414144, 136079, 588600, 154093, 38.6, 51.2, 0.99
A, 734686, 404475, 993716, 1018900, 414041, 136115, 588499, 154106, 38.6, 51.2, 1.01
A, 734569, 404458, 993500, 1018462, 414032, 136020, 588482, 153998, 38.6, 51.2, 1.00
A, 734464, 404350, 993511, 1018383, 413971, 136046, 588340, 153961, 38.6, 51.2, 0.99
A, 734574, 404364, 993812, 1018689, 413958, 136008, 588421, 154157, 38.6, 51.2, 1.00
A, 736135, 404525, 996220, 1020637, 414254, 136297, 588784, 154527, 38.6, 51.2, 1.00
A, 736222, 404731, 996229, 1020360, 414347, 136206, 588755, 154479, 38.6, 51.2, 1.00
A, 735984, 404650, 996104, 1020093, 414282, 136230, 588681, 154417, 38.6, 51.2, 1.01
A, 735750, 404623, 995722, 1019668, 414167, 136189, 588628, 154292, 38.6, 51.2, 1.00
A, 735350, 404541, 995324, 1019267, 414058, 136147, 588471, 154271, 38.6, 51.2, 1.01
A, 735150, 404467, 995129, 1019200, 413993, 136060, 588383, 154153, 38.6, 51.2, 1.00
A, 735154, 404457, 995285, 1019154, 414066, 136112, 588342, 154195, 38.6, 51.2, 1.00
A, 734528, 404307, 994453, 1018555, 413899, 136096, 588250, 154210, 38.6, 51.2, 1.00
A, 734858, 404304, 995010, 1018822, 413937, 136104, 588314, 154282, 38.6, 51.2, 1.01
A, 734850, 404254, 995154, 1018621, 413872, 136072, 588244, 154222, 38.6, 51.2, 1.00
A, 734638, 404193, 994797, 1018247, 413809, 136027, 588153, 154193, 38.6, 51.2, 1.01
A, 734656, 404157, 994908, 1018337, 413727, 135962, 588129, 154225, 38.6, 51.2, 1.00
A, 734547, 404207, 994947, 1018146, 413759, 135969, 588070, 154123, 38.6, 51.2, 1.00
A, 734390, 404094, 994747, 1018129, 413693, 135990, 588066, 154123, 38.6, 51.2, 1.01
A, 734529, 404114, 994945, 1018023, 413728, 135944, 588026, 154156, 38.6, 51.2, 1.01
A, 734303, 404011, 994859, 1018039, 413729, 135939, 587974, 154088, 38.6, 51.2, 1.00
A, 734156, 404067, 994469, 1017424, 413660, 135912, 587959, 154143, 38.6, 51.2, 1.00
A, 733904, 403959, 994197, 1017454, 413574, 135875, 587796, 154061, 38.6, 51.2, 1.00
A, 733740, 403906, 994075, 1017035, 413545, 135908, 587789, 154059, 38.6, 51.2, 1.00
A, 733724, 403804, 993768, 1016674, 413478, 135815, 587752, 153955, 38.6, 51.2, 0.99
A, 735390, 404007, 996654, 1019184, 413761, 136070, 588093, 154499, 38.6, 51.2, 1.00
A, 735348, 404217, 996307, 1018780, 413813, 136016, 588138, 154390, 38.6, 51.2, 0.99
A, 735041, 404095, 996146, 1018453, 413769, 135976, 587988, 154256, 38.6, 51.2, 0.99
A, 734907, 404113, 996069, 1018361, 413744, 136038, 587985, 154245, 38.6, 51.2, 0.99
A, 734807, 404087, 995783, 1017916, 413691, 135875, 587943, 154248, 38.6, 51.2, 0.99
A, 734439, 403956, 995513, 1017595, 413626, 135931, 587891, 154159, 38.6, 51.2, 1.00
A, 734197, 403931, 995349, 1017582, 413479, 135924, 587773, 154105, 38.6, 51.2, 1.00
A, 733961, 403957, 994984, 1017233, 413472, 135861, 587713, 154123, 38.6, 51.2, 0.99
A, 733936, 403773, 994955, 1017053, 413427, 135825, 587661, 154184, 38.6, 51.2, 1.01
A, 734162, 403803, 995431, 1017350, 413482, 135861, 587702, 154192, 38.6, 51.2, 1.01
A, 734018, 403785, 995245, 1017160, 413463, 135824, 587597, 154128, 38.6, 51.2, 1.00
A, 733851, 403701, 994972, 1016860, 413380, 135887, 587587, 154100, 38.6, 51.2, 0.99
A, 733944, 403743, 995336, 1017098, 413363, 135828, 587619, 154159, 38.6, 51.2, 1.00
A, 733850, 403745, 995174, 1016955, 413368, 135875, 587505, 154113, 38.6, 51.2, 0.99
A, 733597, 403655, 994970, 1016815, 413296, 135865, 587521, 154160, 38.6, 51.2, 1.01
A, 733980, 403735, 995413, 1016698, 413371, 135772, 587514, 154118, 38.7, 51.2, 1.01
A, 733743, 403666, 995133, 1016770, 413303, 135758, 587468, 154114, 38.7, 51.2, 1.01
A, 733552, 403629, 994763, 1016251, 413271, 135726, 587421, 154100, 38.6, 51.2, 1.00
A, 733436, 403489, 994790, 1016197, 413174, 135721, 587325, 154061, 38.6, 51.2, 1.00
A, 733243, 403561, 994448, 1015890, 413202, 135650, 587380, 154015, 38.6, 51.2, 1.00
A, 734378, 403621, 996240, 1017361, 413304, 135854, 587561, 154283, 38.6, 51.2, 1.00
A, 734587, 403752, 996595, 1017538, 413440, 135838, 587645, 154328, 38.6, 51.2, 0.99
A, 734223, 403720, 996234, 1017185, 413292, 135830, 587489, 154176, 38.6, 51.2, 1.00
A, 733939, 403609, 995853, 1016864, 413203, 135808, 587385, 154203, 38.6, 51.2, 1.00
A, 734058, 403654, 996059, 1017059, 413313, 135797, 587384, 154218, 38.6, 51.2, 1.00
A, 733967, 403527, 995838, 1016576, 413190, 135793, 587385, 154205, 38.6, 51.2, 1.00
A, 733664, 403489, 995452, 1016204, 413133, 135706, 587219, 154096, 38.6, 51.2, 1.00
A, 733366, 403394, 995219, 1016049, 413016, 135651, 587141, 154028, 38.6, 51.2, 1.00
A, 733583, 403403, 995426, 1016202, 413105, 135700, 587180, 154136, 38.6, 51.2, 1.00
A, 733407, 403436, 995457, 1016139, 413014, 135726, 587212, 154114, 38.6, 51.2, 1.00
A, 733644, 403525, 995879, 1016436, 413117, 135785, 587218, 154193, 38.6, 51.2, 1.01
A, 733651, 403473, 995838, 1016125, 413054, 135713, 587226, 154156, 38.6, 51.2, 1.01
A, 733491, 403376, 995655, 1016039, 413064, 135689, 587133, 154038, 38.6, 51.2, 0.99
A, 733472, 403386, 995806, 1016170, 413073, 135668, 587097, 154137, 38.6, 51.2, 1.00
A, 733400, 403410, 995484, 1016019, 413019, 135687, 587127, 154150, 38.6, 51.2, 1.00
A, 733360, 403350, 995707, 1015796, 412962, 135669, 587065, 154153, 38.6, 51.2, 1.00
A, 733592, 403461, 995872, 1015946, 413016, 135642, 587128, 154160, 38.6, 51.2, 1.00
A, 733235, 403322, 995622, 1015813, 412954, 135676, 587067, 154129, 38.6, 51.2, 1.00
A, 733167, 403423, 995411, 1015404, 413001, 135596, 586995, 154042, 38.6, 51.2, 1.00
A, 732957, 403321, 995235, 1015351, 412881, 135588, 586884, 154056, 38.6, 51.2, 1.00
A, 734910, 403650, 998132, 1017694, 413335, 135807, 587391, 154577, 38.6, 51.2, 1.01
A, 734720, 403702, 997686, 1016949, 413292, 135706, 587335, 154365, 38.6, 51.2, 0.99
A, 734391, 403582, 997675, 1017189, 413275, 135763, 587291, 154400, 38.6, 51.2, 1.00
A, 733974, 403504, 997250, 1016700, 413080, 135686, 587129, 154272, 38.6, 51.2, 1.00
A, 733816, 403542, 996843, 1016261, 413045, 135713, 587065, 154236, 38.6, 51.2, 1.00
A, 733959, 403507, 997100, 1016383, 413010, 135726, 587090, 154286, 38.6, 51.2, 1.00
A, 733670, 403481, 996719, 1016052, 413031, 135675, 587007, 154239, 38.6, 51.2, 1.00
A, 733209, 403344, 996121, 1015463, 412919, 135602, 586933, 154165, 38.6, 51.2, 1.01
A, 733069, 403330, 996188, 1015378, 412876, 135563, 586828, 154096, 38.6, 51.2, 0.99
A, 733161, 403281, 996258, 1015475, 412835, 135576, 586824, 154116, 38.6, 51.2, 1.00
A, 732884, 403151, 995979, 1015254, 412737, 135562, 586779, 154153, 38.6, 51.2, 1.00
A, 732907, 403169, 996047, 1015406, 412744, 135571, 586779, 154196, 38.6, 51.2, 1.00
A, 732963, 403133, 996065, 1015077, 412770, 135550, 586731, 154025, 38.6, 51.2, 1.00
A, 732678, 403087, 995803, 1014833, 412684, 135500, 586643, 154041, 38.6, 51.2, 1.00
A, 732790, 403136, 995942, 1015083, 412625, 135552, 586668, 154056, 38.6, 51.2, 1.00
A, 732337, 402958, 995264, 1014323, 412516, 135410, 586541, 154013, 38.6, 51.2, 0.99
A, 732135, 402931, 995106, 1014214, 412499, 135422, 586491, 154013, 38.6, 51.2, 0.99
A, 732428, 402963, 995403, 1014424, 412609, 135432, 586513, 154045, 38.6, 51.2, 0.99
A, 732417, 402890, 995597, 1014295, 412546, 135431, 586451, 153993, 38.6, 51.2, 1.00
A, 732156, 402897, 995230, 1014156, 412488, 135356, 586436, 153945, 38.6, 51.2, 1.01
A, 733399, 402943, 997269, 1015956, 412693, 135534, 586680, 154314, 38.6, 51.2, 1.00
A, 733770, 403197, 997519, 1016015, 412913, 135563, 586827, 154380, 38.6, 51.2, 1.00
A, 733600, 403191, 997592, 1015827, 412894, 135560, 586843, 154375, 38.6, 51.2, 1.00
A, 733591, 403210, 997407, 1015730, 412832, 135588, 586810, 154265, 38.6, 51.2, 1.00
A, 733087, 403157, 996816, 1015235, 412748, 135467, 586651, 154190, 38.6, 51.2, 1.00
A, 732874, 403021, 996507, 1014871, 412613, 135511, 586585, 154099, 38.6, 51.2, 1.00
A, 732964, 403085, 996757, 1015031, 412653, 135475, 586582, 154122, 38.6, 51.2, 1.00
A, 732781, 402995, 996552, 1014895, 412565, 135497, 586525, 154199, 38.6, 51.2, 1.00
A, 732615, 402952, 996388, 1014792, 412592, 135440, 586481, 154232, 38.6, 51.2, 1.00
A, 732192, 402800, 995720, 1013948, 412476, 135371, 586301, 153992, 38.6, 51.2, 1.00
A, 731092, 402645, 994083, 1012611, 412149, 135261, 586022, 153784, 38.6, 51.2, 1.01
A, 731439, 402544, 994626, 1013094, 412235, 135305, 586118, 153919, 38.6, 51.2, 1.00
A, 731711, 402587, 994850, 1013376, 412299, 135305, 586189, 154005, 38.6, 51.2, 1.00
A, 731936, 402607, 995474, 1013866, 412325, 135282, 586285, 154136, 38.6, 51.2, 1.01
A, 732167, 402687, 995820, 1014093, 412405, 135320, 586320, 154073, 38.6, 51.2, 1.00
A, 732456, 402723, 996125, 1014104, 412471, 135310, 586357, 154068, 38.6, 51.2, 1.00
A, 732396, 402721, 996112, 1014205, 412404, 135277, 586305, 154021, 38.6, 51.2, 1.00
A, 732294, 402634, 995874, 1014151, 412350, 135241, 586271, 154130, 38.6, 51.2, 1.00
A, 732496, 402717, 995982, 1013993, 412445, 135305, 586310, 154073, 38.6, 51.2, 1.00
A, 732255, 402619, 995879, 1013839, 412335, 135270, 586286, 154068, 38.6, 51.2, 1.00
A, 733809, 403027, 998311, 1016075, 412763, 135485, 586717, 154435, 38.6, 51.2, 1.01
A, 733584, 403062, 998073, 1015659, 412711, 135435, 586629, 154317, 38.6, 51.2, 0.99
A, 733615, 403028, 998162, 1015722, 412734, 135516, 586651, 154330, 38.6, 51.2, 1.00
A, 733384, 403044, 997898, 1015480, 412650, 135436, 586618, 154270, 38.6, 51.2, 1.00
A, 733186, 403028, 997413, 1014841, 412558, 135440, 586478, 154268, 38.6, 51.2, 1.00
A, 732728, 402969, 997100, 1014673, 412478, 135365, 586406, 154226, 38.6, 51.2, 0.99
A, 733064, 402982, 997601, 1014891, 412605, 135400, 586479, 154233, 38.6, 51.2, 1.00
A, 732728, 402944, 997230, 1014646, 412438, 135380, 586368, 154186, 38.6, 51.2, 1.00
A, 732526, 402830, 997011, 1014429, 412443, 135385, 586311, 154241, 38.6, 51.2, 1.00
A, 732707, 402812, 997160, 1014455, 412473, 135366, 586356, 154196, 38.6, 51.2, 0.99
A, 732561, 402891, 997068, 1014177, 412421, 135329, 586220, 154179, 38.6, 51.2, 1.00
A, 732255, 402744, 996554, 1013792, 412338, 135295, 586187, 154053, 38.6, 51.2, 1.00
A, 732351, 402759, 996945, 1013938, 412330, 135263, 586162, 154094, 38.6, 51.2, 1.00
A, 732204, 402681, 996811, 1013987, 412246, 135220, 586149, 154039, 38.7, 51.2, 1.00
A, 731924, 402681, 996540, 1013713, 412221, 135241, 586101, 154098, 38.7, 51.2, 1.01
A, 732229, 402743, 996862, 1014007, 412346, 135269, 586227, 154158, 38.6, 51.2, 1.00
A, 732427, 402773, 996979, 1013916, 412295, 135263, 586223, 154156, 38.6, 51.2, 1.00
A, 732069, 402664, 996636, 1013628, 412245, 135241, 586127, 154064, 38.6, 51.2, 1.01
A, 731947, 402571, 996482, 1013603, 412167, 135249, 586109, 154100, 38.6, 51.2, 1.00
A, 732039, 402670, 996561, 1013421, 412218, 135161, 586145, 154027, 38.6, 51.2, 1.00
A, 733127, 402730, 998532, 1015165, 412366, 135364, 586309, 154456, 38.6, 51.2, 1.00
A, 732960, 402939, 997981, 1014509, 412539, 135265, 586294, 154190, 38.6, 51.2, 0.99
A, 732655, 402800, 997851, 1014185, 412403, 135242, 586248, 154210, 38.6, 51.2, 1.01
A, 732625, 402812, 997841, 1014409, 412324, 135282, 586201, 154240, 38.6, 51.2, 1.00
A, 732334, 402706, 997565, 1014191, 412327, 135254, 586139, 154225, 38.6, 51.2, 1.00
A, 732292, 402747, 997310, 1013955, 412297, 135299, 586047, 154187, 38.6, 51.2, 1.00
A, 732549, 402735, 997728, 1014156, 412347, 135204, 586120, 154249, 38.6, 51.2, 1.00
A, 732424, 402783, 997726, 1014010, 412252, 135188, 586102, 154149, 38.6, 51.2, 1.00
A, 732100, 402717, 997247, 1013589, 412168, 135167, 586062, 154082, 38.6, 51.2, 0.99
A, 731975, 402551, 997104, 1013514, 412122, 135172, 585988, 154114, 38.6, 51.2, 0.99
A, 732119, 402576, 997456, 1013821, 412175, 135153, 586025, 154140, 38.7, 51.2, 0.99
A, 731972, 402548, 997316, 1013604, 412172, 135192, 585974, 154189, 38.7, 51.2, 1.00
A, 732188, 402617, 997623, 1013880, 412217, 135208, 585990, 154309, 38.6, 51.2, 0.99
A, 732384, 402668, 997772, 1013851, 412186, 135155, 586055, 154197, 38.6, 51.2, 0.99
A, 732115, 402579, 997620, 1013733, 412211, 135168, 585954, 154152, 38.6, 51.2, 1.00
A, 732197, 402625, 997620, 1013726, 412153, 135202, 585955, 154221, 38.6, 51.2, 1.00
A, 732090, 402604, 997457, 1013510, 412079, 135116, 585953, 154154, 38.6, 51.2, 0.99
A, 732003, 402517, 997362, 1013256, 412140, 135169, 585925, 154130, 38.6, 51.2, 0.99
A, 731684, 402534, 996909, 1012982, 412001, 135108, 585863, 154097, 38.6, 51.2, 0.99
A, 731656, 402460, 996911, 1012888, 411952, 135089, 585796, 154055, 38.6, 51.2, 1.00
A, 733356, 402780, 999670, 1015179, 412372, 135303, 586224, 154521, 38.6, 51.2, 1.01
A, 733138, 402809, 999350, 1014871, 412390, 135280, 586200, 154437, 38.6, 51.2, 0.99
A, 732588, 402870, 998547, 1014169, 412308, 135187, 586052, 154192, 38.6, 51.2, 1.01
A, 732320, 402670, 998184, 1013667, 412171, 135070, 585923, 154124, 38.6, 51.2, 1.00
A, 732194, 402664, 998055, 1013685, 412106, 135137, 585946, 154205, 38.6, 51.2, 1.00
A, 731928, 402559, 997869, 1013493, 412108, 135129, 585876, 154133, 38.6, 51.2, 1.00
A, 731895, 402507, 997703, 1013284, 412005, 135135, 585794, 154150, 38.6, 51.2, 1.00
A, 732009, 402480, 997993, 1013443, 412062, 135077, 585849, 154224, 38.7, 51.2, 0.99
A, 731729, 402510, 997538, 1012936, 412070, 135107, 585761, 154073, 38.7, 51.2, 1.00
A, 731641, 402375, 997413, 1012681, 411911, 135022, 585689, 154091, 38.7, 51.2, 1.00
A, 731375, 402359, 997144, 1012679, 411863, 135052, 585696, 154071, 38.7, 51.2, 1.00
A, 731522, 402308, 997376, 1012919, 411949, 135086, 585689, 154096, 38.7, 51.2, 1.00
A, 731518, 402329, 997203, 1012773, 411917, 135002, 585678, 154140, 38.7, 51.2, 1.01
A, 731702, 402415, 997725, 1012958, 411972, 135027, 585750, 154159, 38.6, 51.2, 1.00
A, 731734, 402416, 997820, 1013089, 411941, 135097, 585718, 154062, 38.6, 51.2, 1.00
A, 731499, 402400, 997539, 1012894, 411877, 134976, 585666, 154101, 38.7, 51.2, 1.00
A, 731497, 402323, 997462, 1012766, 411890, 135062, 585671, 154084, 38.7, 51.2, 1.00
A, 731652, 402337, 997692, 1013029, 411930, 135051, 585694, 154173, 38.7, 51.2, 1.00
A, 731517, 402295, 997548, 1012921, 411952, 135074, 585671, 154132, 38.7, 51.2, 1.00
A, 731864, 402326, 997890, 1012766, 411991, 134986, 585692, 154139, 38.7, 51.2, 0.99
A, 733275, 402646, 1000206, 1014939, 412202, 135210, 586000, 154501, 38.7, 51.2, 0.99
A, 732726, 402756, 999301, 1014081, 412289, 135144, 586025, 154291, 38.7, 51.2, 1.00
A, 732453, 402646, 998999, 1013819, 412095, 135108, 585829, 154335, 38.7, 51.2, 1.00
A, 731807, 402545, 998223, 1012993, 412040, 135026, 585660, 154145, 38.7, 51.2, 0.99
A, 731510, 402421, 997787, 1012733, 411870, 135009, 585616, 154128, 38.7, 51.2, 1.01
A, 731606, 402357, 997964, 1012712, 411844, 134970, 585607, 154185, 38.7, 51.2, 1.01
A, 731541, 402277, 997935, 1012648, 411885, 134937, 585587, 154157, 38.7, 51.2, 1.00
A, 731407, 402262, 997777, 1012556, 411870, 134984, 585530, 154177, 38.7, 51.2, 1.00
A, 731556, 402341, 998128, 1012792, 411909, 135058, 585648, 154227, 38.7, 51.2, 1.00
A, 731600, 402299, 997997, 1012598, 411823, 134985, 585560, 154125, 38.7, 51.2, 1.00
A, 731408, 402364, 997645, 1012245, 411850, 134986, 585488, 154090, 38.7, 51.2, 1.01
A, 731074, 402248, 997399, 1012253, 411738, 134907, 585513, 154091, 38.7, 51.2, 1.01
A, 731275, 402240, 997705, 1012489, 411829, 134966, 585529, 154151, 38.7, 51.2, 1.00
A, 731189, 402200, 997687, 1012313, 411734, 135002, 585529, 154139, 38.7, 51.2, 1.00
A, 731507, 402266, 998048, 1012609, 411759, 134951, 585566, 154203, 38.7, 51.2, 0.99
A, 731533, 402251, 997849, 1012427, 411812, 134903, 585637, 154167, 38.7, 51.2, 1.00
A, 731277, 402224, 997763, 1012177, 411732, 134929, 585494, 154097, 38.7, 51.2, 1.01
A, 731325, 402186, 997824, 1012479, 411697, 134901, 585484, 154141, 38.7, 51.2, 1.00
A, 731143, 402112, 997685, 1012337, 411711, 134878, 585462, 154088, 38.7, 51.2, 1.01
A, 731146, 402128, 997553, 1012162, 411718, 134853, 585419, 154156, 38.7, 51.2, 1.01
M, 727860, 401648, 991664, 1006225, 411009, 134171, 584423, 152680, 38.7, 51.2, 0.00
M, 719588, 399616, 979469, 996587, 408552, 133110, 581605, 150923, 38.7, 51.2, 0.61
M, 711193, 396991, 966040, 985472, 406019, 131815, 578690, 149034, 38.7, 51.2, 0.75
M, 706543, 395299, 958525, 979541, 404522, 131177, 577216, 147961, 38.7, 51.2, 0.82
M, 702158, 393576, 950928, 973750, 403144, 130388, 575869, 147126, 38.7, 51.2, 0.89
M, 698511, 391960, 943745, 968447, 401893, 129635, 574784, 146306, 38.7, 51.1, 0.93
M, 695655, 390551, 937421, 964056, 400979, 128966, 574017, 145589, 38.7, 51.1, 0.95
M, 693545, 389308, 932283, 960662, 400268, 128335, 573538, 145133, 38.7, 51.1, 0.96
M, 692150, 388347, 928358, 958649, 399798, 127907, 573268, 144834, 38.7, 51.1, 0.98
M, 691557, 387489, 925279, 957274, 399603, 127586, 573289, 144628, 38.7, 51.0, 0.98
M, 691234, 386767, 922697, 956336, 399446, 127245, 573359, 144473, 38.7, 51.0, 1.00
M, 691503, 386180, 920807, 956084, 399491, 127034, 573588, 144508, 38.7, 50.9, 0.99
M, 691836, 385550, 918773, 955785, 399597, 126730, 573897, 144341, 38.7, 50.9, 1.00
M, 692228, 385048, 917268, 955738, 399599, 126409, 574253, 144350, 38.7, 50.9, 1.00
M, 692962, 384629, 916315, 956663, 399852, 126433, 574653, 144417, 38.7, 50.9, 1.00
M, 693721, 384307, 915334, 957137, 400101, 126259, 575068, 144451, 38.7, 50.9, 0.99
M, 694737, 384077, 914850, 958145, 400444, 126212, 575634, 144624, 38.7, 50.9, 1.00
M, 695700, 383825, 914357, 959020, 400771, 126058, 576128, 144677, 38.7, 50.8, 1.00
M, 696824, 383631, 913960, 960241, 401174, 126019, 576790, 144691, 38.7, 50.8, 1.00
M, 697675, 383468, 913220, 961122, 401525, 125841, 577291, 144783, 38.7, 50.8, 0.99
M, 700292, 383666, 915328, 964291, 402181, 126092, 578140, 145227, 38.7, 50.8, 0.99
M, 701329, 383737, 914891, 965295, 402709, 126042, 578846, 145281, 38.7, 50.8, 1.00
M, 702086, 383660, 914253, 965938, 403001, 125887, 579292, 145254, 38.7, 50.8, 1.00
M, 702820, 383620, 913642, 966950, 403460, 125806, 579861, 145280, 38.7, 50.8, 1.01
M, 703486, 383533, 913462, 967764, 403613, 125843, 580210, 145328, 38.7, 50.8, 0.99
M, 704328, 383577, 913499, 969004, 404025, 125834, 580766, 145458, 38.7, 50.8, 1.00
M, 705503, 383687, 913458, 970189, 404444, 125803, 581277, 145545, 38.7, 50.8, 1.00
M, 706619, 383794, 913334, 971269, 404943, 125757, 581899, 145553, 38.7, 50.8, 1.00
M, 706898, 383859, 912719, 971876, 405214, 125805, 582285, 145632, 38.7, 50.8, 1.00
M, 708295, 384049, 913259, 973538, 405729, 125788, 582932, 145730, 38.7, 50.8, 1.00
M, 708969, 384067, 912890, 974192, 406067, 125729, 583366, 145742, 38.7, 50.8, 1.00
M, 709922, 384298, 913314, 975725, 406433, 125823, 583916, 145883, 38.7, 50.8, 1.00
M, 710807, 384465, 913375, 976829, 406899, 125803, 584442, 145991, 38.7, 50.8, 1.01
M, 712181, 384766, 913852, 978211, 407386, 125906, 585102, 146071, 38.7, 50.8, 1.00
M, 712890, 384978, 913800, 979129, 407722, 125824, 585570, 146131, 38.7, 50.8, 1.00
M, 713687, 385168, 914095, 980462, 408157, 125825, 586058, 146232, 38.7, 50.8, 1.01
M, 714428, 385435, 914054, 981540, 408512, 125903, 586566, 146322, 38.7, 50.8, 1.00
M, 715253, 385656, 914321, 982402, 408866, 125883, 586953, 146341, 38.7, 50.8, 1.01
M, 716430, 386003, 914907, 983824, 409270, 126023, 587533, 146515, 38.7, 50.8, 1.00
M, 717190, 386288, 914901, 984678, 409757, 125976, 587956, 146525, 38.7, 50.8, 0.99
M, 719493, 386853, 917412, 987690, 410362, 126156, 588770, 146939, 38.7, 50.7, 0.99
M, 720105, 387219, 917402, 988673, 410779, 126256, 589257, 146947, 38.7, 50.7, 1.00
M, 720202, 387516, 916482, 988754, 411038, 126218, 589617, 146909, 38.7, 50.8, 1.01
M, 720460, 387569, 916275, 989174, 411143, 126193, 589743, 146926, 38.7, 50.8, 1.01
M, 720956, 388040, 916101, 990004, 411546, 126209, 590275, 146899, 38.7, 50.7, 1.01
M, 721270, 388066, 916036, 990426, 411749, 126160, 590464, 146829, 38.7, 50.7, 0.99
M, 721932, 388298, 916261, 991310, 412056, 126223, 590874, 147014, 38.7, 50.7, 1.01
M, 722498, 388531, 916414, 992077, 412305, 126180, 591266, 146993, 38.7, 50.7, 0.99
M, 723027, 388843, 916553, 992937, 412621, 126284, 591579, 147092, 38.7, 50.7, 0.99
M, 723764, 389128, 917085, 994085, 412974, 126352, 592059, 147240, 38.7, 50.7, 1.00
M, 724544, 389414, 917441, 995033, 413254, 126313, 592368, 147153, 38.7, 50.7, 1.00
M, 724841, 389593, 917233, 995508, 413528, 126297, 592661, 147206, 38.7, 50.7, 1.00
M, 725406, 389843, 917322, 996435, 413757, 126332, 592962, 147318, 38.7, 50.7, 0.99
M, 725915, 390177, 917513, 997100, 414044, 126339, 593428, 147371, 38.7, 50.7, 1.00
M, 726666, 390407, 918162, 998133, 414374, 126388, 593684, 147398, 38.7, 50.7, 1.00
M, 727263, 390788, 918162, 998714, 414604, 126419, 594096, 147476, 38.7, 50.7, 1.00
M, 727488, 391044, 918075, 999259, 414829, 126398, 594311, 147464, 38.7, 50.7, 1.00
M, 728139, 391237, 918566, 1000129, 415089, 126520, 594625, 147499, 38.7, 50.7, 1.00
M, 728332, 391433, 918467, 1000747, 415264, 126526, 594957, 147587, 38.7, 50.7, 1.00
M, 728986, 391720, 919003, 1001608, 415614, 126586, 595257, 147705, 38.7, 50.7, 0.99
M, 731537, 392326, 921973, 1004663, 416263, 126785, 596035, 148118, 38.7, 50.7, 1.01
M, 731423, 392676, 921411, 1004620, 416453, 126773, 596268, 148006, 38.7, 50.7, 1.00
M, 731514, 392871, 921277, 1005202, 416604, 126785, 596502, 148026, 38.7, 50.7, 1.00
M, 731400, 393069, 920640, 1004821, 416737, 126713, 596620, 147912, 38.7, 50.7, 1.00
M, 731411, 393176, 920578, 1005304, 416788, 126708, 596691, 147848, 38.7, 50.7, 1.00
M, 731426, 393447, 920180, 1005530, 417037, 126704, 596993, 147840, 38.7, 50.7, 1.00
M, 731693, 393383, 920102, 1005682, 417076, 126713, 597061, 147833, 38.7, 50.7, 1.00
M, 731963, 393586, 920342, 1006438, 417200, 126698, 597318, 147877, 38.7, 50.7, 1.00
M, 732372, 393792, 920547, 1006863, 417466, 126775, 597541, 147915, 38.7, 50.7, 1.00
M, 732342, 393951, 920283, 1007263, 417563, 126743, 597751, 147939, 38.7, 50.7, 1.00
M, 733149, 394216, 920997, 1008030, 417837, 126805, 598087, 148083, 38.7, 50.7, 1.01
M, 733516, 394487, 921241, 1008579, 418039, 126805, 598338, 148084, 38.7, 50.7, 1.01
M, 733589, 394572, 921197, 1008895, 418157, 126835, 598513, 148075, 38.7, 50.7, 1.00
M, 734122, 394872, 921363, 1009521, 418328, 126840, 598746, 148163, 38.7, 50.7, 1.00
M, 734370, 395044, 921589, 1009970, 418597, 126879, 598975, 148181, 38.7, 50.7, 0.99
M, 734773, 395216, 922000, 1010780, 418790, 126983, 599196, 148286, 38.7, 50.7, 1.00
M, 735070, 395429, 922184, 1011257, 418910, 126989, 599420, 148307, 38.7, 50.7, 0.99
M, 735703, 395684, 922820, 1012149, 419139, 127017, 599701, 148276, 38.7, 50.7, 1.00
M, 735685, 395862, 922539, 1012286, 419235, 127031, 599851, 148327, 38.7, 50.7, 1.00
M, 735849, 395938, 922517, 1012592, 419306, 126995, 599990, 148341, 38.7, 50.7, 1.00
M, 738085, 396490, 925437, 1015465, 419975, 127319, 600674, 148809, 38.7, 50.7, 1.00
M, 737589, 396797, 924668, 1014867, 420080, 127231, 600780, 148610, 38.7, 50.7, 0.99
M, 737556, 396804, 924416, 1014885, 420091, 127194, 600789, 148535, 38.7, 50.7, 1.00
M, 737501, 396854, 924065, 1015000, 420202, 127166, 600858, 148566, 38.7, 50.7, 1.00
M, 737474, 397109, 923918, 1015107, 420259, 127185, 601057, 148499, 38.7, 50.7, 1.00
M, 737460, 397017, 923904, 1015248, 420249, 127226, 601089, 148548, 38.7, 50.7, 1.00
M, 737389, 397250, 923589, 1015110, 420449, 127168, 601320, 148438, 38.7, 50.7, 1.01
M, 737468, 397241, 923605, 1015291, 420473, 127137, 601324, 148396, 38.7, 50.7, 1.00
M, 737532, 397363, 923520, 1015652, 420554, 127172, 601484, 148461, 38.7, 50.7, 0.99
M, 737512, 397405, 923456, 1015858, 420650, 127112, 601575, 148491, 38.7, 50.7, 1.00
M, 737809, 397550, 923522, 1016083, 420735, 127177, 601719, 148518, 38.7, 50.7, 1.00
M, 738306, 397783, 924242, 1016941, 420957, 127227, 601990, 148589, 38.7, 50.7, 1.00
M, 738582, 397956, 924304, 1017177, 421057, 127220, 602193, 148620, 38.7, 50.7, 0.99
M, 738750, 397967, 924271, 1017451, 421199, 127292, 602326, 148630, 38.7, 50.7, 1.01
M, 739038, 398160, 924757, 1018203, 421331, 127267, 602457, 148612, 38.7, 50.7, 1.00
M, 739068, 398249, 924706, 1018222, 421432, 127292, 602593, 148601, 38.7, 50.7, 1.00
M, 739389, 398303, 925037, 1018816, 421562, 127376, 602779, 148750, 38.7, 50.7, 1.01
M, 739735, 398455, 925178, 1019161, 421701, 127358, 602963, 148790, 38.7, 50.7, 1.00
M, 739974, 398625, 925560, 1019582, 421862, 127387, 603123, 148763, 38.7, 50.7, 1.00
M, 740014, 398642, 925580, 1019816, 421911, 127347, 603201, 148766, 38.7, 50.7, 1.01
M, 741819, 399069, 927978, 1022110, 422310, 127566, 603696, 149169, 38.7, 50.7, 1.00
M, 742140, 399445, 928233, 1022430, 422517, 127609, 603952, 149123, 38.7, 50.7, 1.00
M, 741897, 399456, 928009, 1022488, 422559, 127635, 603995, 149121, 38.7, 50.7, 1.00
M, 742105, 399627, 927945, 1022441, 422697, 127665, 604089, 149068, 38.7, 50.7, 1.01
M, 741827, 399637, 927863, 1022557, 422693, 127672, 604165, 149017, 38.7, 50.7, 1.00
M, 741575, 399800, 927369, 1022313, 422831, 127648, 604211, 149004, 38.7, 50.7, 1.00
M, 741448, 399793, 927288, 1022362, 422751, 127612, 604273, 148993, 38.7, 50.7, 1.00
M, 741428, 399846, 926991, 1022194, 422860, 127614, 604383, 148916, 38.7, 50.7, 1.00
M, 741367, 399831, 926779, 1022065, 422819, 127642, 604312, 148876, 38.7, 50.7, 1.00
M, 741670, 399910, 927116, 1022658, 422916, 127600, 604480, 148945, 38.7, 50.7, 1.00
M, 741759, 399986, 927242, 1022802, 422940, 127606, 604572, 148964, 38.7, 50.7, 1.00
M, 741777, 400021, 927351, 1023098, 423052, 127698, 604702, 149011, 38.7, 50.7, 1.00
M, 742285, 400185, 927893, 1023711, 423236, 127665, 604928, 149064, 38.7, 50.7, 1.01
M, 742462, 400320, 928018, 1023503, 423316, 127725, 604984, 149027, 38.7, 50.7, 1.01
M, 742472, 400410, 927954, 1023832, 423386, 127676, 605057, 149017, 38.7, 50.8, 1.00
M, 742561, 400416, 928283, 1024363, 423462, 127762, 605213, 149151, 38.7, 50.8, 1.00
M, 742710, 400615, 928256, 1024700, 423612, 127769, 605337, 149200, 38.7, 50.7, 1.00
M, 743081, 400669, 928803, 1024956, 423676, 127807, 605469, 149230, 38.7, 50.7, 1.01
M, 743125, 400714, 928916, 1025291, 423740, 127869, 605589, 149173, 38.7, 50.8, 1.00
M, 743459, 400849, 929260, 1025617, 423877, 127867, 605681, 149249, 38.7, 50.8, 1.00
M, 745235, 401239, 931636, 1027794, 424330, 128058, 606136, 149623, 38.7, 50.8, 1.00
M, 745207, 401399, 931760, 1028063, 424417, 128113, 606330, 149625, 38.7, 50.8, 1.00
M, 744845, 401447, 931366, 1027730, 424399, 128053, 606348, 149531, 38.7, 50.7, 1.01
M, 744898, 401538, 931349, 1027836, 424433, 128033, 606354, 149548, 38.7, 50.7, 0.99
M, 744802, 401530, 931178, 1027577, 424469, 128055, 606379, 149399, 38.7, 50.7, 1.00
M, 744462, 401503, 930935, 1027380, 424416, 128073, 606353, 149381, 38.7, 50.7, 1.00
M, 744127, 401619, 930366, 1027037, 424488, 128014, 606408, 149319, 38.7, 50.7, 1.01
M, 744080, 401529, 930432, 1027083, 424428, 128022, 606379, 149328, 38.7, 50.7, 1.00
M, 744298, 401605, 930789, 1027536, 424520, 128068, 606483, 149418, 38.7, 50.7, 1.01
M, 744375, 401626, 931024, 1027779, 424579, 128119, 606617, 149429, 38.7, 50.8, 1.01
M, 744608, 401837, 931265, 1027823, 424636, 128080, 606744, 149404, 38.7, 50.8, 1.00
M, 744500, 401814, 930997, 1027745, 424686, 128056, 606751, 149310, 38.7, 50.7, 1.00
M, 744297, 401741, 931025, 1027964, 424718, 128089, 606788, 149375, 38.7, 50.7, 1.00
M, 744573, 401855, 931086, 1028188, 424805, 128137, 606923, 149449, 38.7, 50.7, 0.99
M, 744757, 401950, 931415, 1028339, 424806, 128021, 606939, 149526, 38.7, 50.7, 1.00
M, 745087, 401992, 931962, 1028906, 424990, 128104, 607098, 149503, 38.7, 50.7, 1.01
M, 745068, 402048, 932035, 1028964, 425064, 128190, 607208, 149474, 38.7, 50.7, 1.00
M, 745201, 402130, 931888, 1028827, 425023, 128062, 607216, 149482, 38.7, 50.8, 1.01
M, 745349, 402246, 932311, 1029402, 425168, 128198, 607353, 149542, 38.7, 50.8, 0.99
M, 745333, 402273, 932406, 1029499, 425192, 128263, 607501, 149520, 38.7, 50.8, 1.00
M, 747071, 402567, 934800, 1031720, 425591, 128486, 607867, 149996, 38.7, 50.8, 1.00
M, 747377, 402912, 935184, 1031955, 425778, 128504, 608076, 149979, 38.7, 50.7, 0.99
M, 747115, 402901, 935064, 1031865, 425827, 128470, 608039, 149836, 38.7, 50.7, 1.00
M, 746727, 402878, 934635, 1031488, 425743, 128430, 607995, 149763, 38.7, 50.8, 1.00
M, 746634, 402909, 934440, 1031274, 425685, 128467, 608005, 149791, 38.7, 50.8, 1.00
M, 746560, 402892, 934339, 1031287, 425811, 128473, 608089, 149726, 38.7, 50.8, 1.00
M, 746274, 402870, 933984, 1030852, 425727, 128397, 607956, 149657, 38.7, 50.8, 1.00
M, 745962, 402918, 933717, 1030646, 425723, 128430, 608008, 149622, 38.7, 50.8, 1.00
M, 745793, 402827, 933548, 1030651, 425628, 128417, 607982, 149611, 38.7, 50.8, 1.00
M, 745664, 402803, 933423, 1030696, 425690, 128391, 607982, 149671, 38.7, 50.8, 1.00
M, 745275, 402755, 932874, 1030151, 425543, 128333, 607929, 149534, 38.7, 50.8, 1.00
M, 744753, 402693, 931079, 1027735, 425527, 128172, 607875, 149259, 38.7, 50.8, 1.01
M, 744542, 402448, 931893, 1029210, 425395, 128235, 607779, 149403, 38.7, 50.8, 1.00
M, 745102, 402643, 932975, 1030138, 425639, 128277, 608071, 149523, 38.7, 50.8, 0.99
M, 745503, 402689, 933127, 1030364, 425746, 128328, 608217, 149549, 38.7, 50.8, 1.00
M, 745913, 402836, 933749, 1030975, 425868, 128369, 608350, 149666, 38.7, 50.8, 1.00
M, 746027, 402868, 933920, 1031216, 425910, 128446, 608397, 149682, 38.7, 50.8, 1.00
M, 746527, 403005, 934449, 1031426, 425993, 128431, 608606, 149711, 38.7, 50.8, 1.00
M, 746474, 402962, 934479, 1031561, 426099, 128418, 608660, 149694, 38.7, 50.8, 1.00
M, 746442, 403009, 934686, 1032026, 426159, 128500, 608751, 149743, 38.7, 50.8, 1.00
M, 748273, 403254, 937266, 1034410, 426491, 128698, 609210, 150173, 38.7, 50.8, 1.00
M, 748481, 403520, 937551, 1034282, 426697, 128712, 609321, 150133, 38.7, 50.8, 1.00
M, 748415, 403548, 937461, 1034303, 426668, 128680, 609331, 150081, 38.7, 50.7, 1.00
M, 748129, 403589, 937269, 1033953, 426635, 128715, 609278, 150018, 38.7, 50.7, 1.00
M, 747943, 403519, 936801, 1033625, 426693, 128724, 609223, 149919, 38.7, 50.8, 1.00
M, 747873, 403603, 937039, 1033952, 426663, 128681, 609213, 149945, 38.7, 50.8, 1.01
M, 747432, 403578, 936519, 1033427, 426683, 128663, 609309, 149882, 38.7, 50.7, 1.00
M, 747278, 403548, 936378, 1033379, 426493, 128679, 609178, 149957, 38.7, 50.7, 1.00
M, 747166, 403585, 936352, 1033186, 426672, 128652, 609282, 149756, 38.7, 50.8, 1.00
M, 747062, 403498, 936272, 1033116, 426582, 128677, 609209, 149791, 38.7, 50.8, 1.01
M, 747339, 403504, 936579, 1033482, 426672, 128717, 609325, 149884, 38.7, 50.8, 1.00
M, 747437, 403598, 936685, 1033571, 426641, 128703, 609391, 149870, 38.7, 50.7, 1.00
M, 747307, 403605, 936894, 1033739, 426756, 128773, 609468, 149943, 38.7, 50.7, 1.01
M, 747751, 403722, 937451, 1034217, 426837, 128831, 609600, 150034, 38.7, 50.8, 0.99
M, 747983, 403790, 937736, 1034136, 426910, 128782, 609682, 149966, 38.7, 50.8, 1.00
M, 747808, 403770, 937639, 1034164, 426872, 128783, 609642, 149940, 38.7, 50.8, 1.00
M, 747977, 403778, 937857, 1034525, 426948, 128782, 609707, 149997, 38.7, 50.8, 1.00
M, 747649, 403779, 937427, 1034228, 426920, 128798, 609671, 149955, 38.7, 50.8, 1.00
M, 748057, 403790, 938125, 1034568, 427051, 128873, 609813, 150105, 38.7, 50.8, 1.00
M, 748181, 403864, 938327, 1034913, 427060, 128895, 609847, 150083, 38.7, 50.8, 1.00
M, 750241, 404335, 941384, 1037537, 427542, 129143, 610435, 150515, 38.7, 50.8, 1.00
M, 749974, 404426, 940864, 1036936, 427614, 129109, 610404, 150417, 38.7, 50.8, 1.00
M, 749774, 404450, 940876, 1036934, 427584, 129142, 610391, 150346, 38.7, 50.8, 0.99
M, 749367, 404388, 940428, 1036470, 427496, 129054, 610372, 150310, 38.7, 50.8, 1.00
M, 749221, 404402, 940180, 1036029, 427446, 129058, 610276, 150176, 38.7, 50.8, 1.00
M, 748873, 404336, 939857, 1035761, 427452, 129002, 610227, 150129, 38.7, 50.8, 1.00
M, 748557, 404206, 939531, 1035668, 427311, 128995, 610148, 150072, 38.7, 50.8, 1.00
M, 748422, 404293, 939420, 1035306, 427301, 128963, 610231, 150085, 38.7, 50.8, 1.00
M, 748247, 404165, 939382, 1035293, 427265, 129022, 610176, 150134, 38.7, 50.8, 1.00
M, 748155, 404309, 939215, 1035162, 427331, 129019, 610236, 150060, 38.7, 50.8, 1.00
M, 747998, 404159, 939091, 1034933, 427261, 128970, 610188, 150061, 38.7, 50.8, 1.00
M, 748264, 404176, 939614, 1035480, 427349, 129010, 610268, 150058, 38.7, 50.8, 1.00
M, 748252, 404200, 939735, 1035598, 427381, 129023, 610320, 150052, 38.8, 50.8, 0.99
M, 748302, 404237, 939706, 1035479, 427405, 128997, 610304, 150100, 38.8, 50.8, 1.00
M, 748532, 404298, 940197, 1035986, 427479, 129023, 610425, 150203, 38.8, 50.8, 1.00
M, 748769, 404315, 940456, 1035993, 427493, 129088, 610473, 150158, 38.8, 50.8, 1.00
M, 748681, 404296, 940384, 1035871, 427500, 129046, 610468, 150155, 38.8, 50.8, 1.00
M, 748799, 404350, 940562, 1036162, 427586, 129105, 610556, 150185, 38.8, 50.8, 1.01
M, 748801, 404286, 940640, 1036083, 427573, 129089, 610585, 150209, 38.8, 50.8, 0.99
M, 749018, 404452, 941110, 1036562, 427700, 129195, 610636, 150265, 38.8, 50.8, 1.00
M, 750777, 404693, 943778, 1038873, 427958, 129316, 611070, 150689, 38.8, 50.8, 1.00
M, 751012, 405017, 944070, 1038827, 428184, 129339, 611224, 150641, 38.8, 50.8, 1.00
M, 750462, 404960, 943597, 1038387, 428018, 129242, 611162, 150479, 38.8, 50.8, 1.00
M, 750330, 404922, 943494, 1038323, 428025, 129404, 611176, 150517, 38.8, 50.8, 1.00
M, 750047, 404921, 943117, 1038079, 428043, 129344, 611119, 150462, 38.8, 50.8, 1.00
M, 749953, 404868, 943177, 1037935, 428005, 129356, 611064, 150448, 38.8, 50.8, 1.00
M, 749998, 404892, 943267, 1037850, 428120, 129385, 611060, 150434, 38.8, 50.8, 1.00
M, 749754, 404893, 942971, 1037632, 427987, 129352, 611098, 150372, 38.8, 50.8, 1.01
M, 749446, 404867, 942701, 1037227, 427948, 129299, 611025, 150291, 38.8, 50.8, 0.99
M, 748887, 404715, 942166, 1036781, 427818, 129269, 610891, 150263, 38.8, 50.8, 1.00
M, 748705, 404737, 941875, 1036457, 427797, 129193, 610983, 150229, 38.8, 50.8, 1.00
M, 748725, 404645, 941834, 1036195, 427799, 129204, 610892, 150174, 38.8, 50.8, 1.01
M, 748876, 404677, 942299, 1036794, 427837, 129276, 610994, 150298, 38.8, 50.8, 1.00
M, 748809, 404666, 942410, 1036790, 427852, 129308, 610982, 150270, 38.8, 50.8, 1.00
M, 748807, 404687, 942231, 1036622, 427852, 129289, 611035, 150269, 38.8, 50.8, 1.00
M, 749091, 404610, 942839, 1037018, 427927, 129268, 611154, 150396, 38.8, 50.8, 0.98
M, 749133, 404700, 942794, 1036932, 427985, 129371, 611196, 150307, 38.8, 50.8, 1.00
M, 748982, 404677, 942770, 1036871, 427934, 129370, 611157, 150297, 38.8, 50.8, 1.00
M, 749089, 404688, 942962, 1037205, 428001, 129238, 611211, 150247, 38.8, 50.8, 1.00
M, 749202, 404632, 943174, 1037216, 427962, 129300, 611277, 150312, 38.8, 50.8, 0.99
M, 750750, 404865, 945538, 1039498, 428382, 129576, 611619, 150743, 38.8, 50.8, 1.00
M, 750988, 405144, 945939, 1039646, 428529, 129592, 611790, 150790, 38.8, 50.8, 1.00
M, 750947, 405169, 945835, 1039431, 428488, 129610, 611717, 150634, 38.8, 50.8, 1.00
M, 750498, 405123, 945428, 1038853, 428309, 129503, 611660, 150581, 38.8, 50.8, 1.00
M, 750344, 405082, 945088, 1038721, 428334, 129479, 611609, 150532, 38.8, 50.8, 1.00
M, 750386, 405150, 945439, 1038839, 428368, 129480, 611657, 150547, 38.8, 50.8, 0.99
M, 750189, 405025, 945344, 1038709, 428304, 129547, 611634, 150599, 38.8, 50.8, 1.00
M, 750181, 405126, 945420, 1038574, 428343, 129530, 611610, 150506, 38.8, 50.8, 1.00
M, 750164, 405039, 945482, 1038579, 428351, 129493, 611636, 150423, 38.8, 50.8, 1.00
M, 749822, 405030, 945079, 1038172, 428403, 129530, 611663, 150494, 38.8, 50.8, 0.99
M, 749539, 404986, 944884, 1038181, 428318, 129515, 611582, 150404, 38.8, 50.8, 1.00
M, 749880, 404952, 945363, 1038351, 428297, 129511, 611691, 150485, 38.8, 50.8, 1.00
M, 749990, 405072, 945678, 1038572, 428370, 129541, 611696, 150549, 38.8, 50.8, 1.01
M, 750051, 405089, 945731, 1038573, 428391, 129486, 611707, 150502, 38.8, 50.8, 1.00
M, 749838, 405061, 945690, 1038397, 428436, 129538, 611747, 150485, 38.8, 50.8, 1.00
M, 749157, 404795, 944751, 1037625, 428185, 129496, 611492, 150275, 38.8, 50.8, 1.00
M, 749529, 404874, 945368, 1038116, 428321, 129508, 611675, 150457, 38.8, 50.8, 1.00
M, 749491, 404841, 945235, 1038090, 428337, 129582, 611721, 150488, 38.8, 50.8, 1.00
M, 749869, 405015, 945911, 1038595, 428464, 129553, 611795, 150580, 38.8, 50.8, 1.01
M, 750109, 405026, 946317, 1038790, 428449, 129597, 611927, 150558, 38.8, 50.8, 1.00
