State, OV, Alc, H2, AC1, NH3, AC2, VOC, LP, Temp, Hud, AirFlow
A, 634789, 348489, 924960, 886324, 349678, 121217, 503370, 156551, 41.8, 48.7, 0.00
A, 624501, 345958, 907706, 873028, 346838, 119851, 500145, 153834, 41.8, 48.7, 0.63
A, 616007, 343396, 893139, 861975, 344368, 118656, 497587, 151591, 41.7, 48.6, 0.71
A, 608215, 340875, 878561, 851512, 342144, 117471, 495693, 149473, 41.7, 48.6, 0.83
A, 603183, 339358, 867896, 844756, 341058, 116543, 495357, 148146, 41.5, 48.3, 0.88
A, 600162, 338423, 859721, 840529, 340814, 115893, 495693, 147335, 41.5, 48.3, 0.94
A, 598206, 337903, 852203, 837238, 340896, 115231, 496488, 146723, 41.4, 48.0, 0.96
A, 597956, 337729, 846617, 835592, 341431, 114739, 497696, 146411, 41.4, 48.0, 0.97
A, 597931, 337638, 841607, 834820, 341838, 114188, 498783, 146212, 41.3, 47.9, 0.98
A, 598949, 337870, 838265, 835397, 342568, 113903, 499926, 146156, 41.3, 47.9, 0.99
A, 600288, 338167, 835316, 836163, 343324, 113643, 501269, 146271, 41.2, 47.7, 0.99
A, 602074, 338621, 832939, 837280, 344169, 113413, 502444, 146422, 41.2, 47.7, 0.99
A, 604350, 339046, 831298, 839165, 345083, 113194, 503865, 146598, 41.1, 47.6, 0.99
A, 606872, 339661, 829442, 841035, 346162, 113020, 505271, 146751, 41.1, 47.6, 0.99
A, 609114, 340244, 828012, 843092, 346930, 112893, 506529, 146926, 41.1, 47.5, 1.00
A, 611434, 340885, 827040, 845406, 347881, 112880, 507787, 147176, 41.1, 47.5, 1.00
A, 614353, 341723, 825991, 847865, 349051, 112875, 509312, 147401, 41.0, 47.3, 0.99
A, 616473, 342251, 825381, 849815, 349732, 112753, 510268, 147587, 41.0, 47.3, 1.00
A, 619808, 343281, 824643, 852868, 351035, 112673, 511928, 147797, 40.9, 47.3, 0.99
A, 621685, 343800, 824215, 854745, 351725, 112633, 512831, 147939, 40.9, 47.3, 1.01
A, 625355, 344755, 825766, 858525, 352865, 112857, 514340, 148461, 40.9, 47.3, 1.00
A, 627469, 345633, 824823, 860368, 353793, 112792, 515503, 148461, 40.9, 47.2, 0.99
A, 629156, 346276, 823872, 862102, 354488, 112721, 516426, 148584, 40.9, 47.2, 1.00
A, 631370, 347126, 823503, 864353, 355399, 112704, 517571, 148778, 40.8, 47.1, 1.01
A, 634105, 348084, 823500, 866910, 356359, 112685, 518912, 148919, 40.8, 47.1, 1.00
A, 636227, 348921, 823374, 869176, 357264, 112773, 520021, 149042, 40.8, 47.1, 1.01
A, 638438, 349803, 823527, 871545, 358067, 112849, 521136, 149308, 40.8, 47.1, 1.00
A, 640524, 350769, 823435, 873689, 358990, 112811, 522240, 149482, 40.7, 47.1, 0.99
A, 642883, 351590, 823921, 876078, 359850, 112927, 523355, 149731, 40.7, 47.1, 0.99
A, 644918, 352536, 823979, 878278, 360733, 113002, 524447, 149868, 40.7, 47.1, 1.00
A, 647168, 353624, 824072, 880557, 361641, 113047, 525582, 149921, 40.7, 47.1, 0.99
A, 648932, 354521, 824054, 882386, 362438, 113034, 526523, 150021, 40.6, 47.1, 1.00
A, 650507, 355339, 824008, 884343, 363197, 113148, 527514, 150190, 40.6, 47.1, 1.00
A, 652351, 356268, 824231, 886410, 363997, 113237, 528445, 150357, 40.6, 47.0, 1.01
A, 654460, 357283, 824277, 888253, 364833, 113269, 529463, 150476, 40.6, 47.0, 0.99
A, 655811, 358091, 824001, 889870, 365509, 113295, 530387, 150455, 40.6, 47.0, 1.00
A, 657065, 358861, 824058, 891601, 366128, 113346, 531218, 150665, 40.6, 47.0, 1.00
A, 658898, 359949, 823978, 893340, 367056, 113420, 532310, 150676, 40.5, 47.0, 0.99
A, 660036, 360576, 824028, 894792, 367524, 113433, 532897, 150797, 40.5, 47.0, 1.00
A, 661693, 361824, 823890, 896770, 368489, 113502, 534067, 150890, 40.5, 47.0, 1.00
A, 663859, 362457, 825248, 899073, 369063, 113591, 534802, 151168, 40.5, 47.0, 1.00
A, 664906, 363406, 825106, 900436, 369731, 113632, 535636, 151150, 40.5, 47.0, 1.00
A, 666082, 364163, 824936, 901850, 370313, 113713, 536382, 151255, 40.5, 46.9, 1.01
A, 667165, 364949, 824981, 903148, 370831, 113746, 537058, 151334, 40.5, 46.9, 0.99
A, 668768, 365850, 825495, 905004, 371589, 113884, 537888, 151507, 40.4, 46.9, 1.01
A, 670135, 366793, 825723, 906559, 372248, 113907, 538760, 151517, 40.4, 46.9, 1.00
A, 671252, 367626, 825686, 907812, 372884, 114017, 539433, 151581, 40.4, 46.9, 1.00
A, 672339, 368320, 825804, 909279, 373410, 114071, 540134, 151726, 40.4, 46.9, 1.00
A, 673415, 369202, 826012, 910567, 373920, 114086, 540861, 151745, 40.4, 46.9, 1.00
A, 674382, 369853, 826045, 911790, 374472, 114179, 541472, 151834, 40.4, 46.9, 1.01
A, 675609, 370632, 826413, 913329, 375033, 114229, 542199, 151964, 40.4, 47.0, 1.00
A, 676812, 371492, 826682, 914723, 375635, 114262, 542931, 151908, 40.4, 47.0, 1.00
A, 677529, 372133, 826557, 915745, 376123, 114379, 543523, 151975, 40.3, 46.9, 1.00
A, 678223, 372910, 826428, 916824, 376625, 114459, 544123, 152076, 40.3, 46.9, 1.00
A, 679442, 373672, 826873, 918136, 377148, 114460, 544836, 152203, 40.3, 47.0, 0.99
A, 680522, 374429, 826901, 919267, 377666, 114569, 545410, 152184, 40.3, 47.0, 0.99
A, 681076, 375088, 826723, 920157, 378079, 114577, 545965, 152204, 40.3, 46.9, 0.99
A, 681846, 375684, 826716, 921114, 378499, 114594, 546467, 152183, 40.3, 46.9, 1.00
A, 682755, 376487, 826851, 922432, 379087, 114661, 547174, 152269, 40.3, 46.9, 1.01
A, 683150, 376828, 826775, 923099, 379332, 114769, 547540, 152245, 40.3, 46.9, 0.99
A, 686042, 378193, 829442, 926458, 380279, 114950, 548706, 152730, 40.2, 47.0, 1.01
A, 686518, 378662, 829417, 927150, 380705, 114973, 549099, 152661, 40.2, 47.0, 1.00
A, 687244, 379334, 829640, 928349, 381112, 115093, 549598, 152851, 40.2, 47.0, 1.00
A, 687571, 379950, 829237, 928787, 381433, 115092, 550113, 152747, 40.2, 47.0, 1.00
A, 688155, 380460, 829360, 929582, 381705, 115174, 550503, 152754, 40.2, 47.0, 1.00
A, 689142, 381100, 829944, 930938, 382299, 115294, 551033, 152864, 40.2, 47.0, 1.01
A, 689813, 381741, 829962, 931742, 382698, 115331, 551554, 152919, 40.2, 47.0, 1.00
A, 690439, 382325, 829855, 932352, 382972, 115329, 551980, 152903, 40.2, 47.0, 0.99
A, 691078, 382884, 830362, 933772, 383370, 115383, 552482, 152935, 40.2, 47.0, 1.00
A, 691677, 383404, 830467, 934533, 383750, 115603, 552922, 152997, 40.2, 47.0, 1.01
A, 692256, 383951, 830754, 935384, 384107, 115526, 553382, 153053, 40.2, 47.0, 1.01
A, 692979, 384486, 830866, 936217, 384470, 115674, 553816, 153155, 40.2, 47.0, 1.00
A, 693585, 385158, 831141, 937210, 384881, 115765, 554317, 153038, 40.2, 47.0, 1.00
A, 693893, 385580, 831025, 937754, 385164, 115724, 554622, 153094, 40.1, 47.1, 1.00
A, 694305, 385957, 830895, 938264, 385401, 115728, 555004, 153107, 40.1, 47.1, 1.01
A, 694961, 386523, 831310, 939267, 385762, 115789, 555423, 153129, 40.1, 47.1, 1.01
A, 695486, 387012, 831352, 939930, 386043, 115935, 555868, 153116, 40.1, 47.1, 0.99
A, 696027, 387489, 831394, 940596, 386490, 115940, 556233, 153188, 40.1, 47.1, 1.01
A, 696342, 387914, 831603, 941375, 386736, 115988, 556601, 153172, 40.1, 47.1, 1.01
A, 696724, 388425, 831439, 941858, 387048, 115996, 557037, 153156, 40.1, 47.1, 0.99
A, 697907, 388813, 832870, 943760, 387421, 116168, 557450, 153489, 40.1, 47.1, 1.00
A, 697836, 389448, 831870, 943523, 387752, 116164, 557863, 153088, 40.1, 47.1, 0.99
A, 697478, 389574, 830945, 943078, 387778, 116151, 557893, 153056, 40.1, 47.1, 1.02
A, 697760, 389809, 830984, 943718, 387914, 116179, 558211, 153062, 40.1, 47.1, 1.00
A, 697959, 390131, 830802, 944124, 388142, 116193, 558493, 153004, 40.0, 47.2, 1.01
A, 698472, 390473, 831132, 944929, 388418, 116219, 558783, 153184, 40.0, 47.2, 1.01
A, 699396, 390915, 831835, 946127, 388858, 116362, 559302, 153272, 40.0, 47.2, 0.99
A, 699966, 391387, 832103, 946596, 389136, 116440, 559761, 153248, 40.0, 47.2, 1.00
A, 700362, 391702, 832142, 947357, 389408, 116435, 560008, 153264, 40.0, 47.2, 1.00
A, 700895, 392147, 832560, 948329, 389655, 116561, 560330, 153383, 40.0, 47.2, 1.01
A, 701273, 392477, 832828, 949006, 389959, 116613, 560686, 153369, 40.0, 47.2, 0.99
A, 701650, 392835, 832912, 949379, 390094, 116639, 561010, 153430, 40.0, 47.2, 1.00
A, 702308, 393218, 833443, 950522, 390449, 116691, 561350, 153539, 40.0, 47.2, 1.00
A, 702786, 393578, 833623, 951024, 390731, 116699, 561655, 153457, 40.0, 47.2, 1.01
A, 703029, 393936, 833491, 951460, 390966, 116828, 561891, 153420, 40.0, 47.3, 0.99
A, 703230, 394194, 833663, 951984, 391100, 116802, 562184, 153460, 40.0, 47.3, 0.99
A, 703841, 394558, 834152, 952932, 391424, 116936, 562573, 153544, 40.0, 47.3, 1.00
A, 704110, 394825, 834148, 953274, 391597, 116930, 562784, 153590, 40.0, 47.3, 1.01
A, 704815, 395296, 834575, 954026, 391999, 116980, 563211, 153525, 40.0, 47.3, 1.01
A, 704406, 395382, 833714, 953934, 391973, 117002, 563266, 153417, 40.0, 47.3, 1.00
A, 706179, 396045, 835794, 956037, 392539, 117262, 563946, 153806, 40.0, 47.3, 1.00
A, 705863, 396277, 835371, 955817, 392672, 117202, 563996, 153632, 40.0, 47.3, 1.01
A, 705288, 396469, 834154, 955342, 392732, 117189, 564148, 153445, 39.9, 47.3, 1.00
A, 705364, 396499, 834021, 955450, 392759, 117177, 564234, 153392, 39.9, 47.3, 1.00
A, 705919, 396702, 834624, 956371, 392996, 117289, 564588, 153454, 39.9, 47.3, 1.00
A, 706204, 396998, 834714, 956893, 393233, 117311, 564779, 153447, 39.9, 47.3, 1.00
A, 706347, 397220, 834763, 957279, 393408, 117361, 565015, 153491, 39.9, 47.3, 1.00
A, 706945, 397564, 835335, 958198, 393672, 117409, 565380, 153612, 39.9, 47.4, 1.00
A, 707405, 397803, 835461, 958552, 393888, 117475, 565615, 153538, 39.9, 47.4, 1.00
A, 707576, 398073, 835495, 958864, 394010, 117499, 565839, 153517, 39.9, 47.4, 1.00
A, 707884, 398269, 835691, 959579, 394207, 117582, 566025, 153547, 39.9, 47.4, 1.00
A, 708116, 398535, 835720, 959830, 394433, 117595, 566352, 153534, 39.9, 47.4, 0.99
A, 708540, 398706, 836274, 960664, 394601, 117642, 566566, 153661, 39.9, 47.4, 1.00
A, 708842, 398909, 836479, 961153, 394783, 117721, 566798, 153658, 39.9, 47.4, 1.00
A, 709169, 399217, 836594, 961239, 395007, 117773, 566994, 153595, 39.9, 47.4, 1.00
A, 709201, 399357, 836548, 961677, 395141, 117748, 567267, 153571, 39.9, 47.5, 1.00
A, 709328, 399577, 836480, 962083, 395252, 117823, 567418, 153636, 39.9, 47.5, 1.00
A, 709111, 399612, 836227, 962091, 395381, 117889, 567513, 153582, 39.9, 47.5, 1.00
A, 708239, 399820, 834190, 960772, 395444, 117801, 567596, 153358, 39.9, 47.5, 0.99
A, 709331, 399954, 835820, 962359, 395656, 117888, 567850, 153427, 39.8, 47.5, 0.99
A, 710804, 400311, 837656, 964367, 396052, 118006, 568408, 153783, 39.8, 47.5, 0.99
A, 710638, 400655, 837186, 964158, 396202, 118095, 568544, 153637, 39.8, 47.6, 1.00
A, 710706, 400659, 837231, 964441, 396220, 118141, 568672, 153640, 39.8, 47.6, 1.00
A, 710539, 400945, 836740, 964249, 396464, 118142, 568847, 153524, 39.8, 47.6, 1.01
A, 710747, 400927, 836795, 964379, 396434, 118135, 568853, 153489, 39.8, 47.6, 1.00
A, 711144, 401112, 837360, 965448, 396658, 118242, 569163, 153608, 39.8, 47.6, 1.01
A, 711377, 401286, 837372, 965783, 396779, 118243, 569335, 153600, 39.8, 47.6, 1.00
A, 711665, 401464, 837519, 966081, 396963, 118287, 569596, 153661, 39.8, 47.6, 1.01
A, 712223, 401684, 838248, 966854, 397157, 118339, 569848, 153675, 39.8, 47.6, 1.00
A, 712445, 401897, 838383, 967130, 397407, 118393, 570029, 153695, 39.8, 47.6, 1.00
A, 712347, 402002, 838202, 967283, 397450, 118447, 570122, 153595, 39.8, 47.6, 0.99
A, 712766, 402197, 838706, 968021, 397633, 118566, 570363, 153649, 39.8, 47.6, 0.99
A, 712921, 402310, 838786, 968353, 397741, 118545, 570455, 153669, 39.8, 47.7, 1.01
A, 713205, 402517, 839017, 968835, 397850, 118594, 570704, 153702, 39.8, 47.7, 0.99
A, 713405, 402701, 839284, 969221, 398053, 118657, 570870, 153742, 39.8, 47.7, 1.00
A, 713798, 402888, 839534, 969482, 398238, 118715, 571123, 153690, 39.8, 47.7, 1.00
A, 713864, 403017, 839388, 969584, 398349, 118760, 571221, 153613, 39.8, 47.7, 0.99
A, 713877, 403124, 839394, 969986, 398464, 118786, 571322, 153691, 39.8, 47.7, 1.00
A, 714149, 403277, 839852, 970485, 398600, 118815, 571637, 153722, 39.8, 47.8, 1.01
A, 714324, 403314, 839997, 970823, 398664, 118871, 571673, 153711, 39.8, 47.8, 1.00
A, 716130, 403942, 842266, 973076, 399218, 119091, 572320, 154089, 39.7, 47.7, 1.00
A, 715714, 404058, 841651, 972542, 399246, 119085, 572272, 153837, 39.7, 47.7, 0.99
A, 714941, 403987, 840478, 971761, 399214, 119020, 572287, 153681, 39.7, 47.8, 0.99
A, 714515, 403916, 840098, 971543, 399124, 119007, 572215, 153621, 39.7, 47.8, 1.00
A, 714710, 403955, 840121, 971614, 399178, 118987, 572337, 153574, 39.7, 47.8, 1.00
A, 714599, 404055, 839958, 971661, 399255, 119068, 572381, 153531, 39.7, 47.8, 1.01
A, 714874, 404132, 840383, 972240, 399356, 119071, 572636, 153527, 39.7, 47.8, 1.01
A, 715063, 404273, 840395, 972509, 399500, 119101, 572783, 153602, 39.7, 47.8, 1.00
A, 715297, 404363, 840581, 972869, 399587, 119120, 572947, 153555, 39.7, 47.8, 1.00
A, 715764, 404526, 841145, 973607, 399798, 119237, 573133, 153674, 39.7, 47.8, 1.00
A, 715801, 404560, 841224, 973897, 399920, 119284, 573309, 153707, 39.7, 47.8, 1.01
A, 716219, 404843, 841782, 974494, 400122, 119354, 573509, 153799, 39.7, 47.8, 1.01
A, 716593, 404887, 842109, 974830, 400226, 119382, 573633, 153718, 39.7, 47.8, 1.00
A, 716505, 404995, 841836, 974825, 400320, 119410, 573745, 153681, 39.7, 47.9, 1.00
A, 716760, 405112, 842070, 975187, 400424, 119532, 573918, 153662, 39.7, 47.9, 0.99
A, 716820, 405217, 842288, 975468, 400460, 119508, 573988, 153675, 39.7, 47.9, 1.00
A, 716961, 405383, 842509, 975732, 400565, 119570, 574127, 153701, 39.7, 47.9, 1.00
A, 717381, 405511, 842923, 976461, 400797, 119626, 574330, 153795, 39.7, 48.0, 1.00
A, 717637, 405663, 843368, 976679, 400943, 119698, 574538, 153734, 39.7, 48.0, 1.00
A, 717478, 405650, 843084, 976776, 400945, 119653, 574587, 153653, 39.7, 48.0, 1.02
A, 718563, 405934, 844579, 978187, 401260, 119845, 574943, 153989, 39.7, 48.0, 1.00
A, 718327, 406083, 843874, 977491, 401299, 119828, 574970, 153711, 39.7, 48.0, 0.99
A, 717660, 405914, 843111, 976976, 401257, 119879, 574884, 153582, 39.7, 48.0, 1.00
A, 716848, 405937, 842089, 976227, 401164, 119767, 574888, 153485, 39.7, 48.0, 1.00
A, 716859, 405788, 842054, 976417, 401139, 119761, 574888, 153448, 39.7, 48.0, 1.00
A, 717384, 405970, 842685, 977116, 401305, 119844, 575059, 153569, 39.7, 48.0, 1.01
A, 717632, 406045, 843089, 977534, 401468, 119889, 575205, 153607, 39.6, 48.1, 1.00
A, 717961, 406114, 843221, 977698, 401566, 119878, 575396, 153507, 39.6, 48.1, 0.99
A, 717814, 406238, 843270, 977961, 401553, 119915, 575501, 153548, 39.6, 48.1, 1.00
A, 718564, 406371, 844248, 978913, 401836, 119970, 575732, 153607, 39.6, 48.1, 0.99
A, 718665, 406430, 844337, 979158, 401950, 120039, 575812, 153609, 39.6, 48.1, 1.00
A, 718971, 406652, 844603, 979515, 402112, 120103, 575973, 153684, 39.6, 48.1, 1.00
A, 719137, 406700, 844841, 979745, 402160, 120140, 576153, 153632, 39.6, 48.1, 1.00
A, 719493, 406803, 845279, 980281, 402369, 120194, 576325, 153658, 39.6, 48.1, 1.00
A, 719393, 406871, 845231, 980265, 402359, 120237, 576350, 153660, 39.6, 48.1, 1.00
A, 719617, 406957, 845650, 980639, 402488, 120343, 576470, 153621, 39.6, 48.1, 1.00
A, 719612, 406941, 845666, 980862, 402508, 120331, 576526, 153666, 39.6, 48.1, 1.01
A, 719550, 407047, 845572, 980862, 402641, 120356, 576584, 153626, 39.6, 48.1, 0.99
A, 719914, 407243, 846097, 981458, 402728, 120413, 576791, 153679, 39.6, 48.2, 1.00
A, 720155, 407266, 846341, 981695, 402828, 120439, 576901, 153683, 39.6, 48.2, 1.00
A, 721230, 407440, 848021, 983228, 403129, 120588, 577254, 154009, 39.6, 48.2, 1.00
A, 720959, 407535, 847408, 982730, 403142, 120564, 577263, 153768, 39.6, 48.2, 1.00
A, 720029, 407471, 846350, 981710, 402980, 120506, 577072, 153540, 39.6, 48.2, 1.01
A, 719908, 407487, 846261, 981853, 402944, 120554, 577131, 153584, 39.6, 48.2, 1.00
A, 719741, 407444, 845848, 981608, 403016, 120494, 577204, 153409, 39.6, 48.2, 1.00
A, 719741, 407357, 846057, 981568, 403002, 120565, 577206, 153369, 39.6, 48.2, 1.00
A, 719992, 407496, 846399, 982212, 403108, 120590, 577336, 153501, 39.6, 48.2, 1.00
A, 720251, 407611, 846576, 982576, 403252, 120661, 577532, 153535, 39.6, 48.2, 1.00
A, 720350, 407601, 846749, 982707, 403318, 120726, 577596, 153600, 39.6, 48.2, 1.00
A, 720761, 407785, 847432, 983169, 403497, 120754, 577766, 153663, 39.6, 48.2, 1.01
A, 720834, 407860, 847623, 983413, 403541, 120821, 577893, 153583, 39.6, 48.2, 1.00
A, 720727, 407863, 847431, 983438, 403577, 120770, 577961, 153519, 39.6, 48.3, 1.01
A, 721036, 407937, 847815, 983792, 403693, 120848, 577980, 153596, 39.6, 48.3, 1.00
A, 721091, 407967, 847959, 984015, 403727, 120869, 578099, 153552, 39.6, 48.3, 0.99
A, 721367, 408107, 848320, 984405, 403864, 120879, 578225, 153630, 39.6, 48.3, 0.99
A, 721248, 408109, 848155, 984250, 403903, 120951, 578287, 153624, 39.5, 48.3, 1.00
A, 721734, 408195, 848881, 984985, 404074, 121007, 578478, 153610, 39.5, 48.3, 1.00
A, 721633, 408256, 848691, 984949, 404083, 121109, 578499, 153585, 39.5, 48.3, 1.01
A, 721656, 408279, 848790, 985007, 404077, 121116, 578568, 153553, 39.5, 48.3, 1.00
A, 721903, 408341, 849222, 985336, 404256, 121154, 578712, 153574, 39.5, 48.4, 0.99
A, 723182, 408609, 850946, 987003, 404637, 121286, 579103, 153884, 39.5, 48.4, 1.00
A, 722770, 408694, 850547, 986591, 404602, 121249, 579077, 153720, 39.5, 48.4, 1.01
A, 722812, 408691, 850644, 986750, 404568, 121315, 579044, 153661, 39.5, 48.4, 1.00
A, 722260, 408684, 849946, 986110, 404568, 121243, 579054, 153559, 39.5, 48.4, 1.01
A, 722125, 408576, 849922, 986174, 404492, 121253, 579083, 153612, 39.5, 48.4, 1.00
A, 722020, 408730, 849797, 986053, 404638, 121328, 579156, 153495, 39.5, 48.4, 1.00
A, 721943, 408648, 849770, 985859, 404596, 121365, 579097, 153403, 39.5, 48.4, 1.00
A, 722018, 408676, 849954, 986300, 404624, 121322, 579230, 153469, 39.5, 48.4, 1.01
A, 722183, 408683, 850135, 986526, 404694, 121340, 579309, 153475, 39.5, 48.4, 1.00
A, 722244, 408667, 850259, 986703, 404810, 121464, 579334, 153521, 39.5, 48.4, 1.01
A, 722576, 408809, 850751, 987027, 404890, 121472, 579542, 153562, 39.5, 48.4, 1.00
A, 722790, 408875, 850948, 987083, 404970, 121488, 579637, 153457, 39.5, 48.4, 1.01
A, 722762, 408852, 851054, 987056, 405009, 121513, 579620, 153498, 39.5, 48.5, 1.00
A, 722619, 408838, 850986, 987365, 404993, 121567, 579698, 153525, 39.5, 48.5, 1.00
A, 722907, 408878, 851321, 987699, 405116, 121616, 579788, 153550, 39.5, 48.5, 0.99
A, 722919, 408911, 851363, 987690, 405168, 121616, 579817, 153547, 39.5, 48.5, 1.00
A, 723308, 409045, 852015, 988161, 405269, 121633, 579972, 153622, 39.5, 48.5, 1.01
A, 723343, 409109, 852211, 988369, 405308, 121656, 580100, 153540, 39.5, 48.5, 1.00
A, 723235, 409080, 852066, 988369, 405336, 121607, 580102, 153473, 39.5, 48.5, 1.00
A, 723109, 409027, 852051, 988393, 405380, 121765, 580066, 153470, 39.5, 48.5, 1.00
A, 724707, 409403, 854306, 990411, 405706, 121904, 580545, 153806, 39.5, 48.5, 1.00
A, 724236, 409477, 853420, 989347, 405704, 121889, 580508, 153611, 39.5, 48.5, 1.00
A, 723621, 409326, 852687, 988660, 405590, 121858, 580344, 153341, 39.5, 48.5, 1.00
A, 722976, 409123, 852164, 988481, 405488, 121817, 580278, 153357, 39.5, 48.5, 1.00
A, 722490, 409153, 851536, 987757, 405482, 121778, 580247, 153242, 39.5, 48.6, 0.99
A, 722588, 409011, 851665, 988007, 405423, 121795, 580259, 153314, 39.5, 48.6, 1.01
A, 722727, 409170, 851885, 988215, 405598, 121773, 580389, 153268, 39.5, 48.6, 1.00
A, 722798, 409104, 852001, 988277, 405582, 121882, 580494, 153257, 39.5, 48.6, 0.99
A, 723158, 409115, 852565, 988800, 405649, 121943, 580555, 153364, 39.5, 48.6, 1.00
A, 723303, 409180, 852817, 989063, 405695, 121934, 580623, 153306, 39.5, 48.6, 1.00
A, 723351, 409203, 852810, 989288, 405810, 122027, 580721, 153329, 39.5, 48.6, 1.01
A, 723736, 409277, 853571, 989870, 405937, 122142, 580917, 153404, 39.5, 48.6, 1.00
A, 724067, 409364, 853855, 989983, 406052, 122079, 580964, 153383, 39.5, 48.6, 1.00
A, 723951, 409357, 853766, 989941, 406027, 122146, 580988, 153315, 39.5, 48.6, 1.01
A, 724075, 409430, 854068, 990437, 406161, 122194, 581103, 153394, 39.5, 48.6, 1.00
A, 724170, 409404, 854186, 990472, 406178, 122206, 581203, 153419, 39.4, 48.7, 1.00
A, 724437, 409465, 854761, 990949, 406258, 122199, 581215, 153459, 39.4, 48.7, 1.00
A, 724543, 409541, 854950, 991194, 406344, 122286, 581348, 153452, 39.4, 48.7, 1.00
A, 724739, 409587, 855133, 991143, 406402, 122276, 581428, 153397, 39.4, 48.7, 1.00
A, 724520, 409637, 855054, 991014, 406404, 122322, 581429, 153396, 39.4, 48.7, 1.00
A, 725695, 409806, 856705, 992742, 406682, 122477, 581706, 153719, 39.4, 48.7, 1.00
A, 725440, 409944, 856440, 992371, 406696, 122450, 581743, 153552, 39.4, 48.7, 1.00
A, 724880, 409866, 855759, 991713, 406552, 122423, 581719, 153422, 39.4, 48.7, 1.00
A, 724755, 409826, 855692, 991531, 406619, 122445, 581666, 153352, 39.4, 48.8, 1.00
A, 724246, 409681, 855278, 991171, 406467, 122342, 581565, 153264, 39.4, 48.8, 1.01
A, 724358, 409634, 855343, 991160, 406527, 122383, 581679, 153231, 39.4, 48.8, 1.00
A, 724389, 409689, 855497, 991405, 406554, 122457, 581695, 153259, 39.4, 48.8, 1.00
A, 724185, 409723, 855237, 991196, 406621, 122427, 581728, 153200, 39.4, 48.7, 1.01
A, 724270, 409592, 855281, 991002, 406528, 122438, 581755, 153082, 39.4, 48.7, 1.00
A, 724519, 409678, 855852, 991712, 406674, 122535, 581802, 153216, 39.4, 48.7, 1.00
A, 724599, 409663, 856052, 991739, 406766, 122511, 581965, 153216, 39.4, 48.8, 0.99
A, 724568, 409699, 855952, 991821, 406757, 122571, 581939, 153239, 39.4, 48.8, 0.99
A, 725087, 409796, 856598, 992424, 406910, 122650, 582096, 153373, 39.4, 48.8, 1.00
A, 725164, 409774, 856714, 992387, 406968, 122655, 582191, 153284, 39.4, 48.8, 0.99
A, 725046, 409832, 856768, 992445, 406943, 122650, 582179, 153254, 39.4, 48.8, 1.00
A, 725254, 409835, 857180, 992844, 406939, 122627, 582256, 153261, 39.4, 48.8, 1.00
A, 725302, 409847, 857415, 993045, 407012, 122732, 582271, 153315, 39.4, 48.8, 1.00
A, 725512, 409966, 857627, 993411, 407177, 122767, 582404, 153333, 39.4, 48.8, 1.01
A, 725609, 410064, 857962, 993537, 407179, 122854, 582502, 153425, 39.4, 48.8, 1.00
A, 725780, 410070, 858182, 993548, 407246, 122782, 582508, 153292, 39.4, 48.8, 1.00
A, 726983, 410263, 859952, 995195, 407578, 123018, 582889, 153581, 39.4, 48.8, 1.00
A, 726577, 410381, 859576, 994850, 407619, 122976, 582843, 153535, 39.4, 48.8, 1.00
A, 726308, 410329, 859194, 994489, 407529, 122981, 582845, 153468, 39.4, 48.8, 1.02
A, 726507, 410347, 859652, 994795, 407556, 123008, 582844, 153466, 39.4, 48.8, 1.00
A, 726337, 410383, 859418, 994541, 407608, 123027, 582925, 153398, 39.4, 48.9, 1.00
A, 726183, 410317, 859451, 994284, 407569, 123020, 582875, 153331, 39.4, 48.9, 1.01
A, 725903, 410353, 859199, 994230, 407534, 123055, 582941, 153298, 39.4, 48.9, 1.00
A, 725803, 410262, 859109, 994306, 407466, 123049, 582847, 153296, 39.4, 48.9, 1.01
A, 725954, 410329, 859467, 994470, 407588, 123126, 582930, 153355, 39.4, 48.9, 1.00
A, 726167, 410284, 859789, 994671, 407625, 123171, 582998, 153336, 39.4, 48.9, 1.00
A, 726221, 410297, 859992, 994730, 407689, 123104, 583091, 153263, 39.4, 48.9, 1.00
A, 726046, 410322, 859855, 994553, 407681, 123200, 583042, 153285, 39.4, 48.9, 1.00
A, 726032, 410260, 859949, 994570, 407638, 123143, 583032, 153245, 39.4, 48.9, 1.01
A, 726189, 410340, 860343, 994964, 407713, 123284, 583185, 153275, 39.4, 48.9, 1.01
A, 726165, 410362, 860241, 994966, 407715, 123277, 583159, 153265, 39.4, 48.9, 0.99
A, 726427, 410416, 860775, 995262, 407889, 123339, 583246, 153346, 39.4, 48.9, 1.00
A, 726553, 410466, 861118, 995306, 407883, 123355, 583363, 153313, 39.4, 48.9, 1.00
A, 726400, 410439, 860956, 995223, 407912, 123333, 583324, 153237, 39.4, 48.9, 1.00
A, 726501, 410469, 861215, 995559, 407916, 123361, 583379, 153361, 39.4, 48.9, 1.01
A, 726630, 410446, 861314, 995635, 408009, 123408, 583409, 153341, 39.4, 48.9, 1.00
A, 727797, 410651, 863205, 997246, 408211, 123547, 583693, 153649, 39.4, 48.9, 1.00
A, 727437, 410757, 862925, 996825, 408312, 123544, 583717, 153486, 39.4, 49.0, 1.01
A, 727011, 410664, 862314, 996094, 408162, 123508, 583643, 153264, 39.4, 49.0, 1.00
A, 726423, 410545, 861710, 995568, 408026, 123504, 583519, 153175, 39.4, 49.0, 0.99
A, 725999, 410380, 861195, 995152, 407935, 123418, 583391, 153095, 39.4, 49.0, 1.00
A, 725744, 410358, 860803, 994704, 407924, 123411, 583401, 153058, 39.4, 49.0, 1.00
A, 725840, 410272, 861107, 994816, 407952, 123416, 583418, 152998, 39.4, 49.0, 1.00
A, 725618, 410282, 861089, 994909, 407977, 123474, 583469, 153030, 39.4, 49.0, 1.00
A, 725711, 410200, 861176, 994970, 407952, 123448, 583517, 153074, 39.4, 49.0, 0.99
A, 726151, 410235, 861828, 995541, 408045, 123504, 583582, 153145, 39.4, 49.0, 1.00
A, 726391, 410306, 862268, 995914, 408115, 123514, 583705, 153141, 39.4, 49.0, 1.00
A, 726465, 410385, 862321, 995821, 408285, 123532, 583761, 153096, 39.4, 49.0, 1.01
A, 726518, 410402, 862509, 996126, 408211, 123640, 583794, 153174, 39.4, 49.0, 1.00
A, 727021, 410554, 863331, 996656, 408372, 123706, 583970, 153281, 39.4, 49.0, 1.00
A, 727045, 410501, 863321, 996755, 408377, 123732, 583957, 153244, 39.4, 49.0, 1.00
A, 727040, 410554, 863629, 996897, 408501, 123793, 584062, 153314, 39.4, 49.0, 1.00
A, 727240, 410505, 863704, 996946, 408464, 123825, 584067, 153294, 39.4, 49.1, 0.99
A, 727443, 410610, 864142, 997200, 408567, 123854, 584164, 153249, 39.4, 49.1, 1.00
A, 727268, 410607, 864055, 997053, 408580, 123840, 584171, 153238, 39.3, 49.1, 1.00
A, 727396, 410623, 864411, 997241, 408626, 123827, 584213, 153191, 39.3, 49.1, 1.00
A, 728644, 410882, 866354, 998954, 408854, 123984, 584568, 153533, 39.3, 49.1, 1.00
A, 728336, 410988, 865927, 998572, 408941, 123998, 584537, 153448, 39.3, 49.1, 1.01
A, 727671, 410849, 865254, 997934, 408695, 123948, 584427, 153316, 39.3, 49.1, 1.01
A, 727329, 410772, 864841, 997350, 408685, 123941, 584299, 153140, 39.3, 49.1, 1.00
A, 726400, 410561, 863855, 996384, 408520, 123828, 584035, 152972, 39.3, 49.1, 0.99
A, 726296, 410422, 863839, 996462, 408502, 123846, 584106, 153000, 39.3, 49.1, 1.00
A, 726691, 410464, 864315, 996645, 408611, 123892, 584235, 153050, 39.3, 49.1, 1.00
A, 726558, 410434, 864258, 996761, 408552, 123909, 584230, 153082, 39.3, 49.1, 1.00
A, 726763, 410522, 864486, 996835, 408719, 123938, 584347, 153030, 39.3, 49.1, 1.00
A, 726890, 410469, 864756, 996784, 408681, 123982, 584357, 153037, 39.3, 49.1, 0.99
A, 727065, 410479, 865177, 997485, 408755, 124040, 584386, 153071, 39.3, 49.1, 1.00
A, 727201, 410505, 865537, 997656, 408794, 124075, 584443, 153125, 39.3, 49.1, 1.00
A, 727318, 410586, 865644, 997796, 408841, 124043, 584537, 153165, 39.3, 49.1, 1.00
A, 727594, 410600, 866120, 998073, 408924, 124188, 584591, 153216, 39.3, 49.1, 0.99
A, 727694, 410626, 866443, 998322, 408991, 124150, 584651, 153137, 39.3, 49.1, 1.00
A, 727701, 410676, 866451, 998253, 408963, 124146, 584710, 153139, 39.3, 49.1, 0.99
A, 727917, 410637, 866919, 998475, 409065, 124211, 584779, 153184, 39.3, 49.1, 1.00
A, 727856, 410717, 866884, 998495, 409042, 124176, 584746, 153148, 39.3, 49.2, 1.00
A, 728022, 410809, 867168, 998642, 409156, 124228, 584922, 153179, 39.3, 49.2, 1.00
A, 727984, 410723, 867054, 998449, 409135, 124243, 584834, 153091, 39.3, 49.2, 1.01
A, 728986, 410864, 869064, 1000247, 409341, 124410, 585179, 153440, 39.3, 49.2, 1.00
A, 728716, 411015, 868674, 999796, 409319, 124373, 585058, 153267, 39.3, 49.2, 1.01
A, 728152, 410917, 867950, 999124, 409271, 124311, 584960, 153227, 39.3, 49.2, 1.00
A, 728333, 410856, 868326, 999312, 409247, 124387, 585055, 153259, 39.3, 49.2, 1.00
A, 728322, 410891, 868400, 999331, 409265, 124438, 585102, 153153, 39.3, 49.2, 1.00
A, 728099, 410950, 868381, 999098, 409314, 124383, 585044, 153156, 39.3, 49.2, 1.00
A, 727866, 410789, 868218, 998938, 409221, 124453, 585020, 153117, 39.3, 49.2, 1.00
A, 727861, 410871, 868302, 999011, 409323, 124424, 585115, 153088, 39.3, 49.2, 1.00
A, 727809, 410720, 868288, 998962, 409235, 124453, 584993, 153193, 39.3, 49.2, 1.00
A, 727771, 410828, 868358, 998818, 409335, 124456, 585078, 153116, 39.3, 49.3, 1.00
A, 727720, 410694, 868388, 998694, 409227, 124442, 584996, 153037, 39.3, 49.3, 1.00
A, 727827, 410703, 868730, 999131, 409295, 124492, 585101, 153106, 39.3, 49.3, 1.00
A, 727898, 410754, 868965, 999235, 409355, 124531, 585078, 153066, 39.3, 49.3, 1.00
A, 728024, 410768, 869185, 999269, 409388, 124561, 585182, 153135, 39.3, 49.3, 1.01
A, 728312, 410844, 869663, 999805, 409417, 124595, 585278, 153225, 39.3, 49.3, 1.00
A, 728414, 410916, 869931, 999728, 409508, 124642, 585349, 153231, 39.3, 49.3, 1.00
A, 728433, 410877, 869929, 999568, 409479, 124578, 585314, 153125, 39.3, 49.3, 1.01
A, 728370, 410842, 870228, 999905, 409517, 124659, 585315, 153186, 39.3, 49.3, 1.00
A, 728368, 410833, 870367, 999963, 409566, 124702, 585370, 153157, 39.3, 49.3, 1.01
A, 728684, 410928, 870652, 1000142, 409594, 124734, 585455, 153267, 39.3, 49.3, 0.99
A, 729978, 411218, 872690, 1001904, 409885, 124892, 585759, 153579, 39.3, 49.3, 0.99
A, 730014, 411354, 873036, 1002020, 410044, 124943, 585805, 153424, 39.3, 49.3, 1.00
A, 729501, 411321, 872611, 1001549, 409974, 124933, 585695, 153367, 39.3, 49.3, 1.00
A, 729249, 411253, 872346, 1001152, 409856, 124887, 585642, 153288, 39.3, 49.3, 1.01
A, 729268, 411312, 872523, 1001266, 409878, 124938, 585693, 153327, 39.3, 49.3, 1.00
A, 729193, 411251, 872300, 1000789, 409862, 124825, 585603, 153221, 39.3, 49.3, 1.00
A, 728915, 411234, 872064, 1000431, 409762, 124915, 585630, 153164, 39.3, 49.3, 1.00
A, 728619, 411107, 872153, 1000623, 409743, 124916, 585533, 153135, 39.3, 49.3, 1.00
A, 728408, 411155, 871968, 1000268, 409772, 124880, 585553, 153114, 39.3, 49.3, 1.00
A, 728319, 411029, 871850, 1000203, 409681, 124894, 585472, 153167, 39.3, 49.3, 1.00
A, 728150, 411077, 871917, 999947, 409733, 124838, 585560, 153085, 39.3, 49.3, 1.00
A, 728031, 410934, 871795, 999775, 409587, 124909, 585460, 153029, 39.3, 49.3, 1.00
A, 728251, 410929, 872180, 1000138, 409662, 124927, 585549, 153053, 39.3, 49.3, 1.00
A, 728207, 410896, 872411, 1000122, 409671, 124984, 585566, 153048, 39.3, 49.4, 1.00
A, 728167, 410870, 872424, 1000255, 409713, 125008, 585628, 153086, 39.3, 49.4, 1.01
A, 728476, 410994, 872872, 1000621, 409819, 125036, 585653, 153146, 39.3, 49.4, 1.00
A, 728488, 410949, 873049, 1000524, 409814, 125057, 585700, 153076, 39.3, 49.4, 1.01
A, 728316, 410903, 872827, 1000227, 409712, 124969, 585666, 152960, 39.3, 49.4, 1.00
A, 727773, 410735, 872397, 999897, 409619, 124879, 585497, 152923, 39.3, 49.4, 1.00
A, 727791, 410717, 872465, 999859, 409578, 124983, 585515, 152920, 39.3, 49.4, 1.00
M, 724819, 410160, 867498, 994492, 409126, 124414, 584783, 151724, 39.3, 49.4, 0.10
M, 716235, 408160, 855938, 984322, 406649, 123457, 581761, 149804, 39.3, 49.4, 0.56
M, 708355, 405514, 844606, 974075, 404091, 122449, 578899, 147964, 39.3, 49.4, 0.72
M, 702448, 403281, 835782, 966289, 402202, 121672, 576963, 146635, 39.3, 49.4, 0.81
M, 697770, 401481, 828484, 960275, 400643, 120920, 575434, 145664, 39.3, 49.4, 0.90
M, 694631, 399910, 822317, 955789, 399410, 120439, 574338, 145024, 39.3, 49.2, 0.93
M, 692723, 398822, 817813, 952496, 398494, 119921, 573625, 144509, 39.3, 49.2, 0.95
M, 691461, 397730, 813543, 949864, 397852, 119408, 573090, 144085, 39.3, 49.1, 0.96
M, 690428, 396904, 810188, 948304, 397396, 119104, 572842, 143697, 39.3, 49.1, 0.98
M, 690156, 396058, 806893, 946763, 397086, 118756, 572788, 143452, 39.3, 49.0, 0.98
M, 690211, 395450, 805161, 946568, 396909, 118635, 572802, 143431, 39.3, 49.0, 0.99
M, 690430, 394740, 802493, 946157, 396811, 118214, 573019, 143237, 39.3, 48.9, 1.00
M, 691110, 394218, 801308, 946278, 396825, 118147, 573239, 143178, 39.3, 48.9, 0.99
M, 692022, 393911, 800627, 947415, 396999, 117970, 573633, 143223, 39.3, 48.9, 1.00
M, 692921, 393538, 799849, 948213, 397229, 117928, 574057, 143300, 39.3, 48.9, 1.00
M, 693686, 393221, 799028, 949018, 397453, 117818, 574511, 143343, 39.3, 48.9, 1.00
M, 695084, 393009, 798936, 950456, 397716, 117785, 575068, 143544, 39.3, 48.8, 1.00
M, 696456, 392762, 798648, 951817, 398203, 117774, 575626, 143537, 39.3, 48.8, 1.00
M, 697493, 392585, 798124, 952866, 398425, 117681, 576186, 143561, 39.3, 48.8, 1.00
M, 698796, 392496, 798325, 954455, 398861, 117756, 576801, 143751, 39.3, 48.8, 1.01
M, 701150, 392637, 800031, 957319, 399506, 117847, 577669, 144054, 39.3, 48.8, 1.00
M, 701872, 392659, 799599, 958285, 399947, 117804, 578205, 144177, 39.3, 48.8, 1.00
M, 702372, 392505, 798745, 958899, 400140, 117722, 578609, 144104, 39.3, 48.8, 1.00
M, 703244, 392413, 798402, 959818, 400519, 117659, 579067, 144101, 39.3, 48.8, 1.01
M, 704061, 392364, 798433, 960961, 400851, 117705, 579601, 144188, 39.3, 48.8, 1.00
M, 705093, 392406, 798609, 962390, 401316, 117774, 580195, 144358, 39.3, 48.8, 1.00
M, 706206, 392474, 798837, 963808, 401698, 117757, 580759, 144414, 39.3, 48.7, 1.00
M, 707374, 392588, 799367, 965337, 402171, 117825, 581330, 144598, 39.3, 48.7, 1.00
M, 708484, 392835, 799467, 966612, 402665, 117827, 581993, 144655, 39.3, 48.7, 1.00
M, 709360, 392863, 799638, 967663, 403043, 117858, 582473, 144713, 39.3, 48.7, 0.99
M, 710216, 393106, 799831, 968978, 403453, 117903, 583176, 144845, 39.3, 48.7, 1.01
M, 710790, 393115, 799911, 969962, 403752, 117923, 583479, 144875, 39.3, 48.7, 1.01
M, 711900, 393366, 800548, 971445, 404185, 118027, 584072, 145097, 39.3, 48.7, 0.99
M, 712936, 393601, 800924, 972664, 404680, 118066, 584615, 145171, 39.3, 48.7, 1.00
M, 713829, 393762, 801346, 973976, 405074, 118108, 585165, 145202, 39.3, 48.7, 1.00
M, 714585, 394074, 801417, 974870, 405435, 118093, 585574, 145212, 39.3, 48.7, 1.00
M, 715171, 394130, 801482, 975775, 405739, 118160, 586064, 145347, 39.3, 48.7, 1.00
M, 716306, 394498, 802249, 977018, 406065, 118199, 586520, 145441, 39.3, 48.7, 1.00
M, 716872, 394667, 802466, 978163, 406500, 118260, 587003, 145556, 39.3, 48.7, 1.00
M, 717911, 395049, 803049, 979591, 406900, 118302, 587450, 145746, 39.3, 48.7, 1.00
M, 720192, 395585, 805560, 982525, 407680, 118620, 588374, 146082, 39.3, 48.7, 1.00
M, 720179, 395872, 804907, 982471, 407886, 118513, 588626, 145942, 39.3, 48.7, 1.00
M, 720603, 396101, 805064, 983468, 408141, 118567, 588956, 145997, 39.3, 48.7, 1.00
M, 721115, 396303, 805229, 984181, 408421, 118622, 589349, 146068, 39.3, 48.7, 0.99
M, 721609, 396473, 805453, 984955, 408686, 118632, 589707, 146165, 39.3, 48.7, 1.00
M, 722312, 396845, 805998, 985978, 409055, 118691, 590119, 146217, 39.3, 48.7, 1.00
M, 723033, 397080, 806269, 986805, 409338, 118722, 590574, 146235, 39.3, 48.7, 1.00
M, 723190, 397282, 806306, 987370, 409540, 118778, 590781, 146211, 39.3, 48.7, 0.99
M, 723623, 397490, 806360, 988023, 409826, 118816, 591108, 146295, 39.3, 48.7, 1.00
M, 724061, 397810, 806538, 988693, 410169, 118850, 591503, 146307, 39.3, 48.7, 1.00
M, 724628, 397981, 806686, 989301, 410345, 118811, 591775, 146361, 39.3, 48.7, 1.00
M, 724775, 398269, 806535, 989786, 410624, 118808, 592064, 146297, 39.3, 48.7, 1.00
M, 725110, 398331, 806803, 990512, 410752, 118886, 592308, 146408, 39.3, 48.7, 1.00
M, 725784, 398601, 807283, 991245, 410983, 118988, 592604, 146502, 39.3, 48.7, 1.00
M, 726357, 398851, 807726, 992246, 411316, 118997, 593031, 146556, 39.3, 48.7, 1.00
M, 726867, 399142, 807817, 992756, 411590, 119097, 593281, 146601, 39.3, 48.7, 0.99
M, 727023, 399274, 807900, 993436, 411702, 119082, 593580, 146652, 39.3, 48.7, 1.00
M, 728058, 399579, 808989, 994692, 412163, 119177, 593956, 146769, 39.3, 48.7, 0.99
M, 728328, 399834, 809158, 995249, 412304, 119195, 594221, 146802, 39.3, 48.7, 1.00
M, 728731, 400007, 809463, 996009, 412509, 119228, 594494, 146889, 39.3, 48.7, 0.99
M, 730431, 400469, 811449, 998259, 413004, 119393, 595050, 147175, 39.3, 48.7, 1.00
M, 730666, 400789, 811246, 998293, 413258, 119399, 595309, 147068, 39.3, 48.7, 1.00
M, 730134, 400833, 810348, 997838, 413267, 119363, 595304, 146916, 39.3, 48.7, 1.00
M, 730121, 401020, 810300, 998203, 413334, 119379, 595509, 146984, 39.3, 48.7, 1.00
M, 730016, 400992, 810061, 998200, 413411, 119396, 595604, 146930, 39.3, 48.7, 1.00
M, 729692, 401015, 809509, 998087, 413440, 119328, 595720, 146877, 39.3, 48.7, 1.00
M, 730321, 401246, 810063, 998946, 413672, 119400, 595988, 146977, 39.3, 48.7, 1.00
M, 731033, 401474, 810740, 999754, 413948, 119414, 596338, 147068, 39.3, 48.7, 1.00
M, 731410, 401656, 811020, 1000334, 414154, 119480, 596527, 147082, 39.3, 48.7, 1.01
M, 731597, 401809, 811268, 1001043, 414332, 119564, 596832, 147152, 39.3, 48.7, 1.00
M, 732266, 402111, 811653, 1001559, 414646, 119638, 597148, 147220, 39.3, 48.7, 0.99
M, 732358, 402150, 811926, 1002140, 414678, 119617, 597273, 147308, 39.3, 48.7, 1.00
M, 732713, 402513, 812197, 1002655, 414984, 119702, 597631, 147265, 39.3, 48.7, 1.00
M, 733035, 402523, 812317, 1002999, 415080, 119707, 597728, 147283, 39.3, 48.7, 1.00
M, 733509, 402721, 813037, 1003979, 415340, 119740, 598033, 147421, 39.3, 48.7, 1.00
M, 733921, 402945, 813426, 1004625, 415452, 119821, 598246, 147466, 39.3, 48.7, 1.00
M, 734170, 403094, 813680, 1005080, 415621, 119858, 598435, 147560, 39.3, 48.7, 1.00
M, 734838, 403375, 814305, 1005946, 415890, 119959, 598722, 147678, 39.3, 48.7, 0.99
M, 734462, 403535, 814062, 1005895, 416035, 119918, 598898, 147519, 39.3, 48.7, 1.00
M, 735028, 403619, 814354, 1006424, 416161, 119992, 599060, 147556, 39.3, 48.7, 1.00
M, 736678, 403980, 816383, 1008463, 416484, 120171, 599539, 147947, 39.3, 48.7, 1.00
M, 736463, 404173, 816221, 1008343, 416682, 120089, 599617, 147822, 39.3, 48.7, 0.99
M, 736082, 404224, 815696, 1008194, 416636, 120112, 599654, 147741, 39.3, 48.7, 1.00
M, 736208, 404328, 815836, 1008562, 416726, 120170, 599791, 147765, 39.3, 48.7, 1.01
M, 736640, 404482, 816462, 1009210, 416916, 120188, 600067, 147765, 39.3, 48.7, 1.01
M, 736840, 404629, 816620, 1009516, 416991, 120184, 600187, 147800, 39.3, 48.7, 1.00
M, 736819, 404704, 816691, 1009829, 417105, 120205, 600317, 147859, 39.3, 48.7, 1.01
M, 737434, 404882, 817274, 1010529, 417313, 120280, 600557, 147945, 39.3, 48.8, 1.00
M, 737698, 405054, 817585, 1010720, 417507, 120295, 600688, 147931, 39.3, 48.8, 1.01
M, 737788, 405150, 817522, 1010989, 417570, 120322, 600869, 147902, 39.3, 48.7, 0.99
M, 737946, 405330, 817852, 1011417, 417651, 120389, 601010, 147979, 39.3, 48.7, 1.00
M, 738005, 405432, 818039, 1011662, 417821, 120453, 601166, 147998, 39.3, 48.8, 1.01
M, 738135, 405434, 818274, 1012027, 417882, 120435, 601227, 148015, 39.3, 48.8, 1.00
M, 738361, 405775, 818456, 1012178, 418115, 120496, 601481, 147989, 39.3, 48.8, 1.00
M, 738496, 405749, 818643, 1012480, 418073, 120434, 601502, 147993, 39.3, 48.8, 1.00
M, 738841, 405877, 819123, 1013325, 418233, 120543, 601746, 148142, 39.3, 48.8, 1.01
M, 739092, 405961, 819537, 1013672, 418368, 120580, 601874, 148156, 39.3, 48.8, 1.00
M, 739317, 406117, 819849, 1013879, 418465, 120600, 601994, 148198, 39.3, 48.8, 1.01
M, 739859, 406258, 820571, 1014728, 418698, 120718, 602193, 148358, 39.3, 48.8, 1.00
M, 740005, 406416, 820753, 1014898, 418743, 120711, 602413, 148332, 39.3, 48.8, 1.00
M, 741450, 406727, 822636, 1016836, 419130, 120840, 602772, 148585, 39.3, 48.8, 1.00
M, 741213, 406882, 822586, 1016825, 419244, 120860, 602805, 148456, 39.3, 48.8, 1.00
M, 741118, 406896, 822418, 1016802, 419265, 120886, 602876, 148438, 39.3, 48.8, 1.00
M, 740865, 406996, 822364, 1016761, 419184, 120897, 602855, 148474, 39.3, 48.8, 1.00
M, 741354, 407142, 822858, 1017238, 419418, 120939, 603079, 148627, 39.3, 48.8, 1.00
M, 741401, 407257, 823163, 1017425, 419541, 121001, 603206, 148499, 39.3, 48.8, 1.00
M, 741343, 407306, 823181, 1017455, 419546, 121031, 603262, 148471, 39.3, 48.8, 1.00
M, 741394, 407288, 823142, 1017473, 419619, 121023, 603387, 148489, 39.3, 48.8, 1.00
M, 741711, 407487, 823824, 1018110, 419728, 121053, 603541, 148594, 39.3, 48.8, 1.00
M, 741670, 407534, 823731, 1018317, 419781, 121146, 603589, 148598, 39.3, 48.8, 1.00
M, 742075, 407738, 824225, 1018482, 419976, 121148, 603751, 148684, 39.3, 48.8, 1.00
M, 741981, 407639, 824406, 1018732, 419925, 121153, 603800, 148599, 39.3, 48.8, 1.00
M, 741771, 407826, 824261, 1018637, 420021, 121160, 603918, 148605, 39.3, 48.8, 1.00
M, 741719, 407742, 824415, 1018821, 419992, 121217, 603909, 148639, 39.3, 48.8, 1.00
M, 742153, 407876, 824905, 1019262, 420050, 121237, 604090, 148665, 39.3, 48.8, 1.00
M, 742454, 407910, 825454, 1019748, 420165, 121279, 604214, 148779, 39.3, 48.8, 0.99
M, 742619, 408058, 825693, 1019956, 420289, 121210, 604402, 148737, 39.3, 48.8, 0.98
M, 742594, 408197, 825717, 1019869, 420305, 121265, 604390, 148700, 39.3, 48.8, 1.00
M, 742489, 408093, 825748, 1019985, 420392, 121281, 604455, 148704, 39.3, 48.8, 0.99
M, 742670, 408247, 826129, 1020427, 420484, 121433, 604616, 148770, 39.3, 48.8, 1.00
M, 743870, 408423, 827858, 1022033, 420761, 121534, 604939, 149068, 39.3, 48.8, 1.00
M, 743523, 408556, 827474, 1021536, 420800, 121493, 604999, 148962, 39.3, 48.8, 1.00
M, 743002, 408498, 826959, 1021060, 420725, 121432, 604915, 148782, 39.3, 48.8, 1.00
M, 742585, 408411, 826523, 1020663, 420653, 121422, 604883, 148761, 39.3, 48.8, 1.00
M, 742396, 408326, 826283, 1020306, 420633, 121461, 604800, 148695, 39.3, 48.8, 1.00
M, 742136, 408270, 826221, 1020338, 420669, 121475, 604798, 148659, 39.3, 48.8, 0.99
M, 741855, 408244, 825807, 1020017, 420604, 121446, 604799, 148667, 39.3, 48.8, 1.00
M, 742556, 408378, 826828, 1021058, 420796, 121521, 605075, 148854, 39.3, 48.9, 1.01
M, 742947, 408415, 827350, 1021394, 420917, 121542, 605248, 148808, 39.3, 48.9, 1.00
M, 743041, 408483, 827695, 1021763, 421052, 121566, 605294, 148857, 39.3, 48.8, 1.01
M, 743115, 408485, 827904, 1021998, 421049, 121583, 605459, 148916, 39.3, 48.8, 1.00
M, 743644, 408749, 828540, 1022324, 421274, 121682, 605617, 148954, 39.3, 48.8, 0.99
M, 743448, 408710, 828302, 1022170, 421194, 121672, 605696, 148902, 39.3, 48.8, 1.00
M, 743415, 408755, 828374, 1022373, 421419, 121680, 605742, 148896, 39.3, 48.9, 1.00
M, 743652, 408699, 828797, 1022688, 421299, 121717, 605765, 148976, 39.3, 48.9, 1.00
M, 744048, 408815, 829457, 1023345, 421477, 121746, 605899, 149022, 39.3, 48.9, 1.00
M, 744317, 408920, 829886, 1023763, 421559, 121762, 606023, 149054, 39.3, 48.9, 1.01
M, 744652, 409057, 830268, 1023795, 421701, 121796, 606226, 149043, 39.3, 48.9, 1.01
M, 744447, 409020, 830295, 1024127, 421715, 121772, 606221, 149163, 39.3, 48.9, 1.01
M, 745121, 409150, 831285, 1024845, 421938, 121944, 606423, 149210, 39.3, 48.9, 1.01
M, 746409, 409462, 833062, 1026658, 422139, 122092, 606797, 149522, 39.3, 48.9, 0.99
M, 746250, 409668, 832883, 1026201, 422255, 122127, 606793, 149428, 39.3, 48.9, 1.00
M, 745665, 409563, 832525, 1025778, 422198, 122171, 606743, 149359, 39.3, 48.9, 1.00
M, 745297, 409577, 832069, 1025230, 422162, 122065, 606687, 149236, 39.3, 48.9, 0.98
M, 744773, 409448, 831502, 1024752, 421990, 121967, 606593, 149125, 39.3, 48.9, 1.00
M, 744741, 409445, 831875, 1025066, 422007, 122073, 606602, 149102, 39.3, 48.9, 1.01
M, 745202, 409512, 832566, 1025638, 422119, 122116, 606845, 149236, 39.3, 48.9, 1.01
M, 745162, 409448, 832739, 1025724, 422269, 122099, 606872, 149365, 39.3, 48.9, 1.00
M, 745734, 409647, 833347, 1026260, 422324, 122157, 606996, 149386, 39.3, 48.9, 1.00
M, 745909, 409747, 833878, 1026497, 422471, 122245, 607101, 149373, 39.3, 48.9, 1.01
M, 745835, 409783, 833733, 1026442, 422417, 122252, 607124, 149340, 39.3, 48.9, 1.00
M, 745916, 409813, 834087, 1026625, 422514, 122297, 607187, 149364, 39.3, 48.9, 1.00
M, 745896, 409856, 834298, 1026686, 422539, 122248, 607269, 149312, 39.3, 48.9, 1.00
M, 745832, 409825, 834349, 1026866, 422535, 122334, 607280, 149409, 39.3, 48.9, 1.00
M, 745888, 409985, 834640, 1026693, 422660, 122307, 607295, 149308, 39.3, 48.9, 1.01
M, 745915, 409932, 834890, 1026918, 422603, 122402, 607352, 149386, 39.3, 48.9, 1.00
M, 746143, 410016, 835160, 1027404, 422751, 122435, 607504, 149473, 39.3, 48.9, 1.00
M, 746199, 410000, 835448, 1027518, 422774, 122407, 607554, 149441, 39.3, 48.9, 1.00
M, 746315, 410097, 835698, 1027517, 422831, 122469, 607556, 149499, 39.3, 48.9, 1.00
M, 746758, 410152, 836352, 1028120, 422906, 122524, 607736, 149616, 39.3, 48.9, 1.00
M, 748259, 410486, 838553, 1030065, 423316, 122743, 608157, 149895, 39.3, 48.9, 1.00
M, 747641, 410541, 837912, 1029140, 423279, 122617, 608062, 149735, 39.3, 48.9, 1.01
M, 747125, 410432, 837611, 1028932, 423139, 122623, 607993, 149594, 39.3, 48.9, 1.00
M, 746985, 410408, 837565, 1028815, 423136, 122578, 607950, 149566, 39.3, 48.9, 1.00
M, 746886, 410454, 837681, 1028862, 423150, 122661, 607971, 149686, 39.3, 48.9, 1.00
M, 747394, 410500, 838274, 1029276, 423283, 122640, 608101, 149743, 39.3, 48.9, 1.01
M, 747393, 410553, 838721, 1029569, 423308, 122763, 608116, 149732, 39.3, 48.9, 1.00
M, 747280, 410490, 838743, 1029422, 423286, 122689, 608163, 149679, 39.3, 48.9, 1.00
M, 747276, 410521, 838760, 1029267, 423268, 122753, 608152, 149662, 39.3, 48.9, 1.00
M, 747340, 410607, 839259, 1029736, 423389, 122794, 608225, 149737, 39.3, 48.9, 1.00
M, 747318, 410641, 839236, 1029469, 423360, 122771, 608286, 149641, 39.3, 48.9, 1.01
M, 747160, 410588, 839143, 1029268, 423342, 122759, 608202, 149669, 39.3, 48.9, 1.00
M, 747062, 410527, 839493, 1029510, 423359, 122790, 608266, 149638, 39.3, 48.9, 1.01
M, 746986, 410665, 839436, 1029291, 423450, 122857, 608342, 149664, 39.3, 48.9, 1.00
M, 746835, 410547, 839548, 1029381, 423460, 122860, 608344, 149709, 39.3, 48.9, 1.00
M, 746713, 410656, 839426, 1029049, 423447, 122857, 608349, 149619, 39.3, 48.9, 1.00
M, 746790, 410495, 839566, 1029054, 423364, 122869, 608330, 149608, 39.3, 48.9, 1.00
M, 747131, 410579, 840139, 1029596, 423478, 122900, 608477, 149715, 39.3, 48.9, 1.01
M, 747182, 410603, 840393, 1029770, 423563, 122976, 608577, 149717, 39.3, 49.0, 1.00
M, 747097, 410622, 840660, 1029862, 423545, 122981, 608570, 149814, 39.3, 49.0, 1.01
M, 748957, 410877, 843264, 1032104, 423992, 123208, 609048, 150193, 39.3, 48.9, 1.00
M, 748940, 411065, 843207, 1031671, 424007, 123187, 609063, 150018, 39.3, 48.9, 1.00
M, 748625, 411103, 843038, 1031530, 423996, 123162, 609015, 149979, 39.3, 49.0, 1.00
M, 748443, 410953, 843045, 1031699, 423966, 123213, 609052, 150043, 39.3, 49.0, 1.00
M, 748181, 411005, 843010, 1031434, 423884, 123166, 608947, 149910, 39.3, 49.0, 1.00
M, 747978, 411030, 842743, 1030833, 423893, 123181, 608958, 149909, 39.3, 49.0, 1.00
M, 748131, 410946, 843272, 1031313, 423917, 123236, 609016, 149988, 39.3, 49.0, 1.00
M, 748154, 411051, 843375, 1031199, 423956, 123238, 609000, 149923, 39.3, 49.0, 1.00
M, 748084, 411022, 843438, 1031033, 423947, 123227, 608960, 149860, 39.3, 49.0, 0.99
M, 747743, 410944, 843360, 1031094, 423875, 123263, 608974, 149965, 39.3, 49.0, 1.01
M, 748016, 411034, 843876, 1031419, 423962, 123259, 609112, 149996, 39.3, 49.0, 1.00
M, 747932, 410997, 844022, 1031445, 424026, 123312, 609118, 150116, 39.3, 49.0, 1.00
M, 748448, 411118, 844594, 1031688, 424098, 123298, 609172, 149955, 39.3, 49.0, 1.00
M, 748170, 411081, 844603, 1031634, 424142, 123424, 609190, 149989, 39.3, 49.0, 1.00
M, 748047, 411104, 844473, 1031236, 424124, 123367, 609207, 149986, 39.3, 49.0, 1.00
M, 747952, 411039, 844652, 1031321, 424059, 123341, 609161, 149931, 39.3, 49.0, 1.00
M, 747721, 411060, 844607, 1031186, 424074, 123369, 609204, 149953, 39.3, 49.0, 1.01
M, 747667, 410976, 844562, 1030996, 424092, 123335, 609149, 149945, 39.3, 49.0, 1.00
M, 747884, 410972, 845187, 1031475, 424126, 123383, 609248, 149993, 39.3, 49.0, 1.00
M, 747861, 410983, 845283, 1031532, 424146, 123381, 609310, 150012, 39.3, 49.0, 1.00
M, 749139, 411155, 847140, 1033204, 424363, 123604, 609615, 150360, 39.3, 49.0, 1.00
M, 748898, 411253, 847076, 1032977, 424469, 123600, 609695, 150270, 39.3, 49.0, 1.00
M, 748529, 411204, 846511, 1032137, 424323, 123615, 609528, 150108, 39.3, 49.0, 1.00
M, 747886, 411043, 845972, 1031521, 424154, 123445, 609401, 149981, 39.3, 49.0, 1.00
M, 747739, 410963, 845927, 1031464, 424187, 123449, 609357, 149974, 39.3, 49.0, 1.00
M, 747838, 410927, 846199, 1031546, 424121, 123474, 609438, 149986, 39.3, 49.0, 0.99
M, 747911, 410926, 846580, 1031909, 424246, 123594, 609470, 150072, 39.3, 49.0, 1.01
M, 748388, 411032, 847260, 1032416, 424406, 123616, 609678, 150194, 39.3, 49.0, 0.99
M, 748618, 411153, 847660, 1032379, 424470, 123619, 609703, 150163, 39.3, 49.0, 1.00
M, 748542, 411084, 847752, 1032472, 424475, 123661, 609682, 150123, 39.3, 49.0, 1.00
M, 748460, 411104, 847820, 1032566, 424438, 123680, 609704, 150197, 39.3, 49.0, 1.00
M, 748637, 411189, 848441, 1032894, 424587, 123758, 609831, 150286, 39.3, 49.0, 1.00
M, 748821, 411170, 848601, 1033076, 424602, 123718, 609885, 150314, 39.3, 49.0, 1.01
M, 749089, 411231, 849034, 1033091, 424680, 123767, 609906, 150235, 39.3, 49.0, 1.01
M, 748917, 411237, 849096, 1033076, 424663, 123802, 609998, 150309, 39.3, 49.0, 1.00
M, 748670, 411313, 849075, 1032937, 424726, 123770, 609950, 150258, 39.3, 49.0, 1.00
M, 748632, 411166, 849287, 1033036, 424604, 123788, 609927, 150237, 39.3, 49.0, 1.00
M, 748842, 411282, 849734, 1033386, 424707, 123859, 610017, 150356, 39.3, 49.0, 1.00
M, 749067, 411293, 850168, 1033609, 424735, 123875, 610064, 150431, 39.3, 49.0, 1.00
M, 749280, 411399, 850534, 1033742, 424831, 123902, 610153, 150393, 39.3, 49.0, 1.00
M, 750488, 411522, 852387, 1035323, 425087, 124017, 610440, 150666, 39.3, 49.0, 1.00
M, 749688, 411533, 851653, 1034553, 425070, 123930, 610318, 150449, 39.3, 49.0, 1.00
M, 749368, 411359, 851253, 1033928, 424950, 123945, 610238, 150426, 39.3, 49.0, 1.00
M, 749241, 411366, 851372, 1034024, 424832, 124017, 610197, 150364, 39.3, 49.0, 1.00
M, 749482, 411418, 851858, 1034226, 424897, 124024, 610261, 150466, 39.3, 49.0, 1.00
M, 749594, 411471, 852224, 1034172, 424989, 124012, 610285, 150343, 39.3, 49.0, 0.99
M, 749250, 411438, 851987, 1033985, 424918, 124088, 610293, 150401, 39.3, 49.0, 1.00
M, 749155, 411402, 851985, 1034014, 424926, 124098, 610273, 150410, 39.3, 49.0, 1.00
M, 749325, 411472, 852509, 1034321, 424966, 124114, 610367, 150450, 39.3, 49.0, 1.00
M, 749133, 411454, 852470, 1033903, 424920, 124112, 610274, 150441, 39.3, 49.0, 1.00
M, 749504, 411493, 853089, 1034526, 425003, 124139, 610400, 150489, 39.3, 49.0, 1.00
M, 749349, 411515, 853086, 1034168, 425078, 124116, 610388, 150446, 39.3, 49.0, 1.00
M, 749368, 411445, 853168, 1034203, 424966, 124160, 610487, 150448, 39.3, 49.0, 1.00
M, 749486, 411455, 853629, 1034472, 425030, 124164, 610498, 150513, 39.3, 49.0, 1.00
M, 749242, 411509, 853551, 1034222, 425077, 124192, 610505, 150460, 39.3, 49.0, 1.00
M, 749197, 411406, 853524, 1033909, 425043, 124156, 610434, 150397, 39.3, 49.0, 1.00
M, 748953, 411391, 853540, 1033838, 425077, 124216, 610474, 150416, 39.3, 49.0, 1.01
M, 748848, 411303, 853523, 1033987, 424985, 124175, 610424, 150418, 39.3, 49.0, 1.00
M, 749159, 411368, 854084, 1034291, 424983, 124243, 610482, 150460, 39.3, 49.0, 1.00
M, 749374, 411323, 853359, 1032854, 425093, 124178, 610431, 150325, 39.3, 49.1, 1.00
A, 755783, 412420, 864020, 1043918, 426424, 125126, 612207, 152558, 39.3, 49.1, 0.40
A, 765168, 414832, 876692, 1055446, 428779, 126282, 614573, 154599, 39.3, 49.1, 0.59
A, 771942, 416936, 886736, 1064349, 430496, 127279, 616141, 155998, 39.3, 49.1, 0.77
A, 777347, 418940, 895117, 1071820, 431953, 128096, 617535, 157141, 39.4, 49.0, 0.84
A, 780961, 420553, 901217, 1076638, 433039, 128723, 618554, 157919, 39.4, 49.0, 0.90
A, 783971, 422209, 907013, 1080882, 433979, 129366, 619423, 158571, 39.3, 49.0, 0.92
A, 785581, 423780, 911427, 1083357, 434610, 129895, 620003, 158850, 39.3, 49.0, 0.96
A, 786463, 424823, 914560, 1084895, 435049, 130272, 620214, 159075, 39.3, 49.1, 0.98
A, 786842, 425826, 917128, 1085996, 435341, 130572, 620412, 159293, 39.3, 49.1, 0.98
A, 787301, 426792, 919790, 1086814, 435520, 130927, 620393, 159340, 39.3, 49.1, 0.99
A, 786966, 427499, 921632, 1086931, 435472, 131175, 620299, 159497, 39.3, 49.1, 1.00
A, 786679, 428271, 923587, 1086978, 435580, 131463, 620087, 159569, 39.3, 49.1, 1.00
A, 785945, 428861, 925026, 1086046, 435399, 131676, 619762, 159370, 39.3, 49.1, 1.00
A, 784818, 429312, 925771, 1085133, 435135, 131793, 619294, 159327, 39.3, 49.1, 1.00
A, 783770, 429648, 926338, 1084275, 434918, 131953, 618875, 159260, 39.3, 49.1, 0.99
A, 782352, 429954, 926914, 1082466, 434479, 132016, 618316, 159109, 39.3, 49.1, 0.99
A, 781361, 430002, 927327, 1081591, 434171, 132075, 617834, 159031, 39.3, 49.1, 0.99
A, 779818, 430286, 927967, 1079891, 433855, 132242, 617287, 158966, 39.3, 49.1, 0.99
A, 778829, 430315, 928287, 1078952, 433458, 132214, 616842, 158888, 39.3, 49.1, 1.00
A, 777838, 430357, 928879, 1077880, 433125, 132300, 616269, 158815, 39.3, 49.1, 1.00
A, 778260, 430699, 931283, 1078414, 433054, 132584, 616180, 159156, 39.3, 49.1, 1.00
A, 776531, 430711, 930785, 1076321, 432624, 132585, 615563, 158883, 39.3, 49.1, 1.00
A, 774987, 430624, 930733, 1074631, 432162, 132543, 614984, 158743, 39.3, 49.1, 1.01
A, 773524, 430418, 930497, 1072612, 431575, 132465, 614272, 158477, 39.3, 49.1, 1.00
A, 771933, 430155, 930003, 1070736, 431106, 132564, 613646, 158319, 39.3, 49.2, 1.00
A, 770925, 430061, 930054, 1069438, 430748, 132521, 613173, 158219, 39.3, 49.2, 1.00
A, 770195, 429882, 930675, 1068376, 430469, 132537, 612731, 158206, 39.3, 49.2, 0.99
A, 769054, 429719, 930865, 1066867, 429997, 132561, 612218, 158097, 39.3, 49.2, 1.00
A, 767890, 429483, 930741, 1065584, 429644, 132580, 611753, 158035, 39.3, 49.2, 1.01
A, 767025, 429268, 930988, 1064482, 429275, 132530, 611226, 157989, 39.3, 49.2, 1.00
A, 766336, 429095, 931395, 1063628, 428951, 132560, 610877, 157906, 39.3, 49.2, 1.00
A, 765265, 428855, 931246, 1062527, 428651, 132553, 610474, 157909, 39.3, 49.2, 1.01
A, 764698, 428688, 931759, 1061663, 428340, 132633, 610154, 157886, 39.3, 49.2, 1.00
A, 763895, 428440, 931960, 1060368, 427996, 132647, 609638, 157763, 39.3, 49.2, 1.01
A, 762937, 428103, 931903, 1059138, 427670, 132633, 609208, 157686, 39.3, 49.2, 1.00
A, 762297, 427908, 932037, 1058380, 427420, 132598, 608904, 157686, 39.3, 49.2, 1.00
A, 761061, 427612, 931720, 1056712, 427028, 132529, 608327, 157510, 39.3, 49.3, 1.01
A, 760370, 427237, 931743, 1055981, 426719, 132522, 607978, 157514, 39.3, 49.3, 1.01
A, 759561, 427031, 931624, 1054354, 426400, 132565, 607626, 157376, 39.3, 49.2, 1.00
A, 758757, 426733, 931622, 1053464, 426110, 132487, 607280, 157271, 39.3, 49.2, 1.01
A, 759656, 426661, 933767, 1054834, 426134, 132729, 607295, 157641, 39.3, 49.2, 1.01
A, 758516, 426470, 933049, 1053095, 425820, 132631, 606866, 157435, 39.3, 49.3, 1.00
A, 757433, 426091, 932346, 1051653, 425448, 132572, 606359, 157268, 39.3, 49.3, 1.00
A, 756801, 425719, 932707, 1050778, 425149, 132492, 606100, 157229, 39.3, 49.3, 1.00
A, 756246, 425455, 932896, 1050045, 424919, 132520, 605764, 157225, 39.3, 49.3, 1.00
A, 755489, 425241, 932742, 1049013, 424625, 132510, 605469, 157126, 39.3, 49.3, 1.00
A, 755122, 425010, 932921, 1048446, 424399, 132547, 605155, 157144, 39.3, 49.3, 1.00
A, 754476, 424680, 932851, 1047604, 424143, 132499, 604831, 157068, 39.3, 49.3, 1.00
A, 754048, 424348, 932664, 1046530, 423957, 132460, 604518, 156923, 39.3, 49.3, 1.00
A, 753394, 424114, 932509, 1045523, 423709, 132448, 604257, 156844, 39.3, 49.3, 1.00
A, 752803, 423850, 932684, 1045043, 423431, 132440, 603957, 156799, 39.3, 49.3, 1.00
A, 752454, 423659, 932834, 1044603, 423240, 132426, 603739, 156796, 39.3, 49.3, 1.01
A, 752048, 423378, 932885, 1043930, 423145, 132425, 603499, 156834, 39.3, 49.3, 1.00
A, 751985, 423212, 933487, 1043492, 423005, 132470, 603360, 156816, 39.2, 49.4, 1.00
A, 751467, 422937, 933489, 1042792, 422826, 132388, 603125, 156731, 39.2, 49.4, 1.01
A, 750678, 422681, 933208, 1041890, 422551, 132276, 602752, 156682, 39.2, 49.4, 1.01
A, 750636, 422472, 933581, 1041721, 422361, 132383, 602622, 156707, 39.2, 49.4, 0.99
A, 749933, 422247, 933239, 1040625, 422220, 132320, 602322, 156523, 39.2, 49.4, 1.00
A, 749526, 421939, 933262, 1040236, 422052, 132286, 602154, 156549, 39.2, 49.4, 1.00
A, 749144, 421815, 933347, 1039405, 421899, 132303, 601958, 156475, 39.2, 49.4, 1.00
A, 749835, 421648, 934976, 1040202, 421861, 132408, 601882, 156714, 39.2, 49.4, 1.00
A, 749513, 421634, 935009, 1039918, 421810, 132452, 601808, 156713, 39.2, 49.4, 1.00
A, 749019, 421381, 934780, 1039046, 421567, 132349, 601500, 156597, 39.2, 49.4, 1.00
A, 748482, 421113, 934641, 1038315, 421404, 132341, 601305, 156493, 39.2, 49.4, 0.99
A, 748413, 421003, 935035, 1038118, 421308, 132320, 601182, 156513, 39.2, 49.4, 1.00
A, 748113, 420824, 934932, 1037297, 421139, 132332, 600913, 156407, 39.2, 49.4, 1.00
A, 747173, 420501, 934475, 1036238, 420836, 132266, 600665, 156319, 39.2, 49.4, 1.01
A, 746786, 420222, 934314, 1035821, 420717, 132277, 600479, 156252, 39.2, 49.4, 0.99
A, 746730, 420064, 934642, 1035694, 420597, 132312, 600279, 156282, 39.2, 49.4, 1.00
A, 746441, 420003, 934729, 1035127, 420483, 132273, 600174, 156308, 39.2, 49.4, 1.00
A, 746513, 419917, 935228, 1034890, 420451, 132300, 600059, 156266, 39.2, 49.4, 1.00
A, 745911, 419605, 935048, 1034367, 420307, 132266, 599895, 156196, 39.2, 49.4, 1.00
A, 745773, 419511, 935254, 1034060, 420154, 132182, 599720, 156190, 39.2, 49.4, 1.00
A, 745474, 419291, 935158, 1033527, 420066, 132213, 599586, 156205, 39.2, 49.4, 1.00
A, 745405, 419219, 935540, 1033403, 419933, 132282, 599484, 156240, 39.2, 49.4, 1.00
A, 745132, 419058, 935330, 1032513, 419809, 132232, 599287, 156160, 39.2, 49.4, 1.00
A, 744680, 418804, 935157, 1031874, 419621, 132172, 599105, 155985, 39.2, 49.5, 1.00
A, 744402, 418663, 935347, 1031862, 419600, 132226, 599020, 156098, 39.2, 49.5, 1.00
A, 743795, 418495, 934848, 1030899, 419425, 132116, 598750, 155962, 39.2, 49.5, 1.00
A, 743578, 418273, 934761, 1030532, 419188, 132168, 598569, 155922, 39.2, 49.5, 1.00
A, 744980, 418383, 937159, 1032187, 419553, 132243, 598827, 156255, 39.2, 49.5, 1.01
A, 744347, 418326, 936606, 1031112, 419404, 132258, 598574, 156092, 39.2, 49.5, 1.00
A, 743711, 418081, 936188, 1030348, 419176, 132180, 598312, 155943, 39.2, 49.5, 1.00
A, 743041, 417823, 935474, 1029496, 418915, 132126, 598075, 155840, 39.2, 49.5, 0.99
A, 741611, 417410, 933894, 1027917, 418559, 132014, 597676, 155597, 39.2, 49.5, 1.00
A, 741839, 417264, 934613, 1028061, 418543, 131991, 597684, 155776, 39.2, 49.5, 1.01
A, 742013, 417164, 935077, 1027980, 418541, 132033, 597672, 155726, 39.2, 49.5, 1.00
A, 741863, 417064, 935140, 1027606, 418474, 131971, 597531, 155699, 39.2, 49.5, 1.00
A, 741828, 416966, 935509, 1027802, 418480, 132065, 597489, 155754, 39.2, 49.5, 1.00
A, 741812, 416852, 935551, 1027505, 418364, 132003, 597384, 155693, 39.2, 49.5, 1.00
A, 741681, 416787, 935823, 1027448, 418386, 132015, 597356, 155735, 39.2, 49.5, 1.00
A, 741949, 416748, 936423, 1027544, 418291, 132065, 597369, 155775, 39.2, 49.5, 1.00
A, 741968, 416684, 936630, 1027191, 418209, 132013, 597259, 155722, 39.2, 49.5, 1.00
A, 741592, 416507, 936629, 1026839, 418105, 131993, 597098, 155719, 39.2, 49.5, 1.00
A, 741385, 416430, 936457, 1026650, 417995, 132018, 596969, 155688, 39.2, 49.5, 1.00
A, 741371, 416380, 936854, 1026608, 417977, 132017, 596914, 155720, 39.2, 49.5, 1.00
A, 741287, 416272, 936831, 1026280, 417924, 132012, 596824, 155678, 39.2, 49.5, 1.00
A, 741393, 416228, 937200, 1026184, 417861, 131993, 596743, 155668, 39.2, 49.5, 1.00
A, 740490, 416133, 936550, 1025365, 417782, 131979, 596674, 155574, 39.2, 49.5, 0.99
A, 740481, 415925, 936613, 1024877, 417651, 131906, 596475, 155549, 39.2, 49.5, 1.00
A, 741343, 416003, 938218, 1026254, 417713, 132091, 596583, 155811, 39.2, 49.5, 1.00
A, 740209, 415828, 936722, 1024473, 417593, 131880, 596338, 155545, 39.2, 49.5, 1.00
A, 739714, 415629, 936197, 1023615, 417325, 131869, 596082, 155371, 39.2, 49.5, 1.00
A, 739661, 415502, 936535, 1023832, 417248, 131897, 596000, 155433, 39.2, 49.5, 0.99
A, 739605, 415360, 936657, 1023652, 417222, 131901, 595939, 155389, 39.2, 49.5, 0.99
A, 739442, 415271, 936549, 1023387, 417154, 131855, 595829, 155459, 39.2, 49.5, 1.00
A, 739686, 415206, 937100, 1023519, 417141, 131883, 595911, 155544, 39.2, 49.5, 1.00
A, 739605, 415188, 937091, 1023226, 417110, 131861, 595820, 155470, 39.2, 49.5, 0.99
A, 739361, 415075, 937129, 1022939, 417073, 131863, 595657, 155445, 39.2, 49.6, 0.99
A, 739153, 414975, 937126, 1022697, 416953, 131895, 595594, 155370, 39.2, 49.6, 1.00
A, 739292, 414953, 937627, 1023006, 416977, 131863, 595599, 155433, 39.2, 49.6, 1.00
A, 739203, 414884, 937496, 1022650, 416902, 131881, 595489, 155466, 39.2, 49.6, 1.00
A, 739333, 414901, 938017, 1022857, 416910, 131877, 595476, 155523, 39.2, 49.6, 1.00
A, 739279, 414771, 938164, 1022550, 416898, 131870, 595441, 155401, 39.2, 49.6, 1.00
A, 738933, 414703, 937977, 1022176, 416781, 131833, 595281, 155379, 39.2, 49.6, 1.00
A, 738594, 414592, 937806, 1021885, 416678, 131786, 595199, 155344, 39.2, 49.6, 1.00
A, 738888, 414636, 938234, 1021956, 416702, 131827, 595150, 155403, 39.2, 49.6, 0.99
A, 738731, 414511, 938345, 1021826, 416606, 131853, 595097, 155325, 39.2, 49.6, 1.00
A, 738675, 414436, 938381, 1021586, 416563, 131774, 595103, 155407, 39.2, 49.6, 1.01
A, 738569, 414320, 938397, 1021279, 416545, 131781, 595015, 155248, 39.2, 49.6, 1.01
A, 739655, 414580, 940386, 1022847, 416788, 131988, 595290, 155579, 39.2, 49.6, 1.00
A, 739391, 414550, 939990, 1022472, 416700, 131920, 595093, 155492, 39.2, 49.6, 1.00
A, 739349, 414517, 940177, 1022240, 416657, 131961, 595034, 155530, 39.2, 49.6, 1.01
A, 739165, 414555, 940089, 1021896, 416592, 131918, 594940, 155456, 39.2, 49.6, 0.99
A, 738882, 414400, 940052, 1021652, 416501, 131874, 594843, 155373, 39.2, 49.6, 1.00
A, 738437, 414272, 939726, 1020978, 416384, 131880, 594642, 155239, 39.2, 49.6, 0.99
A, 737828, 414060, 939071, 1020221, 416224, 131775, 594467, 155167, 39.2, 49.6, 1.00
A, 737943, 414012, 939455, 1020453, 416195, 131841, 594462, 155222, 39.2, 49.6, 1.00
A, 737706, 413921, 939278, 1020144, 416127, 131763, 594424, 155214, 39.2, 49.6, 1.00
A, 737841, 413945, 939804, 1020283, 416130, 131796, 594395, 155314, 39.2, 49.6, 1.00
A, 737726, 413869, 939866, 1019950, 416085, 131711, 594307, 155164, 39.2, 49.6, 1.00
A, 737512, 413769, 939605, 1019553, 415946, 131718, 594189, 155116, 39.2, 49.6, 0.99
A, 737168, 413714, 939370, 1019335, 415865, 131700, 594069, 155134, 39.2, 49.6, 1.00
A, 737438, 413709, 939787, 1019400, 415913, 131724, 594130, 155181, 39.2, 49.6, 1.00
A, 737226, 413623, 939794, 1019259, 415847, 131743, 594035, 155186, 39.2, 49.6, 1.00
A, 737423, 413601, 940203, 1019394, 415907, 131772, 594037, 155211, 39.2, 49.6, 0.99
A, 737370, 413574, 940326, 1019138, 415896, 131765, 593959, 155149, 39.2, 49.6, 1.00
A, 737094, 413470, 940191, 1018885, 415721, 131750, 593837, 155137, 39.2, 49.6, 1.00
A, 737189, 413492, 940277, 1018908, 415725, 131747, 593890, 155126, 39.2, 49.6, 1.00
A, 736796, 413359, 939821, 1018244, 415738, 131681, 593753, 155114, 39.2, 49.6, 1.00
A, 737889, 413522, 941719, 1019584, 415856, 131763, 593971, 155329, 39.2, 49.6, 1.00
A, 736727, 413483, 940386, 1018234, 415683, 131661, 593716, 155075, 39.2, 49.6, 1.01
A, 736115, 413191, 939658, 1017551, 415437, 131608, 593523, 154958, 39.2, 49.6, 1.00
A, 735923, 413054, 939580, 1017260, 415296, 131570, 593364, 154903, 39.2, 49.6, 1.00
A, 735584, 412922, 939181, 1016812, 415246, 131525, 593279, 154863, 39.2, 49.6, 1.01
A, 735694, 412805, 939233, 1016560, 415180, 131454, 593232, 154796, 39.2, 49.6, 0.99
A, 735535, 412734, 939427, 1016718, 415256, 131561, 593184, 154891, 39.2, 49.6, 1.00
A, 736056, 412831, 940263, 1017147, 415275, 131556, 593251, 154914, 39.2, 49.6, 1.00
A, 735962, 412744, 940233, 1017047, 415177, 131544, 593238, 154878, 39.2, 49.7, 1.00
A, 735976, 412755, 940468, 1017102, 415252, 131579, 593252, 155012, 39.2, 49.7, 0.99
A, 736153, 412748, 940524, 1017038, 415180, 131525, 593256, 155001, 39.2, 49.7, 1.00
A, 736060, 412696, 940616, 1016782, 415188, 131527, 593213, 154913, 39.2, 49.7, 1.00
A, 735772, 412633, 940356, 1016384, 415072, 131556, 593133, 154886, 39.2, 49.7, 1.00
A, 735623, 412538, 940376, 1016293, 415078, 131503, 593028, 154821, 39.2, 49.7, 0.99
A, 735878, 412527, 940852, 1016653, 415080, 131574, 593043, 154939, 39.2, 49.7, 1.00
A, 735689, 412518, 940623, 1016435, 415061, 131555, 592982, 154925, 39.2, 49.7, 1.00
A, 735853, 412451, 941216, 1016696, 415097, 131580, 592987, 155007, 39.2, 49.7, 1.00
A, 735929, 412511, 941367, 1016473, 415094, 131542, 592966, 154929, 39.2, 49.7, 1.01
A, 735689, 412372, 941220, 1016216, 414977, 131522, 592876, 154901, 39.2, 49.7, 1.00
A, 735644, 412414, 941377, 1016431, 415003, 131478, 592865, 154924, 39.2, 49.7, 1.00
A, 736896, 412584, 943160, 1017617, 415258, 131601, 593117, 155186, 39.2, 49.7, 1.00
A, 736360, 412562, 942542, 1017013, 415140, 131573, 593001, 155034, 39.2, 49.7, 1.00
A, 735365, 412427, 941244, 1015633, 414952, 131415, 592713, 154797, 39.2, 49.7, 1.00
A, 734872, 412178, 940800, 1014936, 414699, 131387, 592555, 154691, 39.2, 49.7, 1.00
A, 734972, 412134, 941147, 1015358, 414692, 131414, 592584, 154778, 39.2, 49.7, 1.00
A, 735011, 412057, 941329, 1015327, 414682, 131455, 592537, 154786, 39.2, 49.7, 1.00
A, 734956, 412089, 941309, 1015250, 414700, 131405, 592486, 154861, 39.2, 49.7, 1.00
A, 735092, 412060, 941474, 1015256, 414697, 131377, 592517, 154809, 39.2, 49.7, 1.01
A, 735132, 412042, 941832, 1015276, 414741, 131387, 592547, 154741, 39.2, 49.7, 1.00
A, 734986, 412039, 941733, 1015155, 414685, 131362, 592460, 154760, 39.2, 49.7, 1.00
A, 734964, 412008, 941743, 1015012, 414604, 131390, 592415, 154763, 39.2, 49.7, 1.00
A, 735176, 412066, 942235, 1015364, 414640, 131390, 592501, 154821, 39.2, 49.7, 1.01
A, 735076, 412011, 942070, 1015257, 414661, 131450, 592426, 154873, 39.2, 49.7, 1.01
A, 735273, 412015, 942780, 1015598, 414764, 131469, 592446, 154896, 39.2, 49.7, 1.00
A, 735470, 412098, 943040, 1015524, 414730, 131408, 592407, 154846, 39.2, 49.7, 0.99
A, 735202, 411961, 942714, 1015122, 414676, 131451, 592409, 154814, 39.2, 49.7, 1.00
A, 734932, 411899, 942472, 1014914, 414565, 131389, 592287, 154760, 39.2, 49.7, 0.99
A, 735235, 411918, 942846, 1015075, 414654, 131411, 592338, 154909, 39.2, 49.7, 1.00
A, 735131, 411924, 942803, 1014885, 414595, 131405, 592319, 154847, 39.2, 49.7, 1.00
A, 734885, 411880, 942728, 1014592, 414496, 131382, 592220, 154740, 39.2, 49.7, 0.99
A, 735696, 411928, 944288, 1015765, 414592, 131447, 592318, 154958, 39.2, 49.7, 1.01
A, 735050, 411954, 943306, 1014819, 414582, 131436, 592278, 154798, 39.2, 49.7, 1.00
A, 734807, 411799, 943126, 1014693, 414463, 131377, 592121, 154781, 39.2, 49.7, 0.99
A, 734518, 411826, 943023, 1014203, 414495, 131346, 592092, 154707, 39.2, 49.7, 1.00
A, 734425, 411671, 942843, 1013903, 414307, 131297, 591974, 154645, 39.2, 49.7, 1.00
A, 734338, 411622, 943088, 1014208, 414311, 131319, 591929, 154688, 39.2, 49.7, 1.00
A, 734265, 411614, 942917, 1013857, 414332, 131303, 591954, 154678, 39.2, 49.7, 1.00
A, 734125, 411498, 942841, 1013612, 414203, 131279, 591828, 154656, 39.2, 49.7, 1.00
A, 734375, 411582, 943403, 1014026, 414251, 131276, 591897, 154692, 39.2, 49.7, 1.00
A, 734493, 411523, 943431, 1013786, 414252, 131228, 591874, 154680, 39.2, 49.7, 1.00
A, 734358, 411502, 943286, 1013580, 414216, 131271, 591831, 154612, 39.2, 49.7, 1.00
A, 734450, 411529, 943752, 1013968, 414222, 131270, 591827, 154692, 39.2, 49.7, 1.00
A, 734378, 411455, 943775, 1013934, 414195, 131306, 591819, 154659, 39.2, 49.7, 1.00
A, 734226, 411397, 943621, 1013637, 414150, 131192, 591822, 154707, 39.2, 49.7, 1.00
A, 734502, 411477, 944100, 1013899, 414204, 131280, 591816, 154700, 39.2, 49.7, 1.00
A, 734520, 411480, 944279, 1013893, 414191, 131268, 591820, 154687, 39.2, 49.7, 1.00
A, 734268, 411363, 944203, 1013658, 414186, 131232, 591713, 154637, 39.2, 49.7, 1.00
A, 733989, 411334, 943813, 1013301, 414075, 131189, 591603, 154561, 39.2, 49.7, 1.01
A, 734193, 411305, 944321, 1013645, 414117, 131221, 591684, 154639, 39.2, 49.7, 1.00
A, 734145, 411335, 944267, 1013571, 414084, 131225, 591639, 154639, 39.2, 49.7, 1.00
A, 735953, 411707, 946800, 1015552, 414504, 131471, 592040, 155046, 39.2, 49.7, 1.00
A, 735201, 411718, 946091, 1014658, 414374, 131359, 591804, 154784, 39.2, 49.7, 1.00
A, 734139, 411483, 944771, 1013394, 414168, 131321, 591665, 154638, 39.2, 49.7, 1.00
A, 733708, 411260, 944167, 1012879, 414014, 131193, 591473, 154593, 39.2, 49.7, 1.01
A, 732966, 411169, 943254, 1011926, 413862, 131098, 591315, 154385, 39.2, 49.7, 1.00
A, 732592, 410945, 942712, 1011361, 413707, 131059, 591187, 154273, 39.2, 49.7, 1.00
A, 732912, 410916, 943302, 1011794, 413720, 131097, 591178, 154390, 39.2, 49.7, 1.00
A, 733075, 410951, 943581, 1011840, 413744, 131133, 591236, 154439, 39.2, 49.7, 1.00
A, 733019, 410822, 943712, 1012115, 413778, 131115, 591278, 154476, 39.2, 49.7, 1.01
A, 733398, 410836, 944219, 1012450, 413841, 131159, 591314, 154615, 39.2, 49.7, 1.00
A, 733493, 410932, 944367, 1012278, 413827, 131128, 591332, 154472, 39.2, 49.7, 1.01
A, 733384, 410878, 944343, 1012156, 413814, 131118, 591281, 154471, 39.2, 49.7, 1.01
A, 733293, 410870, 944391, 1012259, 413688, 131053, 591197, 154509, 39.2, 49.7, 1.00
A, 733560, 410953, 944848, 1012561, 413799, 131091, 591320, 154572, 39.2, 49.7, 1.00
A, 733549, 410909, 944890, 1012414, 413782, 131101, 591235, 154547, 39.2, 49.7, 0.99
A, 733857, 410969, 945495, 1012898, 413911, 131181, 591344, 154635, 39.2, 49.7, 1.00
A, 733990, 410956, 945448, 1012645, 413847, 131145, 591394, 154626, 39.2, 49.7, 1.00
A, 733863, 410994, 945534, 1012395, 413868, 131155, 591296, 154515, 39.2, 49.7, 1.00
A, 733682, 410902, 945478, 1012549, 413773, 131118, 591229, 154565, 39.2, 49.7, 1.00
A, 733851, 410984, 945735, 1012818, 413894, 131155, 591284, 154626, 39.2, 49.7, 0.99
A, 735055, 411205, 947542, 1014223, 414079, 131335, 591579, 154951, 39.2, 49.7, 0.99
A, 734547, 411297, 946974, 1013412, 414092, 131201, 591519, 154706, 39.2, 49.7, 1.00
A, 733660, 411055, 946094, 1012498, 413848, 131140, 591261, 154527, 39.2, 49.7, 1.00
A, 733058, 410878, 945107, 1011507, 413680, 131122, 591051, 154417, 39.2, 49.7, 1.00
A, 732911, 410756, 945205, 1011619, 413579, 131051, 590978, 154476, 39.2, 49.7, 1.00
A, 733140, 410757, 945564, 1011923, 413658, 131095, 591107, 154533, 39.2, 49.7, 1.00
A, 733348, 410812, 945843, 1012099, 413691, 131097, 591074, 154632, 39.2, 49.8, 1.00
A, 733474, 410813, 946210, 1012075, 413708, 131103, 591105, 154500, 39.2, 49.8, 1.00
A, 733425, 410853, 946176, 1011880, 413703, 131070, 591065, 154503, 39.2, 49.7, 1.00
A, 732959, 410687, 945672, 1011610, 413556, 131032, 590980, 154469, 39.2, 49.7, 1.00
A, 733163, 410711, 946133, 1011917, 413589, 131019, 591005, 154475, 39.2, 49.8, 1.00
A, 733235, 410646, 946263, 1011783, 413590, 131048, 591005, 154503, 39.2, 49.8, 1.01
A, 733346, 410735, 946561, 1012003, 413654, 131085, 591023, 154557, 39.2, 49.8, 0.99
A, 733388, 410695, 946681, 1011886, 413577, 131024, 591036, 154439, 39.2, 49.8, 1.00
A, 733400, 410722, 946660, 1011721, 413586, 131046, 590989, 154467, 39.2, 49.8, 1.00
A, 733218, 410684, 946706, 1011854, 413515, 131074, 590975, 154499, 39.2, 49.8, 1.00
A, 733386, 410723, 947009, 1012167, 413650, 131088, 590999, 154507, 39.2, 49.8, 0.99
A, 733314, 410731, 946853, 1011883, 413561, 131016, 590937, 154547, 39.2, 49.8, 1.01
A, 733660, 410806, 947597, 1012148, 413659, 131100, 590970, 154572, 39.2, 49.8, 0.99
A, 733656, 410798, 947742, 1012357, 413640, 131107, 591047, 154557, 39.2, 49.8, 1.00
A, 734661, 410989, 949527, 1013740, 413854, 131222, 591217, 154879, 39.2, 49.8, 0.99
A, 733789, 410910, 948156, 1012372, 413740, 131109, 591070, 154633, 39.2, 49.8, 1.00
A, 732387, 410587, 946272, 1010725, 413394, 130960, 590720, 154337, 39.2, 49.8, 1.00
A, 732455, 410483, 946250, 1010529, 413326, 130915, 590662, 154334, 39.2, 49.8, 1.00
A, 732317, 410521, 946226, 1010525, 413326, 130955, 590642, 154321, 39.2, 49.8, 1.00
A, 732226, 410420, 946389, 1010576, 413307, 130924, 590571, 154240, 39.2, 49.8, 1.00
A, 732492, 410417, 946788, 1010914, 413376, 130943, 590738, 154442, 39.2, 49.8, 1.01
A, 732389, 410397, 946611, 1010727, 413240, 130903, 590603, 154337, 39.2, 49.8, 1.00
A, 732544, 410322, 946854, 1010603, 413311, 130928, 590645, 154410, 39.2, 49.8, 1.00
A, 732457, 410331, 946964, 1010783, 413284, 130920, 590611, 154398, 39.2, 49.8, 1.00
A, 733037, 410430, 947618, 1011239, 413438, 130936, 590734, 154446, 39.2, 49.8, 1.00
A, 732857, 410455, 947610, 1011028, 413359, 130939, 590700, 154395, 39.2, 49.8, 0.99
A, 732746, 410382, 947658, 1011150, 413363, 130913, 590673, 154407, 39.2, 49.8, 0.99
A, 733003, 410411, 948086, 1011422, 413446, 130962, 590781, 154490, 39.2, 49.8, 1.01
A, 733002, 410426, 948008, 1011053, 413422, 131036, 590727, 154438, 39.2, 49.8, 1.01
A, 732912, 410363, 947880, 1010925, 413367, 130873, 590580, 154426, 39.2, 49.8, 0.99
A, 732561, 410355, 947658, 1010857, 413294, 130855, 590563, 154357, 39.2, 49.8, 0.99
A, 732820, 410368, 948168, 1011194, 413376, 130920, 590677, 154451, 39.2, 49.8, 1.00
A, 732883, 410363, 948238, 1011081, 413359, 130948, 590627, 154512, 39.2, 49.8, 1.00
A, 733176, 410413, 948861, 1011480, 413438, 130959, 590632, 154585, 39.2, 49.8, 1.00
A, 734580, 410687, 950867, 1013048, 413736, 131050, 591059, 154800, 39.2, 49.8, 1.01
A, 733787, 410683, 949837, 1011943, 413616, 131044, 590848, 154599, 39.2, 49.8, 1.01
A, 733208, 410518, 949355, 1011604, 413472, 130953, 590731, 154484, 39.2, 49.8, 1.00
A, 732344, 410402, 948082, 1010395, 413295, 130883, 590523, 154284, 39.2, 49.8, 1.00
A, 732010, 410202, 947664, 1009992, 413063, 130893, 590380, 154322, 39.2, 49.8, 1.00
A, 731545, 410135, 947074, 1009449, 413041, 130783, 590273, 154149, 39.2, 49.8, 1.00
A, 731544, 410024, 947090, 1009373, 412965, 130759, 590227, 154188, 39.2, 49.8, 1.00
A, 731932, 410125, 947734, 1009843, 413086, 130839, 590339, 154246, 39.2, 49.8, 1.00
A, 732168, 410107, 948179, 1009995, 413123, 130852, 590357, 154226, 39.2, 49.8, 0.99
A, 732156, 410068, 948255, 1010150, 413106, 130874, 590414, 154329, 39.2, 49.8, 0.99
A, 732596, 410195, 948845, 1010711, 413215, 130871, 590534, 154499, 39.2, 49.8, 1.00
A, 732748, 410231, 949279, 1010802, 413254, 130878, 590506, 154424, 39.2, 49.8, 1.00
A, 732643, 410180, 949172, 1010574, 413247, 130803, 590504, 154412, 39.2, 49.8, 1.00
A, 732577, 410218, 949287, 1010749, 413233, 130958, 590489, 154480, 39.2, 49.8, 1.00
A, 732671, 410218, 949486, 1010832, 413214, 130897, 590513, 154483, 39.2, 49.8, 1.00
A, 732743, 410161, 949582, 1010895, 413185, 130856, 590501, 154493, 39.2, 49.8, 1.00
A, 732997, 410283, 950085, 1011159, 413340, 130887, 590542, 154501, 39.2, 49.8, 1.01
A, 733050, 410314, 950157, 1011141, 413289, 130902, 590555, 154460, 39.2, 49.8, 1.00
A, 732955, 410233, 950154, 1010950, 413218, 130914, 590531, 154437, 39.2, 49.8, 1.00
A, 732976, 410274, 950376, 1011186, 413265, 130884, 590475, 154521, 39.2, 49.8, 0.99
A, 734180, 410510, 952164, 1012750, 413494, 131101, 590755, 154781, 39.2, 49.8, 1.00
A, 733767, 410608, 951647, 1011869, 413482, 130984, 590666, 154570, 39.2, 49.8, 1.00
A, 732975, 410388, 950650, 1010867, 413277, 130870, 590486, 154453, 39.2, 49.8, 1.00
A, 732446, 410308, 950105, 1010546, 413135, 130899, 590288, 154350, 39.2, 49.8, 1.01
A, 732127, 410175, 949585, 1009872, 413115, 130775, 590255, 154331, 39.2, 49.8, 1.00
A, 732074, 410044, 949815, 1010017, 413023, 130829, 590205, 154356, 39.2, 49.8, 1.00
A, 731842, 410127, 949652, 1009763, 412987, 130801, 590260, 154287, 39.2, 49.8, 0.99
A, 731898, 409959, 949525, 1009589, 412957, 130778, 590150, 154232, 39.2, 49.8, 1.01
A, 732130, 410032, 950071, 1010063, 413028, 130825, 590249, 154295, 39.2, 49.8, 1.00
A, 732152, 410006, 950153, 1010077, 412942, 130747, 590206, 154305, 39.2, 49.8, 1.00
A, 731981, 409964, 950172, 1010037, 413034, 130838, 590234, 154369, 39.2, 49.8, 1.01
A, 732271, 410027, 950546, 1010344, 413064, 130883, 590287, 154459, 39.2, 49.8, 1.01
A, 732442, 410095, 950867, 1010314, 413127, 130855, 590273, 154351, 39.2, 49.8, 1.00
A, 732327, 410036, 950629, 1009995, 413053, 130842, 590217, 154332, 39.2, 49.8, 0.99
A, 732191, 410004, 950573, 1010005, 412980, 130791, 590209, 154329, 39.2, 49.8, 1.00
A, 732434, 410022, 951126, 1010262, 413058, 130834, 590296, 154390, 39.2, 49.8, 1.00
A, 732327, 409954, 951028, 1010297, 413041, 130825, 590210, 154438, 39.2, 49.8, 1.00
A, 732535, 410081, 951504, 1010658, 413078, 130835, 590275, 154468, 39.2, 49.8, 1.00
A, 732513, 410035, 951647, 1010437, 413034, 130794, 590295, 154358, 39.2, 49.8, 1.01
A, 732453, 410023, 951434, 1010271, 413032, 130761, 590242, 154376, 39.2, 49.8, 1.00
A, 733397, 410187, 953154, 1011818, 413276, 130941, 590480, 154691, 39.2, 49.8, 1.00
A, 733234, 410284, 952781, 1011275, 413285, 130878, 590478, 154588, 39.2, 49.8, 1.00
A, 732816, 410164, 952389, 1010840, 413132, 130861, 590271, 154524, 39.2, 49.8, 0.99
A, 732950, 410219, 952469, 1010811, 413171, 130868, 590327, 154501, 39.2, 49.8, 1.00
A, 732747, 410128, 952211, 1010429, 413028, 130890, 590222, 154404, 39.2, 49.8, 0.99
A, 732261, 410116, 951964, 1010190, 413065, 130752, 590155, 154398, 39.2, 49.8, 1.00
A, 732086, 409995, 951880, 1010012, 412961, 130838, 590092, 154347, 39.2, 49.8, 1.00
A, 731660, 409971, 951180, 1009107, 412957, 130730, 589948, 154230, 39.2, 49.8, 1.00
A, 731578, 409850, 951142, 1009086, 412806, 130708, 589985, 154260, 39.2, 49.8, 1.00
A, 731675, 409862, 951439, 1009479, 412892, 130738, 589982, 154309, 39.2, 49.8, 1.00
A, 731747, 409774, 951551, 1009419, 412796, 130696, 589985, 154286, 39.2, 49.8, 0.99
A, 731725, 409707, 951511, 1009320, 412828, 130767, 589963, 154244, 39.2, 49.8, 0.99
A, 732035, 409861, 952079, 1009649, 412821, 130764, 590037, 154317, 39.2, 49.8, 1.00
A, 731908, 409808, 951984, 1009383, 412827, 130732, 589984, 154301, 39.2, 49.8, 0.99
A, 731829, 409784, 951698, 1009198, 412836, 130647, 589918, 154263, 39.2, 49.8, 0.99
A, 731573, 409725, 951869, 1009317, 412723, 130689, 589845, 154200, 39.2, 49.8, 1.00
A, 731832, 409695, 952231, 1009655, 412816, 130694, 589957, 154291, 39.2, 49.8, 1.00
A, 731638, 409731, 952077, 1009400, 412766, 130699, 589866, 154351, 39.2, 49.8, 1.00
A, 732077, 409791, 952624, 1009810, 412832, 130729, 590002, 154372, 39.2, 49.8, 1.00
A, 732076, 409765, 952797, 1009696, 412894, 130713, 590023, 154371, 39.2, 49.8, 1.00
A, 733193, 409941, 954574, 1011189, 413097, 130866, 590245, 154664, 39.2, 49.8, 1.00
A, 732888, 410014, 954066, 1010656, 413109, 130874, 590207, 154458, 39.2, 49.8, 1.00
A, 732267, 409871, 953418, 1009978, 412949, 130826, 590006, 154350, 39.2, 49.8, 1.00
A, 731928, 409807, 952967, 1009622, 412861, 130745, 589964, 154310, 39.2, 49.8, 1.00
A, 731456, 409748, 952211, 1008773, 412754, 130603, 589804, 154160, 39.2, 49.8, 0.99
A, 730949, 409530, 951731, 1008398, 412559, 130605, 589670, 154081, 39.2, 49.8, 1.00
A, 730823, 409465, 951724, 1008265, 412588, 130551, 589667, 154087, 39.2, 49.8, 1.00
A, 730866, 409451, 951845, 1008427, 412529, 130564, 589652, 154132, 39.2, 49.8, 0.99
A, 731254, 409503, 952344, 1008831, 412620, 130600, 589744, 154257, 39.2, 49.8, 1.00
A, 731471, 409497, 952733, 1009062, 412673, 130683, 589783, 154270, 39.2, 49.8, 1.00
A, 731555, 409561, 952952, 1009126, 412752, 130611, 589860, 154302, 39.2, 49.8, 1.00
A, 731508, 409494, 952776, 1008935, 412644, 130590, 589780, 154233, 39.2, 49.8, 1.01
A, 731465, 409484, 952945, 1009035, 412673, 130621, 589753, 154247, 39.2, 49.8, 0.99
A, 731720, 409513, 953308, 1009409, 412695, 130657, 589884, 154318, 39.2, 49.8, 1.00
A, 731561, 409551, 953278, 1009314, 412723, 130618, 589851, 154335, 39.2, 49.8, 1.00
A, 731957, 409600, 953724, 1009623, 412799, 130674, 589938, 154437, 39.2, 49.8, 1.00
A, 731942, 409571, 954048, 1009606, 412797, 130698, 589916, 154373, 39.2, 49.8, 1.01
A, 731799, 409614, 953836, 1009500, 412788, 130693, 589913, 154373, 39.2, 49.8, 1.00
A, 731720, 409587, 953635, 1009219, 412748, 130734, 589857, 154377, 39.2, 49.8, 1.00
A, 731978, 409663, 954195, 1009525, 412770, 130671, 589926, 154379, 39.2, 49.8, 1.00
A, 733051, 409740, 955965, 1011110, 412983, 130841, 590167, 154707, 39.2, 49.8, 1.00
A, 732801, 409930, 955644, 1010692, 412993, 130829, 590107, 154579, 39.2, 49.8, 1.00
A, 731566, 409633, 953885, 1009092, 412732, 130619, 589774, 154245, 39.2, 49.8, 1.00
A, 731038, 409485, 953392, 1008543, 412603, 130544, 589595, 154144, 39.2, 49.8, 0.99
A, 730982, 409457, 953331, 1008607, 412565, 130599, 589616, 154243, 39.2, 49.8, 1.00
A, 731337, 409495, 953714, 1008490, 412650, 130554, 589690, 154234, 39.2, 49.8, 1.00
A, 731276, 409442, 953767, 1008555, 412618, 130551, 589680, 154236, 39.2, 49.8, 1.00
A, 731024, 409442, 953409, 1008249, 412589, 130535, 589628, 154242, 39.2, 49.8, 1.00
A, 731032, 409344, 953521, 1008384, 412499, 130530, 589591, 154172, 39.2, 49.8, 1.00
A, 731289, 409312, 954018, 1008866, 412583, 130580, 589638, 154285, 39.2, 49.8, 1.01
A, 731379, 409397, 954380, 1009023, 412592, 130652, 589790, 154370, 39.2, 49.8, 1.00
A, 731592, 409437, 954477, 1008763, 412668, 130615, 589747, 154254, 39.2, 49.8, 1.00
A, 731379, 409361, 954160, 1008442, 412569, 130558, 589699, 154226, 39.2, 49.8, 1.00
A, 731201, 409270, 954277, 1008697, 412540, 130618, 589691, 154256, 39.2, 49.8, 1.00
A, 731418, 409362, 954502, 1008949, 412593, 130634, 589691, 154282, 39.2, 49.8, 1.00
A, 731490, 409358, 954503, 1008782, 412587, 130624, 589697, 154318, 39.2, 49.8, 1.00
A, 731764, 409426, 955139, 1009172, 412692, 130583, 589770, 154413, 39.2, 49.8, 1.00
A, 731583, 409396, 954988, 1009040, 412628, 130601, 589808, 154344, 39.2, 49.8, 1.00
A, 731554, 409419, 954851, 1008785, 412673, 130541, 589752, 154287, 39.2, 49.8, 1.00
A, 731380, 409404, 954867, 1008962, 412601, 130599, 589688, 154322, 39.2, 49.8, 1.00
M, 729478, 409129, 951010, 1004750, 412318, 130136, 589093, 153289, 39.2, 49.8, 0.00
M, 719547, 406726, 936897, 992770, 409350, 128924, 585586, 150939, 39.2, 49.8, 0.60
M, 712508, 404407, 926129, 983706, 406998, 127894, 582930, 149427, 39.2, 49.8, 0.74
M, 706774, 402294, 917345, 976579, 405251, 127071, 581128, 148215, 39.2, 49.8, 0.83
M, 702338, 400464, 909746, 970513, 403774, 126335, 579663, 147241, 39.2, 49.8, 0.89
M, 698880, 398855, 903238, 965620, 402472, 125615, 578584, 146482, 39.2, 49.8, 0.94
M, 696567, 397513, 898172, 962073, 401735, 125087, 577950, 145981, 39.2, 49.7, 0.96
M, 694232, 396179, 892693, 958334, 400924, 124515, 577355, 145384, 39.2, 49.7, 0.98
M, 692879, 395068, 888875, 956098, 400461, 124106, 577050, 145070, 39.2, 49.7, 0.99
M, 692418, 394142, 886212, 955099, 400202, 123844, 577045, 144925, 39.2, 49.7, 0.99
M, 691689, 393228, 882654, 953541, 399954, 123395, 577065, 144662, 39.2, 49.6, 0.99
M, 691697, 392549, 880976, 953236, 399897, 123244, 577129, 144660, 39.2, 49.6, 1.00
M, 692122, 391851, 879021, 953215, 400025, 122921, 577581, 144588, 39.2, 49.6, 0.99
M, 692530, 391366, 877881, 953420, 400113, 122801, 577783, 144605, 39.2, 49.6, 1.00
M, 693359, 390986, 877127, 954147, 400284, 122680, 578133, 144628, 39.2, 49.6, 1.00
M, 694371, 390596, 876527, 954909, 400469, 122523, 578602, 144697, 39.2, 49.5, 0.99
M, 695207, 390297, 875885, 955913, 400708, 122441, 579117, 144773, 39.2, 49.5, 1.00
M, 696511, 390146, 875789, 957346, 401088, 122354, 579713, 144953, 39.2, 49.5, 0.99
M, 697927, 389907, 875739, 958646, 401500, 122354, 580248, 145036, 39.2, 49.5, 0.99
M, 698948, 389771, 875356, 959706, 401899, 122249, 580806, 145153, 39.2, 49.5, 0.99
M, 700887, 389815, 876715, 962311, 402452, 122311, 581585, 145497, 39.2, 49.5, 1.00
M, 702229, 389903, 876728, 963634, 402933, 122343, 582176, 145601, 39.2, 49.5, 1.00
M, 703300, 389877, 876377, 964587, 403282, 122252, 582737, 145603, 39.2, 49.5, 1.01
M, 703987, 389805, 875778, 965549, 403551, 122252, 583133, 145658, 39.2, 49.5, 1.01
M, 704823, 389837, 875698, 966540, 403935, 122262, 583648, 145724, 39.2, 49.5, 1.01
M, 706086, 389944, 876020, 967939, 404358, 122249, 584236, 145768, 39.2, 49.5, 1.00
M, 706932, 389878, 875955, 969146, 404650, 122223, 584718, 145942, 39.2, 49.5, 1.00
M, 707957, 390131, 876224, 970639, 405057, 122243, 585297, 146048, 39.2, 49.4, 1.00
M, 709276, 390306, 876516, 971887, 405601, 122173, 585861, 146127, 39.2, 49.4, 1.01
M, 710070, 390393, 876453, 972982, 405953, 122218, 586321, 146159, 39.2, 49.4, 1.01
M, 710994, 390553, 876638, 974302, 406259, 122258, 586830, 146310, 39.2, 49.4, 1.00
M, 711809, 390718, 876375, 975055, 406717, 122239, 587375, 146259, 39.2, 49.4, 0.99
M, 712289, 390810, 876360, 976006, 406912, 122246, 587656, 146434, 39.2, 49.4, 1.00
M, 713298, 391202, 876465, 977289, 407525, 122301, 588315, 146408, 39.2, 49.4, 1.00
M, 714150, 391173, 876611, 978118, 407704, 122310, 588677, 146487, 39.2, 49.4, 1.00
M, 715094, 391338, 877177, 979694, 408069, 122357, 589191, 146658, 39.2, 49.4, 0.99
M, 716027, 391639, 877466, 980836, 408487, 122373, 589629, 146761, 39.2, 49.4, 1.00
M, 716697, 391948, 877629, 981793, 408786, 122340, 590040, 146848, 39.2, 49.4, 1.00
M, 717888, 392130, 878193, 983291, 409202, 122402, 590542, 146973, 39.2, 49.4, 1.00
M, 718809, 392460, 878791, 984494, 409654, 122395, 591034, 146999, 39.2, 49.4, 1.01
M, 720696, 392909, 880679, 986996, 410143, 122557, 591724, 147411, 39.2, 49.4, 1.01
M, 721137, 393249, 880350, 987384, 410471, 122585, 592113, 147333, 39.2, 49.4, 1.00
M, 721293, 393428, 879931, 987725, 410645, 122596, 592371, 147262, 39.3, 49.4, 1.00
M, 721348, 393530, 879409, 988056, 410847, 122566, 592557, 147246, 39.3, 49.4, 1.00
M, 722104, 393946, 879389, 988732, 411165, 122526, 592969, 147278, 39.2, 49.4, 1.00
M, 722311, 394000, 879525, 989612, 411290, 122518, 593264, 147351, 39.2, 49.4, 1.00
M, 723250, 394268, 880020, 990789, 411667, 122662, 593679, 147362, 39.2, 49.4, 1.00
M, 723738, 394474, 880166, 991510, 411917, 122684, 594044, 147537, 39.2, 49.4, 1.01
M, 724728, 394829, 880769, 992726, 412297, 122723, 594503, 147610, 39.3, 49.4, 1.00
M, 725336, 395160, 881059, 993464, 412545, 122732, 594849, 147675, 39.3, 49.4, 1.00
M, 725689, 395365, 881065, 994147, 412807, 122738, 595100, 147689, 39.3, 49.4, 1.00
M, 726394, 395589, 881514, 995186, 413041, 122800, 595452, 147822, 39.3, 49.4, 0.99
M, 726773, 395910, 881433, 995736, 413377, 122799, 595783, 147745, 39.3, 49.4, 1.01
M, 727010, 395969, 881577, 996324, 413442, 122786, 595868, 147883, 39.3, 49.4, 1.00
M, 727693, 396463, 881875, 997023, 413868, 122839, 596384, 147839, 39.3, 49.4, 1.00
M, 728003, 396470, 881864, 997560, 413898, 122824, 596527, 147837, 39.3, 49.4, 1.00
M, 728639, 396721, 882324, 998670, 414220, 122982, 596821, 148020, 39.3, 49.4, 1.00
M, 729102, 396956, 882693, 999420, 414398, 122927, 597116, 148089, 39.3, 49.4, 0.99
M, 729570, 397217, 882953, 999935, 414688, 123039, 597360, 148136, 39.3, 49.4, 1.00
M, 730300, 397512, 883502, 1000998, 414926, 123008, 597739, 148266, 39.3, 49.4, 1.00
M, 732216, 398054, 885846, 1003537, 415581, 123191, 598381, 148578, 39.3, 49.4, 1.00
M, 732007, 398259, 885022, 1003152, 415570, 123161, 598505, 148401, 39.3, 49.4, 1.00
M, 731982, 398448, 884885, 1003501, 415639, 123159, 598698, 148405, 39.3, 49.4, 1.00
M, 732260, 398568, 885060, 1004090, 415869, 123241, 598855, 148466, 39.3, 49.4, 1.01
M, 732671, 398835, 885428, 1004769, 416050, 123203, 599104, 148610, 39.3, 49.4, 1.00
M, 733000, 399027, 885346, 1005084, 416194, 123212, 599273, 148555, 39.3, 49.4, 1.00
M, 733604, 399311, 885985, 1005995, 416431, 123252, 599657, 148618, 39.3, 49.4, 1.01
M, 733466, 399535, 885735, 1006113, 416590, 123283, 599769, 148537, 39.3, 49.4, 1.01
M, 733905, 399550, 886159, 1006640, 416695, 123341, 599969, 148653, 39.3, 49.4, 0.99
M, 734256, 399833, 886324, 1007381, 416876, 123350, 600146, 148661, 39.3, 49.4, 1.00
M, 734666, 400091, 886667, 1007862, 417118, 123333, 600473, 148702, 39.3, 49.4, 1.00
M, 734940, 400294, 886599, 1008114, 417230, 123338, 600593, 148747, 39.3, 49.4, 1.00
M, 735220, 400405, 887099, 1008893, 417371, 123401, 600810, 148787, 39.3, 49.4, 1.00
M, 735021, 400625, 886602, 1008787, 417425, 123343, 600931, 148716, 39.3, 49.4, 1.01
M, 735209, 400640, 886750, 1009209, 417525, 123435, 601078, 148753, 39.3, 49.4, 1.00
M, 735390, 400947, 886734, 1009469, 417789, 123389, 601217, 148724, 39.3, 49.4, 1.00
M, 735622, 400936, 886829, 1009722, 417808, 123409, 601329, 148786, 39.3, 49.4, 0.99
M, 736133, 401134, 887338, 1010653, 418001, 123487, 601594, 148928, 39.3, 49.4, 1.01
M, 736508, 401322, 887748, 1011092, 418159, 123502, 601828, 148936, 39.3, 49.4, 1.00
M, 736732, 401475, 888021, 1011619, 418293, 123599, 602011, 149005, 39.3, 49.4, 1.00
M, 738689, 401854, 890610, 1014197, 418803, 123747, 602608, 149481, 39.3, 49.4, 1.00
M, 738890, 402240, 890611, 1014056, 418939, 123766, 602723, 149309, 39.3, 49.4, 1.00
M, 738736, 402383, 890365, 1014247, 418971, 123709, 602769, 149263, 39.3, 49.4, 1.00
M, 738540, 402421, 890135, 1014439, 419038, 123746, 602825, 149271, 39.3, 49.4, 1.01
M, 738901, 402591, 890569, 1014935, 419184, 123741, 603029, 149329, 39.3, 49.3, 1.00
M, 738990, 402651, 890582, 1014972, 419277, 123793, 603159, 149326, 39.3, 49.3, 1.00
M, 739385, 402862, 891027, 1015768, 419407, 123862, 603305, 149441, 39.3, 49.3, 1.00
M, 739490, 402985, 891073, 1015828, 419545, 123775, 603461, 149351, 39.3, 49.3, 1.00
M, 739627, 403158, 891035, 1015915, 419567, 123833, 603551, 149396, 39.3, 49.4, 1.00
M, 739778, 403242, 891498, 1016543, 419651, 123904, 603697, 149385, 39.3, 49.4, 0.99
M, 739868, 403329, 891603, 1016776, 419748, 123854, 603803, 149454, 39.3, 49.3, 0.98
M, 740212, 403598, 891839, 1017264, 419899, 123872, 603949, 149531, 39.3, 49.3, 1.00
M, 740350, 403677, 891931, 1017390, 420028, 123943, 604047, 149488, 39.3, 49.4, 1.00
M, 740220, 403719, 891867, 1017525, 420008, 123920, 604142, 149508, 39.3, 49.4, 1.00
M, 740317, 403889, 891797, 1017455, 420207, 123956, 604271, 149458, 39.3, 49.3, 1.00
M, 740362, 403828, 892108, 1017756, 420185, 123975, 604350, 149572, 39.3, 49.3, 1.00
M, 740254, 404068, 891952, 1017918, 420335, 123944, 604519, 149509, 39.3, 49.3, 1.00
M, 740336, 403994, 891808, 1017850, 420316, 123934, 604535, 149528, 39.3, 49.3, 0.99
M, 740710, 404179, 892499, 1018666, 420438, 124044, 604702, 149571, 39.3, 49.3, 1.01
M, 740876, 404190, 892687, 1018884, 420520, 124029, 604827, 149589, 39.3, 49.3, 1.00
M, 742180, 404467, 894467, 1020785, 420880, 124104, 605288, 149938, 39.3, 49.3, 1.00
M, 742109, 404691, 894378, 1020706, 421029, 124216, 605382, 149887, 39.3, 49.4, 0.99
M, 741779, 404637, 893604, 1020057, 420959, 124107, 605280, 149721, 39.3, 49.4, 0.99
M, 741354, 404684, 892918, 1019589, 420837, 124051, 605266, 149617, 39.3, 49.4, 1.00
M, 741022, 404603, 892664, 1019490, 420785, 124020, 605231, 149559, 39.3, 49.4, 0.99
M, 741511, 404714, 893342, 1020148, 420935, 124102, 605468, 149684, 39.3, 49.4, 1.00
M, 741702, 404740, 893574, 1020576, 421049, 124102, 605547, 149732, 39.3, 49.4, 0.99
M, 742222, 404900, 894283, 1021319, 421237, 124141, 605730, 149858, 39.3, 49.3, 1.01
M, 742559, 405069, 894684, 1021512, 421293, 124148, 605872, 149877, 39.3, 49.3, 1.00
M, 742621, 405216, 894747, 1021742, 421423, 124162, 605937, 149783, 39.3, 49.3, 0.99
M, 742784, 405294, 895199, 1022331, 421498, 124217, 606109, 149916, 39.3, 49.3, 0.99
M, 742910, 405314, 895335, 1022615, 421602, 124296, 606152, 149994, 39.3, 49.3, 1.00
M, 743367, 405553, 895847, 1022968, 421691, 124321, 606343, 150123, 39.3, 49.3, 1.00
M, 743298, 405588, 895774, 1022967, 421889, 124296, 606472, 149997, 39.3, 49.3, 1.01
M, 743403, 405615, 895907, 1023042, 421818, 124300, 606511, 150032, 39.3, 49.3, 1.00
M, 743463, 405753, 895978, 1023321, 421933, 124375, 606661, 150014, 39.3, 49.3, 0.99
M, 743433, 405720, 896036, 1023497, 421964, 124409, 606693, 150065, 39.3, 49.3, 1.01
M, 743635, 405857, 896529, 1024004, 422033, 124442, 606841, 150170, 39.3, 49.3, 1.00
M, 743957, 406015, 896848, 1024218, 422180, 124470, 606925, 150204, 39.3, 49.4, 1.00
M, 744154, 406007, 897218, 1024517, 422303, 124504, 607059, 150151, 39.3, 49.4, 0.99
M, 745556, 406378, 899013, 1026277, 422629, 124599, 607427, 150438, 39.3, 49.4, 1.00
M, 744978, 406396, 898381, 1025794, 422559, 124538, 607380, 150364, 39.3, 49.4, 1.00
M, 744171, 406260, 897352, 1024729, 422412, 124466, 607225, 150177, 39.3, 49.3, 1.00
M, 742917, 406266, 895454, 1022867, 422321, 124384, 607087, 149959, 39.3, 49.3, 1.00
M, 743693, 406120, 896753, 1024511, 422298, 124494, 607215, 150083, 39.3, 49.4, 1.00
M, 744074, 406277, 897367, 1024779, 422435, 124483, 607337, 150179, 39.3, 49.4, 1.00
M, 744288, 406351, 897695, 1025152, 422572, 124527, 607490, 150209, 39.3, 49.3, 1.00
M, 744382, 406421, 897800, 1025458, 422634, 124583, 607590, 150273, 39.3, 49.3, 1.00
M, 744556, 406481, 898128, 1025768, 422723, 124608, 607679, 150282, 39.3, 49.4, 0.99
M, 744849, 406557, 898540, 1026082, 422732, 124571, 607784, 150344, 39.3, 49.4, 1.00
M, 745352, 406808, 899269, 1026908, 422944, 124625, 607987, 150477, 39.3, 49.3, 0.99
M, 745529, 406809, 899519, 1027081, 422996, 124661, 608032, 150423, 39.3, 49.3, 1.00
M, 745658, 406886, 899655, 1027153, 423054, 124694, 608127, 150432, 39.3, 49.4, 0.98
M, 745787, 407045, 900033, 1027619, 423096, 124717, 608177, 150526, 39.3, 49.4, 1.00
M, 745679, 407083, 899950, 1027495, 423203, 124686, 608292, 150529, 39.3, 49.3, 1.00
M, 745887, 407078, 900027, 1027362, 423223, 124700, 608290, 150448, 39.3, 49.3, 0.99
M, 745590, 407113, 900015, 1027474, 423286, 124760, 608332, 150495, 39.3, 49.3, 1.00
M, 745587, 407095, 900094, 1027687, 423254, 124738, 608385, 150458, 39.3, 49.3, 1.00
M, 745964, 407191, 900430, 1027938, 423279, 124768, 608485, 150565, 39.3, 49.3, 1.00
M, 746114, 407243, 900934, 1028190, 423424, 124813, 608585, 150542, 39.3, 49.3, 1.00
M, 747694, 407619, 903055, 1030161, 423765, 125010, 608980, 150956, 39.3, 49.3, 1.00
M, 747071, 407598, 902502, 1029753, 423742, 124942, 608990, 150858, 39.3, 49.3, 1.00
M, 747363, 407746, 902951, 1029997, 423828, 124961, 609031, 150785, 39.3, 49.3, 1.00
M, 747280, 407750, 902970, 1030011, 423815, 124984, 609042, 150848, 39.3, 49.3, 0.99
M, 747040, 407767, 902771, 1029943, 423777, 125055, 608992, 150789, 39.3, 49.3, 1.01
M, 747292, 407838, 903172, 1030141, 423893, 125102, 609110, 150893, 39.3, 49.3, 0.99
M, 747250, 407910, 903103, 1029993, 423881, 125011, 609148, 150771, 39.3, 49.3, 1.00
M, 747069, 407898, 903020, 1029799, 423909, 125053, 609164, 150755, 39.3, 49.4, 1.00
M, 746857, 407799, 902959, 1029887, 423866, 125015, 609192, 150762, 39.3, 49.4, 0.99
M, 747130, 407926, 903338, 1030177, 423937, 125059, 609288, 150810, 39.3, 49.3, 1.00
M, 747062, 407903, 903447, 1030161, 423909, 125090, 609264, 150827, 39.3, 49.3, 0.99
M, 747364, 408014, 904065, 1030710, 424052, 125119, 609386, 150873, 39.3, 49.3, 0.99
M, 747483, 408045, 904227, 1030528, 424128, 125107, 609422, 150817, 39.3, 49.3, 1.01
M, 747264, 408107, 904151, 1030603, 424109, 125091, 609450, 150842, 39.3, 49.4, 1.01
M, 747139, 408013, 904048, 1030721, 424088, 125074, 609459, 150855, 39.3, 49.4, 1.01
M, 747240, 408182, 904087, 1030495, 424198, 125099, 609539, 150882, 39.3, 49.3, 1.00
M, 747196, 408049, 904300, 1030531, 424146, 125103, 609476, 150947, 39.3, 49.3, 0.99
M, 747123, 408203, 904333, 1030647, 424222, 125198, 609620, 150883, 39.3, 49.4, 0.99
M, 747119, 408106, 904316, 1030607, 424131, 125112, 609548, 150869, 39.3, 49.4, 1.00
M, 747480, 408238, 904937, 1031045, 424294, 125175, 609640, 150950, 39.3, 49.4, 0.99
M, 748855, 408447, 907005, 1033048, 424619, 125351, 610010, 151295, 39.3, 49.4, 1.00
M, 748291, 408530, 906409, 1032310, 424577, 125364, 609968, 151187, 39.3, 49.4, 1.00
M, 748048, 408562, 906207, 1032129, 424536, 125342, 609984, 151153, 39.3, 49.4, 1.00
M, 747785, 408470, 905903, 1031683, 424468, 125257, 609869, 151010, 39.3, 49.4, 0.99
M, 747227, 408360, 905270, 1031157, 424318, 125252, 609808, 150930, 39.3, 49.4, 1.00
M, 746960, 408245, 904832, 1030735, 424283, 125216, 609788, 150871, 39.3, 49.4, 1.00
M, 747378, 408344, 905611, 1031297, 424402, 125288, 609888, 150951, 39.3, 49.4, 1.00
M, 747547, 408372, 905993, 1031578, 424427, 125282, 609951, 151027, 39.3, 49.4, 0.99
M, 747914, 408465, 906567, 1031954, 424562, 125372, 610095, 151078, 39.3, 49.4, 1.00
M, 747923, 408526, 906729, 1032091, 424608, 125334, 610151, 151072, 39.3, 49.4, 0.99
M, 748165, 408530, 907133, 1032506, 424672, 125385, 610193, 151154, 39.3, 49.4, 1.01
M, 748016, 408549, 907057, 1032463, 424642, 125329, 610235, 151119, 39.3, 49.4, 1.00
M, 748304, 408639, 907603, 1032877, 424814, 125466, 610368, 151227, 39.3, 49.3, 0.99
M, 748446, 408667, 907788, 1032759, 424864, 125410, 610312, 151107, 39.3, 49.3, 1.00
M, 748320, 408685, 907696, 1032663, 424838, 125431, 610352, 151127, 39.3, 49.4, 0.99
M, 748174, 408595, 907648, 1032723, 424676, 125394, 610321, 151135, 39.3, 49.4, 1.01
M, 748109, 408704, 907697, 1032518, 424796, 125442, 610425, 151123, 39.3, 49.3, 0.99
M, 747955, 408622, 907755, 1032564, 424749, 125450, 610330, 151104, 39.3, 49.3, 1.00
M, 748119, 408797, 907850, 1032587, 424869, 125430, 610497, 151125, 39.3, 49.4, 0.98
M, 748109, 408672, 907922, 1032477, 424808, 125411, 610424, 151152, 39.3, 49.4, 0.99
M, 749507, 408954, 910159, 1034697, 425158, 125603, 610834, 151499, 39.3, 49.4, 1.01
M, 749148, 409004, 909513, 1034100, 425147, 125585, 610811, 151322, 39.3, 49.4, 1.00
M, 748637, 408931, 908988, 1033396, 425000, 125553, 610662, 151243, 39.3, 49.4, 1.00
M, 748510, 408866, 909073, 1033194, 424923, 125554, 610668, 151276, 39.3, 49.3, 1.01
M, 748609, 408844, 909370, 1033417, 425124, 125550, 610755, 151298, 39.3, 49.3, 1.00
M, 748558, 408873, 909389, 1033426, 425048, 125530, 610779, 151269, 39.3, 49.4, 1.01
M, 748557, 408843, 909520, 1033657, 425097, 125631, 610772, 151318, 39.3, 49.4, 1.00
M, 748892, 408872, 910049, 1034064, 425106, 125620, 610905, 151361, 39.3, 49.4, 1.00
M, 748553, 408952, 909660, 1033599, 425059, 125652, 610819, 151337, 39.3, 49.4, 1.00
M, 748930, 409004, 910354, 1034137, 425179, 125604, 610958, 151427, 39.3, 49.4, 1.00
M, 749148, 409068, 910843, 1034379, 425325, 125619, 611049, 151394, 39.3, 49.4, 0.99
M, 749011, 409018, 910612, 1034230, 425263, 125658, 610980, 151337, 39.3, 49.3, 1.00
M, 749130, 409007, 910926, 1034437, 425335, 125735, 611098, 151408, 39.3, 49.3, 1.00
M, 749189, 409122, 911258, 1034315, 425343, 125704, 611137, 151446, 39.3, 49.4, 1.00
M, 749455, 409201, 911446, 1034724, 425351, 125716, 611242, 151509, 39.3, 49.4, 1.00
M, 749161, 409240, 911381, 1034490, 425415, 125725, 611209, 151466, 39.3, 49.4, 0.99
M, 749105, 409179, 911500, 1034592, 425312, 125702, 611156, 151409, 39.3, 49.4, 1.00
M, 748993, 409219, 911360, 1034398, 425378, 125736, 611219, 151472, 39.3, 49.4, 1.00
M, 748908, 409169, 911509, 1034531, 425392, 125799, 611219, 151455, 39.3, 49.4, 1.01
M, 748857, 409207, 911432, 1034231, 425405, 125677, 611288, 151415, 39.3, 49.4, 1.01
M, 749861, 409197, 912907, 1035445, 425541, 125856, 611451, 151614, 39.3, 49.4, 1.00
M, 749603, 409381, 912651, 1035330, 425539, 125763, 611471, 151605, 39.3, 49.4, 1.01
M, 749598, 409317, 912692, 1035212, 425579, 125812, 611442, 151579, 39.3, 49.4, 0.99
M, 749589, 409320, 912852, 1035302, 425575, 125827, 611444, 151604, 39.3, 49.4, 1.00
M, 749730, 409323, 913372, 1035682, 425613, 125897, 611538, 151654, 39.3, 49.3, 1.00
M, 749906, 409424, 913443, 1035482, 425713, 125881, 611559, 151573, 39.3, 49.3, 1.00
M, 749704, 409348, 913484, 1035288, 425641, 125845, 611571, 151566, 39.3, 49.3, 1.00
M, 749522, 409307, 913404, 1035499, 425666, 125867, 611541, 151538, 39.3, 49.3, 1.01
M, 749807, 409384, 913915, 1035813, 425703, 125901, 611572, 151667, 39.3, 49.4, 1.01
M, 749684, 409408, 913735, 1035625, 425750, 125886, 611631, 151621, 39.3, 49.4, 1.00
M, 750096, 409485, 914478, 1036051, 425789, 125968, 611745, 151757, 39.3, 49.4, 1.00
M, 750031, 409543, 914701, 1036132, 425811, 125913, 611762, 151749, 39.3, 49.4, 1.00
M, 750010, 409531, 914623, 1036012, 425798, 126019, 611803, 151709, 39.3, 49.4, 1.00
M, 750125, 409619, 915059, 1036351, 425889, 126056, 611813, 151798, 39.3, 49.4, 1.00
M, 750085, 409642, 915190, 1036405, 425845, 126085, 611838, 151855, 39.3, 49.4, 1.01
M, 750420, 409720, 915476, 1036403, 425928, 126038, 611909, 151775, 39.3, 49.4, 1.00
M, 750219, 409692, 915406, 1036073, 425905, 126043, 611838, 151686, 39.3, 49.4, 0.99
M, 750245, 409707, 915718, 1036543, 425871, 126112, 611932, 151802, 39.3, 49.4, 1.00
M, 749821, 409685, 915234, 1035997, 425906, 126026, 611851, 151694, 39.3, 49.4, 0.99
M, 749677, 409588, 915067, 1035800, 425822, 126077, 611775, 151661, 39.3, 49.4, 1.01
M, 751265, 409951, 917464, 1037817, 426257, 126242, 612278, 152079, 39.3, 49.4, 0.99
M, 750702, 409928, 916946, 1037055, 426114, 126150, 612147, 151868, 39.3, 49.4, 1.01
M, 750469, 409797, 916664, 1036701, 426058, 126158, 612033, 151857, 39.3, 49.4, 1.00
M, 749854, 409675, 916023, 1036191, 425903, 126050, 611930, 151745, 39.3, 49.4, 1.00
M, 749355, 409529, 915394, 1035740, 425809, 126014, 611783, 151594, 39.3, 49.4, 1.00
M, 749376, 409471, 915659, 1035760, 425782, 126045, 611818, 151671, 39.3, 49.4, 1.01
M, 749668, 409541, 916083, 1035823, 425866, 126070, 611874, 151713, 39.3, 49.4, 1.00
M, 749534, 409542, 916166, 1035883, 425862, 126092, 611945, 151654, 39.3, 49.4, 1.01
M, 749537, 409557, 916231, 1035985, 425893, 126065, 611921, 151744, 39.3, 49.4, 1.01
M, 749993, 409607, 916789, 1036405, 425948, 126178, 612027, 151801, 39.3, 49.4, 1.00
M, 750066, 409662, 917148, 1036630, 425957, 126212, 612063, 151876, 39.3, 49.4, 1.00
M, 750297, 409620, 917554, 1036897, 426012, 126157, 612125, 151924, 39.4, 49.4, 1.00
M, 750461, 409701, 917803, 1036753, 426082, 126186, 612137, 151831, 39.4, 49.4, 1.00
M, 750361, 409622, 917878, 1036709, 426088, 126158, 612179, 151825, 39.4, 49.4, 1.00
M, 750374, 409790, 917992, 1037198, 426111, 126229, 612192, 151928, 39.4, 49.4, 1.00
M, 750357, 409793, 918300, 1037219, 426087, 126271, 612270, 151936, 39.3, 49.4, 1.01
M, 750773, 409826, 918797, 1037453, 426185, 126269, 612356, 151985, 39.3, 49.4, 1.01
M, 750801, 409792, 918974, 1037404, 426248, 126238, 612364, 151953, 39.3, 49.4, 1.00
M, 750565, 409829, 918956, 1037393, 426229, 126298, 612331, 151942, 39.3, 49.4, 0.99
M, 750484, 409946, 918932, 1037129, 426241, 126288, 612385, 151961, 39.3, 49.4, 1.01
