State, OV, Alc, H2, AC1, NH3, AC2, VOC, LP, Temp, Hud, AirFlow
A, 628687, 341069, 895341, 877777, 344305, 123671, 494418, 152637, 41.5, 48.4, 0.59
A, 618517, 338373, 878234, 864280, 341407, 122174, 491205, 149915, 41.5, 48.4, 0.57
A, 610401, 335934, 864617, 853738, 339124, 121057, 488916, 147871, 41.5, 48.4, 0.75
A, 603983, 333912, 852484, 845279, 337466, 119991, 487541, 146278, 41.3, 48.1, 0.82
A, 599432, 332543, 842820, 838947, 336541, 119051, 487195, 145054, 41.3, 48.1, 0.90
A, 596573, 331768, 834712, 834581, 336406, 118302, 487680, 144238, 41.1, 47.8, 0.93
A, 594858, 331175, 827526, 831574, 336711, 117600, 488644, 143622, 41.1, 47.8, 0.96
A, 594149, 330999, 821713, 829638, 337109, 117003, 489466, 143254, 41.0, 47.6, 0.98
A, 594006, 330965, 817151, 828776, 337580, 116655, 490447, 143050, 41.0, 47.6, 0.98
A, 595113, 331104, 813973, 829185, 338269, 116278, 491672, 143026, 40.9, 47.5, 0.99
A, 596792, 331454, 810815, 829839, 339286, 115936, 493071, 143135, 40.9, 47.5, 0.99
A, 598326, 331856, 808272, 830992, 340023, 115654, 494215, 143215, 40.8, 47.4, 1.00
A, 600085, 332204, 806378, 832474, 340916, 115507, 495408, 143297, 40.8, 47.4, 0.99
A, 602335, 332815, 805154, 834421, 341867, 115405, 496694, 143532, 40.7, 47.3, 0.99
A, 604628, 333265, 804013, 836245, 342720, 115238, 497857, 143698, 40.7, 47.3, 0.99
A, 607318, 334050, 802738, 838669, 343919, 115125, 499390, 143903, 40.6, 47.2, 1.00
A, 609548, 334575, 801911, 840647, 344762, 115074, 500504, 144045, 40.6, 47.2, 0.99
A, 612370, 335502, 801081, 843304, 345886, 115006, 501949, 144233, 40.6, 47.1, 1.00
A, 614348, 336003, 800637, 845304, 346609, 114964, 502926, 144449, 40.6, 47.1, 0.99
A, 616828, 336691, 800502, 847887, 347521, 114957, 504083, 144739, 40.6, 47.1, 1.00
A, 620637, 337761, 802224, 852020, 348816, 115108, 505713, 145224, 40.5, 47.1, 0.99
A, 623032, 338632, 801421, 854041, 349869, 115062, 506950, 145269, 40.5, 47.1, 1.00
A, 624895, 339386, 800316, 855715, 350621, 115076, 508031, 145269, 40.4, 47.0, 1.01
A, 626633, 340144, 799566, 857646, 351441, 115005, 509051, 145424, 40.4, 47.0, 0.99
A, 629207, 341007, 799819, 860199, 352368, 114983, 510175, 145649, 40.4, 47.0, 0.99
A, 631378, 341873, 799995, 862635, 353248, 115100, 511351, 145820, 40.4, 47.0, 1.00
A, 633841, 342823, 800342, 865336, 354267, 115220, 512474, 146059, 40.3, 47.0, 1.01
A, 636341, 343796, 800389, 867522, 355234, 115164, 513683, 146161, 40.3, 47.0, 0.99
A, 638283, 344661, 800322, 869832, 356027, 115248, 514760, 146264, 40.3, 46.9, 0.99
A, 640178, 345470, 800565, 872147, 356868, 115295, 515779, 146521, 40.3, 46.9, 1.00
A, 642118, 346380, 800386, 874197, 357732, 115370, 516802, 146582, 40.3, 46.9, 1.00
A, 643975, 347320, 800514, 876069, 358516, 115492, 517762, 146789, 40.3, 46.9, 1.01
A, 646018, 348270, 801005, 878640, 359379, 115543, 518755, 146963, 40.2, 46.9, 1.01
A, 647952, 349247, 801028, 880680, 360215, 115566, 519823, 147032, 40.2, 46.9, 1.00
A, 649564, 350116, 800870, 882427, 360959, 115616, 520799, 147176, 40.2, 46.9, 1.01
A, 651077, 350935, 800906, 884290, 361668, 115700, 521575, 147243, 40.2, 46.9, 1.01
A, 652857, 352008, 800860, 886300, 362578, 115803, 522668, 147355, 40.1, 46.9, 1.01
A, 654008, 352662, 800985, 887750, 363101, 115843, 523281, 147484, 40.1, 46.9, 1.00
A, 656036, 353896, 801121, 889872, 364076, 115875, 524508, 147538, 40.1, 46.9, 0.99
A, 657094, 354474, 801108, 891368, 364522, 115922, 525108, 147603, 40.1, 46.9, 1.01
A, 659843, 355477, 802987, 894498, 365474, 116100, 526135, 148081, 40.1, 46.9, 0.99
A, 660743, 356440, 802484, 895463, 366081, 116064, 526913, 147997, 40.1, 46.9, 0.99
A, 661824, 357211, 802456, 896989, 366644, 116224, 527563, 148060, 40.1, 46.9, 1.00
A, 663475, 358234, 802695, 898849, 367510, 116300, 528595, 148151, 40.0, 46.9, 1.01
A, 664552, 358945, 802760, 900138, 368058, 116389, 529278, 148140, 40.0, 46.9, 1.00
A, 665843, 359757, 802955, 901848, 368600, 116453, 529965, 148251, 40.0, 46.9, 1.01
A, 666702, 360469, 802735, 902984, 369177, 116493, 530665, 148355, 40.0, 46.9, 0.99
A, 667950, 361350, 803142, 904633, 369762, 116561, 531431, 148437, 40.0, 46.9, 1.01
A, 669094, 362234, 803195, 905952, 370399, 116577, 532135, 148408, 40.0, 46.9, 1.01
A, 670094, 362939, 803045, 907019, 370929, 116581, 532687, 148469, 40.0, 46.9, 1.00
A, 671127, 363724, 803307, 908554, 371473, 116717, 533427, 148618, 40.0, 46.9, 0.99
A, 672075, 364408, 803254, 909686, 371972, 116784, 534131, 148677, 39.9, 46.9, 1.00
A, 672993, 365130, 803299, 911009, 372448, 116875, 534683, 148709, 39.9, 46.9, 1.00
A, 674162, 365951, 803889, 912617, 373090, 116895, 535425, 148806, 39.9, 46.9, 1.00
A, 675356, 366786, 804066, 913863, 373717, 117006, 536272, 148856, 39.9, 46.9, 1.00
A, 676189, 367604, 803962, 915183, 374254, 117025, 536884, 148891, 39.9, 46.9, 1.01
A, 677396, 368382, 804113, 916724, 374852, 117076, 537633, 149057, 39.9, 46.9, 0.99
A, 678466, 369326, 803891, 917904, 375443, 117111, 538394, 149039, 39.8, 47.0, 0.99
A, 679380, 369951, 804374, 919300, 375899, 117224, 538915, 149188, 39.8, 47.0, 1.00
A, 680992, 371139, 804508, 921122, 376665, 117331, 539888, 149264, 39.8, 47.0, 1.01
A, 682903, 371805, 806195, 923676, 377158, 117515, 540547, 149661, 39.8, 47.0, 1.01
A, 684033, 372658, 806661, 925165, 377771, 117590, 541151, 149681, 39.8, 47.0, 1.01
A, 684945, 373415, 806769, 926389, 378264, 117739, 541720, 149688, 39.8, 47.0, 1.00
A, 685748, 374134, 806702, 927567, 378616, 117764, 542156, 149845, 39.8, 47.0, 1.00
A, 686733, 374819, 807199, 928942, 379088, 117817, 542805, 149875, 39.8, 47.0, 1.01
A, 687786, 375629, 807506, 930174, 379586, 117896, 543281, 149884, 39.8, 47.0, 1.00
A, 688321, 376173, 807387, 931074, 379961, 117942, 543706, 149912, 39.8, 47.1, 1.00
A, 689265, 376864, 807582, 932166, 380309, 118074, 544161, 149993, 39.8, 47.1, 1.00
A, 688981, 377248, 806619, 932074, 380489, 117998, 544402, 149839, 39.7, 47.0, 0.99
A, 689989, 377900, 805963, 931844, 380861, 117967, 544814, 149644, 39.7, 47.0, 1.01
A, 689708, 378272, 805910, 933262, 381047, 118073, 545150, 149739, 39.7, 47.1, 1.00
A, 690679, 378769, 806699, 934575, 381422, 118173, 545680, 149789, 39.7, 47.1, 1.00
A, 691439, 379280, 806907, 935680, 381890, 118266, 546132, 149901, 39.7, 47.1, 1.00
A, 691896, 379839, 806930, 936604, 382238, 118351, 546604, 150009, 39.7, 47.1, 1.00
A, 692925, 380407, 807775, 937951, 382678, 118418, 547080, 150112, 39.7, 47.1, 0.99
A, 693671, 380960, 808034, 938686, 383051, 118474, 547531, 150071, 39.7, 47.1, 1.00
A, 693925, 381432, 807936, 939380, 383371, 118496, 547915, 150040, 39.6, 47.2, 1.00
A, 694403, 381805, 807990, 940189, 383663, 118556, 548250, 150071, 39.6, 47.2, 0.99
A, 694959, 382397, 808277, 941072, 383991, 118638, 548656, 150119, 39.6, 47.2, 1.01
A, 695328, 382714, 808333, 941596, 384224, 118744, 549004, 150137, 39.6, 47.2, 0.99
A, 697400, 383584, 810557, 944374, 384993, 118926, 549816, 150534, 39.6, 47.2, 1.01
A, 697494, 384029, 810220, 944386, 385167, 118864, 550022, 150319, 39.6, 47.2, 0.99
A, 697414, 384298, 809858, 944777, 385325, 119011, 550320, 150354, 39.6, 47.2, 1.00
A, 697434, 384624, 809437, 944924, 385509, 118976, 550484, 150242, 39.6, 47.2, 0.99
A, 697413, 384911, 808982, 945102, 385671, 118987, 550747, 150242, 39.6, 47.2, 1.00
A, 698156, 385284, 809718, 946124, 385997, 119105, 551181, 150345, 39.6, 47.3, 1.00
A, 698705, 385726, 809948, 946986, 386380, 119221, 551600, 150378, 39.6, 47.3, 1.00
A, 698946, 386085, 809958, 947557, 386640, 119203, 551928, 150327, 39.5, 47.3, 1.00
A, 699523, 386523, 810365, 948469, 386866, 119312, 552271, 150353, 39.5, 47.3, 1.00
A, 699901, 386891, 810481, 949112, 387198, 119363, 552575, 150398, 39.5, 47.3, 1.01
A, 700433, 387234, 810744, 949965, 387497, 119456, 552998, 150479, 39.5, 47.3, 0.99
A, 700933, 387664, 811041, 950591, 387757, 119555, 553352, 150559, 39.5, 47.3, 1.01
A, 701413, 388167, 811369, 951423, 388065, 119587, 553623, 150502, 39.5, 47.3, 1.00
A, 701581, 388462, 811278, 951876, 388246, 119588, 553898, 150511, 39.5, 47.4, 0.99
A, 701919, 388740, 811229, 952220, 388491, 119597, 554194, 150522, 39.5, 47.4, 0.99
A, 702448, 389197, 811735, 953158, 388806, 119791, 554606, 150620, 39.5, 47.4, 1.01
A, 702940, 389566, 811641, 953801, 389101, 119775, 555006, 150611, 39.5, 47.4, 1.00
A, 703097, 389947, 811682, 954163, 389312, 119809, 555269, 150575, 39.5, 47.4, 1.00
A, 703670, 390313, 812104, 955204, 389607, 119837, 555648, 150604, 39.5, 47.4, 1.00
A, 703851, 390742, 811672, 955465, 389982, 119926, 556043, 150546, 39.4, 47.4, 1.00
A, 705186, 391146, 813150, 957398, 390183, 120105, 556480, 150900, 39.4, 47.4, 1.00
A, 705165, 391786, 812329, 957285, 390685, 120027, 556918, 150683, 39.4, 47.4, 1.01
A, 705317, 391952, 812051, 957518, 390587, 120038, 557079, 150606, 39.4, 47.4, 1.00
A, 705743, 392198, 812196, 958365, 390860, 120152, 557370, 150709, 39.4, 47.4, 1.00
A, 706504, 392661, 812446, 959248, 391195, 120198, 557765, 150748, 39.4, 47.5, 1.00
A, 707115, 393053, 812692, 960111, 391356, 120253, 558046, 150828, 39.4, 47.5, 0.99
A, 708019, 393489, 813379, 961267, 391752, 120368, 558394, 150962, 39.4, 47.5, 0.99
A, 708468, 393823, 813454, 961808, 392016, 120408, 558661, 150926, 39.4, 47.5, 1.00
A, 708822, 394128, 813591, 962374, 392141, 120437, 558843, 150928, 39.4, 47.6, 1.01
A, 709201, 394340, 813996, 963393, 392324, 120582, 559072, 150997, 39.4, 47.6, 1.00
A, 709558, 394633, 814095, 963802, 392484, 120561, 559283, 150980, 39.4, 47.6, 0.99
A, 709981, 394898, 814465, 964379, 392683, 120636, 559465, 151052, 39.4, 47.6, 1.00
A, 710179, 395083, 814714, 964949, 392870, 120668, 559576, 151009, 39.4, 47.7, 1.00
A, 710399, 395314, 814893, 965372, 393020, 120802, 559801, 151016, 39.4, 47.7, 1.01
A, 710545, 395525, 814816, 965508, 393108, 120827, 559960, 150937, 39.4, 47.7, 1.00
A, 710718, 395638, 815180, 966105, 393231, 120863, 560160, 150947, 39.4, 47.7, 1.00
A, 710808, 395821, 815230, 966444, 393405, 120946, 560335, 150962, 39.3, 47.7, 0.99
A, 710986, 396015, 815506, 966942, 393630, 121058, 560498, 151033, 39.3, 47.7, 1.01
A, 711152, 396182, 815532, 966847, 393776, 120991, 560670, 150897, 39.3, 47.7, 1.01
A, 710995, 396293, 815551, 967241, 393818, 121095, 560783, 150897, 39.3, 47.7, 0.99
A, 712496, 396699, 817421, 969078, 394298, 121260, 561357, 151171, 39.3, 47.8, 0.99
A, 712105, 396761, 816946, 968746, 394360, 121303, 561388, 151070, 39.3, 47.8, 1.00
A, 712156, 396919, 817195, 969217, 394461, 121369, 561516, 151107, 39.3, 47.8, 1.01
A, 712205, 396970, 817227, 969360, 394562, 121405, 561684, 151037, 39.3, 47.8, 0.99
A, 712222, 397157, 817276, 969405, 394665, 121358, 561840, 150977, 39.3, 47.8, 1.00
A, 712097, 397276, 817169, 969365, 394740, 121387, 561917, 150831, 39.3, 47.8, 0.99
A, 711921, 397322, 817017, 969717, 394831, 121445, 562057, 150891, 39.3, 47.8, 1.00
A, 712168, 397544, 817321, 970019, 394971, 121545, 562260, 150970, 39.3, 47.9, 0.99
A, 711817, 397553, 816767, 969714, 395086, 121510, 562310, 150848, 39.3, 47.9, 0.99
A, 712157, 397728, 817393, 970463, 395234, 121624, 562484, 150876, 39.3, 47.8, 1.01
A, 712166, 397911, 817481, 970611, 395354, 121617, 562723, 150842, 39.3, 47.8, 1.01
A, 712251, 397945, 817394, 970643, 395497, 121672, 562827, 150845, 39.3, 47.9, 0.99
A, 712472, 398076, 817742, 971182, 395662, 121709, 563064, 150884, 39.3, 47.9, 1.01
A, 712568, 398224, 817833, 971329, 395781, 121776, 563257, 150845, 39.3, 47.9, 0.99
A, 712564, 398340, 817854, 971655, 395816, 121744, 563297, 150870, 39.3, 47.9, 0.99
A, 713105, 398468, 818445, 972318, 396111, 121933, 563596, 150927, 39.2, 48.0, 1.00
A, 713158, 398586, 818618, 972511, 396157, 121882, 563739, 150908, 39.2, 48.0, 1.00
A, 713090, 398665, 818544, 972637, 396355, 121929, 563862, 150858, 39.2, 48.0, 0.99
A, 713056, 398713, 818335, 972541, 396333, 121968, 563960, 150870, 39.2, 48.0, 0.99
A, 713241, 398886, 818591, 972945, 396564, 122041, 564192, 150848, 39.2, 48.0, 1.00
A, 714323, 399182, 820006, 974507, 396871, 122174, 564544, 151097, 39.2, 48.0, 1.01
A, 713737, 399305, 819196, 973498, 396931, 122133, 564551, 150897, 39.2, 48.0, 1.01
A, 713398, 399147, 818777, 973488, 396841, 122137, 564541, 150785, 39.2, 48.0, 1.00
A, 713168, 399099, 818586, 973417, 396839, 122142, 564581, 150747, 39.2, 48.0, 0.99
A, 712940, 399205, 818217, 973408, 396805, 122209, 564686, 150716, 39.2, 48.1, 1.01
A, 712943, 399195, 818001, 973012, 396939, 122113, 564764, 150594, 39.2, 48.1, 1.00
A, 712951, 399197, 818106, 973300, 396912, 122240, 564841, 150647, 39.2, 48.1, 1.01
A, 713510, 399389, 818780, 974205, 397263, 122256, 565124, 150756, 39.2, 48.1, 1.00
A, 713708, 399491, 819078, 974563, 397349, 122302, 565283, 150704, 39.2, 48.1, 0.99
A, 714143, 399618, 819591, 975186, 397542, 122361, 565529, 150822, 39.2, 48.1, 0.99
A, 714350, 399804, 819867, 975593, 397684, 122466, 565674, 150846, 39.2, 48.2, 1.00
A, 714785, 399987, 820068, 975867, 397857, 122469, 565827, 150805, 39.2, 48.2, 1.00
A, 714733, 400052, 820182, 975863, 397943, 122545, 565988, 150835, 39.2, 48.2, 0.99
A, 714945, 400113, 820574, 976602, 398104, 122623, 566109, 150842, 39.2, 48.2, 1.00
A, 714976, 400193, 820621, 976822, 398130, 122658, 566286, 150834, 39.1, 48.2, 1.00
A, 714971, 400272, 820513, 976719, 398208, 122670, 566371, 150804, 39.1, 48.2, 0.99
A, 715433, 400340, 821198, 977355, 398388, 122716, 566544, 150916, 39.1, 48.2, 1.00
A, 715353, 400526, 821120, 977545, 398518, 122774, 566695, 150785, 39.1, 48.2, 1.01
A, 715467, 400460, 821119, 977596, 398555, 122814, 566806, 150772, 39.1, 48.3, 0.99
A, 715664, 400596, 821564, 978099, 398748, 122892, 566960, 150842, 39.1, 48.3, 1.00
A, 716909, 400968, 823270, 979719, 399117, 123060, 567376, 151038, 39.1, 48.3, 0.99
A, 716451, 401032, 822599, 979338, 399131, 123040, 567313, 150989, 39.1, 48.3, 1.01
A, 715779, 401041, 821799, 978517, 399036, 123014, 567341, 150778, 39.1, 48.4, 1.01
A, 715384, 400838, 821336, 978224, 398946, 122979, 567223, 150629, 39.1, 48.4, 1.00
A, 715611, 400936, 821599, 978642, 399081, 123031, 567402, 150735, 39.1, 48.4, 1.00
A, 715798, 400916, 821820, 978874, 399107, 123053, 567551, 150705, 39.1, 48.4, 1.01
A, 715977, 401045, 822063, 979238, 399255, 123079, 567679, 150753, 39.1, 48.4, 1.01
A, 716381, 401159, 822630, 979825, 399397, 123222, 567793, 150874, 39.1, 48.4, 1.00
A, 716635, 401253, 822908, 979991, 399599, 123267, 568007, 150817, 39.1, 48.4, 1.00
A, 716529, 401287, 822925, 980052, 399604, 123307, 568062, 150720, 39.1, 48.4, 1.00
A, 716774, 401414, 823250, 980566, 399755, 123376, 568230, 150835, 39.1, 48.4, 1.01
A, 716819, 401460, 823136, 980669, 399802, 123350, 568340, 150858, 39.1, 48.4, 1.01
A, 717116, 401592, 823657, 981076, 399943, 123400, 568510, 150925, 39.1, 48.4, 1.00
A, 717136, 401673, 823794, 981256, 400094, 123462, 568522, 150847, 39.1, 48.4, 0.99
A, 717290, 401735, 824090, 981590, 400172, 123527, 568707, 150835, 39.1, 48.4, 1.00
A, 717267, 401797, 823984, 981537, 400261, 123582, 568754, 150800, 39.1, 48.5, 1.00
A, 717242, 401748, 824010, 981748, 400230, 123505, 568837, 150791, 39.1, 48.5, 1.00
A, 717619, 401949, 824539, 982234, 400352, 123613, 568993, 150811, 39.1, 48.5, 1.00
A, 717754, 401973, 824563, 982059, 400430, 123550, 569102, 150747, 39.1, 48.5, 0.99
A, 717646, 401988, 824586, 982147, 400558, 123698, 569213, 150720, 39.1, 48.5, 1.00
A, 718756, 402205, 826262, 984082, 400830, 123825, 569506, 151057, 39.1, 48.5, 1.01
A, 718181, 402318, 825381, 983063, 400887, 123800, 569526, 150872, 39.1, 48.6, 1.00
A, 717697, 402206, 824845, 982667, 400701, 123742, 569419, 150693, 39.1, 48.6, 1.00
A, 717481, 402196, 824752, 982569, 400799, 123791, 569506, 150686, 39.0, 48.6, 1.00
A, 717417, 402160, 824652, 982537, 400790, 123853, 569532, 150643, 39.0, 48.6, 1.00
A, 717675, 402234, 825118, 983005, 400849, 123834, 569588, 150713, 39.0, 48.6, 1.00
A, 717755, 402248, 825287, 983282, 400958, 123894, 569700, 150612, 39.0, 48.6, 1.01
A, 717745, 402229, 825243, 983289, 400992, 123944, 569825, 150642, 39.0, 48.6, 0.99
A, 718083, 402369, 825484, 983591, 401131, 123995, 569924, 150711, 39.0, 48.6, 1.00
A, 718079, 402425, 825579, 983526, 401194, 123937, 570032, 150631, 39.0, 48.6, 1.00
A, 718037, 402378, 825634, 983669, 401236, 124047, 570077, 150622, 39.0, 48.7, 1.00
A, 717958, 402437, 825708, 983962, 401264, 124043, 570169, 150599, 39.0, 48.7, 1.00
A, 718206, 402398, 825831, 984134, 401421, 124106, 570285, 150736, 39.0, 48.7, 1.00
A, 718548, 402549, 826437, 984722, 401504, 124172, 570446, 150770, 39.0, 48.7, 1.01
A, 718527, 402558, 826422, 984725, 401512, 124213, 570529, 150668, 39.0, 48.7, 1.00
A, 718796, 402707, 826800, 984820, 401655, 124224, 570612, 150609, 39.0, 48.7, 1.00
A, 718866, 402768, 826886, 985126, 401737, 124230, 570700, 150629, 39.0, 48.7, 1.00
A, 718747, 402611, 826844, 985257, 401775, 124305, 570777, 150672, 39.0, 48.7, 1.00
A, 718957, 402795, 827130, 985645, 401847, 124355, 570859, 150734, 39.0, 48.8, 1.01
A, 719146, 402803, 827372, 985654, 401994, 124328, 571037, 150630, 39.0, 48.8, 1.00
A, 720333, 403062, 828885, 987162, 402166, 124535, 571309, 150904, 39.0, 48.8, 1.00
A, 720252, 403217, 829116, 987363, 402364, 124509, 571476, 150863, 39.0, 48.8, 0.99
A, 719908, 403191, 828525, 986783, 402303, 124490, 571401, 150677, 39.0, 48.8, 1.00
A, 719707, 403154, 828449, 986864, 402310, 124597, 571421, 150744, 39.0, 48.8, 1.00
A, 719500, 403296, 828167, 986436, 402362, 124562, 571411, 150601, 39.0, 48.9, 0.99
A, 719446, 403158, 828156, 986298, 402312, 124590, 571435, 150617, 39.0, 48.9, 1.00
A, 719626, 403234, 828510, 986962, 402380, 124678, 571620, 150648, 39.0, 48.9, 1.00
A, 719585, 403214, 828651, 986989, 402457, 124646, 571647, 150646, 39.0, 48.9, 0.99
A, 719616, 403213, 828534, 987013, 402535, 124698, 571666, 150642, 39.0, 48.9, 0.99
A, 720027, 403288, 829031, 987490, 402580, 124697, 571811, 150744, 39.0, 48.9, 0.99
A, 720029, 403384, 829212, 987556, 402746, 124849, 571936, 150673, 39.0, 48.9, 1.00
A, 719805, 403333, 828983, 987503, 402679, 124772, 571911, 150695, 38.9, 48.9, 1.01
A, 720163, 403442, 829598, 987822, 402805, 124857, 572036, 150665, 38.9, 48.9, 1.01
A, 720186, 403427, 829709, 988116, 402847, 124857, 572146, 150641, 38.9, 49.0, 1.00
A, 720417, 403497, 829943, 988403, 402983, 124934, 572238, 150764, 38.9, 49.0, 0.99
A, 720402, 403539, 830021, 988498, 403008, 125012, 572343, 150736, 38.9, 49.0, 1.01
A, 720617, 403601, 830304, 988537, 403133, 124981, 572365, 150639, 38.9, 49.0, 0.99
A, 720371, 403554, 830229, 988591, 403044, 125003, 572385, 150637, 38.9, 49.0, 1.00
A, 720435, 403555, 830205, 988670, 403098, 125087, 572409, 150655, 38.9, 49.0, 1.00
A, 720703, 403632, 830608, 988972, 403218, 125102, 572554, 150653, 38.9, 49.0, 0.99
A, 721917, 403923, 832495, 990761, 403561, 125271, 572914, 151012, 38.9, 49.0, 1.00
A, 721600, 404024, 831821, 990074, 403593, 125260, 572970, 150811, 38.9, 49.0, 1.00
A, 720960, 403928, 831463, 989462, 403465, 125185, 572833, 150670, 38.9, 49.0, 1.01
A, 720347, 403860, 830653, 988936, 403451, 125169, 572746, 150513, 38.9, 49.0, 1.00
A, 719954, 403696, 830303, 988647, 403262, 125184, 572697, 150500, 38.9, 49.0, 1.01
A, 720407, 403693, 830728, 989007, 403386, 125201, 572801, 150603, 38.9, 49.0, 0.99
A, 720683, 403769, 831209, 989278, 403478, 125237, 572858, 150643, 38.9, 49.0, 0.99
A, 720893, 403879, 831518, 989762, 403538, 125318, 572982, 150609, 38.9, 49.0, 1.01
A, 720835, 403821, 831488, 989843, 403623, 125314, 573087, 150602, 38.9, 49.1, 1.01
A, 720899, 403852, 831734, 989883, 403683, 125365, 573149, 150627, 38.9, 49.1, 1.00
A, 721285, 403978, 832244, 990434, 403783, 125470, 573344, 150604, 38.9, 49.1, 0.99
A, 721237, 403967, 832352, 990477, 403849, 125425, 573381, 150648, 38.9, 49.1, 0.99
A, 721546, 404057, 832720, 991025, 403958, 125462, 573493, 150772, 38.9, 49.1, 1.00
A, 721770, 404111, 833129, 991132, 404072, 125587, 573625, 150644, 38.9, 49.1, 0.99
A, 721617, 404070, 833138, 991000, 404039, 125557, 573584, 150624, 38.9, 49.2, 1.00
A, 721735, 404081, 833162, 991266, 404110, 125566, 573584, 150610, 38.9, 49.2, 1.00
A, 721798, 404121, 833376, 991366, 404208, 125603, 573674, 150647, 38.9, 49.2, 1.00
A, 721720, 404156, 833453, 991512, 404146, 125674, 573699, 150663, 38.9, 49.2, 1.00
A, 722137, 404276, 833966, 991976, 404339, 125700, 573884, 150725, 38.8, 49.2, 1.01
A, 722173, 404295, 834267, 991922, 404374, 125716, 573957, 150671, 38.8, 49.2, 1.01
A, 723310, 404523, 835906, 993678, 404676, 125929, 574272, 150887, 38.8, 49.2, 0.99
A, 722943, 404565, 835466, 993039, 404623, 125928, 574300, 150792, 38.8, 49.2, 1.00
A, 722191, 404467, 834389, 991857, 404509, 125786, 574133, 150517, 38.8, 49.3, 0.99
A, 721533, 404349, 833671, 991306, 404342, 125724, 573933, 150417, 38.8, 49.3, 0.99
A, 721279, 404201, 833449, 991250, 404376, 125810, 574043, 150409, 38.8, 49.3, 0.99
A, 721182, 404185, 833523, 991324, 404364, 125823, 574001, 150395, 38.8, 49.3, 1.00
A, 721578, 404212, 834156, 991857, 404442, 125895, 574093, 150486, 38.8, 49.3, 1.01
A, 721786, 404316, 834498, 992036, 404572, 125881, 574171, 150527, 38.8, 49.3, 1.00
A, 722075, 404370, 834506, 992023, 404573, 125908, 574283, 150530, 38.8, 49.3, 1.01
A, 721551, 404238, 834092, 991889, 404521, 125914, 574304, 150498, 38.8, 49.3, 1.00
A, 722054, 404368, 835056, 992443, 404726, 125998, 574437, 150469, 38.8, 49.3, 0.99
A, 722084, 404368, 835146, 992569, 404805, 126028, 574500, 150484, 38.8, 49.3, 1.00
A, 722108, 404313, 834950, 992544, 404773, 126081, 574497, 150532, 38.8, 49.3, 0.99
A, 722445, 404474, 835620, 993044, 404871, 126032, 574671, 150613, 38.8, 49.3, 1.00
A, 722589, 404479, 835766, 993055, 404977, 126129, 574756, 150548, 38.8, 49.3, 1.00
A, 722516, 404453, 835715, 993012, 404951, 126134, 574763, 150492, 38.8, 49.4, 1.00
A, 722420, 404470, 835969, 993205, 404997, 126137, 574769, 150527, 38.8, 49.4, 1.00
A, 722707, 404481, 836349, 993671, 405095, 126165, 574840, 150517, 38.8, 49.4, 1.01
A, 722691, 404445, 836482, 993631, 405110, 126197, 574914, 150566, 38.8, 49.4, 0.99
A, 722946, 404620, 836840, 994122, 405176, 126263, 575057, 150564, 38.8, 49.4, 1.00
A, 724598, 404911, 839039, 995963, 405508, 126462, 575446, 150831, 38.8, 49.4, 1.00
A, 723865, 404925, 838127, 995011, 405507, 126419, 575330, 150657, 38.8, 49.4, 0.99
A, 723716, 404836, 838088, 995126, 405480, 126482, 575351, 150676, 38.8, 49.4, 1.00
A, 723160, 404771, 837482, 994227, 405441, 126358, 575233, 150443, 38.8, 49.5, 1.00
A, 723016, 404692, 837417, 994427, 405457, 126418, 575322, 150536, 38.8, 49.5, 1.00
A, 723004, 404759, 837356, 994079, 405453, 126387, 575304, 150438, 38.8, 49.5, 1.00
A, 722911, 404727, 837513, 994085, 405444, 126395, 575282, 150417, 38.8, 49.5, 1.00
A, 723063, 404668, 837749, 994585, 405499, 126464, 575395, 150453, 38.8, 49.5, 1.00
A, 723073, 404736, 837942, 994652, 405468, 126548, 575420, 150492, 38.8, 49.5, 1.01
A, 723139, 404701, 837984, 994698, 405517, 126517, 575423, 150555, 38.8, 49.5, 1.00
A, 723515, 404708, 838631, 995211, 405579, 126495, 575560, 150564, 38.8, 49.5, 1.00
A, 723561, 404817, 838919, 995226, 405714, 126589, 575669, 150539, 38.8, 49.5, 1.00
A, 723429, 404793, 838765, 995219, 405716, 126631, 575677, 150511, 38.8, 49.5, 1.00
A, 723512, 404924, 838883, 995241, 405763, 126640, 575738, 150491, 38.8, 49.5, 0.99
A, 723450, 404908, 838974, 995378, 405745, 126670, 575759, 150507, 38.8, 49.5, 1.00
A, 723624, 404890, 839286, 995601, 405884, 126741, 575845, 150636, 38.8, 49.5, 1.00
A, 723657, 404922, 839547, 995819, 405945, 126774, 575876, 150608, 38.8, 49.6, 1.00
A, 723863, 404925, 839808, 995981, 405995, 126788, 575965, 150534, 38.8, 49.6, 1.00
A, 723732, 404997, 839823, 995836, 405936, 126768, 575981, 150441, 38.8, 49.6, 1.00
A, 723659, 404947, 839616, 995703, 405906, 126833, 575979, 150543, 38.8, 49.6, 0.99
A, 725175, 405187, 841818, 997676, 406305, 127013, 576386, 150877, 38.8, 49.6, 1.01
A, 724723, 405245, 841365, 997103, 406333, 127032, 576402, 150692, 38.8, 49.6, 0.99
A, 724363, 405250, 840817, 996498, 406226, 126986, 576294, 150518, 38.8, 49.6, 0.99
A, 723753, 405048, 840427, 996014, 406160, 126922, 576180, 150435, 38.8, 49.6, 1.00
A, 723281, 405054, 839689, 995518, 406073, 126897, 576174, 150357, 38.8, 49.7, 1.01
A, 722956, 404805, 839554, 995289, 405963, 126872, 576037, 150348, 38.8, 49.7, 1.01
A, 723092, 404924, 839735, 995368, 406042, 126859, 576148, 150300, 38.8, 49.7, 0.99
A, 722803, 404682, 839293, 994888, 405898, 126851, 576029, 150173, 38.8, 49.7, 1.00
A, 723144, 404814, 839794, 995611, 406072, 126944, 576201, 150323, 38.8, 49.7, 0.99
A, 723338, 404839, 840258, 995842, 406179, 127023, 576278, 150376, 38.7, 49.7, 1.01
A, 723562, 404818, 840556, 996176, 406258, 127051, 576323, 150356, 38.7, 49.7, 1.01
A, 723885, 404931, 841104, 996571, 406393, 127074, 576503, 150479, 38.8, 49.7, 1.00
A, 724241, 405033, 841322, 996624, 406439, 127088, 576608, 150525, 38.8, 49.7, 1.00
A, 724159, 404976, 841498, 996579, 406482, 127114, 576655, 150487, 38.7, 49.7, 1.00
A, 724397, 404981, 841852, 997149, 406526, 127222, 576719, 150553, 38.7, 49.7, 1.00
A, 724335, 404978, 842033, 997297, 406538, 127222, 576770, 150469, 38.7, 49.8, 1.00
A, 724456, 405147, 842114, 997278, 406594, 127219, 576771, 150507, 38.7, 49.8, 1.01
A, 724445, 405066, 842327, 997408, 406575, 127275, 576788, 150549, 38.7, 49.7, 1.00
A, 724671, 405092, 842521, 997474, 406665, 127326, 576830, 150528, 38.7, 49.7, 1.00
A, 724562, 405089, 842610, 997527, 406672, 127332, 576916, 150518, 38.7, 49.7, 0.99
A, 725783, 405365, 844451, 999265, 406944, 127473, 577185, 150750, 38.7, 49.7, 1.00
A, 725612, 405442, 844232, 998940, 406996, 127449, 577265, 150659, 38.7, 49.8, 1.00
A, 724938, 405370, 843458, 998313, 406866, 127455, 577106, 150565, 38.7, 49.8, 1.00
A, 724370, 405190, 842575, 997165, 406725, 127317, 577009, 150363, 38.7, 49.8, 1.01
A, 723939, 405013, 842310, 997019, 406615, 127309, 576886, 150203, 38.7, 49.8, 1.01
A, 723749, 405033, 842225, 996950, 406682, 127340, 576927, 150292, 38.7, 49.8, 1.01
A, 723996, 405051, 842489, 997233, 406647, 127434, 576938, 150333, 38.7, 49.8, 1.01
A, 724393, 405084, 843160, 997811, 406803, 127482, 577064, 150381, 38.7, 49.8, 0.99
A, 724731, 405134, 843645, 998075, 406944, 127571, 577251, 150463, 38.7, 49.8, 1.00
A, 723831, 405076, 842587, 997017, 406802, 127391, 577073, 150248, 38.7, 49.8, 1.00
A, 724039, 404952, 842929, 997038, 406827, 127432, 577132, 150266, 38.7, 49.8, 1.01
A, 723293, 404841, 841989, 996571, 406603, 127389, 576961, 150111, 38.7, 49.8, 1.00
A, 724001, 404917, 842962, 997382, 406886, 127486, 577207, 150256, 38.7, 49.9, 0.99
A, 724290, 404957, 843391, 997712, 406930, 127599, 577251, 150344, 38.7, 49.9, 1.00
A, 724458, 405059, 843783, 997908, 407019, 127550, 577375, 150374, 38.7, 49.9, 1.01
A, 724783, 405107, 844128, 998361, 407106, 127644, 577496, 150392, 38.7, 49.9, 1.01
A, 724826, 405075, 844357, 998431, 407136, 127635, 577498, 150380, 38.7, 49.9, 0.99
A, 725011, 405122, 844620, 998702, 407239, 127731, 577609, 150414, 38.7, 49.9, 1.00
A, 725413, 405256, 845233, 999204, 407350, 127767, 577698, 150489, 38.7, 49.9, 1.00
A, 725453, 405306, 845388, 999363, 407330, 127811, 577765, 150502, 38.7, 49.9, 1.00
A, 727513, 405677, 848110, 1001531, 407861, 128018, 578314, 150846, 38.7, 49.9, 1.00
A, 726825, 405738, 847561, 1000984, 407809, 127967, 578177, 150666, 38.7, 49.9, 1.01
A, 726263, 405607, 847077, 1000536, 407683, 127927, 578070, 150527, 38.7, 50.0, 1.00
A, 726297, 405609, 846914, 1000336, 407619, 127955, 578028, 150549, 38.7, 50.0, 1.00
A, 726182, 405702, 847167, 1000347, 407647, 127965, 578099, 150567, 38.7, 50.0, 1.01
A, 726083, 405610, 847077, 1000138, 407622, 127963, 578091, 150430, 38.7, 50.0, 1.00
A, 725748, 405717, 846706, 999697, 407629, 127869, 577999, 150351, 38.7, 50.0, 0.99
A, 725590, 405489, 846705, 999823, 407564, 127963, 577984, 150323, 38.7, 50.0, 1.00
A, 725685, 405536, 847083, 1000039, 407622, 128031, 578091, 150474, 38.7, 50.0, 1.00
A, 725890, 405524, 847378, 1000279, 407661, 128053, 578117, 150461, 38.7, 50.0, 1.00
A, 726048, 405543, 847634, 1000297, 407726, 128051, 578175, 150398, 38.7, 50.0, 1.00
A, 726016, 405582, 847587, 1000228, 407747, 128047, 578183, 150385, 38.7, 50.0, 1.00
A, 725890, 405544, 847726, 1000398, 407777, 128120, 578176, 150503, 38.7, 50.0, 1.00
A, 726070, 405597, 848207, 1000750, 407801, 128212, 578331, 150505, 38.7, 50.0, 1.01
A, 726069, 405610, 848341, 1000694, 407841, 128172, 578313, 150505, 38.7, 50.0, 0.99
A, 726368, 405668, 848855, 1001147, 407929, 128209, 578418, 150543, 38.7, 50.0, 1.00
A, 726343, 405702, 848753, 1000828, 407917, 128227, 578421, 150510, 38.7, 50.0, 1.01
A, 726290, 405654, 848764, 1000564, 407859, 128106, 578419, 150406, 38.7, 50.1, 1.00
A, 726282, 405669, 849166, 1001023, 407912, 128235, 578461, 150430, 38.7, 50.1, 0.99
A, 726154, 405700, 849141, 1001064, 407963, 128244, 578468, 150436, 38.7, 50.1, 1.01
A, 727414, 405892, 850797, 1002485, 408232, 128464, 578733, 150807, 38.7, 50.1, 1.00
A, 727654, 406097, 851282, 1002693, 408391, 128445, 578882, 150767, 38.7, 50.1, 1.00
A, 727404, 406127, 851095, 1002375, 408357, 128501, 578885, 150643, 38.7, 50.1, 1.00
A, 727014, 406033, 850795, 1002089, 408229, 128484, 578809, 150593, 38.7, 50.1, 1.00
A, 726900, 406046, 850894, 1001992, 408281, 128531, 578702, 150554, 38.7, 50.1, 1.00
A, 726802, 406011, 850798, 1001720, 408272, 128534, 578779, 150522, 38.6, 50.1, 0.99
A, 726557, 405912, 850698, 1001752, 408197, 128494, 578661, 150524, 38.6, 50.1, 1.01
A, 726500, 405978, 850663, 1001436, 408284, 128491, 578718, 150444, 38.6, 50.1, 0.99
A, 726283, 405863, 850678, 1001433, 408178, 128548, 578635, 150399, 38.6, 50.1, 1.00
A, 726397, 405871, 850766, 1001572, 408171, 128539, 578746, 150438, 38.6, 50.1, 1.00
A, 726353, 405854, 850884, 1001636, 408201, 128589, 578726, 150484, 38.6, 50.1, 1.01
A, 726398, 405837, 851086, 1001656, 408238, 128638, 578798, 150461, 38.6, 50.1, 1.00
A, 726739, 405906, 851612, 1001924, 408331, 128618, 578860, 150474, 38.6, 50.2, 1.01
A, 726906, 405965, 851728, 1001928, 408337, 128649, 578897, 150523, 38.6, 50.2, 0.99
A, 726677, 405860, 851765, 1001754, 408308, 128647, 578832, 150447, 38.6, 50.2, 1.00
A, 726740, 405933, 852053, 1002170, 408336, 128699, 578910, 150520, 38.6, 50.2, 1.00
A, 726756, 405940, 852047, 1002043, 408395, 128716, 578931, 150482, 38.6, 50.2, 1.00
A, 726764, 405924, 852126, 1001870, 408362, 128662, 578937, 150464, 38.6, 50.2, 1.01
A, 726605, 405902, 852031, 1001719, 408367, 128724, 578889, 150428, 38.6, 50.2, 1.00
A, 726297, 405792, 851888, 1001759, 408416, 128687, 578889, 150404, 38.6, 50.2, 1.00
M, 724377, 405582, 848208, 997254, 408052, 128202, 578315, 149376, 38.6, 50.2, 0.00
M, 714132, 403065, 834884, 985262, 405105, 127066, 574868, 147126, 38.6, 50.2, 0.59
M, 706391, 400632, 824150, 975391, 402702, 126021, 572131, 145481, 38.7, 50.2, 0.74
M, 700744, 398599, 815822, 967928, 400835, 125140, 570387, 144275, 38.7, 50.2, 0.84
M, 695878, 396811, 807852, 961369, 399328, 124337, 568917, 143186, 38.7, 50.1, 0.90
M, 692737, 395526, 801943, 956832, 398141, 123751, 568082, 142492, 38.7, 50.1, 0.93
M, 690854, 394590, 797325, 953686, 397554, 123237, 567677, 142071, 38.7, 50.0, 0.96
M, 689743, 393701, 792845, 950785, 396957, 122713, 567357, 141480, 38.7, 50.0, 0.98
M, 688896, 393027, 789295, 949057, 396624, 122333, 567260, 141217, 38.7, 49.9, 0.98
M, 688332, 392401, 786042, 947720, 396356, 122001, 567176, 140932, 38.7, 49.9, 0.98
M, 688915, 391915, 783692, 947353, 396382, 121744, 567507, 140810, 38.7, 49.8, 0.98
M, 689196, 391445, 782217, 947332, 396333, 121548, 567591, 140787, 38.7, 49.8, 1.00
M, 690241, 390945, 780163, 947651, 396551, 121254, 568142, 140702, 38.6, 49.7, 0.99
M, 690918, 390579, 779409, 948168, 396589, 121178, 568330, 140636, 38.6, 49.7, 1.00
M, 691911, 390262, 778831, 949422, 396890, 121117, 568877, 140723, 38.6, 49.7, 1.00
M, 693186, 390045, 778239, 950521, 397211, 121040, 569368, 140877, 38.6, 49.7, 1.00
M, 694347, 389822, 777635, 951548, 397513, 120936, 569919, 140957, 38.6, 49.7, 1.00
M, 695807, 389761, 777748, 953059, 397912, 120906, 570525, 141076, 38.6, 49.7, 1.00
M, 696954, 389621, 777441, 954556, 398388, 120940, 571130, 141120, 38.6, 49.7, 1.00
M, 698005, 389424, 777243, 955784, 398814, 120917, 571693, 141158, 38.6, 49.7, 1.00
M, 700326, 389474, 778644, 958604, 399389, 121037, 572485, 141545, 38.6, 49.7, 1.00
M, 701123, 389524, 778222, 959528, 399825, 120989, 573087, 141519, 38.6, 49.7, 1.00
M, 701653, 389427, 777466, 960171, 400015, 120990, 573477, 141565, 38.6, 49.7, 0.99
M, 702790, 389449, 777785, 961720, 400479, 120976, 574098, 141683, 38.6, 49.7, 1.00
M, 704163, 389579, 778151, 963253, 401044, 121045, 574791, 141803, 38.6, 49.7, 1.00
M, 704900, 389564, 778113, 964398, 401417, 121090, 575352, 141783, 38.6, 49.6, 1.00
M, 705787, 389635, 777986, 965442, 401807, 121054, 575853, 141898, 38.6, 49.6, 1.00
M, 706743, 389739, 778281, 966653, 402290, 121131, 576483, 141968, 38.6, 49.6, 1.00
M, 707734, 389917, 778334, 967943, 402792, 121118, 577068, 142077, 38.6, 49.6, 1.00
M, 708455, 389990, 778373, 968941, 403133, 121161, 577611, 142120, 38.6, 49.6, 1.00
M, 709428, 390105, 778889, 970422, 403596, 121163, 578147, 142218, 38.6, 49.6, 1.00
M, 710126, 390371, 778672, 971199, 404074, 121170, 578785, 142248, 38.6, 49.6, 1.00
M, 710576, 390314, 778660, 972115, 404321, 121215, 579099, 142315, 38.6, 49.6, 1.00
M, 711638, 390629, 778859, 973325, 404912, 121245, 579838, 142335, 38.6, 49.6, 1.01
M, 712271, 390740, 779077, 974106, 405182, 121296, 580156, 142403, 38.6, 49.6, 1.00
M, 713045, 391071, 779470, 975513, 405617, 121303, 580733, 142548, 38.6, 49.6, 1.00
M, 714034, 391273, 779822, 976704, 406087, 121430, 581304, 142595, 38.6, 49.6, 0.99
M, 714841, 391533, 780107, 977755, 406470, 121496, 581952, 142750, 38.6, 49.6, 0.99
M, 716022, 391890, 780928, 979428, 406964, 121566, 582568, 142879, 38.6, 49.6, 1.00
M, 717041, 392219, 781178, 980459, 407510, 121551, 583125, 142976, 38.6, 49.6, 1.00
M, 718732, 392694, 782729, 982654, 408114, 121685, 583923, 143212, 38.6, 49.6, 1.00
M, 719195, 393078, 782611, 983606, 408523, 121745, 584453, 143200, 38.6, 49.6, 1.00
M, 719454, 393413, 782244, 984101, 408778, 121728, 584792, 143160, 38.6, 49.6, 1.00
M, 720039, 393676, 782178, 984803, 409175, 121729, 585215, 143218, 38.6, 49.6, 1.01
M, 720500, 393964, 782154, 985415, 409421, 121827, 585625, 143284, 38.6, 49.7, 1.01
M, 720974, 394208, 782075, 986307, 409821, 121798, 586100, 143263, 38.6, 49.7, 1.00
M, 721581, 394452, 781942, 986956, 410125, 121867, 586459, 143335, 38.6, 49.7, 1.00
M, 721934, 394724, 781987, 987733, 410311, 121833, 586747, 143323, 38.6, 49.7, 1.00
M, 722718, 394963, 782268, 988728, 410679, 121875, 587179, 143378, 38.6, 49.7, 1.01
M, 723048, 395202, 782229, 989421, 410894, 121900, 587541, 143498, 38.6, 49.7, 1.00
M, 724161, 395599, 782798, 990430, 411320, 121950, 588040, 143491, 38.6, 49.7, 1.00
M, 724421, 395836, 782829, 991270, 411601, 122001, 588330, 143529, 38.6, 49.7, 1.00
M, 724799, 396185, 782739, 991880, 411924, 122068, 588777, 143561, 38.6, 49.7, 1.01
M, 725324, 396288, 782751, 992535, 412128, 122038, 589033, 143646, 38.6, 49.7, 1.00
M, 725826, 396619, 782866, 993303, 412543, 122059, 589516, 143643, 38.6, 49.7, 1.00
M, 726105, 396771, 782755, 993756, 412700, 122156, 589800, 143588, 38.6, 49.7, 1.00
M, 726837, 397065, 783271, 994734, 412987, 122122, 590098, 143715, 38.6, 49.7, 1.00
M, 727339, 397336, 783493, 995579, 413235, 122210, 590477, 143718, 38.6, 49.7, 1.00
M, 727806, 397456, 783745, 996433, 413539, 122252, 590845, 143825, 38.6, 49.7, 1.00
M, 728684, 397855, 784246, 997663, 413885, 122317, 591268, 143949, 38.6, 49.7, 1.00
M, 731046, 398448, 786831, 1000488, 414457, 122537, 592024, 144352, 38.6, 49.7, 1.00
M, 731285, 398837, 786750, 1000836, 414815, 122581, 592313, 144272, 38.6, 49.7, 1.00
M, 731473, 399045, 786788, 1001608, 415008, 122537, 592522, 144278, 38.6, 49.7, 1.01
M, 731829, 399279, 786769, 1001986, 415228, 122581, 592865, 144261, 38.6, 49.7, 1.00
M, 732422, 399567, 787189, 1002838, 415490, 122690, 593187, 144390, 38.6, 49.7, 1.00
M, 732832, 399849, 787427, 1003471, 415701, 122708, 593465, 144335, 38.6, 49.7, 1.00
M, 733234, 400135, 787558, 1003849, 415955, 122672, 593690, 144386, 38.6, 49.7, 1.01
M, 733378, 400275, 787573, 1004373, 416193, 122725, 593989, 144293, 38.6, 49.7, 0.99
M, 733611, 400530, 787601, 1004937, 416360, 122808, 594240, 144360, 38.6, 49.7, 1.00
M, 734131, 400837, 787861, 1005618, 416553, 122820, 594519, 144472, 38.6, 49.8, 0.99
M, 734318, 400971, 787882, 1005988, 416725, 122865, 594759, 144459, 38.6, 49.8, 1.00
M, 735095, 401316, 788318, 1006876, 417019, 122900, 595062, 144537, 38.6, 49.8, 1.00
M, 735068, 401434, 788430, 1007336, 417209, 122910, 595306, 144506, 38.6, 49.8, 1.00
M, 735451, 401736, 788553, 1007809, 417424, 122944, 595602, 144480, 38.6, 49.8, 1.01
M, 735634, 401744, 788572, 1008313, 417483, 122984, 595691, 144576, 38.6, 49.8, 1.00
M, 735935, 402086, 788703, 1008662, 417748, 123033, 596017, 144568, 38.6, 49.8, 1.00
M, 736112, 402140, 788783, 1008797, 417793, 122889, 596054, 144484, 38.6, 49.8, 1.01
M, 736548, 402347, 789367, 1009875, 418029, 123102, 596345, 144615, 38.6, 49.8, 1.00
M, 736869, 402473, 789568, 1010358, 418219, 123131, 596555, 144634, 38.6, 49.8, 1.00
M, 737043, 402604, 789689, 1010829, 418396, 123169, 596803, 144692, 38.6, 49.8, 1.00
M, 739159, 403039, 792193, 1013502, 418896, 123401, 597399, 145084, 38.6, 49.8, 0.99
M, 739289, 403368, 792245, 1013632, 419135, 123451, 597598, 145012, 38.6, 49.8, 1.00
M, 739140, 403466, 791929, 1013657, 419240, 123430, 597712, 144962, 38.6, 49.8, 1.00
M, 739398, 403655, 792479, 1014106, 419362, 123473, 597863, 144967, 38.6, 49.8, 1.01
M, 739347, 403691, 792446, 1014428, 419460, 123470, 597941, 144855, 38.6, 49.8, 0.99
M, 739470, 403772, 792653, 1014776, 419523, 123528, 598162, 144958, 38.6, 49.8, 1.00
M, 739588, 403976, 792693, 1015114, 419702, 123644, 598264, 144983, 38.6, 49.8, 1.00
M, 739851, 404151, 793053, 1015295, 419849, 123539, 598491, 144914, 38.6, 49.8, 0.99
M, 739503, 404121, 792881, 1015185, 419952, 123639, 598549, 144931, 38.6, 49.8, 1.00
M, 739595, 404170, 792969, 1015566, 419937, 123592, 598602, 144888, 38.6, 49.8, 0.99
M, 740012, 404369, 793434, 1016095, 420114, 123667, 598859, 144965, 38.6, 49.8, 0.99
M, 740062, 404367, 793631, 1016303, 420195, 123664, 599014, 145023, 38.6, 49.8, 1.00
M, 740466, 404632, 794038, 1016759, 420462, 123784, 599267, 145039, 38.6, 49.8, 0.99
M, 740461, 404642, 794265, 1016854, 420527, 123748, 599297, 144996, 38.6, 49.8, 1.01
M, 740385, 404803, 794214, 1017089, 420612, 123791, 599475, 144919, 38.5, 49.9, 1.00
M, 740327, 404755, 794291, 1017314, 420641, 123819, 599568, 144960, 38.5, 49.9, 1.00
M, 740745, 404918, 794764, 1017848, 420851, 123884, 599762, 145109, 38.5, 49.9, 1.00
M, 740988, 405019, 795133, 1018217, 421012, 123877, 599926, 145109, 38.5, 49.9, 1.00
M, 741219, 405183, 795515, 1018655, 421144, 123971, 600127, 145084, 38.5, 49.9, 1.00
M, 741228, 405233, 795483, 1018813, 421206, 123955, 600215, 145093, 38.6, 49.9, 1.00
M, 742320, 405346, 797086, 1020384, 421521, 124119, 600535, 145367, 38.6, 49.9, 1.00
M, 742730, 405687, 797695, 1020954, 421781, 124166, 600780, 145335, 38.6, 49.9, 1.00
M, 742465, 405683, 797506, 1020850, 421822, 124181, 600757, 145296, 38.6, 49.9, 1.00
M, 742744, 405910, 797872, 1021366, 421933, 124269, 600982, 145390, 38.5, 49.9, 1.00
M, 742726, 405937, 798149, 1021317, 421949, 124261, 601075, 145280, 38.5, 49.9, 1.00
M, 742585, 406017, 798051, 1021319, 422014, 124296, 601200, 145267, 38.5, 49.9, 1.00
M, 742238, 406019, 797693, 1021131, 421981, 124260, 601202, 145240, 38.5, 49.9, 1.00
M, 742500, 406055, 797942, 1021430, 422212, 124352, 601317, 145254, 38.5, 49.9, 1.00
M, 742555, 406109, 798177, 1021379, 422223, 124313, 601493, 145205, 38.5, 49.9, 1.00
M, 742461, 406152, 798053, 1021436, 422332, 124312, 601566, 145253, 38.5, 49.9, 1.00
M, 742377, 406153, 798285, 1021545, 422382, 124305, 601583, 145195, 38.5, 49.9, 0.99
M, 742657, 406231, 798860, 1022142, 422447, 124417, 601766, 145213, 38.5, 49.9, 0.98
M, 742640, 406268, 798950, 1022315, 422553, 124465, 601851, 145342, 38.5, 49.9, 1.01
M, 743080, 406460, 799268, 1022542, 422730, 124485, 602064, 145354, 38.5, 49.9, 0.99
M, 742894, 406425, 799228, 1022438, 422740, 124458, 602092, 145297, 38.5, 49.9, 1.00
M, 742594, 406448, 799037, 1022287, 422771, 124536, 602195, 145232, 38.5, 49.9, 1.01
M, 742525, 406332, 799217, 1022552, 422773, 124422, 602184, 145278, 38.5, 49.9, 1.00
M, 743007, 406470, 799787, 1023122, 422924, 124521, 602290, 145345, 38.5, 49.9, 0.99
M, 743168, 406532, 800124, 1023402, 423023, 124585, 602456, 145361, 38.5, 50.0, 1.00
M, 743261, 406601, 800248, 1023411, 423123, 124519, 602593, 145306, 38.5, 50.0, 1.00
M, 744773, 406829, 802054, 1025333, 423445, 124768, 603075, 145694, 38.5, 50.0, 1.01
M, 744866, 407099, 802609, 1025679, 423618, 124815, 603216, 145591, 38.5, 50.0, 0.99
M, 744607, 407164, 802372, 1025633, 423616, 124793, 603225, 145552, 38.5, 50.0, 1.00
M, 744557, 407174, 802521, 1025664, 423711, 124913, 603272, 145656, 38.5, 50.0, 1.00
M, 744666, 407151, 802584, 1025732, 423775, 124919, 603377, 145632, 38.5, 50.0, 0.99
M, 744834, 407225, 803098, 1026016, 423912, 124898, 603463, 145601, 38.5, 50.0, 1.00
M, 744675, 407309, 802909, 1025841, 423878, 124933, 603491, 145584, 38.5, 50.0, 0.99
M, 744753, 407341, 803319, 1026139, 423989, 124973, 603620, 145579, 38.5, 50.0, 1.00
M, 744700, 407333, 803400, 1026293, 424065, 124967, 603672, 145587, 38.5, 50.0, 1.01
M, 744637, 407428, 803517, 1026253, 424136, 125103, 603747, 145681, 38.5, 50.0, 1.00
M, 744570, 407412, 803508, 1026412, 424156, 125016, 603876, 145658, 38.5, 50.0, 1.00
M, 744716, 407509, 803909, 1026522, 424259, 125041, 603903, 145562, 38.5, 50.0, 1.00
M, 744660, 407485, 804080, 1026501, 424219, 125116, 603972, 145560, 38.5, 50.0, 0.98
M, 744773, 407521, 804269, 1026915, 424315, 125114, 604064, 145598, 38.5, 50.0, 1.00
M, 744676, 407547, 804259, 1026615, 424396, 125095, 604122, 145532, 38.5, 50.0, 1.00
M, 744648, 407500, 804312, 1026787, 424407, 125081, 604128, 145611, 38.5, 50.0, 1.00
M, 744633, 407613, 804403, 1026770, 424455, 125119, 604284, 145526, 38.5, 50.1, 1.01
M, 744727, 407569, 804537, 1026803, 424530, 125105, 604279, 145573, 38.5, 50.1, 1.00
M, 744930, 407604, 805132, 1027407, 424596, 125233, 604435, 145642, 38.5, 50.1, 1.00
M, 745073, 407613, 805374, 1027659, 424735, 125290, 604582, 145666, 38.5, 50.1, 1.00
M, 746412, 407952, 807284, 1029544, 425009, 125461, 604958, 146049, 38.5, 50.1, 1.00
M, 746820, 408136, 807715, 1029810, 425214, 125479, 605121, 145985, 38.5, 50.1, 1.00
M, 746663, 408194, 807811, 1029597, 425334, 125480, 605159, 145958, 38.5, 50.1, 1.00
M, 746385, 408191, 807567, 1029463, 425151, 125478, 605108, 145855, 38.5, 50.1, 1.00
M, 746187, 408110, 807607, 1029178, 425155, 125516, 605127, 145834, 38.5, 50.1, 1.01
M, 746402, 408169, 808010, 1029624, 425278, 125580, 605199, 145847, 38.5, 50.1, 1.00
M, 746265, 408188, 807925, 1029408, 425376, 125507, 605264, 145821, 38.5, 50.1, 1.00
M, 746166, 408174, 807785, 1029129, 425330, 125480, 605234, 145739, 38.5, 50.1, 0.99
M, 746109, 408164, 808114, 1029549, 425360, 125563, 605291, 145799, 38.5, 50.1, 1.00
M, 746024, 408171, 808212, 1029481, 425350, 125560, 605344, 145765, 38.5, 50.1, 1.00
M, 745916, 408203, 808293, 1029532, 425432, 125650, 605401, 145834, 38.5, 50.1, 0.99
M, 746260, 408263, 808702, 1029853, 425434, 125643, 605571, 145868, 38.5, 50.1, 1.01
M, 746388, 408211, 809128, 1029876, 425566, 125639, 605633, 145849, 38.5, 50.1, 0.99
M, 746194, 408241, 808964, 1029812, 425544, 125677, 605671, 145816, 38.5, 50.1, 1.00
M, 746201, 408257, 809137, 1029855, 425534, 125716, 605656, 145829, 38.5, 50.1, 1.00
M, 746152, 408310, 809256, 1029856, 425632, 125736, 605798, 145838, 38.5, 50.1, 1.00
M, 746065, 408256, 809395, 1030018, 425663, 125760, 605818, 145847, 38.5, 50.1, 0.99
M, 746065, 408345, 809536, 1029971, 425778, 125741, 605842, 145789, 38.5, 50.1, 1.00
M, 745983, 408236, 809594, 1029956, 425670, 125733, 605851, 145827, 38.5, 50.1, 1.00
M, 746242, 408340, 809944, 1030396, 425849, 125845, 606018, 145951, 38.5, 50.1, 1.00
M, 747773, 408532, 812132, 1032457, 426131, 126079, 606380, 146273, 38.5, 50.2, 0.99
M, 748051, 408774, 812574, 1032589, 426309, 126027, 606532, 146228, 38.5, 50.2, 1.00
M, 747806, 408805, 812521, 1032543, 426298, 126063, 606543, 146168, 38.5, 50.2, 1.01
M, 747961, 408845, 812845, 1032584, 426380, 126037, 606635, 146121, 38.5, 50.2, 1.00
M, 747661, 408770, 812599, 1032137, 426309, 126003, 606557, 146110, 38.5, 50.2, 1.00
M, 747631, 408768, 812796, 1032432, 426362, 126112, 606588, 146059, 38.5, 50.2, 1.00
M, 747408, 408742, 812670, 1032228, 426336, 126055, 606613, 146041, 38.5, 50.2, 1.01
M, 747490, 408831, 812916, 1032291, 426404, 126108, 606635, 146104, 38.5, 50.2, 1.00
M, 747549, 408893, 813162, 1032355, 426419, 126165, 606738, 146109, 38.5, 50.2, 0.99
M, 747569, 408844, 813508, 1032544, 426479, 126183, 606789, 146046, 38.5, 50.2, 1.00
M, 747209, 408762, 813192, 1032200, 426392, 126126, 606718, 145993, 38.5, 50.3, 1.00
M, 747139, 408739, 813360, 1032128, 426490, 126175, 606723, 146031, 38.5, 50.3, 1.00
M, 747365, 408833, 813779, 1032597, 426527, 126253, 606856, 146097, 38.5, 50.3, 1.00
M, 747475, 408782, 813752, 1032262, 426571, 126226, 606920, 146072, 38.5, 50.3, 1.00
M, 747281, 408790, 813680, 1032092, 426566, 126141, 606855, 146031, 38.5, 50.3, 1.01
M, 747442, 408830, 814278, 1032654, 426642, 126346, 607001, 146064, 38.5, 50.3, 1.01
M, 746882, 408824, 813740, 1031980, 426595, 126263, 606983, 145994, 38.5, 50.3, 0.99
M, 746917, 408691, 813927, 1032176, 426538, 126271, 606925, 146021, 38.5, 50.3, 1.00
M, 746877, 408730, 814100, 1032089, 426598, 126213, 606995, 145946, 38.5, 50.3, 1.01
M, 746831, 408632, 814102, 1031912, 426606, 126226, 606969, 145931, 38.5, 50.3, 1.00
M, 748436, 408835, 816287, 1034155, 426881, 126431, 607381, 146353, 38.5, 50.3, 1.00
M, 748473, 409043, 816438, 1034099, 427032, 126500, 607506, 146284, 38.5, 50.3, 1.01
M, 748349, 408997, 816533, 1034004, 427016, 126517, 607493, 146270, 38.5, 50.3, 1.00
M, 748499, 409058, 816905, 1034357, 427053, 126548, 607514, 146289, 38.5, 50.3, 1.00
M, 748479, 409012, 817084, 1034120, 427087, 126570, 607614, 146188, 38.5, 50.3, 0.99
M, 748294, 409100, 817103, 1034047, 427024, 126520, 607555, 146184, 38.5, 50.3, 1.01
M, 747892, 408986, 816787, 1033789, 427018, 126553, 607449, 146188, 38.5, 50.3, 1.00
M, 747994, 409007, 817111, 1033994, 427100, 126563, 607547, 146172, 38.5, 50.3, 1.00
M, 748092, 409020, 817206, 1034078, 427097, 126603, 607664, 146194, 38.5, 50.3, 1.00
M, 748356, 409020, 817785, 1034383, 427270, 126697, 607743, 146274, 38.5, 50.3, 1.00
M, 747130, 409033, 816719, 1033262, 427174, 126543, 607644, 146121, 38.5, 50.3, 1.00
M, 747357, 408880, 816920, 1033156, 427022, 126563, 607635, 146080, 38.5, 50.4, 1.00
M, 746458, 408711, 816014, 1032421, 426854, 126515, 607400, 146008, 38.5, 50.4, 1.00
M, 747080, 408769, 816795, 1033111, 427016, 126600, 607611, 146050, 38.5, 50.4, 1.01
M, 747435, 408839, 817364, 1033289, 427173, 126594, 607763, 146075, 38.5, 50.4, 1.01
M, 747499, 408786, 817430, 1033314, 427164, 126651, 607783, 146134, 38.5, 50.4, 1.00
M, 747470, 408719, 817551, 1033570, 427228, 126682, 607827, 146086, 38.5, 50.4, 0.99
M, 747678, 408860, 817816, 1033500, 427349, 126696, 607936, 146189, 38.5, 50.4, 1.00
M, 747601, 408739, 818071, 1033708, 427242, 126682, 607919, 146167, 38.5, 50.4, 1.00
M, 747603, 408918, 818278, 1033826, 427401, 126706, 608033, 146208, 38.5, 50.4, 1.01
M, 748826, 408934, 819723, 1035102, 427549, 126849, 608216, 146411, 38.5, 50.4, 1.00
M, 748882, 409085, 820196, 1035453, 427688, 126866, 608386, 146369, 38.5, 50.4, 1.00
M, 748918, 409135, 820400, 1035607, 427702, 126892, 608404, 146367, 38.5, 50.4, 1.00
M, 748859, 409127, 820332, 1035527, 427709, 126907, 608378, 146414, 38.5, 50.4, 0.99
M, 749187, 409212, 820943, 1035929, 427781, 126994, 608512, 146471, 38.5, 50.4, 1.01
M, 749268, 409202, 821162, 1035811, 427832, 126972, 608579, 146395, 38.5, 50.4, 1.00
M, 748971, 409249, 821112, 1035683, 427824, 126964, 608548, 146406, 38.5, 50.4, 1.01
M, 749160, 409308, 821315, 1035828, 427904, 127044, 608569, 146452, 38.5, 50.4, 1.00
M, 749006, 409230, 821519, 1035835, 427913, 127086, 608611, 146476, 38.5, 50.4, 1.01
M, 749204, 409304, 821879, 1036176, 427985, 127100, 608709, 146539, 38.5, 50.4, 1.01
M, 749150, 409328, 822084, 1036227, 428039, 127117, 608695, 146517, 38.5, 50.4, 0.99
M, 749502, 409383, 822655, 1036428, 428140, 127099, 608827, 146444, 38.5, 50.4, 1.00
M, 749314, 409359, 822619, 1036219, 428064, 127082, 608833, 146436, 38.5, 50.4, 0.99
M, 748981, 409290, 822278, 1036081, 428049, 127165, 608794, 146427, 38.5, 50.4, 1.00
M, 749151, 409388, 822804, 1036348, 428078, 127165, 608865, 146457, 38.5, 50.4, 1.01
M, 749226, 409320, 822953, 1036398, 428115, 127208, 608868, 146476, 38.5, 50.4, 1.00
M, 749500, 409472, 823305, 1036472, 428227, 127278, 609016, 146434, 38.5, 50.4, 1.00
M, 749326, 409367, 823275, 1036287, 428091, 127160, 608939, 146394, 38.5, 50.4, 1.00
M, 749075, 409464, 823269, 1036189, 428235, 127206, 608961, 146422, 38.5, 50.4, 1.01
M, 748906, 409365, 823384, 1036119, 428091, 127209, 608874, 146382, 38.5, 50.4, 1.00
M, 750561, 409533, 825523, 1038267, 428471, 127475, 609267, 146835, 38.5, 50.4, 1.00
M, 750643, 409754, 825697, 1038178, 428512, 127404, 609331, 146742, 38.5, 50.4, 0.99
M, 750547, 409798, 825885, 1038075, 428543, 127441, 609361, 146687, 38.5, 50.4, 0.99
M, 749949, 409675, 825312, 1037305, 428464, 127376, 609254, 146541, 38.5, 50.4, 1.00
M, 749917, 409695, 825452, 1037388, 428554, 127400, 609269, 146621, 38.5, 50.4, 0.99
M, 749657, 409559, 825472, 1037026, 428360, 127490, 609254, 146545, 38.5, 50.5, 1.00
M, 749770, 409660, 825732, 1037343, 428486, 127489, 609345, 146585, 38.5, 50.5, 1.00
M, 749750, 409621, 825876, 1037424, 428505, 127512, 609376, 146628, 38.5, 50.5, 0.99
M, 750124, 409683, 826440, 1037674, 428637, 127489, 609440, 146587, 38.5, 50.5, 1.00
M, 749731, 409547, 826239, 1037317, 428568, 127465, 609379, 146583, 38.5, 50.5, 1.00
M, 749662, 409614, 826362, 1037502, 428560, 127576, 609449, 146595, 38.5, 50.5, 1.00
M, 749721, 409608, 826577, 1037517, 428591, 127553, 609441, 146657, 38.5, 50.5, 1.00
M, 749698, 409623, 826763, 1037528, 428623, 127583, 609446, 146578, 38.5, 50.5, 0.99
M, 750013, 409605, 827183, 1037666, 428639, 127664, 609583, 146651, 38.5, 50.5, 1.00
M, 749755, 409621, 827085, 1037536, 428594, 127566, 609494, 146612, 38.5, 50.5, 0.99
M, 749854, 409574, 827446, 1037557, 428710, 127683, 609583, 146620, 38.5, 50.5, 1.00
M, 749682, 409567, 827479, 1037596, 428592, 127626, 609531, 146584, 38.5, 50.5, 1.00
M, 749631, 409565, 827558, 1037486, 428685, 127657, 609577, 146550, 38.5, 50.5, 1.00
M, 749612, 409550, 827587, 1037207, 428616, 127637, 609526, 146537, 38.5, 50.5, 1.00
M, 749173, 409490, 827315, 1036885, 428615, 127611, 609510, 146490, 38.5, 50.5, 1.00
A, 755476, 410146, 835338, 1044851, 429715, 128469, 610944, 148196, 38.5, 50.5, 0.05
A, 766452, 413127, 850956, 1059963, 432658, 129920, 613793, 150694, 38.5, 50.5, 0.62
A, 773176, 415258, 860334, 1068679, 434249, 130920, 615271, 152058, 38.5, 50.5, 0.76
A, 778887, 417480, 869128, 1076339, 435795, 131747, 616693, 153220, 38.5, 50.5, 0.88
A, 781756, 418728, 874156, 1080429, 436523, 132426, 617267, 153765, 38.5, 50.5, 0.88
A, 784463, 420117, 879264, 1084529, 437283, 133114, 618039, 154381, 38.5, 50.5, 0.95
A, 786190, 421511, 883409, 1087198, 437855, 133529, 618507, 154675, 38.5, 50.5, 0.96
A, 787479, 422701, 887205, 1089185, 438356, 134072, 618888, 154907, 38.5, 50.5, 0.98
A, 787986, 423764, 889770, 1090168, 438599, 134387, 618770, 155079, 38.5, 50.5, 0.98
A, 787950, 424437, 891867, 1090833, 438626, 134738, 618793, 155191, 38.5, 50.5, 0.99
A, 787632, 425151, 893742, 1091098, 438687, 135042, 618623, 155189, 38.5, 50.6, 1.00
A, 787373, 425732, 895312, 1090883, 438585, 135220, 618285, 155226, 38.5, 50.6, 0.98
A, 787107, 426350, 897065, 1090841, 438521, 135454, 618130, 155334, 38.5, 50.6, 1.00
A, 786205, 426889, 898190, 1090009, 438207, 135679, 617686, 155232, 38.5, 50.6, 1.00
A, 784964, 427119, 898657, 1088597, 437887, 135731, 617059, 155052, 38.5, 50.6, 1.00
A, 784110, 427462, 899681, 1088180, 437525, 135910, 616711, 154993, 38.5, 50.6, 1.00
A, 782986, 427616, 900328, 1087022, 437290, 136103, 616169, 155012, 38.5, 50.6, 1.00
A, 781961, 427734, 900898, 1085949, 436940, 136129, 615733, 155026, 38.5, 50.6, 1.00
A, 781197, 427965, 901929, 1085072, 436629, 136301, 615242, 154967, 38.5, 50.6, 0.99
A, 779951, 428010, 902425, 1083729, 436176, 136334, 614718, 154849, 38.5, 50.6, 1.00
A, 780193, 428208, 904617, 1084166, 436056, 136622, 614435, 155085, 38.5, 50.6, 1.00
A, 779227, 428399, 905091, 1082961, 435669, 136669, 613953, 154950, 38.5, 50.6, 1.00
A, 777386, 428230, 904660, 1080817, 435183, 136629, 613189, 154793, 38.5, 50.7, 1.00
A, 776173, 428018, 904494, 1079495, 434710, 136596, 612691, 154711, 38.5, 50.7, 1.00
A, 774539, 427972, 904596, 1077406, 434174, 136614, 611920, 154465, 38.5, 50.7, 1.00
A, 773488, 427604, 904481, 1076213, 433756, 136624, 611436, 154343, 38.5, 50.7, 0.99
A, 772377, 427350, 904673, 1075089, 433372, 136681, 610992, 154314, 38.5, 50.7, 1.00
A, 771252, 427177, 904749, 1073762, 432903, 136707, 610440, 154263, 38.5, 50.7, 1.00
A, 770469, 427055, 904951, 1072622, 432540, 136701, 609974, 154167, 38.5, 50.7, 1.00
A, 769742, 426872, 905558, 1071691, 432233, 136746, 609510, 154207, 38.5, 50.7, 1.00
A, 768736, 426497, 905547, 1070145, 431781, 136701, 608956, 154066, 38.5, 50.7, 1.00
A, 767682, 426296, 905583, 1068862, 431352, 136737, 608469, 153981, 38.5, 50.7, 1.00
A, 766890, 426084, 905839, 1068027, 431057, 136726, 608035, 153951, 38.5, 50.7, 1.00
A, 765985, 425748, 905946, 1066958, 430623, 136703, 607640, 153908, 38.5, 50.7, 1.00
A, 765076, 425511, 905911, 1065427, 430255, 136648, 607118, 153777, 38.5, 50.7, 1.00
A, 764026, 425002, 905628, 1064093, 429829, 136671, 606641, 153677, 38.5, 50.8, 1.00
A, 763062, 424746, 905460, 1063126, 429494, 136635, 606185, 153620, 38.5, 50.8, 1.00
A, 762406, 424465, 905874, 1062315, 429125, 136642, 605833, 153636, 38.5, 50.8, 1.01
A, 761710, 424227, 905906, 1061282, 428858, 136722, 605445, 153495, 38.5, 50.8, 0.99
A, 761240, 423965, 906329, 1060658, 428595, 136657, 605123, 153516, 38.5, 50.8, 1.00
A, 762274, 423899, 908603, 1061509, 428619, 136839, 605131, 153857, 38.5, 50.8, 1.00
A, 761278, 423765, 908273, 1060089, 428363, 136827, 604707, 153648, 38.5, 50.8, 1.00
A, 760499, 423551, 908434, 1059535, 428037, 136870, 604388, 153680, 38.5, 50.8, 1.00
A, 759127, 423067, 907548, 1057604, 427554, 136748, 603869, 153486, 38.5, 50.8, 1.00
A, 758427, 422783, 907369, 1056674, 427316, 136698, 603507, 153407, 38.5, 50.8, 0.99
A, 757455, 422315, 907212, 1055297, 426923, 136648, 603024, 153212, 38.5, 50.8, 1.00
A, 756812, 422062, 906997, 1054411, 426534, 136601, 602701, 153128, 38.5, 50.8, 1.00
A, 756426, 421699, 907322, 1053853, 426338, 136622, 602457, 153157, 38.5, 50.8, 1.00
A, 755954, 421433, 907458, 1053128, 426132, 136646, 602114, 153165, 38.5, 50.8, 1.00
A, 755355, 421145, 907373, 1052418, 425849, 136592, 601808, 153151, 38.5, 50.8, 1.00
A, 755169, 420944, 907897, 1052036, 425696, 136669, 601670, 153190, 38.5, 50.9, 1.00
A, 754628, 420607, 908025, 1051172, 425489, 136558, 601309, 153059, 38.5, 50.9, 1.00
A, 754058, 420393, 907868, 1050279, 425185, 136562, 600983, 152956, 38.5, 50.9, 0.99
A, 753621, 420100, 907942, 1049868, 424984, 136551, 600776, 153005, 38.5, 50.9, 0.99
A, 753262, 419895, 908050, 1049108, 424802, 136583, 600507, 152986, 38.5, 50.9, 1.00
A, 752535, 419532, 907800, 1048232, 424499, 136533, 600197, 152906, 38.5, 50.9, 1.00
A, 752556, 419454, 908493, 1048216, 424397, 136579, 600047, 152911, 38.5, 50.9, 1.00
A, 752202, 419157, 908534, 1047466, 424111, 136521, 599818, 152885, 38.5, 50.9, 1.00
A, 751722, 418915, 908724, 1046787, 423994, 136484, 599573, 152839, 38.5, 50.9, 1.00
A, 751210, 418641, 908491, 1046134, 423810, 136524, 599265, 152847, 38.5, 50.9, 0.99
A, 752478, 418601, 910910, 1047929, 423945, 136695, 599481, 153246, 38.5, 50.9, 1.00
A, 752089, 418549, 910739, 1046662, 423819, 136684, 599250, 153013, 38.5, 50.9, 1.00
A, 751204, 418255, 910229, 1045623, 423483, 136589, 598933, 152898, 38.5, 50.9, 1.00
A, 750456, 417947, 909896, 1044889, 423252, 136515, 598612, 152768, 38.5, 50.9, 1.00
A, 749894, 417760, 909767, 1043713, 423098, 136561, 598367, 152683, 38.5, 50.9, 1.00
A, 749522, 417533, 909647, 1043439, 422849, 136504, 598075, 152681, 38.5, 50.9, 1.00
A, 748675, 417256, 909239, 1042404, 422639, 136482, 597846, 152594, 38.5, 50.9, 1.00
A, 748449, 416960, 909088, 1041721, 422443, 136379, 597589, 152534, 38.5, 50.9, 1.00
A, 748287, 416768, 909588, 1041803, 422332, 136381, 597457, 152572, 38.5, 50.9, 1.00
A, 748114, 416463, 909851, 1041322, 422192, 136420, 597320, 152548, 38.5, 51.0, 1.00
A, 747378, 416234, 909236, 1040368, 422061, 136385, 597051, 152522, 38.5, 51.0, 1.00
A, 747549, 416103, 909834, 1040338, 421848, 136397, 596892, 152597, 38.5, 51.0, 1.00
A, 747366, 415864, 910117, 1040010, 421805, 136398, 596837, 152542, 38.5, 51.0, 1.00
A, 746814, 415657, 909827, 1039280, 421624, 136362, 596593, 152455, 38.5, 51.0, 1.00
A, 746771, 415524, 910184, 1039100, 421451, 136331, 596478, 152460, 38.5, 51.0, 1.00
A, 746577, 415388, 910398, 1038822, 421365, 136375, 596283, 152445, 38.5, 51.0, 1.01
A, 746341, 415177, 910470, 1038512, 421263, 136258, 596182, 152481, 38.5, 51.0, 1.00
A, 746281, 415137, 910824, 1038517, 421221, 136382, 596041, 152522, 38.5, 51.0, 0.99
A, 746326, 415004, 911199, 1038131, 421141, 136365, 595936, 152443, 38.5, 51.0, 1.00
A, 745909, 414805, 911205, 1037620, 420955, 136341, 595758, 152459, 38.5, 51.0, 1.00
A, 746910, 414837, 913000, 1039002, 421014, 136425, 595835, 152730, 38.5, 51.0, 1.00
A, 747065, 414929, 913368, 1038730, 421098, 136542, 595838, 152699, 38.5, 51.0, 1.00
A, 746567, 414807, 913340, 1038287, 420922, 136448, 595661, 152687, 38.5, 51.0, 1.00
A, 746421, 414687, 913461, 1037746, 420812, 136488, 595454, 152624, 38.5, 51.0, 1.00
A, 745942, 414489, 913337, 1037085, 420632, 136389, 595293, 152501, 38.5, 51.0, 1.00
A, 745235, 414358, 912812, 1036151, 420466, 136394, 595092, 152404, 38.5, 51.0, 1.00
A, 744939, 414101, 912685, 1035870, 420273, 136363, 594923, 152442, 38.5, 51.0, 1.00
A, 744383, 413952, 912427, 1034813, 420192, 136333, 594732, 152330, 38.5, 51.0, 1.00
A, 744054, 413676, 912209, 1034376, 419965, 136291, 594552, 152277, 38.5, 51.0, 1.00
A, 743929, 413507, 912464, 1034455, 419910, 136311, 594390, 152346, 38.5, 51.0, 1.00
A, 743771, 413422, 912501, 1034140, 419809, 136300, 594289, 152305, 38.5, 51.0, 1.01
A, 743532, 413281, 912601, 1033693, 419698, 136320, 594113, 152296, 38.5, 51.0, 1.00
A, 743710, 413207, 913089, 1033870, 419684, 136302, 594077, 152308, 38.5, 51.0, 0.99
A, 743464, 413149, 912974, 1033212, 419553, 136277, 593944, 152288, 38.5, 51.0, 1.00
A, 743191, 412929, 912766, 1032657, 419437, 136191, 593839, 152228, 38.5, 51.0, 1.01
A, 743076, 412856, 913280, 1032867, 419337, 136272, 593742, 152259, 38.5, 51.0, 1.00
A, 742773, 412654, 913228, 1032439, 419192, 136276, 593577, 152211, 38.5, 51.1, 1.00
A, 742494, 412573, 913058, 1032049, 419123, 136266, 593455, 152265, 38.5, 51.1, 1.00
A, 742744, 412565, 913600, 1032169, 419125, 136219, 593423, 152362, 38.5, 51.1, 1.00
A, 742687, 412422, 913811, 1031756, 419095, 136254, 593315, 152230, 38.5, 51.1, 1.00
A, 743686, 412471, 915557, 1033281, 419252, 136468, 593507, 152529, 38.5, 51.1, 1.00
A, 743606, 412538, 915866, 1032976, 419265, 136410, 593495, 152469, 38.5, 51.1, 1.00
A, 743144, 412490, 915614, 1032499, 419048, 136353, 593261, 152383, 38.5, 51.1, 1.00
A, 742622, 412274, 915124, 1031834, 418867, 136324, 593116, 152299, 38.5, 51.1, 1.00
A, 742550, 412263, 915147, 1031235, 418870, 136292, 592988, 152265, 38.5, 51.1, 1.00
A, 742101, 411955, 914947, 1030822, 418684, 136242, 592708, 152174, 38.5, 51.1, 1.00
A, 741485, 411885, 914410, 1030154, 418606, 136187, 592626, 152086, 38.5, 51.1, 1.00
A, 741278, 411663, 914495, 1029892, 418333, 136204, 592511, 152094, 38.5, 51.1, 1.00
A, 741390, 411650, 914872, 1029942, 418392, 136220, 592421, 152160, 38.5, 51.1, 1.00
A, 741350, 411518, 915063, 1029717, 418323, 136273, 592381, 152177, 38.5, 51.1, 1.00
A, 741188, 411461, 915161, 1029312, 418257, 136172, 592213, 152108, 38.5, 51.1, 1.00
A, 741009, 411340, 914774, 1028804, 418139, 136132, 592095, 152115, 38.5, 51.1, 1.00
A, 740627, 411185, 914969, 1028781, 417986, 136105, 592033, 152040, 38.5, 51.1, 1.00
A, 740704, 411123, 915279, 1028807, 418024, 136143, 591942, 152061, 38.5, 51.1, 1.00
A, 740426, 411010, 915218, 1028437, 417917, 136157, 591895, 152114, 38.5, 51.1, 1.00
A, 740723, 411031, 915639, 1028532, 417921, 136130, 591879, 152147, 38.5, 51.1, 1.00
A, 740601, 411000, 915855, 1028284, 417885, 136201, 591805, 152061, 38.5, 51.1, 1.00
A, 740288, 410796, 915507, 1027822, 417804, 136085, 591626, 152032, 38.5, 51.1, 1.00
A, 740047, 410705, 915620, 1027593, 417651, 136091, 591592, 152072, 38.5, 51.1, 1.00
A, 740231, 410681, 916082, 1027854, 417643, 136080, 591534, 152067, 38.5, 51.1, 1.00
A, 741502, 410808, 918185, 1029410, 417886, 136311, 591813, 152467, 38.5, 51.1, 1.00
A, 741473, 411010, 918310, 1029348, 417986, 136252, 591841, 152420, 38.5, 51.1, 1.00
A, 741233, 410856, 918229, 1028775, 417872, 136269, 591614, 152234, 38.5, 51.1, 1.00
A, 740648, 410722, 917771, 1028117, 417722, 136233, 591412, 152154, 38.5, 51.2, 1.00
A, 740211, 410548, 917321, 1027632, 417527, 136184, 591291, 152165, 38.5, 51.2, 1.00
A, 740040, 410541, 917262, 1027045, 417516, 136120, 591217, 152077, 38.5, 51.2, 1.00
A, 739626, 410329, 917016, 1026534, 417303, 136092, 591039, 152019, 38.5, 51.2, 1.00
A, 739199, 410293, 916587, 1025896, 417211, 136063, 590911, 152003, 38.5, 51.2, 1.00
A, 739016, 410027, 916588, 1025719, 417050, 136001, 590731, 151928, 38.5, 51.2, 0.99
A, 739066, 410047, 916968, 1026009, 417068, 135976, 590706, 151981, 38.5, 51.2, 1.00
A, 738975, 409959, 917066, 1025767, 417008, 135980, 590660, 151914, 38.5, 51.2, 1.00
A, 738661, 409811, 916615, 1024848, 416903, 135964, 590529, 151862, 38.5, 51.2, 1.00
A, 738405, 409738, 916340, 1024706, 416815, 135928, 590472, 151903, 38.5, 51.2, 1.00
A, 738643, 409743, 917168, 1025124, 416849, 136013, 590498, 151893, 38.5, 51.2, 1.00
A, 738439, 409606, 917027, 1024873, 416739, 135925, 590395, 151884, 38.5, 51.2, 1.00
A, 738552, 409586, 917287, 1024721, 416813, 135940, 590402, 151932, 38.5, 51.2, 1.00
A, 738462, 409513, 917435, 1024838, 416729, 135987, 590280, 151912, 38.5, 51.2, 1.00
A, 738302, 409498, 917382, 1024422, 416689, 135906, 590286, 151990, 38.5, 51.2, 1.00
A, 738260, 409286, 917296, 1024106, 416635, 135907, 590089, 151811, 38.5, 51.2, 1.00
A, 738055, 409282, 917388, 1024084, 416536, 135824, 590098, 151853, 38.5, 51.2, 1.00
A, 739934, 409509, 920236, 1026532, 416934, 136179, 590494, 152309, 38.5, 51.2, 1.00
A, 739635, 409557, 920062, 1025997, 416930, 136100, 590460, 152256, 38.5, 51.2, 1.00
A, 739585, 409598, 920082, 1025919, 416901, 136122, 590361, 152239, 38.5, 51.2, 1.00
A, 739226, 409491, 920058, 1025347, 416743, 136009, 590258, 152143, 38.5, 51.2, 1.01
A, 738762, 409323, 919537, 1024750, 416671, 136049, 590121, 152002, 38.5, 51.2, 1.00
A, 738514, 409238, 919266, 1024285, 416531, 135943, 589941, 151971, 38.5, 51.2, 1.00
A, 737981, 409188, 918905, 1023730, 416452, 135922, 589865, 151842, 38.5, 51.2, 1.00
A, 737736, 409029, 918811, 1023509, 416226, 135887, 589637, 151888, 38.5, 51.2, 1.00
A, 737663, 409013, 918774, 1022977, 416335, 135896, 589648, 151802, 38.5, 51.2, 0.99
A, 737309, 408820, 918587, 1022815, 416128, 135835, 589543, 151788, 38.5, 51.2, 1.00
A, 737385, 408873, 918732, 1022966, 416161, 135837, 589548, 151804, 38.5, 51.2, 1.00
A, 737309, 408832, 918895, 1022864, 416091, 135846, 589531, 151830, 38.5, 51.2, 1.00
A, 737328, 408696, 919103, 1022617, 416064, 135870, 589432, 151821, 38.5, 51.2, 1.00
A, 737559, 408784, 919570, 1023065, 416112, 135896, 589480, 151949, 38.5, 51.2, 1.00
A, 737497, 408735, 919706, 1022793, 416085, 135857, 589449, 151904, 38.5, 51.2, 1.00
A, 737417, 408622, 919459, 1022428, 416034, 135725, 589335, 151761, 38.5, 51.2, 1.00
A, 737433, 408665, 919916, 1022782, 415985, 135871, 589345, 151840, 38.5, 51.2, 1.00
A, 737282, 408509, 919840, 1022489, 415948, 135916, 589314, 151930, 38.4, 51.3, 1.00
A, 737128, 408567, 919765, 1022307, 415907, 135855, 589222, 151937, 38.4, 51.3, 1.00
A, 737369, 408519, 920273, 1022502, 415944, 135747, 589222, 151932, 38.5, 51.3, 1.00
A, 739170, 408795, 923198, 1024790, 416346, 136019, 589571, 152356, 38.5, 51.3, 1.00
A, 738800, 408878, 922606, 1024140, 416268, 136019, 589526, 152182, 38.5, 51.3, 1.00
A, 738541, 408884, 922823, 1023802, 416168, 136027, 589462, 152182, 38.5, 51.3, 1.00
A, 738045, 408750, 922298, 1023362, 416107, 135948, 589283, 152038, 38.5, 51.3, 1.00
A, 737894, 408782, 922219, 1022893, 415994, 135932, 589240, 152032, 38.5, 51.3, 1.00
A, 737469, 408610, 921739, 1022263, 415903, 135838, 589052, 151947, 38.5, 51.3, 1.00
A, 737072, 408483, 921601, 1022140, 415781, 135873, 588879, 151900, 38.5, 51.3, 1.00
A, 736750, 408436, 921076, 1021529, 415741, 135845, 588888, 151842, 38.4, 51.3, 1.00
A, 736417, 408225, 921048, 1021388, 415571, 135853, 588783, 151819, 38.4, 51.3, 1.00
A, 736188, 408289, 920807, 1020812, 415557, 135785, 588616, 151732, 38.4, 51.3, 1.00
A, 735983, 408050, 920707, 1020483, 415394, 135743, 588516, 151712, 38.4, 51.3, 1.00
A, 736125, 408060, 920949, 1020671, 415395, 135640, 588513, 151713, 38.4, 51.3, 1.00
A, 736054, 407974, 920984, 1020455, 415386, 135643, 588459, 151720, 38.4, 51.3, 1.00
A, 735937, 407912, 921101, 1020497, 415301, 135723, 588482, 151803, 38.4, 51.3, 1.00
A, 736142, 407930, 921553, 1020726, 415363, 135765, 588472, 151847, 38.4, 51.3, 1.00
A, 736190, 407898, 921645, 1020397, 415332, 135731, 588428, 151786, 38.4, 51.3, 1.00
A, 735849, 407797, 921405, 1020099, 415242, 135689, 588345, 151711, 38.5, 51.3, 1.00
A, 735913, 407776, 921643, 1020362, 415354, 135723, 588326, 151840, 38.5, 51.3, 1.00
A, 735834, 407739, 921743, 1020290, 415227, 135705, 588333, 151782, 38.4, 51.3, 1.01
A, 735853, 407755, 921763, 1020065, 415193, 135646, 588241, 151798, 38.4, 51.3, 1.00
A, 737696, 408038, 924673, 1022509, 415613, 135859, 588678, 152254, 38.4, 51.3, 1.00
A, 737527, 408066, 924504, 1021975, 415594, 135951, 588682, 152066, 38.4, 51.3, 1.00
A, 737083, 407999, 923814, 1021265, 415429, 135788, 588492, 151962, 38.4, 51.3, 1.00
A, 736832, 407973, 923853, 1021264, 415373, 135866, 588474, 151973, 38.4, 51.3, 1.00
A, 736413, 407914, 923635, 1020911, 415257, 135821, 588331, 151899, 38.4, 51.3, 1.00
A, 736492, 407881, 923663, 1020775, 415230, 135756, 588294, 151979, 38.4, 51.3, 1.00
A, 736342, 407872, 923635, 1020362, 415179, 135739, 588282, 151891, 38.5, 51.3, 1.00
A, 735882, 407702, 923297, 1020044, 415072, 135728, 588124, 151850, 38.5, 51.3, 1.00
A, 735631, 407673, 922970, 1019396, 415038, 135613, 588027, 151739, 38.4, 51.3, 0.99
A, 735295, 407465, 922952, 1019304, 414936, 135627, 587944, 151717, 38.4, 51.3, 1.00
A, 734772, 407441, 922140, 1018575, 414831, 135557, 587822, 151609, 38.4, 51.3, 1.00
A, 734392, 407141, 920480, 1016507, 414585, 135434, 587573, 151438, 38.4, 51.3, 1.00
A, 734096, 407004, 921477, 1017740, 414528, 135383, 587534, 151445, 38.4, 51.3, 1.00
A, 733165, 406768, 920324, 1016562, 414227, 135228, 587285, 151303, 38.5, 51.3, 1.00
A, 733255, 406740, 920469, 1016741, 414324, 135361, 587273, 151437, 38.5, 51.3, 1.00
A, 733845, 406737, 921305, 1017355, 414420, 135402, 587418, 151521, 38.4, 51.3, 1.00
A, 734223, 406784, 921818, 1017428, 414533, 135419, 587534, 151570, 38.4, 51.3, 1.00
A, 734242, 406701, 921868, 1017476, 414485, 135392, 587516, 151508, 38.4, 51.3, 1.00
A, 734549, 406841, 922393, 1017911, 414550, 135454, 587520, 151641, 38.4, 51.3, 1.00
A, 734658, 406868, 922654, 1017971, 414545, 135468, 587536, 151640, 38.4, 51.3, 1.00
A, 736331, 407066, 925151, 1020172, 414953, 135668, 587842, 152074, 38.4, 51.3, 1.00
A, 736520, 407184, 925556, 1020314, 415000, 135691, 587995, 152026, 38.4, 51.4, 1.00
A, 736316, 407242, 925393, 1019841, 414958, 135596, 588001, 151913, 38.4, 51.4, 1.00
A, 735958, 407179, 925072, 1019415, 414863, 135564, 587844, 151895, 38.4, 51.3, 1.00
A, 735468, 407088, 924719, 1019210, 414789, 135572, 587756, 151857, 38.4, 51.3, 1.00
A, 735607, 407122, 924933, 1019254, 414751, 135564, 587701, 151856, 38.4, 51.4, 1.00
A, 735346, 407054, 924858, 1018930, 414695, 135531, 587634, 151757, 38.4, 51.4, 1.00
A, 735514, 407084, 925001, 1018837, 414733, 135550, 587669, 151770, 38.4, 51.3, 1.00
A, 735244, 407027, 924808, 1018511, 414644, 135492, 587538, 151747, 38.4, 51.3, 1.00
A, 734877, 406948, 924518, 1018152, 414605, 135489, 587479, 151693, 38.4, 51.4, 1.00
A, 734661, 406758, 924410, 1018026, 414447, 135449, 587394, 151643, 38.4, 51.4, 1.00
A, 734764, 406774, 924734, 1018200, 414466, 135519, 587378, 151794, 38.4, 51.4, 1.00
A, 734917, 406754, 924894, 1018111, 414460, 135465, 587410, 151781, 38.4, 51.4, 1.00
A, 734936, 406833, 925141, 1018241, 414456, 135459, 587390, 151663, 38.4, 51.4, 1.01
A, 734730, 406710, 924960, 1017847, 414383, 135378, 587285, 151647, 38.4, 51.4, 1.00
A, 734584, 406676, 924873, 1017729, 414400, 135516, 587248, 151682, 38.4, 51.4, 1.00
A, 734817, 406787, 925269, 1017854, 414470, 135463, 587337, 151708, 38.4, 51.4, 1.00
A, 734648, 406792, 925251, 1017829, 414468, 135469, 587265, 151735, 38.4, 51.4, 1.00
A, 734795, 406770, 925686, 1018100, 414480, 135521, 587324, 151800, 38.4, 51.4, 1.00
A, 734884, 406804, 925899, 1017986, 414482, 135446, 587303, 151739, 38.4, 51.4, 1.00
A, 736372, 406974, 928119, 1019927, 414747, 135667, 587692, 152139, 38.4, 51.4, 1.00
A, 736202, 407191, 927906, 1019782, 414839, 135656, 587685, 152112, 38.4, 51.4, 0.99
A, 735802, 407077, 927660, 1019310, 414670, 135651, 587542, 151999, 38.4, 51.4, 1.00
A, 735477, 406992, 927407, 1018770, 414590, 135575, 587388, 151932, 38.4, 51.4, 1.00
A, 735550, 407012, 927679, 1018939, 414660, 135613, 587391, 152017, 38.4, 51.4, 1.01
A, 735398, 406956, 927523, 1018582, 414583, 135640, 587364, 151977, 38.4, 51.4, 1.00
A, 735033, 406936, 927357, 1018181, 414468, 135480, 587265, 151845, 38.4, 51.4, 1.00
A, 734924, 406854, 927260, 1018092, 414419, 135550, 587208, 151880, 38.4, 51.4, 1.00
A, 734694, 406843, 926836, 1017546, 414301, 135526, 587104, 151769, 38.4, 51.4, 1.00
A, 734456, 406776, 926702, 1017149, 414229, 135441, 587009, 151728, 38.4, 51.4, 1.00
A, 733938, 406579, 926310, 1016645, 414198, 135375, 586905, 151714, 38.4, 51.4, 1.00
A, 733735, 406493, 926110, 1016690, 414069, 135382, 586836, 151654, 38.4, 51.4, 1.00
A, 733998, 406493, 926563, 1016842, 414126, 135351, 586905, 151712, 38.4, 51.4, 1.00
A, 734062, 406505, 926883, 1016815, 414174, 135427, 586867, 151744, 38.4, 51.4, 1.00
A, 733940, 406454, 926477, 1016622, 414059, 135344, 586829, 151706, 38.4, 51.4, 1.00
A, 733718, 406368, 926558, 1016581, 414117, 135378, 586804, 151743, 38.4, 51.4, 1.00
A, 734172, 406424, 927274, 1016943, 414167, 135409, 586831, 151732, 38.4, 51.4, 1.00
A, 734011, 406410, 927115, 1016864, 414038, 135381, 586833, 151767, 38.4, 51.4, 1.00
A, 734119, 406392, 927376, 1016975, 414101, 135393, 586860, 151800, 38.4, 51.4, 1.00
A, 734099, 406456, 927481, 1016962, 414038, 135360, 586897, 151838, 38.4, 51.4, 1.00
A, 735998, 406670, 930214, 1019138, 414436, 135635, 587253, 152175, 38.4, 51.4, 1.00
A, 735602, 406782, 929754, 1018448, 414460, 135544, 587187, 152037, 38.4, 51.4, 1.00
A, 735400, 406767, 929497, 1018278, 414374, 135602, 587171, 152015, 38.4, 51.4, 1.00
A, 734979, 406627, 929059, 1017725, 414229, 135495, 586982, 151967, 38.4, 51.4, 1.00
A, 734606, 406568, 928838, 1017441, 414190, 135514, 586813, 151897, 38.4, 51.4, 1.00
A, 734597, 406589, 929139, 1017514, 414171, 135453, 586891, 151963, 38.4, 51.4, 1.00
A, 734509, 406566, 929101, 1017048, 414180, 135384, 586799, 151806, 38.4, 51.4, 1.00
A, 734173, 406445, 928724, 1016811, 414057, 135335, 586697, 151753, 38.4, 51.4, 1.00
A, 734023, 406410, 928763, 1016850, 414028, 135408, 586687, 151834, 38.4, 51.4, 1.00
A, 733725, 406357, 928180, 1016063, 413929, 135344, 586583, 151773, 38.4, 51.4, 1.01
A, 733386, 406177, 928060, 1015950, 413847, 135268, 586482, 151698, 38.4, 51.4, 1.00
A, 733019, 406189, 927484, 1015352, 413787, 135261, 586409, 151650, 38.4, 51.4, 1.00
A, 733035, 406019, 927640, 1015381, 413717, 135275, 586371, 151659, 38.4, 51.4, 1.01
A, 733219, 406031, 928125, 1015646, 413710, 135250, 586417, 151695, 38.4, 51.4, 1.00
A, 733229, 406043, 928151, 1015528, 413734, 135234, 586377, 151665, 38.4, 51.4, 1.00
A, 733124, 405904, 928076, 1015708, 413740, 135282, 586418, 151725, 38.4, 51.4, 1.01
A, 733370, 406055, 928630, 1015941, 413770, 135297, 586485, 151838, 38.4, 51.4, 1.00
A, 733604, 406046, 928986, 1015942, 413870, 135314, 586466, 151823, 38.4, 51.4, 1.00
A, 733415, 405996, 928889, 1015894, 413764, 135260, 586455, 151754, 38.4, 51.4, 1.01
A, 733720, 406028, 929069, 1016021, 413857, 135248, 586494, 151851, 38.4, 51.4, 1.00
A, 735271, 406234, 931755, 1018065, 414111, 135525, 586958, 152242, 38.4, 51.4, 1.00
A, 735245, 406460, 931823, 1018085, 414194, 135484, 586917, 152184, 38.4, 51.4, 1.00
A, 735002, 406447, 931525, 1017756, 414149, 135470, 586852, 152090, 38.4, 51.4, 1.00
A, 734767, 406366, 931401, 1017391, 414057, 135483, 586725, 151946, 38.4, 51.4, 1.00
A, 734400, 406285, 931131, 1016965, 413980, 135366, 586579, 151931, 38.4, 51.4, 1.00
A, 733986, 406255, 930699, 1016658, 413922, 135454, 586508, 151894, 38.4, 51.4, 1.00
A, 734053, 406315, 930807, 1016603, 413897, 135342, 586541, 151944, 38.4, 51.4, 1.00
A, 733915, 406200, 930745, 1016210, 413877, 135363, 586443, 151833, 38.4, 51.4, 1.00
A, 733492, 406183, 930432, 1015820, 413765, 135314, 586391, 151776, 38.4, 51.4, 1.00
A, 733631, 406067, 930479, 1015945, 413778, 135297, 586333, 151809, 38.4, 51.4, 1.01
A, 733257, 405995, 930141, 1015443, 413697, 135268, 586255, 151782, 38.4, 51.4, 0.98
A, 732993, 405893, 929956, 1015282, 413545, 135286, 586131, 151782, 38.4, 51.4, 1.00
A, 732883, 405913, 929855, 1014816, 413609, 135174, 586165, 151702, 38.4, 51.4, 1.00
A, 732700, 405770, 929695, 1014751, 413434, 135164, 586124, 151667, 38.4, 51.4, 1.00
A, 732843, 405776, 930071, 1015047, 413455, 135162, 586142, 151709, 38.4, 51.4, 1.00
A, 732696, 405662, 930023, 1014951, 413447, 135172, 586105, 151717, 38.4, 51.5, 1.00
A, 732842, 405693, 930028, 1014745, 413508, 135128, 586105, 151732, 38.4, 51.5, 0.99
A, 733048, 405756, 930523, 1015137, 413535, 135178, 586137, 151781, 38.4, 51.4, 1.00
A, 733052, 405739, 930555, 1015184, 413546, 135201, 586176, 151759, 38.4, 51.4, 1.00
A, 732991, 405744, 930608, 1014936, 413438, 135213, 586132, 151713, 38.4, 51.5, 1.00
A, 734478, 405874, 932984, 1016987, 413800, 135426, 586427, 152089, 38.4, 51.5, 1.00
A, 734557, 406098, 933099, 1016996, 413923, 135354, 586511, 152038, 38.4, 51.5, 1.00
A, 734117, 406046, 932617, 1016646, 413777, 135414, 586414, 152068, 38.4, 51.5, 1.00
A, 734294, 406111, 932957, 1016641, 413802, 135383, 586403, 152058, 38.4, 51.5, 1.00
A, 734123, 406090, 932926, 1016408, 413789, 135317, 586320, 152020, 38.4, 51.5, 1.00
A, 733741, 405954, 932595, 1016017, 413613, 135340, 586247, 151940, 38.4, 51.5, 1.00
A, 733520, 405888, 932152, 1015597, 413568, 135233, 586162, 151935, 38.4, 51.5, 1.00
A, 733491, 405860, 932503, 1015609, 413631, 135256, 586185, 151948, 38.4, 51.5, 1.00
A, 733262, 405927, 932132, 1015341, 413577, 135212, 586085, 151851, 38.4, 51.5, 1.00
A, 733044, 405785, 931865, 1014956, 413476, 135181, 585982, 151807, 38.4, 51.5, 1.00
A, 733053, 405770, 932198, 1015175, 413481, 135149, 585991, 151828, 38.4, 51.5, 1.00
A, 732668, 405667, 931640, 1014548, 413455, 135134, 585944, 151733, 38.4, 51.5, 1.00
A, 732416, 405577, 931367, 1014453, 413302, 135183, 585893, 151823, 38.4, 51.5, 1.00
A, 732356, 405646, 931476, 1014212, 413350, 135093, 585874, 151686, 38.4, 51.5, 1.00
A, 732330, 405497, 931339, 1014034, 413260, 135087, 585795, 151594, 38.4, 51.5, 1.00
A, 732392, 405503, 931632, 1014386, 413303, 135122, 585795, 151773, 38.4, 51.5, 1.00
A, 732478, 405448, 931708, 1014243, 413240, 135103, 585817, 151745, 38.4, 51.5, 1.00
A, 732391, 405371, 931778, 1014330, 413287, 135092, 585766, 151784, 38.4, 51.5, 0.99
A, 732749, 405488, 932292, 1014658, 413296, 135118, 585933, 151818, 38.4, 51.5, 1.00
A, 732717, 405474, 932400, 1014412, 413374, 135073, 585880, 151807, 38.4, 51.5, 1.00
A, 734408, 405705, 934883, 1016489, 413647, 135377, 586235, 152161, 38.4, 51.5, 1.00
A, 734273, 405908, 934875, 1016538, 413714, 135378, 586255, 152117, 38.4, 51.5, 1.00
A, 733779, 405834, 934188, 1015919, 413603, 135273, 586134, 152032, 38.4, 51.5, 1.00
A, 733694, 405816, 934203, 1015653, 413573, 135265, 586099, 152003, 38.4, 51.5, 0.99
A, 733523, 405772, 934120, 1015467, 413550, 135288, 586007, 152017, 38.4, 51.5, 0.99
A, 733256, 405723, 933939, 1015224, 413460, 135195, 585979, 151945, 38.4, 51.5, 1.00
A, 732992, 405697, 933630, 1014918, 413354, 135175, 585875, 151843, 38.4, 51.5, 1.00
A, 732768, 405522, 933517, 1014674, 413322, 135129, 585776, 151862, 38.4, 51.5, 1.00
A, 732826, 405564, 933797, 1014913, 413317, 135175, 585853, 151851, 38.4, 51.5, 1.00
A, 732917, 405591, 933629, 1014431, 413306, 135095, 585801, 151830, 38.4, 51.5, 1.00
A, 732540, 405501, 933385, 1014072, 413252, 135123, 585766, 151804, 38.4, 51.5, 1.00
A, 732281, 405378, 933144, 1014000, 413175, 135051, 585653, 151725, 38.4, 51.5, 1.00
A, 731885, 405290, 932542, 1013394, 413099, 135021, 585574, 151718, 38.4, 51.5, 1.00
A, 731809, 405206, 932558, 1013310, 413019, 134970, 585529, 151715, 38.4, 51.5, 1.00
A, 731717, 405224, 932541, 1013168, 413053, 134955, 585599, 151680, 38.4, 51.5, 1.00
A, 731502, 405125, 932431, 1012941, 412886, 134893, 585447, 151614, 38.4, 51.5, 1.00
A, 731940, 405176, 932997, 1013521, 413001, 134993, 585540, 151727, 38.4, 51.5, 1.00
A, 731886, 405099, 933071, 1013529, 413016, 134937, 585559, 151692, 38.4, 51.5, 1.00
A, 731873, 405081, 933135, 1013512, 413016, 134977, 585506, 151743, 38.4, 51.5, 1.00
A, 732139, 405198, 933504, 1013856, 413038, 134970, 585619, 151837, 38.4, 51.5, 1.00
A, 734369, 405544, 936530, 1016161, 413521, 135245, 586099, 152204, 38.4, 51.5, 1.00
A, 733903, 405528, 936064, 1015673, 413503, 135167, 586025, 152095, 38.4, 51.5, 1.00
A, 733627, 405604, 935996, 1015726, 413461, 135182, 585980, 152116, 38.4, 51.5, 1.00
A, 733368, 405523, 935663, 1015206, 413405, 135185, 585831, 152014, 38.4, 51.5, 1.00
A, 733115, 405402, 935476, 1015103, 413282, 135122, 585798, 151945, 38.4, 51.5, 1.00
A, 733210, 405508, 935750, 1015064, 413296, 135144, 585770, 152038, 38.4, 51.5, 1.00
A, 733112, 405518, 935630, 1014612, 413310, 135114, 585783, 151928, 38.4, 51.5, 1.00
A, 732828, 405321, 935304, 1014415, 413200, 135080, 585678, 151874, 38.4, 51.5, 1.00
A, 732430, 405296, 935095, 1014245, 413150, 135098, 585548, 151929, 38.4, 51.5, 1.00
A, 732531, 405295, 935166, 1014363, 413168, 135151, 585608, 151915, 38.4, 51.5, 1.00
A, 732502, 405251, 935212, 1014081, 413119, 135052, 585597, 151911, 38.4, 51.5, 1.00
A, 732571, 405284, 935407, 1014170, 413159, 135080, 585579, 151854, 38.4, 51.5, 1.00
A, 732168, 405175, 935130, 1013860, 413053, 134983, 585472, 151826, 38.4, 51.5, 1.00
A, 732007, 405194, 934849, 1013404, 413089, 135001, 585465, 151788, 38.4, 51.5, 1.00
A, 731905, 405018, 934803, 1013467, 412931, 134925, 585408, 151814, 38.4, 51.5, 1.00
A, 731608, 405065, 934375, 1013036, 412967, 134925, 585385, 151748, 38.4, 51.5, 1.00
A, 731568, 404892, 934289, 1012592, 412866, 134888, 585281, 151688, 38.4, 51.5, 1.00
A, 731666, 404992, 934727, 1013183, 412814, 134880, 585358, 151728, 38.4, 51.5, 1.00
A, 731672, 404916, 934750, 1013079, 412859, 134850, 585373, 151721, 38.4, 51.5, 1.00
A, 731640, 404878, 934641, 1012944, 412839, 134866, 585307, 151768, 38.4, 51.5, 0.99
A, 733617, 405210, 937635, 1015508, 413242, 135099, 585761, 152210, 38.4, 51.5, 1.00
A, 733457, 405355, 937356, 1015054, 413304, 135101, 585769, 152084, 38.4, 51.5, 1.00
A, 732968, 405265, 936770, 1014526, 413252, 135069, 585623, 151957, 38.4, 51.5, 0.99
A, 732950, 405252, 937091, 1014592, 413151, 135056, 585664, 152006, 38.4, 51.5, 1.00
A, 732575, 405110, 936755, 1014355, 413109, 134999, 585560, 151952, 38.4, 51.5, 1.00
A, 732543, 405172, 936742, 1014247, 413105, 135043, 585520, 151970, 38.4, 51.5, 1.00
A, 732423, 405095, 936694, 1014134, 413055, 135023, 585493, 151994, 38.4, 51.5, 1.00
A, 732460, 405143, 936601, 1013726, 413007, 134947, 585431, 151873, 38.4, 51.5, 1.00
A, 732031, 405143, 936288, 1013468, 412939, 134887, 585387, 151793, 38.4, 51.5, 1.00
A, 731766, 404958, 936039, 1013383, 412939, 134893, 585318, 151808, 38.4, 51.5, 1.00
A, 732034, 404981, 936426, 1013440, 413003, 134880, 585336, 151883, 38.4, 51.5, 1.00
A, 731992, 404941, 936342, 1013481, 412936, 134915, 585363, 151885, 38.4, 51.5, 1.00
A, 732098, 405012, 936448, 1013379, 412973, 134887, 585418, 151887, 38.4, 51.5, 1.00
A, 731965, 404905, 936569, 1013125, 412940, 134889, 585307, 151785, 38.4, 51.5, 1.00
A, 731596, 404898, 936081, 1012892, 412864, 134911, 585334, 151792, 38.4, 51.5, 1.00
A, 731376, 404792, 935974, 1012894, 412777, 134773, 585185, 151796, 38.4, 51.5, 0.99
A, 731726, 404784, 936398, 1013107, 412778, 134844, 585252, 151883, 38.4, 51.5, 1.00
A, 731757, 404854, 936558, 1013012, 412844, 134815, 585246, 151854, 38.4, 51.5, 1.00
A, 731845, 404869, 936680, 1013141, 412859, 134814, 585334, 151833, 38.4, 51.5, 1.00
A, 731529, 404763, 936230, 1012727, 412776, 134784, 585294, 151800, 38.4, 51.5, 1.00
M, 729544, 404614, 932693, 1008653, 412484, 134404, 584703, 150822, 38.4, 51.5, 0.08
M, 720950, 402510, 920483, 998479, 410056, 133228, 581743, 148893, 38.4, 51.5, 0.56
M, 712866, 399924, 908339, 987905, 407515, 132033, 578857, 147103, 38.4, 51.5, 0.75
M, 706860, 397762, 898830, 979771, 405585, 130895, 576873, 145710, 38.5, 51.5, 0.81
M, 702184, 396049, 891362, 973820, 404031, 130246, 575536, 144807, 38.5, 51.5, 0.88
M, 698453, 394402, 884556, 968528, 402826, 129507, 574422, 144016, 38.5, 51.4, 0.94
M, 695695, 393036, 878954, 964449, 401990, 128889, 573742, 143492, 38.5, 51.4, 0.95
M, 694090, 391877, 874687, 961596, 401441, 128366, 573421, 143123, 38.5, 51.3, 0.96
M, 692619, 390782, 870538, 959042, 400972, 127942, 573193, 142695, 38.5, 51.3, 0.98
M, 691633, 389986, 867095, 957296, 400669, 127443, 573087, 142449, 38.4, 51.3, 0.99
M, 691285, 389152, 864625, 956241, 400452, 127166, 573130, 142292, 38.4, 51.3, 0.99
M, 691563, 388530, 862882, 956147, 400576, 126885, 573444, 142209, 38.4, 51.2, 1.00
M, 691334, 387915, 860602, 955572, 400480, 126650, 573596, 142222, 38.4, 51.2, 1.00
M, 692352, 387435, 859264, 955826, 400724, 126353, 574047, 142216, 38.4, 51.2, 1.00
M, 692737, 386871, 858266, 956387, 400893, 126250, 574388, 142180, 38.4, 51.2, 1.00
M, 693509, 386522, 856964, 956820, 401188, 126061, 574973, 142291, 38.4, 51.1, 0.99
M, 694130, 386231, 856395, 957567, 401403, 126010, 575276, 142315, 38.4, 51.1, 0.99
M, 695381, 385997, 855572, 958592, 401887, 125816, 576006, 142319, 38.4, 51.1, 1.00
M, 696168, 385710, 855155, 959303, 402080, 125748, 576364, 142354, 38.4, 51.1, 1.00
M, 697448, 385570, 855155, 960658, 402438, 125721, 576992, 142472, 38.4, 51.1, 1.00
M, 699713, 385677, 856647, 963342, 403069, 125760, 577809, 142842, 38.4, 51.1, 1.00
M, 700623, 385733, 856291, 964292, 403504, 125812, 578371, 142956, 38.4, 51.1, 1.00
M, 701866, 385804, 856596, 965859, 403937, 125801, 579017, 143063, 38.4, 51.1, 1.00
M, 703103, 385790, 856346, 966973, 404368, 125733, 579673, 143050, 38.4, 51.1, 1.00
M, 704001, 385888, 856144, 968000, 404829, 125707, 580165, 143167, 38.4, 51.1, 1.00
M, 704978, 385968, 856333, 969509, 405263, 125737, 580748, 143258, 38.4, 51.1, 1.00
M, 705911, 386004, 856255, 970718, 405723, 125777, 581273, 143349, 38.4, 51.1, 1.00
M, 707196, 386125, 856636, 972072, 406130, 125711, 581838, 143519, 38.4, 51.1, 1.01
M, 708214, 386274, 856749, 973329, 406546, 125709, 582476, 143588, 38.4, 51.1, 1.00
M, 709357, 386525, 856811, 974518, 407070, 125820, 583058, 143669, 38.4, 51.1, 1.00
M, 710116, 386708, 856717, 975537, 407395, 125713, 583513, 143671, 38.4, 51.0, 1.00
M, 710882, 386806, 856890, 976789, 407808, 125764, 584032, 143768, 38.4, 51.0, 1.00
M, 711983, 387089, 857348, 978335, 408274, 125771, 584627, 143898, 38.4, 51.0, 1.00
M, 712823, 387309, 857368, 979266, 408644, 125826, 585125, 143972, 38.4, 51.0, 1.00
M, 714005, 387639, 857733, 980564, 409185, 125879, 585713, 144056, 38.4, 51.0, 1.00
M, 714615, 387802, 857821, 981453, 409487, 125876, 586184, 144109, 38.4, 51.0, 1.00
M, 715478, 388188, 857665, 982466, 409928, 125837, 586729, 144184, 38.4, 51.0, 1.00
M, 716075, 388247, 857935, 983423, 410214, 125900, 587120, 144256, 38.4, 51.0, 1.00
M, 717036, 388508, 858543, 984846, 410535, 125920, 587564, 144407, 38.4, 51.0, 1.00
M, 717902, 388849, 858790, 985983, 411035, 125995, 588052, 144480, 38.4, 51.0, 0.99
M, 720704, 389480, 861808, 989478, 411807, 126299, 589014, 144888, 38.4, 51.0, 1.00
M, 721113, 389840, 861462, 989933, 412167, 126170, 589370, 144820, 38.4, 51.0, 1.00
M, 721410, 389976, 861219, 990526, 412410, 126213, 589742, 144813, 38.4, 51.0, 1.00
M, 721993, 390406, 861400, 991463, 412739, 126234, 590120, 144872, 38.4, 51.0, 1.00
M, 722622, 390607, 861448, 992087, 413022, 126241, 590524, 144901, 38.4, 51.0, 1.00
M, 723286, 390999, 861745, 993123, 413360, 126335, 590883, 145012, 38.4, 51.0, 1.00
M, 723769, 391238, 861794, 993728, 413635, 126291, 591239, 144990, 38.4, 51.0, 1.00
M, 723882, 391399, 861303, 993838, 413836, 126262, 591445, 144925, 38.4, 51.0, 1.00
M, 724265, 391586, 861327, 994738, 414046, 126367, 591775, 145000, 38.4, 51.0, 1.00
M, 725056, 391806, 861888, 995783, 414405, 126331, 592173, 145065, 38.4, 51.0, 1.01
M, 725469, 392143, 861905, 996505, 414683, 126367, 592494, 145160, 38.4, 51.0, 1.01
M, 726257, 392435, 862470, 997504, 415089, 126420, 592937, 145262, 38.4, 51.0, 1.00
M, 726883, 392821, 862805, 998419, 415331, 126447, 593314, 145289, 38.4, 51.0, 0.99
M, 727125, 393001, 862644, 998936, 415595, 126467, 593541, 145282, 38.4, 51.0, 1.00
M, 727631, 393198, 862920, 999491, 415711, 126453, 593843, 145343, 38.4, 51.0, 1.00
M, 727843, 393507, 862695, 999843, 416050, 126469, 594136, 145310, 38.4, 51.0, 1.00
M, 728104, 393617, 862575, 1000248, 416223, 126489, 594372, 145306, 38.4, 51.0, 1.00
M, 728438, 393923, 862577, 1000917, 416442, 126489, 594697, 145244, 38.4, 51.0, 1.00
M, 728747, 394013, 862731, 1001524, 416570, 126437, 594880, 145314, 38.4, 51.0, 1.00
M, 729329, 394321, 863111, 1002454, 416820, 126522, 595267, 145421, 38.4, 51.0, 1.00
M, 731548, 394787, 865996, 1005424, 417448, 126782, 595964, 145877, 38.4, 51.0, 1.00
M, 732165, 395279, 866103, 1005747, 417803, 126785, 596383, 145856, 38.4, 51.0, 1.00
M, 732093, 395420, 865745, 1006075, 417939, 126772, 596417, 145853, 38.4, 51.0, 1.00
M, 732535, 395755, 866162, 1006846, 418170, 126861, 596744, 145900, 38.4, 51.0, 1.00
M, 732630, 395901, 865933, 1006877, 418262, 126767, 596965, 145838, 38.4, 51.0, 1.00
M, 733012, 396113, 866188, 1007646, 418495, 126868, 597160, 145863, 38.4, 51.0, 1.00
M, 733071, 396293, 866144, 1007918, 418605, 126871, 597363, 145914, 38.4, 51.0, 1.00
M, 733406, 396444, 866153, 1008048, 418794, 126877, 597552, 145840, 38.4, 51.0, 1.00
M, 733482, 396641, 866023, 1008435, 418953, 126848, 597769, 145811, 38.4, 51.0, 1.00
M, 733433, 396723, 865956, 1008934, 419062, 126871, 597951, 145904, 38.4, 51.0, 1.01
M, 733935, 396972, 866225, 1009520, 419251, 126885, 598111, 145952, 38.4, 51.0, 0.99
M, 734143, 397116, 866424, 1009780, 419398, 126927, 598295, 145933, 38.4, 51.0, 1.01
M, 734494, 397306, 866696, 1010462, 419638, 126890, 598562, 145930, 38.4, 51.0, 1.01
M, 734333, 397412, 866121, 1010180, 419592, 126858, 598662, 145849, 38.4, 51.0, 0.99
M, 733477, 397420, 864574, 1009158, 419617, 126746, 598603, 145751, 38.4, 51.0, 1.01
M, 734160, 397488, 865478, 1010390, 419735, 126778, 598857, 145809, 38.4, 51.0, 1.00
M, 734537, 397742, 865533, 1010805, 420015, 126865, 599217, 145892, 38.4, 51.0, 1.00
M, 734756, 397869, 865884, 1011305, 420082, 126961, 599307, 145975, 38.4, 51.0, 1.00
M, 735367, 398207, 866384, 1012053, 420469, 126930, 599740, 145956, 38.4, 51.0, 1.00
M, 735680, 398239, 866555, 1012524, 420578, 126949, 599859, 146073, 38.4, 51.0, 0.99
M, 737887, 398709, 869360, 1015442, 421152, 127234, 600526, 146537, 38.4, 51.0, 1.00
M, 738186, 399119, 869510, 1015661, 421348, 127192, 600750, 146449, 38.4, 51.0, 1.00
M, 738133, 399199, 869379, 1015938, 421418, 127245, 600867, 146449, 38.4, 51.0, 1.00
M, 738490, 399461, 869859, 1016533, 421598, 127267, 601075, 146519, 38.4, 51.0, 1.00
M, 738691, 399614, 869990, 1016699, 421738, 127259, 601191, 146421, 38.4, 51.0, 1.00
M, 738680, 399733, 869763, 1016899, 421839, 127285, 601297, 146409, 38.4, 51.0, 1.00
M, 738794, 399808, 869995, 1017328, 421972, 127376, 601526, 146476, 38.4, 51.0, 1.00
M, 738902, 399916, 869987, 1017625, 421987, 127316, 601621, 146504, 38.4, 51.0, 1.00
M, 739152, 400098, 869955, 1017563, 422150, 127278, 601803, 146405, 38.4, 51.0, 1.01
M, 739147, 400230, 869861, 1017722, 422174, 127322, 601916, 146419, 38.4, 51.0, 1.00
M, 739124, 400286, 869994, 1018044, 422337, 127308, 601986, 146410, 38.4, 51.0, 1.00
M, 739572, 400460, 870420, 1018653, 422463, 127279, 602213, 146475, 38.4, 51.0, 1.00
M, 739645, 400544, 870572, 1019041, 422565, 127370, 602313, 146516, 38.4, 51.0, 1.00
M, 740093, 400800, 871099, 1019690, 422761, 127447, 602538, 146629, 38.4, 51.0, 1.00
M, 740438, 400966, 871317, 1019741, 422932, 127477, 602683, 146553, 38.4, 51.0, 1.00
M, 740457, 401025, 871179, 1020010, 422994, 127450, 602802, 146566, 38.4, 51.0, 1.00
M, 740534, 401144, 871429, 1020550, 423150, 127488, 603021, 146669, 38.4, 51.0, 1.01
M, 740558, 401302, 871221, 1020378, 423212, 127394, 603158, 146618, 38.4, 51.0, 1.00
M, 740466, 401287, 871220, 1020465, 423220, 127524, 603194, 146607, 38.4, 51.0, 0.99
M, 740529, 401477, 871107, 1020719, 423387, 127524, 603333, 146607, 38.4, 51.0, 1.01
M, 742078, 401648, 873195, 1022652, 423657, 127646, 603707, 146944, 38.4, 51.0, 1.00
M, 742398, 401908, 873569, 1023240, 423852, 127661, 603875, 146959, 38.4, 51.0, 0.99
M, 742418, 402111, 873715, 1023349, 423886, 127681, 604020, 146891, 38.5, 51.0, 1.00
M, 742304, 402081, 873464, 1023458, 424018, 127748, 604047, 146922, 38.5, 51.0, 0.99
M, 742659, 402262, 873965, 1023939, 424125, 127787, 604238, 146961, 38.4, 51.0, 1.01
M, 742720, 402365, 874048, 1023746, 424223, 127704, 604359, 146788, 38.4, 51.0, 1.00
M, 741961, 402278, 873050, 1023180, 424153, 127718, 604244, 146795, 38.5, 51.0, 1.00
M, 742383, 402386, 873434, 1023683, 424180, 127667, 604404, 146866, 38.5, 51.0, 0.99
M, 742526, 402497, 873664, 1023901, 424325, 127758, 604501, 146875, 38.4, 51.0, 1.00
M, 742543, 402518, 873861, 1024259, 424385, 127797, 604618, 146866, 38.4, 51.0, 1.00
M, 743056, 402737, 874528, 1024942, 424557, 127834, 604820, 147031, 38.4, 51.0, 1.00
M, 743284, 402883, 874918, 1025149, 424618, 127836, 604956, 146913, 38.4, 51.0, 1.00
M, 743387, 402940, 874912, 1025350, 424716, 127856, 605058, 146972, 38.4, 51.0, 1.00
M, 743229, 402897, 874778, 1025511, 424741, 127830, 605106, 147037, 38.4, 51.0, 1.00
M, 743543, 403099, 875259, 1026005, 424955, 127944, 605271, 147108, 38.4, 51.1, 1.00
M, 743761, 403185, 875459, 1026061, 425010, 127871, 605404, 147022, 38.4, 51.1, 1.01
M, 743610, 403310, 875272, 1026000, 425067, 127898, 605482, 147035, 38.5, 51.0, 1.00
M, 743929, 403280, 875653, 1026510, 425130, 127917, 605561, 147063, 38.5, 51.0, 1.00
M, 743603, 403431, 875457, 1026299, 425261, 127882, 605678, 147022, 38.4, 51.1, 1.00
M, 743771, 403389, 875583, 1026560, 425175, 127956, 605652, 147078, 38.4, 51.1, 0.99
M, 745966, 403941, 878529, 1029234, 425849, 128175, 606347, 147488, 38.4, 51.0, 1.01
M, 745914, 404073, 878509, 1029164, 425846, 128155, 606388, 147333, 38.4, 51.0, 1.00
M, 745721, 404104, 878477, 1029338, 425908, 128161, 606449, 147397, 38.4, 51.0, 1.01
M, 745577, 404108, 878382, 1029291, 425870, 128208, 606415, 147388, 38.5, 51.1, 1.00
M, 745464, 404150, 878106, 1028953, 425830, 128196, 606475, 147401, 38.5, 51.1, 1.00
M, 745698, 404217, 878591, 1029299, 425935, 128205, 606606, 147342, 38.5, 51.1, 1.00
M, 745534, 404289, 878404, 1029233, 425956, 128207, 606592, 147301, 38.5, 51.1, 1.01
M, 745460, 404334, 878283, 1029052, 425970, 128192, 606580, 147301, 38.5, 51.1, 1.00
M, 745516, 404378, 878657, 1029498, 426074, 128294, 606730, 147321, 38.5, 51.1, 1.00
M, 745432, 404420, 878602, 1029493, 426049, 128193, 606709, 147332, 38.5, 51.1, 1.00
M, 745322, 404469, 878513, 1029554, 426160, 128253, 606780, 147346, 38.5, 51.1, 1.00
M, 745771, 404569, 879029, 1030019, 426221, 128315, 606918, 147428, 38.5, 51.1, 0.99
M, 745598, 404675, 879024, 1029717, 426259, 128259, 606959, 147312, 38.5, 51.1, 1.00
M, 745505, 404523, 878946, 1029761, 426281, 128282, 606981, 147310, 38.5, 51.1, 1.00
M, 745546, 404588, 878782, 1029751, 426262, 128290, 607062, 147370, 38.5, 51.1, 1.00
M, 745849, 404694, 879477, 1030279, 426444, 128360, 607230, 147450, 38.5, 51.1, 1.01
M, 745799, 404708, 879461, 1030353, 426454, 128379, 607288, 147444, 38.5, 51.1, 1.00
M, 746259, 404867, 879933, 1030703, 426586, 128414, 607466, 147462, 38.5, 51.1, 1.00
M, 746122, 404879, 880094, 1030888, 426601, 128355, 607458, 147416, 38.5, 51.1, 1.00
M, 745992, 404940, 879972, 1030703, 426733, 128387, 607550, 147433, 38.5, 51.1, 1.00
M, 747254, 405134, 881660, 1032566, 426878, 128575, 607852, 147772, 38.5, 51.1, 1.00
M, 747024, 405342, 881367, 1032057, 427035, 128574, 607915, 147571, 38.5, 51.1, 1.01
M, 746874, 405235, 881175, 1031672, 426906, 128513, 607831, 147551, 38.5, 51.1, 0.99
M, 746841, 405163, 881313, 1031998, 426958, 128530, 607839, 147549, 38.5, 51.1, 1.00
M, 746973, 405243, 881403, 1031993, 427029, 128543, 607945, 147506, 38.5, 51.1, 0.99
M, 746765, 405283, 881462, 1032089, 427023, 128511, 608015, 147581, 38.5, 51.1, 1.00
M, 747108, 405405, 881953, 1032522, 427133, 128626, 608105, 147633, 38.5, 51.1, 1.00
M, 747054, 405453, 881816, 1032128, 427149, 128554, 608131, 147601, 38.5, 51.1, 1.00
M, 746986, 405433, 881823, 1032157, 427153, 128590, 608142, 147507, 38.5, 51.1, 1.01
M, 747000, 405468, 882177, 1032705, 427201, 128627, 608192, 147613, 38.5, 51.1, 1.00
M, 747063, 405522, 882235, 1032682, 427212, 128636, 608276, 147592, 38.5, 51.1, 0.99
M, 747032, 405509, 882251, 1032597, 427249, 128565, 608295, 147679, 38.5, 51.1, 1.00
M, 747441, 405616, 882905, 1033119, 427368, 128637, 608470, 147688, 38.5, 51.1, 1.00
M, 747424, 405709, 882920, 1033109, 427455, 128696, 608569, 147692, 38.5, 51.1, 0.99
M, 747386, 405707, 882738, 1032926, 427435, 128684, 608508, 147647, 38.5, 51.1, 1.00
M, 747175, 405637, 882933, 1033141, 427413, 128673, 608530, 147644, 38.5, 51.1, 1.00
M, 747369, 405707, 883224, 1033549, 427529, 128773, 608610, 147686, 38.5, 51.1, 1.00
M, 747324, 405649, 883171, 1033434, 427506, 128756, 608667, 147726, 38.5, 51.1, 1.00
M, 747741, 405844, 883708, 1033557, 427628, 128739, 608812, 147720, 38.5, 51.1, 0.98
M, 747585, 405745, 883703, 1033505, 427627, 128684, 608798, 147672, 38.5, 51.1, 1.00
M, 749486, 406262, 886285, 1036044, 428148, 129041, 609315, 148094, 38.5, 51.1, 0.98
M, 749240, 406260, 886076, 1035797, 428135, 128970, 609288, 148077, 38.5, 51.1, 1.00
M, 749149, 406338, 886331, 1035933, 428126, 128957, 609350, 148074, 38.5, 51.1, 1.00
M, 749131, 406323, 886347, 1035898, 428120, 128983, 609371, 148002, 38.5, 51.1, 1.00
M, 749186, 406414, 886299, 1035533, 428213, 128969, 609342, 147993, 38.5, 51.1, 1.00
M, 748788, 406377, 885993, 1035240, 428129, 128962, 609310, 147927, 38.5, 51.1, 1.01
M, 748521, 406297, 885836, 1035209, 428113, 128960, 609344, 147880, 38.5, 51.1, 0.99
M, 748570, 406369, 886147, 1035508, 428131, 129063, 609346, 147930, 38.5, 51.1, 1.00
M, 748495, 406211, 886003, 1035239, 428118, 129042, 609325, 147928, 38.5, 51.1, 1.00
M, 748723, 406461, 886490, 1035574, 428146, 129016, 609467, 147999, 38.5, 51.1, 0.99
M, 748653, 406484, 886542, 1035586, 428256, 129010, 609498, 147954, 38.5, 51.1, 1.00
M, 748577, 406445, 886518, 1035368, 428105, 129022, 609483, 147939, 38.5, 51.1, 1.00
M, 748487, 406380, 886557, 1035565, 428173, 129093, 609464, 147918, 38.5, 51.1, 1.00
M, 748748, 406505, 886947, 1035863, 428336, 129030, 609583, 147931, 38.5, 51.1, 0.99
M, 748691, 406499, 886977, 1035840, 428306, 129021, 609598, 148008, 38.5, 51.1, 1.00
M, 749014, 406591, 887422, 1036248, 428419, 129122, 609731, 148073, 38.5, 51.1, 0.99
M, 749007, 406559, 887711, 1036378, 428364, 129062, 609760, 147981, 38.5, 51.1, 1.00
M, 748820, 406539, 887579, 1036193, 428436, 129138, 609735, 148012, 38.5, 51.1, 1.01
M, 749057, 406688, 887819, 1036304, 428426, 129147, 609835, 148067, 38.5, 51.1, 1.00
M, 748947, 406678, 887682, 1036139, 428529, 129154, 609858, 147951, 38.5, 51.1, 1.00
M, 750303, 406858, 889779, 1037978, 428761, 129354, 610239, 148343, 38.5, 51.1, 1.00
M, 749911, 407029, 889364, 1037345, 428813, 129326, 610246, 148227, 38.5, 51.1, 1.01
M, 749677, 406921, 889239, 1037386, 428709, 129212, 610110, 148117, 38.5, 51.1, 1.01
M, 749242, 407008, 888884, 1037101, 428702, 129246, 610063, 148155, 38.5, 51.1, 1.00
M, 749241, 406869, 888954, 1037010, 428681, 129256, 610134, 148110, 38.5, 51.1, 1.00
M, 749372, 406879, 889007, 1036793, 428731, 129250, 610084, 148051, 38.5, 51.1, 1.00
M, 749057, 406733, 888943, 1036747, 428669, 129288, 610097, 148103, 38.5, 51.1, 1.01
M, 749335, 406865, 889526, 1037198, 428826, 129285, 610240, 148166, 38.5, 51.1, 1.01
M, 749348, 406852, 889446, 1037090, 428776, 129356, 610193, 148106, 38.5, 51.1, 1.00
M, 749236, 406830, 889471, 1037233, 428822, 129332, 610203, 148138, 38.5, 51.1, 1.01
M, 749493, 406933, 890034, 1037489, 428824, 129347, 610290, 148179, 38.5, 51.1, 0.99
M, 749582, 406973, 889930, 1037209, 428906, 129280, 610338, 148125, 38.5, 51.1, 0.99
M, 749089, 406863, 889469, 1036472, 428814, 129294, 610305, 148047, 38.5, 51.1, 0.99
M, 748855, 406747, 889593, 1036754, 428741, 129280, 610219, 147995, 38.5, 51.1, 1.00
M, 749163, 406762, 890046, 1037207, 428804, 129362, 610396, 148112, 38.5, 51.1, 1.00
M, 749256, 406793, 889949, 1037134, 428838, 129316, 610355, 148136, 38.5, 51.1, 1.00
M, 749617, 406907, 890620, 1037655, 428948, 129430, 610552, 148221, 38.5, 51.1, 1.00
M, 749592, 406951, 890684, 1037654, 428987, 129414, 610557, 148187, 38.5, 51.1, 1.00
M, 749581, 406985, 890754, 1037550, 428990, 129395, 610591, 148194, 38.5, 51.1, 1.00
M, 749682, 407041, 891098, 1037934, 429013, 129440, 610654, 148220, 38.5, 51.1, 1.00
M, 751475, 407353, 893672, 1040196, 429516, 129678, 611063, 148620, 38.5, 51.1, 0.99
M, 751146, 407480, 893381, 1039838, 429517, 129613, 611093, 148587, 38.5, 51.1, 1.00
M, 750772, 407475, 892964, 1039236, 429493, 129591, 610982, 148367, 38.5, 51.1, 1.00
M, 750551, 407335, 892758, 1038924, 429412, 129580, 610958, 148341, 38.5, 51.1, 1.00
M, 750493, 407361, 892820, 1039087, 429365, 129660, 610951, 148383, 38.5, 51.1, 1.00
M, 750384, 407323, 892757, 1038869, 429346, 129621, 610934, 148362, 38.5, 51.1, 1.00
M, 750332, 407275, 892902, 1038919, 429391, 129580, 610956, 148376, 38.5, 51.1, 1.00
M, 750495, 407345, 893122, 1039021, 429424, 129598, 611017, 148394, 38.5, 51.1, 1.00
M, 750493, 407365, 893329, 1038957, 429409, 129600, 611000, 148379, 38.5, 51.1, 1.00
M, 750310, 407296, 893204, 1038691, 429373, 129614, 610923, 148292, 38.5, 51.1, 1.00
M, 750275, 407325, 893303, 1038884, 429402, 129667, 611002, 148334, 38.5, 51.1, 1.00
M, 750167, 407319, 893332, 1038915, 429392, 129674, 611054, 148386, 38.5, 51.1, 1.00
M, 750231, 407337, 893406, 1038777, 429403, 129645, 611015, 148368, 38.5, 51.1, 1.00
M, 750502, 407388, 894067, 1039257, 429461, 129753, 611131, 148453, 38.5, 51.1, 1.00
M, 750527, 407325, 894245, 1039434, 429492, 129695, 611197, 148380, 38.5, 51.1, 1.00
M, 750484, 407354, 894205, 1039225, 429511, 129727, 611190, 148444, 38.5, 51.1, 1.00
M, 750357, 407273, 894169, 1039185, 429469, 129679, 611162, 148393, 38.5, 51.1, 1.00
M, 750482, 407420, 894697, 1039471, 429501, 129744, 611263, 148479, 38.5, 51.1, 1.01
M, 750486, 407324, 894433, 1039071, 429546, 129698, 611265, 148418, 38.5, 51.1, 1.00
M, 750276, 407361, 894427, 1038946, 429583, 129674, 611257, 148287, 38.5, 51.1, 1.00
M, 751776, 407562, 896738, 1041177, 429841, 129890, 611618, 148705, 38.5, 51.1, 1.00
M, 751557, 407764, 896428, 1040769, 429906, 129870, 611643, 148660, 38.5, 51.1, 1.00
M, 751276, 407621, 896193, 1040357, 429845, 129850, 611527, 148587, 38.5, 51.1, 1.00
M, 750993, 407675, 896001, 1040047, 429840, 129844, 611517, 148493, 38.5, 51.1, 0.99
M, 750669, 407558, 895842, 1039831, 429703, 129792, 611381, 148528, 38.5, 51.1, 1.00
M, 750930, 407610, 896193, 1040113, 429773, 129787, 611390, 148503, 38.5, 51.1, 1.00
M, 750830, 407569, 896146, 1040087, 429676, 129793, 611475, 148452, 38.5, 51.1, 1.01
M, 750642, 407572, 896092, 1039928, 429700, 129848, 611469, 148500, 38.5, 51.1, 0.99
M, 750830, 407644, 896467, 1040271, 429836, 129902, 611545, 148588, 38.5, 51.1, 0.99
M, 750873, 407630, 896659, 1040071, 429853, 129916, 611548, 148509, 38.5, 51.1, 1.00
M, 750730, 407548, 896613, 1039836, 429725, 129920, 611555, 148524, 38.5, 51.1, 1.01
M, 750735, 407581, 896745, 1040039, 429801, 129942, 611578, 148525, 38.5, 51.1, 1.00
M, 750835, 407542, 896762, 1040007, 429786, 129862, 611616, 148596, 38.5, 51.1, 1.00
M, 750957, 407575, 897253, 1040275, 429853, 129983, 611610, 148635, 38.5, 51.1, 0.99
M, 750969, 407640, 897431, 1040336, 429812, 129903, 611680, 148655, 38.5, 51.1, 1.01
M, 750994, 407647, 897530, 1040062, 429857, 129943, 611728, 148557, 38.5, 51.1, 1.00
M, 750820, 407613, 897498, 1040180, 429793, 129971, 611620, 148548, 38.5, 51.1, 0.99
M, 750670, 407600, 897399, 1040082, 429795, 130032, 611688, 148570, 38.5, 51.1, 1.00
M, 750807, 407594, 897647, 1040373, 429907, 129984, 611750, 148677, 38.5, 51.1, 1.00
M, 750853, 407548, 897890, 1040166, 429891, 129971, 611753, 148627, 38.5, 51.1, 1.00
