State, OV, Alc, H2, AC1, NH3, AC2, VOC, LP, Temp, Hud, AirFlow
A, 631156, 341068, 784181, 848805, 356122, 128518, 514801, 137395, 35.1, 62.9, 0.00
A, 620156, 338449, 768833, 835939, 353029, 126967, 511385, 135054, 35.1, 62.9, 0.64
A, 610968, 335633, 754880, 824249, 350236, 125463, 508496, 132963, 35.1, 62.9, 0.76
A, 603862, 333362, 743678, 815155, 348424, 124234, 507155, 131532, 35.0, 62.9, 0.84
A, 598829, 331807, 734867, 808673, 347636, 123221, 506995, 130362, 35.0, 62.9, 0.89
A, 594512, 330465, 726149, 802509, 347389, 122237, 507607, 129365, 34.9, 62.8, 0.94
A, 592110, 329469, 720174, 798772, 347453, 121483, 508347, 128776, 34.9, 62.8, 0.96
A, 589999, 328705, 714056, 795805, 347824, 120838, 509400, 128238, 34.8, 62.7, 0.98
A, 589299, 328215, 710774, 794418, 348133, 120355, 510169, 127977, 34.8, 62.7, 0.98
A, 589294, 327895, 707558, 793579, 348763, 119942, 511260, 127754, 34.8, 62.7, 0.99
A, 589425, 327635, 704605, 793144, 349403, 119577, 512437, 127675, 34.8, 62.6, 1.00
A, 590198, 327435, 702071, 793146, 350333, 119215, 513771, 127491, 34.8, 62.6, 0.99
A, 591074, 327400, 699810, 793464, 351158, 118855, 515062, 127431, 34.8, 62.6, 1.00
A, 592059, 327415, 698119, 794110, 351909, 118696, 516177, 127457, 34.8, 62.6, 1.00
A, 593702, 327506, 697155, 795291, 352836, 118481, 517543, 127446, 34.8, 62.5, 0.99
A, 594863, 327574, 695793, 796379, 353749, 118368, 518677, 127429, 34.8, 62.5, 1.00
A, 596783, 327871, 695235, 798053, 354672, 118199, 520095, 127537, 34.7, 62.5, 1.00
A, 598906, 328149, 694614, 799814, 355857, 118116, 521473, 127545, 34.7, 62.5, 0.99
A, 600724, 328544, 694012, 801415, 356830, 118047, 522842, 127676, 34.7, 62.4, 1.00
A, 602588, 328883, 693796, 803352, 357738, 118010, 524070, 127811, 34.7, 62.4, 1.00
A, 606035, 329509, 695404, 806875, 359038, 118146, 525679, 128157, 34.7, 62.3, 1.00
A, 607896, 330066, 695230, 808705, 360012, 118108, 526950, 128172, 34.7, 62.3, 1.00
A, 609649, 330533, 694813, 810328, 360962, 118127, 528212, 128333, 34.6, 62.3, 1.00
A, 611617, 331106, 694363, 811958, 361969, 118066, 529366, 128277, 34.6, 62.3, 1.00
A, 613168, 331558, 693779, 813369, 362862, 118009, 530496, 128284, 34.6, 62.3, 1.00
A, 614788, 332074, 693654, 815222, 363640, 117994, 531629, 128401, 34.6, 62.3, 1.00
A, 616389, 332541, 692863, 816674, 364680, 117946, 532881, 128347, 34.6, 62.3, 1.01
A, 617547, 332996, 692435, 817749, 365279, 117963, 533609, 128450, 34.6, 62.3, 1.00
A, 619707, 333827, 692261, 819976, 366392, 117850, 535066, 128397, 34.6, 62.2, 1.00
A, 620942, 334169, 692105, 821219, 367048, 117963, 535927, 128521, 34.6, 62.2, 1.00
A, 622725, 334703, 692328, 823006, 367871, 117899, 536899, 128616, 34.6, 62.2, 1.00
A, 624302, 335351, 692142, 824689, 368676, 117947, 537982, 128599, 34.6, 62.2, 1.00
A, 625782, 335856, 692038, 826243, 369482, 118052, 538960, 128708, 34.6, 62.2, 1.00
A, 627649, 336565, 692401, 828178, 370438, 118044, 540051, 128839, 34.6, 62.2, 1.00
A, 629345, 337250, 692332, 829895, 371242, 118009, 541070, 128813, 34.6, 62.2, 1.00
A, 630696, 337853, 692418, 831480, 372023, 118110, 542017, 128877, 34.5, 62.2, 1.00
A, 632171, 338507, 692475, 833043, 372740, 118065, 542945, 129000, 34.5, 62.2, 1.00
A, 633698, 339059, 692467, 834483, 373561, 118157, 543856, 129004, 34.5, 62.2, 1.00
A, 635300, 339858, 692556, 836149, 374234, 118098, 544901, 129017, 34.5, 62.2, 1.00
A, 636523, 340465, 692387, 837526, 375011, 118215, 545748, 129131, 34.5, 62.2, 1.00
A, 639127, 341175, 694203, 840479, 375913, 118392, 546829, 129396, 34.5, 62.2, 1.00
A, 640488, 342018, 694422, 842010, 376688, 118361, 547746, 129430, 34.5, 62.1, 1.00
A, 641169, 342519, 693901, 842829, 377253, 118422, 548402, 129390, 34.5, 62.1, 1.00
A, 642146, 343092, 693682, 843981, 377830, 118430, 549141, 129343, 34.5, 62.1, 1.01
A, 643444, 343734, 693560, 845182, 378466, 118446, 549992, 129363, 34.5, 62.1, 1.00
A, 644446, 344308, 693374, 846243, 379112, 118404, 550702, 129393, 34.5, 62.1, 0.98
A, 645125, 344811, 693103, 847281, 379648, 118380, 551298, 129303, 34.5, 62.1, 1.00
A, 646396, 345535, 693016, 848432, 380358, 118449, 552136, 129407, 34.5, 62.1, 1.00
A, 647021, 345891, 692777, 849353, 380646, 118489, 552648, 129443, 34.5, 62.1, 1.00
A, 648213, 346647, 692571, 850525, 381495, 118512, 553612, 129407, 34.5, 62.1, 1.00
A, 649007, 347013, 692617, 851353, 381795, 118451, 554013, 129412, 34.5, 62.1, 0.99
A, 650032, 347550, 692764, 852783, 382346, 118546, 554703, 129467, 34.5, 62.1, 1.00
A, 651010, 348111, 692869, 853801, 382916, 118613, 555421, 129552, 34.4, 62.1, 1.00
A, 651823, 348649, 692698, 854822, 383372, 118590, 556029, 129582, 34.4, 62.1, 1.00
A, 653155, 349219, 693121, 856306, 384017, 118674, 556792, 129609, 34.4, 62.1, 1.01
A, 654134, 349868, 693382, 857496, 384605, 118667, 557436, 129653, 34.4, 62.1, 1.00
A, 654805, 350308, 693169, 858315, 385040, 118644, 557962, 129550, 34.4, 62.1, 1.00
A, 655297, 350879, 692726, 858825, 385458, 118726, 558453, 129627, 34.4, 62.1, 0.99
A, 656153, 351222, 692720, 859941, 385882, 118703, 558990, 129588, 34.4, 62.1, 1.00
A, 656223, 351641, 691960, 860201, 386199, 118660, 559393, 129516, 34.4, 62.1, 1.01
A, 658746, 352426, 694078, 863198, 387013, 118970, 560413, 129928, 34.4, 62.1, 1.00
A, 660037, 353125, 694412, 864435, 387642, 118978, 561139, 129861, 34.4, 62.1, 1.00
A, 660444, 353560, 694073, 864996, 387964, 118926, 561585, 129784, 34.4, 62.1, 1.00
A, 660748, 353964, 693776, 865512, 388275, 118915, 561945, 129839, 34.4, 62.1, 1.00
A, 661733, 354487, 693922, 866526, 388737, 119004, 562551, 129917, 34.4, 62.1, 1.00
A, 662464, 354934, 693873, 867236, 389137, 118960, 563035, 129817, 34.4, 62.1, 1.00
A, 662824, 355309, 693486, 867824, 389468, 119035, 563429, 129813, 34.4, 62.1, 1.00
A, 663384, 355745, 693508, 868484, 389818, 119050, 563793, 129808, 34.4, 62.1, 0.99
A, 663996, 356192, 693433, 869329, 390322, 119051, 564381, 129764, 34.4, 62.1, 1.00
A, 664334, 356503, 693307, 869903, 390450, 119098, 564633, 129737, 34.4, 62.1, 1.00
A, 665064, 357018, 693169, 870655, 390995, 119094, 565188, 129728, 34.4, 62.1, 0.98
A, 665553, 357295, 693006, 871099, 391157, 119106, 565530, 129750, 34.4, 62.1, 1.00
A, 666179, 357701, 693480, 872326, 391623, 119165, 565999, 129857, 34.4, 62.1, 1.00
A, 667094, 358086, 693802, 873346, 392033, 119202, 566488, 129852, 34.4, 62.1, 1.00
A, 667712, 358467, 693968, 874061, 392318, 119276, 566849, 129936, 34.4, 62.1, 1.00
A, 668437, 358835, 694155, 875016, 392676, 119212, 567317, 129913, 34.4, 62.1, 1.00
A, 669251, 359368, 694391, 875729, 393116, 119274, 567834, 129992, 34.4, 62.1, 1.00
A, 669912, 359738, 694581, 876483, 393415, 119329, 568234, 130006, 34.4, 62.1, 0.99
A, 670571, 360166, 694992, 877694, 393817, 119459, 568674, 130009, 34.4, 62.1, 1.00
A, 671049, 360488, 695009, 878406, 394096, 119449, 569087, 130067, 34.4, 62.1, 1.00
A, 673107, 361004, 696889, 880759, 394671, 119667, 569766, 130307, 34.4, 62.1, 1.00
A, 673887, 361673, 697214, 881563, 395171, 119732, 570231, 130348, 34.4, 62.1, 1.00
A, 674118, 362014, 697144, 882101, 395417, 119721, 570518, 130284, 34.4, 62.1, 1.00
A, 674277, 362307, 696839, 882390, 395549, 119734, 570773, 130257, 34.4, 62.1, 1.00
A, 674789, 362653, 696998, 882953, 395866, 119771, 571126, 130261, 34.4, 62.1, 1.00
A, 674988, 362887, 696892, 883565, 396093, 119833, 571381, 130204, 34.4, 62.1, 0.99
A, 675494, 363314, 696994, 884068, 396358, 119841, 571748, 130262, 34.4, 62.1, 0.99
A, 675914, 363616, 696810, 884300, 396575, 119851, 572060, 130169, 34.3, 62.1, 1.00
A, 676004, 363852, 696640, 884752, 396734, 119845, 572226, 130133, 34.3, 62.1, 1.00
A, 676070, 364157, 696288, 884989, 397025, 119805, 572529, 130167, 34.3, 62.1, 1.00
A, 676292, 364231, 696173, 885236, 397140, 119839, 572723, 130179, 34.3, 62.1, 1.01
A, 676519, 364651, 696010, 885730, 397457, 119869, 573066, 130068, 34.3, 62.1, 1.00
A, 676725, 364708, 695864, 885804, 397486, 119817, 573153, 130035, 34.3, 62.1, 1.01
A, 677248, 365045, 696172, 886523, 397783, 119877, 573496, 130079, 34.3, 62.1, 1.00
A, 677598, 365275, 696249, 886987, 397960, 119873, 573814, 130041, 34.3, 62.2, 1.00
A, 677846, 365499, 696229, 887629, 398188, 119995, 574117, 130037, 34.3, 62.2, 0.99
A, 678443, 365835, 696574, 888410, 398491, 120000, 574433, 130095, 34.3, 62.2, 1.01
A, 679030, 366136, 696626, 888825, 398748, 119996, 574743, 130108, 34.3, 62.2, 0.99
A, 679107, 366371, 696472, 889084, 398937, 119991, 574992, 130052, 34.3, 62.2, 1.00
A, 679494, 366558, 696674, 889790, 399104, 119963, 575210, 130092, 34.3, 62.2, 1.00
A, 681323, 367038, 698562, 892136, 399612, 120242, 575833, 130388, 34.3, 62.2, 1.00
A, 681641, 367439, 698671, 892460, 399957, 120259, 576152, 130372, 34.3, 62.2, 1.01
A, 681785, 367600, 698368, 892695, 400021, 120324, 576298, 130347, 34.3, 62.2, 1.00
A, 681930, 367779, 698040, 892611, 400239, 120302, 576450, 130298, 34.3, 62.2, 1.00
A, 681869, 367923, 697841, 892644, 400331, 120232, 576588, 130180, 34.3, 62.2, 1.00
A, 682008, 368098, 697900, 893256, 400392, 120335, 576785, 130204, 34.3, 62.2, 1.00
A, 682087, 368223, 697750, 893483, 400576, 120290, 576995, 130199, 34.3, 62.2, 1.00
A, 682330, 368460, 697638, 893655, 400717, 120372, 577190, 130189, 34.3, 62.2, 1.00
A, 682707, 368683, 697614, 894117, 400917, 120347, 577420, 130118, 34.3, 62.2, 1.00
A, 682553, 368800, 697411, 894152, 401019, 120293, 577568, 130063, 34.3, 62.2, 1.00
A, 682793, 369006, 697210, 894299, 401205, 120394, 577772, 130112, 34.3, 62.2, 1.00
A, 682767, 369038, 697083, 894527, 401248, 120296, 577826, 130058, 34.3, 62.2, 0.99
A, 683126, 369252, 697291, 895205, 401407, 120411, 578077, 130095, 34.3, 62.2, 1.01
A, 683429, 369434, 697457, 895587, 401579, 120347, 578318, 130070, 34.3, 62.2, 1.00
A, 683685, 369606, 697403, 895865, 401876, 120403, 578540, 130042, 34.3, 62.2, 1.00
A, 683870, 369729, 697187, 895953, 401874, 120407, 578695, 130003, 34.3, 62.2, 1.00
A, 684000, 369807, 697317, 896375, 402090, 120421, 578884, 130062, 34.3, 62.2, 0.99
A, 684334, 370062, 697457, 896858, 402250, 120566, 579128, 130057, 34.3, 62.2, 1.00
A, 684592, 370107, 697399, 897138, 402390, 120492, 579271, 130060, 34.3, 62.2, 0.99
A, 685157, 370434, 697778, 897943, 402638, 120573, 579595, 130091, 34.3, 62.2, 1.00
A, 687314, 370810, 700212, 900556, 403162, 120755, 580305, 130453, 34.3, 62.2, 1.01
A, 687314, 371144, 699924, 900377, 403322, 120775, 580388, 130308, 34.3, 62.2, 1.00
A, 687250, 371257, 699713, 900537, 403482, 120763, 580454, 130233, 34.3, 62.2, 1.00
A, 687077, 371350, 699297, 900538, 403452, 120704, 580573, 130215, 34.3, 62.3, 1.00
A, 687247, 371468, 699196, 900741, 403591, 120704, 580708, 130215, 34.3, 62.3, 1.00
A, 687262, 371617, 699150, 900751, 403621, 120822, 580834, 130154, 34.3, 62.2, 1.00
A, 687452, 371734, 699088, 901168, 403812, 120725, 581054, 130127, 34.3, 62.2, 0.99
A, 687442, 371795, 698934, 901208, 403849, 120740, 581117, 130012, 34.3, 62.3, 1.01
A, 687436, 371927, 698800, 901392, 403904, 120789, 581248, 130032, 34.3, 62.3, 1.00
A, 687661, 372098, 698711, 901527, 404057, 120756, 581416, 130006, 34.3, 62.3, 1.00
A, 687801, 372123, 698540, 901550, 404132, 120781, 581514, 130022, 34.3, 62.3, 1.00
A, 687677, 372250, 698355, 901691, 404268, 120762, 581647, 129916, 34.3, 62.3, 1.01
A, 687735, 372240, 698179, 901886, 404218, 120737, 581729, 129823, 34.3, 62.3, 0.99
A, 688053, 372356, 698462, 902423, 404492, 120855, 581968, 129952, 34.3, 62.3, 0.99
A, 688417, 372568, 698630, 902794, 404621, 120883, 582156, 129917, 34.3, 62.3, 0.99
A, 688462, 372704, 698420, 902771, 404689, 120829, 582281, 129917, 34.3, 62.3, 1.00
A, 688500, 372621, 698253, 903012, 404786, 120840, 582344, 129936, 34.3, 62.3, 0.99
A, 689137, 372905, 698819, 903853, 405039, 120892, 582608, 129963, 34.3, 62.3, 1.01
A, 689235, 372908, 698762, 903942, 405084, 120906, 582775, 129980, 34.3, 62.3, 1.01
A, 689415, 373109, 698920, 904410, 405248, 120934, 582928, 129968, 34.3, 62.3, 1.00
A, 691256, 373465, 701050, 906782, 405631, 121159, 583407, 130218, 34.3, 62.3, 1.01
A, 691534, 373648, 701006, 906693, 405895, 121156, 583670, 130207, 34.3, 62.3, 1.00
A, 691256, 373710, 700609, 906595, 405859, 121192, 583675, 130080, 34.3, 62.3, 1.01
A, 691344, 373853, 700608, 906982, 405959, 121119, 583750, 130180, 34.3, 62.3, 1.01
A, 691308, 373958, 700426, 906930, 406034, 121167, 583822, 130020, 34.3, 62.3, 1.00
A, 691544, 374081, 700664, 907271, 406108, 121153, 583981, 130051, 34.3, 62.3, 1.00
A, 691681, 374156, 700574, 907483, 406236, 121231, 584057, 129993, 34.3, 62.3, 0.99
A, 692013, 374316, 700734, 907708, 406352, 121274, 584256, 130092, 34.3, 62.3, 1.01
A, 691785, 374305, 700404, 907500, 406371, 121211, 584255, 129964, 34.3, 62.3, 1.01
A, 691718, 374341, 700281, 907732, 406400, 121249, 584322, 129952, 34.3, 62.3, 1.00
A, 691779, 374497, 700234, 907794, 406494, 121253, 584517, 129876, 34.3, 62.3, 0.99
A, 691750, 374414, 700059, 907931, 406461, 121220, 584518, 129916, 34.3, 62.3, 1.01
A, 691949, 374627, 700130, 908104, 406682, 121282, 584699, 129840, 34.3, 62.3, 0.99
A, 691869, 374540, 700002, 908184, 406643, 121187, 584736, 129805, 34.3, 62.3, 1.01
A, 692307, 374734, 700271, 908636, 406792, 121260, 584937, 129882, 34.3, 62.3, 1.00
A, 692418, 374788, 700415, 908837, 406901, 121306, 584986, 129817, 34.3, 62.3, 1.00
A, 692409, 374851, 700080, 908798, 406939, 121287, 585109, 129865, 34.3, 62.3, 1.00
A, 692809, 374963, 700534, 909535, 407150, 121298, 585341, 129843, 34.3, 62.3, 1.00
A, 693131, 375049, 700855, 910003, 407225, 121339, 585377, 129859, 34.3, 62.3, 1.00
A, 693179, 375123, 700618, 910066, 407293, 121376, 585518, 129844, 34.3, 62.4, 1.00
A, 694681, 375430, 702474, 912088, 407667, 121528, 586004, 130157, 34.3, 62.4, 1.00
A, 695021, 375695, 702713, 912328, 407871, 121582, 586177, 130039, 34.3, 62.4, 1.00
A, 694693, 375674, 702193, 911987, 407844, 121573, 586172, 129995, 34.3, 62.4, 1.00
A, 694957, 375778, 702327, 912446, 407960, 121625, 586303, 130068, 34.3, 62.4, 0.99
A, 695054, 375904, 702377, 912406, 408001, 121608, 586337, 129885, 34.3, 62.4, 1.00
A, 694867, 375899, 702171, 912280, 408037, 121544, 586352, 129893, 34.3, 62.4, 1.01
A, 694855, 375932, 702147, 912553, 408035, 121605, 586438, 129932, 34.3, 62.4, 1.01
A, 694851, 375985, 702011, 912606, 408085, 121616, 586460, 129842, 34.3, 62.4, 0.99
A, 694872, 375985, 701824, 912445, 408130, 121583, 586552, 129775, 34.3, 62.4, 1.00
A, 694582, 375958, 701411, 912256, 408136, 121518, 586566, 129710, 34.3, 62.4, 1.01
A, 694481, 376009, 701360, 912366, 408125, 121546, 586630, 129683, 34.3, 62.4, 1.01
A, 694472, 376094, 701139, 912219, 408264, 121625, 586701, 129668, 34.3, 62.4, 1.00
A, 694434, 375984, 701104, 912423, 408225, 121615, 586733, 129661, 34.3, 62.4, 1.00
A, 694425, 376126, 701080, 912498, 408346, 121596, 586956, 129559, 34.3, 62.4, 1.00
A, 694589, 376094, 700920, 912373, 408317, 121583, 586820, 129507, 34.3, 62.4, 0.99
A, 694939, 376120, 701244, 912976, 408437, 121619, 587013, 129623, 34.3, 62.4, 1.00
A, 695060, 376235, 701407, 913351, 408569, 121690, 587070, 129694, 34.3, 62.4, 1.01
A, 695088, 376207, 701425, 913390, 408623, 121718, 587203, 129658, 34.3, 62.4, 0.99
A, 695573, 376351, 701877, 913998, 408771, 121700, 587400, 129718, 34.3, 62.4, 1.01
A, 695849, 376457, 702143, 914157, 408864, 121740, 587482, 129670, 34.3, 62.4, 0.99
A, 697335, 376753, 703979, 916257, 409210, 121862, 587969, 129978, 34.3, 62.4, 1.01
A, 697555, 376900, 703924, 916268, 409371, 121914, 588071, 129869, 34.3, 62.4, 1.00
A, 697379, 376957, 703780, 916171, 409318, 121980, 588094, 129837, 34.3, 62.5, 1.00
A, 697142, 376982, 703480, 916062, 409331, 121932, 588031, 129820, 34.3, 62.5, 0.99
A, 697231, 377051, 703605, 916306, 409407, 121930, 588212, 129845, 34.3, 62.5, 1.00
A, 697135, 377026, 703409, 916170, 409430, 121946, 588167, 129704, 34.3, 62.5, 1.00
A, 697013, 377003, 703087, 916063, 409432, 121911, 588230, 129673, 34.3, 62.5, 1.00
A, 696980, 377033, 703197, 916347, 409475, 121928, 588285, 129756, 34.3, 62.5, 1.00
A, 696931, 377053, 703026, 916177, 409449, 121849, 588323, 129627, 34.3, 62.5, 1.01
A, 697024, 377105, 703070, 916411, 409607, 121965, 588400, 129675, 34.3, 62.5, 1.00
A, 697303, 377262, 703206, 916514, 409679, 121919, 588592, 129652, 34.3, 62.5, 1.00
A, 697422, 377305, 703140, 916645, 409737, 122029, 588583, 129613, 34.3, 62.5, 1.00
A, 697397, 377357, 702998, 916688, 409826, 121997, 588711, 129608, 34.3, 62.5, 0.99
A, 697348, 377258, 703059, 916914, 409806, 122027, 588713, 129624, 34.3, 62.5, 1.01
A, 697263, 377400, 702885, 916698, 409940, 122017, 588812, 129536, 34.3, 62.5, 1.00
A, 696966, 377309, 702405, 916500, 409810, 121905, 588745, 129416, 34.3, 62.5, 1.01
A, 697188, 377281, 702680, 916799, 409930, 121938, 588876, 129453, 34.3, 62.5, 0.99
A, 697350, 377358, 702786, 917099, 409973, 121968, 588981, 129499, 34.3, 62.5, 1.00
A, 697476, 377363, 702822, 917220, 410041, 121938, 589088, 129478, 34.3, 62.5, 0.99
A, 697951, 377532, 703310, 917833, 410136, 122041, 589261, 129561, 34.3, 62.5, 1.00
A, 700039, 377879, 705548, 920156, 410678, 122301, 589757, 129858, 34.3, 62.5, 0.99
A, 699992, 378065, 705127, 919788, 410742, 122179, 589804, 129691, 34.2, 62.5, 1.00
A, 699340, 377994, 704727, 919724, 410611, 122217, 589711, 129644, 34.2, 62.5, 0.99
A, 699269, 377997, 704602, 919581, 410612, 122129, 589685, 129587, 34.3, 62.5, 1.00
A, 699265, 378062, 704616, 919753, 410688, 122243, 589821, 129623, 34.3, 62.5, 1.00
A, 699448, 378111, 704589, 919782, 410707, 122251, 589854, 129616, 34.2, 62.5, 1.01
A, 699643, 378204, 704791, 919997, 410734, 122182, 589931, 129529, 34.2, 62.5, 1.00
A, 699450, 378198, 704541, 919816, 410752, 122185, 589949, 129457, 34.3, 62.5, 1.00
A, 699516, 378235, 704642, 919966, 410818, 122293, 590025, 129516, 34.3, 62.5, 0.99
A, 699443, 378189, 704603, 920076, 410882, 122234, 590008, 129491, 34.3, 62.5, 0.99
A, 699254, 378146, 704252, 919976, 410775, 122221, 589979, 129454, 34.3, 62.5, 1.00
A, 699568, 378236, 704409, 920173, 410955, 122211, 590151, 129463, 34.3, 62.5, 1.01
A, 699575, 378230, 704446, 920256, 410987, 122260, 590158, 129442, 34.3, 62.5, 0.99
A, 699357, 378239, 704313, 920137, 411023, 122243, 590243, 129413, 34.3, 62.6, 0.99
A, 699209, 378176, 704135, 920206, 410993, 122281, 590200, 129357, 34.3, 62.6, 1.01
A, 699701, 378292, 704638, 920580, 410987, 122314, 590339, 129441, 34.3, 62.6, 1.00
A, 699836, 378305, 704699, 920919, 411160, 122323, 590477, 129431, 34.3, 62.6, 1.01
A, 700055, 378361, 704979, 920996, 411224, 122379, 590528, 129356, 34.3, 62.6, 1.01
A, 700045, 378401, 704792, 920952, 411233, 122331, 590568, 129341, 34.3, 62.6, 1.00
A, 700096, 378379, 704905, 921357, 411330, 122367, 590585, 129382, 34.3, 62.6, 0.99
A, 702055, 378749, 707271, 923717, 411708, 122611, 591112, 129700, 34.3, 62.6, 0.99
A, 701782, 378906, 706921, 923361, 411746, 122602, 591157, 129651, 34.3, 62.6, 1.01
A, 702040, 378980, 707091, 923559, 411820, 122609, 591189, 129696, 34.3, 62.6, 1.00
A, 701863, 378960, 707041, 923469, 411805, 122653, 591210, 129549, 34.3, 62.6, 1.00
A, 701505, 378854, 706679, 923172, 411718, 122605, 591126, 129480, 34.3, 62.5, 0.99
A, 701407, 378785, 706447, 922969, 411681, 122556, 591026, 129404, 34.3, 62.5, 1.01
A, 701463, 378932, 706639, 923225, 411814, 122636, 591162, 129451, 34.3, 62.6, 1.00
A, 701378, 378888, 706518, 923213, 411794, 122595, 591183, 129490, 34.3, 62.6, 1.00
A, 701659, 379055, 706943, 923634, 411956, 122643, 591334, 129475, 34.3, 62.6, 0.99
A, 701746, 379047, 706998, 923576, 411883, 122590, 591372, 129429, 34.3, 62.6, 0.99
A, 701535, 379048, 706801, 923517, 411927, 122649, 591337, 129379, 34.3, 62.6, 0.99
A, 701294, 378960, 706519, 923329, 411854, 122653, 591322, 129297, 34.3, 62.6, 1.00
A, 701158, 379051, 706311, 922923, 411839, 122620, 591353, 129352, 34.3, 62.6, 1.01
A, 701109, 378901, 706056, 922946, 411831, 122578, 591287, 129183, 34.3, 62.6, 0.99
A, 700837, 378864, 705897, 922772, 411947, 122618, 591325, 129145, 34.3, 62.6, 0.99
A, 700955, 378849, 706027, 922952, 411912, 122617, 591339, 129213, 34.3, 62.6, 1.00
A, 701254, 378870, 706349, 923516, 411961, 122650, 591520, 129260, 34.3, 62.6, 1.00
A, 701458, 379015, 706529, 923686, 412022, 122651, 591528, 129305, 34.3, 62.6, 1.00
A, 701457, 378974, 706579, 923449, 412132, 122671, 591582, 129200, 34.3, 62.6, 1.01
A, 701482, 378926, 706446, 923716, 412005, 122700, 591626, 129293, 34.3, 62.6, 1.00
A, 703727, 379387, 709280, 926499, 412673, 122896, 592281, 129622, 34.3, 62.6, 1.00
A, 703490, 379515, 709013, 926295, 412699, 122849, 592210, 129450, 34.3, 62.6, 1.01
A, 703532, 379596, 708961, 926154, 412657, 122916, 592256, 129502, 34.3, 62.6, 1.00
A, 703171, 379538, 708683, 925900, 412648, 122913, 592227, 129398, 34.3, 62.6, 1.00
A, 703033, 379516, 708318, 925696, 412644, 122857, 592212, 129403, 34.3, 62.6, 0.99
A, 702752, 379499, 708004, 925343, 412513, 122821, 592141, 129270, 34.3, 62.6, 1.00
A, 702722, 379390, 708231, 925634, 412626, 122854, 592228, 129265, 34.3, 62.6, 0.99
A, 702637, 379483, 708045, 925578, 412582, 122843, 592154, 129227, 34.3, 62.6, 1.01
A, 702711, 379464, 708180, 925629, 412570, 122857, 592249, 129251, 34.3, 62.6, 1.00
A, 702781, 379547, 708205, 925673, 412670, 122891, 592337, 129230, 34.3, 62.6, 0.99
A, 702733, 379464, 708179, 925590, 412670, 122876, 592311, 129206, 34.3, 62.6, 1.01
A, 702590, 379482, 708115, 925591, 412625, 122844, 592298, 129140, 34.3, 62.6, 0.99
A, 702583, 379409, 708055, 925566, 412618, 122878, 592294, 129132, 34.3, 62.6, 1.00
A, 702494, 379517, 707887, 925438, 412771, 122868, 592411, 129090, 34.3, 62.6, 1.01
A, 702475, 379423, 707977, 925589, 412691, 122920, 592450, 129147, 34.3, 62.6, 1.00
A, 702572, 379533, 708024, 925405, 412789, 122864, 592404, 129110, 34.3, 62.6, 1.01
A, 702214, 379286, 707694, 925259, 412598, 122843, 592332, 129061, 34.3, 62.6, 1.00
A, 702482, 379356, 707886, 925657, 412737, 122868, 592402, 129046, 34.3, 62.6, 1.01
A, 702528, 379408, 708052, 925851, 412730, 122959, 592446, 129075, 34.3, 62.6, 1.00
A, 702734, 379377, 708207, 925825, 412785, 122948, 592541, 129084, 34.3, 62.6, 0.99
A, 704776, 379684, 710702, 928520, 413302, 123188, 593107, 129507, 34.3, 62.6, 1.00
A, 704573, 379922, 710638, 928246, 413348, 123169, 593126, 129284, 34.3, 62.6, 1.00
A, 704457, 379853, 710273, 927901, 413260, 123161, 593019, 129295, 34.3, 62.6, 0.99
A, 704285, 379911, 710244, 928091, 413259, 123130, 593136, 129249, 34.3, 62.6, 1.00
A, 704047, 379798, 710089, 927864, 413163, 123112, 593016, 129228, 34.3, 62.6, 1.00
A, 704114, 379844, 710218, 927983, 413287, 123204, 593090, 129231, 34.3, 62.6, 1.00
A, 704223, 379831, 710191, 927935, 413226, 123223, 593084, 129270, 34.3, 62.6, 1.00
A, 704298, 379933, 710633, 928281, 413353, 123265, 593175, 129182, 34.3, 62.6, 1.01
A, 703964, 379911, 710138, 927879, 413273, 123153, 593099, 129136, 34.3, 62.6, 1.00
A, 703844, 379823, 710115, 927625, 413229, 123190, 593102, 129104, 34.3, 62.6, 1.00
A, 704057, 379873, 710406, 928005, 413381, 123211, 593147, 129106, 34.3, 62.6, 0.99
A, 703935, 379820, 710152, 927775, 413375, 123167, 593180, 129043, 34.3, 62.6, 0.99
A, 703850, 379845, 709846, 927500, 413238, 123188, 593112, 129048, 34.3, 62.6, 1.01
A, 703662, 379748, 709860, 927651, 413313, 123124, 593172, 129014, 34.3, 62.6, 0.99
A, 703483, 379819, 709754, 927514, 413288, 123167, 593174, 128997, 34.3, 62.6, 1.00
A, 703372, 379746, 709704, 927397, 413277, 123119, 593095, 128894, 34.3, 62.6, 1.00
A, 703298, 379767, 709594, 927274, 413319, 123155, 593161, 128879, 34.3, 62.7, 1.01
A, 703322, 379610, 709585, 927203, 413262, 123161, 593147, 128871, 34.3, 62.7, 1.00
A, 703420, 379681, 709736, 927458, 413235, 123162, 593161, 128918, 34.3, 62.7, 0.99
A, 703602, 379705, 709880, 927623, 413301, 123164, 593216, 128919, 34.3, 62.6, 1.01
A, 704991, 379787, 711797, 929571, 413669, 123355, 593667, 129141, 34.3, 62.6, 1.00
A, 705261, 380065, 712047, 929764, 413736, 123429, 593802, 129226, 34.3, 62.6, 1.00
A, 705190, 380124, 711960, 929424, 413852, 123334, 593757, 129099, 34.3, 62.6, 1.00
A, 704919, 380007, 711671, 929276, 413749, 123349, 593651, 129090, 34.3, 62.7, 1.01
A, 704876, 380074, 711795, 929527, 413736, 123347, 593748, 129096, 34.3, 62.7, 1.01
A, 704748, 380058, 711653, 929339, 413795, 123352, 593759, 129087, 34.3, 62.6, 1.00
A, 704695, 379992, 711568, 929136, 413731, 123387, 593734, 129085, 34.3, 62.6, 1.00
A, 704932, 380056, 711961, 929585, 413793, 123387, 593753, 129036, 34.3, 62.7, 1.00
A, 704887, 380092, 712007, 929467, 413818, 123386, 593803, 128968, 34.3, 62.7, 1.01
A, 704781, 380028, 711713, 929180, 413821, 123430, 593735, 128908, 34.3, 62.6, 1.00
A, 704643, 380050, 711742, 929420, 413821, 123462, 593843, 128953, 34.3, 62.6, 1.00
A, 704526, 380057, 711706, 929378, 413726, 123424, 593792, 128891, 34.3, 62.7, 1.00
A, 704582, 380034, 711658, 929303, 413801, 123451, 593860, 128943, 34.3, 62.7, 1.00
A, 704946, 380063, 712035, 929559, 413925, 123463, 593970, 128920, 34.3, 62.7, 0.99
A, 704675, 380074, 711958, 929540, 413873, 123380, 593916, 128839, 34.3, 62.7, 1.00
A, 704630, 380095, 711702, 929192, 413947, 123446, 593915, 128826, 34.3, 62.7, 0.99
A, 704588, 379961, 711760, 929241, 413863, 123441, 593881, 128872, 34.3, 62.7, 1.00
A, 704279, 380034, 711575, 929071, 413872, 123385, 593915, 128823, 34.3, 62.7, 1.00
A, 704254, 379920, 711511, 928910, 413785, 123371, 593869, 128601, 34.3, 62.7, 1.00
A, 703874, 379712, 711215, 928813, 413743, 123375, 593779, 128665, 34.3, 62.7, 1.00
A, 704762, 379922, 712253, 929803, 413892, 123457, 593982, 128912, 34.3, 62.7, 1.01
A, 704910, 380007, 712373, 929959, 413955, 123513, 594114, 128888, 34.3, 62.7, 1.00
A, 705097, 380111, 712679, 930311, 414101, 123551, 594216, 128859, 34.3, 62.7, 0.99
A, 705320, 380096, 712725, 930295, 414069, 123492, 594223, 128830, 34.3, 62.7, 1.00
A, 705071, 380065, 712623, 930047, 414112, 123479, 594200, 128796, 34.3, 62.7, 1.01
A, 705241, 380114, 712762, 930377, 414082, 123554, 594275, 128851, 34.3, 62.7, 1.00
A, 705176, 380086, 712695, 930210, 414116, 123517, 594231, 128801, 34.3, 62.7, 1.00
A, 705262, 380069, 712975, 930575, 414208, 123588, 594322, 128833, 34.3, 62.7, 1.00
A, 705196, 380146, 712830, 930450, 414141, 123570, 594360, 128848, 34.3, 62.7, 1.00
A, 705376, 380121, 713044, 930437, 414201, 123547, 594360, 128756, 34.3, 62.7, 1.00
A, 705214, 380038, 712911, 930340, 414185, 123498, 594375, 128730, 34.3, 62.7, 1.00
A, 705100, 380077, 712908, 930476, 414172, 123457, 594351, 128739, 34.3, 62.7, 0.99
A, 705390, 380170, 713204, 930768, 414339, 123578, 594449, 128730, 34.3, 62.7, 0.99
A, 705478, 380131, 713386, 930865, 414260, 123596, 594510, 128821, 34.3, 62.7, 1.00
A, 705758, 380240, 713530, 931067, 414386, 123646, 594629, 128753, 34.3, 62.7, 1.01
A, 705619, 380217, 713524, 930995, 414397, 123556, 594593, 128753, 34.3, 62.7, 1.01
A, 705309, 380138, 713103, 930620, 414314, 123483, 594558, 128681, 34.3, 62.7, 0.99
A, 705249, 380084, 713099, 930825, 414329, 123555, 594555, 128656, 34.3, 62.7, 1.00
A, 705462, 380164, 713434, 931032, 414362, 123590, 594589, 128646, 34.3, 62.7, 1.00
A, 705763, 380204, 713734, 931367, 414459, 123675, 594753, 128671, 34.3, 62.7, 1.00
A, 707897, 380621, 716303, 933828, 414927, 123891, 595303, 129045, 34.3, 62.7, 1.00
A, 707721, 380776, 715950, 933329, 414973, 123837, 595257, 128965, 34.3, 62.7, 0.99
A, 707265, 380683, 715571, 933132, 414914, 123886, 595206, 128887, 34.3, 62.7, 1.00
A, 707315, 380767, 715525, 933069, 414898, 123861, 595197, 128873, 34.3, 62.7, 0.99
A, 707164, 380757, 715541, 933079, 414843, 123838, 595131, 128860, 34.3, 62.7, 0.99
A, 707190, 380787, 715710, 933235, 414921, 123913, 595246, 128871, 34.3, 62.7, 1.00
A, 707142, 380738, 715687, 933071, 414883, 123842, 595203, 128869, 34.3, 62.7, 1.01
A, 707016, 380781, 715522, 932996, 414866, 123812, 595161, 128792, 34.3, 62.7, 0.99
A, 706841, 380798, 715408, 932957, 414833, 123845, 595206, 128835, 34.3, 62.7, 1.00
A, 706660, 380721, 715275, 932730, 414833, 123815, 595186, 128764, 34.3, 62.7, 1.01
A, 706971, 380785, 715402, 932763, 414903, 123834, 595215, 128760, 34.3, 62.7, 0.99
A, 706686, 380700, 715119, 932462, 414781, 123812, 595115, 128662, 34.3, 62.7, 1.01
A, 706740, 380718, 715331, 932715, 414851, 123870, 595216, 128770, 34.3, 62.7, 0.99
A, 706671, 380707, 715251, 932547, 414816, 123835, 595142, 128626, 34.3, 62.7, 1.01
A, 706340, 380574, 714957, 932472, 414709, 123839, 595086, 128666, 34.3, 62.7, 1.01
A, 706292, 380512, 715091, 932380, 414764, 123817, 595180, 128600, 34.3, 62.7, 1.00
A, 706507, 380585, 715161, 932171, 414768, 123773, 595181, 128595, 34.3, 62.7, 1.01
A, 706173, 380581, 714858, 932098, 414803, 123812, 595170, 128490, 34.3, 62.7, 0.99
A, 706062, 380441, 714904, 932197, 414697, 123776, 595167, 128570, 34.3, 62.7, 0.99
A, 706518, 380576, 715234, 932465, 414835, 123838, 595209, 128564, 34.3, 62.7, 0.99
A, 708182, 380828, 717504, 934677, 415202, 124109, 595685, 128897, 34.3, 62.7, 1.01
A, 708064, 380987, 717331, 934404, 415271, 124019, 595665, 128767, 34.3, 62.7, 1.00
A, 707589, 380876, 716763, 933859, 415238, 123972, 595595, 128732, 34.3, 62.7, 1.00
A, 707338, 380779, 716568, 933553, 415089, 123970, 595449, 128673, 34.3, 62.7, 1.00
A, 707374, 380788, 716790, 933899, 415126, 123934, 595539, 128596, 34.3, 62.7, 1.01
A, 707186, 380768, 716498, 933603, 415112, 123866, 595497, 128634, 34.3, 62.7, 1.00
A, 707327, 380764, 716811, 933862, 415178, 124026, 595625, 128684, 34.3, 62.7, 1.00
A, 707411, 380897, 716750, 933829, 415204, 123947, 595617, 128658, 34.3, 62.7, 1.00
A, 707312, 380809, 716672, 933686, 415097, 124041, 595573, 128620, 34.3, 62.7, 1.00
A, 707293, 380792, 716817, 933976, 415194, 124042, 595632, 128588, 34.3, 62.7, 1.00
A, 707395, 380841, 716852, 933829, 415150, 124005, 595597, 128572, 34.3, 62.7, 1.00
A, 707522, 380848, 717040, 934077, 415212, 124019, 595653, 128650, 34.3, 62.7, 1.00
A, 707467, 380811, 717247, 934299, 415199, 124086, 595744, 128625, 34.3, 62.7, 1.00
A, 707717, 380870, 717329, 933988, 415251, 124046, 595722, 128564, 34.3, 62.7, 1.00
A, 707535, 380867, 717237, 934156, 415229, 124051, 595785, 128543, 34.3, 62.7, 1.00
A, 707358, 380848, 717095, 934065, 415221, 124011, 595740, 128578, 34.3, 62.7, 1.01
A, 707461, 380994, 717101, 933963, 415290, 124038, 595848, 128531, 34.3, 62.7, 1.01
A, 707451, 380881, 717204, 934036, 415248, 124069, 595819, 128562, 34.3, 62.7, 1.00
A, 707222, 380897, 717059, 933908, 415303, 124078, 595858, 128530, 34.3, 62.7, 1.01
A, 707066, 380771, 716827, 933792, 415126, 123971, 595715, 128467, 34.3, 62.7, 1.00
M, 705152, 380474, 713755, 929922, 414897, 123626, 595206, 127659, 34.3, 62.7, 0.11
M, 696346, 378615, 703339, 919886, 412395, 122597, 592330, 126099, 34.3, 62.7, 0.55
M, 688539, 376212, 693404, 909763, 409950, 121518, 589440, 124714, 34.3, 62.7, 0.76
M, 683119, 374528, 686985, 903553, 408389, 120874, 588008, 123850, 34.4, 62.8, 0.80
M, 678375, 372800, 680171, 897083, 407223, 120111, 587153, 122983, 34.4, 62.8, 0.89
M, 674625, 371546, 674591, 891979, 406549, 119473, 586908, 122277, 34.4, 62.7, 0.92
M, 672254, 370619, 670279, 888552, 406173, 118932, 586956, 121725, 34.4, 62.7, 0.95
M, 670618, 369853, 666377, 885640, 405978, 118524, 587171, 121384, 34.4, 62.7, 0.96
M, 669743, 369262, 663214, 883597, 405983, 118116, 587544, 121031, 34.4, 62.7, 0.97
M, 669100, 368623, 660345, 882193, 405944, 117765, 587863, 120786, 34.4, 62.7, 1.00
M, 669096, 368152, 658577, 881656, 406053, 117504, 588270, 120536, 34.4, 62.7, 1.00
M, 669406, 367685, 656728, 881487, 406237, 117283, 588650, 120422, 34.4, 62.6, 0.99
M, 669769, 367335, 655297, 881546, 406380, 117032, 589022, 120354, 34.4, 62.6, 1.00
M, 670762, 367122, 654474, 882187, 406699, 116973, 589630, 120337, 34.4, 62.6, 0.99
M, 671964, 366753, 653476, 882874, 407090, 116777, 590179, 120255, 34.4, 62.6, 0.99
M, 672775, 366477, 652711, 883567, 407367, 116737, 590709, 120250, 34.4, 62.6, 0.99
M, 673357, 366160, 651834, 884187, 407643, 116601, 591124, 120205, 34.4, 62.6, 1.00
M, 674633, 365985, 651424, 885408, 408129, 116600, 591739, 120240, 34.4, 62.6, 0.99
M, 675506, 365770, 651096, 886548, 408341, 116503, 592181, 120307, 34.4, 62.6, 1.00
M, 676952, 365673, 650682, 887839, 408885, 116452, 592964, 120343, 34.4, 62.6, 1.02
M, 679115, 365706, 652313, 890458, 409407, 116625, 593642, 120520, 34.4, 62.6, 1.00
M, 680247, 365773, 652363, 891791, 409993, 116636, 594311, 120564, 34.4, 62.6, 0.99
M, 681035, 365729, 652035, 892771, 410319, 116577, 594827, 120497, 34.4, 62.6, 1.01
M, 682041, 365680, 651934, 893955, 410705, 116589, 595314, 120651, 34.4, 62.6, 1.00
M, 683327, 365654, 652177, 895269, 411126, 116616, 595949, 120638, 34.4, 62.6, 0.99
M, 684219, 365704, 652305, 896613, 411648, 116565, 596512, 120697, 34.4, 62.6, 1.01
M, 685016, 365722, 652180, 897508, 411971, 116603, 597024, 120707, 34.4, 62.6, 1.00
M, 686074, 365785, 652399, 898738, 412428, 116703, 597602, 120812, 34.4, 62.6, 0.99
M, 686886, 365797, 652469, 899985, 412874, 116702, 598112, 120820, 34.4, 62.6, 1.01
M, 687757, 365942, 652692, 901128, 413273, 116679, 598655, 120872, 34.4, 62.6, 1.00
M, 688508, 365989, 652808, 902227, 413659, 116712, 599186, 120877, 34.4, 62.5, 1.00
M, 689882, 366140, 653254, 903585, 414139, 116737, 599780, 120971, 34.4, 62.5, 0.99
M, 690342, 366223, 653326, 904504, 414533, 116811, 600271, 121041, 34.4, 62.5, 1.00
M, 691110, 366405, 653423, 905558, 414981, 116839, 600771, 121070, 34.4, 62.5, 1.00
M, 691925, 366588, 653641, 906489, 415372, 116857, 601272, 121127, 34.4, 62.5, 0.99
M, 692685, 366748, 653721, 907426, 415774, 116881, 601804, 121142, 34.4, 62.5, 1.01
M, 693495, 366873, 654172, 908537, 416158, 116915, 602278, 121207, 34.4, 62.5, 1.00
M, 694686, 367201, 654959, 910034, 416596, 117024, 602765, 121331, 34.4, 62.5, 1.01
M, 695399, 367462, 655036, 911057, 417048, 117105, 603344, 121391, 34.4, 62.5, 1.00
M, 695918, 367486, 655372, 911990, 417298, 117101, 603677, 121429, 34.4, 62.5, 1.00
M, 698529, 368105, 657735, 915170, 418267, 117322, 604644, 121717, 34.4, 62.5, 0.99
M, 698665, 368358, 657297, 915264, 418429, 117289, 604887, 121636, 34.4, 62.5, 1.01
M, 698798, 368491, 657206, 915671, 418575, 117345, 605189, 121656, 34.4, 62.5, 1.00
M, 698913, 368609, 656985, 916092, 418842, 117356, 605451, 121584, 34.4, 62.5, 1.01
M, 699158, 368695, 656804, 916493, 419006, 117411, 605617, 121590, 34.4, 62.5, 1.00
M, 699668, 368892, 657004, 917293, 419375, 117406, 606018, 121604, 34.4, 62.5, 1.01
M, 700123, 369108, 656964, 917642, 419620, 117415, 606411, 121647, 34.4, 62.5, 1.00
M, 700368, 369214, 656922, 917957, 419857, 117452, 606673, 121621, 34.4, 62.5, 1.01
M, 700813, 369369, 657160, 918977, 420172, 117502, 607037, 121652, 34.4, 62.5, 1.00
M, 701091, 369487, 657100, 919331, 420343, 117465, 607292, 121681, 34.4, 62.5, 0.99
M, 701616, 369669, 657330, 920110, 420614, 117546, 607652, 121734, 34.4, 62.5, 1.00
M, 702052, 369905, 657632, 920711, 420837, 117589, 607951, 121758, 34.4, 62.5, 0.99
M, 702715, 370158, 658060, 921641, 421205, 117590, 608325, 121772, 34.4, 62.5, 1.00
M, 702903, 370306, 657919, 922028, 421425, 117609, 608614, 121746, 34.4, 62.5, 1.01
M, 703135, 370346, 657933, 922594, 421631, 117663, 608844, 121791, 34.4, 62.5, 1.00
M, 703840, 370633, 658286, 923428, 421909, 117679, 609211, 121846, 34.4, 62.4, 0.99
M, 704000, 370803, 658367, 923849, 422096, 117670, 609443, 121921, 34.4, 62.4, 1.00
M, 704812, 371072, 658814, 924463, 422402, 117771, 609815, 121924, 34.4, 62.4, 1.00
M, 704969, 371132, 658767, 925157, 422620, 117788, 610060, 121848, 34.4, 62.4, 0.99
M, 705056, 371352, 658717, 925434, 422840, 117788, 610348, 121906, 34.4, 62.4, 0.99
M, 706697, 371583, 660295, 927543, 423201, 117955, 610743, 122209, 34.4, 62.4, 1.01
M, 706841, 371998, 660115, 927704, 423543, 117956, 611182, 122064, 34.4, 62.4, 0.99
M, 706910, 372082, 659976, 927738, 423568, 117935, 611209, 122082, 34.4, 62.4, 1.00
M, 707219, 372201, 660248, 928441, 423775, 117998, 611470, 122073, 34.4, 62.4, 1.01
M, 707528, 372268, 660353, 928673, 423907, 117975, 611654, 122127, 34.4, 62.4, 0.99
M, 707603, 372425, 660374, 929272, 424058, 118024, 611849, 122113, 34.4, 62.4, 1.01
M, 708088, 372670, 660612, 929911, 424341, 118053, 612069, 122143, 34.4, 62.4, 1.00
M, 708445, 372744, 660763, 930215, 424474, 118060, 612317, 122086, 34.4, 62.4, 1.00
M, 708565, 372864, 660659, 930451, 424576, 118021, 612517, 122100, 34.4, 62.4, 1.00
M, 708754, 373014, 660909, 931127, 424787, 118145, 612711, 122152, 34.4, 62.4, 1.00
M, 709016, 373153, 661060, 931612, 424998, 118184, 612921, 122117, 34.4, 62.4, 1.00
M, 709542, 373359, 661415, 932268, 425209, 118146, 613165, 122245, 34.4, 62.4, 1.01
M, 709910, 373534, 661544, 932761, 425383, 118223, 613418, 122317, 34.4, 62.4, 1.00
M, 710235, 373647, 661770, 932993, 425606, 118263, 613645, 122263, 34.4, 62.4, 0.99
M, 710438, 373830, 661971, 933368, 425669, 118292, 613737, 122211, 34.4, 62.4, 1.00
M, 710776, 373976, 662241, 934091, 425872, 118274, 613968, 122320, 34.4, 62.4, 0.99
M, 711049, 374137, 662448, 934562, 426000, 118386, 614193, 122306, 34.4, 62.4, 0.99
M, 711026, 374144, 662137, 934575, 426078, 118357, 614300, 122335, 34.4, 62.4, 1.01
M, 711268, 374330, 662296, 934972, 426317, 118342, 614536, 122278, 34.4, 62.3, 1.01
M, 711388, 374425, 662481, 935226, 426395, 118444, 614674, 122337, 34.4, 62.3, 0.99
M, 713664, 374942, 664767, 937919, 427020, 118627, 615375, 122646, 34.4, 62.4, 1.00
M, 713651, 375020, 664782, 938133, 427139, 118641, 615427, 122555, 34.4, 62.4, 1.00
M, 713819, 375217, 664869, 938477, 427212, 118558, 615584, 122652, 34.4, 62.4, 1.01
M, 713950, 375357, 664972, 938799, 427357, 118701, 615675, 122658, 34.4, 62.3, 1.00
M, 714150, 375420, 665099, 939011, 427456, 118693, 615816, 122513, 34.4, 62.3, 1.01
M, 713897, 375488, 664620, 938825, 427435, 118664, 615858, 122550, 34.4, 62.3, 1.00
M, 713705, 375500, 664609, 938947, 427505, 118684, 615934, 122565, 34.4, 62.3, 0.99
M, 714044, 375652, 664933, 939505, 427617, 118699, 616122, 122474, 34.5, 62.3, 1.00
M, 714319, 375729, 665110, 939743, 427719, 118763, 616213, 122582, 34.5, 62.3, 1.00
M, 714715, 375930, 665353, 940442, 427896, 118779, 616421, 122657, 34.4, 62.3, 1.01
M, 714995, 376107, 665594, 940589, 428062, 118810, 616569, 122630, 34.4, 62.3, 1.01
M, 714864, 376097, 665617, 940485, 428079, 118819, 616625, 122579, 34.5, 62.3, 1.00
M, 715116, 376255, 665899, 941257, 428192, 118887, 616826, 122637, 34.5, 62.3, 1.01
M, 715164, 376346, 665943, 941423, 428330, 118857, 616916, 122691, 34.5, 62.3, 0.99
M, 715703, 376455, 666271, 941799, 428461, 118913, 617137, 122658, 34.5, 62.3, 1.01
M, 715596, 376435, 666032, 941775, 428483, 118913, 617136, 122666, 34.5, 62.3, 1.00
M, 715500, 376509, 666343, 942211, 428604, 118918, 617299, 122635, 34.5, 62.3, 1.02
M, 715749, 376569, 666488, 942397, 428596, 118933, 617362, 122625, 34.5, 62.3, 1.00
M, 716207, 376703, 666927, 942919, 428798, 119013, 617530, 122751, 34.5, 62.3, 0.99
M, 716185, 376871, 666878, 942896, 428928, 118965, 617688, 122709, 34.5, 62.3, 0.99
M, 717927, 377060, 668655, 944961, 429233, 119196, 618108, 122968, 34.5, 62.3, 1.00
M, 717659, 377307, 668377, 944918, 429459, 119144, 618257, 122853, 34.5, 62.3, 1.00
M, 717491, 377311, 668406, 945054, 429347, 119201, 618206, 122821, 34.5, 62.3, 1.01
M, 717598, 377393, 668499, 945260, 429438, 119244, 618349, 122845, 34.5, 62.3, 1.00
M, 717575, 377374, 668519, 945381, 429471, 119268, 618390, 122892, 34.5, 62.3, 1.00
M, 717731, 377478, 668537, 945276, 429489, 119171, 618387, 122817, 34.5, 62.3, 1.01
M, 717566, 377519, 668420, 945287, 429563, 119203, 618442, 122779, 34.5, 62.3, 1.00
M, 717452, 377507, 668259, 945348, 429585, 119208, 618444, 122788, 34.5, 62.3, 1.01
M, 717862, 377646, 668765, 945724, 429721, 119299, 618641, 122840, 34.5, 62.3, 1.00
M, 717762, 377676, 668768, 945980, 429763, 119231, 618718, 122877, 34.5, 62.3, 1.01
M, 718055, 377759, 669155, 946490, 429966, 119359, 618847, 122896, 34.5, 62.3, 1.00
M, 718253, 377865, 669211, 946483, 429995, 119338, 618978, 122915, 34.5, 62.3, 1.00
M, 718136, 377836, 669080, 946571, 429967, 119358, 619015, 122821, 34.5, 62.3, 1.01
M, 718335, 377940, 669495, 947095, 430069, 119354, 619140, 122914, 34.5, 62.3, 1.00
M, 718358, 378018, 669627, 947130, 430183, 119382, 619181, 122868, 34.5, 62.3, 1.00
M, 718473, 378016, 669699, 947390, 430267, 119427, 619269, 122952, 34.5, 62.3, 1.01
M, 718960, 378227, 670183, 947988, 430399, 119465, 619429, 123006, 34.5, 62.3, 0.99
M, 719109, 378239, 670190, 947915, 430493, 119491, 619635, 122973, 34.5, 62.3, 0.99
M, 719071, 378283, 670278, 947828, 430510, 119500, 619608, 122902, 34.5, 62.3, 0.99
M, 719030, 378276, 670283, 948281, 430533, 119517, 619666, 122974, 34.5, 62.3, 1.00
M, 720907, 378695, 672551, 950680, 431098, 119723, 620353, 123240, 34.5, 62.3, 1.00
M, 720907, 378774, 672387, 950510, 431083, 119732, 620279, 123184, 34.5, 62.3, 1.00
M, 720355, 378853, 671900, 950020, 431051, 119680, 620295, 123069, 34.5, 62.3, 1.01
M, 719780, 378612, 671461, 949544, 430831, 119609, 620123, 123023, 34.5, 62.3, 1.00
M, 720088, 378781, 671731, 949857, 430987, 119704, 620212, 123125, 34.5, 62.3, 1.01
M, 720224, 378762, 671887, 949999, 430999, 119680, 620297, 123079, 34.5, 62.3, 0.99
M, 720152, 378854, 671994, 950272, 431077, 119749, 620340, 123110, 34.5, 62.3, 1.00
M, 720597, 378974, 672399, 950701, 431280, 119791, 620537, 123175, 34.5, 62.3, 1.00
M, 720846, 378994, 672674, 950957, 431293, 119779, 620581, 123145, 34.5, 62.3, 0.99
M, 720687, 379056, 672547, 950989, 431315, 119783, 620658, 123115, 34.5, 62.3, 1.01
M, 720886, 379130, 672844, 951314, 431437, 119892, 620781, 123123, 34.5, 62.3, 1.00
M, 720851, 379201, 672915, 951313, 431495, 119857, 620784, 123117, 34.5, 62.3, 1.00
M, 721266, 379202, 673346, 951873, 431570, 119886, 620929, 123235, 34.5, 62.3, 0.99
M, 721437, 379298, 673442, 952159, 431623, 119957, 621086, 123246, 34.5, 62.3, 0.99
M, 721731, 379437, 674007, 952613, 431741, 119956, 621221, 123220, 34.5, 62.3, 1.00
M, 721724, 379524, 674044, 952544, 431766, 119988, 621191, 123283, 34.5, 62.3, 1.01
M, 721863, 379537, 674291, 952996, 431856, 120046, 621298, 123259, 34.5, 62.3, 1.00
M, 721706, 379531, 673984, 952760, 431780, 119991, 621286, 123271, 34.5, 62.3, 0.99
M, 721783, 379486, 674030, 952774, 431925, 119954, 621351, 123216, 34.5, 62.3, 1.00
M, 721684, 379595, 673873, 952655, 431902, 119972, 621313, 123167, 34.5, 62.3, 1.00
M, 723204, 379812, 675864, 954858, 432255, 120189, 621769, 123446, 34.5, 62.3, 0.99
M, 723187, 380014, 675850, 954545, 432392, 120139, 621858, 123350, 34.5, 62.3, 1.00
M, 722984, 379972, 675686, 954625, 432313, 120206, 621846, 123423, 34.5, 62.3, 1.00
M, 722682, 380157, 675422, 954364, 432406, 120164, 621887, 123316, 34.5, 62.3, 1.01
M, 722742, 380056, 675316, 954165, 432299, 120191, 621782, 123303, 34.5, 62.3, 0.99
M, 722909, 380105, 675618, 954680, 432365, 120176, 621914, 123350, 34.5, 62.3, 0.99
M, 722709, 380136, 675693, 954633, 432374, 120269, 621882, 123402, 34.5, 62.3, 1.00
M, 722597, 380089, 675622, 954628, 432386, 120256, 621929, 123339, 34.5, 62.3, 1.01
M, 723099, 380156, 676046, 955104, 432541, 120306, 622104, 123407, 34.5, 62.3, 1.00
M, 723217, 380248, 676264, 955216, 432532, 120298, 622131, 123396, 34.5, 62.3, 1.00
M, 723061, 380230, 676180, 955145, 432533, 120199, 622143, 123378, 34.5, 62.3, 1.01
M, 723302, 380296, 676413, 955465, 432563, 120368, 622225, 123410, 34.5, 62.3, 1.01
M, 723250, 380286, 676570, 955621, 432641, 120296, 622245, 123396, 34.5, 62.3, 1.01
M, 723522, 380401, 676869, 955970, 432674, 120401, 622394, 123452, 34.5, 62.3, 1.00
M, 723655, 380423, 677082, 956217, 432793, 120346, 622424, 123516, 34.5, 62.2, 1.00
M, 724016, 380462, 677575, 956582, 432904, 120433, 622602, 123524, 34.5, 62.2, 1.00
M, 723919, 380499, 677466, 956525, 432824, 120448, 622482, 123425, 34.5, 62.2, 1.01
M, 723841, 380530, 677507, 956670, 432922, 120448, 622602, 123513, 34.5, 62.2, 1.01
M, 723877, 380562, 677607, 956603, 432849, 120501, 622545, 123507, 34.5, 62.2, 1.00
M, 724107, 380570, 677946, 957046, 432984, 120486, 622659, 123499, 34.5, 62.2, 1.00
M, 726198, 380990, 680311, 959376, 433447, 120676, 623216, 123812, 34.5, 62.2, 1.00
M, 725965, 381135, 680176, 959147, 433483, 120723, 623205, 123764, 34.5, 62.2, 1.00
M, 725469, 381140, 679663, 958612, 433471, 120724, 623081, 123637, 34.5, 62.2, 0.99
M, 725077, 381033, 679494, 958415, 433324, 120723, 622991, 123603, 34.5, 62.2, 1.00
M, 724718, 381027, 679185, 957810, 433319, 120648, 622943, 123546, 34.5, 62.2, 1.01
M, 724626, 380990, 679026, 957651, 433165, 120616, 622860, 123437, 34.5, 62.2, 0.99
M, 724528, 380901, 679197, 957884, 433208, 120631, 622969, 123511, 34.5, 62.2, 1.00
M, 724440, 380885, 679202, 957918, 433232, 120677, 622942, 123446, 34.5, 62.2, 1.01
M, 724422, 380834, 679204, 957748, 433198, 120691, 622962, 123531, 34.5, 62.2, 1.00
M, 724645, 380856, 679631, 958199, 433259, 120745, 623015, 123583, 34.5, 62.2, 1.00
M, 724733, 380973, 679681, 958093, 433354, 120716, 623111, 123516, 34.5, 62.2, 1.00
M, 724585, 380927, 679437, 957825, 433313, 120741, 623039, 123515, 34.5, 62.2, 0.99
M, 724667, 380901, 679823, 958374, 433336, 120764, 623089, 123600, 34.5, 62.2, 1.00
M, 724630, 380895, 679994, 958501, 433283, 120738, 623143, 123538, 34.5, 62.2, 1.01
M, 724871, 380985, 680289, 958661, 433436, 120851, 623240, 123599, 34.5, 62.2, 1.00
M, 725001, 381039, 680328, 958696, 433402, 120802, 623239, 123598, 34.5, 62.2, 1.01
M, 725047, 380937, 680623, 958754, 433475, 120825, 623357, 123555, 34.5, 62.2, 0.99
M, 724898, 380990, 680540, 958708, 433394, 120802, 623362, 123578, 34.5, 62.2, 0.99
M, 724896, 380956, 680636, 958781, 433445, 120835, 623309, 123619, 34.5, 62.2, 1.01
M, 725128, 381012, 681033, 959245, 433523, 120924, 623388, 123599, 34.5, 62.2, 1.01
M, 726112, 381232, 682331, 960486, 433739, 120977, 623716, 123800, 34.5, 62.2, 1.00
M, 724499, 381404, 680862, 959049, 433782, 120950, 623587, 123579, 34.5, 62.3, 1.01
M, 725213, 381135, 681315, 959294, 433642, 120885, 623457, 123620, 34.5, 62.3, 0.99
M, 725101, 381185, 681334, 959247, 433713, 120892, 623605, 123606, 34.5, 62.2, 0.99
M, 725050, 381127, 681422, 959397, 433559, 120998, 623552, 123603, 34.5, 62.2, 1.01
M, 725376, 381141, 681885, 959943, 433729, 120991, 623671, 123678, 34.5, 62.2, 1.01
M, 725561, 381238, 682145, 960092, 433752, 120986, 623673, 123720, 34.5, 62.2, 1.00
M, 725717, 381276, 682381, 960132, 433844, 121047, 623754, 123618, 34.5, 62.2, 1.00
M, 725799, 381329, 682406, 960098, 433809, 121087, 623770, 123725, 34.5, 62.2, 1.00
M, 725604, 381289, 682350, 960375, 433872, 120992, 623777, 123648, 34.5, 62.2, 1.01
M, 725873, 381272, 682897, 960700, 433954, 121089, 623941, 123671, 34.5, 62.2, 1.00
M, 725883, 381308, 682866, 960590, 433927, 121044, 623898, 123723, 34.5, 62.2, 1.01
M, 726382, 381448, 683395, 961123, 434109, 121171, 624031, 123761, 34.6, 62.2, 1.00
M, 726479, 381462, 683716, 961336, 434071, 121168, 624086, 123764, 34.6, 62.2, 1.01
M, 726342, 381455, 683697, 961197, 434141, 121126, 624126, 123754, 34.6, 62.2, 1.00
M, 726431, 381524, 683918, 961335, 434127, 121213, 624118, 123786, 34.6, 62.2, 1.01
M, 726495, 381546, 684158, 961562, 434164, 121238, 624138, 123778, 34.6, 62.2, 1.01
M, 726412, 381594, 683961, 961234, 434178, 121192, 624196, 123694, 34.6, 62.2, 1.00
M, 726415, 381503, 683884, 961175, 434151, 121200, 624153, 123741, 34.6, 62.2, 1.00
M, 726261, 381520, 683976, 961318, 434109, 121207, 624138, 123749, 34.6, 62.2, 1.00
M, 728120, 381769, 686370, 963788, 434547, 121439, 624660, 124091, 34.6, 62.2, 1.01
M, 727979, 381950, 686204, 963440, 434632, 121481, 624648, 123973, 34.6, 62.2, 1.00
M, 727883, 382068, 686244, 963195, 434653, 121404, 624660, 123923, 34.6, 62.2, 1.00
M, 727569, 381964, 685954, 962842, 434500, 121393, 624551, 123914, 34.6, 62.2, 0.99
M, 727158, 381913, 685550, 962473, 434519, 121388, 624489, 123853, 34.6, 62.2, 0.99
M, 726879, 381845, 685571, 962345, 434358, 121419, 624373, 123825, 34.6, 62.2, 1.01
M, 727103, 381812, 685881, 962697, 434469, 121472, 624459, 123843, 34.6, 62.2, 1.00
M, 727036, 381826, 686046, 962779, 434432, 121437, 624493, 123877, 34.6, 62.2, 1.01
M, 727189, 381861, 686107, 962513, 434482, 121424, 624493, 123867, 34.6, 62.2, 0.99
M, 726931, 381794, 685992, 962349, 434377, 121410, 624451, 123759, 34.6, 62.2, 1.01
M, 726811, 381783, 686010, 962466, 434428, 121483, 624441, 123843, 34.6, 62.2, 1.00
M, 726927, 381850, 686298, 962733, 434506, 121421, 624515, 123858, 34.6, 62.2, 1.00
M, 727047, 381845, 686451, 962597, 434419, 121445, 624517, 123863, 34.6, 62.2, 0.99
M, 727213, 381867, 686880, 963108, 434498, 121542, 624581, 123893, 34.6, 62.2, 1.01
M, 727188, 381889, 686856, 962937, 434514, 121548, 624564, 123834, 34.6, 62.2, 1.00
M, 727208, 381852, 686815, 962759, 434500, 121530, 624591, 123830, 34.6, 62.2, 1.00
M, 727267, 381847, 687210, 963199, 434489, 121488, 624619, 123911, 34.6, 62.2, 1.00
M, 727262, 381827, 687319, 963314, 434551, 121609, 624659, 123929, 34.6, 62.2, 1.01
M, 727278, 381900, 687524, 963472, 434569, 121572, 624675, 123892, 34.6, 62.2, 1.00
M, 727410, 381948, 687616, 963512, 434679, 121626, 624673, 123957, 34.6, 62.2, 1.00
M, 729398, 382260, 690140, 965842, 435061, 121827, 625217, 124240, 34.6, 62.2, 1.00
M, 729090, 382407, 689929, 965423, 435077, 121732, 625194, 124147, 34.6, 62.2, 0.99
M, 728990, 382356, 689859, 965296, 435023, 121842, 625091, 124152, 34.6, 62.2, 1.00
M, 728452, 382373, 689345, 964807, 434953, 121811, 625043, 124059, 34.6, 62.2, 1.00
M, 728164, 382252, 689255, 964560, 434831, 121865, 624912, 124013, 34.6, 62.2, 1.00
M, 727838, 382288, 688943, 963964, 434863, 121746, 624903, 124005, 34.6, 62.2, 1.01
M, 727667, 382096, 689014, 963914, 434745, 121731, 624786, 123876, 34.6, 62.2, 1.00
M, 727448, 382097, 688846, 963794, 434666, 121715, 624786, 123978, 34.6, 62.2, 0.99
M, 727494, 382122, 689129, 963967, 434665, 121804, 624809, 123865, 34.6, 62.2, 1.00
M, 727440, 382083, 689082, 963757, 434682, 121784, 624764, 123940, 34.6, 62.2, 1.01
M, 727800, 382152, 689664, 964306, 434810, 121812, 624907, 123984, 34.6, 62.2, 0.99
M, 728241, 382203, 690275, 964763, 434917, 121891, 625028, 123983, 34.6, 62.2, 1.00
M, 728557, 382244, 690693, 965138, 434964, 121865, 625081, 124112, 34.6, 62.2, 0.99
M, 728957, 382396, 691300, 965822, 435117, 122007, 625237, 124165, 34.6, 62.2, 1.00
M, 729239, 382504, 691770, 966185, 435163, 121997, 625289, 124199, 34.6, 62.2, 0.99
M, 729510, 382637, 692184, 966589, 435246, 122098, 625393, 124258, 34.6, 62.2, 0.99
M, 729866, 382694, 692623, 966616, 435311, 122079, 625403, 124240, 34.6, 62.2, 0.99
M, 729518, 382651, 692665, 966713, 435264, 122093, 625407, 124236, 34.6, 62.2, 1.00
M, 729779, 382784, 693071, 967031, 435317, 122117, 625488, 124219, 34.6, 62.2, 0.99
M, 729817, 382764, 693199, 966778, 435298, 122190, 625407, 124285, 34.6, 62.2, 1.00
A, 738305, 383979, 702882, 977172, 437174, 123156, 627442, 125875, 34.6, 62.2, 0.00
A, 747487, 386576, 714038, 988793, 439622, 124396, 629952, 127532, 34.6, 62.2, 0.61
A, 753658, 388454, 722359, 997213, 441143, 125274, 631508, 128599, 34.6, 62.2, 0.76
A, 757786, 390191, 728119, 1003093, 442379, 125980, 632647, 129359, 34.6, 62.2, 0.84
A, 761536, 391738, 733419, 1007997, 443451, 126555, 633674, 129963, 34.6, 62.2, 0.90
A, 764029, 393049, 737079, 1010994, 444091, 127134, 634229, 130336, 34.6, 62.2, 0.93
A, 766188, 394559, 741059, 1014040, 444710, 127615, 634699, 130717, 34.6, 62.2, 0.97
A, 766968, 395463, 743371, 1015445, 444973, 127902, 634694, 130816, 34.6, 62.2, 0.97
A, 767524, 396481, 745581, 1016428, 445126, 128246, 634663, 130972, 34.6, 62.2, 0.99
A, 767698, 397015, 746791, 1017089, 445053, 128472, 634466, 131039, 34.6, 62.2, 0.99
A, 768005, 397774, 748560, 1017670, 445106, 128688, 634407, 131276, 34.6, 62.2, 0.99
A, 767811, 398403, 749856, 1017774, 444968, 128979, 634066, 131253, 34.6, 62.2, 0.99
A, 767593, 399013, 751089, 1017497, 444741, 129165, 633578, 131308, 34.6, 62.2, 0.99
A, 766857, 399425, 751750, 1016831, 444379, 129242, 633070, 131256, 34.6, 62.2, 0.99
A, 765941, 399769, 752250, 1016188, 444137, 129414, 632570, 131231, 34.6, 62.2, 1.00
A, 765404, 400050, 753110, 1015753, 443765, 129535, 632110, 131334, 34.6, 62.2, 1.00
A, 764625, 400270, 753476, 1014922, 443395, 129593, 631587, 131334, 34.6, 62.2, 1.00
A, 763896, 400472, 754193, 1014168, 443105, 129720, 631063, 131282, 34.6, 62.2, 1.01
A, 762666, 400677, 754241, 1012617, 442538, 129761, 630390, 131183, 34.6, 62.2, 1.00
A, 761641, 400692, 754508, 1011558, 442092, 129773, 629793, 131129, 34.6, 62.2, 1.00
A, 762241, 400967, 756651, 1012821, 441957, 130000, 629585, 131452, 34.6, 62.2, 1.01
A, 761376, 401129, 756900, 1011627, 441711, 130067, 629051, 131361, 34.6, 62.2, 0.99
A, 760180, 401066, 756681, 1010111, 441240, 130094, 628392, 131314, 34.6, 62.2, 0.99
A, 759292, 401051, 757034, 1009258, 440754, 130163, 627925, 131257, 34.6, 62.2, 1.01
A, 757755, 401022, 756801, 1007611, 440184, 130105, 627178, 131108, 34.6, 62.2, 0.99
A, 756674, 400822, 756664, 1006271, 439657, 130106, 626526, 130990, 34.6, 62.2, 1.00
A, 755488, 400530, 756399, 1004984, 439211, 130049, 626001, 130902, 34.6, 62.2, 1.00
A, 754414, 400605, 756526, 1003664, 438802, 130086, 625393, 130930, 34.6, 62.2, 1.00
A, 753467, 400268, 756317, 1002215, 438311, 130051, 624790, 130796, 34.6, 62.2, 1.00
A, 752180, 400136, 756107, 1000913, 437858, 130044, 624236, 130733, 34.6, 62.2, 0.98
A, 751376, 399800, 756135, 1000201, 437430, 130057, 623775, 130649, 34.6, 62.2, 1.01
A, 750843, 399743, 756313, 999391, 437177, 130008, 623386, 130775, 34.6, 62.2, 0.99
A, 749981, 399566, 756403, 998399, 436730, 130052, 622960, 130684, 34.6, 62.2, 1.01
A, 749101, 399267, 756378, 997152, 436325, 129977, 622412, 130599, 34.6, 62.2, 0.99
A, 748317, 399018, 756299, 996428, 435982, 130000, 622012, 130565, 34.6, 62.2, 1.01
A, 747987, 398811, 756792, 995741, 435756, 129958, 621636, 130538, 34.6, 62.2, 1.00
A, 747158, 398605, 756852, 994804, 435311, 130009, 621241, 130531, 34.6, 62.2, 1.00
A, 746610, 398484, 757048, 994318, 435107, 130018, 620893, 130591, 34.6, 62.2, 1.01
A, 746029, 398231, 757168, 993435, 434820, 129977, 620530, 130526, 34.6, 62.2, 1.00
A, 745332, 398021, 757127, 992353, 434482, 130012, 620082, 130435, 34.6, 62.2, 1.00
A, 746232, 397996, 759092, 993594, 434473, 130162, 620132, 130679, 34.6, 62.2, 1.01
A, 745394, 397835, 758916, 992638, 434168, 130105, 619711, 130570, 34.6, 62.2, 1.00
A, 744573, 397624, 758612, 991383, 433803, 130027, 619283, 130485, 34.6, 62.2, 1.00
A, 743865, 397343, 758652, 990706, 433497, 130065, 618918, 130500, 34.6, 62.2, 1.00
A, 743199, 397139, 758506, 989835, 433224, 130044, 618557, 130417, 34.6, 62.2, 1.00
A, 742520, 396867, 758378, 988658, 432865, 129987, 618140, 130318, 34.6, 62.2, 1.00
A, 741616, 396680, 758120, 987514, 432606, 129986, 617776, 130274, 34.6, 62.2, 1.00
A, 741176, 396405, 758217, 987190, 432315, 129927, 617445, 130307, 34.6, 62.2, 1.00
A, 740051, 396106, 757632, 985682, 431951, 129887, 617053, 130143, 34.6, 62.2, 1.00
A, 739608, 395874, 757554, 985108, 431723, 129918, 616833, 130163, 34.6, 62.2, 0.99
A, 738796, 395630, 757487, 984077, 431395, 129784, 616425, 130087, 34.6, 62.2, 1.00
A, 738238, 395264, 757306, 983451, 431142, 129815, 616123, 130040, 34.6, 62.2, 1.00
A, 738055, 395091, 757681, 983090, 430975, 129787, 615963, 130058, 34.6, 62.2, 1.00
A, 737745, 394929, 757768, 982726, 430798, 129760, 615766, 130016, 34.6, 62.2, 1.00
A, 737301, 394674, 757742, 982119, 430603, 129796, 615546, 130043, 34.6, 62.2, 0.99
A, 737222, 394606, 758168, 981936, 430472, 129828, 615373, 130058, 34.6, 62.2, 1.00
A, 736845, 394373, 758191, 981316, 430282, 129724, 615092, 129985, 34.6, 62.2, 1.00
A, 736302, 394154, 758138, 980717, 430045, 129795, 614908, 129922, 34.6, 62.2, 1.01
A, 736041, 394033, 758235, 980375, 429875, 129756, 614681, 129963, 34.6, 62.2, 1.01
A, 735836, 393855, 758256, 979841, 429768, 129685, 614489, 129995, 34.6, 62.2, 1.00
A, 737292, 393892, 760577, 981499, 429976, 129900, 614645, 130262, 34.6, 62.2, 0.99
A, 736562, 393903, 760154, 980392, 429775, 129826, 614442, 130141, 34.6, 62.2, 1.00
A, 736046, 393688, 760141, 979978, 429607, 129876, 614191, 130088, 34.6, 62.2, 1.01
A, 735489, 393489, 759863, 979185, 429359, 129818, 613870, 130015, 34.6, 62.2, 1.00
A, 734810, 393258, 759555, 978459, 429024, 129817, 613585, 129933, 34.6, 62.2, 1.01
A, 734411, 393077, 759641, 978049, 428991, 129753, 613382, 129919, 34.6, 62.2, 1.01
A, 734155, 392947, 759557, 977276, 428763, 129723, 613125, 129832, 34.6, 62.2, 1.00
A, 733519, 392733, 759325, 976529, 428528, 129621, 612960, 129734, 34.6, 62.2, 0.99
A, 732990, 392433, 759135, 976115, 428350, 129729, 612700, 129668, 34.6, 62.2, 1.00
A, 732408, 392285, 758876, 975037, 428110, 129640, 612456, 129705, 34.6, 62.2, 1.00
A, 732085, 392065, 758745, 974899, 427959, 129624, 612258, 129663, 34.6, 62.2, 1.00
A, 731590, 391921, 758535, 974003, 427841, 129560, 612101, 129588, 34.6, 62.2, 1.00
A, 731408, 391685, 758660, 973552, 427622, 129529, 611921, 129596, 34.6, 62.2, 1.00
A, 731320, 391579, 758944, 973682, 427558, 129549, 611805, 129658, 34.6, 62.2, 1.00
A, 731145, 391418, 758946, 973256, 427419, 129531, 611628, 129644, 34.6, 62.2, 0.99
A, 730805, 391238, 758826, 972667, 427298, 129488, 611435, 129557, 34.6, 62.2, 1.00
A, 730906, 391147, 759322, 972868, 427234, 129537, 611403, 129646, 34.6, 62.2, 1.01
A, 730572, 391051, 759348, 972387, 427122, 129485, 611196, 129552, 34.6, 62.2, 1.01
A, 729897, 390747, 758850, 971530, 426931, 129373, 611018, 129439, 34.6, 62.2, 1.00
A, 729950, 390659, 759204, 971401, 426866, 129433, 610928, 129485, 34.6, 62.2, 1.00
A, 731578, 390809, 761401, 973526, 427131, 129679, 611267, 129815, 34.6, 62.2, 0.99
A, 731510, 390935, 761539, 973233, 427149, 129596, 611191, 129811, 34.6, 62.2, 1.00
A, 730947, 390858, 761352, 972639, 426951, 129657, 611016, 129784, 34.6, 62.2, 0.99
A, 730787, 390816, 761380, 972293, 426863, 129595, 610785, 129675, 34.6, 62.2, 1.00
A, 730122, 390556, 760988, 971527, 426672, 129643, 610591, 129617, 34.6, 62.2, 1.01
A, 729581, 390340, 760590, 970891, 426444, 129552, 610307, 129509, 34.6, 62.2, 1.00
A, 729569, 390352, 760845, 970591, 426365, 129519, 610228, 129628, 34.6, 62.2, 0.98
A, 729224, 390179, 760604, 969977, 426230, 129478, 610077, 129518, 34.6, 62.2, 1.00
A, 728634, 389943, 760270, 969326, 426081, 129458, 609888, 129442, 34.6, 62.2, 1.01
A, 728338, 389756, 760223, 968902, 425946, 129427, 609727, 129370, 34.6, 62.2, 1.00
A, 728026, 389706, 760108, 968479, 425818, 129306, 609546, 129358, 34.6, 62.2, 0.99
A, 727711, 389493, 759940, 968112, 425722, 129393, 609410, 129421, 34.6, 62.2, 0.99
A, 727394, 389442, 759826, 967489, 425549, 129296, 609247, 129294, 34.6, 62.2, 0.99
A, 727015, 389205, 759593, 967047, 425424, 129284, 609094, 129290, 34.6, 62.2, 1.01
A, 727021, 389060, 759949, 967200, 425348, 129296, 609065, 129307, 34.6, 62.2, 1.00
A, 726892, 388953, 759960, 966916, 425305, 129254, 608955, 129282, 34.6, 62.2, 1.00
A, 726711, 388819, 759947, 966595, 425155, 129193, 608848, 129287, 34.6, 62.2, 0.99
A, 726915, 388812, 760396, 966830, 425132, 129274, 608785, 129314, 34.7, 62.2, 1.00
A, 726861, 388771, 760410, 966304, 425101, 129228, 608709, 129228, 34.7, 62.2, 1.00
A, 726555, 388642, 760289, 965906, 424994, 129228, 608569, 129240, 34.7, 62.2, 1.01
A, 727892, 388781, 762312, 967958, 425247, 129444, 608901, 129478, 34.7, 62.2, 1.00
A, 727770, 388867, 762274, 967617, 425244, 129418, 608860, 129494, 34.7, 62.2, 1.01
A, 727403, 388772, 762039, 967031, 425158, 129381, 608659, 129390, 34.7, 62.2, 0.99
A, 727408, 388684, 762230, 966818, 425061, 129392, 608552, 129475, 34.7, 62.2, 1.00
A, 727038, 388637, 762143, 966451, 424923, 129275, 608467, 129365, 34.7, 62.2, 0.99
A, 726539, 388500, 761850, 965888, 424855, 129316, 608271, 129270, 34.7, 62.2, 1.00
A, 726099, 388286, 761634, 965347, 424695, 129298, 608062, 129281, 34.7, 62.2, 1.01
A, 726034, 388246, 761702, 965364, 424686, 129281, 608019, 129255, 34.7, 62.2, 1.01
A, 725825, 388198, 761645, 964927, 424522, 129235, 607982, 129230, 34.7, 62.2, 1.00
A, 725833, 388086, 761652, 964489, 424422, 129233, 607827, 129106, 34.7, 62.2, 1.01
A, 725498, 387974, 761612, 964369, 424327, 129180, 607722, 129100, 34.7, 62.2, 0.99
A, 724995, 387955, 761360, 963762, 424230, 129135, 607621, 129091, 34.7, 62.2, 1.00
A, 724811, 387778, 761206, 963577, 424142, 129120, 607453, 129099, 34.7, 62.2, 1.00
A, 724313, 387686, 760955, 962815, 424015, 129056, 607314, 129043, 34.7, 62.2, 1.00
A, 724190, 387499, 760783, 962512, 423909, 128982, 607169, 128959, 34.7, 62.2, 1.00
A, 724202, 387386, 760994, 962621, 423855, 129042, 607153, 129052, 34.7, 62.2, 1.00
A, 724132, 387375, 761197, 962348, 423830, 129075, 607060, 128966, 34.7, 62.2, 1.01
A, 723927, 387267, 761024, 962227, 423766, 129076, 607001, 128969, 34.7, 62.2, 1.00
A, 724079, 387279, 761423, 962458, 423730, 128994, 606978, 129029, 34.7, 62.2, 1.00
A, 724098, 387148, 761432, 962096, 423737, 129009, 606925, 128973, 34.7, 62.2, 1.00
A, 725558, 387346, 763471, 963910, 423961, 129197, 607251, 129289, 34.7, 62.2, 0.99
A, 725355, 387436, 763546, 963815, 424059, 129227, 607199, 129223, 34.7, 62.2, 1.01
A, 724760, 387254, 762954, 962995, 423789, 129177, 606986, 129101, 34.7, 62.2, 1.00
A, 724787, 387219, 763212, 962934, 423786, 129171, 606922, 129081, 34.7, 62.2, 1.00
A, 724473, 387222, 762996, 962618, 423708, 129166, 606838, 129078, 34.7, 62.2, 0.99
A, 724345, 387104, 762803, 961961, 423624, 129110, 606780, 129033, 34.7, 62.2, 1.00
A, 723870, 386988, 762558, 961454, 423482, 129047, 606551, 128993, 34.7, 62.2, 1.01
A, 723450, 386777, 762335, 961319, 423359, 128974, 606390, 128882, 34.7, 62.2, 1.00
A, 723465, 386770, 762579, 961246, 423297, 129044, 606418, 128947, 34.7, 62.2, 1.01
A, 723299, 386675, 762350, 960917, 423236, 128984, 606247, 128935, 34.7, 62.2, 1.01
A, 723329, 386638, 762515, 960782, 423221, 128925, 606256, 128896, 34.7, 62.1, 1.00
A, 722961, 386462, 762388, 960362, 423105, 128852, 606169, 128861, 34.7, 62.1, 1.00
A, 722646, 386462, 762094, 959860, 423054, 128875, 606087, 128832, 34.7, 62.1, 1.01
A, 722468, 386312, 762108, 959791, 422857, 128878, 605933, 128836, 34.7, 62.1, 0.99
A, 722558, 386264, 762386, 959951, 422917, 128925, 605961, 128862, 34.7, 62.1, 1.00
A, 722574, 386292, 762526, 959884, 422858, 128906, 605939, 128869, 34.7, 62.1, 1.00
A, 722563, 386170, 762639, 959679, 422908, 128874, 605844, 128820, 34.7, 62.1, 0.99
A, 722350, 386168, 762488, 959349, 422833, 128837, 605841, 128788, 34.7, 62.1, 0.99
A, 721804, 386018, 762061, 958905, 422716, 128727, 605646, 128734, 34.7, 62.1, 1.00
A, 721938, 385933, 762379, 959074, 422685, 128808, 605686, 128708, 34.7, 62.1, 1.00
A, 723632, 386197, 764527, 960817, 422987, 129023, 606008, 129053, 34.7, 62.1, 1.00
A, 723679, 386364, 764735, 961033, 423054, 129040, 606062, 129041, 34.7, 62.1, 1.00
A, 723504, 386359, 764480, 960447, 422994, 128962, 605952, 128952, 34.7, 62.1, 1.00
A, 722983, 386189, 764069, 959770, 422861, 128901, 605775, 128877, 34.7, 62.1, 0.99
A, 722777, 386144, 764139, 959764, 422799, 128937, 605690, 128884, 34.7, 62.1, 1.00
A, 722407, 386058, 763761, 958735, 422633, 128794, 605572, 128767, 34.7, 62.1, 1.00
A, 722192, 385945, 763589, 959007, 422572, 128867, 605457, 128810, 34.7, 62.1, 1.01
A, 721822, 385884, 763494, 958631, 422459, 128837, 605342, 128746, 34.7, 62.1, 1.00
A, 721875, 385827, 763624, 958483, 422469, 128761, 605343, 128727, 34.7, 62.1, 1.00
A, 721575, 385703, 763515, 958157, 422332, 128699, 605180, 128638, 34.7, 62.1, 1.00
A, 721437, 385660, 763299, 957996, 422288, 128692, 605184, 128659, 34.7, 62.1, 0.99
A, 721201, 385604, 763019, 957519, 422229, 128677, 605065, 128549, 34.7, 62.1, 0.99
A, 720556, 385393, 762533, 956963, 422085, 128586, 604863, 128605, 34.7, 62.1, 1.00
A, 720634, 385422, 762627, 956788, 422053, 128626, 604889, 128576, 34.7, 62.1, 1.00
A, 720578, 385351, 762730, 956851, 422010, 128591, 604866, 128560, 34.7, 62.1, 0.99
A, 720754, 385358, 763038, 957018, 422059, 128706, 604927, 128581, 34.7, 62.1, 1.00
A, 720760, 385290, 763190, 957000, 422069, 128691, 604889, 128591, 34.7, 62.1, 1.01
A, 720916, 385256, 763286, 957016, 422043, 128661, 604884, 128617, 34.7, 62.1, 0.99
A, 720917, 385324, 763417, 956857, 422087, 128567, 604881, 128604, 34.7, 62.1, 1.00
A, 720867, 385308, 763339, 956805, 422022, 128607, 604827, 128534, 34.7, 62.1, 1.00
A, 722646, 385501, 765828, 958966, 422389, 128829, 605248, 128910, 34.7, 62.1, 1.00
A, 722336, 385630, 765588, 958726, 422394, 128793, 605187, 128862, 34.7, 62.1, 1.00
A, 722103, 385545, 765495, 958471, 422311, 128778, 605107, 128823, 34.7, 62.1, 1.00
A, 722004, 385518, 765169, 957922, 422213, 128741, 605020, 128721, 34.7, 62.1, 1.00
A, 721587, 385428, 764777, 957421, 422189, 128731, 604849, 128662, 34.7, 62.1, 1.00
A, 721375, 385438, 764830, 957496, 422074, 128720, 604859, 128662, 34.7, 62.1, 1.00
A, 721118, 385404, 764603, 957130, 422029, 128631, 604743, 128636, 34.7, 62.1, 1.00
A, 720873, 385118, 764452, 956849, 421847, 128616, 604654, 128571, 34.7, 62.1, 1.00
A, 721044, 385278, 764779, 957021, 421961, 128647, 604679, 128634, 34.7, 62.1, 1.00
A, 720975, 385276, 764605, 956565, 421936, 128630, 604563, 128628, 34.7, 62.1, 1.01
A, 720766, 385121, 764535, 956238, 421855, 128590, 604503, 128570, 34.7, 62.1, 1.01
A, 720510, 385113, 764455, 956194, 421778, 128553, 604453, 128541, 34.7, 62.1, 1.01
A, 720463, 385089, 764145, 955879, 421783, 128575, 604473, 128441, 34.7, 62.1, 1.00
A, 720191, 384927, 764099, 955795, 421699, 128580, 604336, 128546, 34.7, 62.1, 1.00
A, 720099, 385022, 764087, 955459, 421734, 128533, 604330, 128389, 34.7, 62.1, 1.00
A, 719898, 384817, 764087, 955346, 421526, 128506, 604237, 128473, 34.7, 62.1, 1.00
A, 720072, 384797, 764422, 955490, 421594, 128558, 604227, 128486, 34.7, 62.1, 0.99
A, 720178, 384829, 764585, 955632, 421549, 128535, 604232, 128469, 34.7, 62.1, 0.99
A, 720069, 384797, 764531, 955586, 421500, 128523, 604230, 128484, 34.7, 62.1, 1.00
A, 720296, 384856, 764890, 955805, 421595, 128493, 604226, 128535, 34.7, 62.1, 1.01
A, 722240, 385145, 767372, 958035, 422011, 128700, 604679, 128844, 34.7, 62.1, 1.00
A, 721304, 385120, 766324, 956883, 421862, 128597, 604459, 128628, 34.7, 62.1, 1.00
A, 721057, 385044, 766187, 956609, 421778, 128626, 604422, 128607, 34.7, 62.1, 1.00
A, 719951, 384799, 764786, 955233, 421365, 128438, 604074, 128414, 34.7, 62.1, 1.00
A, 720195, 384732, 765283, 955562, 421498, 128510, 604046, 128551, 34.7, 62.1, 0.99
A, 719429, 384645, 764353, 954444, 421302, 128374, 603898, 128305, 34.7, 62.1, 1.00
A, 719365, 384520, 764371, 954321, 421255, 128448, 603810, 128374, 34.7, 62.1, 1.00
A, 719597, 384528, 764830, 954633, 421329, 128416, 603940, 128381, 34.7, 62.1, 1.00
A, 719577, 384488, 764827, 954621, 421269, 128379, 603898, 128410, 34.7, 62.1, 1.00
A, 719796, 384577, 765219, 954995, 421315, 128343, 603952, 128432, 34.7, 62.1, 1.00
A, 719954, 384535, 765453, 954901, 421341, 128486, 603947, 128442, 34.7, 62.1, 1.01
A, 719744, 384511, 765187, 954609, 421281, 128399, 603907, 128319, 34.7, 62.1, 1.00
A, 719509, 384452, 765195, 954652, 421257, 128419, 603886, 128402, 34.7, 62.1, 1.01
A, 719531, 384466, 765245, 954336, 421301, 128394, 603834, 128332, 34.7, 62.1, 1.01
A, 719409, 384268, 765307, 954447, 421222, 128385, 603782, 128398, 34.7, 62.1, 1.00
A, 719307, 384412, 765190, 954129, 421207, 128394, 603829, 128257, 34.7, 62.1, 1.01
A, 719338, 384369, 765148, 953960, 421181, 128354, 603761, 128324, 34.7, 62.1, 0.99
A, 719416, 384320, 765370, 954303, 421217, 128329, 603738, 128416, 34.7, 62.1, 1.00
A, 719365, 384346, 765361, 954150, 421163, 128317, 603741, 128224, 34.7, 62.1, 0.99
A, 719207, 384279, 765204, 954119, 421131, 128350, 603716, 128305, 34.7, 62.1, 1.00
A, 721388, 384626, 767961, 956577, 421587, 128572, 604191, 128694, 34.7, 62.1, 1.00
A, 721299, 384858, 768026, 956246, 421613, 128546, 604223, 128620, 34.7, 62.1, 1.00
A, 720828, 384744, 767658, 955901, 421473, 128522, 604067, 128603, 34.7, 62.1, 1.00
A, 720869, 384730, 767623, 955856, 421523, 128497, 604076, 128543, 34.7, 62.1, 1.00
A, 720701, 384733, 767596, 955739, 421417, 128487, 604033, 128539, 34.7, 62.1, 0.99
A, 720740, 384687, 767663, 955672, 421452, 128469, 604052, 128549, 34.7, 62.1, 1.00
A, 720357, 384675, 767495, 955365, 421371, 128447, 603902, 128512, 34.7, 62.1, 1.00
A, 720458, 384601, 767418, 955278, 421366, 128408, 603889, 128398, 34.7, 62.1, 1.00
A, 720296, 384632, 767426, 955105, 421286, 128385, 603785, 128368, 34.7, 62.1, 0.98
A, 719915, 384558, 767158, 954878, 421227, 128450, 603792, 128387, 34.7, 62.1, 1.00
A, 720198, 384660, 767434, 954932, 421192, 128427, 603747, 128457, 34.8, 62.0, 1.01
A, 720001, 384551, 767250, 954562, 421167, 128369, 603619, 128383, 34.8, 62.0, 1.00
A, 719790, 384499, 767222, 954313, 421142, 128351, 603658, 128321, 34.8, 62.1, 0.99
A, 719671, 384413, 767146, 954300, 421050, 128343, 603614, 128340, 34.8, 62.1, 1.00
A, 719566, 384410, 767085, 954171, 421144, 128377, 603542, 128300, 34.8, 62.0, 0.99
A, 719392, 384410, 767068, 954225, 420977, 128352, 603528, 128352, 34.8, 62.0, 1.01
A, 719330, 384428, 766944, 953720, 421060, 128278, 603498, 128265, 34.8, 62.1, 1.01
A, 719277, 384275, 766893, 953631, 420914, 128268, 603440, 128250, 34.8, 62.1, 1.00
A, 719367, 384335, 767258, 954031, 420970, 128271, 603468, 128289, 34.8, 62.1, 1.00
A, 719358, 384335, 767255, 953956, 420923, 128261, 603441, 128237, 34.8, 62.0, 0.99
A, 720999, 384519, 769363, 955825, 421299, 128436, 603855, 128595, 34.8, 62.0, 1.00
A, 720997, 384633, 769454, 955883, 421339, 128537, 603839, 128563, 34.8, 62.0, 1.01
A, 720774, 384709, 768989, 955239, 421326, 128407, 603748, 128471, 34.8, 62.0, 1.00
A, 720366, 384721, 768592, 954766, 421132, 128365, 603602, 128372, 34.8, 62.0, 1.01
A, 720242, 384584, 768687, 954921, 421132, 128377, 603598, 128392, 34.8, 62.0, 1.00
A, 720091, 384564, 768686, 954751, 421023, 128372, 603550, 128412, 34.8, 62.0, 1.00
A, 720060, 384494, 768651, 954647, 421019, 128366, 603467, 128404, 34.8, 62.0, 1.01
A, 719909, 384521, 768562, 954480, 420977, 128340, 603406, 128383, 34.8, 62.0, 1.01
A, 719590, 384375, 768335, 953897, 420850, 128298, 603268, 128274, 34.8, 62.0, 0.99
A, 719386, 384319, 768194, 953565, 420768, 128242, 603222, 128249, 34.8, 62.0, 1.00
A, 719288, 384278, 768156, 953551, 420783, 128226, 603241, 128246, 34.8, 62.0, 1.00
A, 719453, 384269, 768503, 953905, 420874, 128310, 603257, 128354, 34.8, 62.0, 0.99
A, 719373, 384344, 768500, 953819, 420812, 128285, 603229, 128309, 34.8, 62.0, 1.00
A, 719695, 384329, 768596, 953736, 420830, 128318, 603285, 128326, 34.8, 62.0, 1.00
A, 719405, 384247, 768547, 953667, 420798, 128295, 603200, 128265, 34.8, 62.0, 1.00
A, 719085, 384349, 768316, 953295, 420746, 128229, 603201, 128251, 34.8, 62.0, 1.00
A, 718991, 384121, 768280, 953301, 420702, 128263, 603100, 128160, 34.8, 62.0, 1.00
A, 718798, 384160, 768044, 952875, 420669, 128160, 603066, 128137, 34.8, 62.0, 1.00
A, 718526, 384019, 767900, 952573, 420510, 128099, 602909, 128063, 34.8, 62.0, 1.00
A, 718795, 384027, 768183, 952893, 420563, 128142, 602982, 128173, 34.8, 62.0, 1.01
A, 720484, 384354, 770480, 954913, 420887, 128381, 603355, 128472, 34.8, 62.0, 1.00
A, 720300, 384394, 770300, 954802, 421019, 128379, 603397, 128386, 34.8, 62.0, 1.00
A, 720202, 384520, 770364, 954665, 420932, 128383, 603297, 128384, 34.8, 62.0, 1.00
A, 720125, 384381, 770042, 954125, 420865, 128300, 603209, 128376, 34.8, 62.0, 1.01
A, 719711, 384237, 769759, 953790, 420770, 128243, 603121, 128284, 34.8, 62.0, 1.01
A, 719554, 384277, 769794, 953911, 420736, 128219, 603102, 128317, 34.8, 62.0, 1.01
A, 719201, 384232, 769615, 953584, 420693, 128269, 603035, 128265, 34.8, 62.0, 0.99
A, 719028, 384140, 769378, 953241, 420626, 128250, 602924, 128234, 34.8, 62.0, 1.01
A, 719337, 384132, 769806, 953567, 420680, 128271, 602938, 128274, 34.8, 62.0, 0.99
A, 719346, 384177, 769645, 953194, 420651, 128216, 603000, 128207, 34.8, 62.0, 1.00
A, 719098, 384170, 769566, 952975, 420564, 128195, 602850, 128192, 34.8, 62.0, 1.01
A, 718921, 384039, 769441, 953036, 420536, 128178, 602815, 128159, 34.8, 62.0, 1.01
A, 718957, 384087, 769773, 953108, 420505, 128158, 602843, 128196, 34.8, 62.0, 0.99
A, 718987, 384071, 769567, 952858, 420497, 128191, 602777, 128218, 34.8, 62.0, 1.00
A, 719026, 384010, 769817, 952930, 420531, 128183, 602847, 128181, 34.8, 62.0, 0.99
A, 718703, 383900, 769712, 952685, 420407, 128099, 602783, 128103, 34.8, 62.0, 0.99
A, 718458, 383941, 769276, 952252, 420444, 128082, 602724, 128108, 34.8, 62.0, 1.01
A, 718382, 383823, 769377, 952152, 420311, 128063, 602652, 128060, 34.8, 62.0, 1.00
A, 718669, 383853, 769722, 952569, 420438, 128087, 602735, 128184, 34.8, 62.0, 0.99
A, 718419, 383865, 769537, 952333, 420362, 128079, 602654, 128128, 34.8, 62.0, 0.99
A, 720546, 384178, 772139, 954536, 420767, 128299, 603156, 128436, 34.8, 62.0, 0.99
A, 720114, 384300, 771720, 954138, 420812, 128222, 603071, 128313, 34.8, 62.0, 1.00
A, 719642, 384205, 771330, 953863, 420666, 128176, 602923, 128265, 34.8, 62.0, 1.00
A, 719477, 384158, 771391, 953792, 420585, 128237, 602973, 128262, 34.8, 62.0, 1.01
A, 719458, 384119, 771283, 953411, 420610, 128240, 602857, 128258, 34.8, 62.0, 0.99
A, 719567, 384130, 771521, 953628, 420550, 128247, 602898, 128279, 34.8, 62.0, 1.01
A, 719455, 384147, 771314, 953324, 420608, 128185, 602850, 128196, 34.8, 62.0, 1.01
A, 719154, 384048, 771050, 952882, 420447, 128128, 602709, 128123, 34.8, 62.0, 1.01
A, 718866, 384004, 770800, 952772, 420380, 128153, 602718, 128144, 34.8, 62.0, 1.01
A, 718738, 383977, 770823, 952630, 420272, 128085, 602644, 128095, 34.8, 62.0, 1.00
A, 718856, 383952, 771029, 952754, 420374, 128077, 602688, 128172, 34.8, 62.0, 1.01
A, 718865, 383967, 770999, 952600, 420322, 128119, 602625, 128183, 34.8, 62.0, 1.01
A, 719005, 383996, 771384, 952853, 420439, 128082, 602696, 128151, 34.8, 62.0, 1.00
A, 718752, 383907, 771207, 952564, 420308, 128117, 602655, 128150, 34.8, 62.0, 0.99
A, 718699, 383813, 771102, 952353, 420289, 128105, 602577, 128071, 34.8, 62.0, 1.00
A, 718668, 384002, 771034, 952251, 420252, 128113, 602580, 128084, 34.8, 62.0, 0.99
A, 718358, 383803, 770854, 952193, 420143, 127999, 602419, 128138, 34.8, 62.0, 1.00
A, 718228, 383783, 770782, 951927, 420227, 128087, 602519, 128017, 34.8, 61.9, 1.01
A, 718170, 383768, 770710, 951871, 420127, 127997, 602337, 128009, 34.8, 61.9, 1.00
A, 718327, 383797, 770965, 952079, 420224, 128039, 602514, 128107, 34.8, 61.9, 1.00
A, 719964, 383991, 773285, 954239, 420492, 128200, 602846, 128344, 34.8, 61.9, 0.99
A, 719713, 384137, 772877, 953708, 420525, 128241, 602792, 128325, 34.8, 61.9, 1.00
A, 719719, 384083, 772967, 953762, 420498, 128210, 602811, 128259, 34.8, 61.9, 1.01
A, 719508, 384097, 772569, 953162, 420432, 128238, 602668, 128232, 34.8, 61.9, 1.00
A, 719108, 384049, 772312, 952725, 420321, 128120, 602516, 128101, 34.8, 61.9, 1.00
A, 718941, 384002, 772273, 952753, 420262, 128121, 602538, 128177, 34.8, 61.9, 1.00
A, 718677, 383889, 772049, 952474, 420182, 128064, 602467, 128034, 34.8, 61.9, 1.00
A, 718832, 383943, 772104, 952285, 420229, 128029, 602502, 128020, 34.8, 61.9, 0.99
A, 718650, 383858, 771821, 951999, 420198, 128021, 602367, 127999, 34.8, 61.9, 0.99
A, 718339, 383815, 771637, 951810, 420109, 127904, 602344, 128021, 34.8, 61.9, 1.00
A, 718274, 383824, 771854, 952041, 420089, 127967, 602337, 127934, 34.8, 61.9, 0.99
A, 718127, 383744, 771545, 951748, 420059, 127965, 602309, 127994, 34.8, 61.9, 1.00
A, 718422, 383854, 771887, 952072, 420137, 127947, 602389, 128053, 34.8, 61.9, 0.99
A, 718565, 383857, 771878, 951900, 420196, 127991, 602419, 128012, 34.8, 61.9, 0.99
A, 718346, 383797, 771796, 951668, 420044, 127961, 602418, 128027, 34.8, 61.9, 1.00
A, 718193, 383676, 771719, 951801, 420021, 127932, 602346, 127982, 34.8, 61.9, 1.00
A, 718118, 383825, 771693, 951713, 420087, 127890, 602431, 128011, 34.8, 61.9, 1.00
A, 718201, 383731, 771536, 951586, 420008, 127928, 602353, 128009, 34.8, 61.9, 1.00
A, 718143, 383752, 771597, 951489, 420049, 127917, 602376, 127923, 34.8, 61.9, 1.00
A, 718045, 383726, 771600, 951447, 420039, 127811, 602302, 127948, 34.8, 61.9, 1.00
A, 719837, 383900, 773822, 953559, 420346, 128142, 602674, 128244, 34.8, 61.9, 1.00
A, 719782, 384085, 773862, 953349, 420422, 128147, 602694, 128195, 34.8, 61.9, 0.99
A, 719469, 384095, 773410, 953129, 420309, 128044, 602687, 128176, 34.8, 61.9, 1.00
A, 719594, 384093, 773737, 953337, 420361, 128060, 602671, 128190, 34.8, 61.9, 1.00
A, 719526, 384093, 773681, 953101, 420312, 128066, 602617, 128169, 34.8, 61.9, 1.00
A, 719180, 383973, 773256, 952715, 420172, 127956, 602457, 128028, 34.8, 61.9, 1.00
A, 719116, 384017, 773384, 952777, 420196, 128016, 602551, 128066, 34.8, 61.9, 1.00
A, 718909, 383893, 773125, 952490, 420140, 128009, 602390, 128014, 34.8, 61.9, 1.00
A, 718857, 383905, 772950, 952092, 420141, 127946, 602353, 127956, 34.8, 61.9, 1.00
A, 718553, 383822, 772698, 951817, 419992, 127851, 602267, 127981, 34.8, 61.9, 1.01
A, 718681, 383846, 772789, 951937, 420061, 127942, 602343, 127994, 34.8, 61.9, 0.99
A, 718592, 383873, 772900, 951817, 419960, 127899, 602219, 127923, 34.8, 61.9, 0.99
A, 718408, 383824, 772897, 951904, 420011, 127971, 602313, 127985, 34.8, 61.9, 0.99
A, 718622, 383782, 773227, 952130, 420063, 127926, 602299, 127985, 34.8, 61.9, 0.99
A, 718740, 383783, 773262, 951967, 420067, 127873, 602308, 127930, 34.8, 61.9, 1.01
A, 718423, 383728, 772928, 951699, 419946, 127879, 602195, 127919, 34.8, 61.9, 1.01
A, 718141, 383625, 772861, 951522, 419859, 127919, 602224, 127918, 34.8, 61.9, 1.00
A, 718092, 383658, 772684, 951183, 419910, 127836, 602096, 127845, 34.9, 61.9, 0.99
A, 717942, 383555, 772657, 951355, 419817, 127849, 602047, 127851, 34.9, 61.9, 1.01
A, 717189, 383504, 771855, 950455, 419766, 127739, 601973, 127723, 34.9, 61.9, 1.01
A, 718840, 383609, 773648, 952062, 419938, 127921, 602232, 128045, 34.9, 61.9, 0.99
A, 718929, 383770, 773941, 952529, 420092, 127918, 602361, 127999, 34.9, 61.9, 1.01
A, 718869, 383654, 774005, 952378, 420037, 127920, 602344, 128076, 34.9, 61.9, 1.01
A, 718592, 383749, 773808, 952123, 419994, 127921, 602320, 128033, 34.9, 61.9, 0.99
A, 718863, 383749, 774088, 952285, 420100, 127942, 602304, 128009, 34.9, 61.8, 1.00
A, 718817, 383663, 774182, 952061, 419970, 127853, 602309, 127980, 34.9, 61.8, 1.00
A, 718627, 383635, 773985, 951820, 419985, 127825, 602213, 127908, 34.9, 61.9, 1.00
A, 718704, 383662, 774100, 951971, 419930, 127821, 602177, 127934, 34.9, 61.9, 1.01
A, 718626, 383677, 774202, 951951, 419961, 127864, 602168, 127954, 34.9, 61.8, 1.01
A, 718721, 383681, 774303, 952083, 419954, 127919, 602245, 128010, 34.9, 61.8, 1.00
A, 718644, 383697, 774332, 952076, 419998, 127871, 602214, 128037, 34.9, 61.8, 1.01
A, 718890, 383711, 774808, 952291, 420047, 127920, 602230, 127993, 34.9, 61.8, 1.01
A, 718632, 383696, 774474, 952063, 420012, 127898, 602211, 127926, 34.9, 61.8, 1.01
A, 718321, 383658, 774276, 951817, 419916, 127880, 602205, 127905, 34.9, 61.8, 1.01
A, 718665, 383647, 774447, 951851, 419987, 127878, 602175, 128001, 34.9, 61.8, 0.99
A, 718381, 383637, 774253, 951411, 419841, 127833, 602083, 127879, 34.9, 61.8, 0.99
A, 718111, 383577, 774069, 951216, 419806, 127717, 602055, 127814, 34.9, 61.8, 1.01
A, 718110, 383566, 774074, 951294, 419786, 127845, 602054, 127782, 34.9, 61.8, 1.00
A, 717984, 383569, 773942, 951203, 419850, 127784, 602047, 127820, 34.9, 61.8, 1.01
A, 717743, 383449, 773710, 950819, 419622, 127752, 601961, 127808, 34.9, 61.8, 1.00
A, 719812, 383849, 776523, 953298, 420198, 127947, 602498, 128171, 34.9, 61.8, 1.00
A, 719662, 383924, 776191, 952959, 420274, 127934, 602446, 128061, 34.9, 61.8, 0.99
A, 719524, 383956, 776170, 953025, 420158, 127877, 602418, 128095, 34.9, 61.8, 0.99
A, 719165, 383880, 775963, 952687, 420063, 127950, 602314, 128022, 34.9, 61.8, 1.01
A, 719002, 383792, 775650, 952243, 419986, 127866, 602270, 127975, 34.9, 61.8, 1.00
A, 719010, 383796, 775825, 952431, 419977, 127895, 602173, 127944, 34.9, 61.8, 1.00
A, 718838, 383827, 775583, 951973, 419960, 127800, 602219, 127881, 34.9, 61.8, 0.99
A, 718591, 383706, 775218, 951656, 419926, 127875, 602047, 127915, 34.9, 61.8, 1.01
A, 718623, 383699, 775375, 951934, 419925, 127837, 602104, 127924, 34.9, 61.8, 0.99
A, 718390, 383642, 775483, 951792, 419871, 127875, 602055, 127877, 34.9, 61.8, 1.01
A, 718207, 383635, 775154, 951593, 419850, 127802, 602018, 127939, 34.9, 61.8, 1.00
A, 718623, 383626, 775497, 951727, 419875, 127861, 602037, 127909, 34.9, 61.8, 1.00
A, 718472, 383554, 775652, 951598, 419845, 127837, 602081, 127899, 34.9, 61.8, 1.00
A, 718287, 383585, 775491, 951415, 419764, 127784, 601996, 127839, 34.9, 61.8, 1.00
A, 718021, 383493, 775244, 951103, 419682, 127778, 601944, 127835, 34.9, 61.8, 1.01
A, 718187, 383575, 775491, 951410, 419832, 127788, 601968, 127851, 34.9, 61.8, 1.01
A, 718080, 383464, 775379, 951329, 419698, 127790, 601949, 127850, 34.9, 61.8, 1.00
A, 718310, 383575, 775587, 951328, 419757, 127773, 602003, 127841, 34.9, 61.8, 1.00
A, 718185, 383451, 775469, 951198, 419711, 127761, 601899, 127812, 34.9, 61.8, 0.99
A, 717787, 383526, 775232, 950854, 419700, 127688, 601888, 127759, 34.9, 61.8, 1.01
M, 715780, 383249, 771915, 946795, 419299, 127266, 601268, 127005, 34.9, 61.8, 0.07
M, 705793, 380985, 759386, 935120, 416481, 126080, 597909, 125237, 34.9, 61.8, 0.57
M, 698855, 378897, 750433, 926496, 414279, 125095, 595497, 124077, 34.9, 61.8, 0.73
M, 691850, 376577, 740985, 917520, 412263, 124068, 593407, 122868, 34.9, 61.8, 0.85
M, 687811, 375042, 735604, 912785, 411140, 123472, 592515, 122226, 34.9, 61.8, 0.88
M, 684276, 373663, 730325, 908022, 410224, 122861, 591686, 121747, 34.9, 61.8, 0.93
M, 681197, 372356, 725300, 903861, 409404, 122314, 591162, 121180, 34.9, 61.8, 0.96
M, 678949, 371025, 720813, 900302, 408856, 121707, 590798, 120718, 34.9, 61.8, 0.97
M, 677333, 369986, 717440, 897811, 408519, 121300, 590752, 120449, 34.9, 61.8, 0.97
M, 676202, 369204, 714867, 896176, 408271, 120928, 590712, 120233, 34.9, 61.8, 0.99
M, 675965, 368437, 712896, 895332, 408231, 120643, 590979, 120075, 34.9, 61.7, 0.99
M, 675665, 367680, 711141, 894664, 408203, 120391, 591130, 119966, 34.9, 61.7, 1.00
M, 675969, 367205, 710069, 894717, 408386, 120220, 591614, 119955, 34.9, 61.7, 0.99
M, 676453, 366656, 708746, 894521, 408620, 120026, 592073, 119899, 34.9, 61.7, 1.00
M, 676690, 366127, 707645, 894650, 408794, 119867, 592466, 119826, 34.9, 61.7, 1.00
M, 677187, 365787, 706777, 895217, 409031, 119765, 592864, 119790, 34.9, 61.7, 0.99
M, 678033, 365517, 706471, 896057, 409397, 119608, 593447, 119875, 34.9, 61.7, 1.00
M, 678813, 365115, 705876, 896649, 409616, 119578, 593901, 119862, 34.9, 61.7, 0.99
M, 680025, 365056, 705983, 897829, 410110, 119488, 594532, 119905, 35.0, 61.6, 1.00
M, 680660, 364834, 705376, 898486, 410515, 119441, 595101, 119885, 35.0, 61.6, 1.00
M, 683200, 364930, 707013, 901377, 411195, 119550, 596075, 120188, 34.9, 61.6, 1.01
M, 684042, 364941, 706910, 902433, 411699, 119518, 596630, 120206, 34.9, 61.6, 1.00
M, 684750, 364830, 706184, 902974, 412100, 119445, 597197, 120209, 35.0, 61.6, 0.99
M, 685201, 364705, 706002, 903673, 412281, 119432, 597571, 120174, 35.0, 61.6, 1.00
M, 686390, 364816, 705716, 904844, 412887, 119375, 598309, 120166, 35.0, 61.6, 1.00
M, 686930, 364652, 705594, 905485, 413105, 119345, 598668, 120193, 35.0, 61.6, 1.01
M, 687939, 364702, 705748, 906646, 413529, 119448, 599208, 120288, 35.0, 61.6, 1.00
M, 688918, 364781, 705899, 907797, 414004, 119444, 599796, 120319, 35.0, 61.6, 1.00
M, 689761, 364862, 705877, 908956, 414353, 119399, 600268, 120444, 35.0, 61.6, 1.01
M, 691016, 364973, 706457, 910425, 414864, 119447, 600969, 120486, 35.0, 61.6, 1.00
M, 692068, 365213, 706719, 911425, 415372, 119497, 601515, 120501, 35.0, 61.6, 1.00
M, 692666, 365236, 706584, 912431, 415681, 119398, 602000, 120516, 35.0, 61.5, 1.00
M, 693573, 365399, 706909, 913464, 416104, 119479, 602546, 120578, 35.0, 61.5, 1.00
M, 694337, 365607, 707001, 914457, 416531, 119509, 603032, 120622, 35.0, 61.6, 1.00
M, 695620, 365775, 707263, 915586, 417009, 119527, 603576, 120667, 35.0, 61.6, 1.00
M, 695948, 365944, 707155, 916255, 417356, 119562, 603955, 120669, 35.0, 61.5, 1.01
M, 696650, 366075, 707386, 917300, 417681, 119522, 604439, 120696, 35.0, 61.5, 1.00
M, 697405, 366242, 707396, 918161, 418010, 119556, 604801, 120762, 35.0, 61.5, 1.01
M, 698018, 366386, 707488, 919086, 418300, 119568, 605353, 120819, 35.0, 61.5, 1.00
M, 698930, 366661, 708032, 920224, 418734, 119645, 605755, 120887, 35.0, 61.5, 1.01
M, 701645, 367151, 710551, 923257, 419561, 119831, 606689, 121150, 35.0, 61.5, 0.99
M, 702047, 367504, 710342, 923782, 419834, 119827, 607049, 121157, 35.0, 61.5, 1.01
M, 702467, 367730, 710399, 924584, 420152, 119890, 607462, 121180, 35.0, 61.5, 1.01
M, 702705, 367931, 709760, 924730, 420431, 119846, 607807, 121111, 35.0, 61.5, 1.01
M, 702946, 368007, 709868, 925137, 420566, 119843, 607912, 121204, 35.0, 61.5, 0.99
M, 703402, 368352, 709751, 925806, 420992, 119793, 608449, 121154, 35.0, 61.5, 0.99
M, 703685, 368425, 709709, 926279, 421167, 119817, 608606, 121056, 35.0, 61.5, 0.99
M, 704348, 368582, 710079, 927248, 421428, 119842, 608971, 121127, 35.0, 61.5, 1.01
M, 704919, 368739, 710164, 928009, 421698, 119922, 609361, 121195, 35.0, 61.5, 0.99
M, 705291, 368933, 710204, 928549, 421929, 119873, 609620, 121263, 35.0, 61.5, 1.00
M, 706006, 369228, 710728, 929550, 422298, 120039, 610008, 121284, 35.0, 61.5, 1.01
M, 706705, 369466, 710861, 930245, 422574, 120050, 610379, 121314, 35.0, 61.5, 0.99
M, 707056, 369695, 711029, 930938, 422788, 120045, 610700, 121342, 35.0, 61.5, 1.00
M, 707587, 369871, 711199, 931556, 423006, 120090, 611010, 121342, 35.0, 61.5, 0.99
M, 707942, 370024, 711240, 932121, 423265, 120120, 611267, 121421, 35.0, 61.4, 1.00
M, 708607, 370323, 711587, 932971, 423555, 120106, 611607, 121483, 35.0, 61.4, 0.99
M, 709074, 370498, 711732, 933569, 423797, 120094, 611968, 121437, 35.0, 61.4, 1.00
M, 709393, 370638, 711834, 933948, 423994, 120100, 612171, 121457, 35.0, 61.4, 1.00
M, 709942, 370898, 712164, 934908, 424263, 120123, 612488, 121492, 35.0, 61.4, 0.99
M, 710256, 371095, 712188, 935321, 424375, 120136, 612719, 121501, 35.0, 61.4, 1.00
M, 712504, 371677, 714698, 938297, 425128, 120482, 613496, 121946, 35.0, 61.4, 1.00
M, 712908, 371936, 714577, 938454, 425346, 120426, 613705, 121791, 35.0, 61.4, 1.00
M, 712300, 372062, 713675, 937930, 425314, 120351, 613723, 121709, 35.0, 61.4, 1.00
M, 712173, 372035, 713297, 937996, 425339, 120368, 613762, 121634, 35.0, 61.4, 1.00
M, 711551, 372046, 712233, 937248, 425405, 120253, 613826, 121561, 35.0, 61.4, 1.00
M, 711804, 372134, 712299, 937810, 425472, 120264, 613944, 121596, 35.0, 61.4, 0.99
M, 712360, 372430, 712532, 938361, 425812, 120290, 614374, 121582, 35.0, 61.4, 0.99
M, 712634, 372439, 712790, 938677, 425847, 120262, 614451, 121533, 35.0, 61.4, 1.00
M, 713180, 372625, 713183, 939757, 426073, 120397, 614758, 121703, 35.0, 61.4, 1.00
M, 713672, 372831, 713536, 940449, 426346, 120442, 615087, 121767, 35.0, 61.4, 1.00
M, 714066, 372952, 713644, 940930, 426482, 120434, 615306, 121820, 35.0, 61.4, 1.00
M, 714813, 373249, 714296, 941681, 426772, 120474, 615586, 121865, 35.0, 61.4, 0.99
M, 715181, 373529, 714605, 942372, 426956, 120411, 615863, 121820, 35.0, 61.4, 1.00
M, 715395, 373642, 714743, 942810, 427148, 120543, 616025, 121817, 35.0, 61.3, 1.00
M, 715951, 373805, 715142, 943529, 427307, 120581, 616311, 121916, 35.0, 61.3, 1.01
M, 716261, 374040, 715260, 944048, 427489, 120538, 616483, 121953, 35.0, 61.3, 1.00
M, 716489, 374182, 715241, 944300, 427618, 120576, 616604, 122011, 35.0, 61.3, 1.00
M, 716959, 374336, 715840, 945124, 427851, 120638, 616924, 121977, 35.0, 61.3, 0.99
M, 717434, 374567, 716050, 945664, 428059, 120665, 617166, 121989, 35.0, 61.3, 1.00
M, 717299, 374722, 715769, 945610, 428136, 120685, 617248, 122005, 35.0, 61.3, 1.00
M, 719180, 374982, 717701, 947956, 428545, 120858, 617780, 122348, 35.0, 61.3, 1.00
M, 719527, 375392, 717983, 948352, 428818, 120895, 617971, 122307, 35.0, 61.3, 1.01
M, 719520, 375564, 717708, 948300, 428893, 120837, 618080, 122234, 35.0, 61.3, 0.99
M, 719306, 375586, 717444, 948284, 428963, 120880, 618111, 122218, 35.0, 61.3, 1.01
M, 719391, 375678, 717536, 948593, 428966, 120916, 618222, 122210, 35.0, 61.3, 1.00
M, 719528, 375903, 717357, 948758, 429137, 120876, 618399, 122181, 35.0, 61.3, 1.00
M, 719542, 375879, 717430, 948906, 429224, 120859, 618516, 122219, 35.0, 61.3, 0.99
M, 719586, 376103, 717164, 949099, 429343, 120900, 618626, 122185, 35.0, 61.3, 1.01
M, 719755, 376122, 717213, 949211, 429290, 120922, 618705, 122142, 35.0, 61.3, 0.99
M, 720035, 376305, 717623, 949893, 429470, 120881, 618842, 122246, 35.0, 61.3, 1.00
M, 720245, 376391, 717746, 950243, 429526, 120951, 619028, 122186, 35.0, 61.3, 1.00
M, 720619, 376457, 717867, 950557, 429709, 120942, 619149, 122190, 35.0, 61.3, 1.00
M, 720950, 376622, 718134, 951227, 429914, 121021, 619345, 122313, 35.0, 61.3, 1.00
M, 721256, 376823, 718258, 951186, 430042, 121029, 619517, 122310, 35.0, 61.3, 0.99
M, 721283, 376894, 718226, 951327, 430105, 121024, 619593, 122305, 35.0, 61.3, 1.00
M, 721560, 376996, 718705, 952186, 430218, 121045, 619753, 122370, 35.0, 61.3, 1.01
M, 721834, 377233, 718896, 952555, 430360, 121134, 619895, 122416, 35.0, 61.2, 1.00
M, 722227, 377240, 719090, 952924, 430440, 121191, 620105, 122447, 35.0, 61.2, 0.99
M, 722501, 377421, 719386, 953295, 430556, 121117, 620226, 122543, 35.0, 61.2, 1.00
M, 722695, 377557, 719632, 953720, 430668, 121187, 620351, 122485, 35.0, 61.2, 1.00
M, 724634, 377936, 721744, 955980, 431074, 121372, 620887, 122688, 35.0, 61.2, 0.99
M, 724802, 378202, 721892, 956413, 431284, 121421, 620996, 122681, 35.0, 61.2, 0.99
M, 724672, 378261, 721630, 956386, 431251, 121410, 621009, 122696, 35.1, 61.2, 0.99
M, 724503, 378331, 721542, 956343, 431320, 121364, 621108, 122754, 35.1, 61.2, 1.01
M, 724662, 378442, 721520, 956224, 431388, 121422, 621084, 122629, 35.1, 61.2, 1.01
M, 724522, 378492, 721456, 956375, 431385, 121339, 621164, 122655, 35.1, 61.2, 0.99
M, 724240, 378570, 721188, 956116, 431471, 121398, 621208, 122547, 35.1, 61.2, 1.00
M, 724004, 378465, 720560, 955788, 431326, 121368, 621138, 122554, 35.1, 61.2, 1.01
M, 724341, 378544, 721232, 956530, 431399, 121438, 621191, 122617, 35.1, 61.2, 1.00
M, 724543, 378582, 721454, 956841, 431569, 121453, 621406, 122679, 35.1, 61.2, 0.99
M, 724826, 378796, 721703, 957011, 431639, 121377, 621499, 122633, 35.1, 61.2, 0.99
M, 724787, 378771, 721771, 956963, 431666, 121420, 621496, 122676, 35.1, 61.2, 1.00
M, 724852, 378799, 721781, 957296, 431716, 121451, 621609, 122601, 35.1, 61.2, 0.99
M, 725105, 378978, 722210, 957851, 431810, 121533, 621740, 122698, 35.1, 61.2, 1.00
M, 725347, 379032, 722228, 957992, 431893, 121498, 621866, 122752, 35.1, 61.2, 1.01
M, 725791, 379161, 722845, 958541, 432092, 121592, 622046, 122832, 35.1, 61.2, 1.00
M, 725894, 379286, 723039, 958872, 432152, 121565, 622103, 122754, 35.1, 61.2, 0.99
M, 725623, 379206, 722903, 958759, 432137, 121576, 622056, 122711, 35.1, 61.2, 1.00
M, 725828, 379354, 722915, 959035, 432179, 121617, 622175, 122741, 35.1, 61.2, 0.99
M, 726127, 379461, 723344, 959459, 432350, 121620, 622311, 122774, 35.1, 61.2, 1.00
M, 728290, 379873, 725597, 961711, 432748, 121859, 622829, 123067, 35.1, 61.2, 1.00
M, 728011, 380007, 725383, 961230, 432816, 121822, 622880, 123024, 35.1, 61.2, 0.99
M, 727749, 380027, 725324, 961582, 432796, 121839, 622827, 122976, 35.1, 61.2, 1.00
M, 727510, 380058, 725194, 961319, 432786, 121826, 622825, 122994, 35.1, 61.2, 1.00
M, 727304, 380103, 724883, 961079, 432715, 121853, 622767, 122957, 35.1, 61.2, 1.00
M, 727398, 380092, 724912, 961056, 432838, 121839, 622848, 122837, 35.1, 61.2, 0.99
M, 726972, 380096, 724699, 960780, 432680, 121762, 622785, 122865, 35.1, 61.2, 1.01
M, 726835, 380062, 724402, 960497, 432781, 121812, 622802, 122853, 35.1, 61.2, 0.99
M, 726713, 380030, 724505, 960756, 432617, 121777, 622787, 122781, 35.1, 61.2, 1.00
M, 726878, 380054, 724715, 961133, 432719, 121843, 622916, 122905, 35.1, 61.2, 1.01
M, 726949, 380122, 724847, 961162, 432786, 121813, 622955, 122893, 35.1, 61.2, 1.00
M, 726942, 380120, 724826, 961090, 432857, 121813, 623045, 122874, 35.1, 61.2, 1.01
M, 727008, 380126, 724805, 961135, 432862, 121843, 623009, 122890, 35.1, 61.2, 1.00
M, 726864, 380146, 724847, 961267, 432871, 121809, 623082, 122839, 35.1, 61.2, 1.00
M, 727137, 380218, 725201, 961699, 433029, 121922, 623196, 122880, 35.1, 61.2, 1.00
M, 727106, 380281, 725315, 961777, 433044, 121905, 623248, 122929, 35.1, 61.2, 1.01
M, 727573, 380382, 725709, 962188, 433077, 121925, 623357, 122931, 35.1, 61.1, 0.99
M, 727765, 380421, 725784, 962172, 433147, 121893, 623418, 122968, 35.1, 61.1, 1.00
M, 727670, 380459, 725773, 962151, 433176, 121936, 623415, 122940, 35.1, 61.2, 0.99
M, 727813, 380510, 726129, 962842, 433220, 121970, 623554, 122952, 35.1, 61.2, 1.00
M, 729307, 380697, 727929, 964680, 433569, 122188, 623943, 123268, 35.1, 61.1, 1.01
M, 729619, 380958, 728053, 964704, 433719, 122150, 624087, 123265, 35.1, 61.1, 0.99
M, 729462, 381062, 728084, 964643, 433745, 122156, 624071, 123299, 35.1, 61.2, 1.00
M, 729237, 381053, 727960, 964616, 433761, 122120, 624074, 123181, 35.1, 61.2, 1.00
M, 728994, 380983, 727734, 964373, 433720, 122129, 624069, 123133, 35.1, 61.2, 1.00
M, 728785, 380958, 727565, 964255, 433633, 122174, 623977, 123097, 35.1, 61.2, 0.99
M, 728798, 381069, 727568, 964044, 433679, 122140, 624037, 123096, 35.1, 61.1, 0.99
M, 728507, 380990, 727425, 964110, 433629, 122077, 623977, 123073, 35.1, 61.1, 1.00
M, 728575, 381005, 727480, 964040, 433693, 122077, 624079, 123020, 35.1, 61.2, 1.00
M, 728510, 380994, 727457, 964149, 433615, 122091, 624020, 123075, 35.1, 61.2, 1.00
M, 728649, 380993, 727737, 964347, 433730, 122191, 624110, 123053, 35.1, 61.2, 1.01
M, 728742, 381062, 727918, 964589, 433774, 122226, 624238, 123087, 35.1, 61.1, 1.00
M, 728853, 381077, 728066, 964731, 433811, 122224, 624203, 123153, 35.1, 61.1, 1.00
M, 729336, 381218, 728457, 964943, 433923, 122207, 624320, 123153, 35.1, 61.1, 1.00
M, 729212, 381236, 728421, 964940, 433934, 122290, 624319, 123144, 35.1, 61.1, 1.00
M, 729411, 381258, 728737, 965184, 433988, 122270, 624465, 123175, 35.1, 61.1, 1.01
M, 729195, 381281, 728612, 965285, 433949, 122237, 624440, 123157, 35.1, 61.1, 0.99
M, 729541, 381351, 729122, 965699, 434046, 122279, 624582, 123280, 35.1, 61.1, 1.00
M, 729580, 381317, 729126, 965535, 434126, 122321, 624521, 123165, 35.1, 61.1, 1.01
M, 729464, 381343, 728968, 965513, 434095, 122274, 624608, 123207, 35.1, 61.1, 1.00
M, 730977, 381572, 731088, 967653, 434390, 122550, 625006, 123487, 35.1, 61.1, 1.00
M, 731020, 381779, 731098, 967628, 434526, 122565, 625046, 123453, 35.1, 61.1, 1.01
M, 730817, 381724, 730892, 967392, 434468, 122501, 625000, 123406, 35.1, 61.1, 1.00
M, 730847, 381783, 731020, 967450, 434500, 122544, 624996, 123424, 35.1, 61.1, 0.99
M, 730778, 381840, 730910, 967187, 434442, 122540, 624930, 123341, 35.1, 61.1, 1.00
M, 730476, 381845, 730821, 966818, 434443, 122422, 624894, 123326, 35.1, 61.1, 0.99
M, 730246, 381723, 730647, 966993, 434377, 122489, 624902, 123268, 35.1, 61.1, 1.00
M, 730054, 381816, 730523, 966767, 434406, 122446, 624987, 123273, 35.1, 61.1, 1.01
M, 730055, 381772, 730376, 966622, 434377, 122480, 624868, 123272, 35.1, 61.1, 1.00
M, 729871, 381747, 730393, 966484, 434373, 122498, 624921, 123267, 35.1, 61.1, 1.01
M, 729790, 381689, 730470, 966589, 434321, 122438, 624900, 123254, 35.1, 61.1, 1.01
M, 730036, 381767, 730729, 966735, 434394, 122491, 624944, 123328, 35.1, 61.1, 1.01
M, 730092, 381762, 730890, 966904, 434450, 122509, 625020, 123321, 35.1, 61.1, 0.99
M, 730145, 381756, 730985, 967058, 434443, 122547, 625056, 123367, 35.1, 61.1, 1.00
M, 730479, 381855, 731459, 967536, 434564, 122554, 625162, 123390, 35.1, 61.1, 0.99
M, 730713, 381854, 731681, 967704, 434626, 122559, 625173, 123399, 35.1, 61.1, 1.00
M, 730599, 381946, 731662, 967768, 434604, 122590, 625225, 123351, 35.1, 61.1, 1.01
M, 730697, 381936, 731908, 967967, 434660, 122605, 625330, 123321, 35.1, 61.1, 1.00
M, 730293, 381966, 731349, 967599, 434623, 122622, 625284, 123377, 35.1, 61.1, 1.01
M, 730601, 381955, 731785, 967616, 434658, 122619, 625327, 123324, 35.1, 61.1, 1.00
M, 732281, 382248, 733815, 969713, 435009, 122760, 625750, 123620, 35.1, 61.1, 1.01
M, 731882, 382262, 733461, 969347, 434990, 122765, 625684, 123539, 35.1, 61.1, 1.00
M, 731814, 382312, 733449, 969249, 435016, 122760, 625677, 123518, 35.1, 61.1, 1.01
M, 731413, 382268, 733232, 969066, 434959, 122732, 625697, 123483, 35.1, 61.1, 0.99
M, 731635, 382341, 733456, 969404, 434986, 122768, 625692, 123550, 35.1, 61.1, 1.01
M, 731573, 382325, 733528, 969087, 434989, 122755, 625663, 123480, 35.1, 61.1, 1.00
M, 731383, 382271, 733250, 968950, 434977, 122773, 625633, 123457, 35.1, 61.0, 1.01
M, 731139, 382231, 733214, 968902, 434926, 122727, 625582, 123417, 35.1, 61.0, 0.99
M, 731242, 382349, 733242, 968692, 434950, 122761, 625663, 123449, 35.1, 61.0, 1.00
M, 731137, 382259, 733122, 968667, 434872, 122722, 625630, 123461, 35.1, 61.0, 0.99
M, 730973, 382386, 733090, 968581, 434925, 122734, 625631, 123316, 35.1, 61.1, 0.99
M, 731012, 382326, 733104, 968423, 434897, 122814, 625676, 123440, 35.1, 61.1, 0.99
M, 731159, 382292, 733403, 968959, 434973, 122771, 625654, 123379, 35.1, 61.1, 1.00
M, 731205, 382371, 733507, 969012, 434980, 122769, 625683, 123454, 35.1, 61.0, 1.00
M, 731163, 382332, 733573, 969055, 435006, 122816, 625740, 123453, 35.1, 61.0, 1.00
M, 731587, 382314, 734119, 969615, 435127, 122884, 625904, 123556, 35.1, 61.0, 1.00
M, 731759, 382437, 734398, 969622, 435163, 122867, 625909, 123515, 35.1, 61.0, 1.01
M, 731317, 382334, 734151, 969385, 435101, 122796, 625873, 123444, 35.1, 61.0, 1.01
M, 731825, 382463, 734549, 969655, 435136, 122877, 626014, 123498, 35.1, 61.0, 0.99
M, 731814, 382478, 734637, 969969, 435255, 122885, 625986, 123468, 35.1, 61.0, 1.00
M, 733215, 382681, 736460, 971710, 435524, 123022, 626394, 123787, 35.1, 61.0, 1.00
M, 733317, 382881, 736668, 971866, 435686, 123083, 626418, 123825, 35.1, 61.0, 0.99
M, 733365, 382899, 736639, 971744, 435635, 123114, 626387, 123743, 35.1, 61.0, 1.00
M, 732906, 382897, 736261, 971262, 435551, 123028, 626346, 123682, 35.1, 61.0, 0.99
M, 732546, 382808, 735995, 971038, 435521, 123083, 626259, 123651, 35.1, 61.0, 0.99
M, 732733, 382890, 736193, 971191, 435497, 123033, 626322, 123690, 35.1, 61.0, 1.01
M, 732587, 382818, 736124, 971197, 435485, 123068, 626290, 123682, 35.1, 61.0, 1.00
M, 732922, 382983, 736499, 971246, 435594, 123053, 626405, 123679, 35.1, 61.0, 0.99
M, 732705, 382909, 736328, 970988, 435410, 122958, 626283, 123643, 35.1, 61.0, 1.00
M, 732424, 382881, 736180, 970898, 435562, 123050, 626376, 123566, 35.1, 61.0, 0.99
M, 732252, 382861, 736036, 970861, 435330, 123038, 626222, 123589, 35.1, 61.0, 1.01
M, 732115, 382854, 735898, 970427, 435433, 123008, 626241, 123517, 35.1, 61.0, 1.01
M, 731930, 382742, 735780, 970286, 435315, 122980, 626208, 123520, 35.1, 61.0, 0.99
M, 732100, 382782, 736120, 970748, 435440, 122969, 626306, 123576, 35.1, 61.0, 0.99
M, 732085, 382792, 736200, 970720, 435439, 122977, 626359, 123570, 35.2, 61.0, 1.00
M, 732208, 382773, 736431, 970763, 435423, 123042, 626361, 123622, 35.2, 61.0, 1.01
M, 732968, 382922, 737286, 971826, 435628, 123140, 626561, 123752, 35.2, 61.0, 0.99
M, 733299, 383107, 737766, 972102, 435772, 123166, 626707, 123709, 35.2, 61.0, 1.00
M, 733640, 383124, 737978, 972261, 435724, 123203, 626769, 123793, 35.2, 61.0, 1.00
M, 734030, 383182, 738611, 973108, 435870, 123229, 626846, 123853, 35.2, 61.0, 1.01
M, 735605, 383527, 740688, 975097, 436209, 123470, 627256, 124101, 35.2, 61.0, 1.00
M, 735455, 383728, 740516, 974762, 436277, 123458, 627297, 124115, 35.2, 61.0, 0.99
M, 735072, 383739, 740116, 974294, 436212, 123413, 627141, 124037, 35.2, 61.0, 1.00
M, 734593, 383607, 739836, 973879, 436078, 123364, 627030, 123899, 35.2, 61.0, 1.01
M, 734166, 383590, 739441, 973294, 435948, 123335, 626999, 123838, 35.2, 61.0, 1.00
M, 734141, 383583, 739550, 973322, 435895, 123336, 626884, 123864, 35.2, 61.0, 1.01
M, 733755, 383463, 739311, 973236, 435882, 123381, 626901, 123831, 35.2, 61.0, 1.00
M, 733550, 383480, 739131, 972945, 435852, 123327, 626821, 123835, 35.2, 61.0, 1.01
M, 733755, 383514, 739232, 972818, 435898, 123344, 626809, 123837, 35.2, 61.0, 1.01
M, 733531, 383443, 739075, 972677, 435815, 123313, 626785, 123749, 35.2, 61.0, 1.00
M, 733119, 383485, 738897, 972324, 435842, 123268, 626804, 123791, 35.2, 61.0, 0.99
M, 733011, 383346, 738679, 972241, 435768, 123323, 626629, 123769, 35.2, 61.0, 1.00
M, 733209, 383334, 739178, 972711, 435769, 123326, 626794, 123843, 35.2, 61.0, 1.01
M, 733351, 383358, 739403, 972764, 435843, 123407, 626770, 123874, 35.2, 61.0, 1.01
M, 733538, 383331, 739466, 972651, 435859, 123343, 626864, 123817, 35.2, 61.0, 1.01
M, 733360, 383348, 739379, 972482, 435765, 123347, 626797, 123783, 35.2, 61.0, 1.00
M, 733182, 383237, 739339, 972610, 435800, 123294, 626761, 123798, 35.2, 61.0, 0.99
M, 733379, 383287, 739675, 972888, 435875, 123365, 626883, 123804, 35.2, 61.0, 1.00
M, 733110, 383280, 739532, 972687, 435793, 123419, 626868, 123767, 35.2, 61.0, 1.01
M, 733535, 383368, 739809, 972878, 435863, 123448, 626941, 123864, 35.2, 61.0, 0.99
