State, OV, Alc, H2, AC1, NH3, AC2, VOC, LP, Temp, Hud, AirFlow
A, 712864, 357295, 1110723, 967704, 346599, 142552, 502539, 130235, 38.5, 46.1, 0.00
A, 701767, 354676, 1091457, 953659, 343843, 140709, 499436, 128436, 38.5, 46.1, 0.54
A, 691113, 351607, 1072257, 940079, 341062, 138837, 496731, 126503, 38.4, 46.1, 0.73
A, 685169, 349847, 1060917, 932761, 339806, 137687, 495888, 125520, 38.4, 46.1, 0.82
A, 678141, 348133, 1045394, 923161, 338789, 136059, 496148, 124277, 38.3, 46.0, 0.91
A, 675170, 347368, 1037583, 919035, 338613, 135191, 496625, 123730, 38.3, 46.0, 0.93
A, 673100, 346925, 1030055, 915903, 338710, 134388, 497560, 123337, 38.3, 46.0, 0.97
A, 671721, 346676, 1023167, 913572, 339022, 133615, 498604, 123059, 38.2, 45.8, 0.97
A, 671312, 346643, 1017699, 912201, 339454, 133000, 499657, 122885, 38.2, 45.8, 0.99
A, 671851, 346761, 1013417, 912175, 340031, 132466, 500887, 122801, 38.1, 45.8, 0.99
A, 672829, 347041, 1009058, 912232, 340738, 131958, 502191, 122716, 38.1, 45.8, 0.99
A, 673924, 347316, 1005701, 912804, 341353, 131528, 503392, 122640, 38.0, 45.7, 0.99
A, 675302, 347701, 1003189, 914016, 342012, 131221, 504484, 122689, 38.0, 45.7, 1.00
A, 677247, 348227, 1001322, 915713, 342799, 130996, 505753, 122808, 38.0, 45.6, 1.00
A, 679028, 348776, 999497, 917268, 343525, 130811, 506958, 122925, 38.0, 45.6, 1.00
A, 681540, 349500, 998455, 919401, 344450, 130639, 508355, 122985, 37.9, 45.5, 1.00
A, 684007, 350161, 997183, 921645, 345453, 130397, 509713, 123117, 37.9, 45.5, 1.00
A, 685985, 350719, 995833, 923547, 346235, 130242, 510861, 123189, 37.9, 45.5, 1.00
A, 688076, 351466, 995014, 925636, 347081, 130215, 512063, 123308, 37.9, 45.5, 1.00
A, 690554, 352210, 994659, 928152, 347912, 130117, 513374, 123375, 37.8, 45.4, 1.00
A, 694296, 353181, 996480, 932229, 349055, 130233, 514853, 123792, 37.8, 45.4, 1.00
A, 697177, 354302, 995931, 934621, 350181, 130193, 516355, 123781, 37.8, 45.4, 0.99
A, 698984, 355044, 995323, 936618, 350940, 130109, 517417, 123817, 37.8, 45.4, 1.01
A, 701082, 356037, 994282, 938707, 351856, 130051, 518686, 123931, 37.8, 45.3, 1.00
A, 702594, 356651, 993763, 940358, 352483, 130083, 519530, 124012, 37.8, 45.3, 1.00
A, 705127, 357792, 992988, 942723, 353570, 130055, 520953, 124026, 37.7, 45.3, 0.99
A, 706571, 358321, 992457, 944194, 354118, 129915, 521762, 124028, 37.7, 45.3, 1.01
A, 708567, 359141, 992457, 946344, 354959, 129966, 522853, 124141, 37.7, 45.3, 1.01
A, 710445, 360044, 992309, 948286, 355736, 130012, 523901, 124286, 37.7, 45.3, 1.00
A, 712145, 360839, 992124, 950333, 356470, 130010, 524908, 124352, 37.7, 45.3, 1.01
A, 714242, 361748, 992275, 952590, 357258, 130082, 526010, 124457, 37.7, 45.2, 0.99
A, 716216, 362723, 992178, 954458, 358076, 129993, 527052, 124457, 37.7, 45.2, 1.00
A, 717793, 363534, 991838, 956221, 358832, 130004, 527967, 124460, 37.7, 45.2, 1.01
A, 719385, 364364, 991914, 958187, 359540, 130083, 528970, 124618, 37.7, 45.2, 1.00
A, 721027, 365232, 991714, 959930, 360231, 130021, 529900, 124655, 37.6, 45.2, 1.00
A, 722600, 365998, 991716, 961554, 360934, 130124, 530823, 124686, 37.6, 45.2, 0.99
A, 724346, 366992, 992136, 963696, 361706, 130208, 531803, 124828, 37.6, 45.2, 1.00
A, 726137, 367892, 992107, 965353, 362442, 130235, 532820, 124830, 37.6, 45.2, 1.01
A, 727469, 368695, 991970, 966837, 363134, 130260, 533640, 124822, 37.6, 45.1, 1.00
A, 728717, 369496, 991944, 968619, 363749, 130265, 534386, 124909, 37.6, 45.1, 1.00
A, 731862, 370600, 994827, 972425, 364767, 130552, 535635, 125248, 37.6, 45.1, 1.00
A, 732915, 371452, 994357, 973505, 365406, 130601, 536397, 125287, 37.6, 45.1, 1.00
A, 734289, 372409, 994175, 974871, 366072, 130582, 537309, 125272, 37.6, 45.1, 1.01
A, 734925, 373116, 993629, 975791, 366493, 130592, 537899, 125247, 37.6, 45.1, 1.00
A, 735929, 374019, 992966, 976847, 367197, 130585, 538718, 125241, 37.5, 45.1, 0.99
A, 736497, 374501, 992720, 977759, 367504, 130545, 539232, 125250, 37.5, 45.1, 1.00
A, 737635, 375107, 992884, 979174, 368094, 130664, 539932, 125351, 37.5, 45.1, 1.00
A, 738704, 375885, 992925, 980521, 368627, 130702, 540658, 125349, 37.5, 45.1, 0.99
A, 739807, 376686, 993000, 981747, 369263, 130694, 541409, 125361, 37.5, 45.1, 1.00
A, 740680, 377334, 992643, 982673, 369722, 130715, 542061, 125385, 37.5, 45.1, 0.99
A, 741267, 377899, 992320, 983657, 370125, 130750, 542566, 125399, 37.5, 45.1, 1.00
A, 742375, 378695, 992326, 983887, 370635, 130652, 543235, 125313, 37.5, 45.1, 1.01
A, 742682, 379101, 991568, 985271, 371028, 130717, 543752, 125340, 37.5, 45.1, 1.00
A, 742785, 379614, 990672, 985630, 371289, 130695, 544148, 125357, 37.5, 45.1, 1.01
A, 744165, 380320, 991027, 987075, 371893, 130739, 544913, 125333, 37.5, 45.1, 1.01
A, 745041, 380953, 991010, 988037, 372337, 130719, 545511, 125327, 37.5, 45.1, 1.00
A, 745738, 381451, 991030, 989177, 372758, 130809, 546145, 125431, 37.5, 45.1, 0.99
A, 746882, 382132, 991480, 990637, 373304, 130827, 546748, 125510, 37.4, 45.1, 1.00
A, 747422, 382708, 991150, 991326, 373722, 130953, 547326, 125543, 37.4, 45.1, 1.00
A, 749055, 383442, 992236, 993023, 374386, 130995, 548073, 125598, 37.4, 45.1, 1.00
A, 751365, 384279, 994813, 996218, 375089, 131302, 548923, 125944, 37.4, 45.1, 1.00
A, 752083, 385063, 994941, 997241, 375629, 131296, 549557, 125883, 37.4, 45.1, 1.00
A, 752686, 385551, 994791, 997776, 376010, 131392, 550010, 125900, 37.4, 45.1, 0.99
A, 753369, 386224, 994795, 998677, 376442, 131355, 550608, 125906, 37.4, 45.1, 1.00
A, 753800, 386687, 994487, 999235, 376703, 131398, 550977, 125920, 37.4, 45.1, 1.01
A, 754117, 387287, 994139, 999886, 377202, 131427, 551509, 125861, 37.4, 45.1, 1.01
A, 754480, 387539, 994126, 1000617, 377334, 131442, 551810, 125847, 37.4, 45.1, 1.00
A, 755154, 388134, 994370, 1001471, 377776, 131478, 552299, 125988, 37.4, 45.1, 1.00
A, 755753, 388644, 994472, 1002340, 378167, 131568, 552731, 126017, 37.4, 45.1, 1.00
A, 756362, 389129, 994392, 1002869, 378546, 131565, 553229, 125919, 37.4, 45.1, 1.00
A, 756824, 389542, 994176, 1003387, 378825, 131613, 553625, 125922, 37.4, 45.1, 0.99
A, 757135, 389970, 994117, 1004144, 379059, 131647, 554016, 125950, 37.4, 45.1, 0.99
A, 757956, 390493, 994403, 1005036, 379507, 131628, 554411, 125904, 37.3, 45.1, 0.99
A, 758129, 390786, 994480, 1005723, 379799, 131692, 554809, 125996, 37.3, 45.1, 1.00
A, 758871, 391254, 994817, 1006668, 380139, 131736, 555286, 126058, 37.3, 45.1, 1.00
A, 759505, 391734, 994983, 1007126, 380476, 131810, 555758, 126054, 37.3, 45.1, 1.01
A, 759734, 392018, 994657, 1007604, 380774, 131805, 556060, 126012, 37.3, 45.1, 0.99
A, 759927, 392405, 994553, 1008306, 380972, 131817, 556369, 126024, 37.3, 45.1, 1.00
A, 760530, 392819, 994688, 1008461, 381292, 131793, 556808, 126039, 37.3, 45.1, 1.00
A, 760789, 393079, 994509, 1009238, 381564, 131911, 557055, 126103, 37.3, 45.1, 0.99
A, 763193, 393774, 997593, 1012530, 382139, 132180, 557880, 126447, 37.3, 45.1, 1.01
A, 763448, 394386, 997259, 1012539, 382571, 132245, 558311, 126303, 37.3, 45.1, 1.00
A, 763422, 394626, 996692, 1012636, 382766, 132158, 558460, 126211, 37.3, 45.1, 0.99
A, 763590, 394927, 996777, 1013261, 382907, 132245, 558790, 126257, 37.3, 45.1, 1.00
A, 763367, 395245, 995912, 1013104, 383139, 132218, 559096, 126227, 37.3, 45.1, 0.99
A, 763406, 395330, 995636, 1013224, 383283, 132243, 559243, 126222, 37.3, 45.1, 1.00
A, 763620, 395759, 995330, 1013559, 383608, 132177, 559594, 126116, 37.3, 45.1, 0.99
A, 763640, 395892, 995084, 1013772, 383725, 132287, 559756, 126117, 37.3, 45.1, 1.00
A, 764175, 396182, 995319, 1014275, 383890, 132294, 560060, 126097, 37.3, 45.1, 1.00
A, 764436, 396459, 995256, 1014820, 384207, 132306, 560414, 126138, 37.3, 45.1, 1.00
A, 764544, 396672, 995178, 1015208, 384327, 132311, 560712, 126162, 37.3, 45.1, 1.00
A, 765148, 396999, 995688, 1016132, 384623, 132375, 560964, 126226, 37.3, 45.1, 1.01
A, 765649, 397296, 995895, 1016618, 384954, 132444, 561320, 126208, 37.3, 45.1, 1.00
A, 765702, 397504, 995587, 1016797, 385136, 132421, 561579, 126224, 37.3, 45.1, 0.99
A, 765840, 397751, 995363, 1017069, 385315, 132487, 561872, 126210, 37.3, 45.1, 0.99
A, 766203, 398031, 995739, 1017828, 385561, 132423, 562241, 126255, 37.2, 45.2, 1.01
A, 766646, 398257, 995650, 1018058, 385803, 132542, 562396, 126199, 37.2, 45.2, 1.00
A, 766563, 398450, 995226, 1018166, 385903, 132522, 562578, 126159, 37.2, 45.2, 0.99
A, 767013, 398641, 995480, 1018800, 386084, 132532, 562915, 126187, 37.2, 45.2, 0.99
A, 767059, 398815, 995352, 1018923, 386280, 132509, 563092, 126201, 37.2, 45.1, 1.00
A, 768894, 399233, 997817, 1021484, 386775, 132810, 563644, 126477, 37.2, 45.1, 1.00
A, 769228, 399708, 997846, 1021921, 387071, 132893, 564001, 126447, 37.2, 45.2, 1.01
A, 769393, 399873, 997595, 1021888, 387180, 132797, 564192, 126405, 37.2, 45.2, 1.00
A, 768993, 399940, 996939, 1021688, 387340, 132783, 564231, 126289, 37.2, 45.2, 1.01
A, 769099, 400070, 996878, 1022164, 387476, 132845, 564484, 126321, 37.2, 45.2, 1.00
A, 768894, 400281, 996146, 1021682, 387621, 132754, 564655, 126155, 37.2, 45.2, 1.01
A, 768865, 400376, 995974, 1021933, 387608, 132823, 564772, 126234, 37.2, 45.2, 0.99
A, 768726, 400625, 995494, 1022025, 387788, 132679, 564991, 126093, 37.2, 45.2, 1.00
A, 768914, 400593, 995324, 1022045, 387931, 132847, 565122, 126135, 37.2, 45.2, 0.99
A, 769204, 400787, 995778, 1022740, 388073, 132855, 565352, 126233, 37.2, 45.2, 1.01
A, 769418, 400863, 995772, 1023110, 388268, 132896, 565635, 126246, 37.2, 45.2, 1.00
A, 769450, 401029, 995449, 1023181, 388376, 132883, 565720, 126275, 37.2, 45.2, 1.00
A, 770074, 401311, 995976, 1023888, 388652, 132947, 566098, 126244, 37.2, 45.2, 1.00
A, 770301, 401496, 995982, 1024118, 388801, 132946, 566299, 126143, 37.2, 45.2, 0.99
A, 770240, 401596, 995782, 1024260, 388914, 132951, 566427, 126226, 37.2, 45.2, 1.00
A, 770316, 401685, 995531, 1024606, 388970, 132975, 566620, 126145, 37.2, 45.2, 1.01
A, 770819, 401858, 996068, 1025026, 389216, 133067, 566902, 126202, 37.2, 45.2, 1.00
A, 770893, 402020, 996051, 1025525, 389410, 133079, 567098, 126296, 37.2, 45.2, 1.00
A, 770987, 402211, 995952, 1025760, 389473, 133090, 567263, 126269, 37.2, 45.3, 0.99
A, 771513, 402269, 996351, 1026186, 389698, 133087, 567499, 126242, 37.2, 45.3, 1.00
A, 773314, 402711, 998843, 1028532, 390224, 133376, 568075, 126523, 37.2, 45.3, 1.00
A, 773284, 402973, 998689, 1028683, 390387, 133378, 568259, 126530, 37.2, 45.3, 1.01
A, 773116, 403028, 998224, 1028587, 390421, 133359, 568366, 126420, 37.2, 45.3, 1.01
A, 773305, 403257, 998076, 1028581, 390552, 133358, 568475, 126319, 37.2, 45.3, 1.01
A, 772881, 403259, 997373, 1028340, 390515, 133353, 568461, 126304, 37.2, 45.3, 1.01
A, 773050, 403336, 997355, 1028544, 390591, 133340, 568701, 126268, 37.2, 45.3, 0.99
A, 772602, 403457, 996749, 1028226, 390791, 133343, 568826, 126214, 37.2, 45.3, 1.00
A, 772589, 403422, 996433, 1028228, 390689, 133423, 568828, 126194, 37.2, 45.3, 0.99
A, 772518, 403638, 996152, 1028150, 390988, 133312, 569066, 126197, 37.2, 45.3, 0.99
A, 772450, 403518, 995979, 1028142, 390952, 133289, 569070, 126149, 37.2, 45.3, 1.01
A, 772582, 403606, 996211, 1028765, 391115, 133368, 569267, 126192, 37.2, 45.3, 1.01
A, 772813, 403746, 996261, 1029011, 391251, 133394, 569392, 126206, 37.1, 45.3, 1.01
A, 773010, 403857, 996084, 1029020, 391274, 133410, 569557, 126180, 37.1, 45.3, 1.00
A, 773439, 403994, 996660, 1029637, 391496, 133476, 569842, 126213, 37.1, 45.3, 0.99
A, 773559, 404095, 996625, 1029786, 391617, 133416, 570058, 126186, 37.1, 45.3, 0.99
A, 773559, 404209, 996358, 1029844, 391726, 133505, 570119, 126240, 37.1, 45.3, 1.00
A, 773615, 404153, 996429, 1030215, 391800, 133478, 570230, 126162, 37.1, 45.3, 0.99
A, 773998, 404338, 996878, 1030753, 391968, 133623, 570484, 126262, 37.1, 45.3, 1.00
A, 773965, 404436, 996699, 1030855, 392095, 133598, 570596, 126272, 37.1, 45.3, 0.99
A, 774490, 404563, 997094, 1031362, 392288, 133606, 570837, 126317, 37.1, 45.3, 1.00
A, 776592, 404976, 1000147, 1033995, 392726, 133929, 571255, 126536, 37.1, 45.3, 1.00
A, 776297, 405193, 999567, 1033597, 392885, 133851, 571409, 126457, 37.1, 45.4, 0.99
A, 776202, 405310, 999233, 1033630, 392926, 133938, 571496, 126359, 37.1, 45.4, 1.00
A, 775972, 405342, 999077, 1033481, 392939, 133869, 571578, 126393, 37.1, 45.4, 1.00
A, 775980, 405342, 998914, 1033750, 393054, 134008, 571593, 126418, 37.1, 45.4, 1.00
A, 775933, 405465, 998511, 1033338, 393108, 133928, 571777, 126345, 37.1, 45.4, 0.99
A, 775154, 405308, 997544, 1032744, 393032, 133836, 571664, 126205, 37.1, 45.4, 1.01
A, 774994, 405322, 997080, 1032659, 393094, 133831, 571795, 126211, 37.1, 45.4, 1.00
A, 774830, 405330, 996853, 1032703, 393093, 133760, 571805, 126169, 37.1, 45.4, 1.00
A, 774727, 405412, 996536, 1032580, 393191, 133816, 571913, 126063, 37.1, 45.4, 1.01
A, 774826, 405345, 996394, 1032494, 393204, 133857, 571943, 126071, 37.1, 45.4, 0.99
A, 775090, 405391, 996743, 1032972, 393330, 133874, 572158, 126104, 37.1, 45.4, 1.00
A, 775277, 405514, 996669, 1033119, 393455, 133783, 572255, 126109, 37.1, 45.4, 0.99
A, 775179, 405496, 996821, 1033441, 393460, 133849, 572325, 126117, 37.1, 45.4, 0.99
A, 775596, 405678, 997287, 1034021, 393641, 133902, 572565, 126182, 37.1, 45.5, 1.01
A, 775592, 405660, 997047, 1034053, 393659, 133923, 572686, 126202, 37.1, 45.5, 1.00
A, 776271, 405920, 997642, 1034507, 393896, 133994, 572872, 126142, 37.1, 45.5, 1.01
A, 776014, 405827, 997479, 1034704, 393955, 133930, 572906, 126168, 37.1, 45.5, 1.00
A, 776402, 405932, 997840, 1035119, 394039, 134030, 573090, 126215, 37.1, 45.5, 1.01
A, 776469, 405993, 997706, 1035078, 394120, 134071, 573170, 126173, 37.1, 45.5, 1.00
A, 778638, 406463, 1000818, 1037876, 394653, 134282, 573725, 126487, 37.1, 45.5, 1.00
A, 778328, 406655, 1000230, 1037314, 394747, 134183, 573770, 126321, 37.1, 45.5, 0.99
A, 778043, 406625, 999666, 1036875, 394693, 134260, 573782, 126273, 37.1, 45.5, 1.00
A, 777812, 406649, 999513, 1037086, 394692, 134309, 573851, 126298, 37.1, 45.5, 1.00
A, 777644, 406643, 999186, 1036920, 394733, 134308, 573936, 126249, 37.1, 45.5, 1.00
A, 777492, 406736, 999150, 1037011, 394823, 134300, 573910, 126320, 37.1, 45.5, 1.00
A, 776902, 406607, 997985, 1035904, 394696, 134213, 573818, 126089, 37.1, 45.5, 1.02
A, 776763, 406564, 997712, 1036003, 394749, 134222, 573930, 126124, 37.1, 45.5, 1.00
A, 776588, 406578, 997306, 1035710, 394802, 134195, 574004, 125990, 37.1, 45.5, 1.01
A, 776558, 406498, 997345, 1035819, 394822, 134176, 573980, 126092, 37.1, 45.5, 0.99
A, 776864, 406527, 997749, 1036346, 394943, 134289, 574159, 126191, 37.1, 45.5, 0.99
A, 777105, 406688, 997983, 1036758, 394973, 134270, 574283, 126151, 37.1, 45.5, 1.00
A, 777444, 406755, 998294, 1036819, 395179, 134274, 574453, 126098, 37.1, 45.5, 1.00
A, 777160, 406706, 997796, 1036630, 395111, 134285, 574448, 126048, 37.1, 45.5, 1.00
A, 777081, 406663, 997647, 1036898, 395219, 134296, 574482, 126123, 37.1, 45.5, 1.01
A, 777371, 406825, 998113, 1037281, 395304, 134382, 574636, 126130, 37.1, 45.6, 1.00
A, 777513, 406783, 998035, 1037298, 395381, 134401, 574775, 126141, 37.1, 45.6, 1.00
A, 777954, 406905, 998601, 1037970, 395515, 134432, 574940, 126158, 37.1, 45.6, 1.00
A, 777763, 406990, 998198, 1037596, 395518, 134318, 575033, 126030, 37.1, 45.6, 1.00
A, 777826, 406945, 998030, 1037520, 395498, 134338, 574950, 126096, 37.1, 45.6, 0.99
A, 779341, 407200, 1000503, 1039881, 395920, 134653, 575439, 126372, 37.1, 45.6, 1.00
A, 779444, 407443, 1000598, 1039981, 396076, 134646, 575575, 126303, 37.1, 45.6, 1.00
A, 779009, 407393, 1000034, 1039697, 396086, 134556, 575582, 126279, 37.1, 45.6, 1.00
A, 779386, 407506, 1000164, 1039890, 396134, 134653, 575702, 126322, 37.0, 45.6, 1.01
A, 779216, 407494, 1000111, 1039778, 396144, 134677, 575757, 126189, 37.0, 45.6, 1.01
A, 778714, 407490, 999616, 1039337, 396111, 134644, 575697, 126174, 37.0, 45.6, 1.01
A, 778911, 407509, 999639, 1039472, 396163, 134649, 575735, 126190, 37.0, 45.6, 1.01
A, 778557, 407490, 999161, 1039112, 396250, 134624, 575784, 126061, 37.0, 45.6, 1.00
A, 778403, 407409, 998848, 1038864, 396190, 134530, 575816, 126063, 37.0, 45.6, 1.00
A, 778200, 407453, 998569, 1038659, 396195, 134597, 575800, 125992, 37.0, 45.6, 1.00
A, 778045, 407327, 998438, 1038982, 396103, 134555, 575825, 125976, 37.0, 45.6, 1.00
A, 778380, 407389, 998792, 1039284, 396298, 134655, 575973, 126041, 37.0, 45.6, 0.99
A, 778332, 407448, 998690, 1039311, 396337, 134661, 576047, 126097, 37.0, 45.6, 1.00
A, 778489, 407430, 998808, 1039304, 396363, 134640, 576090, 126074, 37.0, 45.6, 1.00
A, 778926, 407571, 999092, 1039680, 396593, 134710, 576229, 126059, 37.0, 45.6, 1.00
A, 778711, 407578, 998925, 1039654, 396619, 134744, 576371, 126016, 37.0, 45.6, 0.99
A, 779041, 407685, 999292, 1040030, 396712, 134736, 576441, 126004, 37.0, 45.6, 1.00
A, 778955, 407641, 999160, 1040173, 396636, 134759, 576495, 126055, 37.0, 45.6, 1.01
A, 779252, 407735, 999505, 1040516, 396771, 134826, 576587, 126075, 37.0, 45.6, 1.00
A, 779223, 407755, 999430, 1040189, 396814, 134743, 576618, 126038, 37.0, 45.6, 1.00
A, 780667, 407981, 1001455, 1042208, 397099, 134944, 577001, 126292, 37.0, 45.7, 0.99
A, 780712, 408206, 1001596, 1042419, 397315, 135051, 577129, 126289, 37.0, 45.7, 1.00
A, 780395, 408210, 1001220, 1042152, 397189, 134989, 577105, 126195, 37.0, 45.6, 1.00
A, 780369, 408225, 1001154, 1041982, 397267, 135050, 577162, 126246, 37.0, 45.6, 1.01
A, 780281, 408172, 1000938, 1042013, 397266, 135063, 577190, 126210, 37.0, 45.7, 1.01
A, 780087, 408182, 1000659, 1041699, 397323, 134978, 577213, 126155, 37.0, 45.7, 1.00
A, 779869, 408126, 1000257, 1041355, 397261, 134930, 577150, 125961, 37.0, 45.7, 0.99
A, 779854, 408141, 1000453, 1041759, 397311, 134999, 577225, 126079, 37.0, 45.7, 1.01
A, 779404, 408092, 999648, 1041086, 397262, 135006, 577205, 126003, 37.0, 45.7, 1.01
A, 779161, 408036, 999417, 1041128, 397230, 134986, 577150, 126101, 37.0, 45.7, 1.01
A, 779158, 408007, 999160, 1040766, 397313, 134974, 577295, 125942, 37.0, 45.7, 0.99
A, 778965, 407993, 999001, 1040785, 397322, 134913, 577254, 125931, 37.0, 45.7, 1.00
A, 779273, 408033, 999075, 1041046, 397328, 135001, 577344, 125913, 37.0, 45.7, 0.99
A, 779257, 408024, 999288, 1041047, 397393, 134982, 577453, 125936, 37.0, 45.7, 1.00
A, 779274, 408031, 999282, 1041233, 397411, 134998, 577415, 125958, 37.0, 45.7, 1.00
A, 779711, 408085, 999756, 1041758, 397529, 135024, 577588, 126026, 37.0, 45.7, 0.99
A, 779870, 408126, 999999, 1041753, 397654, 135094, 577680, 126024, 37.0, 45.7, 1.00
A, 779778, 408108, 999802, 1041810, 397601, 135113, 577738, 125964, 37.0, 45.7, 1.00
A, 779618, 408131, 999563, 1041765, 397596, 135022, 577704, 125942, 37.0, 45.7, 1.01
A, 779726, 408143, 999769, 1042024, 397719, 135046, 577786, 125979, 37.0, 45.7, 1.02
A, 781475, 408453, 1002260, 1044158, 398074, 135342, 578238, 126233, 37.0, 45.7, 1.00
A, 781749, 408647, 1002504, 1044453, 398276, 135350, 578379, 126251, 37.0, 45.8, 1.00
A, 781554, 408646, 1002087, 1043964, 398207, 135309, 578349, 126079, 37.0, 45.8, 0.99
A, 781046, 408579, 1001528, 1043457, 398127, 135260, 578244, 126091, 37.0, 45.8, 1.01
A, 781006, 408592, 1001557, 1043664, 398189, 135319, 578315, 126085, 37.0, 45.8, 1.00
A, 780848, 408589, 1001253, 1043492, 398117, 135335, 578330, 126093, 37.0, 45.8, 0.99
A, 780911, 408591, 1001226, 1043236, 398184, 135349, 578383, 126022, 37.0, 45.8, 1.00
A, 780608, 408562, 1000804, 1043080, 398184, 135255, 578341, 126019, 37.0, 45.8, 0.99
A, 780642, 408597, 1000979, 1043307, 398216, 135304, 578411, 126006, 37.0, 45.8, 1.00
A, 780185, 408575, 1000098, 1042570, 398217, 135247, 578338, 125872, 37.0, 45.8, 0.99
A, 780025, 408429, 1000030, 1042669, 398126, 135318, 578335, 125962, 37.0, 45.8, 1.00
A, 779778, 408515, 999665, 1042442, 398121, 135257, 578350, 125868, 37.0, 45.8, 1.01
A, 779877, 408374, 999612, 1042342, 398145, 135269, 578445, 125884, 37.0, 45.8, 1.00
A, 779985, 408339, 999968, 1042734, 398188, 135281, 578481, 125896, 37.0, 45.8, 0.99
A, 780013, 408349, 1000000, 1042878, 398194, 135214, 578521, 125864, 37.0, 45.8, 1.00
A, 779925, 408315, 999831, 1042777, 398223, 135266, 578551, 125869, 37.0, 45.8, 1.00
A, 780371, 408481, 1000305, 1043234, 398389, 135345, 578742, 125950, 37.0, 45.8, 1.00
A, 780569, 408481, 1000419, 1043260, 398471, 135343, 578797, 125924, 37.0, 45.8, 1.00
A, 780374, 408410, 1000152, 1043153, 398401, 135295, 578755, 125864, 37.0, 45.8, 1.01
A, 780154, 408396, 999635, 1042912, 398340, 135245, 578730, 125830, 37.0, 45.8, 1.00
A, 782225, 408720, 1002805, 1045541, 398800, 135561, 579253, 126207, 37.0, 45.8, 1.00
A, 782134, 408904, 1002535, 1045363, 398841, 135581, 579325, 126107, 37.0, 45.8, 1.00
A, 782096, 408921, 1002642, 1045519, 398927, 135579, 579386, 126182, 37.0, 45.8, 1.01
A, 781806, 408894, 1002178, 1044938, 398945, 135516, 579301, 125998, 37.0, 45.8, 1.01
A, 781494, 408836, 1001780, 1044728, 398879, 135537, 579214, 125941, 37.0, 45.8, 0.99
A, 781424, 408826, 1001736, 1044828, 398880, 135585, 579301, 126021, 37.0, 45.8, 0.99
A, 781306, 408854, 1001589, 1044706, 398867, 135515, 579329, 125950, 37.0, 45.8, 1.00
A, 781290, 408805, 1001550, 1044634, 398840, 135548, 579293, 125905, 37.0, 45.8, 1.00
A, 781541, 408896, 1001661, 1044765, 398981, 135535, 579431, 125953, 37.0, 45.9, 0.99
A, 781313, 408788, 1001274, 1044353, 398919, 135523, 579388, 125849, 37.0, 45.9, 1.01
A, 780861, 408751, 1000902, 1044145, 398979, 135502, 579366, 125791, 37.0, 45.9, 1.00
A, 780816, 408624, 1000733, 1044170, 398851, 135540, 579334, 125830, 37.0, 45.9, 0.99
A, 780665, 408763, 1000317, 1043686, 398902, 135515, 579401, 125773, 37.0, 45.9, 0.99
A, 780497, 408636, 1000158, 1043615, 398852, 135467, 579342, 125771, 37.0, 45.9, 1.01
A, 780787, 408600, 1000622, 1044218, 398916, 135515, 579429, 125823, 37.0, 45.9, 1.00
A, 780729, 408652, 1000482, 1044255, 398912, 135529, 579504, 125743, 37.0, 45.8, 1.00
A, 780787, 408591, 1000464, 1044329, 398995, 135564, 579529, 125757, 37.0, 45.8, 1.00
A, 781168, 408667, 1001022, 1044573, 399097, 135566, 579693, 125839, 37.0, 45.9, 0.99
A, 781084, 408737, 1000848, 1044556, 399093, 135558, 579708, 125833, 37.0, 45.9, 1.00
A, 780978, 408715, 1000645, 1044403, 399184, 135624, 579677, 125759, 37.0, 45.9, 0.99
A, 782737, 408867, 1003228, 1046753, 399435, 135758, 580099, 126085, 37.0, 45.9, 1.00
A, 782841, 409163, 1003419, 1046830, 399610, 135796, 580231, 126018, 37.0, 45.9, 1.00
A, 782567, 409183, 1003010, 1046515, 399588, 135837, 580178, 126080, 37.0, 45.9, 0.99
A, 782656, 409163, 1003253, 1046669, 399645, 135835, 580245, 126022, 37.0, 45.9, 0.99
A, 782680, 409193, 1003134, 1046463, 399608, 135808, 580246, 125944, 37.0, 45.9, 0.99
A, 782317, 409184, 1002700, 1046225, 399557, 135842, 580224, 125901, 37.0, 45.9, 1.01
A, 782212, 409153, 1002664, 1046224, 399620, 135882, 580231, 125869, 37.0, 45.9, 1.00
A, 782123, 409061, 1002566, 1046069, 399641, 135839, 580232, 125942, 37.0, 45.9, 0.99
A, 782275, 409094, 1002753, 1046437, 399655, 135931, 580273, 125949, 37.0, 45.9, 1.00
A, 782062, 409168, 1002446, 1046044, 399690, 135837, 580332, 125870, 37.0, 45.9, 1.00
A, 782060, 409001, 1002318, 1045945, 399600, 135772, 580243, 125864, 37.0, 45.9, 0.99
A, 781627, 409050, 1001945, 1045652, 399698, 135792, 580266, 125781, 37.0, 45.9, 0.99
A, 781583, 408957, 1001926, 1045726, 399568, 135804, 580256, 125838, 37.0, 45.9, 1.00
A, 781872, 409093, 1002308, 1045995, 399691, 135921, 580346, 125903, 37.0, 45.9, 1.00
A, 782053, 409084, 1002477, 1046189, 399739, 135886, 580396, 125804, 37.0, 45.9, 0.99
A, 782028, 409161, 1002525, 1046182, 399701, 135817, 580504, 125865, 37.0, 45.9, 1.00
A, 781750, 409086, 1002073, 1045883, 399789, 135848, 580471, 125844, 37.0, 45.9, 1.00
A, 781762, 408999, 1002171, 1046093, 399752, 135847, 580434, 125823, 37.0, 45.9, 1.01
A, 782053, 409129, 1002531, 1046354, 399819, 135953, 580583, 125850, 37.0, 45.9, 0.99
A, 781917, 409071, 1002285, 1046197, 399814, 135939, 580552, 125832, 37.0, 45.9, 0.99
A, 783923, 409380, 1005334, 1048788, 400224, 136205, 581101, 126206, 37.0, 45.9, 1.00
A, 783892, 409577, 1005145, 1048427, 400325, 136190, 581090, 126069, 37.0, 45.9, 1.00
A, 783248, 409419, 1004320, 1047795, 400186, 136093, 580927, 126024, 37.0, 45.9, 1.01
A, 782919, 409361, 1003795, 1047414, 400095, 136081, 580882, 125912, 37.0, 45.9, 1.01
A, 782740, 409317, 1003720, 1047277, 400003, 136120, 580835, 125905, 37.0, 45.9, 1.00
A, 782518, 409311, 1003492, 1047223, 400066, 136072, 580840, 125834, 37.0, 45.9, 1.01
A, 782709, 409358, 1003762, 1047466, 400080, 136101, 580875, 125892, 37.0, 46.0, 0.99
A, 782775, 409313, 1003855, 1047197, 400100, 135988, 580915, 125846, 37.0, 46.0, 1.00
A, 782262, 409207, 1003315, 1046942, 400066, 136025, 580815, 125799, 37.0, 46.0, 1.01
A, 781963, 409217, 1002672, 1046559, 399968, 136029, 580834, 125801, 37.0, 46.0, 1.00
A, 782079, 409261, 1002798, 1046398, 400066, 136045, 580862, 125761, 37.0, 46.0, 1.00
A, 782052, 409195, 1002797, 1046658, 400046, 136058, 580859, 125807, 37.0, 46.0, 1.00
A, 781897, 409240, 1002638, 1046449, 400107, 135999, 580900, 125702, 37.0, 46.0, 0.99
A, 781414, 408987, 1001623, 1045656, 399879, 136000, 580774, 125627, 37.0, 46.0, 1.00
A, 779415, 408972, 999526, 1044336, 399866, 135877, 580574, 125467, 37.0, 46.0, 0.99
A, 780815, 408742, 1000943, 1045194, 399884, 135944, 580607, 125576, 37.0, 46.0, 1.00
A, 780947, 408821, 1001268, 1045602, 399934, 135881, 580741, 125682, 37.0, 46.0, 1.00
A, 781556, 409005, 1001928, 1046232, 400068, 135959, 580906, 125734, 37.0, 46.0, 1.00
A, 781986, 409052, 1002523, 1046616, 400177, 136019, 581063, 125697, 37.0, 46.0, 1.00
A, 781702, 408991, 1002085, 1046362, 400212, 136066, 581052, 125695, 37.0, 46.0, 1.00
A, 783652, 409274, 1004682, 1048586, 400472, 136275, 581437, 125898, 37.0, 46.0, 1.00
A, 783922, 409518, 1005053, 1048748, 400650, 136330, 581580, 125975, 37.0, 46.0, 1.00
A, 783516, 409484, 1004578, 1048409, 400646, 136159, 581550, 125903, 37.0, 46.0, 1.00
A, 783323, 409407, 1004207, 1048094, 400550, 136220, 581515, 125863, 37.0, 46.0, 1.01
A, 783033, 409366, 1004168, 1048128, 400541, 136229, 581406, 125754, 37.0, 46.0, 1.00
A, 783147, 409382, 1004250, 1048215, 400622, 136256, 581493, 125880, 37.0, 46.0, 1.00
A, 782822, 409344, 1003902, 1047938, 400560, 136224, 581508, 125831, 37.0, 46.0, 0.99
A, 783202, 409357, 1004242, 1048227, 400656, 136318, 581600, 125831, 37.0, 46.0, 0.99
A, 783102, 409399, 1004186, 1048075, 400587, 136295, 581555, 125772, 37.0, 46.0, 1.01
A, 782851, 409367, 1003949, 1047867, 400621, 136303, 581492, 125758, 37.0, 46.0, 0.99
A, 783056, 409402, 1004045, 1047985, 400642, 136258, 581582, 125746, 37.0, 46.0, 1.00
A, 782665, 409257, 1003668, 1047628, 400606, 136239, 581563, 125678, 37.0, 46.0, 0.99
A, 782500, 409311, 1003459, 1047549, 400546, 136213, 581523, 125739, 37.0, 46.0, 1.01
A, 782548, 409367, 1003424, 1047335, 400582, 136212, 581519, 125698, 37.0, 46.0, 0.99
A, 782382, 409213, 1003234, 1047369, 400509, 136222, 581490, 125656, 37.0, 46.0, 1.01
A, 782598, 409274, 1003496, 1047729, 400592, 136270, 581638, 125745, 37.0, 46.0, 0.99
A, 782676, 409205, 1003678, 1047903, 400652, 136284, 581642, 125747, 37.0, 46.0, 1.00
A, 782591, 409249, 1003559, 1047711, 400652, 136299, 581679, 125718, 37.0, 46.0, 1.01
A, 782945, 409334, 1004139, 1048235, 400751, 136256, 581782, 125766, 37.0, 46.0, 1.00
A, 783016, 409384, 1004270, 1048227, 400738, 136300, 581847, 125731, 37.0, 46.0, 1.00
A, 784781, 409619, 1006545, 1050183, 401046, 136531, 582153, 125900, 37.0, 46.0, 1.01
A, 784680, 409811, 1006726, 1050407, 401200, 136576, 582232, 125957, 37.0, 46.0, 1.00
A, 784470, 409742, 1006452, 1050119, 401165, 136524, 582262, 125902, 37.0, 46.0, 1.00
A, 784107, 409693, 1005999, 1049788, 401107, 136488, 582153, 125929, 37.0, 46.0, 1.00
A, 784247, 409779, 1006029, 1049800, 401127, 136539, 582134, 125879, 37.0, 46.0, 1.00
A, 784138, 409758, 1006118, 1049706, 401161, 136525, 582247, 125858, 37.0, 46.0, 1.00
A, 783726, 409721, 1005643, 1049279, 401054, 136542, 582123, 125824, 37.0, 46.1, 1.00
A, 783868, 409724, 1005712, 1049263, 401092, 136612, 582167, 125824, 37.0, 46.1, 1.00
A, 783711, 409702, 1005732, 1049297, 401123, 136557, 582188, 125813, 37.0, 46.1, 0.99
A, 783713, 409725, 1005845, 1049527, 401103, 136517, 582188, 125827, 37.0, 46.1, 1.01
A, 783798, 409794, 1005688, 1049116, 401145, 136544, 582242, 125838, 37.0, 46.1, 1.01
A, 783290, 409699, 1005303, 1048926, 401033, 136515, 582139, 125756, 37.0, 46.1, 1.00
A, 783149, 409660, 1004970, 1048524, 401061, 136527, 582115, 125664, 37.0, 46.1, 1.01
A, 782909, 409512, 1004727, 1048505, 400931, 136476, 582041, 125676, 37.0, 46.1, 1.00
A, 782894, 409614, 1004674, 1048231, 401055, 136472, 582058, 125673, 37.0, 46.1, 1.00
A, 782786, 409494, 1004455, 1048207, 400945, 136477, 582066, 125609, 37.0, 46.1, 1.01
A, 782918, 409537, 1004564, 1048358, 400968, 136445, 582147, 125631, 37.0, 46.1, 1.01
A, 782891, 409386, 1004690, 1048454, 400985, 136455, 582130, 125614, 37.0, 46.1, 1.01
A, 783071, 409425, 1004773, 1048593, 401067, 136458, 582193, 125648, 37.0, 46.1, 0.99
A, 783352, 409603, 1005301, 1048968, 401132, 136534, 582298, 125708, 37.0, 46.1, 0.99
A, 785550, 409963, 1008457, 1051365, 401584, 136802, 582820, 126052, 37.0, 46.1, 1.00
A, 785198, 410024, 1007864, 1050994, 401548, 136764, 582778, 125955, 37.0, 46.1, 0.99
A, 784130, 410025, 1006584, 1050239, 401515, 136727, 582635, 125866, 37.0, 46.1, 1.01
A, 784103, 409904, 1006771, 1050038, 401442, 136698, 582562, 125755, 37.0, 46.1, 0.99
A, 784071, 409834, 1006711, 1049832, 401367, 136706, 582520, 125808, 37.0, 46.1, 1.00
A, 784181, 409890, 1006891, 1050221, 401395, 136726, 582549, 125806, 37.0, 46.1, 1.00
A, 784044, 409885, 1006640, 1049796, 401417, 136711, 582534, 125767, 37.0, 46.1, 0.99
A, 783887, 409717, 1006232, 1049382, 401310, 136700, 582502, 125677, 37.0, 46.2, 1.00
A, 783920, 409783, 1006573, 1049829, 401417, 136749, 582574, 125778, 37.0, 46.2, 1.01
A, 783730, 409768, 1006433, 1049808, 401347, 136734, 582581, 125727, 37.0, 46.1, 1.01
A, 783817, 409881, 1006540, 1049842, 401419, 136752, 582652, 125798, 37.0, 46.1, 1.00
A, 783979, 409890, 1006548, 1049644, 401449, 136721, 582646, 125732, 37.0, 46.1, 1.00
A, 783702, 409814, 1006326, 1049558, 401383, 136708, 582585, 125756, 37.0, 46.1, 0.99
A, 783442, 409737, 1005913, 1049146, 401351, 136648, 582577, 125572, 37.0, 46.2, 1.00
A, 783433, 409731, 1006064, 1049138, 401307, 136735, 582526, 125682, 37.0, 46.2, 0.99
A, 783014, 409698, 1005377, 1048713, 401275, 136652, 582557, 125647, 37.0, 46.1, 0.99
A, 783021, 409592, 1005228, 1048598, 401243, 136662, 582511, 125632, 37.0, 46.1, 0.99
A, 783314, 409588, 1005840, 1049231, 401388, 136684, 582566, 125645, 37.0, 46.1, 1.00
A, 783278, 409589, 1005934, 1049166, 401383, 136670, 582625, 125608, 37.0, 46.2, 1.00
A, 782909, 409494, 1005378, 1048753, 401316, 136689, 582576, 125658, 37.0, 46.2, 1.00
M, 781190, 409353, 1001732, 1044888, 401069, 136241, 582088, 124860, 37.0, 46.2, 0.14
M, 771370, 407054, 987771, 1033494, 398320, 134884, 578758, 123354, 37.0, 46.2, 0.59
M, 763779, 404660, 976295, 1023961, 395959, 133823, 575847, 122248, 37.0, 46.2, 0.75
M, 757799, 402489, 967227, 1016507, 393938, 132926, 573603, 121394, 37.0, 46.2, 0.84
M, 753105, 400506, 959565, 1010477, 392473, 132161, 572296, 120700, 37.0, 46.3, 0.88
M, 749292, 398946, 952968, 1005814, 391469, 131495, 571689, 120162, 37.0, 46.3, 0.94
M, 746648, 397727, 947666, 1002394, 390962, 130900, 571649, 119785, 37.0, 46.4, 0.96
M, 744904, 396637, 942531, 999297, 390693, 130266, 571792, 119387, 37.0, 46.4, 0.98
M, 743837, 395833, 938405, 997324, 390467, 129737, 571968, 119073, 37.0, 46.5, 0.98
M, 743328, 395214, 935372, 996534, 390521, 129314, 572285, 118900, 37.0, 46.5, 0.99
M, 743954, 394736, 933083, 996398, 390660, 129123, 572848, 118858, 37.0, 46.6, 0.98
M, 744455, 394437, 931128, 996624, 390879, 128896, 573233, 118737, 37.0, 46.6, 1.00
M, 745710, 394037, 929880, 997416, 391213, 128721, 573751, 118743, 37.0, 46.7, 1.00
M, 747172, 393846, 928371, 998242, 391491, 128474, 574317, 118719, 37.0, 46.7, 1.00
M, 748287, 393603, 927217, 999355, 391723, 128271, 574718, 118706, 37.0, 46.7, 1.00
M, 749628, 393498, 926275, 1000842, 391989, 128187, 575180, 118629, 37.0, 46.7, 1.00
M, 751165, 393246, 925289, 1002166, 392346, 128068, 575705, 118671, 37.1, 46.7, 1.00
M, 752502, 393127, 924990, 1003667, 392591, 128027, 576098, 118715, 37.1, 46.7, 1.00
M, 754531, 393106, 924627, 1006011, 392988, 127956, 576707, 118784, 37.1, 46.8, 1.00
M, 755709, 393037, 924562, 1007466, 393214, 127842, 577048, 118822, 37.1, 46.8, 1.00
M, 759326, 393364, 927310, 1011701, 394005, 128122, 577951, 119177, 37.1, 46.8, 1.00
M, 760829, 393541, 927140, 1013509, 394389, 128106, 578451, 119179, 37.1, 46.8, 1.00
M, 762041, 393575, 926835, 1014998, 394632, 128098, 578806, 119193, 37.1, 46.8, 1.00
M, 763573, 393644, 927145, 1016870, 395043, 128107, 579302, 119324, 37.1, 46.8, 1.01
M, 765095, 393744, 927209, 1018715, 395340, 128129, 579766, 119258, 37.1, 46.8, 1.00
M, 766195, 393747, 927069, 1020239, 395664, 128116, 580159, 119347, 37.1, 46.8, 1.00
M, 767184, 393812, 926958, 1021719, 395956, 128112, 580540, 119379, 37.1, 46.8, 1.00
M, 768698, 394013, 927389, 1023543, 396292, 128192, 581041, 119407, 37.1, 46.8, 1.00
M, 770008, 394194, 927618, 1025159, 396728, 128224, 581486, 119590, 37.1, 46.8, 0.99
M, 770896, 394335, 927511, 1026467, 396949, 128248, 581888, 119528, 37.1, 46.8, 0.99
M, 771906, 394439, 927796, 1027910, 397218, 128262, 582288, 119582, 37.1, 46.8, 1.00
M, 773182, 394633, 928422, 1029813, 397639, 128307, 582738, 119668, 37.1, 46.8, 1.00
M, 774035, 394819, 928577, 1031183, 397893, 128372, 583062, 119758, 37.1, 46.8, 0.99
M, 775286, 395042, 929213, 1032858, 398223, 128380, 583528, 119855, 37.1, 46.8, 1.01
M, 776534, 395252, 929717, 1034353, 398715, 128427, 583965, 119852, 37.1, 46.8, 1.00
M, 777218, 395371, 929707, 1035515, 398845, 128521, 584280, 119828, 37.1, 46.9, 1.00
M, 777900, 395626, 929903, 1036809, 399131, 128481, 584656, 119927, 37.1, 46.9, 1.00
M, 778994, 395846, 930240, 1038099, 399536, 128625, 585116, 119981, 37.1, 46.9, 1.00
M, 779567, 396014, 930548, 1039165, 399655, 128659, 585306, 120038, 37.1, 46.9, 1.00
M, 780647, 396343, 930731, 1040575, 400123, 128665, 585868, 120059, 37.1, 46.8, 1.00
M, 782660, 396655, 933123, 1043168, 400461, 128864, 586358, 120326, 37.1, 46.8, 0.99
M, 783545, 397047, 933600, 1044522, 400858, 128949, 586751, 120367, 37.1, 46.8, 1.00
M, 783957, 397207, 933670, 1045474, 401058, 128945, 587039, 120349, 37.1, 46.9, 1.00
M, 784329, 397364, 933566, 1046076, 401232, 128987, 587266, 120380, 37.1, 46.9, 1.00
M, 785308, 397693, 934178, 1047195, 401553, 129124, 587568, 120442, 37.1, 46.8, 1.00
M, 785826, 397912, 934615, 1048362, 401769, 129080, 587929, 120447, 37.1, 46.8, 1.00
M, 786242, 398146, 934714, 1049079, 401951, 129183, 588159, 120467, 37.1, 46.9, 1.00
M, 786697, 398243, 934868, 1049769, 402153, 129189, 588344, 120551, 37.1, 46.9, 1.00
M, 787443, 398522, 935410, 1050990, 402413, 129244, 588668, 120561, 37.2, 46.9, 1.00
M, 787891, 398789, 935549, 1051562, 402609, 129252, 588943, 120601, 37.2, 46.9, 1.00
M, 788356, 398928, 935577, 1052140, 402756, 129306, 589169, 120577, 37.2, 46.9, 1.00
M, 788578, 399025, 935828, 1053109, 402908, 129279, 589332, 120611, 37.2, 46.9, 1.00
M, 789232, 399350, 936361, 1053992, 403164, 129358, 589626, 120720, 37.2, 46.9, 1.00
M, 789548, 399484, 936398, 1054528, 403295, 129447, 589887, 120752, 37.2, 46.9, 1.00
M, 790325, 399755, 937097, 1055570, 403565, 129470, 590112, 120788, 37.2, 46.9, 1.00
M, 790772, 399963, 937438, 1056413, 403785, 129524, 590351, 120835, 37.2, 46.9, 1.00
M, 790934, 400103, 937537, 1056923, 403860, 129520, 590572, 120822, 37.2, 46.9, 1.01
M, 791613, 400325, 938125, 1057751, 404077, 129634, 590833, 120847, 37.2, 46.9, 1.00
M, 791714, 400486, 938028, 1058187, 404291, 129628, 590975, 120832, 37.2, 46.9, 1.00
M, 791402, 400482, 937659, 1058355, 404327, 129671, 591085, 120904, 37.2, 46.9, 1.00
M, 794590, 401233, 941505, 1062090, 405039, 129923, 591962, 121269, 37.2, 46.9, 1.00
M, 794712, 401446, 941464, 1062254, 405199, 129854, 592064, 121201, 37.2, 46.9, 0.99
M, 794734, 401563, 941622, 1062803, 405271, 129952, 592180, 121228, 37.2, 46.9, 1.01
M, 793710, 401714, 939808, 1061385, 405247, 129848, 592162, 121064, 37.2, 46.9, 1.00
M, 794263, 401607, 940605, 1062407, 405277, 129943, 592230, 121138, 37.2, 46.9, 0.99
M, 794704, 401862, 941118, 1063229, 405460, 130016, 592503, 121201, 37.2, 46.9, 1.00
M, 795001, 402041, 941163, 1063495, 405516, 130038, 592616, 121202, 37.2, 46.9, 1.00
M, 795134, 402147, 941371, 1063768, 405719, 130012, 592697, 121173, 37.2, 46.9, 1.00
M, 795227, 402245, 941514, 1064330, 405804, 130073, 592816, 121253, 37.2, 46.9, 1.00
M, 795746, 402449, 942083, 1065126, 405964, 130171, 593078, 121258, 37.2, 46.9, 1.00
M, 796048, 402557, 942226, 1065515, 406075, 130195, 593210, 121319, 37.2, 46.9, 1.00
M, 796549, 402796, 942974, 1066312, 406276, 130284, 593460, 121403, 37.2, 46.8, 1.00
M, 796699, 402907, 943381, 1066835, 406359, 130288, 593661, 121431, 37.2, 46.8, 1.00
M, 796887, 403010, 943607, 1067199, 406486, 130237, 593777, 121482, 37.2, 46.9, 1.00
M, 797409, 403226, 944056, 1067888, 406666, 130374, 593970, 121467, 37.2, 46.9, 1.00
M, 797661, 403395, 944427, 1068430, 406809, 130479, 594122, 121481, 37.2, 46.9, 0.99
M, 798167, 403596, 944853, 1068879, 406983, 130464, 594340, 121551, 37.2, 46.9, 1.00
M, 798180, 403578, 944826, 1068954, 407027, 130491, 594386, 121516, 37.2, 46.9, 0.99
M, 798206, 403646, 945073, 1069597, 407112, 130581, 594416, 121519, 37.2, 46.9, 1.00
M, 798213, 403876, 945189, 1069691, 407221, 130503, 594628, 121573, 37.2, 46.9, 0.99
M, 799827, 404083, 947353, 1071851, 407474, 130729, 594975, 121851, 37.2, 46.9, 1.01
M, 799771, 404400, 947282, 1071806, 407703, 130807, 595169, 121772, 37.2, 46.9, 1.00
M, 799615, 404373, 947075, 1071634, 407660, 130755, 595137, 121715, 37.2, 46.9, 1.00
M, 799974, 404410, 947578, 1072153, 407806, 130825, 595307, 121684, 37.2, 46.9, 1.00
M, 799999, 404511, 947696, 1072418, 407794, 130823, 595373, 121752, 37.2, 46.9, 1.00
M, 799997, 404563, 947725, 1072604, 407889, 130874, 595400, 121820, 37.2, 46.9, 1.00
M, 800353, 404699, 948291, 1073231, 408025, 130876, 595595, 121926, 37.2, 46.9, 1.00
M, 800523, 404816, 948535, 1073301, 408129, 130909, 595720, 121813, 37.2, 46.9, 1.00
M, 800361, 404868, 948452, 1073271, 408149, 130925, 595727, 121747, 37.2, 46.9, 1.00
M, 800253, 404977, 948461, 1073608, 408172, 130928, 595785, 121843, 37.2, 46.9, 1.00
M, 800575, 405087, 948947, 1074051, 408287, 130941, 595983, 121884, 37.2, 46.9, 0.99
M, 800649, 405090, 949023, 1074129, 408254, 130985, 596004, 121826, 37.2, 46.9, 1.00
M, 800879, 405150, 949407, 1074636, 408424, 131089, 596125, 121893, 37.2, 46.9, 0.99
M, 801138, 405391, 949628, 1074582, 408522, 131090, 596214, 121839, 37.2, 46.9, 1.00
M, 801053, 405379, 949729, 1074723, 408493, 131070, 596312, 121912, 37.2, 46.9, 1.00
M, 801236, 405349, 950090, 1075336, 408649, 131118, 596461, 122015, 37.2, 46.9, 0.99
M, 801226, 405539, 950322, 1075683, 408686, 131233, 596522, 122000, 37.2, 46.9, 1.01
M, 801712, 405528, 950777, 1075952, 408824, 131245, 596651, 122026, 37.2, 46.9, 1.00
M, 801893, 405697, 950970, 1076087, 408924, 131197, 596772, 122048, 37.2, 46.9, 1.00
M, 801597, 405708, 951032, 1076158, 408902, 131253, 596847, 122029, 37.2, 46.9, 1.00
M, 803881, 406136, 954039, 1078721, 409503, 131528, 597422, 122399, 37.2, 46.9, 1.00
M, 803710, 406279, 953945, 1078852, 409498, 131587, 597430, 122341, 37.2, 46.9, 1.01
M, 803027, 406298, 953458, 1078204, 409515, 131424, 597458, 122243, 37.2, 46.9, 1.01
M, 803018, 406392, 953131, 1077848, 409447, 131533, 597348, 122172, 37.2, 46.9, 1.00
M, 802996, 406314, 953489, 1078400, 409468, 131544, 597421, 122245, 37.2, 46.9, 1.00
M, 802855, 406271, 953437, 1078181, 409446, 131526, 597392, 122244, 37.2, 46.9, 1.00
M, 802585, 406287, 953386, 1078212, 409490, 131603, 597451, 122264, 37.2, 46.9, 1.00
M, 803111, 406371, 953891, 1078657, 409548, 131623, 597589, 122299, 37.2, 46.9, 1.00
M, 803062, 406477, 954042, 1078518, 409619, 131654, 597687, 122248, 37.2, 46.9, 1.00
M, 802931, 406376, 953913, 1078610, 409670, 131672, 597707, 122281, 37.2, 46.9, 1.00
M, 803225, 406477, 954429, 1079008, 409787, 131674, 597802, 122281, 37.2, 46.9, 1.00
M, 803237, 406518, 954702, 1079076, 409743, 131679, 597887, 122349, 37.2, 46.9, 1.00
M, 803229, 406582, 954805, 1079394, 409780, 131789, 597903, 122421, 37.2, 46.9, 0.99
M, 803637, 406631, 955472, 1079861, 409947, 131834, 598119, 122456, 37.2, 46.9, 1.00
M, 803852, 406771, 955855, 1080098, 410006, 131876, 598184, 122461, 37.2, 46.9, 1.00
M, 803773, 406742, 955848, 1080032, 410015, 131835, 598143, 122426, 37.2, 46.9, 1.00
M, 803792, 406831, 956136, 1080428, 410121, 131838, 598231, 122492, 37.2, 46.9, 1.00
M, 803821, 406803, 956169, 1080477, 410124, 131903, 598301, 122462, 37.3, 46.9, 1.00
M, 804082, 406933, 956693, 1080779, 410261, 131951, 598403, 122526, 37.3, 46.9, 1.00
M, 803772, 406990, 956115, 1080235, 410226, 131910, 598409, 122463, 37.2, 46.9, 0.99
M, 805498, 407171, 958808, 1082381, 410510, 132155, 598781, 122660, 37.2, 46.9, 1.00
M, 805027, 407330, 958470, 1082188, 410666, 132101, 598887, 122680, 37.2, 46.8, 1.00
M, 804738, 407169, 958235, 1081887, 410579, 132126, 598797, 122623, 37.2, 46.8, 1.00
M, 804852, 407207, 958488, 1081991, 410535, 132131, 598807, 122618, 37.2, 46.8, 1.00
M, 804946, 407290, 958777, 1082207, 410585, 132171, 598866, 122590, 37.2, 46.9, 1.01
M, 804975, 407358, 959129, 1082375, 410662, 132167, 598932, 122637, 37.2, 46.9, 1.01
M, 804984, 407431, 959212, 1082330, 410715, 132233, 599004, 122648, 37.2, 46.9, 0.99
M, 804863, 407346, 959081, 1082184, 410691, 132223, 598972, 122630, 37.2, 46.9, 0.99
M, 805145, 407468, 959810, 1082655, 410736, 132323, 599131, 122770, 37.2, 46.9, 1.01
M, 805053, 407441, 959824, 1082754, 410781, 132275, 599168, 122750, 37.2, 46.9, 1.00
M, 805408, 407547, 960472, 1083324, 410928, 132412, 599236, 122796, 37.3, 46.8, 1.01
M, 805472, 407597, 960814, 1083318, 410976, 132457, 599353, 122741, 37.3, 46.8, 1.00
M, 805442, 407582, 960875, 1083335, 411000, 132447, 599402, 122813, 37.2, 46.8, 0.99
M, 805247, 407584, 960875, 1083300, 410980, 132379, 599341, 122745, 37.2, 46.8, 1.00
M, 805626, 407712, 961414, 1083670, 411084, 132527, 599451, 122834, 37.3, 46.8, 0.99
M, 805600, 407717, 961543, 1083827, 411123, 132510, 599529, 122893, 37.3, 46.8, 1.00
M, 806024, 407825, 962249, 1084271, 411202, 132564, 599660, 122920, 37.2, 46.9, 1.00
M, 806037, 407830, 962505, 1084176, 411183, 132614, 599660, 122864, 37.2, 46.9, 1.01
M, 805912, 407893, 962598, 1084105, 411221, 132648, 599674, 122899, 37.2, 46.9, 1.00
M, 805735, 407823, 962507, 1084154, 411239, 132617, 599669, 122898, 37.2, 46.9, 1.00
M, 807889, 408299, 965635, 1086764, 411669, 132892, 600283, 123224, 37.2, 46.8, 1.00
M, 807618, 408321, 965281, 1086106, 411697, 132766, 600153, 123091, 37.2, 46.8, 1.00
M, 806839, 408298, 964665, 1085533, 411667, 132834, 600141, 123086, 37.3, 46.9, 1.00
M, 806464, 408208, 964486, 1085359, 411573, 132812, 599997, 123024, 37.3, 46.9, 1.00
M, 806676, 408301, 964907, 1085468, 411598, 132877, 600058, 123091, 37.3, 46.9, 1.00
M, 806577, 408274, 964970, 1085466, 411586, 132904, 600102, 123047, 37.3, 46.8, 1.00
M, 806401, 408264, 964807, 1085092, 411594, 132843, 600102, 123052, 37.3, 46.8, 1.00
M, 806109, 408235, 964647, 1085059, 411571, 132913, 599992, 123063, 37.3, 46.8, 1.00
M, 806509, 408343, 965506, 1085505, 411634, 132963, 600129, 123120, 37.3, 46.8, 1.00
M, 806288, 408240, 965444, 1085328, 411618, 132932, 600113, 122982, 37.3, 46.8, 1.00
M, 806114, 408207, 965380, 1085290, 411601, 133038, 600136, 123114, 37.3, 46.8, 1.00
M, 806348, 408285, 965866, 1085543, 411657, 133031, 600234, 123132, 37.2, 46.8, 1.00
M, 806440, 408301, 966047, 1085469, 411719, 133041, 600220, 123062, 37.2, 46.8, 1.00
M, 806146, 408288, 965798, 1084991, 411625, 132969, 600153, 123052, 37.3, 46.8, 1.00
M, 806171, 408223, 966045, 1085306, 411678, 133022, 600241, 123068, 37.3, 46.8, 1.00
M, 806114, 408254, 966308, 1085164, 411648, 133053, 600255, 123129, 37.3, 46.8, 1.00
M, 806279, 408293, 966542, 1085517, 411769, 133130, 600321, 123199, 37.3, 46.8, 1.00
M, 806311, 408294, 966780, 1085652, 411708, 133106, 600311, 123162, 37.3, 46.8, 1.00
M, 806726, 408405, 967404, 1085855, 411866, 133123, 600459, 123186, 37.3, 46.8, 0.99
M, 806216, 408302, 967069, 1085390, 411787, 133084, 600373, 123157, 37.3, 46.8, 1.01
M, 807875, 408465, 969499, 1087689, 412107, 133373, 600779, 123521, 37.3, 46.8, 0.99
M, 807702, 408771, 969329, 1086999, 412234, 133343, 600825, 123403, 37.3, 46.8, 1.00
M, 807396, 408599, 969229, 1087120, 412064, 133375, 600757, 123431, 37.3, 46.8, 1.00
M, 806950, 408628, 968913, 1086506, 412184, 133321, 600755, 123314, 37.3, 46.8, 0.99
M, 806760, 408548, 968663, 1086182, 412002, 133351, 600662, 123229, 37.3, 46.8, 1.00
M, 806766, 408582, 969143, 1086564, 411997, 133336, 600675, 123272, 37.3, 46.8, 1.00
M, 806771, 408517, 969185, 1086499, 412085, 133418, 600746, 123342, 37.3, 46.8, 1.01
M, 806529, 408527, 969069, 1086286, 412075, 133328, 600708, 123340, 37.3, 46.8, 1.01
M, 806902, 408649, 969544, 1086630, 412120, 133437, 600826, 123377, 37.3, 46.8, 1.00
M, 806923, 408542, 969921, 1086507, 412174, 133441, 600839, 123380, 37.3, 46.8, 1.00
M, 806808, 408566, 969961, 1086531, 412155, 133467, 600857, 123337, 37.3, 46.8, 1.00
M, 806748, 408493, 969928, 1086406, 412095, 133485, 600798, 123294, 37.3, 46.8, 0.99
M, 807019, 408528, 970520, 1086859, 412170, 133536, 600944, 123420, 37.3, 46.8, 1.00
M, 806849, 408521, 970518, 1086771, 412129, 133491, 600913, 123385, 37.3, 46.8, 0.99
M, 806514, 408538, 970286, 1086501, 412131, 133530, 600838, 123344, 37.3, 46.8, 1.00
M, 806250, 408379, 969491, 1084470, 412022, 133198, 600671, 123131, 37.3, 46.8, 1.00
M, 805283, 408161, 968969, 1084877, 411822, 133398, 600631, 123230, 37.3, 46.8, 1.00
M, 805686, 408230, 969543, 1085440, 411974, 133444, 600713, 123352, 37.3, 46.8, 1.00
M, 805999, 408227, 969947, 1085712, 412030, 133475, 600871, 123345, 37.3, 46.8, 1.00
M, 806364, 408323, 970611, 1085956, 412182, 133509, 600991, 123359, 37.3, 46.8, 0.99
M, 807894, 408513, 972866, 1088009, 412390, 133730, 601344, 123640, 37.3, 46.8, 1.00
M, 808043, 408673, 973272, 1088173, 412614, 133747, 601387, 123557, 37.3, 46.8, 1.00
M, 807549, 408685, 972811, 1087555, 412536, 133739, 601398, 123543, 37.3, 46.8, 0.99
M, 807275, 408657, 972680, 1087460, 412471, 133774, 601337, 123545, 37.3, 46.8, 1.01
M, 807202, 408649, 972713, 1087068, 412484, 133765, 601333, 123520, 37.3, 46.8, 0.99
M, 807061, 408605, 972596, 1087061, 412388, 133649, 601240, 123413, 37.3, 46.8, 1.00
M, 806933, 408546, 972684, 1087165, 412411, 133772, 601257, 123544, 37.3, 46.8, 1.00
M, 806915, 408538, 972979, 1087203, 412380, 133799, 601278, 123529, 37.3, 46.8, 1.00
M, 806995, 408503, 973154, 1087079, 412391, 133796, 601331, 123554, 37.3, 46.8, 1.01
M, 807258, 408589, 973649, 1087649, 412508, 133787, 601383, 123587, 37.3, 46.8, 1.00
M, 807344, 408626, 973878, 1087513, 412579, 133781, 601456, 123643, 37.3, 46.8, 0.99
M, 807342, 408608, 973825, 1087299, 412480, 133770, 601447, 123581, 37.3, 46.8, 1.00
M, 807201, 408627, 974134, 1087636, 412556, 133860, 601510, 123623, 37.3, 46.8, 1.00
M, 807504, 408683, 974570, 1087922, 412641, 133973, 601535, 123617, 37.3, 46.8, 0.99
M, 807300, 408628, 974619, 1087746, 412641, 133944, 601588, 123662, 37.3, 46.8, 1.01
M, 807817, 408761, 975217, 1088192, 412679, 134022, 601629, 123696, 37.3, 46.8, 1.00
M, 807834, 408765, 975576, 1088294, 412785, 133991, 601684, 123727, 37.3, 46.8, 1.00
M, 807660, 408789, 975564, 1088000, 412719, 134005, 601634, 123659, 37.3, 46.8, 1.00
M, 807828, 408875, 975874, 1088303, 412779, 134100, 601717, 123730, 37.3, 46.8, 1.00
M, 807713, 408800, 975979, 1088274, 412770, 134143, 601759, 123784, 37.3, 46.8, 0.98
M, 809424, 409064, 978400, 1090475, 413055, 134324, 602100, 124041, 37.3, 46.8, 1.00
M, 809622, 409304, 978551, 1090094, 413171, 134316, 602291, 123971, 37.3, 46.8, 0.98
M, 809025, 409295, 978417, 1089886, 413130, 134287, 602080, 123897, 37.3, 46.8, 1.00
M, 808385, 409207, 977832, 1089186, 413013, 134237, 602025, 123868, 37.3, 46.8, 1.00
M, 808071, 409104, 977610, 1088972, 412922, 134168, 601926, 123861, 37.3, 46.8, 1.00
M, 807819, 409050, 977363, 1088408, 412880, 134198, 601861, 123751, 37.3, 46.8, 1.01
M, 807687, 408945, 977307, 1088181, 412861, 134213, 601849, 123724, 37.3, 46.8, 1.00
M, 807734, 408977, 977594, 1088373, 412828, 134221, 601835, 123783, 37.3, 46.8, 1.00
M, 807837, 408971, 977740, 1088312, 412882, 134274, 601836, 123779, 37.3, 46.8, 1.00
M, 807560, 408876, 977890, 1088393, 412844, 134301, 601854, 123849, 37.3, 46.8, 1.01
M, 807917, 408977, 978514, 1088749, 412967, 134328, 602022, 123878, 37.3, 46.8, 1.00
M, 808019, 409000, 978489, 1088451, 412931, 134309, 601978, 123883, 37.3, 46.8, 1.00
M, 807819, 408882, 978548, 1088404, 412926, 134303, 601913, 123865, 37.3, 46.8, 1.00
M, 807584, 408919, 978575, 1088393, 412850, 134276, 601854, 123866, 37.3, 46.8, 1.00
M, 807707, 408984, 978934, 1088549, 412920, 134387, 601962, 123883, 37.3, 46.8, 1.00
M, 807651, 408912, 979076, 1088380, 412889, 134396, 601926, 123896, 37.3, 46.8, 1.00
M, 807930, 409010, 979559, 1088853, 413013, 134413, 602000, 123904, 37.3, 46.8, 1.00
M, 807988, 409027, 979655, 1088704, 412992, 134448, 602053, 123889, 37.3, 46.8, 1.00
M, 807920, 408997, 979644, 1088536, 413012, 134436, 602038, 123906, 37.3, 46.8, 1.01
M, 808007, 408968, 980171, 1089022, 413000, 134440, 602108, 123962, 37.3, 46.8, 1.00
M, 809561, 409258, 982531, 1090845, 413313, 134705, 602433, 124204, 37.3, 46.8, 1.01
M, 809604, 409375, 982648, 1090922, 413392, 134704, 602543, 124198, 37.3, 46.8, 1.00
M, 809391, 409473, 982471, 1090397, 413416, 134674, 602407, 124088, 37.3, 46.8, 1.00
M, 808865, 409350, 982246, 1090030, 413276, 134639, 602347, 124061, 37.3, 46.8, 0.99
M, 808515, 409283, 981661, 1089311, 413226, 134652, 602303, 123962, 37.3, 46.8, 1.00
M, 808251, 409253, 981746, 1089173, 413119, 134608, 602185, 124022, 37.3, 46.8, 1.00
M, 807884, 409274, 981384, 1088836, 413139, 134603, 602179, 124005, 37.3, 46.8, 1.00
M, 807651, 409081, 981076, 1088406, 413033, 134619, 602090, 123963, 37.3, 46.8, 1.00
M, 807887, 409082, 981669, 1088857, 413094, 134650, 602157, 124033, 37.3, 46.8, 1.00
M, 807816, 409036, 981762, 1088708, 413069, 134667, 602104, 123992, 37.3, 46.8, 0.99
M, 807692, 409040, 981758, 1088669, 413023, 134709, 602154, 124033, 37.3, 46.8, 1.00
M, 807903, 409111, 982212, 1088974, 413143, 134668, 602279, 124071, 37.3, 46.8, 1.00
M, 808101, 409115, 982447, 1088782, 413154, 134664, 602267, 124028, 37.3, 46.8, 1.00
M, 807764, 408990, 982256, 1088528, 413135, 134676, 602164, 124009, 37.3, 46.8, 1.00
M, 807678, 408987, 982334, 1088565, 413118, 134671, 602190, 124021, 37.3, 46.8, 1.01
M, 807836, 409008, 982743, 1088779, 413144, 134772, 602234, 124020, 37.3, 46.8, 1.00
M, 807660, 408970, 982772, 1088802, 413082, 134803, 602230, 124072, 37.3, 46.8, 1.01
M, 808040, 409018, 983330, 1089199, 413200, 134765, 602348, 124150, 37.3, 46.7, 1.00
M, 808331, 409105, 983736, 1088997, 413294, 134840, 602351, 124089, 37.3, 46.7, 1.00
M, 808068, 409094, 983623, 1088966, 413228, 134773, 602343, 124118, 37.3, 46.7, 1.00
A, 814484, 409890, 992321, 1096776, 414330, 135635, 603715, 125389, 37.3, 46.7, 0.00
A, 824473, 412366, 1007699, 1110597, 416878, 137116, 606471, 127088, 37.3, 46.8, 0.62
A, 833188, 414990, 1020426, 1121018, 419194, 138412, 608935, 128249, 37.3, 46.8, 0.75
A, 838389, 416861, 1028857, 1127727, 420710, 139317, 610509, 129023, 37.3, 46.7, 0.84
A, 842001, 418592, 1035336, 1132670, 421964, 140043, 611792, 129665, 37.3, 46.7, 0.89
A, 844622, 420314, 1041064, 1136223, 422977, 140703, 612814, 130008, 37.3, 46.7, 0.95
A, 846026, 421308, 1044418, 1138193, 423513, 141211, 613330, 130282, 37.3, 46.7, 0.97
A, 847211, 422981, 1048580, 1139779, 424245, 141727, 613919, 130382, 37.3, 46.7, 0.97
A, 847348, 423616, 1050882, 1140309, 424437, 142020, 613996, 130562, 37.3, 46.7, 0.99
A, 847413, 424503, 1053211, 1140992, 424636, 142306, 614110, 130662, 37.3, 46.7, 1.00
A, 846894, 425273, 1054869, 1140623, 424758, 142700, 614068, 130723, 37.2, 46.7, 1.00
A, 846264, 425831, 1055931, 1139795, 424731, 142837, 613845, 130723, 37.2, 46.7, 1.00
A, 845740, 426404, 1057822, 1139418, 424767, 143146, 613704, 130843, 37.2, 46.6, 1.00
A, 844573, 426987, 1058912, 1138291, 424683, 143239, 613392, 130768, 37.2, 46.6, 1.00
A, 843325, 427294, 1059458, 1136845, 424472, 143399, 613076, 130719, 37.2, 46.6, 1.00
A, 842014, 427461, 1059801, 1135465, 424195, 143529, 612599, 130703, 37.2, 46.6, 1.00
A, 840907, 427718, 1060553, 1134308, 424031, 143628, 612347, 130657, 37.2, 46.6, 1.00
A, 839525, 427916, 1060807, 1132682, 423772, 143704, 611854, 130695, 37.2, 46.6, 1.00
A, 838400, 428059, 1061456, 1131378, 423520, 143803, 611470, 130708, 37.2, 46.6, 0.99
A, 837034, 428136, 1061834, 1129550, 423162, 143922, 610991, 130576, 37.2, 46.6, 0.99
A, 837328, 428391, 1064357, 1130028, 423153, 144127, 610916, 130779, 37.2, 46.6, 1.01
A, 835903, 428529, 1064196, 1128070, 422867, 144172, 610516, 130654, 37.2, 46.6, 1.00
A, 834207, 428413, 1063884, 1126044, 422456, 144176, 609898, 130665, 37.2, 46.5, 1.01
A, 832598, 428345, 1063623, 1123877, 422094, 144195, 609357, 130565, 37.2, 46.5, 1.01
A, 830762, 428136, 1062881, 1121616, 421624, 144065, 608730, 130299, 37.2, 46.5, 1.01
A, 829205, 427881, 1062366, 1119895, 421174, 144093, 608207, 130287, 37.2, 46.5, 1.01
A, 827552, 427635, 1061965, 1117519, 420774, 143985, 607663, 130127, 37.2, 46.5, 0.99
A, 826285, 427269, 1061677, 1116159, 420406, 144087, 607299, 130086, 37.2, 46.5, 1.01
A, 824370, 427055, 1060800, 1113584, 419989, 143940, 606619, 129948, 37.2, 46.5, 1.01
A, 823558, 426721, 1060712, 1112295, 419606, 143960, 606276, 129895, 37.2, 46.5, 1.01
A, 822550, 426498, 1060838, 1111369, 419345, 143916, 605899, 129914, 37.2, 46.5, 1.00
A, 821558, 426290, 1060617, 1109901, 419078, 143934, 605555, 129857, 37.2, 46.5, 1.01
A, 820555, 426011, 1060484, 1108546, 418698, 143938, 605171, 129848, 37.2, 46.5, 1.00
A, 820018, 425765, 1060902, 1107688, 418530, 143952, 604831, 129826, 37.2, 46.5, 1.01
A, 819052, 425511, 1060542, 1105914, 418182, 143849, 604517, 129748, 37.2, 46.5, 1.00
A, 817880, 425256, 1060259, 1104403, 417846, 143847, 604138, 129705, 37.2, 46.5, 1.00
A, 816929, 424906, 1059948, 1103471, 417569, 143836, 603751, 129623, 37.2, 46.5, 1.01
A, 816182, 424690, 1059896, 1102465, 417329, 143815, 603473, 129610, 37.1, 46.5, 1.00
A, 815485, 424417, 1059663, 1101130, 417091, 143821, 603140, 129569, 37.1, 46.5, 0.99
A, 815007, 424208, 1060110, 1100562, 416955, 143808, 602883, 129651, 37.1, 46.5, 1.01
A, 816280, 424333, 1063024, 1101896, 417166, 144015, 603034, 129899, 37.1, 46.5, 0.99
A, 815096, 424258, 1062314, 1100349, 416849, 143935, 602691, 129741, 37.1, 46.5, 1.01
A, 814337, 423903, 1061960, 1099261, 416646, 143923, 602310, 129646, 37.1, 46.5, 1.00
A, 813136, 423569, 1061229, 1097729, 416316, 143807, 601990, 129573, 37.1, 46.5, 1.01
A, 812477, 423295, 1061116, 1096793, 416045, 143803, 601657, 129542, 37.1, 46.5, 1.00
A, 811776, 423080, 1060651, 1095135, 415828, 143832, 601389, 129494, 37.1, 46.5, 1.00
A, 810691, 422712, 1060035, 1094164, 415529, 143777, 601054, 129385, 37.1, 46.5, 1.01
A, 809584, 422449, 1059268, 1092581, 415234, 143674, 600784, 129305, 37.1, 46.5, 0.99
A, 809067, 422144, 1058990, 1091909, 415012, 143649, 600465, 129180, 37.1, 46.5, 1.00
A, 808056, 421893, 1058431, 1090486, 414827, 143566, 600130, 129152, 37.1, 46.5, 1.00
A, 807429, 421496, 1057924, 1089463, 414500, 143470, 599845, 129130, 37.1, 46.5, 1.00
A, 807134, 421309, 1058195, 1088902, 414393, 143441, 599642, 129101, 37.1, 46.5, 0.99
A, 806592, 421071, 1058003, 1088201, 414186, 143390, 599447, 129080, 37.1, 46.5, 1.01
A, 806075, 420800, 1057813, 1087506, 414009, 143410, 599240, 129072, 37.1, 46.5, 1.00
A, 805984, 420691, 1058072, 1087249, 413944, 143446, 599171, 129166, 37.1, 46.5, 1.01
A, 805538, 420426, 1057882, 1086185, 413751, 143336, 598885, 128999, 37.1, 46.5, 1.02
A, 805030, 420158, 1057532, 1085382, 413543, 143314, 598738, 128907, 37.1, 46.5, 1.00
A, 804380, 419991, 1057340, 1084822, 413429, 143236, 598522, 128951, 37.1, 46.5, 1.00
A, 804396, 419819, 1057439, 1084351, 413331, 143302, 598383, 128916, 37.1, 46.5, 0.99
A, 803760, 419563, 1057211, 1083839, 413159, 143230, 598229, 128873, 37.1, 46.5, 1.00
A, 805324, 419709, 1059800, 1085542, 413392, 143548, 598465, 129226, 37.1, 46.5, 1.00
A, 804821, 419611, 1059228, 1084189, 413363, 143405, 598258, 128994, 37.1, 46.5, 1.01
A, 803962, 419405, 1058713, 1083156, 413035, 143363, 598017, 128963, 37.1, 46.5, 1.00
A, 803465, 419247, 1058338, 1082799, 412891, 143334, 597789, 128978, 37.1, 46.5, 1.00
A, 802851, 419063, 1057963, 1081899, 412737, 143242, 597592, 128872, 37.1, 46.5, 1.00
A, 802593, 418848, 1057738, 1081270, 412609, 143318, 597435, 128872, 37.1, 46.5, 1.00
A, 802102, 418631, 1057391, 1080355, 412493, 143145, 597247, 128757, 37.1, 46.5, 0.99
A, 801470, 418376, 1056997, 1079721, 412313, 143061, 596977, 128723, 37.1, 46.5, 0.99
A, 800991, 418254, 1056560, 1078728, 412149, 143066, 596824, 128660, 37.1, 46.5, 0.99
A, 800595, 417972, 1056351, 1078592, 411985, 143103, 596680, 128657, 37.1, 46.5, 1.00
A, 800461, 417887, 1056558, 1078366, 411952, 143059, 596633, 128731, 37.1, 46.5, 1.00
A, 800295, 417812, 1056466, 1078013, 411706, 143057, 596538, 128715, 37.1, 46.5, 1.01
A, 800143, 417712, 1056557, 1077571, 411696, 143009, 596414, 128611, 37.1, 46.5, 0.99
A, 799751, 417354, 1056083, 1076755, 411560, 142948, 596163, 128562, 37.1, 46.5, 1.00
A, 799222, 417304, 1055741, 1076307, 411411, 142904, 596024, 128500, 37.1, 46.5, 1.00
A, 799217, 417178, 1055753, 1076034, 411370, 142888, 595931, 128479, 37.1, 46.5, 1.00
A, 798931, 417005, 1055680, 1075732, 411272, 142892, 595879, 128520, 37.1, 46.5, 1.01
A, 798964, 417005, 1055924, 1075661, 411262, 142939, 595811, 128503, 37.1, 46.5, 1.00
A, 798950, 416808, 1055786, 1075033, 411206, 142866, 595704, 128432, 37.1, 46.5, 1.01
A, 798501, 416607, 1055538, 1074443, 411043, 142837, 595478, 128497, 37.1, 46.5, 1.01
A, 799790, 416831, 1057776, 1076391, 411243, 143059, 595788, 128786, 37.1, 46.5, 1.01
A, 799638, 416910, 1057586, 1075921, 411213, 143009, 595695, 128683, 37.1, 46.5, 1.00
A, 799321, 416785, 1057186, 1075147, 411154, 142974, 595504, 128595, 37.1, 46.5, 0.99
A, 799095, 416724, 1057446, 1075060, 411038, 142966, 595421, 128585, 37.1, 46.5, 1.00
A, 798678, 416589, 1056966, 1074414, 410931, 142851, 595265, 128556, 37.1, 46.5, 1.00
A, 798165, 416428, 1056420, 1073693, 410762, 142838, 595111, 128480, 37.1, 46.5, 1.00
A, 797968, 416292, 1056409, 1073500, 410684, 142839, 594987, 128432, 37.1, 46.5, 1.01
A, 797269, 416176, 1055518, 1072402, 410559, 142723, 594768, 128288, 37.1, 46.5, 0.99
A, 796897, 416019, 1055243, 1072054, 410414, 142683, 594588, 128341, 37.1, 46.5, 1.00
A, 796587, 415814, 1054884, 1071413, 410315, 142683, 594547, 128244, 37.1, 46.5, 0.99
A, 796329, 415694, 1054578, 1071090, 410168, 142579, 594385, 128189, 37.1, 46.5, 0.99
A, 796183, 415530, 1054429, 1070755, 410105, 142577, 594290, 128212, 37.1, 46.5, 1.01
A, 796160, 415460, 1054487, 1070641, 410068, 142638, 594178, 128106, 37.1, 46.5, 0.99
A, 795926, 415356, 1054482, 1070408, 410019, 142558, 594151, 128165, 37.1, 46.5, 0.99
A, 796114, 415342, 1054644, 1070186, 410021, 142557, 594028, 128133, 37.1, 46.5, 0.99
A, 795786, 415203, 1054274, 1069738, 409878, 142505, 593961, 128144, 37.1, 46.5, 1.01
A, 795770, 415098, 1054506, 1069896, 409827, 142523, 593925, 128162, 37.1, 46.5, 1.00
A, 795422, 415017, 1054046, 1069454, 409736, 142565, 593805, 128167, 37.1, 46.5, 1.00
A, 795560, 415045, 1054539, 1069566, 409746, 142534, 593826, 128236, 37.1, 46.5, 1.01
A, 795510, 414893, 1054309, 1069097, 409711, 142405, 593732, 128067, 37.1, 46.5, 0.99
A, 797093, 415146, 1056761, 1071005, 409924, 142651, 593981, 128406, 37.1, 46.5, 1.01
A, 796805, 415241, 1056538, 1070698, 410015, 142658, 593945, 128299, 37.1, 46.5, 0.99
A, 796432, 415107, 1055896, 1070034, 409853, 142533, 593805, 128162, 37.1, 46.5, 1.00
A, 796003, 414966, 1055827, 1069732, 409746, 142531, 593630, 128263, 37.1, 46.5, 1.01
A, 795649, 414944, 1055366, 1069301, 409668, 142579, 593541, 128142, 37.1, 46.5, 1.01
A, 795368, 414764, 1054922, 1068436, 409550, 142476, 593371, 128079, 37.1, 46.5, 1.00
A, 794777, 414641, 1054319, 1067835, 409357, 142376, 593189, 127952, 37.1, 46.5, 1.00
A, 794686, 414512, 1054226, 1067907, 409280, 142326, 593081, 127968, 37.1, 46.5, 1.00
A, 794202, 414451, 1053378, 1066860, 409210, 142354, 593037, 127942, 37.1, 46.5, 0.99
A, 793948, 414280, 1053283, 1066637, 409113, 142265, 592924, 127877, 37.1, 46.5, 1.00
A, 793481, 414278, 1052775, 1066128, 408988, 142239, 592825, 127855, 37.0, 46.6, 1.01
A, 793293, 414031, 1052503, 1065804, 408907, 142084, 592703, 127824, 37.0, 46.6, 1.00
A, 793559, 414034, 1052871, 1066171, 408943, 142237, 592728, 127874, 37.0, 46.6, 1.00
A, 793480, 414029, 1052852, 1065964, 408905, 142134, 592667, 127876, 37.1, 46.6, 0.99
A, 793446, 413912, 1052777, 1065900, 408895, 142167, 592642, 127942, 37.1, 46.6, 0.99
A, 793607, 413929, 1053082, 1066094, 408862, 142156, 592644, 127889, 37.0, 46.5, 1.00
A, 793703, 413948, 1053206, 1065779, 408867, 142172, 592629, 127922, 37.0, 46.5, 0.99
A, 793362, 413813, 1052857, 1065546, 408800, 142152, 592507, 127806, 37.1, 46.6, 1.01
A, 793264, 413782, 1052626, 1065421, 408774, 142148, 592465, 127865, 37.1, 46.6, 1.00
A, 793490, 413762, 1052818, 1065429, 408726, 142143, 592432, 127771, 37.0, 46.6, 1.01
A, 794858, 413978, 1055112, 1067281, 409017, 142364, 592753, 128106, 37.0, 46.6, 1.00
A, 794672, 414091, 1054746, 1066717, 409040, 142276, 592718, 128019, 37.0, 46.6, 1.01
A, 794196, 413959, 1054312, 1066226, 408822, 142219, 592510, 127896, 37.0, 46.6, 1.00
A, 794077, 413862, 1054160, 1066196, 408748, 142207, 592461, 127911, 37.1, 46.6, 1.00
A, 793615, 413816, 1053676, 1065734, 408690, 142206, 592347, 127880, 37.1, 46.6, 1.00
A, 793709, 413810, 1053872, 1065630, 408724, 142152, 592326, 127907, 37.0, 46.6, 1.00
A, 793399, 413675, 1053359, 1065003, 408661, 142117, 592218, 127837, 37.0, 46.6, 0.99
A, 792946, 413619, 1052779, 1064502, 408460, 142063, 592064, 127748, 37.0, 46.6, 0.99
A, 792830, 413529, 1052726, 1064470, 408459, 142076, 592024, 127788, 37.0, 46.6, 1.01
A, 792345, 413465, 1051963, 1063680, 408372, 141928, 591817, 127681, 37.1, 46.6, 0.99
A, 792076, 413268, 1051709, 1063501, 408217, 141844, 591725, 127659, 37.1, 46.6, 1.00
A, 791866, 413215, 1051149, 1062908, 408214, 141917, 591701, 127548, 37.0, 46.6, 1.01
A, 791683, 413105, 1051031, 1062608, 408094, 141853, 591630, 127574, 37.0, 46.6, 1.00
A, 791802, 413083, 1051251, 1062989, 408049, 141786, 591591, 127601, 37.0, 46.6, 1.01
A, 791696, 413014, 1051114, 1062922, 408059, 141845, 591592, 127600, 37.1, 46.6, 1.00
A, 791746, 412997, 1051062, 1062685, 408003, 141795, 591581, 127565, 37.1, 46.6, 1.01
A, 792113, 413083, 1051679, 1063025, 408096, 141873, 591612, 127649, 37.0, 46.6, 1.00
A, 791989, 412963, 1051560, 1063014, 408072, 141813, 591559, 127598, 37.0, 46.6, 1.01
A, 791741, 412853, 1051220, 1062690, 407996, 141701, 591507, 127545, 37.0, 46.6, 1.01
A, 791945, 412965, 1051506, 1062820, 408041, 141771, 591496, 127584, 37.0, 46.6, 1.00
A, 793660, 413185, 1054097, 1065090, 408340, 142027, 591854, 127920, 37.0, 46.6, 1.00
A, 793564, 413412, 1053911, 1064861, 408368, 141998, 591860, 127810, 37.0, 46.6, 1.00
A, 793257, 413341, 1053540, 1064448, 408269, 141961, 591824, 127841, 37.0, 46.6, 1.00
A, 793297, 413282, 1053641, 1064314, 408320, 142000, 591728, 127763, 37.0, 46.6, 1.00
A, 792812, 413171, 1052943, 1063769, 408125, 141907, 591634, 127750, 37.0, 46.6, 1.00
A, 792582, 413148, 1052650, 1063551, 408156, 141922, 591525, 127672, 37.0, 46.6, 1.01
A, 792357, 413035, 1052305, 1063078, 408010, 141860, 591421, 127668, 37.0, 46.6, 1.00
A, 792248, 413075, 1052219, 1062825, 407990, 141810, 591423, 127565, 37.0, 46.6, 1.00
A, 791812, 413011, 1051586, 1062357, 407913, 141709, 591278, 127513, 37.0, 46.6, 1.00
A, 791755, 412905, 1051680, 1062331, 407806, 141731, 591214, 127519, 37.0, 46.6, 1.00
A, 791299, 412794, 1050820, 1061656, 407746, 141702, 591107, 127481, 37.0, 46.6, 0.99
A, 790972, 412664, 1050599, 1061552, 407632, 141677, 591029, 127449, 37.0, 46.6, 1.00
A, 790799, 412672, 1050167, 1061033, 407628, 141615, 590983, 127415, 37.0, 46.7, 1.01
A, 790634, 412460, 1049920, 1060715, 407526, 141562, 590873, 127400, 37.0, 46.7, 1.00
A, 790507, 412479, 1049837, 1060898, 407466, 141456, 590833, 127385, 37.0, 46.7, 1.01
A, 790429, 412404, 1049744, 1060777, 407392, 141495, 590758, 127409, 37.0, 46.7, 1.00
A, 790621, 412331, 1049817, 1060714, 407432, 141490, 590862, 127396, 37.0, 46.7, 1.00
A, 790914, 412385, 1050291, 1061224, 407547, 141503, 590953, 127451, 37.0, 46.7, 1.00
A, 790913, 412367, 1050044, 1060789, 407465, 141533, 590858, 127341, 37.0, 46.7, 1.00
A, 790559, 412326, 1049508, 1060200, 407400, 141461, 590768, 127330, 37.0, 46.7, 1.00
A, 792142, 412555, 1052041, 1062688, 407645, 141700, 591100, 127612, 37.0, 46.7, 1.00
A, 792146, 412641, 1052101, 1062562, 407772, 141672, 591086, 127495, 37.0, 46.7, 1.00
A, 791973, 412547, 1051452, 1062063, 407641, 141588, 591025, 127565, 37.0, 46.7, 1.00
A, 791896, 412516, 1051614, 1062012, 407597, 141635, 590964, 127513, 37.0, 46.7, 1.01
A, 791684, 412602, 1051511, 1061838, 407573, 141596, 590933, 127429, 37.0, 46.7, 0.99
A, 791210, 412478, 1050890, 1061337, 407487, 141511, 590769, 127440, 37.0, 46.7, 1.00
A, 791357, 412513, 1050922, 1061414, 407480, 141521, 590791, 127453, 37.0, 46.7, 1.00
A, 790971, 412348, 1050507, 1061102, 407359, 141501, 590686, 127397, 37.0, 46.7, 1.00
A, 790741, 412334, 1050137, 1060839, 407339, 141492, 590669, 127390, 37.0, 46.7, 1.01
A, 791147, 412368, 1050429, 1060718, 407441, 141438, 590633, 127309, 37.0, 46.7, 0.99
A, 790793, 412183, 1050198, 1060705, 407314, 141414, 590595, 127282, 37.0, 46.7, 1.00
A, 790395, 412254, 1049498, 1060036, 407243, 141355, 590537, 127315, 37.0, 46.7, 1.00
A, 790313, 412122, 1049282, 1060066, 407128, 141356, 590439, 127243, 37.0, 46.7, 1.01
A, 790098, 412163, 1048988, 1059633, 407175, 141322, 590453, 127198, 37.0, 46.7, 1.01
A, 789884, 412008, 1048698, 1059456, 407120, 141294, 590349, 127196, 37.0, 46.7, 1.00
A, 789246, 411832, 1047320, 1058469, 406950, 141232, 590144, 127109, 37.0, 46.7, 1.00
A, 789240, 411758, 1047772, 1058526, 406870, 141163, 590190, 127081, 37.0, 46.7, 1.00
A, 788222, 411478, 1046302, 1057668, 406620, 141030, 589889, 126958, 37.0, 46.7, 1.00
A, 788939, 411546, 1047185, 1058410, 406798, 141137, 590051, 127105, 37.0, 46.7, 0.99
A, 789310, 411542, 1047476, 1058531, 406850, 141050, 590102, 127056, 37.0, 46.7, 1.00
A, 791150, 411872, 1049933, 1060511, 407211, 141297, 590484, 127325, 37.0, 46.7, 1.00
A, 790906, 411985, 1049921, 1060663, 407286, 141230, 590545, 127285, 37.0, 46.7, 1.00
A, 790846, 411952, 1049568, 1060445, 407185, 141289, 590520, 127296, 37.0, 46.7, 1.00
A, 790935, 411969, 1049775, 1060585, 407236, 141249, 590494, 127294, 37.0, 46.7, 1.01
A, 790898, 411954, 1049741, 1060505, 407092, 141285, 590472, 127301, 37.0, 46.7, 1.01
A, 791081, 412032, 1049760, 1060419, 407166, 141196, 590472, 127228, 37.0, 46.7, 1.00
A, 790750, 411965, 1049472, 1059893, 407159, 141197, 590369, 127202, 37.0, 46.7, 0.99
A, 790730, 411920, 1049407, 1060206, 407071, 141248, 590337, 127242, 37.0, 46.7, 1.00
A, 790518, 411913, 1049286, 1060197, 407121, 141213, 590322, 127199, 37.0, 46.7, 1.00
A, 790539, 411892, 1049064, 1059802, 407003, 141175, 590283, 127187, 37.0, 46.7, 0.99
A, 790671, 411965, 1049224, 1059903, 407131, 141213, 590333, 127193, 37.0, 46.7, 1.00
A, 790230, 411898, 1048822, 1059630, 407029, 141125, 590270, 127197, 37.0, 46.7, 1.01
A, 790068, 411890, 1048495, 1059236, 407007, 141170, 590237, 127141, 37.0, 46.7, 1.00
A, 789986, 411758, 1048324, 1059354, 406934, 141082, 590112, 127112, 37.0, 46.7, 1.01
A, 790089, 411806, 1048578, 1059531, 406938, 141112, 590103, 127131, 37.0, 46.7, 1.00
A, 790038, 411725, 1048546, 1059396, 406962, 141095, 590147, 127140, 37.0, 46.7, 0.99
A, 790214, 411720, 1048574, 1059384, 406925, 141086, 590150, 127094, 37.0, 46.7, 0.99
A, 790062, 411713, 1048299, 1059162, 406878, 141060, 590104, 127065, 37.0, 46.7, 0.99
A, 789795, 411685, 1048162, 1059254, 406837, 141013, 590098, 127091, 37.0, 46.7, 1.00
A, 790017, 411661, 1048406, 1059373, 406885, 141008, 590141, 127130, 37.0, 46.7, 1.00
A, 791803, 411938, 1050936, 1061498, 407197, 141274, 590456, 127371, 37.0, 46.7, 0.99
A, 791816, 412102, 1051006, 1061528, 407290, 141254, 590544, 127327, 37.0, 46.7, 1.00
A, 791604, 412087, 1050493, 1060920, 407264, 141279, 590412, 127225, 37.0, 46.7, 1.00
A, 791110, 412039, 1050029, 1060363, 407059, 141202, 590292, 127200, 37.0, 46.7, 1.00
A, 790936, 412031, 1049887, 1060486, 407115, 141228, 590239, 127238, 37.0, 46.7, 1.00
A, 790643, 411913, 1049529, 1060179, 407051, 141163, 590162, 127133, 37.0, 46.7, 1.00
A, 790656, 411901, 1049410, 1060002, 406999, 141133, 590156, 127165, 37.0, 46.7, 1.00
A, 790486, 411871, 1049327, 1059755, 406931, 141106, 590092, 127176, 37.0, 46.7, 1.01
A, 790527, 411929, 1049507, 1059933, 407013, 141144, 590141, 127180, 37.0, 46.7, 1.00
A, 790302, 411834, 1049024, 1059535, 406916, 141044, 590060, 127068, 37.0, 46.8, 0.99
A, 790034, 411740, 1048618, 1059270, 406849, 141036, 589948, 127118, 37.0, 46.8, 1.00
A, 789914, 411842, 1048312, 1059000, 406813, 141004, 589882, 126979, 37.0, 46.7, 0.99
A, 789498, 411645, 1048041, 1058772, 406720, 140976, 589838, 127045, 37.0, 46.7, 1.01
A, 789512, 411728, 1047724, 1058505, 406765, 140914, 589855, 126976, 37.0, 46.8, 1.00
A, 789341, 411553, 1047439, 1058412, 406601, 140936, 589773, 126963, 37.0, 46.8, 1.01
A, 789285, 411566, 1047673, 1058514, 406608, 140927, 589775, 126979, 37.0, 46.8, 1.00
A, 789542, 411553, 1047698, 1058577, 406636, 140913, 589791, 127010, 37.0, 46.8, 1.00
A, 789409, 411523, 1047581, 1058497, 406609, 140893, 589756, 126996, 37.0, 46.8, 1.00
A, 789805, 411505, 1048115, 1058890, 406697, 140916, 589796, 127004, 37.0, 46.8, 0.99
A, 789829, 411592, 1048069, 1058814, 406731, 140869, 589797, 126995, 37.0, 46.8, 1.00
A, 791569, 411807, 1050624, 1060924, 407018, 141128, 590170, 127279, 37.0, 46.8, 0.99
A, 791417, 412005, 1050439, 1060782, 407035, 141070, 590201, 127256, 37.0, 46.8, 1.00
A, 790984, 411884, 1049878, 1060332, 406948, 141072, 590072, 127214, 37.0, 46.8, 1.00
A, 790912, 411901, 1049746, 1059973, 406914, 141041, 590044, 127118, 37.0, 46.8, 1.00
A, 790487, 411755, 1049035, 1059439, 406810, 140974, 589936, 127130, 37.0, 46.8, 1.00
A, 790112, 411763, 1048907, 1059346, 406758, 140879, 589830, 127062, 37.0, 46.8, 1.00
A, 789978, 411659, 1048347, 1058925, 406652, 140894, 589777, 126959, 37.0, 46.8, 0.99
A, 789708, 411644, 1048279, 1058902, 406650, 140858, 589718, 126961, 37.0, 46.8, 1.00
A, 790014, 411673, 1048489, 1059002, 406678, 140887, 589778, 127064, 37.0, 46.8, 1.00
A, 789824, 411584, 1048120, 1058555, 406622, 140888, 589688, 126929, 37.0, 46.8, 1.00
A, 789525, 411537, 1047897, 1058297, 406534, 140811, 589645, 126937, 37.0, 46.8, 0.99
A, 789360, 411519, 1047596, 1058322, 406469, 140801, 589603, 126915, 37.0, 46.8, 1.00
A, 789225, 411524, 1047258, 1058030, 406502, 140778, 589658, 126851, 37.0, 46.8, 1.01
A, 789084, 411328, 1047104, 1057936, 406443, 140750, 589505, 126811, 37.0, 46.8, 1.00
A, 788994, 411436, 1046908, 1057770, 406482, 140748, 589573, 126853, 37.0, 46.8, 0.99
A, 788757, 411279, 1046720, 1057588, 406373, 140616, 589403, 126837, 37.0, 46.8, 1.00
A, 789161, 411295, 1047130, 1057823, 406430, 140719, 589549, 126838, 37.0, 46.8, 1.00
A, 789179, 411284, 1047149, 1057980, 406373, 140712, 589543, 126857, 37.0, 46.8, 1.00
A, 789113, 411329, 1047065, 1058048, 406414, 140704, 589509, 126887, 37.0, 46.8, 1.00
A, 789324, 411305, 1047458, 1058304, 406453, 140723, 589539, 126972, 37.0, 46.8, 0.99
A, 791496, 411690, 1050597, 1060811, 406925, 140981, 590083, 127302, 37.0, 46.8, 1.00
A, 790783, 411652, 1049399, 1059871, 406781, 140946, 589916, 127072, 37.0, 46.8, 1.00
A, 790516, 411698, 1049105, 1059661, 406720, 140849, 589796, 127066, 37.0, 46.8, 1.01
A, 790342, 411689, 1048729, 1059200, 406657, 140811, 589686, 126900, 37.0, 46.8, 1.01
A, 790351, 411700, 1048917, 1059420, 406731, 140893, 589724, 127059, 37.0, 46.8, 1.00
A, 790098, 411564, 1048526, 1058974, 406619, 140802, 589694, 126938, 37.0, 46.8, 1.00
A, 789837, 411548, 1048202, 1058677, 406566, 140742, 589589, 126962, 37.0, 46.8, 1.00
A, 789791, 411468, 1048070, 1058768, 406522, 140719, 589604, 126928, 37.0, 46.8, 1.01
A, 789550, 411481, 1047711, 1058483, 406442, 140737, 589506, 126905, 37.0, 46.8, 0.99
A, 789572, 411500, 1047893, 1058634, 406512, 140750, 589473, 126947, 37.0, 46.8, 1.00
A, 789555, 411413, 1047732, 1058308, 406430, 140675, 589473, 126901, 37.0, 46.8, 1.00
A, 789275, 411235, 1047257, 1057939, 406427, 140660, 589436, 126836, 37.0, 46.8, 1.00
A, 789009, 411346, 1046989, 1057911, 406332, 140595, 589396, 126877, 37.0, 46.8, 1.00
A, 788937, 411335, 1046741, 1057607, 406379, 140596, 589407, 126810, 37.0, 46.8, 1.01
A, 788725, 411240, 1046528, 1057562, 406312, 140607, 589346, 126831, 37.0, 46.8, 1.01
A, 788626, 411250, 1046068, 1057144, 406338, 140554, 589351, 126802, 37.0, 46.8, 1.00
A, 788498, 411064, 1045912, 1056806, 406227, 140503, 589195, 126752, 37.0, 46.8, 0.99
A, 788716, 411069, 1046322, 1057407, 406176, 140530, 589291, 126775, 37.0, 46.8, 1.00
A, 788716, 411133, 1046226, 1057341, 406207, 140538, 589218, 126743, 37.0, 46.8, 0.99
A, 788703, 411119, 1046126, 1057397, 406229, 140536, 589301, 126787, 37.0, 46.8, 1.00
A, 790898, 411439, 1049265, 1059950, 406588, 140843, 589757, 127099, 37.0, 46.8, 1.01
A, 790771, 411534, 1049101, 1059631, 406635, 140666, 589730, 127011, 37.0, 46.8, 1.00
A, 790344, 411525, 1048504, 1059154, 406636, 140696, 589670, 126944, 37.0, 46.8, 1.00
A, 789986, 411478, 1047992, 1058817, 406562, 140657, 589587, 126883, 37.0, 46.8, 1.01
A, 789955, 411472, 1048114, 1058953, 406537, 140658, 589606, 126898, 37.0, 46.8, 0.99
A, 789704, 411409, 1047790, 1058747, 406428, 140635, 589475, 126887, 37.0, 46.8, 1.00
A, 789815, 411480, 1047843, 1058821, 406482, 140613, 589541, 126880, 37.0, 46.8, 1.00
A, 789695, 411390, 1047686, 1058562, 406457, 140599, 589472, 126827, 37.0, 46.8, 1.00
A, 789410, 411327, 1047171, 1058182, 406328, 140510, 589419, 126828, 37.0, 46.8, 1.01
A, 789152, 411327, 1046755, 1057907, 406315, 140623, 589393, 126768, 37.0, 46.8, 1.00
A, 789409, 411342, 1046979, 1058010, 406365, 140532, 589454, 126788, 37.0, 46.8, 0.99
A, 789273, 411273, 1046783, 1057751, 406306, 140523, 589321, 126762, 37.0, 46.8, 1.00
A, 788975, 411245, 1046406, 1057476, 406284, 140465, 589284, 126788, 37.0, 46.8, 1.00
A, 788782, 411109, 1046238, 1057368, 406239, 140432, 589203, 126737, 37.0, 46.8, 1.01
A, 788620, 411165, 1045924, 1057168, 406223, 140430, 589321, 126692, 37.0, 46.9, 0.99
A, 788561, 411004, 1045790, 1057220, 406151, 140435, 589170, 126697, 37.0, 46.9, 1.00
A, 788389, 411059, 1045480, 1056929, 406224, 140424, 589179, 126718, 37.0, 46.8, 1.01
A, 788268, 410924, 1045318, 1056763, 406081, 140270, 589115, 126635, 37.0, 46.8, 1.00
A, 788487, 410977, 1045553, 1057070, 406129, 140358, 589205, 126740, 37.0, 46.8, 1.00
A, 788479, 410966, 1045549, 1057125, 406082, 140280, 589166, 126705, 37.0, 46.8, 0.99
A, 790349, 411155, 1048187, 1059351, 406480, 140663, 589587, 127014, 37.0, 46.8, 0.99
A, 790399, 411409, 1048259, 1059298, 406576, 140616, 589667, 126965, 37.0, 46.8, 1.01
A, 790122, 411377, 1047568, 1058574, 406448, 140520, 589549, 126837, 37.0, 46.8, 1.01
A, 789727, 411258, 1047065, 1058155, 406319, 140416, 589414, 126773, 37.0, 46.8, 1.00
A, 789430, 411231, 1046913, 1058226, 406357, 140494, 589404, 126800, 37.0, 46.8, 1.00
A, 789457, 411239, 1046921, 1058338, 406327, 140460, 589389, 126795, 37.0, 46.8, 1.00
A, 789372, 411143, 1046656, 1058038, 406324, 140459, 589386, 126803, 37.0, 46.8, 1.00
A, 789618, 411282, 1046930, 1058125, 406337, 140444, 589422, 126843, 37.0, 46.8, 0.99
A, 789505, 411168, 1046887, 1058137, 406311, 140438, 589432, 126793, 37.0, 46.8, 1.00
A, 789142, 411151, 1046398, 1057742, 406283, 140294, 589308, 126711, 37.0, 46.8, 1.00
A, 789242, 411092, 1046592, 1057956, 406287, 140465, 589384, 126738, 37.0, 46.8, 1.00
A, 788978, 411047, 1046298, 1057808, 406266, 140324, 589284, 126757, 37.0, 46.9, 1.01
A, 788850, 411033, 1045984, 1057540, 406156, 140369, 589257, 126771, 37.0, 46.9, 1.01
A, 789132, 411123, 1045982, 1057406, 406239, 140283, 589226, 126642, 37.0, 46.8, 1.00
A, 788967, 411011, 1045971, 1057421, 406241, 140287, 589247, 126668, 37.0, 46.8, 1.00
A, 788527, 410984, 1045386, 1057065, 406224, 140215, 589215, 126662, 37.0, 46.9, 1.00
A, 788589, 410893, 1045322, 1057088, 406086, 140254, 589164, 126644, 37.0, 46.9, 1.00
A, 788726, 410988, 1045768, 1057440, 406135, 140251, 589204, 126700, 37.0, 46.9, 1.00
A, 788959, 410936, 1045872, 1057506, 406200, 140314, 589282, 126748, 37.0, 46.9, 1.00
A, 789075, 410968, 1045844, 1057495, 406169, 140272, 589234, 126607, 37.0, 46.9, 1.00
A, 790789, 411254, 1048436, 1059488, 406492, 140510, 589610, 126920, 37.1, 46.9, 1.00
A, 790055, 411298, 1047496, 1058990, 406478, 140428, 589522, 126870, 37.1, 46.9, 1.00
A, 790097, 411304, 1047470, 1058900, 406451, 140469, 589526, 126839, 37.0, 46.9, 1.00
A, 789790, 411266, 1046952, 1058496, 406430, 140422, 589428, 126857, 37.0, 46.9, 1.00
A, 789932, 411277, 1047288, 1058628, 406392, 140458, 589452, 126889, 37.0, 46.9, 1.00
A, 789758, 411213, 1047043, 1058446, 406413, 140385, 589410, 126762, 37.0, 46.9, 1.00
A, 789389, 411189, 1046660, 1058140, 406328, 140296, 589329, 126730, 37.1, 46.9, 1.00
A, 789425, 411180, 1046609, 1058037, 406261, 140291, 589327, 126713, 37.1, 46.9, 1.00
A, 789324, 411145, 1046420, 1057992, 406298, 140346, 589314, 126745, 37.0, 46.9, 1.00
A, 789232, 411151, 1046418, 1057993, 406240, 140340, 589267, 126767, 37.0, 46.9, 1.00
A, 789125, 411132, 1046224, 1057886, 406283, 140289, 589285, 126757, 37.0, 46.9, 1.00
A, 789247, 411042, 1046347, 1057979, 406314, 140292, 589225, 126693, 37.0, 46.9, 1.00
A, 788953, 411181, 1046033, 1057651, 406203, 140267, 589195, 126723, 37.0, 46.9, 0.99
A, 788885, 411050, 1045605, 1057418, 406183, 140267, 589191, 126690, 37.0, 46.9, 1.00
A, 788861, 410979, 1045663, 1057338, 406227, 140207, 589146, 126614, 37.1, 46.9, 1.00
A, 788679, 410947, 1045297, 1057128, 406116, 140125, 589043, 126603, 37.1, 46.9, 1.00
A, 788430, 410885, 1044695, 1056652, 406062, 140104, 589060, 126486, 37.1, 46.9, 0.99
A, 788296, 410829, 1044792, 1056703, 406017, 140154, 589024, 126555, 37.1, 46.9, 1.00
A, 788475, 410852, 1044988, 1057069, 406029, 140177, 589057, 126656, 37.1, 46.9, 1.00
A, 788540, 410847, 1045055, 1057136, 406049, 140172, 589079, 126634, 37.1, 46.9, 1.00
A, 790589, 411168, 1047927, 1059367, 406516, 140418, 589528, 126872, 37.1, 46.9, 1.01
A, 790309, 411256, 1047491, 1059024, 406490, 140379, 589516, 126843, 37.1, 46.9, 1.00
A, 789819, 411199, 1046959, 1058630, 406444, 140321, 589404, 126734, 37.1, 46.9, 1.01
A, 789395, 411112, 1046507, 1058287, 406289, 140181, 589255, 126703, 37.1, 46.9, 1.01
A, 789592, 411189, 1046582, 1058288, 406304, 140276, 589288, 126696, 37.1, 46.9, 1.00
A, 789453, 411112, 1046292, 1058080, 406265, 140274, 589251, 126708, 37.1, 46.9, 0.99
A, 789397, 411204, 1046189, 1057927, 406273, 140290, 589338, 126679, 37.1, 46.9, 1.00
A, 788920, 411034, 1045336, 1057194, 406136, 140110, 589094, 126559, 37.1, 46.9, 1.00
A, 788937, 410964, 1045715, 1057576, 406171, 140203, 589177, 126593, 37.1, 46.9, 0.99
A, 788840, 410964, 1045424, 1057461, 406094, 140141, 589176, 126596, 37.1, 46.9, 1.01
A, 789019, 411002, 1045552, 1057568, 406131, 140153, 589245, 126596, 37.1, 46.9, 0.99
A, 788845, 410920, 1045354, 1057341, 406085, 140075, 589168, 126594, 37.1, 46.9, 1.00
A, 788795, 410839, 1045357, 1057309, 406070, 140126, 589131, 126636, 37.1, 46.9, 1.00
A, 788562, 410795, 1045083, 1057054, 406140, 140014, 589071, 126548, 37.1, 46.9, 1.00
A, 788623, 410806, 1045058, 1057018, 406064, 140065, 589055, 126592, 37.1, 46.9, 1.00
A, 788378, 410776, 1044697, 1056859, 406125, 140059, 589105, 126576, 37.1, 46.9, 1.00
A, 788286, 410773, 1044543, 1056937, 405980, 140064, 589089, 126572, 37.1, 46.9, 1.00
A, 788309, 410808, 1044421, 1056583, 406036, 140009, 589094, 126533, 37.1, 46.9, 1.00
A, 788302, 410769, 1044353, 1056661, 405976, 140040, 589052, 126471, 37.1, 46.9, 0.99
A, 788400, 410727, 1044739, 1057068, 406037, 140010, 589080, 126588, 37.1, 46.9, 1.01
A, 790290, 411068, 1047465, 1059416, 406402, 140250, 589450, 126917, 37.1, 46.9, 1.00
A, 790313, 411210, 1047267, 1059127, 406483, 140289, 589510, 126815, 37.1, 46.9, 1.00
A, 790309, 411275, 1047381, 1059227, 406488, 140316, 589512, 126841, 37.1, 46.9, 1.00
A, 790017, 411168, 1046813, 1058684, 406364, 140180, 589486, 126719, 37.1, 46.9, 1.01
A, 789657, 411125, 1046325, 1058006, 406284, 140166, 589306, 126668, 37.1, 46.9, 0.99
A, 789505, 411067, 1046224, 1058214, 406286, 140194, 589321, 126667, 37.1, 46.9, 0.99
A, 789240, 411037, 1045957, 1058072, 406227, 140108, 589299, 126645, 37.1, 46.9, 1.00
A, 789267, 411028, 1045913, 1058050, 406262, 140175, 589272, 126606, 37.1, 46.9, 1.00
A, 789314, 411041, 1045950, 1057898, 406188, 140183, 589262, 126654, 37.1, 46.9, 1.00
A, 789442, 411125, 1046223, 1058202, 406290, 140133, 589281, 126646, 37.1, 46.9, 1.00
A, 789114, 411085, 1045892, 1057915, 406206, 140044, 589242, 126653, 37.1, 46.9, 1.00
A, 789267, 411000, 1045844, 1057896, 406256, 140139, 589281, 126667, 37.1, 46.9, 1.00
A, 789098, 411035, 1045743, 1057786, 406261, 140098, 589214, 126624, 37.1, 46.9, 1.00
A, 789106, 411017, 1045461, 1057458, 406142, 140101, 589156, 126551, 37.1, 46.9, 1.00
A, 788637, 410863, 1044725, 1056828, 406088, 140003, 589062, 126505, 37.1, 46.9, 1.01
A, 788388, 410758, 1044587, 1056854, 405974, 139984, 589043, 126489, 37.1, 46.9, 1.00
A, 788157, 410768, 1044385, 1056621, 405997, 139932, 589084, 126518, 37.1, 46.9, 0.99
A, 788150, 410725, 1044169, 1056680, 405924, 139985, 589016, 126535, 37.1, 46.9, 1.01
A, 788039, 410658, 1043893, 1056356, 405953, 139900, 588957, 126395, 37.1, 46.9, 0.99
A, 787914, 410543, 1043861, 1056246, 405898, 139854, 588946, 126440, 37.1, 46.9, 1.00
M, 785982, 410421, 1039906, 1052206, 405615, 139369, 588420, 125697, 37.1, 46.9, 0.05
M, 776530, 408310, 1026355, 1041561, 403025, 138174, 585233, 124259, 37.1, 46.9, 0.60
M, 768646, 405668, 1013978, 1031367, 400423, 136905, 582126, 123058, 37.1, 46.9, 0.74
M, 763282, 403697, 1005606, 1024882, 398677, 136049, 580097, 122264, 37.1, 46.9, 0.80
M, 758044, 401624, 997021, 1018163, 396952, 135154, 578382, 121519, 37.1, 46.9, 0.90
M, 754117, 399892, 989942, 1013106, 395791, 134397, 577456, 120950, 37.1, 47.0, 0.93
M, 751447, 398544, 984633, 1009580, 395066, 133835, 576994, 120513, 37.1, 47.0, 0.95
M, 749348, 397250, 979765, 1006648, 394510, 133202, 576653, 120221, 37.1, 47.1, 0.97
M, 748291, 396206, 975686, 1004529, 394143, 132653, 576608, 119885, 37.1, 47.1, 0.98
M, 747439, 395265, 972056, 1003030, 393956, 132266, 576625, 119711, 37.1, 47.2, 0.98
M, 747347, 394592, 969700, 1002705, 393796, 131958, 576740, 119645, 37.1, 47.2, 1.00
M, 747417, 393879, 967292, 1002240, 393806, 131610, 576852, 119532, 37.1, 47.2, 0.99
M, 747992, 393334, 965931, 1002749, 393834, 131404, 577156, 119523, 37.1, 47.2, 1.00
M, 748711, 392940, 964439, 1003361, 393947, 131263, 577515, 119511, 37.2, 47.2, 1.00
M, 749829, 392495, 963257, 1004058, 394104, 131021, 577910, 119489, 37.2, 47.2, 1.00
M, 750808, 392151, 962303, 1005098, 394229, 130879, 578189, 119465, 37.2, 47.3, 1.01
M, 751849, 391854, 961518, 1006171, 394466, 130733, 578553, 119548, 37.2, 47.3, 1.00
M, 753329, 391723, 960762, 1007684, 394846, 130676, 579094, 119499, 37.2, 47.3, 1.00
M, 754288, 391466, 960660, 1008879, 394950, 130621, 579382, 119603, 37.2, 47.3, 1.00
M, 755912, 391420, 960157, 1010778, 395389, 130536, 579965, 119665, 37.2, 47.3, 1.01
M, 758264, 391496, 961799, 1013491, 395748, 130586, 580547, 119919, 37.2, 47.3, 0.99
M, 759809, 391572, 962101, 1015388, 396210, 130579, 580995, 119946, 37.2, 47.3, 0.98
M, 761091, 391562, 961884, 1016880, 396497, 130626, 581514, 120005, 37.2, 47.3, 0.99
M, 762060, 391602, 961686, 1018163, 396772, 130560, 581888, 120068, 37.2, 47.3, 1.01
M, 763602, 391655, 962023, 1020060, 397134, 130549, 582419, 120104, 37.2, 47.4, 1.00
M, 765068, 391754, 962173, 1021665, 397493, 130617, 582925, 120168, 37.2, 47.4, 0.99
M, 765961, 391827, 961800, 1022891, 397749, 130528, 583185, 120145, 37.2, 47.4, 1.00
M, 767033, 391883, 961743, 1024300, 398041, 130527, 583638, 120199, 37.2, 47.4, 1.00
M, 768407, 392072, 962350, 1025979, 398458, 130539, 584049, 120286, 37.2, 47.4, 1.00
M, 769409, 392256, 962521, 1027486, 398747, 130582, 584505, 120343, 37.2, 47.4, 1.00
M, 770998, 392423, 963213, 1029472, 399135, 130652, 584977, 120518, 37.2, 47.4, 1.00
M, 772226, 392704, 963598, 1030883, 399500, 130644, 585471, 120446, 37.2, 47.4, 1.00
M, 773065, 392878, 963707, 1032331, 399783, 130700, 585854, 120550, 37.2, 47.3, 1.01
M, 774144, 393051, 964136, 1033868, 400055, 130801, 586309, 120655, 37.2, 47.3, 1.00
M, 775124, 393250, 964511, 1035248, 400437, 130769, 586764, 120669, 37.2, 47.4, 1.01
M, 776429, 393496, 964876, 1036654, 400721, 130736, 587107, 120712, 37.2, 47.4, 1.00
M, 776960, 393669, 964858, 1037626, 400978, 130808, 587412, 120700, 37.3, 47.4, 1.00
M, 777637, 393856, 964761, 1038651, 401217, 130739, 587658, 120751, 37.3, 47.4, 1.00
M, 778676, 394159, 965151, 1039947, 401582, 130862, 588186, 120825, 37.3, 47.4, 1.00
M, 779207, 394291, 965311, 1040882, 401710, 130869, 588369, 120787, 37.3, 47.4, 1.00
M, 782675, 395159, 968820, 1045029, 402642, 131224, 589427, 121191, 37.3, 47.4, 0.98
M, 782947, 395368, 968690, 1045430, 402724, 131169, 589576, 121159, 37.3, 47.4, 1.00
M, 783381, 395577, 968711, 1046555, 403035, 131231, 589882, 121250, 37.3, 47.4, 1.00
M, 783956, 395772, 968741, 1047414, 403200, 131258, 590083, 121232, 37.3, 47.4, 1.01
M, 784458, 395947, 968675, 1047940, 403392, 131271, 590343, 121220, 37.3, 47.4, 1.00
M, 785344, 396222, 969430, 1049225, 403631, 131334, 590695, 121323, 37.3, 47.3, 0.99
M, 785779, 396517, 969387, 1050061, 403881, 131316, 590959, 121334, 37.3, 47.3, 1.00
M, 786064, 396603, 969158, 1050477, 404009, 131306, 591156, 121328, 37.3, 47.4, 1.00
M, 786437, 396780, 969365, 1051327, 404188, 131373, 591389, 121364, 37.3, 47.4, 1.00
M, 787152, 397081, 969784, 1052428, 404418, 131365, 591670, 121417, 37.3, 47.4, 1.00
M, 787588, 397287, 969973, 1053175, 404639, 131399, 591983, 121484, 37.3, 47.4, 1.00
M, 788529, 397551, 970528, 1054299, 404816, 131487, 592230, 121537, 37.3, 47.3, 1.00
M, 789044, 397823, 971067, 1055162, 405052, 131579, 592490, 121547, 37.3, 47.3, 1.01
M, 789260, 397966, 970993, 1055714, 405197, 131465, 592649, 121521, 37.3, 47.4, 0.99
M, 789814, 398250, 971303, 1056543, 405409, 131574, 592907, 121592, 37.3, 47.4, 1.01
M, 790322, 398435, 971606, 1057221, 405594, 131562, 593123, 121688, 37.3, 47.3, 1.00
M, 790743, 398589, 971775, 1057950, 405678, 131605, 593368, 121755, 37.3, 47.3, 0.99
M, 790828, 398831, 971143, 1057870, 405816, 131553, 593466, 121656, 37.3, 47.3, 1.00
M, 789994, 398625, 970172, 1057629, 405723, 131500, 593367, 121503, 37.3, 47.3, 1.00
M, 790707, 398959, 970556, 1058490, 406000, 131509, 593700, 121617, 37.3, 47.3, 1.00
M, 792468, 399197, 972997, 1061006, 406318, 131719, 594102, 121872, 37.3, 47.3, 1.00
M, 792803, 399646, 972747, 1061158, 406639, 131745, 594444, 121769, 37.3, 47.3, 0.99
M, 793065, 399719, 972850, 1061547, 406645, 131774, 594564, 121787, 37.3, 47.3, 0.99
M, 793620, 399948, 973438, 1062568, 406843, 131839, 594774, 121885, 37.3, 47.3, 1.00
M, 793987, 400145, 973699, 1063239, 406970, 131845, 594909, 121902, 37.3, 47.3, 1.01
M, 794252, 400277, 973905, 1063766, 407113, 131843, 595065, 121941, 37.3, 47.3, 1.00
M, 794974, 400486, 974734, 1064786, 407360, 131969, 595316, 122048, 37.3, 47.3, 1.00
M, 795414, 400691, 974900, 1065084, 407532, 131968, 595534, 122049, 37.3, 47.3, 1.01
M, 795606, 400834, 975120, 1065597, 407621, 131998, 595714, 122053, 37.3, 47.3, 1.01
M, 795967, 401017, 975569, 1066553, 407788, 132079, 595883, 122078, 37.3, 47.3, 1.00
M, 796207, 401212, 975793, 1066961, 407860, 132077, 596089, 122134, 37.3, 47.3, 0.99
M, 796793, 401418, 976261, 1067505, 408053, 132210, 596317, 122223, 37.3, 47.3, 1.00
M, 797123, 401606, 976591, 1068175, 408203, 132217, 596424, 122241, 37.3, 47.3, 0.99
M, 797490, 401778, 977131, 1068888, 408384, 132226, 596626, 122252, 37.3, 47.3, 1.01
M, 797832, 401938, 977248, 1069158, 408453, 132263, 596744, 122316, 37.3, 47.3, 1.01
M, 798051, 402091, 977698, 1069859, 408560, 132301, 596931, 122373, 37.3, 47.3, 1.01
M, 798258, 402240, 977814, 1070237, 408737, 132340, 596990, 122364, 37.3, 47.3, 0.99
M, 798342, 402371, 977820, 1070423, 408778, 132299, 597120, 122396, 37.3, 47.3, 0.99
M, 799064, 402647, 978508, 1071016, 408984, 132377, 597377, 122443, 37.3, 47.3, 1.00
M, 798924, 402696, 978632, 1071502, 409035, 132440, 597448, 122444, 37.3, 47.3, 1.00
M, 801234, 403245, 981484, 1074250, 409549, 132725, 598132, 122703, 37.3, 47.3, 1.01
M, 801077, 403477, 981434, 1074095, 409549, 132766, 598085, 122713, 37.3, 47.3, 1.00
M, 800588, 403443, 980603, 1073764, 409655, 132675, 598136, 122571, 37.3, 47.3, 1.00
M, 800326, 403444, 980357, 1073455, 409525, 132600, 598080, 122636, 37.3, 47.3, 0.99
M, 800518, 403539, 980738, 1073981, 409691, 132683, 598172, 122588, 37.3, 47.3, 0.99
M, 800554, 403626, 980626, 1074062, 409643, 132620, 598210, 122569, 37.3, 47.3, 0.99
M, 800276, 403652, 980392, 1074091, 409685, 132593, 598276, 122603, 37.3, 47.3, 0.99
M, 800700, 403830, 980982, 1074658, 409833, 132771, 598386, 122690, 37.3, 47.3, 1.00
M, 800990, 403917, 981226, 1074933, 409948, 132698, 598582, 122661, 37.3, 47.3, 1.00
M, 800924, 403966, 981025, 1074865, 409940, 132709, 598586, 122619, 37.4, 47.3, 1.00
M, 800988, 404054, 981442, 1075350, 410014, 132754, 598704, 122682, 37.4, 47.3, 1.00
M, 801188, 404066, 981452, 1075423, 410089, 132800, 598715, 122660, 37.4, 47.3, 1.00
M, 801469, 404099, 981935, 1076018, 410205, 132787, 598929, 122759, 37.4, 47.3, 1.00
M, 801552, 404238, 982152, 1076325, 410246, 132918, 599018, 122782, 37.4, 47.3, 1.00
M, 802101, 404434, 982810, 1076650, 410390, 132967, 599156, 122814, 37.4, 47.3, 1.01
M, 801973, 404454, 982655, 1076767, 410436, 132885, 599227, 122765, 37.4, 47.3, 1.00
M, 802226, 404510, 983073, 1077410, 410553, 132980, 599329, 122872, 37.4, 47.3, 1.01
M, 802238, 404601, 983232, 1077526, 410531, 133022, 599403, 122835, 37.4, 47.3, 0.98
M, 802110, 404628, 983021, 1077204, 410493, 132940, 599394, 122863, 37.4, 47.3, 0.99
M, 802553, 404815, 983598, 1077883, 410690, 133084, 599630, 122911, 37.4, 47.3, 1.01
M, 804197, 405061, 986112, 1080227, 411063, 133177, 600021, 123100, 37.4, 47.3, 0.99
M, 804057, 405379, 985751, 1079870, 411210, 133242, 600078, 123079, 37.4, 47.3, 0.99
M, 803711, 405213, 985592, 1079878, 411087, 133230, 600053, 123065, 37.4, 47.3, 1.00
M, 803322, 405378, 985342, 1079738, 411103, 133220, 600113, 123103, 37.4, 47.3, 0.99
M, 803754, 405367, 985711, 1079989, 411112, 133181, 600054, 123083, 37.4, 47.3, 1.01
M, 803875, 405465, 985900, 1079985, 411190, 133293, 600197, 123094, 37.4, 47.3, 1.00
M, 803766, 405441, 985826, 1079927, 411256, 133286, 600198, 123050, 37.4, 47.3, 1.00
M, 803596, 405530, 985748, 1080178, 411199, 133183, 600274, 123103, 37.4, 47.3, 1.00
M, 804016, 405586, 986243, 1080491, 411362, 133328, 600347, 123124, 37.4, 47.2, 1.00
M, 804038, 405719, 986453, 1080716, 411406, 133370, 600452, 123119, 37.4, 47.2, 0.99
M, 804358, 405774, 987033, 1081249, 411511, 133395, 600587, 123160, 37.4, 47.2, 1.01
M, 804513, 405807, 987250, 1081120, 411567, 133403, 600654, 123161, 37.4, 47.2, 1.01
M, 804447, 405850, 987199, 1081168, 411624, 133405, 600706, 123168, 37.4, 47.2, 1.00
M, 804265, 405879, 987150, 1081361, 411591, 133368, 600656, 123211, 37.4, 47.2, 1.00
M, 804605, 405945, 987701, 1081774, 411675, 133433, 600758, 123274, 37.4, 47.2, 1.00
M, 804713, 406067, 987956, 1081745, 411723, 133466, 600908, 123261, 37.4, 47.2, 1.00
M, 805042, 406100, 988490, 1082342, 411897, 133553, 600979, 123316, 37.4, 47.2, 1.00
M, 804981, 406196, 988537, 1082497, 411894, 133456, 601054, 123287, 37.4, 47.2, 0.99
M, 804982, 406177, 988507, 1082451, 411907, 133543, 601065, 123277, 37.4, 47.2, 1.01
M, 804760, 406131, 988450, 1082333, 411904, 133557, 601112, 123295, 37.4, 47.2, 0.99
M, 807108, 406666, 991743, 1085168, 412409, 133835, 601724, 123713, 37.4, 47.2, 0.99
M, 807004, 406800, 991427, 1084559, 412464, 133840, 601640, 123563, 37.4, 47.2, 0.99
M, 806066, 406725, 990629, 1084012, 412363, 133851, 601537, 123483, 37.4, 47.2, 1.00
M, 805796, 406662, 990527, 1084027, 412223, 133721, 601451, 123470, 37.4, 47.2, 1.00
M, 806088, 406694, 990728, 1084128, 412263, 133824, 601539, 123481, 37.4, 47.2, 1.00
M, 805983, 406748, 990695, 1084035, 412275, 133828, 601543, 123434, 37.4, 47.2, 0.99
M, 805779, 406761, 990672, 1083866, 412292, 133788, 601553, 123425, 37.4, 47.2, 1.00
M, 805622, 406685, 990634, 1083901, 412264, 133811, 601545, 123469, 37.4, 47.2, 1.00
M, 806070, 406818, 991349, 1084205, 412399, 133855, 601686, 123452, 37.4, 47.2, 1.00
M, 805914, 406808, 991325, 1084244, 412442, 133828, 601640, 123579, 37.4, 47.2, 0.99
M, 805655, 406778, 991118, 1084203, 412361, 133900, 601656, 123546, 37.4, 47.2, 1.01
M, 805802, 406806, 991490, 1084460, 412430, 133899, 601807, 123547, 37.4, 47.2, 1.01
M, 805931, 406813, 991617, 1084344, 412478, 133911, 601815, 123515, 37.4, 47.2, 1.00
M, 805878, 406772, 991562, 1084249, 412454, 133888, 601821, 123506, 37.4, 47.2, 1.01
M, 805939, 406783, 991946, 1084673, 412479, 133817, 601851, 123512, 37.4, 47.2, 1.00
M, 806017, 406905, 992001, 1084646, 412509, 133906, 601916, 123536, 37.4, 47.2, 0.99
M, 806157, 406925, 992544, 1085075, 412632, 133975, 601981, 123655, 37.4, 47.2, 1.00
M, 806325, 406920, 992711, 1085164, 412666, 133984, 602037, 123677, 37.4, 47.2, 0.99
M, 806522, 407007, 992973, 1085052, 412713, 133996, 602125, 123686, 37.4, 47.2, 1.00
M, 806350, 407028, 992978, 1085107, 412720, 134058, 602130, 123641, 37.4, 47.2, 0.99
M, 807990, 407297, 995450, 1087521, 413058, 134348, 602492, 123946, 37.4, 47.2, 1.01
M, 807789, 407505, 995126, 1086963, 413178, 134243, 602642, 123891, 37.4, 47.2, 0.99
M, 807565, 407438, 994997, 1086721, 413086, 134286, 602498, 123861, 37.4, 47.2, 1.00
M, 807184, 407563, 994779, 1086516, 413068, 134202, 602564, 123817, 37.4, 47.2, 0.99
M, 806912, 407346, 994647, 1086252, 412958, 134158, 602479, 123773, 37.4, 47.2, 1.01
M, 806941, 407370, 994775, 1086294, 413029, 134265, 602478, 123801, 37.4, 47.2, 1.00
M, 806866, 407321, 994843, 1086371, 412982, 134245, 602463, 123793, 37.4, 47.2, 1.00
M, 806758, 407345, 994738, 1086270, 412972, 134303, 602533, 123851, 37.4, 47.2, 1.00
M, 806981, 407449, 995268, 1086615, 413022, 134326, 602610, 123925, 37.4, 47.2, 1.01
M, 807099, 407461, 995604, 1086663, 413101, 134316, 602602, 123838, 37.4, 47.2, 1.00
M, 806990, 407461, 995537, 1086528, 413072, 134304, 602617, 123872, 37.4, 47.2, 1.01
M, 807133, 407475, 995709, 1086796, 413173, 134408, 602721, 123944, 37.4, 47.2, 1.00
M, 807119, 407458, 995805, 1086810, 413167, 134408, 602719, 123850, 37.4, 47.2, 1.02
M, 807432, 407590, 996234, 1086907, 413236, 134402, 602814, 123918, 37.4, 47.2, 1.00
M, 807070, 407452, 996007, 1086675, 413198, 134440, 602760, 123909, 37.4, 47.2, 1.01
M, 806912, 407491, 996069, 1086582, 413165, 134361, 602761, 123867, 37.4, 47.2, 0.99
M, 807172, 407519, 996407, 1086971, 413199, 134426, 602842, 123932, 37.4, 47.2, 1.00
M, 807076, 407551, 996451, 1087096, 413171, 134489, 602804, 123968, 37.4, 47.2, 1.01
M, 807255, 407601, 996927, 1087345, 413236, 134529, 602855, 123990, 37.4, 47.2, 1.01
M, 807478, 407639, 997137, 1087212, 413344, 134517, 602986, 124040, 37.4, 47.2, 0.99
M, 809147, 407849, 999567, 1089384, 413679, 134743, 603351, 124257, 37.4, 47.2, 0.99
M, 809035, 408069, 999652, 1089387, 413701, 134682, 603405, 124209, 37.4, 47.2, 1.00
M, 808448, 408072, 998974, 1088540, 413656, 134665, 603302, 124111, 37.4, 47.2, 1.01
M, 808134, 407995, 998800, 1088424, 413540, 134619, 603221, 124157, 37.4, 47.2, 1.00
M, 807904, 408020, 998429, 1087899, 413599, 134663, 603180, 124083, 37.4, 47.2, 1.00
M, 807702, 407801, 998370, 1087551, 413455, 134556, 603123, 124046, 37.4, 47.2, 1.00
M, 807744, 407846, 998644, 1087968, 413485, 134647, 603175, 124065, 37.4, 47.2, 0.99
M, 807729, 407831, 998739, 1088075, 413534, 134686, 603281, 124118, 37.4, 47.2, 1.00
M, 807640, 407939, 998495, 1087656, 413555, 134600, 603200, 124047, 37.4, 47.2, 1.00
M, 807460, 407852, 998587, 1087662, 413466, 134698, 603172, 124092, 37.4, 47.2, 1.00
M, 807490, 407848, 998936, 1087754, 413550, 134701, 603223, 124187, 37.4, 47.2, 1.01
M, 807493, 407753, 998992, 1087673, 413567, 134643, 603242, 124128, 37.4, 47.2, 0.99
M, 807685, 407856, 999344, 1088050, 413563, 134728, 603302, 124152, 37.4, 47.2, 1.00
M, 807656, 407855, 999392, 1087995, 413533, 134749, 603298, 124193, 37.4, 47.2, 0.99
M, 807834, 407912, 999919, 1088385, 413624, 134813, 603342, 124259, 37.4, 47.2, 1.00
M, 807899, 407998, 1000166, 1088573, 413653, 134753, 603411, 124249, 37.4, 47.2, 1.00
M, 808460, 408061, 1000925, 1088942, 413768, 134887, 603534, 124295, 37.4, 47.2, 1.00
M, 808246, 408003, 1000762, 1088789, 413817, 134862, 603601, 124246, 37.4, 47.2, 0.99
M, 808340, 408022, 1000918, 1088948, 413743, 134887, 603599, 124309, 37.4, 47.2, 0.99
M, 808423, 408157, 1001160, 1088936, 413840, 134918, 603604, 124282, 37.4, 47.1, 0.99
M, 810152, 408306, 1003774, 1091174, 414111, 135134, 603983, 124598, 37.4, 47.1, 0.99
M, 810036, 408567, 1003786, 1090891, 414297, 135095, 604108, 124537, 37.4, 47.2, 1.01
M, 809331, 408477, 1003081, 1090119, 414053, 135101, 603927, 124399, 37.4, 47.2, 1.00
M, 808849, 408472, 1002573, 1089689, 414075, 135088, 603869, 124404, 37.4, 47.1, 1.01
M, 808376, 408264, 1002044, 1089213, 413913, 135019, 603701, 124365, 37.4, 47.1, 1.00
M, 808005, 408328, 1001743, 1088670, 413889, 134976, 603695, 124329, 37.4, 47.2, 0.99
M, 807866, 408154, 1001558, 1088413, 413808, 134975, 603655, 124288, 37.4, 47.2, 0.99
M, 807868, 408159, 1001960, 1088712, 413851, 134977, 603610, 124336, 37.4, 47.2, 1.00
M, 807834, 408135, 1002010, 1088652, 413845, 134967, 603631, 124324, 37.4, 47.1, 1.00
M, 807927, 408103, 1002117, 1088583, 413777, 134981, 603701, 124355, 37.4, 47.1, 0.99
M, 808000, 408074, 1002334, 1088817, 413810, 135024, 603685, 124381, 37.4, 47.1, 0.99
M, 808067, 408149, 1002351, 1088610, 413915, 135033, 603774, 124345, 37.4, 47.1, 0.99
M, 807994, 408120, 1002328, 1088359, 413861, 135035, 603735, 124353, 37.5, 47.1, 1.00
M, 808080, 408050, 1002846, 1089019, 413888, 135074, 603777, 124408, 37.5, 47.1, 1.01
M, 807998, 408101, 1003009, 1089099, 413890, 135043, 603792, 124385, 37.5, 47.2, 1.01
M, 808388, 408143, 1003293, 1089214, 413986, 135117, 603894, 124438, 37.5, 47.2, 0.99
M, 808342, 408177, 1003532, 1089240, 413983, 135098, 603897, 124515, 37.5, 47.1, 1.00
M, 808460, 408215, 1003749, 1089281, 413975, 135158, 603897, 124464, 37.5, 47.1, 1.00
M, 808205, 408145, 1003530, 1089079, 413995, 135049, 603902, 124460, 37.4, 47.1, 0.99
M, 808488, 408190, 1004046, 1089584, 414059, 135156, 603985, 124459, 37.4, 47.1, 1.00
M, 810165, 408515, 1006694, 1091803, 414324, 135435, 604383, 124807, 37.5, 47.1, 0.99
M, 810382, 408661, 1006878, 1091721, 414539, 135475, 604533, 124777, 37.5, 47.1, 1.00
M, 810122, 408794, 1006503, 1091139, 414459, 135416, 604459, 124694, 37.5, 47.1, 0.99
M, 809685, 408615, 1006284, 1090845, 414389, 135397, 604305, 124631, 37.5, 47.1, 0.99
M, 809150, 408701, 1005707, 1090289, 414378, 135297, 604241, 124608, 37.5, 47.1, 0.99
M, 809006, 408568, 1005530, 1090185, 414232, 135376, 604193, 124599, 37.5, 47.1, 1.00
M, 809032, 408574, 1006003, 1090433, 414282, 135373, 604146, 124632, 37.5, 47.1, 1.01
M, 809134, 408556, 1006129, 1090487, 414313, 135401, 604223, 124620, 37.5, 47.1, 0.99
M, 809196, 408589, 1006232, 1090169, 414328, 135443, 604273, 124577, 37.5, 47.1, 0.99
M, 808938, 408507, 1006011, 1089893, 414284, 135410, 604193, 124614, 37.5, 47.1, 1.01
M, 808655, 408434, 1005999, 1089970, 414187, 135395, 604136, 124600, 37.5, 47.1, 1.01
M, 808913, 408576, 1006412, 1090283, 414256, 135438, 604270, 124666, 37.5, 47.1, 1.00
M, 808785, 408462, 1006332, 1089978, 414244, 135457, 604255, 124662, 37.5, 47.1, 1.01
M, 809075, 408538, 1006908, 1090423, 414275, 135482, 604301, 124740, 37.5, 47.1, 1.00
M, 809149, 408535, 1007207, 1090410, 414325, 135485, 604333, 124685, 37.5, 47.1, 1.00
M, 808938, 408591, 1006914, 1090126, 414257, 135416, 604319, 124726, 37.5, 47.1, 0.99
M, 809107, 408559, 1007304, 1090524, 414341, 135540, 604408, 124727, 37.5, 47.1, 0.99
M, 809042, 408579, 1007444, 1090395, 414327, 135522, 604414, 124658, 37.5, 47.1, 1.00
M, 809102, 408647, 1007712, 1090568, 414382, 135568, 604397, 124781, 37.5, 47.1, 1.00
M, 809137, 408678, 1007863, 1090712, 414372, 135534, 604432, 124780, 37.5, 47.1, 1.00
M, 811469, 408943, 1011158, 1093259, 414761, 135863, 604966, 125074, 37.5, 47.1, 0.99
M, 810844, 409047, 1010442, 1092605, 414786, 135812, 604905, 124975, 37.5, 47.1, 1.01
M, 810732, 409015, 1010335, 1092358, 414796, 135794, 604848, 124990, 37.5, 47.1, 0.99
M, 810019, 409053, 1009738, 1091568, 414661, 135721, 604722, 124899, 37.5, 47.1, 0.99
M, 809711, 408939, 1009297, 1091183, 414543, 135699, 604590, 124836, 37.5, 47.1, 1.00
M, 809088, 408858, 1008642, 1090364, 414431, 135644, 604493, 124722, 37.5, 47.1, 1.01
M, 809057, 408696, 1008752, 1090402, 414343, 135617, 604429, 124768, 37.5, 47.1, 0.99
M, 809027, 408725, 1008865, 1090551, 414383, 135661, 604454, 124792, 37.5, 47.1, 1.00
M, 809008, 408781, 1009107, 1090628, 414363, 135734, 604468, 124861, 37.5, 47.1, 1.00
M, 809065, 408620, 1009134, 1090338, 414363, 135677, 604446, 124783, 37.5, 47.1, 1.01
M, 808804, 408574, 1008974, 1090181, 414319, 135631, 604447, 124819, 37.5, 47.1, 1.00
M, 809130, 408729, 1009701, 1090706, 414405, 135711, 604545, 124780, 37.5, 47.1, 1.01
M, 808674, 408643, 1009231, 1090221, 414395, 135649, 604427, 124856, 37.5, 47.1, 0.99
M, 808999, 408625, 1009641, 1090428, 414351, 135733, 604512, 124871, 37.5, 47.1, 1.00
M, 809015, 408613, 1009796, 1090527, 414381, 135758, 604539, 124922, 37.5, 47.1, 0.99
M, 809301, 408727, 1010087, 1090607, 414490, 135793, 604627, 124899, 37.5, 47.1, 1.00
M, 809053, 408704, 1009751, 1090080, 414408, 135752, 604541, 124744, 37.5, 47.1, 0.99
M, 809018, 408573, 1010138, 1090607, 414409, 135830, 604570, 124900, 37.5, 47.1, 1.00
M, 808958, 408687, 1010236, 1090551, 414434, 135846, 604590, 124926, 37.5, 47.1, 1.01
M, 809139, 408694, 1010527, 1090707, 414472, 135873, 604631, 124941, 37.5, 47.1, 1.01
